dataset,source,row,y,pred_lopo_rf300,resid_lopo,resid_oof_gkf10
DES_RHO,10.1002/aic.18095,55,1.685,1.7051389515455393,-0.02013895154553924,-0.02013895154553924
DES_RHO,10.1002/aic.18095,58,1.677,1.67846412287782,-0.001464122877820051,-0.001464122877820273
DES_RHO,10.1002/aic.18095,71,1.639,1.648746303447251,-0.009746303447250915,-0.009746303447250915
DES_RHO,10.1002/aic.18095,73,1.632,1.6609893998118161,-0.028989399811816252,-0.028989399811816252
DES_RHO,10.1002/aic.18095,74,1.632,1.6839284746998888,-0.05192847469988893,-0.051928474699888705
DES_RHO,10.1002/aic.18095,78,1.628,1.6812891453348093,-0.05328914533480944,-0.05328914533480944
DES_RHO,10.1002/aic.18095,80,1.624,1.6778651591728229,-0.05386515917282275,-0.05386515917282275
DES_RHO,10.1002/aic.18095,83,1.613,1.6710520882530018,-0.05805208825300179,-0.05805208825300201
DES_RHO,10.1002/aic.18095,86,1.603,1.6590184897681537,-0.05601848976815371,-0.05601848976815349
DES_RHO,10.1002/aic.18095,88,1.596,1.6514571564348213,-0.055457156434821187,-0.055457156434820964
DES_RHO,10.1002/aic.18095,91,1.587,1.6440921359830516,-0.05709213598305163,-0.05709213598305163
DES_RHO,10.1002/aic.18095,96,1.577,1.6428670354539512,-0.06586703545395123,-0.06586703545395123
DES_RHO,10.1002/aic.18095,101,1.566,1.6427457576761735,-0.07674575767617342,-0.07674575767617342
DES_RHO,10.1002/aic.18095,145,1.4712,1.2640458003832455,0.20715419961675452,0.20715419961675452
DES_RHO,10.1002/aic.18095,149,1.4667,1.1647113052683422,0.3019886947316577,0.3019886947316577
DES_RHO,10.1002/aic.18095,152,1.4662,1.2648382948276902,0.20136170517230978,0.20136170517230978
DES_RHO,10.1002/aic.18095,157,1.4612,1.2650486646042094,0.19615133539579066,0.19615133539579066
DES_RHO,10.1002/aic.18095,159,1.46,1.1885970318975152,0.27140296810248477,0.271402968102485
DES_RHO,10.1002/aic.18095,166,1.4563,1.2660882423440627,0.19021175765593723,0.19021175765593723
DES_RHO,10.1002/aic.18095,170,1.4516,1.263652723795944,0.18794727620405594,0.18794727620405594
DES_RHO,10.1002/aic.18095,172,1.45,1.1879874261588093,0.2620125738411907,0.2620125738411907
DES_RHO,10.1002/aic.18095,177,1.447,1.263074615214711,0.18392538478528908,0.18392538478528908
DES_RHO,10.1002/aic.18095,182,1.4424,1.260398095928759,0.18200190407124084,0.18200190407124128
DES_RHO,10.1002/aic.18095,185,1.4378,1.2592471708686344,0.1785528291313656,0.1785528291313656
DES_RHO,10.1002/aic.18095,192,1.4332,1.257046216275079,0.17615378372492096,0.17615378372492096
DES_RHO,10.1002/aic.18095,193,1.43,1.2389385088521132,0.19106149114788673,0.19106149114788673
DES_RHO,10.1002/aic.18095,196,1.4287,1.256837960851799,0.17186203914820108,0.17186203914820108
DES_RHO,10.1002/aic.18095,202,1.424,1.2562050813275318,0.1677949186724681,0.1677949186724681
DES_RHO,10.1002/aic.18095,211,1.415,1.2072600926523684,0.2077399073476316,0.2077399073476316
DES_RHO,10.1002/aic.18095,217,1.411,1.2097178991458746,0.20128210085412546,0.20128210085412546
DES_RHO,10.1002/aic.18095,222,1.408,1.2082304469452978,0.19976955305470212,0.19976955305470212
DES_RHO,10.1002/aic.18095,227,1.404,1.2066364933738687,0.19736350662613122,0.19736350662613122
DES_RHO,10.1002/aic.18095,232,1.4,1.2054729126199009,0.19452708738009905,0.19452708738009905
DES_RHO,10.1002/aic.18095,236,1.397,1.2052774046833932,0.19172259531660685,0.19172259531660685
DES_RHO,10.1002/aic.18095,238,1.3947,1.2234010174233994,0.1712989825766007,0.17129898257660092
DES_RHO,10.1002/aic.18095,240,1.393,1.2064674308738692,0.1865325691261308,0.1865325691261308
DES_RHO,10.1002/aic.18095,246,1.39,1.3235112990706694,0.06648870092933046,0.06648870092933046
DES_RHO,10.1002/aic.18095,247,1.39,1.2058165581021971,0.18418344189780278,0.18418344189780278
DES_RHO,10.1002/aic.18095,251,1.386,1.205524624768864,0.18047537523113588,0.18047537523113588
DES_RHO,10.1002/aic.18095,253,1.3837,1.2271599134551452,0.15654008654485474,0.15654008654485474
DES_RHO,10.1002/aic.18095,254,1.3837,1.2271599134551452,0.15654008654485474,0.15654008654485474
DES_RHO,10.1002/aic.18095,258,1.382,1.204022017600405,0.17797798239959484,0.17797798239959484
DES_RHO,10.1002/aic.18095,264,1.378,1.2038881620448494,0.1741118379551505,0.1741118379551505
DES_RHO,10.1002/aic.18095,267,1.375,1.2036380620448492,0.17136193795515076,0.17136193795515076
DES_RHO,10.1002/aic.18095,269,1.3727,1.2269965745662565,0.14570342543374348,0.14570342543374326
DES_RHO,10.1002/aic.18095,270,1.3725,1.2269965745662565,0.1455034254337435,0.14550342543374328
DES_RHO,10.1002/aic.18095,276,1.369,1.2037477842670716,0.16525221573292836,0.16525221573292836
DES_RHO,10.1002/aic.18095,280,1.365,1.2037477842670716,0.16125221573292836,0.16125221573292836
DES_RHO,10.1002/aic.18095,286,1.3616,1.2264370509287834,0.1351629490712165,0.1351629490712165
DES_RHO,10.1002/aic.18095,288,1.3612,1.2263924398176722,0.13480756018232776,0.13480756018232776
DES_RHO,10.1002/aic.18095,302,1.3511,1.2240120668017982,0.12708793319820177,0.12708793319820155
DES_RHO,10.1002/aic.18095,304,1.3504,1.2240120668017982,0.12638793319820185,0.12638793319820163
DES_RHO,10.1002/aic.18095,314,1.342,1.2673263560052999,0.07467364399470022,0.07467364399470022
DES_RHO,10.1002/aic.18095,318,1.3399,1.2222406335850158,0.11765936641498431,0.11765936641498431
DES_RHO,10.1002/aic.18095,320,1.3393,1.2220991653310473,0.11720083466895259,0.11720083466895259
DES_RHO,10.1002/aic.18095,330,1.3287,1.221057001248833,0.1076429987511669,0.10764299875116667
DES_RHO,10.1002/aic.18095,332,1.3282,1.221057001248833,0.10714299875116695,0.10714299875116673
DES_RHO,10.1002/aic.18095,341,1.3206,1.336715233928566,-0.016115233928565953,-0.016115233928565953
DES_RHO,10.1002/aic.18095,343,1.3194,1.2671608445434008,0.05223915545659907,0.05223915545659907
DES_RHO,10.1002/aic.18095,345,1.3174,1.221057001248833,0.09634299875116681,0.09634299875116659
DES_RHO,10.1002/aic.18095,347,1.3159,1.3371273567773547,-0.021227356777354656,-0.021227356777354656
DES_RHO,10.1002/aic.18095,348,1.3153,1.2671608445434008,0.04813915545659908,0.04813915545659908
DES_RHO,10.1002/aic.18095,353,1.3113,1.337405470269418,-0.02610547026941812,-0.026105470269418563
DES_RHO,10.1002/aic.18095,355,1.3112,1.2665751112100678,0.04462488878993209,0.04462488878993209
DES_RHO,10.1002/aic.18095,363,1.3085,1.1770197654430066,0.13148023455699342,0.13148023455699365
DES_RHO,10.1002/aic.18095,368,1.3072,1.2663769889878453,0.040823011012154575,0.040823011012154575
DES_RHO,10.1002/aic.18095,370,1.3071,1.1819617882646305,0.12513821173536943,0.12513821173536943
DES_RHO,10.1002/aic.18095,373,1.3064,1.1816607778523631,0.12473922214763689,0.12473922214763689
DES_RHO,10.1002/aic.18095,374,1.3055,1.3385612352305798,-0.03306123523057969,-0.03306123523057969
DES_RHO,10.1002/aic.18095,378,1.3032,1.265977697718004,0.03722230228199597,0.03722230228199597
DES_RHO,10.1002/aic.18095,381,1.303,1.1770525532195881,0.1259474467804118,0.12594744678041203
DES_RHO,10.1002/aic.18095,386,1.302,1.1740134129036484,0.1279865870963517,0.1279865870963517
DES_RHO,10.1002/aic.18095,389,1.301,1.2587116346062421,0.0422883653937578,0.0422883653937578
DES_RHO,10.1002/aic.18095,390,1.3009,1.3388607217385164,-0.0379607217385165,-0.0379607217385165
DES_RHO,10.1002/aic.18095,395,1.3,1.3074772144771452,-0.007477214477145111,-0.007477214477145111
DES_RHO,10.1002/aic.18095,396,1.2994,1.1750854930986847,0.1243145069013154,0.1243145069013154
DES_RHO,10.1002/aic.18095,398,1.2992,1.2665392254957812,0.03266077450421867,0.03266077450421867
DES_RHO,10.1002/aic.18095,400,1.299,1.1751533620820218,0.12384663791797812,0.12384663791797812
DES_RHO,10.1002/aic.18095,402,1.2983,1.18046363767301,0.11783636232699002,0.11783636232699024
DES_RHO,10.1002/aic.18095,405,1.2982,1.1805307118526818,0.11766928814731825,0.11766928814731803
DES_RHO,10.1002/aic.18095,409,1.298,1.1803527353155028,0.11764726468449727,0.11764726468449727
DES_RHO,10.1002/aic.18095,410,1.298,1.2822591274924207,0.015740872507579384,0.015740872507579384
DES_RHO,10.1002/aic.18095,412,1.298,1.2581657211141783,0.039834278885821695,0.039834278885821695
DES_RHO,10.1002/aic.18095,414,1.2976,1.1803527353155028,0.11724726468449731,0.11724726468449731
DES_RHO,10.1002/aic.18095,416,1.2963,1.3392286328496275,-0.042928632849627446,-0.04292863284962789
DES_RHO,10.1002/aic.18095,419,1.2955,1.1705470741470352,0.12495292585296491,0.12495292585296491
DES_RHO,10.1002/aic.18095,422,1.2952,1.1732736626819935,0.1219263373180064,0.1219263373180064
DES_RHO,10.1002/aic.18095,425,1.2945,1.175988475497543,0.11851152450245706,0.11851152450245728
DES_RHO,10.1002/aic.18095,427,1.294,1.2577119766697344,0.036288023330265595,0.03628802333026537
DES_RHO,10.1002/aic.18095,429,1.293,1.1905819641267563,0.1024180358732436,0.1024180358732436
DES_RHO,10.1002/aic.18095,430,1.2928,1.2900240990051663,0.002775900994833602,0.002775900994833602
DES_RHO,10.1002/aic.18095,433,1.292,1.170179050143657,0.12182094985634295,0.12182094985634295
DES_RHO,10.1002/aic.18095,435,1.2918,1.1763003613241276,0.11549963867587243,0.11549963867587243
DES_RHO,10.1002/aic.18095,437,1.2917,1.1756780791545933,0.11602192084540675,0.11602192084540675
DES_RHO,10.1002/aic.18095,438,1.2916,1.3382636288813738,-0.046663628881373764,-0.046663628881373764
DES_RHO,10.1002/aic.18095,439,1.2916,1.1700921462396854,0.1215078537603147,0.1215078537603147
DES_RHO,10.1002/aic.18095,443,1.291,1.2558913672369654,0.03510863276303455,0.03510863276303455
DES_RHO,10.1002/aic.18095,447,1.2906,1.17435147801077,0.11624852198922997,0.11624852198922997
DES_RHO,10.1002/aic.18095,452,1.2899,1.1840925185195605,0.1058074814804395,0.10580748148043972
DES_RHO,10.1002/aic.18095,455,1.2893,1.1817147742600689,0.10758522573993101,0.10758522573993101
DES_RHO,10.1002/aic.18095,457,1.289,1.166378650159891,0.12262134984010897,0.12262134984010897
DES_RHO,10.1002/aic.18095,459,1.2889,1.1817147742600689,0.10718522573993106,0.10718522573993106
DES_RHO,10.1002/aic.18095,461,1.2886,1.1679654080852528,0.12063459191474712,0.12063459191474735
DES_RHO,10.1002/aic.18095,463,1.288,1.2551998953033439,0.032800104696656174,0.032800104696656174
DES_RHO,10.1002/aic.18095,464,1.2876,1.2914182489034163,-0.0038182489034161993,-0.0038182489034159772
DES_RHO,10.1002/aic.18095,467,1.287,1.336984767770262,-0.04998476777026206,-0.04998476777026206
DES_RHO,10.1002/aic.18095,469,1.287,1.1727009881345514,0.11429901186544855,0.11429901186544833
DES_RHO,10.1002/aic.18095,472,1.287,1.1736521016449244,0.11334789835507553,0.11334789835507553
DES_RHO,10.1002/aic.18095,476,1.2863,1.1451526288508302,0.14114737114916975,0.14114737114916953
DES_RHO,10.1002/aic.18095,478,1.2855,1.1779254866643312,0.10757451333566892,0.10757451333566892
DES_RHO,10.1002/aic.18095,480,1.2854,1.173151677329419,0.11224832267058105,0.11224832267058105
DES_RHO,10.1002/aic.18095,482,1.2851,1.1659332995785843,0.11916670042141564,0.11916670042141564
DES_RHO,10.1002/aic.18095,484,1.2851,1.1725576201598846,0.11254237984011528,0.11254237984011528
DES_RHO,10.1002/aic.18095,486,1.285,1.2525585607539325,0.03244143924606746,0.03244143924606768
DES_RHO,10.1002/aic.18095,487,1.2848,1.2582940535267997,0.02650594647320026,0.02650594647320026
DES_RHO,10.1002/aic.18095,488,1.2848,1.16555100771165,0.11924899228834995,0.11924899228834973
DES_RHO,10.1002/aic.18095,492,1.2836,1.1696298164692305,0.1139701835307696,0.11397018353076938
DES_RHO,10.1002/aic.18095,494,1.283,1.1771047177980596,0.10589528220194033,0.10589528220194033
DES_RHO,10.1002/aic.18095,496,1.283,1.1752236450820426,0.10777635491795734,0.10777635491795734
DES_RHO,10.1002/aic.18095,499,1.2824,1.3365070983258178,-0.05410709832581784,-0.05410709832581784
DES_RHO,10.1002/aic.18095,501,1.2824,1.1466752415612678,0.13572475843873222,0.13572475843873222
DES_RHO,10.1002/aic.18095,502,1.2823,1.2912526969553644,-0.008952696955364381,-0.008952696955364381
DES_RHO,10.1002/aic.18095,504,1.2823,1.162038306432242,0.12026169356775807,0.12026169356775807
DES_RHO,10.1002/aic.18095,506,1.282,1.2521938750396466,0.029806124960353397,0.029806124960353397
DES_RHO,10.1002/aic.18095,510,1.2817,1.1763273328283523,0.10537266717164773,0.10537266717164773
DES_RHO,10.1002/aic.18095,511,1.2817,1.163256287992023,0.1184437120079771,0.11844371200797732
DES_RHO,10.1002/aic.18095,513,1.2809,1.167366028043305,0.11353397195669501,0.11353397195669501
DES_RHO,10.1002/aic.18095,517,1.2796,1.245614078597861,0.03398592140213896,0.03398592140213963
DES_RHO,10.1002/aic.18095,521,1.279,1.1732551395264867,0.10574486047351317,0.10574486047351317
DES_RHO,10.1002/aic.18095,523,1.2788,1.1689534239771957,0.10984657602280423,0.10984657602280423
DES_RHO,10.1002/aic.18095,525,1.2786,1.1465479297909025,0.13205207020909748,0.13205207020909748
DES_RHO,10.1002/aic.18095,527,1.2786,1.1673972306045324,0.11120276939546758,0.11120276939546758
DES_RHO,10.1002/aic.18095,530,1.2782,1.1627912435475787,0.11540875645242132,0.1154087564524211
DES_RHO,10.1002/aic.18095,531,1.2781,1.1627728754901678,0.11532712450983218,0.11532712450983196
DES_RHO,10.1002/aic.18095,532,1.278,1.1767747665265487,0.10122523347345136,0.10122523347345136
DES_RHO,10.1002/aic.18095,534,1.278,1.1746190929521334,0.10338090704786662,0.1033809070478664
DES_RHO,10.1002/aic.18095,536,1.278,1.251040186150758,0.026959813849241954,0.026959813849241954
DES_RHO,10.1002/aic.18095,539,1.2772,1.1611804308335456,0.11601956916645428,0.11601956916645406
DES_RHO,10.1002/aic.18095,541,1.2767,1.2891900952237625,-0.012490095223762543,-0.012490095223762543
DES_RHO,10.1002/aic.18095,542,1.2766,1.3362022927702621,-0.05960229277026219,-0.05960229277026219
DES_RHO,10.1002/aic.18095,544,1.2766,1.1659035417588586,0.11069645824114138,0.11069645824114116
DES_RHO,10.1002/aic.18095,545,1.2764,1.2551770077317694,0.021222992268230545,0.021222992268230545
DES_RHO,10.1002/aic.18095,547,1.276,1.1728560923042646,0.10314390769573545,0.10314390769573545
DES_RHO,10.1002/aic.18095,549,1.2759,1.1722375047052938,0.10366249529470628,0.10366249529470606
DES_RHO,10.1002/aic.18095,552,1.2757,1.15962350141546,0.11607649858454017,0.11607649858454017
DES_RHO,10.1002/aic.18095,553,1.2754,1.1814773846106694,0.09392261538933067,0.09392261538933067
DES_RHO,10.1002/aic.18095,556,1.275,1.2511235083729806,0.023876491627019325,0.023876491627019547
DES_RHO,10.1002/aic.18095,558,1.2749,1.163070133178781,0.11182986682121898,0.11182986682121898
DES_RHO,10.1002/aic.18095,560,1.2748,1.1439123605388586,0.13088763946114135,0.13088763946114135
DES_RHO,10.1002/aic.18095,562,1.2745,1.171773551445543,0.102726448554457,0.10272644855445678
DES_RHO,10.1002/aic.18095,564,1.274,1.230421761257794,0.04357823874220612,0.04357823874220612
DES_RHO,10.1002/aic.18095,566,1.2736,1.1617773830823501,0.11182261691764994,0.11182261691764994
DES_RHO,10.1002/aic.18095,568,1.2735,1.254837868333659,0.01866213166634112,0.01866213166634112
DES_RHO,10.1002/aic.18095,570,1.2734,1.1600789419446569,0.1133210580553432,0.1133210580553432
DES_RHO,10.1002/aic.18095,573,1.273,1.1711650110873326,0.10183498891266729,0.10183498891266729
DES_RHO,10.1002/aic.18095,577,1.2725,1.1646404032654198,0.10785959673458012,0.10785959673458012
DES_RHO,10.1002/aic.18095,578,1.272,1.3360820705480398,-0.06408207054803983,-0.06408207054803983
DES_RHO,10.1002/aic.18095,580,1.272,1.1630765098927567,0.10892349010724334,0.10892349010724334
DES_RHO,10.1002/aic.18095,582,1.2715,1.1623275769618495,0.10917242303815056,0.10917242303815033
DES_RHO,10.1002/aic.18095,583,1.2715,1.2874556667784163,-0.0159556667784162,-0.0159556667784162
DES_RHO,10.1002/aic.18095,584,1.2713,1.1623728406484353,0.10892715935156483,0.10892715935156483
DES_RHO,10.1002/aic.18095,587,1.271,1.1694363066704112,0.1015636933295887,0.1015636933295887
DES_RHO,10.1002/aic.18095,589,1.271,1.1422769292211197,0.12872307077888023,0.12872307077888023
DES_RHO,10.1002/aic.18095,591,1.271,1.2511235083729806,0.01987649162701932,0.019876491627019544
DES_RHO,10.1002/aic.18095,600,1.27,1.260382073634152,0.009617926365848017,0.009617926365847795
DES_RHO,10.1002/aic.18095,601,1.27,1.225896505960887,0.044103494039112956,0.044103494039112956
DES_RHO,10.1002/aic.18095,602,1.27,1.260382073634152,0.009617926365848017,0.009617926365847795
DES_RHO,10.1002/aic.18095,603,1.27,1.2151995579394403,0.05480044206055967,0.05480044206055967
DES_RHO,10.1002/aic.18095,606,1.2696,1.1620551332960254,0.10754486670397467,0.10754486670397467
DES_RHO,10.1002/aic.18095,608,1.2695,1.1583702160187308,0.11112978398126927,0.11112978398126927
DES_RHO,10.1002/aic.18095,609,1.2695,1.1816124201758453,0.08788757982415474,0.08788757982415518
DES_RHO,10.1002/aic.18095,611,1.269,1.1707338444206665,0.09826615557933338,0.09826615557933338
DES_RHO,10.1002/aic.18095,613,1.269,1.1587164459320538,0.1102835540679461,0.1102835540679461
DES_RHO,10.1002/aic.18095,615,1.2688,1.1680567807275228,0.10074321927247709,0.10074321927247687
DES_RHO,10.1002/aic.18095,617,1.2682,1.1618993171022647,0.10630068289773531,0.10630068289773531
DES_RHO,10.1002/aic.18095,618,1.2677,1.2752060865268435,-0.007506086526843481,-0.007506086526843481
DES_RHO,10.1002/aic.18095,620,1.2673,1.1679119481637426,0.09938805183625754,0.09938805183625754
DES_RHO,10.1002/aic.18095,623,1.2673,1.141311617423196,0.125988382576804,0.125988382576804
DES_RHO,10.1002/aic.18095,625,1.2666,1.2517336489054103,0.01486635109458967,0.014866351094589891
DES_RHO,10.1002/aic.18095,626,1.2663,1.2867812811455304,-0.020481281145530383,-0.020481281145530383
DES_RHO,10.1002/aic.18095,628,1.266,1.1624741118161162,0.10352588818388386,0.10352588818388364
DES_RHO,10.1002/aic.18095,630,1.266,1.1706045650555874,0.0953954349444126,0.0953954349444126
DES_RHO,10.1002/aic.18095,632,1.2657,1.1552718854631754,0.11042811453682466,0.11042811453682466
DES_RHO,10.1002/aic.18095,634,1.2656,1.1622391950740343,0.10336080492596578,0.10336080492596578
DES_RHO,10.1002/aic.18095,636,1.2654,1.1606446909870853,0.10475530901291474,0.10475530901291474
DES_RHO,10.1002/aic.18095,640,1.2648,1.1608819131340105,0.10391808686598947,0.10391808686598925
DES_RHO,10.1002/aic.18095,641,1.2646,1.1611542073761523,0.10344579262384768,0.10344579262384768
DES_RHO,10.1002/aic.18095,644,1.2635,1.138803803503061,0.12469619649693908,0.12469619649693908
DES_RHO,10.1002/aic.18095,646,1.2634,1.1656610709687154,0.09773892903128467,0.0977389290312849
DES_RHO,10.1002/aic.18095,648,1.263,1.222286057291568,0.04071394270843198,0.04071394270843198
DES_RHO,10.1002/aic.18095,649,1.263,1.1385118688297544,0.12448813117024549,0.12448813117024549
DES_RHO,10.1002/aic.18095,651,1.2626,1.1620173148584443,0.10058268514155566,0.10058268514155544
DES_RHO,10.1002/aic.18095,653,1.2624,1.2761691925634,-0.013769192563400035,-0.013769192563400257
DES_RHO,10.1002/aic.18095,656,1.262,1.1743013744212216,0.08769862557877839,0.08769862557877839
DES_RHO,10.1002/aic.18095,658,1.2619,1.1650448799875222,0.09685512001247787,0.09685512001247787
DES_RHO,10.1002/aic.18095,661,1.2615,1.1606611418377142,0.10083885816228588,0.10083885816228566
DES_RHO,10.1002/aic.18095,662,1.2614,1.1814027321199199,0.07999726788008021,0.07999726788008021
DES_RHO,10.1002/aic.18095,665,1.2601,1.1646900570798266,0.09540994292017335,0.09540994292017313
DES_RHO,10.1002/aic.18095,667,1.26,1.2538118897622301,0.006188110237769884,0.006188110237769884
DES_RHO,10.1002/aic.18095,671,1.2597,1.1375748713772713,0.12212512862272873,0.12212512862272873
DES_RHO,10.1002/aic.18095,672,1.2595,1.158078453821178,0.10142154617882215,0.10142154617882215
DES_RHO,10.1002/aic.18095,676,1.2593,1.1614011759695553,0.09789882403044481,0.09789882403044481
DES_RHO,10.1002/aic.18095,680,1.259,1.2447617461110818,0.014238253888918084,0.014238253888918084
DES_RHO,10.1002/aic.18095,682,1.259,1.1371299907994514,0.12187000920054847,0.12187000920054847
DES_RHO,10.1002/aic.18095,684,1.259,1.175372907754555,0.08362709224544496,0.08362709224544496
DES_RHO,10.1002/aic.18095,687,1.2589,1.1614881634001522,0.09741183659984776,0.09741183659984776
DES_RHO,10.1002/aic.18095,689,1.2587,1.1600347982020922,0.09866520179790772,0.09866520179790772
DES_RHO,10.1002/aic.18095,690,1.2581,1.2504605481593072,0.0076394518406928125,0.0076394518406930345
DES_RHO,10.1002/aic.18095,692,1.2581,1.1606611418377142,0.09743885816228581,0.09743885816228559
DES_RHO,10.1002/aic.18095,694,1.2579,1.1610399295983744,0.09686007040162559,0.09686007040162559
DES_RHO,10.1002/aic.18095,695,1.2576,1.2747575940489517,-0.017157594048951674,-0.017157594048951674
DES_RHO,10.1002/aic.18095,698,1.2568,1.1649978522665843,0.09180214773341566,0.09180214773341588
DES_RHO,10.1002/aic.18095,702,1.2559,1.1343064806124803,0.12159351938751972,0.12159351938751972
DES_RHO,10.1002/aic.18095,704,1.2556,1.161263877556857,0.09433612244314316,0.09433612244314316
DES_RHO,10.1002/aic.18095,705,1.2556,1.2458373264355003,0.00976267356449978,0.009762673564500002
DES_RHO,10.1002/aic.18095,706,1.2555,1.1574063732656226,0.09809362673437749,0.09809362673437749
DES_RHO,10.1002/aic.18095,710,1.255,1.1642828768918214,0.09071712310817848,0.09071712310817848
DES_RHO,10.1002/aic.18095,713,1.255,1.2506892271957386,0.004310772804261287,0.004310772804261287
DES_RHO,10.1002/aic.18095,714,1.255,1.1355234717518325,0.11947652824816735,0.11947652824816735
DES_RHO,10.1002/aic.18095,715,1.255,1.1747428744212216,0.08025712557877829,0.08025712557877829
DES_RHO,10.1002/aic.18095,723,1.2529,1.1645608886422456,0.0883391113577543,0.0883391113577543
DES_RHO,10.1002/aic.18095,725,1.2524,1.1612296108901903,0.09117038910980968,0.09117038910980968
DES_RHO,10.1002/aic.18095,727,1.2521,1.1329276340749768,0.11917236592502323,0.11917236592502323
DES_RHO,10.1002/aic.18095,730,1.252,1.2724674413072483,-0.020467441307248313,-0.020467441307248313
DES_RHO,10.1002/aic.18095,731,1.252,1.2516743462433573,0.0003256537566427298,0.0003256537566427298
DES_RHO,10.1002/aic.18095,732,1.252,1.1333124578629432,0.11868754213705679,0.11868754213705679
DES_RHO,10.1002/aic.18095,733,1.252,1.1746792633101106,0.07732073668988937,0.07732073668988937
DES_RHO,10.1002/aic.18095,734,1.2517,1.1761336058582188,0.07556639414178123,0.07556639414178123
DES_RHO,10.1002/aic.18095,735,1.2516,1.2426539745040432,0.0089460254959568,0.0089460254959568
DES_RHO,10.1002/aic.18095,736,1.2512,1.155812959376734,0.0953870406232662,0.0953870406232662
DES_RHO,10.1002/aic.18095,740,1.2504,1.1596638199060372,0.09073618009396278,0.09073618009396278
DES_RHO,10.1002/aic.18095,743,1.2501,1.1596638199060372,0.09043618009396281,0.09043618009396281
DES_RHO,10.1002/aic.18095,746,1.25,1.1691370078199599,0.08086299218004012,0.08086299218004012
DES_RHO,10.1002/aic.18095,752,1.25,1.2603700760151044,-0.010370076015104424,-0.010370076015104424
DES_RHO,10.1002/aic.18095,753,1.25,1.2230853297633368,0.026914670236663163,0.026914670236663163
DES_RHO,10.1002/aic.18095,754,1.25,1.2603700760151044,-0.010370076015104424,-0.010370076015104424
DES_RHO,10.1002/aic.18095,755,1.25,1.2151826210795955,0.034817378920404485,0.03481737892040471
DES_RHO,10.1002/aic.18095,759,1.2495,1.164254055308912,0.08524594469108804,0.08524594469108804
DES_RHO,10.1002/aic.18095,761,1.2491,1.2048009563416462,0.04429904365835391,0.04429904365835391
DES_RHO,10.1002/aic.18095,763,1.249,1.1743529299767772,0.0746470700232229,0.07464707002322268
DES_RHO,10.1002/aic.18095,766,1.2486,1.1612296108901903,0.08737038910980965,0.08737038910980965
DES_RHO,10.1002/aic.18095,769,1.2483,1.2489939219688306,-0.0006939219688306686,-0.0006939219688306686
DES_RHO,10.1002/aic.18095,771,1.2483,1.13254199904316,0.11575800095683997,0.11575800095683997
DES_RHO,10.1002/aic.18095,773,1.2481,1.1923578568233553,0.05574214317664472,0.05574214317664472
DES_RHO,10.1002/aic.18095,775,1.248,1.1631582674290621,0.08484173257093786,0.08484173257093786
DES_RHO,10.1002/aic.18095,777,1.248,1.251385940952352,-0.0033859409523520068,-0.0033859409523520068
DES_RHO,10.1002/aic.18095,778,1.248,1.1316731498579853,0.11632685014201471,0.11632685014201471
DES_RHO,10.1002/aic.18095,782,1.247,1.1513443903291147,0.09565560967088538,0.09565560967088538
DES_RHO,10.1002/aic.18095,784,1.2467,1.2688688435438997,-0.022168843543899808,-0.022168843543899808
DES_RHO,10.1002/aic.18095,785,1.2464,1.240929907909527,0.005470092090472889,0.005470092090472889
DES_RHO,10.1002/aic.18095,787,1.2463,1.1231312444364538,0.12316875556354612,0.12316875556354612
DES_RHO,10.1002/aic.18095,789,1.2461,1.2046361468178368,0.04146385318216317,0.04146385318216317
DES_RHO,10.1002/aic.18095,791,1.246,1.1746582021989995,0.07134179780100047,0.07134179780100047
DES_RHO,10.1002/aic.18095,793,1.2457,1.1641797235628804,0.08152027643711968,0.08152027643711968
DES_RHO,10.1002/aic.18095,794,1.2457,1.1924181287800122,0.05328187121998784,0.05328187121998784
DES_RHO,10.1002/aic.18095,797,1.245,1.2504796842063204,-0.005479684206320279,-0.005479684206320279
DES_RHO,10.1002/aic.18095,798,1.245,1.1295356653850506,0.11546433461494954,0.11546433461494954
DES_RHO,10.1002/aic.18095,800,1.2449,1.123867259407594,0.12103274059240587,0.12103274059240587
DES_RHO,10.1002/aic.18095,802,1.2445,1.2415660360127345,0.00293396398726542,0.002933963987265198
DES_RHO,10.1002/aic.18095,805,1.244,1.190082473490022,0.05391752650997805,0.05391752650997805
DES_RHO,10.1002/aic.18095,808,1.2433,1.287599272756476,-0.04429927275647594,-0.04429927275647594
DES_RHO,10.1002/aic.18095,810,1.2432,1.1491759883619868,0.09402401163801333,0.09402401163801333
DES_RHO,10.1002/aic.18095,814,1.2428,1.2115780323184477,0.031221967681552165,0.03122196768155261
DES_RHO,10.1002/aic.18095,817,1.2426,1.264975567082681,-0.02237556708268107,-0.02237556708268107
DES_RHO,10.1002/aic.18095,819,1.2424,1.152257864165297,0.09014213583470299,0.09014213583470299
DES_RHO,10.1002/aic.18095,821,1.2423,1.1640679791184358,0.07823202088156411,0.07823202088156411
DES_RHO,10.1002/aic.18095,822,1.2422,1.2388661248638442,0.003333875136155795,0.003333875136155573
DES_RHO,10.1002/aic.18095,823,1.2422,1.2861079913563782,-0.04390799135637824,-0.04390799135637824
DES_RHO,10.1002/aic.18095,826,1.242,1.2682414369674857,-0.02624143696748571,-0.02624143696748571
DES_RHO,10.1002/aic.18095,827,1.242,1.1745921466434437,0.0674078533565563,0.0674078533565563
DES_RHO,10.1002/aic.18095,829,1.2419,1.17216479251138,0.06973520748861994,0.06973520748862017
DES_RHO,10.1002/aic.18095,831,1.2414,1.1235372689314036,0.11786273106859646,0.11786273106859646
DES_RHO,10.1002/aic.18095,833,1.2412,1.2386486657442846,0.0025513342557155205,0.0025513342557152985
DES_RHO,10.1002/aic.18095,835,1.241,1.248069652640664,-0.007069652640663948,-0.007069652640663948
DES_RHO,10.1002/aic.18095,836,1.241,1.1284552877876481,0.11254471221235196,0.11254471221235196
DES_RHO,10.1002/aic.18095,845,1.24,1.2142342383012628,0.025765761698737233,0.025765761698737233
DES_RHO,10.1002/aic.18095,846,1.2399,1.2480900517307358,-0.008190051730735837,-0.008190051730735615
DES_RHO,10.1002/aic.18095,848,1.2398,1.1473164394201878,0.09248356057981222,0.092483560579812
DES_RHO,10.1002/aic.18095,849,1.2398,1.2830094591506214,-0.043209459150621354,-0.043209459150621354
DES_RHO,10.1002/aic.18095,852,1.2396,1.1896328865852601,0.049967113414739917,0.049967113414739917
DES_RHO,10.1002/aic.18095,854,1.2396,1.2112524390284043,0.028347560971595742,0.028347560971595742
DES_RHO,10.1002/aic.18095,856,1.2391,1.2853520619283991,-0.046252061928399035,-0.046252061928399035
DES_RHO,10.1002/aic.18095,858,1.239,1.1745921466434437,0.06440785335655641,0.06440785335655641
DES_RHO,10.1002/aic.18095,860,1.2387,1.1229669070266417,0.11573309297335821,0.11573309297335821
DES_RHO,10.1002/aic.18095,862,1.2385,1.1640679791184358,0.07443202088156409,0.07443202088156409
DES_RHO,10.1002/aic.18095,865,1.238,1.245054869307331,-0.007054869307330902,-0.007054869307330902
DES_RHO,10.1002/aic.18095,866,1.238,1.1280073461209814,0.10999265387901858,0.10999265387901835
DES_RHO,10.1002/aic.18095,871,1.2371,1.2506892271957386,-0.013589227195738518,-0.013589227195738518
DES_RHO,10.1002/aic.18095,873,1.237,1.2376878589307034,-0.0006878589307033334,-0.0006878589307035554
DES_RHO,10.1002/aic.18095,874,1.2366,1.2644466028783663,-0.027846602878366378,-0.027846602878366378
DES_RHO,10.1002/aic.18095,876,1.2364,1.210846260528065,0.025553739471934955,0.025553739471934955
DES_RHO,10.1002/aic.18095,878,1.2363,1.1434289294842903,0.09287107051570964,0.09287107051570964
DES_RHO,10.1002/aic.18095,879,1.2363,1.235841804669249,0.00045819533075097674,0.00045819533075097674
DES_RHO,10.1002/aic.18095,882,1.2355,1.188637949716573,0.04686205028342694,0.04686205028342694
DES_RHO,10.1002/aic.18095,884,1.2352,1.1217184514710863,0.11348154852891379,0.11348154852891379
DES_RHO,10.1002/aic.18095,887,1.2345,1.143883291538093,0.09061670846190695,0.09061670846190695
DES_RHO,10.1002/aic.18095,889,1.2344,1.2667907237475247,-0.03239072374752472,-0.03239072374752472
DES_RHO,10.1002/aic.18095,894,1.234,1.143883291538093,0.090116708461907,0.090116708461907
DES_RHO,10.1002/aic.18095,895,1.234,1.2410880665295527,-0.007088066529552739,-0.007088066529552961
DES_RHO,10.1002/aic.18095,896,1.234,1.1273694692691296,0.10663053073087037,0.10663053073087037
DES_RHO,10.1002/aic.18095,899,1.2333,1.2108642258719802,0.022435774128019892,0.022435774128019892
DES_RHO,10.1002/aic.18095,901,1.233,1.135490488666664,0.09750951133333619,0.09750951133333619
DES_RHO,10.1002/aic.18095,904,1.2326,1.135490488666664,0.09710951133333601,0.09710951133333601
DES_RHO,10.1002/aic.18095,906,1.2324,1.1408318083864073,0.09156819161359264,0.09156819161359264
DES_RHO,10.1002/aic.18095,908,1.2324,1.1429270754186438,0.08947292458135614,0.08947292458135614
DES_RHO,10.1002/aic.18095,909,1.2324,1.1429270754186438,0.08947292458135614,0.08947292458135614
DES_RHO,10.1002/aic.18095,910,1.2321,1.2357854758924456,-0.003685475892445611,-0.003685475892445833
DES_RHO,10.1002/aic.18095,913,1.2317,1.1196932493546838,0.11200675064531618,0.11200675064531618
DES_RHO,10.1002/aic.18095,914,1.2317,1.1694695911532933,0.06223040884670672,0.06223040884670672
DES_RHO,10.1002/aic.18095,915,1.2315,1.2477638488687826,-0.016263848868782516,-0.016263848868782516
DES_RHO,10.1002/aic.18095,917,1.2314,1.1694695911532933,0.06193040884670675,0.06193040884670675
DES_RHO,10.1002/aic.18095,919,1.2311,1.1896345079380324,0.0414654920619677,0.0414654920619677
DES_RHO,10.1002/aic.18095,923,1.231,1.2316579171391868,-0.0006579171391867256,-0.0006579171391867256
DES_RHO,10.1002/aic.18095,924,1.231,1.1694695911532933,0.0615304088467068,0.0615304088467068
DES_RHO,10.1002/aic.18095,925,1.231,1.2382358343866957,-0.0072358343866956165,-0.0072358343866953945
DES_RHO,10.1002/aic.18095,926,1.231,1.1269543803802409,0.10404561961975922,0.10404561961975922
DES_RHO,10.1002/aic.18095,927,1.2309,1.1938604423789108,0.03703955762108935,0.037039557621089125
DES_RHO,10.1002/aic.18095,936,1.23,1.214625060999741,0.01537493900025888,0.01537493900025888
DES_RHO,10.1002/aic.18095,937,1.23,1.2110611679906456,0.018938832009354423,0.018938832009354423
DES_RHO,10.1002/aic.18095,941,1.23,1.2565750912776208,-0.02657509127762081,-0.02657509127762081
DES_RHO,10.1002/aic.18095,942,1.23,1.2217470196623264,0.008252980337673632,0.008252980337673632
DES_RHO,10.1002/aic.18095,943,1.23,1.2565750912776208,-0.02657509127762081,-0.02657509127762081
DES_RHO,10.1002/aic.18095,944,1.23,1.2091985945143096,0.020801405485690427,0.020801405485690427
DES_RHO,10.1002/aic.18095,948,1.2293,1.1372634775783266,0.09203652242167348,0.09203652242167348
DES_RHO,10.1002/aic.18095,950,1.229,1.1291676075290984,0.0998323924709017,0.0998323924709017
DES_RHO,10.1002/aic.18095,954,1.2283,1.19082307238225,0.03747692761775001,0.03747692761774957
DES_RHO,10.1002/aic.18095,956,1.2281,1.1185477119809464,0.10955228801905359,0.10955228801905359
DES_RHO,10.1002/aic.18095,958,1.2281,1.263644510832661,-0.03554451083266108,-0.03554451083266108
DES_RHO,10.1002/aic.18095,961,1.228,1.19082307238225,0.037176927617750044,0.0371769276177496
DES_RHO,10.1002/aic.18095,962,1.228,1.2360442775083886,-0.008044277508388653,-0.008044277508388653
DES_RHO,10.1002/aic.18095,963,1.228,1.1267965359357963,0.10120346406420366,0.10120346406420366
DES_RHO,10.1002/aic.18095,969,1.2269,1.2334542100555053,-0.006554210055505161,-0.006554210055505383
DES_RHO,10.1002/aic.18095,971,1.2268,1.2108470395514923,0.01595296044850758,0.01595296044850758
DES_RHO,10.1002/aic.18095,974,1.226,1.1364416863084854,0.08955831369151457,0.08955831369151457
DES_RHO,10.1002/aic.18095,978,1.2258,1.2299496358815558,-0.004149635881555813,-0.004149635881555813
DES_RHO,10.1002/aic.18095,980,1.2256,1.126994207542782,0.09860579245721812,0.09860579245721812
DES_RHO,10.1002/aic.18095,982,1.2253,1.126994207542782,0.09830579245721816,0.09830579245721816
DES_RHO,10.1002/aic.18095,984,1.2253,1.1978015586917745,0.02749844130822554,0.02749844130822554
DES_RHO,10.1002/aic.18095,986,1.225,1.2447617461110818,-0.019761746111081724,-0.019761746111081724
DES_RHO,10.1002/aic.18095,988,1.2244,1.1167547563532407,0.1076452436467592,0.1076452436467592
DES_RHO,10.1002/aic.18095,993,1.224,1.1978015586917745,0.026198441308225462,0.026198441308225462
DES_RHO,10.1002/aic.18095,994,1.224,1.235169485841722,-0.011169485841721949,-0.011169485841721949
DES_RHO,10.1002/aic.18095,995,1.224,1.1267180234899088,0.09728197651009118,0.09728197651009118
DES_RHO,10.1002/aic.18095,997,1.2236,1.207605637567366,0.01599436243263397,0.01599436243263397
DES_RHO,10.1002/aic.18095,1002,1.2223,1.1356431236100726,0.08665687638992736,0.08665687638992736
DES_RHO,10.1002/aic.18095,1004,1.2223,1.2040405031362185,0.018259496863781477,0.018259496863781255
DES_RHO,10.1002/aic.18095,1007,1.222,1.1261837519872264,0.09581624801277355,0.09581624801277355
DES_RHO,10.1002/aic.18095,1008,1.2218,1.2618953925540908,-0.04009539255409078,-0.04009539255409078
DES_RHO,10.1002/aic.18095,1009,1.2216,1.2298457430942262,-0.00824574309422621,-0.008245743094226432
DES_RHO,10.1002/aic.18095,1010,1.2212,1.1899937610297047,0.031206238970295397,0.031206238970295175
DES_RHO,10.1002/aic.18095,1014,1.221,1.2040405031362185,0.01695949686378162,0.016959496863781398
DES_RHO,10.1002/aic.18095,1016,1.2208,1.1162855361512207,0.10451446384877938,0.10451446384877938
DES_RHO,10.1002/aic.18095,1018,1.2206,1.230106358024147,-0.00950635802414701,-0.00950635802414701
DES_RHO,10.1002/aic.18095,1019,1.2206,1.205985799053657,0.014614200946342804,0.014614200946342804
DES_RHO,10.1002/aic.18095,1022,1.2204,1.176884606160247,0.043515393839753,0.043515393839753
DES_RHO,10.1002/aic.18095,1024,1.2202,1.129271893459094,0.090928106540906,0.090928106540906
DES_RHO,10.1002/aic.18095,1026,1.2201,1.176884606160247,0.043215393839753036,0.043215393839753036
DES_RHO,10.1002/aic.18095,1035,1.22,1.2214356261724744,-0.0014356261724743913,-0.0014356261724743913
DES_RHO,10.1002/aic.18095,1040,1.22,1.2565750912776208,-0.03657509127762082,-0.03657509127762082
DES_RHO,10.1002/aic.18095,1041,1.22,1.2565750912776208,-0.03657509127762082,-0.03657509127762082
DES_RHO,10.1002/aic.18095,1042,1.22,1.2266099036896132,-0.006609903689613228,-0.006609903689613228
DES_RHO,10.1002/aic.18095,1043,1.22,1.2075156782083942,0.012484321791605746,0.012484321791605746
DES_RHO,10.1002/aic.18095,1045,1.2195,1.129271893459094,0.09022810654090607,0.09022810654090607
DES_RHO,10.1002/aic.18095,1050,1.2193,1.20474646905592,0.014553530944080073,0.014553530944079851
DES_RHO,10.1002/aic.18095,1055,1.2188,1.1354702013878504,0.08332979861214973,0.08332979861214973
DES_RHO,10.1002/aic.18095,1057,1.2185,1.1231152536254032,0.09538474637459671,0.09538474637459671
DES_RHO,10.1002/aic.18095,1058,1.2185,1.1231152536254032,0.09538474637459671,0.09538474637459671
DES_RHO,10.1002/aic.18095,1062,1.218,1.20474646905592,0.013253530944079994,0.013253530944079772
DES_RHO,10.1002/aic.18095,1063,1.218,1.1448751618432766,0.07312483815672333,0.07312483815672333
DES_RHO,10.1002/aic.18095,1064,1.2179,1.0990182670381532,0.11888173296184679,0.11888173296184679
DES_RHO,10.1002/aic.18095,1066,1.2176,1.1350914371795364,0.0825085628204636,0.0825085628204636
DES_RHO,10.1002/aic.18095,1069,1.2174,1.2054620044871125,0.011937995512887545,0.011937995512887545
DES_RHO,10.1002/aic.18095,1071,1.2173,1.1710329875723267,0.04626701242767339,0.04626701242767339
DES_RHO,10.1002/aic.18095,1074,1.2167,1.228236859455643,-0.01153685945564309,-0.01153685945564309
DES_RHO,10.1002/aic.18095,1077,1.2164,1.1430086928918035,0.07339130710819641,0.07339130710819619
DES_RHO,10.1002/aic.18095,1079,1.2163,1.1230280956548617,0.09327190434513821,0.09327190434513821
DES_RHO,10.1002/aic.18095,1081,1.2162,1.2057083914104174,0.010491608589582535,0.010491608589582535
DES_RHO,10.1002/aic.18095,1087,1.2153,1.1346545617053103,0.08064543829468973,0.08064543829468951
DES_RHO,10.1002/aic.18095,1089,1.2151,1.1208753524728747,0.09422464752712534,0.09422464752712534
DES_RHO,10.1002/aic.18095,1091,1.215,1.2057083914104174,0.009291608589582667,0.009291608589582667
DES_RHO,10.1002/aic.18095,1094,1.2142,1.2601199882985574,-0.04591998829855748,-0.04591998829855748
DES_RHO,10.1002/aic.18095,1096,1.2141,1.1702828133659773,0.043817186634022676,0.043817186634022676
DES_RHO,10.1002/aic.18095,1107,1.2124,1.1208229734463229,0.09157702655367705,0.09157702655367683
DES_RHO,10.1002/aic.18095,1112,1.212,1.204064758077084,0.007935241922915948,0.007935241922915948
DES_RHO,10.1002/aic.18095,1113,1.212,1.1910028869411406,0.020997113058859318,0.020997113058858874
DES_RHO,10.1002/aic.18095,1115,1.2119,1.1345995617053104,0.07730043829468958,0.07730043829468958
DES_RHO,10.1002/aic.18095,1118,1.2118,1.117245457775905,0.09455454222409498,0.09455454222409498
DES_RHO,10.1002/aic.18095,1120,1.2115,1.227860385301938,-0.016360385301938063,-0.016360385301938063
DES_RHO,10.1002/aic.18095,1122,1.2114,1.1685843589046985,0.04281564109530156,0.04281564109530178
DES_RHO,10.1002/aic.18095,1124,1.2114,1.1172928355536826,0.09410716444631739,0.09410716444631739
DES_RHO,10.1002/aic.18095,1127,1.2113,1.1400188645197378,0.07128113548026227,0.07128113548026227
DES_RHO,10.1002/aic.18095,1129,1.2112,1.19082307238225,0.020376927617750118,0.020376927617749674
DES_RHO,10.1002/aic.18095,1130,1.2111,1.1715317331305932,0.03956826686940684,0.03956826686940684
DES_RHO,10.1002/aic.18095,1134,1.2107,1.095218286495179,0.11548171350482117,0.11548171350482117
DES_RHO,10.1002/aic.18095,1136,1.2101,1.1916200856017953,0.018479914398204622,0.018479914398204622
DES_RHO,10.1002/aic.18095,1141,1.21,1.2195098942655016,-0.00950989426550164,-0.00950989426550164
DES_RHO,10.1002/aic.18095,1142,1.21,1.2224184119147212,-0.012418411914721261,-0.012418411914721261
DES_RHO,10.1002/aic.18095,1148,1.209,1.2005497564897827,0.008450243510217392,0.00845024351021717
DES_RHO,10.1002/aic.18095,1150,1.2089,1.16077242840819,0.04812757159181014,0.04812757159181014
DES_RHO,10.1002/aic.18095,1154,1.2086,1.1200061678907673,0.08859383210923255,0.08859383210923233
DES_RHO,10.1002/aic.18095,1157,1.2083,1.133467092596641,0.0748329074033589,0.0748329074033589
DES_RHO,10.1002/aic.18095,1162,1.2081,1.1677218149118138,0.040378185088186136,0.040378185088186136
DES_RHO,10.1002/aic.18095,1166,1.208,1.140033308964182,0.06796669103581787,0.06796669103581787
DES_RHO,10.1002/aic.18095,1168,1.208,1.1673878364374715,0.0406121635625285,0.0406121635625285
DES_RHO,10.1002/aic.18095,1169,1.2079,1.0918470570509158,0.11605294294908419,0.11605294294908419
DES_RHO,10.1002/aic.18095,1171,1.2079,1.1168736720616195,0.0910263279383805,0.09102632793838028
DES_RHO,10.1002/aic.18095,1175,1.2074,1.2289089656357572,-0.021508965635757216,-0.021508965635756994
DES_RHO,10.1002/aic.18095,1176,1.2073,1.127656339872016,0.07964366012798396,0.07964366012798396
DES_RHO,10.1002/aic.18095,1179,1.2071,1.1385227710613446,0.06857722893865548,0.0685772289386557
DES_RHO,10.1002/aic.18095,1180,1.2071,1.1386257393153125,0.06847426068468754,0.06847426068468754
DES_RHO,10.1002/aic.18095,1184,1.207,1.2000688997437503,0.006931100256249767,0.006931100256249545
DES_RHO,10.1002/aic.18095,1187,1.2066,1.2590195847992791,-0.05241958479927922,-0.05241958479927922
DES_RHO,10.1002/aic.18095,1195,1.206,1.1591570557244328,0.04684294427556712,0.04684294427556712
DES_RHO,10.1002/aic.18095,1197,1.2057,1.1724262168912907,0.03327378310870932,0.03327378310870932
DES_RHO,10.1002/aic.18095,1202,1.2053,1.202378776696666,0.0029212233033339974,0.0029212233033339974
DES_RHO,10.1002/aic.18095,1204,1.2052,1.1174746195289442,0.08772538047105582,0.08772538047105582
DES_RHO,10.1002/aic.18095,1206,1.2051,1.1724262168912907,0.03267378310870939,0.03267378310870939
DES_RHO,10.1002/aic.18095,1208,1.2051,1.157814612270624,0.04728538772937596,0.04728538772937596
DES_RHO,10.1002/aic.18095,1210,1.205,1.1663606967549323,0.03863930324506781,0.038639303245068035
DES_RHO,10.1002/aic.18095,1211,1.2049,1.0919147553851936,0.11298524461480652,0.11298524461480675
DES_RHO,10.1002/aic.18095,1213,1.2048,1.1658635725837718,0.03893642741622827,0.03893642741622827
DES_RHO,10.1002/aic.18095,1215,1.2045,1.1331715386283874,0.07132846137161253,0.07132846137161253
DES_RHO,10.1002/aic.18095,1218,1.2043,1.1161561649187624,0.08814383508123758,0.08814383508123758
DES_RHO,10.1002/aic.18095,1220,1.2041,1.1928162546203616,0.011283745379638388,0.011283745379638388
DES_RHO,10.1002/aic.18095,1225,1.204,1.138640183759757,0.0653598162402429,0.0653598162402429
DES_RHO,10.1002/aic.18095,1226,1.204,1.1977230098627978,0.006276990137202176,0.006276990137202176
DES_RHO,10.1002/aic.18095,1227,1.2039,1.1161561649187624,0.08774383508123762,0.08774383508123762
DES_RHO,10.1002/aic.18095,1229,1.2035,1.2061167317736512,-0.002616731773651182,-0.002616731773651182
DES_RHO,10.1002/aic.18095,1232,1.2032,1.204884999498864,-0.001684999498863915,-0.001684999498863915
DES_RHO,10.1002/aic.18095,1243,1.203,1.1373633821724556,0.06563661782754449,0.06563661782754449
DES_RHO,10.1002/aic.18095,1244,1.203,1.1374663504264235,0.06553364957357655,0.06553364957357655
DES_RHO,10.1002/aic.18095,1248,1.2026,1.1919911017704337,0.010608898229566233,0.010608898229566233
DES_RHO,10.1002/aic.18095,1251,1.2021,1.165044058060252,0.03705594193974804,0.03705594193974804
DES_RHO,10.1002/aic.18095,1253,1.202,1.1660532360017835,0.0359467639982165,0.0359467639982165
DES_RHO,10.1002/aic.18095,1255,1.202,1.1156462850430822,0.0863537149569178,0.0863537149569178
DES_RHO,10.1002/aic.18095,1259,1.202,1.165404910643821,0.036595089356179056,0.036595089356179056
DES_RHO,10.1002/aic.18095,1260,1.2017,1.1905647595543165,0.01113524044568348,0.01113524044568348
DES_RHO,10.1002/aic.18095,1262,1.2014,1.1667697604301452,0.03463023956985478,0.03463023956985478
DES_RHO,10.1002/aic.18095,1264,1.2013,1.132696810850609,0.06860318914939101,0.06860318914939101
DES_RHO,10.1002/aic.18095,1268,1.2012,1.1558786281436404,0.04532137185635965,0.04532137185635965
DES_RHO,10.1002/aic.18095,1271,1.2011,1.1560675371400781,0.04503246285992191,0.04503246285992191
DES_RHO,10.1002/aic.18095,1276,1.201,1.1971186515294645,0.0038813484705355616,0.0038813484705355616
DES_RHO,10.1002/aic.18095,1277,1.2009,1.0885800729004371,0.11231992709956296,0.11231992709956296
DES_RHO,10.1002/aic.18095,1281,1.2006,1.1160193315854285,0.08458066841457135,0.08458066841457135
DES_RHO,10.1002/aic.18095,1282,1.2006,1.1426030993742355,0.05799690062576435,0.05799690062576435
DES_RHO,10.1002/aic.18095,1288,1.2001,1.2047144624618273,-0.0046144624618273955,-0.0046144624618273955
DES_RHO,10.1002/aic.18095,1289,1.2001,1.1923258779769796,0.007774122023020302,0.007774122023020302
DES_RHO,10.1002/aic.18095,1290,1.2001,1.1374807948708683,0.06261920512913166,0.0626192051291321
DES_RHO,10.1002/aic.18095,1291,1.2001,1.1910028869411406,0.009097113058859296,0.009097113058858852
DES_RHO,10.1002/aic.18095,1296,1.2,1.2199921082470926,-0.019992108247092633,-0.019992108247092633
DES_RHO,10.1002/aic.18095,1303,1.1992,1.1416183743853103,0.05758162561468971,0.05758162561468971
DES_RHO,10.1002/aic.18095,1305,1.1991,1.2589948440585383,-0.05989484405853829,-0.05989484405853829
DES_RHO,10.1002/aic.18095,1307,1.199,1.1648715554462277,0.0341284445537724,0.0341284445537724
DES_RHO,10.1002/aic.18095,1310,1.199,1.1357145599502334,0.06328544004976666,0.06328544004976666
DES_RHO,10.1002/aic.18095,1311,1.199,1.135900861537535,0.06309913846246507,0.06309913846246507
DES_RHO,10.1002/aic.18095,1313,1.1989,1.1635402790393365,0.03535972096066353,0.03535972096066353
DES_RHO,10.1002/aic.18095,1317,1.1985,1.1376682533944478,0.06083174660555213,0.06083174660555235
DES_RHO,10.1002/aic.18095,1323,1.198,1.1119935681238902,0.08600643187610979,0.08600643187610957
DES_RHO,10.1002/aic.18095,1328,1.198,1.1696277956846062,0.02837220431539378,0.02837220431539378
DES_RHO,10.1002/aic.18095,1330,1.198,1.1625571814110167,0.03544281858898324,0.03544281858898346
DES_RHO,10.1002/aic.18095,1331,1.1979,1.089331021775907,0.10856897822409306,0.10856897822409328
DES_RHO,10.1002/aic.18095,1334,1.1979,1.1651449985253837,0.032755001474616297,0.032755001474616297
DES_RHO,10.1002/aic.18095,1340,1.1975,1.2035778140491291,-0.006077814049129104,-0.006077814049129104
DES_RHO,10.1002/aic.18095,1342,1.1975,1.1553634563319974,0.04213654366800257,0.04213654366800257
DES_RHO,10.1002/aic.18095,1345,1.1972,1.1153616888605604,0.08183831113943962,0.08183831113943962
DES_RHO,10.1002/aic.18095,1346,1.1972,1.1150157900510367,0.08218420994896336,0.08218420994896336
DES_RHO,10.1002/aic.18095,1349,1.1972,1.1545391753658623,0.042660824634137784,0.042660824634137784
DES_RHO,10.1002/aic.18095,1355,1.1967,1.140951179725366,0.055748820274634125,0.05574882027463457
DES_RHO,10.1002/aic.18095,1358,1.1962,1.1359153059819793,0.06028469401802061,0.06028469401802061
DES_RHO,10.1002/aic.18095,1361,1.1961,1.163353694671852,0.03274630532814804,0.03274630532814804
DES_RHO,10.1002/aic.18095,1362,1.1961,1.1629234581278058,0.0331765418721941,0.0331765418721941
DES_RHO,10.1002/aic.18095,1366,1.196,1.21166696973942,-0.015666969739420056,-0.015666969739420056
DES_RHO,10.1002/aic.18095,1368,1.1958,1.0741636067794007,0.12163639322059927,0.12163639322059927
DES_RHO,10.1002/aic.18095,1369,1.1958,1.1677728318587168,0.028027168141283143,0.028027168141283365
DES_RHO,10.1002/aic.18095,1380,1.195,1.1817275290119973,0.013272470988002771,0.013272470988002993
DES_RHO,10.1002/aic.18095,1381,1.195,1.1342991820281556,0.060700817971844456,0.060700817971844456
DES_RHO,10.1002/aic.18095,1382,1.195,1.1344854836154568,0.060514516384543304,0.060514516384543304
DES_RHO,10.1002/aic.18095,1384,1.195,1.160408586947585,0.03459141305241498,0.0345914130524152
DES_RHO,10.1002/aic.18095,1385,1.1949,1.085442833853944,0.10945716614605616,0.10945716614605616
DES_RHO,10.1002/aic.18095,1388,1.1947,1.1115649601873827,0.08313503981261738,0.08313503981261738
DES_RHO,10.1002/aic.18095,1390,1.1947,1.2018014600808753,-0.007101460080875199,-0.007101460080875199
DES_RHO,10.1002/aic.18095,1397,1.1944,1.1641248235253836,0.030275176474616305,0.030275176474616305
DES_RHO,10.1002/aic.18095,1402,1.194,1.207846587504988,-0.013846587504988017,-0.013846587504988017
DES_RHO,10.1002/aic.18095,1403,1.194,1.2082852739722245,-0.014285273972224566,-0.014285273972224566
DES_RHO,10.1002/aic.18095,1406,1.194,1.1574641110166835,0.0365358889833165,0.03653588898331672
DES_RHO,10.1002/aic.18095,1407,1.1939,1.0919481557959734,0.10195184420402659,0.10195184420402659
DES_RHO,10.1002/aic.18095,1410,1.1938,1.154589111887553,0.039210888112446884,0.039210888112446884
DES_RHO,10.1002/aic.18095,1412,1.1936,1.1623317757565081,0.03126822424349185,0.03126822424349185
DES_RHO,10.1002/aic.18095,1414,1.1936,1.1149607900510365,0.07863920994896345,0.07863920994896345
DES_RHO,10.1002/aic.18095,1418,1.1933,1.1509358757626875,0.042364124237312506,0.042364124237312506
DES_RHO,10.1002/aic.18095,1419,1.1932,1.141777767231378,0.05142223276862201,0.05142223276862201
DES_RHO,10.1002/aic.18095,1421,1.193,1.1398741241698098,0.05312587583019024,0.05312587583019024
DES_RHO,10.1002/aic.18095,1423,1.1929,1.1610467720714293,0.031853227928570815,0.031853227928570815
DES_RHO,10.1002/aic.18095,1428,1.1926,1.1433434299408658,0.04925657005913431,0.04925657005913431
DES_RHO,10.1002/aic.18095,1430,1.1924,1.1989773341728114,-0.006577334172811478,-0.006577334172811478
DES_RHO,10.1002/aic.18095,1433,1.1923,1.1344999280599015,0.057800071940098396,0.057800071940098396
DES_RHO,10.1002/aic.18095,1442,1.192,1.1860210588652924,0.005978941134707538,0.005978941134707538
DES_RHO,10.1002/aic.18095,1444,1.192,1.1596877663126646,0.03231223368733538,0.03231223368733538
DES_RHO,10.1002/aic.18095,1448,1.1916,1.1990256759538913,-0.00742567595389132,-0.00742567595389132
DES_RHO,10.1002/aic.18095,1451,1.1915,1.1592091483182707,0.03229085168172929,0.03229085168172929
DES_RHO,10.1002/aic.18095,1453,1.1912,1.2025743928167039,-0.011374392816703827,-0.011374392816703827
DES_RHO,10.1002/aic.18095,1454,1.191,1.2093239829669336,-0.018323982966933494,-0.018323982966933716
DES_RHO,10.1002/aic.18095,1458,1.191,1.1853466277013822,0.0056533722986178425,0.0056533722986176205
DES_RHO,10.1002/aic.18095,1459,1.191,1.1329661598059337,0.05803384019406632,0.05803384019406632
DES_RHO,10.1002/aic.18095,1460,1.191,1.132936989171013,0.058063010828987016,0.058063010828987016
DES_RHO,10.1002/aic.18095,1461,1.1909,1.0836567499418888,0.1072432500581113,0.10724325005811153
DES_RHO,10.1002/aic.18095,1463,1.1909,1.1606615544777643,0.030238445522235757,0.030238445522235757
DES_RHO,10.1002/aic.18095,1466,1.1908,1.1383059313117168,0.052494068688283324,0.052494068688283324
DES_RHO,10.1002/aic.18095,1468,1.1907,1.110809119711192,0.07989088028880809,0.07989088028880809
DES_RHO,10.1002/aic.18095,1469,1.1904,1.1132679003074466,0.0771320996925533,0.0771320996925533
DES_RHO,10.1002/aic.18095,1471,1.1902,1.140329536025522,0.04987046397447803,0.04987046397447803
DES_RHO,10.1002/aic.18095,1473,1.1901,1.162259552740635,0.027840447259364964,0.027840447259364964
DES_RHO,10.1002/aic.18095,1477,1.1901,1.152530319427236,0.037569680572763886,0.037569680572763886
DES_RHO,10.1002/aic.18095,1479,1.19,1.1132182336407799,0.07678176635922007,0.07678176635922007
DES_RHO,10.1002/aic.18095,1480,1.19,1.2087303353230106,-0.018730335323010605,-0.018730335323010605
DES_RHO,10.1002/aic.18095,1486,1.19,1.2172091831388676,-0.027209183138867665,-0.027209183138867665
DES_RHO,10.1002/aic.18095,1488,1.1899,1.19082307238225,-0.0009230723822499787,-0.0009230723822504228
DES_RHO,10.1002/aic.18095,1493,1.1894,1.1402754253602865,0.049124574639713536,0.04912457463971398
DES_RHO,10.1002/aic.18095,1495,1.1894,1.1483846979659227,0.04101530203407733,0.04101530203407733
DES_RHO,10.1002/aic.18095,1498,1.1893,1.138038163058699,0.05126183694130093,0.051261836941301375
DES_RHO,10.1002/aic.18095,1499,1.1893,1.138894818818681,0.05040518118131909,0.05040518118131909
DES_RHO,10.1002/aic.18095,1507,1.189,1.1871035562859273,0.0018964437140727153,0.0018964437140727153
DES_RHO,10.1002/aic.18095,1509,1.189,1.1583793542756273,0.03062064572437273,0.03062064572437273
DES_RHO,10.1002/aic.18095,1514,1.1886,1.196521708553699,-0.007921708553698892,-0.007921708553698892
DES_RHO,10.1002/aic.18095,1519,1.1884,1.1596146495846573,0.02878535041534258,0.02878535041534258
DES_RHO,10.1002/aic.18095,1521,1.1884,1.1329514336154574,0.05544856638454254,0.05544856638454254
DES_RHO,10.1002/aic.18095,1522,1.1883,1.1951479942357741,-0.006847994235774202,-0.006847994235774202
DES_RHO,10.1002/aic.18095,1524,1.188,1.2201200562224819,-0.03212005622248193,-0.03212005622248193
DES_RHO,10.1002/aic.18095,1526,1.188,1.1951479942357741,-0.007147994235774169,-0.007147994235774169
DES_RHO,10.1002/aic.18095,1527,1.1879,1.0825864724668797,0.10531352753312029,0.10531352753312029
DES_RHO,10.1002/aic.18095,1529,1.1879,1.071563381858766,0.11633661814123397,0.11633661814123397
DES_RHO,10.1002/aic.18095,1531,1.1877,1.1641248235253836,0.023575176474616377,0.023575176474616377
DES_RHO,10.1002/aic.18095,1536,1.1874,1.158409293347666,0.028990706652334053,0.028990706652334053
DES_RHO,10.1002/aic.18095,1538,1.1873,1.1611917496381818,0.026108250361818186,0.026108250361818186
DES_RHO,10.1002/aic.18095,1540,1.1873,1.1978015586917745,-0.010501558691774493,-0.010501558691774493
DES_RHO,10.1002/aic.18095,1543,1.1871,1.1372498202006054,0.049850179799394656,0.049850179799394656
DES_RHO,10.1002/aic.18095,1545,1.187,1.1106722863778584,0.07632771362214164,0.07632771362214164
DES_RHO,10.1002/aic.18095,1546,1.187,1.210455337504988,-0.02345533750498796,-0.02345533750498796
DES_RHO,10.1002/aic.18095,1548,1.1869,1.0877157969035691,0.09918420309643095,0.09918420309643095
DES_RHO,10.1002/aic.18095,1551,1.1869,1.1313042264726005,0.05559577352739953,0.05559577352739953
DES_RHO,10.1002/aic.18095,1552,1.1869,1.1312750558376796,0.055624944162320444,0.055624944162320444
DES_RHO,10.1002/aic.18095,1554,1.1868,1.1590186465089487,0.027781353491051375,0.027781353491051375
DES_RHO,10.1002/aic.18095,1557,1.1867,1.0864747038702416,0.1002252961297585,0.1002252961297585
DES_RHO,10.1002/aic.18095,1562,1.1865,1.1853466277013822,0.001153372298617894,0.001153372298617672
DES_RHO,10.1002/aic.18095,1564,1.1864,1.113028057450304,0.07337194254969592,0.07337194254969592
DES_RHO,10.1002/aic.18095,1566,1.1864,1.1508033831477753,0.035596616852224594,0.035596616852224594
DES_RHO,10.1002/aic.18095,1570,1.186,1.1412024762371622,0.04479752376283774,0.04479752376283774
DES_RHO,10.1002/aic.18095,1573,1.186,1.1876667762239201,-0.0016667762239201966,-0.0016667762239201966
DES_RHO,10.1002/aic.18095,1575,1.186,1.1585244848311829,0.027475515168817077,0.027475515168817077
DES_RHO,10.1002/aic.18095,1580,1.1859,1.1392552031380638,0.04664479686193612,0.04664479686193612
DES_RHO,10.1002/aic.18095,1584,1.1856,1.1359947494223355,0.04960525057766452,0.04960525057766452
DES_RHO,10.1002/aic.18095,1585,1.1856,1.1369096713920335,0.048690328607966515,0.048690328607966515
DES_RHO,10.1002/aic.18095,1588,1.1855,1.1934205672117075,-0.00792056721170753,-0.007920567211707974
DES_RHO,10.1002/aic.18095,1591,1.1854,1.1475133924103673,0.03788660758963269,0.03788660758963269
DES_RHO,10.1002/aic.18095,1593,1.1851,1.1574641110166835,0.027635888983316592,0.027635888983316814
DES_RHO,10.1002/aic.18095,1594,1.185,1.2069463030727534,-0.02194630307275336,-0.02194630307275336
DES_RHO,10.1002/aic.18095,1597,1.185,1.2018367471578526,-0.01683674715785255,-0.01683674715785255
DES_RHO,10.1002/aic.18095,1598,1.1849,1.0839030920053805,0.10099690799461958,0.1009969079946198
DES_RHO,10.1002/aic.18095,1603,1.1847,1.138698451663614,0.04600154833638603,0.046001548336386255
DES_RHO,10.1002/aic.18095,1604,1.1847,1.2040405031362185,-0.01934050313621838,-0.0193405031362186
DES_RHO,10.1002/aic.18095,1607,1.1845,1.1312895002821244,0.053210499717875726,0.053210499717875726
DES_RHO,10.1002/aic.18095,1609,1.1842,1.1375051238201346,0.04669487617986534,0.04669487617986512
DES_RHO,10.1002/aic.18095,1611,1.1841,1.160884688527071,0.02321531147292899,0.02321531147292899
DES_RHO,10.1002/aic.18095,1613,1.184,1.156067001350467,0.027932998649532914,0.027932998649532914
DES_RHO,10.1002/aic.18095,1616,1.1839,1.1576218489032217,0.026278151096778224,0.026278151096778224
DES_RHO,10.1002/aic.18095,1619,1.1837,1.1127212796725259,0.0709787203274741,0.0709787203274741
DES_RHO,10.1002/aic.18095,1621,1.1836,1.174050102400171,0.009549897599828938,0.009549897599828938
DES_RHO,10.1002/aic.18095,1624,1.1834,1.1095422337323553,0.07385776626764473,0.07385776626764473
DES_RHO,10.1002/aic.18095,1626,1.1834,1.1951479942357741,-0.011747994235774106,-0.011747994235774106
DES_RHO,10.1002/aic.18095,1628,1.1834,1.1365168638513994,0.046883136148600624,0.046883136148600624
DES_RHO,10.1002/aic.18095,1632,1.183,1.207488170797621,-0.024488170797621,-0.024488170797621
DES_RHO,10.1002/aic.18095,1633,1.183,1.2087303353230106,-0.0257303353230105,-0.0257303353230105
DES_RHO,10.1002/aic.18095,1636,1.183,1.1870942045548485,-0.004094204554848435,-0.004094204554848657
DES_RHO,10.1002/aic.18095,1638,1.183,1.1585437070534053,0.024456292946594793,0.024456292946594793
DES_RHO,10.1002/aic.18095,1642,1.1829,1.1314637463138701,0.05143625368612992,0.05143625368612992
DES_RHO,10.1002/aic.18095,1643,1.1829,1.1314089090122827,0.051491090987717314,0.051491090987717314
DES_RHO,10.1002/aic.18095,1644,1.1829,1.1613591335589526,0.021540866441047468,0.021540866441047468
DES_RHO,10.1002/aic.18095,1646,1.1828,1.1127212796725259,0.0700787203274742,0.0700787203274742
DES_RHO,10.1002/aic.18095,1649,1.1827,1.1489626326186746,0.03373736738132549,0.03373736738132549
DES_RHO,10.1002/aic.18095,1655,1.1824,1.1920872106244058,-0.009687210624405918,-0.009687210624405918
DES_RHO,10.1002/aic.18095,1659,1.1823,1.137573953138064,0.04472604686193593,0.04472604686193593
DES_RHO,10.1002/aic.18095,1661,1.1822,1.158035693347666,0.024164306652333822,0.024164306652333822
DES_RHO,10.1002/aic.18095,1664,1.1821,1.1361531436142553,0.04594685638574458,0.04594685638574458
DES_RHO,10.1002/aic.18095,1665,1.1821,1.20474646905592,-0.02264646905592005,-0.02264646905592027
DES_RHO,10.1002/aic.18095,1667,1.182,1.2026621723562658,-0.020662172356265884,-0.020662172356265884
DES_RHO,10.1002/aic.18095,1669,1.1819,1.134448554977891,0.04745144502210885,0.04745144502210885
DES_RHO,10.1002/aic.18095,1670,1.1816,1.0855853784734162,0.0960146215265838,0.09601462152658358
DES_RHO,10.1002/aic.18095,1673,1.1815,1.091757796419822,0.08974220358017804,0.08974220358017804
DES_RHO,10.1002/aic.18095,1675,1.1815,1.1454974414844417,0.036002558515558336,0.036002558515558336
DES_RHO,10.1002/aic.18095,1681,1.1811,1.1367805264591888,0.04431947354081123,0.04431947354081123
DES_RHO,10.1002/aic.18095,1683,1.181,1.1087960763136906,0.07220392368630946,0.07220392368630946
DES_RHO,10.1002/aic.18095,1684,1.181,1.2195476427304177,-0.038547642730417664,-0.038547642730417664
DES_RHO,10.1002/aic.18095,1688,1.181,1.1858990742638436,-0.004899074263843506,-0.004899074263843728
DES_RHO,10.1002/aic.18095,1689,1.1809,1.0745681651831256,0.10633183481687447,0.10633183481687447
DES_RHO,10.1002/aic.18095,1690,1.1809,1.0843636801875238,0.09653631981247623,0.09653631981247623
DES_RHO,10.1002/aic.18095,1693,1.1807,1.1606237218604045,0.02007627813959556,0.020076278139595782
DES_RHO,10.1002/aic.18095,1694,1.1807,1.156244803551969,0.02445519644803107,0.02445519644803107
DES_RHO,10.1002/aic.18095,1697,1.1805,1.131423353456727,0.04907664654327304,0.04907664654327304
DES_RHO,10.1002/aic.18095,1699,1.1804,1.2018367471578526,-0.02143674715785271,-0.02143674715785271
DES_RHO,10.1002/aic.18095,1701,1.1804,1.1559129035328513,0.02448709646714864,0.02448709646714864
DES_RHO,10.1002/aic.18095,1705,1.1801,1.069259889978424,0.1108401100215759,0.11084011002157612
DES_RHO,10.1002/aic.18095,1712,1.18,1.186209402636266,-0.006209402636266015,-0.006209402636266015
DES_RHO,10.1002/aic.18095,1713,1.18,1.2165035402817248,-0.03650354028172487,-0.03650354028172487
DES_RHO,10.1002/aic.18095,1714,1.18,1.1587421313920296,0.0212578686079703,0.0212578686079703
DES_RHO,10.1002/aic.18095,1719,1.1797,1.2057083914104174,-0.026008391410417442,-0.026008391410417442
DES_RHO,10.1002/aic.18095,1721,1.1797,1.1352588082958437,0.04444119170415628,0.04444119170415606
DES_RHO,10.1002/aic.18095,1724,1.1794,1.1419434310457262,0.03745656895427385,0.03745656895427385
DES_RHO,10.1002/aic.18095,1726,1.1793,1.1419434310457262,0.03735656895427386,0.03735656895427386
DES_RHO,10.1002/aic.18095,1728,1.1792,1.1094872337323554,0.06971276626764467,0.06971276626764467
DES_RHO,10.1002/aic.18095,1732,1.179,1.2014636829382763,-0.022463682938276275,-0.022463682938276275
DES_RHO,10.1002/aic.18095,1734,1.179,1.1483511835446005,0.03064881645539952,0.03064881645539952
DES_RHO,10.1002/aic.18095,1739,1.1788,1.1313933616984855,0.04740663830151459,0.04740663830151459
DES_RHO,10.1002/aic.18095,1740,1.1788,1.1312940799524536,0.0475059200475465,0.0475059200475465
DES_RHO,10.1002/aic.18095,1741,1.1788,1.1356208014064626,0.04317919859353747,0.043179198593537915
DES_RHO,10.1002/aic.18095,1746,1.1786,1.1347054658364777,0.0438945341635224,0.0438945341635224
DES_RHO,10.1002/aic.18095,1747,1.1786,1.1942363311612574,-0.01563633116125729,-0.01563633116125751
DES_RHO,10.1002/aic.18095,1750,1.1783,1.132804232755669,0.0454957672443308,0.0454957672443308
DES_RHO,10.1002/aic.18095,1752,1.1781,1.160432809691092,0.017667190308907843,0.017667190308907843
DES_RHO,10.1002/aic.18095,1754,1.1781,1.1441330366225564,0.03396696337744354,0.03396696337744354
DES_RHO,10.1002/aic.18095,1757,1.178,1.1834611694001886,-0.0054611694001887034,-0.0054611694001887034
DES_RHO,10.1002/aic.18095,1758,1.1779,1.0837846920053802,0.09411530799461976,0.09411530799461998
DES_RHO,10.1002/aic.18095,1762,1.1777,1.1554626157814063,0.02223738421859367,0.02223738421859367
DES_RHO,10.1002/aic.18095,1765,1.1777,1.136023998681411,0.04167600131858906,0.04167600131858906
DES_RHO,10.1002/aic.18095,1769,1.1775,1.1455731025955525,0.03192689740444754,0.03192689740444754
DES_RHO,10.1002/aic.18095,1771,1.1774,1.130480383431847,0.04691961656815291,0.04691961656815291
DES_RHO,10.1002/aic.18095,1773,1.1773,1.0909243868960126,0.08637561310398745,0.08637561310398745
DES_RHO,10.1002/aic.18095,1776,1.1773,1.2026621723562658,-0.02536217235626581,-0.02536217235626581
DES_RHO,10.1002/aic.18095,1777,1.1772,1.083903123289357,0.09329687671064302,0.09329687671064302
DES_RHO,10.1002/aic.18095,1779,1.177,1.2095550530727537,-0.03255505307275364,-0.03255505307275364
DES_RHO,10.1002/aic.18095,1783,1.1769,1.1560974674217401,0.020802532578259925,0.020802532578259925
DES_RHO,10.1002/aic.18095,1787,1.1766,1.1743601468446156,0.0022398531553844414,0.0022398531553844414
DES_RHO,10.1002/aic.18095,1789,1.1766,1.1312940799524536,0.04530592004754652,0.04530592004754652
DES_RHO,10.1002/aic.18095,1790,1.1763,1.1559129035328513,0.020387096467148647,0.020387096467148647
DES_RHO,10.1002/aic.18095,1792,1.1761,1.1075577384332096,0.06854226156679033,0.06854226156679033
DES_RHO,10.1002/aic.18095,1795,1.1761,1.1407309595450048,0.035369040454995115,0.03536904045499556
DES_RHO,10.1002/aic.18095,1797,1.1761,1.134843280481991,0.04125671951800891,0.04125671951800891
DES_RHO,10.1002/aic.18095,1801,1.176,1.2016629799528085,-0.02566297995280853,-0.02566297995280853
DES_RHO,10.1002/aic.18095,1803,1.176,1.1584538813920295,0.017546118607970396,0.017546118607970396
DES_RHO,10.1002/aic.18095,1804,1.1759,1.1355673040297398,0.040332695970260124,0.040332695970260124
DES_RHO,10.1002/aic.18095,1806,1.1758,1.1407309595450048,0.03506904045499515,0.03506904045499559
DES_RHO,10.1002/aic.18095,1808,1.1754,1.1473604194031863,0.028039580596813662,0.028039580596813662
DES_RHO,10.1002/aic.18095,1810,1.1753,1.1342311736286848,0.04106882637131526,0.04106882637131526
DES_RHO,10.1002/aic.18095,1813,1.1752,1.1328120918826536,0.042387908117346385,0.042387908117346385
DES_RHO,10.1002/aic.18095,1818,1.175,1.1820388400610093,-0.007038840061009299,-0.007038840061009299
DES_RHO,10.1002/aic.18095,1819,1.1749,1.0759568762942369,0.09894312370576319,0.09894312370576319
DES_RHO,10.1002/aic.18095,1821,1.1749,1.1419058754901705,0.032994124509829525,0.032994124509829525
DES_RHO,10.1002/aic.18095,1825,1.1747,1.1312292616984856,0.04347073830151449,0.04347073830151449
DES_RHO,10.1002/aic.18095,1826,1.1747,1.1311525632857868,0.04354743671421324,0.04354743671421324
DES_RHO,10.1002/aic.18095,1828,1.1746,1.1553761983210888,0.019223801678911245,0.019223801678911245
DES_RHO,10.1002/aic.18095,1830,1.1746,1.1330314414858278,0.041568558514172294,0.041568558514172294
DES_RHO,10.1002/aic.18095,1833,1.1744,1.1346678764591884,0.03973212354081168,0.03973212354081168
DES_RHO,10.1002/aic.18095,1835,1.1743,1.2014636829382763,-0.027163682938276423,-0.027163682938276423
DES_RHO,10.1002/aic.18095,1838,1.1741,1.090679536896013,0.08342046310398699,0.08342046310398699
DES_RHO,10.1002/aic.18095,1840,1.174,1.0818158653613061,0.0921841346386938,0.0921841346386938
DES_RHO,10.1002/aic.18095,1841,1.174,1.2163939932595185,-0.042393993259518536,-0.042393993259518536
DES_RHO,10.1002/aic.18095,1843,1.1736,1.1284154385905776,0.0451845614094224,0.0451845614094224
DES_RHO,10.1002/aic.18095,1845,1.1735,1.1645526412196592,0.008947358780340808,0.008947358780340808
DES_RHO,10.1002/aic.18095,1847,1.1735,1.145349317980168,0.028150682019832063,0.028150682019832063
DES_RHO,10.1002/aic.18095,1848,1.1734,1.0815956753282183,0.09180432467178168,0.09180432467178168
DES_RHO,10.1002/aic.18095,1851,1.1734,1.1561314118661847,0.017268588133815266,0.017268588133815266
DES_RHO,10.1002/aic.18095,1854,1.1732,1.1399158962657698,0.033284103734230186,0.033284103734230186
DES_RHO,10.1002/aic.18095,1856,1.1731,1.1719055856336595,0.0011944143663404905,0.0011944143663404905
DES_RHO,10.1002/aic.18095,1857,1.173,1.2061725332314834,-0.03317253323148339,-0.03317253323148339
DES_RHO,10.1002/aic.18095,1860,1.173,1.200857800852279,-0.027857800852278958,-0.027857800852278958
DES_RHO,10.1002/aic.18095,1862,1.173,1.1586121702809187,0.014387829719081369,0.014387829719081369
DES_RHO,10.1002/aic.18095,1865,1.1728,1.1402496817672267,0.03255031823277332,0.03255031823277332
DES_RHO,10.1002/aic.18095,1867,1.1727,1.1311525632857868,0.04154743671421324,0.04154743671421324
DES_RHO,10.1002/aic.18095,1870,1.1725,1.1402496817672267,0.032250318232773356,0.032250318232773356
DES_RHO,10.1002/aic.18095,1872,1.1724,1.1334693688417794,0.03893063115822071,0.03893063115822071
DES_RHO,10.1002/aic.18095,1875,1.1723,1.1073767622427335,0.06492323775726638,0.06492323775726638
DES_RHO,10.1002/aic.18095,1876,1.1723,1.0661823778872745,0.10611762211272535,0.10611762211272535
DES_RHO,10.1002/aic.18095,1878,1.1723,1.201595078173042,-0.02929507817304211,-0.02929507817304211
DES_RHO,10.1002/aic.18095,1884,1.172,1.1809378142673583,-0.008937814267358402,-0.008937814267358624
DES_RHO,10.1002/aic.18095,1885,1.172,1.1560974674217401,0.015902532578259798,0.015902532578259798
DES_RHO,10.1002/aic.18095,1887,1.1719,1.1541397563297466,0.017760243670253306,0.017760243670253306
DES_RHO,10.1002/aic.18095,1892,1.1718,1.1325657180731294,0.03923428192687051,0.03923428192687051
DES_RHO,10.1002/aic.18095,1893,1.1718,1.131585541882654,0.04021445811734603,0.04021445811734603
DES_RHO,10.1002/aic.18095,1895,1.1717,1.1465200805142974,0.02517991948570253,0.02517991948570253
DES_RHO,10.1002/aic.18095,1897,1.1715,1.0903885376896636,0.08111146231033639,0.08111146231033617
DES_RHO,10.1002/aic.18095,1899,1.1714,1.1406934039894492,0.030706596010550813,0.030706596010550813
DES_RHO,10.1002/aic.18095,1903,1.1713,1.2016629799528085,-0.030362979952808455,-0.030362979952808455
DES_RHO,10.1002/aic.18095,1905,1.1711,1.1327295025053647,0.03837049749463528,0.03837049749463528
DES_RHO,10.1002/aic.18095,1907,1.1709,1.1329966124259987,0.03790338757400136,0.03790338757400136
DES_RHO,10.1002/aic.18095,1912,1.1707,1.1311542616984855,0.03954573830151453,0.03954573830151453
DES_RHO,10.1002/aic.18095,1913,1.1707,1.1310775632857872,0.03962243671421284,0.03962243671421284
DES_RHO,10.1002/aic.18095,1916,1.1703,1.1631996705847383,0.007100329415261619,0.007100329415261619
DES_RHO,10.1002/aic.18095,1919,1.17,1.1644759445589674,0.005524055441032516,0.005524055441032516
DES_RHO,10.1002/aic.18095,1925,1.17,1.1989400933125969,-0.02894009331259695,-0.02894009331259695
DES_RHO,10.1002/aic.18095,1926,1.17,1.1790780447669518,-0.009078044766951843,-0.009078044766951843
DES_RHO,10.1002/aic.18095,1928,1.17,1.1848974375569012,-0.014897437556901316,-0.014897437556901316
DES_RHO,10.1002/aic.18095,1929,1.17,1.1586121702809187,0.011387829719081255,0.011387829719081255
DES_RHO,10.1002/aic.18095,1931,1.1699,1.1280535168502805,0.04184648314971939,0.04184648314971939
DES_RHO,10.1002/aic.18095,1933,1.1699,1.1563298362048091,0.013570163795190826,0.013570163795191048
DES_RHO,10.1002/aic.18095,1935,1.1697,1.0800040140186946,0.08969598598130535,0.08969598598130535
DES_RHO,10.1002/aic.18095,1938,1.1696,1.1389064039894488,0.030693596010551216,0.030693596010551216
DES_RHO,10.1002/aic.18095,1940,1.1696,1.1455327423187924,0.024067257681207543,0.024067257681207765
DES_RHO,10.1002/aic.18095,1941,1.1695,1.1561314118661847,0.013368588133815251,0.013368588133815251
DES_RHO,10.1002/aic.18095,1943,1.1693,1.1389064039894488,0.03039359601055125,0.03039359601055125
DES_RHO,10.1002/aic.18095,1947,1.1688,1.1070825844649557,0.061717415535044395,0.061717415535044395
DES_RHO,10.1002/aic.18095,1949,1.1688,1.1310775632857872,0.037722436714212826,0.037722436714212826
DES_RHO,10.1002/aic.18095,1951,1.1687,1.1326865827306685,0.036013417269331605,0.036013417269331605
DES_RHO,10.1002/aic.18095,1952,1.1685,1.1280535168502805,0.04044648314971955,0.04044648314971955
DES_RHO,10.1002/aic.18095,1954,1.1685,1.1532822063297468,0.015217793670253332,0.015217793670253332
DES_RHO,10.1002/aic.18095,1956,1.1684,1.0893502935097696,0.07904970649023046,0.07904970649023046
DES_RHO,10.1002/aic.18095,1958,1.1684,1.1305277196604318,0.037872280339568354,0.037872280339568354
DES_RHO,10.1002/aic.18095,1962,1.1683,1.200857800852279,-0.032557800852279106,-0.032557800852279106
DES_RHO,10.1002/aic.18095,1963,1.1683,1.1327929268032881,0.03550707319671176,0.03550707319671176
DES_RHO,10.1002/aic.18095,1964,1.1682,1.1347316058334915,0.033468394166508375,0.033468394166508375
DES_RHO,10.1002/aic.18095,1966,1.1682,1.140212126211671,0.02798787378832901,0.02798787378832901
DES_RHO,10.1002/aic.18095,1968,1.1682,1.163896557689376,0.004303442310623851,0.004303442310623851
DES_RHO,10.1002/aic.18095,1969,1.168,1.0754924762942366,0.09250752370576332,0.09250752370576332
DES_RHO,10.1002/aic.18095,1974,1.1679,1.1315029525053646,0.03639704749463535,0.03639704749463535
DES_RHO,10.1002/aic.18095,1977,1.1679,1.1456703305142977,0.022229669485702264,0.022229669485702264
DES_RHO,10.1002/aic.18095,1984,1.1672,1.1614777064974369,0.005722293502563147,0.005722293502563147
DES_RHO,10.1002/aic.18095,1986,1.1672,1.132954317981554,0.03424568201844602,0.03424568201844602
DES_RHO,10.1002/aic.18095,1989,1.1671,1.1631431247176973,0.003956875282302708,0.003956875282302708
DES_RHO,10.1002/aic.18095,1991,1.167,1.0757809939648133,0.09121900603518673,0.09121900603518673
DES_RHO,10.1002/aic.18095,1992,1.167,1.2163939932595185,-0.04939399325951843,-0.04939399325951843
DES_RHO,10.1002/aic.18095,1995,1.167,1.1956282445030733,-0.02862824450307322,-0.02862824450307322
DES_RHO,10.1002/aic.18095,1996,1.167,1.17851575270346,-0.011515752703459947,-0.011515752703459947
DES_RHO,10.1002/aic.18095,1999,1.167,1.1586121702809187,0.008387829719081363,0.008387829719081363
DES_RHO,10.1002/aic.18095,2000,1.1669,1.1346855091538097,0.032214490846190325,0.032214490846190325
DES_RHO,10.1002/aic.18095,2001,1.1669,1.1631996705847383,0.0037003294152617716,0.0037003294152617716
DES_RHO,10.1002/aic.18095,2004,1.1667,1.131372617254041,0.035327382745959035,0.035327382745959035
DES_RHO,10.1002/aic.18095,2005,1.1667,1.1312705855080094,0.03542941449199066,0.03542941449199111
DES_RHO,10.1002/aic.18095,2007,1.1664,1.1371810300356249,0.02921896996437523,0.02921896996437523
DES_RHO,10.1002/aic.18095,2010,1.1663,1.141202656235351,0.025097343764648894,0.025097343764648894
DES_RHO,10.1002/aic.18095,2012,1.1662,1.1371810300356249,0.02901896996437503,0.02901896996437503
DES_RHO,10.1002/aic.18095,2014,1.1661,1.1528393214091122,0.013260678590887753,0.013260678590887975
DES_RHO,10.1002/aic.18095,2016,1.166,1.126939355739169,0.039060644260831,0.039060644260831
DES_RHO,10.1002/aic.18095,2017,1.166,1.2087812832314837,-0.04278128323148378,-0.04278128323148378
DES_RHO,10.1002/aic.18095,2019,1.166,1.2009811772632764,-0.03498117726327643,-0.03498117726327643
DES_RHO,10.1002/aic.18095,2022,1.1652,1.0875611247267005,0.07763887527329949,0.07763887527329949
DES_RHO,10.1002/aic.18095,2027,1.165,1.13075492839059,0.03424507160941004,0.03424507160941004
DES_RHO,10.1002/aic.18095,2028,1.165,1.1419434310457262,0.02305656895427388,0.02305656895427388
DES_RHO,10.1002/aic.18095,2029,1.165,1.138924403989449,0.026075596010550983,0.026075596010551427
DES_RHO,10.1002/aic.18095,2031,1.165,1.1325937851116206,0.03240621488837947,0.03240621488837947
DES_RHO,10.1002/aic.18095,2035,1.1648,1.1312705855080094,0.03352941449199065,0.033529414491991094
DES_RHO,10.1002/aic.18095,2036,1.1648,1.1327580977434588,0.032041902256541244,0.032041902256541244
DES_RHO,10.1002/aic.18095,2039,1.1646,1.0844163683863706,0.08018363161362951,0.08018363161362951
DES_RHO,10.1002/aic.18095,2041,1.1646,1.1303744080609202,0.034225591939079925,0.034225591939079925
DES_RHO,10.1002/aic.18095,2043,1.1645,1.0652643858237825,0.09923561417621762,0.09923561417621762
DES_RHO,10.1002/aic.18095,2048,1.1642,1.1597564626298655,0.004443537370134365,0.004443537370134365
DES_RHO,10.1002/aic.18095,2050,1.1642,1.1467721064883236,0.017427893511676285,0.017427893511676285
DES_RHO,10.1002/aic.18095,2056,1.164,1.1948409397411686,-0.030840939741168638,-0.030840939741168638
DES_RHO,10.1002/aic.18095,2057,1.164,1.1779718161955237,-0.01397181619552379,-0.01397181619552379
DES_RHO,10.1002/aic.18095,2059,1.1638,1.161292800114523,0.002507199885476874,0.002507199885476874
DES_RHO,10.1002/aic.18095,2064,1.1635,1.132879317981554,0.030620682018446033,0.030620682018446033
DES_RHO,10.1002/aic.18095,2068,1.1633,1.1360419800356252,0.027258019964374824,0.027258019964374824
DES_RHO,10.1002/aic.18095,2070,1.1631,1.1400909347346295,0.0230090652653705,0.0230090652653705
DES_RHO,10.1002/aic.18095,2072,1.163,1.1360419800356252,0.026958019964374857,0.026958019964374857
DES_RHO,10.1002/aic.18095,2075,1.1627,1.131372617254041,0.03132738274595903,0.03132738274595903
DES_RHO,10.1002/aic.18095,2076,1.1627,1.1312705855080094,0.03142941449199066,0.0314294144919911
DES_RHO,10.1002/aic.18095,2077,1.1626,1.078232909757135,0.08436709024286504,0.08436709024286504
DES_RHO,10.1002/aic.18095,2079,1.1624,1.1524984973350378,0.009901502664962258,0.009901502664962258
DES_RHO,10.1002/aic.18095,2080,1.1623,1.1562920306492532,0.006007969350746878,0.006007969350746878
DES_RHO,10.1002/aic.18095,2082,1.1622,1.123444915527529,0.03875508447247089,0.03875508447247089
DES_RHO,10.1002/aic.18095,2086,1.162,1.086253311956138,0.07574668804386198,0.07574668804386198
DES_RHO,10.1002/aic.18095,2087,1.1619,1.134982785559321,0.02691721444067885,0.02691721444067885
DES_RHO,10.1002/aic.18095,2089,1.1619,1.1371990300356252,0.024700969964374764,0.024700969964375208
DES_RHO,10.1002/aic.18095,2091,1.1619,1.1303609684056688,0.031539031594331135,0.031539031594331135
DES_RHO,10.1002/aic.18095,2094,1.1616,1.130720099330761,0.03087990066923907,0.03087990066923907
DES_RHO,10.1002/aic.18095,2096,1.1613,1.1595036754338082,0.0017963245661918315,0.0017963245661918315
DES_RHO,10.1002/aic.18095,2099,1.1613,1.1327158032990143,0.028584196700985665,0.028584196700985665
DES_RHO,10.1002/aic.18095,2100,1.1613,1.1306016167910788,0.030698383208921154,0.030698383208921154
DES_RHO,10.1002/aic.18095,2102,1.1613,1.132549522413208,0.028750477586791945,0.028750477586791945
DES_RHO,10.1002/aic.18095,2104,1.1612,1.1597564626298655,0.0014435373701344734,0.0014435373701344734
DES_RHO,10.1002/aic.18095,2105,1.1612,1.157968125002678,0.003231874997321915,0.003231874997321915
DES_RHO,10.1002/aic.18095,2106,1.161,1.0754494939648134,0.08555050603518666,0.08555050603518666
DES_RHO,10.1002/aic.18095,2108,1.161,1.1921451073998985,-0.03114510739989851,-0.03114510739989851
DES_RHO,10.1002/aic.18095,2110,1.1609,1.1312705855080094,0.029629414491990635,0.02962941449199108
DES_RHO,10.1002/aic.18095,2114,1.1606,1.1530631157620144,0.007536884237985708,0.007536884237985264
DES_RHO,10.1002/aic.18095,2115,1.1605,1.1627965534359892,-0.0022965534359891127,-0.0022965534359891127
DES_RHO,10.1002/aic.18095,2116,1.1604,1.0832493681914388,0.0771506318085613,0.0771506318085613
DES_RHO,10.1002/aic.18095,2118,1.1603,1.1965479380504196,-0.03624793805041948,-0.03624793805041948
DES_RHO,10.1002/aic.18095,2122,1.1602,1.1347518800356249,0.025448119964375016,0.025448119964375016
DES_RHO,10.1002/aic.18095,2123,1.16,1.215684659926185,-0.0556846599261851,-0.0556846599261851
DES_RHO,10.1002/aic.18095,2127,1.16,1.139650101401296,0.02034989859870384,0.02034989859870384
DES_RHO,10.1002/aic.18095,2129,1.16,1.20071146133645,-0.040711461336450094,-0.040711461336450316
DES_RHO,10.1002/aic.18095,2131,1.1599,1.1347518800356249,0.02514811996437505,0.02514811996437505
DES_RHO,10.1002/aic.18095,2134,1.1599,1.1508280644743452,0.009071935525654773,0.009071935525654773
DES_RHO,10.1002/aic.18095,2136,1.1598,1.1330520957593317,0.026747904240668197,0.026747904240668197
DES_RHO,10.1002/aic.18095,2137,1.1596,1.144759291698672,0.014840708301327998,0.014840708301327998
DES_RHO,10.1002/aic.18095,2139,1.1595,1.0834992763228786,0.0760007236771214,0.07600072367712118
DES_RHO,10.1002/aic.18095,2141,1.1592,1.131576826887927,0.027623173112073074,0.027623173112073074
DES_RHO,10.1002/aic.18095,2143,1.1589,1.1361566705118156,0.02274332948818447,0.02274332948818447
DES_RHO,10.1002/aic.18095,2145,1.1588,1.084568076963353,0.07423192303664705,0.07423192303664705
DES_RHO,10.1002/aic.18095,2149,1.1586,1.131372617254041,0.02722738274595904,0.02722738274595904
DES_RHO,10.1002/aic.18095,2150,1.1586,1.1312705855080094,0.027329414491990667,0.02732941449199111
DES_RHO,10.1002/aic.18095,2152,1.1585,1.1578583393939221,0.0006416606060779539,0.0006416606060779539
DES_RHO,10.1002/aic.18095,2154,1.1584,1.116711920342343,0.041688079657657084,0.041688079657657084
DES_RHO,10.1002/aic.18095,2156,1.1583,1.1285479906278908,0.02975200937210931,0.02975200937210931
DES_RHO,10.1002/aic.18095,2158,1.1582,1.1575526316499267,0.0006473683500731742,0.0006473683500733962
DES_RHO,10.1002/aic.18095,2160,1.1582,1.1306778048863166,0.027522195113683257,0.027522195113683257
DES_RHO,10.1002/aic.18095,2163,1.158,1.191714374066565,-0.03371437406656508,-0.03371437406656508
DES_RHO,10.1002/aic.18095,2164,1.158,1.1306083390133008,0.027391660986699096,0.027391660986699096
DES_RHO,10.1002/aic.18095,2166,1.1578,1.1326408032990143,0.025159196700985653,0.025159196700985653
DES_RHO,10.1002/aic.18095,2167,1.1578,1.1621376540709287,-0.004337654070928787,-0.004337654070928565
DES_RHO,10.1002/aic.18095,2172,1.1576,1.1318136176513034,0.025786382348696568,0.025786382348696568
DES_RHO,10.1002/aic.18095,2174,1.1572,1.1344086124111727,0.02279138758882726,0.02279138758882726
DES_RHO,10.1002/aic.18095,2177,1.1571,1.1312705855080094,0.02582941449199061,0.025829414491991054
DES_RHO,10.1002/aic.18095,2179,1.157,1.1383050576936624,0.018694942306337614,0.018694942306337614
DES_RHO,10.1002/aic.18095,2180,1.157,0.9957309719858857,0.16126902801411436,0.16126902801411436
DES_RHO,10.1002/aic.18095,2185,1.157,1.1350947091361538,0.021905290863846183,0.021905290863846183
DES_RHO,10.1002/aic.18095,2186,1.157,1.138311281956852,0.01868871804314809,0.01868871804314809
DES_RHO,10.1002/aic.18095,2187,1.157,1.1619928148754757,-0.0049928148754756485,-0.0049928148754756485
DES_RHO,10.1002/aic.18095,2191,1.1567,1.1350947091361538,0.021605290863846216,0.021605290863846216
DES_RHO,10.1002/aic.18095,2193,1.1566,1.0642219452754411,0.09237805472455896,0.09237805472455896
DES_RHO,10.1002/aic.18095,2195,1.1563,1.1500114677932487,0.006288532206751407,0.006288532206751629
DES_RHO,10.1002/aic.18095,2197,1.1561,1.1330520957593317,0.02304790424066816,0.02304790424066816
DES_RHO,10.1002/aic.18095,2199,1.156,1.1383050576936624,0.017694942306337502,0.017694942306337502
DES_RHO,10.1002/aic.18095,2200,1.156,0.9950328767477904,0.16096712325220952,0.16096712325220952
DES_RHO,10.1002/aic.18095,2205,1.1558,1.1348665705118153,0.020933429488184663,0.020933429488184663
DES_RHO,10.1002/aic.18095,2206,1.1557,1.0819787711388196,0.07372122886118038,0.07372122886118038
DES_RHO,10.1002/aic.18095,2208,1.1557,1.115284326904376,0.040415673095623994,0.040415673095623994
DES_RHO,10.1002/aic.18095,2210,1.1556,1.0837252380744637,0.07187476192553621,0.07187476192553621
DES_RHO,10.1002/aic.18095,2211,1.1556,1.1572895656566606,-0.0016895656566606743,-0.0016895656566606743
DES_RHO,10.1002/aic.18095,2214,1.1555,1.1303745491101491,0.025125450889850853,0.025125450889850853
DES_RHO,10.1002/aic.18095,2216,1.1554,1.1574591293122565,-0.0020591293122564913,-0.0020591293122564913
DES_RHO,10.1002/aic.18095,2218,1.1553,1.0823152316835023,0.0729847683164977,0.0729847683164977
DES_RHO,10.1002/aic.18095,2220,1.1552,1.1553341967001574,-0.00013419670015735186,-0.00013419670015735186
DES_RHO,10.1002/aic.18095,2224,1.155,1.1907020566062476,-0.03570205660624759,-0.03570205660624737
DES_RHO,10.1002/aic.18095,2228,1.1549,1.1306028048863166,0.024297195113683445,0.024297195113683445
DES_RHO,10.1002/aic.18095,2229,1.1549,1.1620662554417798,-0.007166255441779734,-0.007166255441779734
DES_RHO,10.1002/aic.18095,2232,1.1548,1.1305660445688568,0.02423395543114326,0.024233955431143706
DES_RHO,10.1002/aic.18095,2234,1.1547,1.1236906197163945,0.03100938028360556,0.03100938028360556
DES_RHO,10.1002/aic.18095,2236,1.1546,1.1140246719296447,0.040575328070355354,0.040575328070355354
DES_RHO,10.1002/aic.18095,2237,1.1543,1.1608594460110067,-0.006559446011006553,-0.006559446011006553
DES_RHO,10.1002/aic.18095,2239,1.1542,1.132813581076792,0.021386418923207806,0.021386418923207806
DES_RHO,10.1002/aic.18095,2241,1.154,1.0749275941479635,0.07907240585203645,0.07907240585203623
DES_RHO,10.1002/aic.18095,2242,1.154,1.2156004932595184,-0.06160049325951844,-0.06160049325951844
DES_RHO,10.1002/aic.18095,2245,1.154,1.1366655746696943,0.017334425330305603,0.017334425330305603
DES_RHO,10.1002/aic.18095,2246,1.154,1.1929847412291854,-0.03898474122918549,-0.03898474122918549
DES_RHO,10.1002/aic.18095,2248,1.1539,1.1351302646917094,0.018769735308290514,0.018769735308290514
DES_RHO,10.1002/aic.18095,2249,1.1539,1.133702215667176,0.02019778433282382,0.02019778433282382
DES_RHO,10.1002/aic.18095,2251,1.1536,1.1351302646917094,0.018469735308290547,0.018469735308290547
DES_RHO,10.1002/aic.18095,2255,1.1531,1.1549808524077438,-0.0018808524077438271,-0.0018808524077438271
DES_RHO,10.1002/aic.18095,2258,1.1527,1.1352093996123442,0.01749060038765582,0.01749060038765582
DES_RHO,10.1002/aic.18095,2260,1.1527,1.1352488632937918,0.017451136706208237,0.017451136706208237
DES_RHO,10.1002/aic.18095,2261,1.1526,1.1492152344599156,0.003384765540084489,0.003384765540084489
DES_RHO,10.1002/aic.18095,2263,1.1523,1.1330520957593317,0.019247904240668356,0.019247904240668356
DES_RHO,10.1002/aic.18095,2264,1.1522,1.0797779898443471,0.07242201015565275,0.07242201015565275
DES_RHO,10.1002/aic.18095,2266,1.1522,1.1553452205337311,-0.00314522053373123,-0.00314522053373123
DES_RHO,10.1002/aic.18095,2268,1.152,1.1623194748862244,-0.010319474886224533,-0.010319474886224533
DES_RHO,10.1002/aic.18095,2272,1.1517,1.1294370126022129,0.022262987397787093,0.022262987397787093
DES_RHO,10.1002/aic.18095,2274,1.1517,1.112767527613851,0.03893247238614905,0.03893247238614905
DES_RHO,10.1002/aic.18095,2277,1.1515,1.1307755826640942,0.020724417335905798,0.020724417335905798
DES_RHO,10.1002/aic.18095,2278,1.1515,1.1304910445688567,0.021008955431143228,0.021008955431143228
DES_RHO,10.1002/aic.18095,2280,1.1512,1.1120483667709145,0.03915163322908555,0.03915163322908555
DES_RHO,10.1002/aic.18095,2282,1.1512,1.1208126026529026,0.03038739734709739,0.030387397347097167
DES_RHO,10.1002/aic.18095,2284,1.1511,1.1523811476272803,-0.0012811476272802658,-0.0012811476272802658
DES_RHO,10.1002/aic.18095,2285,1.1511,1.1355478707014408,0.015552129298559203,0.015552129298559203
DES_RHO,10.1002/aic.18095,2287,1.1509,1.132813581076792,0.018086418923207948,0.018086418923207948
DES_RHO,10.1002/aic.18095,2288,1.1508,1.1602215913813771,-0.009421591381377104,-0.009421591381377104
DES_RHO,10.1002/aic.18095,2290,1.1507,1.1351694424694874,0.01553055753051269,0.01553055753051269
DES_RHO,10.1002/aic.18095,2291,1.1506,1.0810194487216653,0.06958055127833473,0.06958055127833473
DES_RHO,10.1002/aic.18095,2295,1.1505,1.1351694424694874,0.015330557530512712,0.015330557530512712
DES_RHO,10.1002/aic.18095,2298,1.15,1.0814607387063888,0.0685392612936111,0.0685392612936111
DES_RHO,10.1002/aic.18095,2300,1.15,1.1364324449952499,0.013567555004750043,0.013567555004750043
DES_RHO,10.1002/aic.18095,2301,1.15,0.9915425330969971,0.15845746690300277,0.15845746690300277
DES_RHO,10.1002/aic.18095,2302,1.15,0.9915425330969971,0.15845746690300277,0.15845746690300277
DES_RHO,10.1002/aic.18095,2303,1.15,1.1553452205337311,-0.00534522053373121,-0.00534522053373121
DES_RHO,10.1002/aic.18095,2304,1.15,1.1844000368822218,-0.03440003688222193,-0.03440003688222193
DES_RHO,10.1002/aic.18095,2310,1.15,1.1848974375569012,-0.034897437556901334,-0.034897437556901334
DES_RHO,10.1002/aic.18095,2311,1.15,1.190508501820422,-0.040508501820422094,-0.040508501820422094
DES_RHO,10.1002/aic.18095,2315,1.1497,1.1352449551678998,0.014455044832100139,0.014455044832100139
DES_RHO,10.1002/aic.18095,2317,1.1496,1.1420029812098837,0.007597018790116206,0.007597018790116206
DES_RHO,10.1002/aic.18095,2319,1.1496,1.1607726991789868,-0.011172699178986889,-0.011172699178987111
DES_RHO,10.1002/aic.18095,2322,1.1493,1.162379977664002,-0.01307997766400204,-0.01307997766400204
DES_RHO,10.1002/aic.18095,2325,1.1493,1.1360920975535642,0.01320790244643577,0.01320790244643577
DES_RHO,10.1002/aic.18095,2328,1.1492,1.1549749206857618,-0.005774920685761797,-0.005774920685761797
DES_RHO,10.1002/aic.18095,2329,1.1492,1.1546383403750013,-0.005438340375001349,-0.005438340375001127
DES_RHO,10.1002/aic.18095,2333,1.149,1.1467888355181168,0.0022111644818831877,0.0022111644818831877
DES_RHO,10.1002/aic.18095,2335,1.1488,1.0608366525652113,0.08796334743478873,0.08796334743478873
DES_RHO,10.1002/aic.18095,2336,1.1486,1.1826448635943687,-0.034044863594368646,-0.034044863594368646
DES_RHO,10.1002/aic.18095,2337,1.1485,1.1595116167782025,-0.011011616778202393,-0.011011616778202393
DES_RHO,10.1002/aic.18095,2338,1.1484,1.188037400952381,-0.039637400952381,-0.039637400952381
DES_RHO,10.1002/aic.18095,2343,1.1483,1.1306638223466343,0.01763617765336578,0.01763617765336578
DES_RHO,10.1002/aic.18095,2345,1.1482,1.1345000929236628,0.013699907076337281,0.013699907076337281
DES_RHO,10.1002/aic.18095,2347,1.1481,1.1307755826640942,0.01732441733590573,0.01732441733590573
DES_RHO,10.1002/aic.18095,2348,1.1481,1.1887508107407407,-0.04065081074074084,-0.04065081074074084
DES_RHO,10.1002/aic.18095,2350,1.1481,1.1321692407518602,0.015930759248139692,0.015930759248139692
DES_RHO,10.1002/aic.18095,2352,1.148,1.1360970043969594,0.011902995603040534,0.011902995603040534
DES_RHO,10.1002/aic.18095,2353,1.148,0.9910621442081083,0.15693785579189157,0.15693785579189157
DES_RHO,10.1002/aic.18095,2354,1.148,0.9910621442081083,0.15693785579189157,0.15693785579189157
DES_RHO,10.1002/aic.18095,2356,1.148,1.1621332636324724,-0.01413326363247247,-0.01413326363247247
DES_RHO,10.1002/aic.18095,2358,1.148,1.1156754995532243,0.032324500446775595,0.03232450044677537
DES_RHO,10.1002/aic.18095,2360,1.148,1.1279629570466572,0.020037042953342743,0.020037042953342965
DES_RHO,10.1002/aic.18095,2363,1.1476,1.1350944424694875,0.012505557530512412,0.012505557530512412
DES_RHO,10.1002/aic.18095,2365,1.1476,1.1149168297693046,0.032683170230695335,0.032683170230695335
DES_RHO,10.1002/aic.18095,2366,1.1475,1.0749469977932367,0.0725530022067633,0.07255300220676308
DES_RHO,10.1002/aic.18095,2369,1.1474,1.1119822294693271,0.035417770530672854,0.035417770530672854
DES_RHO,10.1002/aic.18095,2372,1.1474,1.132813581076792,0.014586418923207889,0.014586418923207889
DES_RHO,10.1002/aic.18095,2373,1.1474,1.1350944424694875,0.012305557530512434,0.012305557530512434
DES_RHO,10.1002/aic.18095,2374,1.1471,1.0788186674271933,0.06828133257280666,0.06828133257280666
DES_RHO,10.1002/aic.18095,2375,1.1469,1.0689844552592833,0.07791554474071671,0.07791554474071716
DES_RHO,10.1002/aic.18095,2376,1.1469,1.0781722452014906,0.06872775479850946,0.06872775479850946
DES_RHO,10.1002/aic.18095,2377,1.1468,1.0836030325875106,0.06319696741248948,0.06319696741248948
DES_RHO,10.1002/aic.18095,2378,1.1468,1.129431012602213,0.01736898739778714,0.01736898739778714
DES_RHO,10.1002/aic.18095,2379,1.1468,1.1309358824434825,0.01586411755651751,0.01586411755651751
DES_RHO,10.1002/aic.18095,2381,1.1467,1.135284132945678,0.01141586705432207,0.011415867054322293
DES_RHO,10.1002/aic.18095,2383,1.1466,1.1915089175278868,-0.04490891752788673,-0.04490891752788673
DES_RHO,10.1002/aic.18095,2384,1.1465,1.1267282145502644,0.01977178544973568,0.01977178544973568
DES_RHO,10.1002/aic.18095,2387,1.1463,1.1372931135651634,0.009006886434836714,0.009006886434836714
DES_RHO,10.1002/aic.18095,2389,1.1462,1.1237318127705613,0.022468187229438774,0.022468187229438774
DES_RHO,10.1002/aic.18095,2390,1.1462,1.123463699410773,0.022736300589227154,0.022736300589226932
DES_RHO,10.1002/aic.18095,2391,1.1461,1.1483190434011101,-0.0022190434011102322,-0.0022190434011102322
DES_RHO,10.1002/aic.18095,2393,1.1461,1.1392122498606778,0.00688775013932208,0.00688775013932208
DES_RHO,10.1002/aic.18095,2394,1.1459,1.0667141808004088,0.07918581919959111,0.07918581919959133
DES_RHO,10.1002/aic.18095,2397,1.1458,1.1542356420532827,-0.008435642053282733,-0.008435642053282288
DES_RHO,10.1002/aic.18095,2398,1.1456,1.0802952910873411,0.06530470891265883,0.06530470891265883
DES_RHO,10.1002/aic.18095,2400,1.1456,1.1095877035518018,0.036012296448198144,0.036012296448198144
DES_RHO,10.1002/aic.18095,2405,1.1453,1.1348429220241918,0.010457077975808193,0.010457077975808193
DES_RHO,10.1002/aic.18095,2407,1.1453,1.143955270126102,0.0013447298738979985,0.0013447298738979985
DES_RHO,10.1002/aic.18095,2409,1.1451,1.1306638223466343,0.01443617765336569,0.01443617765336569
DES_RHO,10.1002/aic.18095,2411,1.145,1.0694566088551256,0.0755433911448744,0.07554339114487418
DES_RHO,10.1002/aic.18095,2413,1.145,1.1335703352729463,0.011429664727053757,0.011429664727053757
DES_RHO,10.1002/aic.18095,2414,1.145,0.9896214005573143,0.15537859944268573,0.15537859944268573
DES_RHO,10.1002/aic.18095,2415,1.145,0.9896214005573143,0.15537859944268573,0.15537859944268573
DES_RHO,10.1002/aic.18095,2418,1.1448,1.1334374216276384,0.011362578372361654,0.011362578372361654
DES_RHO,10.1002/aic.18095,2421,1.1447,1.1307755826640942,0.013924417335905881,0.013924417335905881
DES_RHO,10.1002/aic.18095,2423,1.1444,1.1352729609880057,0.009127039011994409,0.009127039011994409
DES_RHO,10.1002/aic.18095,2425,1.1444,1.1204710877381892,0.02392891226181093,0.02392891226181093
DES_RHO,10.1002/aic.18095,2427,1.1443,1.1352729609880057,0.00902703901199442,0.00902703901199442
DES_RHO,10.1002/aic.18095,2429,1.1442,1.1826283729343932,-0.03842837293439305,-0.03842837293439305
DES_RHO,10.1002/aic.18095,2431,1.1442,1.1267282145502644,0.01747178544973571,0.01747178544973571
DES_RHO,10.1002/aic.18095,2433,1.1441,1.1096688390285645,0.03443116097143539,0.034431160971435615
DES_RHO,10.1002/aic.18095,2436,1.1437,1.135209132945678,0.008490867054322004,0.008490867054322004
DES_RHO,10.1002/aic.18095,2438,1.1435,1.1122109088344068,0.0312890911655932,0.0312890911655932
DES_RHO,10.1002/aic.18095,2441,1.1431,1.1541728420532822,-0.011072842053282184,-0.011072842053282184
DES_RHO,10.1002/aic.18095,2443,1.143,1.132776187124798,0.01022381287520191,0.01022381287520191
DES_RHO,10.1002/aic.18095,2444,1.143,0.987159225160488,0.15584077483951198,0.15584077483951198
DES_RHO,10.1002/aic.18095,2445,1.143,0.987159225160488,0.15584077483951198,0.15584077483951198
DES_RHO,10.1002/aic.18095,2446,1.143,1.1545268459305567,-0.01152684593055664,-0.011526845930556417
DES_RHO,10.1002/aic.18095,2449,1.143,1.1143470106643358,0.02865298933566418,0.02865298933566418
DES_RHO,10.1002/aic.18095,2450,1.1429,1.0773601857472994,0.06553981425270061,0.06553981425270039
DES_RHO,10.1002/aic.18095,2454,1.1427,1.1362534835507332,0.006446516449266859,0.006446516449266859
DES_RHO,10.1002/aic.18095,2456,1.1425,1.1224475572150057,0.020052442784994406,0.020052442784994406
DES_RHO,10.1002/aic.18095,2457,1.1425,1.122192888299662,0.020307111700338165,0.020307111700338165
DES_RHO,10.1002/aic.18095,2459,1.1425,1.1278242602708588,0.014675739729141268,0.014675739729141268
DES_RHO,10.1002/aic.18095,2461,1.1424,1.1348066998019692,0.007593300198030839,0.007593300198030839
DES_RHO,10.1002/aic.18095,2464,1.1421,1.106911460430109,0.035188539569890986,0.035188539569890986
DES_RHO,10.1002/aic.18095,2466,1.142,1.1276851625322264,0.014314837467773511,0.014314837467773511
DES_RHO,10.1002/aic.18095,2468,1.1419,1.1306638223466343,0.011236177653365598,0.011236177653365598
DES_RHO,10.1002/aic.18095,2470,1.1417,1.1412206695970013,0.0004793304029986345,0.0004793304029986345
DES_RHO,10.1002/aic.18095,2471,1.1415,1.1929346528384417,-0.05143465283844173,-0.05143465283844195
DES_RHO,10.1002/aic.18095,2474,1.1412,1.1352729609880057,0.005927039011994317,0.005927039011994317
DES_RHO,10.1002/aic.18095,2477,1.141,1.1425517073333937,-0.0015517073333937148,-0.0015517073333937148
DES_RHO,10.1002/aic.18095,2478,1.141,1.1324145909496421,0.008585409050357873,0.008585409050357873
DES_RHO,10.1002/aic.18095,2480,1.1408,1.171505606400002,-0.030705606400001972,-0.030705606400001972
DES_RHO,10.1002/aic.18095,2483,1.1407,1.1353876514641963,0.005312348535803757,0.005312348535803979
DES_RHO,10.1002/aic.18095,2486,1.1406,1.1062974670708923,0.03430253292910779,0.03430253292910779
DES_RHO,10.1002/aic.18095,2488,1.1406,1.1187243500397765,0.02187564996022351,0.02187564996022351
DES_RHO,10.1002/aic.18095,2489,1.1405,1.078984239871536,0.06151576012846416,0.06151576012846416
DES_RHO,10.1002/aic.18095,2491,1.1405,1.1247508608465608,0.01574913915343923,0.01574913915343923
DES_RHO,10.1002/aic.18095,2493,1.1404,1.1324145909496421,0.007985409050357939,0.007985409050357939
DES_RHO,10.1002/aic.18095,2495,1.1403,1.1529992750508402,-0.01269927505084012,-0.01269927505084012
DES_RHO,10.1002/aic.18095,2497,1.14,1.1974696832272307,-0.05746968322723078,-0.05746968322723078
DES_RHO,10.1002/aic.18095,2503,1.1399,1.0679143362116645,0.07198566378833537,0.0719856637883356
DES_RHO,10.1002/aic.18095,2505,1.1399,1.0843974581274516,0.05550254187254833,0.05550254187254833
DES_RHO,10.1002/aic.18095,2508,1.1398,1.1267586320037255,0.013041367996274422,0.013041367996274422
DES_RHO,10.1002/aic.18095,2510,1.1398,1.1351258266644293,0.0046741733355706305,0.0046741733355706305
DES_RHO,10.1002/aic.18095,2512,1.1397,1.1116455588344067,0.02805444116559319,0.02805444116559319
DES_RHO,10.1002/aic.18095,2514,1.1396,1.1348458775797476,0.004754122420252305,0.004754122420252305
DES_RHO,10.1002/aic.18095,2515,1.1391,1.1178770960546114,0.021222903945388616,0.021222903945388616
DES_RHO,10.1002/aic.18095,2518,1.1391,1.1352448891062887,0.0038551108937112666,0.0038551108937112666
DES_RHO,10.1002/aic.18095,2520,1.1389,1.0658049561972343,0.07309504380276577,0.07309504380276599
DES_RHO,10.1002/aic.18095,2522,1.1388,1.190890390146935,-0.05209039014693495,-0.05209039014693473
DES_RHO,10.1002/aic.18095,2524,1.1388,1.1214261818181805,0.01737381818181949,0.01737381818181949
DES_RHO,10.1002/aic.18095,2525,1.1388,1.121145885125059,0.01765411487494095,0.01765411487494095
DES_RHO,10.1002/aic.18095,2528,1.1384,1.1222087134581529,0.016191286541847205,0.016191286541847205
DES_RHO,10.1002/aic.18095,2530,1.1384,1.1057750278904266,0.03262497210957349,0.03262497210957349
DES_RHO,10.1002/aic.18095,2531,1.1383,1.192904875060664,-0.054604875060663804,-0.054604875060664027
DES_RHO,10.1002/aic.18095,2533,1.1381,1.1352729609880057,0.0028270390119942146,0.0028270390119942146
DES_RHO,10.1002/aic.18095,2535,1.1381,1.1289639502736222,0.009136049726377715,0.009136049726377715
DES_RHO,10.1002/aic.18095,2537,1.138,1.0660410766593587,0.07195892334064125,0.07195892334064102
DES_RHO,10.1002/aic.18095,2541,1.138,1.192904875060664,-0.054904875060663993,-0.054904875060664216
DES_RHO,10.1002/aic.18095,2542,1.138,1.1261242974311243,0.011875702568875601,0.011875702568875601
DES_RHO,10.1002/aic.18095,2544,1.138,1.1100906953083953,0.027909304691604575,0.027909304691604575
DES_RHO,10.1002/aic.18095,2545,1.138,1.1636128994056671,-0.025612899405667244,-0.025612899405667466
DES_RHO,10.1002/aic.18095,2547,1.138,1.1398034915546733,-0.0018034915546734087,-0.0018034915546734087
DES_RHO,10.1002/aic.18095,2550,1.1377,1.1353876514641963,0.0023123485358036433,0.0023123485358038653
DES_RHO,10.1002/aic.18095,2553,1.1374,1.151693191717507,-0.014293191717507092,-0.014293191717507092
DES_RHO,10.1002/aic.18095,2554,1.1374,1.1526405821387926,-0.015240582138792647,-0.015240582138792647
DES_RHO,10.1002/aic.18095,2556,1.1373,1.1702125667174625,-0.032912566717462566,-0.032912566717462566
DES_RHO,10.1002/aic.18095,2558,1.1371,1.1264490593358862,0.010650940664113762,0.010650940664113762
DES_RHO,10.1002/aic.18095,2560,1.1371,1.1031546174677174,0.03394538253228263,0.03394538253228263
DES_RHO,10.1002/aic.18095,2561,1.137,1.0845067322931534,0.05249326770684659,0.05249326770684637
DES_RHO,10.1002/aic.18095,2563,1.137,1.0826098078629012,0.054390192137098836,0.054390192137098836
DES_RHO,10.1002/aic.18095,2565,1.1369,1.1162426892783157,0.020657310721684308,0.020657310721684086
DES_RHO,10.1002/aic.18095,2566,1.1368,1.1267913788291224,0.01000862117087764,0.01000862117087764
DES_RHO,10.1002/aic.18095,2568,1.1367,1.0987606980598859,0.03793930194011419,0.03793930194011419
DES_RHO,10.1002/aic.18095,2569,1.1367,1.1347708775797474,0.0019291224202526713,0.0019291224202526713
DES_RHO,10.1002/aic.18095,2571,1.1367,1.123497421693122,0.013202578306878099,0.013202578306878099
DES_RHO,10.1002/aic.18095,2572,1.1366,1.068178319735033,0.06842168026496709,0.06842168026496731
DES_RHO,10.1002/aic.18095,2573,1.1365,1.0766715990532547,0.05982840094674535,0.05982840094674535
DES_RHO,10.1002/aic.18095,2576,1.1362,1.069996974076062,0.06620302592393812,0.06620302592393812
DES_RHO,10.1002/aic.18095,2578,1.136,1.0764011409399308,0.05959885906006912,0.05959885906006912
DES_RHO,10.1002/aic.18095,2580,1.136,1.1298644853780067,0.006135514621993243,0.006135514621993021
DES_RHO,10.1002/aic.18095,2581,1.136,0.98605963706525,0.14994036293474988,0.14994036293474988
DES_RHO,10.1002/aic.18095,2582,1.136,0.98605963706525,0.14994036293474988,0.14994036293474988
DES_RHO,10.1002/aic.18095,2583,1.1356,1.071845206219254,0.06375479378074589,0.06375479378074611
DES_RHO,10.1002/aic.18095,2585,1.1355,1.1324290097412097,0.003070990258790207,0.003070990258790207
DES_RHO,10.1002/aic.18095,2586,1.1354,1.127656339872016,0.007743660127983887,0.007743660127983887
DES_RHO,10.1002/aic.18095,2587,1.1352,1.0756307481524066,0.05956925184759343,0.05956925184759343
DES_RHO,10.1002/aic.18095,2590,1.1351,1.1250587152001894,0.01004128479981059,0.01004128479981059
DES_RHO,10.1002/aic.18095,2592,1.135,1.1197471302308786,0.015252869769121435,0.015252869769121657
DES_RHO,10.1002/aic.18095,2593,1.135,1.1194784311568047,0.015521568843195332,0.015521568843195332
DES_RHO,10.1002/aic.18095,2596,1.1348,1.117552078826118,0.017247921173882075,0.017247921173882297
DES_RHO,10.1002/aic.18095,2598,1.1347,1.1377872680390486,-0.003087268039048574,-0.003087268039048574
DES_RHO,10.1002/aic.18095,2599,1.1347,1.1353876514641963,-0.0006876514641962483,-0.0006876514641960263
DES_RHO,10.1002/aic.18095,2601,1.1346,1.117552078826118,0.017047921173882097,0.01704792117388232
DES_RHO,10.1002/aic.18095,2603,1.1344,1.151200093304809,-0.016800093304808916,-0.016800093304808916
DES_RHO,10.1002/aic.18095,2605,1.1344,1.1386909290005607,-0.004290929000560606,-0.004290929000560606
DES_RHO,10.1002/aic.18095,2608,1.1341,1.082184224529568,0.051915775470432024,0.051915775470432024
DES_RHO,10.1002/aic.18095,2611,1.1341,1.1171663961413592,0.016933603858640955,0.016933603858641177
DES_RHO,10.1002/aic.18095,2612,1.1341,1.123497421693122,0.010602578306878163,0.010602578306878163
DES_RHO,10.1002/aic.18095,2614,1.134,1.1694576738603195,-0.035457673860319616,-0.035457673860319616
DES_RHO,10.1002/aic.18095,2616,1.134,1.128419556012927,0.005580443987072803,0.005580443987072581
DES_RHO,10.1002/aic.18095,2617,1.134,0.985617264049377,0.1483827359506229,0.1483827359506229
DES_RHO,10.1002/aic.18095,2618,1.134,0.985617264049377,0.1483827359506229,0.1483827359506229
DES_RHO,10.1002/aic.18095,2621,1.134,1.121738875762052,0.012261124237948007,0.012261124237948007
DES_RHO,10.1002/aic.18095,2624,1.1339,1.1509711277942636,-0.017071127794263674,-0.017071127794263674
DES_RHO,10.1002/aic.18095,2625,1.1339,1.134949396098266,-0.0010493960982660422,-0.0010493960982660422
DES_RHO,10.1002/aic.18095,2627,1.1338,1.1333345385331166,0.00046546146688331014,0.00046546146688331014
DES_RHO,10.1002/aic.18095,2631,1.1337,1.1169742350302478,0.016725764969752088,0.016725764969752088
DES_RHO,10.1002/aic.18095,2632,1.1337,1.121738875762052,0.01196112423794804,0.01196112423794804
DES_RHO,10.1002/aic.18095,2634,1.1336,1.1011669243460245,0.03243307565397546,0.03243307565397546
DES_RHO,10.1002/aic.18095,2636,1.133,1.0647224024815054,0.0682775975184946,0.0682775975184946
DES_RHO,10.1002/aic.18095,2638,1.133,1.1078202282449034,0.02517977175509656,0.02517977175509656
DES_RHO,10.1002/aic.18095,2639,1.133,1.1405786947494594,-0.00757869474945938,-0.00757869474945938
DES_RHO,10.1002/aic.18095,2641,1.133,1.1229405228835978,0.010059477116402205,0.010059477116402205
DES_RHO,10.1002/aic.18095,2643,1.133,1.1152398142783158,0.017760185721684252,0.017760185721684252
DES_RHO,10.1002/aic.18095,2644,1.1328,1.1064079792037422,0.026392020796257798,0.026392020796257798
DES_RHO,10.1002/aic.18095,2645,1.1328,1.1064079792037422,0.026392020796257798,0.026392020796257798
DES_RHO,10.1002/aic.18095,2648,1.1326,1.1050240402337843,0.02757595976621574,0.02757595976621574
DES_RHO,10.1002/aic.18095,2649,1.1325,1.0752741673733608,0.05722583262663927,0.05722583262663927
DES_RHO,10.1002/aic.18095,2651,1.132,1.1141983940175748,0.017801605982425084,0.017801605982425084
DES_RHO,10.1002/aic.18095,2653,1.132,1.0626486303767464,0.0693513696232535,0.0693513696232535
DES_RHO,10.1002/aic.18095,2655,1.132,1.121738875762052,0.010261124237948005,0.010261124237948005
DES_RHO,10.1002/aic.18095,2656,1.1319,1.06271611691152,0.06918388308847989,0.06918388308847989
DES_RHO,10.1002/aic.18095,2658,1.1319,1.1291928554603055,0.0027071445396944505,0.0027071445396944505
DES_RHO,10.1002/aic.18095,2660,1.1318,1.0893385271269398,0.042461472873060124,0.042461472873060124
DES_RHO,10.1002/aic.18095,2661,1.1317,1.1519498301546658,-0.02024983015466586,-0.02024983015466586
DES_RHO,10.1002/aic.18095,2663,1.1317,1.1264304705829427,0.005269529417057273,0.005269529417057273
DES_RHO,10.1002/aic.18095,2666,1.1316,1.0807317042914726,0.050868295708527356,0.050868295708527134
DES_RHO,10.1002/aic.18095,2668,1.1315,1.082995925875233,0.04850407412476687,0.04850407412476687
DES_RHO,10.1002/aic.18095,2669,1.1314,1.1058431440439194,0.025556855956080593,0.025556855956080593
DES_RHO,10.1002/aic.18095,2671,1.1313,1.1183978099567078,0.012902190043292183,0.012902190043292183
DES_RHO,10.1002/aic.18095,2672,1.1313,1.1181086442159673,0.013191355784032632,0.013191355784032632
DES_RHO,10.1002/aic.18095,2674,1.1312,1.0735958604157,0.057604139584299885,0.057604139584299885
DES_RHO,10.1002/aic.18095,2677,1.1312,1.1160876415245304,0.015112358475469545,0.015112358475469767
DES_RHO,10.1002/aic.18095,2679,1.1311,1.1509925218762374,-0.019892521876237357,-0.019892521876237357
DES_RHO,10.1002/aic.18095,2681,1.1311,1.134949396098266,-0.003849396098265956,-0.003849396098265956
DES_RHO,10.1002/aic.18095,2682,1.131,1.0707261641557615,0.06027383584423851,0.06027383584423851
DES_RHO,10.1002/aic.18095,2684,1.131,1.1200753995715755,0.010924600428424469,0.010924600428424469
DES_RHO,10.1002/aic.18095,2686,1.1309,1.081368184220218,0.04953181577978194,0.04953181577978194
DES_RHO,10.1002/aic.18095,2688,1.1307,1.1678980627492084,-0.03719806274920834,-0.03719806274920834
DES_RHO,10.1002/aic.18095,2690,1.1307,1.1374731996354814,-0.006773199635481397,-0.006773199635481397
DES_RHO,10.1002/aic.18095,2692,1.1303,1.1200753995715755,0.010224600428424546,0.010224600428424546
DES_RHO,10.1002/aic.18095,2695,1.1301,1.1003744799015804,0.029725520098419667,0.029725520098419445
DES_RHO,10.1002/aic.18095,2696,1.13,1.0812441056529418,0.04875589434705807,0.04875589434705785
DES_RHO,10.1002/aic.18095,2698,1.13,1.0917540274090134,0.0382459725909865,0.0382459725909865
DES_RHO,10.1002/aic.18095,2700,1.13,1.1864719323759776,-0.056471932375977696,-0.056471932375977696
DES_RHO,10.1002/aic.18095,2701,1.13,1.1398174631060642,-0.00981746310606435,-0.00981746310606435
DES_RHO,10.1002/aic.18095,2703,1.1297,1.133566068868775,-0.003866068868775052,-0.003866068868775052
DES_RHO,10.1002/aic.18095,2706,1.1294,1.1059632969502728,0.023436703049727114,0.023436703049727114
DES_RHO,10.1002/aic.18095,2707,1.1294,1.111871996553448,0.01752800344655192,0.01752800344655192
DES_RHO,10.1002/aic.18095,2709,1.1293,1.1209318107623851,0.008368189237614843,0.008368189237614843
DES_RHO,10.1002/aic.18095,2710,1.1293,1.1183201040468789,0.0109798959531211,0.0109798959531211
DES_RHO,10.1002/aic.18095,2713,1.1292,1.122795815740741,0.006404184259259038,0.006404184259259038
DES_RHO,10.1002/aic.18095,2714,1.1288,1.1304436214641471,-0.0016436214641470936,-0.0016436214641470936
DES_RHO,10.1002/aic.18095,2715,1.1288,1.1244601169243607,0.0043398830756393725,0.0043398830756393725
DES_RHO,10.1002/aic.18095,2717,1.1287,1.0787410516459703,0.0499589483540297,0.04995894835402992
DES_RHO,10.1002/aic.18095,2719,1.1285,1.104598177270821,0.023901822729178956,0.023901822729178956
DES_RHO,10.1002/aic.18095,2722,1.1283,1.134949396098266,-0.0066493960982658695,-0.0066493960982658695
DES_RHO,10.1002/aic.18095,2725,1.1282,1.1263586938200938,0.001841306179906299,0.001841306179906299
DES_RHO,10.1002/aic.18095,2728,1.128,1.114459199018425,0.013540800981574952,0.013540800981574952
DES_RHO,10.1002/aic.18095,2730,1.128,1.1021619958374957,0.025838004162504147,0.025838004162503925
DES_RHO,10.1002/aic.18095,2732,1.1276,1.1105372682441073,0.01706273175589268,0.0170627317558929
DES_RHO,10.1002/aic.18095,2735,1.1275,1.1105372682441073,0.01696273175589269,0.016962731755892912
DES_RHO,10.1002/aic.18095,2737,1.1275,1.1167937895863373,0.010706210413662598,0.010706210413662598
DES_RHO,10.1002/aic.18095,2738,1.1275,1.116475623845597,0.011024376154402882,0.011024376154402882
DES_RHO,10.1002/aic.18095,2740,1.1274,1.1648137364144318,-0.0374137364144318,-0.0374137364144318
DES_RHO,10.1002/aic.18095,2742,1.1273,1.1097165688926816,0.017583431107318415,0.017583431107318415
DES_RHO,10.1002/aic.18095,2744,1.127,1.1093321411149037,0.017667858885096255,0.017667858885096255
DES_RHO,10.1002/aic.18095,2746,1.127,1.13683820836564,-0.009838208365640089,-0.00983820836564031
DES_RHO,10.1002/aic.18095,2748,1.1269,1.114459199018425,0.012440800981575073,0.012440800981575073
DES_RHO,10.1002/aic.18095,2749,1.1269,1.135181083329333,-0.008281083329332972,-0.008281083329332972
DES_RHO,10.1002/aic.18095,2750,1.1268,1.1826448635943687,-0.05584486359436869,-0.05584486359436869
DES_RHO,10.1002/aic.18095,2753,1.1266,1.1002980082084588,0.026301991791541246,0.026301991791541246
DES_RHO,10.1002/aic.18095,2754,1.1265,1.069633807384401,0.05686619261559911,0.05686619261559933
DES_RHO,10.1002/aic.18095,2756,1.1264,1.1596139901590874,-0.033213990159087325,-0.033213990159087325
DES_RHO,10.1002/aic.18095,2758,1.126,1.0630020455523232,0.06299795444767664,0.06299795444767686
DES_RHO,10.1002/aic.18095,2761,1.1257,1.0768838595824786,0.04881614041752136,0.04881614041752158
DES_RHO,10.1002/aic.18095,2764,1.1256,1.10776983345821,0.017830166541789927,0.017830166541789927
DES_RHO,10.1002/aic.18095,2767,1.1255,1.122228507804233,0.003271492195766834,0.003271492195766834
DES_RHO,10.1002/aic.18095,2769,1.1254,1.1813254440888734,-0.055925444088873455,-0.0559254440888739
DES_RHO,10.1002/aic.18095,2771,1.1252,1.0848334768046222,0.04036652319537781,0.04036652319537781
DES_RHO,10.1002/aic.18095,2772,1.1252,1.11530769610302,0.009892303896980037,0.009892303896980037
DES_RHO,10.1002/aic.18095,2774,1.1251,1.1841617761808558,-0.05906177618085584,-0.059061776180856285
DES_RHO,10.1002/aic.18095,2775,1.125,1.1075206957274923,0.017479304272507656,0.017479304272507434
DES_RHO,10.1002/aic.18095,2777,1.125,1.0598274471095506,0.06517255289044943,0.06517255289044943
DES_RHO,10.1002/aic.18095,2778,1.125,1.073812702517486,0.05118729748251405,0.05118729748251405
DES_RHO,10.1002/aic.18095,2780,1.125,1.1093769572723933,0.015623042727606729,0.015623042727606729
DES_RHO,10.1002/aic.18095,2781,1.1249,1.0609536009876288,0.0639463990123712,0.06394639901237098
DES_RHO,10.1002/aic.18095,2783,1.1249,1.1189489736411729,0.005951026358827161,0.005951026358827161
DES_RHO,10.1002/aic.18095,2784,1.1249,1.11693994510027,0.007960054899730062,0.007960054899730062
DES_RHO,10.1002/aic.18095,2787,1.1247,1.2333347686503386,-0.10863476865033861,-0.10863476865033861
DES_RHO,10.1002/aic.18095,2789,1.1246,1.123740490813841,0.0008595091861589577,0.0008595091861589577
DES_RHO,10.1002/aic.18095,2792,1.1243,1.0779043156294161,0.046395684370583945,0.046395684370583945
DES_RHO,10.1002/aic.18095,2793,1.1242,1.1240018670870435,0.0001981329129565612,0.0001981329129565612
DES_RHO,10.1002/aic.18095,2794,1.1241,1.122795815740741,0.0013041842592591557,0.0013041842592591557
DES_RHO,10.1002/aic.18095,2796,1.124,1.105898720942519,0.018101279057481046,0.018101279057480824
DES_RHO,10.1002/aic.18095,2798,1.124,1.0981394423983428,0.025860557601657286,0.025860557601657286
DES_RHO,10.1002/aic.18095,2801,1.1238,1.075957058839073,0.04784294116092691,0.04784294116092691
DES_RHO,10.1002/aic.18095,2802,1.1238,1.1338065488055231,-0.010006548805523208,-0.010006548805523208
DES_RHO,10.1002/aic.18095,2804,1.1237,1.1151901681577663,0.00850983184223364,0.00850983184223364
DES_RHO,10.1002/aic.18095,2805,1.1237,1.114982623581047,0.008717376418952982,0.008717376418952982
DES_RHO,10.1002/aic.18095,2807,1.1236,1.1093769572723933,0.01422304272760666,0.01422304272760666
DES_RHO,10.1002/aic.18095,2808,1.1233,1.1289526831544894,-0.005652683154489413,-0.005652683154489413
DES_RHO,10.1002/aic.18095,2809,1.1233,1.2313652876380394,-0.10806528763803946,-0.10806528763803946
DES_RHO,10.1002/aic.18095,2811,1.1233,1.1375420319587135,-0.014242031958713541,-0.014242031958713763
DES_RHO,10.1002/aic.18095,2812,1.123,1.0779276784179483,0.045072321582051655,0.045072321582051655
DES_RHO,10.1002/aic.18095,2814,1.123,1.0879974753719763,0.03500252462802367,0.035002524628023446
DES_RHO,10.1002/aic.18095,2816,1.1229,1.0752706279687225,0.047629372031277484,0.047629372031277484
DES_RHO,10.1002/aic.18095,2818,1.1229,1.188087080868745,-0.06518708086874492,-0.0651870808687447
DES_RHO,10.1002/aic.18095,2819,1.1226,1.0670410951375482,0.05555890486245185,0.055558904862452074
DES_RHO,10.1002/aic.18095,2821,1.1221,1.233663203174148,-0.11156320317414781,-0.11156320317414781
DES_RHO,10.1002/aic.18095,2824,1.1218,1.1064922286963048,0.015307771303695095,0.015307771303695095
DES_RHO,10.1002/aic.18095,2826,1.1217,1.0736539715143458,0.04804602848565409,0.04804602848565409
DES_RHO,10.1002/aic.18095,2827,1.1217,1.2313289199473074,-0.1096289199473075,-0.1096289199473075
DES_RHO,10.1002/aic.18095,2829,1.1217,1.1238543256613758,-0.0021543256613758555,-0.0021543256613758555
DES_RHO,10.1002/aic.18095,2834,1.121,1.1262585556161018,-0.005258555616101779,-0.005258555616101779
DES_RHO,10.1002/aic.18095,2835,1.121,0.9823063212340057,0.13869367876599425,0.13869367876599425
DES_RHO,10.1002/aic.18095,2836,1.121,0.9823063212340057,0.13869367876599425,0.13869367876599425
DES_RHO,10.1002/aic.18095,2838,1.121,1.121994051177952,-0.0009940511779520378,-0.0009940511779520378
DES_RHO,10.1002/aic.18095,2839,1.121,1.1060117056850918,0.014988294314908224,0.014988294314908224
DES_RHO,10.1002/aic.18095,2841,1.121,1.1218882647676653,-0.0008882647676653477,-0.0008882647676653477
DES_RHO,10.1002/aic.18095,2843,1.1209,1.1026769058631543,0.018223094136845752,0.018223094136845752
DES_RHO,10.1002/aic.18095,2845,1.1209,1.1487209659692155,-0.02782096596921546,-0.027820965969215683
DES_RHO,10.1002/aic.18095,2846,1.1206,1.132191814737385,-0.01159181473738502,-0.011591814737384798
DES_RHO,10.1002/aic.18095,2847,1.1206,1.1322000415789666,-0.011600041578966547,-0.011600041578966547
DES_RHO,10.1002/aic.18095,2849,1.1206,1.1213181292763077,-0.0007181292763076552,-0.0007181292763076552
DES_RHO,10.1002/aic.18095,2850,1.1204,1.04818134999094,0.07221865000906003,0.07221865000906003
DES_RHO,10.1002/aic.18095,2852,1.1204,1.0716409574177348,0.048759042582265266,0.048759042582265266
DES_RHO,10.1002/aic.18095,2855,1.1204,1.10273256762284,0.017667432377159953,0.017667432377159953
DES_RHO,10.1002/aic.18095,2856,1.1204,1.1026769058631543,0.017723094136845807,0.017723094136845807
DES_RHO,10.1002/aic.18095,2858,1.1203,1.1060117056850918,0.0142882943149083,0.0142882943149083
DES_RHO,10.1002/aic.18095,2862,1.1202,1.1024951120672843,0.01770488793271574,0.01770488793271574
DES_RHO,10.1002/aic.18095,2863,1.1202,1.2305881443840712,-0.11038814438407107,-0.11038814438407107
DES_RHO,10.1002/aic.18095,2864,1.1202,1.1885640402380948,-0.06836404023809473,-0.06836404023809473
DES_RHO,10.1002/aic.18095,2865,1.1201,1.1807186378451178,-0.06061863784511767,-0.06061863784511812
DES_RHO,10.1002/aic.18095,2866,1.1201,1.1221478066069002,-0.002047806606900071,-0.002047806606900071
DES_RHO,10.1002/aic.18095,2868,1.12,1.0745112105084047,0.045488789491595405,0.045488789491595405
DES_RHO,10.1002/aic.18095,2876,1.12,1.1588032035793672,-0.03880320357936706,-0.03880320357936706
DES_RHO,10.1002/aic.18095,2877,1.12,1.1929346528384417,-0.07293465283844158,-0.0729346528384418
DES_RHO,10.1002/aic.18095,2879,1.12,1.1866289422966125,-0.06662894229661243,-0.06662894229661243
DES_RHO,10.1002/aic.18095,2882,1.1199,1.114636408633957,0.005263591366042819,0.005263591366042819
DES_RHO,10.1002/aic.18095,2883,1.1199,1.1144024192159678,0.005497580784032063,0.005497580784032063
DES_RHO,10.1002/aic.18095,2886,1.1196,1.1278125267692083,-0.008212526769208361,-0.008212526769208361
DES_RHO,10.1002/aic.18095,2887,1.1195,1.1214317837176346,-0.0019317837176346941,-0.0019317837176346941
DES_RHO,10.1002/aic.18095,2889,1.1193,1.192296886171775,-0.07299688617177513,-0.07299688617177535
DES_RHO,10.1002/aic.18095,2891,1.1193,1.1148752733405474,0.004424726659452594,0.004424726659452594
DES_RHO,10.1002/aic.18095,2892,1.1193,1.1131956561753056,0.00610434382469438,0.00610434382469438
DES_RHO,10.1002/aic.18095,2894,1.1191,1.0722307286572028,0.04686927134279717,0.04686927134279717
DES_RHO,10.1002/aic.18095,2897,1.119,1.104705797182519,0.014294202817481061,0.014294202817480839
DES_RHO,10.1002/aic.18095,2898,1.119,1.061738934441212,0.05726106555878796,0.05726106555878774
DES_RHO,10.1002/aic.18095,2900,1.119,1.0579405435381224,0.061059456461877604,0.061059456461877604
DES_RHO,10.1002/aic.18095,2903,1.119,1.09500552969993,0.02399447030007007,0.02399447030007007
DES_RHO,10.1002/aic.18095,2905,1.1189,1.1800070044954607,-0.06110700449546069,-0.061107004495460915
DES_RHO,10.1002/aic.18095,2906,1.1186,1.0723416695218417,0.046258330478158305,0.046258330478158305
DES_RHO,10.1002/aic.18095,2909,1.1186,1.0800315101984261,0.0385684898015739,0.0385684898015739
DES_RHO,10.1002/aic.18095,2910,1.1184,1.0657045158386067,0.05269548416139336,0.05269548416139336
DES_RHO,10.1002/aic.18095,2912,1.1184,1.1844613671241566,-0.06606136712415656,-0.06606136712415611
DES_RHO,10.1002/aic.18095,2914,1.1182,1.2306083933600058,-0.11240839336000574,-0.11240839336000574
DES_RHO,10.1002/aic.18095,2915,1.118,1.059824366860645,0.05817563313935503,0.05817563313935503
DES_RHO,10.1002/aic.18095,2922,1.118,1.09601783206662,0.021982167933380037,0.021982167933380037
DES_RHO,10.1002/aic.18095,2923,1.118,1.1517016185865823,-0.03370161858658216,-0.03370161858658216
DES_RHO,10.1002/aic.18095,2924,1.118,1.1844613671241566,-0.06646136712415651,-0.06646136712415607
DES_RHO,10.1002/aic.18095,2925,1.118,1.1031401596533454,0.014859840346654662,0.01485984034665444
DES_RHO,10.1002/aic.18095,2928,1.1179,1.098797997290285,0.01910200270971485,0.01910200270971485
DES_RHO,10.1002/aic.18095,2930,1.1179,1.1058478286963047,0.01205217130369518,0.01205217130369518
DES_RHO,10.1002/aic.18095,2936,1.1177,1.0689618532006415,0.048738146799358395,0.048738146799358395
DES_RHO,10.1002/aic.18095,2937,1.1177,1.184707133790823,-0.06700713379082313,-0.06700713379082313
DES_RHO,10.1002/aic.18095,2938,1.1175,1.1294646471181269,-0.011964647118126948,-0.011964647118126948
DES_RHO,10.1002/aic.18095,2940,1.1174,1.162952455683744,-0.04555245568374411,-0.04555245568374433
DES_RHO,10.1002/aic.18095,2942,1.1173,1.1022579702821083,0.015042029717891703,0.015042029717891703
DES_RHO,10.1002/aic.18095,2944,1.1173,1.1198510646353905,-0.0025510646353905653,-0.0025510646353905653
DES_RHO,10.1002/aic.18095,2948,1.1171,1.192296886171775,-0.07519688617177511,-0.07519688617177533
DES_RHO,10.1002/aic.18095,2949,1.1171,1.0735233814694374,0.043576618530562605,0.043576618530562605
DES_RHO,10.1002/aic.18095,2950,1.1171,1.1258911190921939,-0.008791119092193878,-0.008791119092193878
DES_RHO,10.1002/aic.18095,2953,1.117,1.074300438622883,0.04269956137711706,0.04269956137711706
DES_RHO,10.1002/aic.18095,2954,1.117,1.0815672319994174,0.03543276800058259,0.03543276800058259
DES_RHO,10.1002/aic.18095,2959,1.117,1.0684321016277702,0.048567898372229745,0.048567898372229745
DES_RHO,10.1002/aic.18095,2960,1.117,1.1022579702821083,0.014742029717891736,0.014742029717891736
DES_RHO,10.1002/aic.18095,2961,1.117,1.192904875060664,-0.0759048750606639,-0.07590487506066412
DES_RHO,10.1002/aic.18095,2964,1.1169,1.1031401596533454,0.013759840346654562,0.01375984034665434
DES_RHO,10.1002/aic.18095,2967,1.1167,1.0997926042758526,0.016907395724147456,0.016907395724147456
DES_RHO,10.1002/aic.18095,2969,1.1166,1.0708222261755072,0.045777773824492884,0.045777773824492884
DES_RHO,10.1002/aic.18095,2973,1.1165,1.068736576621515,0.04776342337848494,0.04776342337848516
DES_RHO,10.1002/aic.18095,2974,1.1165,1.0705163888908769,0.04598361110912319,0.04598361110912319
DES_RHO,10.1002/aic.18095,2975,1.1165,1.192904875060664,-0.07640487506066385,-0.07640487506066407
DES_RHO,10.1002/aic.18095,2977,1.1161,1.071729406434981,0.044370593565019156,0.044370593565019156
DES_RHO,10.1002/aic.18095,2982,1.116,1.0769286747803821,0.03907132521961798,0.03907132521961776
DES_RHO,10.1002/aic.18095,2983,1.1159,1.1368363911155828,-0.020936391115582875,-0.020936391115582875
DES_RHO,10.1002/aic.18095,2984,1.1159,1.117236670188145,-0.0013366701881452059,-0.0013366701881449838
DES_RHO,10.1002/aic.18095,2985,1.1158,1.1335962409370393,-0.017796240937039354,-0.017796240937039354
DES_RHO,10.1002/aic.18095,2988,1.1156,1.1541908399788943,-0.03859083997889434,-0.03859083997889434
DES_RHO,10.1002/aic.18095,2989,1.1156,1.1652570678158733,-0.049657067815873424,-0.049657067815873646
DES_RHO,10.1002/aic.18095,2990,1.1155,1.0731487289760326,0.042351271023967296,0.04235127102396752
DES_RHO,10.1002/aic.18095,3000,1.115,1.0573837640351589,0.05761623596484111,0.05761623596484089
DES_RHO,10.1002/aic.18095,3001,1.115,1.06766706671531,0.047332933284689904,0.047332933284689904
DES_RHO,10.1002/aic.18095,3002,1.115,1.0987606980598859,0.016239301940114137,0.016239301940114137
DES_RHO,10.1002/aic.18095,3003,1.115,1.1020482720872073,0.012951727912792643,0.012951727912792643
DES_RHO,10.1002/aic.18095,3005,1.115,1.0919189285094537,0.02308107149054628,0.02308107149054628
DES_RHO,10.1002/aic.18095,3007,1.1147,1.068178319735033,0.04652168026496706,0.04652168026496728
DES_RHO,10.1002/aic.18095,3008,1.1147,1.2297430994043068,-0.11504309940430679,-0.11504309940430679
DES_RHO,10.1002/aic.18095,3010,1.1146,1.1384352350921132,-0.02383523509211316,-0.023835235092113383
DES_RHO,10.1002/aic.18095,3011,1.1145,1.1281714392477569,-0.013671439247756823,-0.013671439247756823
DES_RHO,10.1002/aic.18095,3013,1.1144,1.111871996553448,0.0025280034465520185,0.0025280034465520185
DES_RHO,10.1002/aic.18095,3014,1.1144,1.1059632969502728,0.008436703049727212,0.008436703049727212
DES_RHO,10.1002/aic.18095,3017,1.1142,1.1612500102891394,-0.047050010289139355,-0.047050010289139355
DES_RHO,10.1002/aic.18095,3019,1.1141,1.0976048703614734,0.01649512963852673,0.01649512963852695
DES_RHO,10.1002/aic.18095,3021,1.1141,1.1198930184778468,-0.005793018477846745,-0.005793018477846745
DES_RHO,10.1002/aic.18095,3025,1.114,1.0575182230574809,0.05648177694251921,0.05648177694251921
DES_RHO,10.1002/aic.18095,3027,1.1139,1.1612500102891394,-0.047350010289139544,-0.047350010289139544
DES_RHO,10.1002/aic.18095,3029,1.1138,1.0987504534822012,0.015049546517798662,0.015049546517798884
DES_RHO,10.1002/aic.18095,3031,1.1137,1.0987504534822012,0.014949546517798673,0.014949546517798895
DES_RHO,10.1002/aic.18095,3035,1.1136,1.0684406673622555,0.04515933263774441,0.04515933263774463
DES_RHO,10.1002/aic.18095,3036,1.1136,1.1612500102891394,-0.04765001028913951,-0.04765001028913951
DES_RHO,10.1002/aic.18095,3037,1.1136,1.1019137165316517,0.011686283468348213,0.011686283468348213
DES_RHO,10.1002/aic.18095,3041,1.1135,1.1255330746477494,-0.012033074647749498,-0.012033074647749498
DES_RHO,10.1002/aic.18095,3042,1.1134,1.1321554223223202,-0.018755422322320303,-0.018755422322320303
DES_RHO,10.1002/aic.18095,3044,1.1134,1.069996974076062,0.043403025923937966,0.043403025923937966
DES_RHO,10.1002/aic.18095,3047,1.1133,1.112004304292928,0.0012956957070719977,0.0012956957070719977
DES_RHO,10.1002/aic.18095,3048,1.1133,1.1097651474451473,0.003534852554852641,0.003534852554852641
DES_RHO,10.1002/aic.18095,3049,1.1132,1.2269466350586744,-0.11374663505867444,-0.11374663505867444
DES_RHO,10.1002/aic.18095,3051,1.1131,1.1205970959049179,-0.007497095904917872,-0.007497095904917872
DES_RHO,10.1002/aic.18095,3052,1.1131,1.098849462067284,0.014250537932716023,0.014250537932716023
DES_RHO,10.1002/aic.18095,3054,1.113,1.0707963274667276,0.042203672533272396,0.042203672533272396
DES_RHO,10.1002/aic.18095,3056,1.113,1.1249239352574945,-0.011923935257494467,-0.011923935257494467
DES_RHO,10.1002/aic.18095,3057,1.113,0.9781764644777989,0.13482353552220105,0.13482353552220105
DES_RHO,10.1002/aic.18095,3058,1.113,0.9781764644777989,0.13482353552220105,0.13482353552220105
DES_RHO,10.1002/aic.18095,3061,1.113,1.0986545620672836,0.014345437932716365,0.014345437932716365
DES_RHO,10.1002/aic.18095,3062,1.1129,1.1135162293436363,-0.0006162293436362543,-0.0006162293436362543
DES_RHO,10.1002/aic.18095,3063,1.1128,1.1198667197021381,-0.0070667197021381245,-0.0070667197021381245
DES_RHO,10.1002/aic.18095,3065,1.1125,1.178269702412957,-0.06576970241295688,-0.06576970241295688
DES_RHO,10.1002/aic.18095,3067,1.1124,1.1564203289179518,-0.04402032891795171,-0.04402032891795171
DES_RHO,10.1002/aic.18095,3071,1.1122,1.1451833648914258,-0.032983364891425726,-0.032983364891425726
DES_RHO,10.1002/aic.18095,3075,1.1121,1.1029723408333125,0.009127659166687563,0.00912765916668734
DES_RHO,10.1002/aic.18095,3076,1.1121,1.1159274931194736,-0.003827493119473502,-0.003827493119473502
DES_RHO,10.1002/aic.18095,3077,1.1121,1.061717359044387,0.05038264095561318,0.05038264095561318
DES_RHO,10.1002/aic.18095,3079,1.1121,1.0950633925836954,0.01703660741630464,0.01703660741630464
DES_RHO,10.1002/aic.18095,3080,1.1121,1.178887883296889,-0.0667878832968889,-0.0667878832968889
DES_RHO,10.1002/aic.18095,3081,1.112,1.1334195847663768,-0.02141958476637673,-0.02141958476637651
DES_RHO,10.1002/aic.18095,3083,1.112,1.0579781546492333,0.05402184535076682,0.05402184535076682
DES_RHO,10.1002/aic.18095,3086,1.112,1.1509711277942636,-0.03897112779426348,-0.03897112779426348
DES_RHO,10.1002/aic.18095,3087,1.112,1.0759847463260461,0.03601525367395397,0.03601525367395397
DES_RHO,10.1002/aic.18095,3088,1.112,1.1016341879602236,0.01036581203977649,0.01036581203977649
DES_RHO,10.1002/aic.18095,3090,1.112,1.0893620838004592,0.02263791619954092,0.02263791619954092
DES_RHO,10.1002/aic.18095,3091,1.112,1.1158366257437007,-0.0038366257437005835,-0.0038366257437005835
DES_RHO,10.1002/aic.18095,3092,1.1117,1.0642748843160652,0.047425115683934704,0.047425115683934704
DES_RHO,10.1002/aic.18095,3095,1.1117,1.068305160761939,0.04339483923806098,0.0433948392380612
DES_RHO,10.1002/aic.18095,3096,1.1117,1.1286960994466846,-0.016996099446684676,-0.016996099446684676
DES_RHO,10.1002/aic.18095,3098,1.1114,1.1612500102891394,-0.04985001028913949,-0.04985001028913949
DES_RHO,10.1002/aic.18095,3099,1.1114,1.1262568331220406,-0.014856833122040669,-0.014856833122040891
DES_RHO,10.1002/aic.18095,3101,1.1113,1.1509711277942636,-0.03967112779426363,-0.03967112779426363
DES_RHO,10.1002/aic.18095,3104,1.1111,1.093597254160489,0.017502745839510947,0.017502745839510947
DES_RHO,10.1002/aic.18095,3107,1.111,1.103373986091646,0.007626013908353935,0.007626013908353713
DES_RHO,10.1002/aic.18095,3110,1.1109,1.1509711277942636,-0.040071127794263584,-0.040071127794263584
DES_RHO,10.1002/aic.18095,3111,1.1108,1.1293223791695042,-0.018522379169504166,-0.018522379169504166
DES_RHO,10.1002/aic.18095,3113,1.1108,1.1509711277942636,-0.04017112779426357,-0.04017112779426357
DES_RHO,10.1002/aic.18095,3114,1.1108,1.226875611018736,-0.11607561101873598,-0.11607561101873598
DES_RHO,10.1002/aic.18095,3119,1.1105,1.0663500855055636,0.04414991449443639,0.044149914494436615
DES_RHO,10.1002/aic.18095,3123,1.1103,1.0693506633833911,0.04094933661660893,0.04094933661660871
DES_RHO,10.1002/aic.18095,3124,1.1103,1.1016341879602236,0.008665812039776455,0.008665812039776455
DES_RHO,10.1002/aic.18095,3127,1.1101,1.0983600915774396,0.011739908422560452,0.011739908422560452
DES_RHO,10.1002/aic.18095,3128,1.11,1.0757814118174196,0.0342185881825805,0.0342185881825805
DES_RHO,10.1002/aic.18095,3129,1.11,1.0598039914638198,0.05019600853618034,0.05019600853618034
DES_RHO,10.1002/aic.18095,3131,1.11,1.0770398667877772,0.03296013321222291,0.03296013321222291
DES_RHO,10.1002/aic.18095,3134,1.11,1.1848872494394704,-0.07488724943947034,-0.07488724943947034
DES_RHO,10.1002/aic.18095,3135,1.11,1.1848872494394704,-0.07488724943947034,-0.07488724943947034
DES_RHO,10.1002/aic.18095,3138,1.1099,1.069126869883965,0.040773130116035006,0.040773130116035006
DES_RHO,10.1002/aic.18095,3139,1.1099,1.1247176250445743,-0.014817625044574179,-0.014817625044574179
DES_RHO,10.1002/aic.18095,3143,1.1098,1.0689486375196375,0.04085136248036236,0.04085136248036236
DES_RHO,10.1002/aic.18095,3145,1.1097,1.1393346214630948,-0.029634621463094923,-0.02963462146309448
DES_RHO,10.1002/aic.18095,3149,1.1095,1.0656615589029839,0.04383844109701607,0.043838441097015846
DES_RHO,10.1002/aic.18095,3151,1.1092,1.0703062660877698,0.038893733912230166,0.038893733912230166
DES_RHO,10.1002/aic.18095,3153,1.1092,1.091102109716045,0.01809789028395503,0.018097890283955254
DES_RHO,10.1002/aic.18095,3158,1.1089,1.1457541155581634,-0.036854115558163425,-0.036854115558163425
DES_RHO,10.1002/aic.18095,3160,1.1088,1.1226156927908402,-0.013815692790840162,-0.013815692790840384
DES_RHO,10.1002/aic.18095,3162,1.1087,1.0667039570719195,0.04199604292808057,0.04199604292808079
DES_RHO,10.1002/aic.18095,3164,1.1084,1.1451520621437103,-0.036752062143710296,-0.036752062143710296
DES_RHO,10.1002/aic.18095,3168,1.1083,1.120533511482569,-0.012233511482568904,-0.012233511482568904
DES_RHO,10.1002/aic.18095,3169,1.1082,1.1315343182319852,-0.023334318231985174,-0.023334318231985174
DES_RHO,10.1002/aic.18095,3171,1.1082,1.0900835824012303,0.018116417598769807,0.018116417598769807
DES_RHO,10.1002/aic.18095,3172,1.1082,1.1112183437210936,-0.0030183437210935526,-0.0030183437210935526
DES_RHO,10.1002/aic.18095,3174,1.1081,1.1451520621437103,-0.03705206214371026,-0.03705206214371026
DES_RHO,10.1002/aic.18095,3175,1.1081,1.119144222479916,-0.011044222479915877,-0.011044222479915877
DES_RHO,10.1002/aic.18095,3181,1.108,1.1451520621437103,-0.03715206214371025,-0.03715206214371025
DES_RHO,10.1002/aic.18095,3182,1.108,1.1007030324046685,0.007296967595331605,0.007296967595331605
DES_RHO,10.1002/aic.18095,3184,1.1076,1.2280862291153365,-0.12048622911533657,-0.12048622911533635
DES_RHO,10.1002/aic.18095,3188,1.1074,1.0729563601161476,0.03444363988385235,0.03444363988385235
DES_RHO,10.1002/aic.18095,3190,1.1073,1.064753212106549,0.0425467878934509,0.04254678789345112
DES_RHO,10.1002/aic.18095,3192,1.1072,1.0675328692893316,0.03966713071066841,0.03966713071066841
DES_RHO,10.1002/aic.18095,3194,1.1071,1.1007030324046685,0.006396967595331482,0.006396967595331482
DES_RHO,10.1002/aic.18095,3196,1.107,1.1248911052041415,-0.0178911052041415,-0.0178911052041415
DES_RHO,10.1002/aic.18095,3197,1.107,0.9777015587027229,0.12929844129727708,0.12929844129727708
DES_RHO,10.1002/aic.18095,3198,1.107,0.9777015587027229,0.12929844129727708,0.12929844129727708
DES_RHO,10.1002/aic.18095,3199,1.107,1.0748352767828142,0.032164723217185776,0.032164723217185776
DES_RHO,10.1002/aic.18095,3202,1.107,1.0882727131655388,0.018727286834461232,0.018727286834461232
DES_RHO,10.1002/aic.18095,3204,1.1069,1.1047410913947175,0.00215890860528245,0.00215890860528245
DES_RHO,10.1002/aic.18095,3208,1.1067,1.0669413800160306,0.039758619983969457,0.03975861998396968
DES_RHO,10.1002/aic.18095,3211,1.1065,1.0974110193552176,0.009088980644782474,0.009088980644782252
DES_RHO,10.1002/aic.18095,3213,1.1064,1.1252998209644103,-0.01889982096441023,-0.01889982096441023
DES_RHO,10.1002/aic.18095,3214,1.1064,1.1238751028223521,-0.017475102822352095,-0.017475102822352095
DES_RHO,10.1002/aic.18095,3216,1.1063,1.0875286046234522,0.018771395376547817,0.018771395376547595
DES_RHO,10.1002/aic.18095,3218,1.1062,1.1754215264306058,-0.06922152643060575,-0.06922152643060575
DES_RHO,10.1002/aic.18095,3221,1.1061,1.2250752092141486,-0.1189752092141485,-0.1189752092141485
DES_RHO,10.1002/aic.18095,3223,1.106,1.0576222879825667,0.04837771201743335,0.04837771201743357
DES_RHO,10.1002/aic.18095,3225,1.106,1.1248911052041415,-0.01889110520414139,-0.01889110520414139
DES_RHO,10.1002/aic.18095,3226,1.106,0.9777015587027229,0.1282984412972772,0.1282984412972772
DES_RHO,10.1002/aic.18095,3227,1.106,0.9777015587027229,0.1282984412972772,0.1282984412972772
DES_RHO,10.1002/aic.18095,3230,1.1059,1.1076171873168128,-0.001717187316812696,-0.0017171873168129181
DES_RHO,10.1002/aic.18095,3233,1.1057,1.0657113401407032,0.03998865985929667,0.03998865985929667
DES_RHO,10.1002/aic.18095,3234,1.1057,1.1304436214641471,-0.024743621464147214,-0.024743621464147214
DES_RHO,10.1002/aic.18095,3235,1.1057,1.1451520621437103,-0.03945206214371044,-0.03945206214371044
DES_RHO,10.1002/aic.18095,3237,1.1056,1.1304436214641471,-0.024843621464147203,-0.024843621464147203
DES_RHO,10.1002/aic.18095,3239,1.1055,1.1444814433969912,-0.03898144339699128,-0.03898144339699128
DES_RHO,10.1002/aic.18095,3242,1.1053,1.1304436214641471,-0.02514362146414717,-0.02514362146414717
DES_RHO,10.1002/aic.18095,3245,1.1052,1.0837864507728014,0.021413549227198514,0.021413549227198514
DES_RHO,10.1002/aic.18095,3246,1.1052,1.1304436214641471,-0.02524362146414716,-0.02524362146414716
DES_RHO,10.1002/aic.18095,3247,1.1052,1.1216967035460614,-0.016496703546061475,-0.016496703546061475
DES_RHO,10.1002/aic.18095,3248,1.1052,1.107984956968957,-0.0027849569689570863,-0.0027849569689570863
DES_RHO,10.1002/aic.18095,3249,1.1051,1.0610418789274279,0.04405812107257212,0.04405812107257212
DES_RHO,10.1002/aic.18095,3250,1.1051,1.1754303918744222,-0.07033039187442225,-0.07033039187442225
DES_RHO,10.1002/aic.18095,3251,1.105,1.1027515297222015,0.002248470277798509,0.002248470277798287
DES_RHO,10.1002/aic.18095,3253,1.105,1.107157729842472,-0.002157729842471978,-0.002157729842471978
DES_RHO,10.1002/aic.18095,3255,1.105,1.1006033481941422,0.004396651805857799,0.004396651805857799
DES_RHO,10.1002/aic.18095,3256,1.1049,1.0705228961091433,0.034377103890856686,0.034377103890856686
DES_RHO,10.1002/aic.18095,3257,1.1044,1.130436214263731,-0.026036214263730928,-0.026036214263730928
DES_RHO,10.1002/aic.18095,3258,1.1044,1.1086849322131571,-0.004284932213157067,-0.004284932213157067
DES_RHO,10.1002/aic.18095,3261,1.1042,1.0621194450430573,0.04208055495694274,0.04208055495694274
DES_RHO,10.1002/aic.18095,3262,1.1042,1.066097284633247,0.038102715366753026,0.038102715366753026
DES_RHO,10.1002/aic.18095,3265,1.104,1.0745147132163488,0.029485286783651254,0.029485286783651254
DES_RHO,10.1002/aic.18095,3267,1.1038,1.1005775148608088,0.0032224851391911002,0.0032224851391911002
DES_RHO,10.1002/aic.18095,3269,1.1037,1.073451488274043,0.030248511725956995,0.030248511725956773
DES_RHO,10.1002/aic.18095,3271,1.1037,1.1213935491390132,-0.01769354913901333,-0.01769354913901333
DES_RHO,10.1002/aic.18095,3272,1.1037,1.1104123977209421,-0.006712397720942231,-0.006712397720942231
DES_RHO,10.1002/aic.18095,3276,1.1036,1.064730368303669,0.03886963169633084,0.03886963169633084
DES_RHO,10.1002/aic.18095,3278,1.1036,1.1039111883990642,-0.0003111883990642994,-0.0003111883990642994
DES_RHO,10.1002/aic.18095,3280,1.1034,1.127572675534717,-0.024172675534717136,-0.024172675534717136
DES_RHO,10.1002/aic.18095,3283,1.1034,1.0819603841061347,0.021439615893865227,0.021439615893865227
DES_RHO,10.1002/aic.18095,3284,1.1034,1.225665399459924,-0.1222653994599241,-0.12226539945992432
DES_RHO,10.1002/aic.18095,3287,1.1031,1.0953596331261333,0.0077403668738667,0.0077403668738667
DES_RHO,10.1002/aic.18095,3288,1.103,1.0591285113468605,0.0438714886531395,0.0438714886531395
DES_RHO,10.1002/aic.18095,3294,1.1027,1.0641590912293202,0.03854090877067984,0.03854090877067984
DES_RHO,10.1002/aic.18095,3295,1.1027,1.1265892396098902,-0.0238892396098902,-0.0238892396098902
DES_RHO,10.1002/aic.18095,3296,1.1027,1.1215141135246125,-0.018814113524612486,-0.018814113524612486
DES_RHO,10.1002/aic.18095,3298,1.1026,0.9792007363948684,0.12339926360513165,0.12339926360513165
DES_RHO,10.1002/aic.18095,3299,1.1026,1.1138352262460038,-0.011235226246003815,-0.011235226246003815
DES_RHO,10.1002/aic.18095,3303,1.1025,1.1265892396098902,-0.02408923960989018,-0.02408923960989018
DES_RHO,10.1002/aic.18095,3306,1.1024,1.1265892396098902,-0.024189239609890167,-0.024189239609890167
DES_RHO,10.1002/aic.18095,3308,1.1023,1.0813662169103677,0.02093378308963234,0.02093378308963234
DES_RHO,10.1002/aic.18095,3310,1.1022,1.1436043878414355,-0.04140438784143541,-0.04140438784143541
DES_RHO,10.1002/aic.18095,3311,1.1022,1.122239831323839,-0.02003983132383902,-0.02003983132383902
DES_RHO,10.1002/aic.18095,3312,1.102,1.1264689147093654,-0.024468914709365297,-0.024468914709365297
DES_RHO,10.1002/aic.18095,3314,1.102,1.0953466396047493,0.006653360395250774,0.0066533603952505516
DES_RHO,10.1002/aic.18095,3316,1.102,1.088152213694639,0.013847786305360987,0.013847786305360987
DES_RHO,10.1002/aic.18095,3317,1.1019,1.0755049118174194,0.02639508818258074,0.02639508818258096
DES_RHO,10.1002/aic.18095,3319,1.1018,1.0913170712942863,0.010482928705713546,0.010482928705713546
DES_RHO,10.1002/aic.18095,3323,1.1012,1.0602688299534084,0.040931170046591525,0.040931170046591525
DES_RHO,10.1002/aic.18095,3326,1.1011,1.0639871356978141,0.037112864302185855,0.03711286430218563
DES_RHO,10.1002/aic.18095,3328,1.1009,1.1032147731209703,-0.0023147731209702815,-0.0023147731209702815
DES_RHO,10.1002/aic.18095,3330,1.1008,1.0733642497385636,0.02743575026143641,0.02743575026143641
DES_RHO,10.1002/aic.18095,3331,1.1007,1.1261561979674353,-0.025456197967435257,-0.025456197967435035
DES_RHO,10.1002/aic.18095,3333,1.1007,1.1029178220279718,-0.0022178220279718275,-0.0022178220279718275
DES_RHO,10.1002/aic.18095,3336,1.1006,1.0910738953683603,0.00952610463163972,0.00952610463163972
DES_RHO,10.1002/aic.18095,3338,1.1006,1.1231789726425987,-0.02257897264259867,-0.02257897264259867
DES_RHO,10.1002/aic.18095,3339,1.1006,1.1184796042857188,-0.017879604285718775,-0.017879604285718775
DES_RHO,10.1002/aic.18095,3343,1.1005,1.0794403669103676,0.021059633089632435,0.021059633089632435
DES_RHO,10.1002/aic.18095,3344,1.1005,1.1007593667126605,-0.0002593667126604693,-0.0002593667126604693
DES_RHO,10.1002/aic.18095,3346,1.1004,1.063389613469614,0.03701038653038613,0.03701038653038613
DES_RHO,10.1002/aic.18095,3348,1.1004,1.0734737379565829,0.026926262043417193,0.026926262043417193
DES_RHO,10.1002/aic.18095,3349,1.1004,1.0978374382819984,0.0025625617180016214,0.0025625617180016214
DES_RHO,10.1002/aic.18095,3350,1.1004,1.225559676866659,-0.12515967686665896,-0.12515967686665896
DES_RHO,10.1002/aic.18095,3351,1.1002,1.110416823646868,-0.010216823646867823,-0.010216823646867823
DES_RHO,10.1002/aic.18095,3356,1.1001,1.1008479928603438,-0.0007479928603437713,-0.0007479928603439934
DES_RHO,10.1002/aic.18095,3357,1.1001,1.1265892396098902,-0.026489239609890136,-0.026489239609890136
DES_RHO,10.1002/aic.18095,3358,1.1001,1.119876139146583,-0.01977613914658294,-0.01977613914658294
DES_RHO,10.1002/aic.18095,3360,1.1,1.070785668528846,0.029214331471154154,0.029214331471154154
DES_RHO,10.1002/aic.18095,3367,1.1,1.0651158966370555,0.03488410336294456,0.03488410336294456
DES_RHO,10.1002/aic.18095,3368,1.1,1.0615464673144115,0.0384535326855886,0.038453532685588376
DES_RHO,10.1002/aic.18095,3369,1.1,1.1069052396826848,-0.0069052396826847495,-0.0069052396826845275
DES_RHO,10.1002/aic.18095,3372,1.0999,1.130727013921107,-0.03082701392110687,-0.03082701392110687
DES_RHO,10.1002/aic.18095,3374,1.0999,1.123624722642599,-0.02372472264259895,-0.02372472264259895
DES_RHO,10.1002/aic.18095,3376,1.0998,1.0714853330718968,0.02831466692810336,0.02831466692810336
DES_RHO,10.1002/aic.18095,3378,1.0998,1.173108628775483,-0.07330862877548294,-0.07330862877548294
DES_RHO,10.1002/aic.18095,3381,1.0997,1.0628066739392246,0.03689332606077533,0.03689332606077533
DES_RHO,10.1002/aic.18095,3382,1.0997,1.123624722642599,-0.02392472264259915,-0.02392472264259915
DES_RHO,10.1002/aic.18095,3385,1.0996,1.123624722642599,-0.02402472264259914,-0.02402472264259914
DES_RHO,10.1002/aic.18095,3387,1.0995,1.107956557279598,-0.008456557279598043,-0.008456557279598043
DES_RHO,10.1002/aic.18095,3389,1.0995,1.070660195921824,0.02883980407817588,0.02883980407817588
DES_RHO,10.1002/aic.18095,3391,1.0994,1.1263880845090761,-0.026988084509076193,-0.026988084509076415
DES_RHO,10.1002/aic.18095,3392,1.0994,1.1733709085050137,-0.07397090850501375,-0.07397090850501398
DES_RHO,10.1002/aic.18095,3394,1.0993,1.0791943732475493,0.020105626752450645,0.020105626752450645
DES_RHO,10.1002/aic.18095,3395,1.0992,1.1219577357468347,-0.022757735746834706,-0.022757735746834706
DES_RHO,10.1002/aic.18095,3396,1.0991,1.070785668528846,0.02831433147115403,0.02831433147115403
DES_RHO,10.1002/aic.18095,3398,1.099,1.142436260989584,-0.043436260989583975,-0.043436260989583975
DES_RHO,10.1002/aic.18095,3400,1.099,1.0986767874254448,0.00032321257455514285,0.00032321257455514285
DES_RHO,10.1002/aic.18095,3401,1.099,1.2229061069654712,-0.12390610696547122,-0.12390610696547122
DES_RHO,10.1002/aic.18095,3404,1.0989,1.0938498123523537,0.005050187647646309,0.005050187647646087
DES_RHO,10.1002/aic.18095,3406,1.0987,1.1128679246587023,-0.014167924658702313,-0.014167924658702313
DES_RHO,10.1002/aic.18095,3409,1.0986,1.0894436172731223,0.009156382726877688,0.009156382726877688
DES_RHO,10.1002/aic.18095,3413,1.0981,1.0563651242245187,0.041734875775481406,0.041734875775481406
DES_RHO,10.1002/aic.18095,3414,1.0981,1.0617594927463427,0.03634050725365734,0.03634050725365712
DES_RHO,10.1002/aic.18095,3417,1.098,1.0879397850396684,0.010060214960331715,0.010060214960331493
DES_RHO,10.1002/aic.18095,3419,1.0976,1.0177480418192646,0.07985195818073532,0.07985195818073532
DES_RHO,10.1002/aic.18095,3421,1.0976,1.0778505010253272,0.019749498974672708,0.019749498974672708
DES_RHO,10.1002/aic.18095,3423,1.0974,1.1215725731143869,-0.02417257311438692,-0.02417257311438692
DES_RHO,10.1002/aic.18095,3426,1.0974,1.099003992030618,-0.0016039920306181177,-0.0016039920306181177
DES_RHO,10.1002/aic.18095,3429,1.0973,1.0631836968029476,0.03411630319705239,0.03411630319705239
DES_RHO,10.1002/aic.18095,3430,1.0973,1.0586112091246536,0.03868879087534638,0.03868879087534638
DES_RHO,10.1002/aic.18095,3432,1.0973,1.0710489288295983,0.026251071170401596,0.026251071170401596
DES_RHO,10.1002/aic.18095,3434,1.0973,1.1007593667126605,-0.003459366712660561,-0.003459366712660561
DES_RHO,10.1002/aic.18095,3436,1.0972,1.099940264787637,-0.0027402647876371145,-0.0027402647876371145
DES_RHO,10.1002/aic.18095,3438,1.097,1.0745089354385708,0.02249106456142913,0.02249106456142913
DES_RHO,10.1002/aic.18095,3440,1.097,1.121994051177952,-0.02499405117795206,-0.02499405117795206
DES_RHO,10.1002/aic.18095,3442,1.0969,1.121994051177952,-0.025094051177952048,-0.025094051177952048
DES_RHO,10.1002/aic.18095,3443,1.0968,1.121877778972726,-0.025077778972725895,-0.025077778972725895
DES_RHO,10.1002/aic.18095,3445,1.0968,1.116952435825869,-0.020152435825868897,-0.020152435825868897
DES_RHO,10.1002/aic.18095,3448,1.0968,1.121994051177952,-0.025194051177952037,-0.025194051177952037
DES_RHO,10.1002/aic.18095,3449,1.0968,1.1168679927625926,-0.020067992762592635,-0.020067992762592635
DES_RHO,10.1002/aic.18095,3454,1.0967,1.061834200117676,0.03486579988232408,0.03486579988232408
DES_RHO,10.1002/aic.18095,3456,1.0965,1.098584632623513,-0.002084632623512883,-0.002084632623512883
DES_RHO,10.1002/aic.18095,3459,1.0962,1.077418970036871,0.018781029963129026,0.018781029963129026
DES_RHO,10.1002/aic.18095,3464,1.096,1.2233178027668024,-0.12731780276680227,-0.12731780276680227
DES_RHO,10.1002/aic.18095,3465,1.0959,1.0930638817801657,0.002836118219834427,0.002836118219834205
DES_RHO,10.1002/aic.18095,3467,1.0958,1.139758868781792,-0.04395886878179178,-0.04395886878179156
DES_RHO,10.1002/aic.18095,3468,1.0957,1.122007436540486,-0.026307436540486062,-0.026307436540486062
DES_RHO,10.1002/aic.18095,3470,1.0955,1.085378547619301,0.010121452380698948,0.010121452380698726
DES_RHO,10.1002/aic.18095,3471,1.0955,1.1069198785715735,-0.01141987857157356,-0.011419878571573339
DES_RHO,10.1002/aic.18095,3473,1.0952,1.085378547619301,0.00982145238069898,0.009821452380698759
DES_RHO,10.1002/aic.18095,3475,1.0951,1.0603622656058915,0.03473773439410843,0.03473773439410843
DES_RHO,10.1002/aic.18095,3476,1.0951,1.172633252949458,-0.07753325294945812,-0.07753325294945812
DES_RHO,10.1002/aic.18095,3478,1.095,1.0551837140633837,0.039816285936616236,0.039816285936616236
DES_RHO,10.1002/aic.18095,3479,1.095,1.0880960294841129,0.006903970515887092,0.00690397051588687
DES_RHO,10.1002/aic.18095,3485,1.0948,1.1162068681594182,-0.02140686815941817,-0.02140686815941817
DES_RHO,10.1002/aic.18095,3489,1.0947,1.0761080978146491,0.018591902185350895,0.018591902185350895
DES_RHO,10.1002/aic.18095,3490,1.0947,1.121994051177952,-0.027294051177952028,-0.027294051177952028
DES_RHO,10.1002/aic.18095,3493,1.0944,1.0981343541999304,-0.003734354199930401,-0.003734354199930401
DES_RHO,10.1002/aic.18095,3495,1.0943,1.0955525304574145,-0.0012525304574144691,-0.0012525304574146912
DES_RHO,10.1002/aic.18095,3496,1.0943,1.1214317837176346,-0.027131783717634583,-0.027131783717634583
DES_RHO,10.1002/aic.18095,3498,1.0942,1.0700065394116094,0.02419346058839067,0.02419346058839067
DES_RHO,10.1002/aic.18095,3502,1.0941,1.1214317837176346,-0.02733178371763456,-0.02733178371763456
DES_RHO,10.1002/aic.18095,3503,1.0941,1.1007593667126605,-0.0066593667126604306,-0.0066593667126604306
DES_RHO,10.1002/aic.18095,3505,1.0939,1.1194632885905775,-0.025563288590577438,-0.025563288590577438
DES_RHO,10.1002/aic.18095,3507,1.0938,1.1110573156188968,-0.01725731561889665,-0.01725731561889665
DES_RHO,10.1002/aic.18095,3510,1.0936,1.06048392937268,0.033116070627319916,0.033116070627319694
DES_RHO,10.1002/aic.18095,3513,1.0935,1.100309752679375,-0.006809752679375114,-0.006809752679375114
DES_RHO,10.1002/aic.18095,3515,1.0935,1.1720160283786578,-0.0785160283786579,-0.0785160283786579
DES_RHO,10.1002/aic.18095,3516,1.0935,1.1120316684835416,-0.018531668483541708,-0.018531668483541708
DES_RHO,10.1002/aic.18095,3519,1.0934,1.0765208829998345,0.016879117000165422,0.016879117000165422
DES_RHO,10.1002/aic.18095,3521,1.0933,1.0931005166733956,0.00019948332660435497,0.00019948332660413293
DES_RHO,10.1002/aic.18095,3522,1.0931,1.1184925181261651,-0.025392518126165164,-0.025392518126165164
DES_RHO,10.1002/aic.18095,3523,1.0931,1.2233546224655047,-0.1302546224655048,-0.1302546224655048
DES_RHO,10.1002/aic.18095,3530,1.0929,1.0633878068285199,0.029512193171480128,0.029512193171480128
DES_RHO,10.1002/aic.18095,3532,1.0929,1.0716881684615065,0.021211831538493486,0.021211831538493486
DES_RHO,10.1002/aic.18095,3534,1.0928,1.0694755216433254,0.023324478356674616,0.023324478356674616
DES_RHO,10.1002/aic.18095,3535,1.0928,1.091388332437823,0.0014116675621769215,0.0014116675621771435
DES_RHO,10.1002/aic.18095,3537,1.0926,1.0818375671298834,0.010762432870116578,0.010762432870116578
DES_RHO,10.1002/aic.18095,3540,1.0922,1.068606743315171,0.023593256684829145,0.023593256684829367
DES_RHO,10.1002/aic.18095,3542,1.0921,1.1210304452706448,-0.0289304452706447,-0.0289304452706447
DES_RHO,10.1002/aic.18095,3545,1.092,1.0930989339999753,-0.0010989339999751824,-0.0010989339999751824
DES_RHO,10.1002/aic.18095,3548,1.092,1.0587524205222711,0.03324757947772894,0.03324757947772894
DES_RHO,10.1002/aic.18095,3549,1.092,1.0880960294841129,0.0039039705158872007,0.0039039705158869786
DES_RHO,10.1002/aic.18095,3552,1.0919,1.0694755216433254,0.022424478356674715,0.022424478356674715
DES_RHO,10.1002/aic.18095,3554,1.0919,1.052328492007662,0.039571507992337995,0.039571507992337995
DES_RHO,10.1002/aic.18095,3558,1.0917,1.0735670851281733,0.018132914871826555,0.018132914871826555
DES_RHO,10.1002/aic.18095,3559,1.0917,1.2207642672468566,-0.1290642672468567,-0.1290642672468567
DES_RHO,10.1002/aic.18095,3561,1.0916,1.0973236183533694,-0.005723618353369542,-0.005723618353369542
DES_RHO,10.1002/aic.18095,3564,1.0913,1.1207210566012327,-0.02942105660123273,-0.02942105660123273
DES_RHO,10.1002/aic.18095,3566,1.0912,1.0594913374702029,0.031708662529797094,0.031708662529797094
DES_RHO,10.1002/aic.18095,3567,1.0911,1.068606743315171,0.022493256684829044,0.022493256684829266
DES_RHO,10.1002/aic.18095,3569,1.091,1.074173935438571,0.016826064561428877,0.0168260645614291
DES_RHO,10.1002/aic.18095,3571,1.091,1.066470691892537,0.0245293081074629,0.0245293081074629
DES_RHO,10.1002/aic.18095,3573,1.091,1.115539016968942,-0.024539016968942118,-0.024539016968942118
DES_RHO,10.1002/aic.18095,3575,1.0909,1.1056360952064388,-0.014736095206438815,-0.014736095206439037
DES_RHO,10.1002/aic.18095,3580,1.0904,1.0756930802220566,0.014706919777943472,0.014706919777943916
DES_RHO,10.1002/aic.18095,3582,1.0903,1.1178559668502803,-0.027555966850280278,-0.027555966850280278
DES_RHO,10.1002/aic.18095,3585,1.0903,1.087154675626017,0.0031453243739829606,0.0031453243739829606
DES_RHO,10.1002/aic.18095,3586,1.0901,1.1250859133072626,-0.03498591330726253,-0.03498591330726253
DES_RHO,10.1002/aic.18095,3591,1.09,1.0836479440817528,0.006352055918247279,0.006352055918247279
DES_RHO,10.1002/aic.18095,3592,1.09,1.1791030413257768,-0.08910304132577673,-0.08910304132577673
DES_RHO,10.1002/aic.18095,3594,1.0899,1.1000712820444545,-0.010171282044454388,-0.010171282044454166
DES_RHO,10.1002/aic.18095,3600,1.0896,1.075502085979165,0.014097914020834823,0.014097914020834823
DES_RHO,10.1002/aic.18095,3602,1.0895,1.1120401962613191,-0.0225401962613192,-0.0225401962613192
DES_RHO,10.1002/aic.18095,3605,1.0893,1.075502085979165,0.013797914020834856,0.013797914020834856
DES_RHO,10.1002/aic.18095,3607,1.0893,1.088480869509313,0.0008191304906868258,0.0008191304906870478
DES_RHO,10.1002/aic.18095,3608,1.0892,1.1168799701102918,-0.027679970110291885,-0.027679970110291885
DES_RHO,10.1002/aic.18095,3611,1.089,1.0691798336510092,0.019820166348990753,0.019820166348990753
DES_RHO,10.1002/aic.18095,3615,1.089,1.1153482744250822,-0.026348274425082252,-0.026348274425082252
DES_RHO,10.1002/aic.18095,3618,1.0887,1.1207210566012327,-0.03202105660123267,-0.03202105660123267
DES_RHO,10.1002/aic.18095,3620,1.0886,1.1205970959049179,-0.03199709590491784,-0.03199709590491784
DES_RHO,10.1002/aic.18095,3621,1.0886,1.2211593519370765,-0.13255935193707646,-0.13255935193707646
DES_RHO,10.1002/aic.18095,3624,1.0885,1.0970899413872137,-0.008589941387213695,-0.008589941387213695
DES_RHO,10.1002/aic.18095,3625,1.0885,1.1206090722547717,-0.032109072254771664,-0.032109072254771664
DES_RHO,10.1002/aic.18095,3626,1.0884,1.0899847885770724,-0.001584788577072338,-0.001584788577072338
DES_RHO,10.1002/aic.18095,3629,1.088,1.1205970959049179,-0.03259709590491777,-0.03259709590491777
DES_RHO,10.1002/aic.18095,3631,1.0879,1.0937144239032814,-0.005814423903281352,-0.005814423903281352
DES_RHO,10.1002/aic.18095,3634,1.0877,1.065616050709528,0.02208394929047186,0.02208394929047186
DES_RHO,10.1002/aic.18095,3636,1.0875,1.0753071538444934,0.012192846155506532,0.012192846155506532
DES_RHO,10.1002/aic.18095,3641,1.0871,1.0745638620151672,0.012536137984832774,0.012536137984832774
DES_RHO,10.1002/aic.18095,3645,1.087,1.0861270461130361,0.0008729538869638453,0.0008729538869638453
DES_RHO,10.1002/aic.18095,3646,1.087,1.1149261037901617,-0.027926103790161694,-0.027926103790161694
DES_RHO,10.1002/aic.18095,3647,1.087,1.0880843628174461,-0.0010843628174461717,-0.0010843628174461717
DES_RHO,10.1002/aic.18095,3650,1.0866,1.1165105835169464,-0.02991058351694642,-0.02991058351694642
DES_RHO,10.1002/aic.18095,3654,1.0862,1.097500240510063,-0.011300240510062842,-0.01130024051006262
DES_RHO,10.1002/aic.18095,3656,1.0862,1.0729964616232877,0.013203538376712398,0.013203538376712398
DES_RHO,10.1002/aic.18095,3658,1.086,1.0885606627698168,-0.0025606627698167017,-0.0025606627698167017
DES_RHO,10.1002/aic.18095,3660,1.0859,1.2224606319532392,-0.1365606319532391,-0.1365606319532391
DES_RHO,10.1002/aic.18095,3663,1.0858,1.1202499228890452,-0.03444992288904514,-0.03444992288904514
DES_RHO,10.1002/aic.18095,3664,1.0854,1.1155168520150534,-0.03011685201505343,-0.03011685201505343
DES_RHO,10.1002/aic.18095,3666,1.0854,1.0966474030796272,-0.011247403079627238,-0.011247403079627238
DES_RHO,10.1002/aic.18095,3669,1.0852,1.0951778831439176,-0.009977883143917676,-0.009977883143917676
DES_RHO,10.1002/aic.18095,3671,1.085,1.069873322905951,0.015126677094049024,0.015126677094049024
DES_RHO,10.1002/aic.18095,3674,1.085,1.1198038000325496,-0.03480380003254968,-0.03480380003254968
DES_RHO,10.1002/aic.18095,3676,1.0848,1.0901538418754464,-0.005353841875446408,-0.005353841875446408
DES_RHO,10.1002/aic.18095,3677,1.0848,1.0813525921560971,0.00344740784390285,0.00344740784390285
DES_RHO,10.1002/aic.18095,3679,1.0847,1.074908963155955,0.009791036844045031,0.009791036844045031
DES_RHO,10.1002/aic.18095,3681,1.0846,1.0656845250601774,0.018915474939822596,0.018915474939822596
DES_RHO,10.1002/aic.18095,3682,1.0845,1.2203174184012575,-0.1358174184012575,-0.1358174184012575
DES_RHO,10.1002/aic.18095,3683,1.0843,1.0679629769852057,0.01633702301479434,0.01633702301479434
DES_RHO,10.1002/aic.18095,3687,1.0842,1.0658672969348937,0.01833270306510637,0.01833270306510637
DES_RHO,10.1002/aic.18095,3690,1.084,1.0711253141143162,0.012874685885683856,0.012874685885683856
DES_RHO,10.1002/aic.18095,3691,1.084,1.0810498050605888,0.002950194939411288,0.002950194939411288
DES_RHO,10.1002/aic.18095,3692,1.084,1.1528889475000104,-0.06888894750001029,-0.06888894750001029
DES_RHO,10.1002/aic.18095,3694,1.0838,1.0679629769852057,0.015837023014794394,0.015837023014794394
DES_RHO,10.1002/aic.18095,3696,1.0837,1.069873322905951,0.013826677094049167,0.013826677094049167
DES_RHO,10.1002/aic.18095,3702,1.0833,1.1126439016386398,-0.02934390163863987,-0.02934390163863987
DES_RHO,10.1002/aic.18095,3706,1.0832,1.0483573896064629,0.03484261039353709,0.03484261039353753
DES_RHO,10.1002/aic.18095,3707,1.0832,1.114971740298098,-0.03177174029809815,-0.03177174029809815
DES_RHO,10.1002/aic.18095,3708,1.0831,1.0674228654832807,0.01567713451671926,0.015677134516719482
DES_RHO,10.1002/aic.18095,3711,1.083,1.0725030986723496,0.010496901327650354,0.010496901327650354
DES_RHO,10.1002/aic.18095,3712,1.083,1.1246135035606737,-0.041613503560673726,-0.041613503560673726
DES_RHO,10.1002/aic.18095,3715,1.083,1.1203357593969816,-0.03733575939698164,-0.03733575939698164
DES_RHO,10.1002/aic.18095,3716,1.083,1.0880723628174462,-0.005072362817446274,-0.005072362817446274
DES_RHO,10.1002/aic.18095,3721,1.0826,1.0929036331026551,-0.010303633102655141,-0.010303633102655141
DES_RHO,10.1002/aic.18095,3722,1.0826,1.0725030986723496,0.010096901327650398,0.010096901327650398
DES_RHO,10.1002/aic.18095,3724,1.0826,1.0964411840320083,-0.013841184032008291,-0.013841184032008291
DES_RHO,10.1002/aic.18095,3727,1.0821,1.1113290836817766,-0.02922908368177657,-0.02922908368177657
DES_RHO,10.1002/aic.18095,3729,1.082,1.114883926048459,-0.03288392604845902,-0.03288392604845902
DES_RHO,10.1002/aic.18095,3733,1.0819,1.1202499228890452,-0.03834992288904515,-0.03834992288904515
DES_RHO,10.1002/aic.18095,3734,1.0818,1.114778942491244,-0.03297894249124389,-0.03297894249124389
DES_RHO,10.1002/aic.18095,3736,1.0818,1.088690038448318,-0.0068900384483179256,-0.0068900384483179256
DES_RHO,10.1002/aic.18095,3739,1.0817,1.1203357593969816,-0.038635759396981495,-0.038635759396981495
DES_RHO,10.1002/aic.18095,3741,1.0816,1.0747451329972249,0.006854867002775045,0.006854867002775045
DES_RHO,10.1002/aic.18095,3743,1.0815,1.064821099398802,0.01667890060119781,0.01667890060119781
DES_RHO,10.1002/aic.18095,3746,1.0809,1.0696527487824259,0.011247251217574084,0.011247251217574084
DES_RHO,10.1002/aic.18095,3748,1.0809,1.2206543753136996,-0.1397543753136996,-0.1397543753136996
DES_RHO,10.1002/aic.18095,3749,1.0808,1.0797583424907324,0.0010416575092675462,0.0010416575092675462
DES_RHO,10.1002/aic.18095,3754,1.0803,1.1202479451473428,-0.03994794514734279,-0.03994794514734279
DES_RHO,10.1002/aic.18095,3760,1.08,1.1243280673239557,-0.04432806732395567,-0.04432806732395567
DES_RHO,10.1002/aic.18095,3762,1.0797,1.1053848786756768,-0.025684878675676703,-0.025684878675676703
DES_RHO,10.1002/aic.18095,3764,1.0797,1.0700222293601809,0.009677770639819228,0.009677770639819228
DES_RHO,10.1002/aic.18095,3769,1.0791,1.0962046197823696,-0.017104619782369657,-0.017104619782369657
DES_RHO,10.1002/aic.18095,3771,1.079,1.0866399044364834,-0.007639904436483436,-0.007639904436483436
DES_RHO,10.1002/aic.18095,3773,1.0788,1.0921716211978931,-0.013371621197893147,-0.013371621197893369
DES_RHO,10.1002/aic.18095,3775,1.0788,1.0863893696652496,-0.00758936966524959,-0.00758936966524959
DES_RHO,10.1002/aic.18095,3778,1.0788,1.0742232409698076,0.00457675903019239,0.00457675903019239
DES_RHO,10.1002/aic.18095,3779,1.0788,1.1126526076115506,-0.03385260761155062,-0.03385260761155062
DES_RHO,10.1002/aic.18095,3782,1.0784,1.2223960486199057,-0.14399604861990567,-0.14399604861990567
DES_RHO,10.1002/aic.18095,3784,1.0782,1.064044641065469,0.014155358934531126,0.014155358934531126
DES_RHO,10.1002/aic.18095,3787,1.078,1.114458914713467,-0.03645891471346685,-0.03645891471346685
DES_RHO,10.1002/aic.18095,3789,1.0779,1.0739311127898967,0.003968887210103356,0.003968887210103356
DES_RHO,10.1002/aic.18095,3791,1.0778,1.066743974443802,0.011056025556198001,0.011056025556198001
DES_RHO,10.1002/aic.18095,3793,1.0777,1.0514492891121678,0.026250710887832263,0.026250710887832263
DES_RHO,10.1002/aic.18095,3799,1.0774,1.1145036212757806,-0.03710362127578071,-0.03710362127578071
DES_RHO,10.1002/aic.18095,3801,1.0771,1.0684705756837287,0.008629424316271228,0.008629424316271228
DES_RHO,10.1002/aic.18095,3802,1.077,1.0689367349157364,0.008063265084263582,0.008063265084263582
DES_RHO,10.1002/aic.18095,3804,1.0769,1.220252835067924,-0.14335283506792407,-0.14335283506792407
DES_RHO,10.1002/aic.18095,3806,1.0767,1.0688257349157364,0.007874265084263588,0.007874265084263588
DES_RHO,10.1002/aic.18095,3809,1.0767,1.0956699102477858,-0.018969910247785826,-0.018969910247785826
DES_RHO,10.1002/aic.18095,3811,1.0763,1.066882302857019,0.00941769714298113,0.00941769714298113
DES_RHO,10.1002/aic.18095,3815,1.0762,1.0701376961974127,0.006062303802587321,0.006062303802587099
DES_RHO,10.1002/aic.18095,3816,1.0762,1.0802056739432784,-0.004005673943278332,-0.004005673943278332
DES_RHO,10.1002/aic.18095,3819,1.0761,1.1026569265592747,-0.026556926559274663,-0.026556926559274663
DES_RHO,10.1002/aic.18095,3821,1.0761,1.064975038204735,0.01112496179526512,0.01112496179526512
DES_RHO,10.1002/aic.18095,3823,1.0761,1.0789217596661689,-0.0028217596661688216,-0.0028217596661688216
DES_RHO,10.1002/aic.18095,3824,1.0759,1.1068422551550305,-0.030942255155030463,-0.030942255155030463
DES_RHO,10.1002/aic.18095,3826,1.0759,1.085389195855726,-0.00948919585572594,-0.00948919585572594
DES_RHO,10.1002/aic.18095,3830,1.0758,1.0653485398641875,0.010451460135812551,0.010451460135812773
DES_RHO,10.1002/aic.18095,3833,1.0757,1.0614483671762496,0.014251632823750526,0.014251632823750526
DES_RHO,10.1002/aic.18095,3834,1.0757,1.0915228454042423,-0.01582284540424217,-0.01582284540424239
DES_RHO,10.1002/aic.18095,3835,1.0757,1.0684705756837287,0.007229424316271382,0.007229424316271382
DES_RHO,10.1002/aic.18095,3837,1.0757,1.0734108573611503,0.002289142638849828,0.002289142638849828
DES_RHO,10.1002/aic.18095,3841,1.0755,1.105144687794331,-0.02964468779433105,-0.02964468779433105
DES_RHO,10.1002/aic.18095,3842,1.0754,1.119867640374664,-0.044467640374664,-0.044467640374664
DES_RHO,10.1002/aic.18095,3846,1.075,1.063526460509913,0.011473539490086893,0.011473539490086893
DES_RHO,10.1002/aic.18095,3847,1.075,1.0781489037629028,-0.003148903762902888,-0.003148903762902888
DES_RHO,10.1002/aic.18095,3850,1.0748,1.0656470784120562,0.009152921587943785,0.009152921587944007
DES_RHO,10.1002/aic.18095,3855,1.0744,1.1202479451473428,-0.045847945147342806,-0.045847945147342806
DES_RHO,10.1002/aic.18095,3857,1.074,1.0682707710268475,0.005729228973152534,0.005729228973152534
DES_RHO,10.1002/aic.18095,3862,1.0735,1.1004035547338775,-0.02690355473387762,-0.02690355473387762
DES_RHO,10.1002/aic.18095,3865,1.0735,1.2206115919803664,-0.1471115919803665,-0.1471115919803665
DES_RHO,10.1002/aic.18095,3866,1.0732,1.0570049561415436,0.01619504385845638,0.01619504385845638
DES_RHO,10.1002/aic.18095,3869,1.073,1.0864793711031502,-0.013479371103150228,-0.01347937110315045
DES_RHO,10.1002/aic.18095,3873,1.0728,1.0667836454831274,0.006016354516872546,0.006016354516872102
DES_RHO,10.1002/aic.18095,3875,1.0728,1.0848743406969954,-0.012074340696995423,-0.012074340696995423
DES_RHO,10.1002/aic.18095,3882,1.0721,1.0918647930232899,-0.019764793023289817,-0.019764793023289817
DES_RHO,10.1002/aic.18095,3886,1.0721,1.0709201164920206,0.0011798835079794845,0.0011798835079794845
DES_RHO,10.1002/aic.18095,3887,1.0721,1.073201272049156,-0.001101272049155888,-0.001101272049155888
DES_RHO,10.1002/aic.18095,3888,1.0721,1.1044268468852398,-0.03232684688523979,-0.03232684688523979
DES_RHO,10.1002/aic.18095,3891,1.0718,1.063189266504065,0.008610733495935108,0.008610733495935108
DES_RHO,10.1002/aic.18095,3897,1.0717,1.0650411200787226,0.00665887992127745,0.00665887992127745
DES_RHO,10.1002/aic.18095,3909,1.0705,1.0619190420722793,0.008580957927720734,0.008580957927720512
DES_RHO,10.1002/aic.18095,3911,1.0705,1.0679552047987773,0.0025447952012227493,0.0025447952012225272
DES_RHO,10.1002/aic.18095,3913,1.0702,1.0586027204968116,0.011597279503188451,0.011597279503188451
DES_RHO,10.1002/aic.18095,3914,1.0702,1.0879283386401895,-0.01772833864018941,-0.01772833864018941
DES_RHO,10.1002/aic.18095,3918,1.07,1.0760875630544469,-0.0060875630544467985,-0.0060875630544467985
DES_RHO,10.1002/aic.18095,3919,1.0699,1.068088871465444,0.0018111285345561168,0.0018111285345558947
DES_RHO,10.1002/aic.18095,3926,1.0695,1.0637232341211502,0.005776765878849677,0.005776765878849677
DES_RHO,10.1002/aic.18095,3930,1.0692,1.1003480007656234,-0.031148000765623518,-0.031148000765623518
DES_RHO,10.1002/aic.18095,3939,1.0688,1.1042569389487324,-0.035456938948732475,-0.035456938948732475
DES_RHO,10.1002/aic.18095,3943,1.0686,1.0647215871839857,0.0038784128160143094,0.0038784128160143094
DES_RHO,10.1002/aic.18095,3946,1.0684,1.0920159263566234,-0.02361592635662335,-0.02361592635662335
DES_RHO,10.1002/aic.18095,3948,1.0683,1.0625678450754938,0.005732154924506183,0.005732154924506183
DES_RHO,10.1002/aic.18095,3950,1.0682,1.051643412540401,0.01655658745959898,0.01655658745959898
DES_RHO,10.1002/aic.18095,3956,1.068,1.071853249558665,-0.0038532495586649507,-0.0038532495586649507
DES_RHO,10.1002/aic.18095,3963,1.0675,1.0672126291896038,0.0002873708103960926,0.0002873708103960926
DES_RHO,10.1002/aic.18095,3966,1.067,1.0861203711031502,-0.019120371103150235,-0.019120371103150235
DES_RHO,10.1002/aic.18095,3971,1.0667,1.052950073846061,0.013749926153938885,0.013749926153938885
DES_RHO,10.1002/aic.18095,3975,1.0666,1.0639799624967563,0.0026200375032436884,0.0026200375032439105
DES_RHO,10.1002/aic.18095,3976,1.0664,1.0977231304555624,-0.03132313045556234,-0.03132313045556234
DES_RHO,10.1002/aic.18095,3982,1.0661,1.0630497587243246,0.003050241275675436,0.003050241275675214
DES_RHO,10.1002/aic.18095,3987,1.0658,1.1843620139330606,-0.11856201393306054,-0.11856201393306098
DES_RHO,10.1002/aic.18095,3989,1.0657,1.100576680130703,-0.034876680130703,-0.034876680130703
DES_RHO,10.1002/aic.18095,3990,1.0657,1.0579236189095098,0.007776381090490281,0.007776381090490281
DES_RHO,10.1002/aic.18095,3996,1.0655,1.0639655909398915,0.001534409060108377,0.001534409060108377
DES_RHO,10.1002/aic.18095,3999,1.0655,1.1005570317818254,-0.03505703178182551,-0.03505703178182551
DES_RHO,10.1002/aic.18095,4001,1.0654,1.061435345604594,0.003964654395405942,0.00396465439540572
DES_RHO,10.1002/aic.18095,4003,1.0652,1.0485843333088203,0.016615666691179642,0.016615666691179642
DES_RHO,10.1002/aic.18095,4009,1.065,1.073095122049156,-0.008095122049156078,-0.008095122049156078
DES_RHO,10.1002/aic.18095,4010,1.0648,1.0833045920930269,-0.018504592093026906,-0.018504592093027128
DES_RHO,10.1002/aic.18095,4013,1.0647,1.0908280763566234,-0.026128076356623398,-0.026128076356623398
DES_RHO,10.1002/aic.18095,4022,1.0639,1.0582199375545747,0.0056800624454254045,0.0056800624454254045
DES_RHO,10.1002/aic.18095,4024,1.0638,1.0753322389803728,-0.0115322389803727,-0.0115322389803727
DES_RHO,10.1002/aic.18095,4028,1.0636,1.1329995248122418,-0.06939952481224165,-0.06939952481224143
DES_RHO,10.1002/aic.18095,4030,1.0634,1.0595141575615037,0.003885842438496212,0.003885842438496212
DES_RHO,10.1002/aic.18095,4032,1.0632,1.0561637874280283,0.007036212571971623,0.007036212571971401
DES_RHO,10.1002/aic.18095,4043,1.0627,1.0612958880894037,0.0014041119105963062,0.0014041119105963062
DES_RHO,10.1002/aic.18095,4055,1.0623,1.100011330130703,-0.03771133013070305,-0.03771133013070305
DES_RHO,10.1002/aic.18095,4061,1.0622,1.0963279503484444,-0.0341279503484444,-0.0341279503484444
DES_RHO,10.1002/aic.18095,4068,1.0616,1.0535538993066524,0.008046100693347658,0.008046100693347658
DES_RHO,10.1002/aic.18095,4072,1.0613,1.071853249558665,-0.010553249558665101,-0.010553249558665101
DES_RHO,10.1002/aic.18095,4075,1.0611,1.0575384990457666,0.0035615009542333542,0.0035615009542333542
DES_RHO,10.1002/aic.18095,4076,1.061,1.093439411950728,-0.03243941195072808,-0.03243941195072808
DES_RHO,10.1002/aic.18095,4079,1.0609,1.0324564610317453,0.02844353896825469,0.02844353896825469
DES_RHO,10.1002/aic.18095,4084,1.0606,1.13192929796039,-0.07132929796039011,-0.07132929796038989
DES_RHO,10.1002/aic.18095,4086,1.0603,1.04885577305241,0.011444226947590064,0.011444226947590064
DES_RHO,10.1002/aic.18095,4087,1.0603,1.1221734825990135,-0.061873482599013485,-0.06187348259901371
DES_RHO,10.1002/aic.18095,4088,1.0602,1.046533431965719,0.013666568034281124,0.013666568034281124
DES_RHO,10.1002/aic.18095,4106,1.0599,1.0547994596340629,0.005100540365937212,0.005100540365937212
DES_RHO,10.1002/aic.18095,4110,1.0597,1.080868965902551,-0.021168965902550907,-0.021168965902550907
DES_RHO,10.1002/aic.18095,4117,1.0593,1.059877997679351,-0.0005779976793511832,-0.0005779976793511832
DES_RHO,10.1002/aic.18095,4132,1.0589,1.09461754896034,-0.03571754896034007,-0.03571754896034007
DES_RHO,10.1002/aic.18095,4135,1.0585,1.132064264516809,-0.07356426451680909,-0.07356426451680909
DES_RHO,10.1002/aic.18095,4143,1.0577,1.0554618106213227,0.0022381893786773688,0.0022381893786773688
DES_RHO,10.1002/aic.18095,4146,1.0575,1.1261172514789084,-0.06861725147890829,-0.06861725147890829
DES_RHO,10.1002/aic.18095,4148,1.0573,1.0545305565417855,0.0027694434582143934,0.0027694434582146155
DES_RHO,10.1002/aic.18095,4154,1.057,1.1213682363027173,-0.06436823630271737,-0.0643682363027176
DES_RHO,10.1002/aic.18095,4159,1.0566,1.0288404788888883,0.027759521111111685,0.027759521111111685
DES_RHO,10.1002/aic.18095,4166,1.0563,1.046211446383142,0.01008855361685801,0.01008855361685801
DES_RHO,10.1002/aic.18095,4172,1.0559,1.0914393143316803,-0.03553931433168023,-0.03553931433168023
DES_RHO,10.1002/aic.18095,4178,1.0557,1.0926245645447556,-0.03692456454475557,-0.03692456454475557
DES_RHO,10.1002/aic.18095,4180,1.0555,1.0777527336935557,-0.022252733693555626,-0.022252733693555626
DES_RHO,10.1002/aic.18095,4193,1.0545,1.048596818565912,0.005903181434087967,0.005903181434087967
DES_RHO,10.1002/aic.18095,4196,1.0544,1.123115553079894,-0.06871555307989397,-0.06871555307989374
DES_RHO,10.1002/aic.18095,4204,1.0539,1.0440219329425198,0.009878067057480289,0.009878067057480289
DES_RHO,10.1002/aic.18095,4207,1.0537,1.047794099570699,0.00590590042930117,0.00590590042930117
DES_RHO,10.1002/aic.18095,4210,1.0537,1.119562600852982,-0.0658626008529819,-0.06586260085298212
DES_RHO,10.1002/aic.18095,4212,1.0536,1.0292201853174598,0.024379814682540246,0.024379814682540246
DES_RHO,10.1002/aic.18095,4227,1.0524,1.0917887007881415,-0.039388700788141495,-0.039388700788141495
DES_RHO,10.1002/aic.18095,4232,1.0522,1.049717718143388,0.002482281856611923,0.002482281856612145
DES_RHO,10.1002/aic.18095,4234,1.0521,1.0892478502443785,-0.0371478502443785,-0.03714785024437872
DES_RHO,10.1002/aic.18095,4244,1.0515,1.0762411803205405,-0.0247411803205404,-0.024741180320540623
DES_RHO,10.1002/aic.18095,4247,1.0514,1.1212223366777774,-0.06982233667777749,-0.06982233667777771
DES_RHO,10.1002/aic.18095,4249,1.0511,1.0527526280307653,-0.0016526280307653796,-0.0016526280307653796
DES_RHO,10.1002/aic.18095,4264,1.0505,1.1175650325990132,-0.0670650325990132,-0.0670650325990132
DES_RHO,10.1002/aic.18095,4280,1.05,1.0667177486242958,-0.01671774862429576,-0.01671774862429576
DES_RHO,10.1002/aic.18095,4281,1.05,1.192904875060664,-0.14290487506066385,-0.14290487506066407
DES_RHO,10.1002/aic.18095,4283,1.0499,1.0534280259862299,-0.0035280259862298102,-0.0035280259862298102
DES_RHO,10.1002/aic.18095,4290,1.0491,1.0913283578919668,-0.04222835789196688,-0.04222835789196688
DES_RHO,10.1002/aic.18095,4299,1.0486,1.0869671005089294,-0.03836710050892944,-0.03836710050892944
DES_RHO,10.1002/aic.18095,4304,1.0484,1.0953596331261333,-0.04695963312613327,-0.04695963312613327
DES_RHO,10.1002/aic.18095,4305,1.0483,1.1165155394402928,-0.0682155394402928,-0.0682155394402928
DES_RHO,10.1002/aic.18095,4308,1.0481,1.0249300985279426,0.02316990147205744,0.02316990147205744
DES_RHO,10.1002/aic.18095,4311,1.048,1.0262024920634918,0.021797507936508254,0.021797507936508254
DES_RHO,10.1002/aic.18095,4318,1.0477,1.042052063711751,0.005647936288249111,0.005647936288249333
DES_RHO,10.1002/aic.18095,4329,1.0473,1.047062065379294,0.00023793462070598181,0.00023793462070598181
DES_RHO,10.1002/aic.18095,4330,1.0473,1.0465825789357783,0.0007174210642215684,0.0007174210642215684
DES_RHO,10.1002/aic.18095,4331,1.0473,1.0455994953516263,0.0017005046483735686,0.0017005046483737907
DES_RHO,10.1002/aic.18095,4336,1.0472,1.1165074255884317,-0.06930742558843184,-0.06930742558843161
DES_RHO,10.1002/aic.18095,4337,1.0471,1.0518160280089246,-0.0047160280089246776,-0.0047160280089246776
DES_RHO,10.1002/aic.18095,4340,1.0468,1.1111128128904255,-0.06431281289042556,-0.06431281289042556
DES_RHO,10.1002/aic.18095,4349,1.0464,1.0295207519841265,0.016879248015873483,0.016879248015873483
DES_RHO,10.1002/aic.18095,4354,1.046,0.9857061127592709,0.06029388724072915,0.06029388724072915
DES_RHO,10.1002/aic.18095,4361,1.0458,1.0412547192160897,0.004545280783910366,0.004545280783910366
DES_RHO,10.1002/aic.18095,4373,1.0452,1.1155328933063344,-0.07033289330633452,-0.07033289330633474
DES_RHO,10.1002/aic.18095,4374,1.0451,1.0751151989713341,-0.0300151989713342,-0.0300151989713342
DES_RHO,10.1002/aic.18095,4376,1.0448,1.0510039195142822,-0.00620391951428223,-0.00620391951428223
DES_RHO,10.1002/aic.18095,4393,1.0439,1.1143162711051489,-0.07041627110514881,-0.07041627110514903
DES_RHO,10.1002/aic.18095,4397,1.0436,1.111225358344971,-0.06762535834497085,-0.06762535834497085
DES_RHO,10.1002/aic.18095,4412,1.0426,1.0430327382220448,-0.00043273822204481505,-0.00043273822204481505
DES_RHO,10.1002/aic.18095,4416,1.0423,1.0465591874326543,-0.004259187432654299,-0.004259187432654077
DES_RHO,10.1002/aic.18095,4421,1.0421,1.1142303599730012,-0.07213035997300121,-0.07213035997300143
DES_RHO,10.1002/aic.18095,4435,1.0415,1.026347925396825,0.015152074603175025,0.015152074603175025
DES_RHO,10.1002/aic.18095,4443,1.0409,1.085665642175596,-0.04476564217559598,-0.04476564217559598
DES_RHO,10.1002/aic.18095,4449,1.0407,1.0453913743875491,-0.004691374387549185,-0.004691374387548963
DES_RHO,10.1002/aic.18095,4453,1.0406,1.1129375946140478,-0.07233759461404787,-0.07233759461404765
DES_RHO,10.1002/aic.18095,4454,1.0405,1.0410555466177338,-0.0005555466177338264,-0.0005555466177338264
DES_RHO,10.1002/aic.18095,4456,1.0404,1.1107854906201031,-0.07038549062010313,-0.07038549062010313
DES_RHO,10.1002/aic.18095,4463,1.0402,1.0687757037186663,-0.028575703718666245,-0.02857570371866669
DES_RHO,10.1002/aic.18095,4464,1.0402,1.0442321824937062,-0.004032182493706182,-0.004032182493706182
DES_RHO,10.1002/aic.18095,4468,1.04,1.080857129839584,-0.040857129839583894,-0.040857129839583894
DES_RHO,10.1002/aic.18095,4472,1.04,1.0542119572499316,-0.014211957249931517,-0.014211957249931517
DES_RHO,10.1002/aic.18095,4473,1.04,1.0701166892320315,-0.03011668923203148,-0.03011668923203148
DES_RHO,10.1002/aic.18095,4474,1.04,1.0987606980598859,-0.05876069805988582,-0.05876069805988582
DES_RHO,10.1002/aic.18095,4481,1.0393,1.03866856473347,0.0006314352665299783,0.0006314352665299783
DES_RHO,10.1002/aic.18095,4484,1.0392,1.0282269762353933,0.010973023764606626,0.010973023764606626
DES_RHO,10.1002/aic.18095,4490,1.039,1.1134977612957526,-0.0744977612957527,-0.07449776129575292
DES_RHO,10.1002/aic.18095,4498,1.0387,1.0226394438454027,0.016060556154597228,0.016060556154597005
DES_RHO,10.1002/aic.18095,4501,1.0384,1.050582430625393,-0.012182430625393037,-0.012182430625393037
DES_RHO,10.1002/aic.18095,4505,1.0382,1.0453212801935965,-0.00712128019359648,-0.007121280193596258
DES_RHO,10.1002/aic.18095,4507,1.038,0.9146973333258955,0.1233026666741045,0.12330266667410428
DES_RHO,10.1002/aic.18095,4519,1.0374,1.110448150566429,-0.07304815056642888,-0.07304815056642866
DES_RHO,10.1002/aic.18095,4525,1.0371,1.1094888580804207,-0.07238885808042084,-0.07238885808042106
DES_RHO,10.1002/aic.18095,4529,1.0368,1.0681006087691713,-0.0313006087691714,-0.0313006087691714
DES_RHO,10.1002/aic.18095,4538,1.036,1.0371995274318826,-0.0011995274318825633,-0.0011995274318825633
DES_RHO,10.1002/aic.18095,4542,1.036,1.1132791724068636,-0.07727917240686355,-0.07727917240686377
DES_RHO,10.1002/aic.18095,4544,1.0358,1.0527261870973414,-0.016926187097341394,-0.016926187097341394
DES_RHO,10.1002/aic.18095,4567,1.0345,1.1032147731209703,-0.0687147731209703,-0.0687147731209703
DES_RHO,10.1002/aic.18095,4568,1.0344,1.0404264611171232,-0.0060264611171232385,-0.0060264611171232385
DES_RHO,10.1002/aic.18095,4570,1.0344,1.0193399220009611,0.015060077999038857,0.015060077999038857
DES_RHO,10.1002/aic.18095,4574,1.0343,1.0452320410542155,-0.010932041054215524,-0.010932041054215524
DES_RHO,10.1002/aic.18095,4580,1.0341,1.0438801675613216,-0.009780167561321607,-0.009780167561321607
DES_RHO,10.1002/aic.18095,4581,1.0341,1.0250089045209967,0.00909109547900333,0.009091095479003553
DES_RHO,10.1002/aic.18095,4582,1.0341,1.1101946529473814,-0.07609465294738138,-0.07609465294738138
DES_RHO,10.1002/aic.18095,4584,1.034,1.075982599825709,-0.041982599825709066,-0.041982599825709066
DES_RHO,10.1002/aic.18095,4587,1.0339,1.1078051209592092,-0.0739051209592092,-0.07390512095920898
DES_RHO,10.1002/aic.18095,4597,1.0332,1.0668484322285556,-0.033648432228555736,-0.033648432228555736
DES_RHO,10.1002/aic.18095,4601,1.0331,1.0432207587775533,-0.010120758777553363,-0.010120758777552918
DES_RHO,10.1002/aic.18095,4604,1.033,0.9137895343359965,0.1192104656640034,0.1192104656640034
DES_RHO,10.1002/aic.18095,4607,1.0329,1.1133451168513082,-0.08044511685130828,-0.08044511685130828
DES_RHO,10.1002/aic.18095,4609,1.0327,1.036381887352518,-0.003681887352517954,-0.003681887352517954
DES_RHO,10.1002/aic.18095,4617,1.0322,1.0737353323046677,-0.04153533230466766,-0.04153533230466788
DES_RHO,10.1002/aic.18095,4618,1.0322,1.0238589021787363,0.008341097821263688,0.008341097821263688
DES_RHO,10.1002/aic.18095,4623,1.032,1.0276332080026458,0.004366791997354236,0.004366791997354458
DES_RHO,10.1002/aic.18095,4628,1.0319,1.050582430625393,-0.018682430625392987,-0.018682430625392987
DES_RHO,10.1002/aic.18095,4635,1.031,1.099940264787637,-0.06894026478763715,-0.06894026478763715
DES_RHO,10.1002/aic.18095,4638,1.0309,1.1099995751696035,-0.07909957516960353,-0.07909957516960353
DES_RHO,10.1002/aic.18095,4641,1.0306,1.1059034542925423,-0.07530345429254237,-0.07530345429254237
DES_RHO,10.1002/aic.18095,4660,1.03,1.0483573896064629,-0.018357389606462826,-0.018357389606462382
DES_RHO,10.1002/aic.18095,4661,1.03,1.0813525921560971,-0.05135259215609711,-0.05135259215609711
DES_RHO,10.1002/aic.18095,4667,1.0297,1.0651695193775172,-0.03546951937751719,-0.03546951937751719
DES_RHO,10.1002/aic.18095,4672,1.0295,1.0343083374072528,-0.004808337407252727,-0.004808337407252727
DES_RHO,10.1002/aic.18095,4677,1.029,1.077904774693158,-0.048904774693158126,-0.048904774693158126
DES_RHO,10.1002/aic.18095,4679,1.029,0.9122464189963656,0.11675358100363431,0.11675358100363453
DES_RHO,10.1002/aic.18095,4681,1.0289,1.0227325452884046,0.006167454711595299,0.006167454711595299
DES_RHO,10.1002/aic.18095,4683,1.0288,1.0428302203390993,-0.014030220339099397,-0.014030220339099397
DES_RHO,10.1002/aic.18095,4684,1.0287,1.1149460468680663,-0.08624604686806636,-0.08624604686806636
DES_RHO,10.1002/aic.18095,4689,1.0281,1.0849586088422627,-0.05685860884226268,-0.05685860884226268
DES_RHO,10.1002/aic.18095,4693,1.028,1.0404040444504565,-0.012404044450456508,-0.012404044450456508
DES_RHO,10.1002/aic.18095,4698,1.0276,1.1097738227886509,-0.08217382278865082,-0.08217382278865082
DES_RHO,10.1002/aic.18095,4702,1.0273,1.100309752679375,-0.07300975267937493,-0.07300975267937493
DES_RHO,10.1002/aic.18095,4703,1.0273,1.1024804086576214,-0.07518040865762132,-0.07518040865762154
DES_RHO,10.1002/aic.18095,4711,1.027,1.0739596041654593,-0.04695960416545941,-0.04695960416545941
DES_RHO,10.1002/aic.18095,4712,1.027,1.0217336529883512,0.005266347011648742,0.005266347011648742
DES_RHO,10.1002/aic.18095,4720,1.0267,1.0245947298280424,0.0021052701719574962,0.0021052701719574962
DES_RHO,10.1002/aic.18095,4725,1.0265,1.0290234019875009,-0.002523401987500895,-0.002523401987500895
DES_RHO,10.1002/aic.18095,4730,1.0263,1.0332494189548718,-0.006949418954871778,-0.006949418954871778
DES_RHO,10.1002/aic.18095,4733,1.0262,1.062429413029726,-0.03622941302972604,-0.03622941302972604
DES_RHO,10.1002/aic.18095,4737,1.0261,1.0431348421108864,-0.01703484211088635,-0.01703484211088635
DES_RHO,10.1002/aic.18095,4750,1.0251,1.1093862546589572,-0.08428625465895734,-0.08428625465895734
DES_RHO,10.1002/aic.18095,4752,1.025,0.911347876644273,0.11365212335572694,0.11365212335572694
DES_RHO,10.1002/aic.18095,4756,1.0247,1.027618965410053,-0.002918965410052987,-0.002918965410052987
DES_RHO,10.1002/aic.18095,4762,1.024,1.100669341726405,-0.07666934172640505,-0.07666934172640505
DES_RHO,10.1002/aic.18095,4766,1.0238,1.1000712820444545,-0.07627128204445444,-0.07627128204445421
DES_RHO,10.1002/aic.18095,4776,1.0231,1.0322318078437607,-0.009131807843760775,-0.009131807843760775
DES_RHO,10.1002/aic.18095,4778,1.023,1.0734325854200242,-0.05043258542002427,-0.05043258542002427
DES_RHO,10.1002/aic.18095,4780,1.0229,1.112438827207172,-0.08953882720717199,-0.08953882720717199
DES_RHO,10.1002/aic.18095,4785,1.0226,1.061563677712266,-0.03896367771226594,-0.03896367771226572
DES_RHO,10.1002/aic.18095,4791,1.0221,1.0163708342763154,0.005729165723684648,0.005729165723684648
DES_RHO,10.1002/aic.18095,4796,1.0218,1.1014879984420267,-0.07968799844202668,-0.07968799844202668
DES_RHO,10.1002/aic.18095,4797,1.0218,1.0979382170451115,-0.07613821704511148,-0.07613821704511148
DES_RHO,10.1002/aic.18095,4805,1.021,1.0207089339407325,0.0002910660592674308,0.00029106605926765283
DES_RHO,10.1002/aic.18095,4807,1.021,0.9102234946336908,0.11077650536630912,0.11077650536630912
DES_RHO,10.1002/aic.18095,4815,1.0207,1.0985479428447311,-0.07784794284473118,-0.07784794284473118
DES_RHO,10.1002/aic.18095,4816,1.0204,1.0274394779002436,-0.007039477900243618,-0.007039477900243618
DES_RHO,10.1002/aic.18095,4818,1.0203,1.097500240510063,-0.07720024051006291,-0.07720024051006269
DES_RHO,10.1002/aic.18095,4822,1.02,1.0294743168412446,-0.009474316841244557,-0.009474316841244557
DES_RHO,10.1002/aic.18095,4824,1.02,1.0703341245244269,-0.05033412452442687,-0.05033412452442665
DES_RHO,10.1002/aic.18095,4838,1.0193,1.024613820568783,-0.005313820568782823,-0.005313820568782823
DES_RHO,10.1002/aic.18095,4842,1.019,1.041997277031521,-0.02299727703152099,-0.02299727703152099
DES_RHO,10.1002/aic.18095,4845,1.0187,1.0820501426935372,-0.06335014269353723,-0.06335014269353723
DES_RHO,10.1002/aic.18095,4849,1.0185,1.0158938104667918,0.0026061895332081253,0.0026061895332081253
DES_RHO,10.1002/aic.18095,4850,1.0185,1.0212523013859875,-0.0027523013859875878,-0.0027523013859875878
DES_RHO,10.1002/aic.18095,4852,1.0183,1.1010891715189497,-0.08278917151894971,-0.08278917151894949
DES_RHO,10.1002/aic.18095,4853,1.0183,1.1100109913097362,-0.09171099130973626,-0.09171099130973626
DES_RHO,10.1002/aic.18095,4861,1.0176,1.097307503955842,-0.07970750395584192,-0.07970750395584192
DES_RHO,10.1002/aic.18095,4863,1.0174,1.0265557546957664,-0.00915575469576635,-0.00915575469576635
DES_RHO,10.1002/aic.18095,4865,1.0173,1.0276483900695559,-0.01034839006955579,-0.010348390069555569
DES_RHO,10.1002/aic.18095,4867,1.017,1.0712060342042187,-0.05420603420421877,-0.05420603420421899
DES_RHO,10.1002/aic.18095,4870,1.017,0.9998795494144798,0.01712045058552014,0.01712045058552014
DES_RHO,10.1002/aic.18095,4871,1.017,0.9088606922767885,0.10813930772321145,0.10813930772321145
DES_RHO,10.1002/aic.18095,4874,1.0168,1.0289761501745776,-0.012176150174577627,-0.012176150174577627
DES_RHO,10.1002/aic.18095,4877,1.0167,1.0929036331026551,-0.07620363310265521,-0.07620363310265521
DES_RHO,10.1002/aic.18095,4881,1.0162,1.0949316156381852,-0.0787316156381852,-0.07873161563818498
DES_RHO,10.1002/aic.18095,4887,1.0156,1.010093565219737,0.005506434780263136,0.005506434780263358
DES_RHO,10.1002/aic.18095,4892,1.0151,1.0422291629316922,-0.02712916293169232,-0.027129162931692097
DES_RHO,10.1002/aic.18095,4895,1.015,1.0199451061629545,-0.004945106162954627,-0.004945106162954405
DES_RHO,10.1002/aic.18095,4900,1.0149,1.1077804838361913,-0.09288048383619141,-0.09288048383619141
DES_RHO,10.1002/aic.18095,4901,1.0149,1.0151872639288855,-0.0002872639288855616,-0.0002872639288855616
DES_RHO,10.1002/aic.18095,4903,1.0148,1.100712358026886,-0.08591235802688613,-0.08591235802688613
DES_RHO,10.1002/aic.18095,4908,1.0143,1.0973020499875878,-0.08300204998758787,-0.08300204998758787
DES_RHO,10.1002/aic.18095,4910,1.0142,1.028803273847814,-0.014603273847813902,-0.01460327384781368
DES_RHO,10.1002/aic.18095,4914,1.014,1.0647125305211909,-0.050712530521190846,-0.05071253052119107
DES_RHO,10.1002/aic.18095,4915,1.014,1.0677176085119393,-0.0537176085119393,-0.053717608511939074
DES_RHO,10.1002/aic.18095,4918,1.0137,1.0286076858888633,-0.014907685888863265,-0.014907685888863265
DES_RHO,10.1002/aic.18095,4920,1.0132,1.07964963039195,-0.06644963039194995,-0.06644963039194995
DES_RHO,10.1002/aic.18095,4923,1.0131,1.0921716211978931,-0.07907162119789324,-0.07907162119789346
DES_RHO,10.1002/aic.18095,4926,1.013,0.9069937453070916,0.10600625469290825,0.10600625469290825
DES_RHO,10.1002/aic.18095,4931,1.0122,1.0790215008945954,-0.06682150089459538,-0.06682150089459538
DES_RHO,10.1002/aic.18095,4935,1.012,1.0236021431878304,-0.011602143187830372,-0.011602143187830372
DES_RHO,10.1002/aic.18095,4937,1.0119,1.0097417080768796,0.002158291923120448,0.002158291923120448
DES_RHO,10.1002/aic.18095,4940,1.0116,1.0924744680344003,-0.08087446803440024,-0.08087446803440002
DES_RHO,10.1002/aic.18095,4944,1.0114,1.0993960072332352,-0.08799600723323509,-0.08799600723323509
DES_RHO,10.1002/aic.18095,4947,1.0113,1.0136042028177747,-0.0023042028177746587,-0.0023042028177746587
DES_RHO,10.1002/aic.18095,4952,1.0109,1.0087937242287344,0.0021062757712655422,0.0021062757712657643
DES_RHO,10.1002/aic.18095,4953,1.0107,1.1055874740478315,-0.0948874740478316,-0.0948874740478316
DES_RHO,10.1002/aic.18095,4955,1.0105,1.0764590699422147,-0.06595906994221479,-0.06595906994221479
DES_RHO,10.1002/aic.18095,4957,1.0103,1.0523242426399038,-0.042024242639903786,-0.042024242639903786
DES_RHO,10.1002/aic.18095,4959,1.0102,1.0208649754045913,-0.010664975404591326,-0.010664975404591326
DES_RHO,10.1002/aic.18095,4961,1.01,1.0675297450393768,-0.0575297450393768,-0.0575297450393768
DES_RHO,10.1002/aic.18095,4962,1.01,1.0096938679572356,0.00030613204276441763,0.00030613204276441763
DES_RHO,10.1002/aic.18095,4964,1.01,1.0102535393564422,-0.0002535393564422339,-0.00025353935644245595
DES_RHO,10.1002/aic.18095,4971,1.0095,1.0915228454042423,-0.0820228454042422,-0.08202284540424243
DES_RHO,10.1002/aic.18095,4976,1.009,1.0174094103448836,-0.008409410344883739,-0.008409410344883739
DES_RHO,10.1002/aic.18095,4978,1.009,0.9050245100257066,0.10397548997429329,0.10397548997429329
DES_RHO,10.1002/aic.18095,4986,1.0086,1.0782643422967118,-0.06966434229671181,-0.06966434229671181
DES_RHO,10.1002/aic.18095,4988,1.0082,1.0086908504278622,-0.0004908504278622328,-0.0004908504278622328
DES_RHO,10.1002/aic.18095,4989,1.0081,1.073552696068636,-0.06545269606863591,-0.06545269606863591
DES_RHO,10.1002/aic.18095,4992,1.008,1.063619519599556,-0.05561951959955591,-0.05561951959955591
DES_RHO,10.1002/aic.18095,4993,1.008,1.0982068753429033,-0.09020687534290328,-0.09020687534290328
DES_RHO,10.1002/aic.18095,4994,1.008,1.090364376764559,-0.08236437676455899,-0.08236437676455877
DES_RHO,10.1002/aic.18095,4997,1.0079,1.0763276127993577,-0.06842761279935772,-0.06842761279935772
DES_RHO,10.1002/aic.18095,5000,1.0078,1.0171521003831185,-0.009352100383118511,-0.009352100383118511
DES_RHO,10.1002/aic.18095,5003,1.0077,1.0138133907441509,-0.006113390744150848,-0.006113390744150848
DES_RHO,10.1002/aic.18095,5008,1.0071,1.0083930992287342,-0.001293099228734107,-0.001293099228734107
DES_RHO,10.1002/aic.18095,5011,1.007,1.0652938170291273,-0.05829381702912739,-0.05829381702912739
DES_RHO,10.1002/aic.18095,5012,1.007,1.0105008143254892,-0.003500814325489321,-0.003500814325489321
DES_RHO,10.1002/aic.18095,5015,1.006,1.0918647930232899,-0.08586479302328986,-0.08586479302328986
DES_RHO,10.1002/aic.18095,5017,1.0058,1.0741982548628497,-0.06839825486284967,-0.06839825486284967
DES_RHO,10.1002/aic.18095,5023,1.005,0.9543948569950078,0.05060514300499208,0.05060514300499208
DES_RHO,10.1002/aic.18095,5025,1.005,0.9037397105548072,0.10126028944519272,0.10126028944519261
DES_RHO,10.1002/aic.18095,5027,1.0049,1.0766303478522672,-0.07173034785226728,-0.07173034785226728
DES_RHO,10.1002/aic.18095,5029,1.0045,1.0168210781608964,-0.012321078160896448,-0.012321078160896226
DES_RHO,10.1002/aic.18095,5031,1.0045,1.0480747278047384,-0.04357472780473848,-0.04357472780473848
DES_RHO,10.1002/aic.18095,5032,1.0045,1.007588230128717,-0.003088230128716951,-0.003088230128716951
DES_RHO,10.1002/aic.18095,5037,1.0042,1.040566482505356,-0.03636648250535601,-0.03636648250535601
DES_RHO,10.1002/aic.18095,5038,1.0042,1.0138386829759929,-0.009638682975992907,-0.009638682975992907
DES_RHO,10.1002/aic.18095,5041,1.004,1.0622296552566406,-0.05822965525664059,-0.05822965525664081
DES_RHO,10.1002/aic.18095,5043,1.0039,1.088362341311948,-0.08446234131194807,-0.08446234131194807
DES_RHO,10.1002/aic.18095,5044,1.0039,1.070296671276872,-0.06639667127687199,-0.06639667127687199
DES_RHO,10.1002/aic.18095,5046,1.0036,1.1041388407144983,-0.10053884071449826,-0.10053884071449826
DES_RHO,10.1002/aic.18095,5049,1.0034,1.0749482532755479,-0.07154825327554781,-0.07154825327554781
DES_RHO,10.1002/aic.18095,5051,1.0033,1.0077804203037704,-0.004480420303770272,-0.004480420303770272
DES_RHO,10.1002/aic.18095,5053,1.003,1.0166877770115503,-0.01368777701155044,-0.013687777011550661
DES_RHO,10.1002/aic.18095,5055,1.0025,1.0920159263566234,-0.08951592635662342,-0.08951592635662342
DES_RHO,10.1002/aic.18095,5057,1.0015,1.0727336731168178,-0.07123367311681772,-0.07123367311681772
DES_RHO,10.1002/aic.18095,5060,1.0013,1.0105841551883137,-0.009284155188313603,-0.009284155188313603
DES_RHO,10.1002/aic.18095,5062,1.0011,1.0205280075704524,-0.019428007570452266,-0.019428007570452266
DES_RHO,10.1002/aic.18095,5065,1.001,1.06171691838375,-0.06071691838375015,-0.06071691838375015
DES_RHO,10.1002/aic.18095,5066,1.001,1.0096704254366005,-0.00867042543660057,-0.00867042543660057
DES_RHO,10.1002/aic.18095,5069,1.001,0.9022265715216182,0.09877342847838166,0.09877342847838166
DES_RHO,10.1002/aic.18095,5070,1.001,1.016813654507529,-0.01581365450752914,-0.01581365450752914
DES_RHO,10.1002/aic.18095,5071,1.0009,1.07461562278613,-0.0737156227861302,-0.0737156227861302
DES_RHO,10.1002/aic.18095,5073,1.0008,1.0075994107679358,-0.006799410767935887,-0.006799410767935887
DES_RHO,10.1002/aic.18095,5074,1.0007,1.0207614467962105,-0.02006144679621058,-0.02006144679621058
DES_RHO,10.1002/aic.18095,5077,1.0006,1.0139716670092447,-0.013371667009244748,-0.013371667009244526
DES_RHO,10.1002/aic.18095,5078,1.0001,1.007684461786988,-0.007584461786988017,-0.007584461786988017
DES_RHO,10.1002/aic.18095,5079,1.0001,1.0716193677609427,-0.0715193677609427,-0.0715193677609427
DES_RHO,10.1002/aic.18095,5080,1.0001,1.0518160280089246,-0.05171602800892461,-0.05171602800892461
DES_RHO,10.1002/aic.18095,5082,1.0,1.0654224281402385,-0.06542242814023846,-0.06542242814023824
DES_RHO,10.1002/aic.18095,5083,1.0,1.073453790577135,-0.07345379057713508,-0.07345379057713508
DES_RHO,10.1002/aic.18095,5084,1.0,1.069996974076062,-0.06999697407606198,-0.06999697407606198
DES_RHO,10.1002/aic.18095,5086,0.9995,1.0065817703037703,-0.007081770303770218,-0.007081770303769996
DES_RHO,10.1002/aic.18095,5089,0.999,0.9272633042876138,0.07173669571238617,0.07173669571238639
DES_RHO,10.1002/aic.18095,5091,0.9989,1.0908280763566234,-0.09192807635662337,-0.09192807635662337
DES_RHO,10.1002/aic.18095,5093,0.9986,1.0143400634997617,-0.015740063499761647,-0.015740063499761647
DES_RHO,10.1002/aic.18095,5095,0.9983,1.0087594913131082,-0.010459491313108193,-0.010459491313108193
DES_RHO,10.1002/aic.18095,5097,0.9983,1.0372430793307532,-0.03894307933075325,-0.03894307933075325
DES_RHO,10.1002/aic.18095,5098,0.9982,1.045557064312675,-0.04735706431267506,-0.047357064312674835
DES_RHO,10.1002/aic.18095,5099,0.9982,1.0715407659739604,-0.07334076597396044,-0.07334076597396044
DES_RHO,10.1002/aic.18095,5100,0.9981,1.0081737763173642,-0.01007377631736417,-0.01007377631736417
DES_RHO,10.1002/aic.18095,5101,0.9981,1.0613330369526635,-0.06323303695266347,-0.06323303695266347
DES_RHO,10.1002/aic.18095,5103,0.9979,1.0174006889321785,-0.01950068893217849,-0.01950068893217849
DES_RHO,10.1002/aic.18095,5106,0.9971,1.0077512405659155,-0.010651240565915487,-0.010651240565915487
DES_RHO,10.1002/aic.18095,5107,0.9971,1.0131471568240593,-0.016047156824059328,-0.016047156824059328
DES_RHO,10.1002/aic.18095,5108,0.9971,1.0740299551631556,-0.0769299551631556,-0.07692995516315537
DES_RHO,10.1002/aic.18095,5111,0.997,1.0628027750979103,-0.06580277509791033,-0.06580277509791055
DES_RHO,10.1002/aic.18095,5112,0.997,1.0170463325671057,-0.02004633256710575,-0.02004633256710575
DES_RHO,10.1002/aic.18095,5114,0.997,0.9025545650281119,0.09444543497188806,0.09444543497188795
DES_RHO,10.1002/aic.18095,5115,0.9969,1.0717851029448602,-0.07488510294486017,-0.07488510294486017
DES_RHO,10.1002/aic.18095,5116,0.9967,1.0871174690897258,-0.09041746908972581,-0.09041746908972603
DES_RHO,10.1002/aic.18095,5117,0.9966,1.0168295498133404,-0.020229549813340353,-0.020229549813340353
DES_RHO,10.1002/aic.18095,5119,0.9964,1.0067250636388398,-0.010325063638839893,-0.010325063638839893
DES_RHO,10.1002/aic.18095,5122,0.996,1.0077198351330485,-0.011719835133048528,-0.011719835133048528
DES_RHO,10.1002/aic.18095,5124,0.996,1.0093693383334257,-0.013369338333425684,-0.013369338333425684
DES_RHO,10.1002/aic.18095,5126,0.9958,1.0064595949069448,-0.010659594906944792,-0.010659594906944792
DES_RHO,10.1002/aic.18095,5128,0.9955,1.0585025285706398,-0.0630025285706397,-0.0630025285706397
DES_RHO,10.1002/aic.18095,5129,0.9952,1.0695767764898336,-0.07437677648983365,-0.07437677648983365
DES_RHO,10.1002/aic.18095,5130,0.9952,1.046211446383142,-0.051011446383142034,-0.051011446383142034
DES_RHO,10.1002/aic.18095,5132,0.9951,1.008203471471838,-0.01310347147183799,-0.013103471471838213
DES_RHO,10.1002/aic.18095,5134,0.9951,1.014143686698785,-0.01904368669878498,-0.01904368669878498
DES_RHO,10.1002/aic.18095,5137,0.995,1.057892510171289,-0.06289251017128905,-0.06289251017128927
DES_RHO,10.1002/aic.18095,5138,0.995,1.0091819865477119,-0.014181986547711856,-0.014181986547711856
DES_RHO,10.1002/aic.18095,5139,0.995,1.007891675496918,-0.012891675496918054,-0.012891675496918054
DES_RHO,10.1002/aic.18095,5140,0.995,1.007891675496918,-0.012891675496918054,-0.012891675496918054
DES_RHO,10.1002/aic.18095,5142,0.995,0.9264753941866036,0.06852460581339637,0.06852460581339626
DES_RHO,10.1002/aic.18095,5144,0.9946,1.0055094342117912,-0.010909434211791136,-0.010909434211791136
DES_RHO,10.1002/aic.18095,5145,0.9945,1.0072849818729197,-0.012784981872919654,-0.012784981872919876
DES_RHO,10.1002/aic.18095,5146,0.9942,1.0732932561194632,-0.07909325611946327,-0.07909325611946327
DES_RHO,10.1002/aic.18095,5148,0.994,1.040345220600594,-0.046345220600594095,-0.046345220600594095
DES_RHO,10.1002/aic.18095,5151,0.9935,1.0133811497745728,-0.01988114977457278,-0.01988114977457278
DES_RHO,10.1002/aic.18095,5153,0.9934,1.00750223216007,-0.014102232160070005,-0.014102232160070005
DES_RHO,10.1002/aic.18095,5155,0.9929,1.0058479997499505,-0.012947999749950534,-0.012947999749950534
DES_RHO,10.1002/aic.18095,5157,0.9924,1.0076642224346357,-0.015264222434635766,-0.015264222434635988
DES_RHO,10.1002/aic.18095,5158,0.9923,1.0444002297198525,-0.05210022971985251,-0.05210022971985251
DES_RHO,10.1002/aic.18095,5162,0.9921,1.0374216317117058,-0.04532163171170578,-0.04532163171170578
DES_RHO,10.1002/aic.18095,5163,0.9921,1.0068814524827026,-0.014781452482702573,-0.01478145248270235
DES_RHO,10.1002/aic.18095,5164,0.9921,1.0195457920942614,-0.027445792094261456,-0.027445792094261456
DES_RHO,10.1002/aic.18095,5166,0.992,0.9042157531233501,0.08778424687664987,0.08778424687664987
DES_RHO,10.1002/aic.18095,5168,0.9919,1.0072285950829492,-0.015328595082949148,-0.01532859508294937
DES_RHO,10.1002/aic.18095,5170,0.9915,1.012426175478339,-0.02092617547833897,-0.02092617547833897
DES_RHO,10.1002/aic.18095,5172,0.9911,1.040345220600594,-0.04924522060059411,-0.04924522060059411
DES_RHO,10.1002/aic.18095,5173,0.9911,1.0704347081035905,-0.07933470810359056,-0.07933470810359056
DES_RHO,10.1002/aic.18095,5176,0.991,1.0627806639867992,-0.07178066398679916,-0.07178066398679916
DES_RHO,10.1002/aic.18095,5177,0.991,1.0172806659004392,-0.026280665900439204,-0.026280665900439204
DES_RHO,10.1002/aic.18095,5180,0.991,0.9250110715370312,0.06598892846296878,0.065988928462969
DES_RHO,10.1002/aic.18095,5181,0.9909,1.0069766009205388,-0.016076600920538753,-0.016076600920538975
DES_RHO,10.1002/aic.18095,5186,0.99,1.0095230740477115,-0.019523074047711475,-0.019523074047711475
DES_RHO,10.1002/aic.18095,5188,0.9896,1.0682919816485636,-0.07869198164856361,-0.07869198164856361
DES_RHO,10.1002/aic.18095,5189,0.9895,1.055070305005316,-0.06557030500531602,-0.06557030500531602
DES_RHO,10.1002/aic.18095,5190,0.9895,1.005916416055867,-0.016416416055866856,-0.016416416055866856
DES_RHO,10.1002/aic.18095,5206,0.9873,0.9425615751116128,0.044738424888387196,0.044738424888387085
DES_RHO,10.1002/aic.18095,5210,0.9871,1.0043059152074623,-0.017205915207462286,-0.017205915207462286
DES_RHO,10.1002/aic.18095,5212,0.987,0.9242325736293827,0.06276742637061727,0.06276742637061727
DES_RHO,10.1002/aic.18095,5213,0.9864,1.0449598698071807,-0.05855986980718064,-0.05855986980718064
DES_RHO,10.1002/aic.18095,5214,0.9863,1.066968104396312,-0.080668104396312,-0.08066810439631178
DES_RHO,10.1002/aic.18095,5217,0.986,1.0370350261561503,-0.0510350261561503,-0.0510350261561503
DES_RHO,10.1002/aic.18095,5218,0.986,1.0430160313071544,-0.05701603130715438,-0.05701603130715438
DES_RHO,10.1002/aic.18095,5219,0.986,1.0067148231949286,-0.020714823194928567,-0.02071482319492879
DES_RHO,10.1002/aic.18095,5220,0.986,1.0059822696272953,-0.019982269627295324,-0.019982269627295324
DES_RHO,10.1002/aic.18095,5222,0.9854,1.0045646643590807,-0.019164664359080597,-0.019164664359080597
DES_RHO,10.1002/aic.18095,5225,0.9851,1.0054487948832986,-0.02034879488329866,-0.02034879488329866
DES_RHO,10.1002/aic.18095,5227,0.985,1.0088755018254894,-0.023875501825489365,-0.023875501825489365
DES_RHO,10.1002/aic.18095,5229,0.9847,1.0059773037095991,-0.021277303709599127,-0.021277303709599127
DES_RHO,10.1002/aic.18095,5231,0.9845,1.012389950706303,-0.027889950706302957,-0.027889950706302957
DES_RHO,10.1002/aic.18095,5235,0.984,1.0083003550000924,-0.024300355000092422,-0.024300355000092422
DES_RHO,10.1002/aic.18095,5237,0.9834,1.004229904890002,-0.020829904890002027,-0.020829904890002027
DES_RHO,10.1002/aic.18095,5238,0.9834,1.0514052159841516,-0.06800521598415155,-0.06800521598415155
DES_RHO,10.1002/aic.18095,5241,0.9831,0.9800382754576837,0.0030617245423162354,0.0030617245423162354
DES_RHO,10.1002/aic.18095,5244,0.983,1.0370218174259913,-0.054021817425991325,-0.054021817425991325
DES_RHO,10.1002/aic.18095,5245,0.983,1.0068796758334257,-0.023879675833425762,-0.023879675833425762
DES_RHO,10.1002/aic.18095,5246,0.983,1.0046068985127916,-0.021606898512791628,-0.021606898512791628
DES_RHO,10.1002/aic.18095,5247,0.983,1.0046068985127916,-0.021606898512791628,-0.021606898512791628
DES_RHO,10.1002/aic.18095,5249,0.983,0.9232080043172133,0.0597919956827867,0.0597919956827867
DES_RHO,10.1002/aic.18095,5250,0.9825,1.0050808974050733,-0.022580897405073297,-0.022580897405072853
DES_RHO,10.1002/aic.18095,5252,0.9823,1.037274480918055,-0.05497448091805501,-0.05497448091805501
DES_RHO,10.1002/aic.18095,5254,0.9822,1.0027961304762971,-0.02059613047629716,-0.02059613047629716
DES_RHO,10.1002/aic.18095,5256,0.982,1.0521081571610398,-0.0701081571610398,-0.07010815716104002
DES_RHO,10.1002/aic.18095,5259,0.9814,1.0060914715542637,-0.024691471554263655,-0.024691471554263655
DES_RHO,10.1002/aic.18095,5261,0.981,1.0153620405571926,-0.03436204055719261,-0.03436204055719261
DES_RHO,10.1002/aic.18095,5263,0.981,1.0061888037095992,-0.025188803709599195,-0.025188803709599195
DES_RHO,10.1002/aic.18095,5265,0.9805,1.0429522660831267,-0.062452266083126706,-0.062452266083126706
DES_RHO,10.1002/aic.18095,5268,0.9802,1.0368112420291664,-0.05661124202916645,-0.05661124202916645
DES_RHO,10.1002/aic.18095,5270,0.98,1.008505757381045,-0.028505757381044994,-0.028505757381044994
DES_RHO,10.1002/aic.18095,5271,0.9798,1.041824826758925,-0.062024826758924956,-0.062024826758924734
DES_RHO,10.1002/aic.18095,5273,0.9797,1.0046633310804782,-0.024963331080478213,-0.024963331080478435
DES_RHO,10.1002/aic.18095,5275,0.9795,0.9528314236616747,0.02666857633832531,0.026668576338325534
DES_RHO,10.1002/aic.18095,5277,0.9789,1.0017080360318529,-0.022808036031852885,-0.022808036031852885
DES_RHO,10.1002/aic.18095,5278,0.9789,1.0047725164526924,-0.025872516452692396,-0.02587251645269195
DES_RHO,10.1002/aic.18095,5282,0.978,1.0065204871429494,-0.028520487142949413,-0.028520487142949413
DES_RHO,10.1002/aic.18095,5285,0.978,0.9216198646587238,0.05638013534127617,0.05638013534127617
DES_RHO,10.1002/aic.18095,5287,0.9779,0.9423779213417715,0.03552207865822854,0.03552207865822843
DES_RHO,10.1002/aic.18095,5290,0.9778,1.0089339311141483,-0.031133931114148305,-0.031133931114148305
DES_RHO,10.1002/aic.18095,5292,0.9776,1.0168871208206027,-0.039287120820602706,-0.039287120820602706
DES_RHO,10.1002/aic.18095,5294,0.9773,1.037274480918055,-0.05997448091805502,-0.05997448091805502
DES_RHO,10.1002/aic.18095,5295,0.9772,1.0497047581799188,-0.07250475817991886,-0.07250475817991886
DES_RHO,10.1002/aic.18095,5301,0.9764,0.9420474546751046,0.0343525453248954,0.03435254532489518
DES_RHO,10.1002/aic.18095,5303,0.976,1.0066870858784578,-0.03068708587845781,-0.03068708587845781
DES_RHO,10.1002/aic.18095,5307,0.976,1.036970208695833,-0.06097020869583303,-0.060970208695832806
DES_RHO,10.1002/aic.18095,5308,0.976,1.0517500738277061,-0.07575007382770615,-0.07575007382770638
DES_RHO,10.1002/aic.18095,5309,0.976,1.0071178425000924,-0.03111784250009242,-0.03111784250009242
DES_RHO,10.1002/aic.18095,5310,0.976,1.0031789776133209,-0.027178977613320887,-0.027178977613320887
DES_RHO,10.1002/aic.18095,5311,0.976,1.0031789776133209,-0.027178977613320887,-0.027178977613320887
DES_RHO,10.1002/aic.18095,5313,0.9757,1.0011093508466675,-0.02540935084666751,-0.02540935084666751
DES_RHO,10.1002/aic.18095,5314,0.9751,1.069078370958364,-0.09397837095836403,-0.09397837095836403
DES_RHO,10.1002/aic.18095,5315,0.975,1.0002390911053833,-0.02523909110538336,-0.02523909110538336
DES_RHO,10.1002/aic.18095,5316,0.975,1.0002390911053833,-0.02523909110538336,-0.02523909110538336
DES_RHO,10.1002/aic.18095,5317,0.9748,1.0406629908694518,-0.0658629908694518,-0.0658629908694518
DES_RHO,10.1002/aic.18095,5321,0.9742,1.0095948467162392,-0.03539484671623927,-0.03539484671623927
DES_RHO,10.1002/aic.18095,5324,0.9741,1.0181988467465286,-0.04409884674652864,-0.04409884674652864
DES_RHO,10.1002/aic.18095,5326,0.9741,1.0366644531402776,-0.06256445314027759,-0.06256445314027737
DES_RHO,10.1002/aic.18095,5328,0.974,0.9194082621334714,0.0545917378665286,0.0545917378665286
DES_RHO,10.1002/aic.18095,5329,0.9736,1.0416654934255916,-0.06806549342559154,-0.06806549342559154
DES_RHO,10.1002/aic.18095,5331,0.9732,0.9690656386637554,0.004134361336244563,0.004134361336244674
DES_RHO,10.1002/aic.18095,5333,0.973,1.006725889523902,-0.033725889523901986,-0.033725889523901986
DES_RHO,10.1002/aic.18095,5335,0.9724,1.076023098150188,-0.10362309815018789,-0.10362309815018766
DES_RHO,10.1002/aic.18095,5337,0.9723,1.0077011291260516,-0.035401129126051534,-0.035401129126051534
DES_RHO,10.1002/aic.18095,5339,0.972,1.0059441315873938,-0.033944131587393844,-0.033944131587393844
DES_RHO,10.1002/aic.18095,5341,0.9713,1.047783371885658,-0.0764833718856579,-0.0764833718856579
DES_RHO,10.1002/aic.18095,5342,0.9711,0.9410852109814279,0.03001478901857202,0.03001478901857224
DES_RHO,10.1002/aic.18095,5346,0.9707,1.01825111747482,-0.04755111747481988,-0.04755111747481988
DES_RHO,10.1002/aic.18095,5348,0.9706,1.011044951639987,-0.04044495163998707,-0.04044495163998707
DES_RHO,10.1002/aic.18095,5350,0.9705,1.0084600792144893,-0.037960079214489295,-0.037960079214489295
DES_RHO,10.1002/aic.18095,5353,0.9703,1.0367013134577379,-0.06640131345773781,-0.06640131345773759
DES_RHO,10.1002/aic.18095,5355,0.9701,1.036970208695833,-0.06687020869583304,-0.06687020869583282
DES_RHO,10.1002/aic.18095,5358,0.97,1.0073521758334256,-0.03735217583342565,-0.03735217583342565
DES_RHO,10.1002/aic.18095,5360,0.97,0.917985701455261,0.052014298544738935,0.052014298544739046
DES_RHO,10.1002/aic.18095,5364,0.9698,0.9690656386637554,0.0007343613362446044,0.0007343613362447154
DES_RHO,10.1002/aic.18095,5365,0.9696,1.0678582490817752,-0.09825824908177516,-0.09825824908177472
DES_RHO,10.1002/aic.18095,5367,0.9692,1.0763694234027132,-0.10716942340271329,-0.10716942340271329
DES_RHO,10.1002/aic.18095,5369,0.9692,0.9704753719677689,-0.0012753719677689457,-0.0012753719677689457
DES_RHO,10.1002/aic.18095,5370,0.969,0.9985001299942724,-0.029500129994272428,-0.029500129994272428
DES_RHO,10.1002/aic.18095,5371,0.969,0.9985001299942724,-0.029500129994272428,-0.029500129994272428
DES_RHO,10.1002/aic.18095,5372,0.9688,1.0386751938609047,-0.06987519386090468,-0.06987519386090468
DES_RHO,10.1002/aic.18095,5374,0.9686,1.0093199329386884,-0.040719932938688363,-0.040719932938688363
DES_RHO,10.1002/aic.18095,5377,0.968,1.0061495339683462,-0.038149533968346194,-0.038149533968346194
DES_RHO,10.1002/aic.18095,5379,0.968,0.9876678557842811,-0.019667855784281096,-0.019667855784281096
DES_RHO,10.1002/aic.18095,5380,0.968,0.9697549646100314,-0.0017549646100314398,-0.0017549646100314398
DES_RHO,10.1002/aic.18095,5382,0.967,1.0107873988622091,-0.04378739886220917,-0.04378739886220917
DES_RHO,10.1002/aic.18095,5384,0.967,1.0097599202054917,-0.042759920205491686,-0.042759920205491686
DES_RHO,10.1002/aic.18095,5388,0.9669,1.0080594542144894,-0.04115945421448941,-0.04115945421448941
DES_RHO,10.1002/aic.18095,5391,0.966,1.0062272665080285,-0.04022726650802855,-0.04022726650802877
DES_RHO,10.1002/aic.18095,5392,0.966,0.9971752159731083,-0.03117521597310835,-0.03117521597310835
DES_RHO,10.1002/aic.18095,5393,0.966,0.9971752159731083,-0.03117521597310835,-0.03117521597310835
DES_RHO,10.1002/aic.18095,5395,0.966,0.9169971797621392,0.049002820237860734,0.049002820237860734
DES_RHO,10.1002/aic.18095,5397,0.9659,1.0730433263127663,-0.10714332631276635,-0.10714332631276635
DES_RHO,10.1002/aic.18095,5398,0.9654,1.0473618829967692,-0.08196188299676921,-0.08196188299676899
DES_RHO,10.1002/aic.18095,5401,0.9649,1.0085059218275767,-0.04360592182757672,-0.04360592182757672
DES_RHO,10.1002/aic.18095,5404,0.9643,0.940863754675105,0.023436245324895078,0.023436245324894966
DES_RHO,10.1002/aic.18095,5406,0.9641,1.0312706757321435,-0.06717067573214353,-0.06717067573214353
DES_RHO,10.1002/aic.18095,5407,0.9641,1.0392638325290584,-0.07516383252905845,-0.07516383252905823
DES_RHO,10.1002/aic.18095,5409,0.964,1.0365545245688488,-0.07255452456884881,-0.07255452456884881
DES_RHO,10.1002/aic.18095,5417,0.9637,1.0029351432590212,-0.03923514325902122,-0.03923514325902122
DES_RHO,10.1002/aic.18095,5419,0.9634,1.0094080630626345,-0.0460080630626345,-0.0460080630626345
DES_RHO,10.1002/aic.18095,5421,0.9633,1.0367013134577379,-0.07340131345773782,-0.0734013134577376
DES_RHO,10.1002/aic.18095,5423,0.9632,1.0074781086228588,-0.04427810862285886,-0.04427810862285886
DES_RHO,10.1002/aic.18095,5427,0.963,1.0312706757321435,-0.06827067573214352,-0.06827067573214352
DES_RHO,10.1002/aic.18095,5429,0.9629,1.037015580155166,-0.07411558015516595,-0.07411558015516595
DES_RHO,10.1002/aic.18095,5432,0.9628,0.9405332880084385,0.022266711991561494,0.022266711991561605
DES_RHO,10.1002/aic.18095,5434,0.9627,1.0734913223445124,-0.11079132234451239,-0.11079132234451239
DES_RHO,10.1002/aic.18095,5436,0.9624,0.9209395694558108,0.04146043054418924,0.04146043054418924
DES_RHO,10.1002/aic.18095,5438,0.9621,1.0471660073272506,-0.08506600732725067,-0.08506600732725067
DES_RHO,10.1002/aic.18095,5440,0.962,0.9144631687712784,0.04753683122872154,0.04753683122872154
DES_RHO,10.1002/aic.18095,5443,0.9614,1.0158270821192132,-0.05442708211921321,-0.054427082119212766
DES_RHO,10.1002/aic.18095,5444,0.9613,0.9386245733675472,0.02267542663245281,0.02267542663245281
DES_RHO,10.1002/aic.18095,5447,0.9612,1.031601423206891,-0.07040142320689102,-0.07040142320689102
DES_RHO,10.1002/aic.18095,5449,0.961,1.0063979188889811,-0.04539791888898115,-0.04539791888898115
DES_RHO,10.1002/aic.18095,5452,0.9609,0.9209395694558108,0.039960430544189185,0.039960430544189185
DES_RHO,10.1002/aic.18095,5456,0.96,1.006461599841362,-0.046461599841362,-0.046461599841362
DES_RHO,10.1002/aic.18095,5458,0.9599,1.0083885387469504,-0.04848853874695047,-0.04848853874695047
DES_RHO,10.1002/aic.18095,5460,0.9598,0.9319679066865886,0.02783209331341141,0.02783209331341141
DES_RHO,10.1002/aic.18095,5462,0.9596,1.0063052919561921,-0.04670529195619211,-0.04670529195619211
DES_RHO,10.1002/aic.18095,5464,0.9594,1.0728191199635604,-0.11341911996356036,-0.11341911996356036
DES_RHO,10.1002/aic.18095,5465,0.9591,1.0473618829967692,-0.08826188299676929,-0.08826188299676907
DES_RHO,10.1002/aic.18095,5467,0.959,1.0392638325290584,-0.08026383252905844,-0.08026383252905822
DES_RHO,10.1002/aic.18095,5468,0.959,0.9944407676021814,-0.0354407676021814,-0.0354407676021814
DES_RHO,10.1002/aic.18095,5469,0.959,0.9944407676021814,-0.0354407676021814,-0.0354407676021814
DES_RHO,10.1002/aic.18095,5470,0.959,0.9697549646100314,-0.010754964610031448,-0.010754964610031448
DES_RHO,10.1002/aic.18095,5473,0.9583,0.9386190733675474,0.01968092663245269,0.01968092663245269
DES_RHO,10.1002/aic.18095,5475,0.9582,1.047496754801998,-0.08929675480199795,-0.08929675480199795
DES_RHO,10.1002/aic.18095,5477,0.958,1.0153500583096895,-0.05735005830968953,-0.05735005830968953
DES_RHO,10.1002/aic.18095,5478,0.958,1.0393258022260279,-0.08132580222602792,-0.08132580222602792
DES_RHO,10.1002/aic.18095,5480,0.958,0.9143918567222165,0.043608143277783507,0.043608143277783507
DES_RHO,10.1002/aic.18095,5484,0.9579,1.0280025622400804,-0.07010256224008038,-0.07010256224008038
DES_RHO,10.1002/aic.18095,5486,0.9573,1.047496754801998,-0.09019675480199796,-0.09019675480199796
DES_RHO,10.1002/aic.18095,5488,0.9572,1.0280025622400804,-0.0708025622400803,-0.0708025622400803
DES_RHO,10.1002/aic.18095,5489,0.9572,1.0435853244766926,-0.08638532447669256,-0.08638532447669256
DES_RHO,10.1002/aic.18095,5490,0.9571,1.0384086114973121,-0.08130861149731217,-0.08130861149731217
DES_RHO,10.1002/aic.18095,5492,0.957,1.0365545245688488,-0.07955452456884882,-0.07955452456884882
DES_RHO,10.1002/aic.18095,5493,0.957,1.0433165466989147,-0.08631654669891475,-0.08631654669891475
DES_RHO,10.1002/aic.18095,5494,0.9569,1.0368769134884992,-0.07997691348849922,-0.07997691348849922
DES_RHO,10.1002/aic.18095,5496,0.9568,0.9386245733675472,0.01817542663245275,0.01817542663245275
DES_RHO,10.1002/aic.18095,5499,0.9564,1.0073117517811385,-0.05091175178113849,-0.05091175178113849
DES_RHO,10.1002/aic.18095,5501,0.9562,1.0440582882796314,-0.08785828827963138,-0.08785828827963138
DES_RHO,10.1002/aic.18095,5503,0.9561,1.0715128159712566,-0.11541281597125663,-0.11541281597125663
DES_RHO,10.1002/aic.18095,5505,0.956,1.0061621721149223,-0.050162172114922354,-0.05016217211492213
DES_RHO,10.1002/aic.18095,5508,0.955,1.0434041022544702,-0.08840410225447026,-0.08840410225447026
DES_RHO,10.1002/aic.18095,5509,0.955,1.006607718888981,-0.05160771888898108,-0.05160771888898108
DES_RHO,10.1002/aic.18095,5510,0.955,0.9902732160352296,-0.03527321603522959,-0.03527321603522959
DES_RHO,10.1002/aic.18095,5511,0.955,0.9902732160352296,-0.03527321603522959,-0.03527321603522959
DES_RHO,10.1002/aic.18095,5514,0.9549,1.028333309714828,-0.07343330971482798,-0.07343330971482798
DES_RHO,10.1002/aic.18095,5516,0.9546,1.0146748451051166,-0.060074845105116625,-0.060074845105116625
DES_RHO,10.1002/aic.18095,5519,0.954,0.9905707247653883,-0.03657072476538836,-0.03657072476538836
DES_RHO,10.1002/aic.18095,5520,0.954,0.9905707247653883,-0.03657072476538836,-0.03657072476538836
DES_RHO,10.1002/aic.18095,5523,0.954,0.920702580384842,0.033297419615157975,0.0332974196151582
DES_RHO,10.1002/aic.18095,5524,0.954,0.9369931648708151,0.017006835129184883,0.01700683512918466
DES_RHO,10.1002/aic.18095,5526,0.9532,1.044389035754379,-0.09118903575437898,-0.09118903575437876
DES_RHO,10.1002/aic.18095,5527,0.9531,1.040339234977692,-0.08723923497769215,-0.08723923497769215
DES_RHO,10.1002/aic.18095,5528,0.953,1.0384222781639787,-0.08542227816397874,-0.08542227816397874
DES_RHO,10.1002/aic.18095,5531,0.953,0.9953956144596934,-0.04239561445969342,-0.04239561445969342
DES_RHO,10.1002/aic.18095,5532,0.953,0.9158404892618991,0.037159510738100865,0.037159510738100865
DES_RHO,10.1002/aic.18095,5534,0.9529,1.007301987975913,-0.05440198797591311,-0.05440198797591311
DES_RHO,10.1002/aic.18095,5536,0.9529,0.9700055415584122,-0.017105541558412263,-0.017105541558412263
DES_RHO,10.1002/aic.18095,5538,0.9528,1.0676838242204152,-0.11488382422041521,-0.11488382422041499
DES_RHO,10.1002/aic.18095,5540,0.9528,0.9369931648708151,0.015806835129184904,0.015806835129184682
DES_RHO,10.1002/aic.18095,5542,0.9525,0.920702580384842,0.03179741961515803,0.03179741961515825
DES_RHO,10.1002/aic.18095,5544,0.9524,1.0065840296906798,-0.054184029690679814,-0.054184029690679814
DES_RHO,10.1002/aic.18095,5549,0.9522,1.027420058668652,-0.07522005866865189,-0.07522005866865189
DES_RHO,10.1002/aic.18095,5550,0.9521,1.0355343010124904,-0.0834343010124905,-0.0834343010124905
DES_RHO,10.1002/aic.18095,5554,0.9515,0.9319679066865886,0.019532093313411436,0.019532093313411436
DES_RHO,10.1002/aic.18095,5555,0.9515,0.9310434637338589,0.02045653626614108,0.0204565362661413
DES_RHO,10.1002/aic.18095,5557,0.9513,1.013117617327339,-0.061817617327339036,-0.061817617327339036
DES_RHO,10.1002/aic.18095,5558,0.9512,1.0368544968218323,-0.08565449682183224,-0.08565449682183224
DES_RHO,10.1002/aic.18095,5559,0.9511,1.0406080127554698,-0.08950801275546982,-0.08950801275547005
DES_RHO,10.1002/aic.18095,5560,0.9511,1.0382021256387262,-0.08710212563872621,-0.08710212563872621
DES_RHO,10.1002/aic.18095,5565,0.951,1.044389035754379,-0.09338903575437907,-0.09338903575437885
DES_RHO,10.1002/aic.18095,5566,0.951,1.027420058668652,-0.07642005866865198,-0.07642005866865198
DES_RHO,10.1002/aic.18095,5568,0.9509,0.9770262852861886,-0.026126285286188655,-0.026126285286188655
DES_RHO,10.1002/aic.18095,5570,0.9506,1.012001468645983,-0.06140146864598306,-0.06140146864598306
DES_RHO,10.1002/aic.18095,5574,0.9501,1.0430384311367742,-0.09293843113677425,-0.09293843113677425
DES_RHO,10.1002/aic.18095,5580,0.9497,0.9362275501695947,0.013472449830405298,0.013472449830405298
DES_RHO,10.1002/aic.18095,5581,0.9497,0.9318715719577096,0.017828428042290345,0.017828428042290123
DES_RHO,10.1002/aic.18095,5583,0.9496,0.9238283972307102,0.025771602769289803,0.025771602769289803
DES_RHO,10.1002/aic.18095,5585,0.9495,1.0672634146966058,-0.11776341469660578,-0.11776341469660534
DES_RHO,10.1002/aic.18095,5589,0.9494,1.0074538177738928,-0.058053817773892735,-0.05805381777389296
DES_RHO,10.1002/aic.18095,5590,0.9491,1.0406080127554698,-0.09150801275546971,-0.09150801275546994
DES_RHO,10.1002/aic.18095,5592,0.949,1.0274079172545105,-0.07840791725451057,-0.07840791725451057
DES_RHO,10.1002/aic.18095,5594,0.9489,0.9359465215728717,0.01295347842712824,0.01295347842712824
DES_RHO,10.1002/aic.18095,5596,0.9488,1.0066248076604958,-0.0578248076604958,-0.05782480766049558
DES_RHO,10.1002/aic.18095,5598,0.9487,0.979227278589526,-0.030527278589525975,-0.030527278589525975
DES_RHO,10.1002/aic.18095,5600,0.9487,0.9370735233364235,0.011626476663576524,0.011626476663576302
DES_RHO,10.1002/aic.18095,5602,0.9484,0.9362260501695946,0.012173949830405428,0.012173949830405428
DES_RHO,10.1002/aic.18095,5605,0.9481,0.9539040528843042,-0.005804052884304189,-0.005804052884304189
DES_RHO,10.1002/aic.18095,5608,0.948,0.9209521876745981,0.027047812325401877,0.02704781232540221
DES_RHO,10.1002/aic.18095,5612,0.9479,1.0133812346187947,-0.06548123461879474,-0.06548123461879474
DES_RHO,10.1002/aic.18095,5614,0.9473,1.0430262897226328,-0.09572628972263275,-0.09572628972263275
DES_RHO,10.1002/aic.18095,5617,0.947,1.0393183759006586,-0.09231837590065861,-0.09231837590065861
DES_RHO,10.1002/aic.18095,5618,0.947,1.035484467679157,-0.08848446767915708,-0.08848446767915708
DES_RHO,10.1002/aic.18095,5623,0.9463,1.0662689043791453,-0.11996890437914531,-0.11996890437914531
DES_RHO,10.1002/aic.18095,5625,0.9462,1.0430262897226328,-0.09682628972263274,-0.09682628972263274
DES_RHO,10.1002/aic.18095,5627,0.9461,0.9386022009632956,0.0074977990367044445,0.0074977990367044445
DES_RHO,10.1002/aic.18095,5628,0.9461,1.0354723262650156,-0.08937232626501557,-0.08937232626501557
DES_RHO,10.1002/aic.18095,5629,0.9461,1.152056488843758,-0.20595648884375806,-0.20595648884375806
DES_RHO,10.1002/aic.18095,5631,0.9461,0.9200512627922499,0.02604873720775014,0.02604873720775014
DES_RHO,10.1002/aic.18095,5633,0.946,1.0268147586686518,-0.08081475866865184,-0.08081475866865184
DES_RHO,10.1002/aic.18095,5634,0.946,0.9892666181516316,-0.043266618151631686,-0.043266618151631686
DES_RHO,10.1002/aic.18095,5635,0.946,0.9892666181516316,-0.043266618151631686,-0.043266618151631686
DES_RHO,10.1002/aic.18095,5637,0.9459,1.0072194760347142,-0.061319476034714215,-0.061319476034714215
DES_RHO,10.1002/aic.18095,5640,0.9457,0.9315439617130435,0.01415603828695644,0.01415603828695644
DES_RHO,10.1002/aic.18095,5642,0.9456,0.9359465215728717,0.00965347842712827,0.00965347842712827
DES_RHO,10.1002/aic.18095,5644,0.9456,0.939017312536146,0.006582687463854042,0.006582687463854042
DES_RHO,10.1002/aic.18095,5646,0.9455,0.9289127855431432,0.016587214456856847,0.016587214456856625
DES_RHO,10.1002/aic.18095,5648,0.9454,0.934704212043233,0.010695787956767067,0.010695787956767067
DES_RHO,10.1002/aic.18095,5649,0.9453,1.039582406456214,-0.094282406456214,-0.094282406456214
DES_RHO,10.1002/aic.18095,5652,0.9452,1.005600825362021,-0.06040082536202096,-0.06040082536202074
DES_RHO,10.1002/aic.18095,5653,0.9452,1.0268147586686518,-0.08161475866865175,-0.08161475866865175
DES_RHO,10.1002/aic.18095,5654,0.9451,1.0350362454569348,-0.0899362454569348,-0.0899362454569348
DES_RHO,10.1002/aic.18095,5657,0.9449,0.9200512627922499,0.02484873720775005,0.02484873720775005
DES_RHO,10.1002/aic.18095,5659,0.9447,0.9294411188764765,0.015258881123523471,0.015258881123523249
DES_RHO,10.1002/aic.18095,5661,0.9446,1.013406526850637,-0.06880652685063693,-0.0688065268506367
DES_RHO,10.1002/aic.18095,5664,0.9443,1.041868912744056,-0.09756891274405588,-0.09756891274405588
DES_RHO,10.1002/aic.18095,5666,0.9443,0.934704212043233,0.009595787956767077,0.009595787956767077
DES_RHO,10.1002/aic.18095,5668,0.9437,0.9302389854510302,0.013461014548969752,0.013461014548969752
DES_RHO,10.1002/aic.18095,5669,0.9437,0.9192300305484319,0.024469969451568097,0.024469969451568097
DES_RHO,10.1002/aic.18095,5672,0.9435,1.066964897743381,-0.12346489774338099,-0.12346489774338099
DES_RHO,10.1002/aic.18095,5674,0.943,1.0657985766013673,-0.12279857660136739,-0.12279857660136739
DES_RHO,10.1002/aic.18095,5677,0.9429,1.0268026172545106,-0.08390261725451065,-0.08390261725451065
DES_RHO,10.1002/aic.18095,5679,0.9424,1.0059536670695728,-0.06355366706957277,-0.06355366706957277
DES_RHO,10.1002/aic.18095,5682,0.9422,0.9424907640564654,-0.0002907640564653313,-0.0002907640564651093
DES_RHO,10.1002/aic.18095,5683,0.9422,0.9362419604617606,0.005958039538239479,0.005958039538239479
DES_RHO,10.1002/aic.18095,5685,0.9421,0.9386022009632956,0.003497799036704441,0.003497799036704441
DES_RHO,10.1002/aic.18095,5687,0.942,1.0393183759006586,-0.09731837590065862,-0.09731837590065862
DES_RHO,10.1002/aic.18095,5689,0.9419,0.9338554235822936,0.008044576417706395,0.008044576417706395
DES_RHO,10.1002/aic.18095,5692,0.9416,1.005812325362021,-0.06421232536202104,-0.06421232536202082
DES_RHO,10.1002/aic.18095,5694,0.9416,0.9369787429283026,0.00462125707169736,0.00462125707169736
DES_RHO,10.1002/aic.18095,5697,0.9413,1.0418567713299145,-0.10055677132991447,-0.10055677132991447
DES_RHO,10.1002/aic.18095,5700,0.9412,1.013554177550555,-0.07235417755055495,-0.07235417755055495
DES_RHO,10.1002/aic.18095,5702,0.9412,0.928241312394995,0.01295868760500507,0.01295868760500507
DES_RHO,10.1002/aic.18095,5704,0.9411,0.9297446357967937,0.011355364203206375,0.011355364203206375
DES_RHO,10.1002/aic.18095,5707,0.941,1.0350499121236014,-0.09404991212360148,-0.09404991212360148
DES_RHO,10.1002/aic.18095,5708,0.941,1.0117182510323601,-0.07071825103236018,-0.07071825103236018
DES_RHO,10.1002/aic.18095,5710,0.9409,0.9338634791378492,0.007036520862150786,0.007036520862150786
DES_RHO,10.1002/aic.18095,5712,0.9406,0.9285182802521378,0.012081719747862207,0.012081719747861985
DES_RHO,10.1002/aic.18095,5714,0.9402,1.02661779676389,-0.08641779676389005,-0.08641779676389005
DES_RHO,10.1002/aic.18095,5716,0.9402,0.9347923149532856,0.0054076850467144055,0.0054076850467142945
DES_RHO,10.1002/aic.18095,5718,0.94,1.038569787286495,-0.09856978728649501,-0.09856978728649501
DES_RHO,10.1002/aic.18095,5719,0.94,1.0350828818205713,-0.09508288182057134,-0.09508288182057134
DES_RHO,10.1002/aic.18095,5722,0.9397,1.0645812826469918,-0.12488128264699183,-0.12488128264699139
DES_RHO,10.1002/aic.18095,5724,0.9397,0.942252430723132,-0.0025524307231320487,-0.0025524307231318266
DES_RHO,10.1002/aic.18095,5725,0.9397,0.9188735586841039,0.02082644131589606,0.02082644131589584
DES_RHO,10.1002/aic.18095,5727,0.9395,0.9270639294739864,0.012436070526013587,0.012436070526013587
DES_RHO,10.1002/aic.18095,5728,0.9392,1.1499441345508286,-0.21074413455082852,-0.21074413455082852
DES_RHO,10.1002/aic.18095,5729,0.9392,0.9267984458369992,0.012401554163000816,0.012401554163000816
DES_RHO,10.1002/aic.18095,5731,0.9391,1.0418567713299145,-0.10275677132991445,-0.10275677132991445
DES_RHO,10.1002/aic.18095,5732,0.939,1.038569787286495,-0.09956978728649502,-0.09956978728649502
DES_RHO,10.1002/aic.18095,5736,0.9389,1.0063383448473504,-0.06743834484735045,-0.06743834484735045
DES_RHO,10.1002/aic.18095,5737,0.9389,1.02661779676389,-0.08771779676389013,-0.08771779676389013
DES_RHO,10.1002/aic.18095,5739,0.9388,0.9349183723665224,0.003881627633477547,0.003881627633477547
DES_RHO,10.1002/aic.18095,5741,0.9383,1.0413005952837384,-0.1030005952837384,-0.10300059528373862
DES_RHO,10.1002/aic.18095,5745,0.9381,0.9386022009632956,-0.0005022009632955626,-0.0005022009632955626
DES_RHO,10.1002/aic.18095,5746,0.9381,1.151748529954869,-0.21364852995486905,-0.21364852995486905
DES_RHO,10.1002/aic.18095,5749,0.9378,1.0126439451431477,-0.07484394514314774,-0.07484394514314774
DES_RHO,10.1002/aic.18095,5751,0.9377,0.9323465317522279,0.005353468247772053,0.005353468247772053
DES_RHO,10.1002/aic.18095,5753,0.9376,0.9366338714997312,0.0009661285002687814,0.0009661285002687814
DES_RHO,10.1002/aic.18095,5755,0.9375,0.928667938530816,0.008832061469184027,0.008832061469183805
DES_RHO,10.1002/aic.18095,5757,0.9372,1.0266507664608597,-0.0894507664608597,-0.0894507664608597
DES_RHO,10.1002/aic.18095,5758,0.9371,1.0346900514093158,-0.09759005140931576,-0.09759005140931554
DES_RHO,10.1002/aic.18095,5760,0.937,0.927559937659546,0.009440062340454025,0.009440062340453914
DES_RHO,10.1002/aic.18095,5763,0.9369,0.9323465317522279,0.00455346824777203,0.00455346824777203
DES_RHO,10.1002/aic.18095,5767,0.9368,0.9281131779536563,0.008686822046343634,0.008686822046343634
DES_RHO,10.1002/aic.18095,5769,0.9366,0.9353421993837473,0.0012578006162526911,0.0012578006162526911
DES_RHO,10.1002/aic.18095,5771,0.9365,0.9256068702754652,0.010893129724534822,0.010893129724534822
DES_RHO,10.1002/aic.18095,5774,0.9364,0.9264276974987973,0.009972302501202734,0.009972302501202734
DES_RHO,10.1002/aic.18095,5776,0.9364,0.92815308263309,0.008246917366909967,0.008246917366909856
DES_RHO,10.1002/aic.18095,5777,0.9361,1.038569787286495,-0.10246978728649492,-0.10246978728649492
DES_RHO,10.1002/aic.18095,5778,0.9361,1.1531185531538926,-0.2170185531538925,-0.2170185531538925
DES_RHO,10.1002/aic.18095,5780,0.9361,0.9284978446203229,0.007602155379677122,0.007602155379677122
DES_RHO,10.1002/aic.18095,5783,0.9357,0.9373973889384473,-0.0016973889384472862,-0.0016973889384472862
DES_RHO,10.1002/aic.18095,5785,0.9356,0.9333625652703507,0.0022374347296493236,0.0022374347296493236
DES_RHO,10.1002/aic.18095,5787,0.9353,0.9281970819170595,0.007102918082940501,0.007102918082940501
DES_RHO,10.1002/aic.18095,5789,0.9351,1.0413335649807083,-0.10623356498070824,-0.10623356498070824
DES_RHO,10.1002/aic.18095,5790,0.9351,1.0386786407256483,-0.10357864072564826,-0.10357864072564849
DES_RHO,10.1002/aic.18095,5792,0.935,1.0347037180759826,-0.09970371807598255,-0.09970371807598233
DES_RHO,10.1002/aic.18095,5795,0.935,0.9210556164198277,0.01394438358017236,0.01394438358017236
DES_RHO,10.1002/aic.18095,5798,0.9345,1.0128779380936612,-0.07837793809366123,-0.078377938093661
DES_RHO,10.1002/aic.18095,5800,0.9341,0.9386022009632956,-0.004502200963295566,-0.004502200963295566
DES_RHO,10.1002/aic.18095,5802,0.934,0.9228040258213998,0.011195974178600299,0.011195974178600299
DES_RHO,10.1002/aic.18095,5805,0.934,1.0413335649807083,-0.10733356498070823,-0.10733356498070823
DES_RHO,10.1002/aic.18095,5806,0.934,1.0264747967638899,-0.09247479676388981,-0.09247479676388981
DES_RHO,10.1002/aic.18095,5807,0.934,1.03470246555073,-0.10070246555072992,-0.1007024655507297
DES_RHO,10.1002/aic.18095,5810,0.9336,0.9276994936932244,0.0059005063067756325,0.0059005063067755215
DES_RHO,10.1002/aic.18095,5812,0.9335,0.9269271623179587,0.00657283768204131,0.00657283768204131
DES_RHO,10.1002/aic.18095,5813,0.9332,1.0386786407256483,-0.10547864072564828,-0.1054786407256485
DES_RHO,10.1002/aic.18095,5814,0.9332,1.14793006099383,-0.21473006099383007,-0.21473006099383007
DES_RHO,10.1002/aic.18095,5816,0.9332,0.9720477554716555,-0.03884775547165542,-0.03884775547165542
DES_RHO,10.1002/aic.18095,5819,0.9331,0.9264276974987973,0.006672302501202765,0.006672302501202765
DES_RHO,10.1002/aic.18095,5821,0.9331,1.041071053617072,-0.10797105361707193,-0.10797105361707193
DES_RHO,10.1002/aic.18095,5825,0.9329,0.9264276974987973,0.006472302501202676,0.006472302501202676
DES_RHO,10.1002/aic.18095,5827,0.9329,0.9324143227575189,0.00048567724248105293,0.00048567724248105293
DES_RHO,10.1002/aic.18095,5829,0.9325,0.9275283714721746,0.0049716285278254,0.0049716285278254
DES_RHO,10.1002/aic.18095,5831,0.9323,0.9330815930481282,-0.000781593048128193,-0.000781593048128193
DES_RHO,10.1002/aic.18095,5833,0.9323,0.9258691290543162,0.006430870945683842,0.006430870945683842
DES_RHO,10.1002/aic.18095,5836,0.932,1.0264747967638899,-0.09447479676388981,-0.09447479676388981
DES_RHO,10.1002/aic.18095,5838,0.9319,0.9277866726626509,0.0041133273373490375,0.0041133273373490375
DES_RHO,10.1002/aic.18095,5841,0.9318,0.9228040258213998,0.008995974178600208,0.008995974178600208
DES_RHO,10.1002/aic.18095,5842,0.9318,0.9370012947585531,-0.005201294758553132,-0.005201294758553132
DES_RHO,10.1002/aic.18095,5845,0.9312,1.1494589034397178,-0.21825890343971777,-0.21825890343971777
DES_RHO,10.1002/aic.18095,5847,0.931,1.0265077664608597,-0.09550776646085968,-0.09550776646085968
DES_RHO,10.1002/aic.18095,5849,0.931,1.0020865213253989,-0.07108652132539883,-0.07108652132539883
DES_RHO,10.1002/aic.18095,5852,0.931,0.9202767896521509,0.010723210347849177,0.010723210347849177
DES_RHO,10.1002/aic.18095,5856,0.9301,0.9302389854510302,-0.00013898545103019355,-0.00013898545103019355
DES_RHO,10.1002/aic.18095,5857,0.9301,0.9427854631566581,-0.012685463156658083,-0.012685463156658083
DES_RHO,10.1002/aic.18095,5858,0.9301,1.0386786407256483,-0.10857864072564827,-0.10857864072564849
DES_RHO,10.1002/aic.18095,5860,0.9298,0.9267231363876861,0.0030768636123138515,0.0030768636123138515
DES_RHO,10.1002/aic.18095,5862,0.9296,0.9267231363876861,0.0028768636123138736,0.0028768636123138736
DES_RHO,10.1002/aic.18095,5864,0.9296,0.9271110262329071,0.0024889737670928946,0.0024889737670928946
DES_RHO,10.1002/aic.18095,5866,0.9294,0.9387021403273363,-0.009302140327336339,-0.009302140327336339
DES_RHO,10.1002/aic.18095,5869,0.9293,0.9252437822525987,0.004056217747401281,0.00405621774740117
DES_RHO,10.1002/aic.18095,5870,0.9291,1.0385964740589815,-0.10949647405898144,-0.10949647405898166
DES_RHO,10.1002/aic.18095,5872,0.929,1.0411040233140416,-0.11210402331404157,-0.11210402331404157
DES_RHO,10.1002/aic.18095,5873,0.929,1.150869759972074,-0.22186975997207403,-0.22186975997207403
DES_RHO,10.1002/aic.18095,5875,0.929,0.926981292063492,0.0020187079365080463,0.0020187079365080463
DES_RHO,10.1002/aic.18095,5878,0.9289,0.9540635600993115,-0.025163560099311533,-0.025163560099311533
DES_RHO,10.1002/aic.18095,5879,0.9289,0.9431624069857583,-0.014262406985758314,-0.014262406985758092
DES_RHO,10.1002/aic.18095,5881,0.9289,0.9256348322525988,0.0032651677474011542,0.0032651677474011542
DES_RHO,10.1002/aic.18095,5884,0.9282,1.0385964740589815,-0.11039647405898145,-0.11039647405898168
DES_RHO,10.1002/aic.18095,5889,0.928,0.930541532276427,-0.00254153227642695,-0.00254153227642695
DES_RHO,10.1002/aic.18095,5891,0.928,1.0411040233140416,-0.11310402331404157,-0.11310402331404157
DES_RHO,10.1002/aic.18095,5894,0.9279,0.9265902983420066,0.0013097016579933785,0.0013097016579931564
DES_RHO,10.1002/aic.18095,5895,0.9279,0.9356260391826478,-0.007726039182647804,-0.007726039182647804
DES_RHO,10.1002/aic.18095,5900,0.9276,0.9434007403190913,-0.01580074031909129,-0.01580074031909151
DES_RHO,10.1002/aic.18095,5902,0.9272,0.9270137270836177,0.0001862729163822907,0.00018627291638206867
DES_RHO,10.1002/aic.18095,5903,0.9272,1.1479122423430366,-0.22071224234303655,-0.22071224234303655
DES_RHO,10.1002/aic.18095,5907,0.927,0.9182801947803559,0.008719805219644106,0.008719805219643995
DES_RHO,10.1002/aic.18095,5909,0.9265,0.9260259974987972,0.0004740025012027749,0.0004740025012027749
DES_RHO,10.1002/aic.18095,5912,0.9263,0.9293122412400121,-0.0030122412400120924,-0.0030122412400120924
DES_RHO,10.1002/aic.18095,5914,0.9263,0.9260259974987972,0.0002740025012027969,0.0002740025012027969
DES_RHO,10.1002/aic.18095,5915,0.9262,1.148032654882719,-0.22183265488271908,-0.22183265488271908
DES_RHO,10.1002/aic.18095,5917,0.9262,0.974870334584113,-0.04867033458411296,-0.04867033458411296
DES_RHO,10.1002/aic.18095,5919,0.9261,0.9414150693424659,-0.015315069342465848,-0.015315069342465848
DES_RHO,10.1002/aic.18095,5922,0.9258,0.9251241746031749,0.0006758253968250916,0.0006758253968249806
DES_RHO,10.1002/aic.18095,5928,0.9255,0.937417854216225,-0.011917854216225043,-0.011917854216225043
DES_RHO,10.1002/aic.18095,5935,0.9242,0.9293122412400121,-0.005112241240012083,-0.005112241240012083
DES_RHO,10.1002/aic.18095,5939,0.924,0.9251817233420067,-0.0011817233420066131,-0.0011817233420066131
DES_RHO,10.1002/aic.18095,5940,0.924,0.9351560910344995,-0.011156091034499438,-0.01115609103449966
DES_RHO,10.1002/aic.18095,5943,0.9238,0.9286485948678929,-0.004848594867892908,-0.004848594867892797
DES_RHO,10.1002/aic.18095,5947,0.9232,0.9248551276575275,-0.001655127657527511,-0.0016551276575272889
DES_RHO,10.1002/aic.18095,5949,0.9232,0.978205031228271,-0.05500503122827094,-0.05500503122827094
DES_RHO,10.1002/aic.18095,5950,0.9231,1.0385964740589815,-0.11549647405898145,-0.11549647405898167
DES_RHO,10.1002/aic.18095,5951,0.9231,1.1491725768912662,-0.22607257689126614,-0.22607257689126614
DES_RHO,10.1002/aic.18095,5954,0.923,0.9248618943241941,-0.0018618943241940356,-0.0018618943241939245
DES_RHO,10.1002/aic.18095,5957,0.923,0.917194155097816,0.005805844902184054,0.005805844902184054
DES_RHO,10.1002/aic.18095,5959,0.9224,0.928075717761176,-0.005675717761176036,-0.005675717761176036
DES_RHO,10.1002/aic.18095,5962,0.9221,0.9386136336864552,-0.016513633686455198,-0.016513633686455198
DES_RHO,10.1002/aic.18095,5963,0.9221,0.9277512509138357,-0.00565125091383567,-0.00565125091383567
DES_RHO,10.1002/aic.18095,5967,0.922,1.060666990599841,-0.1386669905998409,-0.1386669905998409
DES_RHO,10.1002/aic.18095,5970,0.9217,0.9370217600363308,-0.01532176003633079,-0.01532176003633079
DES_RHO,10.1002/aic.18095,5973,0.9212,1.1464625720688666,-0.22526257206886657,-0.22526257206886657
DES_RHO,10.1002/aic.18095,5981,0.9203,0.9294683285415998,-0.009168328541599768,-0.009168328541599768
DES_RHO,10.1002/aic.18095,5983,0.9202,0.9248617402732232,-0.004661740273223192,-0.004661740273223192
DES_RHO,10.1002/aic.18095,5985,0.9201,0.9323192532038119,-0.012219253203811897,-0.012219253203811675
DES_RHO,10.1002/aic.18095,5988,0.92,0.9247614332130828,-0.004761433213082755,-0.004761433213082755
DES_RHO,10.1002/aic.18095,5991,0.9199,0.9783511145616044,-0.058451114561604345,-0.058451114561604345
DES_RHO,10.1002/aic.18095,5994,0.9197,0.9247614332130828,-0.005061433213082833,-0.005061433213082833
DES_RHO,10.1002/aic.18095,5996,0.9192,1.1478308719101362,-0.2286308719101362,-0.2286308719101362
DES_RHO,10.1002/aic.18095,6000,0.919,0.9148329326110434,0.004167067388956669,0.004167067388956447
DES_RHO,10.1002/aic.18095,6001,0.9187,0.8972596472854709,0.021440352714529043,0.021440352714529043
DES_RHO,10.1002/aic.18095,6003,0.9186,0.926783536108515,-0.008183536108515077,-0.008183536108515077
DES_RHO,10.1002/aic.18095,6005,0.9183,0.9267301260461106,-0.008430126046110598,-0.008430126046110598
DES_RHO,10.1002/aic.18095,6008,0.9181,0.9371074036210955,-0.01900740362109543,-0.019007403621095764
DES_RHO,10.1002/aic.18095,6012,0.9179,0.9356465044604255,-0.017746504460425472,-0.017746504460425583
DES_RHO,10.1002/aic.18095,6016,0.9168,0.9199120949735448,-0.00311209497354481,-0.003112094973545032
DES_RHO,10.1002/aic.18095,6018,0.9168,0.978769948159488,-0.061969948159488086,-0.061969948159488086
DES_RHO,10.1002/aic.18095,6020,0.9165,0.9271393972196261,-0.010639397219626145,-0.010639397219626145
DES_RHO,10.1002/aic.18095,6022,0.9165,0.9199120949735448,-0.003412094973544777,-0.003412094973544999
DES_RHO,10.1002/aic.18095,6024,0.9164,0.9235637902528738,-0.007163790252873836,-0.007163790252873836
DES_RHO,10.1002/aic.18095,6029,0.9162,0.9300061078334413,-0.013806107833441272,-0.01380610783344105
DES_RHO,10.1002/aic.18095,6030,0.9161,1.1492624721293612,-0.23316247212936114,-0.23316247212936114
DES_RHO,10.1002/aic.18095,6034,0.9156,0.9726412790602105,-0.057041279060210504,-0.057041279060210726
DES_RHO,10.1002/aic.18095,6039,0.915,0.9130636544364399,0.001936345563560149,0.001936345563560038
DES_RHO,10.1002/aic.18095,6040,0.9148,0.9030656779370733,0.011734322062926683,0.011734322062926683
DES_RHO,10.1002/aic.18095,6043,0.9147,0.9256367805529593,-0.010936780552959324,-0.010936780552959324
DES_RHO,10.1002/aic.18095,6046,0.9145,0.9248027877796928,-0.010302787779692846,-0.010302787779692846
DES_RHO,10.1002/aic.18095,6047,0.9142,1.1466552942910888,-0.2324552942910888,-0.2324552942910888
DES_RHO,10.1002/aic.18095,6052,0.914,0.9353109514084934,-0.021310951408493373,-0.021310951408493373
DES_RHO,10.1002/aic.18095,6053,0.914,0.9351765563122774,-0.021176556312277328,-0.021176556312277328
DES_RHO,10.1002/aic.18095,6055,0.9136,0.918413833068783,-0.004813833068783024,-0.0048138330687832465
DES_RHO,10.1002/aic.18095,6057,0.9136,0.9787862149704548,-0.06518621497045485,-0.06518621497045485
DES_RHO,10.1002/aic.18095,6059,0.9132,0.9189730552910051,-0.005773055291005136,-0.005773055291005469
DES_RHO,10.1002/aic.18095,6064,0.9126,0.9257644388862927,-0.013164438886292706,-0.013164438886292706
DES_RHO,10.1002/aic.18095,6065,0.9126,0.9232819532158366,-0.010681953215836648,-0.010681953215836981
DES_RHO,10.1002/aic.18095,6068,0.9123,0.9298230522778859,-0.017523052277885864,-0.017523052277885753
DES_RHO,10.1002/aic.18095,6072,0.9111,1.146362261592676,-0.23526226159267605,-0.23526226159267605
DES_RHO,10.1002/aic.18095,6074,0.911,0.9030656779370733,0.007934322062926769,0.007934322062926769
DES_RHO,10.1002/aic.18095,6077,0.911,0.9118580042921398,-0.0008580042921397801,-0.0008580042921400022
DES_RHO,10.1002/aic.18095,6079,0.9108,0.9257059019815309,-0.014905901981530856,-0.014905901981530856
DES_RHO,10.1002/aic.18095,6081,0.9107,0.9236678905574707,-0.012967890557470718,-0.012967890557470718
DES_RHO,10.1002/aic.18095,6083,0.9104,0.9777493287737536,-0.06734932877375366,-0.06734932877375366
DES_RHO,10.1002/aic.18095,6086,0.9102,0.9323397184815896,-0.022139718481589576,-0.022139718481589576
DES_RHO,10.1002/aic.18095,6089,0.91,0.9350098402973824,-0.025009840297382402,-0.025009840297382513
DES_RHO,10.1002/aic.18095,6092,0.91,0.9180245664021163,-0.00802456640211624,-0.008024566402116684
DES_RHO,10.1002/aic.18095,6097,0.91,0.9136959105101369,-0.003695910510136846,-0.003695910510136846
DES_RHO,10.1002/aic.18095,6099,0.9091,1.1476578086012228,-0.23855780860122278,-0.23855780860122278
DES_RHO,10.1002/aic.18095,6103,0.9087,0.9256013083307371,-0.016901308330737108,-0.01690130833073733
DES_RHO,10.1002/aic.18095,6104,0.9087,0.9203336320518156,-0.011633632051815668,-0.011633632051815668
DES_RHO,10.1002/aic.18095,6108,0.9083,0.9296083578334414,-0.021308357833441427,-0.021308357833441205
DES_RHO,10.1002/aic.18095,6111,0.9076,1.047660315311844,-0.14006031531184404,-0.14006031531184404
DES_RHO,10.1002/aic.18095,6112,0.9075,0.9035237957896948,0.003976204210305201,0.003976204210305201
DES_RHO,10.1002/aic.18095,6115,0.9073,0.9767336380330128,-0.06943363803301283,-0.06943363803301261
DES_RHO,10.1002/aic.18095,6116,0.9073,0.9030656779370733,0.004234322062926732,0.004234322062926732
DES_RHO,10.1002/aic.18095,6120,0.907,0.9247700574437158,-0.017770057443715737,-0.017770057443715737
DES_RHO,10.1002/aic.18095,6123,0.9069,0.9235551704516506,-0.016655170451650547,-0.016655170451650325
DES_RHO,10.1002/aic.18095,6126,0.9063,0.9299599064445524,-0.023659906444552403,-0.02365990644455218
DES_RHO,10.1002/aic.18095,6129,0.906,0.9340473770985985,-0.028047377098598503,-0.028047377098598614
DES_RHO,10.1002/aic.18095,6131,0.906,0.910715502704838,-0.004715502704838004,-0.004715502704838004
DES_RHO,10.1002/aic.18095,6133,0.9053,0.9080049495767397,-0.0027049495767397236,-0.0027049495767398346
DES_RHO,10.1002/aic.18095,6139,0.905,0.8944866736142755,0.010513326385724553,0.010513326385724553
DES_RHO,10.1002/aic.18095,6143,0.9049,0.9252178931580014,-0.020317893158001366,-0.020317893158001366
DES_RHO,10.1002/aic.18095,6144,0.9049,0.9178683200147784,-0.012968320014778323,-0.0129683200147781
DES_RHO,10.1002/aic.18095,6147,0.9044,0.9296083578334414,-0.02520835783344144,-0.02520835783344122
DES_RHO,10.1002/aic.18095,6149,0.9042,0.9749429607376502,-0.07074296073765018,-0.07074296073765018
DES_RHO,10.1002/aic.18095,6153,0.904,0.9026753133824079,0.001324686617592108,0.001324686617592108
DES_RHO,10.1002/aic.18095,6154,0.904,0.8949239738560878,0.00907602614391223,0.00907602614391223
DES_RHO,10.1002/aic.18095,6157,0.9039,0.9035237957896948,0.0003762042103052643,0.0003762042103052643
DES_RHO,10.1002/aic.18095,6159,0.9036,0.9030656779370733,0.0005343220629266954,0.0005343220629266954
DES_RHO,10.1002/aic.18095,6165,0.9031,0.9244589315177901,-0.021358931517790114,-0.021358931517790225
DES_RHO,10.1002/aic.18095,6166,0.9031,0.9220722174482271,-0.01897221744822708,-0.01897221744822697
DES_RHO,10.1002/aic.18095,6169,0.903,0.8935306255207676,0.009469374479232462,0.009469374479232573
DES_RHO,10.1002/aic.18095,6171,0.9027,0.9238674769360263,-0.021167476936026386,-0.021167476936026386
DES_RHO,10.1002/aic.18095,6174,0.9024,0.9297768508889969,-0.027376850888996884,-0.027376850888996662
DES_RHO,10.1002/aic.18095,6175,0.9022,1.1465835377831524,-0.24438353778315236,-0.24438353778315214
DES_RHO,10.1002/aic.18095,6178,0.902,0.9333769326541543,-0.03137693265415431,-0.03137693265415431
DES_RHO,10.1002/aic.18095,6179,0.902,1.1478790847916995,-0.2458790847916995,-0.24587908479169907
DES_RHO,10.1002/aic.18095,6181,0.902,0.9101952843185948,-0.008195284318594731,-0.008195284318594731
DES_RHO,10.1002/aic.18095,6182,0.9015,0.9107399049879951,-0.009239904987995096,-0.009239904987995096
DES_RHO,10.1002/aic.18095,6185,0.9011,0.8943329107835878,0.006767089216412225,0.006767089216412003
DES_RHO,10.1002/aic.18095,6186,0.9011,0.9122579625057221,-0.011157962505722097,-0.011157962505722097
DES_RHO,10.1002/aic.18095,6189,0.901,0.9176852644592228,-0.016685264459222804,-0.016685264459222693
DES_RHO,10.1002/aic.18095,6191,0.901,0.9741864250233647,-0.0731864250233647,-0.0731864250233647
DES_RHO,10.1002/aic.18095,6193,0.901,0.9030789803136247,-0.0020789803136246343,-0.0020789803136246343
DES_RHO,10.1002/aic.18095,6195,0.901,0.8912832978043459,0.009716702195654126,0.009716702195654126
DES_RHO,10.1002/aic.18095,6196,0.901,0.894755094130258,0.0062449058697420234,0.0062449058697420234
DES_RHO,10.1002/aic.18095,6204,0.9003,0.9295553275304109,-0.029255327530410935,-0.029255327530410824
DES_RHO,10.1002/aic.18095,6205,0.9002,0.9035237957896948,-0.0033237957896947723,-0.0033237957896947723
DES_RHO,10.1002/aic.18095,6207,0.9,0.9122579625057221,-0.012257962505722086,-0.012257962505722086
DES_RHO,10.1002/aic.18095,6209,0.8998,0.9055311611261064,-0.005731161126106388,-0.005731161126106388
DES_RHO,10.1002/aic.18095,6211,0.8998,0.9180116247952842,-0.018211624795284154,-0.018211624795284154
DES_RHO,10.1002/aic.18095,6213,0.8996,0.9238674769360263,-0.024267476936026378,-0.024267476936026378
DES_RHO,10.1002/aic.18095,6214,0.8996,0.9238674769360263,-0.024267476936026378,-0.024267476936026378
DES_RHO,10.1002/aic.18095,6215,0.8995,0.9088985599311089,-0.00939855993110894,-0.00939855993110894
DES_RHO,10.1002/aic.18095,6221,0.8992,0.9214228971262561,-0.022222897126256136,-0.022222897126255803
DES_RHO,10.1002/aic.18095,6222,0.8992,0.9191649704905555,-0.019964970490555456,-0.019964970490555456
DES_RHO,10.1002/aic.18095,6223,0.8992,0.9216977129508727,-0.02249771295087266,-0.02249771295087266
DES_RHO,10.1002/aic.18095,6226,0.8986,0.929628823111219,-0.031028823111219017,-0.031028823111218795
DES_RHO,10.1002/aic.18095,6228,0.8985,0.9016790398740149,-0.0031790398740149106,-0.0031790398740147996
DES_RHO,10.1002/aic.18095,6231,0.898,0.9078604934335535,-0.009860493433553441,-0.009860493433553663
DES_RHO,10.1002/aic.18095,6234,0.898,0.8910069071518923,0.006993092848107674,0.006993092848107674
DES_RHO,10.1002/aic.18095,6235,0.898,0.8903858451842853,0.007614154815714702,0.007614154815714813
DES_RHO,10.1002/aic.18095,6237,0.8979,0.9300067083155302,-0.0321067083155302,-0.0321067083155302
DES_RHO,10.1002/aic.18095,6238,0.8978,0.8984207543039808,-0.0006207543039807861,-0.0006207543039807861
DES_RHO,10.1002/aic.18095,6241,0.8976,0.9180116247952842,-0.020411624795284244,-0.020411624795284244
DES_RHO,10.1002/aic.18095,6243,0.8975,0.9250841163218365,-0.02758411632183655,-0.02758411632183655
DES_RHO,10.1002/aic.18095,6246,0.8972,0.9291686181337182,-0.03196861813371821,-0.03196861813371821
DES_RHO,10.1002/aic.18095,6248,0.8971,0.9175372366814452,-0.020437236681445148,-0.020437236681444926
DES_RHO,10.1002/aic.18095,6250,0.8971,0.8932381407514812,0.003861859248518784,0.003861859248518784
DES_RHO,10.1002/aic.18095,6252,0.897,0.9009790163313649,-0.003979016331364882,-0.003979016331364882
DES_RHO,10.1002/aic.18095,6254,0.897,0.8916480361641343,0.00535196383586567,0.00535196383586567
DES_RHO,10.1002/aic.18095,6255,0.897,0.8925650976101116,0.004434902389888418,0.004434902389888418
DES_RHO,10.1002/aic.18095,6258,0.897,0.8860627535539806,0.010937246446019455,0.010937246446019233
DES_RHO,10.1002/aic.18095,6261,0.8965,0.9088985599311089,-0.012398559931108943,-0.012398559931108943
DES_RHO,10.1002/aic.18095,6263,0.8964,0.9239402491582485,-0.027540249158248487,-0.027540249158248487
DES_RHO,10.1002/aic.18095,6264,0.8964,0.9239402491582485,-0.027540249158248487,-0.027540249158248487
DES_RHO,10.1002/aic.18095,6265,0.8964,0.9180116247952842,-0.021611624795284223,-0.021611624795284223
DES_RHO,10.1002/aic.18095,6268,0.8963,0.9295553275304109,-0.03325532753041094,-0.03325532753041083
DES_RHO,10.1002/aic.18095,6269,0.8961,0.8946295946857896,0.001470405314210388,0.001470405314210388
DES_RHO,10.1002/aic.18095,6272,0.896,0.8822730733328855,0.013726926667114503,0.013726926667114503
DES_RHO,10.1002/aic.18095,6273,0.896,0.9239402491582485,-0.027940249158248442,-0.027940249158248442
DES_RHO,10.1002/aic.18095,6274,0.896,0.9239402491582485,-0.027940249158248442,-0.027940249158248442
DES_RHO,10.1002/aic.18095,6281,0.8953,0.9184613907973997,-0.02316139079739976,-0.02316139079739965
DES_RHO,10.1002/aic.18095,6282,0.8953,0.9164756234209581,-0.021175623420958134,-0.021175623420958134
DES_RHO,10.1002/aic.18095,6284,0.8953,0.9264276974987973,-0.03112769749879729,-0.03112769749879729
DES_RHO,10.1002/aic.18095,6288,0.8946,0.929628823111219,-0.03502882311121902,-0.0350288231112188
DES_RHO,10.1002/aic.18095,6289,0.894,0.8968366124089205,-0.0028366124089205247,-0.0028366124089205247
DES_RHO,10.1002/aic.18095,6290,0.894,0.8967302561327074,-0.002730256132707387,-0.002730256132707387
DES_RHO,10.1002/aic.18095,6295,0.894,0.9056948700208552,-0.01169487002085523,-0.011694870020855452
DES_RHO,10.1002/aic.18095,6296,0.894,0.8879086077867849,0.0060913922132150855,0.0060913922132150855
DES_RHO,10.1002/aic.18095,6298,0.894,0.8913268932935284,0.002673106706471584,0.002673106706471584
DES_RHO,10.1002/aic.18095,6300,0.8939,0.9270621400819118,-0.03316214008191176,-0.03316214008191176
DES_RHO,10.1002/aic.18095,6302,0.8939,0.9291686181337182,-0.03526861813371818,-0.03526861813371818
DES_RHO,10.1002/aic.18095,6306,0.8933,0.9175372366814452,-0.024237236681445173,-0.02423723668144495
DES_RHO,10.1002/aic.18095,6309,0.8932,0.8927305170144955,0.0004694829855045324,0.0004694829855045324
DES_RHO,10.1002/aic.18095,6310,0.8932,0.9227794515392013,-0.029579451539201274,-0.02957945153920105
DES_RHO,10.1002/aic.18095,6311,0.8932,0.9227794515392013,-0.029579451539201274,-0.02957945153920105
DES_RHO,10.1002/aic.18095,6313,0.893,0.8879086077867849,0.005091392213215085,0.005091392213215085
DES_RHO,10.1002/aic.18095,6314,0.893,0.8886560522312295,0.004343947768770562,0.004343947768770562
DES_RHO,10.1002/aic.18095,6315,0.893,0.8852166517195674,0.007783348280432589,0.007783348280432367
DES_RHO,10.1002/aic.18095,6317,0.893,0.8995211709479425,-0.006521170947942467,-0.006521170947942467
DES_RHO,10.1002/aic.18095,6319,0.893,0.8899215367321394,0.003078463267860654,0.003078463267860654
DES_RHO,10.1002/aic.18095,6320,0.893,0.8912569841901978,0.0017430158098021842,0.0017430158098021842
DES_RHO,10.1002/aic.18095,6321,0.893,0.8886560522312295,0.004343947768770562,0.004343947768770562
DES_RHO,10.1002/aic.18095,6327,0.8929,0.8914314107326469,0.0014685892673531598,0.0014685892673531598
DES_RHO,10.1002/aic.18095,6329,0.8927,0.8968366124089205,-0.0041366124089204925,-0.0041366124089204925
DES_RHO,10.1002/aic.18095,6331,0.8924,0.8938049364135061,-0.0014049364135061415,-0.0014049364135061415
DES_RHO,10.1002/aic.18095,6334,0.8923,0.9293658354669189,-0.037065835466918884,-0.03706583546691866
DES_RHO,10.1002/aic.18095,6335,0.8922,0.8857470349960123,0.006452965003987732,0.006452965003987732
DES_RHO,10.1002/aic.18095,6338,0.8921,0.9264276974987973,-0.03432769749879727,-0.03432769749879727
DES_RHO,10.1002/aic.18095,6339,0.8921,0.8850680461640119,0.007031953835988092,0.00703195383598787
DES_RHO,10.1002/aic.18095,6342,0.892,0.9375018894309392,-0.045501889430939135,-0.04550188943093891
DES_RHO,10.1002/aic.18095,6343,0.892,0.8847263175016118,0.007273682498388223,0.007273682498388445
DES_RHO,10.1002/aic.18095,6348,0.8914,0.9182743907973997,-0.026874390797399728,-0.026874390797399617
DES_RHO,10.1002/aic.18095,6349,0.8914,0.9162342345320692,-0.024834234532069233,-0.024834234532069344
DES_RHO,10.1002/aic.18095,6351,0.891,0.9262601999518993,-0.03526019995189933,-0.03526019995189911
DES_RHO,10.1002/aic.18095,6355,0.8907,0.9294777236892736,-0.03877772368927357,-0.03877772368927379
DES_RHO,10.1002/aic.18095,6357,0.8906,0.9295891261415219,-0.038989126141521946,-0.038989126141521835
DES_RHO,10.1002/aic.18095,6358,0.8904,0.8934190651459981,-0.0030190651459981455,-0.0030190651459982565
DES_RHO,10.1002/aic.18095,6360,0.8903,0.8930362513046648,-0.0027362513046648163,-0.0027362513046649273
DES_RHO,10.1002/aic.18095,6365,0.89,0.8874289256560766,0.002571074343923452,0.002571074343923452
DES_RHO,10.1002/aic.18095,6366,0.89,0.9212190388874738,-0.031219038887473793,-0.031219038887473793
DES_RHO,10.1002/aic.18095,6372,0.89,0.889859543353257,0.0001404566467430035,0.0001404566467430035
DES_RHO,10.1002/aic.18095,6375,0.89,0.8863770424003743,0.00362295759962572,0.00362295759962572
DES_RHO,10.1002/aic.18095,6378,0.8898,0.9268751400819117,-0.037075140081911706,-0.037075140081911706
DES_RHO,10.1002/aic.18095,6381,0.8894,0.8870981535114855,0.002301846488514503,0.002301846488514503
DES_RHO,10.1002/aic.18095,6384,0.8893,0.9174975397117481,-0.0281975397117481,-0.028197539711747988
DES_RHO,10.1002/aic.18095,6386,0.8892,0.8912818586811623,-0.0020818586811622852,-0.0020818586811622852
DES_RHO,10.1002/aic.18095,6387,0.8892,0.8892660513411123,-6.605134111226096e-05,-6.605134111226096e-05
DES_RHO,10.1002/aic.18095,6392,0.889,0.8976154356304825,-0.008615435630482504,-0.008615435630482504
DES_RHO,10.1002/aic.18095,6393,0.889,0.8934190651459981,-0.004419065145998102,-0.004419065145998213
DES_RHO,10.1002/aic.18095,6396,0.889,0.9059079811319665,-0.016907981131966454,-0.016907981131966454
DES_RHO,10.1002/aic.18095,6398,0.889,0.8896201118509519,-0.0006201118509518988,-0.0006201118509516768
DES_RHO,10.1002/aic.18095,6400,0.8889,0.9267231363876861,-0.037823136387686085,-0.037823136387686085
DES_RHO,10.1002/aic.18095,6401,0.8887,0.8907949598262044,-0.0020949598262043345,-0.0020949598262043345
DES_RHO,10.1002/aic.18095,6405,0.8884,0.8835247131850091,0.004875286814990831,0.004875286814991053
DES_RHO,10.1002/aic.18095,6411,0.8875,0.9279717427368926,-0.04047174273689269,-0.04047174273689269
DES_RHO,10.1002/aic.18095,6414,0.8874,0.9181019185751773,-0.030701918575177345,-0.030701918575177345
DES_RHO,10.1002/aic.18095,6415,0.8874,0.9160140400876249,-0.028614040087624915,-0.028614040087624804
DES_RHO,10.1002/aic.18095,6416,0.8869,0.9207033960303308,-0.03380339603033078,-0.03380339603033078
DES_RHO,10.1002/aic.18095,6419,0.8867,0.9295891261415219,-0.04288912614152185,-0.04288912614152174
DES_RHO,10.1002/aic.18095,6420,0.8867,0.8892454795639876,-0.0025454795639875405,-0.0025454795639875405
DES_RHO,10.1002/aic.18095,6422,0.8865,0.8868597940771429,-0.00035979407714292755,-0.00035979407714292755
DES_RHO,10.1002/aic.18095,6426,0.886,0.884615438792871,0.0013845612071290425,0.0013845612071290425
DES_RHO,10.1002/aic.18095,6427,0.886,0.8812730065860526,0.0047269934139474445,0.0047269934139474445
DES_RHO,10.1002/aic.18095,6429,0.886,0.8850798927676686,0.0009201072323313797,0.0009201072323313797
DES_RHO,10.1002/aic.18095,6434,0.886,0.8847717919674739,0.0012282080325261013,0.0012282080325261013
DES_RHO,10.1002/aic.18095,6437,0.8859,0.885593041967474,0.00030695803252600573,0.00030695803252611675
DES_RHO,10.1002/aic.18095,6440,0.8858,0.9267710845263563,-0.04097108452635623,-0.04097108452635623
DES_RHO,10.1002/aic.18095,6442,0.8857,0.9260259974987972,-0.04032599749879717,-0.04032599749879717
DES_RHO,10.1002/aic.18095,6445,0.8855,0.885811360203546,-0.00031136020354605165,-0.00031136020354605165
DES_RHO,10.1002/aic.18095,6448,0.8853,0.9174975397117481,-0.0321975397117481,-0.03219753971174799
DES_RHO,10.1002/aic.18095,6450,0.8853,0.887541816181015,-0.002241816181015044,-0.002241816181015044
DES_RHO,10.1002/aic.18095,6451,0.8853,0.8892454795639876,-0.003945479563987608,-0.003945479563987608
DES_RHO,10.1002/aic.18095,6453,0.885,0.8796179381533049,0.0053820618466950965,0.0053820618466950965
DES_RHO,10.1002/aic.18095,6454,0.885,0.883794188792871,0.0012058112071290372,0.0012058112071290372
DES_RHO,10.1002/aic.18095,6455,0.885,0.8805084779236522,0.0044915220763478425,0.0044915220763478425
DES_RHO,10.1002/aic.18095,6457,0.885,0.8910358651176652,-0.0060358651176651845,-0.0060358651176651845
DES_RHO,10.1002/aic.18095,6463,0.8849,0.8856251299796344,-0.0007251299796343647,-0.0007251299796343647
DES_RHO,10.1002/aic.18095,6465,0.8848,0.882056076427322,0.002743923572678053,0.002743923572677831
DES_RHO,10.1002/aic.18095,6469,0.8843,0.9262796300851655,-0.041979630085165476,-0.041979630085165476
DES_RHO,10.1002/aic.18095,6476,0.8838,0.9150732291726787,-0.03127322917267872,-0.03127322917267894
DES_RHO,10.1002/aic.18095,6480,0.8835,0.9181019185751773,-0.03460191857517736,-0.03460191857517736
DES_RHO,10.1002/aic.18095,6481,0.8835,0.9160140400876249,-0.03251404008762493,-0.03251404008762482
DES_RHO,10.1002/aic.18095,6483,0.8831,0.8820155429367259,0.0010844570632740913,0.0010844570632743133
DES_RHO,10.1002/aic.18095,6491,0.8828,0.9293996340780298,-0.046599634078029806,-0.046599634078029584
DES_RHO,10.1002/aic.18095,6492,0.8827,0.8850406675259164,-0.002340667525916329,-0.002340667525916329
DES_RHO,10.1002/aic.18095,6495,0.8825,0.9248551276575275,-0.04235512765752758,-0.04235512765752736
DES_RHO,10.1002/aic.18095,6496,0.8823,0.8833959848246169,-0.0010959848246169246,-0.0010959848246169246
DES_RHO,10.1002/aic.18095,6500,0.882,0.9340593920560919,-0.05205939205609189,-0.05205939205609211
DES_RHO,10.1002/aic.18095,6502,0.882,0.8763346796763553,0.005665320323644751,0.005665320323644751
DES_RHO,10.1002/aic.18095,6503,0.882,0.885001807374421,-0.003001807374421017,-0.003001807374421017
DES_RHO,10.1002/aic.18095,6510,0.8818,0.8797698449752552,0.0020301550247447953,0.0020301550247449063
DES_RHO,10.1002/aic.18095,6513,0.8817,0.9267710845263563,-0.04507108452635622,-0.04507108452635622
DES_RHO,10.1002/aic.18095,6514,0.8816,0.8820155429367259,-0.0004155429367258545,-0.00041554293672563247
DES_RHO,10.1002/aic.18095,6519,0.8814,0.917308047648256,-0.03590804764825606,-0.03590804764825606
DES_RHO,10.1002/aic.18095,6521,0.8814,0.8867973956783699,-0.005397395678369943,-0.005397395678369943
DES_RHO,10.1002/aic.18095,6522,0.8814,0.8762886040708476,0.005111395929152329,0.005111395929152329
DES_RHO,10.1002/aic.18095,6525,0.8812,0.8800062859511316,0.0011937140488683662,0.0011937140488683662
DES_RHO,10.1002/aic.18095,6528,0.8811,0.9259106578629431,-0.04481065786294314,-0.04481065786294314
DES_RHO,10.1002/aic.18095,6529,0.8811,0.8842049109320154,-0.00310491093201537,-0.00310491093201537
DES_RHO,10.1002/aic.18095,6533,0.881,0.8910221077176577,-0.010022107717657658,-0.010022107717657658
DES_RHO,10.1002/aic.18095,6534,0.881,0.8748414689790331,0.006158531020966862,0.006158531020966862
DES_RHO,10.1002/aic.18095,6536,0.8807,0.913384896164021,-0.03268489616402093,-0.03268489616402093
DES_RHO,10.1002/aic.18095,6544,0.8795,0.9178069716054803,-0.038306971605480356,-0.038306971605480356
DES_RHO,10.1002/aic.18095,6545,0.8795,0.915974343117928,-0.036474343117928076,-0.036474343117927965
DES_RHO,10.1002/aic.18095,6547,0.8794,0.9247614332130828,-0.045361433213082836,-0.045361433213082836
DES_RHO,10.1002/aic.18095,6548,0.8794,0.8804284647140225,-0.0010284647140225145,-0.0010284647140225145
DES_RHO,10.1002/aic.18095,6554,0.8788,0.8831125107932413,-0.004312510793241242,-0.004312510793241242
DES_RHO,10.1002/aic.18095,6556,0.8787,0.8738611537616189,0.004838846238381156,0.004838846238381156
DES_RHO,10.1002/aic.18095,6562,0.878,0.8766892209175207,0.0013107790824793408,0.0013107790824791188
DES_RHO,10.1002/aic.18095,6563,0.878,0.8783015127842977,-0.00030151278429768613,-0.00030151278429768613
DES_RHO,10.1002/aic.18095,6569,0.8779,0.9195925830687832,-0.04169258306878321,-0.04169258306878321
DES_RHO,10.1002/aic.18095,6570,0.8779,0.8804065424918002,-0.0025065424918001566,-0.0025065424918001566
DES_RHO,10.1002/aic.18095,6572,0.8777,0.8682585485489756,0.009441451451024485,0.009441451451024263
DES_RHO,10.1002/aic.18095,6575,0.8776,0.9264761375566593,-0.048876137556659205,-0.048876137556659205
DES_RHO,10.1002/aic.18095,6576,0.8776,0.8716949183801976,0.00590508161980241,0.005905081619802632
DES_RHO,10.1002/aic.18095,6579,0.8775,0.8845813759462501,-0.007081375946250135,-0.007081375946250135
DES_RHO,10.1002/aic.18095,6580,0.8774,0.8668591271204042,0.010540872879595709,0.010540872879595709
DES_RHO,10.1002/aic.18095,6582,0.8773,0.8828292306699289,-0.005529230669928942,-0.005529230669928942
DES_RHO,10.1002/aic.18095,6587,0.877,0.8890808394405646,-0.012080839440564595,-0.012080839440564817
DES_RHO,10.1002/aic.18095,6589,0.8763,0.9199120949735448,-0.04361209497354479,-0.04361209497354501
DES_RHO,10.1002/aic.18095,6595,0.8757,0.877960143366552,-0.002260143366552003,-0.002260143366552003
DES_RHO,10.1002/aic.18095,6599,0.8755,0.9178069716054803,-0.04230697160548036,-0.04230697160548036
DES_RHO,10.1002/aic.18095,6600,0.8755,0.915974343117928,-0.04047434311792808,-0.04047434311792797
DES_RHO,10.1002/aic.18095,6602,0.8751,0.8740351443700842,0.0010648556299157619,0.0010648556299157619
DES_RHO,10.1002/aic.18095,6605,0.875,0.8811926870341135,-0.006192687034113464,-0.006192687034113464
DES_RHO,10.1002/aic.18095,6606,0.875,0.8816605148234705,-0.00666051482347052,-0.006660514823470631
DES_RHO,10.1002/aic.18095,6613,0.8747,0.9176992156084659,-0.04299921560846587,-0.04299921560846587
DES_RHO,10.1002/aic.18095,6617,0.8743,0.8758792096196506,-0.0015792096196506344,-0.0015792096196506344
DES_RHO,10.1002/aic.18095,6620,0.8742,0.8774525036213557,-0.0032525036213557623,-0.0032525036213557623
DES_RHO,10.1002/aic.18095,6623,0.8741,0.8678249665383932,0.006275033461606738,0.006275033461606738
DES_RHO,10.1002/aic.18095,6626,0.874,0.8740106671065174,-1.066710651742575e-05,-1.066710651742575e-05
DES_RHO,10.1002/aic.18095,6627,0.874,0.8696955972439048,0.004304402756095227,0.004304402756095227
DES_RHO,10.1002/aic.18095,6630,0.8739,0.8715903895442182,0.0023096104557818187,0.0023096104557818187
DES_RHO,10.1002/aic.18095,6632,0.8737,0.8663811608505627,0.007318839149437317,0.007318839149437539
DES_RHO,10.1002/aic.18095,6635,0.8735,0.9264761375566593,-0.0529761375566592,-0.0529761375566592
DES_RHO,10.1002/aic.18095,6637,0.8735,0.8829033776658262,-0.009403377665826107,-0.009403377665826107
DES_RHO,10.1002/aic.18095,6638,0.8735,0.8819397760180991,-0.008439776018099088,-0.008439776018099088
DES_RHO,10.1002/aic.18095,6641,0.8732,0.918413833068783,-0.045213833068783016,-0.04521383306878324
DES_RHO,10.1002/aic.18095,6644,0.873,0.9259496868853364,-0.05294968688533641,-0.05294968688533619
DES_RHO,10.1002/aic.18095,6646,0.873,0.887588488779188,-0.014588488779187947,-0.014588488779187947
DES_RHO,10.1002/aic.18095,6649,0.8721,0.8754175564427032,-0.0033175564427032622,-0.00331755644270304
DES_RHO,10.1002/aic.18095,6654,0.8715,0.9176009239864326,-0.04610092398643251,-0.04610092398643273
DES_RHO,10.1002/aic.18095,6655,0.8715,0.9157682954988803,-0.04426829549888023,-0.04426829549888023
DES_RHO,10.1002/aic.18095,6656,0.8714,0.8719426525831674,-0.0005426525831674356,-0.0005426525831676576
DES_RHO,10.1002/aic.18095,6660,0.8712,0.8686552278878531,0.002544772112146876,0.002544772112146987
DES_RHO,10.1002/aic.18095,6666,0.8709,0.9155979978437533,-0.04469799784375328,-0.04469799784375328
DES_RHO,10.1002/aic.18095,6671,0.8705,0.8738925348842012,-0.003392534884201104,-0.003392534884201104
DES_RHO,10.1002/aic.18095,6673,0.8704,0.8748544213462238,-0.004454421346223869,-0.004454421346223869
DES_RHO,10.1002/aic.18095,6675,0.8703,0.8651913414181431,0.005108658581856829,0.005108658581856829
DES_RHO,10.1002/aic.18095,6677,0.8702,0.8695404064874604,0.0006595935125395247,0.0006595935125399688
DES_RHO,10.1002/aic.18095,6681,0.87,0.8716043459424953,-0.0016043459424952555,-0.0016043459424950335
DES_RHO,10.1002/aic.18095,6682,0.87,0.8728520458009034,-0.002852045800903369,-0.002852045800903369
DES_RHO,10.1002/aic.18095,6683,0.87,0.8637256033229053,0.006274396677094729,0.006274396677094729
DES_RHO,10.1002/aic.18095,6686,0.8697,0.8690437164770415,0.0006562835229585451,0.0006562835229585451
DES_RHO,10.1002/aic.18095,6689,0.8696,0.8773133749734557,-0.0077133749734557,-0.0077133749734557
DES_RHO,10.1002/aic.18095,6692,0.8694,0.9262700899376117,-0.05687008993761178,-0.056870089937611445
DES_RHO,10.1002/aic.18095,6694,0.869,0.8817223571945377,-0.012722357194537737,-0.012722357194537737
DES_RHO,10.1002/aic.18095,6702,0.8677,0.8697353118868665,-0.0020353118868664533,-0.0020353118868666753
DES_RHO,10.1002/aic.18095,6705,0.8676,1.0033695481360343,-0.13576954813603426,-0.13576954813603426
DES_RHO,10.1002/aic.18095,6706,0.8673,0.8662603806656309,0.001039619334369024,0.001039619334369024
DES_RHO,10.1002/aic.18095,6709,0.867,0.896098506045804,-0.029098506045803996,-0.029098506045804218
DES_RHO,10.1002/aic.18095,6720,0.8667,0.8640467969134353,0.0026532030865646927,0.0026532030865646927
DES_RHO,10.1002/aic.18095,6723,0.8666,0.8630798362233374,0.0035201637766626437,0.0035201637766624216
DES_RHO,10.1002/aic.18095,6725,0.8665,0.8672404131456566,-0.0007404131456565377,-0.0007404131456567598
DES_RHO,10.1002/aic.18095,6729,0.8662,0.8619736417788934,0.004226358221106619,0.004226358221106841
DES_RHO,10.1002/aic.18095,6733,0.866,0.86610926166767,-0.000109261667670002,-0.000109261667670002
DES_RHO,10.1002/aic.18095,6734,0.8658,0.8664237802216302,-0.0006237802216302324,-0.0006237802216302324
DES_RHO,10.1002/aic.18095,6737,0.8657,0.8755237603118009,-0.009823760311800878,-0.009823760311800878
DES_RHO,10.1002/aic.18095,6738,0.8654,0.9313993083657084,-0.06599930836570844,-0.06599930836570866
DES_RHO,10.1002/aic.18095,6741,0.865,0.8797520176651591,-0.0147520176651591,-0.0147520176651591
DES_RHO,10.1002/aic.18095,6744,0.8648,0.8880702340104337,-0.02327023401043371,-0.02327023401043371
DES_RHO,10.1002/aic.18095,6749,0.8639,0.8639185339046207,-1.8533904620698927e-05,-1.8533904620587904e-05
DES_RHO,10.1002/aic.18095,6757,0.863,0.9090067619299004,-0.046006761929900386,-0.046006761929900386
DES_RHO,10.1002/aic.18095,6759,0.863,0.8632003050868244,-0.00020030508682444825,-0.00020030508682444825
DES_RHO,10.1002/aic.18095,6760,0.863,0.862930067220906,6.993277909395079e-05,6.993277909395079e-05
DES_RHO,10.1002/aic.18095,6761,0.863,0.8674164201816147,-0.0044164201816147,-0.004416420181614811
DES_RHO,10.1002/aic.18095,6766,0.8629,0.8618818139769279,0.0010181860230721318,0.0010181860230721318
DES_RHO,10.1002/aic.18095,6767,0.8629,0.8535278523375944,0.009372147662405572,0.009372147662405572
DES_RHO,10.1002/aic.18095,6770,0.8628,0.859999921803622,0.002800078196378064,0.002800078196378064
DES_RHO,10.1002/aic.18095,6772,0.8624,0.8523647614645787,0.01003523853542132,0.01003523853542132
DES_RHO,10.1002/aic.18095,6774,0.8619,0.8644054468984721,-0.002505446898472097,-0.002505446898472097
DES_RHO,10.1002/aic.18095,6778,0.861,0.8774141558325469,-0.016414155832546906,-0.016414155832546906
DES_RHO,10.1002/aic.18095,6785,0.8601,0.8608953098514326,-0.0007953098514326129,-0.0007953098514323909
DES_RHO,10.1002/aic.18095,6793,0.8591,0.8595832499557639,-0.00048324995576387586,-0.00048324995576387586
DES_RHO,10.1002/aic.18095,6794,0.8591,0.8518194520939298,0.007280547906070134,0.007280547906070134
DES_RHO,10.1002/aic.18095,6798,0.859,0.8597806457674397,-0.0007806457674397471,-0.0007806457674397471
DES_RHO,10.1002/aic.18095,6799,0.859,0.8791197377796639,-0.020119737779663915,-0.020119737779663915
DES_RHO,10.1002/aic.18095,6800,0.859,0.8670974773244717,-0.008097477324471747,-0.008097477324471858
DES_RHO,10.1002/aic.18095,6801,0.859,0.8577388855931467,0.001261114406853281,0.001261114406853503
DES_RHO,10.1002/aic.18095,6805,0.8587,0.8506536778875807,0.00804632211241929,0.00804632211241929
DES_RHO,10.1002/aic.18095,6809,0.858,0.875879557894483,-0.017879557894483034,-0.017879557894483034
DES_RHO,10.1002/aic.18095,6810,0.858,0.860561981025456,-0.002561981025456017,-0.002561981025456017
DES_RHO,10.1002/aic.18095,6816,0.8567,0.8852881784711205,-0.028588178471120496,-0.028588178471120496
DES_RHO,10.1002/aic.18095,6819,0.8562,0.8576213958302685,-0.001421395830268568,-0.001421395830268568
DES_RHO,10.1002/aic.18095,6825,0.8553,0.855975367079381,-0.0006753670793810951,-0.0006753670793810951
DES_RHO,10.1002/aic.18095,6826,0.8553,0.855076782021718,0.00022321797828195322,0.00022321797828195322
DES_RHO,10.1002/aic.18095,6827,0.8553,0.8503285850304377,0.004971414969562216,0.004971414969562216
DES_RHO,10.1002/aic.18095,6832,0.855,0.8574107824854609,-0.002410782485460894,-0.002410782485461005
DES_RHO,10.1002/aic.18095,6833,0.8549,0.8493816413796441,0.005518358620355879,0.005518358620355879
DES_RHO,10.1002/aic.18095,6837,0.8541,0.8600533754699002,-0.005953375469900268,-0.005953375469900268
DES_RHO,10.1002/aic.18095,6844,0.8523,0.855358944242967,-0.0030589442429670433,-0.003058944242966821
DES_RHO,10.1002/aic.18095,6848,0.852,0.8935473954901287,-0.04154739549012876,-0.04154739549012898
DES_RHO,10.1002/aic.18095,6849,0.852,0.8671614256335697,-0.015161425633569703,-0.01516142563356948
DES_RHO,10.1002/aic.18095,6854,0.8515,0.8528524026566389,-0.0013524026566388292,-0.0013524026566388292
DES_RHO,10.1002/aic.18095,6856,0.8514,0.8551765504127143,-0.003776550412714297,-0.003776550412714297
DES_RHO,10.1002/aic.18095,6858,0.8513,0.8487369921732949,0.002563007826705044,0.002563007826705044
DES_RHO,10.1002/aic.18095,6861,0.8511,0.8479397651891681,0.00316023481083183,0.00316023481083183
DES_RHO,10.1002/aic.18095,6864,0.8502,0.8530805722952971,-0.0028805722952971458,-0.0028805722952971458
DES_RHO,10.1002/aic.18095,6870,0.8485,0.855358944242967,-0.006858944242966958,-0.006858944242966736
DES_RHO,10.1002/aic.18095,6873,0.8476,0.8487073243424875,-0.0011073243424875034,-0.0011073243424875034
DES_RHO,10.1002/aic.18095,6874,0.8476,0.8525956693233053,-0.004995669323305307,-0.004995669323305307
DES_RHO,10.1002/aic.18095,6877,0.8475,0.8485454810621837,-0.0010454810621837174,-0.0010454810621837174
DES_RHO,10.1002/aic.18095,6879,0.8472,0.8477482540780568,-0.000548254078056809,-0.000548254078056809
DES_RHO,10.1002/aic.18095,6882,0.8462,0.8517756556286303,-0.005575655628630383,-0.005575655628630383
DES_RHO,10.1002/aic.18095,6885,0.8447,0.8522697276965502,-0.007569727696550177,-0.007569727696550177
DES_RHO,10.1002/aic.18095,6887,0.844,0.8663955593776037,-0.022395559377603735,-0.022395559377603735
DES_RHO,10.1002/aic.18095,6890,0.8438,0.8494352583324443,-0.005635258332444271,-0.005635258332444271
DES_RHO,10.1002/aic.18095,6892,0.8437,0.8471821354535984,-0.003482135453598434,-0.003482135453598434
DES_RHO,10.1002/aic.18095,6894,0.8436,0.8457231125316399,-0.0021231125316398813,-0.0021231125316398813
DES_RHO,10.1002/aic.18095,6899,0.843,0.8880364649359884,-0.04503646493598845,-0.04503646493598856
DES_RHO,10.1002/aic.18095,6903,0.8422,0.8466042443852441,-0.004404244385244116,-0.004404244385244005
DES_RHO,10.1002/aic.18095,6905,0.841,0.8519918999187722,-0.010991899918772252,-0.010991899918772252
DES_RHO,10.1002/aic.18095,6908,0.8398,0.848966247221333,-0.009166247221332968,-0.009166247221332968
DES_RHO,10.1002/aic.18095,6910,0.8397,0.8428200009297888,-0.003120000929788813,-0.003120000929788813
DES_RHO,10.1002/aic.18095,6912,0.8396,0.8454060014205289,-0.0058060014205288946,-0.0058060014205288946
DES_RHO,10.1002/aic.18095,6914,0.8393,0.8449904514205289,-0.005690451420528819,-0.005690451420528819
DES_RHO,10.1002/aic.18095,6917,0.8372,0.8503390800775026,-0.01313908007750253,-0.01313908007750253
DES_RHO,10.1002/aic.18095,6918,0.837,0.8613322336880166,-0.024332233688016625,-0.024332233688016625
DES_RHO,10.1002/aic.18095,6922,0.8359,0.8469686575387936,-0.011068657538793603,-0.011068657538793603
DES_RHO,10.1002/aic.18095,6924,0.8355,0.8442009502300526,-0.008700950230052573,-0.008700950230052573
DES_RHO,10.1002/aic.18095,6925,0.8353,0.8439119613411639,-0.00861196134116382,-0.00861196134116382
DES_RHO,10.1002/aic.18095,6927,0.829,0.8577379143860226,-0.02873791438602269,-0.02873791438602291
DES_RHO,10.1002/aic.18095,6928,0.8275,0.8357825744829241,-0.008282574482924132,-0.008282574482924132
DES_RHO,10.1002/aic.18095,6930,0.8247,0.8318076856691234,-0.0071076856691234536,-0.0071076856691234536
