hypothesis,test_id,dataset,model,metric,value,ci_lo,ci_hi,threshold,verdict,n_units,note
H4,H4_join,ES1,RF,mean rel. RMSE change k=3 (best of OFF/SHR satisfying rule: OFF),-0.300320304478028,-0.42331577092293543,-0.18560992350605723,PASS iff [OFF or SHR k=3: mean rel. change <= -10% AND source-bootstrap CI upper < 0] AND FAKE k=3 mean rel. change >= -2%,PASS,33,"OFF k3 mean -0.300 (ok), CI_hi -0.186 (ok); SHR k3 mean -0.299 (ok), CI_hi -0.203 (ok); FAKE k3 mean +0.643 (ok) || ROBUSTNESS (exploratory, verdict unchanged): twin-disjoint: OFF -0.215 (CI_hi -0.114), SHR -0.239 (CI_hi -0.150) -> rule met via OFF+SHR | dedup-refit: OFF -0.191 (CI_hi -0.081), SHR -0.215 (CI_hi -0.117) -> rule met via OFF+SHR | 5-seed RF avg: OFF -0.311 (CI_hi -0.197), SHR -0.308 (CI_hi -0.211) -> rule met via OFF+SHR | HistGB: OFF -0.351 (CI_hi -0.228), SHR -0.347 (CI_hi -0.240) -> rule met via OFF+SHR | kNN: OFF -0.295 (CI_hi -0.174), SHR -0.289 (CI_hi -0.187) -> rule met via OFF+SHR | cluster-bootstrap CI OFF [-0.423, -0.186] (33 clusters), SHR [-0.397, -0.203] (33 clusters) | 3 eligible sources are one measurement repeated 9/13/13 times (OFF k3 = -100% by construction) and 2 more have only 6/5 unique of 55/44 rows; without the 3 single-measurement sources OFF -0.230, SHR -0.250"
H4,H4_secondary_SHR_k1,ES1,RF,SHR k=1 mean rel. RMSE change,-0.20154882138664285,-0.2839406805935166,-0.12235589306868634,secondary prediction: SHR k=1 mean rel. change <= 0 (holds in >= 4/6 -> PASS),PASS,33,median -0.219; frac improved 0.76
H4,H4_OFF_k3,ES1,RF,mean rel. RMSE change k=3 (source mean of draw means),-0.300320304478028,-0.42331577092293543,-0.18560992350605723,component of H4_join: k=3 mean rel. change <= -10% and CI upper < 0,DESCRIPTIVE,33,"sub-criterion met; scope=all_eligible; median -0.216; frac sources improved 0.76; gap closure pooled +0.331, source-mean +0.561"
H4,H4_SHR_k3,ES1,RF,mean rel. RMSE change k=3 (source mean of draw means),-0.29915094610996,-0.3966504138075251,-0.20293974365495385,component of H4_join: k=3 mean rel. change <= -10% and CI upper < 0,DESCRIPTIVE,33,"sub-criterion met; scope=all_eligible; median -0.258; frac sources improved 0.88; gap closure pooled +0.371, source-mean +0.556"
H4,H4_FAKE_k3,ES1,RF,mean rel. RMSE change k=3 (source mean of draw means),0.643431834707939,0.4082865286196267,0.9144971247438135,component of H4_join: FAKE k=3 mean rel. change >= -2%,DESCRIPTIVE,33,"sub-criterion met; scope=all_eligible; median +0.352; frac sources improved 0.03; gap closure pooled -0.693, source-mean -1.030"
H4,H4_RET_k3,ES1,RF150,mean rel. RMSE change k=3 (source mean of draw means),-0.3626486104472306,-0.4666048081639372,-0.26145178531844526,not part of pass rule,DESCRIPTIVE,33,"scope=all_eligible; median -0.292; frac sources improved 0.91; gap closure pooled +0.523, source-mean +0.685; RF150, weight 5, 5 draws; reference = RF150 base"
H4,H4_FAKE_SHR_k3,ES1,RF,mean rel. RMSE change k=3 (source mean of draw means),0.44302764683485696,0.26758627297278326,0.6473112877819696,not part of pass rule,EXPLORATORY,33,"scope=all_eligible; median +0.208; frac sources improved 0.06; gap closure pooled -0.460, source-mean -0.713; EXPLORATORY stricter control (not preregistered)"
H4,H4_join,ES2,RF,mean rel. RMSE change k=3 (best of OFF/SHR satisfying rule: SHR),-0.3477258792835132,-0.5495916917719591,-0.16301891061734408,PASS iff [OFF or SHR k=3: mean rel. change <= -10% AND source-bootstrap CI upper < 0] AND FAKE k=3 mean rel. change >= -2%,PASS,10,"OFF k3 mean -0.344 (ok), CI_hi -0.147 (ok); SHR k3 mean -0.348 (ok), CI_hi -0.163 (ok); FAKE k3 mean +0.830 (ok) || ROBUSTNESS (exploratory, verdict unchanged): twin-disjoint: OFF -0.344 (CI_hi -0.147), SHR -0.348 (CI_hi -0.163) -> rule met via OFF+SHR | dedup-refit: OFF -0.322 (CI_hi -0.122), SHR -0.330 (CI_hi -0.140) -> rule met via OFF+SHR | 5-seed RF avg: OFF -0.330 (CI_hi -0.125), SHR -0.338 (CI_hi -0.145) -> rule met via OFF+SHR | HistGB: OFF -0.428 (CI_hi -0.216), SHR -0.433 (CI_hi -0.229) -> rule met via OFF+SHR | kNN: OFF -0.203 (CI_hi +0.031), SHR -0.216 (CI_hi -0.012) -> rule met via SHR | cluster-bootstrap CI OFF [-0.561, -0.147] (10 clusters), SHR [-0.550, -0.163] (10 clusters)"
H4,H4_secondary_SHR_k1,ES2,RF,SHR k=1 mean rel. RMSE change,-0.2640266849276164,-0.46726506085098674,-0.07548297005740398,secondary prediction: SHR k=1 mean rel. change <= 0 (holds in >= 4/6 -> PASS),PASS,10,median -0.246; frac improved 0.70
H4,H4_OFF_k3,ES2,RF,mean rel. RMSE change k=3 (source mean of draw means),-0.34428638691304225,-0.5614667353994061,-0.14716725183684803,component of H4_join: k=3 mean rel. change <= -10% and CI upper < 0,DESCRIPTIVE,10,"sub-criterion met; scope=all_eligible; median -0.317; frac sources improved 0.80; gap closure pooled +0.651, source-mean +0.803"
H4,H4_SHR_k3,ES2,RF,mean rel. RMSE change k=3 (source mean of draw means),-0.3477258792835132,-0.5495916917719591,-0.16301891061734408,component of H4_join: k=3 mean rel. change <= -10% and CI upper < 0,DESCRIPTIVE,10,"sub-criterion met; scope=all_eligible; median -0.329; frac sources improved 0.80; gap closure pooled +0.654, source-mean +0.787"
H4,H4_FAKE_k3,ES2,RF,mean rel. RMSE change k=3 (source mean of draw means),0.8297357345318532,0.36308204631395175,1.4196805395801617,component of H4_join: FAKE k=3 mean rel. change >= -2%,DESCRIPTIVE,10,"sub-criterion met; scope=all_eligible; median +0.655; frac sources improved 0.10; gap closure pooled -0.258, source-mean -0.941"
H4,H4_RET_k3,ES2,RF150,mean rel. RMSE change k=3 (source mean of draw means),-0.3534323051945857,-0.5340218183851957,-0.18087370649712667,not part of pass rule,DESCRIPTIVE,10,"scope=all_eligible; median -0.249; frac sources improved 0.90; gap closure pooled +0.773, source-mean +0.818; RF150, weight 5, 5 draws; reference = RF150 base"
H4,H4_FAKE_SHR_k3,ES2,RF,mean rel. RMSE change k=3 (source mean of draw means),0.6951645836201452,0.2959098655433466,1.1973961719686466,not part of pass rule,EXPLORATORY,10,"scope=all_eligible; median +0.545; frac sources improved 0.10; gap closure pooled -0.202, source-mean -0.787; EXPLORATORY stricter control (not preregistered)"
H4,H4_join,DES_RHO,RF,"mean rel. RMSE change k=3 (OFF/SHR, neither satisfies rule; SHR shown)",-0.0037353212274080934,-0.04486521087751889,0.03219148218298383,PASS iff [OFF or SHR k=3: mean rel. change <= -10% AND source-bootstrap CI upper < 0] AND FAKE k=3 mean rel. change >= -2%,FAIL,101,"OFF k3 mean +0.087 (NOT <= -0.10), CI_hi +0.145 (NOT < 0); SHR k3 mean -0.004 (NOT <= -0.10), CI_hi +0.032 (NOT < 0); FAKE k3 mean +1.157 (ok) || ROBUSTNESS (exploratory, verdict unchanged): twin-disjoint: OFF +0.087 (CI_hi +0.145), SHR -0.004 (CI_hi +0.032) -> rule NOT met via none | dedup-refit: OFF +0.087 (CI_hi +0.144), SHR +0.001 (CI_hi +0.039) -> rule NOT met via none | 5-seed RF avg: OFF +0.092 (CI_hi +0.152), SHR +0.002 (CI_hi +0.039) -> rule NOT met via none | HistGB: OFF +0.090 (CI_hi +0.155), SHR -0.009 (CI_hi +0.026) -> rule NOT met via none | kNN: OFF +0.082 (CI_hi +0.145), SHR -0.010 (CI_hi +0.026) -> rule NOT met via none | cluster-bootstrap CI OFF [+0.042, +0.227] (39 clusters), SHR [-0.038, +0.076] (39 clusters)"
H4,H4_secondary_SHR_k1,DES_RHO,RF,SHR k=1 mean rel. RMSE change,0.0073370808511852,-0.018583775917693363,0.03255976918576063,secondary prediction: SHR k=1 mean rel. change <= 0 (holds in >= 4/6 -> PASS),FAIL,101,median +0.028; frac improved 0.35
H4,H4_OFF_k3,DES_RHO,RF,mean rel. RMSE change k=3 (source mean of draw means),0.08706127318068699,0.02272217232822943,0.14536382883986945,component of H4_join: k=3 mean rel. change <= -10% and CI upper < 0,DESCRIPTIVE,101,"sub-criterion NOT met; scope=all_eligible; median +0.111; frac sources improved 0.22; gap closure pooled -0.062, source-mean +0.099"
H4,H4_SHR_k3,DES_RHO,RF,mean rel. RMSE change k=3 (source mean of draw means),-0.0037353212274080934,-0.04486521087751889,0.03219148218298383,component of H4_join: k=3 mean rel. change <= -10% and CI upper < 0,DESCRIPTIVE,101,"sub-criterion NOT met; scope=all_eligible; median +0.032; frac sources improved 0.35; gap closure pooled +0.031, source-mean +0.174"
H4,H4_FAKE_k3,DES_RHO,RF,mean rel. RMSE change k=3 (source mean of draw means),1.1568406437062517,0.9061550174750136,1.4420434190953206,component of H4_join: FAKE k=3 mean rel. change >= -2%,DESCRIPTIVE,101,"sub-criterion met; scope=all_eligible; median +0.527; frac sources improved 0.04; gap closure pooled -0.438, source-mean -1.235"
H4,H4_RET_k3,DES_RHO,RF150,mean rel. RMSE change k=3 (source mean of draw means),-0.1190172583233408,-0.20278529488466399,-0.04923021785787915,not part of pass rule,DESCRIPTIVE,30,"scope=ret_subset; median -0.082; frac sources improved 0.70; gap closure pooled +0.299, source-mean +0.359; RF150, weight 5, 5 draws; reference = RF150 base"
H4,H4_FAKE_SHR_k3,DES_RHO,RF,mean rel. RMSE change k=3 (source mean of draw means),0.6154532051540202,0.470825116048994,0.776633868124255,not part of pass rule,EXPLORATORY,101,"scope=all_eligible; median +0.244; frac sources improved 0.07; gap closure pooled -0.171, source-mean -0.598; EXPLORATORY stricter control (not preregistered)"
H4,H4_OFF_k3_retsubset,DES_RHO,RF,mean rel. RMSE change k=3 on the 30-source RET subset,0.051852052910097174,-0.07456424203851264,0.16650757308195627,not part of pass rule (like-for-like comparison with RET),DESCRIPTIVE,30,median +0.108; frac improved 0.30; gap closure pooled +0.049
H4,H4_SHR_k3_retsubset,DES_RHO,RF,mean rel. RMSE change k=3 on the 30-source RET subset,-0.035162473144258466,-0.1190524177851778,0.03812235309529605,not part of pass rule (like-for-like comparison with RET),DESCRIPTIVE,30,median +0.024; frac improved 0.47; gap closure pooled +0.143
H4,H4_RET_k3_retsubset,DES_RHO,RF150,mean rel. RMSE change k=3 on the 30-source RET subset,-0.1190172583233408,-0.20278529488466399,-0.04923021785787915,not part of pass rule (like-for-like comparison with RET),DESCRIPTIVE,30,median -0.082; frac improved 0.70; gap closure pooled +0.299
H4,H4_join,DES_ETA,RF,mean rel. RMSE change k=3 (best of OFF/SHR satisfying rule: SHR),-0.17063498522993026,-0.23131658048161824,-0.10913434394965052,PASS iff [OFF or SHR k=3: mean rel. change <= -10% AND source-bootstrap CI upper < 0] AND FAKE k=3 mean rel. change >= -2%,PASS,79,"OFF k3 mean -0.149 (ok), CI_hi -0.083 (ok); SHR k3 mean -0.171 (ok), CI_hi -0.109 (ok); FAKE k3 mean +1.104 (ok) || ROBUSTNESS (exploratory, verdict unchanged): twin-disjoint: OFF -0.149 (CI_hi -0.083), SHR -0.171 (CI_hi -0.109) -> rule met via OFF+SHR | dedup-refit: OFF -0.150 (CI_hi -0.084), SHR -0.169 (CI_hi -0.108) -> rule met via OFF+SHR | 5-seed RF avg: OFF -0.148 (CI_hi -0.084), SHR -0.169 (CI_hi -0.109) -> rule met via OFF+SHR | HistGB: OFF -0.124 (CI_hi -0.059), SHR -0.150 (CI_hi -0.090) -> rule met via OFF+SHR | kNN: OFF -0.113 (CI_hi -0.051), SHR -0.138 (CI_hi -0.081) -> rule met via OFF+SHR | cluster-bootstrap CI OFF [-0.218, -0.082] (75 clusters), SHR [-0.234, -0.108] (75 clusters)"
H4,H4_secondary_SHR_k1,DES_ETA,RF,SHR k=1 mean rel. RMSE change,-0.09698557244470689,-0.153498894404625,-0.041213021633089125,secondary prediction: SHR k=1 mean rel. change <= 0 (holds in >= 4/6 -> PASS),PASS,79,median -0.031; frac improved 0.53
H4,H4_OFF_k3,DES_ETA,RF,mean rel. RMSE change k=3 (source mean of draw means),-0.14924259691040778,-0.21521057495353915,-0.08289358279859806,component of H4_join: k=3 mean rel. change <= -10% and CI upper < 0,DESCRIPTIVE,79,"sub-criterion met; scope=all_eligible; median -0.087; frac sources improved 0.58; gap closure pooled +0.429, source-mean +0.481"
H4,H4_SHR_k3,DES_ETA,RF,mean rel. RMSE change k=3 (source mean of draw means),-0.17063498522993026,-0.23131658048161824,-0.10913434394965052,component of H4_join: k=3 mean rel. change <= -10% and CI upper < 0,DESCRIPTIVE,79,"sub-criterion met; scope=all_eligible; median -0.109; frac sources improved 0.65; gap closure pooled +0.452, source-mean +0.500"
H4,H4_FAKE_k3,DES_ETA,RF,mean rel. RMSE change k=3 (source mean of draw means),1.1039822944503488,0.7688402813459881,1.4645584921073131,component of H4_join: FAKE k=3 mean rel. change >= -2%,DESCRIPTIVE,79,"sub-criterion met; scope=all_eligible; median +0.542; frac sources improved 0.04; gap closure pooled -0.799, source-mean -1.378"
H4,H4_RET_k3,DES_ETA,RF150,mean rel. RMSE change k=3 (source mean of draw means),-0.21354800814310115,-0.2890558618855999,-0.1358221821199414,not part of pass rule,DESCRIPTIVE,30,"scope=ret_subset; median -0.235; frac sources improved 0.87; gap closure pooled +0.366, source-mean +0.406; RF150, weight 5, 5 draws; reference = RF150 base"
H4,H4_FAKE_SHR_k3,DES_ETA,RF,mean rel. RMSE change k=3 (source mean of draw means),0.8807690449439157,0.6079454759439036,1.1767032314935517,not part of pass rule,EXPLORATORY,79,"scope=all_eligible; median +0.419; frac sources improved 0.06; gap closure pooled -0.587, source-mean -1.071; EXPLORATORY stricter control (not preregistered)"
H4,H4_OFF_k3_retsubset,DES_ETA,RF,mean rel. RMSE change k=3 on the 30-source RET subset,-0.22278803018213686,-0.3356914471315449,-0.10895947912724774,not part of pass rule (like-for-like comparison with RET),DESCRIPTIVE,30,median -0.238; frac improved 0.67; gap closure pooled +0.614
H4,H4_SHR_k3_retsubset,DES_ETA,RF,mean rel. RMSE change k=3 on the 30-source RET subset,-0.23503619343869053,-0.33963677554594224,-0.1289810322386965,not part of pass rule (like-for-like comparison with RET),DESCRIPTIVE,30,median -0.249; frac improved 0.70; gap closure pooled +0.613
H4,H4_RET_k3_retsubset,DES_ETA,RF150,mean rel. RMSE change k=3 on the 30-source RET subset,-0.21354800814310115,-0.2890558618855999,-0.1358221821199414,not part of pass rule (like-for-like comparison with RET),DESCRIPTIVE,30,median -0.235; frac improved 0.87; gap closure pooled +0.366
H4,H4_join,DES_MP,RF,mean rel. RMSE change k=3 (best of OFF/SHR satisfying rule: SHR),-0.17115871340730135,-0.23039408938319708,-0.11450882085239886,PASS iff [OFF or SHR k=3: mean rel. change <= -10% AND source-bootstrap CI upper < 0] AND FAKE k=3 mean rel. change >= -2%,PASS,71,"OFF k3 mean -0.145 (ok), CI_hi -0.080 (ok); SHR k3 mean -0.171 (ok), CI_hi -0.115 (ok); FAKE k3 mean +1.013 (ok) || ROBUSTNESS (exploratory, verdict unchanged): twin-disjoint: OFF -0.090 (CI_hi +0.007), SHR -0.130 (CI_hi -0.051) -> rule met via SHR | dedup-refit: OFF -0.118 (CI_hi -0.053), SHR -0.148 (CI_hi -0.093) -> rule met via OFF+SHR | 5-seed RF avg: OFF -0.143 (CI_hi -0.078), SHR -0.169 (CI_hi -0.110) -> rule met via OFF+SHR | HistGB: OFF -0.107 (CI_hi -0.046), SHR -0.140 (CI_hi -0.086) -> rule met via OFF+SHR | kNN: OFF -0.109 (CI_hi -0.047), SHR -0.142 (CI_hi -0.089) -> rule met via OFF+SHR | cluster-bootstrap CI OFF [-0.214, -0.078] (70 clusters), SHR [-0.231, -0.113] (70 clusters)"
H4,H4_secondary_SHR_k1,DES_MP,RF,SHR k=1 mean rel. RMSE change,-0.10719247595422456,-0.15775736288277414,-0.05702337806617715,secondary prediction: SHR k=1 mean rel. change <= 0 (holds in >= 4/6 -> PASS),PASS,71,median -0.073; frac improved 0.62
H4,H4_OFF_k3,DES_MP,RF,mean rel. RMSE change k=3 (source mean of draw means),-0.1452208091031111,-0.2133103603229755,-0.07989823777875737,component of H4_join: k=3 mean rel. change <= -10% and CI upper < 0,DESCRIPTIVE,71,"sub-criterion met; scope=all_eligible; median -0.102; frac sources improved 0.62; gap closure pooled +0.304, source-mean +0.514"
H4,H4_SHR_k3,DES_MP,RF,mean rel. RMSE change k=3 (source mean of draw means),-0.17115871340730135,-0.23039408938319708,-0.11450882085239886,component of H4_join: k=3 mean rel. change <= -10% and CI upper < 0,DESCRIPTIVE,71,"sub-criterion met; scope=all_eligible; median -0.140; frac sources improved 0.66; gap closure pooled +0.355, source-mean +0.515"
H4,H4_FAKE_k3,DES_MP,RF,mean rel. RMSE change k=3 (source mean of draw means),1.0126895724841252,0.617252671238291,1.5227761550973968,component of H4_join: FAKE k=3 mean rel. change >= -2%,DESCRIPTIVE,71,"sub-criterion met; scope=all_eligible; median +0.393; frac sources improved 0.07; gap closure pooled -0.754, source-mean -0.931"
H4,H4_RET_k3,DES_MP,RF150,mean rel. RMSE change k=3 (source mean of draw means),-0.27684664206834864,-0.3565696052291522,-0.2017752086081366,not part of pass rule,DESCRIPTIVE,30,"scope=ret_subset; median -0.246; frac sources improved 0.90; gap closure pooled +0.406, source-mean +0.619; RF150, weight 5, 5 draws; reference = RF150 base"
H4,H4_FAKE_SHR_k3,DES_MP,RF,mean rel. RMSE change k=3 (source mean of draw means),0.7397877937521949,0.43666672357366065,1.1322598297089874,not part of pass rule,EXPLORATORY,71,"scope=all_eligible; median +0.268; frac sources improved 0.10; gap closure pooled -0.496, source-mean -0.645; EXPLORATORY stricter control (not preregistered)"
H4,H4_OFF_k3_retsubset,DES_MP,RF,mean rel. RMSE change k=3 on the 30-source RET subset,-0.17849194504415763,-0.2720751836603234,-0.08760298068793991,not part of pass rule (like-for-like comparison with RET),DESCRIPTIVE,30,median -0.153; frac improved 0.70; gap closure pooled +0.274
H4,H4_SHR_k3_retsubset,DES_MP,RF,mean rel. RMSE change k=3 on the 30-source RET subset,-0.20366671838710237,-0.2850054568618473,-0.12247842587221217,not part of pass rule (like-for-like comparison with RET),DESCRIPTIVE,30,median -0.194; frac improved 0.73; gap closure pooled +0.324
H4,H4_RET_k3_retsubset,DES_MP,RF150,mean rel. RMSE change k=3 on the 30-source RET subset,-0.27684664206834864,-0.3565696052291522,-0.2017752086081366,not part of pass rule (like-for-like comparison with RET),DESCRIPTIVE,30,median -0.246; frac improved 0.90; gap closure pooled +0.406
H4,H4_join,IL_CELL,RF,mean rel. RMSE change k=3 (best of OFF/SHR satisfying rule: SHR),-0.1844264628327185,-0.28769473012190716,-0.09335612049657363,PASS iff [OFF or SHR k=3: mean rel. change <= -10% AND source-bootstrap CI upper < 0] AND FAKE k=3 mean rel. change >= -2%,PASS,19,"OFF k3 mean -0.183 (ok), CI_hi -0.049 (ok); SHR k3 mean -0.184 (ok), CI_hi -0.093 (ok); FAKE k3 mean +0.881 (ok) || ROBUSTNESS (exploratory, verdict unchanged): twin-disjoint: OFF -0.186 (CI_hi -0.052), SHR -0.187 (CI_hi -0.094) -> rule met via OFF+SHR | dedup-refit: OFF -0.173 (CI_hi -0.027), SHR -0.183 (CI_hi -0.085) -> rule met via OFF+SHR | 5-seed RF avg: OFF -0.178 (CI_hi -0.042), SHR -0.180 (CI_hi -0.089) -> rule met via OFF+SHR | HistGB: OFF -0.085 (CI_hi +0.005), SHR -0.123 (CI_hi -0.064) -> rule met via SHR | kNN: OFF -0.217 (CI_hi -0.077), SHR -0.210 (CI_hi -0.113) -> rule met via OFF+SHR | cluster-bootstrap CI OFF [-0.340, -0.041] (18 clusters), SHR [-0.291, -0.086] (18 clusters)"
H4,H4_secondary_SHR_k1,IL_CELL,RF,SHR k=1 mean rel. RMSE change,-0.10465840600859778,-0.16649010141757176,-0.04626239557472888,secondary prediction: SHR k=1 mean rel. change <= 0 (holds in >= 4/6 -> PASS),PASS,19,median -0.070; frac improved 0.79
H4,H4_OFF_k3,IL_CELL,RF,mean rel. RMSE change k=3 (source mean of draw means),-0.18295140086793762,-0.33728085785593037,-0.04889008647116442,component of H4_join: k=3 mean rel. change <= -10% and CI upper < 0,DESCRIPTIVE,19,"sub-criterion met; scope=all_eligible; median -0.013; frac sources improved 0.53; gap closure pooled +0.091, source-mean +0.476"
H4,H4_SHR_k3,IL_CELL,RF,mean rel. RMSE change k=3 (source mean of draw means),-0.1844264628327185,-0.28769473012190716,-0.09335612049657363,component of H4_join: k=3 mean rel. change <= -10% and CI upper < 0,DESCRIPTIVE,19,"sub-criterion met; scope=all_eligible; median -0.100; frac sources improved 0.84; gap closure pooled +0.194, source-mean +0.466"
H4,H4_FAKE_k3,IL_CELL,RF,mean rel. RMSE change k=3 (source mean of draw means),0.8814569773080093,0.2504411026452319,1.837874598622382,component of H4_join: FAKE k=3 mean rel. change >= -2%,DESCRIPTIVE,19,"sub-criterion met; scope=all_eligible; median +0.188; frac sources improved 0.05; gap closure pooled -0.587, source-mean -1.116"
H4,H4_RET_k3,IL_CELL,RF150,mean rel. RMSE change k=3 (source mean of draw means),-0.2264425433223525,-0.3690059623759705,-0.1002530088261084,not part of pass rule,DESCRIPTIVE,19,"scope=all_eligible; median -0.078; frac sources improved 0.79; gap closure pooled +0.299, source-mean +0.510; RF150, weight 5, 5 draws; reference = RF150 base"
H4,H4_FAKE_SHR_k3,IL_CELL,RF,mean rel. RMSE change k=3 (source mean of draw means),0.4596837795210965,0.10300943122539084,1.0074596062652645,not part of pass rule,EXPLORATORY,19,"scope=all_eligible; median +0.088; frac sources improved 0.05; gap closure pooled -0.248, source-mean -0.516; EXPLORATORY stricter control (not preregistered)"
H4,H4_join_descriptive,DYE,RF,SHR k=3 mean rel. RMSE change,-0.1962752024332857,-0.45720463263944966,0.029205659670937918,not graded (PREREG: DYE descriptive only; 4 sources with >= 8 rows < 8),DESCRIPTIVE,4,"rule would be not met (not graded); OFF k3 -0.224 CI_hi +0.077; FAKE k3 +0.241; SHR k1 -0.078 || ROBUSTNESS (exploratory, verdict unchanged): twin-disjoint: OFF -0.224 (CI_hi +0.077), SHR -0.196 (CI_hi +0.029) -> rule NOT met via none | dedup-refit: OFF -0.207 (CI_hi +0.118), SHR -0.178 (CI_hi +0.054) -> rule NOT met via none | 5-seed RF avg: OFF -0.204 (CI_hi +0.111), SHR -0.177 (CI_hi +0.054) -> rule NOT met via none | HistGB: OFF -0.220 (CI_hi +0.076), SHR -0.167 (CI_hi +0.022) -> rule NOT met via none | kNN: OFF -0.263 (CI_hi +0.047), SHR -0.259 (CI_hi +0.003) -> rule NOT met via none | cluster-bootstrap CI OFF [-0.624, +0.077] (4 clusters), SHR [-0.457, +0.029] (4 clusters)"
H4,H4_OFF_k3,DYE,RF,mean rel. RMSE change k=3 (source mean of draw means),-0.22363037138461136,-0.6235850255978219,0.07673899884349968,component of H4_join: k=3 mean rel. change <= -10% and CI upper < 0,DESCRIPTIVE,4,"sub-criterion NOT met; scope=all_eligible; median -0.119; frac sources improved 0.75; gap closure pooled +0.240, source-mean +0.705"
H4,H4_SHR_k3,DYE,RF,mean rel. RMSE change k=3 (source mean of draw means),-0.1962752024332857,-0.45720463263944966,0.029205659670937918,component of H4_join: k=3 mean rel. change <= -10% and CI upper < 0,DESCRIPTIVE,4,"sub-criterion NOT met; scope=all_eligible; median -0.149; frac sources improved 0.75; gap closure pooled +0.335, source-mean +0.590"
H4,H4_FAKE_k3,DYE,RF,mean rel. RMSE change k=3 (source mean of draw means),0.24072175684139033,0.11098418583803935,0.39467030981716034,component of H4_join: FAKE k=3 mean rel. change >= -2%,DESCRIPTIVE,4,"sub-criterion met; scope=all_eligible; median +0.217; frac sources improved 0.00; gap closure pooled -1.071, source-mean -0.724"
H4,H4_RET_k3,DYE,RF150,mean rel. RMSE change k=3 (source mean of draw means),-0.25873189492726467,-0.6227991556857618,-0.021760199772976385,not part of pass rule,DESCRIPTIVE,4,"scope=all_eligible; median -0.132; frac sources improved 0.75; gap closure pooled +0.462, source-mean +0.798; RF150, weight 5, 5 draws; reference = RF150 base"
H4,H4_FAKE_SHR_k3,DYE,RF,mean rel. RMSE change k=3 (source mean of draw means),0.14029311691895419,0.06351086796327156,0.21707536587463683,not part of pass rule,EXPLORATORY,4,"scope=all_eligible; median +0.136; frac sources improved 0.00; gap closure pooled -0.739, source-mean -0.409; EXPLORATORY stricter control (not preregistered)"
H4,H4_overall,ALL(6 graded),RF,number of datasets passing H4_join,5,,,>= 4 of 6 datasets PASS,PASS,6,ES1=PASS; ES2=PASS; DES_RHO=FAIL; DES_ETA=PASS; DES_MP=PASS; IL_CELL=PASS; PREREG defines no PARTIAL band for H4
H4,H4_secondary_overall,ALL(6 graded),RF,number of datasets where SHR k=1 mean change <= 0,5,,,secondary prediction holds in >= 4 of 6,PASS,6,
H4,H4X_offset_snr,ES1,RF,median over sources of |LOPO mean residual| / within-source residual SD,1.0956868184535404,,,none (post hoc diagnostic),EXPLORATORY,33,"post hoc after DES_RHO FAIL; 3 source(s) with zero within-source SD (SNR=inf) excluded; LOPO between-source share 0.53; median within-source excess kurtosis -0.39; Spearman(SNR, OFF k3 change) -0.98 (largely mechanical)"
H4,H4X_matdisjoint_OFF_k3,ES1,RF,"mean rel. RMSE change k=3, evaluation rows restricted to materials not among anchors",0.07254446774901979,-0.3410057867655017,0.48665795809361045,none (post hoc robustness check; same draws as main run),EXPLORATORY,6,main run on the same 6 sources: -0.046; median -0.025; frac improved 0.67; 27 single-material sources excluded
H4,H4X_matdisjoint_SHR_k3,ES1,RF,"mean rel. RMSE change k=3, evaluation rows restricted to materials not among anchors",0.01570052309824573,-0.3361834174487232,0.36599305282608613,none (post hoc robustness check; same draws as main run),EXPLORATORY,6,main run on the same 6 sources: -0.089; median -0.050; frac improved 0.67; 27 single-material sources excluded
H4,H4X_offset_snr,ES2,RF,median over sources of |LOPO mean residual| / within-source residual SD,1.4728535844075081,,,none (post hoc diagnostic),EXPLORATORY,10,"post hoc after DES_RHO FAIL; 0 source(s) with zero within-source SD (SNR=inf) excluded; LOPO between-source share 0.83; median within-source excess kurtosis -0.00; Spearman(SNR, OFF k3 change) -0.99 (largely mechanical)"
H4,H4X_matdisjoint_OFF_k3,ES2,RF,"mean rel. RMSE change k=3, evaluation rows restricted to materials not among anchors",-0.552341504274977,-0.6113442308043516,-0.49333877774560225,none (post hoc robustness check; same draws as main run),EXPLORATORY,2,main run on the same 2 sources: -0.339; median -0.552; frac improved 1.00; 8 single-material sources excluded
H4,H4X_matdisjoint_SHR_k3,ES2,RF,"mean rel. RMSE change k=3, evaluation rows restricted to materials not among anchors",-0.5630401421509845,-0.5939030667825115,-0.5321772175194575,none (post hoc robustness check; same draws as main run),EXPLORATORY,2,main run on the same 2 sources: -0.350; median -0.563; frac improved 1.00; 8 single-material sources excluded
H4,H4X_offset_snr,DES_RHO,RF,median over sources of |LOPO mean residual| / within-source residual SD,0.34980478692684586,,,none (post hoc diagnostic),EXPLORATORY,101,"post hoc after DES_RHO FAIL; 0 source(s) with zero within-source SD (SNR=inf) excluded; LOPO between-source share 0.28; median within-source excess kurtosis +1.76; Spearman(SNR, OFF k3 change) -0.72 (largely mechanical)"
H4,H4X_matdisjoint_OFF_k3,DES_RHO,RF,"mean rel. RMSE change k=3, evaluation rows restricted to materials not among anchors",0.25218565522082503,0.1613143023814753,0.3492125333106471,none (post hoc robustness check; same draws as main run),EXPLORATORY,100,main run on the same 100 sources: +0.093; median +0.186; frac improved 0.16; 1 single-material sources excluded
H4,H4X_matdisjoint_SHR_k3,DES_RHO,RF,"mean rel. RMSE change k=3, evaluation rows restricted to materials not among anchors",0.0827180668324509,0.02914130112158582,0.13714284274282507,none (post hoc robustness check; same draws as main run),EXPLORATORY,100,main run on the same 100 sources: +0.001; median +0.078; frac improved 0.21; 1 single-material sources excluded
H4,H4X_offset_snr,DES_ETA,RF,median over sources of |LOPO mean residual| / within-source residual SD,0.7611384442223671,,,none (post hoc diagnostic),EXPLORATORY,79,"post hoc after DES_RHO FAIL; 0 source(s) with zero within-source SD (SNR=inf) excluded; LOPO between-source share 0.63; median within-source excess kurtosis -0.39; Spearman(SNR, OFF k3 change) -0.96 (largely mechanical)"
H4,H4X_matdisjoint_OFF_k3,DES_ETA,RF,"mean rel. RMSE change k=3, evaluation rows restricted to materials not among anchors",-0.005058734319817482,-0.09278531149838022,0.09483833486465912,none (post hoc robustness check; same draws as main run),EXPLORATORY,77,main run on the same 77 sources: -0.149; median +0.086; frac improved 0.43; 2 single-material sources excluded
H4,H4X_matdisjoint_SHR_k3,DES_ETA,RF,"mean rel. RMSE change k=3, evaluation rows restricted to materials not among anchors",-0.053852686565940125,-0.131491114105193,0.03463763575813584,none (post hoc robustness check; same draws as main run),EXPLORATORY,77,main run on the same 77 sources: -0.170; median +0.022; frac improved 0.49; 2 single-material sources excluded
H4,H4X_offset_snr,DES_MP,RF,median over sources of |LOPO mean residual| / within-source residual SD,0.819843934900121,,,none (post hoc diagnostic),EXPLORATORY,71,"post hoc after DES_RHO FAIL; 0 source(s) with zero within-source SD (SNR=inf) excluded; LOPO between-source share 0.68; median within-source excess kurtosis -0.49; Spearman(SNR, OFF k3 change) -0.97 (largely mechanical)"
H4,H4X_matdisjoint_OFF_k3,DES_MP,RF,"mean rel. RMSE change k=3, evaluation rows restricted to materials not among anchors",-0.0902622739222171,-0.17765597942290587,0.0071460950813191934,none (post hoc robustness check; same draws as main run),EXPLORATORY,71,main run on the same 71 sources: -0.145; median -0.064; frac improved 0.59; 0 single-material sources excluded
H4,H4X_matdisjoint_SHR_k3,DES_MP,RF,"mean rel. RMSE change k=3, evaluation rows restricted to materials not among anchors",-0.1295622657342315,-0.20326058537625252,-0.0506332700329599,none (post hoc robustness check; same draws as main run),EXPLORATORY,71,main run on the same 71 sources: -0.171; median -0.109; frac improved 0.63; 0 single-material sources excluded
H4,H4X_offset_snr,IL_CELL,RF,median over sources of |LOPO mean residual| / within-source residual SD,0.8096736807430477,,,none (post hoc diagnostic),EXPLORATORY,19,"post hoc after DES_RHO FAIL; 0 source(s) with zero within-source SD (SNR=inf) excluded; LOPO between-source share 0.44; median within-source excess kurtosis -0.26; Spearman(SNR, OFF k3 change) -0.95 (largely mechanical)"
H4,H4X_matdisjoint_OFF_k3,IL_CELL,RF,"mean rel. RMSE change k=3, evaluation rows restricted to materials not among anchors",-0.18060356600410515,-0.3354156036112755,-0.04593661673485482,none (post hoc robustness check; same draws as main run),EXPLORATORY,19,main run on the same 19 sources: -0.183; median -0.064; frac improved 0.53; 0 single-material sources excluded
H4,H4X_matdisjoint_SHR_k3,IL_CELL,RF,"mean rel. RMSE change k=3, evaluation rows restricted to materials not among anchors",-0.1834419847119639,-0.28815027401117455,-0.09031108225236592,none (post hoc robustness check; same draws as main run),EXPLORATORY,19,main run on the same 19 sources: -0.184; median -0.124; frac improved 0.84; 0 single-material sources excluded
H4,H4X_offset_snr,DYE,RF,median over sources of |LOPO mean residual| / within-source residual SD,0.8541329373374269,,,none (post hoc diagnostic),EXPLORATORY,4,"post hoc after DES_RHO FAIL; 0 source(s) with zero within-source SD (SNR=inf) excluded; LOPO between-source share 0.62; median within-source excess kurtosis -0.85; Spearman(SNR, OFF k3 change) -1.00 (largely mechanical)"
H4,H4X_matdisjoint_OFF_k3,DYE,RF,"mean rel. RMSE change k=3, evaluation rows restricted to materials not among anchors",-0.22363037138461134,-0.6235850255978219,0.07673899884349969,none (post hoc robustness check; same draws as main run),EXPLORATORY,4,main run on the same 4 sources: -0.224; median -0.119; frac improved 0.75; 0 single-material sources excluded
H4,H4X_matdisjoint_SHR_k3,DYE,RF,"mean rel. RMSE change k=3, evaluation rows restricted to materials not among anchors",-0.1962752024332857,-0.45720463263944966,0.02920565967093791,none (post hoc robustness check; same draws as main run),EXPLORATORY,4,main run on the same 4 sources: -0.196; median -0.149; frac improved 0.75; 0 single-material sources excluded
H4,H4R_twin_OFF_k3,ES1,RF,"mean rel. RMSE change k=3, twin-disjoint evaluation (main draws; eval rows identical in X,y to an anchor removed)",-0.21491770466166665,-0.318885041206,-0.11437348148001387,robustness (no threshold of its own),EXPLORATORY,30,median -0.166; frac improved 0.70; main-run value -0.300
H4,H4R_twin_SHR_k3,ES1,RF,"mean rel. RMSE change k=3, twin-disjoint evaluation (main draws; eval rows identical in X,y to an anchor removed)",-0.23898181965166668,-0.3299449320725,-0.15005609070330564,robustness (no threshold of its own),EXPLORATORY,30,median -0.204; frac improved 0.83; main-run value -0.299
H4,H4R_twin_FAKE_k3,ES1,RF,"mean rel. RMSE change k=3, twin-disjoint evaluation (main draws; eval rows identical in X,y to an anchor removed)",0.5748783577937779,0.36924125579813605,0.7993983066725164,robustness (no threshold of its own),EXPLORATORY,30,median +0.326; frac improved 0.03; main-run value +0.643
H4,H4R_twin_RET_k3,ES1,RF150,"mean rel. RMSE change k=3, twin-disjoint evaluation (main draws; eval rows identical in X,y to an anchor removed)",-0.28426875393333334,-0.37008128335,-0.19885113670000001,robustness (no threshold of its own),EXPLORATORY,30,median -0.264; frac improved 0.87; main-run value -0.363
H4,H4R_twin_rule,ES1,RF,"PREREG rule re-evaluated: twin-disjoint evaluation (main draws; eval rows identical in X,y to an anchor removed)",-0.23898181965166668,,,PREREG H4 rule re-applied unchanged: [OFF or SHR k=3 mean <= -10% AND CI upper < 0] AND FAKE k=3 >= -2% (robustness only; does not replace the graded verdict),EXPLORATORY,30,rule MET (via OFF+SHR); OFF k3 -0.215 CI_hi -0.114; SHR k3 -0.239 CI_hi -0.150; FAKE k3 +0.575; SHR k1 -0.161 (secondary holds); graded=True
H4,H4R_twin_OFF_k3,ES2,RF,"mean rel. RMSE change k=3, twin-disjoint evaluation (main draws; eval rows identical in X,y to an anchor removed)",-0.3442206321,-0.5613311228858333,-0.14722383075083342,robustness (no threshold of its own),EXPLORATORY,10,median -0.318; frac improved 0.80; main-run value -0.344
H4,H4R_twin_SHR_k3,ES2,RF,"mean rel. RMSE change k=3, twin-disjoint evaluation (main draws; eval rows identical in X,y to an anchor removed)",-0.34767501556333336,-0.54945037234925,-0.16298541371516675,robustness (no threshold of its own),EXPLORATORY,10,median -0.329; frac improved 0.80; main-run value -0.348
H4,H4R_twin_FAKE_k3,ES2,RF,"mean rel. RMSE change k=3, twin-disjoint evaluation (main draws; eval rows identical in X,y to an anchor removed)",0.8297855754999999,0.36301818893166665,1.419750955887499,robustness (no threshold of its own),EXPLORATORY,10,median +0.655; frac improved 0.10; main-run value +0.830
H4,H4R_twin_RET_k3,ES2,RF150,"mean rel. RMSE change k=3, twin-disjoint evaluation (main draws; eval rows identical in X,y to an anchor removed)",-0.3533457400000001,-0.5337126486,-0.18087374090000014,robustness (no threshold of its own),EXPLORATORY,10,median -0.249; frac improved 0.90; main-run value -0.353
H4,H4R_twin_rule,ES2,RF,"PREREG rule re-evaluated: twin-disjoint evaluation (main draws; eval rows identical in X,y to an anchor removed)",-0.34767501556333336,,,PREREG H4 rule re-applied unchanged: [OFF or SHR k=3 mean <= -10% AND CI upper < 0] AND FAKE k=3 >= -2% (robustness only; does not replace the graded verdict),EXPLORATORY,10,rule MET (via OFF+SHR); OFF k3 -0.344 CI_hi -0.147; SHR k3 -0.348 CI_hi -0.163; FAKE k3 +0.830; SHR k1 -0.264 (secondary holds); graded=True
H4,H4R_twin_OFF_k3,DES_RHO,RF,"mean rel. RMSE change k=3, twin-disjoint evaluation (main draws; eval rows identical in X,y to an anchor removed)",0.08707993723107263,0.022809813414639845,0.14537996170521736,robustness (no threshold of its own),EXPLORATORY,101,median +0.111; frac improved 0.22; main-run value +0.087
H4,H4R_twin_SHR_k3,DES_RHO,RF,"mean rel. RMSE change k=3, twin-disjoint evaluation (main draws; eval rows identical in X,y to an anchor removed)",-0.0037142944972772276,-0.04485512563861345,0.032174567616260294,robustness (no threshold of its own),EXPLORATORY,101,median +0.032; frac improved 0.34; main-run value -0.004
H4,H4R_twin_FAKE_k3,DES_RHO,RF,"mean rel. RMSE change k=3, twin-disjoint evaluation (main draws; eval rows identical in X,y to an anchor removed)",1.1568572637577883,0.9060641483171661,1.442139118337974,robustness (no threshold of its own),EXPLORATORY,101,median +0.527; frac improved 0.04; main-run value +1.157
H4,H4R_twin_RET_k3,DES_RHO,RF150,"mean rel. RMSE change k=3, twin-disjoint evaluation (main draws; eval rows identical in X,y to an anchor removed)",-0.1184206006,-0.20218134300333332,-0.04913667542000006,robustness (no threshold of its own),EXPLORATORY,30,median -0.082; frac improved 0.70; main-run value -0.119
H4,H4R_twin_rule,DES_RHO,RF,"PREREG rule re-evaluated: twin-disjoint evaluation (main draws; eval rows identical in X,y to an anchor removed)",-0.0037142944972772276,,,PREREG H4 rule re-applied unchanged: [OFF or SHR k=3 mean <= -10% AND CI upper < 0] AND FAKE k=3 >= -2% (robustness only; does not replace the graded verdict),EXPLORATORY,101,rule NOT met (via none); OFF k3 +0.087 CI_hi +0.145; SHR k3 -0.004 CI_hi +0.032; FAKE k3 +1.157; SHR k1 +0.007 (secondary fails); graded=True
H4,H4R_twin_OFF_k3,DES_ETA,RF,"mean rel. RMSE change k=3, twin-disjoint evaluation (main draws; eval rows identical in X,y to an anchor removed)",-0.14909356525113923,-0.2151563519176192,-0.08270361129351057,robustness (no threshold of its own),EXPLORATORY,79,median -0.087; frac improved 0.58; main-run value -0.149
H4,H4R_twin_SHR_k3,DES_ETA,RF,"mean rel. RMSE change k=3, twin-disjoint evaluation (main draws; eval rows identical in X,y to an anchor removed)",-0.17051045265362869,-0.2312374836340158,-0.10904206344389249,robustness (no threshold of its own),EXPLORATORY,79,median -0.109; frac improved 0.65; main-run value -0.171
H4,H4R_twin_FAKE_k3,DES_ETA,RF,"mean rel. RMSE change k=3, twin-disjoint evaluation (main draws; eval rows identical in X,y to an anchor removed)",1.1039843020616034,0.7687807881429536,1.4643870077446521,robustness (no threshold of its own),EXPLORATORY,79,median +0.542; frac improved 0.04; main-run value +1.104
H4,H4R_twin_RET_k3,DES_ETA,RF150,"mean rel. RMSE change k=3, twin-disjoint evaluation (main draws; eval rows identical in X,y to an anchor removed)",-0.2135479849,-0.28905583519666667,-0.13582217175333336,robustness (no threshold of its own),EXPLORATORY,30,median -0.235; frac improved 0.87; main-run value -0.214
H4,H4R_twin_rule,DES_ETA,RF,"PREREG rule re-evaluated: twin-disjoint evaluation (main draws; eval rows identical in X,y to an anchor removed)",-0.17051045265362869,,,PREREG H4 rule re-applied unchanged: [OFF or SHR k=3 mean <= -10% AND CI upper < 0] AND FAKE k=3 >= -2% (robustness only; does not replace the graded verdict),EXPLORATORY,79,rule MET (via OFF+SHR); OFF k3 -0.149 CI_hi -0.083; SHR k3 -0.171 CI_hi -0.109; FAKE k3 +1.104; SHR k1 -0.097 (secondary holds); graded=True
H4,H4R_twin_OFF_k3,DES_MP,RF,"mean rel. RMSE change k=3, twin-disjoint evaluation (main draws; eval rows identical in X,y to an anchor removed)",-0.09025687488173707,-0.17763663058060097,0.0071464673346361245,robustness (no threshold of its own),EXPLORATORY,71,median -0.064; frac improved 0.59; main-run value -0.145
H4,H4R_twin_SHR_k3,DES_MP,RF,"mean rel. RMSE change k=3, twin-disjoint evaluation (main draws; eval rows identical in X,y to an anchor removed)",-0.12955903128084506,-0.203267395799723,-0.05063615027922086,robustness (no threshold of its own),EXPLORATORY,71,median -0.109; frac improved 0.63; main-run value -0.171
H4,H4R_twin_FAKE_k3,DES_MP,RF,"mean rel. RMSE change k=3, twin-disjoint evaluation (main draws; eval rows identical in X,y to an anchor removed)",1.0506971942056338,0.656547144990669,1.5683648392159504,robustness (no threshold of its own),EXPLORATORY,71,median +0.409; frac improved 0.07; main-run value +1.013
H4,H4R_twin_RET_k3,DES_MP,RF150,"mean rel. RMSE change k=3, twin-disjoint evaluation (main draws; eval rows identical in X,y to an anchor removed)",-0.2437860728333333,-0.32338507064016675,-0.16680270435650008,robustness (no threshold of its own),EXPLORATORY,30,median -0.215; frac improved 0.87; main-run value -0.277
H4,H4R_twin_rule,DES_MP,RF,"PREREG rule re-evaluated: twin-disjoint evaluation (main draws; eval rows identical in X,y to an anchor removed)",-0.12955903128084506,,,PREREG H4 rule re-applied unchanged: [OFF or SHR k=3 mean <= -10% AND CI upper < 0] AND FAKE k=3 >= -2% (robustness only; does not replace the graded verdict),EXPLORATORY,71,rule MET (via SHR); OFF k3 -0.090 CI_hi +0.007; SHR k3 -0.130 CI_hi -0.051; FAKE k3 +1.051; SHR k1 -0.098 (secondary holds); graded=True
H4,H4R_twin_OFF_k3,IL_CELL,RF,"mean rel. RMSE change k=3, twin-disjoint evaluation (main draws; eval rows identical in X,y to an anchor removed)",-0.18566495825614038,-0.33805200630846494,-0.05216786460662282,robustness (no threshold of its own),EXPLORATORY,19,median -0.064; frac improved 0.53; main-run value -0.183
H4,H4R_twin_SHR_k3,IL_CELL,RF,"mean rel. RMSE change k=3, twin-disjoint evaluation (main draws; eval rows identical in X,y to an anchor removed)",-0.1865393111991228,-0.28996943450817986,-0.09384331988039478,robustness (no threshold of its own),EXPLORATORY,19,median -0.124; frac improved 0.84; main-run value -0.184
H4,H4R_twin_FAKE_k3,IL_CELL,RF,"mean rel. RMSE change k=3, twin-disjoint evaluation (main draws; eval rows identical in X,y to an anchor removed)",0.8811403294192983,0.24870652082254385,1.8521017759684202,robustness (no threshold of its own),EXPLORATORY,19,median +0.188; frac improved 0.05; main-run value +0.881
H4,H4R_twin_RET_k3,IL_CELL,RF150,"mean rel. RMSE change k=3, twin-disjoint evaluation (main draws; eval rows identical in X,y to an anchor removed)",-0.22598314701052633,-0.36809336242105267,-0.10024961469578951,robustness (no threshold of its own),EXPLORATORY,19,median -0.078; frac improved 0.79; main-run value -0.226
H4,H4R_twin_rule,IL_CELL,RF,"PREREG rule re-evaluated: twin-disjoint evaluation (main draws; eval rows identical in X,y to an anchor removed)",-0.1865393111991228,,,PREREG H4 rule re-applied unchanged: [OFF or SHR k=3 mean <= -10% AND CI upper < 0] AND FAKE k=3 >= -2% (robustness only; does not replace the graded verdict),EXPLORATORY,19,rule MET (via OFF+SHR); OFF k3 -0.186 CI_hi -0.052; SHR k3 -0.187 CI_hi -0.094; FAKE k3 +0.881; SHR k1 -0.105 (secondary holds); graded=True
H4,H4R_twin_OFF_k3,DYE,RF,"mean rel. RMSE change k=3, twin-disjoint evaluation (main draws; eval rows identical in X,y to an anchor removed)",-0.22363036533999997,-0.6235850425,0.07673900845333334,robustness (no threshold of its own),EXPLORATORY,4,median -0.119; frac improved 0.75; main-run value -0.224
H4,H4R_twin_SHR_k3,DYE,RF,"mean rel. RMSE change k=3, twin-disjoint evaluation (main draws; eval rows identical in X,y to an anchor removed)",-0.19627522239166664,-0.4572046825,0.029205638550000003,robustness (no threshold of its own),EXPLORATORY,4,median -0.149; frac improved 0.75; main-run value -0.196
H4,H4R_twin_FAKE_k3,DYE,RF,"mean rel. RMSE change k=3, twin-disjoint evaluation (main draws; eval rows identical in X,y to an anchor removed)",0.2407217175,0.1109841925,0.39467025333333333,robustness (no threshold of its own),EXPLORATORY,4,median +0.217; frac improved 0.00; main-run value +0.241
H4,H4R_twin_RET_k3,DYE,RF150,"mean rel. RMSE change k=3, twin-disjoint evaluation (main draws; eval rows identical in X,y to an anchor removed)",-0.25873198,-0.62279928,-0.021760299999999996,robustness (no threshold of its own),EXPLORATORY,4,median -0.132; frac improved 0.75; main-run value -0.259
H4,H4R_twin_rule,DYE,RF,"PREREG rule re-evaluated: twin-disjoint evaluation (main draws; eval rows identical in X,y to an anchor removed)",-0.22363036533999997,,,PREREG H4 rule re-applied unchanged: [OFF or SHR k=3 mean <= -10% AND CI upper < 0] AND FAKE k=3 >= -2% (robustness only; does not replace the graded verdict),EXPLORATORY,4,rule NOT met (via none); OFF k3 -0.224 CI_hi +0.077; SHR k3 -0.196 CI_hi +0.029; FAKE k3 +0.241; SHR k1 -0.078 (secondary holds); graded=False
H4,H4R_twin_overall,ALL(6 graded),,"number of graded datasets meeting the rule: twin-disjoint evaluation (main draws; eval rows identical in X,y to an anchor removed)",5,,,">= 4 of 6 (PREREG overall rule, robustness only)",EXPLORATORY,6,would be PASS; secondary SHR k1 <= 0 holds in 5/6
H4,H4R_dedupfit_OFF_k3,ES1,RF,"mean rel. RMSE change k=3, dedup REFIT (within-source exact duplicates removed from the whole dataset; RF seed 0 refit)",-0.19083649771193428,-0.2965454744280202,-0.08117920337908023,robustness (no threshold of its own),EXPLORATORY,28,median -0.206; frac improved 0.68; main-run value -0.300
H4,H4R_dedupfit_SHR_k3,ES1,RF,"mean rel. RMSE change k=3, dedup REFIT (within-source exact duplicates removed from the whole dataset; RF seed 0 refit)",-0.2154165529781862,-0.30983531680537096,-0.11743278450692618,robustness (no threshold of its own),EXPLORATORY,28,median -0.237; frac improved 0.71; main-run value -0.299
H4,H4R_dedupfit_FAKE_k3,ES1,RF,"mean rel. RMSE change k=3, dedup REFIT (within-source exact duplicates removed from the whole dataset; RF seed 0 refit)",0.6668088556791693,0.4307666646823164,0.9695587730718099,robustness (no threshold of its own),EXPLORATORY,28,median +0.388; frac improved 0.00; main-run value +0.643
H4,H4R_dedupfit_RET_k3,ES1,RF150,"mean rel. RMSE change k=3, dedup REFIT (within-source exact duplicates removed from the whole dataset; RF seed 0 refit)",-0.29587948157818156,-0.3877065472883414,-0.20051625643145785,robustness (no threshold of its own),EXPLORATORY,28,median -0.316; frac improved 0.89; main-run value -0.363
H4,H4R_dedupfit_rule,ES1,RF,PREREG rule re-evaluated: dedup REFIT (within-source exact duplicates removed from the whole dataset; RF seed 0 refit),-0.2154165529781862,,,PREREG H4 rule re-applied unchanged: [OFF or SHR k=3 mean <= -10% AND CI upper < 0] AND FAKE k=3 >= -2% (robustness only; does not replace the graded verdict),EXPLORATORY,28,rule MET (via OFF+SHR); OFF k3 -0.191 CI_hi -0.081; SHR k3 -0.215 CI_hi -0.117; FAKE k3 +0.667; SHR k1 -0.151 (secondary holds); graded=True
H4,H4R_dedupfit_OFF_k3,ES2,RF,"mean rel. RMSE change k=3, dedup REFIT (within-source exact duplicates removed from the whole dataset; RF seed 0 refit)",-0.3215969711437514,-0.5380740988833871,-0.12159498552577294,robustness (no threshold of its own),EXPLORATORY,10,median -0.323; frac improved 0.70; main-run value -0.344
H4,H4R_dedupfit_SHR_k3,ES2,RF,"mean rel. RMSE change k=3, dedup REFIT (within-source exact duplicates removed from the whole dataset; RF seed 0 refit)",-0.32983506577161953,-0.5328208218378718,-0.14000364317906858,robustness (no threshold of its own),EXPLORATORY,10,median -0.331; frac improved 0.70; main-run value -0.348
H4,H4R_dedupfit_FAKE_k3,ES2,RF,"mean rel. RMSE change k=3, dedup REFIT (within-source exact duplicates removed from the whole dataset; RF seed 0 refit)",0.7722155318520304,0.3823789513535497,1.2039728613062877,robustness (no threshold of its own),EXPLORATORY,10,median +0.640; frac improved 0.10; main-run value +0.830
H4,H4R_dedupfit_RET_k3,ES2,RF150,"mean rel. RMSE change k=3, dedup REFIT (within-source exact duplicates removed from the whole dataset; RF seed 0 refit)",-0.33759953953539545,-0.5185021728437662,-0.1636190603462779,robustness (no threshold of its own),EXPLORATORY,10,median -0.220; frac improved 0.90; main-run value -0.353
H4,H4R_dedupfit_rule,ES2,RF,PREREG rule re-evaluated: dedup REFIT (within-source exact duplicates removed from the whole dataset; RF seed 0 refit),-0.32983506577161953,,,PREREG H4 rule re-applied unchanged: [OFF or SHR k=3 mean <= -10% AND CI upper < 0] AND FAKE k=3 >= -2% (robustness only; does not replace the graded verdict),EXPLORATORY,10,rule MET (via OFF+SHR); OFF k3 -0.322 CI_hi -0.122; SHR k3 -0.330 CI_hi -0.140; FAKE k3 +0.772; SHR k1 -0.241 (secondary holds); graded=True
H4,H4R_dedupfit_OFF_k3,DES_RHO,RF,"mean rel. RMSE change k=3, dedup REFIT (within-source exact duplicates removed from the whole dataset; RF seed 0 refit)",0.08680360962382032,0.027239873226150173,0.14387388793090813,robustness (no threshold of its own),EXPLORATORY,101,median +0.103; frac improved 0.25; main-run value +0.087
H4,H4R_dedupfit_SHR_k3,DES_RHO,RF,"mean rel. RMSE change k=3, dedup REFIT (within-source exact duplicates removed from the whole dataset; RF seed 0 refit)",0.0012497422069072685,-0.039957806080661656,0.039016671031741015,robustness (no threshold of its own),EXPLORATORY,101,median +0.035; frac improved 0.35; main-run value -0.004
H4,H4R_dedupfit_FAKE_k3,DES_RHO,RF,"mean rel. RMSE change k=3, dedup REFIT (within-source exact duplicates removed from the whole dataset; RF seed 0 refit)",0.9681183660113394,0.7798092837759327,1.1902407121803815,robustness (no threshold of its own),EXPLORATORY,101,median +0.657; frac improved 0.02; main-run value +1.157
H4,H4R_dedupfit_RET_k3,DES_RHO,RF150,"mean rel. RMSE change k=3, dedup REFIT (within-source exact duplicates removed from the whole dataset; RF seed 0 refit)",-0.1326834473504409,-0.20956344214103614,-0.06738474494872115,robustness (no threshold of its own),EXPLORATORY,30,median -0.055; frac improved 0.77; main-run value -0.119
H4,H4R_dedupfit_rule,DES_RHO,RF,PREREG rule re-evaluated: dedup REFIT (within-source exact duplicates removed from the whole dataset; RF seed 0 refit),0.0012497422069072685,,,PREREG H4 rule re-applied unchanged: [OFF or SHR k=3 mean <= -10% AND CI upper < 0] AND FAKE k=3 >= -2% (robustness only; does not replace the graded verdict),EXPLORATORY,101,rule NOT met (via none); OFF k3 +0.087 CI_hi +0.144; SHR k3 +0.001 CI_hi +0.039; FAKE k3 +0.968; SHR k1 +0.021 (secondary fails); graded=True
H4,H4R_dedupfit_OFF_k3,DES_ETA,RF,"mean rel. RMSE change k=3, dedup REFIT (within-source exact duplicates removed from the whole dataset; RF seed 0 refit)",-0.15031911769740908,-0.21753205049919835,-0.08398631164286438,robustness (no threshold of its own),EXPLORATORY,79,median -0.039; frac improved 0.57; main-run value -0.149
H4,H4R_dedupfit_SHR_k3,DES_ETA,RF,"mean rel. RMSE change k=3, dedup REFIT (within-source exact duplicates removed from the whole dataset; RF seed 0 refit)",-0.16949174882947862,-0.2318085883044031,-0.10793240202293385,robustness (no threshold of its own),EXPLORATORY,79,median -0.060; frac improved 0.62; main-run value -0.171
H4,H4R_dedupfit_FAKE_k3,DES_ETA,RF,"mean rel. RMSE change k=3, dedup REFIT (within-source exact duplicates removed from the whole dataset; RF seed 0 refit)",1.1434983539911283,0.7708877663786533,1.6062676502326974,robustness (no threshold of its own),EXPLORATORY,79,median +0.481; frac improved 0.03; main-run value +1.104
H4,H4R_dedupfit_RET_k3,DES_ETA,RF150,"mean rel. RMSE change k=3, dedup REFIT (within-source exact duplicates removed from the whole dataset; RF seed 0 refit)",-0.2356746805926439,-0.3024031890795835,-0.16933747019701348,robustness (no threshold of its own),EXPLORATORY,30,median -0.240; frac improved 0.87; main-run value -0.214
H4,H4R_dedupfit_rule,DES_ETA,RF,PREREG rule re-evaluated: dedup REFIT (within-source exact duplicates removed from the whole dataset; RF seed 0 refit),-0.16949174882947862,,,PREREG H4 rule re-applied unchanged: [OFF or SHR k=3 mean <= -10% AND CI upper < 0] AND FAKE k=3 >= -2% (robustness only; does not replace the graded verdict),EXPLORATORY,79,rule MET (via OFF+SHR); OFF k3 -0.150 CI_hi -0.084; SHR k3 -0.169 CI_hi -0.108; FAKE k3 +1.143; SHR k1 -0.091 (secondary holds); graded=True
H4,H4R_dedupfit_OFF_k3,DES_MP,RF,"mean rel. RMSE change k=3, dedup REFIT (within-source exact duplicates removed from the whole dataset; RF seed 0 refit)",-0.11774606985400948,-0.18524088647171524,-0.0531828884880937,robustness (no threshold of its own),EXPLORATORY,64,median -0.089; frac improved 0.56; main-run value -0.145
H4,H4R_dedupfit_SHR_k3,DES_MP,RF,"mean rel. RMSE change k=3, dedup REFIT (within-source exact duplicates removed from the whole dataset; RF seed 0 refit)",-0.14828327576340497,-0.20650428418245012,-0.09308785745714511,robustness (no threshold of its own),EXPLORATORY,64,median -0.129; frac improved 0.69; main-run value -0.171
H4,H4R_dedupfit_FAKE_k3,DES_MP,RF,"mean rel. RMSE change k=3, dedup REFIT (within-source exact duplicates removed from the whole dataset; RF seed 0 refit)",0.9985849076681094,0.6370009456451878,1.4717477292003136,robustness (no threshold of its own),EXPLORATORY,64,median +0.393; frac improved 0.05; main-run value +1.013
H4,H4R_dedupfit_RET_k3,DES_MP,RF150,"mean rel. RMSE change k=3, dedup REFIT (within-source exact duplicates removed from the whole dataset; RF seed 0 refit)",-0.2520786040047433,-0.3317228744186968,-0.17686096355646724,robustness (no threshold of its own),EXPLORATORY,30,median -0.195; frac improved 0.93; main-run value -0.277
H4,H4R_dedupfit_rule,DES_MP,RF,PREREG rule re-evaluated: dedup REFIT (within-source exact duplicates removed from the whole dataset; RF seed 0 refit),-0.14828327576340497,,,PREREG H4 rule re-applied unchanged: [OFF or SHR k=3 mean <= -10% AND CI upper < 0] AND FAKE k=3 >= -2% (robustness only; does not replace the graded verdict),EXPLORATORY,64,rule MET (via OFF+SHR); OFF k3 -0.118 CI_hi -0.053; SHR k3 -0.148 CI_hi -0.093; FAKE k3 +0.999; SHR k1 -0.083 (secondary holds); graded=True
H4,H4R_dedupfit_OFF_k3,IL_CELL,RF,"mean rel. RMSE change k=3, dedup REFIT (within-source exact duplicates removed from the whole dataset; RF seed 0 refit)",-0.17267457868122585,-0.33234461404607796,-0.026799730051258044,robustness (no threshold of its own),EXPLORATORY,18,median -0.031; frac improved 0.50; main-run value -0.183
H4,H4R_dedupfit_SHR_k3,IL_CELL,RF,"mean rel. RMSE change k=3, dedup REFIT (within-source exact duplicates removed from the whole dataset; RF seed 0 refit)",-0.18303292479335703,-0.2896696108192261,-0.08497229624213377,robustness (no threshold of its own),EXPLORATORY,18,median -0.113; frac improved 0.78; main-run value -0.184
H4,H4R_dedupfit_FAKE_k3,IL_CELL,RF,"mean rel. RMSE change k=3, dedup REFIT (within-source exact duplicates removed from the whole dataset; RF seed 0 refit)",0.8962129954946018,0.2191401277956289,2.065977826912969,robustness (no threshold of its own),EXPLORATORY,18,median +0.219; frac improved 0.06; main-run value +0.881
H4,H4R_dedupfit_RET_k3,IL_CELL,RF150,"mean rel. RMSE change k=3, dedup REFIT (within-source exact duplicates removed from the whole dataset; RF seed 0 refit)",-0.23277283831561954,-0.3888300490680424,-0.09024486960543271,robustness (no threshold of its own),EXPLORATORY,18,median -0.098; frac improved 0.83; main-run value -0.226
H4,H4R_dedupfit_rule,IL_CELL,RF,PREREG rule re-evaluated: dedup REFIT (within-source exact duplicates removed from the whole dataset; RF seed 0 refit),-0.18303292479335703,,,PREREG H4 rule re-applied unchanged: [OFF or SHR k=3 mean <= -10% AND CI upper < 0] AND FAKE k=3 >= -2% (robustness only; does not replace the graded verdict),EXPLORATORY,18,rule MET (via OFF+SHR); OFF k3 -0.173 CI_hi -0.027; SHR k3 -0.183 CI_hi -0.085; FAKE k3 +0.896; SHR k1 -0.096 (secondary holds); graded=True
H4,H4R_dedupfit_OFF_k3,DYE,RF,"mean rel. RMSE change k=3, dedup REFIT (within-source exact duplicates removed from the whole dataset; RF seed 0 refit)",-0.20689469752149242,-0.625049100894675,0.11761565659957521,robustness (no threshold of its own),EXPLORATORY,4,median -0.113; frac improved 0.75; main-run value -0.224
H4,H4R_dedupfit_SHR_k3,DYE,RF,"mean rel. RMSE change k=3, dedup REFIT (within-source exact duplicates removed from the whole dataset; RF seed 0 refit)",-0.17814872604730006,-0.43891423213114383,0.05375314578381474,robustness (no threshold of its own),EXPLORATORY,4,median -0.144; frac improved 0.75; main-run value -0.196
H4,H4R_dedupfit_FAKE_k3,DYE,RF,"mean rel. RMSE change k=3, dedup REFIT (within-source exact duplicates removed from the whole dataset; RF seed 0 refit)",0.26955719825416335,0.18223403656638082,0.3733175245047077,robustness (no threshold of its own),EXPLORATORY,4,median +0.253; frac improved 0.00; main-run value +0.241
H4,H4R_dedupfit_RET_k3,DYE,RF150,"mean rel. RMSE change k=3, dedup REFIT (within-source exact duplicates removed from the whole dataset; RF seed 0 refit)",-0.308933445077172,-0.6196546586586865,-0.08769312752610686,robustness (no threshold of its own),EXPLORATORY,4,median -0.179; frac improved 1.00; main-run value -0.259
H4,H4R_dedupfit_rule,DYE,RF,PREREG rule re-evaluated: dedup REFIT (within-source exact duplicates removed from the whole dataset; RF seed 0 refit),-0.20689469752149242,,,PREREG H4 rule re-applied unchanged: [OFF or SHR k=3 mean <= -10% AND CI upper < 0] AND FAKE k=3 >= -2% (robustness only; does not replace the graded verdict),EXPLORATORY,4,rule NOT met (via none); OFF k3 -0.207 CI_hi +0.118; SHR k3 -0.178 CI_hi +0.054; FAKE k3 +0.270; SHR k1 -0.088 (secondary holds); graded=False
H4,H4R_dedupfit_overall,ALL(6 graded),,number of graded datasets meeting the rule: dedup REFIT (within-source exact duplicates removed from the whole dataset; RF seed 0 refit),5,,,">= 4 of 6 (PREREG overall rule, robustness only)",EXPLORATORY,6,would be PASS; secondary SHR k1 <= 0 holds in 5/6
H4,H4R_dedupcache_OFF_k3,ES1,RF,"mean rel. RMSE change k=3, dedup on cached main-run residuals (verifier variant; unique rows, fresh draws)",-0.19353423616261906,-0.29843777293786306,-0.09153729160020832,robustness (no threshold of its own),EXPLORATORY,28,median -0.156; frac improved 0.71; main-run value -0.300
H4,H4R_dedupcache_SHR_k3,ES1,RF,"mean rel. RMSE change k=3, dedup on cached main-run residuals (verifier variant; unique rows, fresh draws)",-0.22183300871238099,-0.3137457861092857,-0.12871410016788093,robustness (no threshold of its own),EXPLORATORY,28,median -0.205; frac improved 0.75; main-run value -0.299
H4,H4R_dedupcache_rule,ES1,RF,"PREREG rule re-evaluated: dedup on cached main-run residuals (verifier variant; unique rows, fresh draws)",-0.22183300871238099,,,PREREG H4 rule re-applied unchanged: [OFF or SHR k=3 mean <= -10% AND CI upper < 0] AND FAKE k=3 >= -2% (robustness only; does not replace the graded verdict),EXPLORATORY,28,rule MET (via OFF+SHR); OFF k3 -0.194 CI_hi -0.092; SHR k3 -0.222 CI_hi -0.129; FAKE k3 +nan; SHR k1 -0.159 (secondary holds); graded=True
H4,H4R_dedupcache_OFF_k3,ES2,RF,"mean rel. RMSE change k=3, dedup on cached main-run residuals (verifier variant; unique rows, fresh draws)",-0.3242382155233333,-0.5525523761014166,-0.11142603291141671,robustness (no threshold of its own),EXPLORATORY,10,median -0.317; frac improved 0.70; main-run value -0.344
H4,H4R_dedupcache_SHR_k3,ES2,RF,"mean rel. RMSE change k=3, dedup on cached main-run residuals (verifier variant; unique rows, fresh draws)",-0.3399875135466667,-0.5585583315363334,-0.13591151081000008,robustness (no threshold of its own),EXPLORATORY,10,median -0.331; frac improved 0.70; main-run value -0.348
H4,H4R_dedupcache_rule,ES2,RF,"PREREG rule re-evaluated: dedup on cached main-run residuals (verifier variant; unique rows, fresh draws)",-0.3399875135466667,,,PREREG H4 rule re-applied unchanged: [OFF or SHR k=3 mean <= -10% AND CI upper < 0] AND FAKE k=3 >= -2% (robustness only; does not replace the graded verdict),EXPLORATORY,10,rule MET (via OFF+SHR); OFF k3 -0.324 CI_hi -0.111; SHR k3 -0.340 CI_hi -0.136; FAKE k3 +nan; SHR k1 -0.248 (secondary holds); graded=True
H4,H4R_dedupcache_OFF_k3,DES_RHO,RF,"mean rel. RMSE change k=3, dedup on cached main-run residuals (verifier variant; unique rows, fresh draws)",0.0784064598828906,0.014848538329980183,0.13822924775219186,robustness (no threshold of its own),EXPLORATORY,101,median +0.122; frac improved 0.25; main-run value +0.087
H4,H4R_dedupcache_SHR_k3,DES_RHO,RF,"mean rel. RMSE change k=3, dedup on cached main-run residuals (verifier variant; unique rows, fresh draws)",-0.00860784447552696,-0.04802865942917658,0.027967408295348984,robustness (no threshold of its own),EXPLORATORY,101,median +0.035; frac improved 0.41; main-run value -0.004
H4,H4R_dedupcache_rule,DES_RHO,RF,"PREREG rule re-evaluated: dedup on cached main-run residuals (verifier variant; unique rows, fresh draws)",-0.00860784447552696,,,PREREG H4 rule re-applied unchanged: [OFF or SHR k=3 mean <= -10% AND CI upper < 0] AND FAKE k=3 >= -2% (robustness only; does not replace the graded verdict),EXPLORATORY,101,rule NOT met (via none); OFF k3 +0.078 CI_hi +0.138; SHR k3 -0.009 CI_hi +0.028; FAKE k3 +nan; SHR k1 +0.016 (secondary fails); graded=True
H4,H4R_dedupcache_OFF_k3,DES_ETA,RF,"mean rel. RMSE change k=3, dedup on cached main-run residuals (verifier variant; unique rows, fresh draws)",-0.1456804839963291,-0.21103235538534074,-0.08137811897735255,robustness (no threshold of its own),EXPLORATORY,79,median -0.091; frac improved 0.56; main-run value -0.149
H4,H4R_dedupcache_SHR_k3,DES_ETA,RF,"mean rel. RMSE change k=3, dedup on cached main-run residuals (verifier variant; unique rows, fresh draws)",-0.1682280372765823,-0.2288086240034704,-0.10764026480707278,robustness (no threshold of its own),EXPLORATORY,79,median -0.111; frac improved 0.58; main-run value -0.171
H4,H4R_dedupcache_rule,DES_ETA,RF,"PREREG rule re-evaluated: dedup on cached main-run residuals (verifier variant; unique rows, fresh draws)",-0.1682280372765823,,,PREREG H4 rule re-applied unchanged: [OFF or SHR k=3 mean <= -10% AND CI upper < 0] AND FAKE k=3 >= -2% (robustness only; does not replace the graded verdict),EXPLORATORY,79,rule MET (via OFF+SHR); OFF k3 -0.146 CI_hi -0.081; SHR k3 -0.168 CI_hi -0.108; FAKE k3 +nan; SHR k1 -0.102 (secondary holds); graded=True
H4,H4R_dedupcache_OFF_k3,DES_MP,RF,"mean rel. RMSE change k=3, dedup on cached main-run residuals (verifier variant; unique rows, fresh draws)",-0.1282985073109375,-0.1938875341926953,-0.06645566294220054,robustness (no threshold of its own),EXPLORATORY,64,median -0.075; frac improved 0.58; main-run value -0.145
H4,H4R_dedupcache_SHR_k3,DES_MP,RF,"mean rel. RMSE change k=3, dedup on cached main-run residuals (verifier variant; unique rows, fresh draws)",-0.15657311507958332,-0.21526364501915884,-0.10188619963821356,robustness (no threshold of its own),EXPLORATORY,64,median -0.114; frac improved 0.64; main-run value -0.171
H4,H4R_dedupcache_rule,DES_MP,RF,"PREREG rule re-evaluated: dedup on cached main-run residuals (verifier variant; unique rows, fresh draws)",-0.15657311507958332,,,PREREG H4 rule re-applied unchanged: [OFF or SHR k=3 mean <= -10% AND CI upper < 0] AND FAKE k=3 >= -2% (robustness only; does not replace the graded verdict),EXPLORATORY,64,rule MET (via OFF+SHR); OFF k3 -0.128 CI_hi -0.066; SHR k3 -0.157 CI_hi -0.102; FAKE k3 +nan; SHR k1 -0.089 (secondary holds); graded=True
H4,H4R_dedupcache_OFF_k3,IL_CELL,RF,"mean rel. RMSE change k=3, dedup on cached main-run residuals (verifier variant; unique rows, fresh draws)",-0.1866795056703704,-0.3451228687355556,-0.0439617573662963,robustness (no threshold of its own),EXPLORATORY,18,median -0.071; frac improved 0.56; main-run value -0.183
H4,H4R_dedupcache_SHR_k3,IL_CELL,RF,"mean rel. RMSE change k=3, dedup on cached main-run residuals (verifier variant; unique rows, fresh draws)",-0.19316216258703706,-0.2990847207684259,-0.09805401399388901,robustness (no threshold of its own),EXPLORATORY,18,median -0.127; frac improved 0.83; main-run value -0.184
H4,H4R_dedupcache_rule,IL_CELL,RF,"PREREG rule re-evaluated: dedup on cached main-run residuals (verifier variant; unique rows, fresh draws)",-0.19316216258703706,,,PREREG H4 rule re-applied unchanged: [OFF or SHR k=3 mean <= -10% AND CI upper < 0] AND FAKE k=3 >= -2% (robustness only; does not replace the graded verdict),EXPLORATORY,18,rule MET (via OFF+SHR); OFF k3 -0.187 CI_hi -0.044; SHR k3 -0.193 CI_hi -0.098; FAKE k3 +nan; SHR k1 -0.108 (secondary holds); graded=True
H4,H4R_dedupcache_OFF_k3,DYE,RF,"mean rel. RMSE change k=3, dedup on cached main-run residuals (verifier variant; unique rows, fresh draws)",-0.20725900089,-0.6242498835,0.13224743283,robustness (no threshold of its own),EXPLORATORY,4,median -0.130; frac improved 0.75; main-run value -0.224
H4,H4R_dedupcache_SHR_k3,DYE,RF,"mean rel. RMSE change k=3, dedup on cached main-run residuals (verifier variant; unique rows, fresh draws)",-0.17008723050000002,-0.4393292692083334,0.06715249612500002,robustness (no threshold of its own),EXPLORATORY,4,median -0.138; frac improved 0.75; main-run value -0.196
H4,H4R_dedupcache_rule,DYE,RF,"PREREG rule re-evaluated: dedup on cached main-run residuals (verifier variant; unique rows, fresh draws)",-0.20725900089,,,PREREG H4 rule re-applied unchanged: [OFF or SHR k=3 mean <= -10% AND CI upper < 0] AND FAKE k=3 >= -2% (robustness only; does not replace the graded verdict),EXPLORATORY,4,rule NOT met (via none); OFF k3 -0.207 CI_hi +0.132; SHR k3 -0.170 CI_hi +0.067; FAKE k3 +nan; SHR k1 -0.069 (secondary holds); graded=False
H4,H4R_dedupcache_overall,ALL(6 graded),,"number of graded datasets meeting the rule: dedup on cached main-run residuals (verifier variant; unique rows, fresh draws)",5,,,">= 4 of 6 (PREREG overall rule, robustness only)",EXPLORATORY,6,would be PASS; secondary SHR k1 <= 0 holds in 5/6
H4,H4R_nearcopy_OFF_k3,ES1,RF,"mean rel. RMSE change k=3, eval rows with a near copy (same key, 1e-4<rel.diff<=1e-2) in training removed",-0.30010745088434343,-0.42310823429910355,-0.18532461332782832,robustness (no threshold of its own),EXPLORATORY,33,median -0.216; frac improved 0.76; main-run value -0.300
H4,H4R_nearcopy_SHR_k3,ES1,RF,"mean rel. RMSE change k=3, eval rows with a near copy (same key, 1e-4<rel.diff<=1e-2) in training removed",-0.2990088790065656,-0.3963698228816288,-0.20292261066919198,robustness (no threshold of its own),EXPLORATORY,33,median -0.258; frac improved 0.88; main-run value -0.299
H4,H4R_nearcopy_FAKE_k3,ES1,RF,"mean rel. RMSE change k=3, eval rows with a near copy (same key, 1e-4<rel.diff<=1e-2) in training removed",0.6448860186239395,0.40828651779443687,0.9194193692635277,robustness (no threshold of its own),EXPLORATORY,33,median +0.352; frac improved 0.03; main-run value +0.643
H4,H4R_nearcopy_rule,ES1,RF,"PREREG rule re-evaluated: eval rows with a near copy (same key, 1e-4<rel.diff<=1e-2) in training removed",-0.30010745088434343,,,PREREG H4 rule re-applied unchanged: [OFF or SHR k=3 mean <= -10% AND CI upper < 0] AND FAKE k=3 >= -2% (robustness only; does not replace the graded verdict),EXPLORATORY,33,rule MET (via OFF+SHR); OFF k3 -0.300 CI_hi -0.185; SHR k3 -0.299 CI_hi -0.203; FAKE k3 +0.645; SHR k1 -0.201 (secondary holds); graded=True
H4,H4R_nearcopy_OFF_k3,ES2,RF,"mean rel. RMSE change k=3, eval rows with a near copy (same key, 1e-4<rel.diff<=1e-2) in training removed",-0.34428636209999997,-0.5614667318066666,-0.14716720416750004,robustness (no threshold of its own),EXPLORATORY,10,median -0.317; frac improved 0.80; main-run value -0.344
H4,H4R_nearcopy_SHR_k3,ES2,RF,"mean rel. RMSE change k=3, eval rows with a near copy (same key, 1e-4<rel.diff<=1e-2) in training removed",-0.34772589556333333,-0.54959169009925,-0.16301895679941672,robustness (no threshold of its own),EXPLORATORY,10,median -0.329; frac improved 0.80; main-run value -0.348
H4,H4R_nearcopy_FAKE_k3,ES2,RF,"mean rel. RMSE change k=3, eval rows with a near copy (same key, 1e-4<rel.diff<=1e-2) in training removed",0.8297357638333333,0.36308207258166664,1.4196806462291656,robustness (no threshold of its own),EXPLORATORY,10,median +0.655; frac improved 0.10; main-run value +0.830
H4,H4R_nearcopy_rule,ES2,RF,"PREREG rule re-evaluated: eval rows with a near copy (same key, 1e-4<rel.diff<=1e-2) in training removed",-0.34772589556333333,,,PREREG H4 rule re-applied unchanged: [OFF or SHR k=3 mean <= -10% AND CI upper < 0] AND FAKE k=3 >= -2% (robustness only; does not replace the graded verdict),EXPLORATORY,10,rule MET (via OFF+SHR); OFF k3 -0.344 CI_hi -0.147; SHR k3 -0.348 CI_hi -0.163; FAKE k3 +0.830; SHR k1 -0.264 (secondary holds); graded=True
H4,H4R_nearcopy_OFF_k3,DES_RHO,RF,"mean rel. RMSE change k=3, eval rows with a near copy (same key, 1e-4<rel.diff<=1e-2) in training removed",0.10139079866135314,0.027923666362776402,0.17679399155445127,robustness (no threshold of its own),EXPLORATORY,101,median +0.103; frac improved 0.23; main-run value +0.087
H4,H4R_nearcopy_SHR_k3,DES_RHO,RF,"mean rel. RMSE change k=3, eval rows with a near copy (same key, 1e-4<rel.diff<=1e-2) in training removed",0.005471611623168317,-0.040879465429050826,0.05078543241203431,robustness (no threshold of its own),EXPLORATORY,101,median +0.030; frac improved 0.34; main-run value -0.004
H4,H4R_nearcopy_FAKE_k3,DES_RHO,RF,"mean rel. RMSE change k=3, eval rows with a near copy (same key, 1e-4<rel.diff<=1e-2) in training removed",1.2353739382682685,0.9347903327223581,1.5933857894018095,robustness (no threshold of its own),EXPLORATORY,101,median +0.497; frac improved 0.04; main-run value +1.157
H4,H4R_nearcopy_rule,DES_RHO,RF,"PREREG rule re-evaluated: eval rows with a near copy (same key, 1e-4<rel.diff<=1e-2) in training removed",0.005471611623168317,,,PREREG H4 rule re-applied unchanged: [OFF or SHR k=3 mean <= -10% AND CI upper < 0] AND FAKE k=3 >= -2% (robustness only; does not replace the graded verdict),EXPLORATORY,101,rule NOT met (via none); OFF k3 +0.101 CI_hi +0.177; SHR k3 +0.005 CI_hi +0.051; FAKE k3 +1.235; SHR k1 +0.010 (secondary fails); graded=True
H4,H4R_nearcopy_OFF_k3,DES_ETA,RF,"mean rel. RMSE change k=3, eval rows with a near copy (same key, 1e-4<rel.diff<=1e-2) in training removed",-0.15000344695999998,-0.2158984381458713,-0.08446395003063295,robustness (no threshold of its own),EXPLORATORY,79,median -0.087; frac improved 0.58; main-run value -0.149
H4,H4R_nearcopy_SHR_k3,DES_ETA,RF,"mean rel. RMSE change k=3, eval rows with a near copy (same key, 1e-4<rel.diff<=1e-2) in training removed",-0.17120324130172992,-0.23179609503272888,-0.1101298393348629,robustness (no threshold of its own),EXPLORATORY,79,median -0.109; frac improved 0.65; main-run value -0.171
H4,H4R_nearcopy_FAKE_k3,DES_ETA,RF,"mean rel. RMSE change k=3, eval rows with a near copy (same key, 1e-4<rel.diff<=1e-2) in training removed",1.0781776465548523,0.7638423238905803,1.4304624836805062,robustness (no threshold of its own),EXPLORATORY,79,median +0.542; frac improved 0.04; main-run value +1.104
H4,H4R_nearcopy_rule,DES_ETA,RF,"PREREG rule re-evaluated: eval rows with a near copy (same key, 1e-4<rel.diff<=1e-2) in training removed",-0.17120324130172992,,,PREREG H4 rule re-applied unchanged: [OFF or SHR k=3 mean <= -10% AND CI upper < 0] AND FAKE k=3 >= -2% (robustness only; does not replace the graded verdict),EXPLORATORY,79,rule MET (via OFF+SHR); OFF k3 -0.150 CI_hi -0.084; SHR k3 -0.171 CI_hi -0.110; FAKE k3 +1.078; SHR k1 -0.099 (secondary holds); graded=True
H4,H4R_nearcopy_OFF_k3,DES_MP,RF,"mean rel. RMSE change k=3, eval rows with a near copy (same key, 1e-4<rel.diff<=1e-2) in training removed",-0.14100084246154931,-0.21033132080224176,-0.0745550448898791,robustness (no threshold of its own),EXPLORATORY,71,median -0.087; frac improved 0.62; main-run value -0.145
H4,H4R_nearcopy_SHR_k3,DES_MP,RF,"mean rel. RMSE change k=3, eval rows with a near copy (same key, 1e-4<rel.diff<=1e-2) in training removed",-0.16832785877727693,-0.2276077528731643,-0.11118477864751178,robustness (no threshold of its own),EXPLORATORY,71,median -0.140; frac improved 0.66; main-run value -0.171
H4,H4R_nearcopy_FAKE_k3,DES_MP,RF,"mean rel. RMSE change k=3, eval rows with a near copy (same key, 1e-4<rel.diff<=1e-2) in training removed",1.063615411777371,0.627461926470317,1.62347268976761,robustness (no threshold of its own),EXPLORATORY,71,median +0.373; frac improved 0.07; main-run value +1.013
H4,H4R_nearcopy_rule,DES_MP,RF,"PREREG rule re-evaluated: eval rows with a near copy (same key, 1e-4<rel.diff<=1e-2) in training removed",-0.16832785877727693,,,PREREG H4 rule re-applied unchanged: [OFF or SHR k=3 mean <= -10% AND CI upper < 0] AND FAKE k=3 >= -2% (robustness only; does not replace the graded verdict),EXPLORATORY,71,rule MET (via OFF+SHR); OFF k3 -0.141 CI_hi -0.075; SHR k3 -0.168 CI_hi -0.111; FAKE k3 +1.064; SHR k1 -0.103 (secondary holds); graded=True
H4,H4R_nearcopy_OFF_k3,IL_CELL,RF,"mean rel. RMSE change k=3, eval rows with a near copy (same key, 1e-4<rel.diff<=1e-2) in training removed",-0.1830768268175439,-0.3372808312460527,-0.04925996535030706,robustness (no threshold of its own),EXPLORATORY,19,median -0.013; frac improved 0.53; main-run value -0.183
H4,H4R_nearcopy_SHR_k3,IL_CELL,RF,"mean rel. RMSE change k=3, eval rows with a near copy (same key, 1e-4<rel.diff<=1e-2) in training removed",-0.18449353023421047,-0.28776011895410086,-0.09341326164326756,robustness (no threshold of its own),EXPLORATORY,19,median -0.100; frac improved 0.84; main-run value -0.184
H4,H4R_nearcopy_FAKE_k3,IL_CELL,RF,"mean rel. RMSE change k=3, eval rows with a near copy (same key, 1e-4<rel.diff<=1e-2) in training removed",0.8814062641385966,0.25043725284877194,1.8378738579543843,robustness (no threshold of its own),EXPLORATORY,19,median +0.188; frac improved 0.05; main-run value +0.881
H4,H4R_nearcopy_rule,IL_CELL,RF,"PREREG rule re-evaluated: eval rows with a near copy (same key, 1e-4<rel.diff<=1e-2) in training removed",-0.18449353023421047,,,PREREG H4 rule re-applied unchanged: [OFF or SHR k=3 mean <= -10% AND CI upper < 0] AND FAKE k=3 >= -2% (robustness only; does not replace the graded verdict),EXPLORATORY,19,rule MET (via OFF+SHR); OFF k3 -0.183 CI_hi -0.049; SHR k3 -0.184 CI_hi -0.093; FAKE k3 +0.881; SHR k1 -0.105 (secondary holds); graded=True
H4,H4R_nearcopy_OFF_k3,DYE,RF,"mean rel. RMSE change k=3, eval rows with a near copy (same key, 1e-4<rel.diff<=1e-2) in training removed",-0.22363036533999997,-0.6235850425,0.07673900845333334,robustness (no threshold of its own),EXPLORATORY,4,median -0.119; frac improved 0.75; main-run value -0.224
H4,H4R_nearcopy_SHR_k3,DYE,RF,"mean rel. RMSE change k=3, eval rows with a near copy (same key, 1e-4<rel.diff<=1e-2) in training removed",-0.19627522239166664,-0.4572046825,0.029205638550000003,robustness (no threshold of its own),EXPLORATORY,4,median -0.149; frac improved 0.75; main-run value -0.196
H4,H4R_nearcopy_FAKE_k3,DYE,RF,"mean rel. RMSE change k=3, eval rows with a near copy (same key, 1e-4<rel.diff<=1e-2) in training removed",0.2407217175,0.1109841925,0.39467025333333333,robustness (no threshold of its own),EXPLORATORY,4,median +0.217; frac improved 0.00; main-run value +0.241
H4,H4R_nearcopy_rule,DYE,RF,"PREREG rule re-evaluated: eval rows with a near copy (same key, 1e-4<rel.diff<=1e-2) in training removed",-0.22363036533999997,,,PREREG H4 rule re-applied unchanged: [OFF or SHR k=3 mean <= -10% AND CI upper < 0] AND FAKE k=3 >= -2% (robustness only; does not replace the graded verdict),EXPLORATORY,4,rule NOT met (via none); OFF k3 -0.224 CI_hi +0.077; SHR k3 -0.196 CI_hi +0.029; FAKE k3 +0.241; SHR k1 -0.078 (secondary holds); graded=False
H4,H4R_nearcopy_overall,ALL(6 graded),,"number of graded datasets meeting the rule: eval rows with a near copy (same key, 1e-4<rel.diff<=1e-2) in training removed",5,,,">= 4 of 6 (PREREG overall rule, robustness only)",EXPLORATORY,6,would be PASS; secondary SHR k1 <= 0 holds in 5/6
H4,H4R_twin_nearcopy_OFF_k3,ES1,RF,"mean rel. RMSE change k=3, twin-disjoint AND near-copy rows removed",-0.21468356297277777,-0.3186517072100833,-0.11400737852009724,robustness (no threshold of its own),EXPLORATORY,30,median -0.166; frac improved 0.70; main-run value -0.300
H4,H4R_twin_nearcopy_SHR_k3,ES1,RF,"mean rel. RMSE change k=3, twin-disjoint AND near-copy rows removed",-0.23882557924055556,-0.3296402632708333,-0.14974360988108343,robustness (no threshold of its own),EXPLORATORY,30,median -0.204; frac improved 0.83; main-run value -0.299
H4,H4R_twin_nearcopy_FAKE_k3,ES1,RF,"mean rel. RMSE change k=3, twin-disjoint AND near-copy rows removed",0.5764780017937778,0.36924125579813605,0.8025576035725166,robustness (no threshold of its own),EXPLORATORY,30,median +0.326; frac improved 0.03; main-run value +0.643
H4,H4R_twin_nearcopy_rule,ES1,RF,PREREG rule re-evaluated: twin-disjoint AND near-copy rows removed,-0.23882557924055556,,,PREREG H4 rule re-applied unchanged: [OFF or SHR k=3 mean <= -10% AND CI upper < 0] AND FAKE k=3 >= -2% (robustness only; does not replace the graded verdict),EXPLORATORY,30,rule MET (via OFF+SHR); OFF k3 -0.215 CI_hi -0.114; SHR k3 -0.239 CI_hi -0.150; FAKE k3 +0.576; SHR k1 -0.161 (secondary holds); graded=True
H4,H4R_twin_nearcopy_OFF_k3,ES2,RF,"mean rel. RMSE change k=3, twin-disjoint AND near-copy rows removed",-0.3442206321,-0.5613311228858333,-0.14722383075083342,robustness (no threshold of its own),EXPLORATORY,10,median -0.318; frac improved 0.80; main-run value -0.344
H4,H4R_twin_nearcopy_SHR_k3,ES2,RF,"mean rel. RMSE change k=3, twin-disjoint AND near-copy rows removed",-0.34767501556333336,-0.54945037234925,-0.16298541371516675,robustness (no threshold of its own),EXPLORATORY,10,median -0.329; frac improved 0.80; main-run value -0.348
H4,H4R_twin_nearcopy_FAKE_k3,ES2,RF,"mean rel. RMSE change k=3, twin-disjoint AND near-copy rows removed",0.8297855754999999,0.36301818893166665,1.419750955887499,robustness (no threshold of its own),EXPLORATORY,10,median +0.655; frac improved 0.10; main-run value +0.830
H4,H4R_twin_nearcopy_rule,ES2,RF,PREREG rule re-evaluated: twin-disjoint AND near-copy rows removed,-0.34767501556333336,,,PREREG H4 rule re-applied unchanged: [OFF or SHR k=3 mean <= -10% AND CI upper < 0] AND FAKE k=3 >= -2% (robustness only; does not replace the graded verdict),EXPLORATORY,10,rule MET (via OFF+SHR); OFF k3 -0.344 CI_hi -0.147; SHR k3 -0.348 CI_hi -0.163; FAKE k3 +0.830; SHR k1 -0.264 (secondary holds); graded=True
H4,H4R_twin_nearcopy_OFF_k3,DES_RHO,RF,"mean rel. RMSE change k=3, twin-disjoint AND near-copy rows removed",0.10142690909039605,0.027810820735612203,0.1769417493534612,robustness (no threshold of its own),EXPLORATORY,101,median +0.106; frac improved 0.23; main-run value +0.087
H4,H4R_twin_nearcopy_SHR_k3,DES_RHO,RF,"mean rel. RMSE change k=3, twin-disjoint AND near-copy rows removed",0.005506239685874586,-0.04094099409225215,0.05089175737800279,robustness (no threshold of its own),EXPLORATORY,101,median +0.030; frac improved 0.34; main-run value -0.004
H4,H4R_twin_nearcopy_FAKE_k3,DES_RHO,RF,"mean rel. RMSE change k=3, twin-disjoint AND near-copy rows removed",1.235360912832625,0.9346667579434803,1.5933272008560178,robustness (no threshold of its own),EXPLORATORY,101,median +0.497; frac improved 0.04; main-run value +1.157
H4,H4R_twin_nearcopy_rule,DES_RHO,RF,PREREG rule re-evaluated: twin-disjoint AND near-copy rows removed,0.005506239685874586,,,PREREG H4 rule re-applied unchanged: [OFF or SHR k=3 mean <= -10% AND CI upper < 0] AND FAKE k=3 >= -2% (robustness only; does not replace the graded verdict),EXPLORATORY,101,rule NOT met (via none); OFF k3 +0.101 CI_hi +0.177; SHR k3 +0.006 CI_hi +0.051; FAKE k3 +1.235; SHR k1 +0.010 (secondary fails); graded=True
H4,H4R_twin_nearcopy_OFF_k3,DES_ETA,RF,"mean rel. RMSE change k=3, twin-disjoint AND near-copy rows removed",-0.14985441671949365,-0.2158408362171793,-0.08431356437345995,robustness (no threshold of its own),EXPLORATORY,79,median -0.087; frac improved 0.58; main-run value -0.149
H4,H4R_twin_nearcopy_SHR_k3,DES_ETA,RF,"mean rel. RMSE change k=3, twin-disjoint AND near-copy rows removed",-0.17107870995742616,-0.2317170079546909,-0.10996186303467301,robustness (no threshold of its own),EXPLORATORY,79,median -0.109; frac improved 0.65; main-run value -0.171
H4,H4R_twin_nearcopy_FAKE_k3,DES_ETA,RF,"mean rel. RMSE change k=3, twin-disjoint AND near-copy rows removed",1.0781797963902955,0.7638816570545676,1.4304066094273418,robustness (no threshold of its own),EXPLORATORY,79,median +0.542; frac improved 0.04; main-run value +1.104
H4,H4R_twin_nearcopy_rule,DES_ETA,RF,PREREG rule re-evaluated: twin-disjoint AND near-copy rows removed,-0.17107870995742616,,,PREREG H4 rule re-applied unchanged: [OFF or SHR k=3 mean <= -10% AND CI upper < 0] AND FAKE k=3 >= -2% (robustness only; does not replace the graded verdict),EXPLORATORY,79,rule MET (via OFF+SHR); OFF k3 -0.150 CI_hi -0.084; SHR k3 -0.171 CI_hi -0.110; FAKE k3 +1.078; SHR k1 -0.099 (secondary holds); graded=True
H4,H4R_twin_nearcopy_OFF_k3,DES_MP,RF,"mean rel. RMSE change k=3, twin-disjoint AND near-copy rows removed",-0.08562396159206574,-0.17347768316815843,0.012293890794262892,robustness (no threshold of its own),EXPLORATORY,71,median -0.048; frac improved 0.58; main-run value -0.145
H4,H4R_twin_nearcopy_SHR_k3,DES_MP,RF,"mean rel. RMSE change k=3, twin-disjoint AND near-copy rows removed",-0.1263383385395305,-0.20129230846351176,-0.04724304707903069,robustness (no threshold of its own),EXPLORATORY,71,median -0.084; frac improved 0.63; main-run value -0.171
H4,H4R_twin_nearcopy_FAKE_k3,DES_MP,RF,"mean rel. RMSE change k=3, twin-disjoint AND near-copy rows removed",1.107366550847418,0.6614304786261149,1.6902302811351286,robustness (no threshold of its own),EXPLORATORY,71,median +0.409; frac improved 0.07; main-run value +1.013
H4,H4R_twin_nearcopy_rule,DES_MP,RF,PREREG rule re-evaluated: twin-disjoint AND near-copy rows removed,-0.1263383385395305,,,PREREG H4 rule re-applied unchanged: [OFF or SHR k=3 mean <= -10% AND CI upper < 0] AND FAKE k=3 >= -2% (robustness only; does not replace the graded verdict),EXPLORATORY,71,rule MET (via SHR); OFF k3 -0.086 CI_hi +0.012; SHR k3 -0.126 CI_hi -0.047; FAKE k3 +1.107; SHR k1 -0.094 (secondary holds); graded=True
H4,H4R_twin_nearcopy_OFF_k3,IL_CELL,RF,"mean rel. RMSE change k=3, twin-disjoint AND near-copy rows removed",-0.18579039751929824,-0.3380551422900439,-0.05229016788820179,robustness (no threshold of its own),EXPLORATORY,19,median -0.064; frac improved 0.53; main-run value -0.183
H4,H4R_twin_nearcopy_SHR_k3,IL_CELL,RF,"mean rel. RMSE change k=3, twin-disjoint AND near-copy rows removed",-0.1866063819885965,-0.28996943450817986,-0.09387500778493425,robustness (no threshold of its own),EXPLORATORY,19,median -0.124; frac improved 0.84; main-run value -0.184
H4,H4R_twin_nearcopy_FAKE_k3,IL_CELL,RF,"mean rel. RMSE change k=3, twin-disjoint AND near-copy rows removed",0.881089500454386,0.24870525009842104,1.8521016742877183,robustness (no threshold of its own),EXPLORATORY,19,median +0.188; frac improved 0.05; main-run value +0.881
H4,H4R_twin_nearcopy_rule,IL_CELL,RF,PREREG rule re-evaluated: twin-disjoint AND near-copy rows removed,-0.1866063819885965,,,PREREG H4 rule re-applied unchanged: [OFF or SHR k=3 mean <= -10% AND CI upper < 0] AND FAKE k=3 >= -2% (robustness only; does not replace the graded verdict),EXPLORATORY,19,rule MET (via OFF+SHR); OFF k3 -0.186 CI_hi -0.052; SHR k3 -0.187 CI_hi -0.094; FAKE k3 +0.881; SHR k1 -0.105 (secondary holds); graded=True
H4,H4R_twin_nearcopy_OFF_k3,DYE,RF,"mean rel. RMSE change k=3, twin-disjoint AND near-copy rows removed",-0.22363036533999997,-0.6235850425,0.07673900845333334,robustness (no threshold of its own),EXPLORATORY,4,median -0.119; frac improved 0.75; main-run value -0.224
H4,H4R_twin_nearcopy_SHR_k3,DYE,RF,"mean rel. RMSE change k=3, twin-disjoint AND near-copy rows removed",-0.19627522239166664,-0.4572046825,0.029205638550000003,robustness (no threshold of its own),EXPLORATORY,4,median -0.149; frac improved 0.75; main-run value -0.196
H4,H4R_twin_nearcopy_FAKE_k3,DYE,RF,"mean rel. RMSE change k=3, twin-disjoint AND near-copy rows removed",0.2407217175,0.1109841925,0.39467025333333333,robustness (no threshold of its own),EXPLORATORY,4,median +0.217; frac improved 0.00; main-run value +0.241
H4,H4R_twin_nearcopy_rule,DYE,RF,PREREG rule re-evaluated: twin-disjoint AND near-copy rows removed,-0.22363036533999997,,,PREREG H4 rule re-applied unchanged: [OFF or SHR k=3 mean <= -10% AND CI upper < 0] AND FAKE k=3 >= -2% (robustness only; does not replace the graded verdict),EXPLORATORY,4,rule NOT met (via none); OFF k3 -0.224 CI_hi +0.077; SHR k3 -0.196 CI_hi +0.029; FAKE k3 +0.241; SHR k1 -0.078 (secondary holds); graded=False
H4,H4R_twin_nearcopy_overall,ALL(6 graded),,number of graded datasets meeting the rule: twin-disjoint AND near-copy rows removed,5,,,">= 4 of 6 (PREREG overall rule, robustness only)",EXPLORATORY,6,would be PASS; secondary SHR k1 <= 0 holds in 5/6
H4,H4R_seed5avg_OFF_k3,ES1,RF,"mean rel. RMSE change k=3, RF, per-source changes averaged over seeds 0-4 (PREREG common protocol: 5 seeds)",-0.3108145871930478,-0.432910891477593,-0.197477975388298,robustness (no threshold of its own),EXPLORATORY,33,median -0.236; frac improved 0.85; main-run value -0.300
H4,H4R_seed5avg_SHR_k3,ES1,RF,"mean rel. RMSE change k=3, RF, per-source changes averaged over seeds 0-4 (PREREG common protocol: 5 seeds)",-0.3079425502522269,-0.40495374997693984,-0.21084192331556895,robustness (no threshold of its own),EXPLORATORY,33,median -0.268; frac improved 0.85; main-run value -0.299
H4,H4R_seed5avg_FAKE_k3,ES1,RF,"mean rel. RMSE change k=3, RF, per-source changes averaged over seeds 0-4 (PREREG common protocol: 5 seeds)",0.7232541413018176,0.46109012218536327,1.0272550792278463,robustness (no threshold of its own),EXPLORATORY,33,median +0.321; frac improved 0.00; main-run value +0.643
H4,H4R_seed5avg_rule,ES1,RF,"PREREG rule re-evaluated: RF, per-source changes averaged over seeds 0-4 (PREREG common protocol: 5 seeds)",-0.3108145871930478,,,PREREG H4 rule re-applied unchanged: [OFF or SHR k=3 mean <= -10% AND CI upper < 0] AND FAKE k=3 >= -2% (robustness only; does not replace the graded verdict),EXPLORATORY,33,rule MET (via OFF+SHR); OFF k3 -0.311 CI_hi -0.197; SHR k3 -0.308 CI_hi -0.211; FAKE k3 +0.723; SHR k1 -0.206 (secondary holds); graded=True
H4,H4R_seed5avg_OFF_k3,ES2,RF,"mean rel. RMSE change k=3, RF, per-source changes averaged over seeds 0-4 (PREREG common protocol: 5 seeds)",-0.3296869160358866,-0.5490002373654402,-0.12519834175533834,robustness (no threshold of its own),EXPLORATORY,10,median -0.319; frac improved 0.70; main-run value -0.344
H4,H4R_seed5avg_SHR_k3,ES2,RF,"mean rel. RMSE change k=3, RF, per-source changes averaged over seeds 0-4 (PREREG common protocol: 5 seeds)",-0.33789405970107633,-0.5462712402801584,-0.1445361139124932,robustness (no threshold of its own),EXPLORATORY,10,median -0.332; frac improved 0.70; main-run value -0.348
H4,H4R_seed5avg_FAKE_k3,ES2,RF,"mean rel. RMSE change k=3, RF, per-source changes averaged over seeds 0-4 (PREREG common protocol: 5 seeds)",0.7145907184401586,0.31303337149162413,1.2091289959992462,robustness (no threshold of its own),EXPLORATORY,10,median +0.453; frac improved 0.00; main-run value +0.830
H4,H4R_seed5avg_rule,ES2,RF,"PREREG rule re-evaluated: RF, per-source changes averaged over seeds 0-4 (PREREG common protocol: 5 seeds)",-0.33789405970107633,,,PREREG H4 rule re-applied unchanged: [OFF or SHR k=3 mean <= -10% AND CI upper < 0] AND FAKE k=3 >= -2% (robustness only; does not replace the graded verdict),EXPLORATORY,10,rule MET (via OFF+SHR); OFF k3 -0.330 CI_hi -0.125; SHR k3 -0.338 CI_hi -0.145; FAKE k3 +0.715; SHR k1 -0.251 (secondary holds); graded=True
H4,H4R_seed5avg_OFF_k3,DES_RHO,RF,"mean rel. RMSE change k=3, RF, per-source changes averaged over seeds 0-4 (PREREG common protocol: 5 seeds)",0.09193281119014717,0.029795937931919064,0.15207542529617527,robustness (no threshold of its own),EXPLORATORY,101,median +0.119; frac improved 0.23; main-run value +0.087
H4,H4R_seed5avg_SHR_k3,DES_RHO,RF,"mean rel. RMSE change k=3, RF, per-source changes averaged over seeds 0-4 (PREREG common protocol: 5 seeds)",0.0016233584482160967,-0.03853786238295322,0.03929244532210307,robustness (no threshold of its own),EXPLORATORY,101,median +0.045; frac improved 0.40; main-run value -0.004
H4,H4R_seed5avg_FAKE_k3,DES_RHO,RF,"mean rel. RMSE change k=3, RF, per-source changes averaged over seeds 0-4 (PREREG common protocol: 5 seeds)",1.1636409576862283,0.9306754465517763,1.4551859435000705,robustness (no threshold of its own),EXPLORATORY,101,median +0.768; frac improved 0.02; main-run value +1.157
H4,H4R_seed5avg_rule,DES_RHO,RF,"PREREG rule re-evaluated: RF, per-source changes averaged over seeds 0-4 (PREREG common protocol: 5 seeds)",0.0016233584482160967,,,PREREG H4 rule re-applied unchanged: [OFF or SHR k=3 mean <= -10% AND CI upper < 0] AND FAKE k=3 >= -2% (robustness only; does not replace the graded verdict),EXPLORATORY,101,rule NOT met (via none); OFF k3 +0.092 CI_hi +0.152; SHR k3 +0.002 CI_hi +0.039; FAKE k3 +1.164; SHR k1 +0.011 (secondary fails); graded=True
H4,H4R_seed5avg_OFF_k3,DES_ETA,RF,"mean rel. RMSE change k=3, RF, per-source changes averaged over seeds 0-4 (PREREG common protocol: 5 seeds)",-0.14806860845771838,-0.21316470750515207,-0.08398262543326139,robustness (no threshold of its own),EXPLORATORY,79,median -0.064; frac improved 0.54; main-run value -0.149
H4,H4R_seed5avg_SHR_k3,DES_ETA,RF,"mean rel. RMSE change k=3, RF, per-source changes averaged over seeds 0-4 (PREREG common protocol: 5 seeds)",-0.16877092875085728,-0.22867807024154094,-0.10927290746816937,robustness (no threshold of its own),EXPLORATORY,79,median -0.093; frac improved 0.62; main-run value -0.171
H4,H4R_seed5avg_FAKE_k3,DES_ETA,RF,"mean rel. RMSE change k=3, RF, per-source changes averaged over seeds 0-4 (PREREG common protocol: 5 seeds)",1.0775153687598482,0.7530713753137257,1.448215297227044,robustness (no threshold of its own),EXPLORATORY,79,median +0.488; frac improved 0.03; main-run value +1.104
H4,H4R_seed5avg_rule,DES_ETA,RF,"PREREG rule re-evaluated: RF, per-source changes averaged over seeds 0-4 (PREREG common protocol: 5 seeds)",-0.16877092875085728,,,PREREG H4 rule re-applied unchanged: [OFF or SHR k=3 mean <= -10% AND CI upper < 0] AND FAKE k=3 >= -2% (robustness only; does not replace the graded verdict),EXPLORATORY,79,rule MET (via OFF+SHR); OFF k3 -0.148 CI_hi -0.084; SHR k3 -0.169 CI_hi -0.109; FAKE k3 +1.078; SHR k1 -0.091 (secondary holds); graded=True
H4,H4R_seed5avg_OFF_k3,DES_MP,RF,"mean rel. RMSE change k=3, RF, per-source changes averaged over seeds 0-4 (PREREG common protocol: 5 seeds)",-0.1428414792585208,-0.21018006691206373,-0.07757104557502405,robustness (no threshold of its own),EXPLORATORY,71,median -0.092; frac improved 0.62; main-run value -0.145
H4,H4R_seed5avg_SHR_k3,DES_MP,RF,"mean rel. RMSE change k=3, RF, per-source changes averaged over seeds 0-4 (PREREG common protocol: 5 seeds)",-0.1685154194292804,-0.22752369614553755,-0.10950182040990142,robustness (no threshold of its own),EXPLORATORY,71,median -0.122; frac improved 0.66; main-run value -0.171
H4,H4R_seed5avg_FAKE_k3,DES_MP,RF,"mean rel. RMSE change k=3, RF, per-source changes averaged over seeds 0-4 (PREREG common protocol: 5 seeds)",1.0345309589407845,0.6374478272593466,1.5628674525632056,robustness (no threshold of its own),EXPLORATORY,71,median +0.408; frac improved 0.01; main-run value +1.013
H4,H4R_seed5avg_rule,DES_MP,RF,"PREREG rule re-evaluated: RF, per-source changes averaged over seeds 0-4 (PREREG common protocol: 5 seeds)",-0.1685154194292804,,,PREREG H4 rule re-applied unchanged: [OFF or SHR k=3 mean <= -10% AND CI upper < 0] AND FAKE k=3 >= -2% (robustness only; does not replace the graded verdict),EXPLORATORY,71,rule MET (via OFF+SHR); OFF k3 -0.143 CI_hi -0.078; SHR k3 -0.169 CI_hi -0.110; FAKE k3 +1.035; SHR k1 -0.102 (secondary holds); graded=True
H4,H4R_seed5avg_OFF_k3,IL_CELL,RF,"mean rel. RMSE change k=3, RF, per-source changes averaged over seeds 0-4 (PREREG common protocol: 5 seeds)",-0.1776329315632678,-0.33762330006124974,-0.042328642386835084,robustness (no threshold of its own),EXPLORATORY,19,median -0.003; frac improved 0.53; main-run value -0.183
H4,H4R_seed5avg_SHR_k3,IL_CELL,RF,"mean rel. RMSE change k=3, RF, per-source changes averaged over seeds 0-4 (PREREG common protocol: 5 seeds)",-0.18021852651232328,-0.2803275104265139,-0.08870328045631605,robustness (no threshold of its own),EXPLORATORY,19,median -0.109; frac improved 0.84; main-run value -0.184
H4,H4R_seed5avg_FAKE_k3,IL_CELL,RF,"mean rel. RMSE change k=3, RF, per-source changes averaged over seeds 0-4 (PREREG common protocol: 5 seeds)",0.8833705014260032,0.2525770688286243,1.9026821361805286,robustness (no threshold of its own),EXPLORATORY,19,median +0.279; frac improved 0.00; main-run value +0.881
H4,H4R_seed5avg_rule,IL_CELL,RF,"PREREG rule re-evaluated: RF, per-source changes averaged over seeds 0-4 (PREREG common protocol: 5 seeds)",-0.18021852651232328,,,PREREG H4 rule re-applied unchanged: [OFF or SHR k=3 mean <= -10% AND CI upper < 0] AND FAKE k=3 >= -2% (robustness only; does not replace the graded verdict),EXPLORATORY,19,rule MET (via OFF+SHR); OFF k3 -0.178 CI_hi -0.042; SHR k3 -0.180 CI_hi -0.089; FAKE k3 +0.883; SHR k1 -0.100 (secondary holds); graded=True
H4,H4R_seed5avg_OFF_k3,DYE,RF,"mean rel. RMSE change k=3, RF, per-source changes averaged over seeds 0-4 (PREREG common protocol: 5 seeds)",-0.20423863309603738,-0.6177012058406358,0.11116355210988015,robustness (no threshold of its own),EXPLORATORY,4,median -0.101; frac improved 0.50; main-run value -0.224
H4,H4R_seed5avg_SHR_k3,DYE,RF,"mean rel. RMSE change k=3, RF, per-source changes averaged over seeds 0-4 (PREREG common protocol: 5 seeds)",-0.17743975624284447,-0.44382142679976466,0.054096438502784394,robustness (no threshold of its own),EXPLORATORY,4,median -0.131; frac improved 0.75; main-run value -0.196
H4,H4R_seed5avg_FAKE_k3,DYE,RF,"mean rel. RMSE change k=3, RF, per-source changes averaged over seeds 0-4 (PREREG common protocol: 5 seeds)",0.25414036263624595,0.1149927054919202,0.3928073816501827,robustness (no threshold of its own),EXPLORATORY,4,median +0.255; frac improved 0.00; main-run value +0.241
H4,H4R_seed5avg_rule,DYE,RF,"PREREG rule re-evaluated: RF, per-source changes averaged over seeds 0-4 (PREREG common protocol: 5 seeds)",-0.20423863309603738,,,PREREG H4 rule re-applied unchanged: [OFF or SHR k=3 mean <= -10% AND CI upper < 0] AND FAKE k=3 >= -2% (robustness only; does not replace the graded verdict),EXPLORATORY,4,rule NOT met (via none); OFF k3 -0.204 CI_hi +0.111; SHR k3 -0.177 CI_hi +0.054; FAKE k3 +0.254; SHR k1 -0.075 (secondary holds); graded=False
H4,H4R_seed5avg_overall,ALL(6 graded),,"number of graded datasets meeting the rule: RF, per-source changes averaged over seeds 0-4 (PREREG common protocol: 5 seeds)",5,,,">= 4 of 6 (PREREG overall rule, robustness only)",EXPLORATORY,6,would be PASS; secondary SHR k1 <= 0 holds in 5/6
H4,H4R_GB_OFF_k3,ES1,GB,"mean rel. RMSE change k=3, HistGB base model (robustness model class)",-0.350613585752067,-0.47504478255285654,-0.22805718652740042,robustness (no threshold of its own),EXPLORATORY,33,median -0.393; frac improved 0.79; main-run value -0.300
H4,H4R_GB_SHR_k3,ES1,GB,"mean rel. RMSE change k=3, HistGB base model (robustness model class)",-0.3471230311691919,-0.45770599947205975,-0.2396869815314466,robustness (no threshold of its own),EXPLORATORY,33,median -0.397; frac improved 0.82; main-run value -0.299
H4,H4R_GB_FAKE_k3,ES1,GB,"mean rel. RMSE change k=3, HistGB base model (robustness model class)",0.6646032055968755,0.4180832548983209,0.9651497833312981,robustness (no threshold of its own),EXPLORATORY,33,median +0.302; frac improved 0.03; main-run value +0.643
H4,H4R_GB_rule,ES1,GB,PREREG rule re-evaluated: HistGB base model (robustness model class),-0.350613585752067,,,PREREG H4 rule re-applied unchanged: [OFF or SHR k=3 mean <= -10% AND CI upper < 0] AND FAKE k=3 >= -2% (robustness only; does not replace the graded verdict),EXPLORATORY,33,rule MET (via OFF+SHR); OFF k3 -0.351 CI_hi -0.228; SHR k3 -0.347 CI_hi -0.240; FAKE k3 +0.665; SHR k1 -0.245 (secondary holds); graded=True
H4,H4R_GB_OFF_k3,ES2,GB,"mean rel. RMSE change k=3, HistGB base model (robustness model class)",-0.4276259109860395,-0.632868189961853,-0.21568068404764948,robustness (no threshold of its own),EXPLORATORY,10,median -0.422; frac improved 0.80; main-run value -0.344
H4,H4R_GB_SHR_k3,ES2,GB,"mean rel. RMSE change k=3, HistGB base model (robustness model class)",-0.43292978508428803,-0.6291179822981336,-0.22875739876588125,robustness (no threshold of its own),EXPLORATORY,10,median -0.428; frac improved 0.80; main-run value -0.348
H4,H4R_GB_FAKE_k3,ES2,GB,"mean rel. RMSE change k=3, HistGB base model (robustness model class)",0.7064528279931483,0.24366862553346005,1.219401942497839,robustness (no threshold of its own),EXPLORATORY,10,median +0.409; frac improved 0.20; main-run value +0.830
H4,H4R_GB_rule,ES2,GB,PREREG rule re-evaluated: HistGB base model (robustness model class),-0.43292978508428803,,,PREREG H4 rule re-applied unchanged: [OFF or SHR k=3 mean <= -10% AND CI upper < 0] AND FAKE k=3 >= -2% (robustness only; does not replace the graded verdict),EXPLORATORY,10,rule MET (via OFF+SHR); OFF k3 -0.428 CI_hi -0.216; SHR k3 -0.433 CI_hi -0.229; FAKE k3 +0.706; SHR k1 -0.348 (secondary holds); graded=True
H4,H4R_GB_OFF_k3,DES_RHO,GB,"mean rel. RMSE change k=3, HistGB base model (robustness model class)",0.09041783527758217,0.027154129402248373,0.155440208523567,robustness (no threshold of its own),EXPLORATORY,101,median +0.127; frac improved 0.27; main-run value +0.087
H4,H4R_GB_SHR_k3,DES_RHO,GB,"mean rel. RMSE change k=3, HistGB base model (robustness model class)",-0.009306184961931929,-0.04580817674176278,0.026086709949373243,robustness (no threshold of its own),EXPLORATORY,101,median +0.033; frac improved 0.42; main-run value -0.004
H4,H4R_GB_FAKE_k3,DES_RHO,GB,"mean rel. RMSE change k=3, HistGB base model (robustness model class)",0.9845782848712065,0.7984511385853561,1.1873280493788547,robustness (no threshold of its own),EXPLORATORY,101,median +0.716; frac improved 0.02; main-run value +1.157
H4,H4R_GB_rule,DES_RHO,GB,PREREG rule re-evaluated: HistGB base model (robustness model class),-0.009306184961931929,,,PREREG H4 rule re-applied unchanged: [OFF or SHR k=3 mean <= -10% AND CI upper < 0] AND FAKE k=3 >= -2% (robustness only; does not replace the graded verdict),EXPLORATORY,101,rule NOT met (via none); OFF k3 +0.090 CI_hi +0.155; SHR k3 -0.009 CI_hi +0.026; FAKE k3 +0.985; SHR k1 -0.006 (secondary holds); graded=True
H4,H4R_GB_OFF_k3,DES_ETA,GB,"mean rel. RMSE change k=3, HistGB base model (robustness model class)",-0.12446307257533035,-0.1928037384707689,-0.059171799067634374,robustness (no threshold of its own),EXPLORATORY,79,median -0.052; frac improved 0.53; main-run value -0.149
H4,H4R_GB_SHR_k3,DES_ETA,GB,"mean rel. RMSE change k=3, HistGB base model (robustness model class)",-0.14967392268757101,-0.21247660604883975,-0.09038668032856251,robustness (no threshold of its own),EXPLORATORY,79,median -0.077; frac improved 0.58; main-run value -0.171
H4,H4R_GB_FAKE_k3,DES_ETA,GB,"mean rel. RMSE change k=3, HistGB base model (robustness model class)",0.9947097500521688,0.6905905322857699,1.354731501039826,robustness (no threshold of its own),EXPLORATORY,79,median +0.454; frac improved 0.04; main-run value +1.104
H4,H4R_GB_rule,DES_ETA,GB,PREREG rule re-evaluated: HistGB base model (robustness model class),-0.14967392268757101,,,PREREG H4 rule re-applied unchanged: [OFF or SHR k=3 mean <= -10% AND CI upper < 0] AND FAKE k=3 >= -2% (robustness only; does not replace the graded verdict),EXPLORATORY,79,rule MET (via OFF+SHR); OFF k3 -0.124 CI_hi -0.059; SHR k3 -0.150 CI_hi -0.090; FAKE k3 +0.995; SHR k1 -0.080 (secondary holds); graded=True
H4,H4R_GB_OFF_k3,DES_MP,GB,"mean rel. RMSE change k=3, HistGB base model (robustness model class)",-0.10698320030170823,-0.16857687115845185,-0.046212251830777956,robustness (no threshold of its own),EXPLORATORY,71,median -0.041; frac improved 0.59; main-run value -0.145
H4,H4R_GB_SHR_k3,DES_MP,GB,"mean rel. RMSE change k=3, HistGB base model (robustness model class)",-0.13982082021844616,-0.19423726055786456,-0.08551860588645521,robustness (no threshold of its own),EXPLORATORY,71,median -0.092; frac improved 0.63; main-run value -0.171
H4,H4R_GB_FAKE_k3,DES_MP,GB,"mean rel. RMSE change k=3, HistGB base model (robustness model class)",0.9358999615304036,0.6545068003342565,1.2482382160728462,robustness (no threshold of its own),EXPLORATORY,71,median +0.410; frac improved 0.03; main-run value +1.013
H4,H4R_GB_rule,DES_MP,GB,PREREG rule re-evaluated: HistGB base model (robustness model class),-0.13982082021844616,,,PREREG H4 rule re-applied unchanged: [OFF or SHR k=3 mean <= -10% AND CI upper < 0] AND FAKE k=3 >= -2% (robustness only; does not replace the graded verdict),EXPLORATORY,71,rule MET (via OFF+SHR); OFF k3 -0.107 CI_hi -0.046; SHR k3 -0.140 CI_hi -0.086; FAKE k3 +0.936; SHR k1 -0.075 (secondary holds); graded=True
H4,H4R_GB_OFF_k3,IL_CELL,GB,"mean rel. RMSE change k=3, HistGB base model (robustness model class)",-0.08538491068680502,-0.19143730086139107,0.004540768914142697,robustness (no threshold of its own),EXPLORATORY,19,median -0.064; frac improved 0.53; main-run value -0.183
H4,H4R_GB_SHR_k3,IL_CELL,GB,"mean rel. RMSE change k=3, HistGB base model (robustness model class)",-0.12319028226705407,-0.1899099586676077,-0.06420237115297109,robustness (no threshold of its own),EXPLORATORY,19,median -0.090; frac improved 0.79; main-run value -0.184
H4,H4R_GB_FAKE_k3,IL_CELL,GB,"mean rel. RMSE change k=3, HistGB base model (robustness model class)",0.4912728276585196,0.22535384806223566,0.9141806647232451,robustness (no threshold of its own),EXPLORATORY,19,median +0.254; frac improved 0.00; main-run value +0.881
H4,H4R_GB_rule,IL_CELL,GB,PREREG rule re-evaluated: HistGB base model (robustness model class),-0.12319028226705407,,,PREREG H4 rule re-applied unchanged: [OFF or SHR k=3 mean <= -10% AND CI upper < 0] AND FAKE k=3 >= -2% (robustness only; does not replace the graded verdict),EXPLORATORY,19,rule MET (via SHR); OFF k3 -0.085 CI_hi +0.005; SHR k3 -0.123 CI_hi -0.064; FAKE k3 +0.491; SHR k1 -0.071 (secondary holds); graded=True
H4,H4R_GB_OFF_k3,DYE,GB,"mean rel. RMSE change k=3, HistGB base model (robustness model class)",-0.2198760570442777,-0.585906788477794,0.07630918143919742,robustness (no threshold of its own),EXPLORATORY,4,median -0.131; frac improved 0.75; main-run value -0.224
H4,H4R_GB_SHR_k3,DYE,GB,"mean rel. RMSE change k=3, HistGB base model (robustness model class)",-0.16732804801555334,-0.35680569444155597,0.022149598410449237,robustness (no threshold of its own),EXPLORATORY,4,median -0.165; frac improved 0.75; main-run value -0.196
H4,H4R_GB_FAKE_k3,DYE,GB,"mean rel. RMSE change k=3, HistGB base model (robustness model class)",0.1517644689944322,0.0866693232149628,0.2083901257669275,robustness (no threshold of its own),EXPLORATORY,4,median +0.160; frac improved 0.00; main-run value +0.241
H4,H4R_GB_rule,DYE,GB,PREREG rule re-evaluated: HistGB base model (robustness model class),-0.2198760570442777,,,PREREG H4 rule re-applied unchanged: [OFF or SHR k=3 mean <= -10% AND CI upper < 0] AND FAKE k=3 >= -2% (robustness only; does not replace the graded verdict),EXPLORATORY,4,rule NOT met (via none); OFF k3 -0.220 CI_hi +0.076; SHR k3 -0.167 CI_hi +0.022; FAKE k3 +0.152; SHR k1 -0.076 (secondary holds); graded=False
H4,H4R_GB_overall,ALL(6 graded),,number of graded datasets meeting the rule: HistGB base model (robustness model class),5,,,">= 4 of 6 (PREREG overall rule, robustness only)",EXPLORATORY,6,would be PASS; secondary SHR k1 <= 0 holds in 6/6
H4,H4R_KNN_OFF_k3,ES1,KNN,"mean rel. RMSE change k=3, kNN base model (robustness model class)",-0.29468747925327526,-0.42988902656439587,-0.17406499564681388,robustness (no threshold of its own),EXPLORATORY,33,median -0.301; frac improved 0.70; main-run value -0.300
H4,H4R_KNN_SHR_k3,ES1,KNN,"mean rel. RMSE change k=3, kNN base model (robustness model class)",-0.2892835587971916,-0.4038178941560319,-0.18664042334281494,robustness (no threshold of its own),EXPLORATORY,33,median -0.305; frac improved 0.70; main-run value -0.299
H4,H4R_KNN_FAKE_k3,ES1,KNN,"mean rel. RMSE change k=3, kNN base model (robustness model class)",2.191980962988448,0.39743969978205423,5.41491793199947,robustness (no threshold of its own),EXPLORATORY,33,median +0.269; frac improved 0.12; main-run value +0.643
H4,H4R_KNN_rule,ES1,KNN,PREREG rule re-evaluated: kNN base model (robustness model class),-0.29468747925327526,,,PREREG H4 rule re-applied unchanged: [OFF or SHR k=3 mean <= -10% AND CI upper < 0] AND FAKE k=3 >= -2% (robustness only; does not replace the graded verdict),EXPLORATORY,33,rule MET (via OFF+SHR); OFF k3 -0.295 CI_hi -0.174; SHR k3 -0.289 CI_hi -0.187; FAKE k3 +2.192; SHR k1 -0.188 (secondary holds); graded=True
H4,H4R_KNN_OFF_k3,ES2,KNN,"mean rel. RMSE change k=3, kNN base model (robustness model class)",-0.2026291831623702,-0.4288392891010718,0.03148766776233406,robustness (no threshold of its own),EXPLORATORY,10,median -0.207; frac improved 0.70; main-run value -0.344
H4,H4R_KNN_SHR_k3,ES2,KNN,"mean rel. RMSE change k=3, kNN base model (robustness model class)",-0.21574613931918024,-0.4150982561288395,-0.01174159643562455,robustness (no threshold of its own),EXPLORATORY,10,median -0.218; frac improved 0.70; main-run value -0.348
H4,H4R_KNN_FAKE_k3,ES2,KNN,"mean rel. RMSE change k=3, kNN base model (robustness model class)",0.40107380777552387,0.16849202778866074,0.6571548244374333,robustness (no threshold of its own),EXPLORATORY,10,median +0.310; frac improved 0.20; main-run value +0.830
H4,H4R_KNN_rule,ES2,KNN,PREREG rule re-evaluated: kNN base model (robustness model class),-0.21574613931918024,,,PREREG H4 rule re-applied unchanged: [OFF or SHR k=3 mean <= -10% AND CI upper < 0] AND FAKE k=3 >= -2% (robustness only; does not replace the graded verdict),EXPLORATORY,10,rule MET (via SHR); OFF k3 -0.203 CI_hi +0.031; SHR k3 -0.216 CI_hi -0.012; FAKE k3 +0.401; SHR k1 -0.130 (secondary holds); graded=True
H4,H4R_KNN_OFF_k3,DES_RHO,KNN,"mean rel. RMSE change k=3, kNN base model (robustness model class)",0.08168981517464431,0.01858469735213613,0.14474032213921936,robustness (no threshold of its own),EXPLORATORY,101,median +0.122; frac improved 0.28; main-run value +0.087
H4,H4R_KNN_SHR_k3,DES_RHO,KNN,"mean rel. RMSE change k=3, kNN base model (robustness model class)",-0.010148676338249592,-0.04845956138245559,0.02607558534039473,robustness (no threshold of its own),EXPLORATORY,101,median +0.035; frac improved 0.41; main-run value -0.004
H4,H4R_KNN_FAKE_k3,DES_RHO,KNN,"mean rel. RMSE change k=3, kNN base model (robustness model class)",0.9050038184322509,0.7187593761392995,1.123250662590985,robustness (no threshold of its own),EXPLORATORY,101,median +0.508; frac improved 0.03; main-run value +1.157
H4,H4R_KNN_rule,DES_RHO,KNN,PREREG rule re-evaluated: kNN base model (robustness model class),-0.010148676338249592,,,PREREG H4 rule re-applied unchanged: [OFF or SHR k=3 mean <= -10% AND CI upper < 0] AND FAKE k=3 >= -2% (robustness only; does not replace the graded verdict),EXPLORATORY,101,rule NOT met (via none); OFF k3 +0.082 CI_hi +0.145; SHR k3 -0.010 CI_hi +0.026; FAKE k3 +0.905; SHR k1 +0.003 (secondary fails); graded=True
H4,H4R_KNN_OFF_k3,DES_ETA,KNN,"mean rel. RMSE change k=3, kNN base model (robustness model class)",-0.11323522622208429,-0.18085817631615922,-0.051297458713202404,robustness (no threshold of its own),EXPLORATORY,79,median -0.053; frac improved 0.57; main-run value -0.149
H4,H4R_KNN_SHR_k3,DES_ETA,KNN,"mean rel. RMSE change k=3, kNN base model (robustness model class)",-0.1379362170028784,-0.19947915096136604,-0.08084190156227176,robustness (no threshold of its own),EXPLORATORY,79,median -0.089; frac improved 0.61; main-run value -0.171
H4,H4R_KNN_FAKE_k3,DES_ETA,KNN,"mean rel. RMSE change k=3, kNN base model (robustness model class)",1.1025313648943196,0.6342440932070681,1.7185941844321024,robustness (no threshold of its own),EXPLORATORY,79,median +0.385; frac improved 0.03; main-run value +1.104
H4,H4R_KNN_rule,DES_ETA,KNN,PREREG rule re-evaluated: kNN base model (robustness model class),-0.1379362170028784,,,PREREG H4 rule re-applied unchanged: [OFF or SHR k=3 mean <= -10% AND CI upper < 0] AND FAKE k=3 >= -2% (robustness only; does not replace the graded verdict),EXPLORATORY,79,rule MET (via OFF+SHR); OFF k3 -0.113 CI_hi -0.051; SHR k3 -0.138 CI_hi -0.081; FAKE k3 +1.103; SHR k1 -0.071 (secondary holds); graded=True
H4,H4R_KNN_OFF_k3,DES_MP,KNN,"mean rel. RMSE change k=3, kNN base model (robustness model class)",-0.10878661188664081,-0.17199552376075453,-0.047193779732413094,robustness (no threshold of its own),EXPLORATORY,71,median -0.081; frac improved 0.63; main-run value -0.145
H4,H4R_KNN_SHR_k3,DES_MP,KNN,"mean rel. RMSE change k=3, kNN base model (robustness model class)",-0.14189487548313778,-0.1964200526965993,-0.08930486128711256,robustness (no threshold of its own),EXPLORATORY,71,median -0.127; frac improved 0.69; main-run value -0.171
H4,H4R_KNN_FAKE_k3,DES_MP,KNN,"mean rel. RMSE change k=3, kNN base model (robustness model class)",1.6461736347458935,0.7943107688516756,2.835201247793215,robustness (no threshold of its own),EXPLORATORY,71,median +0.489; frac improved 0.01; main-run value +1.013
H4,H4R_KNN_rule,DES_MP,KNN,PREREG rule re-evaluated: kNN base model (robustness model class),-0.14189487548313778,,,PREREG H4 rule re-applied unchanged: [OFF or SHR k=3 mean <= -10% AND CI upper < 0] AND FAKE k=3 >= -2% (robustness only; does not replace the graded verdict),EXPLORATORY,71,rule MET (via OFF+SHR); OFF k3 -0.109 CI_hi -0.047; SHR k3 -0.142 CI_hi -0.089; FAKE k3 +1.646; SHR k1 -0.090 (secondary holds); graded=True
H4,H4R_KNN_OFF_k3,IL_CELL,KNN,"mean rel. RMSE change k=3, kNN base model (robustness model class)",-0.216607707831153,-0.3692703771878025,-0.07692076471546598,robustness (no threshold of its own),EXPLORATORY,19,median -0.127; frac improved 0.68; main-run value -0.183
H4,H4R_KNN_SHR_k3,IL_CELL,KNN,"mean rel. RMSE change k=3, kNN base model (robustness model class)",-0.20970794648373134,-0.3165901908476539,-0.11314502566634582,robustness (no threshold of its own),EXPLORATORY,19,median -0.165; frac improved 0.89; main-run value -0.184
H4,H4R_KNN_FAKE_k3,IL_CELL,KNN,"mean rel. RMSE change k=3, kNN base model (robustness model class)",0.2432413885885328,0.12499136659003494,0.39692648685268067,robustness (no threshold of its own),EXPLORATORY,19,median +0.134; frac improved 0.11; main-run value +0.881
H4,H4R_KNN_rule,IL_CELL,KNN,PREREG rule re-evaluated: kNN base model (robustness model class),-0.216607707831153,,,PREREG H4 rule re-applied unchanged: [OFF or SHR k=3 mean <= -10% AND CI upper < 0] AND FAKE k=3 >= -2% (robustness only; does not replace the graded verdict),EXPLORATORY,19,rule MET (via OFF+SHR); OFF k3 -0.217 CI_hi -0.077; SHR k3 -0.210 CI_hi -0.113; FAKE k3 +0.243; SHR k1 -0.119 (secondary holds); graded=True
H4,H4R_KNN_OFF_k3,DYE,KNN,"mean rel. RMSE change k=3, kNN base model (robustness model class)",-0.2629484496082441,-0.5785589885321619,0.046910412165026755,robustness (no threshold of its own),EXPLORATORY,4,median -0.257; frac improved 0.75; main-run value -0.224
H4,H4R_KNN_SHR_k3,DYE,KNN,"mean rel. RMSE change k=3, kNN base model (robustness model class)",-0.25886465871239744,-0.5098898163952021,0.003280822212349384,robustness (no threshold of its own),EXPLORATORY,4,median -0.270; frac improved 0.75; main-run value -0.196
H4,H4R_KNN_FAKE_k3,DYE,KNN,"mean rel. RMSE change k=3, kNN base model (robustness model class)",0.27642584175245216,0.16645135277928155,0.43266168333914784,robustness (no threshold of its own),EXPLORATORY,4,median +0.222; frac improved 0.00; main-run value +0.241
H4,H4R_KNN_rule,DYE,KNN,PREREG rule re-evaluated: kNN base model (robustness model class),-0.2629484496082441,,,PREREG H4 rule re-applied unchanged: [OFF or SHR k=3 mean <= -10% AND CI upper < 0] AND FAKE k=3 >= -2% (robustness only; does not replace the graded verdict),EXPLORATORY,4,rule NOT met (via none); OFF k3 -0.263 CI_hi +0.047; SHR k3 -0.259 CI_hi +0.003; FAKE k3 +0.276; SHR k1 -0.183 (secondary holds); graded=False
H4,H4R_KNN_overall,ALL(6 graded),,number of graded datasets meeting the rule: kNN base model (robustness model class),5,,,">= 4 of 6 (PREREG overall rule, robustness only)",EXPLORATORY,6,would be PASS; secondary SHR k1 <= 0 holds in 5/6
H4,H4R_drop_single_OFF_k3,ES1,RF,"mean rel. RMSE change k=3, main run without the 3 ES1 sources that are one measurement repeated",-0.2303523492,-0.3317388126583334,-0.1300426349033334,robustness (no threshold of its own),EXPLORATORY,30,median -0.183; frac improved 0.73; main-run value -0.300
H4,H4R_drop_single_SHR_k3,ES1,RF,"mean rel. RMSE change k=3, main run without the 3 ES1 sources that are one measurement repeated",-0.24992084000000003,-0.3380945785,-0.16123325658333337,robustness (no threshold of its own),EXPLORATORY,30,median -0.217; frac improved 0.87; main-run value -0.299
H4,H4R_drop_single_FAKE_k3,ES1,RF,"mean rel. RMSE change k=3, main run without the 3 ES1 sources that are one measurement repeated",0.5726938833333333,0.3672254739166667,0.7993929874166666,robustness (no threshold of its own),EXPLORATORY,30,median +0.326; frac improved 0.03; main-run value +0.643
H4,H4R_drop_single_rule,ES1,RF,PREREG rule re-evaluated: main run without the 3 ES1 sources that are one measurement repeated,-0.24992084000000003,,,PREREG H4 rule re-applied unchanged: [OFF or SHR k=3 mean <= -10% AND CI upper < 0] AND FAKE k=3 >= -2% (robustness only; does not replace the graded verdict),EXPLORATORY,30,rule MET (via OFF+SHR); OFF k3 -0.230 CI_hi -0.130; SHR k3 -0.250 CI_hi -0.161; FAKE k3 +0.573; SHR k1 -0.166 (secondary holds); graded=True
H4,H4R_drop_url_OFF_k3,DES_ETA,RF,"mean rel. RMSE change k=3, main run without the DES_ETA journal-URL pseudo-source",-0.1524852648717949,-0.22033738697435898,-0.0841646479102566,robustness (no threshold of its own),EXPLORATORY,78,median -0.088; frac improved 0.59; main-run value -0.149
H4,H4R_drop_url_SHR_k3,DES_ETA,RF,"mean rel. RMSE change k=3, main run without the DES_ETA journal-URL pseudo-source",-0.17374024487179485,-0.23653175512820512,-0.11040008378205127,robustness (no threshold of its own),EXPLORATORY,78,median -0.117; frac improved 0.65; main-run value -0.171
H4,H4R_drop_url_FAKE_k3,DES_ETA,RF,"mean rel. RMSE change k=3, main run without the DES_ETA journal-URL pseudo-source",1.11306889,0.8126921092083332,1.4877108979839742,robustness (no threshold of its own),EXPLORATORY,78,median +0.560; frac improved 0.04; main-run value +1.104
H4,H4R_drop_url_rule,DES_ETA,RF,PREREG rule re-evaluated: main run without the DES_ETA journal-URL pseudo-source,-0.17374024487179485,,,PREREG H4 rule re-applied unchanged: [OFF or SHR k=3 mean <= -10% AND CI upper < 0] AND FAKE k=3 >= -2% (robustness only; does not replace the graded verdict),EXPLORATORY,78,rule MET (via OFF+SHR); OFF k3 -0.152 CI_hi -0.084; SHR k3 -0.174 CI_hi -0.110; FAKE k3 +1.113; SHR k1 -0.100 (secondary holds); graded=True
H4,H4R_seed_rule_count,ES1,RF,number of RF seeds (0-4) in which the PREREG rule is met,5,,,robustness: rule met in 5/5 seeds = stable,EXPLORATORY,5,"main: OFF -0.300 (med -0.216), SHR -0.299 (med -0.258), FAKE +0.643, SHR k1 -0.202; rf_s1: OFF -0.320 (med -0.227), SHR -0.318 (med -0.271), FAKE +0.738, SHR k1 -0.212; rf_s2: OFF -0.305 (med -0.219), SHR -0.303 (med -0.262), FAKE +0.740, SHR k1 -0.193; rf_s3: OFF -0.317 (med -0.255), SHR -0.311 (med -0.272), FAKE +0.756, SHR k1 -0.212; rf_s4: OFF -0.312 (med -0.246), SHR -0.308 (med -0.258), FAKE +0.739, SHR k1 -0.210"
H4,H4R_seed_rule_count,ES2,RF,number of RF seeds (0-4) in which the PREREG rule is met,5,,,robustness: rule met in 5/5 seeds = stable,EXPLORATORY,5,"main: OFF -0.344 (med -0.317), SHR -0.348 (med -0.329), FAKE +0.830, SHR k1 -0.264; rf_s1: OFF -0.332 (med -0.355), SHR -0.341 (med -0.365), FAKE +0.557, SHR k1 -0.241; rf_s2: OFF -0.315 (med -0.300), SHR -0.325 (med -0.317), FAKE +0.798, SHR k1 -0.246; rf_s3: OFF -0.313 (med -0.343), SHR -0.321 (med -0.347), FAKE +0.817, SHR k1 -0.240; rf_s4: OFF -0.344 (med -0.351), SHR -0.354 (med -0.366), FAKE +0.571, SHR k1 -0.262"
H4,H4R_seed_rule_count,DES_RHO,RF,number of RF seeds (0-4) in which the PREREG rule is met,0,,,robustness: rule met in 5/5 seeds = stable,EXPLORATORY,5,"main: OFF +0.087 (med +0.111), SHR -0.004 (med +0.032), FAKE +1.157, SHR k1 +0.007; rf_s1: OFF +0.085 (med +0.102), SHR -0.005 (med +0.026), FAKE +1.057, SHR k1 +0.003; rf_s2: OFF +0.094 (med +0.111), SHR +0.008 (med +0.039), FAKE +1.168, SHR k1 +0.021; rf_s3: OFF +0.111 (med +0.114), SHR +0.016 (med +0.043), FAKE +1.228, SHR k1 +0.012; rf_s4: OFF +0.083 (med +0.093), SHR -0.006 (med +0.028), FAKE +1.209, SHR k1 +0.010"
H4,H4R_seed_rule_count,DES_ETA,RF,number of RF seeds (0-4) in which the PREREG rule is met,5,,,robustness: rule met in 5/5 seeds = stable,EXPLORATORY,5,"main: OFF -0.149 (med -0.087), SHR -0.171 (med -0.109), FAKE +1.104, SHR k1 -0.097; rf_s1: OFF -0.156 (med -0.053), SHR -0.174 (med -0.063), FAKE +1.068, SHR k1 -0.087; rf_s2: OFF -0.154 (med -0.070), SHR -0.173 (med -0.106), FAKE +1.057, SHR k1 -0.095; rf_s3: OFF -0.135 (med -0.068), SHR -0.159 (med -0.092), FAKE +1.139, SHR k1 -0.088; rf_s4: OFF -0.146 (med -0.052), SHR -0.167 (med -0.069), FAKE +1.020, SHR k1 -0.089"
H4,H4R_seed_rule_count,DES_MP,RF,number of RF seeds (0-4) in which the PREREG rule is met,5,,,robustness: rule met in 5/5 seeds = stable,EXPLORATORY,5,"main: OFF -0.145 (med -0.102), SHR -0.171 (med -0.140), FAKE +1.013, SHR k1 -0.107; rf_s1: OFF -0.149 (med -0.109), SHR -0.175 (med -0.148), FAKE +1.058, SHR k1 -0.101; rf_s2: OFF -0.136 (med -0.087), SHR -0.161 (med -0.109), FAKE +0.990, SHR k1 -0.102; rf_s3: OFF -0.140 (med -0.090), SHR -0.167 (med -0.115), FAKE +1.131, SHR k1 -0.096; rf_s4: OFF -0.144 (med -0.101), SHR -0.169 (med -0.127), FAKE +0.981, SHR k1 -0.101"
H4,H4R_seed_rule_count,IL_CELL,RF,number of RF seeds (0-4) in which the PREREG rule is met,5,,,robustness: rule met in 5/5 seeds = stable,EXPLORATORY,5,"main: OFF -0.183 (med -0.013), SHR -0.184 (med -0.100), FAKE +0.881, SHR k1 -0.105; rf_s1: OFF -0.169 (med -0.011), SHR -0.173 (med -0.078), FAKE +0.976, SHR k1 -0.101; rf_s2: OFF -0.181 (med -0.057), SHR -0.182 (med -0.140), FAKE +0.782, SHR k1 -0.097; rf_s3: OFF -0.180 (med -0.085), SHR -0.177 (med -0.136), FAKE +0.948, SHR k1 -0.089; rf_s4: OFF -0.176 (med -0.084), SHR -0.185 (med -0.122), FAKE +0.829, SHR k1 -0.106"
H4,H4R_seed_rule_count,DYE,RF,number of RF seeds (0-4) in which the PREREG rule is met,0,,,robustness: rule met in 5/5 seeds = stable,EXPLORATORY,5,"main: OFF -0.224 (med -0.119), SHR -0.196 (med -0.149), FAKE +0.241, SHR k1 -0.078; rf_s1: OFF -0.199 (med -0.107), SHR -0.173 (med -0.129), FAKE +0.276, SHR k1 -0.089; rf_s2: OFF -0.213 (med -0.100), SHR -0.184 (med -0.128), FAKE +0.219, SHR k1 -0.076; rf_s3: OFF -0.196 (med -0.080), SHR -0.174 (med -0.123), FAKE +0.195, SHR k1 -0.092; rf_s4: OFF -0.190 (med -0.102), SHR -0.161 (med -0.127), FAKE +0.340, SHR k1 -0.041"
H4,H4R_seed_overall,ALL(6 graded),RF,number of RF seeds (0-4) in which H4 overall would PASS (>= 4/6),5,,,robustness,EXPLORATORY,5,"main: 5/6 datasets, secondary 5/6; rf_s1: 5/6 datasets, secondary 5/6; rf_s2: 5/6 datasets, secondary 5/6; rf_s3: 5/6 datasets, secondary 5/6; rf_s4: 5/6 datasets, secondary 5/6"
H4,H4R_cluster_OFF_k3,ES1,RF,main-run mean rel. RMSE change; CI = cluster bootstrap over copy-relation clusters,-0.30032031745454546,-0.42331578852575763,-0.18560992235757579,robustness of CI units (no threshold of its own),EXPLORATORY,33,"33 sources, 0 copy-related pairs -> 33 clusters; source-bootstrap CI [-0.423, -0.186]"
H4,H4R_cluster_SHR_k3,ES1,RF,main-run mean rel. RMSE change; CI = cluster bootstrap over copy-relation clusters,-0.29915088484848484,-0.39665033818181816,-0.20293971992424248,robustness of CI units (no threshold of its own),EXPLORATORY,33,"33 sources, 0 copy-related pairs -> 33 clusters; source-bootstrap CI [-0.397, -0.203]"
H4,H4R_cluster_SHR_k1,ES1,RF,main-run mean rel. RMSE change; CI = cluster bootstrap over copy-relation clusters,-0.20154887000000002,-0.2839407062045455,-0.12235592348484858,robustness of CI units (no threshold of its own),EXPLORATORY,33,"33 sources, 0 copy-related pairs -> 33 clusters; source-bootstrap CI [-0.284, -0.122]"
H4,H4R_cluster_OFF_k3,ES2,RF,main-run mean rel. RMSE change; CI = cluster bootstrap over copy-relation clusters,-0.344286357,-0.5614666537499998,-0.14716719967500008,robustness of CI units (no threshold of its own),EXPLORATORY,10,"10 sources, 0 copy-related pairs -> 10 clusters; source-bootstrap CI [-0.561, -0.147]"
H4,H4R_cluster_SHR_k3,ES2,RF,main-run mean rel. RMSE change; CI = cluster bootstrap over copy-relation clusters,-0.34772594999999995,-0.5495917882500001,-0.1630187847500001,robustness of CI units (no threshold of its own),EXPLORATORY,10,"10 sources, 0 copy-related pairs -> 10 clusters; source-bootstrap CI [-0.550, -0.163]"
H4,H4R_cluster_SHR_k1,ES2,RF,main-run mean rel. RMSE change; CI = cluster bootstrap over copy-relation clusters,-0.26402665,-0.467265122,-0.0754827775,robustness of CI units (no threshold of its own),EXPLORATORY,10,"10 sources, 0 copy-related pairs -> 10 clusters; source-bootstrap CI [-0.467, -0.075]"
H4,H4R_cluster_OFF_k3,DES_RHO,RF,main-run mean rel. RMSE change; CI = cluster bootstrap over copy-relation clusters,0.08706128603960395,0.042069349166666666,0.22741754378205092,robustness of CI units (no threshold of its own),EXPLORATORY,39,"101 sources, 64 copy-related pairs -> 39 clusters; source-bootstrap CI [+0.023, +0.145]"
H4,H4R_cluster_SHR_k3,DES_RHO,RF,main-run mean rel. RMSE change; CI = cluster bootstrap over copy-relation clusters,-0.003735305643564361,-0.038084381833333326,0.07621997621794868,robustness of CI units (no threshold of its own),EXPLORATORY,39,"101 sources, 64 copy-related pairs -> 39 clusters; source-bootstrap CI [-0.045, +0.032]"
H4,H4R_cluster_SHR_k1,DES_RHO,RF,main-run mean rel. RMSE change; CI = cluster bootstrap over copy-relation clusters,0.007337070891089111,-0.018583708532051286,0.0543970676923077,robustness of CI units (no threshold of its own),EXPLORATORY,39,"101 sources, 64 copy-related pairs -> 39 clusters; source-bootstrap CI [-0.019, +0.033]"
H4,H4R_cluster_OFF_k3,DES_ETA,RF,main-run mean rel. RMSE change; CI = cluster bootstrap over copy-relation clusters,-0.14924260329113925,-0.2184087961133333,-0.08166833354995781,robustness of CI units (no threshold of its own),EXPLORATORY,75,"79 sources, 4 copy-related pairs -> 75 clusters; source-bootstrap CI [-0.215, -0.083]"
H4,H4R_cluster_SHR_k3,DES_ETA,RF,main-run mean rel. RMSE change; CI = cluster bootstrap over copy-relation clusters,-0.17063498481012657,-0.2336822482556809,-0.10834400041264368,robustness of CI units (no threshold of its own),EXPLORATORY,75,"79 sources, 4 copy-related pairs -> 75 clusters; source-bootstrap CI [-0.231, -0.109]"
H4,H4R_cluster_SHR_k1,DES_ETA,RF,main-run mean rel. RMSE change; CI = cluster bootstrap over copy-relation clusters,-0.09698550531645571,-0.15536240627299575,-0.03980646525510042,robustness of CI units (no threshold of its own),EXPLORATORY,75,"79 sources, 4 copy-related pairs -> 75 clusters; source-bootstrap CI [-0.153, -0.041]"
H4,H4R_cluster_OFF_k3,DES_MP,RF,main-run mean rel. RMSE change; CI = cluster bootstrap over copy-relation clusters,-0.14522080535211265,-0.21380726507122735,-0.07787080442253526,robustness of CI units (no threshold of its own),EXPLORATORY,70,"71 sources, 1 copy-related pairs -> 70 clusters; source-bootstrap CI [-0.213, -0.080]"
H4,H4R_cluster_SHR_k3,DES_MP,RF,main-run mean rel. RMSE change; CI = cluster bootstrap over copy-relation clusters,-0.17115872242253524,-0.2305275507704225,-0.11264587670138893,robustness of CI units (no threshold of its own),EXPLORATORY,70,"71 sources, 1 copy-related pairs -> 70 clusters; source-bootstrap CI [-0.230, -0.115]"
H4,H4R_cluster_SHR_k1,DES_MP,RF,main-run mean rel. RMSE change; CI = cluster bootstrap over copy-relation clusters,-0.10719246760563383,-0.1595562536614688,-0.05666614767361114,robustness of CI units (no threshold of its own),EXPLORATORY,70,"71 sources, 1 copy-related pairs -> 70 clusters; source-bootstrap CI [-0.158, -0.057]"
H4,H4R_cluster_OFF_k3,IL_CELL,RF,main-run mean rel. RMSE change; CI = cluster bootstrap over copy-relation clusters,-0.1829513394736842,-0.33999308517631577,-0.041148139567251496,robustness of CI units (no threshold of its own),EXPLORATORY,18,"19 sources, 1 copy-related pairs -> 18 clusters; source-bootstrap CI [-0.337, -0.049]"
H4,H4R_cluster_SHR_k3,IL_CELL,RF,main-run mean rel. RMSE change; CI = cluster bootstrap over copy-relation clusters,-0.18442641894736841,-0.2914812959583334,-0.08648358163888895,robustness of CI units (no threshold of its own),EXPLORATORY,18,"19 sources, 1 copy-related pairs -> 18 clusters; source-bootstrap CI [-0.288, -0.093]"
H4,H4R_cluster_SHR_k1,IL_CELL,RF,main-run mean rel. RMSE change; CI = cluster bootstrap over copy-relation clusters,-0.10465842842105262,-0.1679080441493421,-0.04272315537500004,robustness of CI units (no threshold of its own),EXPLORATORY,18,"19 sources, 1 copy-related pairs -> 18 clusters; source-bootstrap CI [-0.166, -0.046]"
H4,H4R_cluster_OFF_k3,DYE,RF,main-run mean rel. RMSE change; CI = cluster bootstrap over copy-relation clusters,-0.223630375,-0.623584875,0.07673875,robustness of CI units (no threshold of its own),EXPLORATORY,4,"4 sources, 0 copy-related pairs -> 4 clusters; source-bootstrap CI [-0.624, +0.077]"
H4,H4R_cluster_SHR_k3,DYE,RF,main-run mean rel. RMSE change; CI = cluster bootstrap over copy-relation clusters,-0.196275075,-0.457204575,0.02920585,robustness of CI units (no threshold of its own),EXPLORATORY,4,"4 sources, 0 copy-related pairs -> 4 clusters; source-bootstrap CI [-0.457, +0.029]"
H4,H4R_cluster_SHR_k1,DYE,RF,main-run mean rel. RMSE change; CI = cluster bootstrap over copy-relation clusters,-0.077746175,-0.2376065,0.08211415,robustness of CI units (no threshold of its own),EXPLORATORY,4,"4 sources, 0 copy-related pairs -> 4 clusters; source-bootstrap CI [-0.238, +0.082]"
H4,H4R_dup_audit,ES1,,"share of rows that are exact within-source duplicates (identical X and y, same source)",0.2084942084942085,,,data audit (descriptive),DESCRIPTIVE,54,162 redundant of 777 rows; rows having a twin 185; 8 sources with duplicates; eligible (>=8 rows) 33 -> 28 with >=8 unique rows; single-measurement eligible sources: 3 (10.1016/j.jmrt.2023.01.007; 10.1016/j.mtsust.2022.100275; 10.1016/j.polymer.2020.123366)
H4,H4R_dup_audit,ES2,,"share of rows that are exact within-source duplicates (identical X and y, same source)",0.0299625468164794,,,data audit (descriptive),DESCRIPTIVE,28,8 redundant of 267 rows; rows having a twin 13; 3 sources with duplicates; eligible (>=8 rows) 10 -> 10 with >=8 unique rows; single-measurement eligible sources: 0
H4,H4R_dup_audit,DES_RHO,,"share of rows that are exact within-source duplicates (identical X and y, same source)",0.006486954014703762,,,data audit (descriptive),DESCRIPTIVE,132,45 redundant of 6937 rows; rows having a twin 90; 7 sources with duplicates; eligible (>=8 rows) 101 -> 101 with >=8 unique rows; single-measurement eligible sources: 0
H4,H4R_dup_audit,DES_ETA,,"share of rows that are exact within-source duplicates (identical X and y, same source)",0.013301088270858524,,,data audit (descriptive),DESCRIPTIVE,114,77 redundant of 5789 rows; rows having a twin 154; 2 sources with duplicates; eligible (>=8 rows) 79 -> 79 with >=8 unique rows; single-measurement eligible sources: 0
H4,H4R_dup_audit,DES_MP,,"share of rows that are exact within-source duplicates (identical X and y, same source)",0.3566371681415929,,,data audit (descriptive),DESCRIPTIVE,115,1209 redundant of 3390 rows; rows having a twin 2418; 43 sources with duplicates; eligible (>=8 rows) 71 -> 64 with >=8 unique rows; single-measurement eligible sources: 0
H4,H4R_dup_audit,IL_CELL,,"share of rows that are exact within-source duplicates (identical X and y, same source)",0.00741839762611276,,,data audit (descriptive),DESCRIPTIVE,33,5 redundant of 674 rows; rows having a twin 10; 4 sources with duplicates; eligible (>=8 rows) 19 -> 18 with >=8 unique rows; single-measurement eligible sources: 0
H4,H4R_dup_audit,DYE,,"share of rows that are exact within-source duplicates (identical X and y, same source)",0.0,,,data audit (descriptive),DESCRIPTIVE,12,0 redundant of 131 rows; rows having a twin 0; 0 sources with duplicates; eligible (>=8 rows) 4 -> 4 with >=8 unique rows; single-measurement eligible sources: 0
