dataset,variant,model,source,n_rows,rmse_group,rmse_group_leakfree,rmse_material,rmse_random,ratio_group_random
DES_ETA,lineage,GB,10.1002/apj.1873,270,0.5890366915752789,,0.19591217019796647,0.11595696431351112,5.079787100865363
DES_ETA,lineage,GB,10.1002/ceat.201600475,11,0.3841841227014122,,0.24283734835478585,0.20235611654811814,1.8985545347232304
DES_ETA,lineage,GB,10.1002/chem.200400127,4,1.0787204850822725,,0.3318888278007952,0.2883321977643119,3.7412418503605296
DES_ETA,lineage,GB,10.1002/cphc.200500489,6,0.7130583476608339,,0.6974089905407822,0.6791621300282695,1.0499088746764391
DES_ETA,lineage,GB,10.1002/slct.201701223,16,0.7883225212247432,,0.8741053147900271,0.6698555681735294,1.1768544723368253
DES_ETA,lineage,GB,10.1007/978-3-030-25135-2_4,3,1.3379102381476902,,1.2738512521705077,1.3862887081391464,0.965102168323656
DES_ETA,lineage,GB,10.1016/j.arabjc.2021.103512,45,0.6425993129610384,,0.35552463072900475,0.16386772287852602,3.921451410155939
DES_ETA,lineage,GB,10.1016/j.arabjc.2022.104469,11,0.9630921752268858,,0.41067198881672107,0.4355262781515664,2.211329656879447
DES_ETA,lineage,GB,10.1016/j.cclet.2013.09.004,13,0.7357710036258205,,0.3799727716887186,0.36248608123345455,2.0297910505202448
DES_ETA,lineage,GB,10.1016/j.cej.2018.10.077,15,0.4213202848985828,,0.3523979055524605,0.2074596692813088,2.030853931070746
DES_ETA,lineage,GB,10.1016/j.cej.2020.125173,4,0.18744657287171937,,0.21041300011160813,0.19734750914138427,0.949829940531088
DES_ETA,lineage,GB,10.1016/j.cep.2015.04.001,14,1.3116204872097148,,0.512038949434568,0.2607019009426066,5.03111209572065
DES_ETA,lineage,GB,10.1016/j.chroma.2018.07.070,12,0.13182557083025603,,0.09680013481740017,0.08524549658950281,1.546422698023078
DES_ETA,lineage,GB,10.1016/j.cjche.2020.07.004,19,3.0780006990548774,,0.4429367890635718,0.4661110794391421,6.6035776338089756
DES_ETA,lineage,GB,10.1016/j.crgsc.2022.100285,7,0.27458143756975995,,0.3217699003365155,0.2820083392651416,0.9736642479625435
DES_ETA,lineage,GB,10.1016/j.fluid.2014.01.028,117,0.9988507712855821,,0.2574560062407385,0.10672282663313483,9.35929831318264
DES_ETA,lineage,GB,10.1016/j.fluid.2019.01.025,28,0.8710551908170541,,0.5559421327827366,0.22270407122299377,3.911267477211343
DES_ETA,lineage,GB,10.1016/j.fluid.2021.113290,90,0.31237236887500547,,0.15644658696456729,0.10813958817712425,2.888603277861238
DES_ETA,lineage,GB,10.1016/j.foodchem.2018.09.048,6,0.27571990524142487,,0.30649232599506965,0.25918814298497117,1.063782864702311
DES_ETA,lineage,GB,10.1016/j.foodchem.2019.125752,8,0.3538729705190482,,0.2509522662160394,0.23207775904884856,1.5248034622937037
DES_ETA,lineage,GB,10.1016/j.foodchem.2021.131930,63,0.21097512797054563,,0.2039126998937959,0.1333700327077357,1.581878055266524
DES_ETA,lineage,GB,10.1016/j.foodchem.2022.133379,4,0.23093141929195588,,0.2487304678063538,0.2361139595400152,0.9780506825680461
DES_ETA,lineage,GB,10.1016/j.ijggc.2016.02.006,7,0.3971375746765182,,0.40328856209756864,0.38792058197529283,1.0237599991583133
DES_ETA,lineage,GB,10.1016/j.jclepro.2022.133589,1,0.13379282530430447,,0.10748899852034756,0.09908056929806316,1.3503437278586556
DES_ETA,lineage,GB,10.1016/j.jcou.2022.102217,112,2.4229741358185297,,0.5070354589273868,0.25712300002792804,9.423404890092884
DES_ETA,lineage,GB,10.1016/j.jct.2013.05.041,20,0.18597707489090073,,0.22969672888847287,0.07647615336168367,2.43183092658109
DES_ETA,lineage,GB,10.1016/j.jct.2018.12.017,43,0.5227418918093377,,0.4014158013289894,0.1345938889575522,3.883845662370291
DES_ETA,lineage,GB,10.1016/j.jct.2019.105883,15,0.412151700928936,,0.1254334672552612,0.08155407543154668,5.053722928596991
DES_ETA,lineage,GB,10.1016/j.jct.2021.106713,66,0.42346218279707987,,0.39482753162615813,0.18668653879070152,2.268305928965949
DES_ETA,lineage,GB,10.1016/j.jct.2022.106999,30,0.1968668980650464,,0.1763007602878617,0.09950561815773089,1.9784500785974086
DES_ETA,lineage,GB,10.1016/j.jhazmat.2021.127972,24,0.3425979939662655,,0.1394719064949275,0.15179186345348353,2.257024758584997
DES_ETA,lineage,GB,10.1016/j.jhazmat.2022.129835,3,0.35749016904190994,,0.3424095627310765,0.3618335672541337,0.9879961435165213
DES_ETA,lineage,GB,10.1016/j.jiec.2022.04.015,35,0.5855635804177732,,0.5869514618577525,0.3777816853295285,1.5500052097734762
DES_ETA,lineage,GB,10.1016/j.jmgm.2022.108319,25,0.4522583660941223,,0.12562695329684676,0.09684283015217503,4.670024258723761
DES_ETA,lineage,GB,10.1016/j.jobe.2021.103056,8,0.5219354085038929,,0.4180398589596393,0.4267867836529203,1.2229418259782645
DES_ETA,lineage,GB,10.1016/j.jpha.2021.03.002,16,0.6823003675109464,,0.34110230959451504,0.32567386646623575,2.0950418125787316
DES_ETA,lineage,GB,10.1016/j.jtice.2015.12.020,48,0.29171662190908443,,0.5542069299992988,0.15882106987726097,1.8367627301247051
DES_ETA,lineage,GB,10.1016/j.molliq.2012.11.025,4,0.37275358467922204,,0.3130763555497318,0.3193926941400212,1.1670698532503299
DES_ETA,lineage,GB,10.1016/j.molliq.2016.02.062,48,0.5943690955224095,,0.26011707353818464,0.14657806449249,4.054966188701872
DES_ETA,lineage,GB,10.1016/j.molliq.2016.07.039,35,0.8323695612183247,,0.8393647344831378,0.8083148548751327,1.0297590798908527
DES_ETA,lineage,GB,10.1016/j.molliq.2016.10.115,90,0.2909951274700325,,0.18997052587268676,0.06902423008922383,4.215840250501586
DES_ETA,lineage,GB,10.1016/j.molliq.2017.05.084,57,0.2724285784700094,,0.14444525992409446,0.08974784362231959,3.0354888482497033
DES_ETA,lineage,GB,10.1016/j.molliq.2017.06.024,130,0.12415483584592509,,0.11325254120683877,0.05084984597402696,2.4415970878130246
DES_ETA,lineage,GB,10.1016/j.molliq.2017.09.091,118,0.4196864020008384,,0.06060001043042146,0.04925312276810564,8.521011022525675
DES_ETA,lineage,GB,10.1016/j.molliq.2020.113761,18,0.6224292418125785,,0.4171126417370121,0.4748902960725158,1.3106800601323163
DES_ETA,lineage,GB,10.1016/j.molliq.2021.118393,38,0.6395403086941093,,0.2529644751757562,0.09866958639805892,6.481635649246936
DES_ETA,lineage,GB,10.1016/j.molliq.2022.119392,9,0.8992029632359417,,0.6570077934406825,0.6748951221475552,1.332359552954874
DES_ETA,lineage,GB,10.1016/j.molliq.2022.119396,90,0.5135979700961667,,0.07765578289196592,0.05662715078961836,9.069818328036492
DES_ETA,lineage,GB,10.1016/j.molliq.2022.119560,27,0.4232643852282612,,0.10548490746272347,0.06218023850328462,6.8070563159049735
DES_ETA,lineage,GB,10.1016/j.molliq.2022.120000,14,1.0535830225836174,,0.7806743824202119,0.7290558784979555,1.4451334303130126
DES_ETA,lineage,GB,10.1016/j.molliq.2022.120056,9,0.0665685467992924,,0.06545845231149193,0.07683915783574964,0.8663362362922878
DES_ETA,lineage,GB,10.1016/j.molliq.2022.120420,337,0.22124641299101616,,0.05435109666924148,0.04877653256328629,4.535919249773539
DES_ETA,lineage,GB,10.1016/j.molliq.2022.120521,3,1.0718389004990958,,0.5961043031937074,0.40917746531699395,2.6194964076741893
DES_ETA,lineage,GB,10.1016/j.molliq.2022.120660,15,0.7297396503422043,,0.384093147551695,0.3881246475651789,1.880168278206699
DES_ETA,lineage,GB,10.1016/j.molliq.2023.121216,30,0.19774402050548132,,0.22262308307544557,0.06880849556007715,2.873831478161439
DES_ETA,lineage,GB,10.1016/j.molliq.2023.121258,78,0.162467795291988,,0.07491776506384369,0.06192877982887277,2.623461914491675
DES_ETA,lineage,GB,10.1016/j.seppur.2019.115703,43,0.10243300923388908,,0.08017201868317952,0.053963273344834035,1.8981985873860097
DES_ETA,lineage,GB,10.1016/j.seppur.2020.116692,22,0.39271724584796336,,0.15820076749460446,0.11272514040663542,3.483847919206908
DES_ETA,lineage,GB,10.1016/j.seppur.2020.117211,3,0.12317447635756949,,0.10221415053792854,0.13527487648107886,0.9105495385523278
DES_ETA,lineage,GB,10.1016/j.seppur.2023.123281,15,0.4353888412371307,,0.19489118155180848,0.12941724880404293,3.364225752444904
DES_ETA,lineage,GB,10.1016/j.talanta.2022.124243,10,0.3244592088043606,,0.2234670948491675,0.20874547538890464,1.5543293007902312
DES_ETA,lineage,GB,10.1016/j.tca.2012.04.030,24,0.449980865107164,,0.296433762403612,0.34836017431227506,1.2917115625961155
DES_ETA,lineage,GB,10.1021/acs.iecr.7b02478,28,1.3206965698141944,,1.3216825008870317,1.0391347569866671,1.2709579397036181
DES_ETA,lineage,GB,10.1021/acs.jced.0c00386,40,0.13249900156958336,,0.1045923123789054,0.08925409681527653,1.484514507427127
DES_ETA,lineage,GB,10.1021/acs.jced.0c00579,1,0.5398050215790768,,0.454937253372644,0.5436156878333761,0.9929901466429584
DES_ETA,lineage,GB,10.1021/acs.jced.0c00715,153,0.10045010225950027,,0.0829825011103849,0.06742786866883672,1.489741619342115
DES_ETA,lineage,GB,10.1021/acs.jced.6b00486,23,1.0287969352638549,,1.0897471411023227,0.5633578401035719,1.8261873041026875
DES_ETA,lineage,GB,10.1021/acs.jced.6b00563,11,0.2747203118783696,,0.2771725601542836,0.16535370974081734,1.6614100301044243
DES_ETA,lineage,GB,10.1021/acs.jced.6b00680,65,0.5290804209819602,,0.3878215435747551,0.1538202647280965,3.439601550011631
DES_ETA,lineage,GB,10.1021/acs.jced.7b00184,14,0.2559972201044778,,0.2576735160954617,0.22434413030672098,1.1410916780148472
DES_ETA,lineage,GB,10.1021/acs.jced.7b01037,90,1.3175615816160067,,1.1821983268185499,0.08195270152673927,16.077097607162063
DES_ETA,lineage,GB,10.1021/acs.jced.9b00246,1,0.249817161370274,,0.5425780527888052,0.2622315812037169,0.9526585631812261
DES_ETA,lineage,GB,10.1021/acs.jced.9b00247,1,0.09062730135771878,,0.29368483074152263,0.11136510331623821,0.8137854557577945
DES_ETA,lineage,GB,10.1021/acs.jced.9b00248,1,0.05708321284943322,,0.18973376834793496,0.08938372537859834,0.6386309432466436
DES_ETA,lineage,GB,10.1021/acs.jced.9b00249,1,0.0439880986558253,,0.1354358832980716,0.024670347155230612,1.7830352519582982
DES_ETA,lineage,GB,10.1021/acs.jced.9b00250,1,0.08857579288894328,,0.17109634252771716,0.06798816419675595,1.3028119516892276
DES_ETA,lineage,GB,10.1021/acs.jced.9b00251,1,0.49912035007610994,,0.7529575184412556,0.6592484050468058,0.7571051310176063
DES_ETA,lineage,GB,10.1021/acs.jced.9b00252,1,0.16405759001096237,,0.3905708155913058,0.21026580343718604,0.7802390466216361
DES_ETA,lineage,GB,10.1021/acs.jced.9b00253,1,0.05001140918624935,,0.21447781044876882,0.05899308316059847,0.8477503888057848
DES_ETA,lineage,GB,10.1021/acs.jced.9b00254,1,0.07698483606364884,,0.14367002625170186,0.061956073162744645,1.2425712627304029
DES_ETA,lineage,GB,10.1021/acs.jced.9b00255,1,0.08442346390471568,,0.10491872236430791,0.06291500650692738,1.3418652971993266
DES_ETA,lineage,GB,10.1021/acs.jced.9b00256,1,0.28818821719577464,,0.4474633725137986,0.40962409482749906,0.7035431285289419
DES_ETA,lineage,GB,10.1021/acs.jced.9b00257,1,0.09744826828990613,,0.21432844023504136,0.1622316923833603,0.6006734372198484
DES_ETA,lineage,GB,10.1021/acs.jced.9b00258,1,0.08116032216640312,,0.15542102292316348,0.09589953912343632,0.8463056538982764
DES_ETA,lineage,GB,10.1021/acs.jced.9b00259,1,0.04925907833465523,,0.1462144413112327,0.08703701729659238,0.5659554964618921
DES_ETA,lineage,GB,10.1021/acs.jced.9b00260,1,0.12367941381320487,,0.17130917092703196,0.08013246557421437,1.5434370192772824
DES_ETA,lineage,GB,10.1021/acs.jpcb.0c03876,3,1.4271639858230452,,1.3997459875650553,1.3791096216580974,1.0348444847387637
DES_ETA,lineage,GB,10.1021/acssuschemeng.0c04215,7,0.5334181785971346,,0.5950940057757355,0.6293882928603467,0.8475184312261959
DES_ETA,lineage,GB,10.1021/acssuschemeng.1c01674,35,0.6520865447967302,,0.19856894491082017,0.09716552808685533,6.711089391845186
DES_ETA,lineage,GB,10.1021/acssuschemeng.5b00532,104,0.4737569044225468,,0.34050608559005524,0.11229829583928014,4.218736365337026
DES_ETA,lineage,GB,10.1021/acssuschemeng.5b00619,15,0.38150722069246296,,0.4837257814839806,0.3667234476051418,1.0403131383713407
DES_ETA,lineage,GB,10.1021/acssuschemeng.7b04235,38,0.07484329383761448,,0.06974858774039669,0.048044329616845946,1.557796610640435
DES_ETA,lineage,GB,10.1021/acssuschemeng.8b01203,187,0.15061107750212172,,0.07895987712407701,0.0523835873369786,2.875157757586457
DES_ETA,lineage,GB,10.1021/acssuschemeng.8b02042,17,0.6951508528228345,,0.4893179854435551,0.21882884860304389,3.176687430658834
DES_ETA,lineage,GB,10.1021/acssuschemeng.8b03520,17,1.0385287952949476,,0.8504344754766026,0.8734306230656858,1.1890226514497257
DES_ETA,lineage,GB,10.1021/acssuschemeng.8b04843,14,0.10793933308989134,,0.11714888542600355,0.09350865688964344,1.1543244944398958
DES_ETA,lineage,GB,10.1021/acssuschemeng.8b05072,26,0.25269154962474843,,0.33051436245858246,0.18237090181139742,1.385591380614406
DES_ETA,lineage,GB,10.1021/acssuschemeng.8b05548,2,0.19711715563219,,0.2374388688203156,0.32810263130186196,0.6007789539817426
DES_ETA,lineage,GB,10.1021/acssuschemeng.9b02845,24,0.3345138003882799,,0.13111657101793578,0.0782292345646232,4.276071499995905
DES_ETA,lineage,GB,10.1021/acssuschemeng.9b03245,21,0.33336039761616915,,0.19185082348059726,0.09703939130492766,3.4353100646380614
DES_ETA,lineage,GB,10.1021/je100104v,32,0.30638944404668533,,0.2783670845672427,0.265560530877291,1.1537461648932326
DES_ETA,lineage,GB,10.1021/je300997v,35,0.07217457002747399,,0.09085859347364884,0.07035923917672063,1.0258008880140648
DES_ETA,lineage,GB,10.1021/je5001796,72,0.8273464739113567,,0.2806524231473095,0.16972859001249505,4.874526288414046
DES_ETA,lineage,GB,10.1021/sc500439w,62,0.2497156523101866,,0.45656866053404715,0.15169409547756316,1.6461791180733312
DES_ETA,lineage,GB,10.1039/c1ra00630d,18,0.779270017893888,,0.6344324526833369,0.7105555275420927,1.0967053068878205
DES_ETA,lineage,GB,10.1039/c2ra22990k,8,0.680675798213213,,0.6655205189102577,0.5104269790711075,1.3335419680439506
DES_ETA,lineage,GB,10.1039/c6cc06105b,21,0.12917964159122283,,0.11710430189462029,0.09645170753776507,1.3393193846842302
DES_ETA,lineage,GB,10.1039/c6nj03140d,315,0.499364974876279,,0.4430669470763174,0.18959668851714007,2.6338275145092265
DES_ETA,lineage,GB,10.1039/d0cp01431a,27,0.6609766952047879,,0.5317046713063355,0.5276711568169541,1.2526299508049037
DES_ETA,lineage,GB,10.1039/d0gc00793e,3,0.3144226380495936,,0.27441133546893015,0.2106935618956649,1.4923220017766614
DES_ETA,lineage,GB,10.1080/01496395.2016.1247864,4,0.6169574751308295,,0.33554090149325366,0.357412278830161,1.7261787344021329
DES_ETA,lineage,GB,10.13140/rg.2.2.13424.10245,5,2.2275329507504154,,0.5310033111500368,0.5375772757849682,4.143651621988264
DES_ETA,lineage,GB,10.3390/molecules26144208,286,0.13467461165262265,,0.07564509926842468,0.06215274138520596,2.166833009310815
DES_ETA,lineage,GB,http://pubs.acs.org/journal/acscii,1209,0.39316421933085816,,0.28129114970589475,0.15527158510496697,2.5321066894826285
DES_ETA,lineage,KNN,10.1002/apj.1873,270,0.27041990354205214,,0.15373674462493755,0.13555666875750794,1.9948845454869935
DES_ETA,lineage,KNN,10.1002/ceat.201600475,11,0.38327411037228354,,0.24102208624479926,0.23128000542549204,1.657186533125351
DES_ETA,lineage,KNN,10.1002/chem.200400127,4,0.9222331934814085,,0.24290214318065184,0.24550680773543318,3.756446519704006
DES_ETA,lineage,KNN,10.1002/cphc.200500489,6,0.6481885354447816,,0.8186215277786608,0.7106071227239047,0.9121616076125727
DES_ETA,lineage,KNN,10.1002/slct.201701223,16,0.7382462496385273,,0.8708920315169035,0.6874567111791143,1.073880344221674
DES_ETA,lineage,KNN,10.1007/978-3-030-25135-2_4,3,2.2811483523398373,,2.2771711192806148,2.4634514935446337,0.9259968618491113
DES_ETA,lineage,KNN,10.1016/j.arabjc.2021.103512,45,0.8286807772137279,,0.5639857791394098,0.3549663525241279,2.3345333193444033
DES_ETA,lineage,KNN,10.1016/j.arabjc.2022.104469,11,1.404472513277384,,0.8587767658775121,0.8929769056207129,1.5727982486860934
DES_ETA,lineage,KNN,10.1016/j.cclet.2013.09.004,13,1.2636350190394066,,0.9089515012832975,0.9309286351747164,1.357391932414076
DES_ETA,lineage,KNN,10.1016/j.cej.2018.10.077,15,0.6067935069859294,,0.4428317985531473,0.13460595547102988,4.507924666947774
DES_ETA,lineage,KNN,10.1016/j.cej.2020.125173,4,0.2370654791025693,,0.20913898159012684,0.22256051568763235,1.0651731209829463
DES_ETA,lineage,KNN,10.1016/j.cep.2015.04.001,14,1.2639649567598001,,0.5529529661841662,0.41299488906560256,3.060485711141632
DES_ETA,lineage,KNN,10.1016/j.chroma.2018.07.070,12,0.029404965360136162,,0.046797307912603565,0.03749977805659346,0.7841370505115827
DES_ETA,lineage,KNN,10.1016/j.cjche.2020.07.004,19,3.0801007889857273,,0.6563361033800365,0.717503814934983,4.292800574537478
DES_ETA,lineage,KNN,10.1016/j.crgsc.2022.100285,7,0.5119666072046335,,0.40577880540230843,0.425319767440361,1.2037216381588054
DES_ETA,lineage,KNN,10.1016/j.fluid.2014.01.028,117,0.5421283361776644,,0.1514077419541049,0.13461711063505324,4.0271874327133155
DES_ETA,lineage,KNN,10.1016/j.fluid.2019.01.025,28,0.8671976665121883,,0.6780097668663972,0.4133977444428448,2.0977319740361686
DES_ETA,lineage,KNN,10.1016/j.fluid.2021.113290,90,0.9395988808227037,,0.054895599410116236,0.05936774068517293,15.826758269367124
DES_ETA,lineage,KNN,10.1016/j.foodchem.2018.09.048,6,0.213076730528883,,0.3199687049066469,0.23075400965091541,0.9233934043062801
DES_ETA,lineage,KNN,10.1016/j.foodchem.2019.125752,8,0.4492234796914101,,0.3909278291784192,0.4516196506700307,0.9946942721047111
DES_ETA,lineage,KNN,10.1016/j.foodchem.2021.131930,63,0.18374744665360113,,0.14960004295819845,0.14742151410141083,1.2464086247764474
DES_ETA,lineage,KNN,10.1016/j.foodchem.2022.133379,4,0.32098445634434103,,0.3166500360243768,0.3281113654858229,0.9782789933810146
DES_ETA,lineage,KNN,10.1016/j.ijggc.2016.02.006,7,0.3994795478712116,,0.2223497161326479,0.23461263700541474,1.7027196529997308
DES_ETA,lineage,KNN,10.1016/j.jclepro.2022.133589,1,0.3542429062688453,,0.39985824532219605,0.4502109619298623,0.786837585540692
DES_ETA,lineage,KNN,10.1016/j.jcou.2022.102217,112,2.141048570270752,,0.5824576526053146,0.4714994518438443,4.540935438838739
DES_ETA,lineage,KNN,10.1016/j.jct.2013.05.041,20,0.5403519536721283,,0.6009743227652138,0.16595369510531344,3.2560405077405687
DES_ETA,lineage,KNN,10.1016/j.jct.2018.12.017,43,0.787991440279528,,0.49940268884945355,0.2050006556804964,3.8438483899663787
DES_ETA,lineage,KNN,10.1016/j.jct.2019.105883,15,0.18685623777918214,,0.16070353285789493,0.12792890082956593,1.4606256801043145
DES_ETA,lineage,KNN,10.1016/j.jct.2021.106713,66,0.35745508233505824,,0.30369760429702436,0.2312572882356314,1.5457029919456724
DES_ETA,lineage,KNN,10.1016/j.jct.2022.106999,30,0.5173893403907375,,0.26864822952345746,0.19711241375849903,2.624844019335281
DES_ETA,lineage,KNN,10.1016/j.jhazmat.2021.127972,24,0.1984387101331531,,0.09551501147550018,0.095137857307744,2.085801759138427
DES_ETA,lineage,KNN,10.1016/j.jhazmat.2022.129835,3,0.37447069749576906,,0.4521631535874863,0.45901596296688674,0.8158119274879843
DES_ETA,lineage,KNN,10.1016/j.jiec.2022.04.015,35,0.8465985031900586,,0.9571136277874487,0.7365771645113248,1.1493683811820672
DES_ETA,lineage,KNN,10.1016/j.jmgm.2022.108319,25,0.9888178312197795,,0.09294649480585615,0.0958563572249252,10.315620787670206
DES_ETA,lineage,KNN,10.1016/j.jobe.2021.103056,8,0.9252300637810409,,0.6774391505519791,0.6421284082397858,1.440880129127597
DES_ETA,lineage,KNN,10.1016/j.jpha.2021.03.002,16,0.31499890221189386,,0.3925017263096778,0.31679436808320866,0.9943323933371088
DES_ETA,lineage,KNN,10.1016/j.jtice.2015.12.020,48,0.33339554337893895,,0.303193779169353,0.1746864724084414,1.9085366988201213
DES_ETA,lineage,KNN,10.1016/j.molliq.2012.11.025,4,0.42124193077103456,,0.39377365060792596,0.3820742502514318,1.1025132693287434
DES_ETA,lineage,KNN,10.1016/j.molliq.2016.02.062,48,0.4191984933045031,,0.24461120874066725,0.214284561026398,1.9562701638260418
DES_ETA,lineage,KNN,10.1016/j.molliq.2016.07.039,35,0.7874893940204213,,0.8333405776826579,0.8118573951865261,0.9699848750401464
DES_ETA,lineage,KNN,10.1016/j.molliq.2016.10.115,90,0.4435314478727768,,0.15193963948665112,0.09968845999320322,4.449175440196557
DES_ETA,lineage,KNN,10.1016/j.molliq.2017.05.084,57,1.0404422149538763,,0.4224803753112962,0.1867212013121896,5.57216967137172
DES_ETA,lineage,KNN,10.1016/j.molliq.2017.06.024,130,0.1877146383728223,,0.21022553780787534,0.030362096311085007,6.182532208893919
DES_ETA,lineage,KNN,10.1016/j.molliq.2017.09.091,118,1.4681309315861897,,0.050759480986083946,0.04738678040649769,30.981867073308887
DES_ETA,lineage,KNN,10.1016/j.molliq.2020.113761,18,0.8804175280893991,,0.49311185952879627,0.7252174221861251,1.2140049330798377
DES_ETA,lineage,KNN,10.1016/j.molliq.2021.118393,38,0.54601157569739,,0.4702269992930343,0.2335155832632673,2.338223291427246
DES_ETA,lineage,KNN,10.1016/j.molliq.2022.119392,9,0.8397545651920392,,0.7462055286023883,0.7553351844003915,1.1117641313884543
DES_ETA,lineage,KNN,10.1016/j.molliq.2022.119396,90,1.0776008225432956,,0.12731463028763587,0.11207798281935254,9.614741409828675
DES_ETA,lineage,KNN,10.1016/j.molliq.2022.119560,27,0.296039474818577,,0.1857473484330631,0.16706881696493986,1.7719612803668934
DES_ETA,lineage,KNN,10.1016/j.molliq.2022.120000,14,1.6059073492479787,,0.7746541772298898,0.7560041967802135,2.1242042783458914
DES_ETA,lineage,KNN,10.1016/j.molliq.2022.120056,9,0.28771572330622835,,0.2852020183693781,0.21602233434598928,1.331879521519346
DES_ETA,lineage,KNN,10.1016/j.molliq.2022.120420,337,0.23405287840946482,,0.042639376705318935,0.0447034649583505,5.235676443146591
DES_ETA,lineage,KNN,10.1016/j.molliq.2022.120521,3,0.8383328026230655,,0.48385760557168034,0.38913317665273384,2.1543596201030213
DES_ETA,lineage,KNN,10.1016/j.molliq.2022.120660,15,1.522493277321607,,0.7405314647076991,0.7445322734990707,2.0448989674636415
DES_ETA,lineage,KNN,10.1016/j.molliq.2023.121216,30,0.2741101727376599,,0.23672815379203005,0.1546040874382386,1.7729814087040985
DES_ETA,lineage,KNN,10.1016/j.molliq.2023.121258,78,0.3201084112499292,,0.08128995630353231,0.08529940699946749,3.752762445956132
DES_ETA,lineage,KNN,10.1016/j.seppur.2019.115703,43,0.15682437295934246,,0.1527522205443862,0.07733742491408785,2.027794087190705
DES_ETA,lineage,KNN,10.1016/j.seppur.2020.116692,22,0.8892179406815789,,0.16504323038954152,0.09886810883786355,8.99398148840726
DES_ETA,lineage,KNN,10.1016/j.seppur.2020.117211,3,0.44637460360837666,,0.4220206422279974,0.41589336479566935,1.0732909957043506
DES_ETA,lineage,KNN,10.1016/j.seppur.2023.123281,15,0.9257846100704987,,0.2220358310895434,0.13918968172573873,6.651244536176737
DES_ETA,lineage,KNN,10.1016/j.talanta.2022.124243,10,0.20587469682906792,,0.15870235818517778,0.16051911549940906,1.2825556394859765
DES_ETA,lineage,KNN,10.1016/j.tca.2012.04.030,24,0.44552729837300964,,0.37570879409958713,0.39624490094937176,1.1243735813522422
DES_ETA,lineage,KNN,10.1021/acs.iecr.7b02478,28,1.3643953877637542,,1.2464172564498652,1.132706924723657,1.2045440510541785
DES_ETA,lineage,KNN,10.1021/acs.jced.0c00386,40,0.11096667759613081,,0.08564239756203365,0.07187322292532064,1.5439223827687532
DES_ETA,lineage,KNN,10.1021/acs.jced.0c00579,1,0.5949711466946104,,0.548741354263814,0.5414622816762269,1.098822885414537
DES_ETA,lineage,KNN,10.1021/acs.jced.0c00715,153,0.07503333057127408,,0.07548331809528736,0.06160644838723279,1.217946051680263
DES_ETA,lineage,KNN,10.1021/acs.jced.6b00486,23,1.0352038972638964,,0.9936230758074306,0.579487161633242,1.7864138600521369
DES_ETA,lineage,KNN,10.1021/acs.jced.6b00563,11,0.37330460404530125,,0.354276460806645,0.23608315700549304,1.5812420029465102
DES_ETA,lineage,KNN,10.1021/acs.jced.6b00680,65,0.7651459504509791,,0.44657795933991506,0.18217193542720586,4.200130764690283
DES_ETA,lineage,KNN,10.1021/acs.jced.7b00184,14,0.32696246229436304,,0.39673745453750636,0.2655375897061719,1.231322701453155
DES_ETA,lineage,KNN,10.1021/acs.jced.7b01037,90,1.2257995371628019,,1.3794518342022197,0.06617547640867194,18.52347128704868
DES_ETA,lineage,KNN,10.1021/acs.jced.9b00246,1,0.11439238843933933,,0.3480073377240246,0.10856544264357183,1.0536721967311253
DES_ETA,lineage,KNN,10.1021/acs.jced.9b00247,1,0.019483091936654852,,0.2867353808261947,0.05463961141704512,0.3565744966220056
DES_ETA,lineage,KNN,10.1021/acs.jced.9b00248,1,0.10501528228902643,,0.2447082333487364,0.12018804464727095,0.8737581395655974
DES_ETA,lineage,KNN,10.1021/acs.jced.9b00249,1,0.1259416096653459,,0.2253590627063011,0.12701639953404634,0.9915381803244049
DES_ETA,lineage,KNN,10.1021/acs.jced.9b00250,1,0.15058545285678862,,0.1758871830430845,0.17900753312172907,0.8412241106880524
DES_ETA,lineage,KNN,10.1021/acs.jced.9b00251,1,0.38319412678701653,,0.6815367152984263,0.4296254520083303,0.8919260369601811
DES_ETA,lineage,KNN,10.1021/acs.jced.9b00252,1,0.13164194761093168,,0.48465670453855897,0.16382922991082513,0.8035315046196976
DES_ETA,lineage,KNN,10.1021/acs.jced.9b00253,1,0.029986927792674544,,0.23514689316138607,0.05064809782476916,0.5920642448690266
DES_ETA,lineage,KNN,10.1021/acs.jced.9b00254,1,0.014721151923196436,,0.07102282414352407,0.07508329357767193,0.19606428037107543
DES_ETA,lineage,KNN,10.1021/acs.jced.9b00255,1,0.16895942627317684,,0.1377944277323737,0.18663459066724636,0.9052953456758569
DES_ETA,lineage,KNN,10.1021/acs.jced.9b00256,1,0.10274456481431683,,0.30220977679842004,0.19771680967982883,0.5196551824839549
DES_ETA,lineage,KNN,10.1021/acs.jced.9b00257,1,0.04082724865937893,,0.2872740268937844,0.0720175717962739,0.5669067651277196
DES_ETA,lineage,KNN,10.1021/acs.jced.9b00258,1,0.10184548049656814,,0.16176024608169506,0.14243161038808763,0.7150482973482273
DES_ETA,lineage,KNN,10.1021/acs.jced.9b00259,1,0.2028556241241044,,0.2386212181732944,0.20518695904505058,0.9886379966261194
DES_ETA,lineage,KNN,10.1021/acs.jced.9b00260,1,0.3054002180105327,,0.3225592426727995,0.2883838397217149,1.0590060050009678
DES_ETA,lineage,KNN,10.1021/acs.jpcb.0c03876,3,1.4959144879570048,,1.538525760604314,1.5249631607141754,0.9809512298358956
DES_ETA,lineage,KNN,10.1021/acssuschemeng.0c04215,7,0.8631361046729316,,0.6002635135682716,0.6031979340760372,1.4309334563538598
DES_ETA,lineage,KNN,10.1021/acssuschemeng.1c01674,35,0.3780920808253546,,0.2108153316070537,0.15445746974025015,2.447871776361408
DES_ETA,lineage,KNN,10.1021/acssuschemeng.5b00532,104,0.7036203522745924,,0.36599959195082077,0.13226667179135973,5.319710118543681
DES_ETA,lineage,KNN,10.1021/acssuschemeng.5b00619,15,0.5878313878746079,,0.5849019693392471,0.47406776597672706,1.2399733330602902
DES_ETA,lineage,KNN,10.1021/acssuschemeng.7b04235,38,0.21178099628082642,,0.08440269926549436,0.05295354076610443,3.9993736625896688
DES_ETA,lineage,KNN,10.1021/acssuschemeng.8b01203,187,0.19638689424066397,,0.08021939001404732,0.06734043923737257,2.91632927353514
DES_ETA,lineage,KNN,10.1021/acssuschemeng.8b02042,17,0.541858158113752,,0.42786161643354204,0.3198705692122366,1.6939919150680753
DES_ETA,lineage,KNN,10.1021/acssuschemeng.8b03520,17,0.9611495222135192,,0.8632608215232029,0.9111967511055097,1.0548210592799023
DES_ETA,lineage,KNN,10.1021/acssuschemeng.8b04843,14,0.30640675768920017,,0.3345438913974943,0.21877328790068573,1.4005675035989609
DES_ETA,lineage,KNN,10.1021/acssuschemeng.8b05072,26,0.4881500227588766,,0.42708867425913066,0.24342546520708197,2.005336715054062
DES_ETA,lineage,KNN,10.1021/acssuschemeng.8b05548,2,0.139894497506911,,0.23491955726269012,0.09110872525148792,1.5354676198219155
DES_ETA,lineage,KNN,10.1021/acssuschemeng.9b02845,24,0.3428409350143662,,0.19152139398363505,0.14908641108109516,2.2996122351344197
DES_ETA,lineage,KNN,10.1021/acssuschemeng.9b03245,21,0.3324210363039086,,0.17578721224808996,0.1826856374496173,1.819634213968171
DES_ETA,lineage,KNN,10.1021/je100104v,32,0.4666015833029765,,0.47927397344636413,0.4392402583210252,1.0622923888774192
DES_ETA,lineage,KNN,10.1021/je300997v,35,0.02921986418515796,,0.055168214037059134,0.03428375304894117,0.8522947923305145
DES_ETA,lineage,KNN,10.1021/je5001796,72,1.2824134816367647,,0.4021870962827238,0.3632000319946969,3.5308738124105927
DES_ETA,lineage,KNN,10.1021/sc500439w,62,0.2964333049897367,,0.38950223278272067,0.18297090977252875,1.620111663423795
DES_ETA,lineage,KNN,10.1039/c1ra00630d,18,0.8423173576600845,,0.8449958373076234,0.7928694215901555,1.06236580037449
DES_ETA,lineage,KNN,10.1039/c2ra22990k,8,0.531262146455994,,0.5293618778892187,0.45956888106622157,1.1560011313721692
DES_ETA,lineage,KNN,10.1039/c6cc06105b,21,0.11622503063294735,,0.12649848942676897,0.11370899242350539,1.022126994143709
DES_ETA,lineage,KNN,10.1039/c6nj03140d,315,0.4619558088519385,,0.44326858445948025,0.3115845595263333,1.482601735959566
DES_ETA,lineage,KNN,10.1039/d0cp01431a,27,0.5256199209243717,,0.477990474589729,0.46423718462297664,1.132222791139073
DES_ETA,lineage,KNN,10.1039/d0gc00793e,3,0.4056468113945263,,0.3322800033833196,0.3660083882708679,1.1082992204384223
DES_ETA,lineage,KNN,10.1080/01496395.2016.1247864,4,1.5898508118399022,,0.7020821089357037,0.7372243467582091,2.156535956565923
DES_ETA,lineage,KNN,10.13140/rg.2.2.13424.10245,5,1.8325926571600832,,0.9644698697244575,1.0204002440303692,1.79595474215267
DES_ETA,lineage,KNN,10.3390/molecules26144208,286,0.24332429710962067,,0.09314103985822775,0.09818088383648117,2.478326611062839
DES_ETA,lineage,KNN,http://pubs.acs.org/journal/acscii,1209,0.5474103901813197,,0.36395956911905186,0.26181182852681817,2.0908543103706516
DES_ETA,lineage,RF,10.1002/apj.1873,270,0.45694340131340033,0.45694340131340033,0.19876702972998173,0.12027411876452977,3.7991831160949503
DES_ETA,lineage,RF,10.1002/ceat.201600475,11,0.24117417438458633,0.24117417438458633,0.20079451287479286,0.19353739021436672,1.2461373697219744
DES_ETA,lineage,RF,10.1002/chem.200400127,4,0.9336193041596361,0.9336193041596361,0.32601969016444987,0.3296822509553156,2.8318761518228555
DES_ETA,lineage,RF,10.1002/cphc.200500489,6,0.6673425760210828,0.6673425760210828,0.6685563422400576,0.6573640784296938,1.0151795601841
DES_ETA,lineage,RF,10.1002/slct.201701223,16,0.827660956113657,0.827660956113657,0.9623039480287099,0.7370098884644155,1.1229984414973264
DES_ETA,lineage,RF,10.1007/978-3-030-25135-2_4,3,1.407809417709678,1.407809417709678,1.437537679543064,1.4676027048146556,0.9592578516591594
DES_ETA,lineage,RF,10.1016/j.arabjc.2021.103512,45,0.5475922347588916,0.5475922347588916,0.27961431731313663,0.19199433207679792,2.8521270853967406
DES_ETA,lineage,RF,10.1016/j.arabjc.2022.104469,11,1.0257324434345254,1.0257324434345254,0.491356030242444,0.513762856847615,1.9965095369647625
DES_ETA,lineage,RF,10.1016/j.cclet.2013.09.004,13,0.8380585146812898,0.8380585146812898,0.41444164719209414,0.4200693526888809,1.9950479827124816
DES_ETA,lineage,RF,10.1016/j.cej.2018.10.077,15,0.2655255076241598,0.2655255076241598,0.3020201091347881,0.22049551431248962,1.2042218112784506
DES_ETA,lineage,RF,10.1016/j.cej.2020.125173,4,0.2161738013349821,0.2161738013349821,0.20639678503892658,0.20805536019982618,1.0390205814806146
DES_ETA,lineage,RF,10.1016/j.cep.2015.04.001,14,0.8673737674168451,0.8673737674168451,0.5089741104003824,0.3720160652653531,2.331549221666439
DES_ETA,lineage,RF,10.1016/j.chroma.2018.07.070,12,0.04785027832755391,0.04785027832755391,0.05510463375437712,0.04897650655410985,0.9770047252081634
DES_ETA,lineage,RF,10.1016/j.cjche.2020.07.004,19,3.0952394432413626,3.0952394432413626,0.7981200203598555,0.8798707869332016,3.517834083377004
DES_ETA,lineage,RF,10.1016/j.crgsc.2022.100285,7,0.2712847971654281,0.2712847971654281,0.2783577498703315,0.28002792513107566,0.9687776568656319
DES_ETA,lineage,RF,10.1016/j.fluid.2014.01.028,117,1.1260713765998547,1.1260713765998547,0.26947250048760935,0.14665859833691006,7.678181772970433
DES_ETA,lineage,RF,10.1016/j.fluid.2019.01.025,28,0.8437567781634084,0.8437567781634084,0.5254910881675203,0.30087543813349316,2.8043391756991753
DES_ETA,lineage,RF,10.1016/j.fluid.2021.113290,90,0.40002374894331333,0.40002374894331333,0.07289602333053836,0.06894022673905667,5.802472197508571
DES_ETA,lineage,RF,10.1016/j.foodchem.2018.09.048,6,0.23908323654300523,0.23908323654300523,0.30269367579612705,0.25264314435727775,0.9463278220005976
DES_ETA,lineage,RF,10.1016/j.foodchem.2019.125752,8,0.33851780963977834,0.33851780963977834,0.27729860766000497,0.2951325151938571,1.147002760497005
DES_ETA,lineage,RF,10.1016/j.foodchem.2021.131930,63,0.1879773049704817,0.1879773049704817,0.16914831979009246,0.12083567163290353,1.5556441440699167
DES_ETA,lineage,RF,10.1016/j.foodchem.2022.133379,4,0.2919353398172969,0.2919353398172969,0.26121502414160325,0.27799808161900647,1.05013436825579
DES_ETA,lineage,RF,10.1016/j.ijggc.2016.02.006,7,0.27110063740799556,0.27110063740799556,0.2643023626261656,0.27783575468338917,0.975758637389674
DES_ETA,lineage,RF,10.1016/j.jclepro.2022.133589,1,0.1634638318320381,0.1634638318320381,0.19954326959632748,0.25518200027111876,0.6405774375087802
DES_ETA,lineage,RF,10.1016/j.jcou.2022.102217,112,2.2771706844904798,2.2771706844904798,0.6310728850762327,0.3331519532563271,6.83523137785245
DES_ETA,lineage,RF,10.1016/j.jct.2013.05.041,20,0.16000367482617145,0.16000367482617145,0.18445517135014736,0.08845781659509813,1.8088132963824253
DES_ETA,lineage,RF,10.1016/j.jct.2018.12.017,43,0.5941761116085014,0.5941761116085014,0.4097812699359779,0.17591952802914157,3.377544939241051
DES_ETA,lineage,RF,10.1016/j.jct.2019.105883,15,0.1787382423718685,0.1787382423718685,0.12524415840167552,0.09591071068406352,1.8635900109284411
DES_ETA,lineage,RF,10.1016/j.jct.2021.106713,66,0.4865652381667183,0.4865652381667183,0.4681236078707344,0.21773063338911097,2.2347119033873724
DES_ETA,lineage,RF,10.1016/j.jct.2022.106999,30,0.2990751663319065,0.2990751663319065,0.2111804518605545,0.1648424198812585,1.814309487493209
DES_ETA,lineage,RF,10.1016/j.jhazmat.2021.127972,24,0.2693374186380466,0.2693374186380466,0.14521849681199342,0.15347153488080983,1.7549666056785147
DES_ETA,lineage,RF,10.1016/j.jhazmat.2022.129835,3,0.4342431280928826,0.4342431280928826,0.407821204010508,0.4573039315211408,0.9495722607248303
DES_ETA,lineage,RF,10.1016/j.jiec.2022.04.015,35,0.6488724570358735,0.6488724570358735,0.7247713944673848,0.5154522001199345,1.258841182334453
DES_ETA,lineage,RF,10.1016/j.jmgm.2022.108319,25,0.590933616733388,0.590933616733388,0.08175811386171253,0.0734783512805988,8.042281929771848
DES_ETA,lineage,RF,10.1016/j.jobe.2021.103056,8,0.7434242596015612,0.7434242596015612,0.545272889597887,0.5245322314677883,1.417309013635352
DES_ETA,lineage,RF,10.1016/j.jpha.2021.03.002,16,0.6128163562922757,0.6128163562922757,0.4345858489567653,0.3870245554742796,1.5834043282894528
DES_ETA,lineage,RF,10.1016/j.jtice.2015.12.020,48,0.40749890321564025,0.40749890321564025,0.5137126836265729,0.21250498388657996,1.9175969229650358
DES_ETA,lineage,RF,10.1016/j.molliq.2012.11.025,4,0.49421017188938976,0.49421017188938976,0.39154776361439847,0.3966827009641331,1.2458576355566229
DES_ETA,lineage,RF,10.1016/j.molliq.2016.02.062,48,0.4911722518902981,0.4911722518902981,0.24174116724292175,0.19881595527646176,2.47048709550148
DES_ETA,lineage,RF,10.1016/j.molliq.2016.07.039,35,0.8099154644505037,0.8099154644505037,0.8502389867184434,0.8260692455287534,0.9804450036535255
DES_ETA,lineage,RF,10.1016/j.molliq.2016.10.115,90,0.42682214968910376,0.42682214968910376,0.20931490107090905,0.09236847737501518,4.620863760222113
DES_ETA,lineage,RF,10.1016/j.molliq.2017.05.084,57,0.40280537373547004,0.40280537373547004,0.15570960922463628,0.088795977006333,4.536302063625491
DES_ETA,lineage,RF,10.1016/j.molliq.2017.06.024,130,0.1508998758047645,0.1508998758047645,0.1024012981186846,0.04761182551690648,3.1693780729155505
DES_ETA,lineage,RF,10.1016/j.molliq.2017.09.091,118,0.8722499606256593,0.8722499606256593,0.0525716687607749,0.05562980559893536,15.679543569038689
DES_ETA,lineage,RF,10.1016/j.molliq.2020.113761,18,0.5341846551113576,0.5341846551113576,0.45222671957350613,0.4815816400880079,1.109229693668838
DES_ETA,lineage,RF,10.1016/j.molliq.2021.118393,38,0.4959336578445099,0.4959336578445099,0.3523615167929042,0.18411704468133733,2.6935782002304713
DES_ETA,lineage,RF,10.1016/j.molliq.2022.119392,9,0.7654345924364951,0.7654345924364951,0.6215534441149801,0.6201860735824071,1.234201516353121
DES_ETA,lineage,RF,10.1016/j.molliq.2022.119396,90,0.4742774122590826,0.4742774122590826,0.10554450101519469,0.11776564928424983,4.027298411222815
DES_ETA,lineage,RF,10.1016/j.molliq.2022.119560,27,0.4267409508739777,0.4267409508739777,0.09262864742802304,0.11125042170029652,3.835859175649671
DES_ETA,lineage,RF,10.1016/j.molliq.2022.120000,14,1.321309765200419,1.321309765200419,0.6931255176143176,0.69933830616054,1.8893713579834983
DES_ETA,lineage,RF,10.1016/j.molliq.2022.120056,9,0.08168214260740694,0.08168214260740694,0.09890163686117415,0.0821440326284907,0.9943770715132441
DES_ETA,lineage,RF,10.1016/j.molliq.2022.120420,337,0.17412770570488847,0.17412770570488847,0.05215912502585335,0.0491035822178868,3.5461304010822157
DES_ETA,lineage,RF,10.1016/j.molliq.2022.120521,3,0.9898507415583236,0.9898507415583236,0.55753524956093,0.4743827421035081,2.0866078246631132
DES_ETA,lineage,RF,10.1016/j.molliq.2022.120660,15,0.542516705030541,0.542516705030541,0.32650517558767533,0.34165326268589435,1.5879160666155099
DES_ETA,lineage,RF,10.1016/j.molliq.2023.121216,30,0.16291808788017909,0.16291808788017909,0.14787306933309624,0.09042022692575168,1.8017880890075495
DES_ETA,lineage,RF,10.1016/j.molliq.2023.121258,78,0.24455744082677902,0.24455744082677902,0.06580515640247801,0.057763352859241855,4.233781952074671
DES_ETA,lineage,RF,10.1016/j.seppur.2019.115703,43,0.06000595469327996,0.06000595469327996,0.05827789216352458,0.047256565023503824,1.2697908674368317
DES_ETA,lineage,RF,10.1016/j.seppur.2020.116692,22,0.15328875407211598,0.15328875407211598,0.06143117340028723,0.05454568469598193,2.8102819668777186
DES_ETA,lineage,RF,10.1016/j.seppur.2020.117211,3,0.09375062365403992,0.09375062365403992,0.07888257027905231,0.06836504621189904,1.3713239271931112
DES_ETA,lineage,RF,10.1016/j.seppur.2023.123281,15,0.39858468638159,0.39858468638159,0.16464945843699028,0.12562845976603054,3.1727260457058137
DES_ETA,lineage,RF,10.1016/j.talanta.2022.124243,10,0.2903540224974051,0.2903540224974051,0.19748258009805575,0.19761131370996957,1.4693188211053152
DES_ETA,lineage,RF,10.1016/j.tca.2012.04.030,24,0.45855811037011146,0.45855811037011146,0.30499437204252405,0.37016122394793893,1.2388064462273474
DES_ETA,lineage,RF,10.1021/acs.iecr.7b02478,28,1.325868756364151,1.325868756364151,1.2874911965849527,1.0600906120498268,1.2507126667223347
DES_ETA,lineage,RF,10.1021/acs.jced.0c00386,40,0.11727578334552045,0.11727578334552045,0.0812897991734563,0.07922754032648674,1.4802401142612995
DES_ETA,lineage,RF,10.1021/acs.jced.0c00579,1,0.39841169769415863,0.39841169769415863,0.3801404689831653,0.39198347613027346,1.0163992156693584
DES_ETA,lineage,RF,10.1021/acs.jced.0c00715,153,0.0729123123456992,0.0729123123456992,0.063307209913751,0.05461294135730392,1.3350738951903738
DES_ETA,lineage,RF,10.1021/acs.jced.6b00486,23,0.9023821088176752,0.9023821088176752,0.9289541223790229,0.6023923557438388,1.4979972773781414
DES_ETA,lineage,RF,10.1021/acs.jced.6b00563,11,0.2634180363323722,0.2634180363323722,0.24957369680105876,0.1937433182107115,1.3596238505933083
DES_ETA,lineage,RF,10.1021/acs.jced.6b00680,65,0.467088745497557,0.467088745497557,0.4204090942032018,0.16520604331777908,2.8273102854905674
DES_ETA,lineage,RF,10.1021/acs.jced.7b00184,14,0.1658581414992093,0.1658581414992093,0.1634755750811,0.1523410506768136,1.0887291426857213
DES_ETA,lineage,RF,10.1021/acs.jced.7b01037,90,1.3197238109984568,1.3197238109984568,1.2682507319339211,0.07386662887455356,17.866306221172234
DES_ETA,lineage,RF,10.1021/acs.jced.9b00246,1,0.1392458071567785,0.1392458071567785,0.30591979891068494,0.14992823425568486,0.9287497304831275
DES_ETA,lineage,RF,10.1021/acs.jced.9b00247,1,0.024493720069270485,0.024493720069270485,0.21786977025089735,0.05979173114445433,0.4096506256039765
DES_ETA,lineage,RF,10.1021/acs.jced.9b00248,1,0.03821841794973164,0.03821841794973164,0.1714326051676309,0.03764879596943499,1.0151298857142494
DES_ETA,lineage,RF,10.1021/acs.jced.9b00249,1,0.03326032404681833,0.03326032404681833,0.1730375118738007,0.01891338389878701,1.7585601933957173
DES_ETA,lineage,RF,10.1021/acs.jced.9b00250,1,0.06485416961234619,0.06485416961234619,0.15415266860613816,0.05925398201028376,1.0945115823792315
DES_ETA,lineage,RF,10.1021/acs.jced.9b00251,1,0.393079413052543,0.393079413052543,0.5134852231391792,0.4094132160128295,0.9601043583317677
DES_ETA,lineage,RF,10.1021/acs.jced.9b00252,1,0.1739923773586946,0.1739923773586946,0.29443537291049404,0.17643838678099213,0.9861367502450944
DES_ETA,lineage,RF,10.1021/acs.jced.9b00253,1,0.04831675690783768,0.04831675690783768,0.17676321540987977,0.07592238164816151,0.6363967496666076
DES_ETA,lineage,RF,10.1021/acs.jced.9b00254,1,0.006812899391501819,0.006812899391501819,0.12276055248942627,0.02976967795987857,0.22885364768418906
DES_ETA,lineage,RF,10.1021/acs.jced.9b00255,1,0.10929245187973513,0.10929245187973513,0.06386264777228375,0.10132359860389131,1.078647554820835
DES_ETA,lineage,RF,10.1021/acs.jced.9b00256,1,0.04189691964711773,0.04189691964711773,0.04880796661005575,0.08794094966121224,0.4764210508133395
DES_ETA,lineage,RF,10.1021/acs.jced.9b00257,1,0.09425589062374569,0.09425589062374569,0.14789580390941917,0.07786134264457198,1.2105608177605276
DES_ETA,lineage,RF,10.1021/acs.jced.9b00258,1,0.1280550777503274,0.1280550777503274,0.16706599549000675,0.13641332749950777,0.9387284959439867
DES_ETA,lineage,RF,10.1021/acs.jced.9b00259,1,0.1522599635067286,0.1522599635067286,0.16069039338817553,0.14572681989665923,1.0448314429334442
DES_ETA,lineage,RF,10.1021/acs.jced.9b00260,1,0.20883529556651795,0.20883529556651795,0.1975043308445589,0.20974347083214298,0.9956700665721707
DES_ETA,lineage,RF,10.1021/acs.jpcb.0c03876,3,1.4181686597707808,1.4181686597707808,1.4193055882426262,1.3934392137074252,1.017747057654248
DES_ETA,lineage,RF,10.1021/acssuschemeng.0c04215,7,0.5239395019022149,0.5239395019022149,0.5362279893114233,0.5518772425447167,0.9493768931045602
DES_ETA,lineage,RF,10.1021/acssuschemeng.1c01674,35,0.5954286506982585,0.5954286506982585,0.22203244117138535,0.13172053713259813,4.520393430364338
DES_ETA,lineage,RF,10.1021/acssuschemeng.5b00532,104,0.43832910522943386,0.43832910522943386,0.38117015130401133,0.14642600989631496,2.993519426909311
DES_ETA,lineage,RF,10.1021/acssuschemeng.5b00619,15,0.4308469059536666,0.4308469059536666,0.5744475685727671,0.4162965574239512,1.0349518829071112
DES_ETA,lineage,RF,10.1021/acssuschemeng.7b04235,38,0.09578663034653509,0.09578663034653509,0.056464202325026545,0.032914733023538686,2.9101445324813695
DES_ETA,lineage,RF,10.1021/acssuschemeng.8b01203,187,0.24623738415451102,0.24623738415451102,0.06641386702857689,0.04810225590275465,5.119040251507411
DES_ETA,lineage,RF,10.1021/acssuschemeng.8b02042,17,0.6252188933774163,0.6252188933774163,0.5036530050904514,0.32141729971899924,1.945193659221259
DES_ETA,lineage,RF,10.1021/acssuschemeng.8b03520,17,1.017989499130563,1.017989499130563,0.8810905613383608,0.9251078953500531,1.1004008335107378
DES_ETA,lineage,RF,10.1021/acssuschemeng.8b04843,14,0.18840499633893215,0.18840499633893215,0.23427211542860488,0.19828914802155465,0.9501528359910646
DES_ETA,lineage,RF,10.1021/acssuschemeng.8b05072,26,0.3131736919080811,0.3131736919080811,0.36903609624756145,0.23903256472033724,1.31017165913978
DES_ETA,lineage,RF,10.1021/acssuschemeng.8b05548,2,0.06538372576735839,0.06538372576735839,0.09014471773664955,0.04798165850068393,1.362681653999651
DES_ETA,lineage,RF,10.1021/acssuschemeng.9b02845,24,0.24859392267709846,0.24859392267709846,0.09962250161165098,0.08731834629935539,2.8469838609269864
DES_ETA,lineage,RF,10.1021/acssuschemeng.9b03245,21,0.5043701076959809,0.5043701076959809,0.24602873867771524,0.1971718875126515,2.5580224141416616
DES_ETA,lineage,RF,10.1021/je100104v,32,0.4022206207512926,0.4022206207512926,0.4044244489819745,0.38718336451403,1.0388375576418074
DES_ETA,lineage,RF,10.1021/je300997v,35,0.06548026239110817,0.06548026239110817,0.10274944843545968,0.07663679218946058,0.8544233196664682
DES_ETA,lineage,RF,10.1021/je5001796,72,1.0078941547753366,1.0078941547753366,0.36540385799341774,0.2150622947425365,4.686521902790747
DES_ETA,lineage,RF,10.1021/sc500439w,62,0.24843946189636412,0.24843946189636412,0.5438481762877903,0.15716031452446919,1.5808027786663863
DES_ETA,lineage,RF,10.1039/c1ra00630d,18,0.7604176431159073,0.7604176431159073,0.640512341472075,0.7390542288322406,1.0289064231692746
DES_ETA,lineage,RF,10.1039/c2ra22990k,8,0.6884664041111695,0.6884664041111695,0.6108399552349503,0.5474833809751044,1.2575110551939768
DES_ETA,lineage,RF,10.1039/c6cc06105b,21,0.10328855156261701,0.10328855156261701,0.11770043818623412,0.09696674540418379,1.065195610434095
DES_ETA,lineage,RF,10.1039/c6nj03140d,315,0.48616397616966267,0.48616397616966267,0.4594834083793217,0.21684284871601567,2.2420106498709513
DES_ETA,lineage,RF,10.1039/d0cp01431a,27,0.5640051708627754,0.5640051708627754,0.45977569097347865,0.45879730447873457,1.2293123027467945
DES_ETA,lineage,RF,10.1039/d0gc00793e,3,0.21329478440837246,0.21329478440837246,0.16637398364796593,0.20432252515553684,1.04391223750786
DES_ETA,lineage,RF,10.1080/01496395.2016.1247864,4,0.7971092410154059,0.7971092410154059,0.3749051735744315,0.355687736985138,2.24103661197831
DES_ETA,lineage,RF,10.13140/rg.2.2.13424.10245,5,1.9010206068633706,1.9010206068633706,0.8053283860761322,0.8868751495398705,2.1435041988149743
DES_ETA,lineage,RF,10.3390/molecules26144208,286,0.17376789530524897,0.17376789530524897,0.0618087453460277,0.06372304663139525,2.7269238445300026
DES_ETA,lineage,RF,http://pubs.acs.org/journal/acscii,1209,0.3998488442886951,0.3998488442886951,0.2854191113449957,0.18843697045504632,2.121923544637348
DES_ETA,raw,GB,10.1002/apj.1873,272,0.5418646073216955,,0.2157785169587951,0.11191178824000617,4.841890348133942
DES_ETA,raw,GB,10.1002/ceat.201600475,11,0.3943539303273602,,0.23275152230578447,0.19671004739278294,2.004747269161751
DES_ETA,raw,GB,10.1002/chem.200400127,4,0.8121781137487537,,0.356222032857867,0.3151291020521125,2.5772869229146753
DES_ETA,raw,GB,10.1002/cphc.200500489,6,0.6848328375462583,,0.7810564614453904,0.7270090061260989,0.9419867316299447
DES_ETA,raw,GB,10.1002/slct.201701223,16,0.7896864569638978,,0.8547137056886246,0.639631682098901,1.2345955947219562
DES_ETA,raw,GB,10.1007/978-3-030-25135-2_4,3,1.2236264803757817,,1.1819079290876942,1.2708882955130114,0.9628119833158493
DES_ETA,raw,GB,10.1016/j.arabjc.2021.103512,45,0.6689897194720869,,0.34729919271211884,0.15555695378980675,4.300609539937675
DES_ETA,raw,GB,10.1016/j.arabjc.2022.104469,11,0.8726953033429731,,0.4602806347263354,0.40801383597113977,2.138886543555111
DES_ETA,raw,GB,10.1016/j.cclet.2013.09.004,13,0.7930814833532467,,0.3794547121886269,0.4297411630774929,1.8454864264660507
DES_ETA,raw,GB,10.1016/j.cej.2018.10.077,15,0.43731076969618715,,0.3554644268388171,0.21409774194627193,2.0425753476929747
DES_ETA,raw,GB,10.1016/j.cej.2020.125173,4,0.20403197508583515,,0.22387406013296826,0.20012089561191784,1.0195435837020328
DES_ETA,raw,GB,10.1016/j.cep.2015.04.001,14,1.2640456873284727,,0.5405203072263843,0.2764665787212866,4.572146453198566
DES_ETA,raw,GB,10.1016/j.chroma.2018.07.070,12,0.09958439490899904,,0.09330615310227418,0.08073679194795533,1.2334450317668464
DES_ETA,raw,GB,10.1016/j.cjche.2020.07.004,19,2.984149592306512,,0.5243875072952129,0.44477296388639703,6.709377220753727
DES_ETA,raw,GB,10.1016/j.crgsc.2022.100285,7,0.30407451708985445,,0.3246258272365814,0.28286846404023414,1.0749678940760397
DES_ETA,raw,GB,10.1016/j.fluid.2014.01.028,117,0.9757176602660763,,0.2626186033993146,0.10561455594140534,9.238477135740661
DES_ETA,raw,GB,10.1016/j.fluid.2019.01.025,28,0.7145418012583975,,0.5896748192754839,0.21533047188471346,3.318349674359877
DES_ETA,raw,GB,10.1016/j.fluid.2021.113290,90,0.3251322185490412,,0.16004058237806015,0.10522217799940059,3.089959025091586
DES_ETA,raw,GB,10.1016/j.foodchem.2018.09.048,6,0.24418663556654643,,0.32714131578079536,0.27485739784015684,0.888412091089333
DES_ETA,raw,GB,10.1016/j.foodchem.2019.125752,8,0.30117999181350114,,0.25564978465864885,0.27937704687049103,1.0780412893157867
DES_ETA,raw,GB,10.1016/j.foodchem.2021.131930,63,0.22490218945482573,,0.17858531863916063,0.13509669915522482,1.6647497004824319
DES_ETA,raw,GB,10.1016/j.foodchem.2022.133379,4,0.2168008848111742,,0.2394925144964269,0.23735963256052553,0.9133856607057692
DES_ETA,raw,GB,10.1016/j.ijggc.2016.02.006,7,0.41457524253304806,,0.37971609458109395,0.38794209008789565,1.068652392008091
DES_ETA,raw,GB,10.1016/j.jclepro.2022.133589,1,0.10145210978196981,,0.11431539851690395,0.12387229867517374,0.8190056281106427
DES_ETA,raw,GB,10.1016/j.jcou.2022.102217,112,2.3891694051117005,,0.5633519814753924,0.26281379991649817,9.090730417774079
DES_ETA,raw,GB,10.1016/j.jct.2013.05.041,20,0.25248268948643393,,0.1955988360877695,0.08243914011610379,3.0626555436028085
DES_ETA,raw,GB,10.1016/j.jct.2018.12.017,43,0.4169546559860887,,0.37456263209965024,0.13975640548013535,2.98343860915451
DES_ETA,raw,GB,10.1016/j.jct.2019.105883,15,0.4656227729846739,,0.12633100947936127,0.08075665224423818,5.765751304009697
DES_ETA,raw,GB,10.1016/j.jct.2021.106713,66,0.42050351628178667,,0.40127105862835866,0.18765890392165935,2.2407863815368514
DES_ETA,raw,GB,10.1016/j.jct.2022.106999,30,0.1851997727756471,,0.17113952654721745,0.10497440515036653,1.764237411113355
DES_ETA,raw,GB,10.1016/j.jhazmat.2021.127972,25,0.34547655830700885,,0.15060623783633287,0.154764148187497,2.23227771000596
DES_ETA,raw,GB,10.1016/j.jhazmat.2022.129835,3,0.30130112013521543,,0.3134206856801942,0.4070343909848448,0.7402350435455806
DES_ETA,raw,GB,10.1016/j.jiec.2022.04.015,35,0.6001699928885075,,0.5605344561296541,0.38879535087835004,1.5436655596128626
DES_ETA,raw,GB,10.1016/j.jmgm.2022.108319,25,0.39953389573623627,,0.11409880576278209,0.08491305955329756,4.70521139902467
DES_ETA,raw,GB,10.1016/j.jobe.2021.103056,8,0.45305464847401833,,0.4067252489964701,0.4453743740997557,1.01724453588015
DES_ETA,raw,GB,10.1016/j.jpha.2021.03.002,16,0.6951111949886688,,0.35530601035749165,0.3298096616685874,2.107613195659375
DES_ETA,raw,GB,10.1016/j.jtice.2015.12.020,48,0.3108110723859927,,0.2262655880939809,0.1536873381326194,2.022359656706323
DES_ETA,raw,GB,10.1016/j.molliq.2012.11.025,4,0.37787654384057406,,0.35993041606916476,0.35189120231428456,1.073844817248603
DES_ETA,raw,GB,10.1016/j.molliq.2016.02.062,48,0.5644320006512685,,0.2063132683196473,0.14932681550315743,3.779843551537694
DES_ETA,raw,GB,10.1016/j.molliq.2016.07.039,35,0.8344196255629829,,0.8489409356750713,0.8137575380808967,1.0253909629283608
DES_ETA,raw,GB,10.1016/j.molliq.2016.10.115,90,0.29502620275940583,,0.18689065211882724,0.06835588252518564,4.316032386103768
DES_ETA,raw,GB,10.1016/j.molliq.2017.05.084,57,0.27961160360774134,,0.15405506623887572,0.09484936861031473,2.9479542953682243
DES_ETA,raw,GB,10.1016/j.molliq.2017.06.024,130,0.10370070248715677,,0.0943339622132995,0.045955415847054655,2.2565501927408427
DES_ETA,raw,GB,10.1016/j.molliq.2017.09.091,118,0.41589531504345484,,0.05794388967347037,0.055262954920613054,7.525752389478654
DES_ETA,raw,GB,10.1016/j.molliq.2020.113761,18,0.5664980898080149,,0.4392336805628663,0.472647213588849,1.1985643277288116
DES_ETA,raw,GB,10.1016/j.molliq.2021.118393,38,0.6531451568147365,,0.27118082327942183,0.11002049978435985,5.936576893350792
DES_ETA,raw,GB,10.1016/j.molliq.2022.119392,9,0.872887837195577,,0.6788829530249542,0.7074688270208603,1.2338180904327523
DES_ETA,raw,GB,10.1016/j.molliq.2022.119396,90,0.43284513145082093,,0.09144494123673597,0.05422216234188195,7.982808371264186
DES_ETA,raw,GB,10.1016/j.molliq.2022.119560,27,0.35408420609190705,,0.06948131492819004,0.05839551999931556,6.063550869930728
DES_ETA,raw,GB,10.1016/j.molliq.2022.120000,14,0.9933281767034228,,0.7289188615040866,0.7454752926350227,1.3324763228467538
DES_ETA,raw,GB,10.1016/j.molliq.2022.120056,9,0.06539082931966712,,0.07140479796272285,0.06081689046502595,1.0752083643156916
DES_ETA,raw,GB,10.1016/j.molliq.2022.120420,337,0.1590471824278064,,0.05691431544434815,0.04830035674019938,3.292878006746372
DES_ETA,raw,GB,10.1016/j.molliq.2022.120521,3,0.8707403308496529,,0.47311052085430194,0.4030693506220141,2.160274229499047
DES_ETA,raw,GB,10.1016/j.molliq.2022.120660,15,0.7379142822510929,,0.38420450365101444,0.3814920441430539,1.9342848522796086
DES_ETA,raw,GB,10.1016/j.molliq.2023.121216,30,0.1972661778393472,,0.22595423058092742,0.07018396769310575,2.8107014226088682
DES_ETA,raw,GB,10.1016/j.molliq.2023.121258,78,0.16516145924054743,,0.07875582197552722,0.06529356048165152,2.52952141102736
DES_ETA,raw,GB,10.1016/j.seppur.2019.115703,43,0.10252648336878525,,0.08625456425406938,0.056112337727568205,1.8271647113788596
DES_ETA,raw,GB,10.1016/j.seppur.2020.116692,22,0.05787308575924138,,0.27090766630292323,0.07592036171391965,0.7622867495984363
DES_ETA,raw,GB,10.1016/j.seppur.2020.117211,3,0.10462524951428445,,0.08769429277490778,0.10152029547748952,1.0305845646152931
DES_ETA,raw,GB,10.1016/j.seppur.2023.123281,15,0.40455063127221436,,0.17700221948745892,0.14036861267436843,2.882059055543306
DES_ETA,raw,GB,10.1016/j.talanta.2022.124243,10,0.27392735601351537,,0.2301794459194108,0.23014565751225557,1.1902347364469754
DES_ETA,raw,GB,10.1016/j.tca.2012.04.030,24,0.47813301920177537,,0.31610660977366534,0.3519579006785118,1.3584949173751195
DES_ETA,raw,GB,10.1021/acs.iecr.7b02478,28,1.3131130020540693,,1.365060359436632,1.0098204343857853,1.3003430682730828
DES_ETA,raw,GB,10.1021/acs.jced.0c00386,40,0.11002772745630549,,0.10650559929164609,0.08988818873424723,1.2240510016460608
DES_ETA,raw,GB,10.1021/acs.jced.0c00579,1,0.5363279833628964,,0.6197884869471082,0.5572048391923643,0.9625328885159583
DES_ETA,raw,GB,10.1021/acs.jced.0c00715,153,0.092082345091064,,0.08472624388175896,0.06272581374284493,1.4680135592751515
DES_ETA,raw,GB,10.1021/acs.jced.6b00486,23,1.05076753035296,,1.0269873052635372,0.5833417836447085,1.801289672390317
DES_ETA,raw,GB,10.1021/acs.jced.6b00563,11,0.28827543499927727,,0.28969408039793565,0.162599205718204,1.772920314868445
DES_ETA,raw,GB,10.1021/acs.jced.6b00680,65,0.47411898680088455,,0.35869042764108616,0.1523471945895362,3.112095290486228
DES_ETA,raw,GB,10.1021/acs.jced.7b00184,14,0.19326477643292528,,0.24747033486578582,0.2042116783029453,0.9463943396333072
DES_ETA,raw,GB,10.1021/acs.jced.7b01037,90,1.3122512493979368,,1.181875099992745,0.08848237900475242,14.830650623978537
DES_ETA,raw,GB,10.1021/acs.jced.9b00246,1,0.22114148104052442,,0.638968914899805,0.43740321575574836,0.5055780869338937
DES_ETA,raw,GB,10.1021/acs.jced.9b00247,1,0.06927972438726661,,0.31329564169561613,0.22900627812442714,0.30252325374950856
DES_ETA,raw,GB,10.1021/acs.jced.9b00248,1,0.07446651492280286,,0.14347804155869928,0.09020261416508286,0.8255471929729128
DES_ETA,raw,GB,10.1021/acs.jced.9b00249,1,0.0400638573924758,,0.10475795403661062,0.06699675464434278,0.597996986647454
DES_ETA,raw,GB,10.1021/acs.jced.9b00250,1,0.05160619902795477,,0.12342145391721634,0.0709050147018462,0.7278215686853396
DES_ETA,raw,GB,10.1021/acs.jced.9b00251,1,0.5232410344727706,,0.8347562030609535,0.652412198439935,0.8020098884171052
DES_ETA,raw,GB,10.1021/acs.jced.9b00252,1,0.1340921268948876,,0.4088101442274455,0.3331112701680139,0.40254455163661834
DES_ETA,raw,GB,10.1021/acs.jced.9b00253,1,0.03785804174839413,,0.17061955106193236,0.08355542712410217,0.45308896203911214
DES_ETA,raw,GB,10.1021/acs.jced.9b00254,1,0.06450353575794517,,0.09412758740482009,0.08394543901190482,0.7683983372675854
DES_ETA,raw,GB,10.1021/acs.jced.9b00255,1,0.07269016312338131,,0.1031438276756892,0.10381980706662915,0.7001569852343343
DES_ETA,raw,GB,10.1021/acs.jced.9b00256,1,0.40219219586465,,0.2897273398810126,0.3924972186820814,1.0247007538425934
DES_ETA,raw,GB,10.1021/acs.jced.9b00257,1,0.05269920483997615,,0.06511246076874351,0.15290176183871312,0.34466054678667063
DES_ETA,raw,GB,10.1021/acs.jced.9b00258,1,0.08758399472172605,,0.1006867170252061,0.07855468061215246,1.1149430439944625
DES_ETA,raw,GB,10.1021/acs.jced.9b00259,1,0.10952536649632845,,0.09099036569697164,0.09562982511525117,1.1453055191132122
DES_ETA,raw,GB,10.1021/acs.jced.9b00260,1,0.10664131692669057,,0.1284746233013109,0.12859684659330214,0.8292685221430997
DES_ETA,raw,GB,10.1021/acs.jpcb.0c03876,3,1.38807518786145,,1.494070721163302,1.401683387573623,0.9902915310027827
DES_ETA,raw,GB,10.1021/acssuschemeng.0c04215,7,0.55421290315757,,0.6225581960784002,0.6088021989257139,0.9103332808842156
DES_ETA,raw,GB,10.1021/acssuschemeng.1c01674,35,0.6310358452919086,,0.18680362503926334,0.09025746828645753,6.991508373458231
DES_ETA,raw,GB,10.1021/acssuschemeng.5b00532,104,0.37746301382135405,,0.32693088733286757,0.12612495532935025,2.992770247852096
DES_ETA,raw,GB,10.1021/acssuschemeng.5b00619,15,0.37952421498000893,,0.4938364891263282,0.3748902440456995,1.0123608736367773
DES_ETA,raw,GB,10.1021/acssuschemeng.7b04235,39,0.039392881498091885,,0.05915894274747289,0.038197947342955146,1.0312826797840255
DES_ETA,raw,GB,10.1021/acssuschemeng.8b01203,187,0.055955723283515904,,0.07087672182387889,0.04615167299197885,1.2124310920048553
DES_ETA,raw,GB,10.1021/acssuschemeng.8b02042,17,0.7610969319473597,,0.4899816798285434,0.23174535895863793,3.28419492570378
DES_ETA,raw,GB,10.1021/acssuschemeng.8b03520,17,0.8078250915218521,,0.8472482111333136,0.7571387337442662,1.0669446107015652
DES_ETA,raw,GB,10.1021/acssuschemeng.8b04843,14,0.107663743022858,,0.12155774868149091,0.0995106151213002,1.0819322430237157
DES_ETA,raw,GB,10.1021/acssuschemeng.8b05072,26,0.24400507461950635,,0.3415673259982423,0.20767955193018775,1.1749114072700308
DES_ETA,raw,GB,10.1021/acssuschemeng.8b05548,2,0.2302976619333621,,0.31736666675834746,0.3712537328106293,0.6203241653352839
DES_ETA,raw,GB,10.1021/acssuschemeng.9b02845,24,0.4057731126223127,,0.15047211310818062,0.07206667870870816,5.630523286114491
DES_ETA,raw,GB,10.1021/acssuschemeng.9b03245,21,0.3183932322634151,,0.17799263204279533,0.08484463293410892,3.7526620276698237
DES_ETA,raw,GB,10.1021/je100104v,32,0.32390449902928925,,0.27804841507889666,0.25173803402362893,1.2866728712074018
DES_ETA,raw,GB,10.1021/je300997v,35,0.0707000159004833,,0.095776018235251,0.07074577111216922,0.9993532445690164
DES_ETA,raw,GB,10.1021/je5001796,72,0.8402846793269945,,0.2836156296653773,0.14847073732373334,5.6595979414771405
DES_ETA,raw,GB,10.1021/sc500439w,62,0.2546673715716454,,0.46851461524091237,0.16281624113888296,1.5641398535568267
DES_ETA,raw,GB,10.1039/c1ra00630d,18,0.7724106070982374,,0.6332612662316921,0.7099470694954954,1.0879833726859807
DES_ETA,raw,GB,10.1039/c2ra22990k,8,0.7237883456272816,,0.6636882500521497,0.559877028430225,1.292763069162935
DES_ETA,raw,GB,10.1039/c6cc06105b,21,0.0783893175115534,,0.10475039333142273,0.07568618982003054,1.0357149395147311
DES_ETA,raw,GB,10.1039/c6nj03140d,315,0.5216663023931775,,0.44709059727573264,0.19563155861379428,2.6665754037313794
DES_ETA,raw,GB,10.1039/d0cp01431a,27,0.6520594389049531,,0.5444912025622964,0.5477381700268786,1.19045827840144
DES_ETA,raw,GB,10.1039/d0gc00793e,3,0.08892476890217507,,0.33443626240384955,0.16816247661772682,0.5288026835161459
DES_ETA,raw,GB,10.1080/01496395.2016.1247864,4,0.6355834919650423,,0.40268200654909747,0.36081269735190724,1.7615330519955235
DES_ETA,raw,GB,10.13140/rg.2.2.13424.10245,5,2.355290766492716,,0.6255787877705753,0.49850806701025485,4.724679342940834
DES_ETA,raw,GB,10.3390/molecules26144208,286,0.14203818843572036,,0.0771122671250634,0.0667140906328998,2.129058300701393
DES_ETA,raw,GB,http://pubs.acs.org/journal/acscii,1461,0.35969145331434066,,0.2676343842750596,0.14411039689711802,2.495943811542815
DES_ETA,raw,KNN,10.1002/apj.1873,272,0.19929731412781837,,0.156895148804097,0.13195508340067835,1.510342072405479
DES_ETA,raw,KNN,10.1002/ceat.201600475,11,0.3862035744144805,,0.24450915985790525,0.23484932196343009,1.6444738745067307
DES_ETA,raw,KNN,10.1002/chem.200400127,4,0.3085275539931698,,0.24261818524019643,0.22949474018566404,1.3443774517166156
DES_ETA,raw,KNN,10.1002/cphc.200500489,6,0.6042174906223842,,0.8072208040527653,0.5671907219170179,1.065280984463606
DES_ETA,raw,KNN,10.1002/slct.201701223,16,0.7376529912316592,,0.8490929475201372,0.6830255615663124,1.079978602177165
DES_ETA,raw,KNN,10.1007/978-3-030-25135-2_4,3,1.9919878667440103,,2.3436898431138684,2.502898438772077,0.7958724316921466
DES_ETA,raw,KNN,10.1016/j.arabjc.2021.103512,45,0.7830039021299013,,0.5842633907995911,0.3200821534886379,2.44625916689134
DES_ETA,raw,KNN,10.1016/j.arabjc.2022.104469,11,1.4362003254898321,,0.8826008660315919,0.8142428382272483,1.7638476607503188
DES_ETA,raw,KNN,10.1016/j.cclet.2013.09.004,13,1.2645475545818083,,0.952137083500956,0.9603060534706624,1.3168172271866665
DES_ETA,raw,KNN,10.1016/j.cej.2018.10.077,15,0.5974991770336557,,0.4270922606245761,0.26042027623131336,2.294365038238952
DES_ETA,raw,KNN,10.1016/j.cej.2020.125173,4,0.22971283108242713,,0.20130037926717517,0.2244307212254685,1.0235355918660176
DES_ETA,raw,KNN,10.1016/j.cep.2015.04.001,14,1.2334888421178851,,0.5508705951308075,0.4025727758306929,3.064014548854254
DES_ETA,raw,KNN,10.1016/j.chroma.2018.07.070,12,0.03107724894315889,,0.04955829205936473,0.03921008406585777,0.7925830735522305
DES_ETA,raw,KNN,10.1016/j.cjche.2020.07.004,19,2.9489275786418783,,0.7611966372611395,0.686950334551243,4.292781341417198
DES_ETA,raw,KNN,10.1016/j.crgsc.2022.100285,7,0.5560390825832571,,0.43572259940052266,0.48670241170874456,1.1424621477240704
DES_ETA,raw,KNN,10.1016/j.fluid.2014.01.028,117,0.5481543308533448,,0.1483602163297782,0.13266122612669065,4.131986013229373
DES_ETA,raw,KNN,10.1016/j.fluid.2019.01.025,28,0.8410080929959335,,0.682037380455161,0.3910432950832207,2.15067769623042
DES_ETA,raw,KNN,10.1016/j.fluid.2021.113290,90,0.9374977251083667,,0.054477873979568534,0.054587337452408825,17.17427097311186
DES_ETA,raw,KNN,10.1016/j.foodchem.2018.09.048,6,0.26332730899132545,,0.30448386449669734,0.2559897272692962,1.0286635788095913
DES_ETA,raw,KNN,10.1016/j.foodchem.2019.125752,8,0.45925224982461005,,0.36981774776383913,0.46655401686352843,0.9843495784518039
DES_ETA,raw,KNN,10.1016/j.foodchem.2021.131930,63,0.18759437904929044,,0.17141870901615058,0.14213000170820914,1.3198788207602996
DES_ETA,raw,KNN,10.1016/j.foodchem.2022.133379,4,0.2940853418335413,,0.2650441946387287,0.2780648328163476,1.0576142939577502
DES_ETA,raw,KNN,10.1016/j.ijggc.2016.02.006,7,0.3493207322814099,,0.257697776844289,0.2810948849954423,1.2427146523390984
DES_ETA,raw,KNN,10.1016/j.jclepro.2022.133589,1,0.3655009593720209,,0.4094596770330875,0.4016368943245863,0.9100283478355903
DES_ETA,raw,KNN,10.1016/j.jcou.2022.102217,112,2.1164169553915624,,0.5877479966815832,0.48187738559898347,4.392023819007013
DES_ETA,raw,KNN,10.1016/j.jct.2013.05.041,20,0.5409086678280333,,0.5495475901930925,0.15168020563104093,3.5661124375304634
DES_ETA,raw,KNN,10.1016/j.jct.2018.12.017,43,0.7613058813283612,,0.5359332707704488,0.24349367605077235,3.1265940605768203
DES_ETA,raw,KNN,10.1016/j.jct.2019.105883,15,0.19002956153625697,,0.1618132605185884,0.1293161066169596,1.4694964649618896
DES_ETA,raw,KNN,10.1016/j.jct.2021.106713,66,0.35346327568282315,,0.2895850334883211,0.22245957171552364,1.5888876929729243
DES_ETA,raw,KNN,10.1016/j.jct.2022.106999,30,0.4630384545432529,,0.2701456985798316,0.21733291213959216,2.130549165263312
DES_ETA,raw,KNN,10.1016/j.jhazmat.2021.127972,25,0.19095513718471582,,0.08681614872503969,0.0915814531342636,2.0850852508833286
DES_ETA,raw,KNN,10.1016/j.jhazmat.2022.129835,3,0.3565275811812391,,0.4178875238816494,0.4059521217764332,0.8782503208040546
DES_ETA,raw,KNN,10.1016/j.jiec.2022.04.015,35,0.8650670776000461,,0.8659497691458746,0.7470514875312844,1.1579751757924444
DES_ETA,raw,KNN,10.1016/j.jmgm.2022.108319,25,0.9762016292137082,,0.094067598053452,0.0886792749573668,11.008227454306818
DES_ETA,raw,KNN,10.1016/j.jobe.2021.103056,8,0.9523801605287304,,0.7069780223600313,0.6848319678192831,1.3906771372858127
DES_ETA,raw,KNN,10.1016/j.jpha.2021.03.002,16,0.3185577572825657,,0.3707804870800455,0.3155521783457573,1.0095248239215613
DES_ETA,raw,KNN,10.1016/j.jtice.2015.12.020,48,0.33281462789749644,,0.20975421635588684,0.1904025750598412,1.7479523467206095
DES_ETA,raw,KNN,10.1016/j.molliq.2012.11.025,4,0.49968889891901597,,0.4246083376726838,0.38528897577336785,1.296919793555006
DES_ETA,raw,KNN,10.1016/j.molliq.2016.02.062,48,0.41933530633344795,,0.22484623963087927,0.21133322606754423,1.9842374724333416
DES_ETA,raw,KNN,10.1016/j.molliq.2016.07.039,35,0.786623548089382,,0.8354585321865607,0.8178918460332728,0.9617696421653544
DES_ETA,raw,KNN,10.1016/j.molliq.2016.10.115,90,0.4433663703337947,,0.14693192442913944,0.10200494855689873,4.346518248440499
DES_ETA,raw,KNN,10.1016/j.molliq.2017.05.084,57,0.982462449730168,,0.4221476193675548,0.17403156402614012,5.645311844595035
DES_ETA,raw,KNN,10.1016/j.molliq.2017.06.024,130,0.18725426735656264,,0.21133179996792137,0.0389803234308475,4.803815127105307
DES_ETA,raw,KNN,10.1016/j.molliq.2017.09.091,118,1.4990405335167873,,0.051149695470975316,0.05350750426409712,28.015519582411645
DES_ETA,raw,KNN,10.1016/j.molliq.2020.113761,18,0.8128925931720545,,0.5322104378035447,0.6935898691683977,1.1720075931136347
DES_ETA,raw,KNN,10.1016/j.molliq.2021.118393,38,0.5491296025119101,,0.470424897637132,0.2390410126220295,2.297219194683513
DES_ETA,raw,KNN,10.1016/j.molliq.2022.119392,9,0.8441045070685431,,0.7688573967654609,0.7794008640161446,1.0830171559202406
DES_ETA,raw,KNN,10.1016/j.molliq.2022.119396,90,1.078475105286288,,0.12679422730442347,0.1049681300362076,10.27430997307735
DES_ETA,raw,KNN,10.1016/j.molliq.2022.119560,27,0.6431260455779749,,0.18763713753250508,0.16581149134401918,3.8786578684323043
DES_ETA,raw,KNN,10.1016/j.molliq.2022.120000,14,1.5958079666707434,,0.7676153135009964,0.7607110004895955,2.09778479033914
DES_ETA,raw,KNN,10.1016/j.molliq.2022.120056,9,0.2917947488433368,,0.2877379437889716,0.21031522450143042,1.387416196497711
DES_ETA,raw,KNN,10.1016/j.molliq.2022.120420,337,0.23399932023469325,,0.043667750055126076,0.043296784452744604,5.404542697393315
DES_ETA,raw,KNN,10.1016/j.molliq.2022.120521,3,0.837459087795205,,0.41343687339717905,0.4416255771685403,1.8963102027842926
DES_ETA,raw,KNN,10.1016/j.molliq.2022.120660,15,1.5612930440105686,,0.7717748048194695,0.7566077468308767,2.0635435607819144
DES_ETA,raw,KNN,10.1016/j.molliq.2023.121216,30,0.2641553394511874,,0.23805175360291705,0.1651202890236485,1.5997751761042225
DES_ETA,raw,KNN,10.1016/j.molliq.2023.121258,78,0.32123572399272465,,0.08314159209484578,0.08993582733848962,3.5718326444443145
DES_ETA,raw,KNN,10.1016/j.seppur.2019.115703,43,0.1500030664179679,,0.15122522800465288,0.07057397469827628,2.125472839800698
DES_ETA,raw,KNN,10.1016/j.seppur.2020.116692,22,2.109119273478006e-06,,0.49044036935553165,0.034401981914832465,6.130807459580275e-05
DES_ETA,raw,KNN,10.1016/j.seppur.2020.117211,3,0.44284092215177445,,0.40483365102855096,0.3954373404976723,1.1198763414563808
DES_ETA,raw,KNN,10.1016/j.seppur.2023.123281,15,0.9281668187389038,,0.22237405810934538,0.1451715446259102,6.393586436864602
DES_ETA,raw,KNN,10.1016/j.talanta.2022.124243,10,0.20316193444502373,,0.1592049751806302,0.16607317565066215,1.223327811063109
DES_ETA,raw,KNN,10.1016/j.tca.2012.04.030,24,0.4668835788022836,,0.4089619356964417,0.39512161533168705,1.181619938484903
DES_ETA,raw,KNN,10.1021/acs.iecr.7b02478,28,1.368873920540373,,1.249527438372298,1.1191582860138336,1.2231280754896299
DES_ETA,raw,KNN,10.1021/acs.jced.0c00386,40,0.10700217312497869,,0.08802139692630989,0.07424639339734426,1.4411767121445938
DES_ETA,raw,KNN,10.1021/acs.jced.0c00579,1,0.5087410450807942,,0.600950500819723,0.5850585600617783,0.8695557672501614
DES_ETA,raw,KNN,10.1021/acs.jced.0c00715,153,0.07498993307763115,,0.07773144377764186,0.06349523618949994,1.181032429800333
DES_ETA,raw,KNN,10.1021/acs.jced.6b00486,23,1.012577232660475,,0.9890222520229377,0.5943355624152008,1.7037130144890975
DES_ETA,raw,KNN,10.1021/acs.jced.6b00563,11,0.3724836853638916,,0.4149474396001702,0.2357758317122603,1.579821318660298
DES_ETA,raw,KNN,10.1021/acs.jced.6b00680,65,0.7498011915417316,,0.49093621565889034,0.1821412065763774,4.116592865696852
DES_ETA,raw,KNN,10.1021/acs.jced.7b00184,14,0.3178098175115313,,0.4002155740003803,0.2784314030062687,1.1414295014143072
DES_ETA,raw,KNN,10.1021/acs.jced.7b01037,90,1.2451010272072383,,1.4798977553339685,0.07109057892386954,17.514290164110342
DES_ETA,raw,KNN,10.1021/acs.jced.9b00246,1,0.1197411356399807,,0.3619677575117233,0.3179455569966267,0.37660892880868635
DES_ETA,raw,KNN,10.1021/acs.jced.9b00247,1,0.022260099865199574,,0.3059317207532308,0.17992254342790884,0.12372046015522632
DES_ETA,raw,KNN,10.1021/acs.jced.9b00248,1,0.10738886239618514,,0.2509538120520568,0.12952205201165587,0.8291164379214828
DES_ETA,raw,KNN,10.1021/acs.jced.9b00249,1,0.12863196353947395,,0.24035657675892466,0.14292919773990265,0.8999698142401507
DES_ETA,raw,KNN,10.1021/acs.jced.9b00250,1,0.1630664058301071,,0.1789531723223521,0.16332619205164506,0.9984094025687208
DES_ETA,raw,KNN,10.1021/acs.jced.9b00251,1,0.38540490633802965,,0.7581169400198969,0.5305883281830531,0.7263727561776762
DES_ETA,raw,KNN,10.1021/acs.jced.9b00252,1,0.13399161403972862,,0.5508367156873002,0.2306896797970394,0.5808305519241881
DES_ETA,raw,KNN,10.1021/acs.jced.9b00253,1,0.030426562228164093,,0.28226946715663,0.04067116297457423,0.7481114382488989
DES_ETA,raw,KNN,10.1021/acs.jced.9b00254,1,0.02602188297684507,,0.09191735069344628,0.06471756460957787,0.40208377947822166
DES_ETA,raw,KNN,10.1021/acs.jced.9b00255,1,0.14382145276740027,,0.13442736534458213,0.18186893190344075,0.7907972585650807
DES_ETA,raw,KNN,10.1021/acs.jced.9b00256,1,0.10967996392459392,,0.38991035686035874,0.1830103584516274,0.5993101420736473
DES_ETA,raw,KNN,10.1021/acs.jced.9b00257,1,0.03865326957424647,,0.3754381944146714,0.15890695884658307,0.2432446625044553
DES_ETA,raw,KNN,10.1021/acs.jced.9b00258,1,0.1188172101706528,,0.18655461613656527,0.10566252007174755,1.1244972208686002
DES_ETA,raw,KNN,10.1021/acs.jced.9b00259,1,0.19594326679344976,,0.23772716990941636,0.190220444301363,1.0300852125180624
DES_ETA,raw,KNN,10.1021/acs.jced.9b00260,1,0.2730727046618702,,0.3210352725616633,0.2578039600524832,1.0592261833614918
DES_ETA,raw,KNN,10.1021/acs.jpcb.0c03876,3,1.6241490165841388,,1.5836499038081602,1.5392997156688542,1.0551220142845386
DES_ETA,raw,KNN,10.1021/acssuschemeng.0c04215,7,0.8471627697267867,,0.5927236412012954,0.5556758319073996,1.5245629215487673
DES_ETA,raw,KNN,10.1021/acssuschemeng.1c01674,35,0.37960889590337715,,0.2112608097588729,0.1584161017709344,2.3962772196748143
DES_ETA,raw,KNN,10.1021/acssuschemeng.5b00532,104,0.7358754892197508,,0.3238391805996195,0.13366894089361572,5.505209245320635
DES_ETA,raw,KNN,10.1021/acssuschemeng.5b00619,15,0.5680434960535792,,0.6179955649323716,0.44020733116458655,1.2903998998626325
DES_ETA,raw,KNN,10.1021/acssuschemeng.7b04235,39,0.0010833121016331282,,0.0744454534582116,0.01647529117884982,0.0657537454041378
DES_ETA,raw,KNN,10.1021/acssuschemeng.8b01203,187,0.024083416438253378,,0.06483271958246717,0.03499215292086131,0.6882519201582348
DES_ETA,raw,KNN,10.1021/acssuschemeng.8b02042,17,0.5717819652704644,,0.4244354222195083,0.3228938459299761,1.770804778343354
DES_ETA,raw,KNN,10.1021/acssuschemeng.8b03520,17,0.8169013093928663,,0.8973651476773139,0.8262193987774686,0.9887220157280379
DES_ETA,raw,KNN,10.1021/acssuschemeng.8b04843,14,0.25363305417009085,,0.31585013596406364,0.21615448745748117,1.1733878725047608
DES_ETA,raw,KNN,10.1021/acssuschemeng.8b05072,26,0.488494827449842,,0.4159679966140508,0.24537539266579442,1.990806095683688
DES_ETA,raw,KNN,10.1021/acssuschemeng.8b05548,2,0.11834948411874653,,0.21272404290487268,0.15264306006193326,0.7753348502757185
DES_ETA,raw,KNN,10.1021/acssuschemeng.9b02845,24,0.3468875042628854,,0.17908369808860572,0.15438260358014252,2.246933891633784
DES_ETA,raw,KNN,10.1021/acssuschemeng.9b03245,21,0.33455674699734217,,0.17643525443043936,0.168231178692503,1.9886726681553664
DES_ETA,raw,KNN,10.1021/je100104v,32,0.4624754460039007,,0.48312925001684603,0.43177724192710726,1.071097318468619
DES_ETA,raw,KNN,10.1021/je300997v,35,0.02688225501477042,,0.06056138615410672,0.03314758534427287,0.8109868256034236
DES_ETA,raw,KNN,10.1021/je5001796,72,1.3439852088883721,,0.41438999910685154,0.35508866809107753,3.7849284690314313
DES_ETA,raw,KNN,10.1021/sc500439w,62,0.28636633600938766,,0.3884118943645594,0.17920303086280906,1.597999401185456
DES_ETA,raw,KNN,10.1039/c1ra00630d,18,0.8545821042580138,,0.8698891897429462,0.7908004976502814,1.0806544846611097
DES_ETA,raw,KNN,10.1039/c2ra22990k,8,0.5764583015833187,,0.49258682812378074,0.44599107773448027,1.2925332598839832
DES_ETA,raw,KNN,10.1039/c6cc06105b,21,0.10596467280969926,,0.11425319289555512,0.09784870261657341,1.0829440756606534
DES_ETA,raw,KNN,10.1039/c6nj03140d,315,0.4577767378947634,,0.45355035791143977,0.30863635160776226,1.4832236562870589
DES_ETA,raw,KNN,10.1039/d0cp01431a,27,0.5215768599721062,,0.48272052960931316,0.47416012849328715,1.1000015155839709
DES_ETA,raw,KNN,10.1039/d0gc00793e,3,0.0071702183483375774,,0.39498247769170314,0.01712733458957315,0.41864180972459614
DES_ETA,raw,KNN,10.1080/01496395.2016.1247864,4,1.6415454212055964,,0.8283594379856836,0.753210964273734,2.179396608742171
DES_ETA,raw,KNN,10.13140/rg.2.2.13424.10245,5,1.8302136698672282,,0.906622426575333,1.079188258946192,1.6959169585984923
DES_ETA,raw,KNN,10.3390/molecules26144208,286,0.2452774197986537,,0.09231977439762962,0.09738583555581112,2.5186149340792685
DES_ETA,raw,KNN,http://pubs.acs.org/journal/acscii,1461,0.498636607375731,,0.3465116287476492,0.2338805929052709,2.1320136107988006
DES_ETA,raw,RF,10.1002/apj.1873,272,0.40109846855859865,0.40483152005564094,0.20405269835562725,0.1161577175601013,3.4530505332206256
DES_ETA,raw,RF,10.1002/ceat.201600475,11,0.24584156732095475,0.24620164989397136,0.20293520313070523,0.19454690058098667,1.2636622150585994
DES_ETA,raw,RF,10.1002/chem.200400127,4,0.6219185221845084,0.6092968792696377,0.36364776194614157,0.3313330659790722,1.8770191871637414
DES_ETA,raw,RF,10.1002/cphc.200500489,6,0.6574610244869694,0.6640130824700555,0.6501303564182568,0.6439863887514752,1.0209237896496821
DES_ETA,raw,RF,10.1002/slct.201701223,16,0.8282910924603797,0.8255630883102597,0.9519517253705081,0.7452762770013047,1.1113879751990678
DES_ETA,raw,RF,10.1007/978-3-030-25135-2_4,3,1.367435904005512,1.347732720125264,1.4092468305828632,1.458247110340096,0.9377257765911808
DES_ETA,raw,RF,10.1016/j.arabjc.2021.103512,45,0.5357978860718208,0.5409916250868451,0.30496033793304644,0.18509265720146065,2.8947549523190514
DES_ETA,raw,RF,10.1016/j.arabjc.2022.104469,11,1.009417584069719,1.0037364110024065,0.5176747035477439,0.49722274535175826,2.0301114410114334
DES_ETA,raw,RF,10.1016/j.cclet.2013.09.004,13,0.8206395294379372,0.8281233037135557,0.39921853647426686,0.4558814262357996,1.8001161754141537
DES_ETA,raw,RF,10.1016/j.cej.2018.10.077,15,0.3436972303984922,0.3557415397182942,0.29129043495847784,0.22907956978426988,1.500339950534047
DES_ETA,raw,RF,10.1016/j.cej.2020.125173,4,0.22013323007186508,0.2140801100979879,0.20858287221895566,0.20765553588888935,1.0600884254280232
DES_ETA,raw,RF,10.1016/j.cep.2015.04.001,14,0.840496459911843,0.8622380068304182,0.5117340699411819,0.36337167965987655,2.3130488889463403
DES_ETA,raw,RF,10.1016/j.chroma.2018.07.070,12,0.05128311034459423,0.04836661569712237,0.057608334825015255,0.04834277714602885,1.060822595890251
DES_ETA,raw,RF,10.1016/j.cjche.2020.07.004,19,2.9622170645391255,2.9768026409218344,0.959030887624879,0.8649287834703995,3.4248103672231434
DES_ETA,raw,RF,10.1016/j.crgsc.2022.100285,7,0.28985838043890444,0.29311245039086464,0.27285018387322213,0.30608051293813104,0.9470004400361626
DES_ETA,raw,RF,10.1016/j.fluid.2014.01.028,117,1.1301547025134686,1.1298210979425087,0.26272514753547027,0.14687284649810325,7.694783136977356
DES_ETA,raw,RF,10.1016/j.fluid.2019.01.025,28,0.8017170433483567,0.8010920992411209,0.5029215325978943,0.28780913600279406,2.7855858034352794
DES_ETA,raw,RF,10.1016/j.fluid.2021.113290,90,0.3948504230794824,0.4055213687534968,0.07062890050985147,0.0642710909639671,6.143515181667775
DES_ETA,raw,RF,10.1016/j.foodchem.2018.09.048,6,0.24028421845747194,0.24431452568144568,0.30866504633381503,0.24146422656322958,0.9951131141761547
DES_ETA,raw,RF,10.1016/j.foodchem.2019.125752,8,0.3362748378546409,0.3393280016596499,0.27756394821132346,0.30557910854296316,1.100451007459373
DES_ETA,raw,RF,10.1016/j.foodchem.2021.131930,63,0.20007747582689692,0.18789040348678324,0.16190931477324522,0.11401586000243773,1.7548214417066113
DES_ETA,raw,RF,10.1016/j.foodchem.2022.133379,4,0.2627215839089905,0.2658085767934407,0.23899998505631642,0.24706518527613283,1.063369505563316
DES_ETA,raw,RF,10.1016/j.ijggc.2016.02.006,7,0.31139403477773986,0.3245908457301807,0.2601434217518117,0.30768382331505134,1.0120585197580878
DES_ETA,raw,RF,10.1016/j.jclepro.2022.133589,1,0.13855735588424217,0.16036693539446847,0.2068659156254857,0.21392104239167628,0.6477032569360436
DES_ETA,raw,RF,10.1016/j.jcou.2022.102217,112,2.2560532266068596,2.259852557247467,0.6644868123892245,0.34947031636641995,6.455636204138682
DES_ETA,raw,RF,10.1016/j.jct.2013.05.041,20,0.16818938370760975,0.1515850348375989,0.1303567258873588,0.08585348553231775,1.9590280192444647
DES_ETA,raw,RF,10.1016/j.jct.2018.12.017,43,0.5516847971006749,0.5422105153412113,0.4405101289535502,0.19860975121740915,2.7777326829072475
DES_ETA,raw,RF,10.1016/j.jct.2019.105883,15,0.19842124879052084,0.16879770851711984,0.12374356777734961,0.09263088183308972,2.1420636926252445
DES_ETA,raw,RF,10.1016/j.jct.2021.106713,66,0.5031488902454053,0.508633666511615,0.4814116964265471,0.21375024183617172,2.3539102736128945
DES_ETA,raw,RF,10.1016/j.jct.2022.106999,30,0.28948512660404885,0.27504948333139273,0.21087305837323256,0.1623899742787037,1.7826539347017607
DES_ETA,raw,RF,10.1016/j.jhazmat.2021.127972,25,0.2534637456354756,0.25716884590416195,0.1443000179837776,0.15791519463907897,1.6050624274299656
DES_ETA,raw,RF,10.1016/j.jhazmat.2022.129835,3,0.4165264645360592,0.42288604063257135,0.3951007267012255,0.4361552364001034,0.9549959046094361
DES_ETA,raw,RF,10.1016/j.jiec.2022.04.015,35,0.6450055975598609,0.6535649541898033,0.6996144375949336,0.5408838904903032,1.192502880747979
DES_ETA,raw,RF,10.1016/j.jmgm.2022.108319,25,0.5835890229407146,0.5765097041393056,0.0820014307354088,0.07041605973604248,8.287726196670507
DES_ETA,raw,RF,10.1016/j.jobe.2021.103056,8,0.6403151662157264,0.6530064723652131,0.5219193908582642,0.5173127763444801,1.2377717997618882
DES_ETA,raw,RF,10.1016/j.jpha.2021.03.002,16,0.6125405813016743,0.6148852512513991,0.4293289475366255,0.37640901975616275,1.6273270542201068
DES_ETA,raw,RF,10.1016/j.jtice.2015.12.020,48,0.4001632617254018,0.3976734305815668,0.26344693221592547,0.22477972699134846,1.7802462307501763
DES_ETA,raw,RF,10.1016/j.molliq.2012.11.025,4,0.5307562345211563,0.535986674418799,0.4338607409821783,0.4287479820856151,1.237921242076357
DES_ETA,raw,RF,10.1016/j.molliq.2016.02.062,48,0.49512020608260654,0.4922358510472207,0.2075670525255258,0.20081385834975599,2.4655679152394923
DES_ETA,raw,RF,10.1016/j.molliq.2016.07.039,35,0.80879794698529,0.8114836088392001,0.8557833211235419,0.8308918447823699,0.9734094179214542
DES_ETA,raw,RF,10.1016/j.molliq.2016.10.115,90,0.43571890067228647,0.4336858060036133,0.20709929239348776,0.09560504877055313,4.557488399153353
DES_ETA,raw,RF,10.1016/j.molliq.2017.05.084,57,0.3943785152114836,0.38622586522927943,0.17214108353792326,0.08698247518701786,4.533999686299391
DES_ETA,raw,RF,10.1016/j.molliq.2017.06.024,130,0.14693289637071966,0.14717043448781023,0.1021435012275204,0.04791437179598938,3.0665725306038243
DES_ETA,raw,RF,10.1016/j.molliq.2017.09.091,118,0.8299298532618754,0.8325375913969031,0.05166936177690171,0.0581445416094722,14.273564298366974
DES_ETA,raw,RF,10.1016/j.molliq.2020.113761,18,0.549414741643392,0.5453506512075218,0.48161170954727167,0.48444599918630277,1.1341093590745173
DES_ETA,raw,RF,10.1016/j.molliq.2021.118393,38,0.4966445153790433,0.502059191044671,0.35869020664904283,0.1821352798324137,2.72678920764838
DES_ETA,raw,RF,10.1016/j.molliq.2022.119392,9,0.7546375649596985,0.7465640549574576,0.6373993050433855,0.6497795326602406,1.1613747848753595
DES_ETA,raw,RF,10.1016/j.molliq.2022.119396,90,0.3596309993325341,0.38956377815050014,0.10542620900066155,0.11450749622748287,3.140676472552365
DES_ETA,raw,RF,10.1016/j.molliq.2022.119560,27,0.4112659322592023,0.43769283853794694,0.10137402795648105,0.11221887630586233,3.664855199033193
DES_ETA,raw,RF,10.1016/j.molliq.2022.120000,14,1.2898488945367519,1.3033312651494635,0.7075164406590538,0.6867850024639354,1.8780970608112322
DES_ETA,raw,RF,10.1016/j.molliq.2022.120056,9,0.07904446305698355,0.23861884516536233,0.10257111247548772,0.08132187238718774,0.9719951193528718
DES_ETA,raw,RF,10.1016/j.molliq.2022.120420,337,0.1705558099258827,0.1693705579080557,0.04971665827898474,0.048332880645317926,3.528773945370142
DES_ETA,raw,RF,10.1016/j.molliq.2022.120521,3,1.012830755741742,1.0249316828979345,0.557633694774649,0.561765352607165,1.8029427251808479
DES_ETA,raw,RF,10.1016/j.molliq.2022.120660,15,0.6101253322374669,0.5834088962270204,0.31924849266860095,0.3253791301281053,1.875121283891975
DES_ETA,raw,RF,10.1016/j.molliq.2023.121216,30,0.15558623619163356,0.15968165074878596,0.14541653673533628,0.09123860630481008,1.7052675670192814
DES_ETA,raw,RF,10.1016/j.molliq.2023.121258,78,0.2520582933001412,0.25620492468407013,0.06342013429671453,0.06279220596446287,4.014165284188185
DES_ETA,raw,RF,10.1016/j.seppur.2019.115703,43,0.05513847395226524,0.05474487336683674,0.05863192482845873,0.04633315722553064,1.1900435293859635
DES_ETA,raw,RF,10.1016/j.seppur.2020.116692,22,0.03797919635930127,0.10638605321615856,0.08794192158304932,0.04247247183264655,0.894207347030565
DES_ETA,raw,RF,10.1016/j.seppur.2020.117211,3,0.12442270071213353,0.11686473256691642,0.08059890707812957,0.06951384776570015,1.7898980521335315
DES_ETA,raw,RF,10.1016/j.seppur.2023.123281,15,0.40346503459506183,0.40800930526147305,0.16409219579766612,0.12829623381159158,3.1447925056597312
DES_ETA,raw,RF,10.1016/j.talanta.2022.124243,10,0.27983295186205126,0.273158339424889,0.20079952990622377,0.20627613900259817,1.3565938998815883
DES_ETA,raw,RF,10.1016/j.tca.2012.04.030,24,0.4752863737301533,0.4734526109777086,0.32593619866692175,0.3608633623223529,1.3170812649736061
DES_ETA,raw,RF,10.1021/acs.iecr.7b02478,28,1.330342866703495,1.325691492594695,1.278908949053422,1.0633134687374644,1.2511295171339178
DES_ETA,raw,RF,10.1021/acs.jced.0c00386,40,0.11641867118073239,0.11691252499370045,0.08038190646928658,0.07963858482544645,1.4618375180310061
DES_ETA,raw,RF,10.1021/acs.jced.0c00579,1,0.41252310962392535,0.41563147294488945,0.453880123620182,0.4194709771689851,0.9834365953231115
DES_ETA,raw,RF,10.1021/acs.jced.0c00715,153,0.07053388041333683,0.07034379359794338,0.0632670925282467,0.05552483635495387,1.2703122610291828
DES_ETA,raw,RF,10.1021/acs.jced.6b00486,23,0.9024426788497782,0.9139019309425006,0.8978043104664675,0.6058316448741186,1.4895931674835017
DES_ETA,raw,RF,10.1021/acs.jced.6b00563,11,0.25739796893394207,0.2648912168906259,0.2627331163680182,0.1973257489638422,1.3044317342543443
DES_ETA,raw,RF,10.1021/acs.jced.6b00680,65,0.4327371890983855,0.4297761401225337,0.3872904885613971,0.1662667207818576,2.602668694393377
DES_ETA,raw,RF,10.1021/acs.jced.7b00184,14,0.1451432634144899,0.14063486535053668,0.16204462927269636,0.1618584695379646,0.8967294935434067
DES_ETA,raw,RF,10.1021/acs.jced.7b01037,90,1.2624353939107125,1.275341124030706,1.2296879071248437,0.07746064992860223,16.29776402695222
DES_ETA,raw,RF,10.1021/acs.jced.9b00246,1,0.12875695169637832,0.13131308554566612,0.30328945376926497,0.2214308700767866,0.5814769713533108
DES_ETA,raw,RF,10.1021/acs.jced.9b00247,1,0.015154085588267613,0.014192852408552382,0.22419146676625146,0.12103300079008633,0.12520622879168394
DES_ETA,raw,RF,10.1021/acs.jced.9b00248,1,0.03470248292188022,0.03489358190075656,0.1793491275234086,0.07327476662382368,0.47359390579890936
DES_ETA,raw,RF,10.1021/acs.jced.9b00249,1,0.032069988972405386,0.03393290413117085,0.162126277637748,0.028054978242273407,1.1431122382437686
DES_ETA,raw,RF,10.1021/acs.jced.9b00250,1,0.07416039088673881,0.05744253220470225,0.1345040679507212,0.05099437346058874,1.4542857545657275
DES_ETA,raw,RF,10.1021/acs.jced.9b00251,1,0.37905703818359293,0.37721931935997866,0.5023868012195718,0.4276049708461842,0.8864654623482975
DES_ETA,raw,RF,10.1021/acs.jced.9b00252,1,0.18083866664377787,0.17754926410213545,0.30623438836114425,0.21714760142294437,0.8327914536414953
DES_ETA,raw,RF,10.1021/acs.jced.9b00253,1,0.060996766490650715,0.06121443909219079,0.18518580861202164,0.06909852356599949,0.8827506485343297
DES_ETA,raw,RF,10.1021/acs.jced.9b00254,1,0.016325299254765807,0.011285982220415507,0.11362329248215938,0.039932200963591756,0.4088254306255351
DES_ETA,raw,RF,10.1021/acs.jced.9b00255,1,0.08712489365306277,0.09787585320487092,0.053361032703668085,0.1073288472130858,0.8117565399737218
DES_ETA,raw,RF,10.1021/acs.jced.9b00256,1,0.07764214988977405,0.04869253671019922,0.04897025848734242,0.0900111680279165,0.8625835170330612
DES_ETA,raw,RF,10.1021/acs.jced.9b00257,1,0.10720027272322454,0.09795269880363151,0.1503933016389753,0.07249422885746983,1.478742162138036
DES_ETA,raw,RF,10.1021/acs.jced.9b00258,1,0.12062274437898364,0.10024628657422453,0.1500547879067245,0.12042477860046809,1.0016438957232576
DES_ETA,raw,RF,10.1021/acs.jced.9b00259,1,0.14708858413718143,0.14640084333085088,0.15289798676291716,0.15167426074438448,0.9697662834504843
DES_ETA,raw,RF,10.1021/acs.jced.9b00260,1,0.20712800598182107,0.19909289186678145,0.1930905708769916,0.20771458674094326,0.9971760251972397
DES_ETA,raw,RF,10.1021/acs.jpcb.0c03876,3,1.4889852988551924,1.488566294962542,1.4403989117155036,1.3811691415065634,1.0780615162245981
DES_ETA,raw,RF,10.1021/acssuschemeng.0c04215,7,0.5190971633563521,0.5257224940056994,0.5655281533193905,0.5283975730024808,0.9823988410974684
DES_ETA,raw,RF,10.1021/acssuschemeng.1c01674,35,0.5523164740989251,0.5509087481761816,0.2247465552763087,0.1349209446855211,4.093630350619658
DES_ETA,raw,RF,10.1021/acssuschemeng.5b00532,104,0.4249955211012354,0.42548598533127896,0.3603802463234932,0.157427119258618,2.699633475494534
DES_ETA,raw,RF,10.1021/acssuschemeng.5b00619,15,0.4475174512958172,0.4543582728274468,0.5648797485439818,0.408914726146047,1.0944028734636055
DES_ETA,raw,RF,10.1021/acssuschemeng.7b04235,39,0.017565969970719228,0.12397158537109351,0.047055152253730484,0.01937166551937191,0.9067867681874352
DES_ETA,raw,RF,10.1021/acssuschemeng.8b01203,187,0.04164074994007712,0.26072902215667565,0.06918220282981334,0.03589820411494531,1.1599674960547968
DES_ETA,raw,RF,10.1021/acssuschemeng.8b02042,17,0.6790933990705372,0.6797999898876492,0.5077146650752681,0.33055177754966086,2.054423679414378
DES_ETA,raw,RF,10.1021/acssuschemeng.8b03520,17,0.8379122672080233,1.0094907582907393,0.8869923303799105,0.7955090571735329,1.0533032397961002
DES_ETA,raw,RF,10.1021/acssuschemeng.8b04843,14,0.19050656360950471,0.19433024211573252,0.22432743725972318,0.22318699932874744,0.8535737483924614
DES_ETA,raw,RF,10.1021/acssuschemeng.8b05072,26,0.3013310258983605,0.30201480354355675,0.3512350443088925,0.2411747071492471,1.2494304625065291
DES_ETA,raw,RF,10.1021/acssuschemeng.8b05548,2,0.0445179442574407,0.04267445121215984,0.07774282152894867,0.04741339218744522,0.9389318545579362
DES_ETA,raw,RF,10.1021/acssuschemeng.9b02845,24,0.27506271948724914,0.26979714311139996,0.09778520744383895,0.08812177253675935,3.1213934033443183
DES_ETA,raw,RF,10.1021/acssuschemeng.9b03245,21,0.5103548514136725,0.49563817366766394,0.24226045289405435,0.18709660789115978,2.7277611131814994
DES_ETA,raw,RF,10.1021/je100104v,32,0.4090340858063612,0.4089619653554703,0.3966900466862705,0.37049231841441643,1.1040285195571413
DES_ETA,raw,RF,10.1021/je300997v,35,0.06648015961413356,0.06884636849783886,0.09973907295683021,0.07007656138550755,0.9486789634041924
DES_ETA,raw,RF,10.1021/je5001796,72,1.0122074267314887,1.0375754562727568,0.3664435042506389,0.21239591820938156,4.765663272933742
DES_ETA,raw,RF,10.1021/sc500439w,62,0.2632812994841794,0.26567547220138726,0.5583104447499363,0.1687532345101312,1.5601555741935906
DES_ETA,raw,RF,10.1039/c1ra00630d,18,0.7654734548069128,0.7661946841964263,0.6578211093749472,0.7329483057237445,1.0443757749750873
DES_ETA,raw,RF,10.1039/c2ra22990k,8,0.7617667849862623,0.7692651238616286,0.5870592634443839,0.5551648420816546,1.372145221102132
DES_ETA,raw,RF,10.1039/c6cc06105b,21,0.08038613412701201,0.10745049737239104,0.11312626013045336,0.07787031482020507,1.0323078096270155
DES_ETA,raw,RF,10.1039/c6nj03140d,315,0.5261056503658736,0.5267483519077308,0.4678624084920158,0.22334768937626887,2.355545525611215
DES_ETA,raw,RF,10.1039/d0cp01431a,27,0.5541069315343738,0.5464289383549187,0.4558223974563812,0.4794130130395546,1.1558028598791008
DES_ETA,raw,RF,10.1039/d0gc00793e,3,0.19162845705972817,0.25912442717467954,0.2010657247509042,0.151884380681887,1.2616732293301627
DES_ETA,raw,RF,10.1080/01496395.2016.1247864,4,0.7249020563803735,0.7199134344403443,0.40189509501444015,0.3866885996986402,1.874640361638059
DES_ETA,raw,RF,10.13140/rg.2.2.13424.10245,5,1.928350466299152,1.9408301121688174,0.8652160086492976,0.9135857111658868,2.110749372205326
DES_ETA,raw,RF,10.3390/molecules26144208,286,0.17389205394111695,0.1774609528570723,0.06475301513690922,0.06461082241510893,2.691376575024885
DES_ETA,raw,RF,http://pubs.acs.org/journal/acscii,1461,0.36688609469301253,0.4034760724724752,0.26658089932654944,0.1746958832925536,2.1001416162658426
DES_MP,raw,GB,10.1002/9783527818488,5,70.46823080821599,,58.985454679946315,58.88652241761267,1.1966784234339383
DES_MP,raw,GB,10.1002/adfm.202011102,8,84.97973344980555,,29.11464259698202,36.81951139749141,2.308008178935134
DES_MP,raw,GB,10.1002/aic.17408,80,57.72296308361605,,31.019672177386088,30.24936288279475,1.9082373175022391
DES_MP,raw,GB,10.1002/aic.17409,1,3.991541155994761,,7.493475081696064,2.9610986812330418,1.3479932908999266
DES_MP,raw,GB,10.1002/aic.17410,1,6.667790863546959,,5.122082115702563,6.8577708331498215,0.9722971247909719
DES_MP,raw,GB,10.1002/aic.17411,1,3.905836043665932,,4.367324627274691,5.365353129105288,0.7279737138787842
DES_MP,raw,GB,10.1002/aic.17412,1,24.67687636634751,,24.550799180474765,25.832201826402656,0.9552757651934143
DES_MP,raw,GB,10.1002/aic.17413,1,15.005806302894877,,12.85468670952348,14.858165344348523,1.0099366883544953
DES_MP,raw,GB,10.1002/aic.17414,1,25.933599715427075,,26.255888086294064,25.97831135389671,0.9982788858805894
DES_MP,raw,GB,10.1002/aic.17415,1,14.526664517362551,,15.043176499662579,14.780571998403856,0.9828215389046701
DES_MP,raw,GB,10.1002/aic.17416,1,8.983631982667115,,10.567992467824705,9.03584775214809,0.9942212650198138
DES_MP,raw,GB,10.1002/aic.17417,1,4.743135987930357,,5.504036809469937,5.254616294269269,0.902660769560522
DES_MP,raw,GB,10.1002/aic.17418,1,16.816727600814605,,17.35861250791663,19.2987404096744,0.8713899064824163
DES_MP,raw,GB,10.1002/aic.17419,1,5.297718263554604,,6.7096744779460025,6.145709430163448,0.8620189945123566
DES_MP,raw,GB,10.1002/aic.17420,1,0.7538100556506319,,1.374708550929975,1.6098485021889373,0.46824906481924483
DES_MP,raw,GB,10.1002/aic.17421,1,2.1488105081649262,,0.9256890406610635,3.638867928353551,0.5905162128643622
DES_MP,raw,GB,10.1002/anie.202110520,17,36.559944620565595,,29.814412611826434,30.78985958415148,1.1874021224632074
DES_MP,raw,GB,10.1002/apj.1873,16,32.61229716609979,,15.683265814236519,12.681254431246142,2.571693308648102
DES_MP,raw,GB,10.1002/apj.1995,9,10.94082535988741,,9.064581409714037,7.803328755516244,1.4020715649271143
DES_MP,raw,GB,10.1002/chem.200601738,6,36.101397879675886,,23.60040867442766,24.709064754997637,1.461058855834438
DES_MP,raw,GB,10.1002/cphc.200500489,36,33.187663698361696,,15.113298173757066,10.015990109985797,3.313468097904178
DES_MP,raw,GB,10.1002/cssc.202001331,206,89.90439673838651,,20.714763969559563,13.427627273575114,6.695479022962886
DES_MP,raw,GB,10.1002/jps.2600600908,5,67.26074238097584,,46.621674170711636,46.75032260038427,1.4387225293804278
DES_MP,raw,GB,10.1002/open.202100137,1,61.026246743511905,,64.44601821679906,66.4847080357581,0.9178989958215591
DES_MP,raw,GB,10.1007/s10973-012-2831-3,32,22.93567200018347,,5.998235093550433,4.697932094283615,4.882078229289713
DES_MP,raw,GB,10.1016/j.cattod.2021.05.018,8,170.14427326088585,,44.80027722068246,39.96210935404937,4.257639949720149
DES_MP,raw,GB,10.1016/j.cej.2018.10.077,8,71.57800866345055,,18.737034793424492,16.771005131625238,4.26796176506292
DES_MP,raw,GB,10.1016/j.cej.2020.125173,3,60.07254619097368,,56.42921657144166,55.52624523472362,1.0818766141494296
DES_MP,raw,GB,10.1016/j.cej.2023.141335,1,14.461388833718559,,13.547434126062392,13.31651564787125,1.0859739301271594
DES_MP,raw,GB,10.1016/j.chemphyslip.2009.05.004,87,3.894146976959255,,3.159013108296765,2.7126737397613456,1.4355382735049635
DES_MP,raw,GB,10.1016/j.chroma.2017.09.044,2,10.674606259717514,,6.96529058977444,6.7015100611727805,1.5928658111794929
DES_MP,raw,GB,10.1016/j.chroma.2018.07.070,3,11.879880745753853,,14.906168331711983,13.978190419364015,0.8498868873110093
DES_MP,raw,GB,10.1016/j.cplett.2015.06.017,1,22.873402134356862,,58.03425732272279,39.64066345307557,0.5770186505943105
DES_MP,raw,GB,10.1016/j.fluid.2013.06.050,3,20.733510993879783,,13.942850868216778,9.376028523136362,2.2113319027046052
DES_MP,raw,GB,10.1016/j.fluid.2017.03.008,7,15.65110089327356,,13.057398210538391,14.337946174898464,1.0915859707071605
DES_MP,raw,GB,10.1016/j.fluid.2017.03.011,12,45.72173343279976,,13.569167218366797,7.012915212900652,6.519647257205115
DES_MP,raw,GB,10.1016/j.fluid.2017.03.015,18,62.31564356002432,,14.813344375183405,17.76231514471016,3.5083063808032193
DES_MP,raw,GB,10.1016/j.fluid.2017.04.007,388,25.829314245030908,,12.943699664195984,10.267148936462604,2.5157241221368722
DES_MP,raw,GB,10.1016/j.fluid.2017.05.009,35,76.69258520151364,,56.40226455803246,34.5076124747652,2.222483090002171
DES_MP,raw,GB,10.1016/j.fluid.2019.04.019,9,193.93360946250542,,42.02593244811272,46.29770595324712,4.188838420165908
DES_MP,raw,GB,10.1016/j.fluid.2019.06.005,87,42.22152208549677,,22.42565540937945,16.63583125499978,2.5379869174140244
DES_MP,raw,GB,10.1016/j.fluid.2020.112752,4,81.66695349252353,,39.023242613857725,48.92559631164449,1.6692071154805008
DES_MP,raw,GB,10.1016/j.foodcont.2023.109625,5,57.483720104391296,,20.916833460158358,25.201730759612527,2.280943346816197
DES_MP,raw,GB,10.1016/j.gee.2019.03.002,45,20.778836075092265,,19.615386823273884,21.225906654735756,0.9789375037346758
DES_MP,raw,GB,10.1016/j.gee.2020.11.020,51,29.09510563873951,,19.91659014007777,19.628350294668063,1.4823001017382007
DES_MP,raw,GB,10.1016/j.hydromet.2022.105971,24,69.31909564608922,,20.831139805589128,20.652845112921693,3.3563944951448326
DES_MP,raw,GB,10.1016/j.ijggc.2016.02.006,8,116.42803945849987,,106.89497802364245,104.90459372472687,1.1098469125576227
DES_MP,raw,GB,10.1016/j.ijggc.2019.102839,18,27.101743679451086,,6.516303149281298,4.318132268572715,6.276265291060459
DES_MP,raw,GB,10.1016/j.jct.2015.04.021,12,41.20782430922554,,14.392509345721011,7.7720138531357055,5.302078082709514
DES_MP,raw,GB,10.1016/j.jece.2020.104786,1,25.380126138378444,,26.650930587880065,25.501675137135628,0.9952336857048193
DES_MP,raw,GB,10.1016/j.jiec.2021.03.011,10,34.6052179224463,,24.584471762476394,25.49351052797553,1.3574128162722807
DES_MP,raw,GB,10.1016/j.jtice.2015.12.020,9,56.2714275888651,,4.941327133923068,6.65904754951236,8.450371794234423
DES_MP,raw,GB,10.1016/j.microc.2019.104384,12,40.40450833467309,,13.685602055323201,12.913457335921574,3.128868379986761
DES_MP,raw,GB,10.1016/j.molliq.2008.07.009,24,35.965919084600074,,23.618195083099234,17.76375295416671,2.0246802112930657
DES_MP,raw,GB,10.1016/j.molliq.2014.08.004,24,23.784822186287904,,9.271241774972754,7.502211718886636,3.1703746944931175
DES_MP,raw,GB,10.1016/j.molliq.2015.01.025,4,61.86952719150195,,32.679454241923935,34.841436402651375,1.7757455943117715
DES_MP,raw,GB,10.1016/j.molliq.2015.11.032,2,16.195770256458946,,16.5625782171738,11.351238588806078,1.4267844103312444
DES_MP,raw,GB,10.1016/j.molliq.2016.10.134,8,78.88173209463646,,25.85900323001643,28.157248262214836,2.801471626774358
DES_MP,raw,GB,10.1016/j.molliq.2018.02.049,8,50.21117557277464,,52.44972745305738,34.97446205483367,1.4356525482522802
DES_MP,raw,GB,10.1016/j.molliq.2018.12.032,2,3.7370935765645514,,4.4697173288699155,2.629993288964826,1.420951753848575
DES_MP,raw,GB,10.1016/j.molliq.2019.112155,23,51.17382087331288,,18.801125751909918,17.43105940680251,2.9357837454986915
DES_MP,raw,GB,10.1016/j.molliq.2020.113667,38,15.655229553360787,,13.135070496274666,13.142959403582225,1.1911495023787277
DES_MP,raw,GB,10.1016/j.molliq.2020.113727,6,115.36608880227037,,60.91213217331996,62.36064620816562,1.8499822535059638
DES_MP,raw,GB,10.1016/j.molliq.2020.114495,3,25.345313723316448,,6.923009234911268,8.868200076678464,2.8579997636689987
DES_MP,raw,GB,10.1016/j.molliq.2020.114745,25,66.90974106863663,,33.80638424842266,28.299485849322412,2.3643447596500655
DES_MP,raw,GB,10.1016/j.molliq.2021.115838,8,13.381551236684032,,13.263060351970054,8.75686021642461,1.5281220558465949
DES_MP,raw,GB,10.1016/j.molliq.2021.117021,19,39.932136448176536,,41.861599336761834,39.13673899910684,1.0203235494170286
DES_MP,raw,GB,10.1016/j.molstruc.2017.11.064,17,81.10809788163246,,29.979500545029296,35.34529536444702,2.294735326026364
DES_MP,raw,GB,10.1016/j.solmat.2016.06.004,5,94.6350219607942,,31.201542808008707,27.817981616213636,3.401937037216116
DES_MP,raw,GB,10.1016/j.tca.2009.08.016,2,18.486132710764558,,10.96076529262441,3.884469835125488,4.758984750918361
DES_MP,raw,GB,10.1016/j.tca.2011.10.010,12,39.51919066057231,,28.96159138583375,21.500274368404387,1.8380784348802324
DES_MP,raw,GB,10.1016/j.tca.2012.03.027,21,87.74874344545991,,12.705201945509977,14.850232642077007,5.908913722794518
DES_MP,raw,GB,10.1016/j.trac.2021.116187,13,54.93715219664123,,31.118757280407625,30.795581668604544,1.7839296814662382
DES_MP,raw,GB,10.1016/s0168-3659(97)00153-3,12,23.988824888198813,,21.008127773951372,21.53772705703491,1.1138048515831338
DES_MP,raw,GB,10.1021/acs.energyfuels.6b00471,2,10.964869702828206,,4.1306115285753915,4.117020330287431,2.663302297091812
DES_MP,raw,GB,10.1021/acs.iecr.0c04551,1,2.5800525188452927,,2.5399366921244217,4.180146241460935,0.6172158507888902
DES_MP,raw,GB,10.1021/acs.iecr.7b02382,278,18.946769598121907,,11.379699511021856,9.04661771754163,2.09434842829532
DES_MP,raw,GB,10.1021/acs.iecr.8b01249,202,53.56521964972021,,14.258938603035936,10.054328048356107,5.327578271973947
DES_MP,raw,GB,10.1021/acs.jpcb.0c01680,22,44.63928136070293,,19.88287077818035,19.89032705636312,2.2442708575987123
DES_MP,raw,GB,10.1021/acs.jpcb.0c02386,262,19.451977000133954,,9.636802196874198,7.9603863571413305,2.44359709785737
DES_MP,raw,GB,10.1021/acssuschemeng.0c00559,78,32.62047683061071,,19.409295432858972,20.17780230453817,1.6166516223262866
DES_MP,raw,GB,10.1021/acssuschemeng.0c05518,39,74.95217371265014,,28.053274287710845,31.89349602669999,2.3500770705695953
DES_MP,raw,GB,10.1021/acssuschemeng.0c08288,24,24.467494710159162,,17.755010173187735,16.649023864529312,1.4696053600047434
DES_MP,raw,GB,10.1021/acssuschemeng.0c08289,1,42.96727435153412,,31.202348148817286,43.18995974529268,0.9948440472028264
DES_MP,raw,GB,10.1021/acssuschemeng.7b04235,18,5.328552307042586,,3.899260354363518,2.9480507477163793,1.8074832365657858
DES_MP,raw,GB,10.1021/acssuschemeng.8b01203,137,10.787502540636254,,6.868369270646144,5.829161647601536,1.8506096061128918
DES_MP,raw,GB,10.1021/acssuschemeng.8b02042,101,57.60280205356144,,20.834912838505435,16.20227318124231,3.5552296526051252
DES_MP,raw,GB,10.1021/ef2004943,11,20.43582125804854,,18.110239514002707,16.85493555069794,1.2124532423502694
DES_MP,raw,GB,10.1021/ic049931s,22,48.907675613343145,,32.86316373374464,34.57976259330146,1.4143438805105384
DES_MP,raw,GB,10.1021/ie500466g,8,40.587537239280735,,10.75432013076606,24.287689776921976,1.671115598563301
DES_MP,raw,GB,10.1021/ja048266j,36,34.81384597828858,,20.24998745294536,13.715818107612508,2.53822598879219
DES_MP,raw,GB,10.1021/je060146z,130,8.033759799362073,,3.9568447227557475,3.1209711649273038,2.5741217636495537
DES_MP,raw,GB,10.1021/je100104v,50,85.40775614198046,,31.54213833594672,21.79574413861569,3.918551970458438
DES_MP,raw,GB,10.1021/je300997v,42,32.97048660299232,,19.918203881302723,14.90281231289361,2.21236676076682
DES_MP,raw,GB,10.1021/je5002126,16,22.145679519660263,,19.084665814797486,17.77049816163013,1.2462047669252727
DES_MP,raw,GB,10.1021/jp412552v,45,108.08043376586615,,22.49770655965724,23.614065213577927,4.576951608642151
DES_MP,raw,GB,10.1021/js9701465,7,68.63612043315302,,16.175285110315677,18.819182050693456,3.647136217093128
DES_MP,raw,GB,10.1038/s41598-019-51472-7,12,13.540480435838802,,9.984607154682323,6.058498243514369,2.234956567055855
DES_MP,raw,GB,10.1039/b106357j,8,32.926464025157635,,32.45213227162431,30.805264469729842,1.068858345868517
DES_MP,raw,GB,10.1039/b210714g,22,46.81851277617356,,33.390304785425904,26.642241510087285,1.7573038198924493
DES_MP,raw,GB,10.1039/c0ob01011a,13,33.58901570179431,,19.59572745975313,22.02607795773001,1.5249658049088266
DES_MP,raw,GB,10.1039/c1ra00630d,14,26.353058792373325,,24.97157090487386,14.560784427946954,1.8098653216644771
DES_MP,raw,GB,10.1039/c2ra22990k,3,59.34889335390622,,42.01303109195211,35.09539513668425,1.6910735189834194
DES_MP,raw,GB,10.1039/c3cp53406e,3,21.479173284835703,,35.49682661778843,36.13250571530663,0.5944556808230599
DES_MP,raw,GB,10.1039/c4cp00057a,8,10.107469839183292,,14.03321796399528,14.98173904291488,0.6746526428093998
DES_MP,raw,GB,10.1039/c4ra10628h,16,67.31275319450988,,24.460315396576554,14.965743366936369,4.497788819713634
DES_MP,raw,GB,10.1039/c5gc01451d,7,19.34038964225607,,16.51771697559062,15.769215894085738,1.2264648903379973
DES_MP,raw,GB,10.1039/c9cc04846d,22,39.40415579767282,,40.43583412474184,30.735406841444135,1.2820443861683197
DES_MP,raw,GB,10.1080/10837450.2020.1735414,3,6.828251362293779,,7.881248733544718,8.765450834573986,0.7789960255507659
DES_MP,raw,GB,10.1149/1945-7111/ab68d3,5,43.3820057701347,,44.22333524147631,42.79264029386363,1.013772589684203
DES_MP,raw,GB,10.3390/app11041601,5,51.433733534714364,,36.12751932806901,39.26349802195419,1.3099630987018829
DES_MP,raw,GB,10.3390/molecules25051077,99,11.256553435419049,,7.308457450312635,6.705476985421705,1.6787103229034688
DES_MP,raw,GB,10.3390/molecules26144208,8,13.359419334312392,,12.990349157162784,12.59589318786087,1.0606170705851459
DES_MP,raw,GB,10.3390/pr9050796,21,10.721171340145714,,9.010502785506421,8.981782013768601,1.1936574861993667
DES_MP,raw,GB,10.3923/jas.2010.3349.3354,8,29.319460215017603,,16.93207560076436,10.744563379914513,2.7287716753410667
DES_MP,raw,KNN,10.1002/9783527818488,5,68.1194228234503,,61.18384721574805,62.64077596039181,1.087461350519072
DES_MP,raw,KNN,10.1002/adfm.202011102,8,44.83300526620985,,25.758371069906573,27.790375443667546,1.6132565519702515
DES_MP,raw,KNN,10.1002/aic.17408,80,65.02812914531681,,34.831016789816815,33.52104627260314,1.9399194349868643
DES_MP,raw,KNN,10.1002/aic.17409,1,0.21999999999997044,,6.796759963394316,0.18144255289209454,1.2125049857009362
DES_MP,raw,KNN,10.1002/aic.17410,1,0.32673261239120677,,7.510843893997525,0.35946599282822456,0.9089388674030707
DES_MP,raw,KNN,10.1002/aic.17411,1,0.15632146365740812,,0.31364374694866565,3.966380087687,0.039411619714077174
DES_MP,raw,KNN,10.1002/aic.17412,1,1.0648455287036054,,1.0078079182066684,1.420201112518947,0.7497850264424427
DES_MP,raw,KNN,10.1002/aic.17413,1,1.568861498029679,,1.9751965471820503,2.322439321058772,0.6755231380230222
DES_MP,raw,KNN,10.1002/aic.17414,1,10.465088513720241,,10.324951757756507,9.371613297613147,1.1166795066528825
DES_MP,raw,KNN,10.1002/aic.17415,1,0.5310000000000059,,2.1240719385180915,1.1933383426338138,0.4449701991708716
DES_MP,raw,KNN,10.1002/aic.17416,1,3.810802540148187,,3.718828874793783,3.89935979360715,0.9772892838449663
DES_MP,raw,KNN,10.1002/aic.17417,1,1.78985792732275,,1.7015779147603218,1.861994522011276,0.9612584280803329
DES_MP,raw,KNN,10.1002/aic.17418,1,1.3260000000000218,,1.3260000000000218,1.9953197237535727,0.6645551508434777
DES_MP,raw,KNN,10.1002/aic.17419,1,0.9012000887705295,,0.9697051098143308,1.2953279121519616,0.6957312355551287
DES_MP,raw,KNN,10.1002/aic.17420,1,0.04099999999999682,,0.24654533051753022,0.399965998554878,0.10250871361099297
DES_MP,raw,KNN,10.1002/aic.17421,1,0.39960280279297156,,0.4402333472148497,0.39749968553445664,1.0052908652133579
DES_MP,raw,KNN,10.1002/anie.202110520,17,42.695022402672485,,27.219920637391326,28.503239564487895,1.4979006967287358
DES_MP,raw,KNN,10.1002/apj.1873,16,49.763039048323826,,12.416488328025762,5.067361909810672,9.820304910920223
DES_MP,raw,KNN,10.1002/apj.1995,9,69.69054581457468,,7.237890421632221,40.6159168690196,1.7158432256821017
DES_MP,raw,KNN,10.1002/chem.200601738,6,25.19176051079664,,21.223993289042777,22.0079602568404,1.1446658489383026
DES_MP,raw,KNN,10.1002/cphc.200500489,36,28.13025529528266,,12.620013513815616,6.357449430916987,4.424770594081658
DES_MP,raw,KNN,10.1002/cssc.202001331,206,95.0687396426335,,34.92414780980026,14.05343658934973,6.764803686144675
DES_MP,raw,KNN,10.1002/jps.2600600908,5,85.84404126158087,,47.4594132627027,46.92232033435687,1.829492673207067
DES_MP,raw,KNN,10.1002/open.202100137,1,48.04800879537047,,45.11843293156355,47.213348193069294,1.01767848784814
DES_MP,raw,KNN,10.1007/s10973-012-2831-3,32,14.839397619596962,,6.694710678027848,3.822261953019447,3.882360184098419
DES_MP,raw,KNN,10.1016/j.cattod.2021.05.018,8,162.54949791055952,,45.43732290804554,47.770746278972865,3.4026995718530055
DES_MP,raw,KNN,10.1016/j.cej.2018.10.077,8,91.6904765141942,,34.498974069166174,36.889737273054685,2.485528043626582
DES_MP,raw,KNN,10.1016/j.cej.2020.125173,3,62.45562528707883,,62.41102129538767,63.055998145035076,0.9904787351621122
DES_MP,raw,KNN,10.1016/j.cej.2023.141335,1,15.909405564005201,,15.064113667919516,15.006898753573287,1.0601394615404478
DES_MP,raw,KNN,10.1016/j.chemphyslip.2009.05.004,87,6.590258334810575,,3.9309070317108805,2.416028883895245,2.727723322655574
DES_MP,raw,KNN,10.1016/j.chroma.2017.09.044,2,8.135009465267984,,7.661038075874539,2.7183264336719972,2.9926536285338505
DES_MP,raw,KNN,10.1016/j.chroma.2018.07.070,3,0.0,,4.248921039511083,5.5589437845691485,0.0
DES_MP,raw,KNN,10.1016/j.cplett.2015.06.017,1,0.0,,43.03010195200567,23.242137771728316,0.0
DES_MP,raw,KNN,10.1016/j.fluid.2013.06.050,3,5.985503108901252,,8.24571144696845,8.08990170109212,0.7398734039120922
DES_MP,raw,KNN,10.1016/j.fluid.2017.03.008,7,23.269407402976857,,7.546814824811847,7.316849534757812,3.1802495448947448
DES_MP,raw,KNN,10.1016/j.fluid.2017.03.011,12,43.74971536516932,,21.820486790323145,3.6735597948946848,11.909351639238407
DES_MP,raw,KNN,10.1016/j.fluid.2017.03.015,18,119.69091706674229,,6.937556505475593,11.212797553589283,10.674491936084989
DES_MP,raw,KNN,10.1016/j.fluid.2017.04.007,388,30.124607820007856,,13.718641175516524,7.114279288033633,4.234386450174662
DES_MP,raw,KNN,10.1016/j.fluid.2017.05.009,35,65.58055242750812,,55.626198927946064,38.043931723056325,1.7238111167086176
DES_MP,raw,KNN,10.1016/j.fluid.2019.04.019,9,186.8212624854748,,58.807879329408074,67.56133221402115,2.7652098672900856
DES_MP,raw,KNN,10.1016/j.fluid.2019.06.005,87,89.16894906107996,,46.09296564872186,22.060483694429365,4.042021484941266
DES_MP,raw,KNN,10.1016/j.fluid.2020.112752,4,69.72564715368371,,57.07064702673346,62.05443584225064,1.123620676061485
DES_MP,raw,KNN,10.1016/j.foodcont.2023.109625,5,51.056637371452496,,15.463604619880835,18.477230079208304,2.76321922455815
DES_MP,raw,KNN,10.1016/j.gee.2019.03.002,45,37.29832533041307,,23.90422871506676,26.365564439751086,1.4146606045793115
DES_MP,raw,KNN,10.1016/j.gee.2020.11.020,51,66.8288244777245,,26.590436457640987,26.5296932531434,2.519019871057356
DES_MP,raw,KNN,10.1016/j.hydromet.2022.105971,24,65.81996917172377,,22.80137168388487,24.722545797813783,2.6623459295014933
DES_MP,raw,KNN,10.1016/j.ijggc.2016.02.006,8,61.269772751741144,,58.5389000584227,61.17864118873515,1.0014895976967657
DES_MP,raw,KNN,10.1016/j.ijggc.2019.102839,18,33.29058772185717,,4.6690046976488135,1.5410666075445572,21.602302949708573
DES_MP,raw,KNN,10.1016/j.jct.2015.04.021,12,34.69184548852943,,11.906433581611806,5.904324799105599,5.875666849117892
DES_MP,raw,KNN,10.1016/j.jece.2020.104786,1,24.876200011255754,,24.724969528798226,25.145404948021834,0.9892940703352141
DES_MP,raw,KNN,10.1016/j.jiec.2021.03.011,10,80.14664750256243,,47.670050155207505,49.59561204380887,1.6160027913712844
DES_MP,raw,KNN,10.1016/j.jtice.2015.12.020,9,6.270085290931488,,2.791463817505864,3.153460247622169,1.988319115695013
DES_MP,raw,KNN,10.1016/j.microc.2019.104384,12,50.137749911784695,,11.883382855203031,12.847379583012252,3.9025662461223227
DES_MP,raw,KNN,10.1016/j.molliq.2008.07.009,24,38.41172581755906,,22.67357962475268,14.944927539135143,2.570218270846292
DES_MP,raw,KNN,10.1016/j.molliq.2014.08.004,24,45.70339797560645,,13.971231869452314,8.425619065287332,5.424337086861624
DES_MP,raw,KNN,10.1016/j.molliq.2015.01.025,4,89.40902158758925,,13.585599957307743,16.713424837537048,5.349533231919263
DES_MP,raw,KNN,10.1016/j.molliq.2015.11.032,2,9.98924836011199,,9.10826476338935,3.9076021547747164,2.5563626910958894
DES_MP,raw,KNN,10.1016/j.molliq.2016.10.134,8,68.42688171343919,,35.181281837789825,36.80043020842284,1.8594043962501754
DES_MP,raw,KNN,10.1016/j.molliq.2018.02.049,8,49.74409184717318,,41.4895747700552,26.15984055188411,1.901544153088902
DES_MP,raw,KNN,10.1016/j.molliq.2018.12.032,2,0.20518235791607561,,0.1974345461159197,1.3143607571743732,0.15610809802110864
DES_MP,raw,KNN,10.1016/j.molliq.2019.112155,23,108.27848946541987,,30.854656179522106,30.215861090694965,3.5834983865068284
DES_MP,raw,KNN,10.1016/j.molliq.2020.113667,38,15.351855526801613,,16.04047844689375,16.187580578787454,0.9483724545543889
DES_MP,raw,KNN,10.1016/j.molliq.2020.113727,6,115.49347713226058,,52.74537611077076,58.277470035740805,1.9817860497621114
DES_MP,raw,KNN,10.1016/j.molliq.2020.114495,3,13.042543294925254,,2.9096877037464544,3.4171798899092165,3.816756423458805
DES_MP,raw,KNN,10.1016/j.molliq.2020.114745,25,73.61227830730414,,39.028385466068144,32.41338886793542,2.2710454191392575
DES_MP,raw,KNN,10.1016/j.molliq.2021.115838,8,8.832708137938223,,11.262897436938687,6.28619311467601,1.405096530890375
DES_MP,raw,KNN,10.1016/j.molliq.2021.117021,19,42.20253485452466,,46.07482633579517,45.22379610396092,0.9331931082810705
DES_MP,raw,KNN,10.1016/j.molstruc.2017.11.064,17,97.28850490691863,,24.366138805848628,32.949813533704294,2.952626873211359
DES_MP,raw,KNN,10.1016/j.solmat.2016.06.004,5,10.462571968689149,,8.294959206650734,8.311330841688342,1.2588323299814412
DES_MP,raw,KNN,10.1016/j.tca.2009.08.016,2,15.696403811064473,,18.883635020832177,10.995913513664968,1.4274761066061548
DES_MP,raw,KNN,10.1016/j.tca.2011.10.010,12,28.860584707925327,,20.07788034629153,12.473394754436335,2.313771453249378
DES_MP,raw,KNN,10.1016/j.tca.2012.03.027,21,94.95902894175943,,14.520376663748868,16.037586556942674,5.921029863477285
DES_MP,raw,KNN,10.1016/j.trac.2021.116187,13,62.679640018356594,,40.752939341655036,44.32992977904865,1.413935017058846
DES_MP,raw,KNN,10.1016/s0168-3659(97)00153-3,12,14.837679499616293,,16.105724333809608,16.692527326122118,0.888881546199228
DES_MP,raw,KNN,10.1021/acs.energyfuels.6b00471,2,20.5872677206083,,22.564986820293083,0.0,inf
DES_MP,raw,KNN,10.1021/acs.iecr.0c04551,1,1.4528843725499954,,4.168041098645767,5.980508924832412,0.24293657794193638
DES_MP,raw,KNN,10.1021/acs.iecr.7b02382,278,22.438034380177854,,10.528611613089382,4.624780081724595,4.851697590734009
DES_MP,raw,KNN,10.1021/acs.iecr.8b01249,202,65.4170951517194,,24.15244654114304,8.701283996293789,7.518096775094692
DES_MP,raw,KNN,10.1021/acs.jpcb.0c01680,22,62.52280392450276,,14.08890759459692,15.807700912990011,3.9552117204548396
DES_MP,raw,KNN,10.1021/acs.jpcb.0c02386,262,38.78551740748616,,14.242480972871103,7.4569108633822,5.201284837391013
DES_MP,raw,KNN,10.1021/acssuschemeng.0c00559,78,29.916922697954494,,22.52965492167476,23.247602643757734,1.286882056459596
DES_MP,raw,KNN,10.1021/acssuschemeng.0c05518,39,73.93830581723574,,39.04431195672884,43.000314039282586,1.7194829263267708
DES_MP,raw,KNN,10.1021/acssuschemeng.0c08288,24,51.68883625334391,,33.39510772703091,29.003610013956305,1.7821518158764256
DES_MP,raw,KNN,10.1021/acssuschemeng.0c08289,1,61.55722793791159,,11.545510746606258,61.55751059943866,0.999995408171573
DES_MP,raw,KNN,10.1021/acssuschemeng.7b04235,18,4.094246798184547,,3.4211737134757985,0.4436155868416795,9.229267229615466
DES_MP,raw,KNN,10.1021/acssuschemeng.8b01203,137,13.736794241669207,,4.9362311621450035,3.2401753302565157,4.239521890496494
DES_MP,raw,KNN,10.1021/acssuschemeng.8b02042,101,118.76056995696412,,45.859538441585386,15.31007279428601,7.757021900071414
DES_MP,raw,KNN,10.1021/ef2004943,11,16.7906294765319,,13.694568912196864,7.945398845758575,2.1132519339158287
DES_MP,raw,KNN,10.1021/ic049931s,22,80.00065620742234,,33.69461661493231,34.907144509658494,2.291813247150218
DES_MP,raw,KNN,10.1021/ie500466g,8,47.22919585039534,,19.132336904440095,28.793604054112436,1.6402669065545425
DES_MP,raw,KNN,10.1021/ja048266j,36,47.24417594288446,,23.94230092047685,7.328822240533153,6.446353096353387
DES_MP,raw,KNN,10.1021/je060146z,130,8.931182934312448,,3.364627294481405,1.4905511804491873,5.991865996591259
DES_MP,raw,KNN,10.1021/je100104v,50,68.90172389776616,,38.34325492599709,23.064371511229176,2.987366200905171
DES_MP,raw,KNN,10.1021/je300997v,42,26.74005649119652,,24.239746596978158,12.135356304145809,2.2034834265279297
DES_MP,raw,KNN,10.1021/je5002126,16,42.07449151148472,,19.715196286113915,24.560728604318726,1.71307994112546
DES_MP,raw,KNN,10.1021/jp412552v,45,126.41316803882945,,38.98967936484389,40.90033492489871,3.0907611947664884
DES_MP,raw,KNN,10.1021/js9701465,7,106.41719844810264,,35.140879765391674,39.96417101390409,2.662815110341676
DES_MP,raw,KNN,10.1038/s41598-019-51472-7,12,9.339973599177535,,16.862807736752103,8.911889341398565,1.0480351855122776
DES_MP,raw,KNN,10.1039/b106357j,8,57.2721722673848,,37.95183002274068,31.198234789407564,1.8357504087644687
DES_MP,raw,KNN,10.1039/b210714g,22,36.561734102374395,,37.04634679866926,19.936422885353238,1.8339164609733138
DES_MP,raw,KNN,10.1039/c0ob01011a,13,63.36093806657951,,30.290539366912274,33.673362720748244,1.881633818161526
DES_MP,raw,KNN,10.1039/c1ra00630d,14,21.797433948583418,,34.52973619526054,9.535598240278377,2.2859010414796037
DES_MP,raw,KNN,10.1039/c2ra22990k,3,31.265502934277777,,23.0850589415174,27.897085379420297,1.120744425772248
DES_MP,raw,KNN,10.1039/c3cp53406e,3,4.6135534099722575,,24.85686933223893,34.684483430875346,0.1330149090779128
DES_MP,raw,KNN,10.1039/c4cp00057a,8,2.2073909712599624,,14.100312503629125,8.886127809681788,0.24840864531060677
DES_MP,raw,KNN,10.1039/c4ra10628h,16,78.371023423999,,16.165059670474466,5.7485549836458905,13.633169317673286
DES_MP,raw,KNN,10.1039/c5gc01451d,7,10.51130958675328,,10.460667462998172,10.831267804700568,0.9704597630012959
DES_MP,raw,KNN,10.1039/c9cc04846d,22,33.44642502570342,,34.347922889693976,20.89000525566756,1.6010730785541205
DES_MP,raw,KNN,10.1080/10837450.2020.1735414,3,58.13033598159688,,27.400663482234656,35.12587570533534,1.6549149256588456
DES_MP,raw,KNN,10.1149/1945-7111/ab68d3,5,35.71295209136317,,43.16379489247905,45.58532571562916,0.7834308855035516
DES_MP,raw,KNN,10.3390/app11041601,5,86.6314684749139,,69.24303115895492,75.10025089944774,1.1535443282460585
DES_MP,raw,KNN,10.3390/molecules25051077,99,10.265466354174412,,5.626851150393697,4.129754884256498,2.485732602026466
DES_MP,raw,KNN,10.3390/molecules26144208,8,15.788602581450956,,13.816024258085234,13.95067222842684,1.1317449312069008
DES_MP,raw,KNN,10.3390/pr9050796,21,15.19578122688129,,7.583044421916693,7.127628208998719,2.1319548075889294
DES_MP,raw,KNN,10.3923/jas.2010.3349.3354,8,28.0385756298354,,25.176250035499727,7.277059625975312,3.8530089171940123
DES_MP,raw,RF,10.1002/9783527818488,5,64.78865882915004,63.83186691520154,61.35940572756552,65.50284564078115,0.9890968582411256
DES_MP,raw,RF,10.1002/adfm.202011102,8,81.21982179092737,80.90182088154754,34.77037900785667,40.28142523297804,2.0163095352553078
DES_MP,raw,RF,10.1002/aic.17408,80,55.24958949483246,55.67295545116589,30.266518888410353,30.789573231696483,1.7944253101226975
DES_MP,raw,RF,10.1002/aic.17409,1,2.2657412473625507,2.2345923565608237,5.377056164854521,2.4021711013164717,0.9432056051797673
DES_MP,raw,RF,10.1002/aic.17410,1,2.5511582859556357,2.2034933628218822,4.423850788622969,2.6809542704045115,0.9515859013778359
DES_MP,raw,RF,10.1002/aic.17411,1,2.542550766454808,2.164204103128903,1.7351943983311986,3.976752393599577,0.6393535515429477
DES_MP,raw,RF,10.1002/aic.17412,1,5.570948159873697,6.11843952327717,7.521199133117023,8.277057158193376,0.6730590418067938
DES_MP,raw,RF,10.1002/aic.17413,1,8.23993097058463,8.526398700506554,8.626834599086711,13.572717038235178,0.6070951709500934
DES_MP,raw,RF,10.1002/aic.17414,1,16.316447401318666,15.952618756806034,16.334205625006657,17.240367733897077,0.9464094764775899
DES_MP,raw,RF,10.1002/aic.17415,1,2.075488328080891,2.301261132509739,4.423932323171329,3.4724620372294983,0.5976993573518857
DES_MP,raw,RF,10.1002/aic.17416,1,3.1396172378173492,3.1022542126653376,3.153451283910994,3.2638528153089044,0.9619359130078307
DES_MP,raw,RF,10.1002/aic.17417,1,4.3635855669392125,4.7869849174611,3.3719001468015093,3.133598697982881,1.3925157582392673
DES_MP,raw,RF,10.1002/aic.17418,1,5.690718232349927,6.305447057901594,4.6280710452628036,8.788430075957805,0.6475238675355479
DES_MP,raw,RF,10.1002/aic.17419,1,2.566530732331093,2.794320346703283,3.2858971073361394,3.823556590401135,0.671241727865164
DES_MP,raw,RF,10.1002/aic.17420,1,0.2802848551027986,0.2488445297771302,0.6243398113207247,0.6058239018064571,0.4626507047131022
DES_MP,raw,RF,10.1002/aic.17421,1,0.5494957688644987,0.8438816267700181,0.5517272877065247,0.7494640751897174,0.7331849344818839
DES_MP,raw,RF,10.1002/anie.202110520,17,25.51515159918537,25.793633137337,26.44093429714393,27.950464711910683,0.9128703891750486
DES_MP,raw,RF,10.1002/apj.1873,16,38.64589465518945,38.9144731112346,13.081136444323178,10.874104185517998,3.5539382367383965
DES_MP,raw,RF,10.1002/apj.1995,9,15.860304445025285,16.803464887404083,9.689430431603748,10.289877136724657,1.5413502254968359
DES_MP,raw,RF,10.1002/chem.200601738,6,35.047892520093114,34.817583469180235,25.440688654856277,26.40949649778781,1.327094309542361
DES_MP,raw,RF,10.1002/cphc.200500489,36,18.153231919780374,17.691287138965702,11.751160829183357,8.496748357460044,2.1364916502254716
DES_MP,raw,RF,10.1002/cssc.202001331,206,88.97988726422055,89.91748747783278,23.560740354835225,16.268529844099298,5.469448568304046
DES_MP,raw,RF,10.1002/jps.2600600908,5,79.6215203780988,79.79381311605556,49.99222580561902,50.78314534291865,1.567872959432621
DES_MP,raw,RF,10.1002/open.202100137,1,53.60373255100802,54.03501461645029,53.72424292626185,52.64173318195363,1.018274462311666
DES_MP,raw,RF,10.1007/s10973-012-2831-3,32,26.204242632396376,26.333951212265884,5.7883845274394155,4.3785930659859265,5.984626165870012
DES_MP,raw,RF,10.1016/j.cattod.2021.05.018,8,165.3846022955281,165.94339597020726,55.497126985322396,58.118918522069904,2.845624221874078
DES_MP,raw,RF,10.1016/j.cej.2018.10.077,8,59.58635939667736,60.726860765438886,27.99745750599508,29.495775912408202,2.0201658560746907
DES_MP,raw,RF,10.1016/j.cej.2020.125173,3,58.86429394349911,57.90414486545847,57.30232145384687,57.20805874175421,1.0289510820358614
DES_MP,raw,RF,10.1016/j.cej.2023.141335,1,14.387330078927073,14.926053865640425,12.960988125910768,13.237017828801154,1.0869011634647092
DES_MP,raw,RF,10.1016/j.chemphyslip.2009.05.004,87,3.75773597923739,3.695069019621979,1.9804407683093221,1.6137846621009213,2.3285237909903946
DES_MP,raw,RF,10.1016/j.chroma.2017.09.044,2,3.216219488778709,2.820339944049304,2.668046888643466,3.2247364078324057,0.9973588789976723
DES_MP,raw,RF,10.1016/j.chroma.2018.07.070,3,4.979013222182349,13.784193055815773,8.255606482869686,7.7507800940722476,0.6423886578836459
DES_MP,raw,RF,10.1016/j.cplett.2015.06.017,1,24.251775126781983,43.73967976334534,39.84730859167282,33.44271127166578,0.7251737136315624
DES_MP,raw,RF,10.1016/j.fluid.2013.06.050,3,22.361535856614744,23.21383289190593,13.591403981929172,12.561211472890134,1.7802053492114094
DES_MP,raw,RF,10.1016/j.fluid.2017.03.008,7,8.042257787107147,8.028982504473571,7.255275308353216,7.676109935563521,1.0476996622791002
DES_MP,raw,RF,10.1016/j.fluid.2017.03.011,12,62.63463440168971,62.82400322912678,9.753235640886908,7.962710222237988,7.865994448318088
DES_MP,raw,RF,10.1016/j.fluid.2017.03.015,18,49.5161592435574,47.40813023077137,14.243941468022276,15.432635480622807,3.2085355288621837
DES_MP,raw,RF,10.1016/j.fluid.2017.04.007,388,28.715803163057874,28.715803163057874,13.861642250019504,9.707786325376928,2.95801763662561
DES_MP,raw,RF,10.1016/j.fluid.2017.05.009,35,61.62036642140787,61.0476755214433,50.419576260586936,37.271139416903864,1.653299775253469
DES_MP,raw,RF,10.1016/j.fluid.2019.04.019,9,190.01926009229228,189.1083566345555,63.05764968115376,66.86891257560904,2.841668164970329
DES_MP,raw,RF,10.1016/j.fluid.2019.06.005,87,49.890129978265996,49.10978312124878,29.718718920580333,21.596191297935185,2.31013558316813
DES_MP,raw,RF,10.1016/j.fluid.2020.112752,4,61.643834255341396,60.51485909923282,39.80312543067442,44.99423553801088,1.3700384842246076
DES_MP,raw,RF,10.1016/j.foodcont.2023.109625,5,31.558529875138355,32.172232138289694,17.003075157159078,17.839268946904745,1.7690483824794856
DES_MP,raw,RF,10.1016/j.gee.2019.03.002,45,22.996643385019865,22.44611342313953,19.20558333517742,20.358503867426016,1.1295841548462173
DES_MP,raw,RF,10.1016/j.gee.2020.11.020,51,32.634657324480585,32.834290453791155,20.316339295951796,19.274599887101235,1.693143178879684
DES_MP,raw,RF,10.1016/j.hydromet.2022.105971,24,51.80524748927467,52.24346852310823,20.334694504507976,21.80039191849541,2.3763447777892104
DES_MP,raw,RF,10.1016/j.ijggc.2016.02.006,8,82.22007951954316,82.01242360429303,79.57896093487902,80.37629046195775,1.022939464448886
DES_MP,raw,RF,10.1016/j.ijggc.2019.102839,18,34.12512382785837,33.45533300187979,4.943356300238853,3.4088880184339083,10.010632101530849
DES_MP,raw,RF,10.1016/j.jct.2015.04.021,12,45.307325100179256,45.211360973395465,13.177925981225824,7.227832991291373,6.268452128704256
DES_MP,raw,RF,10.1016/j.jece.2020.104786,1,25.01853517694434,25.031770884218354,25.37905409190818,24.892361173661307,1.0050687840499655
DES_MP,raw,RF,10.1016/j.jiec.2021.03.011,10,44.01187078414185,43.81042005139872,29.626056009533215,32.38728516100106,1.358924360759279
DES_MP,raw,RF,10.1016/j.jtice.2015.12.020,9,46.89010536326163,46.93467567232851,10.954230930964014,11.80255900312394,3.972876166164524
DES_MP,raw,RF,10.1016/j.microc.2019.104384,12,50.88726265186603,51.376680323696796,10.994701596678281,11.983745965542944,4.24635692363498
DES_MP,raw,RF,10.1016/j.molliq.2008.07.009,24,40.37605376829192,38.817900456061075,23.37004004739115,18.124306275229767,2.2277296110071423
DES_MP,raw,RF,10.1016/j.molliq.2014.08.004,24,19.75267576473291,19.2519297647448,6.900634987690147,6.247051060967356,3.161920011851833
DES_MP,raw,RF,10.1016/j.molliq.2015.01.025,4,27.229741717467686,23.992148973153697,15.312674877368742,17.11469527336084,1.591015281461131
DES_MP,raw,RF,10.1016/j.molliq.2015.11.032,2,17.039604314654728,17.044222129507705,11.980989850592483,9.471002370393542,1.7991342044133278
DES_MP,raw,RF,10.1016/j.molliq.2016.10.134,8,81.41403019919233,83.00380510479624,35.37192476809822,36.25791085128872,2.2454142637481445
DES_MP,raw,RF,10.1016/j.molliq.2018.02.049,8,53.78962517948979,52.72557292434101,47.2986421734282,37.710934976144536,1.4263667876046147
DES_MP,raw,RF,10.1016/j.molliq.2018.12.032,2,1.2974674562392647,0.7882560497706292,1.3454753806740622,1.0323794844920189,1.2567737694610253
DES_MP,raw,RF,10.1016/j.molliq.2019.112155,23,45.57921797629304,43.79369467162258,20.794645010089788,20.845036612647355,2.1865741386435684
DES_MP,raw,RF,10.1016/j.molliq.2020.113667,38,14.235089042481198,14.255540491331779,14.58201742774839,14.80905862959347,0.9612419937371787
DES_MP,raw,RF,10.1016/j.molliq.2020.113727,6,101.02507489216065,100.20009035608035,74.81230834784697,72.12499905349507,1.4006942976488692
DES_MP,raw,RF,10.1016/j.molliq.2020.114495,3,31.01708565613475,31.292933167090617,14.824034327177381,15.286543389530536,2.0290450800916684
DES_MP,raw,RF,10.1016/j.molliq.2020.114745,25,66.3670359828733,65.82640463704514,41.282145357042666,36.292692851316495,1.8286611096830165
DES_MP,raw,RF,10.1016/j.molliq.2021.115838,8,15.170095349898103,15.14413875481205,18.15217646385689,13.807784913772384,1.0986624896486403
DES_MP,raw,RF,10.1016/j.molliq.2021.117021,19,38.81963436851593,38.76347439210485,40.14344256878929,40.040201152157856,0.9695164672374242
DES_MP,raw,RF,10.1016/j.molstruc.2017.11.064,17,79.81261140380083,80.14402453553815,34.693399004625036,43.09525485070321,1.8520046274305413
DES_MP,raw,RF,10.1016/j.solmat.2016.06.004,5,81.16498393001751,81.1470382175468,37.407571529304064,33.59226048065238,2.416181071731236
DES_MP,raw,RF,10.1016/j.tca.2009.08.016,2,6.812665352121717,5.588288736276936,6.465539080386091,5.207054676110076,1.308352951118061
DES_MP,raw,RF,10.1016/j.tca.2011.10.010,12,46.67074996719037,46.16046332541157,28.587897885877037,21.32953423463969,2.1880810642079522
DES_MP,raw,RF,10.1016/j.tca.2012.03.027,21,88.45993770504789,87.36858138342629,13.013654934062801,15.155752064417493,5.836723728988227
DES_MP,raw,RF,10.1016/j.trac.2021.116187,13,61.944694726704526,61.06479812650467,35.76499527277388,36.2726495670689,1.7077521346260482
DES_MP,raw,RF,10.1016/s0168-3659(97)00153-3,12,22.22086143769709,21.853587686769732,19.36724363024676,19.77834994212949,1.1234941996028116
DES_MP,raw,RF,10.1021/acs.energyfuels.6b00471,2,10.675625358731912,11.295277004128767,11.300406169691415,6.006180017282209,1.7774401246738891
DES_MP,raw,RF,10.1021/acs.iecr.0c04551,1,4.7524921251907575,5.176656662364255,6.242683942023685,5.784380191515804,0.8216078417807736
DES_MP,raw,RF,10.1021/acs.iecr.7b02382,278,19.718990575132345,19.809071679845733,12.200173976351216,8.326140132872505,2.3683231678121333
DES_MP,raw,RF,10.1021/acs.iecr.8b01249,202,45.04083776780515,44.77471402076829,15.802054304663196,11.213646759397873,4.016609291714809
DES_MP,raw,RF,10.1021/acs.jpcb.0c01680,22,34.72003390184771,34.05041715950575,13.746253625492418,14.903860640177028,2.329600010365858
DES_MP,raw,RF,10.1021/acs.jpcb.0c02386,262,23.062753249632514,23.062753249632514,11.50241807561608,8.512680114828969,2.7092235275536223
DES_MP,raw,RF,10.1021/acssuschemeng.0c00559,78,31.171482629241886,37.61530956078716,19.736111442785564,20.60507171778036,1.5128063156578897
DES_MP,raw,RF,10.1021/acssuschemeng.0c05518,39,76.55494575233915,77.36870510036789,30.98823649626932,32.98168569318588,2.3211350221603633
DES_MP,raw,RF,10.1021/acssuschemeng.0c08288,24,25.292030660368095,25.268103061303723,18.528331623489468,17.716014727500085,1.4276365790726042
DES_MP,raw,RF,10.1021/acssuschemeng.0c08289,1,47.82332705280972,48.844541903881144,21.377392918688695,47.77638071683541,1.0009826264624888
DES_MP,raw,RF,10.1021/acssuschemeng.7b04235,18,4.259263441801489,4.556157391681917,1.9099239775446573,1.174837222767477,3.6254072983559866
DES_MP,raw,RF,10.1021/acssuschemeng.8b01203,137,12.338754154064851,12.587677689262591,4.476835921075686,3.721493455805863,3.315538318310164
DES_MP,raw,RF,10.1021/acssuschemeng.8b02042,101,58.32771851672527,57.84929425532868,26.203541115318327,19.162578537760556,3.0438345445936927
DES_MP,raw,RF,10.1021/ef2004943,11,11.61060332157244,13.035575679305795,10.915037243096405,9.418298581147031,1.232770783548297
DES_MP,raw,RF,10.1021/ic049931s,22,53.153025496202936,53.15054842007319,36.13672743308014,37.79150449493786,1.4064808005545992
DES_MP,raw,RF,10.1021/ie500466g,8,46.505006571604746,46.394280327158874,14.915671203469191,31.71614405511805,1.4662881619778811
DES_MP,raw,RF,10.1021/ja048266j,36,33.46772714754054,33.15015101138724,17.856304431333054,11.690036122461063,2.8629276074892656
DES_MP,raw,RF,10.1021/je060146z,130,8.697714443196249,8.854746855435572,3.038629319535121,2.231771763902809,3.897223983148764
DES_MP,raw,RF,10.1021/je100104v,50,63.90494885762761,63.990031680723526,33.12537560553842,26.94394313815259,2.3717741879858067
DES_MP,raw,RF,10.1021/je300997v,42,35.335360948920226,36.00424933743768,17.348268413385163,12.754431969767554,2.7704378393861315
DES_MP,raw,RF,10.1021/je5002126,16,23.384904824747522,24.027332963731116,12.617646883432739,13.51797729691835,1.7299115327023449
DES_MP,raw,RF,10.1021/jp412552v,45,102.03868051616504,101.66502440026592,23.91929141220998,25.11560078481544,4.062760886765499
DES_MP,raw,RF,10.1021/js9701465,7,72.07713964238988,70.61894440911124,26.38389207560444,30.67641128759546,2.3495949042623354
DES_MP,raw,RF,10.1038/s41598-019-51472-7,12,14.36519892193167,14.114596769538506,8.49196335955355,6.535015345557098,2.1981890113996454
DES_MP,raw,RF,10.1039/b106357j,8,26.41351302080054,26.36322074880078,28.857555938176745,27.181684946393588,0.9717393558527369
DES_MP,raw,RF,10.1039/b210714g,22,32.19663431238511,33.09732542064388,31.679651905514135,26.608153089539364,1.2100289036987981
DES_MP,raw,RF,10.1039/c0ob01011a,13,26.966115042914378,26.361440896769025,13.677919365504053,15.80199168848905,1.7065010268647227
DES_MP,raw,RF,10.1039/c1ra00630d,14,18.80501571010092,19.40840306156072,20.897598121041835,12.79718043610723,1.4694655439132975
DES_MP,raw,RF,10.1039/c2ra22990k,3,35.04515986552211,36.96654631149631,33.17539954846063,34.43044196153555,1.017853906861646
DES_MP,raw,RF,10.1039/c3cp53406e,3,33.53725730089846,33.50019873274386,38.57746849565603,43.63955166436368,0.768506000218265
DES_MP,raw,RF,10.1039/c4cp00057a,8,10.514246871507245,10.879764265598771,11.931499535892375,12.129492689308977,0.8668331925188082
DES_MP,raw,RF,10.1039/c4ra10628h,16,72.33682108114097,72.07617464252664,18.68727272035703,13.190693944501179,5.48392839569264
DES_MP,raw,RF,10.1039/c5gc01451d,7,16.74982907034321,22.04565083185344,13.162569472344142,13.663796752210374,1.2258546708573965
DES_MP,raw,RF,10.1039/c9cc04846d,22,34.63391222644493,34.08448860432238,37.073627571729105,28.67554990516549,1.207785459772687
DES_MP,raw,RF,10.1080/10837450.2020.1735414,3,8.249360197413317,8.363541753746862,9.789962975755683,10.208085465290104,0.8081202126944456
DES_MP,raw,RF,10.1149/1945-7111/ab68d3,5,43.12001544944065,43.2056820425277,46.83824689417827,46.92093513262497,0.9189930961000504
DES_MP,raw,RF,10.3390/app11041601,5,41.76569672254971,41.09079714485957,35.52770135654712,37.02145857256302,1.1281483316138898
DES_MP,raw,RF,10.3390/molecules25051077,99,10.862704063338775,10.73891584261407,6.249071830716503,5.522640286067244,1.9669403583542595
DES_MP,raw,RF,10.3390/molecules26144208,8,11.386187938682538,11.70875101259736,10.967425111437954,10.962020365790234,1.0386942879814405
DES_MP,raw,RF,10.3390/pr9050796,21,9.135910858229943,9.097643067352791,7.047191458811292,7.152112867304781,1.2773722993094685
DES_MP,raw,RF,10.3923/jas.2010.3349.3354,8,39.18297142956363,37.52499728514313,19.403482331787767,12.581059400940768,3.1144413344581827
DES_RHO,lineage,GB,10.1002/aic.18095,791,0.05066445770273539,,0.05374909507444633,0.01808948579860415,2.8007682621163745
DES_RHO,lineage,GB,10.1002/cphc.200500489,6,0.017983670416982907,,0.06279821007109465,0.017269313572538608,1.0413656768373387
DES_RHO,lineage,GB,10.1016/j.bioelechem.2022.108207,3,0.008305051474855501,,0.03388448494517803,0.009416585368380576,0.8819599833653681
DES_RHO,lineage,GB,10.1016/j.biortech.2020.122897,6,0.0240780690670992,,0.048354373604325214,0.02134303375811413,1.1281465109403797
DES_RHO,lineage,GB,10.1016/j.cclet.2013.09.004,9,0.20735136378192023,,0.12345785386114566,0.16676057303145062,1.2434075993659142
DES_RHO,lineage,GB,10.1016/j.cej.2018.10.077,9,0.03990552011383336,,0.043909023142553905,0.03832131881284304,1.0413399473208993
DES_RHO,lineage,GB,10.1016/j.cej.2020.125173,36,0.01627155968707363,,0.03599029758961281,0.015376157642235875,1.0582331467764239
DES_RHO,lineage,GB,10.1016/j.cep.2015.04.001,14,0.04739394589125131,,0.033448152500762794,0.023941704243551947,1.9795560670671801
DES_RHO,lineage,GB,10.1016/j.chemosphere.2019.125082,20,0.02119976152813988,,0.023058170949361956,0.016022674254318456,1.323110062131238
DES_RHO,lineage,GB,10.1016/j.chroma.2018.07.070,13,0.018470029974154166,,0.01467348417331804,0.014840690248823936,1.2445532966782216
DES_RHO,lineage,GB,10.1016/j.chroma.2018.12.063,5,0.024144409710738415,,0.014537900899373322,0.01629623140483712,1.4815946773787074
DES_RHO,lineage,GB,10.1016/j.cjche.2020.07.004,20,0.013849385567598311,,0.04933225916750623,0.012954098517457744,1.0691122619558608
DES_RHO,lineage,GB,10.1016/j.ctta.2022.100088,5,0.14291766232345116,,0.12408237879731353,0.022367434631624612,6.389541969260273
DES_RHO,lineage,GB,10.1016/j.fluid.2012.12.001,134,0.015535337493751999,,0.020152284241476318,0.016351812118301733,0.9500682481768552
DES_RHO,lineage,GB,10.1016/j.fluid.2013.06.050,24,0.009458122082809738,,0.0464608164209369,0.008342483593031514,1.1337297793081809
DES_RHO,lineage,GB,10.1016/j.fluid.2014.01.028,7,0.004875398884779988,,0.010338795729815817,0.005121767830962801,0.9518976739450332
DES_RHO,lineage,GB,10.1016/j.fluid.2014.08.017,3,0.010432633416352742,,0.022642513847480228,0.009602607979085673,1.0864375010491787
DES_RHO,lineage,GB,10.1016/j.fluid.2017.03.008,84,0.015764568337391476,,0.014578631296393727,0.007062669368554916,2.232097740208536
DES_RHO,lineage,GB,10.1016/j.fluid.2018.05.008,4,0.0099374445910405,,0.01824438475257527,0.0093057705215635,1.067879824460884
DES_RHO,lineage,GB,10.1016/j.fluid.2019.02.010,60,0.00895236744088773,,0.0301639153640571,0.007402225941566496,1.2094155881701154
DES_RHO,lineage,GB,10.1016/j.fluid.2020.112752,36,0.021903445086713328,,0.03851466031843516,0.006743927021155155,3.2478769443981212
DES_RHO,lineage,GB,10.1016/j.fluid.2022.113462,14,0.008182407260178937,,0.014687856548863794,0.009098753917825409,0.8992887744934772
DES_RHO,lineage,GB,10.1016/j.foodchem.2018.09.048,6,0.015207131221897215,,0.03369795424057669,0.010195763989683842,1.4915146365965233
DES_RHO,lineage,GB,10.1016/j.foodchem.2019.125752,8,0.052756350756330755,,0.04147036221960208,0.035518785930828196,1.4853083903000575
DES_RHO,lineage,GB,10.1016/j.foodchem.2021.131930,10,0.07072438857918817,,0.06367194676715958,0.0687985277883183,1.02799276165902
DES_RHO,lineage,GB,10.1016/j.foodchem.2022.133379,7,0.04640089856457522,,0.04529261260167837,0.047144888508269304,0.9842190751270186
DES_RHO,lineage,GB,10.1016/j.foodchem.2022.134054,38,0.06816395183672964,,0.08611188607363035,0.06787047859904302,1.0043240189806288
DES_RHO,lineage,GB,10.1016/j.ijggc.2016.02.006,8,0.011667329493075944,,0.026327561556285448,0.01126702167833185,1.0355291598944862
DES_RHO,lineage,GB,10.1016/j.ijggc.2019.102839,4,0.014222906673742895,,0.02048597067385386,0.015320445659314227,0.9283611580251864
DES_RHO,lineage,GB,10.1016/j.jcis.2017.01.109,3,0.04674379384831033,,0.03901251592672965,0.03470807214371515,1.3467701016282052
DES_RHO,lineage,GB,10.1016/j.jclepro.2022.133589,3,0.0036373570991402905,,0.019548640532442794,0.0019716067897360377,1.844869432422307
DES_RHO,lineage,GB,10.1016/j.jcou.2022.102217,107,0.1352372528541261,,0.07498884152521267,0.014875421799532908,9.091322227808867
DES_RHO,lineage,GB,10.1016/j.jct.2013.05.041,20,0.008584706285016386,,0.012661322521758943,0.0060942664037601825,1.408652939707328
DES_RHO,lineage,GB,10.1016/j.jct.2013.08.029,5,0.008168024485761514,,0.018736018573859252,0.00806957347076044,1.0122002749411483
DES_RHO,lineage,GB,10.1016/j.jct.2015.04.021,24,0.012742373078303223,,0.020329713680554713,0.011680696076575793,1.0908915868341522
DES_RHO,lineage,GB,10.1016/j.jct.2016.08.015,3,0.01772279229316491,,0.030169813721665575,0.018583312047820377,0.9536939511944321
DES_RHO,lineage,GB,10.1016/j.jct.2017.05.020,66,0.012854384171334015,,0.010216971798300743,0.004530997950147666,2.8369874170689235
DES_RHO,lineage,GB,10.1016/j.jct.2017.11.008,66,0.047431747132702234,,0.0406809431746089,0.01067525273279706,4.443149808245756
DES_RHO,lineage,GB,10.1016/j.jct.2018.10.003,25,0.024867777428149867,,0.02115026669032805,0.007493981667444885,3.3183664614739676
DES_RHO,lineage,GB,10.1016/j.jct.2018.12.017,54,0.02245500938683756,,0.027334095218717706,0.007444348421851706,3.016383451495155
DES_RHO,lineage,GB,10.1016/j.jct.2019.105883,15,0.04283229839813256,,0.04074769910772061,0.034516345927690574,1.2409279501330572
DES_RHO,lineage,GB,10.1016/j.jct.2020.106051,12,0.011937345664621877,,0.049411407122748434,0.00799366821615707,1.4933501543751482
DES_RHO,lineage,GB,10.1016/j.jct.2021.106578,42,0.013854413033398412,,0.04070738155075867,0.014278934501232087,0.970269387551498
DES_RHO,lineage,GB,10.1016/j.jct.2021.106713,76,0.01903101179653884,,0.03563551208526331,0.018668116831984737,1.0194392914839885
DES_RHO,lineage,GB,10.1016/j.jhazmat.2021.127972,27,0.01262122533758993,,0.025234454039841803,0.012913300937548985,0.9773818018048533
DES_RHO,lineage,GB,10.1016/j.jhazmat.2022.129835,6,0.030080592125156062,,0.06151995167206597,0.02868797705253313,1.0485435090132982
DES_RHO,lineage,GB,10.1016/j.jiec.2022.04.015,33,0.01469111601264416,,0.019650890827212632,0.013066463897622744,1.124337550522525
DES_RHO,lineage,GB,10.1016/j.jmgm.2022.108319,25,0.04848036395152168,,0.04294592766724224,0.022130004946045553,2.1907073256296186
DES_RHO,lineage,GB,10.1016/j.jobe.2021.103056,9,0.14628196559308937,,0.07089424552732676,0.10878259294983225,1.3447185034516587
DES_RHO,lineage,GB,10.1016/j.jtice.2012.01.007,15,0.007460970714323939,,0.010037364860028417,0.008715745521755403,0.8560335654248491
DES_RHO,lineage,GB,10.1016/j.jtice.2015.12.020,54,0.01443073207454864,,0.006756748794107009,0.004852222010660746,2.974046126257844
DES_RHO,lineage,GB,10.1016/j.microc.2022.107372,32,0.026057947085294336,,0.027631092022959387,0.021051048968964706,1.2378455403201634
DES_RHO,lineage,GB,10.1016/j.molliq.2016.01.038,10,0.012112957772567342,,0.04864693287351216,0.01269229254311446,0.9543553878403626
DES_RHO,lineage,GB,10.1016/j.molliq.2016.02.062,58,0.01567222272597012,,0.025708267494839232,0.01665680516413224,0.9408900789520994
DES_RHO,lineage,GB,10.1016/j.molliq.2016.07.039,76,0.0954715852408867,,0.10466090926210728,0.009110340486011082,10.479474986416063
DES_RHO,lineage,GB,10.1016/j.molliq.2016.10.115,12,0.00684176219990144,,0.017887694326920237,0.007062953584254515,0.9686828772531965
DES_RHO,lineage,GB,10.1016/j.molliq.2017.02.071,27,0.010208689762485047,,0.014825722916606804,0.010103439824945592,1.0104172380261613
DES_RHO,lineage,GB,10.1016/j.molliq.2017.04.052,39,0.08863134250278595,,0.09649033300324403,0.08917680371038199,0.9938833734233454
DES_RHO,lineage,GB,10.1016/j.molliq.2017.05.084,27,0.018724214215031034,,0.0538106046891764,0.009827917133614066,1.9052067656318843
DES_RHO,lineage,GB,10.1016/j.molliq.2017.09.091,114,0.10636308032241232,,0.012588171163799887,0.006254241533383146,17.00655143468319
DES_RHO,lineage,GB,10.1016/j.molliq.2018.02.049,54,0.08400496350855746,,0.07535199046745483,0.017043208900604064,4.928940553300386
DES_RHO,lineage,GB,10.1016/j.molliq.2018.02.085,63,0.0135525488026282,,0.012879071616940633,0.01262204769189643,1.0737202974862128
DES_RHO,lineage,GB,10.1016/j.molliq.2018.12.096,4,0.031384634130414854,,0.012653162292486402,0.006485269847893751,4.839372125834945
DES_RHO,lineage,GB,10.1016/j.molliq.2019.01.053,14,0.012621177271327942,,0.030969231504833935,0.01193559807586412,1.0574398694649567
DES_RHO,lineage,GB,10.1016/j.molliq.2019.111916,33,0.010641244031853361,,0.015226782445295652,0.01086776155480609,0.9791569292525971
DES_RHO,lineage,GB,10.1016/j.molliq.2020.112644,18,0.04047388462535646,,0.043933836453871805,0.009754687021575253,4.149173062737636
DES_RHO,lineage,GB,10.1016/j.molliq.2020.113110,81,0.04365614172028072,,0.013074965465006442,0.006150759927555276,7.0976826009258005
DES_RHO,lineage,GB,10.1016/j.molliq.2020.113127,36,0.048056914475847166,,0.041628525780006524,0.006901732833941862,6.963021553009014
DES_RHO,lineage,GB,10.1016/j.molliq.2021.117717,1,0.010656351157877672,,0.009484563247720042,0.01578973527327176,0.6748910588714128
DES_RHO,lineage,GB,10.1016/j.molliq.2021.117987,25,0.022152282878475527,,0.029312370047336674,0.01017872400372463,2.1763320108070023
DES_RHO,lineage,GB,10.1016/j.molliq.2021.118393,54,0.0519741219297678,,0.04070132083578833,0.009354788019452324,5.555884518354978
DES_RHO,lineage,GB,10.1016/j.molliq.2022.119392,11,0.022204991126075494,,0.024543072638637888,0.013014608365567172,1.7061589947511115
DES_RHO,lineage,GB,10.1016/j.molliq.2022.119396,80,0.10622253117114562,,0.045604616457328113,0.014298384713228973,7.428988190034342
DES_RHO,lineage,GB,10.1016/j.molliq.2022.119560,27,0.03189818413257337,,0.025082764353827294,0.00784466367855432,4.0662271117850946
DES_RHO,lineage,GB,10.1016/j.molliq.2022.120056,9,0.025150290386660213,,0.018733876042553964,0.006244773202891813,4.027414538451722
DES_RHO,lineage,GB,10.1016/j.molliq.2022.120266,46,0.01916879371973012,,0.04920498613493484,0.01876965982770668,1.0212648442053416
DES_RHO,lineage,GB,10.1016/j.molliq.2022.120420,348,0.009943225470571441,,0.009694452733037763,0.008108414020696918,1.2262848745995363
DES_RHO,lineage,GB,10.1016/j.seppur.2019.115703,42,0.010075934526668698,,0.03422328807531085,0.008426204578009975,1.1957856509874036
DES_RHO,lineage,GB,10.1016/j.seppur.2019.115707,4,0.005839208422380576,,0.007460619612337862,0.007510354186055445,0.7774877559333083
DES_RHO,lineage,GB,10.1016/j.seppur.2020.116692,22,0.0037577007246937092,,0.003048111205022201,0.0029141461512609745,1.2894688631411715
DES_RHO,lineage,GB,10.1016/j.seppur.2020.117211,3,0.013808443639068529,,0.026447878630745932,0.012537099207286025,1.1014065862255962
DES_RHO,lineage,GB,10.1016/j.talanta.2022.123373,8,0.010418891198203379,,0.05684850061039426,0.010851206907528754,0.9601596658316941
DES_RHO,lineage,GB,10.1016/j.tca.2011.10.010,250,0.013724952528879656,,0.027142805490958377,0.009861542706899373,1.391765257912167
DES_RHO,lineage,GB,10.1016/j.tca.2012.04.030,28,0.04333136984745742,,0.05203115323671824,0.041731341656224885,1.0383411634452895
DES_RHO,lineage,GB,10.1016/j.tca.2014.11.028,17,0.011956825370522743,,0.023423870931418764,0.011165890496876434,1.070834912259579
DES_RHO,lineage,GB,10.1016/j.tca.2016.11.008,12,0.01842618842842978,,0.026068155253744587,0.02036039104077651,0.9050016962604976
DES_RHO,lineage,GB,10.1021/acs.energyfuels.6b00471,5,0.08520207011076669,,0.06168351358345277,0.0708851412740357,1.2019736235184044
DES_RHO,lineage,GB,10.1021/acs.iecr.5b02611,22,0.027022153089136466,,0.016538951028075843,0.004352902044509038,6.2078477330367505
DES_RHO,lineage,GB,10.1021/acs.iecr.7b02478,27,0.011553581487365098,,0.02272377554049536,0.008303896095831806,1.3913446596669836
DES_RHO,lineage,GB,10.1021/acs.jced.0c00579,16,0.012472134039529879,,0.02957929548265139,0.011228924870618738,1.1107148888460447
DES_RHO,lineage,GB,10.1021/acs.jced.0c00715,148,0.00605715948948689,,0.007133118172641254,0.006150033992435176,0.984898538274337
DES_RHO,lineage,GB,10.1021/acs.jced.6b00486,18,0.10139607268857444,,0.09809232230120994,0.010380280557116213,9.768143753981894
DES_RHO,lineage,GB,10.1021/acs.jced.6b01013,36,0.009266681391475108,,0.016838194029909763,0.00937702530478971,0.9882325247370038
DES_RHO,lineage,GB,10.1021/acs.jced.9b00237,8,0.01150284225745965,,0.011351228898229482,0.010930769071753327,1.052336041677492
DES_RHO,lineage,GB,10.1021/acs.jpcb.0c03876,3,0.012672733722445192,,0.006040571716871416,0.013196542981654947,0.9603070849738509
DES_RHO,lineage,GB,10.1021/acssuschemeng.0c04215,7,0.12383227093821013,,0.13129544112420657,0.12601979850121056,0.982641397708794
DES_RHO,lineage,GB,10.1021/acssuschemeng.5b00532,51,0.030413632454129844,,0.06428366062712612,0.01688059954190363,1.8016914848689132
DES_RHO,lineage,GB,10.1021/acssuschemeng.5b00619,14,0.017004450341853772,,0.029889879343062892,0.015559308651552783,1.092879556711973
DES_RHO,lineage,GB,10.1021/acssuschemeng.7b04235,35,0.005924325075483285,,0.0060366819216236,0.0037223293252631917,1.5915639261887173
DES_RHO,lineage,GB,10.1021/acssuschemeng.8b01203,186,0.00970362034173633,,0.010453242502605568,0.003835839384244392,2.5297254054989087
DES_RHO,lineage,GB,10.1021/acssuschemeng.8b03520,16,0.030020394551038145,,0.03272635838471798,0.02553512376879149,1.1756510296507143
DES_RHO,lineage,GB,10.1021/acssuschemeng.8b04843,16,0.08367607811234043,,0.05689563042932209,0.009118302383804797,9.176716738519136
DES_RHO,lineage,GB,10.1021/acssuschemeng.8b05072,26,0.014704524447623915,,0.02271443080781638,0.014810147534714178,0.9928681948074665
DES_RHO,lineage,GB,10.1021/acssuschemeng.8b05548,2,0.3974171511271248,,0.3859652230447712,0.3792966283926077,1.0477740147897139
DES_RHO,lineage,GB,10.1021/acssuschemeng.9b00044,3,0.008120750375837637,,0.01207930240811397,0.008280144926267925,0.980749787370916
DES_RHO,lineage,GB,10.1021/acssuschemeng.9b01102,28,0.032694031158607535,,0.034540614642661734,0.03191624114974337,1.0243697246557
DES_RHO,lineage,GB,10.1021/acssuschemeng.9b02845,21,0.016054338413798348,,0.018142799227504083,0.01751239060670771,0.9167416816096546
DES_RHO,lineage,GB,10.1021/acssuschemeng.9b03245,21,0.11582551040250158,,0.010848663775520266,0.007444602646980455,15.558320019871124
DES_RHO,lineage,GB,10.1021/acssuschemeng.9b05434,9,0.005164732156118485,,0.005067742510778873,0.004547608638980828,1.1357028641048499
DES_RHO,lineage,GB,10.1021/je100104v,14,0.007789543265539655,,0.0131936803594968,0.006521816793326409,1.1943824109733465
DES_RHO,lineage,GB,10.1021/je300997v,37,0.008447848470692612,,0.014246448206008613,0.008493216784667109,0.9946582884759989
DES_RHO,lineage,GB,10.1021/je400884v,24,0.007889886353216174,,0.008684003588975163,0.0073342895020581346,1.075753329753636
DES_RHO,lineage,GB,10.1021/je5001796,8,0.00957651841746254,,0.00844739871202962,0.009209719458267969,1.0398273759430618
DES_RHO,lineage,GB,10.1021/je5002126,70,0.07076326987979005,,0.03410665247782106,0.015605152776933294,4.534609233969728
DES_RHO,lineage,GB,10.1021/je500320c,6,0.007069172511687618,,0.011858747123256061,0.007571550919945894,0.9336492069366066
DES_RHO,lineage,GB,10.1021/jp0671998,12,0.0070860586129855435,,0.01524322762190911,0.005763127767685412,1.2295508443727334
DES_RHO,lineage,GB,10.1021/jp5089004,18,0.03212995381606115,,0.025711641988061,0.007006114155190124,4.585987767878334
DES_RHO,lineage,GB,10.1021/sc500439w,59,0.02091880289539225,,0.03395073817125162,0.021128750795290564,0.990063402141829
DES_RHO,lineage,GB,10.1039/c1cp22554e,4,0.01691514661479469,,0.05458098286033334,0.01491353227776707,1.134214638071465
DES_RHO,lineage,GB,10.1039/c2ra22990k,5,0.06246322707001302,,0.06489950899660187,0.06991291760468879,0.8934432893102984
DES_RHO,lineage,GB,10.1039/c3ra40303c,13,0.0035848057559221273,,0.00828950346476239,0.004596672877034154,0.779869669175828
DES_RHO,lineage,GB,10.1039/c4ra10628h,35,0.02762249975240164,,0.03169377277276134,0.016522889076325955,1.6717717842686022
DES_RHO,lineage,GB,10.1039/c5cp03364k,15,0.008292018250502475,,0.02369742737091938,0.008162818140813854,1.0158278804525394
DES_RHO,lineage,GB,10.1039/c5gc01451d,48,0.027417461927574552,,0.02849508031675527,0.012329402773620737,2.2237461482104663
DES_RHO,lineage,GB,10.1039/c5gc03080c,8,0.050884414029740005,,0.03283873449107015,0.012757809294702604,3.9884915077754473
DES_RHO,lineage,GB,10.1039/c6cc06105b,21,0.014081132056763064,,0.023924084787391265,0.014518053016847691,0.9699049893551432
DES_RHO,lineage,GB,10.1080/01496395.2016.1247864,6,0.010032165934300195,,0.014282469907780898,0.012506738583659605,0.8021408512853618
DES_RHO,lineage,GB,10.13140/rg.2.2.13424.10245,5,0.1353977866900342,,0.1742368149920102,0.1741354826276368,0.7775427767330022
DES_RHO,lineage,GB,10.3390/molecules24030636,17,0.005249176630112371,,0.006632327335283831,0.005273148518116833,0.9954539706359298
DES_RHO,lineage,GB,10.3390/separations6010009,7,0.03583083273542894,,0.03463122047352237,0.031508508934662637,1.137179572975962
DES_RHO,lineage,GB,10.3866/pku.whxb201506111,22,0.04876255002318518,,0.04241854885038771,0.00799290173955504,6.100731825823716
DES_RHO,lineage,GB,api.semanticscholar.org/corpusid:92513446,31,0.019968633128791206,,0.02333475957699433,0.02008934888715105,0.99399105670184
DES_RHO,lineage,KNN,10.1002/aic.18095,791,0.06969838778484459,,0.06958655612643724,0.029697835720978734,2.3469180865462604
DES_RHO,lineage,KNN,10.1002/cphc.200500489,6,0.0339077050481647,,0.08629834611509075,0.03543019241974279,0.9570285322320261
DES_RHO,lineage,KNN,10.1016/j.bioelechem.2022.108207,3,0.0028971089037176335,,0.017151185770474645,0.0033866482939133784,0.8554501832754334
DES_RHO,lineage,KNN,10.1016/j.biortech.2020.122897,6,0.029143575335454835,,0.0679677706220627,0.029884591291611542,0.9752040792886899
DES_RHO,lineage,KNN,10.1016/j.cclet.2013.09.004,9,0.272109329453357,,0.2071697135630056,0.23660828452669755,1.1500414281675488
DES_RHO,lineage,KNN,10.1016/j.cej.2018.10.077,9,0.08268697442765698,,0.08265100289772653,0.07798310811394422,1.060319041231849
DES_RHO,lineage,KNN,10.1016/j.cej.2020.125173,36,0.02320246384618092,,0.034682669679138335,0.01355469260768715,1.7117661401647954
DES_RHO,lineage,KNN,10.1016/j.cep.2015.04.001,14,0.054893544773888095,,0.02777204331697614,0.025914713719098977,2.11823851765848
DES_RHO,lineage,KNN,10.1016/j.chemosphere.2019.125082,20,0.033797461006560815,,0.03157012193245379,0.02383481714886858,1.4179870059613675
DES_RHO,lineage,KNN,10.1016/j.chroma.2018.07.070,13,0.01797145480990937,,0.015327650000520669,0.014635945044780878,1.2278984892962497
DES_RHO,lineage,KNN,10.1016/j.chroma.2018.12.063,5,0.024837196605897362,,0.019011577552638822,0.019559910472187747,1.2698011394895388
DES_RHO,lineage,KNN,10.1016/j.cjche.2020.07.004,20,0.06433326114071944,,0.10942137485884558,0.015310574887638942,4.201884097288807
DES_RHO,lineage,KNN,10.1016/j.ctta.2022.100088,5,0.2585788819050775,,0.25855635068131666,0.059550176691593466,4.342201757758686
DES_RHO,lineage,KNN,10.1016/j.fluid.2012.12.001,134,0.023421594593101096,,0.02758390618274556,0.02355465005268553,0.9943512020222409
DES_RHO,lineage,KNN,10.1016/j.fluid.2013.06.050,24,0.01685627716905485,,0.08277289175811124,0.014783868686285511,1.1401803903123031
DES_RHO,lineage,KNN,10.1016/j.fluid.2014.01.028,7,0.0032245354039657013,,0.008462376059442703,0.0038665880123362633,0.8339485338696269
DES_RHO,lineage,KNN,10.1016/j.fluid.2014.08.017,3,0.018428454809524028,,0.030822194384350198,0.019603420109766644,0.9400632494909786
DES_RHO,lineage,KNN,10.1016/j.fluid.2017.03.008,84,0.03362647751659115,,0.02471023255411757,0.020585183198000404,1.6335282126543107
DES_RHO,lineage,KNN,10.1016/j.fluid.2018.05.008,4,0.021179092048527453,,0.014899040069749478,0.018695246855818706,1.1328597162618195
DES_RHO,lineage,KNN,10.1016/j.fluid.2019.02.010,60,0.008761254074617406,,0.024999955200893192,0.006699143604969222,1.3078170272568233
DES_RHO,lineage,KNN,10.1016/j.fluid.2020.112752,36,0.027799364361238338,,0.056486015033369086,0.015663252535792177,1.774814285711979
DES_RHO,lineage,KNN,10.1016/j.fluid.2022.113462,14,0.011090690175612537,,0.022904244803092753,0.012212863125176101,0.9081154895406737
DES_RHO,lineage,KNN,10.1016/j.foodchem.2018.09.048,6,0.05513231094376513,,0.06229104702924814,0.048762321314720074,1.1306334369918958
DES_RHO,lineage,KNN,10.1016/j.foodchem.2019.125752,8,0.027855379059976912,,0.02664522254223071,0.020854302562660767,1.3357137682394347
DES_RHO,lineage,KNN,10.1016/j.foodchem.2021.131930,10,0.09336035475511009,,0.06395815300006719,0.08765607325188601,1.065075713428691
DES_RHO,lineage,KNN,10.1016/j.foodchem.2022.133379,7,0.056675854733739976,,0.04118031603604531,0.057151030389661364,0.991685615242952
DES_RHO,lineage,KNN,10.1016/j.foodchem.2022.134054,38,0.07202216459644831,,0.10138016527174491,0.07111545593351405,1.0127498115709466
DES_RHO,lineage,KNN,10.1016/j.ijggc.2016.02.006,8,0.03857241002322773,,0.05627076056887804,0.03915069874855363,0.9852291595345467
DES_RHO,lineage,KNN,10.1016/j.ijggc.2019.102839,4,0.041556617976563,,0.03779717492088528,0.038404880919617496,1.082066054664827
DES_RHO,lineage,KNN,10.1016/j.jcis.2017.01.109,3,0.058590022228476216,,0.05259201226105223,0.0500228952154245,1.1712641176836571
DES_RHO,lineage,KNN,10.1016/j.jclepro.2022.133589,3,0.002288120043470918,,0.02520166330489578,0.0023884123038816736,0.958008816045806
DES_RHO,lineage,KNN,10.1016/j.jcou.2022.102217,107,0.14460048740577877,,0.10441033291055755,0.03446436129064287,4.195652610136665
DES_RHO,lineage,KNN,10.1016/j.jct.2013.05.041,20,0.013764081952676678,,0.010506000428326652,0.004625123782127312,2.975938072374342
DES_RHO,lineage,KNN,10.1016/j.jct.2013.08.029,5,0.008641865539338106,,0.022484790859601044,0.009990890650987993,0.8649744893848395
DES_RHO,lineage,KNN,10.1016/j.jct.2015.04.021,24,0.02194561429230602,,0.018163871306341423,0.017701845454641166,1.239735955696766
DES_RHO,lineage,KNN,10.1016/j.jct.2016.08.015,3,0.01787279590140647,,0.025620680709145856,0.01860842604843297,0.9604679006643634
DES_RHO,lineage,KNN,10.1016/j.jct.2017.05.020,66,0.02086635924596856,,0.022862782069105102,0.010621655295297487,1.964511054619396
DES_RHO,lineage,KNN,10.1016/j.jct.2017.11.008,66,0.08190307705767319,,0.03227978077635747,0.02212329591451537,3.702119131532095
DES_RHO,lineage,KNN,10.1016/j.jct.2018.10.003,25,0.05200731870296718,,0.058535004726812834,0.02167535659720505,2.3993754598562553
DES_RHO,lineage,KNN,10.1016/j.jct.2018.12.017,54,0.04834415630988728,,0.04515343411290983,0.015093717643320891,3.202932335976221
DES_RHO,lineage,KNN,10.1016/j.jct.2019.105883,15,0.04611516257747192,,0.07125960435852376,0.039824528513467704,1.1579587831624139
DES_RHO,lineage,KNN,10.1016/j.jct.2020.106051,12,0.030715268886174533,,0.05520815762985878,0.023344229178036007,1.3157542556630548
DES_RHO,lineage,KNN,10.1016/j.jct.2021.106578,42,0.02152759112682627,,0.0357219730404131,0.02138246123879501,1.0067873331517116
DES_RHO,lineage,KNN,10.1016/j.jct.2021.106713,76,0.021671329987360096,,0.04085902360234325,0.02338179009737909,0.9268464859664135
DES_RHO,lineage,KNN,10.1016/j.jhazmat.2021.127972,27,0.01682780936536414,,0.0261764320602982,0.016416670132656144,1.0250440088876585
DES_RHO,lineage,KNN,10.1016/j.jhazmat.2022.129835,6,0.018523295671487118,,0.08566100327920516,0.019141214530431442,0.9677178865551122
DES_RHO,lineage,KNN,10.1016/j.jiec.2022.04.015,33,0.02743500613847538,,0.02388322800628087,0.025489891484248954,1.0763092559820577
DES_RHO,lineage,KNN,10.1016/j.jmgm.2022.108319,25,0.06106134540555098,,0.05614710708059679,0.045932290344636646,1.3293773279625039
DES_RHO,lineage,KNN,10.1016/j.jobe.2021.103056,9,0.14299571164510108,,0.09377255401590953,0.1247223912089922,1.1465119475258378
DES_RHO,lineage,KNN,10.1016/j.jtice.2012.01.007,15,0.01939503726901974,,0.01966628048208404,0.022810471191976704,0.8502690324012991
DES_RHO,lineage,KNN,10.1016/j.jtice.2015.12.020,54,0.019590576478104048,,0.006068015925966061,0.005423514881206337,3.6121550151894435
DES_RHO,lineage,KNN,10.1016/j.microc.2022.107372,32,0.05026149460353572,,0.04724241194228974,0.045474808909851394,1.1052601607006944
DES_RHO,lineage,KNN,10.1016/j.molliq.2016.01.038,10,0.020261818674541538,,0.06849945271314216,0.020340322219669957,0.9961404964837527
DES_RHO,lineage,KNN,10.1016/j.molliq.2016.02.062,58,0.018379388521215657,,0.030267692369576365,0.018244429863234508,1.0073972526953618
DES_RHO,lineage,KNN,10.1016/j.molliq.2016.07.039,76,0.08813526023728947,,0.09913306703223916,0.020137089475249656,4.376762607407384
DES_RHO,lineage,KNN,10.1016/j.molliq.2016.10.115,12,0.010092267171783891,,0.01891139643178158,0.009243226348701719,1.0918554616161085
DES_RHO,lineage,KNN,10.1016/j.molliq.2017.02.071,27,0.013267959177685949,,0.020450763745586083,0.013770284162860476,0.9635210879286473
DES_RHO,lineage,KNN,10.1016/j.molliq.2017.04.052,39,0.09475625283203865,,0.10767260678223617,0.09817795734120927,0.9651479354242545
DES_RHO,lineage,KNN,10.1016/j.molliq.2017.05.084,27,0.037850345759465824,,0.0645220790891396,0.011723020742997125,3.2287195074764448
DES_RHO,lineage,KNN,10.1016/j.molliq.2017.09.091,114,0.12922590305365766,,0.020353404184213632,0.017862213426377872,7.234596293806702
DES_RHO,lineage,KNN,10.1016/j.molliq.2018.02.049,54,0.0865286843020107,,0.07506733744519721,0.022215223058874644,3.8950175774824736
DES_RHO,lineage,KNN,10.1016/j.molliq.2018.02.085,63,0.021900785627714612,,0.015275109331175502,0.018309573348127925,1.196138501498937
DES_RHO,lineage,KNN,10.1016/j.molliq.2018.12.096,4,0.032405962879538064,,0.01192954098865498,0.006511456864634796,4.976760739296642
DES_RHO,lineage,KNN,10.1016/j.molliq.2019.01.053,14,0.025867984597622903,,0.0402627575522875,0.025289137250154293,1.0228891694383555
DES_RHO,lineage,KNN,10.1016/j.molliq.2019.111916,33,0.013066081488133513,,0.018793167762393176,0.012178368527844768,1.072892601193589
DES_RHO,lineage,KNN,10.1016/j.molliq.2020.112644,18,0.02405765212059471,,0.061731431014336424,0.015042163925298611,1.5993478225651718
DES_RHO,lineage,KNN,10.1016/j.molliq.2020.113110,81,0.06462315201646551,,0.03355734705894624,0.010030498941223041,6.442665753233793
DES_RHO,lineage,KNN,10.1016/j.molliq.2020.113127,36,0.04543306121140076,,0.06066084833958209,0.009377430233159706,4.844937267647598
DES_RHO,lineage,KNN,10.1016/j.molliq.2021.117717,1,0.03585000000000016,,0.032374906949673314,0.04600554292691269,0.7792539272268504
DES_RHO,lineage,KNN,10.1016/j.molliq.2021.117987,25,0.017734629084139305,,0.027009376265437895,0.012882055900515254,1.3766924488683485
DES_RHO,lineage,KNN,10.1016/j.molliq.2021.118393,54,0.08331128590615461,,0.04831824162087577,0.012338502580375204,6.752139116027253
DES_RHO,lineage,KNN,10.1016/j.molliq.2022.119392,11,0.02715719204925281,,0.02656024253722778,0.010947462387570588,2.480683750061224
DES_RHO,lineage,KNN,10.1016/j.molliq.2022.119396,80,0.15603859332006617,,0.08003889493955424,0.05125132568782979,3.0445767251074116
DES_RHO,lineage,KNN,10.1016/j.molliq.2022.119560,27,0.040924540945682146,,0.041750013088221495,0.023448304749589664,1.7453091548717743
DES_RHO,lineage,KNN,10.1016/j.molliq.2022.120056,9,0.012664744088303632,,0.012216800259387773,0.006540653006814794,1.9363118751458097
DES_RHO,lineage,KNN,10.1016/j.molliq.2022.120266,46,0.017522293009564795,,0.03470972848133251,0.015926428091587952,1.1002023120814985
DES_RHO,lineage,KNN,10.1016/j.molliq.2022.120420,348,0.015044878119934314,,0.01285763701901106,0.01197617230121986,1.2562342743183381
DES_RHO,lineage,KNN,10.1016/j.seppur.2019.115703,42,0.008894708246506806,,0.024504322497800064,0.006027770830557031,1.4756215019682224
DES_RHO,lineage,KNN,10.1016/j.seppur.2019.115707,4,0.0066218951214890315,,0.0074508177403557665,0.007122220861501019,0.9297514427393728
DES_RHO,lineage,KNN,10.1016/j.seppur.2020.116692,22,0.03834865390383818,,0.006944268486247558,0.004479135781091542,8.561618976974351
DES_RHO,lineage,KNN,10.1016/j.seppur.2020.117211,3,0.042147974665456896,,0.04293426423266149,0.039455995851919154,1.0682273696408755
DES_RHO,lineage,KNN,10.1016/j.talanta.2022.123373,8,0.016789598589603008,,0.03986985141149887,0.014572679894240435,1.1521284150514255
DES_RHO,lineage,KNN,10.1016/j.tca.2011.10.010,250,0.021589285898333924,,0.04258240376211751,0.013455174299874386,1.6045340935148997
DES_RHO,lineage,KNN,10.1016/j.tca.2012.04.030,28,0.046148348879301325,,0.062190174579958464,0.04682564684931902,0.9855357477025959
DES_RHO,lineage,KNN,10.1016/j.tca.2014.11.028,17,0.011540570482381872,,0.01944867559380179,0.012848606424777111,0.8981962791020793
DES_RHO,lineage,KNN,10.1016/j.tca.2016.11.008,12,0.018622215004307798,,0.03757548642399718,0.022028845559099692,0.8453559200071344
DES_RHO,lineage,KNN,10.1021/acs.energyfuels.6b00471,5,0.1322941652294613,,0.10801013641709745,0.10641705627952693,1.243166930702938
DES_RHO,lineage,KNN,10.1021/acs.iecr.5b02611,22,0.08266271488293972,,0.038538278612663436,0.008396352385519454,9.845074514202354
DES_RHO,lineage,KNN,10.1021/acs.iecr.7b02478,27,0.01085853206094263,,0.011397045458590832,0.009231804045035097,1.1762091144885591
DES_RHO,lineage,KNN,10.1021/acs.jced.0c00579,16,0.03242058279473089,,0.04815720347206637,0.024043749447621526,1.348399627327593
DES_RHO,lineage,KNN,10.1021/acs.jced.0c00715,148,0.013986122480052402,,0.014606202343247603,0.013697404755172683,1.0210782794288595
DES_RHO,lineage,KNN,10.1021/acs.jced.6b00486,18,0.04948162934081924,,0.07354008854586275,0.024522459501444792,2.0178085863656507
DES_RHO,lineage,KNN,10.1021/acs.jced.6b01013,36,0.013062332243260897,,0.017376064797428783,0.01260986879040027,1.0358816939637852
DES_RHO,lineage,KNN,10.1021/acs.jced.9b00237,8,0.008979637381320021,,0.018134623720937805,0.009197634342590487,0.9762985836193758
DES_RHO,lineage,KNN,10.1021/acs.jpcb.0c03876,3,0.01605173469338022,,0.008716399868447237,0.014205105420235339,1.129997576118959
DES_RHO,lineage,KNN,10.1021/acssuschemeng.0c04215,7,0.12977652433537976,,0.12025042525615327,0.12416847279862488,1.0451648587628999
DES_RHO,lineage,KNN,10.1021/acssuschemeng.5b00532,51,0.04080136468094479,,0.04812498661430929,0.026155913278779964,1.5599288866753716
DES_RHO,lineage,KNN,10.1021/acssuschemeng.5b00619,14,0.031308130847159436,,0.046668033798001704,0.02814766529267695,1.1122816234177948
DES_RHO,lineage,KNN,10.1021/acssuschemeng.7b04235,35,0.005507395547806615,,0.0063873028566725455,0.00329655982502973,1.6706493557285729
DES_RHO,lineage,KNN,10.1021/acssuschemeng.8b01203,186,0.022906928960563466,,0.012229471753949357,0.004758934694086547,4.813457303590995
DES_RHO,lineage,KNN,10.1021/acssuschemeng.8b03520,16,0.031162918235661127,,0.0426020739521564,0.03391155017118064,0.9189470277340667
DES_RHO,lineage,KNN,10.1021/acssuschemeng.8b04843,16,0.05054571822308491,,0.025139763526632476,0.014986314868489201,3.3727916880596354
DES_RHO,lineage,KNN,10.1021/acssuschemeng.8b05072,26,0.028895442723457548,,0.030215890572295297,0.019343385770772478,1.4938151503506725
DES_RHO,lineage,KNN,10.1021/acssuschemeng.8b05548,2,0.42160422559552213,,0.41919598174362305,0.41870925463858566,1.0069140362312634
DES_RHO,lineage,KNN,10.1021/acssuschemeng.9b00044,3,0.04032641847060886,,0.009246520787121347,0.03618205043019717,1.1145421000506053
DES_RHO,lineage,KNN,10.1021/acssuschemeng.9b01102,28,0.03657889080203424,,0.04267614209016557,0.040899945561699735,0.8943505987520948
DES_RHO,lineage,KNN,10.1021/acssuschemeng.9b02845,21,0.016574677070760664,,0.01508963684122317,0.016257379276881628,1.0195171551622864
DES_RHO,lineage,KNN,10.1021/acssuschemeng.9b03245,21,0.09370887360533663,,0.008903906151903474,0.0071955688745624306,13.023136216041731
DES_RHO,lineage,KNN,10.1021/acssuschemeng.9b05434,9,0.0046046753921060056,,0.005026520358171345,0.004165828697070148,1.105344392904226
DES_RHO,lineage,KNN,10.1021/je100104v,14,0.02331288659579871,,0.01920629327664688,0.013900938046456724,1.6770729081654345
DES_RHO,lineage,KNN,10.1021/je300997v,37,0.01693973242393734,,0.020989595762431208,0.015221323503203932,1.1128948425786824
DES_RHO,lineage,KNN,10.1021/je400884v,24,0.010642260176610362,,0.011244382338157438,0.012912266809769188,0.8241976667147723
DES_RHO,lineage,KNN,10.1021/je5001796,8,0.013744276536071234,,0.016785844184907688,0.013881729719310855,0.990098266857306
DES_RHO,lineage,KNN,10.1021/je5002126,70,0.08323179282863354,,0.03854887761226927,0.027854972907133534,2.9880407030415115
DES_RHO,lineage,KNN,10.1021/je500320c,6,0.01059953127894497,,0.01843058273631083,0.01128233191026273,0.9394805403042021
DES_RHO,lineage,KNN,10.1021/jp0671998,12,0.006222085931047018,,0.013539744766181248,0.007155253314872923,0.8695829004563371
DES_RHO,lineage,KNN,10.1021/jp5089004,18,0.04156830900257229,,0.04633600987473037,0.017187349579139744,2.41854096300128
DES_RHO,lineage,KNN,10.1021/sc500439w,59,0.030123555055015388,,0.03365932933358063,0.02981558656196283,1.0103291106620538
DES_RHO,lineage,KNN,10.1039/c1cp22554e,4,0.04430947996760966,,0.0487609104714012,0.03243184839012419,1.3662335687626834
DES_RHO,lineage,KNN,10.1039/c2ra22990k,5,0.07898241313102562,,0.0799517713875059,0.07890760510875999,1.0009480457829447
DES_RHO,lineage,KNN,10.1039/c3ra40303c,13,0.01221128160602064,,0.034895096966589614,0.012147133311703927,1.0052809409982275
DES_RHO,lineage,KNN,10.1039/c4ra10628h,35,0.03623310355383397,,0.03419936097147346,0.02335147050738225,1.5516411928910157
DES_RHO,lineage,KNN,10.1039/c5cp03364k,15,0.01699608460793253,,0.018602219365799706,0.02186396520914418,0.7773560031473269
DES_RHO,lineage,KNN,10.1039/c5gc01451d,48,0.031252069333285754,,0.03420927806988186,0.017649854079425133,1.770670125240132
DES_RHO,lineage,KNN,10.1039/c5gc03080c,8,0.051872396440448006,,0.05056603273418829,0.027140726275746572,1.9112383328813896
DES_RHO,lineage,KNN,10.1039/c6cc06105b,21,0.02909095492744223,,0.03398049709535778,0.03203537344992547,0.9080885219869321
DES_RHO,lineage,KNN,10.1080/01496395.2016.1247864,6,0.01184770737315876,,0.01940116860741474,0.01344278145821518,0.8813434488975022
DES_RHO,lineage,KNN,10.13140/rg.2.2.13424.10245,5,0.07082988623455498,,0.078945019804925,0.07761529207572435,0.9125764310137586
DES_RHO,lineage,KNN,10.3390/molecules24030636,17,0.004713385694581155,,0.007748474840440619,0.005274086706552638,0.8936875627632637
DES_RHO,lineage,KNN,10.3390/separations6010009,7,0.03783023984554458,,0.033035303746576504,0.031476590165209636,1.201853175550047
DES_RHO,lineage,KNN,10.3866/pku.whxb201506111,22,0.0574453026051739,,0.0750235816563396,0.013698301312073844,4.193607754454995
DES_RHO,lineage,KNN,api.semanticscholar.org/corpusid:92513446,31,0.023891996918930687,,0.029870834529417994,0.02441927621711466,0.9784072511610963
DES_RHO,lineage,RF,10.1002/aic.18095,791,0.054558125614790336,0.054558125614790336,0.05169323912186184,0.019088957939922,2.8580986865023843
DES_RHO,lineage,RF,10.1002/cphc.200500489,6,0.019193618354373228,0.019193618354373228,0.08004193317692922,0.02004960108830098,0.9573067448994174
DES_RHO,lineage,RF,10.1016/j.bioelechem.2022.108207,3,0.0023838008865395203,0.0023838008865395203,0.03683500563322885,0.0025285516275791583,0.942753495929912
DES_RHO,lineage,RF,10.1016/j.biortech.2020.122897,6,0.02239562769828072,0.02239562769828072,0.04763005577713858,0.020481272340034575,1.093468575900149
DES_RHO,lineage,RF,10.1016/j.cclet.2013.09.004,9,0.2840601447972282,0.2840601447972282,0.2076800919041913,0.2281264942916052,1.2451869989030087
DES_RHO,lineage,RF,10.1016/j.cej.2018.10.077,9,0.05751010647413783,0.05751010647413783,0.05735153815625949,0.05516681917400876,1.0424763895257003
DES_RHO,lineage,RF,10.1016/j.cej.2020.125173,36,0.022303035749646268,0.022303035749646268,0.03868723436311604,0.019623311327630483,1.1365582177887896
DES_RHO,lineage,RF,10.1016/j.cep.2015.04.001,14,0.05229197197330718,0.05229197197330718,0.03443776556547851,0.029181334445155166,1.7919664390806829
DES_RHO,lineage,RF,10.1016/j.chemosphere.2019.125082,20,0.022478479778668303,0.022478479778668303,0.025057577147441834,0.017735473970266476,1.267430451328985
DES_RHO,lineage,RF,10.1016/j.chroma.2018.07.070,13,0.020182525311230538,0.020182525311230538,0.014385638574099347,0.014122416401974874,1.4291127479011467
DES_RHO,lineage,RF,10.1016/j.chroma.2018.12.063,5,0.03904146621836836,0.03904146621836836,0.025212322009684054,0.025918014777370574,1.506344778090646
DES_RHO,lineage,RF,10.1016/j.cjche.2020.07.004,20,0.013729661243089735,0.013729661243089735,0.04056592695612911,0.015567421637830725,0.8819483124761643
DES_RHO,lineage,RF,10.1016/j.ctta.2022.100088,5,0.14212947283375113,0.14212947283375113,0.15371355988331023,0.022566220419024546,6.298328660918702
DES_RHO,lineage,RF,10.1016/j.fluid.2012.12.001,134,0.017145703282303023,0.017145703282303023,0.021784986035505393,0.01756666260915491,0.9760364654221512
DES_RHO,lineage,RF,10.1016/j.fluid.2013.06.050,24,0.01029868519116234,0.01029868519116234,0.05279933202702474,0.008614694374536252,1.1954788810156414
DES_RHO,lineage,RF,10.1016/j.fluid.2014.01.028,7,0.005876203828031409,0.005876203828031409,0.009122684442014377,0.006781976534483529,0.8664441403112142
DES_RHO,lineage,RF,10.1016/j.fluid.2014.08.017,3,0.016410284580104045,0.016410284580104045,0.032702615491730966,0.017796019592407012,0.9221323057604288
DES_RHO,lineage,RF,10.1016/j.fluid.2017.03.008,84,0.01235379000068207,0.01235379000068207,0.0201910188131824,0.008127339282294286,1.520028827588786
DES_RHO,lineage,RF,10.1016/j.fluid.2018.05.008,4,0.011429821958368407,0.011429821958368407,0.017760043637333828,0.009600351295655845,1.190562887374798
DES_RHO,lineage,RF,10.1016/j.fluid.2019.02.010,60,0.006715037763855092,0.006715037763855092,0.02631755528926145,0.0048995222862370305,1.3705494886140068
DES_RHO,lineage,RF,10.1016/j.fluid.2020.112752,36,0.025517235841681595,0.025517235841681595,0.03964626834058072,0.008425777511106415,3.0284725425097117
DES_RHO,lineage,RF,10.1016/j.fluid.2022.113462,14,0.00910267142891896,0.00910267142891896,0.01598677649988089,0.009636103317361082,0.9446423651891472
DES_RHO,lineage,RF,10.1016/j.foodchem.2018.09.048,6,0.014739371990239876,0.014739371990239876,0.04464534324353813,0.011093869327996763,1.3286051560967311
DES_RHO,lineage,RF,10.1016/j.foodchem.2019.125752,8,0.057408334458944194,0.057408334458944194,0.050821574665441065,0.04877877688400971,1.1769121352807712
DES_RHO,lineage,RF,10.1016/j.foodchem.2021.131930,10,0.07875635964758661,0.07875635964758661,0.06518350751639562,0.07473492938191621,1.0538092468799933
DES_RHO,lineage,RF,10.1016/j.foodchem.2022.133379,7,0.047215061825347925,0.047215061825347925,0.04522764940419269,0.04796078595686271,0.9844513780031563
DES_RHO,lineage,RF,10.1016/j.foodchem.2022.134054,38,0.06867165736122029,0.06867165736122029,0.09626529601219636,0.06846035675753101,1.003086466587337
DES_RHO,lineage,RF,10.1016/j.ijggc.2016.02.006,8,0.013994651567652562,0.013994651567652562,0.03116475465168947,0.014509807372946064,0.9644960272695264
DES_RHO,lineage,RF,10.1016/j.ijggc.2019.102839,4,0.023665051146152194,0.023665051146152194,0.019371828463002658,0.02349366154625541,1.0072951421199008
DES_RHO,lineage,RF,10.1016/j.jcis.2017.01.109,3,0.061745683780056015,0.061745683780056015,0.060180689954502896,0.056369262323835136,1.0953786023548426
DES_RHO,lineage,RF,10.1016/j.jclepro.2022.133589,3,0.002174631003181845,0.002174631003181845,0.014777841294767355,0.0016004124468398033,1.3587941080287784
DES_RHO,lineage,RF,10.1016/j.jcou.2022.102217,107,0.12269487995644004,0.12269487995644004,0.07435598142152976,0.019497453549812672,6.292866893770283
DES_RHO,lineage,RF,10.1016/j.jct.2013.05.041,20,0.006445965094537823,0.006445965094537823,0.008005517971999075,0.0033040127118399345,1.950950452290543
DES_RHO,lineage,RF,10.1016/j.jct.2013.08.029,5,0.010371464506037709,0.010371464506037709,0.012155723261081544,0.010992598964758075,0.943495213396604
DES_RHO,lineage,RF,10.1016/j.jct.2015.04.021,24,0.012745787081751106,0.012745787081751106,0.01902900148457613,0.01197299148082884,1.0645449052694698
DES_RHO,lineage,RF,10.1016/j.jct.2016.08.015,3,0.005395786010088434,0.005395786010088434,0.027637553316698142,0.005997180448621893,0.8997204696964464
DES_RHO,lineage,RF,10.1016/j.jct.2017.05.020,66,0.01798684631343221,0.01798684631343221,0.01175156380309369,0.00516332468649627,3.483578392905159
DES_RHO,lineage,RF,10.1016/j.jct.2017.11.008,66,0.06209574870530774,0.06209574870530774,0.0317066709786041,0.00725492992259873,8.559110751970561
DES_RHO,lineage,RF,10.1016/j.jct.2018.10.003,25,0.030373743186245587,0.030373743186245587,0.03031867200508625,0.007198117197712198,4.219678889904624
DES_RHO,lineage,RF,10.1016/j.jct.2018.12.017,54,0.03107644723086268,0.03107644723086268,0.03048466767877231,0.008861374161891445,3.5069557681592656
DES_RHO,lineage,RF,10.1016/j.jct.2019.105883,15,0.04150048603265591,0.04150048603265591,0.03944296730183131,0.03580527656235416,1.1590606194699726
DES_RHO,lineage,RF,10.1016/j.jct.2020.106051,12,0.005534366144073462,0.005534366144073462,0.04608375646689403,0.005284077208936282,1.0473666309632832
DES_RHO,lineage,RF,10.1016/j.jct.2021.106578,42,0.013658752750177312,0.013658752750177312,0.03774731876993448,0.013995297090706675,0.9759530406287096
DES_RHO,lineage,RF,10.1016/j.jct.2021.106713,76,0.01653151874769113,0.01653151874769113,0.03693536054984937,0.01754223930223398,0.9423836069540942
DES_RHO,lineage,RF,10.1016/j.jhazmat.2021.127972,27,0.013556477910605708,0.013556477910605708,0.022209899225011917,0.013641195766799471,0.9937895579213112
DES_RHO,lineage,RF,10.1016/j.jhazmat.2022.129835,6,0.024388919962420118,0.024388919962420118,0.07987628622271647,0.028703473054667115,0.8496853295756326
DES_RHO,lineage,RF,10.1016/j.jiec.2022.04.015,33,0.01757057559292428,0.01757057559292428,0.023054584938069597,0.016995926945220508,1.0338109624474099
DES_RHO,lineage,RF,10.1016/j.jmgm.2022.108319,25,0.06313707113257631,0.06313707113257631,0.05498991190391199,0.04338096941286583,1.4554094107876543
DES_RHO,lineage,RF,10.1016/j.jobe.2021.103056,9,0.10867904437685617,0.10867904437685617,0.06437189830283951,0.09417974148757614,1.1539535218536645
DES_RHO,lineage,RF,10.1016/j.jtice.2012.01.007,15,0.012095470667430261,0.012095470667430261,0.010741946440628574,0.013342482077934339,0.9065382735221078
DES_RHO,lineage,RF,10.1016/j.jtice.2015.12.020,54,0.016242752514640222,0.016242752514640222,0.007342197833225557,0.0061711957146203065,2.632026800925983
DES_RHO,lineage,RF,10.1016/j.microc.2022.107372,32,0.0300830018009548,0.0300830018009548,0.030373100406548052,0.026015574337067783,1.1563458646419973
DES_RHO,lineage,RF,10.1016/j.molliq.2016.01.038,10,0.014951486213751426,0.014951486213751426,0.06157682684257121,0.014724762205210637,1.0153974648541733
DES_RHO,lineage,RF,10.1016/j.molliq.2016.02.062,58,0.014393934749963515,0.014393934749963515,0.02577785249609333,0.014684164271242271,0.9802352033171444
DES_RHO,lineage,RF,10.1016/j.molliq.2016.07.039,76,0.10866973869663411,0.10866973869663411,0.11030210078250645,0.01136984017431528,9.557719108675023
DES_RHO,lineage,RF,10.1016/j.molliq.2016.10.115,12,0.007646487319896207,0.007646487319896207,0.0134676318135991,0.00702870696975388,1.0878938832989875
DES_RHO,lineage,RF,10.1016/j.molliq.2017.02.071,27,0.010822225895504762,0.010822225895504762,0.013948825916343109,0.01096513082795069,0.9869673299217137
DES_RHO,lineage,RF,10.1016/j.molliq.2017.04.052,39,0.09042148761530139,0.09042148761530139,0.10499918900541505,0.09177163926192293,0.9852879205658721
DES_RHO,lineage,RF,10.1016/j.molliq.2017.05.084,27,0.017965579281874894,0.017965579281874894,0.052147732790459686,0.009906923752459038,1.8134367166614747
DES_RHO,lineage,RF,10.1016/j.molliq.2017.09.091,114,0.10596013789383582,0.10596013789383582,0.017891441552052946,0.012617435686869214,8.397913849016645
DES_RHO,lineage,RF,10.1016/j.molliq.2018.02.049,54,0.0792294637792074,0.0792294637792074,0.06925418716315736,0.015035736812058184,5.269410123996576
DES_RHO,lineage,RF,10.1016/j.molliq.2018.02.085,63,0.015750236561589533,0.015750236561589533,0.014886468714696947,0.014638676766030374,1.0759330787423749
DES_RHO,lineage,RF,10.1016/j.molliq.2018.12.096,4,0.03741410816790909,0.03741410816790909,0.009014568486622099,0.008445983364890101,4.429810781233515
DES_RHO,lineage,RF,10.1016/j.molliq.2019.01.053,14,0.012923298561678639,0.012923298561678639,0.029971014807167077,0.01227591788828843,1.0527358262967716
DES_RHO,lineage,RF,10.1016/j.molliq.2019.111916,33,0.011405157445806549,0.011405157445806549,0.015668188965370103,0.011297959510057971,1.009488256322139
DES_RHO,lineage,RF,10.1016/j.molliq.2020.112644,18,0.033604224337623584,0.033604224337623584,0.04755662413259469,0.009429196207053417,3.5638482432348026
DES_RHO,lineage,RF,10.1016/j.molliq.2020.113110,81,0.0691356409309506,0.0691356409309506,0.0160313968286155,0.00620367156818653,11.144310296097844
DES_RHO,lineage,RF,10.1016/j.molliq.2020.113127,36,0.024243646001696095,0.024243646001696095,0.017897554901903968,0.006697626611137884,3.6197368723690695
DES_RHO,lineage,RF,10.1016/j.molliq.2021.117717,1,0.03374455304193559,0.03374455304193559,0.02820594228172507,0.04677586664082242,0.7214094674300681
DES_RHO,lineage,RF,10.1016/j.molliq.2021.117987,25,0.016921678924031142,0.016921678924031142,0.026979661857184194,0.011449860115826728,1.4778939439304517
DES_RHO,lineage,RF,10.1016/j.molliq.2021.118393,54,0.04920011028292368,0.04920011028292368,0.04536119535135402,0.007153306228591088,6.877953873451622
DES_RHO,lineage,RF,10.1016/j.molliq.2022.119392,11,0.033269253700950095,0.033269253700950095,0.02428231769677832,0.010979094680345903,3.0302365240101863
DES_RHO,lineage,RF,10.1016/j.molliq.2022.119396,80,0.139901116012677,0.139901116012677,0.05414211441271943,0.018824575585056368,7.431833742043862
DES_RHO,lineage,RF,10.1016/j.molliq.2022.119560,27,0.02542945846818577,0.02542945846818577,0.026144336434068795,0.019253592063127677,1.3207643739832537
DES_RHO,lineage,RF,10.1016/j.molliq.2022.120056,9,0.015084799060275498,0.015084799060275498,0.01424705456264946,0.006602077997788943,2.284856232435825
DES_RHO,lineage,RF,10.1016/j.molliq.2022.120266,46,0.015527703233393782,0.015527703233393782,0.039612906357046986,0.014478018515787238,1.072501959882282
DES_RHO,lineage,RF,10.1016/j.molliq.2022.120420,348,0.009919364696239944,0.009919364696239944,0.010890654917874762,0.009153139785397923,1.083711702083299
DES_RHO,lineage,RF,10.1016/j.seppur.2019.115703,42,0.0052497071097438635,0.0052497071097438635,0.02974572811098058,0.0033391835685930614,1.57215289363555
DES_RHO,lineage,RF,10.1016/j.seppur.2019.115707,4,0.006719376459166473,0.006719376459166473,0.00761353465875087,0.007232006637165129,0.9291164674318383
DES_RHO,lineage,RF,10.1016/j.seppur.2020.116692,22,0.012844466538694256,0.012844466538694256,0.004049156436278371,0.003943846570637264,3.256837280213665
DES_RHO,lineage,RF,10.1016/j.seppur.2020.117211,3,0.011380236441597578,0.011380236441597578,0.021989094171126423,0.009636099356067249,1.181000321923015
DES_RHO,lineage,RF,10.1016/j.talanta.2022.123373,8,0.014831469611943373,0.014831469611943373,0.04827445499122695,0.012377578678804652,1.1982529052585027
DES_RHO,lineage,RF,10.1016/j.tca.2011.10.010,250,0.013049912701623718,0.013049912701623718,0.028868747048668392,0.009333332789523802,1.3982050137836712
DES_RHO,lineage,RF,10.1016/j.tca.2012.04.030,28,0.04523272683735589,0.04523272683735589,0.0527202121784696,0.04421595423923035,1.0229956045418422
DES_RHO,lineage,RF,10.1016/j.tca.2014.11.028,17,0.00915136357567099,0.00915136357567099,0.019556317619212706,0.00917988895229516,0.9968926229094482
DES_RHO,lineage,RF,10.1016/j.tca.2016.11.008,12,0.01888203325915933,0.01888203325915933,0.028331929543655626,0.02271499889940563,0.8312583831845752
DES_RHO,lineage,RF,10.1021/acs.energyfuels.6b00471,5,0.10099650024550356,0.10099650024550356,0.08161842524822445,0.09138635886783103,1.1051594734348849
DES_RHO,lineage,RF,10.1021/acs.iecr.5b02611,22,0.03813847447728534,0.03813847447728534,0.030831533783685593,0.00643665214504898,5.925203602407059
DES_RHO,lineage,RF,10.1021/acs.iecr.7b02478,27,0.006046206585461189,0.006046206585461189,0.016788183189815845,0.005295826239177003,1.1416927807663113
DES_RHO,lineage,RF,10.1021/acs.jced.0c00579,16,0.013509972242754595,0.013509972242754595,0.03207561534873495,0.009624660383618712,1.4036830084673668
DES_RHO,lineage,RF,10.1021/acs.jced.0c00715,148,0.008624480955788404,0.008624480955788404,0.008370034913873392,0.008843346521690911,0.9752508210137785
DES_RHO,lineage,RF,10.1021/acs.jced.6b00486,18,0.07588514492310075,0.07588514492310075,0.0759156875824168,0.01622603357433836,4.676752613350554
DES_RHO,lineage,RF,10.1021/acs.jced.6b01013,36,0.009288926741915157,0.009288926741915157,0.017994044049814556,0.009557753366304813,0.9718734503719896
DES_RHO,lineage,RF,10.1021/acs.jced.9b00237,8,0.01780870742080958,0.01780870742080958,0.011427528057283459,0.018460529583411163,0.9646910366435362
DES_RHO,lineage,RF,10.1021/acs.jpcb.0c03876,3,0.012734840399471018,0.012734840399471018,0.004443158036052003,0.012164228431484384,1.0469090145092748
DES_RHO,lineage,RF,10.1021/acssuschemeng.0c04215,7,0.12207988592954788,0.12207988592954788,0.11904346040717348,0.12032708615626463,1.0145669593544961
DES_RHO,lineage,RF,10.1021/acssuschemeng.5b00532,51,0.030269786350904593,0.030269786350904593,0.053508736304769246,0.013736640185442482,2.2035800561321572
DES_RHO,lineage,RF,10.1021/acssuschemeng.5b00619,14,0.02127906133805179,0.02127906133805179,0.03363358975785964,0.018894086527648946,1.1262286380933397
DES_RHO,lineage,RF,10.1021/acssuschemeng.7b04235,35,0.004018045246136495,0.004018045246136495,0.005951937911542531,0.003704978139129657,1.0844990429769126
DES_RHO,lineage,RF,10.1021/acssuschemeng.8b01203,186,0.017667513634607227,0.017667513634607227,0.010794756329333117,0.003836611065056783,4.60497906486274
DES_RHO,lineage,RF,10.1021/acssuschemeng.8b03520,16,0.0253348950434475,0.0253348950434475,0.03084076846541768,0.025886373359356472,0.9786961924618287
DES_RHO,lineage,RF,10.1021/acssuschemeng.8b04843,16,0.093061850814324,0.093061850814324,0.0566452851744962,0.012695013151332318,7.330583253831236
DES_RHO,lineage,RF,10.1021/acssuschemeng.8b05072,26,0.019036831386309273,0.019036831386309273,0.02381431216403603,0.016063079166451635,1.1851296497416532
DES_RHO,lineage,RF,10.1021/acssuschemeng.8b05548,2,0.41432526923903634,0.41432526923903634,0.4169218905742417,0.4155657148394222,0.9970150434550041
DES_RHO,lineage,RF,10.1021/acssuschemeng.9b00044,3,0.017181050026118912,0.017181050026118912,0.0072178676444870915,0.014650424339702036,1.172733951436409
DES_RHO,lineage,RF,10.1021/acssuschemeng.9b01102,28,0.03215613976732461,0.03215613976732461,0.03264423974127312,0.030018455741307848,1.0712123249922925
DES_RHO,lineage,RF,10.1021/acssuschemeng.9b02845,21,0.014177114489136871,0.014177114489136871,0.015416487463565923,0.014262565988328596,0.9940086868476786
DES_RHO,lineage,RF,10.1021/acssuschemeng.9b03245,21,0.09154232667642512,0.09154232667642512,0.01898346771974675,0.00834085778391102,10.97516934685116
DES_RHO,lineage,RF,10.1021/acssuschemeng.9b05434,9,0.006334774414996073,0.006334774414996073,0.005795920352569812,0.005815130874613977,1.0893605924933876
DES_RHO,lineage,RF,10.1021/je100104v,14,0.009197335173065866,0.009197335173065866,0.0216752318821012,0.00704913398936353,1.3047468223676506
DES_RHO,lineage,RF,10.1021/je300997v,37,0.007939201743520837,0.007939201743520837,0.012249570251700731,0.008637748236351567,0.919128634718603
DES_RHO,lineage,RF,10.1021/je400884v,24,0.006805883178055106,0.006805883178055106,0.007609316165070294,0.007416777545987656,0.917633451435653
DES_RHO,lineage,RF,10.1021/je5001796,8,0.011249238418666378,0.011249238418666378,0.00400542351069145,0.011053051614825617,1.0177495600923108
DES_RHO,lineage,RF,10.1021/je5002126,70,0.07318546825312094,0.07318546825312094,0.031101944422862984,0.010961397409350435,6.6766549482725
DES_RHO,lineage,RF,10.1021/je500320c,6,0.006224653136253156,0.006224653136253156,0.009785492493141729,0.006210149488270491,1.0023354748561302
DES_RHO,lineage,RF,10.1021/jp0671998,12,0.006343190837425587,0.006343190837425587,0.017559449972403274,0.006920451093197127,0.9165863253713341
DES_RHO,lineage,RF,10.1021/jp5089004,18,0.03338266223322785,0.03338266223322785,0.038619079035569374,0.008892734924894818,3.753925256421909
DES_RHO,lineage,RF,10.1021/sc500439w,59,0.023545657082732416,0.023545657082732416,0.034029919731747134,0.02307444752997479,1.0204212712848488
DES_RHO,lineage,RF,10.1039/c1cp22554e,4,0.02145840802575999,0.02145840802575999,0.048369456013066754,0.014965540083805863,1.433854568936007
DES_RHO,lineage,RF,10.1039/c2ra22990k,5,0.060481107463405515,0.060481107463405515,0.06491725634991058,0.06326781194256687,0.955953835076657
DES_RHO,lineage,RF,10.1039/c3ra40303c,13,0.006393356888809837,0.006393356888809837,0.008352745564276329,0.005776933575735616,1.106704241098311
DES_RHO,lineage,RF,10.1039/c4ra10628h,35,0.038073556199996424,0.038073556199996424,0.03409838921206019,0.024456177133804036,1.5568073453054136
DES_RHO,lineage,RF,10.1039/c5cp03364k,15,0.009215078657649447,0.009215078657649447,0.01947301322343308,0.008917525815306984,1.0333671971918166
DES_RHO,lineage,RF,10.1039/c5gc01451d,48,0.03204188033853767,0.03204188033853767,0.031231965750586906,0.015644777029677776,2.0480880154287258
DES_RHO,lineage,RF,10.1039/c5gc03080c,8,0.048130778615923096,0.048130778615923096,0.03957285014343799,0.017021912974897996,2.8275775282661213
DES_RHO,lineage,RF,10.1039/c6cc06105b,21,0.011213950875923228,0.011213950875923228,0.018774631764824634,0.011929556677189894,0.9400140490857509
DES_RHO,lineage,RF,10.1080/01496395.2016.1247864,6,0.008563786156445829,0.008563786156445829,0.015448434224865646,0.009624090779566316,0.8898280733831287
DES_RHO,lineage,RF,10.13140/rg.2.2.13424.10245,5,0.06334086573453189,0.06334086573453189,0.06658695220536827,0.06206817844918603,1.0205046662741646
DES_RHO,lineage,RF,10.3390/molecules24030636,17,0.00488754768293273,0.00488754768293273,0.0063830023361682465,0.005331881469050111,0.9166647291961386
DES_RHO,lineage,RF,10.3390/separations6010009,7,0.032803700607444544,0.032803700607444544,0.03356167232552208,0.030929277957947872,1.0606035049394034
DES_RHO,lineage,RF,10.3866/pku.whxb201506111,22,0.061231890487941615,0.061231890487941615,0.062304834971803245,0.007897966473029053,7.752867867576269
DES_RHO,lineage,RF,api.semanticscholar.org/corpusid:92513446,31,0.0206701409393263,0.0206701409393263,0.021699265618612452,0.020154983582871176,1.025559800350963
DES_RHO,raw,GB,10.1002/aic.18095,2667,0.02848451161639202,,0.040018701100508036,0.012284405368208453,2.3187537990327796
DES_RHO,raw,GB,10.1002/cphc.200500489,6,0.019087911410104557,,0.06415842005250233,0.01779727995790367,1.0725184666001575
DES_RHO,raw,GB,10.1016/j.bioelechem.2022.108207,3,0.005556209139332278,,0.030546980756423883,0.00553268891829881,1.004251137445244
DES_RHO,raw,GB,10.1016/j.biortech.2020.122897,6,0.019463460980342955,,0.03761697622085006,0.020035445340695544,0.9714513777644469
DES_RHO,raw,GB,10.1016/j.cclet.2013.09.004,9,0.18783678914300989,,0.09866137016189375,0.125803680011534,1.4930945511752005
DES_RHO,raw,GB,10.1016/j.cej.2018.10.077,9,0.04328399424472954,,0.04675181574608154,0.03926455067869748,1.1023682557562733
DES_RHO,raw,GB,10.1016/j.cej.2020.125173,36,0.018782300285848305,,0.034871006542685275,0.014453405091496212,1.2995069443462175
DES_RHO,raw,GB,10.1016/j.cep.2015.04.001,14,0.043582003494234044,,0.056998413424034375,0.054573502897337596,0.7985927452049302
DES_RHO,raw,GB,10.1016/j.chemosphere.2019.125082,20,0.009528252933775409,,0.026515955810228673,0.010244000004392795,0.9301301180876159
DES_RHO,raw,GB,10.1016/j.chroma.2018.07.070,13,0.010515784237918793,,0.012182802629431866,0.009484176695138867,1.1087714385697471
DES_RHO,raw,GB,10.1016/j.chroma.2018.12.063,5,0.041903084257844295,,0.01942765812443691,0.01729125250871085,2.4233689396840794
DES_RHO,raw,GB,10.1016/j.cjche.2020.07.004,20,0.01588401525654015,,0.050156384911295204,0.011255322743928781,1.4112447610716563
DES_RHO,raw,GB,10.1016/j.ctta.2022.100088,5,0.14759527088629906,,0.15221834532013545,0.047017520776833834,3.1391546905854986
DES_RHO,raw,GB,10.1016/j.fluid.2012.12.001,137,0.015965256255358714,,0.020529563905757588,0.016083880941221474,0.9926246229814636
DES_RHO,raw,GB,10.1016/j.fluid.2013.06.050,24,0.007433632411771066,,0.03406680849204006,0.008156007244152426,0.911430334628592
DES_RHO,raw,GB,10.1016/j.fluid.2014.01.028,7,0.004119709767863326,,0.008470229040586835,0.003954839711398822,1.0416881766381854
DES_RHO,raw,GB,10.1016/j.fluid.2014.08.017,3,0.009827340094518626,,0.022752814624422482,0.009179201490325826,1.0706094756581919
DES_RHO,raw,GB,10.1016/j.fluid.2017.03.008,84,0.006083816588763537,,0.01601675034664232,0.005874922593208402,1.035556893259602
DES_RHO,raw,GB,10.1016/j.fluid.2018.05.008,5,0.006849707730991189,,0.012887631124454207,0.007145185791846186,0.9586465531530075
DES_RHO,raw,GB,10.1016/j.fluid.2019.02.010,64,0.006597586615810743,,0.025007841674600288,0.006463714746809687,1.0207112897528672
DES_RHO,raw,GB,10.1016/j.fluid.2020.112752,36,0.004688102790871574,,0.054341820256952084,0.005012729961474767,0.9352394457514952
DES_RHO,raw,GB,10.1016/j.fluid.2022.113462,14,0.008288374732979085,,0.016768154596479255,0.009028809207990058,0.9179920122405816
DES_RHO,raw,GB,10.1016/j.foodchem.2018.09.048,6,0.015189713844133706,,0.033246951890361344,0.013470528200482727,1.127625703911846
DES_RHO,raw,GB,10.1016/j.foodchem.2019.125752,8,0.021286957109929994,,0.034654026342908546,0.02325635855577995,0.9153177209094716
DES_RHO,raw,GB,10.1016/j.foodchem.2021.131930,10,0.06898209611152739,,0.06494659823193209,0.06713351806065286,1.0275358435588673
DES_RHO,raw,GB,10.1016/j.foodchem.2022.133379,7,0.046232367419992045,,0.04631955076731329,0.04720401520845446,0.9794159928096883
DES_RHO,raw,GB,10.1016/j.foodchem.2022.134054,38,0.0675998425605454,,0.08781875271801216,0.06835063805577514,0.9890155305555878
DES_RHO,raw,GB,10.1016/j.ijggc.2016.02.006,8,0.006716996538632412,,0.02899671382243168,0.007147855972247888,0.9397218641102562
DES_RHO,raw,GB,10.1016/j.ijggc.2019.102839,4,0.022108986368669176,,0.02450587209833593,0.027140320062593225,0.8146177464996589
DES_RHO,raw,GB,10.1016/j.jcis.2017.01.109,3,0.04660020857893239,,0.043797517853564935,0.04376782150621624,1.0647139148178502
DES_RHO,raw,GB,10.1016/j.jclepro.2022.133589,3,0.0015039835992013198,,0.01292887259843895,0.0014579254667734965,1.0315915549028398
DES_RHO,raw,GB,10.1016/j.jcou.2022.102217,112,0.13194466232105062,,0.07466656047071397,0.0159679713525567,8.263082354536188
DES_RHO,raw,GB,10.1016/j.jct.2013.05.041,20,0.005938720232508016,,0.013394448850176714,0.005542075243083585,1.0715697589850368
DES_RHO,raw,GB,10.1016/j.jct.2013.08.029,5,0.005937139378522315,,0.013056722253306912,0.004889813084362259,1.2141853433026777
DES_RHO,raw,GB,10.1016/j.jct.2015.04.021,24,0.012411852265744486,,0.020926419406259323,0.012140431760581388,1.0223567423725712
DES_RHO,raw,GB,10.1016/j.jct.2016.08.015,3,0.008388814775242927,,0.03268145855578251,0.009017966880991867,0.9302334867657286
DES_RHO,raw,GB,10.1016/j.jct.2017.05.020,66,0.00469991199143906,,0.0099578864892774,0.004174973489300694,1.125734571365217
DES_RHO,raw,GB,10.1016/j.jct.2017.11.008,66,0.0378054822623771,,0.04116667473193396,0.010315074964107227,3.6650710144062613
DES_RHO,raw,GB,10.1016/j.jct.2018.10.003,25,0.020600061336219375,,0.024514143305773513,0.008605795565315282,2.393742818995802
DES_RHO,raw,GB,10.1016/j.jct.2018.12.017,54,0.02516003605389574,,0.027484052787497087,0.006134979412564697,4.101079133593655
DES_RHO,raw,GB,10.1016/j.jct.2019.105883,15,0.04656168275481463,,0.042701658342504695,0.032233206128670096,1.4445253310808555
DES_RHO,raw,GB,10.1016/j.jct.2020.106051,12,0.015417516737464582,,0.04420073304784284,0.01106855643026679,1.3929112467914633
DES_RHO,raw,GB,10.1016/j.jct.2021.106578,43,0.013100526717797295,,0.03701735128978879,0.013230932330171644,0.9901438833545407
DES_RHO,raw,GB,10.1016/j.jct.2021.106713,77,0.0205934182840872,,0.032202465901385105,0.018559341548161096,1.109598539939993
DES_RHO,raw,GB,10.1016/j.jhazmat.2021.127972,27,0.01262897402331168,,0.02174831287675403,0.012325482375054438,1.024623105126618
DES_RHO,raw,GB,10.1016/j.jhazmat.2022.129835,6,0.01798638663637957,,0.061174784506090936,0.01927328040491987,0.9332291264640246
DES_RHO,raw,GB,10.1016/j.jiec.2022.04.015,34,0.013314278337448807,,0.01982468243199399,0.014078853542061709,0.9456933618686585
DES_RHO,raw,GB,10.1016/j.jmgm.2022.108319,25,0.024260185595992457,,0.045523101631940704,0.020354850684787658,1.191862616517422
DES_RHO,raw,GB,10.1016/j.jobe.2021.103056,9,0.12911140435900914,,0.0671193756923687,0.08574503580058994,1.5057595247761368
DES_RHO,raw,GB,10.1016/j.jtice.2012.01.007,15,0.006222864720796454,,0.009763214361400976,0.006618930225748951,0.9401617041660714
DES_RHO,raw,GB,10.1016/j.jtice.2015.12.020,54,0.004350261574085267,,0.0067751796939405995,0.004095349914955477,1.062244170687076
DES_RHO,raw,GB,10.1016/j.microc.2022.107372,34,0.027406727212063657,,0.03188206759827813,0.03366540250517278,0.8140917729366978
DES_RHO,raw,GB,10.1016/j.molliq.2016.01.038,10,0.0076651640556481045,,0.04997461857783407,0.011353747575140091,0.6751219370449608
DES_RHO,raw,GB,10.1016/j.molliq.2016.02.062,59,0.016410829289408322,,0.0259763555004305,0.016880985472077004,0.9721487715603825
DES_RHO,raw,GB,10.1016/j.molliq.2016.07.039,77,0.09611487589178642,,0.10491028864155577,0.00798201431075783,12.041431166346916
DES_RHO,raw,GB,10.1016/j.molliq.2016.10.115,12,0.006954211673511271,,0.013905047464859679,0.006816613039723888,1.0201857774506966
DES_RHO,raw,GB,10.1016/j.molliq.2017.02.071,27,0.009557293511201765,,0.012964431426878024,0.009864335009780706,0.9688735735075398
DES_RHO,raw,GB,10.1016/j.molliq.2017.04.052,39,0.08851220644779119,,0.0967805138974598,0.08785211539271186,1.0075136614767741
DES_RHO,raw,GB,10.1016/j.molliq.2017.05.084,45,0.006423685567578092,,0.05790332501153203,0.00607832974536043,1.056817552960379
DES_RHO,raw,GB,10.1016/j.molliq.2017.09.091,117,0.10821710065541051,,0.013499768931799012,0.00661157933638912,16.367813974461466
DES_RHO,raw,GB,10.1016/j.molliq.2018.02.049,54,0.038034455353982324,,0.07110491088942163,0.0177956399466586,2.137290677266364
DES_RHO,raw,GB,10.1016/j.molliq.2018.02.085,63,0.012546571782445733,,0.01144697583962751,0.012635136081955106,0.9929906335052571
DES_RHO,raw,GB,10.1016/j.molliq.2018.12.096,4,0.006789517007858522,,0.020793845969420893,0.010579403841899631,0.6417674482723406
DES_RHO,raw,GB,10.1016/j.molliq.2019.01.053,14,0.012296388842722395,,0.03167980408940145,0.011939200559501437,1.0299172697066976
DES_RHO,raw,GB,10.1016/j.molliq.2019.111916,35,0.010452084112066586,,0.014660270100805497,0.010277078962428977,1.017028685901645
DES_RHO,raw,GB,10.1016/j.molliq.2020.112644,18,0.008266896838193472,,0.035156734885051215,0.007719870897020637,1.0708594675312448
DES_RHO,raw,GB,10.1016/j.molliq.2020.113110,81,0.006939635630666773,,0.015144243040969415,0.0058351357875596425,1.1892843428702884
DES_RHO,raw,GB,10.1016/j.molliq.2020.113127,36,0.05863089386293429,,0.042772845007083636,0.007001754422999998,8.3737432535963
DES_RHO,raw,GB,10.1016/j.molliq.2021.117717,1,0.004304604511450414,,0.00420564858256136,0.0054980269188137105,0.782936237856617
DES_RHO,raw,GB,10.1016/j.molliq.2021.117987,25,0.022169056443249895,,0.02618478078579234,0.014764027098051528,1.5015589104530729
DES_RHO,raw,GB,10.1016/j.molliq.2021.118393,54,0.0424700159371727,,0.038002274045017256,0.014999256154395955,2.8314748078174308
DES_RHO,raw,GB,10.1016/j.molliq.2022.119392,11,0.010421292189987334,,0.021222361362915807,0.009445932842907956,1.1032570698204447
DES_RHO,raw,GB,10.1016/j.molliq.2022.119396,90,0.10775683757307986,,0.04318147902137368,0.013975233869559716,7.71055701670878
DES_RHO,raw,GB,10.1016/j.molliq.2022.119560,27,0.023436087893262826,,0.024831678072202067,0.007119796404704587,3.291679503331982
DES_RHO,raw,GB,10.1016/j.molliq.2022.120056,9,0.01858719185532517,,0.01805020985227349,0.0069153351746519,2.687822265427764
DES_RHO,raw,GB,10.1016/j.molliq.2022.120266,52,0.01405779095500482,,0.039054371678370496,0.01424455278410771,0.9868888948685525
DES_RHO,raw,GB,10.1016/j.molliq.2022.120420,351,0.00981990597955466,,0.009906159602120185,0.008148263646682056,1.2051531964792634
DES_RHO,raw,GB,10.1016/j.seppur.2019.115703,43,0.004422936734584788,,0.03192818966215162,0.005022764685282491,0.880578130117205
DES_RHO,raw,GB,10.1016/j.seppur.2019.115707,4,0.006813744565215229,,0.006874392336781463,0.006680688213051125,1.019916563671415
DES_RHO,raw,GB,10.1016/j.seppur.2020.116692,22,0.0108475249887621,,0.0058781839673954965,0.003235002052830606,3.3531740665421172
DES_RHO,raw,GB,10.1016/j.seppur.2020.117211,3,0.008868953136268802,,0.026226768315342732,0.01050541860501835,0.8442265339176659
DES_RHO,raw,GB,10.1016/j.talanta.2022.123373,8,0.012291168297806344,,0.04930498536177653,0.010717220759133386,1.1468615393903885
DES_RHO,raw,GB,10.1016/j.tca.2011.10.010,268,0.009572011341374557,,0.02314291942586844,0.009303879835853438,1.0288193216434125
DES_RHO,raw,GB,10.1016/j.tca.2012.04.030,28,0.043772819501865026,,0.049397078282598254,0.04221940990654821,1.0367937306266302
DES_RHO,raw,GB,10.1016/j.tca.2014.11.028,18,0.011906414844294834,,0.02366828769096367,0.012780626440915254,0.9315986895742635
DES_RHO,raw,GB,10.1016/j.tca.2016.11.008,12,0.019391848931961067,,0.02892054131581908,0.018045732228609213,1.0745947399805567
DES_RHO,raw,GB,10.1021/acs.energyfuels.6b00471,5,0.03484391384445783,,0.06857488217270227,0.04525849626313275,0.7698866891616423
DES_RHO,raw,GB,10.1021/acs.iecr.5b02611,22,0.0028199593759162815,,0.023888203418880576,0.003338126013471965,0.844773194461661
DES_RHO,raw,GB,10.1021/acs.iecr.7b02478,28,0.00639453008437681,,0.024080725131464448,0.005625591651424016,1.1366857889086477
DES_RHO,raw,GB,10.1021/acs.jced.0c00579,16,0.009177443475718075,,0.029576959973093928,0.007926459250510307,1.1578238385729704
DES_RHO,raw,GB,10.1021/acs.jced.0c00715,153,0.005396976108073033,,0.00763318670122029,0.005757354739354813,0.9374055190974449
DES_RHO,raw,GB,10.1021/acs.jced.6b00486,18,0.14662137812141254,,0.14212972821022038,0.012172187834020102,12.045605943708805
DES_RHO,raw,GB,10.1021/acs.jced.6b01013,36,0.007736894047355181,,0.020201180383829058,0.008662848016417903,0.8931120611480374
DES_RHO,raw,GB,10.1021/acs.jced.9b00237,8,0.008924392976555848,,0.013342608065891803,0.008388747522723517,1.0638528519759796
DES_RHO,raw,GB,10.1021/acs.jpcb.0c03876,3,0.014104158488426942,,0.007662624006609409,0.015547883457242643,0.9071433116419988
DES_RHO,raw,GB,10.1021/acssuschemeng.0c04215,7,0.07229564557130273,,0.13536351647112513,0.10224806489262138,0.7070612597629695
DES_RHO,raw,GB,10.1021/acssuschemeng.5b00532,52,0.013441882013662748,,0.056716420779951,0.020537414982360655,0.6545070070993756
DES_RHO,raw,GB,10.1021/acssuschemeng.5b00619,14,0.01840261052909923,,0.0305988546470989,0.015476417959500255,1.189074279155321
DES_RHO,raw,GB,10.1021/acssuschemeng.7b04235,39,0.0025643261513029945,,0.004796051951665762,0.0027311548163312283,0.9389164378267155
DES_RHO,raw,GB,10.1021/acssuschemeng.8b01203,187,0.007720335926372814,,0.009742365625930118,0.0034158570586193676,2.260146075753312
DES_RHO,raw,GB,10.1021/acssuschemeng.8b03520,17,0.027090265348840504,,0.02730248308832433,0.02623211423875884,1.032713760784623
DES_RHO,raw,GB,10.1021/acssuschemeng.8b04843,16,0.08556144628496527,,0.04049001260280119,0.009649890718940821,8.866571526766114
DES_RHO,raw,GB,10.1021/acssuschemeng.8b05072,26,0.019747001856172824,,0.020780502529645813,0.01575937120475404,1.2530323449844152
DES_RHO,raw,GB,10.1021/acssuschemeng.8b05548,2,0.35193137332440255,,0.3838391825100715,0.34558708341024547,1.0183580064727877
DES_RHO,raw,GB,10.1021/acssuschemeng.9b00044,3,0.004386235287806659,,0.01089762420591453,0.0071491659187162306,0.6135310521082845
DES_RHO,raw,GB,10.1021/acssuschemeng.9b01102,28,0.0276739555683679,,0.02999288632540344,0.028658500537985496,0.9656456216781953
DES_RHO,raw,GB,10.1021/acssuschemeng.9b02845,21,0.0156955136143755,,0.01862704078943908,0.0162417606071216,0.966367747563858
DES_RHO,raw,GB,10.1021/acssuschemeng.9b03245,21,0.005128404838785245,,0.012374623226587552,0.004718256841148794,1.086927865829489
DES_RHO,raw,GB,10.1021/acssuschemeng.9b05434,9,0.0036687566558712913,,0.004241512623266984,0.0035878411614785714,1.0225526969425185
DES_RHO,raw,GB,10.1021/je100104v,14,0.005122842402974579,,0.012567046760703734,0.00461932555373927,1.109002243591106
DES_RHO,raw,GB,10.1021/je300997v,37,0.008243066931211481,,0.014631174917260046,0.007986411567764935,1.0321365060226133
DES_RHO,raw,GB,10.1021/je400884v,24,0.006008882036896163,,0.008143198593509402,0.006252698417483459,0.9610062145480183
DES_RHO,raw,GB,10.1021/je5001796,9,0.009061411221952816,,0.008830398506170446,0.009522331297184146,0.9515958791133817
DES_RHO,raw,GB,10.1021/je5002126,70,0.016386044222098627,,0.02458533750051616,0.012287785311670872,1.3335229910417827
DES_RHO,raw,GB,10.1021/je500320c,6,0.007327838699098116,,0.015194086788396793,0.006861508094678122,1.0679632812474107
DES_RHO,raw,GB,10.1021/jp0671998,12,0.005209951215382605,,0.015973500190419567,0.005983531287347528,0.8707151287734224
DES_RHO,raw,GB,10.1021/jp5089004,18,0.003638290807508362,,0.02442328869292129,0.00400154206386596,0.9092221822087622
DES_RHO,raw,GB,10.1021/sc500439w,62,0.019574268774708196,,0.028506648143671633,0.019916435302565833,0.9828198910769159
DES_RHO,raw,GB,10.1039/c1cp22554e,4,0.013723235405690568,,0.04275726441202712,0.013506679458697463,1.0160332484127812
DES_RHO,raw,GB,10.1039/c2ra22990k,5,0.06987522485831446,,0.06721551621463608,0.07145858341724952,0.9778422901320368
DES_RHO,raw,GB,10.1039/c3ra40303c,13,0.00383745488572828,,0.009393277792778647,0.004132940469336193,0.9285047568915571
DES_RHO,raw,GB,10.1039/c4ra10628h,35,0.017927236740302648,,0.029704835027314996,0.016192822713429905,1.1071100485423253
DES_RHO,raw,GB,10.1039/c5cp03364k,15,0.01047099473147923,,0.027721999254503003,0.010484407088624486,0.9987207328910561
DES_RHO,raw,GB,10.1039/c5gc01451d,48,0.009913674672937044,,0.027593408925336377,0.007535029427613405,1.3156782953768815
DES_RHO,raw,GB,10.1039/c5gc03080c,8,0.01127284125453739,,0.03468302296801709,0.01013357072309658,1.1124253792243406
DES_RHO,raw,GB,10.1039/c6cc06105b,21,0.013922828442457217,,0.017893525928457513,0.017436677410944245,0.7984794416004085
DES_RHO,raw,GB,10.1080/01496395.2016.1247864,6,0.011127086620794618,,0.015353792256855233,0.00943012371781691,1.179951287359203
DES_RHO,raw,GB,10.13140/rg.2.2.13424.10245,5,0.03498964089041215,,0.08465015542903627,0.06557500266107505,0.5335819972628351
DES_RHO,raw,GB,10.3390/molecules24030636,17,0.006285670912760995,,0.006815158536846612,0.006351817896337684,0.9895861335044213
DES_RHO,raw,GB,10.3390/separations6010009,7,0.017952927692002928,,0.0346809265916749,0.020370934828117943,0.8813011206153658
DES_RHO,raw,GB,10.3866/pku.whxb201506111,22,0.004784429698131605,,0.03960610771723336,0.004506466830113051,1.0616808862679639
DES_RHO,raw,GB,api.semanticscholar.org/corpusid:92513446,31,0.02156816175037461,,0.026143714917306975,0.02150598774835179,1.0028910089018155
DES_RHO,raw,KNN,10.1002/aic.18095,2667,0.038286905928152266,,0.05160772292313052,0.016757777138956115,2.284724615363709
DES_RHO,raw,KNN,10.1002/cphc.200500489,6,0.03563761590230189,,0.08263227742434148,0.03417478862065817,1.0428042817727763
DES_RHO,raw,KNN,10.1016/j.bioelechem.2022.108207,3,0.0009354107832034648,,0.017455421698333872,0.001113208575844312,0.8402834864023603
DES_RHO,raw,KNN,10.1016/j.biortech.2020.122897,6,0.028410329635539217,,0.05708140158288569,0.030621605607805705,0.9277870664070333
DES_RHO,raw,KNN,10.1016/j.cclet.2013.09.004,9,0.27485045294567817,,0.20206006907188104,0.2190771727699828,1.2545828005287152
DES_RHO,raw,KNN,10.1016/j.cej.2018.10.077,9,0.10013982778539658,,0.08567077747594759,0.07713179222027136,1.2982950985946151
DES_RHO,raw,KNN,10.1016/j.cej.2020.125173,36,0.02603081255123968,,0.030381785704687518,0.013393719176663857,1.9435089095039173
DES_RHO,raw,KNN,10.1016/j.cep.2015.04.001,14,0.0448553018213646,,0.02734168758507783,0.025695374041699734,1.745656698694916
DES_RHO,raw,KNN,10.1016/j.chemosphere.2019.125082,20,0.0015994620439385109,,0.03211615712939516,0.006726440322339888,0.23778729421360797
DES_RHO,raw,KNN,10.1016/j.chroma.2018.07.070,13,0.005213443307745537,,0.013076540144031267,0.005705079901011279,0.9138247663843245
DES_RHO,raw,KNN,10.1016/j.chroma.2018.12.063,5,0.017871809936321512,,0.019540117604559096,0.019475862486678236,0.9176389465958739
DES_RHO,raw,KNN,10.1016/j.cjche.2020.07.004,20,0.013076302575269518,,0.09867740747050464,0.00957299168703284,1.365957790706338
DES_RHO,raw,KNN,10.1016/j.ctta.2022.100088,5,0.2577161986080037,,0.25754656565646533,0.08237670012813088,3.128508403555194
DES_RHO,raw,KNN,10.1016/j.fluid.2012.12.001,137,0.020424742680793872,,0.025097512788624758,0.022027035216704873,0.9272579119183568
DES_RHO,raw,KNN,10.1016/j.fluid.2013.06.050,24,0.008594654782673553,,0.08420177653015008,0.009488004488124297,0.9058442998663302
DES_RHO,raw,KNN,10.1016/j.fluid.2014.01.028,7,0.0031637473260134152,,0.009137368173760832,0.0031857365149768747,0.9930976121659518
DES_RHO,raw,KNN,10.1016/j.fluid.2014.08.017,3,0.01802843531757542,,0.027216638538462738,0.016828874789084028,1.0712799009752858
DES_RHO,raw,KNN,10.1016/j.fluid.2017.03.008,84,0.005263937259902549,,0.02474496679461637,0.009215773383043824,0.5711877930492203
DES_RHO,raw,KNN,10.1016/j.fluid.2018.05.008,5,0.006626641683386867,,0.01056053691816851,0.006616293826607179,1.001563995954665
DES_RHO,raw,KNN,10.1016/j.fluid.2019.02.010,64,0.003564359454639081,,0.021542190242420215,0.003234006285746823,1.1021498227595343
DES_RHO,raw,KNN,10.1016/j.fluid.2020.112752,36,0.004636776298727845,,0.051532295391660286,0.00553253407882259,0.8380926773639726
DES_RHO,raw,KNN,10.1016/j.fluid.2022.113462,14,0.008469674981114346,,0.02130257841536697,0.008379679843867203,1.0107396868286094
DES_RHO,raw,KNN,10.1016/j.foodchem.2018.09.048,6,0.05396344775246794,,0.06277296196081032,0.05116758909049104,1.054641203771246
DES_RHO,raw,KNN,10.1016/j.foodchem.2019.125752,8,8.944271909998174e-05,,0.022039412383840915,0.007031055416863112,0.012721094316148398
DES_RHO,raw,KNN,10.1016/j.foodchem.2021.131930,10,0.09336943408257335,,0.06349581003782852,0.0877240188292808,1.0643542706847375
DES_RHO,raw,KNN,10.1016/j.foodchem.2022.133379,7,0.05994512187754965,,0.04219957588446322,0.05702908131546318,1.0511325186172304
DES_RHO,raw,KNN,10.1016/j.foodchem.2022.134054,38,0.07002030563757163,,0.09897792551345662,0.06990426294507893,1.0016600231173864
DES_RHO,raw,KNN,10.1016/j.ijggc.2016.02.006,8,0.00031839833542280266,,0.05539082446579035,0.008793560712248471,0.036208123858098636
DES_RHO,raw,KNN,10.1016/j.ijggc.2019.102839,4,0.04240516383118922,,0.03591417075194692,0.03687917716137387,1.149840291870804
DES_RHO,raw,KNN,10.1016/j.jcis.2017.01.109,3,0.059531418757941074,,0.05601707758591724,0.054212956800012334,1.0981031523063418
DES_RHO,raw,KNN,10.1016/j.jclepro.2022.133589,3,0.0013184409985534935,,0.025324041278332026,0.0011077605035988039,1.1901859601152485
DES_RHO,raw,KNN,10.1016/j.jcou.2022.102217,112,0.1337759493339917,,0.11155542617237406,0.03241210861294741,4.1273448429872674
DES_RHO,raw,KNN,10.1016/j.jct.2013.05.041,20,0.00020499999999998853,,0.010799898471745003,0.0016987510117730477,0.12067689648409548
DES_RHO,raw,KNN,10.1016/j.jct.2013.08.029,5,0.00565427130583598,,0.021190774124604288,0.006563475298955589,0.8614752167553238
DES_RHO,raw,KNN,10.1016/j.jct.2015.04.021,24,0.011797281819696121,,0.016505443142591867,0.01239126641362104,0.9520642544435988
DES_RHO,raw,KNN,10.1016/j.jct.2016.08.015,3,0.0,,0.02839934834933127,0.004335159358854799,0.0
DES_RHO,raw,KNN,10.1016/j.jct.2017.05.020,66,0.002241047644619466,,0.021068200200704598,0.003809456256435667,0.5882854385933574
DES_RHO,raw,KNN,10.1016/j.jct.2017.11.008,66,0.06945980294931432,,0.03635875580429512,0.022855415603839784,3.0390960354116183
DES_RHO,raw,KNN,10.1016/j.jct.2018.10.003,25,0.05249874360584261,,0.05462837086445101,0.021623470007193578,2.4278593393371932
DES_RHO,raw,KNN,10.1016/j.jct.2018.12.017,54,0.062280102463193855,,0.04322303862842216,0.009892995101847829,6.295373829868882
DES_RHO,raw,KNN,10.1016/j.jct.2019.105883,15,0.044356775882233225,,0.06690104125637113,0.03870523214174884,1.1460149811215943
DES_RHO,raw,KNN,10.1016/j.jct.2020.106051,12,0.03021164704684823,,0.07133966831982984,0.02517518600361609,1.2000565573779165
DES_RHO,raw,KNN,10.1016/j.jct.2021.106578,43,0.021471603659739293,,0.02589957979177843,0.020075153898567316,1.0695610986709116
DES_RHO,raw,KNN,10.1016/j.jct.2021.106713,77,0.025015769654931116,,0.037747181558156304,0.023694094332423154,1.055780790941622
DES_RHO,raw,KNN,10.1016/j.jhazmat.2021.127972,27,0.01788273633113481,,0.027273503130735174,0.01692236047211346,1.0567518852115203
DES_RHO,raw,KNN,10.1016/j.jhazmat.2022.129835,6,0.01383903803496953,,0.08286521930922926,0.01532502829361172,0.9030350724206083
DES_RHO,raw,KNN,10.1016/j.jiec.2022.04.015,34,0.018747753230093214,,0.022442223243646028,0.01946143943047077,0.9633281904492564
DES_RHO,raw,KNN,10.1016/j.jmgm.2022.108319,25,0.040751049308109834,,0.060890476850161065,0.03493917229162706,1.1663427218015565
DES_RHO,raw,KNN,10.1016/j.jobe.2021.103056,9,0.1433499713909207,,0.09673201031716441,0.1079395706453899,1.3280576394162558
DES_RHO,raw,KNN,10.1016/j.jtice.2012.01.007,15,0.011561681250291103,,0.01433383982050865,0.00805364116409466,1.435584354296321
DES_RHO,raw,KNN,10.1016/j.jtice.2015.12.020,54,8.175854242376328e-05,,0.006574024074593374,0.002409624710290885,0.033929990041434106
DES_RHO,raw,KNN,10.1016/j.microc.2022.107372,34,0.04681286026560499,,0.048560151597120176,0.04630132721582675,1.0110479133220913
DES_RHO,raw,KNN,10.1016/j.molliq.2016.01.038,10,0.015346280722051199,,0.0660391086402595,0.018297507480528594,0.8387088098410146
DES_RHO,raw,KNN,10.1016/j.molliq.2016.02.062,59,0.017635214732009026,,0.02785691760845175,0.01756826346048322,1.0038109214195472
DES_RHO,raw,KNN,10.1016/j.molliq.2016.07.039,77,0.08167523501371426,,0.09862710258041546,0.010382299022605988,7.866777371358501
DES_RHO,raw,KNN,10.1016/j.molliq.2016.10.115,12,0.008012676519116455,,0.017063997480074825,0.008381088831410876,0.9560424284117267
DES_RHO,raw,KNN,10.1016/j.molliq.2017.02.071,27,0.012542167778840813,,0.019694822745152166,0.013457717185758222,0.931968446484646
DES_RHO,raw,KNN,10.1016/j.molliq.2017.04.052,39,0.09449117434299327,,0.10642250337747279,0.09563162188903944,0.988074576970268
DES_RHO,raw,KNN,10.1016/j.molliq.2017.05.084,45,0.006209122607547347,,0.08569476929267297,0.0031575140854792605,1.9664591952580002
DES_RHO,raw,KNN,10.1016/j.molliq.2017.09.091,117,0.11288827379363942,,0.020085838131107696,0.017963384337205335,6.284354422002089
DES_RHO,raw,KNN,10.1016/j.molliq.2018.02.049,54,0.03704760854480204,,0.08170468980147683,0.02492660827308842,1.4862675314234326
DES_RHO,raw,KNN,10.1016/j.molliq.2018.02.085,63,0.01907332605981786,,0.013501382198495119,0.020337402239255377,0.937844756937659
DES_RHO,raw,KNN,10.1016/j.molliq.2018.12.096,4,0.005479615182656487,,0.01153040293528369,0.006981736080660724,0.7848499455364571
DES_RHO,raw,KNN,10.1016/j.molliq.2019.01.053,14,0.01733509425579054,,0.03516533749914213,0.01675719265611889,1.0344867789928185
DES_RHO,raw,KNN,10.1016/j.molliq.2019.111916,35,0.012472448676984,,0.016959382839175308,0.012588480993125638,0.9907826594642355
DES_RHO,raw,KNN,10.1016/j.molliq.2020.112644,18,0.013456823919484122,,0.034235850167137157,0.011808280333920102,1.1396091165644555
DES_RHO,raw,KNN,10.1016/j.molliq.2020.113110,81,0.005003363595536088,,0.04497265927981983,0.005218077986584145,0.9588518240624048
DES_RHO,raw,KNN,10.1016/j.molliq.2020.113127,36,0.0221523875688378,,0.08436607158390154,0.008391899765051222,2.639734528419095
DES_RHO,raw,KNN,10.1016/j.molliq.2021.117717,1,0.0,,0.02699000000000007,0.0034301282774846075,0.0
DES_RHO,raw,KNN,10.1016/j.molliq.2021.117987,25,0.02199626253580366,,0.0246438868203861,0.012003654005676767,1.832463891861694
DES_RHO,raw,KNN,10.1016/j.molliq.2021.118393,54,0.09831626923872885,,0.043444462934068236,0.011436537565254673,8.596681353753723
DES_RHO,raw,KNN,10.1016/j.molliq.2022.119392,11,0.009269806215489472,,0.02342707105427006,0.010096557199002421,0.9181155549146361
DES_RHO,raw,KNN,10.1016/j.molliq.2022.119396,90,0.14952183432784807,,0.07203091090469425,0.05056204609252105,2.9571950876799025
DES_RHO,raw,KNN,10.1016/j.molliq.2022.119560,27,0.052025627512687335,,0.039811589502816144,0.011138659371423143,4.670726141977374
DES_RHO,raw,KNN,10.1016/j.molliq.2022.120056,9,0.014502802750579694,,0.014603507445511537,0.006332757898419928,2.2901243002196967
DES_RHO,raw,KNN,10.1016/j.molliq.2022.120266,52,0.015591417904263376,,0.02571227699809806,0.009664794845409093,1.6132176785593653
DES_RHO,raw,KNN,10.1016/j.molliq.2022.120420,351,0.014770012977713442,,0.012537316706513804,0.011986034822627155,1.2322684854736707
DES_RHO,raw,KNN,10.1016/j.seppur.2019.115703,43,0.002426876452619507,,0.017612403761963286,0.0028743379719066015,0.8443253633843605
DES_RHO,raw,KNN,10.1016/j.seppur.2019.115707,4,0.006665391961467841,,0.0056851543514666505,0.008440979208598947,0.7896467692608117
DES_RHO,raw,KNN,10.1016/j.seppur.2020.116692,22,0.0320413709112567,,0.006924595186723918,0.00395723437172065,8.096910089589855
DES_RHO,raw,KNN,10.1016/j.seppur.2020.117211,3,0.0006350852961085825,,0.04382004048910339,0.019814842061781163,0.03205098956269422
DES_RHO,raw,KNN,10.1016/j.talanta.2022.123373,8,0.009661680423197604,,0.042523872474470134,0.010886933439908587,0.8874565529886008
DES_RHO,raw,KNN,10.1016/j.tca.2011.10.010,268,0.008394983110043204,,0.041154324070521345,0.009002004200558111,0.9325682284754685
DES_RHO,raw,KNN,10.1016/j.tca.2012.04.030,28,0.04770817560215139,,0.06028506701497474,0.04654493325195096,1.0249918147675434
DES_RHO,raw,KNN,10.1016/j.tca.2014.11.028,18,0.009238523210508894,,0.018335371856363088,0.009821849113074401,0.9406093602284105
DES_RHO,raw,KNN,10.1016/j.tca.2016.11.008,12,0.017750590600503,,0.033436336995350764,0.01766460868516479,1.0048674678771923
DES_RHO,raw,KNN,10.1021/acs.energyfuels.6b00471,5,0.0,,0.09704343749064126,0.04866557174224918,0.0
DES_RHO,raw,KNN,10.1021/acs.iecr.5b02611,22,0.00030466382367217023,,0.050297296165987784,0.0011570979175977794,0.2632999498475244
DES_RHO,raw,KNN,10.1021/acs.iecr.7b02478,28,0.004899901310959527,,0.013274855500962303,0.003988930128672165,1.2283748155274423
DES_RHO,raw,KNN,10.1021/acs.jced.0c00579,16,0.0011149551560488847,,0.04735485840967115,0.005987710434715445,0.18620726038864818
DES_RHO,raw,KNN,10.1021/acs.jced.0c00715,153,0.00842663112737605,,0.013124537051281377,0.00953864171418731,0.8834204470477898
DES_RHO,raw,KNN,10.1021/acs.jced.6b00486,18,0.049029881568964324,,0.07353434082114287,0.027597704352999283,1.7765927535793686
DES_RHO,raw,KNN,10.1021/acs.jced.6b01013,36,0.005646979140311315,,0.017599141437707813,0.008202456794223972,0.6884497269510546
DES_RHO,raw,KNN,10.1021/acs.jced.9b00237,8,0.004908277956676842,,0.019162002048324717,0.00564408008447788,0.869632939861252
DES_RHO,raw,KNN,10.1021/acs.jpcb.0c03876,3,0.01610829889632463,,0.00917872031748801,0.014803436763130335,1.0881458916651168
DES_RHO,raw,KNN,10.1021/acssuschemeng.0c04215,7,0.03986942595165224,,0.12415796210588231,0.08380621243593542,0.47573353803728946
DES_RHO,raw,KNN,10.1021/acssuschemeng.5b00532,52,0.024611738739252664,,0.04482617514118798,0.025890498755557764,0.950608907600492
DES_RHO,raw,KNN,10.1021/acssuschemeng.5b00619,14,0.026790901227309004,,0.04127919088354325,0.02742094903015366,0.9770231219148607
DES_RHO,raw,KNN,10.1021/acssuschemeng.7b04235,39,0.0017973172087080165,,0.004602665834001768,0.0018364002287083402,0.9787175914109892
DES_RHO,raw,KNN,10.1021/acssuschemeng.8b01203,187,0.01954279773886104,,0.011825521669649855,0.0035879645247711184,5.446764482741842
DES_RHO,raw,KNN,10.1021/acssuschemeng.8b03520,17,0.030408181637610016,,0.037754520770989286,0.03601695823734412,0.8442740066283928
DES_RHO,raw,KNN,10.1021/acssuschemeng.8b04843,16,0.0560856068419073,,0.033464336609478756,0.012407070801563131,4.520455129089876
DES_RHO,raw,KNN,10.1021/acssuschemeng.8b05072,26,0.020768706674299125,,0.029178439366185333,0.02123263547538952,0.9781502017670803
DES_RHO,raw,KNN,10.1021/acssuschemeng.8b05548,2,0.4224165057499528,,0.426938467873299,0.4182929035018404,1.0098581692722748
DES_RHO,raw,KNN,10.1021/acssuschemeng.9b00044,3,0.01850494888761747,,0.008318777554424726,0.04033345625325618,0.4587989874069753
DES_RHO,raw,KNN,10.1021/acssuschemeng.9b01102,28,0.03617670892567286,,0.03948477173236721,0.03287739504464169,1.100352046643333
DES_RHO,raw,KNN,10.1021/acssuschemeng.9b02845,21,0.01527457735367276,,0.015381885171479152,0.015346943607612478,0.995284647172104
DES_RHO,raw,KNN,10.1021/acssuschemeng.9b03245,21,0.0,,0.006590082086344746,0.0025920785922829365,0.0
DES_RHO,raw,KNN,10.1021/acssuschemeng.9b05434,9,0.00014063348739817776,,0.004182496917711539,0.0012808461005652941,0.10979733422782798
DES_RHO,raw,KNN,10.1021/je100104v,14,0.011575923227606026,,0.012608421165463766,0.004535216328121193,2.552452273517367
DES_RHO,raw,KNN,10.1021/je300997v,37,0.01066802996073984,,0.019810161752208094,0.018669709041002083,0.5714084744069071
DES_RHO,raw,KNN,10.1021/je400884v,24,0.012737781400228226,,0.012597136447092526,0.012416219399103205,1.025898543734516
DES_RHO,raw,KNN,10.1021/je5001796,9,0.011236335503871087,,0.011379634928727294,0.011914890870018196,0.9430498043540979
DES_RHO,raw,KNN,10.1021/je5002126,70,0.006178896910568143,,0.02509294946747279,0.005943352643079495,1.0396315483253242
DES_RHO,raw,KNN,10.1021/je500320c,6,0.008446295637733721,,0.01953114922373998,0.009547281113838978,0.8846807313016734
DES_RHO,raw,KNN,10.1021/jp0671998,12,0.005762269518167288,,0.013403476539067496,0.006495493437761265,0.8871180570622376
DES_RHO,raw,KNN,10.1021/jp5089004,18,0.0,,0.04516060366440346,0.0052484273835121205,0.0
DES_RHO,raw,KNN,10.1021/sc500439w,62,0.024931984684789545,,0.02819039215761286,0.025205652803008422,0.9891425895469681
DES_RHO,raw,KNN,10.1039/c1cp22554e,4,0.04417583479686604,,0.037426000454229676,0.0451350520106048,0.9787478429511197
DES_RHO,raw,KNN,10.1039/c2ra22990k,5,0.07872733781857484,,0.07240566944652888,0.08093034239393779,0.9727790033972726
DES_RHO,raw,KNN,10.1039/c3ra40303c,13,0.005178545385307741,,0.0330949165745575,0.006788810930211083,0.7628059521090133
DES_RHO,raw,KNN,10.1039/c4ra10628h,35,0.01516079374099995,,0.03516536383594353,0.016673628450768772,0.9092678168860677
DES_RHO,raw,KNN,10.1039/c5cp03364k,15,0.007546446227640324,,0.01762840858765569,0.010030886966431918,0.7523209316279104
DES_RHO,raw,KNN,10.1039/c5gc01451d,48,0.007817588466613809,,0.033359408913316096,0.008063180893729219,0.9695414960482396
DES_RHO,raw,KNN,10.1039/c5gc03080c,8,0.01348043114852045,,0.04551229286934467,0.01366716657540985,0.9863369319559347
DES_RHO,raw,KNN,10.1039/c6cc06105b,21,0.02580429654718836,,0.03421067477306712,0.030093078141785665,0.8574827880886626
DES_RHO,raw,KNN,10.1080/01496395.2016.1247864,6,0.010724838460321911,,0.01880096460291337,0.011350521573918974,0.9448762676215033
DES_RHO,raw,KNN,10.13140/rg.2.2.13424.10245,5,0.06953927385298182,,0.09152328822764182,0.0884455891042623,0.7862378956061545
DES_RHO,raw,KNN,10.3390/molecules24030636,17,0.004996931175878913,,0.007298870903817133,0.006288844839218469,0.7945705934287122
DES_RHO,raw,KNN,10.3390/separations6010009,7,0.0015009863043060176,,0.03266818087812229,0.013300152231137383,0.11285482137505268
DES_RHO,raw,KNN,10.3866/pku.whxb201506111,22,0.0,,0.08576961753335607,0.0017711569562397322,0.0
DES_RHO,raw,KNN,api.semanticscholar.org/corpusid:92513446,31,0.02299761356483362,,0.027841112348004234,0.022868386123007633,1.005650920932106
DES_RHO,raw,RF,10.1002/aic.18095,2667,0.030851510317905635,0.058747330169311066,0.0401715211702116,0.012922932866909109,2.3873458630203857
DES_RHO,raw,RF,10.1002/cphc.200500489,6,0.021053780525913467,0.021241043900116278,0.07793565087301191,0.02002952277181527,1.051137401812663
DES_RHO,raw,RF,10.1016/j.bioelechem.2022.108207,3,0.0013386884128379767,0.0017821990161969257,0.03743088208062068,0.0017076318885130462,0.7839443745710709
DES_RHO,raw,RF,10.1016/j.biortech.2020.122897,6,0.02302235471594217,0.022823028501931953,0.05002756516828161,0.021814999503399782,1.0553451863409038
DES_RHO,raw,RF,10.1016/j.cclet.2013.09.004,9,0.2674606717382327,0.2672880345536544,0.20853149766348916,0.2195092230307318,1.218448446244956
DES_RHO,raw,RF,10.1016/j.cej.2018.10.077,9,0.05788454249624852,0.056179744234218655,0.06182964172268473,0.05435867108587391,1.0648630906521714
DES_RHO,raw,RF,10.1016/j.cej.2020.125173,36,0.021325858598711136,0.022408003052976893,0.03607117679725584,0.01842522561809699,1.1574272706742428
DES_RHO,raw,RF,10.1016/j.cep.2015.04.001,14,0.04220651476456483,0.04296726564656933,0.032498887035888296,0.026315435150171023,1.6038691560185174
DES_RHO,raw,RF,10.1016/j.chemosphere.2019.125082,20,0.010594092874805273,0.021219435006615987,0.025345032540716926,0.011912458859949937,0.8893288110671214
DES_RHO,raw,RF,10.1016/j.chroma.2018.07.070,13,0.009089926087539037,0.020083916262675302,0.013566151202958713,0.008671028828141523,1.0483099834748557
DES_RHO,raw,RF,10.1016/j.chroma.2018.12.063,5,0.037710905499603146,0.04162134254874532,0.024372915519485953,0.024945894942454954,1.5117078616178912
DES_RHO,raw,RF,10.1016/j.cjche.2020.07.004,20,0.012867726692388233,0.021925499422134048,0.04139812320347388,0.012776064422974725,1.0071745309336946
DES_RHO,raw,RF,10.1016/j.ctta.2022.100088,5,0.14709663004977375,0.1441202062168938,0.14136813609862728,0.04226141417416126,3.480636720853251
DES_RHO,raw,RF,10.1016/j.fluid.2012.12.001,137,0.01717160489291961,0.017554076337375168,0.021725810060242257,0.016841425598932536,1.0196051867490363
DES_RHO,raw,RF,10.1016/j.fluid.2013.06.050,24,0.00525821048456602,0.008427632625278961,0.04826993160861117,0.005393584615077439,0.9749008979792421
DES_RHO,raw,RF,10.1016/j.fluid.2014.01.028,7,0.005206742057865229,0.005654707773174451,0.009069937942770855,0.005546791865574144,0.938694327108357
DES_RHO,raw,RF,10.1016/j.fluid.2014.08.017,3,0.01512701204247999,0.0164327632085011,0.030352025962034238,0.015075041182917774,1.0034474771200697
DES_RHO,raw,RF,10.1016/j.fluid.2017.03.008,84,0.005913550561050036,0.014940686882597108,0.01887263890177171,0.006186846935232839,0.9558262266637897
DES_RHO,raw,RF,10.1016/j.fluid.2018.05.008,5,0.005850555871026299,0.009547118308683546,0.014271025751500844,0.005557318418086219,1.0527659980730533
DES_RHO,raw,RF,10.1016/j.fluid.2019.02.010,64,0.0034679591832769605,0.005659210696676266,0.023601695340920426,0.003438550156861169,1.0085527402754646
DES_RHO,raw,RF,10.1016/j.fluid.2020.112752,36,0.004996673893701688,0.027418832042148605,0.04205120115869328,0.004635827625977672,1.0778385860815771
DES_RHO,raw,RF,10.1016/j.fluid.2022.113462,14,0.007732056647490368,0.008784960443849488,0.019251977263944335,0.0077801535056468375,0.9938180065314186
DES_RHO,raw,RF,10.1016/j.foodchem.2018.09.048,6,0.02319255836110658,0.023148811344573788,0.04624913422613086,0.0111233413744852,2.0850352048266574
DES_RHO,raw,RF,10.1016/j.foodchem.2019.125752,8,0.030255090942682684,0.06414381094696509,0.04004934725123495,0.030886878355945908,0.97954511925801
DES_RHO,raw,RF,10.1016/j.foodchem.2021.131930,10,0.07728438423847347,0.0782834976848889,0.06669663444432565,0.07385204864714322,1.046475834512453
DES_RHO,raw,RF,10.1016/j.foodchem.2022.133379,7,0.047476457920591686,0.047541091770623614,0.04425323146457378,0.04718896206226924,1.0060924386924017
DES_RHO,raw,RF,10.1016/j.foodchem.2022.134054,38,0.06859978227293974,0.06863729232252988,0.09369317184579841,0.06816035906132258,1.0064469028283995
DES_RHO,raw,RF,10.1016/j.ijggc.2016.02.006,8,0.009672263049566036,0.012706875599454038,0.03190877007187834,0.010061830474620427,0.9612826487151596
DES_RHO,raw,RF,10.1016/j.ijggc.2019.102839,4,0.02714940166559845,0.024198180505980195,0.026779117370630413,0.02514292863112806,1.0798026778784349
DES_RHO,raw,RF,10.1016/j.jcis.2017.01.109,3,0.060624347717178256,0.06182970987801905,0.06489262192576292,0.06266360760388236,0.9674570302495996
DES_RHO,raw,RF,10.1016/j.jclepro.2022.133589,3,0.0006979780321279954,0.0015691993712292883,0.01513441354441366,0.0009774456506629222,0.7140837259387399
DES_RHO,raw,RF,10.1016/j.jcou.2022.102217,112,0.11752415818464274,0.11988170248428388,0.07439538415916196,0.01897893673043506,6.192346802873223
DES_RHO,raw,RF,10.1016/j.jct.2013.05.041,20,0.002248050266341905,0.009265167348731488,0.010159370699014769,0.00232368887762539,0.9674489076348374
DES_RHO,raw,RF,10.1016/j.jct.2013.08.029,5,0.005044027755673066,0.007555282655202278,0.01245659086588299,0.005681579709904662,0.887786146321215
DES_RHO,raw,RF,10.1016/j.jct.2015.04.021,24,0.011158576298076735,0.011649823639580689,0.018384100739497696,0.011654846273832472,0.9574194318744499
DES_RHO,raw,RF,10.1016/j.jct.2016.08.015,3,0.0022570482198363395,0.005330187613958768,0.029599564298595116,0.002244326179502401,1.0056685344804734
DES_RHO,raw,RF,10.1016/j.jct.2017.05.020,66,0.004549381709572618,0.017840857916931047,0.012183871480051985,0.003280380752106051,1.3868456296275518
DES_RHO,raw,RF,10.1016/j.jct.2017.11.008,66,0.05190107942767256,0.0512736575788694,0.034059410384761166,0.00782972088205635,6.628726644217434
DES_RHO,raw,RF,10.1016/j.jct.2018.10.003,25,0.031384955254134116,0.031331900842049155,0.03647312380249326,0.008590083879450773,3.6536261687983407
DES_RHO,raw,RF,10.1016/j.jct.2018.12.017,54,0.026074021840038698,0.02968790367398068,0.02988164047606391,0.006879700973798856,3.7899934807255233
DES_RHO,raw,RF,10.1016/j.jct.2019.105883,15,0.04218559252430465,0.04159462561020757,0.04012838241012631,0.03469117957406466,1.21603223188879
DES_RHO,raw,RF,10.1016/j.jct.2020.106051,12,0.010417716931586631,0.010857399755466316,0.0469850970026667,0.005098834285076024,2.043156601907744
DES_RHO,raw,RF,10.1016/j.jct.2021.106578,43,0.013265827307189925,0.01427322175899314,0.03562888327538716,0.01305314727547915,1.0162933909517977
DES_RHO,raw,RF,10.1016/j.jct.2021.106713,77,0.017725156698884224,0.018530549238080757,0.03759605026919923,0.018017069806591318,0.9837979698785259
DES_RHO,raw,RF,10.1016/j.jhazmat.2021.127972,27,0.014521691887196432,0.014124060492910935,0.024488564356843354,0.01379191818904583,1.0529131400105187
DES_RHO,raw,RF,10.1016/j.jhazmat.2022.129835,6,0.024538214146510334,0.022586472704548936,0.07314173285956517,0.024755933405280185,0.9912053706396134
DES_RHO,raw,RF,10.1016/j.jiec.2022.04.015,34,0.015600696571929461,0.016480868623596125,0.021566760903815672,0.016527937346843262,0.9438985787847932
DES_RHO,raw,RF,10.1016/j.jmgm.2022.108319,25,0.04062279723505016,0.05452008825378039,0.058925952666036736,0.042595807634085305,0.9536806435040727
DES_RHO,raw,RF,10.1016/j.jobe.2021.103056,9,0.0969096030214642,0.101474079405093,0.05908488434259462,0.07586458655613526,1.2774023746871261
DES_RHO,raw,RF,10.1016/j.jtice.2012.01.007,15,0.00824512478175231,0.009058330236123326,0.013076848855897953,0.0063036814640335045,1.3079856316972818
DES_RHO,raw,RF,10.1016/j.jtice.2015.12.020,54,0.003667061498943942,0.013045245354647895,0.006617509386020844,0.003557545553181705,1.0307841302732696
DES_RHO,raw,RF,10.1016/j.microc.2022.107372,34,0.031033554409134405,0.03092347877631834,0.03334928397467521,0.030099438883962795,1.031034316911114
DES_RHO,raw,RF,10.1016/j.molliq.2016.01.038,10,0.008558182751028372,0.008720715681639866,0.05992890282659945,0.013335220583102457,0.6417728673999407
DES_RHO,raw,RF,10.1016/j.molliq.2016.02.062,59,0.014782534518128524,0.014701790263405106,0.0258548444858953,0.014445698990427377,1.0233173575002743
DES_RHO,raw,RF,10.1016/j.molliq.2016.07.039,77,0.1048976943038794,0.10613996105623076,0.110913860844702,0.008795789043406164,11.925899289560249
DES_RHO,raw,RF,10.1016/j.molliq.2016.10.115,12,0.007741553676965212,0.007829868347126498,0.012311339217702251,0.0072516893434105174,1.0675517538544073
DES_RHO,raw,RF,10.1016/j.molliq.2017.02.071,27,0.010403149950322219,0.010435360718889106,0.013637725100834311,0.010663941318501569,0.9755445608344744
DES_RHO,raw,RF,10.1016/j.molliq.2017.04.052,39,0.0909156927527803,0.09038412405976659,0.10251883203862645,0.09146941012836352,0.9939464201769077
DES_RHO,raw,RF,10.1016/j.molliq.2017.05.084,45,0.005306900036744621,0.02646439480358469,0.04958222484788947,0.004924512705052377,1.0776497807183902
DES_RHO,raw,RF,10.1016/j.molliq.2017.09.091,117,0.10134701887907317,0.09846309143094413,0.016983263879176577,0.012572276278063815,8.061151110392322
DES_RHO,raw,RF,10.1016/j.molliq.2018.02.049,54,0.04071921980442997,0.07183778873267187,0.07331683408331266,0.015299182234258047,2.6615291707063387
DES_RHO,raw,RF,10.1016/j.molliq.2018.02.085,63,0.015738548197501544,0.01581570918874196,0.014403144960802987,0.014326410110933815,1.098568872148229
DES_RHO,raw,RF,10.1016/j.molliq.2018.12.096,4,0.007825147921924578,0.007815741487536566,0.013964298944093156,0.010006506633186254,0.7820059695930975
DES_RHO,raw,RF,10.1016/j.molliq.2019.01.053,14,0.011721080520644328,0.013062502713601867,0.0289313420260549,0.011515984853361722,1.017809650663333
DES_RHO,raw,RF,10.1016/j.molliq.2019.111916,35,0.011523292014747482,0.011717198860771183,0.014811700741546967,0.01166519345256282,0.9878354835354949
DES_RHO,raw,RF,10.1016/j.molliq.2020.112644,18,0.008599243894410434,0.02774764620648029,0.04193013254874775,0.00797240671873233,1.0786258400747744
DES_RHO,raw,RF,10.1016/j.molliq.2020.113110,81,0.005880709503679528,0.07643597975289637,0.015345004991772757,0.004636579007345615,1.268329407169137
DES_RHO,raw,RF,10.1016/j.molliq.2020.113127,36,0.018628896624449994,0.019838889980988803,0.01864699808220556,0.006543862731173744,2.846773746598534
DES_RHO,raw,RF,10.1016/j.molliq.2021.117717,1,0.0059194459200165835,0.017681764052265896,0.020940321391994053,0.012242886097648767,0.4835008569714135
DES_RHO,raw,RF,10.1016/j.molliq.2021.117987,25,0.020923260030884277,0.020014980215028934,0.027109049656083472,0.011415647290276608,1.832857962308092
DES_RHO,raw,RF,10.1016/j.molliq.2021.118393,54,0.052717074417926356,0.05039559891131,0.0407328688598723,0.007743976679640437,6.807493952883918
DES_RHO,raw,RF,10.1016/j.molliq.2022.119392,11,0.006498040963524026,0.00627232028982752,0.02383014775065783,0.012543494945769512,0.5180407048926656
DES_RHO,raw,RF,10.1016/j.molliq.2022.119396,90,0.1341764197092271,0.13139986361378853,0.05377131569061707,0.018113028679133465,7.407729656156332
DES_RHO,raw,RF,10.1016/j.molliq.2022.119560,27,0.019864062982440672,0.024598586690054942,0.0251965180317822,0.013858838786532983,1.4333136627394159
DES_RHO,raw,RF,10.1016/j.molliq.2022.120056,9,0.017265669439027777,0.017113421522302295,0.017676619906909035,0.0069970672999478825,2.467558006646067
DES_RHO,raw,RF,10.1016/j.molliq.2022.120266,52,0.012936457243595887,0.013198045101307758,0.0358550558226076,0.01126370249381751,1.148508427907833
DES_RHO,raw,RF,10.1016/j.molliq.2022.120420,351,0.009725959028874163,0.01001598341171268,0.011028627242789501,0.009183023017388752,1.059123886595658
DES_RHO,raw,RF,10.1016/j.seppur.2019.115703,43,0.0026563145258920473,0.004519144331953035,0.030018527415116365,0.002860831621651622,0.9285113132098622
DES_RHO,raw,RF,10.1016/j.seppur.2019.115707,4,0.006696868671252297,0.006612985331905755,0.007143859251133164,0.007295563035160516,0.9179371953853529
DES_RHO,raw,RF,10.1016/j.seppur.2020.116692,22,0.011389030325473082,0.011431592281917686,0.004354071233809906,0.0036367629262598574,3.1316394707053012
DES_RHO,raw,RF,10.1016/j.seppur.2020.117211,3,0.014964281479576588,0.018426981179780873,0.02988459448054574,0.014541382703626642,1.0290824321571892
DES_RHO,raw,RF,10.1016/j.talanta.2022.123373,8,0.011534341417046741,0.029705095338594674,0.04380095948549526,0.011005631761739075,1.0480399187210423
DES_RHO,raw,RF,10.1016/j.tca.2011.10.010,268,0.008021998904132976,0.012661984583077397,0.026823100362555065,0.007991042475844213,1.003873891095228
DES_RHO,raw,RF,10.1016/j.tca.2012.04.030,28,0.04407321946812726,0.04660716121400841,0.05427703193538022,0.04463987563986772,0.9873060539793624
DES_RHO,raw,RF,10.1016/j.tca.2014.11.028,18,0.008147247592489963,0.009264133646608436,0.019182319087001857,0.009060816617600088,0.8991736546863146
DES_RHO,raw,RF,10.1016/j.tca.2016.11.008,12,0.018866206075060926,0.018318938424482994,0.028797744645486827,0.018471963259671847,1.02134276740631
DES_RHO,raw,RF,10.1021/acs.energyfuels.6b00471,5,0.0573842688548003,0.1055254711737408,0.07103221635286343,0.059511401226991806,0.9642567251260297
DES_RHO,raw,RF,10.1021/acs.iecr.5b02611,22,0.003088420577517976,0.024687508610631403,0.030388496208568486,0.0026190195493733964,1.1792277679854983
DES_RHO,raw,RF,10.1021/acs.iecr.7b02478,28,0.003218040663864555,0.004733548578271626,0.015945261208271267,0.003210395391759199,1.0023814113753655
DES_RHO,raw,RF,10.1021/acs.jced.0c00579,16,0.00460694977723871,0.010031223255416052,0.0314439060868716,0.004276221462927274,1.0773412502553217
DES_RHO,raw,RF,10.1021/acs.jced.0c00715,153,0.007160910155026814,0.007671932096382459,0.00833785531427778,0.007471454163699426,0.958435934709817
DES_RHO,raw,RF,10.1021/acs.jced.6b00486,18,0.07715844031025454,0.07641871063787689,0.08473794069561365,0.015567302842103944,4.956442428907387
DES_RHO,raw,RF,10.1021/acs.jced.6b01013,36,0.006531926666169965,0.008263441108951585,0.018605768407793436,0.0070036370230045514,0.9326478006662567
DES_RHO,raw,RF,10.1021/acs.jced.9b00237,8,0.015235550039299516,0.017119542049949785,0.012684870220069274,0.013497848439658783,1.128739154792633
DES_RHO,raw,RF,10.1021/acs.jpcb.0c03876,3,0.013773365843782179,0.013941196744421399,0.005369506495014226,0.013856931598782377,0.9939693896585633
DES_RHO,raw,RF,10.1021/acssuschemeng.0c04215,7,0.08584944346271056,0.12128028983663065,0.12096583394850437,0.10132990588031884,0.8472271114522467
DES_RHO,raw,RF,10.1021/acssuschemeng.5b00532,52,0.011719588703402641,0.03140690613672043,0.05004251684137427,0.015283732300038178,0.7668014901944707
DES_RHO,raw,RF,10.1021/acssuschemeng.5b00619,14,0.018489020139376915,0.01848360624986367,0.03331431404066427,0.01779870609261887,1.0387845073212552
DES_RHO,raw,RF,10.1021/acssuschemeng.7b04235,39,0.002373704337538972,0.0033519625778157167,0.004625336328173125,0.002297471123671116,1.0331813588786454
DES_RHO,raw,RF,10.1021/acssuschemeng.8b01203,187,0.008166847890026085,0.017613586137329117,0.010446185650612321,0.002600279385647332,3.1407578489851287
DES_RHO,raw,RF,10.1021/acssuschemeng.8b03520,17,0.023763995954087413,0.023079525991921188,0.031308910937528946,0.025368376617355724,0.9367566680569274
DES_RHO,raw,RF,10.1021/acssuschemeng.8b04843,16,0.0938823384746167,0.0908731201842024,0.046080931018562324,0.010326339421595642,9.091541023557587
DES_RHO,raw,RF,10.1021/acssuschemeng.8b05072,26,0.01716611855236491,0.01955553915233384,0.022382450714789937,0.016683905164512944,1.0289029087073478
DES_RHO,raw,RF,10.1021/acssuschemeng.8b05548,2,0.4214213425539812,0.4241204892480437,0.4218110510406288,0.41998377006736815,1.0034229239058035
DES_RHO,raw,RF,10.1021/acssuschemeng.9b00044,3,0.012439908359791113,0.013510148037678998,0.008949197729405724,0.01581095105720507,0.7867906436989589
DES_RHO,raw,RF,10.1021/acssuschemeng.9b01102,28,0.03409780137633512,0.033796719909101935,0.03410028245190942,0.03234501036271726,1.0541904607221344
DES_RHO,raw,RF,10.1021/acssuschemeng.9b02845,21,0.014658780921182961,0.014689265144185722,0.01427920065789997,0.014722626674288636,0.9956634264715023
DES_RHO,raw,RF,10.1021/acssuschemeng.9b03245,21,0.0046900523908130895,0.0897360803955795,0.015294246817489443,0.004472367328810294,1.0486733414316178
DES_RHO,raw,RF,10.1021/acssuschemeng.9b05434,9,0.0033195140273506404,0.0053268159136371195,0.005347508115416404,0.0034840102436384463,0.9527853809878533
DES_RHO,raw,RF,10.1021/je100104v,14,0.004295564822332114,0.008590814197235808,0.013724599031353464,0.0036725609982292094,1.1696374340421567
DES_RHO,raw,RF,10.1021/je300997v,37,0.006749423478883006,0.006760787176301527,0.012848351771462492,0.00832302949652347,0.8109335046454227
DES_RHO,raw,RF,10.1021/je400884v,24,0.006375755968249308,0.006796450605524422,0.0071409954371455375,0.006873125138295298,0.9276356591741979
DES_RHO,raw,RF,10.1021/je5001796,9,0.0099520363075436,0.011747486255932901,0.008237190864204434,0.010610667588171155,0.9379274418735158
DES_RHO,raw,RF,10.1021/je5002126,70,0.00631551022822837,0.06990142999085008,0.024016167394605558,0.005863100811491674,1.077162141890853
DES_RHO,raw,RF,10.1021/je500320c,6,0.0053899885590478255,0.005668605354641158,0.010271322699633146,0.0053651623150344965,1.0046273052995545
DES_RHO,raw,RF,10.1021/jp0671998,12,0.005046808397393338,0.0054294525506721,0.016217761610859454,0.0052588732950446,0.9596748417857701
DES_RHO,raw,RF,10.1021/jp5089004,18,0.003974126598665697,0.027706587086828275,0.04002640994809967,0.0045731427316938605,0.8690143369292362
DES_RHO,raw,RF,10.1021/sc500439w,62,0.02183985025205663,0.022640580830062217,0.0331321202012829,0.02165535787833371,1.0085194793251375
DES_RHO,raw,RF,10.1039/c1cp22554e,4,0.020332023140848508,0.02157302609742079,0.05313773767295709,0.02078980771916853,0.9779803361097016
DES_RHO,raw,RF,10.1039/c2ra22990k,5,0.0579936597224214,0.05920937932456316,0.06235381877639901,0.06809106622751628,0.8517073227880457
DES_RHO,raw,RF,10.1039/c3ra40303c,13,0.005062441946485745,0.005167738830028521,0.0078060175013107,0.005362678435259746,0.9440137065090574
DES_RHO,raw,RF,10.1039/c4ra10628h,35,0.021595726918602613,0.025604959374531895,0.03182816561295536,0.02215884860340383,0.9745870512101105
DES_RHO,raw,RF,10.1039/c5cp03364k,15,0.007580196303526703,0.008923847077727542,0.018902529213485317,0.008217589914324001,0.9224354564485795
DES_RHO,raw,RF,10.1039/c5gc01451d,48,0.011317277769889425,0.02891204630830086,0.030012352881008293,0.010737133224430378,1.054031605395287
DES_RHO,raw,RF,10.1039/c5gc03080c,8,0.013607690216381352,0.03950534925424659,0.03420868856153362,0.011115898342014489,1.224164687162413
DES_RHO,raw,RF,10.1039/c6cc06105b,21,0.008792323698491072,0.009562055700976214,0.015062053060905209,0.011814563660806012,0.7441936876313926
DES_RHO,raw,RF,10.1080/01496395.2016.1247864,6,0.008151185394366453,0.009223817720083884,0.01664595746720508,0.008192949001021155,0.994902494004357
DES_RHO,raw,RF,10.13140/rg.2.2.13424.10245,5,0.05381529886565714,0.055058625191699045,0.05601634725684993,0.07130747896258849,0.7546936120668545
DES_RHO,raw,RF,10.3390/molecules24030636,17,0.0048376528095640005,0.004906510320931958,0.006313739732659615,0.005365873647412889,0.9015592105670311
DES_RHO,raw,RF,10.3390/separations6010009,7,0.020118883749211496,0.027659554280057175,0.03105879337597371,0.02292901052441147,0.8774423007827503
DES_RHO,raw,RF,10.3866/pku.whxb201506111,22,0.003783911276107645,0.07946574788148437,0.06877722991328929,0.003712328148455931,1.0192825431344175
DES_RHO,raw,RF,api.semanticscholar.org/corpusid:92513446,31,0.020391430157567846,0.020479500671206203,0.022547342250931593,0.020070835992039664,1.0159731346345182
DYE,raw,GB,Lab,70,34.03540063482432,,27.001644634693747,27.22783223458043,1.250022416092237
DYE,raw,GB,[10],3,4.994353316563285,,5.135900127533634,7.773770483705661,0.642462152314862
DYE,raw,GB,[11],9,29.77957565545367,,16.90350382265957,16.64301409530938,1.789313851740753
DYE,raw,GB,[1],5,13.692558723700984,,17.002168556134244,17.462285839683187,0.7841217839066941
DYE,raw,GB,[2],3,28.09396184314345,,23.98705406739227,28.522547327100124,0.984973800585144
DYE,raw,GB,[3],5,13.254961498322057,,14.182801630439595,12.869016220908266,1.0299902704906647
DYE,raw,GB,[4],6,19.418590078238598,,20.244534344492426,21.92006950754643,0.8858817747614055
DYE,raw,GB,[5],10,46.924787322117936,,8.019213705457663,9.341134109550081,5.023457191792537
DYE,raw,GB,[6],1,37.19049676398529,,31.621657398719627,25.194027459181665,1.476163222582805
DYE,raw,GB,[7],3,24.688963861517827,,25.32324698450023,26.87126482629105,0.9187868163675703
DYE,raw,GB,[8],5,16.719919645620312,,14.168718289146696,15.794166534920418,1.0586136095661067
DYE,raw,GB,[9],11,29.866134370067194,,19.40298803235775,19.71634240579949,1.514790814409988
DYE,raw,KNN,Lab,70,37.26641012818763,,24.454802025440436,24.92572657560457,1.4950982477943568
DYE,raw,KNN,[10],3,2.518187996291513,,2.5259993847980238,7.249743500612052,0.3473485642738833
DYE,raw,KNN,[11],9,23.70951264551378,,21.227582097932032,22.85564498986337,1.0373591581436055
DYE,raw,KNN,[1],5,29.96187470286197,,28.76747913979951,27.848922876247833,1.075871940757043
DYE,raw,KNN,[2],3,28.980576029989468,,25.155726317083353,29.10164353929173,0.9958398394530947
DYE,raw,KNN,[3],5,13.903706792866428,,11.104472445406849,9.194705539015375,1.5121426927561317
DYE,raw,KNN,[4],6,34.05878930731391,,31.06026800989221,32.36433557837495,1.0523555852038302
DYE,raw,KNN,[5],10,35.58702700486513,,7.95733607307119,9.668778966725842,3.6806123221282028
DYE,raw,KNN,[6],1,43.41426185172334,,44.44340517221874,45.243549891890666,0.9595679816341024
DYE,raw,KNN,[7],3,33.90637377322048,,31.315335735855257,33.54782724896899,1.0106876228254844
DYE,raw,KNN,[8],5,26.345563691710986,,16.709664379992795,15.75238072837246,1.6724813947810806
DYE,raw,KNN,[9],11,48.95981816824152,,27.201166815975842,28.044907941066757,1.7457649806205502
DYE,raw,RF,Lab,70,31.59145993936743,31.59145993936743,24.165630159497184,24.365616388199875,1.2965590295785412
DYE,raw,RF,[10],3,10.024383379240842,10.024383379240842,5.319336725068895,7.671914989144932,1.3066337926612117
DYE,raw,RF,[11],9,22.689191262664647,22.689191262664647,18.493130508032195,20.01391907425652,1.133670580883345
DYE,raw,RF,[1],5,24.258981564220704,24.258981564220704,23.073196325684915,23.68157247861721,1.0243822105193756
DYE,raw,RF,[2],3,26.183911140673132,26.183911140673132,23.187361109549887,25.385850598670118,1.0314372188909369
DYE,raw,RF,[3],5,16.6918171945178,20.987195328304352,16.125045578217758,17.8389248391488,0.935696368756844
DYE,raw,RF,[4],6,22.593728398849976,22.593728398849976,20.58150475993758,21.387158288515096,1.0564156347495126
DYE,raw,RF,[5],10,39.89143203399698,39.89143203399698,7.467569106396004,8.621616319391627,4.626908755412101
DYE,raw,RF,[6],1,35.07218406464017,35.07218406464017,38.36154214387111,37.72171622217101,0.929761091941687
DYE,raw,RF,[7],3,22.757083726772493,22.757083726772493,22.003949114102223,23.781794210375857,0.9569119775178153
DYE,raw,RF,[8],5,24.965976932161094,32.77520858585037,18.42850553100821,19.5938509582675,1.2741740755982867
DYE,raw,RF,[9],11,29.6024458643477,29.6024458643477,20.87755542410862,21.58569374283473,1.371391914340214
ES1,dedup,GB,10.1002/adv.21947,17,0.3470268508844731,,0.20887261895584405,0.1403326120809866,2.4728881315499374
ES1,dedup,GB,10.1002/app.21762,3,0.4895156587274667,,0.3776922012784353,0.26503757971609687,1.8469669820099717
ES1,dedup,GB,10.1002/app.25464,16,0.5329281033055261,,0.465624174797518,0.4020846345873794,1.3254127550843087
ES1,dedup,GB,10.1002/app.32569,20,0.2164679727150724,,0.13266513202124172,0.06462238602596398,3.3497366164737383
ES1,dedup,GB,10.1002/app.36726,17,0.08553167301286092,,0.047128068867082866,0.05598387342686146,1.5277912687588748
ES1,dedup,GB,10.1002/app.42304,9,0.28834224464649555,,0.5290085462516986,0.17781545274889385,1.621581477812756
ES1,dedup,GB,10.1002/app.52131,6,0.4954214688610746,,0.5431867858885796,0.09962074681565859,4.973075234798412
ES1,dedup,GB,10.1002/jbm.b.33337,1,0.16026843312221364,,0.2600899913279626,0.0829808584474445,1.9313903967831187
ES1,dedup,GB,10.1002/marc.200700544,4,0.3848710943014995,,0.33274998105606146,0.5012052885074297,0.7678911279001683
ES1,dedup,GB,10.1002/polb.21380,12,0.2100366841319808,,0.11113964140897777,0.08333909125094704,2.520266071770899
ES1,dedup,GB,10.1007/bf03218855,6,0.2715582585733479,,0.05495132410499544,0.08533740011076653,3.1821716881563042
ES1,dedup,GB,10.1007/s00521-014-1554-8,20,0.3127019258177271,,0.29483095742874327,0.14146875549327678,2.210395678730545
ES1,dedup,GB,10.1007/s00521-017-2996-6,13,0.23281871071019591,,0.24159259608068243,0.08901163418288714,2.615598655697485
ES1,dedup,GB,10.1007/s10965-014-0571-8.,18,0.4588431677528795,,0.3253846604510474,0.1826442882570481,2.5122229232108118
ES1,dedup,GB,10.1007/s11814-009-0309-1,96,0.1716525961776555,,0.08812584837171276,0.020091650521241747,8.543479093276934
ES1,dedup,GB,10.1007/s12221-015-5263-4,38,0.384413293213364,,0.4529856120867906,0.11774731973751819,3.264730730774139
ES1,dedup,GB,10.1007/s40204-017-0071-0,13,0.39328477772132003,,0.3917745798493067,0.15649291059045398,2.513115618065003
ES1,dedup,GB,10.1016/j.compositesb.2019.01.094,46,0.4571775714369627,,0.4945201801579812,0.3394792353087066,1.3467026076608977
ES1,dedup,GB,10.1016/j.eurpolymj.2004.10.027,12,0.20370932740314726,,0.1449431866457287,0.11310425514627481,1.8010757167331612
ES1,dedup,GB,10.1016/j.jafr.2019.100015,15,0.3946214504224288,,0.33485547634260315,0.13585264839486696,2.9047755423613744
ES1,dedup,GB,10.1016/j.jmrt.2023.01.007,1,0.32019665523435137,,0.12266230905216986,0.21738036831104637,1.4729787134051897
ES1,dedup,GB,10.1016/j.materresbull.2022.112052,1,0.8197611924064071,,0.4018921464003018,0.8106643008497796,1.0112215272673186
ES1,dedup,GB,10.1016/j.matlet.2015.08.003,5,0.5794818645541772,,0.8790691420312002,0.2859352864561579,2.0266189309343194
ES1,dedup,GB,10.1016/j.memsci.2013.01.023,8,0.4236058727082141,,0.46363178116692105,0.1710679279158104,2.4762436645441106
ES1,dedup,GB,10.1016/j.memsci.2018.06.050,3,0.4041848480820381,,0.23271297871722693,0.15503866031350375,2.6069939411546494
ES1,dedup,GB,10.1016/j.memsci.2022.120850,5,0.6222842609116404,,0.6103337797278473,0.45908447983023987,1.355489650056888
ES1,dedup,GB,10.1016/j.molliq.2023.122819,10,0.3550499895552466,,0.3518437703382085,0.28318321491714304,1.2537819010887743
ES1,dedup,GB,10.1016/j.mtsust.2022.100275,1,0.05913380048749233,,0.12455670027765464,0.15392227175883275,0.38417962398673455
ES1,dedup,GB,10.1016/j.polymer.2008.09.025,26,0.35891743136412896,,0.3868816962400472,0.1751780425318542,2.04887225691464
ES1,dedup,GB,10.1016/j.polymer.2014.06.032,8,0.16286789897656873,,0.17072198563355284,0.1674773110434788,0.9724773938738877
ES1,dedup,GB,10.1016/j.polymer.2020.123366,1,0.38028021914067156,,0.25410016065321406,0.3684973860717826,1.031975350475332
ES1,dedup,GB,10.1016/j.polymertesting.2019.106218,3,0.881795816896843,,0.7633585843091633,0.4075033608505172,2.1638982683637513
ES1,dedup,GB,10.1021/acsami.0c02578.,2,0.270411924877476,,0.2924405405238867,0.25057900672760974,1.0791483628611613
ES1,dedup,GB,10.1063/1.4994968,1,0.6287204530284302,,0.3825799869919444,0.5243486799583955,1.1990503210160004
ES1,dedup,GB,10.1080/1539445x.2010.495630,12,0.37809018233630326,,0.6569735093713659,0.2256227208135847,1.6757628884756297
ES1,dedup,GB,10.1088/1748-6041/8/4/045007,5,0.37046243455266026,,0.6028937116655887,0.08765639609834697,4.226302369732566
ES1,dedup,GB,10.1109/nano.2013.6720964,4,0.6408179061770272,,0.5623483338650226,0.1115771925698941,5.743269672030927
ES1,dedup,GB,10.1177/00219983221144696,5,0.507295997812802,,0.4196603414674147,0.47990640982828203,1.057072769655901
ES1,dedup,GB,10.1515/epoly-2014-0110,7,0.36703011736549784,,0.4594905702552669,0.23661302575142867,1.551183060188231
ES1,dedup,GB,10.1515/epoly-2018-0037,4,0.2733479919990717,,0.5541868239527197,0.09418265293718907,2.9023178204734688
ES1,dedup,GB,10.1515/epoly-2022-8106,15,0.1239669012128279,,0.14948892995664642,0.02836378019218007,4.370605764566098
ES1,dedup,GB,10.30684/etj.35.4a.5,6,0.21110586726076896,,0.3023126969036922,0.2369929258816325,0.890768644150193
ES1,dedup,GB,10.3139/217.3278,9,0.3063520764554669,,0.374441292933796,0.11674721618483001,2.624063223661464
ES1,dedup,GB,10.3390/fib8100065,2,0.2804101098711447,,0.4243416938177126,0.25709137123676346,1.090702144230684
ES1,dedup,GB,10.3390/nano10061221,11,0.39579387812343364,,0.8722108081769115,0.14117037965525572,2.803660931492709
ES1,dedup,GB,10.3390/nano11102514,8,0.394306452041236,,0.2706024182619889,0.10826886476882956,3.6419191508393483
ES1,dedup,GB,10.3390/nano12060962,6,0.40762113697987806,,0.45079657343930174,0.11434264194772391,3.5649092065428887
ES1,dedup,GB,10.3390/nano14131083,1,0.30181240131196435,,0.4845011407378119,0.24780653641355851,1.2179355947587949
ES1,dedup,GB,10.3390/polym14030593,2,0.16730588891846132,,0.6361499658248405,0.19941761879878092,0.8389724535186561
ES1,dedup,GB,10.3390/polym15030731,9,0.3069809976174223,,0.24025431552024076,0.05979146904180579,5.134193933298131
ES1,dedup,GB,10.3390/polym15132813,10,0.14377567599950547,,0.10344697712855495,0.11156036193942934,1.2887702540582213
ES1,dedup,GB,https://www.researchgate.net/profile/dhananjay-pise/publication/277816900_study_of_process_parameters_affecting_the_diameter_and_morphology_of_electrospun_polyvinylidene_fluoride_pvdf_nanofibers/links/55751b5c08aeacff1ffcc4a8/study-of-process-parameters-affecting-the-diameter-and-morphology-of-electrospun-polyvinylidene-fluoride-pvdf-nanofibers.pdf,9,0.1999233393872914,,0.3814458016061345,0.12223225400034975,1.6356021659121114
ES1,dedup,GB,https://www.sciencedirect.com/science/article/pii/s0927776511005522,18,0.23579122053092447,,0.30750033512186337,0.13367016991954164,1.7639778618733801
ES1,dedup,GB,ãâ https://doi.org/10.3390/ma8052718,1,0.1687136728416875,,0.14973124604762456,0.2004866850931228,0.8415205865832075
ES1,dedup,KNN,10.1002/adv.21947,17,0.46084786155992896,,0.16295855961414363,0.21716788859446398,2.122081052325877
ES1,dedup,KNN,10.1002/app.21762,3,0.1618172781307779,,0.4221438667831296,0.13332942486373248,1.2136651627812918
ES1,dedup,KNN,10.1002/app.25464,16,0.5020063243806905,,0.5113523834606095,0.4542465721746334,1.1051405891241288
ES1,dedup,KNN,10.1002/app.32569,20,0.2961390026172384,,0.3212165871878521,0.0972833160661908,3.0440882835012304
ES1,dedup,KNN,10.1002/app.36726,17,0.0666937055968017,,0.06401633035765748,0.08594852983570427,0.7759726166845516
ES1,dedup,KNN,10.1002/app.42304,9,0.5920562070575123,,0.4092216837161347,0.2615671450125458,2.2634960787185827
ES1,dedup,KNN,10.1002/app.52131,6,0.3534722602319267,,0.36753835925058603,0.0988919292868238,3.5743286917451487
ES1,dedup,KNN,10.1002/jbm.b.33337,1,0.07725876583253628,,0.11312999132796266,0.05339128960532744,1.4470294013057012
ES1,dedup,KNN,10.1002/marc.200700544,4,0.24967449607106518,,0.3173399040064171,0.2890455858155163,0.8637893409326106
ES1,dedup,KNN,10.1002/polb.21380,12,0.2219558284875002,,0.1998759673006273,0.10016432021153122,2.2159170852331904
ES1,dedup,KNN,10.1007/bf03218855,6,0.38685939341594744,,0.2182899048929333,0.10720826739630648,3.6084847074888504
ES1,dedup,KNN,10.1007/s00521-014-1554-8,20,0.43602482011181554,,0.44226283569018787,0.2353796119362186,1.8524324028113628
ES1,dedup,KNN,10.1007/s00521-017-2996-6,13,0.114521074556102,,0.11460437172482706,0.09343314663012929,1.2257007142171161
ES1,dedup,KNN,10.1007/s10965-014-0571-8.,18,0.5051348416148098,,0.3720628776613813,0.22891547507631185,2.2066434846592036
ES1,dedup,KNN,10.1007/s11814-009-0309-1,96,0.09772992717418658,,0.05943290608693946,0.026317444363072814,3.7135037059797424
ES1,dedup,KNN,10.1007/s12221-015-5263-4,38,0.5169844728229331,,0.4863348924706092,0.20491443638401444,2.5229285058964424
ES1,dedup,KNN,10.1007/s40204-017-0071-0,13,0.1854922580168925,,0.17701584987745672,0.14765964848472393,1.2562149505325588
ES1,dedup,KNN,10.1016/j.compositesb.2019.01.094,46,0.5512149862338578,,0.5779849007146666,0.46826155754779814,1.1771519086906725
ES1,dedup,KNN,10.1016/j.eurpolymj.2004.10.027,12,0.2672761657776827,,0.21259064471822878,0.13762376378361446,1.9420785947833865
ES1,dedup,KNN,10.1016/j.jafr.2019.100015,15,0.15995185436983636,,0.14086249692395242,0.16121455931249193,0.9921675502011702
ES1,dedup,KNN,10.1016/j.jmrt.2023.01.007,1,0.27419234841099904,,0.1856987507009634,0.2060323964204577,1.3308215269769754
ES1,dedup,KNN,10.1016/j.materresbull.2022.112052,1,0.6456464297938616,,0.8489921464003016,0.7103375625526552,0.9089290273115772
ES1,dedup,KNN,10.1016/j.matlet.2015.08.003,5,0.7652851286375555,,0.9016642744059115,0.3601944886999555,2.1246441926407242
ES1,dedup,KNN,10.1016/j.memsci.2013.01.023,8,0.3936411174860623,,0.5307941222799702,0.2798706134853329,1.406511075185433
ES1,dedup,KNN,10.1016/j.memsci.2018.06.050,3,0.3218940169700996,,0.23316226928365177,0.19332754695056947,1.6650188865863094
ES1,dedup,KNN,10.1016/j.memsci.2022.120850,5,0.6574154964227691,,0.7276467600427262,0.4867075785240461,1.3507402091752903
ES1,dedup,KNN,10.1016/j.molliq.2023.122819,10,0.2563940449369576,,0.2210639544866786,0.26369323455851207,0.9723193898630919
ES1,dedup,KNN,10.1016/j.mtsust.2022.100275,1,0.2066049052615828,,0.006043299722345186,0.25955862051062756,0.7959855267188993
ES1,dedup,KNN,10.1016/j.polymer.2008.09.025,26,0.5599216874217936,,0.5795193760384566,0.1747022564384731,3.2050054695142856
ES1,dedup,KNN,10.1016/j.polymer.2014.06.032,8,0.25003853455200553,,0.20393001378640502,0.2087603842053537,1.1977298063700021
ES1,dedup,KNN,10.1016/j.polymer.2020.123366,1,0.3983775455513404,,0.4091001606532143,0.3999923129055538,0.9959630040325433
ES1,dedup,KNN,10.1016/j.polymertesting.2019.106218,3,0.5152404262338319,,0.5762675632630485,0.2626162960684553,1.9619514628274473
ES1,dedup,KNN,10.1021/acsami.0c02578.,2,0.27721105644082933,,0.41792858633777585,0.21719815640725834,1.2763048316167267
ES1,dedup,KNN,10.1063/1.4994968,1,0.41561686595162306,,6.998699194404878e-05,0.3558257205029912,1.1680349171052384
ES1,dedup,KNN,10.1080/1539445x.2010.495630,12,0.4969345644501934,,0.4333875295586784,0.36824449401010584,1.3494690960309534
ES1,dedup,KNN,10.1088/1748-6041/8/4/045007,5,0.7341521718374369,,0.7353639270099811,0.45535757561849366,1.6122542176667816
ES1,dedup,KNN,10.1109/nano.2013.6720964,4,0.6730214134458848,,0.6742814233128457,0.4534612790707436,1.4841871721110904
ES1,dedup,KNN,10.1177/00219983221144696,5,0.505371080699081,,0.581111792629157,0.4840516075342253,1.0440438020099918
ES1,dedup,KNN,10.1515/epoly-2014-0110,7,0.2464896642817356,,0.2531779497537619,0.16623337037301636,1.4827929177434687
ES1,dedup,KNN,10.1515/epoly-2018-0037,4,0.16211745757533544,,0.5290754634069351,0.15394753750307613,1.0530695079945405
ES1,dedup,KNN,10.1515/epoly-2022-8106,15,0.08207495373265151,,0.0862034708331536,0.022007056971755846,3.7294834033459185
ES1,dedup,KNN,10.30684/etj.35.4a.5,6,0.3395799293007689,,0.2988602381010387,0.2735443117083024,1.241407387271443
ES1,dedup,KNN,10.3139/217.3278,9,0.24829700992698805,,0.36166756874974626,0.10260421562650937,2.419949398870866
ES1,dedup,KNN,10.3390/fib8100065,2,0.639587931158134,,0.4228828097257544,0.6146744659508554,1.040531153622494
ES1,dedup,KNN,10.3390/nano10061221,11,0.5965030309885108,,0.7080579769248713,0.13397569131567513,4.452322844022675
ES1,dedup,KNN,10.3390/nano11102514,8,0.3424881024155997,,0.22307459359573736,0.17978713395538798,1.9049644703751938
ES1,dedup,KNN,10.3390/nano12060962,6,0.3040615145909106,,0.3000036511562902,0.11841528574412585,2.567755612632079
ES1,dedup,KNN,10.3390/nano14131083,1,0.10795612675893172,,0.19990114073781218,0.15496917956409884,0.6966296592818869
ES1,dedup,KNN,10.3390/polym14030593,2,0.21538501247955774,,0.5467661425688674,0.2527662516607779,0.8521114312705511
ES1,dedup,KNN,10.3390/polym15030731,9,0.17002887127729654,,0.14354606878125226,0.08140072371770062,2.0887882012813566
ES1,dedup,KNN,10.3390/polym15132813,10,0.10468567381933196,,0.11407535689274162,0.09741296888784338,1.074658487617414
ES1,dedup,KNN,https://www.researchgate.net/profile/dhananjay-pise/publication/277816900_study_of_process_parameters_affecting_the_diameter_and_morphology_of_electrospun_polyvinylidene_fluoride_pvdf_nanofibers/links/55751b5c08aeacff1ffcc4a8/study-of-process-parameters-affecting-the-diameter-and-morphology-of-electrospun-polyvinylidene-fluoride-pvdf-nanofibers.pdf,9,0.42773419203467394,,0.13307177047986554,0.2076757441626096,2.0596251803954493
ES1,dedup,KNN,https://www.sciencedirect.com/science/article/pii/s0927776511005522,18,0.15312891774561435,,0.14513871230663955,0.15512214923771372,0.9871505681045917
ES1,dedup,KNN,ãâ https://doi.org/10.3390/ma8052718,1,0.4119205011278739,,0.44775124604762473,0.460798324215763,0.8939279495621544
ES1,dedup,RF,10.1002/adv.21947,17,0.2677195226725233,0.2677195226725233,0.1896465365926678,0.15352703051199607,1.7437940522897344
ES1,dedup,RF,10.1002/app.21762,3,0.3283168503552867,0.3283168503552867,0.32416046578788793,0.19523596296504697,1.6816412579380426
ES1,dedup,RF,10.1002/app.25464,16,0.43171086479195936,0.43171086479195936,0.42717077688072475,0.39733085211546976,1.0865274178771758
ES1,dedup,RF,10.1002/app.32569,20,0.2552670489557516,0.2552670489557516,0.25556034564215924,0.05624155294134596,4.538762455972159
ES1,dedup,RF,10.1002/app.36726,17,0.10946404513550097,0.10946404513550097,0.13021030939286318,0.0621555075047943,1.7611318695621232
ES1,dedup,RF,10.1002/app.42304,9,0.3407143994690805,0.3407143994690805,0.45468583894385967,0.2240496963930883,1.5207090433691441
ES1,dedup,RF,10.1002/app.52131,6,0.41303220291918996,0.41303220291918996,0.42216920551964215,0.07556637727987088,5.46581982340461
ES1,dedup,RF,10.1002/jbm.b.33337,1,0.15250253429298138,0.15250253429298138,0.2387432339366177,0.1297983847712877,1.1749185828598694
ES1,dedup,RF,10.1002/marc.200700544,4,0.4272625504635586,0.4272625504635586,0.29875494007872005,0.42376052278209114,1.0082641668895342
ES1,dedup,RF,10.1002/polb.21380,12,0.15575535178808267,0.15575535178808267,0.1020955893036421,0.08458934308877017,1.8413117551300655
ES1,dedup,RF,10.1007/bf03218855,6,0.27074961946365556,0.27074961946365556,0.17738726216352516,0.08234719839241769,3.2879032286371683
ES1,dedup,RF,10.1007/s00521-014-1554-8,20,0.2408613279617366,0.2408613279617366,0.26244555493408545,0.21241862288947247,1.1338993007551117
ES1,dedup,RF,10.1007/s00521-017-2996-6,13,0.1497085687089383,0.1497085687089383,0.16275348624166666,0.09312075184771951,1.607682130334997
ES1,dedup,RF,10.1007/s10965-014-0571-8.,18,0.4303671353538034,0.4303671353538034,0.4033971224303935,0.22482950399980245,1.914193322928745
ES1,dedup,RF,10.1007/s11814-009-0309-1,96,0.06253635748888388,0.06253635748888388,0.05391702233373722,0.02890123510460119,2.1637953278656887
ES1,dedup,RF,10.1007/s12221-015-5263-4,38,0.3336232396165958,0.3336232396165958,0.4682230674843535,0.15751714463138738,2.1180122354129884
ES1,dedup,RF,10.1007/s40204-017-0071-0,13,0.17411204487501805,0.17411204487501805,0.18031560408975997,0.14646063573719587,1.188797549584852
ES1,dedup,RF,10.1016/j.compositesb.2019.01.094,46,0.5030063551510929,0.5030063551510929,0.5387957460008757,0.3297747880112268,1.5253026411890793
ES1,dedup,RF,10.1016/j.eurpolymj.2004.10.027,12,0.2409210722322299,0.2409210722322299,0.14733974298378297,0.13067808873270903,1.8436225580633763
ES1,dedup,RF,10.1016/j.jafr.2019.100015,15,0.3206105384748535,0.3206105384748535,0.31224973757136676,0.12022620839914563,2.666727519264692
ES1,dedup,RF,10.1016/j.jmrt.2023.01.007,1,0.22874122464436591,0.22874122464436591,0.06549667728761384,0.18689039578648492,1.223932474869891
ES1,dedup,RF,10.1016/j.materresbull.2022.112052,1,0.5455115536249046,0.5455115536249046,0.5974477570495089,0.5064509143462153,1.0771262094157994
ES1,dedup,RF,10.1016/j.matlet.2015.08.003,5,0.638579154915667,0.638579154915667,0.7974061934855479,0.3281016463802206,1.9462845187178655
ES1,dedup,RF,10.1016/j.memsci.2013.01.023,8,0.38086481953594115,0.38086481953594115,0.41936651635240724,0.2694711046120694,1.4133790711409824
ES1,dedup,RF,10.1016/j.memsci.2018.06.050,3,0.28305657022861136,0.28305657022861136,0.20053160930853303,0.15757575541720992,1.7963205664422714
ES1,dedup,RF,10.1016/j.memsci.2022.120850,5,0.5754848498697005,0.5754848498697005,0.6063898126749729,0.48451698749437655,1.1877495830347533
ES1,dedup,RF,10.1016/j.molliq.2023.122819,10,0.2558953500764962,0.2558953500764962,0.26374651042543285,0.22698384655163706,1.1273725155515946
ES1,dedup,RF,10.1016/j.mtsust.2022.100275,1,0.12887496961553194,0.12887496961553194,0.08798516495042281,0.14871933617043703,0.8665649870023436
ES1,dedup,RF,10.1016/j.polymer.2008.09.025,26,0.477454042317426,0.477454042317426,0.55096634647061,0.19125841308432603,2.4963819087368253
ES1,dedup,RF,10.1016/j.polymer.2014.06.032,8,0.14993630823179563,0.14993630823179563,0.1278259223200811,0.17767021058343976,0.8439023499743116
ES1,dedup,RF,10.1016/j.polymer.2020.123366,1,0.3582555339382152,0.3582555339382152,0.31128634565794516,0.3434921561219885,1.0429802473014365
ES1,dedup,RF,10.1016/j.polymertesting.2019.106218,3,0.7182149811299909,0.7182149811299909,0.5972785619842298,0.4148457094651563,1.7312821724875889
ES1,dedup,RF,10.1021/acsami.0c02578.,2,0.08687778972971885,0.08687778972971885,0.2441864392196173,0.11271299704552337,0.7707876820508108
ES1,dedup,RF,10.1063/1.4994968,1,0.5192631710868394,0.5192631710868394,0.2048011041906955,0.47985128155114487,1.08213355064572
ES1,dedup,RF,10.1080/1539445x.2010.495630,12,0.2498109580168092,0.2498109580168092,0.4455878410372634,0.2392388478554104,1.0441906080729342
ES1,dedup,RF,10.1088/1748-6041/8/4/045007,5,0.40770109941928023,0.40770109941928023,0.5333044929135482,0.13572441074852684,3.003889257435626
ES1,dedup,RF,10.1109/nano.2013.6720964,4,0.5123824811968569,0.5123824811968569,0.44679315547368703,0.1743386011668606,2.9390076424122067
ES1,dedup,RF,10.1177/00219983221144696,5,0.5034921832686177,0.5034921832686177,0.4231475007454246,0.45247721929097545,1.1127459279775054
ES1,dedup,RF,10.1515/epoly-2014-0110,7,0.34210508028826087,0.34210508028826087,0.36294909204288256,0.24619074140109362,1.389593606734803
ES1,dedup,RF,10.1515/epoly-2018-0037,4,0.27947612450013354,0.27947612450013354,0.4618046139937624,0.1832922287149886,1.524757085772069
ES1,dedup,RF,10.1515/epoly-2022-8106,15,0.09068824057697375,0.09068824057697375,0.03524110935065729,0.016386630739610348,5.534282307207845
ES1,dedup,RF,10.30684/etj.35.4a.5,6,0.2944624367027955,0.2944624367027955,0.31606317533109207,0.22699638505378172,1.297212009050405
ES1,dedup,RF,10.3139/217.3278,9,0.29466108152040377,0.29466108152040377,0.3736042933730029,0.09647511623821506,3.054270292795819
ES1,dedup,RF,10.3390/fib8100065,2,0.310046650211044,0.310046650211044,0.3646365147443909,0.2348493674902788,1.3201936778640797
ES1,dedup,RF,10.3390/nano10061221,11,0.4017519225827925,0.4017519225827925,0.6256107690370624,0.1177669422815673,3.4114150779447905
ES1,dedup,RF,10.3390/nano11102514,8,0.3094178605110842,0.3094178605110842,0.22567179844630986,0.18681328509242215,1.6562947349167694
ES1,dedup,RF,10.3390/nano12060962,6,0.4012615197016012,0.4012615197016012,0.44966017227584043,0.1333702791456363,3.0086277262975196
ES1,dedup,RF,10.3390/nano14131083,1,0.2761023510970016,0.2761023510970016,0.27094746267665004,0.3091785683579637,0.8930190490349034
ES1,dedup,RF,10.3390/polym14030593,2,0.19301874683453432,0.19301874683453432,0.44990099397620076,0.22895703468085707,0.8430347951683727
ES1,dedup,RF,10.3390/polym15030731,9,0.17197932646778324,0.17197932646778324,0.06279199733303434,0.05819871706302507,2.955036384763291
ES1,dedup,RF,10.3390/polym15132813,10,0.15229597731440583,0.15229597731440583,0.1762699136139404,0.10060319475756405,1.5138284393593293
ES1,dedup,RF,https://www.researchgate.net/profile/dhananjay-pise/publication/277816900_study_of_process_parameters_affecting_the_diameter_and_morphology_of_electrospun_polyvinylidene_fluoride_pvdf_nanofibers/links/55751b5c08aeacff1ffcc4a8/study-of-process-parameters-affecting-the-diameter-and-morphology-of-electrospun-polyvinylidene-fluoride-pvdf-nanofibers.pdf,9,0.19101866543645815,0.19101866543645815,0.45122337029769366,0.14110219063746646,1.35376116113776
ES1,dedup,RF,https://www.sciencedirect.com/science/article/pii/s0927776511005522,18,0.2579214714637325,0.2579214714637325,0.2938749323085753,0.1303523250965216,1.9786487987287544
ES1,dedup,RF,ãâ https://doi.org/10.3390/ma8052718,1,0.20582408091310808,0.20582408091310808,0.23376771467373628,0.1999443576334282,1.029406797717491
ES1,raw,GB,10.1002/adv.21947,17,0.18696240997467864,,0.17184580529541918,0.14248148075316583,1.3121874434935958
ES1,raw,GB,10.1002/app.21762,3,0.539428910233445,,0.14580339613057572,0.27716180191369155,1.9462599337603659
ES1,raw,GB,10.1002/app.25464,16,0.5163097059575054,,0.4251544787511497,0.4335595346657596,1.190862303041126
ES1,raw,GB,10.1002/app.32569,20,0.2051363927262633,,0.20056924968014997,0.0600347286082792,3.416962106462718
ES1,raw,GB,10.1002/app.36726,17,0.06779038478384425,,0.06693914521366587,0.05203771904941246,1.3027162992957826
ES1,raw,GB,10.1002/app.42304,9,0.5978793781673872,,0.6818930139396634,0.19971574543578602,2.993651686614872
ES1,raw,GB,10.1002/app.52131,6,0.6683628445818842,,0.6856400341723303,0.08320075824168381,8.03313405678835
ES1,raw,GB,10.1002/jbm.b.33337,1,0.10393670523849728,,0.23920999132796258,0.06408843630342119,1.621770029563803
ES1,raw,GB,10.1002/marc.200700544,4,0.4149977237628644,,0.45754070429555277,0.5613054681633541,0.7393438106362604
ES1,raw,GB,10.1002/polb.21380,12,0.25061276794307125,,0.15711151225339814,0.07966707766218548,3.1457507328905865
ES1,raw,GB,10.1007/bf03218855,55,0.40178260396068516,,0.10275829405381814,0.014191996880347448,28.310505374832687
ES1,raw,GB,10.1007/s00521-014-1554-8,20,0.3700626592991301,,0.3786602322941524,0.1726817462295097,2.1430328762559725
ES1,raw,GB,10.1007/s00521-017-2996-6,13,0.22660668714892623,,0.24458402397145515,0.07621969118646238,2.9730727535297934
ES1,raw,GB,10.1007/s10965-014-0571-8.,18,0.4230778465066186,,0.26583538032640236,0.21906409464055593,1.931297080887728
ES1,raw,GB,10.1007/s11814-009-0309-1,96,0.12134138514055323,,0.07798257279953427,0.019557432775489013,6.204361611950842
ES1,raw,GB,10.1007/s12221-015-5263-4,38,0.21845595550138464,,0.6000412975930319,0.11187551095806099,1.9526700135767665
ES1,raw,GB,10.1007/s40204-017-0071-0,13,0.38995664694315824,,0.390832935935605,0.15557560904061768,2.506541027529247
ES1,raw,GB,10.1016/j.compositesb.2019.01.094,46,0.45713340117580603,,0.49987562702639593,0.3252538465743224,1.4054665486372608
ES1,raw,GB,10.1016/j.eurpolymj.2004.10.027,12,0.22263842397042946,,0.23726470024177454,0.11164168318193746,1.9942231039960727
ES1,raw,GB,10.1016/j.jafr.2019.100015,15,0.48696072118649125,,0.4127239419118462,0.13132598536776405,3.708030210645753
ES1,raw,GB,10.1016/j.jmrt.2023.01.007,9,0.15855459560038945,,0.38295325860443086,0.0017997988539974804,88.09573094694915
ES1,raw,GB,10.1016/j.materresbull.2022.112052,4,0.7281825546998726,,0.44373214640030145,0.015934567471972222,45.69829435161602
ES1,raw,GB,10.1016/j.matlet.2015.08.003,5,0.6032467614796249,,0.9289218890113154,0.1854786213532798,3.2523789376815837
ES1,raw,GB,10.1016/j.memsci.2013.01.023,46,0.43009143334109046,,0.47485924291970866,0.015512985591568352,27.724607284806257
ES1,raw,GB,10.1016/j.memsci.2018.06.050,6,0.38206217559383193,,0.24875415145297614,0.14709641555157663,2.597358842234119
ES1,raw,GB,10.1016/j.memsci.2022.120850,5,0.5556099279587824,,0.7578584172765368,0.3995461102963471,1.3906027705955673
ES1,raw,GB,10.1016/j.molliq.2023.122819,10,0.35692928357932463,,0.33451613230751315,0.29974694728363593,1.190768702780415
ES1,raw,GB,10.1016/j.mtsust.2022.100275,13,0.12972746521838371,,0.1303267002776547,0.0011631603360793181,111.53016587176452
ES1,raw,GB,10.1016/j.polymer.2008.09.025,27,0.41043348693616716,,0.4408098594204816,0.16425758481293354,2.498718627840496
ES1,raw,GB,10.1016/j.polymer.2014.06.032,8,0.1513803099382249,,0.16750740515847232,0.18559341407404206,0.815655613069503
ES1,raw,GB,10.1016/j.polymer.2020.123366,13,0.27927558434814775,,0.2558001606532141,0.001094659876546057,255.12544154750285
ES1,raw,GB,10.1016/j.polymertesting.2019.106218,3,0.7562308990709344,,0.8219750103219517,0.40978264964933053,1.8454439193998948
ES1,raw,GB,10.1021/acsami.0c02578.,2,0.2895171190836592,,0.45513840390429255,0.19564161182253778,1.479834051593655
ES1,raw,GB,10.1063/1.4994968,1,0.6266665411837073,,0.4685699869919442,0.49606097149139894,1.263285316116777
ES1,raw,GB,10.1080/1539445x.2010.495630,12,0.42977216821487435,,0.7714217118018621,0.22769051394056222,1.887527770819055
ES1,raw,GB,10.1088/1748-6041/8/4/045007,5,0.3761367756777183,,0.5431953085129739,0.19337454953395727,1.945120371756405
ES1,raw,GB,10.1109/nano.2013.6720964,4,0.5782400344553666,,0.4279973325688414,0.10301933474150116,5.612927281139039
ES1,raw,GB,10.1177/00219983221144696,44,0.43031029484467137,,0.4833888333329214,0.23941472897308969,1.7973426141757487
ES1,raw,GB,10.1515/epoly-2014-0110,7,0.4471257899034202,,0.5079038687590528,0.21072061599820824,2.1218891553886787
ES1,raw,GB,10.1515/epoly-2018-0037,4,0.14832233533656014,,0.7070229873676213,0.09788025833881128,1.5153447472844241
ES1,raw,GB,10.1515/epoly-2022-8106,15,0.1700615111497034,,0.30199986347011876,0.025819367196641234,6.586587109378351
ES1,raw,GB,10.30684/etj.35.4a.5,6,0.2073290893695602,,0.3612720848577751,0.21164618770252283,0.9796022863448385
ES1,raw,GB,10.3139/217.3278,9,0.25908206607876944,,0.36253097629262604,0.09908458110421323,2.614756637122755
ES1,raw,GB,10.3390/fib8100065,2,0.24739028285196127,,0.5128694739936105,0.2923671121484386,0.8461631714799646
ES1,raw,GB,10.3390/nano10061221,22,0.48422216385971634,,0.8667680823184488,0.14949426836254015,3.2390684215760297
ES1,raw,GB,10.3390/nano11102514,8,0.41765443504974475,,0.24863073595134844,0.11332119214997927,3.6855810208648707
ES1,raw,GB,10.3390/nano12060962,6,0.36818979159342186,,0.36778949726064386,0.11736925940024168,3.137020660050818
ES1,raw,GB,10.3390/nano14131083,1,0.3597201950485248,,0.5074811407378119,0.2623162764162189,1.3713224355081743
ES1,raw,GB,10.3390/polym14030593,2,0.2883583345838145,,0.5850650539363071,0.35097278078638117,0.8215974296859311
ES1,raw,GB,10.3390/polym15030731,9,0.33068779788597913,,0.06501540744349729,0.0560668019041619,5.898103452578625
ES1,raw,GB,10.3390/polym15132813,10,0.22404275873262133,,0.15631517448185148,0.11144589127643509,2.0103276681317594
ES1,raw,GB,https://www.researchgate.net/profile/dhananjay-pise/publication/277816900_study_of_process_parameters_affecting_the_diameter_and_morphology_of_electrospun_polyvinylidene_fluoride_pvdf_nanofibers/links/55751b5c08aeacff1ffcc4a8/study-of-process-parameters-affecting-the-diameter-and-morphology-of-electrospun-polyvinylidene-fluoride-pvdf-nanofibers.pdf,9,0.26865189901443043,,0.44614198929465415,0.16523477448178253,1.625879902441782
ES1,raw,GB,https://www.sciencedirect.com/science/article/pii/s0927776511005522,18,0.26384418771341817,,0.1792490013924546,0.14331216924004858,1.8410452448841093
ES1,raw,GB,ãâ https://doi.org/10.3390/ma8052718,1,0.22990794989889923,,0.21036361629766498,0.17728438634757523,1.2968313489725642
ES1,raw,KNN,10.1002/adv.21947,17,0.3112287715521512,,0.15830283581988983,0.21826224494468646,1.4259395693058363
ES1,raw,KNN,10.1002/app.21762,3,0.12387387176705533,,0.2893770726652237,0.08524984060323439,1.4530686613665709
ES1,raw,KNN,10.1002/app.25464,16,0.4899547812969782,,0.5034864893334227,0.4833550598836002,1.013653982260923
ES1,raw,KNN,10.1002/app.32569,20,0.28462765699399467,,0.3212375627964083,0.09815704786820799,2.899716965572907
ES1,raw,KNN,10.1002/app.36726,17,0.06788252562494752,,0.059906556463991914,0.08697625545647997,0.7804719261444141
ES1,raw,KNN,10.1002/app.42304,9,0.7515256093625815,,0.5254108175109156,0.3329694042853297,2.257041036474873
ES1,raw,KNN,10.1002/app.52131,6,0.34792603027556235,,0.34974003764281875,0.09460851228760782,3.677534101983073
ES1,raw,KNN,10.1002/jbm.b.33337,1,0.045243649340599996,,0.11380999132796266,0.04156008879686606,1.0886321624994146
ES1,raw,KNN,10.1002/marc.200700544,4,0.3551914889612013,,0.403502527712101,0.3512824219513513,1.0111279892348026
ES1,raw,KNN,10.1002/polb.21380,12,0.23018397396774337,,0.16917559615568972,0.10711398374016748,2.148962870488636
ES1,raw,KNN,10.1007/bf03218855,55,0.4111312129906268,,0.31189760467354627,2.633862130098037e-06,156094.43193418928
ES1,raw,KNN,10.1007/s00521-014-1554-8,20,0.4348080502316906,,0.44208607988627696,0.2201399717317896,1.975143572569568
ES1,raw,KNN,10.1007/s00521-017-2996-6,13,0.114655945618882,,0.11464759990045294,0.09147610059366686,1.2533978260417884
ES1,raw,KNN,10.1007/s10965-014-0571-8.,18,0.49811802673154326,,0.4326907361956695,0.2494694442343051,1.9967095700253537
ES1,raw,KNN,10.1007/s11814-009-0309-1,96,0.16244562852923933,,0.05352241993254941,0.028469579447898796,5.705937062629447
ES1,raw,KNN,10.1007/s12221-015-5263-4,38,0.36934320495598716,,0.48967050468310835,0.2062543450935098,1.7907172078655487
ES1,raw,KNN,10.1007/s40204-017-0071-0,13,0.1794375466367707,,0.17731108525051842,0.14351394017887237,1.250314404392521
ES1,raw,KNN,10.1016/j.compositesb.2019.01.094,46,0.5576088885528669,,0.5570515468806515,0.46040346126317566,1.211130965486219
ES1,raw,KNN,10.1016/j.eurpolymj.2004.10.027,12,0.36963012133497,,0.19906856903604755,0.1317852337305199,2.804791636146471
ES1,raw,KNN,10.1016/j.jafr.2019.100015,15,0.1126353586858626,,0.11371049607315899,0.15879905830808552,0.7092948779793083
ES1,raw,KNN,10.1016/j.jmrt.2023.01.007,9,0.15408826492050665,,0.007006741395569449,3.2586044307336692e-06,47286.58178550808
ES1,raw,KNN,10.1016/j.materresbull.2022.112052,4,0.5557921464003015,,0.6112221464003018,2.1464003017168665e-06,258941.51522236253
ES1,raw,KNN,10.1016/j.matlet.2015.08.003,5,0.7514692955905004,,1.0282565554678373,0.33034417842268077,2.274807139567579
ES1,raw,KNN,10.1016/j.memsci.2013.01.023,46,0.39012082725162417,,0.6191530186730706,0.012402600083316584,31.454761471862422
ES1,raw,KNN,10.1016/j.memsci.2018.06.050,6,0.48426816127346456,,0.32637720742999987,0.32205865262542005,1.5036644950406195
ES1,raw,KNN,10.1016/j.memsci.2022.120850,5,0.5024879061014815,,0.7418513569920058,0.4273874240459068,1.1757199155385256
ES1,raw,KNN,10.1016/j.molliq.2023.122819,10,0.2104808937680411,,0.2147280683782071,0.24956812169274029,0.8433805260880953
ES1,raw,KNN,10.1016/j.mtsust.2022.100275,13,0.3244128319201975,,0.027403299722345228,3.29972234514031e-06,98315.19079112181
ES1,raw,KNN,10.1016/j.polymer.2008.09.025,27,0.5003351790657764,,0.5420839017095774,0.16560721772346132,3.021216019106483
ES1,raw,KNN,10.1016/j.polymer.2014.06.032,8,0.30761214514376056,,0.31772176972371335,0.22184597503965137,1.386602326631258
ES1,raw,KNN,10.1016/j.polymer.2020.123366,13,0.3535055013599143,,0.36566016065321394,1.606532142872652e-07,2200425.9480785024
ES1,raw,KNN,10.1016/j.polymertesting.2019.106218,3,0.44656273990499096,,0.6790017953285208,0.2673930572251184,1.6700610873715747
ES1,raw,KNN,10.1021/acsami.0c02578.,2,0.10122514765174837,,0.3451308872678687,0.1333246540858782,0.759238029498628
ES1,raw,KNN,10.1063/1.4994968,1,0.616010488593918,,0.2703899869919444,0.5774008725256482,1.0668679558785301
ES1,raw,KNN,10.1080/1539445x.2010.495630,12,0.4642037344741268,,0.41718960097983343,0.37489363076727744,1.2382278501879653
ES1,raw,KNN,10.1088/1748-6041/8/4/045007,5,0.653403270000159,,0.7016443419448571,0.44431863050137205,1.4705736495065589
ES1,raw,KNN,10.1109/nano.2013.6720964,4,0.5904339475196067,,0.6183093201911178,0.3605867554001166,1.637425497962191
ES1,raw,KNN,10.1177/00219983221144696,44,0.46184349029883276,,0.5650052335635789,0.3003732509690418,1.5375653085248693
ES1,raw,KNN,10.1515/epoly-2014-0110,7,0.2476771915909959,,0.25897787958692914,0.1589103901909745,1.5585965857446056
ES1,raw,KNN,10.1515/epoly-2018-0037,4,0.15835809688397276,,0.5083824655825842,0.10401241398524315,1.5224922758396893
ES1,raw,KNN,10.1515/epoly-2022-8106,15,0.09309204971782674,,0.08818953296416747,0.021421341287068248,4.345761942275065
ES1,raw,KNN,10.30684/etj.35.4a.5,6,0.3574339452509952,,0.2762647727648455,0.27412500264012296,1.3039085884487596
ES1,raw,KNN,10.3139/217.3278,9,0.22904647610275491,,0.3429442363579831,0.0976119465923073,2.346500444862615
ES1,raw,KNN,10.3390/fib8100065,2,0.608164314595146,,0.39017229161375777,0.6048577527626265,1.0054666767804779
ES1,raw,KNN,10.3390/nano10061221,22,0.6417876876722853,,0.6794948592087421,0.1776341234710371,3.6129752275717877
ES1,raw,KNN,10.3390/nano11102514,8,0.3397697927808998,,0.22545161109684073,0.16428116297636,2.068221253277788
ES1,raw,KNN,10.3390/nano12060962,6,0.5291684001883322,,0.5213549489407552,0.3146249197812167,1.6819023761890963
ES1,raw,KNN,10.3390/nano14131083,1,0.13767094653902384,,0.19159114073781192,0.12161708321341405,1.1320033575993467
ES1,raw,KNN,10.3390/polym14030593,2,0.2797748887293922,,0.6823796156477322,0.3028457771032742,0.9238196794601018
ES1,raw,KNN,10.3390/polym15030731,9,0.19135127659344878,,0.15752988265502263,0.05235160299634201,3.655117811900032
ES1,raw,KNN,10.3390/polym15132813,10,0.10524303088331319,,0.12513001734220222,0.09886335130590221,1.064530278340161
ES1,raw,KNN,https://www.researchgate.net/profile/dhananjay-pise/publication/277816900_study_of_process_parameters_affecting_the_diameter_and_morphology_of_electrospun_polyvinylidene_fluoride_pvdf_nanofibers/links/55751b5c08aeacff1ffcc4a8/study-of-process-parameters-affecting-the-diameter-and-morphology-of-electrospun-polyvinylidene-fluoride-pvdf-nanofibers.pdf,9,0.4427513485292259,,0.42268133642610156,0.20440800909871984,2.1660176158527964
ES1,raw,KNN,https://www.sciencedirect.com/science/article/pii/s0927776511005522,18,0.1999504580094165,,0.14318605666225515,0.15822892947432263,1.2636782582913475
ES1,raw,KNN,ãâ https://doi.org/10.3390/ma8052718,1,0.4565172489653676,,0.43367924615830544,0.464684121899872,0.9824248934929949
ES1,raw,RF,10.1002/adv.21947,17,0.24099027306187204,0.24099027306187204,0.18112521584443975,0.15866469506848888,1.5188651322705828
ES1,raw,RF,10.1002/app.21762,3,0.36550212992473163,0.36550212992473163,0.348399722517679,0.23495175358796427,1.555647592933969
ES1,raw,RF,10.1002/app.25464,16,0.42007372439213675,0.42007372439213675,0.42797582722151334,0.4078963097910839,1.0298541916382864
ES1,raw,RF,10.1002/app.32569,20,0.2623306370220984,0.2623306370220984,0.255021974779289,0.05664917542816821,4.63079356476665
ES1,raw,RF,10.1002/app.36726,17,0.10918263796892985,0.10918263796892985,0.1391451935839442,0.06214179853095617,1.7569919208974956
ES1,raw,RF,10.1002/app.42304,9,0.46466994738229056,0.46466994738229056,0.5477400096668682,0.263010674652564,1.7667341753186163
ES1,raw,RF,10.1002/app.52131,6,0.48026966666775184,0.48026966666775184,0.4905424296415665,0.08931103933454788,5.377494991058409
ES1,raw,RF,10.1002/jbm.b.33337,1,0.13166533893058913,0.13166533893058913,0.2480792595902425,0.09978056302295761,1.319548967671143
ES1,raw,RF,10.1002/marc.200700544,4,0.3813053734449476,0.3813053734449476,0.2998663741808611,0.4154694615678961,0.9177699174470723
ES1,raw,RF,10.1002/polb.21380,12,0.14626100065871514,0.14626100065871514,0.10015061924241422,0.09309866883287185,1.5710321371112066
ES1,raw,RF,10.1007/bf03218855,55,0.26300956127700303,0.26300956127700303,0.10863684052298708,0.010678123981617571,24.630689972299905
ES1,raw,RF,10.1007/s00521-014-1554-8,20,0.29707545964427595,0.29707545964427595,0.28455890834195186,0.21014225061685218,1.4136874368302412
ES1,raw,RF,10.1007/s00521-017-2996-6,13,0.14756043354999554,0.14756043354999554,0.1651929140882586,0.08733793541317036,1.689534253951963
ES1,raw,RF,10.1007/s10965-014-0571-8.,18,0.449278370319385,0.449278370319385,0.4302644896079086,0.2676501771836657,1.6786029250826284
ES1,raw,RF,10.1007/s11814-009-0309-1,96,0.06608493445484552,0.06608493445484552,0.061700785125308105,0.028561055102272515,2.313812785214204
ES1,raw,RF,10.1007/s12221-015-5263-4,38,0.30406205620151217,0.30406205620151217,0.4891596590631272,0.15452413371593535,1.9677318286118026
ES1,raw,RF,10.1007/s40204-017-0071-0,13,0.1671916358085544,0.1671916358085544,0.16161621627330028,0.14183881137548665,1.1787439149215075
ES1,raw,RF,10.1016/j.compositesb.2019.01.094,46,0.5055885252395559,0.5055885252395559,0.5447920960156519,0.32375891888671887,1.5616203778357007
ES1,raw,RF,10.1016/j.eurpolymj.2004.10.027,12,0.20995179440125347,0.20995179440125347,0.12400298681303268,0.12252292756695617,1.7135714806236515
ES1,raw,RF,10.1016/j.jafr.2019.100015,15,0.2996972593001864,0.2996972593001864,0.3318464891824927,0.12105468998920389,2.475717870384985
ES1,raw,RF,10.1016/j.jmrt.2023.01.007,9,0.19348197688980634,0.19348197688980634,0.17814135533863396,0.014663363629110967,13.194924560534618
ES1,raw,RF,10.1016/j.materresbull.2022.112052,4,0.5696050692893381,0.5696050692893381,0.6540416376280567,0.20742245505070891,2.7461109220314923
ES1,raw,RF,10.1016/j.matlet.2015.08.003,5,0.6582572060361794,0.6582572060361794,0.8084813266085346,0.304717656106328,2.160220101609365
ES1,raw,RF,10.1016/j.memsci.2013.01.023,46,0.3842807830568152,0.3842807830568152,0.511626033473606,0.041612271702941656,9.234794625010814
ES1,raw,RF,10.1016/j.memsci.2018.06.050,6,0.3877771288154285,0.3877771288154285,0.23554448175839557,0.16913720291578624,2.2926779095933347
ES1,raw,RF,10.1016/j.memsci.2022.120850,5,0.5628990072160062,0.5628990072160062,0.5670640710120425,0.43022890573323397,1.3083709618642758
ES1,raw,RF,10.1016/j.molliq.2023.122819,10,0.256380125020106,0.256380125020106,0.2737208355570118,0.23611513802092365,1.0858267164445277
ES1,raw,RF,10.1016/j.mtsust.2022.100275,13,0.08559386337531603,0.08559386337531603,0.15104297092372096,0.005461081789268439,15.673426379278252
ES1,raw,RF,10.1016/j.polymer.2008.09.025,27,0.507465254710523,0.507465254710523,0.5451527044662497,0.18167001279275022,2.7933352726156357
ES1,raw,RF,10.1016/j.polymer.2014.06.032,8,0.15306105371425036,0.15306105371425036,0.15598612460827377,0.18231799798772436,0.8395279424061913
ES1,raw,RF,10.1016/j.polymer.2020.123366,13,0.333080246837758,0.333080246837758,0.3245729635688383,0.0030320023187665667,109.85487866422763
ES1,raw,RF,10.1016/j.polymertesting.2019.106218,3,0.6955900169506647,0.6955900169506647,0.5798644018568578,0.4597363309668326,1.5130194637605172
ES1,raw,RF,10.1021/acsami.0c02578.,2,0.0861982684995265,0.0861982684995265,0.2598087298065479,0.08549871847134816,1.008181994311561
ES1,raw,RF,10.1063/1.4994968,1,0.5477477062377343,0.5477477062377343,0.14988732641106275,0.5667577031161283,0.9664583352394261
ES1,raw,RF,10.1080/1539445x.2010.495630,12,0.2804558896866228,0.2804558896866228,0.4691019301148474,0.23687571307436564,1.1839790835735675
ES1,raw,RF,10.1088/1748-6041/8/4/045007,5,0.32069114091789114,0.32069114091789114,0.44854012585139413,0.1389183623313327,2.308486333527415
ES1,raw,RF,10.1109/nano.2013.6720964,4,0.4195972318691169,0.4195972318691169,0.4574386641395275,0.13704171804025164,3.061821158326938
ES1,raw,RF,10.1177/00219983221144696,44,0.4519175791079617,0.4519175791079617,0.45307502694140955,0.24078839014226855,1.8768246211578083
ES1,raw,RF,10.1515/epoly-2014-0110,7,0.31934898353007884,0.31934898353007884,0.3323559747904703,0.2549942093163107,1.252377394711495
ES1,raw,RF,10.1515/epoly-2018-0037,4,0.27113112704939585,0.27113112704939585,0.474104917061988,0.17774634074865725,1.5253823280265986
ES1,raw,RF,10.1515/epoly-2022-8106,15,0.08169213915403174,0.08169213915403174,0.03345997916115687,0.01646581877377321,4.9613165477170895
ES1,raw,RF,10.30684/etj.35.4a.5,6,0.30220951600048945,0.30220951600048945,0.34273697025198435,0.2128173690284957,1.4200415942555156
ES1,raw,RF,10.3139/217.3278,9,0.29613183109419744,0.29613183109419744,0.3989089984943829,0.1024985103079277,2.8891330245147304
ES1,raw,RF,10.3390/fib8100065,2,0.280906699843173,0.280906699843173,0.41045137386257663,0.26089934795127223,1.0766860938864344
ES1,raw,RF,10.3390/nano10061221,22,0.5597843807851335,0.5597843807851335,0.7083465001032924,0.12242745124839151,4.57237633453133
ES1,raw,RF,10.3390/nano11102514,8,0.3385585864941745,0.3385585864941745,0.2119469637074084,0.17475445826664845,1.9373387657875147
ES1,raw,RF,10.3390/nano12060962,6,0.2898054319624643,0.2898054319624643,0.3995147746573091,0.12500510923824001,2.318348695733235
ES1,raw,RF,10.3390/nano14131083,1,0.30270435248154265,0.30270435248154265,0.2730020633747539,0.2826749029242483,1.0708568371301852
ES1,raw,RF,10.3390/polym14030593,2,0.23800551740989467,0.23800551740989467,0.5021778780088265,0.2751456240726485,0.8650165461001573
ES1,raw,RF,10.3390/polym15030731,9,0.19339280041933585,0.19339280041933585,0.06623748027177664,0.04890276707114013,3.954639215772848
ES1,raw,RF,10.3390/polym15132813,10,0.14060291331982516,0.14060291331982516,0.17141308502170474,0.09781001540183219,1.4375103893214536
ES1,raw,RF,https://www.researchgate.net/profile/dhananjay-pise/publication/277816900_study_of_process_parameters_affecting_the_diameter_and_morphology_of_electrospun_polyvinylidene_fluoride_pvdf_nanofibers/links/55751b5c08aeacff1ffcc4a8/study-of-process-parameters-affecting-the-diameter-and-morphology-of-electrospun-polyvinylidene-fluoride-pvdf-nanofibers.pdf,9,0.2795023481965064,0.2795023481965064,0.5376877466218725,0.1717329371993867,1.6275407196465546
ES1,raw,RF,https://www.sciencedirect.com/science/article/pii/s0927776511005522,18,0.23801678199041149,0.23801678199041149,0.22130040480794902,0.1343004633928911,1.7722707426116775
ES1,raw,RF,ãâ https://doi.org/10.3390/ma8052718,1,0.22822525996526782,0.22822525996526782,0.25115009430369833,0.24663440846153983,0.9253585555596038
ES2,dedup,GB,10.1002/app.21762,3,0.1673228737392747,,0.20607699441250318,0.17292310340296016,0.9676143351959436
ES2,dedup,GB,10.1002/app.42304,9,0.26936664818513617,,0.4642094443965902,0.15529921396911106,1.73450104028674
ES2,dedup,GB,10.1002/marc.200700544,4,0.2729779745990446,,0.3713758028986056,0.33276429542924285,0.8203343277767284
ES2,dedup,GB,10.1002/pi.4314,6,0.6489626741236187,,0.1618542362404466,0.14696741015927697,4.415691025787968
ES2,dedup,GB,10.1007/s10853-013-7341-6,8,0.7489576371773499,,0.583841749691697,0.11924666194906938,6.280742998887734
ES2,dedup,GB,10.1007/s10965-014-0571-8,18,0.38057786498255736,,0.30657767987696327,0.19281279978602936,1.9738205420226096
ES2,dedup,GB,10.1007/s40204-017-0071-0,13,0.4694484398399174,,0.49050533744244984,0.14366905657366263,3.267568194820154
ES2,dedup,GB,10.1016/j.matlet.2015.08.003,5,0.6062602623929079,,0.6371320817286592,0.3611801239723365,1.6785537801059687
ES2,dedup,GB,10.1016/j.memsci.2013.01.023,3,0.6036811008913675,,0.6310319912601231,0.06599297655086903,9.14765680293319
ES2,dedup,GB,10.1016/j.memsci.2013.11.056,5,0.706257840244086,,0.6910288881997285,0.275117872368929,2.5671099960274653
ES2,dedup,GB,10.1016/j.memsci.2018.06.050,3,0.4569715325374628,,0.2538737059230458,0.2646719645455571,1.7265581313913807
ES2,dedup,GB,10.1016/j.mseb.2006.03.035,4,0.42509991755378196,,0.31355587395306117,0.2727814135010866,1.5583903320161094
ES2,dedup,GB,10.1016/j.polymertesting.2019.106218,3,0.7990695457415973,,0.9155796884564573,0.2775145770487893,2.879378641076265
ES2,dedup,GB,10.1021/acsami.0c02578,2,0.1779388686126406,,0.15005964662164784,0.16722138713055248,1.0640915714550365
ES2,dedup,GB,10.1021/cm060223+,6,0.38927954888770544,,0.16183101098956887,0.14363628675576554,2.7101755251416635
ES2,dedup,GB,10.1080/10236660802190963,5,0.15282777704173883,,0.10997748485548992,0.1061959190104482,1.4391115823076281
ES2,dedup,GB,10.1080/1539445x.2010.495630,12,0.2817675222977304,,0.6411662296569905,0.2196902203126501,1.282567434712094
ES2,dedup,GB,10.1088/1748-6041/8/4/045007,5,0.5300406038608158,,0.629528874066559,0.14070085690531792,3.7671455278875587
ES2,dedup,GB,10.1088/1757-899x/230/1/012043,30,0.7969568535348972,,1.2031610689990353,0.06738397653635586,11.827097397627059
ES2,dedup,GB,10.1109/-no.2013.6720964,4,0.1545314381843913,,0.11801715967266693,0.07910677403593139,1.9534539243655795
ES2,dedup,GB,10.1117/12.837918,54,0.9116900818725876,,0.5068792263658481,0.12220297838965312,7.460457133586361
ES2,dedup,GB,10.1515/epoly-2018-0037,4,0.4282043997051301,,0.19958806534052476,0.2991063704720066,1.4316124361691112
ES2,dedup,GB,10.1515/epoly.2008.8.1.1758,4,0.20420542653292487,,0.1539178428397574,0.13222739191129734,1.5443504071373717
ES2,dedup,GB,10.3390/fib8100065,2,0.14300682476576437,,0.23791962683236678,0.22801157659802818,0.6271910702932313
ES2,dedup,GB,10.4236/msa.2010.14036,2,0.3533290732942923,,0.33236682385724625,0.2861957132880579,1.2345715078501691
ES2,dedup,GB,"D.D. Pise, B.B. Ahuja, S.M. Shendokar, Study of Process Para",9,0.2876172821393824,,0.5748454798676152,0.15494241467885772,1.856285012309341
ES2,dedup,GB,FERN lab experiment data ,25,0.12321196935686887,,0.3673020908779496,0.10001469147438917,1.2319387036095577
ES2,dedup,GB,"K. Castkova, J. Kastyl, D. Sobola, J. Petrus, E. Stast-, Str",11,0.7468029958883871,,0.9457784805297078,0.07968808681471104,9.371576426785559
ES2,dedup,KNN,10.1002/app.21762,3,0.1350722746310423,,0.12921399683081977,0.11707392792919936,1.1537348837627406
ES2,dedup,KNN,10.1002/app.42304,9,0.2414025044911321,,0.31857112215050054,0.20705338454285221,1.1658949938158143
ES2,dedup,KNN,10.1002/marc.200700544,4,0.29475407574496854,,0.2098200177326003,0.24695321650990945,1.1935624079354357
ES2,dedup,KNN,10.1002/pi.4314,6,0.3553188032214362,,0.2307748128753145,0.1301264114663889,2.730566371710124
ES2,dedup,KNN,10.1007/s10853-013-7341-6,8,0.48516587260482874,,0.48790048190627383,0.1175160617322326,4.128506907509446
ES2,dedup,KNN,10.1007/s10965-014-0571-8,18,0.38177346062856476,,0.39411790390538043,0.24965600968267176,1.529197959679891
ES2,dedup,KNN,10.1007/s40204-017-0071-0,13,0.18802712425860602,,0.18899148311505862,0.1460971428196716,1.2870006943988548
ES2,dedup,KNN,10.1016/j.matlet.2015.08.003,5,0.6791939836869659,,0.7768633095787614,0.3326126302508653,2.0419969715963573
ES2,dedup,KNN,10.1016/j.memsci.2013.01.023,3,0.6082454764758671,,0.6091114365599127,0.04680987678318127,12.993955939965408
ES2,dedup,KNN,10.1016/j.memsci.2013.11.056,5,0.5044226623928568,,0.5072228035634734,0.3703228253024674,1.3621160455903876
ES2,dedup,KNN,10.1016/j.memsci.2018.06.050,3,0.17629983798489776,,0.22247680042054105,0.20094162776953658,0.877368417593885
ES2,dedup,KNN,10.1016/j.mseb.2006.03.035,4,0.34462134979630843,,0.33913940254432784,0.1732352179295428,1.989326153856722
ES2,dedup,KNN,10.1016/j.polymertesting.2019.106218,3,0.7776206893234012,,0.8514635493577457,0.6212467983438688,1.2517097736300564
ES2,dedup,KNN,10.1021/acsami.0c02578,2,0.15334695884359506,,0.27451641664831994,0.16912832899963332,0.9066899658420177
ES2,dedup,KNN,10.1021/cm060223+,6,0.4217403727805608,,0.2105540877485655,0.16115283690738647,2.617021089259089
ES2,dedup,KNN,10.1080/10236660802190963,5,0.10108462194197593,,0.10328338736305767,0.07380518400832109,1.369614117222162
ES2,dedup,KNN,10.1080/1539445x.2010.495630,12,0.5056257580053396,,0.2024950783453097,0.26397661834996894,1.915418725968383
ES2,dedup,KNN,10.1088/1748-6041/8/4/045007,5,0.3347931871980495,,0.4823487256414106,0.14436303392988203,2.3191060625718114
ES2,dedup,KNN,10.1088/1757-899x/230/1/012043,30,0.3597681878546268,,0.6525733014063944,0.08902311154623455,4.041289746065319
ES2,dedup,KNN,10.1109/-no.2013.6720964,4,0.11158881570330907,,0.08157518321912875,0.07653659103176907,1.4579799570246132
ES2,dedup,KNN,10.1117/12.837918,54,0.7643464694865212,,0.6408134643555937,0.18421563080095438,4.149194431347686
ES2,dedup,KNN,10.1515/epoly-2018-0037,4,0.1963860961031203,,0.21915557379860903,0.1664105513772719,1.1801300727493558
ES2,dedup,KNN,10.1515/epoly.2008.8.1.1758,4,0.14610241871378643,,0.1542728537325547,0.16399995614749882,0.8908686450036875
ES2,dedup,KNN,10.3390/fib8100065,2,0.4520306863787999,,0.5832659139546083,0.3199623977893565,1.4127619042172233
ES2,dedup,KNN,10.4236/msa.2010.14036,2,0.33118915572147645,,0.3426780887039365,0.32719205593809014,1.012216371732884
ES2,dedup,KNN,"D.D. Pise, B.B. Ahuja, S.M. Shendokar, Study of Process Para",9,0.15547785587766172,,0.2635375737529274,0.15692875890962343,0.990754384078209
ES2,dedup,KNN,FERN lab experiment data ,25,0.2695296241478724,,0.11819963817711303,0.08042175433054322,3.351451686070821
ES2,dedup,KNN,"K. Castkova, J. Kastyl, D. Sobola, J. Petrus, E. Stast-, Str",11,0.6481326159202094,,0.7481686694903135,0.1361874919473328,4.7591199944475004
ES2,dedup,RF,10.1002/app.21762,3,0.10013595899526101,0.10013595899526101,0.10275081623222738,0.11408714821844897,0.8777146292019251
ES2,dedup,RF,10.1002/app.42304,9,0.27826138855847066,0.27826138855847066,0.4469948503972293,0.21790189865539805,1.2770030471305274
ES2,dedup,RF,10.1002/marc.200700544,4,0.2181727192523265,0.2181727192523265,0.23509658406641157,0.24349946378349138,0.8959884997788568
ES2,dedup,RF,10.1002/pi.4314,6,0.5786741860312787,0.5786741860312787,0.17996929034287013,0.14786705699176167,3.9134760493915777
ES2,dedup,RF,10.1007/s10853-013-7341-6,8,0.3770983102521922,0.3770983102521922,0.2284173208925395,0.16203576757769247,2.3272535187108123
ES2,dedup,RF,10.1007/s10965-014-0571-8,18,0.385766982453694,0.385766982453694,0.31100079269772396,0.23808854721421352,1.6202668585591853
ES2,dedup,RF,10.1007/s40204-017-0071-0,13,0.18126831245737543,0.18126831245737543,0.33108549174706703,0.14544636095095656,1.2462897749535156
ES2,dedup,RF,10.1016/j.matlet.2015.08.003,5,0.6723004353410544,0.6723004353410544,0.7558142652124615,0.40114759169011477,1.6759428431528622
ES2,dedup,RF,10.1016/j.memsci.2013.01.023,3,0.5092259385225133,0.5092259385225133,0.5161491556231584,0.22087137951392471,2.305531570650644
ES2,dedup,RF,10.1016/j.memsci.2013.11.056,5,0.5756694184992633,0.5756694184992633,0.5788266001026392,0.2809769194796438,2.0488139010327835
ES2,dedup,RF,10.1016/j.memsci.2018.06.050,3,0.32384425549662355,0.32384425549662355,0.2406386285705448,0.28720263977204896,1.1275810548038723
ES2,dedup,RF,10.1016/j.mseb.2006.03.035,4,0.21915117850738228,0.21915117850738228,0.179754079091883,0.1678109233416917,1.3059410802546687
ES2,dedup,RF,10.1016/j.polymertesting.2019.106218,3,0.7876524523872213,0.7876524523872213,0.7576765896572352,0.4384919682804035,1.7962756660654255
ES2,dedup,RF,10.1021/acsami.0c02578,2,0.11371721917521732,0.11371721917521732,0.3178135344322572,0.11393136571490746,0.9981203899527896
ES2,dedup,RF,10.1021/cm060223+,6,0.3773396317837362,0.3773396317837362,0.14310699189173265,0.14059687539748286,2.6838408088156687
ES2,dedup,RF,10.1080/10236660802190963,5,0.08270087204359577,0.08270087204359577,0.08779292981827223,0.07607097084196161,1.0871541552349564
ES2,dedup,RF,10.1080/1539445x.2010.495630,12,0.22973501846936478,0.22973501846936478,0.41657504414759466,0.2107688638958361,1.0899855615433878
ES2,dedup,RF,10.1088/1748-6041/8/4/045007,5,0.4788122943162869,0.4788122943162869,0.5812380194446247,0.14935113407919007,3.205950174187546
ES2,dedup,RF,10.1088/1757-899x/230/1/012043,30,0.5736087236879772,0.5736087236879772,0.6054875020227211,0.07969049340966425,7.197956734176957
ES2,dedup,RF,10.1109/-no.2013.6720964,4,0.06266733709172435,0.06266733709172435,0.09018847530058242,0.07722893072063404,0.8114489804140314
ES2,dedup,RF,10.1117/12.837918,54,0.9007317660302594,0.9007317660302594,0.7263047505090992,0.17386139545871032,5.180746212543605
ES2,dedup,RF,10.1515/epoly-2018-0037,4,0.48598629455385206,0.48598629455385206,0.3499877138722754,0.40357574557101894,1.2042009458874454
ES2,dedup,RF,10.1515/epoly.2008.8.1.1758,4,0.15279837781743022,0.15279837781743022,0.15198996668167913,0.15967988422572746,0.9569043624895834
ES2,dedup,RF,10.3390/fib8100065,2,0.20647632817821493,0.20647632817821493,0.4344673081366405,0.1905040326250499,1.0838422963182188
ES2,dedup,RF,10.4236/msa.2010.14036,2,0.32686135316538295,0.32686135316538295,0.31049865633923185,0.27872085008985026,1.1727194182280005
ES2,dedup,RF,"D.D. Pise, B.B. Ahuja, S.M. Shendokar, Study of Process Para",9,0.1950961022943317,0.1950961022943317,0.522917689842514,0.15747668182170757,1.238888831269738
ES2,dedup,RF,FERN lab experiment data ,25,0.10290618554566543,0.10290618554566543,0.3744776194580867,0.0959485262977025,1.0725144983089703
ES2,dedup,RF,"K. Castkova, J. Kastyl, D. Sobola, J. Petrus, E. Stast-, Str",11,0.6764133269117112,0.6764133269117112,0.7310301587472118,0.09346779520490689,7.236859770029119
ES2,raw,GB,10.1002/app.21762,3,0.16703536296683755,,0.287822106372663,0.18163726140385766,0.9196095651070524
ES2,raw,GB,10.1002/app.42304,9,0.26863443825184175,,0.4675209885519932,0.1730290237057748,1.5525397560390681
ES2,raw,GB,10.1002/marc.200700544,4,0.3380316040598111,,0.43006370818478723,0.36906687382463155,0.9159088177077431
ES2,raw,GB,10.1002/pi.4314,6,0.6823100736778885,,0.16063837337425205,0.14893379956210653,4.581297701958916
ES2,raw,GB,10.1007/s10853-013-7341-6,8,0.7915375660336763,,0.571548908457905,0.1448481987772515,5.46460068344314
ES2,raw,GB,10.1007/s10965-014-0571-8,18,0.3426146169023289,,0.2750014914718488,0.16316344853676837,2.0998245622708924
ES2,raw,GB,10.1007/s40204-017-0071-0,13,0.5046054965998886,,0.609780952193928,0.1511425549211609,3.3386063697487534
ES2,raw,GB,10.1016/j.matlet.2015.08.003,5,0.7171280664544755,,0.5999201702225492,0.2747975085059645,2.6096600014803633
ES2,raw,GB,10.1016/j.memsci.2013.01.023,7,0.5969054720522847,,0.4377851533487449,0.03156814794153916,18.908472969579652
ES2,raw,GB,10.1016/j.memsci.2013.11.056,5,0.6930653633700606,,0.45820308459808806,0.18054873288754053,3.838660910468723
ES2,raw,GB,10.1016/j.memsci.2018.06.050,3,0.5085693272578142,,0.2548713360222432,0.3008192487574972,1.690614311944489
ES2,raw,GB,10.1016/j.mseb.2006.03.035,4,0.41317376200221256,,0.31268424671559447,0.18203528946651593,2.2697454060313556
ES2,raw,GB,10.1016/j.polymertesting.2019.106218,3,0.8515478083272748,,0.8985402142021347,0.31832652384353755,2.6750765159167944
ES2,raw,GB,10.1021/acsami.0c02578,2,0.1471300426613896,,0.2013778679412086,0.1684132910581006,0.8736248887306137
ES2,raw,GB,10.1021/cm060223+,6,0.36681808394825294,,0.151043165797996,0.13711352825125178,2.67528732304286
ES2,raw,GB,10.1080/10236660802190963,5,0.16724916114031635,,0.20578372311904206,0.0995633424815288,1.6798267009903245
ES2,raw,GB,10.1080/1539445x.2010.495630,12,0.2793625089207496,,0.6557050564294888,0.23729433018525006,1.1772826965678358
ES2,raw,GB,10.1088/1748-6041/8/4/045007,5,0.5128691479278334,,0.6050775117279348,0.14919655337394985,3.4375401866178894
ES2,raw,GB,10.1088/1757-899x/230/1/012043,32,0.7734870657523006,,1.135582664992255,0.06366211600600469,12.14987993297842
ES2,raw,GB,10.1109/-no.2013.6720964,4,0.20357260120044562,,0.1283023921199369,0.0805599275751123,2.526971005660836
ES2,raw,GB,10.1117/12.837918,56,0.8520611781457045,,0.4964079838763936,0.10633817552213329,8.012749644819287
ES2,raw,GB,10.1515/epoly-2018-0037,4,0.45786090794350076,,0.17914318226390308,0.30961734496809823,1.4787960538537561
ES2,raw,GB,10.1515/epoly.2008.8.1.1758,4,0.18610325710186315,,0.17149309120161513,0.17327159690454602,1.0740551851922158
ES2,raw,GB,10.3390/fib8100065,2,0.1535967503924314,,0.28284033389266816,0.20156379116204054,0.7620255081873925
ES2,raw,GB,10.4236/msa.2010.14036,2,0.35056674697700635,,0.36325838472956956,0.3190242996071315,1.0988716138824484
ES2,raw,GB,"D.D. Pise, B.B. Ahuja, S.M. Shendokar, Study of Process Para",9,0.19538116619921655,,0.5962681695064177,0.14804007538782546,1.3197856437682167
ES2,raw,GB,FERN lab experiment data ,25,0.16858246384913786,,0.37104315253501496,0.0935286068599411,1.8024695278695828
ES2,raw,GB,"K. Castkova, J. Kastyl, D. Sobola, J. Petrus, E. Stast-, Str",11,0.8890287826971351,,0.9413369354516808,0.09499849680350125,9.3583457908396
ES2,raw,KNN,10.1002/app.21762,3,0.13457147307282674,,0.12881365683783166,0.11435212125090122,1.1768165872285135
ES2,raw,KNN,10.1002/app.42304,9,0.2458725843568762,,0.32465725908100457,0.21793861577703696,1.1281735615335706
ES2,raw,KNN,10.1002/marc.200700544,4,0.29908962781932785,,0.18451081474731218,0.2742145736620254,1.0907138297760988
ES2,raw,KNN,10.1002/pi.4314,6,0.3556642119334285,,0.2398141090600928,0.11737184441695368,3.030234497039691
ES2,raw,KNN,10.1007/s10853-013-7341-6,8,0.5265659998523082,,0.5117772437326168,0.11602814795557748,4.538260836964399
ES2,raw,KNN,10.1007/s10965-014-0571-8,18,0.42237555661082526,,0.4036433672020371,0.230917518970012,1.8291187195098735
ES2,raw,KNN,10.1007/s40204-017-0071-0,13,0.24436155259416625,,0.3322521227421968,0.14204427227117575,1.7203196488462222
ES2,raw,KNN,10.1016/j.matlet.2015.08.003,5,0.6582331997513196,,0.7888445275523494,0.27184757873159743,2.421331846406516
ES2,raw,KNN,10.1016/j.memsci.2013.01.023,7,0.5933182642275123,,0.5348416821995815,0.030214749728320126,19.636709539625883
ES2,raw,KNN,10.1016/j.memsci.2013.11.056,5,0.5685313304824814,,0.40061789374862394,0.42855868687019366,1.3266125454941113
ES2,raw,KNN,10.1016/j.memsci.2018.06.050,3,0.2017061272858973,,0.1843097172667756,0.22333159072522388,0.9031688111426498
ES2,raw,KNN,10.1016/j.mseb.2006.03.035,4,0.34274671734874096,,0.3321238483606796,0.1304486179603727,2.6274461370902342
ES2,raw,KNN,10.1016/j.polymertesting.2019.106218,3,0.8482338228003209,,0.8502140025149194,0.6661602776091011,1.2733179255969678
ES2,raw,KNN,10.1021/acsami.0c02578,2,0.14897808238895557,,0.2749842412459864,0.18129122637202447,0.8217611263947232
ES2,raw,KNN,10.1021/cm060223+,6,0.40568617392178424,,0.18703342763847472,0.1704329479442952,2.3803271539630932
ES2,raw,KNN,10.1080/10236660802190963,5,0.09616129467426345,,0.0952558171507391,0.0831877457511935,1.1559550484980392
ES2,raw,KNN,10.1080/1539445x.2010.495630,12,0.5301401413568687,,0.20384738835099248,0.26528290909658425,1.998395385372735
ES2,raw,KNN,10.1088/1748-6041/8/4/045007,5,0.46793710250166026,,0.6158970444317611,0.163383710089899,2.864037683096963
ES2,raw,KNN,10.1088/1757-899x/230/1/012043,32,0.36040978024365705,,0.6516231390495117,0.08228825429510139,4.379844770447539
ES2,raw,KNN,10.1109/-no.2013.6720964,4,0.08233685701619917,,0.09418014480774246,0.08098830222387186,1.0166512293170384
ES2,raw,KNN,10.1117/12.837918,56,0.7480733009053214,,0.6220577702115159,0.163588852987047,4.572886766096183
ES2,raw,KNN,10.1515/epoly-2018-0037,4,0.18731898446951398,,0.16804136748958615,0.17259619772220774,1.0853019182438912
ES2,raw,KNN,10.1515/epoly.2008.8.1.1758,4,0.1458690166272196,,0.15834986516609192,0.18664112808525363,0.7815480870893032
ES2,raw,KNN,10.3390/fib8100065,2,0.42601803894431645,,0.6179263242064744,0.4322971769610348,0.9854749502162853
ES2,raw,KNN,10.4236/msa.2010.14036,2,0.35027778974238816,,0.32896477845981925,0.34258715100118586,1.0224487074857507
ES2,raw,KNN,"D.D. Pise, B.B. Ahuja, S.M. Shendokar, Study of Process Para",9,0.1602447034711393,,0.2660822822397853,0.15679753363492022,1.021984847314278
ES2,raw,KNN,FERN lab experiment data ,25,0.2755108755637147,,0.10646611218778476,0.0804999335807379,3.42249817246606
ES2,raw,KNN,"K. Castkova, J. Kastyl, D. Sobola, J. Petrus, E. Stast-, Str",11,0.6570572508388002,,0.7033343096269065,0.14909380088440874,4.407005837541237
ES2,raw,RF,10.1002/app.21762,3,0.111098881744151,0.111098881744151,0.09613922251648917,0.11669991353127933,0.9520048334429394
ES2,raw,RF,10.1002/app.42304,9,0.2845459489548147,0.2845459489548147,0.4476699413620374,0.22007607482901909,1.2929435840578463
ES2,raw,RF,10.1002/marc.200700544,4,0.23802488648880096,0.23802488648880096,0.2200215837628573,0.26051356617462457,0.9136755908106942
ES2,raw,RF,10.1002/pi.4314,6,0.5826109678338223,0.5826109678338223,0.1632114073364951,0.13498756388333172,4.3160343891928195
ES2,raw,RF,10.1007/s10853-013-7341-6,8,0.3922906379858989,0.3922906379858989,0.23592609511012583,0.17333027344121618,2.2632551728993935
ES2,raw,RF,10.1007/s10965-014-0571-8,18,0.39815906459671957,0.39815906459671957,0.3162457070469604,0.22661896018494826,1.7569538942009706
ES2,raw,RF,10.1007/s40204-017-0071-0,13,0.2604376675150095,0.2604376675150095,0.3455757504201632,0.1422047485988259,1.831427361471105
ES2,raw,RF,10.1016/j.matlet.2015.08.003,5,0.6409172878873534,0.6409172878873534,0.7144830644391678,0.33006002802962203,1.9418203764735569
ES2,raw,RF,10.1016/j.memsci.2013.01.023,7,0.4814089730985196,0.4814089730985196,0.28301189644760455,0.042293107620946783,11.382681485909279
ES2,raw,RF,10.1016/j.memsci.2013.11.056,5,0.5841291025541382,0.5841291025541382,0.45936000937381327,0.2716128056125354,2.1505948559267027
ES2,raw,RF,10.1016/j.memsci.2018.06.050,3,0.3393408604761996,0.3393408604761996,0.2380291323666779,0.2942844836763949,1.1531048332447937
ES2,raw,RF,10.1016/j.mseb.2006.03.035,4,0.23316837510768484,0.23316837510768484,0.19743111589524162,0.15117836254019443,1.542339599330502
ES2,raw,RF,10.1016/j.polymertesting.2019.106218,3,0.8013644356617328,0.8013644356617328,0.7622835048089828,0.5045247326424732,1.5883551069231967
ES2,raw,RF,10.1021/acsami.0c02578,2,0.09775575521966867,0.09775575521966867,0.28485611269176947,0.1238226647375916,0.7894819209943136
ES2,raw,RF,10.1021/cm060223+,6,0.3955801248813836,0.3955801248813836,0.16160045327147685,0.1446166586745711,2.735370381994181
ES2,raw,RF,10.1080/10236660802190963,5,0.08688643554462903,0.08688643554462903,0.08518482162801784,0.08633356172639771,1.0064039268990599
ES2,raw,RF,10.1080/1539445x.2010.495630,12,0.2383761791994992,0.2383761791994992,0.4273332234602663,0.21499911833649718,1.1087309615214995
ES2,raw,RF,10.1088/1748-6041/8/4/045007,5,0.48721850036899955,0.48721850036899955,0.5760772970440395,0.1771603703703669,2.750155124142229
ES2,raw,RF,10.1088/1757-899x/230/1/012043,32,0.585365654460803,0.585365654460803,0.6126307254790051,0.07811737463719175,7.4934117688859185
ES2,raw,RF,10.1109/-no.2013.6720964,4,0.08694259148484366,0.08694259148484366,0.06986890987228636,0.07844322652142656,1.1083505273855039
ES2,raw,RF,10.1117/12.837918,56,0.8907898382479774,0.8907898382479774,0.7177870939574567,0.15941142980017645,5.587992274861281
ES2,raw,RF,10.1515/epoly-2018-0037,4,0.4816359509038903,0.4816359509038903,0.3192677402499162,0.4128895880116404,1.1665005969835978
ES2,raw,RF,10.1515/epoly.2008.8.1.1758,4,0.15517732622349528,0.15517732622349528,0.1514192246769444,0.1884811845450176,0.8233040693058256
ES2,raw,RF,10.3390/fib8100065,2,0.2099792943913228,0.2099792943913228,0.394596727451189,0.19525332247561486,1.075419827580896
ES2,raw,RF,10.4236/msa.2010.14036,2,0.2879229897212912,0.2879229897212912,0.2748075431750327,0.2968059613619111,0.9700714513958552
ES2,raw,RF,"D.D. Pise, B.B. Ahuja, S.M. Shendokar, Study of Process Para",9,0.18391166590299515,0.18391166590299515,0.5277730238126298,0.1501393994292256,1.2249394003316865
ES2,raw,RF,FERN lab experiment data ,25,0.10457339558921767,0.10457339558921767,0.37973882747844395,0.09394086286260693,1.1131832559613737
ES2,raw,RF,"K. Castkova, J. Kastyl, D. Sobola, J. Petrus, E. Stast-, Str",11,0.6917780118111889,0.6917780118111889,0.7225268627372327,0.11423863871529819,6.055551953268767
IL_CELL,raw,GB,A. Xu et al. / Journal of Molecular Liquids 197 (2014) 211â€“214,4,2.490344573548006,,3.160764611529938,3.0021412801532175,0.8295227776292089
IL_CELL,raw,GB,"Aust. J. Chem. 2019, 72, 55â€“60",6,11.69310985360681,,6.824629711335748,8.39380985169746,1.39306346703126
IL_CELL,raw,GB,Baek et al. / Journal of Molecular Liquids 234 (2017) 111â€“116,12,6.451010523187563,,4.256787421478612,4.353215410316806,1.4818955450490996
IL_CELL,raw,GB,"Biotechnology and Bioengineering, Vol. 112, No. 1, January, 2015",21,1.265114080514094,,0.8010162212301096,0.9210367992016186,1.3735760412729778
IL_CELL,raw,GB,Carbohydrate Polymers 229 (2020) 115594,11,8.940533815566495,,3.9824408918423613,3.578864843853298,2.49814793395226
IL_CELL,raw,GB,"ChemSusChem 2012, 5, 388 â€“ 391",28,3.314610986833678,,3.3309329969327983,3.3142326488472076,1.0001141555305726
IL_CELL,raw,GB,D.G. Raut et al. / Carbohydrate Polymers 130 (2015) 18â€“25,4,3.12647556298167,,1.605617694331202,2.2132697733433555,1.4126048259624626
IL_CELL,raw,GB,European Polymer Journal 92 (2017) 204â€“212,8,3.8111720977154784,,3.765736266850083,4.128114303894821,0.9232234907157701
IL_CELL,raw,GB,"Green Chem., 2008, 10, 696â€“705",31,5.360471666858799,,3.1233937243543193,3.183630841112718,1.6837604403233033
IL_CELL,raw,GB,"Green Chem., 2009,11, 417-424",33,5.464169934173893,,5.727680725608119,4.977076601922905,1.0978673569265136
IL_CELL,raw,GB,"Green Chem., 2010, 12, 268â€“275",32,5.230215310539566,,4.156955544108885,3.0783507923092266,1.6990316125135683
IL_CELL,raw,GB,"Green Chem., 2011, 13, 2719",2,1.804956392630214,,1.2689060286296365,1.216319580592035,1.4839491375709533
IL_CELL,raw,GB,"Green Chem., 2012, 14, 2922",6,3.4910576504048167,,4.337096897160588,4.434315213380754,0.7872822481970579
IL_CELL,raw,GB,"Green Chem., 2012, 14, 304â€“307",15,1.2014673102386977,,0.6833598261713143,0.6468206636385592,1.8574967959126192
IL_CELL,raw,GB,"Green Chem., 2014, 16,1326",117,7.525104739816965,,3.8634123491402557,1.8017143705571255,4.176635799097309
IL_CELL,raw,GB,I. GrÃ¸ssereid et al. / Journal of Molecular Liquids 292 (2019) 111353,16,8.026556864529383,,1.7121798214753907,2.6365678413400917,3.0443202479666573
IL_CELL,raw,GB,"Ind. Eng. Chem. Res. 2010, 49, 11809â€“11813",8,9.885553772373857,,1.8407293946835357,2.0489548047899917,4.824681222476784
IL_CELL,raw,GB,"Ind. Eng. Chem. Res. 2019, 58, 16009âˆ’16017",4,5.067604750120657,,4.035230999693822,4.940017272341768,1.0258273343482478
IL_CELL,raw,GB,J Chem Technol Biotechnol 2009; 84: 1818â€“1827,2,2.9075384425199267,,1.5673044999813215,2.2613165395783836,1.2857724213444393
IL_CELL,raw,GB,"J. Phys. Chem. B 2019, 123, 3994âˆ’4003",7,4.0178119755540855,,3.47312376135035,3.3297973904927223,1.2066235582458533
IL_CELL,raw,GB,Journal of Molecular Liquids 279 (2019) 120â€“126,3,6.37036516483883,,4.775417144761986,4.610866952320134,1.3815981312653876
IL_CELL,raw,GB,"Macromol. Biosci. 2007, 7, 440â€“445",7,3.5620896592411917,,7.16321207002876,3.7835815817825162,0.9414597207027909
IL_CELL,raw,GB,"Macromolecules 2018, 51, 4158âˆ’4166",84,8.25709815346833,,8.071472725695617,5.750898175121457,1.4357927930612235
IL_CELL,raw,GB,"Macromolecules 2020, 53, 3284âˆ’3295",59,8.091199002183428,,3.8863435826709165,2.264992220977677,3.572285558972422
IL_CELL,raw,GB,"Molecules 2020, 25, 3539",4,4.079952092900111,,2.2051396559685283,4.040070053685951,1.00987162071058
IL_CELL,raw,GB,"New J. Chem., 2011, 35, 1596â€“1606",7,9.648475763386363,,4.006491212743925,4.338184203743049,2.2240816226894
IL_CELL,raw,GB,"New J. Chem., 2019,43, 2299-2306",2,11.391317882926453,,4.129836268667318,7.35845958055081,1.548057410417109
IL_CELL,raw,GB,"New J. Chem., 2019,43, 4554-4561",5,5.127401868451116,,5.726051666994981,3.134759321115419,1.6356604584962744
IL_CELL,raw,GB,"Phys. Chem. Chem. Phys., 2015, 17, 32276--32282",10,2.3706883800635588,,0.6742357336526028,0.2871961535761584,8.254596555503317
IL_CELL,raw,GB,"RSC Adv., 2012, 2, 2476â€“2479",45,4.839849142460497,,2.6646869738030996,2.7323728745490867,1.771298927588424
IL_CELL,raw,GB,"RSC Adv., 2012, 2, 8429â€“8438",19,3.3411453890712357,,2.339747414451981,2.602624592724606,1.2837600161049334
IL_CELL,raw,GB,"Sci China Chem, 2016, 59: 1421â€“1429",13,6.277268787281049,,5.117558166205002,5.813955122587486,1.0796899279276455
IL_CELL,raw,GB,Y. Zhang et al. / Carbohydrate Polymers 117 (2015) 666â€“672,49,6.495931438531257,,5.0058414448954265,3.3458888895110492,1.9414665737691423
IL_CELL,raw,KNN,A. Xu et al. / Journal of Molecular Liquids 197 (2014) 211â€“214,4,3.037324887956506,,3.996802054893387,3.1966824721107354,0.9501490731267384
IL_CELL,raw,KNN,"Aust. J. Chem. 2019, 72, 55â€“60",6,14.283731840411315,,10.45119025109405,12.752800562234947,1.120046672940996
IL_CELL,raw,KNN,Baek et al. / Journal of Molecular Liquids 234 (2017) 111â€“116,12,5.845973654727243,,4.39853434077364,4.586057461485664,1.2747275200589017
IL_CELL,raw,KNN,"Biotechnology and Bioengineering, Vol. 112, No. 1, January, 2015",21,2.320574312384883,,1.4823709130162164,1.6674079636925492,1.391725578211746
IL_CELL,raw,KNN,Carbohydrate Polymers 229 (2020) 115594,11,5.649304937094474,,4.779309478488783,4.570222984963346,1.236111444820407
IL_CELL,raw,KNN,"ChemSusChem 2012, 5, 388 â€“ 391",28,5.415247451320111,,3.906816915613839,3.9855539463701186,1.358718894333898
IL_CELL,raw,KNN,D.G. Raut et al. / Carbohydrate Polymers 130 (2015) 18â€“25,4,4.022958030337204,,3.282394788894992,3.2241193244830826,1.2477695846391161
IL_CELL,raw,KNN,European Polymer Journal 92 (2017) 204â€“212,8,3.41936705129619,,3.0698525595987505,3.091314393381386,1.1061207681163638
IL_CELL,raw,KNN,"Green Chem., 2008, 10, 696â€“705",31,6.265952291895842,,3.9764918849031954,4.097729950456854,1.529127679874867
IL_CELL,raw,KNN,"Green Chem., 2009,11, 417-424",33,5.273214097083199,,5.948998377422264,5.439847590236497,0.9693679849684806
IL_CELL,raw,KNN,"Green Chem., 2010, 12, 268â€“275",32,6.115554649384276,,5.88212425928821,3.8572651371393243,1.5854639056312767
IL_CELL,raw,KNN,"Green Chem., 2011, 13, 2719",2,2.12944034034767,,3.147514554670081,1.7689774127932782,1.2037690956071665
IL_CELL,raw,KNN,"Green Chem., 2012, 14, 2922",6,3.5659179515018757,,4.226023685917217,4.087458000761599,0.872404793110401
IL_CELL,raw,KNN,"Green Chem., 2012, 14, 304â€“307",15,2.217163724022471,,1.1925903493849124,1.3118267480460375,1.690134560318221
IL_CELL,raw,KNN,"Green Chem., 2014, 16,1326",117,8.78393047803215,,5.135145352741948,3.469671359586833,2.531631837050451
IL_CELL,raw,KNN,I. GrÃ¸ssereid et al. / Journal of Molecular Liquids 292 (2019) 111353,16,10.505633295641855,,3.2531629613923436,3.5839748115221184,2.931279891216674
IL_CELL,raw,KNN,"Ind. Eng. Chem. Res. 2010, 49, 11809â€“11813",8,9.045266444985465,,4.318028231492794,4.7569851811789805,1.9014703852290893
IL_CELL,raw,KNN,"Ind. Eng. Chem. Res. 2019, 58, 16009âˆ’16017",4,5.131659690525084,,4.2844778351638135,4.508625992047356,1.138187044029973
IL_CELL,raw,KNN,J Chem Technol Biotechnol 2009; 84: 1818â€“1827,2,1.7961926902952254,,1.9965165141716206,1.7347747019714115,1.035404014281519
IL_CELL,raw,KNN,"J. Phys. Chem. B 2019, 123, 3994âˆ’4003",7,3.3129135452442546,,3.921841610472232,4.251662665440427,0.7792042327753846
IL_CELL,raw,KNN,Journal of Molecular Liquids 279 (2019) 120â€“126,3,3.468365491806635,,3.431058777644385,2.7516919812635336,1.2604483043243875
IL_CELL,raw,KNN,"Macromol. Biosci. 2007, 7, 440â€“445",7,3.262901980011825,,7.393173195070861,4.320916541736208,0.7551411716692733
IL_CELL,raw,KNN,"Macromolecules 2018, 51, 4158âˆ’4166",84,7.703690087104194,,7.809628824451338,6.75194723490698,1.1409582775287086
IL_CELL,raw,KNN,"Macromolecules 2020, 53, 3284âˆ’3295",59,10.927571559945038,,5.141827607915327,3.8424552652329824,2.8439033913599663
IL_CELL,raw,KNN,"Molecules 2020, 25, 3539",4,2.4344087994428953,,3.1465213554336477,2.528341660671081,0.9628480348643808
IL_CELL,raw,KNN,"New J. Chem., 2011, 35, 1596â€“1606",7,7.919096545725583,,4.432710905593615,4.795525439296214,1.6513511701624464
IL_CELL,raw,KNN,"New J. Chem., 2019,43, 2299-2306",2,11.102325020472964,,3.9429093243441447,6.77451167104316,1.6388376844826358
IL_CELL,raw,KNN,"New J. Chem., 2019,43, 4554-4561",5,3.560306639996055,,3.614821006467678,3.853222758315434,0.9239815248969833
IL_CELL,raw,KNN,"Phys. Chem. Chem. Phys., 2015, 17, 32276--32282",10,2.960786392138075,,1.1358322024478547,0.7402868283385544,3.9995124576011265
IL_CELL,raw,KNN,"RSC Adv., 2012, 2, 2476â€“2479",45,6.331350584981129,,4.339119377709148,4.051647529589486,1.5626607543580235
IL_CELL,raw,KNN,"RSC Adv., 2012, 2, 8429â€“8438",19,3.147605705603647,,2.804495280509349,2.9089274334573214,1.0820502668444538
IL_CELL,raw,KNN,"Sci China Chem, 2016, 59: 1421â€“1429",13,8.999984251012801,,7.445904250851037,7.868214565760041,1.1438407247023819
IL_CELL,raw,KNN,Y. Zhang et al. / Carbohydrate Polymers 117 (2015) 666â€“672,49,7.219242421696733,,6.224578926503629,5.303893192979886,1.3611213799048518
IL_CELL,raw,RF,A. Xu et al. / Journal of Molecular Liquids 197 (2014) 211â€“214,4,1.9910900470596504,1.9735067720937776,2.2848554991508765,1.946087377920118,1.0231246909312104
IL_CELL,raw,RF,"Aust. J. Chem. 2019, 72, 55â€“60",6,12.99494660649721,13.067258510402887,9.22761547058213,11.149893641122173,1.1654771807481872
IL_CELL,raw,RF,Baek et al. / Journal of Molecular Liquids 234 (2017) 111â€“116,12,6.0698305924421545,6.0698305924421545,4.469049644629717,4.693477431944251,1.2932480619018885
IL_CELL,raw,RF,"Biotechnology and Bioengineering, Vol. 112, No. 1, January, 2015",21,0.8293620918060508,0.9124650285992613,0.12871490618653678,0.11599912632934914,7.149727054420172
IL_CELL,raw,RF,Carbohydrate Polymers 229 (2020) 115594,11,6.019581224722137,6.035247234205827,4.760130884804821,4.547648507004272,1.323668972096414
IL_CELL,raw,RF,"ChemSusChem 2012, 5, 388 â€“ 391",28,3.3173833590417527,3.3173833590417527,3.3570786339865926,3.343084471312704,0.9923121558873266
IL_CELL,raw,RF,D.G. Raut et al. / Carbohydrate Polymers 130 (2015) 18â€“25,4,3.727349741772296,3.762642615568213,2.442595737972209,2.803036590704802,1.3297542223075591
IL_CELL,raw,RF,European Polymer Journal 92 (2017) 204â€“212,8,3.7600246819784973,3.7600246819784973,3.0945197935741984,3.183039138222306,1.1812687556454087
IL_CELL,raw,RF,"Green Chem., 2008, 10, 696â€“705",31,4.866096036857404,4.788271113396064,3.3289112108782057,3.3797726999359075,1.4397702061294484
IL_CELL,raw,RF,"Green Chem., 2009,11, 417-424",33,5.217380645703534,5.217380645703534,5.548226736235737,5.036333259630533,1.0359482537671232
IL_CELL,raw,RF,"Green Chem., 2010, 12, 268â€“275",32,4.688031559702657,4.688031559702657,4.37897283814281,3.460065591687443,1.3548967311386562
IL_CELL,raw,RF,"Green Chem., 2011, 13, 2719",2,3.2628781958954582,3.0372997427632984,2.957073264699406,2.229555244610458,1.4634659552764477
IL_CELL,raw,RF,"Green Chem., 2012, 14, 2922",6,4.214669726238739,4.1815497533518196,3.8934844864842257,3.9718832683388365,1.061126282294153
IL_CELL,raw,RF,"Green Chem., 2012, 14, 304â€“307",15,0.21825401667578273,0.4716341194895891,0.0660198950417818,0.056693192997025306,3.849739362664483
IL_CELL,raw,RF,"Green Chem., 2014, 16,1326",117,6.744420014468927,6.744420014468927,3.93443827671275,2.80910337494559,2.4009155642410493
IL_CELL,raw,RF,I. GrÃ¸ssereid et al. / Journal of Molecular Liquids 292 (2019) 111353,16,10.235269984671021,10.235269984671021,2.6972752182063293,3.337982701363393,3.066304082549752
IL_CELL,raw,RF,"Ind. Eng. Chem. Res. 2010, 49, 11809â€“11813",8,7.291533569848492,7.291533569848492,2.8909115222726247,3.0036280769934636,2.427575379821022
IL_CELL,raw,RF,"Ind. Eng. Chem. Res. 2019, 58, 16009âˆ’16017",4,3.1808113724999476,3.197871883045817,3.137122882863373,3.491955980725559,0.910896755301892
IL_CELL,raw,RF,J Chem Technol Biotechnol 2009; 84: 1818â€“1827,2,0.9545429051278943,1.0331439720435869,1.1979421937055228,1.7265865492178492,0.5528497285932792
IL_CELL,raw,RF,"J. Phys. Chem. B 2019, 123, 3994âˆ’4003",7,4.701014457668533,4.769250887290971,3.9878196239280577,4.116137651669168,1.1420935973222828
IL_CELL,raw,RF,Journal of Molecular Liquids 279 (2019) 120â€“126,3,5.5707001530540206,5.5707001530540206,4.927104474553022,4.095520222243202,1.3601935409325927
IL_CELL,raw,RF,"Macromol. Biosci. 2007, 7, 440â€“445",7,4.96321394724158,4.986003753142232,7.3078485731758684,5.474739660279748,0.9065662031841657
IL_CELL,raw,RF,"Macromolecules 2018, 51, 4158âˆ’4166",84,7.869334381529981,7.869334381529981,7.956653454752405,6.344205620014023,1.2403971202800623
IL_CELL,raw,RF,"Macromolecules 2020, 53, 3284âˆ’3295",59,9.329024437945812,9.329024437945812,4.655270423376287,3.313868041267783,2.815146626772989
IL_CELL,raw,RF,"Molecules 2020, 25, 3539",4,2.893302648295715,2.893302648295715,2.3649979483384334,2.43301328354368,1.1891848958923992
IL_CELL,raw,RF,"New J. Chem., 2011, 35, 1596â€“1606",7,9.086789769327622,9.040167193401427,6.423464999341532,6.550202903348873,1.387253174200434
IL_CELL,raw,RF,"New J. Chem., 2019,43, 2299-2306",2,12.479991711275293,12.465560512680526,7.811501147817876,9.99574324769599,1.2485306396952442
IL_CELL,raw,RF,"New J. Chem., 2019,43, 4554-4561",5,3.6975013467459346,3.6975013467459346,4.005032395848502,2.61478063959484,1.4140770704646421
IL_CELL,raw,RF,"Phys. Chem. Chem. Phys., 2015, 17, 32276--32282",10,2.83643923699169,2.83643923699169,0.6275694542803834,0.42415718079421405,6.687236160143731
IL_CELL,raw,RF,"RSC Adv., 2012, 2, 2476â€“2479",45,5.00559804917592,5.00559804917592,3.407805529152808,3.6619311804127017,1.3669284873375984
IL_CELL,raw,RF,"RSC Adv., 2012, 2, 8429â€“8438",19,3.2971219877474747,3.3724942564287104,2.543775765359902,2.6660107569015197,1.2367249378916394
IL_CELL,raw,RF,"Sci China Chem, 2016, 59: 1421â€“1429",13,6.182311155842063,6.182311155842063,5.885966526682311,6.049408400190119,1.0219695459225018
IL_CELL,raw,RF,Y. Zhang et al. / Carbohydrate Polymers 117 (2015) 666â€“672,49,6.789408680284886,6.789408680284886,5.099680196405597,4.279507836536623,1.5864928724559852
