dataset,variant,split_mode,split,pearson_r,sb_R_this_split,n_sources,n_rows
ES1,primary,material,0,0.8332375322571574,0.9090339005128714,26,638
ES1,primary,material,1,0.8442634725382984,0.9155562479110654,26,638
ES1,primary,material,2,0.814851343777266,0.897981365329139,26,638
ES1,primary,material,3,0.8395853225609248,0.9127984576351378,26,638
ES1,primary,material,4,0.8059612797152218,0.8925565445592634,26,638
ES1,primary,material,5,0.8165351333605546,0.899002852590008,26,638
ES1,primary,material,6,0.7981713038437355,0.8877589161139211,26,638
ES1,primary,material,7,0.8362008591717086,0.9107945407986686,26,638
ES1,primary,material,8,0.8005396769067185,0.8892219229314906,26,638
ES1,primary,material,9,0.8224299728597589,0.9025641424994794,26,638
ES1,primary,material,10,0.8169976170239451,0.89928309136927,26,638
ES1,primary,material,11,0.7792069595115646,0.8759036775861935,26,638
ES1,primary,material,12,0.8183647437820943,0.9001106588548814,26,638
ES1,primary,material,13,0.8437662360712606,0.9152637894803596,26,638
ES1,primary,material,14,0.8543276374438898,0.9214419503788914,26,638
ES1,primary,material,15,0.8017388074327941,0.889961190962136,26,638
ES1,primary,material,16,0.8371472986085731,0.9113556645595217,26,638
ES1,primary,material,17,0.8044685695416537,0.8916404343313042,26,638
ES1,primary,material,18,0.8204593275570696,0.9013761693408106,26,638
ES1,primary,material,19,0.7860400713250435,0.8802042954634148,26,638
ES1,primary,material,20,0.8171826326431371,0.8993951603582351,26,638
ES1,primary,material,21,0.7760876416644623,0.873929442960541,26,638
ES1,primary,material,22,0.8338383961670497,0.9093913595765861,26,638
ES1,primary,material,23,0.8247015573765256,0.9039303485466903,26,638
ES1,primary,material,24,0.8404709707652848,0.91332162703529,26,638
ES1,primary,material,25,0.8048509952328474,0.8918752820689356,26,638
ES1,primary,material,26,0.8171930150400364,0.8994014485819846,26,638
ES1,primary,material,27,0.8225849268158256,0.9026574451627173,26,638
ES1,primary,material,28,0.8130946348543433,0.896913618543319,26,638
ES1,primary,material,29,0.8390215235724863,0.9124651482518831,26,638
ES1,primary,material,30,0.8383324640529283,0.9120575091239769,26,638
ES1,primary,material,31,0.7924525662657906,0.8842103620255949,26,638
ES1,primary,material,32,0.8341789393328178,0.9095938476278113,26,638
ES1,primary,material,33,0.787864585208782,0.8813470457739139,26,638
ES1,primary,material,34,0.8270336905943743,0.9053294362900577,26,638
ES1,primary,material,35,0.8073205752218559,0.8933894587270486,26,638
ES1,primary,material,36,0.8226119848950135,0.9026737360584159,26,638
ES1,primary,material,37,0.8446355865486588,0.9157750102056578,26,638
ES1,primary,material,38,0.8206304452314276,0.9014794269543416,26,638
ES1,primary,material,39,0.8280486307405479,0.9059372019059504,26,638
ES1,primary,material,40,0.8310147665002717,0.9077095190102044,26,638
ES1,primary,material,41,0.8056869644806559,0.8923883046498973,26,638
ES1,primary,material,42,0.8049938582633867,0.8919629887692627,26,638
ES1,primary,material,43,0.7938217239205305,0.8850620029125015,26,638
ES1,primary,material,44,0.8633175132508133,0.9266456276092606,26,638
ES1,primary,material,45,0.8601239212868281,0.9248028171067194,26,638
ES1,primary,material,46,0.8329580949643444,0.9088675810458694,26,638
ES1,primary,material,47,0.8193996429324657,0.9007362908039012,26,638
ES1,primary,material,48,0.7945641110107449,0.8855232377997639,26,638
ES1,primary,material,49,0.7965509741701955,0.88675577328176,26,638
ES1,primary,row,0,0.9298096010749206,0.9636283295067126,26,638
ES1,primary,row,1,0.9460279377477825,0.9722655254812623,26,638
ES1,primary,row,2,0.9032197773603734,0.9491492134587558,26,638
ES1,primary,row,3,0.9540028331203005,0.976460030609962,26,638
ES1,primary,row,4,0.8594140019453106,0.9243923096698158,26,638
ES1,primary,row,5,0.9765647085697663,0.988143423117581,26,638
ES1,primary,row,6,0.8822021216678329,0.937414862635589,26,638
ES1,primary,row,7,0.9436393108962513,0.9710024957882953,26,638
ES1,primary,row,8,0.9106109455166729,0.9532144130687191,26,638
ES1,primary,row,9,0.902443750816708,0.9487205605204297,26,638
ES1,primary,row,10,0.9450601647803314,0.9717541718171616,26,638
ES1,primary,row,11,0.8948775483115716,0.9445228258775362,26,638
ES1,primary,row,12,0.9294426132223611,0.9634312073890599,26,638
ES1,primary,row,13,0.9089599338139729,0.9523090743952204,26,638
ES1,primary,row,14,0.9031270269492012,0.9490979994088516,26,638
ES1,primary,row,15,0.9251948210324149,0.9611440992099337,26,638
ES1,primary,row,16,0.9414272737228003,0.9698300693155076,26,638
ES1,primary,row,17,0.9129148987077835,0.9544751826905398,26,638
ES1,primary,row,18,0.8962558990696244,0.9452900312762236,26,638
ES1,primary,row,19,0.9464903695413086,0.972509686512705,26,638
ES1,primary,row,20,0.93460601716633,0.9661977776077352,26,638
ES1,primary,row,21,0.8763926541846939,0.9341250108074983,26,638
ES1,primary,row,22,0.9264978452990953,0.9618467495926561,26,638
ES1,primary,row,23,0.9226557580395892,0.9597721840547921,26,638
ES1,primary,row,24,0.9337078801376608,0.9657176140495327,26,638
ES1,primary,row,25,0.9070625323099093,0.9512666909891406,26,638
ES1,primary,row,26,0.956431837549183,0.9777308048179205,26,638
ES1,primary,row,27,0.94213773188196,0.9702069183002945,26,638
ES1,primary,row,28,0.9154857753407364,0.9558784378629855,26,638
ES1,primary,row,29,0.8782968542907905,0.9352055850856641,26,638
ES1,primary,row,30,0.9147367711485094,0.9554699997742522,26,638
ES1,primary,row,31,0.9578211855356641,0.9784562478044716,26,638
ES1,primary,row,32,0.9217159272150206,0.9592634521698377,26,638
ES1,primary,row,33,0.9508059075937287,0.9747826822674783,26,638
ES1,primary,row,34,0.9360488326875096,0.9669682054332704,26,638
ES1,primary,row,35,0.9057479495887195,0.9505432759711896,26,638
ES1,primary,row,36,0.9545665625848822,0.9767552365394848,26,638
ES1,primary,row,37,0.9611426220530286,0.980186357937449,26,638
ES1,primary,row,38,0.9314264077106065,0.964495881377807,26,638
ES1,primary,row,39,0.9033475004165883,0.9492197302057258,26,638
ES1,primary,row,40,0.8848089733457054,0.9388845085718049,26,638
ES1,primary,row,41,0.9111115913176062,0.9534886350508135,26,638
ES1,primary,row,42,0.9273748757956664,0.9623191496805455,26,638
ES1,primary,row,43,0.914669809422092,0.9554334694379166,26,638
ES1,primary,row,44,0.9046753961627046,0.9499523099687521,26,638
ES1,primary,row,45,0.9061506893684148,0.950765009736622,26,638
ES1,primary,row,46,0.9443751391909829,0.9713919090571372,26,638
ES1,primary,row,47,0.9394568381022925,0.9687834445663934,26,638
ES1,primary,row,48,0.9338553966691241,0.9657965102019502,26,638
ES1,primary,row,49,0.963835607026302,0.9815848165476238,26,638
ES1,seed1,material,0,0.8479775900352008,0.9177357935591072,26,638
ES1,seed1,material,1,0.8568049991816856,0.9228809697941237,26,638
ES1,seed1,material,2,0.8301624833164061,0.9072008533494609,26,638
ES1,seed1,material,3,0.8498982445691055,0.9188594530150184,26,638
ES1,seed1,material,4,0.828774621092719,0.9063715249914331,26,638
ES1,seed1,material,5,0.8351727684089385,0.9101843518885888,26,638
ES1,seed1,material,6,0.8200360782183339,0.901120684399929,26,638
ES1,seed1,material,7,0.8500994667473856,0.9189770409932873,26,638
ES1,seed1,material,8,0.8120634981655068,0.8962859182226472,26,638
ES1,seed1,material,9,0.8434936005324621,0.915103367094774,26,638
ES1,seed1,material,10,0.8344822236204409,0.9097741181416839,26,638
ES1,seed1,material,11,0.7976237371032638,0.8874201209520907,26,638
ES1,seed1,material,12,0.837676546092627,0.9116691921369326,26,638
ES1,seed1,material,13,0.8578533479584567,0.9234887661086144,26,638
ES1,seed1,material,14,0.8640682473928137,0.9270779099438511,26,638
ES1,seed1,material,15,0.8305761492621015,0.9074477995322988,26,638
ES1,seed1,material,16,0.8564812379739057,0.9226931255266951,26,638
ES1,seed1,material,17,0.8253835746928756,0.9043398726010209,26,638
ES1,seed1,material,18,0.8380709609933632,0.9119027271291397,26,638
ES1,seed1,material,19,0.8128322458220882,0.8967539580072759,26,638
ES1,seed1,material,20,0.8354441341838078,0.9103454783768902,26,638
ES1,seed1,material,21,0.7970919760754105,0.8870909076297189,26,638
ES1,seed1,material,22,0.8499634984309591,0.9188975881436072,26,638
ES1,seed1,material,23,0.8488129907416699,0.9182248231619793,26,638
ES1,seed1,material,24,0.861573186656308,0.9256398758126027,26,638
ES1,seed1,material,25,0.8264583730271873,0.9049846251435868,26,638
ES1,seed1,material,26,0.8355313469028403,0.9103972517959589,26,638
ES1,seed1,material,27,0.8448007982468945,0.915872108305357,26,638
ES1,seed1,material,28,0.8265041358901009,0.9050120606349734,26,638
ES1,seed1,material,29,0.8563970562022957,0.9226442730460485,26,638
ES1,seed1,material,30,0.8558361309516244,0.9223186429857618,26,638
ES1,seed1,material,31,0.8095148814880837,0.894731388804458,26,638
ES1,seed1,material,32,0.8543099991072036,0.9214316910533072,26,638
ES1,seed1,material,33,0.813709242715576,0.8972874191204429,26,638
ES1,seed1,material,34,0.8377227632434828,0.9116965627230375,26,638
ES1,seed1,material,35,0.8310267175326987,0.9077166483430718,26,638
ES1,seed1,material,36,0.8471184309646449,0.9172323948088625,26,638
ES1,seed1,material,37,0.859914301812934,0.924681638261226,26,638
ES1,seed1,material,38,0.8451107216062895,0.9160542093328312,26,638
ES1,seed1,material,39,0.8418517490691263,0.9141362756200101,26,638
ES1,seed1,material,40,0.8398677043142708,0.9129653206530893,26,638
ES1,seed1,material,41,0.8339328699353656,0.9094475415174346,26,638
ES1,seed1,material,42,0.8260797804526699,0.9047576007307759,26,638
ES1,seed1,material,43,0.8191109174005787,0.9005618179358171,26,638
ES1,seed1,material,44,0.8750280611785926,0.9333492967871353,26,638
ES1,seed1,material,45,0.870489557908727,0.9307612055123846,26,638
ES1,seed1,material,46,0.8481364898903214,0.9178288449254681,26,638
ES1,seed1,material,47,0.831034975103106,0.9077215743039645,26,638
ES1,seed1,material,48,0.8173447388890434,0.8994933337619723,26,638
ES1,seed1,material,49,0.8149058018819679,0.8980144325253142,26,638
ES1,seed2,material,0,0.8203629128478493,0.901317981219954,26,638
ES1,seed2,material,1,0.8199553160234327,0.9010719206172811,26,638
ES1,seed2,material,2,0.7946781304815357,0.8855940427248792,26,638
ES1,seed2,material,3,0.8213431349973948,0.9019092769672636,26,638
ES1,seed2,material,4,0.7963309287712961,0.8866194040493335,26,638
ES1,seed2,material,5,0.803744886314207,0.8911957477053073,26,638
ES1,seed2,material,6,0.7764675038454378,0.8741702307130912,26,638
ES1,seed2,material,7,0.8256530523832213,0.9045015988173739,26,638
ES1,seed2,material,8,0.7929381874668784,0.8845125760717578,26,638
ES1,seed2,material,9,0.8086099800713343,0.8941783900135744,26,638
ES1,seed2,material,10,0.7990695182866465,0.8883142203950458,26,638
ES1,seed2,material,11,0.749251781293858,0.8566540155124652,26,638
ES1,seed2,material,12,0.8057180940137424,0.8924073992333938,26,638
ES1,seed2,material,13,0.8293878929289805,0.9067381457314351,26,638
ES1,seed2,material,14,0.8345793109139121,0.9098318137013754,26,638
ES1,seed2,material,15,0.7926181577020716,0.8843134320564019,26,638
ES1,seed2,material,16,0.8278164600332347,0.9057982331750998,26,638
ES1,seed2,material,17,0.7831242610174399,0.8783731769434777,26,638
ES1,seed2,material,18,0.8025627030876601,0.8904685553661218,26,638
ES1,seed2,material,19,0.7744831300317928,0.8729112347412585,26,638
ES1,seed2,material,20,0.7989853418891147,0.888262203459757,26,638
ES1,seed2,material,21,0.7606752886011244,0.8640722040297268,26,638
ES1,seed2,material,22,0.8148206033013331,0.8979626987032174,26,638
ES1,seed2,material,23,0.8164815560713078,0.8989703785786813,26,638
ES1,seed2,material,24,0.828357516280436,0.9061220345631585,26,638
ES1,seed2,material,25,0.7841618362927474,0.8790254564822798,26,638
ES1,seed2,material,26,0.7983504827887179,0.8878697344365363,26,638
ES1,seed2,material,27,0.813186571577325,0.8969695499894628,26,638
ES1,seed2,material,28,0.7960455658752881,0.8864425056914876,26,638
ES1,seed2,material,29,0.8158584815434513,0.8985925828867284,26,638
ES1,seed2,material,30,0.8212011682510547,0.9018236783141039,26,638
ES1,seed2,material,31,0.777602802602782,0.8748892626229089,26,638
ES1,seed2,material,32,0.8193502046745723,0.9007064198738248,26,638
ES1,seed2,material,33,0.7693465245738078,0.8696391734333946,26,638
ES1,seed2,material,34,0.8061851496810363,0.8926938080776545,26,638
ES1,seed2,material,35,0.7964850944695248,0.8867149490095991,26,638
ES1,seed2,material,36,0.8085203647488353,0.894123594633806,26,638
ES1,seed2,material,37,0.8250642556867589,0.904148172444803,26,638
ES1,seed2,material,38,0.8043032171428699,0.8915388605430645,26,638
ES1,seed2,material,39,0.8097893298489448,0.8948989990083921,26,638
ES1,seed2,material,40,0.8058605111690992,0.8924947482764234,26,638
ES1,seed2,material,41,0.8010510666241303,0.8895373168131332,26,638
ES1,seed2,material,42,0.7805686949677296,0.87676335900298,26,638
ES1,seed2,material,43,0.7728940232317736,0.8719009857372978,26,638
ES1,seed2,material,44,0.8470914598667736,0.9172165843134507,26,638
ES1,seed2,material,45,0.8437518215224761,0.9152553089555718,26,638
ES1,seed2,material,46,0.810867217007724,0.8955567911242002,26,638
ES1,seed2,material,47,0.7954659730697976,0.8860830391675424,26,638
ES1,seed2,material,48,0.7868991931211087,0.8807426811208772,26,638
ES1,seed2,material,49,0.7835375879273391,0.8786331089751725,26,638
ES1,seed3,material,0,0.8560216870380699,0.9224263843642379,26,638
ES1,seed3,material,1,0.8585726046597707,0.9239053696446156,26,638
ES1,seed3,material,2,0.8405674559699037,0.9133785922852352,26,638
ES1,seed3,material,3,0.8551617573616441,0.9219268928633261,26,638
ES1,seed3,material,4,0.8311959402429183,0.9078175873769746,26,638
ES1,seed3,material,5,0.8429879652318776,0.914805718903125,26,638
ES1,seed3,material,6,0.817190520270836,0.8993999376015247,26,638
ES1,seed3,material,7,0.8501327500876114,0.9189964882761564,26,638
ES1,seed3,material,8,0.8263114404822496,0.9048965276853947,26,638
ES1,seed3,material,9,0.8442005181037591,0.9155192288653965,26,638
ES1,seed3,material,10,0.8332854260234062,0.9090624015169226,26,638
ES1,seed3,material,11,0.7934446419737425,0.8848275808508163,26,638
ES1,seed3,material,12,0.8412190766994285,0.9137631554495935,26,638
ES1,seed3,material,13,0.8597920915059998,0.9246109771439751,26,638
ES1,seed3,material,14,0.8687330602479332,0.9297561847947128,26,638
ES1,seed3,material,15,0.8277855658594112,0.9057797384127962,26,638
ES1,seed3,material,16,0.8569128784304069,0.9229435461234237,26,638
ES1,seed3,material,17,0.8244793180529075,0.9037968366040954,26,638
ES1,seed3,material,18,0.8465553350844532,0.9169022113769859,26,638
ES1,seed3,material,19,0.8121736696065319,0.8963530187290217,26,638
ES1,seed3,material,20,0.8352758533639315,0.9102455653551259,26,638
ES1,seed3,material,21,0.796589710711585,0.8867797761082304,26,638
ES1,seed3,material,22,0.8531210268730364,0.9207396759321177,26,638
ES1,seed3,material,23,0.8466482119897792,0.9169566856239593,26,638
ES1,seed3,material,24,0.8597354186982464,0.9245782061837946,26,638
ES1,seed3,material,25,0.8222947270862947,0.90248269378585,26,638
ES1,seed3,material,26,0.83762448631358,0.9116383597977854,26,638
ES1,seed3,material,27,0.8412787980865296,0.9137983872521561,26,638
ES1,seed3,material,28,0.8307662437815904,0.9075612428439558,26,638
ES1,seed3,material,29,0.8576937410434649,0.9233962758163776,26,638
ES1,seed3,material,30,0.8636070044845441,0.9268123616260066,26,638
ES1,seed3,material,31,0.8136308068551404,0.8972397290339228,26,638
ES1,seed3,material,32,0.8545240054735286,0.9215561545188379,26,638
ES1,seed3,material,33,0.8097309911499093,0.8948633748437976,26,638
ES1,seed3,material,34,0.8450706466035889,0.9160306659901585,26,638
ES1,seed3,material,35,0.8349014269704415,0.9100231921983141,26,638
ES1,seed3,material,36,0.8451744515033889,0.9160916473938471,26,638
ES1,seed3,material,37,0.860263204041577,0.9248833199222383,26,638
ES1,seed3,material,38,0.8426488139811318,0.914605981983673,26,638
ES1,seed3,material,39,0.8483787176631716,0.91797066213329,26,638
ES1,seed3,material,40,0.8470543740567202,0.9171948438056199,26,638
ES1,seed3,material,41,0.8342831282111675,0.9096557836464192,26,638
ES1,seed3,material,42,0.821677440811052,0.9021107934950576,26,638
ES1,seed3,material,43,0.812394802509817,0.8964876762886397,26,638
ES1,seed3,material,44,0.8738371408358812,0.9326713851408452,26,638
ES1,seed3,material,45,0.8785598417642839,0.9353546501230094,26,638
ES1,seed3,material,46,0.8543613125839731,0.9214615369573874,26,638
ES1,seed3,material,47,0.836653743337617,0.9110631183178024,26,638
ES1,seed3,material,48,0.8187316571248049,0.900332551992987,26,638
ES1,seed3,material,49,0.8247125240477823,0.9039369360147891,26,638
ES1,seed4,material,0,0.8379312677658515,0.9118200255490753,26,638
ES1,seed4,material,1,0.8504305269550428,0.9191704466251539,26,638
ES1,seed4,material,2,0.8176392884029186,0.899671671513376,26,638
ES1,seed4,material,3,0.8398513035777901,0.912955630647551,26,638
ES1,seed4,material,4,0.820496730737913,0.9013987412164548,26,638
ES1,seed4,material,5,0.8212458004139201,0.9018505906531376,26,638
ES1,seed4,material,6,0.8053856735043636,0.8922034613701803,26,638
ES1,seed4,material,7,0.8396829543828827,0.9128561553309084,26,638
ES1,seed4,material,8,0.8029745721958447,0.8907220152504991,26,638
ES1,seed4,material,9,0.8312969001275315,0.9078777996835357,26,638
ES1,seed4,material,10,0.8238126147895194,0.9033961143914919,26,638
ES1,seed4,material,11,0.7817436064587316,0.8775040400032306,26,638
ES1,seed4,material,12,0.8245189926349318,0.9038206737921416,26,638
ES1,seed4,material,13,0.8484979350421067,0.9180404467401029,26,638
ES1,seed4,material,14,0.8553405504057113,0.9220307832097695,26,638
ES1,seed4,material,15,0.8138946177472258,0.897400113307625,26,638
ES1,seed4,material,16,0.84675722969326,0.9170206197962506,26,638
ES1,seed4,material,17,0.8106090950229493,0.8953993407535323,26,638
ES1,seed4,material,18,0.8255119140206578,0.9044169010132421,26,638
ES1,seed4,material,19,0.7981223439432528,0.8877286316269043,26,638
ES1,seed4,material,20,0.8221972409458561,0.9024239774603922,26,638
ES1,seed4,material,21,0.783890946456336,0.8788552327299153,26,638
ES1,seed4,material,22,0.8396272436603573,0.9128232325911065,26,638
ES1,seed4,material,23,0.8370317534680776,0.9112871912941845,26,638
ES1,seed4,material,24,0.8505123555977165,0.9192182403159374,26,638
ES1,seed4,material,25,0.8126643300291273,0.8966517590336968,26,638
ES1,seed4,material,26,0.827694826990253,0.9057254140761073,26,638
ES1,seed4,material,27,0.8343896479984866,0.909719098021398,26,638
ES1,seed4,material,28,0.8154114179880585,0.8983213500901559,26,638
ES1,seed4,material,29,0.8438381125481016,0.91530607465528,26,638
ES1,seed4,material,30,0.8465362734425029,0.9168910306476709,26,638
ES1,seed4,material,31,0.7972515186226875,0.8871897008980203,26,638
ES1,seed4,material,32,0.8412918830467441,0.9138061062374069,26,638
ES1,seed4,material,33,0.7919629956446548,0.8839055243545895,26,638
ES1,seed4,material,34,0.8275875715099281,0.9056611944741848,26,638
ES1,seed4,material,35,0.8186246157921342,0.9002678273279258,26,638
ES1,seed4,material,36,0.832108157564052,0.9083613913606635,26,638
ES1,seed4,material,37,0.8501009826147907,0.9189779267219492,26,638
ES1,seed4,material,38,0.8335323540432376,0.9092093217828013,26,638
ES1,seed4,material,39,0.8352173198151214,0.9102108080576099,26,638
ES1,seed4,material,40,0.8277898447116734,0.9057822999801752,26,638
ES1,seed4,material,41,0.8200072862360914,0.9011033004509852,26,638
ES1,seed4,material,42,0.8110928304230282,0.8956943750183984,26,638
ES1,seed4,material,43,0.805168821303665,0.8920703834472219,26,638
ES1,seed4,material,44,0.8657049056931084,0.9280191128312432,26,638
ES1,seed4,material,45,0.8602470849225309,0.9248740039910939,26,638
ES1,seed4,material,46,0.8390974456665985,0.9125100441455505,26,638
ES1,seed4,material,47,0.8179689016034662,0.8998711703836185,26,638
ES1,seed4,material,48,0.8046142529767114,0.8917299103113034,26,638
ES1,seed4,material,49,0.8032720824021808,0.8909050278559444,26,638
ES1,strict_multi_material,material,0,0.13037954451948203,0.2306827740321604,5,94
ES1,strict_multi_material,material,1,-0.244840017369299,-0.6484454234885858,5,94
ES1,strict_multi_material,material,2,0.13037954451948203,0.2306827740321604,5,94
ES1,strict_multi_material,material,3,-0.200660682469977,-0.5020663392112956,5,94
ES1,strict_multi_material,material,4,0.0039018934527810484,0.007773455709623235,5,94
ES1,strict_multi_material,material,5,-0.012401506875674014,-0.025114471036587177,5,94
ES1,strict_multi_material,material,6,0.0039018934527810484,0.007773455709623235,5,94
ES1,strict_multi_material,material,7,-0.244840017369299,-0.6484454234885858,5,94
ES1,strict_multi_material,material,8,-0.34404432465598717,-1.0489865019478786,5,94
ES1,strict_multi_material,material,9,-0.3751989255427154,-1.201018823050588,5,94
ES1,strict_multi_material,material,10,-0.200660682469977,-0.5020663392112956,5,94
ES1,strict_multi_material,material,11,-0.2063201317046496,-0.5199076855704551,5,94
ES1,strict_multi_material,material,12,-0.2063201317046496,-0.5199076855704551,5,94
ES1,strict_multi_material,material,13,-0.3751989255427154,-1.201018823050588,5,94
ES1,strict_multi_material,material,14,0.13037954451948203,0.2306827740321604,5,94
ES1,strict_multi_material,material,15,-0.34404432465598717,-1.0489865019478786,5,94
ES1,strict_multi_material,material,16,0.22376815359928448,0.3657035083665954,5,94
ES1,strict_multi_material,material,17,-0.2063201317046496,-0.5199076855704551,5,94
ES1,strict_multi_material,material,18,-0.34404432465598717,-1.0489865019478786,5,94
ES1,strict_multi_material,material,19,-0.18373023224137702,-0.4501703713611194,5,94
ES1,strict_multi_material,material,20,-0.2063201317046496,-0.5199076855704551,5,94
ES1,strict_multi_material,material,21,-0.200660682469977,-0.5020663392112956,5,94
ES1,strict_multi_material,material,22,0.41215530484358304,0.5837251801270332,5,94
ES1,strict_multi_material,material,23,-0.3751989255427154,-1.201018823050588,5,94
ES1,strict_multi_material,material,24,-0.244840017369299,-0.6484454234885858,5,94
ES1,strict_multi_material,material,25,0.2762202910671487,0.4328724327618691,5,94
ES1,strict_multi_material,material,26,0.22376815359928448,0.3657035083665954,5,94
ES1,strict_multi_material,material,27,-0.18618310282745107,-0.4575552645178753,5,94
ES1,strict_multi_material,material,28,-0.20114698508769444,-0.5035894747415467,5,94
ES1,strict_multi_material,material,29,-0.34404432465598717,-1.0489865019478786,5,94
ES1,strict_multi_material,material,30,0.0605389444228179,0.11416637689955893,5,94
ES1,strict_multi_material,material,31,0.13037954451948203,0.2306827740321604,5,94
ES1,strict_multi_material,material,32,0.2762202910671487,0.4328724327618691,5,94
ES1,strict_multi_material,material,33,-0.20114698508769444,-0.5035894747415467,5,94
ES1,strict_multi_material,material,34,0.41215530484358304,0.5837251801270332,5,94
ES1,strict_multi_material,material,35,0.13037954451948203,0.2306827740321604,5,94
ES1,strict_multi_material,material,36,-0.244840017369299,-0.6484454234885858,5,94
ES1,strict_multi_material,material,37,-0.012401506875674014,-0.025114471036587177,5,94
ES1,strict_multi_material,material,38,0.13037954451948203,0.2306827740321604,5,94
ES1,strict_multi_material,material,39,-0.012401506875674014,-0.025114471036587177,5,94
ES1,strict_multi_material,material,40,-0.2063201317046496,-0.5199076855704551,5,94
ES1,strict_multi_material,material,41,0.0605389444228179,0.11416637689955893,5,94
ES1,strict_multi_material,material,42,0.22376815359928448,0.3657035083665954,5,94
ES1,strict_multi_material,material,43,-0.05314390843669042,-0.1122534013567933,5,94
ES1,strict_multi_material,material,44,0.0605389444228179,0.11416637689955893,5,94
ES1,strict_multi_material,material,45,-0.34404432465598717,-1.0489865019478786,5,94
ES1,strict_multi_material,material,46,-0.012401506875674014,-0.025114471036587177,5,94
ES1,strict_multi_material,material,47,-0.18373023224137702,-0.4501703713611194,5,94
ES1,strict_multi_material,material,48,-0.18618310282745107,-0.4575552645178753,5,94
ES1,strict_multi_material,material,49,-0.244840017369299,-0.6484454234885858,5,94
ES1,system_disjoint,material,0,0.9205616031514205,0.9586379334470552,26,638
ES1,system_disjoint,material,1,0.9255473801625749,0.961334309088183,26,638
ES1,system_disjoint,material,2,0.8963330467807937,0.9453329395935008,26,638
ES1,system_disjoint,material,3,0.9706732939586259,0.9851184333134877,26,638
ES1,system_disjoint,material,4,0.8748239811246471,0.933233188749664,26,638
ES1,system_disjoint,material,5,0.924171167924124,0.9605914310847494,26,638
ES1,system_disjoint,material,6,0.9041155121011577,0.9496435550839899,26,638
ES1,system_disjoint,material,7,0.9409843414375726,0.9695949847185691,26,638
ES1,system_disjoint,material,8,0.9064431266100754,0.9509259562564125,26,638
ES1,system_disjoint,material,9,0.9057112017069331,0.9505230392681677,26,638
ES1,system_disjoint,material,10,0.943791960887072,0.9710833050841116,26,638
ES1,system_disjoint,material,11,0.8729993559857677,0.9321939734744911,26,638
ES1,system_disjoint,material,12,0.9272758013531923,0.9622658061727616,26,638
ES1,system_disjoint,material,13,0.9127472789564718,0.9543835602311612,26,638
ES1,system_disjoint,material,14,0.8861377189907135,0.9396320428445623,26,638
ES1,system_disjoint,material,15,0.9262901370747899,0.9617348074900368,26,638
ES1,system_disjoint,material,16,0.9396238723290226,0.9688722496498869,26,638
ES1,system_disjoint,material,17,0.9203729028280251,0.9585356067799579,26,638
ES1,system_disjoint,material,18,0.8952843398404331,0.9447493666473374,26,638
ES1,system_disjoint,material,19,0.9515948530346261,0.975197133313758,26,638
ES1,system_disjoint,material,20,0.9073552624670221,0.9514276446784492,26,638
ES1,system_disjoint,material,21,0.8224712280447043,0.9025889850970306,26,638
ES1,system_disjoint,material,22,0.9343729355163083,0.9660732099386126,26,638
ES1,system_disjoint,material,23,0.9167699302195133,0.9565779552004162,26,638
ES1,system_disjoint,material,24,0.9163072599078619,0.9563260329681357,26,638
ES1,system_disjoint,material,25,0.9074315654753484,0.9514695907312498,26,638
ES1,system_disjoint,material,26,0.9344904011805726,0.9661359917942997,26,638
ES1,system_disjoint,material,27,0.9363602547980892,0.9671343464914556,26,638
ES1,system_disjoint,material,28,0.9428120022728363,0.9705643172575312,26,638
ES1,system_disjoint,material,29,0.8687906371148473,0.9297891586787262,26,638
ES1,system_disjoint,material,30,0.9181012193901915,0.9573021591447369,26,638
ES1,system_disjoint,material,31,0.9422557491746445,0.9702694916208159,26,638
ES1,system_disjoint,material,32,0.9133730868764004,0.9547255505380716,26,638
ES1,system_disjoint,material,33,0.942886397011094,0.9706037352071801,26,638
ES1,system_disjoint,material,34,0.9318843712334482,0.9647413531674973,26,638
ES1,system_disjoint,material,35,0.8775118622768323,0.9347603920996653,26,638
ES1,system_disjoint,material,36,0.9505172136696216,0.9746309409711471,26,638
ES1,system_disjoint,material,37,0.9483915607840033,0.9735122855925171,26,638
ES1,system_disjoint,material,38,0.9275759909181873,0.9624274169096109,26,638
ES1,system_disjoint,material,39,0.8964236697743551,0.9453833381873108,26,638
ES1,system_disjoint,material,40,0.8971706413299803,0.945798571604538,26,638
ES1,system_disjoint,material,41,0.8894939041458657,0.9415155054950612,26,638
ES1,system_disjoint,material,42,0.9288245687128007,0.9630990643515609,26,638
ES1,system_disjoint,material,43,0.9237814930686779,0.9603808919017389,26,638
ES1,system_disjoint,material,44,0.9047742208477849,0.9500067891984428,26,638
ES1,system_disjoint,material,45,0.8960042927208679,0.9451500676035428,26,638
ES1,system_disjoint,material,46,0.9469449592199678,0.9727495939067079,26,638
ES1,system_disjoint,material,47,0.9367167045552369,0.9673244438404862,26,638
ES1,system_disjoint,material,48,0.9110118600516279,0.9534340200557583,26,638
ES1,system_disjoint,material,49,0.9285324097138387,0.9629419812048864,26,638
DES_RHO,primary,material,0,0.6947616852470474,0.8198930755810322,90,6701
DES_RHO,primary,material,1,0.6634443291106832,0.7976754226158879,90,6701
DES_RHO,primary,material,2,0.6036990108100477,0.7528831866088289,90,6701
DES_RHO,primary,material,3,0.6336611777176423,0.7757559356376682,90,6701
DES_RHO,primary,material,4,0.5797616435386752,0.7339862262258827,90,6701
DES_RHO,primary,material,5,0.5811651646025662,0.7351100031964655,90,6701
DES_RHO,primary,material,6,0.6272868641040931,0.7709603978760653,90,6701
DES_RHO,primary,material,7,0.6274685347368404,0.7710975927879321,90,6701
DES_RHO,primary,material,8,0.6451739477290126,0.7843230785651651,90,6701
DES_RHO,primary,material,9,0.6103443505575503,0.7580296106807597,90,6701
DES_RHO,primary,material,10,0.6252574136690132,0.7694257025507075,90,6701
DES_RHO,primary,material,11,0.6747911289085001,0.8058212361660608,90,6701
DES_RHO,primary,material,12,0.6824694871778016,0.8112711610866545,90,6701
DES_RHO,primary,material,13,0.5884924303952734,0.7409445825924843,90,6701
DES_RHO,primary,material,14,0.6454406731705379,0.7845201394309314,90,6701
DES_RHO,primary,material,15,0.7041690257408789,0.826407492572217,90,6701
DES_RHO,primary,material,16,0.6530155558888447,0.7900900309891048,90,6701
DES_RHO,primary,material,17,0.659808513024493,0.7950417266172396,90,6701
DES_RHO,primary,material,18,0.5365147441105939,0.6983528744739166,90,6701
DES_RHO,primary,material,19,0.6424364317761576,0.7822968601365186,90,6701
DES_RHO,primary,material,20,0.6036043684278134,0.7528095836002142,90,6701
DES_RHO,primary,material,21,0.59647585543049,0.7472406844131698,90,6701
DES_RHO,primary,material,22,0.6352695620698867,0.7769600520978047,90,6701
DES_RHO,primary,material,23,0.6049370507382918,0.7538452059038864,90,6701
DES_RHO,primary,material,24,0.6076022897339965,0.7559112021848813,90,6701
DES_RHO,primary,material,25,0.6199772767504426,0.765414781612335,90,6701
DES_RHO,primary,material,26,0.701049352320363,0.824255159162875,90,6701
DES_RHO,primary,material,27,0.6585284991972854,0.794111767770054,90,6701
DES_RHO,primary,material,28,0.5766388525219279,0.7314786789626041,90,6701
DES_RHO,primary,material,29,0.6844075503109021,0.8126389010599917,90,6701
DES_RHO,primary,material,30,0.6757902070743594,0.8065331856237213,90,6701
DES_RHO,primary,material,31,0.5884918443964898,0.7409441181236577,90,6701
DES_RHO,primary,material,32,0.6845434740101503,0.8127347077372317,90,6701
DES_RHO,primary,material,33,0.6053759208018962,0.754185873797717,90,6701
DES_RHO,primary,material,34,0.5945707329322586,0.7457439430597119,90,6701
DES_RHO,primary,material,35,0.6518264137835201,0.7892190224643606,90,6701
DES_RHO,primary,material,36,0.5712752633433867,0.7271485482789533,90,6701
DES_RHO,primary,material,37,0.676922504680016,0.8073390425506679,90,6701
DES_RHO,primary,material,38,0.655900864201298,0.7921982268155445,90,6701
DES_RHO,primary,material,39,0.6324238377472602,0.7748279866091677,90,6701
DES_RHO,primary,material,40,0.6186064614855564,0.7643691980789445,90,6701
DES_RHO,primary,material,41,0.7048689707891508,0.8268893186118352,90,6701
DES_RHO,primary,material,42,0.5859335880249085,0.738913145479968,90,6701
DES_RHO,primary,material,43,0.6270712959601241,0.7707975643317996,90,6701
DES_RHO,primary,material,44,0.6270420239433977,0.7707754498235523,90,6701
DES_RHO,primary,material,45,0.671739024867844,0.8036410167800527,90,6701
DES_RHO,primary,material,46,0.5781598198009534,0.7327012290477326,90,6701
DES_RHO,primary,material,47,0.5685706185333343,0.7249538042029204,90,6701
DES_RHO,primary,material,48,0.6396933806505379,0.7802597585613764,90,6701
DES_RHO,primary,material,49,0.5811489937875335,0.7350970668430572,90,6701
DES_RHO,primary,row,0,0.9168601380865309,0.9566270588753221,90,6701
DES_RHO,primary,row,1,0.9265400950977619,0.9618695167107278,90,6701
DES_RHO,primary,row,2,0.8904446751710503,0.9420478545244723,90,6701
DES_RHO,primary,row,3,0.9195851727491005,0.9581082265103481,90,6701
DES_RHO,primary,row,4,0.891083202693007,0.9424050739005617,90,6701
DES_RHO,primary,row,5,0.8745416237521735,0.9330725044148644,90,6701
DES_RHO,primary,row,6,0.9141340484589159,0.9551410980802439,90,6701
DES_RHO,primary,row,7,0.8920223105826068,0.942930012604268,90,6701
DES_RHO,primary,row,8,0.8875636188657002,0.9404330640776672,90,6701
DES_RHO,primary,row,9,0.8801092630079616,0.9362320374932748,90,6701
DES_RHO,primary,row,10,0.9241313446198978,0.9605699186844806,90,6701
DES_RHO,primary,row,11,0.9197750249440573,0.9582112622502313,90,6701
DES_RHO,primary,row,12,0.9210775957694121,0.9589176385147636,90,6701
DES_RHO,primary,row,13,0.8877359842069237,0.9405298109840076,90,6701
DES_RHO,primary,row,14,0.8673693809163044,0.9289746204264019,90,6701
DES_RHO,primary,row,15,0.8778545397356374,0.9349547807459261,90,6701
DES_RHO,primary,row,16,0.9087910457528418,0.9522163756739623,90,6701
DES_RHO,primary,row,17,0.8948921381039816,0.9445309525632479,90,6701
DES_RHO,primary,row,18,0.9107999852138541,0.9533179738976382,90,6701
DES_RHO,primary,row,19,0.8964531507799399,0.9453997325599764,90,6701
DES_RHO,primary,row,20,0.8914496918138565,0.942609994515875,90,6701
DES_RHO,primary,row,21,0.9349678111708043,0.9663910745937184,90,6701
DES_RHO,primary,row,22,0.934416590241937,0.9660965429634469,90,6701
DES_RHO,primary,row,23,0.9117043942198734,0.9538131491212278,90,6701
DES_RHO,primary,row,24,0.9190285991291928,0.9578060478579892,90,6701
DES_RHO,primary,row,25,0.8786931283846997,0.9354301829380726,90,6701
DES_RHO,primary,row,26,0.8902988465224894,0.9419662379420461,90,6701
DES_RHO,primary,row,27,0.8957275937036367,0.9449961024765964,90,6701
DES_RHO,primary,row,28,0.8901466465708437,0.9418810420723412,90,6701
DES_RHO,primary,row,29,0.9094966213172472,0.9526035408115464,90,6701
DES_RHO,primary,row,30,0.9343936369031066,0.9660842747591297,90,6701
DES_RHO,primary,row,31,0.9140151104383036,0.9550761699357713,90,6701
DES_RHO,primary,row,32,0.925521690800733,0.9613204517222058,90,6701
DES_RHO,primary,row,33,0.8838628311574344,0.9383515790418713,90,6701
DES_RHO,primary,row,34,0.8841968570421259,0.9385397855191916,90,6701
DES_RHO,primary,row,35,0.8406323963940462,0.9134169300083121,90,6701
DES_RHO,primary,row,36,0.9257841675644285,0.9614620196356514,90,6701
DES_RHO,primary,row,37,0.9012055107826374,0.9480358705794548,90,6701
DES_RHO,primary,row,38,0.9172110279778571,0.9568180180407876,90,6701
DES_RHO,primary,row,39,0.9097623632586495,0.9527492852108693,90,6701
DES_RHO,primary,row,40,0.8963382029368047,0.9453358072401551,90,6701
DES_RHO,primary,row,41,0.9044923931780714,0.9498514107149818,90,6701
DES_RHO,primary,row,42,0.9061344516969649,0.9507560716824199,90,6701
DES_RHO,primary,row,43,0.9143781705215955,0.955274338792175,90,6701
DES_RHO,primary,row,44,0.8683057963319993,0.9295114301274702,90,6701
DES_RHO,primary,row,45,0.9075312695636852,0.9515243960024491,90,6701
DES_RHO,primary,row,46,0.9085215078860995,0.9520683986342794,90,6701
DES_RHO,primary,row,47,0.9118797241375576,0.9539090902267959,90,6701
DES_RHO,primary,row,48,0.8776434130856917,0.9348350245517442,90,6701
DES_RHO,primary,row,49,0.9010542531231673,0.9479521708997634,90,6701
DES_RHO,seed1,material,0,0.6742434905775755,0.8054306250818714,90,6701
DES_RHO,seed1,material,1,0.6255453640212487,0.7696436874253504,90,6701
DES_RHO,seed1,material,2,0.5441411792289258,0.7047816437362875,90,6701
DES_RHO,seed1,material,3,0.5999594600529852,0.7499683273638903,90,6701
DES_RHO,seed1,material,4,0.5491366515967689,0.708958310463764,90,6701
DES_RHO,seed1,material,5,0.5398132833267529,0.7011412216947385,90,6701
DES_RHO,seed1,material,6,0.5944437276581668,0.7456440354044401,90,6701
DES_RHO,seed1,material,7,0.6027373637455358,0.7521349129054578,90,6701
DES_RHO,seed1,material,8,0.5888568252197045,0.7412333394335621,90,6701
DES_RHO,seed1,material,9,0.5539464392521801,0.7129543531999222,90,6701
DES_RHO,seed1,material,10,0.5917600229594412,0.7435291933758026,90,6701
DES_RHO,seed1,material,11,0.6383860437788712,0.7792864767163904,90,6701
DES_RHO,seed1,material,12,0.6365520252126783,0.7779184717698848,90,6701
DES_RHO,seed1,material,13,0.5445029502317051,0.7050850244734324,90,6701
DES_RHO,seed1,material,14,0.6116290701237432,0.7590196546613316,90,6701
DES_RHO,seed1,material,15,0.6718327277105105,0.8037080702811114,90,6701
DES_RHO,seed1,material,16,0.6192320511389746,0.7648465835436054,90,6701
DES_RHO,seed1,material,17,0.6292003480293971,0.7724038959240928,90,6701
DES_RHO,seed1,material,18,0.4911709974870098,0.6587721975745959,90,6701
DES_RHO,seed1,material,19,0.6026621480630698,0.7520763484573832,90,6701
DES_RHO,seed1,material,20,0.5559812346527033,0.7146374548363996,90,6701
DES_RHO,seed1,material,21,0.5767822698195786,0.7315940581771968,90,6701
DES_RHO,seed1,material,22,0.5945761639388089,0.7457482149615595,90,6701
DES_RHO,seed1,material,23,0.5731668921519367,0.7286790676962456,90,6701
DES_RHO,seed1,material,24,0.582299545501805,0.7360168271010108,90,6701
DES_RHO,seed1,material,25,0.5663413038862644,0.7231390789237435,90,6701
DES_RHO,seed1,material,26,0.6617901275920719,0.7964785884857837,90,6701
DES_RHO,seed1,material,27,0.642487686546713,0.7823348592615953,90,6701
DES_RHO,seed1,material,28,0.5519713442293238,0.7113164122285017,90,6701
DES_RHO,seed1,material,29,0.6306756541276989,0.7735145275901819,90,6701
DES_RHO,seed1,material,30,0.6478882445427402,0.786325464349092,90,6701
DES_RHO,seed1,material,31,0.5648940409950715,0.7219581980590474,90,6701
DES_RHO,seed1,material,32,0.6476428881794402,0.7861447317568335,90,6701
DES_RHO,seed1,material,33,0.5583372499420819,0.7165807657653481,90,6701
DES_RHO,seed1,material,34,0.5534526734036072,0.7125452649819001,90,6701
DES_RHO,seed1,material,35,0.6031421168683256,0.7524499675007476,90,6701
DES_RHO,seed1,material,36,0.5248810666373106,0.6884223014123795,90,6701
DES_RHO,seed1,material,37,0.6186671610230888,0.7644155338668344,90,6701
DES_RHO,seed1,material,38,0.6251049574976331,0.7693102585326936,90,6701
DES_RHO,seed1,material,39,0.5918533658883857,0.7436028701777849,90,6701
DES_RHO,seed1,material,40,0.5827510109130969,0.73637736686948,90,6701
DES_RHO,seed1,material,41,0.6769319717830602,0.8073457757064374,90,6701
DES_RHO,seed1,material,42,0.5484985697385161,0.7084263175407868,90,6701
DES_RHO,seed1,material,43,0.603275027602264,0.7525533888025141,90,6701
DES_RHO,seed1,material,44,0.6019443278479342,0.7515171624679259,90,6701
DES_RHO,seed1,material,45,0.6339766224674053,0.775992280122174,90,6701
DES_RHO,seed1,material,46,0.5465050831092763,0.706761444340704,90,6701
DES_RHO,seed1,material,47,0.5270240546831909,0.6902629373347124,90,6701
DES_RHO,seed1,material,48,0.5955975304595948,0.7465510808205367,90,6701
DES_RHO,seed1,material,49,0.5428052653343652,0.7036601151561737,90,6701
DES_RHO,seed2,material,0,0.6715710913154977,0.8035208251740975,90,6701
DES_RHO,seed2,material,1,0.6236027208601478,0.7681715641986326,90,6701
DES_RHO,seed2,material,2,0.5644627901481768,0.7216059003803014,90,6701
DES_RHO,seed2,material,3,0.5902454308438176,0.742332497104703,90,6701
DES_RHO,seed2,material,4,0.5542247569423007,0.7131848266690244,90,6701
DES_RHO,seed2,material,5,0.5374292526786351,0.6991271328320076,90,6701
DES_RHO,seed2,material,6,0.5906247972561202,0.7426324527003065,90,6701
DES_RHO,seed2,material,7,0.5940235323112817,0.7453133787177748,90,6701
DES_RHO,seed2,material,8,0.6026024280545742,0.7520298453386014,90,6701
DES_RHO,seed2,material,9,0.5680081846395326,0.7244964537861915,90,6701
DES_RHO,seed2,material,10,0.5949391516081074,0.7460336665612055,90,6701
DES_RHO,seed2,material,11,0.6367313942138574,0.7780523993916393,90,6701
DES_RHO,seed2,material,12,0.650730030067975,0.7884148446020319,90,6701
DES_RHO,seed2,material,13,0.5584846957216543,0.716702188035345,90,6701
DES_RHO,seed2,material,14,0.6136351905714783,0.7605624792480583,90,6701
DES_RHO,seed2,material,15,0.681739285735589,0.8107550219205324,90,6701
DES_RHO,seed2,material,16,0.6122826998753449,0.7595227560559747,90,6701
DES_RHO,seed2,material,17,0.6154886794603112,0.7619845156277151,90,6701
DES_RHO,seed2,material,18,0.49951308242609554,0.6662337105027749,90,6701
DES_RHO,seed2,material,19,0.6044807671722633,0.753490823374094,90,6701
DES_RHO,seed2,material,20,0.5559016120904327,0.7145716769886892,90,6701
DES_RHO,seed2,material,21,0.5598234518472328,0.7178036093562482,90,6701
DES_RHO,seed2,material,22,0.5976363818304488,0.7481506913928976,90,6701
DES_RHO,seed2,material,23,0.5837600355475251,0.7371824297179113,90,6701
DES_RHO,seed2,material,24,0.5745368790517769,0.7297852297975725,90,6701
DES_RHO,seed2,material,25,0.5813552201671558,0.7352620243106468,90,6701
DES_RHO,seed2,material,26,0.6712523583045602,0.8032926385642051,90,6701
DES_RHO,seed2,material,27,0.6424402311785976,0.7822996770087509,90,6701
DES_RHO,seed2,material,28,0.5384217215157421,0.6999663538100045,90,6701
DES_RHO,seed2,material,29,0.6346194166426767,0.7764736062491087,90,6701
DES_RHO,seed2,material,30,0.6454982443659173,0.7845626655343606,90,6701
DES_RHO,seed2,material,31,0.5608244619427433,0.7186259257427199,90,6701
DES_RHO,seed2,material,32,0.650026181593134,0.7878980210671814,90,6701
DES_RHO,seed2,material,33,0.5562897567597532,0.714892267771481,90,6701
DES_RHO,seed2,material,34,0.555413257103562,0.7141680894990361,90,6701
DES_RHO,seed2,material,35,0.6244736175419717,0.7688319598404768,90,6701
DES_RHO,seed2,material,36,0.5610224575787643,0.7187884515754405,90,6701
DES_RHO,seed2,material,37,0.6465035512396748,0.785304775993849,90,6701
DES_RHO,seed2,material,38,0.6293276479882125,0.7724998084519897,90,6701
DES_RHO,seed2,material,39,0.5874471675130375,0.7401155509740299,90,6701
DES_RHO,seed2,material,40,0.5795189139494488,0.733791673947623,90,6701
DES_RHO,seed2,material,41,0.6628704217930423,0.7972604637206565,90,6701
DES_RHO,seed2,material,42,0.5528047197456412,0.712008036446713,90,6701
DES_RHO,seed2,material,43,0.6112726374495993,0.7587451350469792,90,6701
DES_RHO,seed2,material,44,0.5971309147494619,0.7477545005672029,90,6701
DES_RHO,seed2,material,45,0.6309277669165406,0.7737041207034977,90,6701
DES_RHO,seed2,material,46,0.5605162313895868,0.7183728308810554,90,6701
DES_RHO,seed2,material,47,0.5490176109910045,0.708859095074798,90,6701
DES_RHO,seed2,material,48,0.606896974890757,0.7553651346341183,90,6701
DES_RHO,seed2,material,49,0.5493741879067875,0.7091562415261284,90,6701
DES_RHO,seed3,material,0,0.6964130162896017,0.8210418213045757,90,6701
DES_RHO,seed3,material,1,0.6426005930463051,0.7824185572154972,90,6701
DES_RHO,seed3,material,2,0.5843786283810681,0.7376754746789173,90,6701
DES_RHO,seed3,material,3,0.6084289619322181,0.7565506171951887,90,6701
DES_RHO,seed3,material,4,0.5808287963593863,0.7348408603095062,90,6701
DES_RHO,seed3,material,5,0.5662872366619367,0.7230950025089972,90,6701
DES_RHO,seed3,material,6,0.6261833583735246,0.7701263884532927,90,6701
DES_RHO,seed3,material,7,0.6201989967101093,0.7655837313434369,90,6701
DES_RHO,seed3,material,8,0.6266193148583854,0.7704560115996647,90,6701
DES_RHO,seed3,material,9,0.5793260695730794,0.7336370629653215,90,6701
DES_RHO,seed3,material,10,0.6045712502403754,0.7535611150328246,90,6701
DES_RHO,seed3,material,11,0.6479168998300452,0.7863465686854318,90,6701
DES_RHO,seed3,material,12,0.6455434242970064,0.7845960365011813,90,6701
DES_RHO,seed3,material,13,0.5602596663871694,0.7181620834748211,90,6701
DES_RHO,seed3,material,14,0.6234528147070076,0.7680578198012182,90,6701
DES_RHO,seed3,material,15,0.6693789170239487,0.8019496474979693,90,6701
DES_RHO,seed3,material,16,0.635417152616828,0.777070427077395,90,6701
DES_RHO,seed3,material,17,0.6450722962400921,0.7842479600616242,90,6701
DES_RHO,seed3,material,18,0.5178439216270401,0.6823414637678182,90,6701
DES_RHO,seed3,material,19,0.6144252725381306,0.7611690463345602,90,6701
DES_RHO,seed3,material,20,0.5731814526143276,0.7286908343113369,90,6701
DES_RHO,seed3,material,21,0.572729480356189,0.728325484464726,90,6701
DES_RHO,seed3,material,22,0.6035999753293496,0.752806166893812,90,6701
DES_RHO,seed3,material,23,0.5870116873556588,0.7397698353863552,90,6701
DES_RHO,seed3,material,24,0.5995565057753044,0.7496534240716923,90,6701
DES_RHO,seed3,material,25,0.5955865598378483,0.7465424626018093,90,6701
DES_RHO,seed3,material,26,0.6726342374383036,0.8042813215021425,90,6701
DES_RHO,seed3,material,27,0.6534504468693328,0.7904082618340155,90,6701
DES_RHO,seed3,material,28,0.568553988494818,0.7249402859768971,90,6701
DES_RHO,seed3,material,29,0.6351512031162997,0.7768715234478835,90,6701
DES_RHO,seed3,material,30,0.664804369329289,0.7986576459997197,90,6701
DES_RHO,seed3,material,31,0.5843873304550435,0.7376824078581905,90,6701
DES_RHO,seed3,material,32,0.6571699806607239,0.7931232020009271,90,6701
DES_RHO,seed3,material,33,0.5752042389100969,0.7303233761078344,90,6701
DES_RHO,seed3,material,34,0.5697210804871895,0.725888296423167,90,6701
DES_RHO,seed3,material,35,0.6207421369001003,0.7659974067032747,90,6701
DES_RHO,seed3,material,36,0.5783961925559549,0.7328910134018212,90,6701
DES_RHO,seed3,material,37,0.6539310897298357,0.7907597768618683,90,6701
DES_RHO,seed3,material,38,0.6438893428351296,0.7833730970293261,90,6701
DES_RHO,seed3,material,39,0.6242091130131034,0.7686314625524056,90,6701
DES_RHO,seed3,material,40,0.6094195735998018,0.7573159710450248,90,6701
DES_RHO,seed3,material,41,0.6623854148707716,0.7969095601362255,90,6701
DES_RHO,seed3,material,42,0.5705808370823908,0.7265857619176578,90,6701
DES_RHO,seed3,material,43,0.605880107944257,0.7545770134980564,90,6701
DES_RHO,seed3,material,44,0.6210629211177046,0.7662415974445812,90,6701
DES_RHO,seed3,material,45,0.6629491625935597,0.7973174135517342,90,6701
DES_RHO,seed3,material,46,0.5710873563753881,0.7269963112591369,90,6701
DES_RHO,seed3,material,47,0.5627823839139192,0.720231287102758,90,6701
DES_RHO,seed3,material,48,0.6088538314170495,0.7568789899089615,90,6701
DES_RHO,seed3,material,49,0.5736562979537816,0.7290744474504431,90,6701
DES_RHO,seed4,material,0,0.6198722757624037,0.7653347551376009,90,6701
DES_RHO,seed4,material,1,0.5545598594955851,0.7134622138970261,90,6701
DES_RHO,seed4,material,2,0.48717601567810387,0.6551692745743583,90,6701
DES_RHO,seed4,material,3,0.5282862709703382,0.6913446531649062,90,6701
DES_RHO,seed4,material,4,0.480051489120339,0.6486956604538876,90,6701
DES_RHO,seed4,material,5,0.4884826289219806,0.65634978793909,90,6701
DES_RHO,seed4,material,6,0.5460786358848589,0.7064047367452622,90,6701
DES_RHO,seed4,material,7,0.5351873985201785,0.6972274512363306,90,6701
DES_RHO,seed4,material,8,0.5388054255298804,0.7002905196338846,90,6701
DES_RHO,seed4,material,9,0.4941838956649757,0.6614766724480626,90,6701
DES_RHO,seed4,material,10,0.5336651394074576,0.6959343675421128,90,6701
DES_RHO,seed4,material,11,0.5678289710523757,0.7243506549968026,90,6701
DES_RHO,seed4,material,12,0.5671843203728341,0.723825925259258,90,6701
DES_RHO,seed4,material,13,0.4805273080332937,0.6491299490741818,90,6701
DES_RHO,seed4,material,14,0.5410507395514743,0.7021841989562889,90,6701
DES_RHO,seed4,material,15,0.6019980855083089,0.7515590573471839,90,6701
DES_RHO,seed4,material,16,0.5517636121923288,0.7111438982807416,90,6701
DES_RHO,seed4,material,17,0.5619864292847138,0.7195791445410525,90,6701
DES_RHO,seed4,material,18,0.4197112805169976,0.5912628662979375,90,6701
DES_RHO,seed4,material,19,0.5472045647619619,0.7073461095251481,90,6701
DES_RHO,seed4,material,20,0.4964010924567258,0.6634599439402389,90,6701
DES_RHO,seed4,material,21,0.49789314256213457,0.6647912703712526,90,6701
DES_RHO,seed4,material,22,0.5155802564519097,0.6803734137562901,90,6701
DES_RHO,seed4,material,23,0.4931236456200517,0.660526202323012,90,6701
DES_RHO,seed4,material,24,0.5175033316171515,0.682045727129529,90,6701
DES_RHO,seed4,material,25,0.529395545353046,0.6922938241340834,90,6701
DES_RHO,seed4,material,26,0.5946988043349922,0.7458446732616553,90,6701
DES_RHO,seed4,material,27,0.5943036608830041,0.7455338345693183,90,6701
DES_RHO,seed4,material,28,0.4888308070348437,0.6566640141043285,90,6701
DES_RHO,seed4,material,29,0.5516333046889711,0.7110356590335594,90,6701
DES_RHO,seed4,material,30,0.5763049421531617,0.7312099667288426,90,6701
DES_RHO,seed4,material,31,0.5128019707758903,0.6779498978480083,90,6701
DES_RHO,seed4,material,32,0.5701221419348222,0.7262137469538198,90,6701
DES_RHO,seed4,material,33,0.47530678711211655,0.6443497600150272,90,6701
DES_RHO,seed4,material,34,0.4856832418787582,0.6538180255228231,90,6701
DES_RHO,seed4,material,35,0.5263729038064873,0.689704203335649,90,6701
DES_RHO,seed4,material,36,0.45649967209756565,0.6268448676547129,90,6701
DES_RHO,seed4,material,37,0.5623353279182481,0.719865086412068,90,6701
DES_RHO,seed4,material,38,0.5543877029938592,0.7133197231631075,90,6701
DES_RHO,seed4,material,39,0.5457445982319187,0.7061251889298685,90,6701
DES_RHO,seed4,material,40,0.5318533601885617,0.6943920012331909,90,6701
DES_RHO,seed4,material,41,0.5803686440655698,0.7344724868402163,90,6701
DES_RHO,seed4,material,42,0.49836864279292853,0.6652149925721611,90,6701
DES_RHO,seed4,material,43,0.5325036677678994,0.6949460271680707,90,6701
DES_RHO,seed4,material,44,0.5425168620404808,0.7034177393987455,90,6701
DES_RHO,seed4,material,45,0.6080539446575648,0.7562606300338387,90,6701
DES_RHO,seed4,material,46,0.48050629930633854,0.6491107799155872,90,6701
DES_RHO,seed4,material,47,0.49451625044223224,0.6617743370751616,90,6701
DES_RHO,seed4,material,48,0.5216742955414276,0.6856582871511415,90,6701
DES_RHO,seed4,material,49,0.4770027635148528,0.6459063927270113,90,6701
DES_RHO,lineage_clean,material,0,0.6806323985319379,0.8099717691108209,90,4728
DES_RHO,lineage_clean,material,1,0.6110161106824372,0.7585474864352619,90,4728
DES_RHO,lineage_clean,material,2,0.6029385944790361,0.7522915681932213,90,4728
DES_RHO,lineage_clean,material,3,0.6015472668545883,0.751207634397225,90,4728
DES_RHO,lineage_clean,material,4,0.5292840655113671,0.692198496600935,90,4728
DES_RHO,lineage_clean,material,5,0.610247880568243,0.757955204204823,90,4728
DES_RHO,lineage_clean,material,6,0.652459457041942,0.7896828624284747,90,4728
DES_RHO,lineage_clean,material,7,0.5627452906515169,0.7202009105615739,90,4728
DES_RHO,lineage_clean,material,8,0.6750426990510427,0.8060005866518779,90,4728
DES_RHO,lineage_clean,material,9,0.7091161811982305,0.8298045375722579,90,4728
DES_RHO,lineage_clean,material,10,0.5933406642105331,0.7447756497252531,90,4728
DES_RHO,lineage_clean,material,11,0.6083397129837501,0.756481616505227,90,4728
DES_RHO,lineage_clean,material,12,0.6846107291521154,0.8127821072310137,90,4728
DES_RHO,lineage_clean,material,13,0.5667759855495261,0.7234933274149423,90,4728
DES_RHO,lineage_clean,material,14,0.5777110255484953,0.7323407343846794,90,4728
DES_RHO,lineage_clean,material,15,0.6455646079151021,0.7846116825920554,90,4728
DES_RHO,lineage_clean,material,16,0.652247791314617,0.7895278114375975,90,4728
DES_RHO,lineage_clean,material,17,0.6230138358395161,0.7677246146423115,90,4728
DES_RHO,lineage_clean,material,18,0.6114149926329389,0.7588547896453783,90,4728
DES_RHO,lineage_clean,material,19,0.6508560918711895,0.7885073630294039,90,4728
DES_RHO,lineage_clean,material,20,0.6755045872327992,0.8063297377758152,90,4728
DES_RHO,lineage_clean,material,21,0.6465572389671446,0.7853443824069161,90,4728
DES_RHO,lineage_clean,material,22,0.7027769716356043,0.8254480573114059,90,4728
DES_RHO,lineage_clean,material,23,0.5626071135285231,0.7200877413876607,90,4728
DES_RHO,lineage_clean,material,24,0.6294565847602309,0.7725969389394358,90,4728
DES_RHO,lineage_clean,material,25,0.610203831737485,0.7579212267543131,90,4728
DES_RHO,lineage_clean,material,26,0.6348583817334051,0.7766524474863424,90,4728
DES_RHO,lineage_clean,material,27,0.6408044610197494,0.7810857128234446,90,4728
DES_RHO,lineage_clean,material,28,0.6322333423396062,0.7746849986943377,90,4728
DES_RHO,lineage_clean,material,29,0.602115288783586,0.7516503874583771,90,4728
DES_RHO,lineage_clean,material,30,0.6840898312605119,0.8124148944578361,90,4728
DES_RHO,lineage_clean,material,31,0.6521677885252737,0.7894691968391409,90,4728
DES_RHO,lineage_clean,material,32,0.5106976695125721,0.6761083700848618,90,4728
DES_RHO,lineage_clean,material,33,0.6030919324640891,0.7524109132494795,90,4728
DES_RHO,lineage_clean,material,34,0.6240658045712726,0.7685228059290565,90,4728
DES_RHO,lineage_clean,material,35,0.7486360976573094,0.8562514506709263,90,4728
DES_RHO,lineage_clean,material,36,0.6341007824608018,0.7760852809897144,90,4728
DES_RHO,lineage_clean,material,37,0.5565321173827185,0.7150923661228623,90,4728
DES_RHO,lineage_clean,material,38,0.7022788067119589,0.8251043294940004,90,4728
DES_RHO,lineage_clean,material,39,0.6508342551290489,0.788491337766882,90,4728
DES_RHO,lineage_clean,material,40,0.6085178790240553,0.756619353703752,90,4728
DES_RHO,lineage_clean,material,41,0.6013120702401729,0.7510242149738933,90,4728
DES_RHO,lineage_clean,material,42,0.6561748967421299,0.7923980710405585,90,4728
DES_RHO,lineage_clean,material,43,0.6644269113038561,0.7983852060927883,90,4728
DES_RHO,lineage_clean,material,44,0.6897820152231477,0.8164153825865605,90,4728
DES_RHO,lineage_clean,material,45,0.6130755968729781,0.7601325047151586,90,4728
DES_RHO,lineage_clean,material,46,0.6195671127330055,0.7651021163148852,90,4728
DES_RHO,lineage_clean,material,47,0.6270349175414839,0.770770080938348,90,4728
DES_RHO,lineage_clean,material,48,0.7113768974133999,0.8313503571172257,90,4728
DES_RHO,lineage_clean,material,49,0.613316838884949,0.7603179042113584,90,4728
DES_RHO,strict_multi_material,material,0,0.6947616852470474,0.8198930755810322,90,6701
DES_RHO,strict_multi_material,material,1,0.6634443291106832,0.7976754226158879,90,6701
DES_RHO,strict_multi_material,material,2,0.6036990108100477,0.7528831866088289,90,6701
DES_RHO,strict_multi_material,material,3,0.6336611777176423,0.7757559356376682,90,6701
DES_RHO,strict_multi_material,material,4,0.5797616435386752,0.7339862262258827,90,6701
DES_RHO,strict_multi_material,material,5,0.5811651646025662,0.7351100031964655,90,6701
DES_RHO,strict_multi_material,material,6,0.6272868641040931,0.7709603978760653,90,6701
DES_RHO,strict_multi_material,material,7,0.6274685347368404,0.7710975927879321,90,6701
DES_RHO,strict_multi_material,material,8,0.6451739477290126,0.7843230785651651,90,6701
DES_RHO,strict_multi_material,material,9,0.6103443505575503,0.7580296106807597,90,6701
DES_RHO,strict_multi_material,material,10,0.6252574136690132,0.7694257025507075,90,6701
DES_RHO,strict_multi_material,material,11,0.6747911289085001,0.8058212361660608,90,6701
DES_RHO,strict_multi_material,material,12,0.6824694871778016,0.8112711610866545,90,6701
DES_RHO,strict_multi_material,material,13,0.5884924303952734,0.7409445825924843,90,6701
DES_RHO,strict_multi_material,material,14,0.6454406731705379,0.7845201394309314,90,6701
DES_RHO,strict_multi_material,material,15,0.7041690257408789,0.826407492572217,90,6701
DES_RHO,strict_multi_material,material,16,0.6530155558888447,0.7900900309891048,90,6701
DES_RHO,strict_multi_material,material,17,0.659808513024493,0.7950417266172396,90,6701
DES_RHO,strict_multi_material,material,18,0.5365147441105939,0.6983528744739166,90,6701
DES_RHO,strict_multi_material,material,19,0.6424364317761576,0.7822968601365186,90,6701
DES_RHO,strict_multi_material,material,20,0.6036043684278134,0.7528095836002142,90,6701
DES_RHO,strict_multi_material,material,21,0.59647585543049,0.7472406844131698,90,6701
DES_RHO,strict_multi_material,material,22,0.6352695620698867,0.7769600520978047,90,6701
DES_RHO,strict_multi_material,material,23,0.6049370507382918,0.7538452059038864,90,6701
DES_RHO,strict_multi_material,material,24,0.6076022897339965,0.7559112021848813,90,6701
DES_RHO,strict_multi_material,material,25,0.6199772767504426,0.765414781612335,90,6701
DES_RHO,strict_multi_material,material,26,0.701049352320363,0.824255159162875,90,6701
DES_RHO,strict_multi_material,material,27,0.6585284991972854,0.794111767770054,90,6701
DES_RHO,strict_multi_material,material,28,0.5766388525219279,0.7314786789626041,90,6701
DES_RHO,strict_multi_material,material,29,0.6844075503109021,0.8126389010599917,90,6701
DES_RHO,strict_multi_material,material,30,0.6757902070743594,0.8065331856237213,90,6701
DES_RHO,strict_multi_material,material,31,0.5884918443964898,0.7409441181236577,90,6701
DES_RHO,strict_multi_material,material,32,0.6845434740101503,0.8127347077372317,90,6701
DES_RHO,strict_multi_material,material,33,0.6053759208018962,0.754185873797717,90,6701
DES_RHO,strict_multi_material,material,34,0.5945707329322586,0.7457439430597119,90,6701
DES_RHO,strict_multi_material,material,35,0.6518264137835201,0.7892190224643606,90,6701
DES_RHO,strict_multi_material,material,36,0.5712752633433867,0.7271485482789533,90,6701
DES_RHO,strict_multi_material,material,37,0.676922504680016,0.8073390425506679,90,6701
DES_RHO,strict_multi_material,material,38,0.655900864201298,0.7921982268155445,90,6701
DES_RHO,strict_multi_material,material,39,0.6324238377472602,0.7748279866091677,90,6701
DES_RHO,strict_multi_material,material,40,0.6186064614855564,0.7643691980789445,90,6701
DES_RHO,strict_multi_material,material,41,0.7048689707891508,0.8268893186118352,90,6701
DES_RHO,strict_multi_material,material,42,0.5859335880249085,0.738913145479968,90,6701
DES_RHO,strict_multi_material,material,43,0.6270712959601241,0.7707975643317996,90,6701
DES_RHO,strict_multi_material,material,44,0.6270420239433977,0.7707754498235523,90,6701
DES_RHO,strict_multi_material,material,45,0.671739024867844,0.8036410167800527,90,6701
DES_RHO,strict_multi_material,material,46,0.5781598198009534,0.7327012290477326,90,6701
DES_RHO,strict_multi_material,material,47,0.5685706185333343,0.7249538042029204,90,6701
DES_RHO,strict_multi_material,material,48,0.6396933806505379,0.7802597585613764,90,6701
DES_RHO,strict_multi_material,material,49,0.5811489937875335,0.7350970668430572,90,6701
DES_RHO,system_disjoint,material,0,0.4309069552279348,0.602285080317181,90,6701
DES_RHO,system_disjoint,material,1,0.46297126374427544,0.6329191491558948,90,6701
DES_RHO,system_disjoint,material,2,0.5909768102463856,0.7429106526761561,90,6701
DES_RHO,system_disjoint,material,3,0.5438830381718434,0.704565080028175,90,6701
DES_RHO,system_disjoint,material,4,0.6259215052500312,0.7699283184691972,90,6701
DES_RHO,system_disjoint,material,5,0.5523191754818836,0.7116051701293044,90,6701
DES_RHO,system_disjoint,material,6,0.5574658687506477,0.7158627099774971,90,6701
DES_RHO,system_disjoint,material,7,0.5267105789116756,0.6899940122077942,90,6701
DES_RHO,system_disjoint,material,8,0.48749594720186185,0.6554585215763359,90,6701
DES_RHO,system_disjoint,material,9,0.4581828818469547,0.6284299281673282,90,6701
DES_RHO,system_disjoint,material,10,0.4605035290270196,0.6306092657424864,90,6701
DES_RHO,system_disjoint,material,11,0.48786036736051097,0.6557878387821882,90,6701
DES_RHO,system_disjoint,material,12,0.49304816248661415,0.6604584833559038,90,6701
DES_RHO,system_disjoint,material,13,0.32507909502483356,0.4906561370493,90,6701
DES_RHO,system_disjoint,material,14,0.5244900728395887,0.6880859143446546,90,6701
DES_RHO,system_disjoint,material,15,0.4668265892611836,0.6365123085153732,90,6701
DES_RHO,system_disjoint,material,16,0.5381560070322019,0.6997417746598384,90,6701
DES_RHO,system_disjoint,material,17,0.5225930490594,0.6864513789580716,90,6701
DES_RHO,system_disjoint,material,18,0.588935360740799,0.7412955558698416,90,6701
DES_RHO,system_disjoint,material,19,0.42685375095997824,0.5983146495186262,90,6701
DES_RHO,system_disjoint,material,20,0.409258563255026,0.5808140165701653,90,6701
DES_RHO,system_disjoint,material,21,0.45977245799725874,0.6299234589314633,90,6701
DES_RHO,system_disjoint,material,22,0.5147009889271185,0.6796073848102359,90,6701
DES_RHO,system_disjoint,material,23,0.653660703418225,0.7905620567351762,90,6701
DES_RHO,system_disjoint,material,24,0.4995738344568043,0.6662877451949761,90,6701
DES_RHO,system_disjoint,material,25,0.592293819710386,0.7439504096274332,90,6701
DES_RHO,system_disjoint,material,26,0.571353002547423,0.7272115197809346,90,6701
DES_RHO,system_disjoint,material,27,0.4921459435290676,0.6596485359402519,90,6701
DES_RHO,system_disjoint,material,28,0.4564575140653805,0.6268051208596945,90,6701
DES_RHO,system_disjoint,material,29,0.4510859188443315,0.6217218608303824,90,6701
DES_RHO,system_disjoint,material,30,0.5411842745988014,0.702296647478682,90,6701
DES_RHO,system_disjoint,material,31,0.5121446557145224,0.6773752151013919,90,6701
DES_RHO,system_disjoint,material,32,0.5121218807949811,0.6773552943043702,90,6701
DES_RHO,system_disjoint,material,33,0.5513989585007989,0.7108409548420035,90,6701
DES_RHO,system_disjoint,material,34,0.41699263753104726,0.5885600623269444,90,6701
DES_RHO,system_disjoint,material,35,0.5133114349137875,0.6783949728669441,90,6701
DES_RHO,system_disjoint,material,36,0.5151155161118339,0.6799686368914621,90,6701
DES_RHO,system_disjoint,material,37,0.5756748826682855,0.7307026201920842,90,6701
DES_RHO,system_disjoint,material,38,0.5799813036298618,0.7341622363472379,90,6701
DES_RHO,system_disjoint,material,39,0.5341680583156153,0.6963618560825545,90,6701
DES_RHO,system_disjoint,material,40,0.5117285756135068,0.6770111829179802,90,6701
DES_RHO,system_disjoint,material,41,0.5390485780963299,0.7004958592835145,90,6701
DES_RHO,system_disjoint,material,42,0.4484516197997279,0.6192151862990546,90,6701
DES_RHO,system_disjoint,material,43,0.5109867768197123,0.6763616792136654,90,6701
DES_RHO,system_disjoint,material,44,0.5044859394023515,0.6706422787876046,90,6701
DES_RHO,system_disjoint,material,45,0.5203670852770461,0.6845282173182843,90,6701
DES_RHO,system_disjoint,material,46,0.6155041813717299,0.7619963952666508,90,6701
DES_RHO,system_disjoint,material,47,0.5729899578733495,0.7285360659873764,90,6701
DES_RHO,system_disjoint,material,48,0.5026049020186203,0.6689781210528648,90,6701
DES_RHO,system_disjoint,material,49,0.608920830359713,0.7569307561560679,90,6701
DES_RHO,system_disjoint_strict,material,0,0.37433901096421845,0.5447549810895451,88,6664
DES_RHO,system_disjoint_strict,material,1,0.4204101042887088,0.5919559471160413,88,6664
DES_RHO,system_disjoint_strict,material,2,0.4755323543773513,0.6445570006874131,88,6664
DES_RHO,system_disjoint_strict,material,3,0.31307332950572914,0.47685581980951075,88,6664
DES_RHO,system_disjoint_strict,material,4,0.4710980234346054,0.6404712886972987,88,6664
DES_RHO,system_disjoint_strict,material,5,0.41841071720608597,0.5899711728493569,88,6664
DES_RHO,system_disjoint_strict,material,6,0.553970999781904,0.7129746949713379,88,6664
DES_RHO,system_disjoint_strict,material,7,0.38731543740044455,0.558366795263516,88,6664
DES_RHO,system_disjoint_strict,material,8,0.3675988682484838,0.537582878697869,88,6664
DES_RHO,system_disjoint_strict,material,9,0.32410780173721976,0.4895489646870031,88,6664
DES_RHO,system_disjoint_strict,material,10,0.40068569824700734,0.5721279209868072,88,6664
DES_RHO,system_disjoint_strict,material,11,0.3527497481051047,0.5215299409210418,88,6664
DES_RHO,system_disjoint_strict,material,12,0.45997835464635267,0.6301166769801491,88,6664
DES_RHO,system_disjoint_strict,material,13,0.2431206635252832,0.3911457200555793,88,6664
DES_RHO,system_disjoint_strict,material,14,0.38352334198889376,0.5544154266852587,88,6664
DES_RHO,system_disjoint_strict,material,15,0.4398055217460065,0.6109235102983468,88,6664
DES_RHO,system_disjoint_strict,material,16,0.41098825460619526,0.5825537572896401,88,6664
DES_RHO,system_disjoint_strict,material,17,0.3982750975957446,0.56966629568181,88,6664
DES_RHO,system_disjoint_strict,material,18,0.4428814127792419,0.6138847016210083,88,6664
DES_RHO,system_disjoint_strict,material,19,0.27179460741843176,0.42741902793586684,88,6664
DES_RHO,system_disjoint_strict,material,20,0.38813835408628655,0.5592214247862499,88,6664
DES_RHO,system_disjoint_strict,material,21,0.43654749360554357,0.6077731443599784,88,6664
DES_RHO,system_disjoint_strict,material,22,0.350408856234348,0.5189670589268389,88,6664
DES_RHO,system_disjoint_strict,material,23,0.5057452922942955,0.6717541072616529,88,6664
DES_RHO,system_disjoint_strict,material,24,0.49257690996257303,0.6600355488212994,88,6664
DES_RHO,system_disjoint_strict,material,25,0.4780382961993913,0.6468550881646474,88,6664
DES_RHO,system_disjoint_strict,material,26,0.3338656087373311,0.5005985708760814,88,6664
DES_RHO,system_disjoint_strict,material,27,0.3635308178732307,0.5332198042142509,88,6664
DES_RHO,system_disjoint_strict,material,28,0.3103597375075042,0.4737015777024007,88,6664
DES_RHO,system_disjoint_strict,material,29,0.3141505986811006,0.478104410554447,88,6664
DES_RHO,system_disjoint_strict,material,30,0.2969762306123005,0.4579516934895537,88,6664
DES_RHO,system_disjoint_strict,material,31,0.5024687366652911,0.6688574935416143,88,6664
DES_RHO,system_disjoint_strict,material,32,0.43089567772501697,0.6022740643260571,88,6664
DES_RHO,system_disjoint_strict,material,33,0.38278842863597246,0.5536471389387709,88,6664
DES_RHO,system_disjoint_strict,material,34,0.357268939669053,0.5264526863131002,88,6664
DES_RHO,system_disjoint_strict,material,35,0.39931940410802186,0.570733748043125,88,6664
DES_RHO,system_disjoint_strict,material,36,0.37040203819647144,0.5405742663429515,88,6664
DES_RHO,system_disjoint_strict,material,37,0.4611485162132104,0.6312137487684649,88,6664
DES_RHO,system_disjoint_strict,material,38,0.4835913249521309,0.6519198607038692,88,6664
DES_RHO,system_disjoint_strict,material,39,0.37456668647747415,0.5449960197090989,88,6664
DES_RHO,system_disjoint_strict,material,40,0.383690694391623,0.554590264929581,88,6664
DES_RHO,system_disjoint_strict,material,41,0.40719836690929684,0.578736269860301,88,6664
DES_RHO,system_disjoint_strict,material,42,0.3020205533394137,0.4639259381348373,88,6664
DES_RHO,system_disjoint_strict,material,43,0.3575664536015429,0.5267756177282378,88,6664
DES_RHO,system_disjoint_strict,material,44,0.35238379405229636,0.5211298680183234,88,6664
DES_RHO,system_disjoint_strict,material,45,0.3925207381868682,0.5637556805049092,88,6664
DES_RHO,system_disjoint_strict,material,46,0.498457514762882,0.6652941572944877,88,6664
DES_RHO,system_disjoint_strict,material,47,0.4842210257479657,0.6524918018917634,88,6664
DES_RHO,system_disjoint_strict,material,48,0.3066072529008753,0.4693181554291216,88,6664
DES_RHO,system_disjoint_strict,material,49,0.564653583420826,0.7217617872785812,88,6664
DES_ETA,primary,material,0,0.8336524061552604,0.9092807375670879,74,5652
DES_ETA,primary,material,1,0.8983650268155399,0.946461838609116,74,5652
DES_ETA,primary,material,2,0.8664497095960136,0.9284468851652623,74,5652
DES_ETA,primary,material,3,0.8570224468478704,0.9230070948281637,74,5652
DES_ETA,primary,material,4,0.8600326455262147,0.9247500548926185,74,5652
DES_ETA,primary,material,5,0.8706692679971061,0.930863924363623,74,5652
DES_ETA,primary,material,6,0.9113263694439128,0.9536062328372071,74,5652
DES_ETA,primary,material,7,0.8180876116840781,0.8999430021156032,74,5652
DES_ETA,primary,material,8,0.8814756177310504,0.9370045611263977,74,5652
DES_ETA,primary,material,9,0.8838611834360683,0.9383506504698503,74,5652
DES_ETA,primary,material,10,0.8941384327702637,0.9441109660211535,74,5652
DES_ETA,primary,material,11,0.8743930414496539,0.9329879295469419,74,5652
DES_ETA,primary,material,12,0.8121462962173306,0.8963363475814317,74,5652
DES_ETA,primary,material,13,0.8915814276922847,0.9426836345924663,74,5652
DES_ETA,primary,material,14,0.9110729360095663,0.9534674672458506,74,5652
DES_ETA,primary,material,15,0.8118193232297956,0.8961371730848147,74,5652
DES_ETA,primary,material,16,0.9009561147497117,0.9478978580926741,74,5652
DES_ETA,primary,material,17,0.8457515862632576,0.9164305668841278,74,5652
DES_ETA,primary,material,18,0.9138522549339096,0.9549872541916433,74,5652
DES_ETA,primary,material,19,0.8754112305442673,0.9335672265225928,74,5652
DES_ETA,primary,material,20,0.8688123104024049,0.929801570298225,74,5652
DES_ETA,primary,material,21,0.8393364636569796,0.9126513612286095,74,5652
DES_ETA,primary,material,22,0.8597090439995495,0.9245629543755209,74,5652
DES_ETA,primary,material,23,0.8752048207935392,0.9334498408799682,74,5652
DES_ETA,primary,material,24,0.8111085838641998,0.8957039805240282,74,5652
DES_ETA,primary,material,25,0.8680997126045443,0.9293933367124406,74,5652
DES_ETA,primary,material,26,0.8879010084671183,0.9406224208631041,74,5652
DES_ETA,primary,material,27,0.8576812033380149,0.9233890096932367,74,5652
DES_ETA,primary,material,28,0.8538040456454394,0.9211373204746355,74,5652
DES_ETA,primary,material,29,0.8704815055484869,0.9307566024751824,74,5652
DES_ETA,primary,material,30,0.7996369621699069,0.8886647462560971,74,5652
DES_ETA,primary,material,31,0.8532448259942801,0.9208117719001402,74,5652
DES_ETA,primary,material,32,0.8866848400483496,0.9399395396908227,74,5652
DES_ETA,primary,material,33,0.8601900063266114,0.9248410145211581,74,5652
DES_ETA,primary,material,34,0.8375965549518559,0.9116218167635828,74,5652
DES_ETA,primary,material,35,0.8989112597777051,0.9467648950408937,74,5652
DES_ETA,primary,material,36,0.9024458974811504,0.9487217467534758,74,5652
DES_ETA,primary,material,37,0.8841674598102565,0.93852322436276,74,5652
DES_ETA,primary,material,38,0.839817494146503,0.912935654561864,74,5652
DES_ETA,primary,material,39,0.844743642578091,0.9158385187846844,74,5652
DES_ETA,primary,material,40,0.8493530157081315,0.9185407096361293,74,5652
DES_ETA,primary,material,41,0.8522974450289199,0.9202598074259212,74,5652
DES_ETA,primary,material,42,0.8485486102840714,0.9180701070702951,74,5652
DES_ETA,primary,material,43,0.9412789462230463,0.969751357015847,74,5652
DES_ETA,primary,material,44,0.8043659805708611,0.8915774174775536,74,5652
DES_ETA,primary,material,45,0.8705936362235591,0.9308206970928798,74,5652
DES_ETA,primary,material,46,0.8887219063524773,0.9410828596453226,74,5652
DES_ETA,primary,material,47,0.8991008298664152,0.9468700299916766,74,5652
DES_ETA,primary,material,48,0.8947981727758132,0.9444786105793685,74,5652
DES_ETA,primary,material,49,0.8569218634336508,0.9229487576274308,74,5652
DES_ETA,primary,row,0,0.9616876935121093,0.9804697217530594,74,5652
DES_ETA,primary,row,1,0.9638037946515241,0.9815683188681795,74,5652
DES_ETA,primary,row,2,0.9426175088021612,0.9704612508958486,74,5652
DES_ETA,primary,row,3,0.9677131499408798,0.9835916886259106,74,5652
DES_ETA,primary,row,4,0.9427749744335576,0.9705446969826615,74,5652
DES_ETA,primary,row,5,0.9660420458038698,0.9827277578988675,74,5652
DES_ETA,primary,row,6,0.9448028634724832,0.9716181328379159,74,5652
DES_ETA,primary,row,7,0.9483712219173988,0.9735015701824044,74,5652
DES_ETA,primary,row,8,0.9681273691869404,0.9838056056167611,74,5652
DES_ETA,primary,row,9,0.9490507499262527,0.9738594543648106,74,5652
DES_ETA,primary,row,10,0.9641650488184034,0.9817556313797793,74,5652
DES_ETA,primary,row,11,0.9570459941696826,0.9780516114806278,74,5652
DES_ETA,primary,row,12,0.9648893508053573,0.9821309789376935,74,5652
DES_ETA,primary,row,13,0.9577584365285128,0.9784235058404909,74,5652
DES_ETA,primary,row,14,0.9612035306826339,0.9802180300461409,74,5652
DES_ETA,primary,row,15,0.9627967220741365,0.9810457815078528,74,5652
DES_ETA,primary,row,16,0.958437742783594,0.9787778511879922,74,5652
DES_ETA,primary,row,17,0.955950069350345,0.9774790106660105,74,5652
DES_ETA,primary,row,18,0.9503191927522568,0.9745268326167501,74,5652
DES_ETA,primary,row,19,0.9644782374874242,0.9819179658828859,74,5652
DES_ETA,primary,row,20,0.9510906370438981,0.9749322958003609,74,5652
DES_ETA,primary,row,21,0.9773207526632284,0.9885303144134682,74,5652
DES_ETA,primary,row,22,0.9502409588084839,0.9744856957460699,74,5652
DES_ETA,primary,row,23,0.9586016721609267,0.9788633245710454,74,5652
DES_ETA,primary,row,24,0.9748680931158713,0.9872741339172296,74,5652
DES_ETA,primary,row,25,0.9567045777455191,0.9778732963846973,74,5652
DES_ETA,primary,row,26,0.9647919477578064,0.9820805188649249,74,5652
DES_ETA,primary,row,27,0.9567234996420464,0.9778831805485699,74,5652
DES_ETA,primary,row,28,0.9683519102237818,0.9839215286596692,74,5652
DES_ETA,primary,row,29,0.9671207123032418,0.9832855769902088,74,5652
DES_ETA,primary,row,30,0.9660484156486291,0.9827310537822286,74,5652
DES_ETA,primary,row,31,0.9638182875575805,0.9815758348561775,74,5652
DES_ETA,primary,row,32,0.9582575279266539,0.9786838699823399,74,5652
DES_ETA,primary,row,33,0.9707500530620815,0.9851579621208326,74,5652
DES_ETA,primary,row,34,0.9707961655858758,0.9851817073099275,74,5652
DES_ETA,primary,row,35,0.967043987474844,0.9832459199006207,74,5652
DES_ETA,primary,row,36,0.9553511803890578,0.9771658308447394,74,5652
DES_ETA,primary,row,37,0.9432297347340721,0.9707856131206757,74,5652
DES_ETA,primary,row,38,0.9670553242680104,0.9832517797920863,74,5652
DES_ETA,primary,row,39,0.9518583365402058,0.9753354725809004,74,5652
DES_ETA,primary,row,40,0.9627922637407695,0.9810434670308317,74,5652
DES_ETA,primary,row,41,0.9521942168373991,0.9755117688853482,74,5652
DES_ETA,primary,row,42,0.9710639168362214,0.9853195612193925,74,5652
DES_ETA,primary,row,43,0.9537078646709775,0.9763054977839183,74,5652
DES_ETA,primary,row,44,0.9635217624008557,0.9814220354988369,74,5652
DES_ETA,primary,row,45,0.9532722470838003,0.9760771940593723,74,5652
DES_ETA,primary,row,46,0.9678783687124842,0.9836770240487313,74,5652
DES_ETA,primary,row,47,0.9660027330220763,0.9827074162172378,74,5652
DES_ETA,primary,row,48,0.9555745672483056,0.9772826700164108,74,5652
DES_ETA,primary,row,49,0.9753414037620955,0.987516792696725,74,5652
DES_ETA,seed1,material,0,0.8341870354755498,0.9095986607050356,74,5652
DES_ETA,seed1,material,1,0.8830564339233198,0.937896940330657,74,5652
DES_ETA,seed1,material,2,0.869485635163819,0.9301870191558096,74,5652
DES_ETA,seed1,material,3,0.8744831677180929,0.9330392321235376,74,5652
DES_ETA,seed1,material,4,0.858993695311574,0.9241491216220651,74,5652
DES_ETA,seed1,material,5,0.8697893858115517,0.9303608121981437,74,5652
DES_ETA,seed1,material,6,0.9176590184870279,0.9570617191486229,74,5652
DES_ETA,seed1,material,7,0.7932097662992462,0.884681514908588,74,5652
DES_ETA,seed1,material,8,0.8984361234095352,0.9465012937027034,74,5652
DES_ETA,seed1,material,9,0.8800818425216049,0.936216522724586,74,5652
DES_ETA,seed1,material,10,0.9023917416673097,0.9486918197788519,74,5652
DES_ETA,seed1,material,11,0.8643042303468728,0.9272137200333018,74,5652
DES_ETA,seed1,material,12,0.8145571159563098,0.8978026745959121,74,5652
DES_ETA,seed1,material,13,0.8791171927783074,0.9356704266842637,74,5652
DES_ETA,seed1,material,14,0.894490162497569,0.9443070016455858,74,5652
DES_ETA,seed1,material,15,0.8158564144105414,0.8985913290675932,74,5652
DES_ETA,seed1,material,16,0.8930767098278476,0.9435187757489891,74,5652
DES_ETA,seed1,material,17,0.8423826231473454,0.9144491622574051,74,5652
DES_ETA,seed1,material,18,0.9120348060021494,0.9539939368667791,74,5652
DES_ETA,seed1,material,19,0.8620135090183764,0.9258939366909491,74,5652
DES_ETA,seed1,material,20,0.8778825418698641,0.9349706622180215,74,5652
DES_ETA,seed1,material,21,0.8586174928270718,0.9239313588091347,74,5652
DES_ETA,seed1,material,22,0.8634620750187515,0.9267288952044412,74,5652
DES_ETA,seed1,material,23,0.8530387208178662,0.9206917386392929,74,5652
DES_ETA,seed1,material,24,0.8174608523805713,0.8995636426609505,74,5652
DES_ETA,seed1,material,25,0.8688002574159459,0.9297946679622848,74,5652
DES_ETA,seed1,material,26,0.9034220544445333,0.9492608876050611,74,5652
DES_ETA,seed1,material,27,0.8481207943547892,0.9178196543704631,74,5652
DES_ETA,seed1,material,28,0.8506936358202422,0.919324105681282,74,5652
DES_ETA,seed1,material,29,0.8579755926935719,0.9235595947196861,74,5652
DES_ETA,seed1,material,30,0.8099602233883904,0.8950033408713038,74,5652
DES_ETA,seed1,material,31,0.8584550187126065,0.923837284269896,74,5652
DES_ETA,seed1,material,32,0.8543130625681601,0.9214334729271288,74,5652
DES_ETA,seed1,material,33,0.8408724795278162,0.9135586401329656,74,5652
DES_ETA,seed1,material,34,0.8269493211256296,0.9052788838347472,74,5652
DES_ETA,seed1,material,35,0.8987934249094082,0.9466995336286146,74,5652
DES_ETA,seed1,material,36,0.8957070826014618,0.9449846875840027,74,5652
DES_ETA,seed1,material,37,0.8829989889319918,0.9378645385601777,74,5652
DES_ETA,seed1,material,38,0.8200365981901199,0.9011209983420997,74,5652
DES_ETA,seed1,material,39,0.8453464643795315,0.9161926832680344,74,5652
DES_ETA,seed1,material,40,0.8626304721840446,0.9262497151918269,74,5652
DES_ETA,seed1,material,41,0.8548594240176314,0.9217511720279083,74,5652
DES_ETA,seed1,material,42,0.8504064410519825,0.9191563779560931,74,5652
DES_ETA,seed1,material,43,0.9463055570271506,0.9724121206051202,74,5652
DES_ETA,seed1,material,44,0.8008045727261596,0.8893853168240864,74,5652
DES_ETA,seed1,material,45,0.860740703763894,0.9251592143094343,74,5652
DES_ETA,seed1,material,46,0.8822166751616808,0.9374230786536827,74,5652
DES_ETA,seed1,material,47,0.9056763681854131,0.9505038560642898,74,5652
DES_ETA,seed1,material,48,0.9085501340801109,0.9520841164783096,74,5652
DES_ETA,seed1,material,49,0.8326408721245965,0.9086787103676331,74,5652
DES_ETA,seed2,material,0,0.8409455157373749,0.9136017427441805,74,5652
DES_ETA,seed2,material,1,0.8989716476595652,0.946798388240841,74,5652
DES_ETA,seed2,material,2,0.8707371576295744,0.9309027236438626,74,5652
DES_ETA,seed2,material,3,0.8691463204283638,0.9299928110809176,74,5652
DES_ETA,seed2,material,4,0.8681363326498599,0.9294143232238848,74,5652
DES_ETA,seed2,material,5,0.8754861494406253,0.9336098266593376,74,5652
DES_ETA,seed2,material,6,0.9172314213092995,0.9568291142265043,74,5652
DES_ETA,seed2,material,7,0.8306392779174284,0.9074854756338236,74,5652
DES_ETA,seed2,material,8,0.8945701432835519,0.9443515685654564,74,5652
DES_ETA,seed2,material,9,0.886345954875499,0.9397490980746412,74,5652
DES_ETA,seed2,material,10,0.9015420304136545,0.9482220387393029,74,5652
DES_ETA,seed2,material,11,0.8816747432343691,0.937117051078528,74,5652
DES_ETA,seed2,material,12,0.8172879018779767,0.8994589146093971,74,5652
DES_ETA,seed2,material,13,0.8955078342576727,0.9448737885152297,74,5652
DES_ETA,seed2,material,14,0.9213087032364746,0.9590428666507529,74,5652
DES_ETA,seed2,material,15,0.8164768078399908,0.8989675005109258,74,5652
DES_ETA,seed2,material,16,0.9038462816759452,0.949495020028922,74,5652
DES_ETA,seed2,material,17,0.8464768752386753,0.9168561887667939,74,5652
DES_ETA,seed2,material,18,0.9173977153203413,0.9569195874076347,74,5652
DES_ETA,seed2,material,19,0.8843432218213418,0.9386222335510257,74,5652
DES_ETA,seed2,material,20,0.8734929298500735,0.9324752881986855,74,5652
DES_ETA,seed2,material,21,0.8426709859032638,0.9146190419774723,74,5652
DES_ETA,seed2,material,22,0.8665780690287878,0.9285205729216385,74,5652
DES_ETA,seed2,material,23,0.881956812963473,0.9372763571281706,74,5652
DES_ETA,seed2,material,24,0.8164603134869846,0.8989575025943276,74,5652
DES_ETA,seed2,material,25,0.8690179278058279,0.9299193066874745,74,5652
DES_ETA,seed2,material,26,0.8967333477595577,0.9455555245219777,74,5652
DES_ETA,seed2,material,27,0.867586186194716,0.9290989541558548,74,5652
DES_ETA,seed2,material,28,0.8620696800727119,0.9259263380939096,74,5652
DES_ETA,seed2,material,29,0.8752862575875611,0.9334961572358156,74,5652
DES_ETA,seed2,material,30,0.798605564378879,0.8880274588215957,74,5652
DES_ETA,seed2,material,31,0.8551063933976418,0.9218947187514219,74,5652
DES_ETA,seed2,material,32,0.8917451459490698,0.9427751384573423,74,5652
DES_ETA,seed2,material,33,0.8650487885232995,0.9276419939751005,74,5652
DES_ETA,seed2,material,34,0.844820052362551,0.9158834231887715,74,5652
DES_ETA,seed2,material,35,0.8971849194251986,0.9458065054586499,74,5652
DES_ETA,seed2,material,36,0.904196954761113,0.9496884789152991,74,5652
DES_ETA,seed2,material,37,0.8872804819139585,0.9402741038408193,74,5652
DES_ETA,seed2,material,38,0.8436911273605947,0.9152195992486143,74,5652
DES_ETA,seed2,material,39,0.8453664650501023,0.916204429917556,74,5652
DES_ETA,seed2,material,40,0.8573239800449147,0.9231819426831311,74,5652
DES_ETA,seed2,material,41,0.8614296201986493,0.9255570136535366,74,5652
DES_ETA,seed2,material,42,0.8504323549893156,0.9191715143720841,74,5652
DES_ETA,seed2,material,43,0.9467337538517211,0.972638145281609,74,5652
DES_ETA,seed2,material,44,0.8055519526650419,0.8923054819619298,74,5652
DES_ETA,seed2,material,45,0.8831753943811169,0.9379640335321628,74,5652
DES_ETA,seed2,material,46,0.8970901802361928,0.9457538598660636,74,5652
DES_ETA,seed2,material,47,0.8981417396591627,0.9463379060622062,74,5652
DES_ETA,seed2,material,48,0.9001517148833266,0.9474524669085151,74,5652
DES_ETA,seed2,material,49,0.8686034365838968,0.9296819427581077,74,5652
DES_ETA,seed3,material,0,0.8227761053083654,0.9027725379022056,74,5652
DES_ETA,seed3,material,1,0.8975717233334305,0.9460213938650837,74,5652
DES_ETA,seed3,material,2,0.8605176222981207,0.9250303377779405,74,5652
DES_ETA,seed3,material,3,0.8690138554597254,0.9299169751162408,74,5652
DES_ETA,seed3,material,4,0.8576345753201202,0.92336198595176,74,5652
DES_ETA,seed3,material,5,0.8594705693256375,0.9244250309778619,74,5652
DES_ETA,seed3,material,6,0.9075328941460762,0.951525288954287,74,5652
DES_ETA,seed3,material,7,0.8040335007566284,0.8913731373828804,74,5652
DES_ETA,seed3,material,8,0.8806816630419063,0.936555803513763,74,5652
DES_ETA,seed3,material,9,0.870776474187256,0.9309251919746938,74,5652
DES_ETA,seed3,material,10,0.8939662986711834,0.9440150010043946,74,5652
DES_ETA,seed3,material,11,0.8735150041970874,0.9324878661128636,74,5652
DES_ETA,seed3,material,12,0.806114443931501,0.8926504592663275,74,5652
DES_ETA,seed3,material,13,0.8881359949399251,0.9407542648623495,74,5652
DES_ETA,seed3,material,14,0.905599326291016,0.9504614257537959,74,5652
DES_ETA,seed3,material,15,0.8052674129172881,0.892130891141481,74,5652
DES_ETA,seed3,material,16,0.904274936142849,0.9497314899018499,74,5652
DES_ETA,seed3,material,17,0.8333943450110904,0.9091272123521785,74,5652
DES_ETA,seed3,material,18,0.9099842723862364,0.9528709587219257,74,5652
DES_ETA,seed3,material,19,0.8673412249041651,0.9289584713674153,74,5652
DES_ETA,seed3,material,20,0.8712807453408733,0.9312132853503609,74,5652
DES_ETA,seed3,material,21,0.8462290780160266,0.9167108113424273,74,5652
DES_ETA,seed3,material,22,0.8675916617125037,0.9291020938880807,74,5652
DES_ETA,seed3,material,23,0.8688488785070592,0.9298225110648264,74,5652
DES_ETA,seed3,material,24,0.8067774922030989,0.8930568326035018,74,5652
DES_ETA,seed3,material,25,0.8569213372699582,0.9229484524420427,74,5652
DES_ETA,seed3,material,26,0.887320572445891,0.9402966145766741,74,5652
DES_ETA,seed3,material,27,0.847352720281187,0.917369716111616,74,5652
DES_ETA,seed3,material,28,0.853185450386238,0.9207771949735721,74,5652
DES_ETA,seed3,material,29,0.8651345472844406,0.9276913009241515,74,5652
DES_ETA,seed3,material,30,0.7971486802192973,0.8871260224524385,74,5652
DES_ETA,seed3,material,31,0.8477863331584173,0.9176237727760416,74,5652
DES_ETA,seed3,material,32,0.8681128575232512,0.9294008700033225,74,5652
DES_ETA,seed3,material,33,0.8519552049112329,0.9200602721404035,74,5652
DES_ETA,seed3,material,34,0.8444344456986197,0.915656772370429,74,5652
DES_ETA,seed3,material,35,0.8949611728840202,0.944569404049521,74,5652
DES_ETA,seed3,material,36,0.8866230640424385,0.93990482883495,74,5652
DES_ETA,seed3,material,37,0.8767180956806382,0.9343098440820167,74,5652
DES_ETA,seed3,material,38,0.8311987182954949,0.907819244291724,74,5652
DES_ETA,seed3,material,39,0.8352764710705721,0.9102459321383117,74,5652
DES_ETA,seed3,material,40,0.8502750387765493,0.9190796189292739,74,5652
DES_ETA,seed3,material,41,0.8479199869698427,0.9177020573928999,74,5652
DES_ETA,seed3,material,42,0.8460675452809913,0.916616022467597,74,5652
DES_ETA,seed3,material,43,0.9449735534597054,0.9717083831590337,74,5652
DES_ETA,seed3,material,44,0.7952046255813164,0.8859208741441563,74,5652
DES_ETA,seed3,material,45,0.8742737471489372,0.9329200160636556,74,5652
DES_ETA,seed3,material,46,0.8822080064355466,0.9374181848330763,74,5652
DES_ETA,seed3,material,47,0.900279810513154,0.9475234179013261,74,5652
DES_ETA,seed3,material,48,0.9027434233310302,0.9488861317419728,74,5652
DES_ETA,seed3,material,49,0.8509769165409423,0.9194894965316217,74,5652
DES_ETA,seed4,material,0,0.8342267844565341,0.9096222904668884,74,5652
DES_ETA,seed4,material,1,0.9010443860651448,0.9479467104186465,74,5652
DES_ETA,seed4,material,2,0.8636972616389014,0.9268643351220914,74,5652
DES_ETA,seed4,material,3,0.8710101761980241,0.9310587267547155,74,5652
DES_ETA,seed4,material,4,0.8743460909317045,0.9329612019486565,74,5652
DES_ETA,seed4,material,5,0.8569146701344017,0.9229445853560725,74,5652
DES_ETA,seed4,material,6,0.9105132399982249,0.9531608794284733,74,5652
DES_ETA,seed4,material,7,0.824606948487169,0.9038735155216557,74,5652
DES_ETA,seed4,material,8,0.8985418330582376,0.9465599518666754,74,5652
DES_ETA,seed4,material,9,0.8820673836245261,0.9373387916917424,74,5652
DES_ETA,seed4,material,10,0.8945834191513472,0.9443589657847461,74,5652
DES_ETA,seed4,material,11,0.8831397484410627,0.9379439302602587,74,5652
DES_ETA,seed4,material,12,0.8102639451088514,0.8951887345468068,74,5652
DES_ETA,seed4,material,13,0.899033975895784,0.9468329553942869,74,5652
DES_ETA,seed4,material,14,0.9141361544593144,0.9551422476710183,74,5652
DES_ETA,seed4,material,15,0.819914479195182,0.9010472619106493,74,5652
DES_ETA,seed4,material,16,0.9011051543582119,0.9479803390069849,74,5652
DES_ETA,seed4,material,17,0.8351909498794192,0.9101951488310197,74,5652
DES_ETA,seed4,material,18,0.9147853455283125,0.9554964974686624,74,5652
DES_ETA,seed4,material,19,0.8806291377679448,0.9365261019119737,74,5652
DES_ETA,seed4,material,20,0.8677935303243276,0.929217835092985,74,5652
DES_ETA,seed4,material,21,0.8395267186353824,0.9127638214009407,74,5652
DES_ETA,seed4,material,22,0.8647472749098345,0.9274686028986393,74,5652
DES_ETA,seed4,material,23,0.8846825828049438,0.9388133480687071,74,5652
DES_ETA,seed4,material,24,0.8102577737343395,0.8951849681196256,74,5652
DES_ETA,seed4,material,25,0.8543604707367245,0.9214610473197727,74,5652
DES_ETA,seed4,material,26,0.9053541946096129,0.9503263982842943,74,5652
DES_ETA,seed4,material,27,0.870737889721186,0.9309031420227025,74,5652
DES_ETA,seed4,material,28,0.8641784034523433,0.9271413099217738,74,5652
DES_ETA,seed4,material,29,0.8735940854921928,0.9325329240273512,74,5652
DES_ETA,seed4,material,30,0.7965603967040179,0.8867616119840925,74,5652
DES_ETA,seed4,material,31,0.8478650283285565,0.9176698680157102,74,5652
DES_ETA,seed4,material,32,0.8882246355797269,0.940803989994572,74,5652
DES_ETA,seed4,material,33,0.8625338456732846,0.9261940100331315,74,5652
DES_ETA,seed4,material,34,0.837759033896003,0.911718041858812,74,5652
DES_ETA,seed4,material,35,0.892555346264527,0.943227734952352,74,5652
DES_ETA,seed4,material,36,0.9004398402616612,0.9476120434706153,74,5652
DES_ETA,seed4,material,37,0.8814030686723942,0.9369635708039461,74,5652
DES_ETA,seed4,material,38,0.8326727752248411,0.9086977080484919,74,5652
DES_ETA,seed4,material,39,0.8393088906913411,0.9126350608525249,74,5652
DES_ETA,seed4,material,40,0.8603636859591092,0.924941389097852,74,5652
DES_ETA,seed4,material,41,0.862611854695174,0.9262389826637766,74,5652
DES_ETA,seed4,material,42,0.8421712439465018,0.9143246011617356,74,5652
DES_ETA,seed4,material,43,0.946597680427414,0.9725663293912584,74,5652
DES_ETA,seed4,material,44,0.7995954732876212,0.8886391249105187,74,5652
DES_ETA,seed4,material,45,0.8769221437501254,0.9344256997235043,74,5652
DES_ETA,seed4,material,46,0.9001248175443624,0.9474375675042696,74,5652
DES_ETA,seed4,material,47,0.9063721272583737,0.95088688540769,74,5652
DES_ETA,seed4,material,48,0.9089938960029543,0.952327713468548,74,5652
DES_ETA,seed4,material,49,0.8719469739646584,0.9315936680812417,74,5652
DES_ETA,lineage_clean,material,0,0.8337061174860458,0.9093126859706735,74,5396
DES_ETA,lineage_clean,material,1,0.897475444615398,0.9459679145384763,74,5396
DES_ETA,lineage_clean,material,2,0.8667021107800382,0.928591772382868,74,5396
DES_ETA,lineage_clean,material,3,0.8574830383779042,0.9232741518078397,74,5396
DES_ETA,lineage_clean,material,4,0.8552937395538242,0.9220035850059107,74,5396
DES_ETA,lineage_clean,material,5,0.8774306423557664,0.9347143085454088,74,5396
DES_ETA,lineage_clean,material,6,0.9113024123980935,0.9535931169099408,74,5396
DES_ETA,lineage_clean,material,7,0.8421242121509491,0.9142968824753094,74,5396
DES_ETA,lineage_clean,material,8,0.8813729912811935,0.9369465761076846,74,5396
DES_ETA,lineage_clean,material,9,0.8137056498563189,0.8972852347025333,74,5396
DES_ETA,lineage_clean,material,10,0.8948312700343906,0.9444970475056068,74,5396
DES_ETA,lineage_clean,material,11,0.8741028871831418,0.9328227315171116,74,5396
DES_ETA,lineage_clean,material,12,0.8120323077462117,0.8962669200486935,74,5396
DES_ETA,lineage_clean,material,13,0.8896761492507229,0.9416175883931107,74,5396
DES_ETA,lineage_clean,material,14,0.9107524294851905,0.9532919235702056,74,5396
DES_ETA,lineage_clean,material,15,0.8119369045828768,0.8962088056479997,74,5396
DES_ETA,lineage_clean,material,16,0.8930908579245281,0.9435266714072663,74,5396
DES_ETA,lineage_clean,material,17,0.8385513211305919,0.9121870153887641,74,5396
DES_ETA,lineage_clean,material,18,0.8824187345913634,0.9375371360006353,74,5396
DES_ETA,lineage_clean,material,19,0.8747388377731985,0.9331847403473084,74,5396
DES_ETA,lineage_clean,material,20,0.8676902092403492,0.9291585991589765,74,5396
DES_ETA,lineage_clean,material,21,0.8404414623565684,0.9133042039603221,74,5396
DES_ETA,lineage_clean,material,22,0.8606589307420832,0.9251119767542009,74,5396
DES_ETA,lineage_clean,material,23,0.8754113967949219,0.9335673210592619,74,5396
DES_ETA,lineage_clean,material,24,0.8110035308824863,0.8956399223443715,74,5396
DES_ETA,lineage_clean,material,25,0.8676009553887022,0.9291074229592361,74,5396
DES_ETA,lineage_clean,material,26,0.8863608175216268,0.9397574517966947,74,5396
DES_ETA,lineage_clean,material,27,0.8577279585885091,0.9234161058115374,74,5396
DES_ETA,lineage_clean,material,28,0.8537547056304616,0.9211086051863586,74,5396
DES_ETA,lineage_clean,material,29,0.8574807008127969,0.9232727967914609,74,5396
DES_ETA,lineage_clean,material,30,0.7955401341087973,0.8861290471835179,74,5396
DES_ETA,lineage_clean,material,31,0.8340394937909316,0.9095109419557642,74,5396
DES_ETA,lineage_clean,material,32,0.886747812954645,0.9399749207245656,74,5396
DES_ETA,lineage_clean,material,33,0.8604033264903398,0.9249642959018944,74,5396
DES_ETA,lineage_clean,material,34,0.8378228493256126,0.9117558306917893,74,5396
DES_ETA,lineage_clean,material,35,0.9018057245243116,0.9483678725910613,74,5396
DES_ETA,lineage_clean,material,36,0.902922134652205,0.9489848462109891,74,5396
DES_ETA,lineage_clean,material,37,0.8845584023362252,0.9387434225860734,74,5396
DES_ETA,lineage_clean,material,38,0.8812831614211808,0.9368958161039741,74,5396
DES_ETA,lineage_clean,material,39,0.8444618987392191,0.9156729117760043,74,5396
DES_ETA,lineage_clean,material,40,0.8537996887655074,0.9211347848850643,74,5396
DES_ETA,lineage_clean,material,41,0.851618251558213,0.9198637471212451,74,5396
DES_ETA,lineage_clean,material,42,0.8529039751628427,0.9206132498991321,74,5396
DES_ETA,lineage_clean,material,43,0.9405011349113364,0.9693384023239017,74,5396
DES_ETA,lineage_clean,material,44,0.8012854719115878,0.8896818237935771,74,5396
DES_ETA,lineage_clean,material,45,0.870646174153398,0.9308507254691583,74,5396
DES_ETA,lineage_clean,material,46,0.8889511951202773,0.9412113954205938,74,5396
DES_ETA,lineage_clean,material,47,0.899287059313924,0.9469732917979989,74,5396
DES_ETA,lineage_clean,material,48,0.8949405417623931,0.9445579130731478,74,5396
DES_ETA,lineage_clean,material,49,0.8569483590763846,0.9229641254026218,74,5396
DES_ETA,strict_multi_material,material,0,0.8530057830515096,0.9206725535921307,73,5641
DES_ETA,strict_multi_material,material,1,0.8677786329033209,0.9292092945237569,73,5641
DES_ETA,strict_multi_material,material,2,0.8750919422196437,0.9333856356758186,73,5641
DES_ETA,strict_multi_material,material,3,0.8815606452279848,0.9370525977611187,73,5641
DES_ETA,strict_multi_material,material,4,0.8745498967934378,0.9330772131373221,73,5641
DES_ETA,strict_multi_material,material,5,0.8505956688928636,0.9192668968059788,73,5641
DES_ETA,strict_multi_material,material,6,0.9145449345816995,0.9553653383241323,73,5641
DES_ETA,strict_multi_material,material,7,0.8187448716914584,0.9003405419145063,73,5641
DES_ETA,strict_multi_material,material,8,0.8826406239030133,0.9376623586005055,73,5641
DES_ETA,strict_multi_material,material,9,0.8848051705690688,0.9388823676687226,73,5641
DES_ETA,strict_multi_material,material,10,0.9177485650936081,0.9571104177035966,73,5641
DES_ETA,strict_multi_material,material,11,0.8770628556721205,0.9345055793116425,73,5641
DES_ETA,strict_multi_material,material,12,0.8290556413564063,0.9065395525546597,73,5641
DES_ETA,strict_multi_material,material,13,0.9171942551506991,0.9568088916254384,73,5641
DES_ETA,strict_multi_material,material,14,0.8808163157761341,0.9366319383641226,73,5641
DES_ETA,strict_multi_material,material,15,0.8081564742655363,0.8939010376232015,73,5641
DES_ETA,strict_multi_material,material,16,0.8839416290445222,0.9383959836301621,73,5641
DES_ETA,strict_multi_material,material,17,0.7955374449045355,0.8861273789217271,73,5641
DES_ETA,strict_multi_material,material,18,0.8850975789302128,0.9390469637465696,73,5641
DES_ETA,strict_multi_material,material,19,0.8863862509673706,0.9397717466534935,73,5641
DES_ETA,strict_multi_material,material,20,0.86006481092595,0.9247686487846682,73,5641
DES_ETA,strict_multi_material,material,21,0.8668863590233276,0.9286975126615036,73,5641
DES_ETA,strict_multi_material,material,22,0.8575318635523904,0.9233024535174595,73,5641
DES_ETA,strict_multi_material,material,23,0.854588287974416,0.9215935348193086,73,5641
DES_ETA,strict_multi_material,material,24,0.8079868183690004,0.8937972447143081,73,5641
DES_ETA,strict_multi_material,material,25,0.8907632854884596,0.9422261288073825,73,5641
DES_ETA,strict_multi_material,material,26,0.8999886221126647,0.9473621174761936,73,5641
DES_ETA,strict_multi_material,material,27,0.8512676226491125,0.9196591700026301,73,5641
DES_ETA,strict_multi_material,material,28,0.8593463309601972,0.9243531628843095,73,5641
DES_ETA,strict_multi_material,material,29,0.855838276358778,0.9223198888191526,73,5641
DES_ETA,strict_multi_material,material,30,0.8049223986753954,0.8919191199201866,73,5641
DES_ETA,strict_multi_material,material,31,0.8579761828091836,0.9235599366101226,73,5641
DES_ETA,strict_multi_material,material,32,0.8828230169780633,0.9377652695100328,73,5641
DES_ETA,strict_multi_material,material,33,0.8634823349238648,0.9267405638799828,73,5641
DES_ETA,strict_multi_material,material,34,0.8627460369544314,0.9263163306631014,73,5641
DES_ETA,strict_multi_material,material,35,0.8874446908836544,0.940366300713347,73,5641
DES_ETA,strict_multi_material,material,36,0.8809472308946605,0.936705949454673,73,5641
DES_ETA,strict_multi_material,material,37,0.8466550197737954,0.9169606783160894,73,5641
DES_ETA,strict_multi_material,material,38,0.8536515134977398,0.9210485436790066,73,5641
DES_ETA,strict_multi_material,material,39,0.827623185674675,0.9056825194184154,73,5641
DES_ETA,strict_multi_material,material,40,0.8515357227901448,0.9198156020526954,73,5641
DES_ETA,strict_multi_material,material,41,0.8577864891593472,0.9234500241709667,73,5641
DES_ETA,strict_multi_material,material,42,0.8830182755491095,0.9378754173712003,73,5641
DES_ETA,strict_multi_material,material,43,0.90317601514048,0.9491250498696658,73,5641
DES_ETA,strict_multi_material,material,44,0.8126378598486328,0.8966356466994388,73,5641
DES_ETA,strict_multi_material,material,45,0.8621548298121895,0.9259754516751364,73,5641
DES_ETA,strict_multi_material,material,46,0.8659705285807231,0.9281717104496708,73,5641
DES_ETA,strict_multi_material,material,47,0.8985719919480694,0.9465766858027551,73,5641
DES_ETA,strict_multi_material,material,48,0.8891110002596525,0.9413009612854374,73,5641
DES_ETA,strict_multi_material,material,49,0.8417426341451596,0.9140719431038772,73,5641
DES_ETA,system_disjoint,material,0,0.8628200179277851,0.9263589714776551,74,5652
DES_ETA,system_disjoint,material,1,0.8757509479417275,0.9337603682436564,74,5652
DES_ETA,system_disjoint,material,2,0.862117912663704,0.9259541587572938,74,5652
DES_ETA,system_disjoint,material,3,0.8871702444067877,0.9402122008188619,74,5652
DES_ETA,system_disjoint,material,4,0.8971784267148842,0.9458028976941513,74,5652
DES_ETA,system_disjoint,material,5,0.8542485524028509,0.921395949098477,74,5652
DES_ETA,system_disjoint,material,6,0.8750423569472157,0.9333574291856374,74,5652
DES_ETA,system_disjoint,material,7,0.8693686530944599,0.9301200719883156,74,5652
DES_ETA,system_disjoint,material,8,0.8723700916370402,0.9318351062468792,74,5652
DES_ETA,system_disjoint,material,9,0.8646812205870887,0.9274306096297219,74,5652
DES_ETA,system_disjoint,material,10,0.8858377127172584,0.9394633554558371,74,5652
DES_ETA,system_disjoint,material,11,0.8688494360376101,0.9298228303289863,74,5652
DES_ETA,system_disjoint,material,12,0.8362851065099011,0.9108445127013743,74,5652
DES_ETA,system_disjoint,material,13,0.8536906250973756,0.9210713088140376,74,5652
DES_ETA,system_disjoint,material,14,0.8688650515494504,0.9298317723145245,74,5652
DES_ETA,system_disjoint,material,15,0.9080753464014263,0.9518233628604127,74,5652
DES_ETA,system_disjoint,material,16,0.845253752355598,0.9161382289851153,74,5652
DES_ETA,system_disjoint,material,17,0.8966546466136047,0.9455117706479068,74,5652
DES_ETA,system_disjoint,material,18,0.8641412253346012,0.9271199130092662,74,5652
DES_ETA,system_disjoint,material,19,0.879726086323726,0.9360151914944694,74,5652
DES_ETA,system_disjoint,material,20,0.8261481961577093,0.9047986334252159,74,5652
DES_ETA,system_disjoint,material,21,0.8922631137478179,0.9430645318457863,74,5652
DES_ETA,system_disjoint,material,22,0.8647697298376282,0.9274815179597823,74,5652
DES_ETA,system_disjoint,material,23,0.8760894912350641,0.9339527728587386,74,5652
DES_ETA,system_disjoint,material,24,0.8845629332537608,0.9387459740880432,74,5652
DES_ETA,system_disjoint,material,25,0.8435820252913434,0.9151554026005773,74,5652
DES_ETA,system_disjoint,material,26,0.904220624667807,0.9497015345325851,74,5652
DES_ETA,system_disjoint,material,27,0.8518820997565346,0.9200176402898768,74,5652
DES_ETA,system_disjoint,material,28,0.8788888382533021,0.9355410712539608,74,5652
DES_ETA,system_disjoint,material,29,0.855897006136859,0.9223539919582614,74,5652
DES_ETA,system_disjoint,material,30,0.8445835046351524,0.915744397055319,74,5652
DES_ETA,system_disjoint,material,31,0.8578229772977285,0.9234711678993909,74,5652
DES_ETA,system_disjoint,material,32,0.8708877771049409,0.9309887934086294,74,5652
DES_ETA,system_disjoint,material,33,0.8206241087379585,0.9014756036673691,74,5652
DES_ETA,system_disjoint,material,34,0.8427382897149255,0.9146586842185803,74,5652
DES_ETA,system_disjoint,material,35,0.9096872774428701,0.9527081090061712,74,5652
DES_ETA,system_disjoint,material,36,0.88709272238614,0.9401686645947667,74,5652
DES_ETA,system_disjoint,material,37,0.8515668106245827,0.9198337383648896,74,5652
DES_ETA,system_disjoint,material,38,0.8785120916671566,0.935327587790492,74,5652
DES_ETA,system_disjoint,material,39,0.8719902963356866,0.931618393580947,74,5652
DES_ETA,system_disjoint,material,40,0.8425555875619544,0.9145510651071461,74,5652
DES_ETA,system_disjoint,material,41,0.8459499516832291,0.916547007043013,74,5652
DES_ETA,system_disjoint,material,42,0.8493070983882798,0.9185138575723562,74,5652
DES_ETA,system_disjoint,material,43,0.9004833412326331,0.9476361320258553,74,5652
DES_ETA,system_disjoint,material,44,0.8750932884858639,0.9333864014760577,74,5652
DES_ETA,system_disjoint,material,45,0.8933943395421604,0.9436960076242661,74,5652
DES_ETA,system_disjoint,material,46,0.8260728001891259,0.9047534141065676,74,5652
DES_ETA,system_disjoint,material,47,0.8688924231440583,0.9298474458816748,74,5652
DES_ETA,system_disjoint,material,48,0.8453037031822169,0.9161675682160015,74,5652
DES_ETA,system_disjoint,material,49,0.8829402506964252,0.9378314052927176,74,5652
DES_ETA,system_disjoint_strict,material,0,0.8657514107075146,0.9280458326216263,57,4951
DES_ETA,system_disjoint_strict,material,1,0.8404018440421402,0.9132808106694087,57,4951
DES_ETA,system_disjoint_strict,material,2,0.8053161980162356,0.8921608291125444,57,4951
DES_ETA,system_disjoint_strict,material,3,0.8551496561168611,0.9219198605322575,57,4951
DES_ETA,system_disjoint_strict,material,4,0.8038963405902942,0.8912888423813011,57,4951
DES_ETA,system_disjoint_strict,material,5,0.8355579354174679,0.9104130349635995,57,4951
DES_ETA,system_disjoint_strict,material,6,0.8219289763177707,0.9022623680742365,57,4951
DES_ETA,system_disjoint_strict,material,7,0.8114731928969383,0.895926250610661,57,4951
DES_ETA,system_disjoint_strict,material,8,0.877045388480434,0.9344956641570058,57,4951
DES_ETA,system_disjoint_strict,material,9,0.8647510610866711,0.927470780558498,57,4951
DES_ETA,system_disjoint_strict,material,10,0.8230352569414492,0.9029285131021278,57,4951
DES_ETA,system_disjoint_strict,material,11,0.9022108065601834,0.9485918211049115,57,4951
DES_ETA,system_disjoint_strict,material,12,0.8366315937934039,0.9110499858770409,57,4951
DES_ETA,system_disjoint_strict,material,13,0.8589833449401862,0.9241431315435744,57,4951
DES_ETA,system_disjoint_strict,material,14,0.8588670386403047,0.9240758169218336,57,4951
DES_ETA,system_disjoint_strict,material,15,0.8007628623337714,0.8893595920742062,57,4951
DES_ETA,system_disjoint_strict,material,16,0.8477264734189286,0.9175887076514561,57,4951
DES_ETA,system_disjoint_strict,material,17,0.8770647401245623,0.9345066489996079,57,4951
DES_ETA,system_disjoint_strict,material,18,0.8843914941244001,0.9386494227786152,57,4951
DES_ETA,system_disjoint_strict,material,19,0.8207667885739294,0.9015616867844725,57,4951
DES_ETA,system_disjoint_strict,material,20,0.8280577378057558,0.9059426523362281,57,4951
DES_ETA,system_disjoint_strict,material,21,0.87302322913653,0.9322075835001753,57,4951
DES_ETA,system_disjoint_strict,material,22,0.8488866526629669,0.9182679224173189,57,4951
DES_ETA,system_disjoint_strict,material,23,0.819371330776459,0.9007191846062268,57,4951
DES_ETA,system_disjoint_strict,material,24,0.8775532521010284,0.9347838748318054,57,4951
DES_ETA,system_disjoint_strict,material,25,0.8621341155362711,0.9259635042860351,57,4951
DES_ETA,system_disjoint_strict,material,26,0.7998289527502852,0.8887832941325691,57,4951
DES_ETA,system_disjoint_strict,material,27,0.8672879374483832,0.9289279066768003,57,4951
DES_ETA,system_disjoint_strict,material,28,0.8535084984199739,0.9209652927381218,57,4951
DES_ETA,system_disjoint_strict,material,29,0.8637301131109174,0.9268832509973118,57,4951
DES_ETA,system_disjoint_strict,material,30,0.8857316723974545,0.9394037183151999,57,4951
DES_ETA,system_disjoint_strict,material,31,0.7972608888272129,0.8871955026489879,57,4951
DES_ETA,system_disjoint_strict,material,32,0.8640009413039488,0.9270391684454224,57,4951
DES_ETA,system_disjoint_strict,material,33,0.8959647429394688,0.945128063457954,57,4951
DES_ETA,system_disjoint_strict,material,34,0.8322452355831381,0.908443061464165,57,4951
DES_ETA,system_disjoint_strict,material,35,0.8088155908482331,0.8943040904119407,57,4951
DES_ETA,system_disjoint_strict,material,36,0.8742093484016507,0.9328833506749792,57,4951
DES_ETA,system_disjoint_strict,material,37,0.8542906578473968,0.9214204409993879,57,4951
DES_ETA,system_disjoint_strict,material,38,0.8195047115653614,0.900799768592325,57,4951
DES_ETA,system_disjoint_strict,material,39,0.8575934517024002,0.9233381512154392,57,4951
DES_ETA,system_disjoint_strict,material,40,0.8756711039710176,0.9337149803258346,57,4951
DES_ETA,system_disjoint_strict,material,41,0.8097696144199332,0.8948869601609266,57,4951
DES_ETA,system_disjoint_strict,material,42,0.8937133105481918,0.9438739280862739,57,4951
DES_ETA,system_disjoint_strict,material,43,0.9058641628880579,0.950607268374629,57,4951
DES_ETA,system_disjoint_strict,material,44,0.7836375920976443,0.8786959812570988,57,4951
DES_ETA,system_disjoint_strict,material,45,0.8272174867229407,0.9054395469983492,57,4951
DES_ETA,system_disjoint_strict,material,46,0.8228732214110178,0.9028309942191838,57,4951
DES_ETA,system_disjoint_strict,material,47,0.8325617476918368,0.9086315904394182,57,4951
DES_ETA,system_disjoint_strict,material,48,0.828668447216568,0.9063080280932188,57,4951
DES_ETA,system_disjoint_strict,material,49,0.8214556400896023,0.9019771022797928,57,4951
DES_MP,primary,material,0,0.902027157020296,0.948490302770867,56,3146
DES_MP,primary,material,1,0.9212319225200344,0.9590012655126783,56,3146
DES_MP,primary,material,2,0.8747075753041166,0.9331669502239257,56,3146
DES_MP,primary,material,3,0.9071992066995449,0.9513418456894971,56,3146
DES_MP,primary,material,4,0.9405003596384234,0.9693379905517444,56,3146
DES_MP,primary,material,5,0.9122124523731502,0.9540911118333628,56,3146
DES_MP,primary,material,6,0.8863579300644796,0.9397558288783319,56,3146
DES_MP,primary,material,7,0.900310069633172,0.9475401767533276,56,3146
DES_MP,primary,material,8,0.9034325770604034,0.949266696334087,56,3146
DES_MP,primary,material,9,0.9324322247416227,0.9650348538006752,56,3146
DES_MP,primary,material,10,0.9183684714928841,0.9574474196588574,56,3146
DES_MP,primary,material,11,0.8566971904958568,0.9228184271308817,56,3146
DES_MP,primary,material,12,0.9000476038228218,0.9473947937009168,56,3146
DES_MP,primary,material,13,0.9076594110150248,0.9515948242900221,56,3146
DES_MP,primary,material,14,0.9175372705336494,0.9569955010869743,56,3146
DES_MP,primary,material,15,0.8793335531140609,0.9357929587932944,56,3146
DES_MP,primary,material,16,0.9105971019320538,0.9532068283901722,56,3146
DES_MP,primary,material,17,0.9110074619848283,0.9534316114481618,56,3146
DES_MP,primary,material,18,0.9154916756951569,0.9558816541062889,56,3146
DES_MP,primary,material,19,0.9389008841103218,0.9684877569604524,56,3146
DES_MP,primary,material,20,0.9259382016250373,0.9615450805677607,56,3146
DES_MP,primary,material,21,0.941364283534148,0.9697966440594504,56,3146
DES_MP,primary,material,22,0.9169859480588559,0.9566955344533411,56,3146
DES_MP,primary,material,23,0.9179132945117398,0.9571999914056813,56,3146
DES_MP,primary,material,24,0.8563473613869761,0.9226154320031498,56,3146
DES_MP,primary,material,25,0.9114604913795638,0.9536796554154597,56,3146
DES_MP,primary,material,26,0.9038634521925903,0.9495044942972702,56,3146
DES_MP,primary,material,27,0.8789150373511634,0.935555913789727,56,3146
DES_MP,primary,material,28,0.8688477231994572,0.9298218494891543,56,3146
DES_MP,primary,material,29,0.896240604022872,0.9452815240022798,56,3146
DES_MP,primary,material,30,0.8908949550442264,0.9422997852605611,56,3146
DES_MP,primary,material,31,0.9237720651114698,0.9603757969715018,56,3146
DES_MP,primary,material,32,0.9170761356632201,0.9567446160357674,56,3146
DES_MP,primary,material,33,0.9089416345815697,0.9522990311653033,56,3146
DES_MP,primary,material,34,0.9195940695799871,0.9581130554140512,56,3146
DES_MP,primary,material,35,0.9093711528439155,0.9525347143633666,56,3146
DES_MP,primary,material,36,0.8852572132486428,0.93913680003715,56,3146
DES_MP,primary,material,37,0.9140848887604208,0.9551142628291588,56,3146
DES_MP,primary,material,38,0.9190059722932733,0.9577937594378947,56,3146
DES_MP,primary,material,39,0.9156010214027275,0.9559412541263577,56,3146
DES_MP,primary,material,40,0.9329485138745188,0.9653112922335013,56,3146
DES_MP,primary,material,41,0.8996774809858321,0.9471897098226875,56,3146
DES_MP,primary,material,42,0.9184346533446215,0.9574833854709742,56,3146
DES_MP,primary,material,43,0.8813540009165473,0.936935845659216,56,3146
DES_MP,primary,material,44,0.8534775467169462,0.920947273657246,56,3146
DES_MP,primary,material,45,0.9075188634260215,0.9515175769177576,56,3146
DES_MP,primary,material,46,0.8532983796673874,0.9208429565675543,56,3146
DES_MP,primary,material,47,0.9305273842079881,0.9640136595003476,56,3146
DES_MP,primary,material,48,0.9113028389174572,0.9535933504222806,56,3146
DES_MP,primary,material,49,0.8857506584046656,0.939414396550184,56,3146
DES_MP,primary,row,0,0.9223913678818368,0.9596291195358023,56,3146
DES_MP,primary,row,1,0.9205480945706965,0.9586306088069805,56,3146
DES_MP,primary,row,2,0.9422427659651356,0.9702626082346798,56,3146
DES_MP,primary,row,3,0.9416619289817995,0.9699545682245556,56,3146
DES_MP,primary,row,4,0.9417162076960455,0.9699833621036148,56,3146
DES_MP,primary,row,5,0.9361911196859467,0.9670441209727254,56,3146
DES_MP,primary,row,6,0.9325941736978177,0.965121582575607,56,3146
DES_MP,primary,row,7,0.9079093815810566,0.9517321842913581,56,3146
DES_MP,primary,row,8,0.9331587531964194,0.9654238190769069,56,3146
DES_MP,primary,row,9,0.9460752575764954,0.972290515377777,56,3146
DES_MP,primary,row,10,0.909131975859095,0.9524034874016423,56,3146
DES_MP,primary,row,11,0.917232467181187,0.9568296832879625,56,3146
DES_MP,primary,row,12,0.9326037194980051,0.9651266941991082,56,3146
DES_MP,primary,row,13,0.9212230918949912,0.9589964807120305,56,3146
DES_MP,primary,row,14,0.9250527046529099,0.9610674060165002,56,3146
DES_MP,primary,row,15,0.9319388890808289,0.9647705673798238,56,3146
DES_MP,primary,row,16,0.921539583034106,0.9591679413431571,56,3146
DES_MP,primary,row,17,0.9179118108477218,0.9571991847132976,56,3146
DES_MP,primary,row,18,0.9337838051056566,0.9657582224447652,56,3146
DES_MP,primary,row,19,0.9351543007693652,0.9664906828334806,56,3146
DES_MP,primary,row,20,0.9166305927040632,0.9565020992499573,56,3146
DES_MP,primary,row,21,0.9595454812768257,0.9793551519422685,56,3146
DES_MP,primary,row,22,0.9209132320654149,0.9588285578888177,56,3146
DES_MP,primary,row,23,0.8940378735293624,0.9440549062130489,56,3146
DES_MP,primary,row,24,0.9185793993718813,0.9575620374873333,56,3146
DES_MP,primary,row,25,0.9156902307138148,0.9559898735534241,56,3146
DES_MP,primary,row,26,0.9126578525710577,0.9543346723976094,56,3146
DES_MP,primary,row,27,0.9291010839967354,0.9632476926214901,56,3146
DES_MP,primary,row,28,0.9358460303122454,0.9668599833441265,56,3146
DES_MP,primary,row,29,0.9312163996194655,0.9643832765742419,56,3146
DES_MP,primary,row,30,0.934983337375432,0.9663993682174261,56,3146
DES_MP,primary,row,31,0.9099577394156039,0.9528564120942558,56,3146
DES_MP,primary,row,32,0.9541512120658339,0.97653774812764,56,3146
DES_MP,primary,row,33,0.9235629577361374,0.96026278112892,56,3146
DES_MP,primary,row,34,0.9289854091592862,0.963185522034786,56,3146
DES_MP,primary,row,35,0.924943357878909,0.9610083892526605,56,3146
DES_MP,primary,row,36,0.9486237926454716,0.9736346197001016,56,3146
DES_MP,primary,row,37,0.9300954387082369,0.9637818110494326,56,3146
DES_MP,primary,row,38,0.9447570167853522,0.9715938892427993,56,3146
DES_MP,primary,row,39,0.952246448448964,0.9755391786785037,56,3146
DES_MP,primary,row,40,0.9074991905600688,0.9515067634640665,56,3146
DES_MP,primary,row,41,0.9456958391844297,0.9720901079593546,56,3146
DES_MP,primary,row,42,0.9462720649973725,0.9723944375666205,56,3146
DES_MP,primary,row,43,0.9238848522016742,0.9604367445841572,56,3146
DES_MP,primary,row,44,0.932212660021237,0.9649172467496316,56,3146
DES_MP,primary,row,45,0.9052450926232486,0.9502662897578771,56,3146
DES_MP,primary,row,46,0.9148363880800061,0.9555243401210968,56,3146
DES_MP,primary,row,47,0.9522105345764513,0.9755203321685194,56,3146
DES_MP,primary,row,48,0.9633332492423728,0.9813242348074243,56,3146
DES_MP,primary,row,49,0.9469636397286619,0.9727594500538647,56,3146
DES_MP,seed1,material,0,0.9087586386587535,0.9521985862993343,56,3146
DES_MP,seed1,material,1,0.9228171751463462,0.9598595093432223,56,3146
DES_MP,seed1,material,2,0.8856580040931058,0.9393622832673276,56,3146
DES_MP,seed1,material,3,0.9111704109093829,0.9535208432573264,56,3146
DES_MP,seed1,material,4,0.9368297224449971,0.9673847025254969,56,3146
DES_MP,seed1,material,5,0.9207382970808652,0.958733731170146,56,3146
DES_MP,seed1,material,6,0.8790089386855505,0.935609108172158,56,3146
DES_MP,seed1,material,7,0.9047006284197574,0.9499662203296966,56,3146
DES_MP,seed1,material,8,0.9031496696119949,0.949110502482051,56,3146
DES_MP,seed1,material,9,0.9340470719621802,0.9658990057719187,56,3146
DES_MP,seed1,material,10,0.9111277324057254,0.9534974737233276,56,3146
DES_MP,seed1,material,11,0.8651719433708753,0.92771280036228,56,3146
DES_MP,seed1,material,12,0.901793915534562,0.9483613425917214,56,3146
DES_MP,seed1,material,13,0.9149009302269723,0.955559544397453,56,3146
DES_MP,seed1,material,14,0.9116054355155114,0.9537589908240396,56,3146
DES_MP,seed1,material,15,0.8798611960649714,0.93609166241289,56,3146
DES_MP,seed1,material,16,0.9027049304010151,0.9488648670403776,56,3146
DES_MP,seed1,material,17,0.9219318633609989,0.9593803827662867,56,3146
DES_MP,seed1,material,18,0.9131011828997916,0.9545769884640962,56,3146
DES_MP,seed1,material,19,0.9372746250516103,0.9676218466203682,56,3146
DES_MP,seed1,material,20,0.9337221907443496,0.9657252683074719,56,3146
DES_MP,seed1,material,21,0.9392619460021152,0.9686798092835786,56,3146
DES_MP,seed1,material,22,0.9287137319356075,0.9630394770960378,56,3146
DES_MP,seed1,material,23,0.9165754552203363,0.9564720791177653,56,3146
DES_MP,seed1,material,24,0.8522372852307216,0.9202247379709385,56,3146
DES_MP,seed1,material,25,0.9169022897915142,0.9566500021148581,56,3146
DES_MP,seed1,material,26,0.903080708791455,0.949072422015095,56,3146
DES_MP,seed1,material,27,0.8757926842540946,0.9337840920329123,56,3146
DES_MP,seed1,material,28,0.8747625524369137,0.9331982349443154,56,3146
DES_MP,seed1,material,29,0.8935383497836639,0.9437763432525678,56,3146
DES_MP,seed1,material,30,0.8840816141816082,0.9384748596101854,56,3146
DES_MP,seed1,material,31,0.9325071881055902,0.9650750008539052,56,3146
DES_MP,seed1,material,32,0.9221716964974414,0.9595102229190158,56,3146
DES_MP,seed1,material,33,0.9113140340326858,0.9535994795265561,56,3146
DES_MP,seed1,material,34,0.9170135262105424,0.9567105434287148,56,3146
DES_MP,seed1,material,35,0.9016753277587971,0.9482957627908637,56,3146
DES_MP,seed1,material,36,0.8853967350041282,0.9392153052627298,56,3146
DES_MP,seed1,material,37,0.9162053127209,0.9562705067547713,56,3146
DES_MP,seed1,material,38,0.9207148482031594,0.9587210189628032,56,3146
DES_MP,seed1,material,39,0.9074285791902013,0.9514679491438154,56,3146
DES_MP,seed1,material,40,0.9368471007208712,0.9673939676210765,56,3146
DES_MP,seed1,material,41,0.8983271900568706,0.9464408398743509,56,3146
DES_MP,seed1,material,42,0.9139852720678702,0.9550598799335589,56,3146
DES_MP,seed1,material,43,0.8780594384949154,0.9350709785826543,56,3146
DES_MP,seed1,material,44,0.8548661541125747,0.9217550842870053,56,3146
DES_MP,seed1,material,45,0.9050184034629217,0.9501413758710038,56,3146
DES_MP,seed1,material,46,0.8545988235143603,0.9215996609929296,56,3146
DES_MP,seed1,material,47,0.9425595313937143,0.970430523400704,56,3146
DES_MP,seed1,material,48,0.9152594975631406,0.9557550804239957,56,3146
DES_MP,seed1,material,49,0.8961499979826464,0.9452311251072744,56,3146
DES_MP,seed2,material,0,0.904785476307515,0.9500129936537204,56,3146
DES_MP,seed2,material,1,0.9255786745715457,0.9613511894313986,56,3146
DES_MP,seed2,material,2,0.8729062311377189,0.932140879906691,56,3146
DES_MP,seed2,material,3,0.9114297587292987,0.9536628323033006,56,3146
DES_MP,seed2,material,4,0.9406380130143838,0.9694110974908662,56,3146
DES_MP,seed2,material,5,0.9256838295586356,0.9614079064794362,56,3146
DES_MP,seed2,material,6,0.8829056654757738,0.9378118953746742,56,3146
DES_MP,seed2,material,7,0.8991362698207824,0.946889682545668,56,3146
DES_MP,seed2,material,8,0.8999465017276217,0.9473387812859996,56,3146
DES_MP,seed2,material,9,0.9347794434677458,0.9662904437234674,56,3146
DES_MP,seed2,material,10,0.9261247454038356,0.9616456541704023,56,3146
DES_MP,seed2,material,11,0.8555138776582045,0.9221314784645278,56,3146
DES_MP,seed2,material,12,0.8973087761179578,0.9458753234188078,56,3146
DES_MP,seed2,material,13,0.9083799438165877,0.9519906628235778,56,3146
DES_MP,seed2,material,14,0.9191273779203969,0.9578596902894283,56,3146
DES_MP,seed2,material,15,0.8780166912671354,0.9350467387749574,56,3146
DES_MP,seed2,material,16,0.9099520584316286,0.9528532974579923,56,3146
DES_MP,seed2,material,17,0.9138729037205077,0.9549985288406225,56,3146
DES_MP,seed2,material,18,0.9090056018403473,0.9523341376935033,56,3146
DES_MP,seed2,material,19,0.9398098442883525,0.9689711051375094,56,3146
DES_MP,seed2,material,20,0.9243513333233675,0.9606887446348028,56,3146
DES_MP,seed2,material,21,0.9385450150680782,0.9682983967593016,56,3146
DES_MP,seed2,material,22,0.9229584504995365,0.9599359260828283,56,3146
DES_MP,seed2,material,23,0.9174065941582928,0.9569244175474612,56,3146
DES_MP,seed2,material,24,0.851190200091404,0.9196139867738883,56,3146
DES_MP,seed2,material,25,0.9194942196440176,0.9580588576240086,56,3146
DES_MP,seed2,material,26,0.9073044921021974,0.9513997328262802,56,3146
DES_MP,seed2,material,27,0.8778743466083907,0.9349660143064529,56,3146
DES_MP,seed2,material,28,0.8704174142336938,0.930719964014345,56,3146
DES_MP,seed2,material,29,0.8898430300960136,0.941711047875553,56,3146
DES_MP,seed2,material,30,0.8882786308803756,0.9408342776894444,56,3146
DES_MP,seed2,material,31,0.9258925293624499,0.9615204537596483,56,3146
DES_MP,seed2,material,32,0.8967745760989491,0.9455784439533388,56,3146
DES_MP,seed2,material,33,0.9074412788069797,0.9514749302002566,56,3146
DES_MP,seed2,material,34,0.9145122110260616,0.9553474830394932,56,3146
DES_MP,seed2,material,35,0.917176402061631,0.9567991772435207,56,3146
DES_MP,seed2,material,36,0.862047929770919,0.9259137920010186,56,3146
DES_MP,seed2,material,37,0.9252269232868924,0.9611614216440265,56,3146
DES_MP,seed2,material,38,0.9219243301464972,0.9593763039320328,56,3146
DES_MP,seed2,material,39,0.9137122309936361,0.9549107919106722,56,3146
DES_MP,seed2,material,40,0.9351787914560148,0.9665037624274426,56,3146
DES_MP,seed2,material,41,0.9002367616174834,0.9474995745805918,56,3146
DES_MP,seed2,material,42,0.9160985521467944,0.9562123525644323,56,3146
DES_MP,seed2,material,43,0.8887619897078055,0.9411053320120004,56,3146
DES_MP,seed2,material,44,0.852956015884752,0.9206435647394268,56,3146
DES_MP,seed2,material,45,0.9167383936537359,0.9565607875222092,56,3146
DES_MP,seed2,material,46,0.8421768358109711,0.914327896692094,56,3146
DES_MP,seed2,material,47,0.9178090614801373,0.9571433151658857,56,3146
DES_MP,seed2,material,48,0.8971073718951567,0.9457634134845745,56,3146
DES_MP,seed2,material,49,0.8944716512694685,0.9442966862767158,56,3146
DES_MP,seed3,material,0,0.9151307241510509,0.9556848653835,56,3146
DES_MP,seed3,material,1,0.9248682273104545,0.9609678358115328,56,3146
DES_MP,seed3,material,2,0.8819546002563456,0.9372751076314088,56,3146
DES_MP,seed3,material,3,0.9082004193267141,0.9518920655589855,56,3146
DES_MP,seed3,material,4,0.9473036874831715,0.9729388318547597,56,3146
DES_MP,seed3,material,5,0.9116046250556296,0.9537585472509525,56,3146
DES_MP,seed3,material,6,0.8797022966484416,0.9360017256104585,56,3146
DES_MP,seed3,material,7,0.9058651592692616,0.95060781699434,56,3146
DES_MP,seed3,material,8,0.9078909511428228,0.9517220579079722,56,3146
DES_MP,seed3,material,9,0.9404997287773796,0.9693376554810915,56,3146
DES_MP,seed3,material,10,0.9148607856343779,0.9555376479562632,56,3146
DES_MP,seed3,material,11,0.8642163292877579,0.927163136284661,56,3146
DES_MP,seed3,material,12,0.9162945299529763,0.9563190998363504,56,3146
DES_MP,seed3,material,13,0.9101509705620452,0.952962341289957,56,3146
DES_MP,seed3,material,14,0.906052557861532,0.9507109907588955,56,3146
DES_MP,seed3,material,15,0.8860648892011047,0.9395910970766463,56,3146
DES_MP,seed3,material,16,0.9102559199357192,0.9530198654914779,56,3146
DES_MP,seed3,material,17,0.9190219386231665,0.9578024306304009,56,3146
DES_MP,seed3,material,18,0.9248171860553475,0.9609402833217997,56,3146
DES_MP,seed3,material,19,0.936815885634363,0.9673773254162761,56,3146
DES_MP,seed3,material,20,0.9296787082830953,0.9635580309742485,56,3146
DES_MP,seed3,material,21,0.9482296143151776,0.9734269588633575,56,3146
DES_MP,seed3,material,22,0.9203714124200677,0.9585347984952641,56,3146
DES_MP,seed3,material,23,0.9199275521874456,0.9582940263962957,56,3146
DES_MP,seed3,material,24,0.8659929966968516,0.9281846161586002,56,3146
DES_MP,seed3,material,25,0.9173150244099936,0.956874600919872,56,3146
DES_MP,seed3,material,26,0.915872905465674,0.9560894178865805,56,3146
DES_MP,seed3,material,27,0.8808658056163947,0.9366599179867791,56,3146
DES_MP,seed3,material,28,0.8798804349865111,0.9361025505782494,56,3146
DES_MP,seed3,material,29,0.9032320433421998,0.9491559859995478,56,3146
DES_MP,seed3,material,30,0.9020475420629065,0.9485015722420602,56,3146
DES_MP,seed3,material,31,0.9363102958556063,0.9671076974177577,56,3146
DES_MP,seed3,material,32,0.9206077669270861,0.9586629636513763,56,3146
DES_MP,seed3,material,33,0.9181315271898675,0.957318634489016,56,3146
DES_MP,seed3,material,34,0.9219998540943065,0.9594171946790032,56,3146
DES_MP,seed3,material,35,0.8951155977723664,0.9446554065879036,56,3146
DES_MP,seed3,material,36,0.904890128109902,0.9500706783627099,56,3146
DES_MP,seed3,material,37,0.9125342635544013,0.9542671009286674,56,3146
DES_MP,seed3,material,38,0.9317154924146472,0.9646508464349494,56,3146
DES_MP,seed3,material,39,0.9221273978334046,0.9594862430792193,56,3146
DES_MP,seed3,material,40,0.9420270820261495,0.9701482443214097,56,3146
DES_MP,seed3,material,41,0.9059439797223572,0.9506512146850485,56,3146
DES_MP,seed3,material,42,0.9145725308459182,0.9553803954784951,56,3146
DES_MP,seed3,material,43,0.8870043676906191,0.9401190403985823,56,3146
DES_MP,seed3,material,44,0.8760654222960961,0.9339390960299127,56,3146
DES_MP,seed3,material,45,0.9159500872530963,0.9561314705920099,56,3146
DES_MP,seed3,material,46,0.8619223083101161,0.9258413248105913,56,3146
DES_MP,seed3,material,47,0.9434169522785166,0.9708847616796058,56,3146
DES_MP,seed3,material,48,0.9073811659745901,0.9514418849899434,56,3146
DES_MP,seed3,material,49,0.8980268638803126,0.9462741344391647,56,3146
DES_MP,seed4,material,0,0.9001290714149253,0.9474399239043766,56,3146
DES_MP,seed4,material,1,0.9234481268340622,0.9602007082499595,56,3146
DES_MP,seed4,material,2,0.8634462654842008,0.9267197895398841,56,3146
DES_MP,seed4,material,3,0.8970363364355608,0.9457239370765544,56,3146
DES_MP,seed4,material,4,0.9336317797123003,0.9656769086110208,56,3146
DES_MP,seed4,material,5,0.9048911089292626,0.9500712189663177,56,3146
DES_MP,seed4,material,6,0.8769686078290916,0.9344520778569616,56,3146
DES_MP,seed4,material,7,0.8921476861752847,0.9430000551158225,56,3146
DES_MP,seed4,material,8,0.8897090304869478,0.9416360044145886,56,3146
DES_MP,seed4,material,9,0.9339840506104776,0.9658653082642104,56,3146
DES_MP,seed4,material,10,0.91133151696409,0.9536090509422727,56,3146
DES_MP,seed4,material,11,0.8447526245678638,0.915843797501845,56,3146
DES_MP,seed4,material,12,0.9011160085320798,0.947986345376013,56,3146
DES_MP,seed4,material,13,0.8988174186725856,0.9467128433032025,56,3146
DES_MP,seed4,material,14,0.9112716190429485,0.9535762577788491,56,3146
DES_MP,seed4,material,15,0.8664743411921446,0.9284610262991505,56,3146
DES_MP,seed4,material,16,0.8928247384435324,0.9433781377748699,56,3146
DES_MP,seed4,material,17,0.9115224070634226,0.9537135465377561,56,3146
DES_MP,seed4,material,18,0.9083702834477263,0.9519853576913112,56,3146
DES_MP,seed4,material,19,0.9294873934306522,0.9634552644347806,56,3146
DES_MP,seed4,material,20,0.9348902291056678,0.9663496306328309,56,3146
DES_MP,seed4,material,21,0.9281853314173683,0.9627553081062792,56,3146
DES_MP,seed4,material,22,0.9137476304833587,0.9549301234171319,56,3146
DES_MP,seed4,material,23,0.9101039965926248,0.952936592160564,56,3146
DES_MP,seed4,material,24,0.846303847815161,0.9167546813235987,56,3146
DES_MP,seed4,material,25,0.9069811523270952,0.951221936535978,56,3146
DES_MP,seed4,material,26,0.9112881116756434,0.95358528743917,56,3146
DES_MP,seed4,material,27,0.87112923386674,0.9311267421828769,56,3146
DES_MP,seed4,material,28,0.8662114365509809,0.9283100720375612,56,3146
DES_MP,seed4,material,29,0.8821825309487792,0.9374038027056649,56,3146
DES_MP,seed4,material,30,0.883650507184717,0.9382319106588527,56,3146
DES_MP,seed4,material,31,0.9274377871247517,0.9623530194541362,56,3146
DES_MP,seed4,material,32,0.9146533894551825,0.9554245112902117,56,3146
DES_MP,seed4,material,33,0.8869585057730865,0.9400932803338988,56,3146
DES_MP,seed4,material,34,0.9114124645995773,0.9536533652253957,56,3146
DES_MP,seed4,material,35,0.9021823901333309,0.9485761142706128,56,3146
DES_MP,seed4,material,36,0.8668289402205708,0.9286645621833489,56,3146
DES_MP,seed4,material,37,0.9138703254000928,0.9549971210395867,56,3146
DES_MP,seed4,material,38,0.9100704370478687,0.9529181954718262,56,3146
DES_MP,seed4,material,39,0.9161407670833164,0.9562353484893851,56,3146
DES_MP,seed4,material,40,0.9276484339010298,0.9624664099394149,56,3146
DES_MP,seed4,material,41,0.8893043579693141,0.9414093120762898,56,3146
DES_MP,seed4,material,42,0.9073673213430183,0.9514342740276388,56,3146
DES_MP,seed4,material,43,0.8822347182478056,0.9374332645070836,56,3146
DES_MP,seed4,material,44,0.8531777565133446,0.9207727143439852,56,3146
DES_MP,seed4,material,45,0.907166592221022,0.9513239125739574,56,3146
DES_MP,seed4,material,46,0.8385676961601095,0.9121967038923585,56,3146
DES_MP,seed4,material,47,0.9315886005567338,0.9645828312387285,56,3146
DES_MP,seed4,material,48,0.9048312274977703,0.9500382127674137,56,3146
DES_MP,seed4,material,49,0.8880087141881606,0.9406828554496395,56,3146
DES_MP,strict_multi_material,material,0,0.902027157020296,0.948490302770867,56,3146
DES_MP,strict_multi_material,material,1,0.9212319225200344,0.9590012655126783,56,3146
DES_MP,strict_multi_material,material,2,0.8747075753041166,0.9331669502239257,56,3146
DES_MP,strict_multi_material,material,3,0.9071992066995449,0.9513418456894971,56,3146
DES_MP,strict_multi_material,material,4,0.9405003596384234,0.9693379905517444,56,3146
DES_MP,strict_multi_material,material,5,0.9122124523731502,0.9540911118333628,56,3146
DES_MP,strict_multi_material,material,6,0.8863579300644796,0.9397558288783319,56,3146
DES_MP,strict_multi_material,material,7,0.900310069633172,0.9475401767533276,56,3146
DES_MP,strict_multi_material,material,8,0.9034325770604034,0.949266696334087,56,3146
DES_MP,strict_multi_material,material,9,0.9324322247416227,0.9650348538006752,56,3146
DES_MP,strict_multi_material,material,10,0.9183684714928841,0.9574474196588574,56,3146
DES_MP,strict_multi_material,material,11,0.8566971904958568,0.9228184271308817,56,3146
DES_MP,strict_multi_material,material,12,0.9000476038228218,0.9473947937009168,56,3146
DES_MP,strict_multi_material,material,13,0.9076594110150248,0.9515948242900221,56,3146
DES_MP,strict_multi_material,material,14,0.9175372705336494,0.9569955010869743,56,3146
DES_MP,strict_multi_material,material,15,0.8793335531140609,0.9357929587932944,56,3146
DES_MP,strict_multi_material,material,16,0.9105971019320538,0.9532068283901722,56,3146
DES_MP,strict_multi_material,material,17,0.9110074619848283,0.9534316114481618,56,3146
DES_MP,strict_multi_material,material,18,0.9154916756951569,0.9558816541062889,56,3146
DES_MP,strict_multi_material,material,19,0.9389008841103218,0.9684877569604524,56,3146
DES_MP,strict_multi_material,material,20,0.9259382016250373,0.9615450805677607,56,3146
DES_MP,strict_multi_material,material,21,0.941364283534148,0.9697966440594504,56,3146
DES_MP,strict_multi_material,material,22,0.9169859480588559,0.9566955344533411,56,3146
DES_MP,strict_multi_material,material,23,0.9179132945117398,0.9571999914056813,56,3146
DES_MP,strict_multi_material,material,24,0.8563473613869761,0.9226154320031498,56,3146
DES_MP,strict_multi_material,material,25,0.9114604913795638,0.9536796554154597,56,3146
DES_MP,strict_multi_material,material,26,0.9038634521925903,0.9495044942972702,56,3146
DES_MP,strict_multi_material,material,27,0.8789150373511634,0.935555913789727,56,3146
DES_MP,strict_multi_material,material,28,0.8688477231994572,0.9298218494891543,56,3146
DES_MP,strict_multi_material,material,29,0.896240604022872,0.9452815240022798,56,3146
DES_MP,strict_multi_material,material,30,0.8908949550442264,0.9422997852605611,56,3146
DES_MP,strict_multi_material,material,31,0.9237720651114698,0.9603757969715018,56,3146
DES_MP,strict_multi_material,material,32,0.9170761356632201,0.9567446160357674,56,3146
DES_MP,strict_multi_material,material,33,0.9089416345815697,0.9522990311653033,56,3146
DES_MP,strict_multi_material,material,34,0.9195940695799871,0.9581130554140512,56,3146
DES_MP,strict_multi_material,material,35,0.9093711528439155,0.9525347143633666,56,3146
DES_MP,strict_multi_material,material,36,0.8852572132486428,0.93913680003715,56,3146
DES_MP,strict_multi_material,material,37,0.9140848887604208,0.9551142628291588,56,3146
DES_MP,strict_multi_material,material,38,0.9190059722932733,0.9577937594378947,56,3146
DES_MP,strict_multi_material,material,39,0.9156010214027275,0.9559412541263577,56,3146
DES_MP,strict_multi_material,material,40,0.9329485138745188,0.9653112922335013,56,3146
DES_MP,strict_multi_material,material,41,0.8996774809858321,0.9471897098226875,56,3146
DES_MP,strict_multi_material,material,42,0.9184346533446215,0.9574833854709742,56,3146
DES_MP,strict_multi_material,material,43,0.8813540009165473,0.936935845659216,56,3146
DES_MP,strict_multi_material,material,44,0.8534775467169462,0.920947273657246,56,3146
DES_MP,strict_multi_material,material,45,0.9075188634260215,0.9515175769177576,56,3146
DES_MP,strict_multi_material,material,46,0.8532983796673874,0.9208429565675543,56,3146
DES_MP,strict_multi_material,material,47,0.9305273842079881,0.9640136595003476,56,3146
DES_MP,strict_multi_material,material,48,0.9113028389174572,0.9535933504222806,56,3146
DES_MP,strict_multi_material,material,49,0.8857506584046656,0.939414396550184,56,3146
DES_MP,system_disjoint,material,0,0.6817283728125246,0.8107473047771696,56,3146
DES_MP,system_disjoint,material,1,0.6851747123521292,0.8131794375145562,56,3146
DES_MP,system_disjoint,material,2,0.7002010964078259,0.8236685623685414,56,3146
DES_MP,system_disjoint,material,3,0.6541126385797387,0.7908924982779597,56,3146
DES_MP,system_disjoint,material,4,0.6334890540468874,0.7756269348453239,56,3146
DES_MP,system_disjoint,material,5,0.6934782673865502,0.8189987208477807,56,3146
DES_MP,system_disjoint,material,6,0.6696920349610795,0.8021743183037824,56,3146
DES_MP,system_disjoint,material,7,0.7150698333089921,0.8338667259156006,56,3146
DES_MP,system_disjoint,material,8,0.684737269957856,0.8128712793004037,56,3146
DES_MP,system_disjoint,material,9,0.6778058371240175,0.8079669555636628,56,3146
DES_MP,system_disjoint,material,10,0.6292143575351842,0.7724144519412581,56,3146
DES_MP,system_disjoint,material,11,0.688752333295959,0.8156937162617712,56,3146
DES_MP,system_disjoint,material,12,0.6781117186420471,0.8081842360183089,56,3146
DES_MP,system_disjoint,material,13,0.6911647799004511,0.8173831292077121,56,3146
DES_MP,system_disjoint,material,14,0.7238818437958383,0.8398276789108855,56,3146
DES_MP,system_disjoint,material,15,0.6764850814252533,0.8070278571762104,56,3146
DES_MP,system_disjoint,material,16,0.6032363756750728,0.7525233145001078,56,3146
DES_MP,system_disjoint,material,17,0.6351562782378279,0.7768753197368046,56,3146
DES_MP,system_disjoint,material,18,0.6791552883454917,0.8089249315525524,56,3146
DES_MP,system_disjoint,material,19,0.6906198438936111,0.8170019373522402,56,3146
DES_MP,system_disjoint,material,20,0.7033177793831296,0.8258209805545995,56,3146
DES_MP,system_disjoint,material,21,0.6977749149641137,0.8219875424167906,56,3146
DES_MP,system_disjoint,material,22,0.6558870670613939,0.7921881632004752,56,3146
DES_MP,system_disjoint,material,23,0.7009961517427292,0.82421838641379,56,3146
DES_MP,system_disjoint,material,24,0.6789839203799511,0.8088033627222568,56,3146
DES_MP,system_disjoint,material,25,0.5981374240817168,0.7485431666496442,56,3146
DES_MP,system_disjoint,material,26,0.6712876710586357,0.803317923877731,56,3146
DES_MP,system_disjoint,material,27,0.646570287609859,0.7853540082378292,56,3146
DES_MP,system_disjoint,material,28,0.7130288139740439,0.8324773152179422,56,3146
DES_MP,system_disjoint,material,29,0.7042311510592363,0.8264502742148954,56,3146
DES_MP,system_disjoint,material,30,0.7184492233041297,0.836159967441737,56,3146
DES_MP,system_disjoint,material,31,0.7051216412549407,0.8270631539647612,56,3146
DES_MP,system_disjoint,material,32,0.6640365547183403,0.7981033263187383,56,3146
DES_MP,system_disjoint,material,33,0.7010864087535047,0.82428077156555,56,3146
DES_MP,system_disjoint,material,34,0.6944255318476014,0.819658956732551,56,3146
DES_MP,system_disjoint,material,35,0.6933884781953942,0.8189361001609302,56,3146
DES_MP,system_disjoint,material,36,0.6401768959746091,0.7806193314218218,56,3146
DES_MP,system_disjoint,material,37,0.6911914389452912,0.8174017713528063,56,3146
DES_MP,system_disjoint,material,38,0.7132153277156833,0.8326044206791557,56,3146
DES_MP,system_disjoint,material,39,0.7030640257091963,0.8256460298565977,56,3146
DES_MP,system_disjoint,material,40,0.6908864609942106,0.8171884711738502,56,3146
DES_MP,system_disjoint,material,41,0.6935761672936277,0.819066990535156,56,3146
DES_MP,system_disjoint,material,42,0.6610607921116517,0.7959501485448548,56,3146
DES_MP,system_disjoint,material,43,0.6765554348313507,0.8070779179447858,56,3146
DES_MP,system_disjoint,material,44,0.618025014533409,0.7639251667708354,56,3146
DES_MP,system_disjoint,material,45,0.704932830810651,0.8269332586850051,56,3146
DES_MP,system_disjoint,material,46,0.6540681899150025,0.7908600067432686,56,3146
DES_MP,system_disjoint,material,47,0.6974699811404872,0.8217759240394634,56,3146
DES_MP,system_disjoint,material,48,0.7076414450603051,0.8287939451309286,56,3146
DES_MP,system_disjoint,material,49,0.699973346628287,0.8235109662355687,56,3146
DES_MP,system_disjoint_strict,material,0,0.6084642922367665,0.7565779298595711,50,3049
DES_MP,system_disjoint_strict,material,1,0.609836375460055,0.7576377136909674,50,3049
DES_MP,system_disjoint_strict,material,2,0.6062234056220935,0.7548431974035417,50,3049
DES_MP,system_disjoint_strict,material,3,0.6685702268836149,0.8013689997721009,50,3049
DES_MP,system_disjoint_strict,material,4,0.5980678393833277,0.7484886744408972,50,3049
DES_MP,system_disjoint_strict,material,5,0.6157570658408439,0.7621901569966553,50,3049
DES_MP,system_disjoint_strict,material,6,0.6081530453883965,0.7563372741572829,50,3049
DES_MP,system_disjoint_strict,material,7,0.6229082267346114,0.767644425572899,50,3049
DES_MP,system_disjoint_strict,material,8,0.6339586346713757,0.775978805361714,50,3049
DES_MP,system_disjoint_strict,material,9,0.6117995945635464,0.7591509473350048,50,3049
DES_MP,system_disjoint_strict,material,10,0.6424885423780015,0.7823354937353828,50,3049
DES_MP,system_disjoint_strict,material,11,0.6243119864257582,0.7687094494691687,50,3049
DES_MP,system_disjoint_strict,material,12,0.5709524580718388,0.7268869979332365,50,3049
DES_MP,system_disjoint_strict,material,13,0.615507903004617,0.7619992472458464,50,3049
DES_MP,system_disjoint_strict,material,14,0.6312371548552189,0.7739367056180677,50,3049
DES_MP,system_disjoint_strict,material,15,0.596864290037397,0.7475454160521293,50,3049
DES_MP,system_disjoint_strict,material,16,0.5898854420149576,0.7420477305174393,50,3049
DES_MP,system_disjoint_strict,material,17,0.5908440865650597,0.7428057740602431,50,3049
DES_MP,system_disjoint_strict,material,18,0.5635912178705338,0.7208933018159219,50,3049
DES_MP,system_disjoint_strict,material,19,0.5885656028845894,0.7410025771876784,50,3049
DES_MP,system_disjoint_strict,material,20,0.6223680161842075,0.7672340800307571,50,3049
DES_MP,system_disjoint_strict,material,21,0.5903989940302807,0.742453932939346,50,3049
DES_MP,system_disjoint_strict,material,22,0.6359882422669664,0.777497326491401,50,3049
DES_MP,system_disjoint_strict,material,23,0.6681567745669686,0.8010719193229465,50,3049
DES_MP,system_disjoint_strict,material,24,0.6853254438066042,0.8132855838913534,50,3049
DES_MP,system_disjoint_strict,material,25,0.6472602322179749,0.7858627550869276,50,3049
DES_MP,system_disjoint_strict,material,26,0.5859962838385009,0.7389629973410099,50,3049
DES_MP,system_disjoint_strict,material,27,0.5627361058931494,0.7201933887251286,50,3049
DES_MP,system_disjoint_strict,material,28,0.6510552978121666,0.7886535341062021,50,3049
DES_MP,system_disjoint_strict,material,29,0.6338813006303362,0.7759208706113359,50,3049
DES_MP,system_disjoint_strict,material,30,0.6728934434379746,0.8044665917933265,50,3049
DES_MP,system_disjoint_strict,material,31,0.6277082572902882,0.7712785807639257,50,3049
DES_MP,system_disjoint_strict,material,32,0.6031804547052461,0.7524798009293898,50,3049
DES_MP,system_disjoint_strict,material,33,0.6542864939141437,0.7910195680387399,50,3049
DES_MP,system_disjoint_strict,material,34,0.6857643890091742,0.8135945847239536,50,3049
DES_MP,system_disjoint_strict,material,35,0.6319539974880296,0.7744752590584771,50,3049
DES_MP,system_disjoint_strict,material,36,0.5914282097468272,0.74326721887243,50,3049
DES_MP,system_disjoint_strict,material,37,0.5680497391850577,0.7245302556286038,50,3049
DES_MP,system_disjoint_strict,material,38,0.6890727344853506,0.8159183680095417,50,3049
DES_MP,system_disjoint_strict,material,39,0.6359918883875993,0.7775000510722827,50,3049
DES_MP,system_disjoint_strict,material,40,0.6403338772511178,0.7807360271363699,50,3049
DES_MP,system_disjoint_strict,material,41,0.6073198851970669,0.755692616995908,50,3049
DES_MP,system_disjoint_strict,material,42,0.6257590339353869,0.7698053904343325,50,3049
DES_MP,system_disjoint_strict,material,43,0.6282422863586374,0.7716815754289537,50,3049
DES_MP,system_disjoint_strict,material,44,0.6543888059326849,0.7910943347610043,50,3049
DES_MP,system_disjoint_strict,material,45,0.5997066826430214,0.7497708037978452,50,3049
DES_MP,system_disjoint_strict,material,46,0.6158198969381425,0.7622382891869014,50,3049
DES_MP,system_disjoint_strict,material,47,0.622913957541963,0.7676487772468449,50,3049
DES_MP,system_disjoint_strict,material,48,0.6115943440759389,0.7589929144689531,50,3049
DES_MP,system_disjoint_strict,material,49,0.6285497122187844,0.7719134485154029,50,3049
IL_CELL,primary,material,0,0.8765874879539027,0.9342356736159114,17,595
IL_CELL,primary,material,1,0.851164565528966,0.9195990258010882,17,595
IL_CELL,primary,material,2,0.9203313108552335,0.9585130499646514,17,595
IL_CELL,primary,material,3,0.8222082673900685,0.9024306190507076,17,595
IL_CELL,primary,material,4,0.8735350190550281,0.9324992702785143,17,595
IL_CELL,primary,material,5,0.8948075103767361,0.9444838121829331,17,595
IL_CELL,primary,material,6,0.9244076749618177,0.9607191729581508,17,595
IL_CELL,primary,material,7,0.8715077694243769,0.9313429349987985,17,595
IL_CELL,primary,material,8,0.8819758553422635,0.9372871100749207,17,595
IL_CELL,primary,material,9,0.8694638057569504,0.9301745271338938,17,595
IL_CELL,primary,material,10,0.9229249481620251,0.9599178054704398,17,595
IL_CELL,primary,material,11,0.9113541084689318,0.9536214188996738,17,595
IL_CELL,primary,material,12,0.9307904937989187,0.964154833772302,17,595
IL_CELL,primary,material,13,0.8804008630324955,0.936396999534116,17,595
IL_CELL,primary,material,14,0.9367389390656784,0.9673362993543982,17,595
IL_CELL,primary,material,15,0.8901350971917286,0.9418745765995756,17,595
IL_CELL,primary,material,16,0.8576680565484524,0.9233813904751097,17,595
IL_CELL,primary,material,17,0.8814806576292656,0.9370074085587077,17,595
IL_CELL,primary,material,18,0.8726368403520507,0.931987261542924,17,595
IL_CELL,primary,material,19,0.8269531433150016,0.9052811741131984,17,595
IL_CELL,primary,material,20,0.9453740345083147,0.9719200706277075,17,595
IL_CELL,primary,material,21,0.8622151747518656,0.9260102553581147,17,595
IL_CELL,primary,material,22,0.9493196544714735,0.9740010082942155,17,595
IL_CELL,primary,material,23,0.9404743556843107,0.969324178832192,17,595
IL_CELL,primary,material,24,0.935425040357504,0.9666352567028026,17,595
IL_CELL,primary,material,25,0.8826758276354056,0.9376822230134273,17,595
IL_CELL,primary,material,26,0.9069007582753501,0.9511777205391374,17,595
IL_CELL,primary,material,27,0.9399538422861917,0.9690476358741374,17,595
IL_CELL,primary,material,28,0.9272191461428166,0.9622352994972841,17,595
IL_CELL,primary,material,29,0.9458623406921984,0.9721780630748302,17,595
IL_CELL,primary,material,30,0.9100654781617424,0.9529154770522259,17,595
IL_CELL,primary,material,31,0.8743728775784353,0.9329764509909754,17,595
IL_CELL,primary,material,32,0.8835036646330753,0.9381491326221447,17,595
IL_CELL,primary,material,33,0.9103252033889897,0.9530578372457612,17,595
IL_CELL,primary,material,34,0.8842786117976611,0.9385858399719683,17,595
IL_CELL,primary,material,35,0.7991179856892324,0.8883441686934108,17,595
IL_CELL,primary,material,36,0.8548789947404148,0.9217625485699705,17,595
IL_CELL,primary,material,37,0.8764887354957662,0.9341795864969036,17,595
IL_CELL,primary,material,38,0.9106659849340316,0.9532445671978336,17,595
IL_CELL,primary,material,39,0.8774105169231206,0.9347028889143592,17,595
IL_CELL,primary,material,40,0.8614894645169087,0.9255915555132956,17,595
IL_CELL,primary,material,41,0.8630837114345431,0.9265109303864647,17,595
IL_CELL,primary,material,42,0.924619740042128,0.9608336865773693,17,595
IL_CELL,primary,material,43,0.9363067299353238,0.9671057952337936,17,595
IL_CELL,primary,material,44,0.8956781910210103,0.9449686083465453,17,595
IL_CELL,primary,material,45,0.9124707622779982,0.9542323786337297,17,595
IL_CELL,primary,material,46,0.7933426465380733,0.8847641559961423,17,595
IL_CELL,primary,material,47,0.9459577722597063,0.9722284684124783,17,595
IL_CELL,primary,material,48,0.8196025351210411,0.900858862637846,17,595
IL_CELL,primary,material,49,0.837291879291058,0.9114413324617072,17,595
IL_CELL,primary,row,0,0.8862428253950116,0.9396911293321073,17,595
IL_CELL,primary,row,1,0.9193298351332593,0.9579696186710193,17,595
IL_CELL,primary,row,2,0.9526921872944236,0.9757730311959079,17,595
IL_CELL,primary,row,3,0.9064358100740012,0.9509219301108454,17,595
IL_CELL,primary,row,4,0.8721796201513379,0.9317264334720566,17,595
IL_CELL,primary,row,5,0.9588035974433875,0.9789685894949439,17,595
IL_CELL,primary,row,6,0.9524291343683218,0.9756350359691447,17,595
IL_CELL,primary,row,7,0.8442275500609405,0.9155351247551247,17,595
IL_CELL,primary,row,8,0.9125505303210548,0.9542759951736987,17,595
IL_CELL,primary,row,9,0.9692602887225418,0.98439022436318,17,595
IL_CELL,primary,row,10,0.8512546431484572,0.919651595526281,17,595
IL_CELL,primary,row,11,0.944353846579221,0.9713806447737486,17,595
IL_CELL,primary,row,12,0.8839377643230931,0.938393805849203,17,595
IL_CELL,primary,row,13,0.9315655318959993,0.9645704652656407,17,595
IL_CELL,primary,row,14,0.9288792170253218,0.9631284414560911,17,595
IL_CELL,primary,row,15,0.9101031259306056,0.9529361148887726,17,595
IL_CELL,primary,row,16,0.9011430294802175,0.9480012976473366,17,595
IL_CELL,primary,row,17,0.9326461813453691,0.9651494312281497,17,595
IL_CELL,primary,row,18,0.967077454016305,0.9832632182751752,17,595
IL_CELL,primary,row,19,0.9486534016355399,0.97365021490155,17,595
IL_CELL,primary,row,20,0.8102587196918638,0.895185545444889,17,595
IL_CELL,primary,row,21,0.9468932220903001,0.9727222955490691,17,595
IL_CELL,primary,row,22,0.8953774183952719,0.9448011880961907,17,595
IL_CELL,primary,row,23,0.9508615163455658,0.9748119057950959,17,595
IL_CELL,primary,row,24,0.9133295793044185,0.9547017818398594,17,595
IL_CELL,primary,row,25,0.9107739479831644,0.9533037112469456,17,595
IL_CELL,primary,row,26,0.9078620972534979,0.9517062040914062,17,595
IL_CELL,primary,row,27,0.8513727974977603,0.9197205432081976,17,595
IL_CELL,primary,row,28,0.9728831804907148,0.9862552330632468,17,595
IL_CELL,primary,row,29,0.9278714856843308,0.9625864509894622,17,595
IL_CELL,primary,row,30,0.8779358538149796,0.9350008968958924,17,595
IL_CELL,primary,row,31,0.9427736924893773,0.9705440176939519,17,595
IL_CELL,primary,row,32,0.8799107590063145,0.9361197118435759,17,595
IL_CELL,primary,row,33,0.802382686066165,0.8903577384194977,17,595
IL_CELL,primary,row,34,0.9163925971344099,0.9563725079137705,17,595
IL_CELL,primary,row,35,0.9056571137813542,0.9504932521509899,17,595
IL_CELL,primary,row,36,0.875996723733437,0.9339000571281473,17,595
IL_CELL,primary,row,37,0.9858273195705117,0.9928630851787488,17,595
IL_CELL,primary,row,38,0.9345008559253174,0.9661415791706368,17,595
IL_CELL,primary,row,39,0.9010912957059539,0.9479726699514884,17,595
IL_CELL,primary,row,40,0.9649512961320532,0.9821630673813956,17,595
IL_CELL,primary,row,41,0.7909676132616401,0.8832852223621854,17,595
IL_CELL,primary,row,42,0.9193977181973023,0.9580064720101891,17,595
IL_CELL,primary,row,43,0.9213750517933132,0.9590788127839475,17,595
IL_CELL,primary,row,44,0.8582736460705087,0.9237322478155008,17,595
IL_CELL,primary,row,45,0.9074053880972816,0.9514552006193683,17,595
IL_CELL,primary,row,46,0.8993682628892139,0.9470183117845137,17,595
IL_CELL,primary,row,47,0.8900194568436234,0.9418098354711931,17,595
IL_CELL,primary,row,48,0.8838916008375374,0.9383677919096601,17,595
IL_CELL,primary,row,49,0.9320309039668286,0.9648198712072267,17,595
IL_CELL,seed1,material,0,0.8705444947660328,0.9307926084644357,17,595
IL_CELL,seed1,material,1,0.8409101852518528,0.9135808927438889,17,595
IL_CELL,seed1,material,2,0.9149119805064815,0.9555655714937805,17,595
IL_CELL,seed1,material,3,0.8318286435444863,0.9081948210340725,17,595
IL_CELL,seed1,material,4,0.8573609294192578,0.9232033643426852,17,595
IL_CELL,seed1,material,5,0.9043388791412101,0.9497667553256437,17,595
IL_CELL,seed1,material,6,0.9234399370062547,0.9601962808815816,17,595
IL_CELL,seed1,material,7,0.8677973859529453,0.9292200454710428,17,595
IL_CELL,seed1,material,8,0.8770303777996012,0.9344871432797197,17,595
IL_CELL,seed1,material,9,0.8627588816067908,0.9263237342479738,17,595
IL_CELL,seed1,material,10,0.9146111184234439,0.9554014490175592,17,595
IL_CELL,seed1,material,11,0.9114792845097504,0.9536899425447066,17,595
IL_CELL,seed1,material,12,0.9273261657637023,0.9622929239859613,17,595
IL_CELL,seed1,material,13,0.8817699620809638,0.9371708336824066,17,595
IL_CELL,seed1,material,14,0.9312109992281239,0.9643803806008924,17,595
IL_CELL,seed1,material,15,0.8802739911711331,0.9363252327102098,17,595
IL_CELL,seed1,material,16,0.8668164839471046,0.9286574137317993,17,595
IL_CELL,seed1,material,17,0.885508112827798,0.9392779662981707,17,595
IL_CELL,seed1,material,18,0.8687302601009043,0.9297545811175512,17,595
IL_CELL,seed1,material,19,0.8204923611326626,0.9013961043178161,17,595
IL_CELL,seed1,material,20,0.9471059693756734,0.9728345393336313,17,595
IL_CELL,seed1,material,21,0.8650257384131699,0.9276287405547169,17,595
IL_CELL,seed1,material,22,0.9562474729732842,0.9776344620856089,17,595
IL_CELL,seed1,material,23,0.9445036817828882,0.9714599058170834,17,595
IL_CELL,seed1,material,24,0.9325941730187736,0.965121582211988,17,595
IL_CELL,seed1,material,25,0.8872765704073069,0.940271907488172,17,595
IL_CELL,seed1,material,26,0.9047122125818317,0.9499726064710815,17,595
IL_CELL,seed1,material,27,0.930359273041198,0.9639234375013072,17,595
IL_CELL,seed1,material,28,0.924801460718693,0.9609317943611551,17,595
IL_CELL,seed1,material,29,0.9378429315138553,0.967924609639241,17,595
IL_CELL,seed1,material,30,0.9063523429054052,0.950875997586118,17,595
IL_CELL,seed1,material,31,0.8706755033252573,0.9308674880037402,17,595
IL_CELL,seed1,material,32,0.8624221356122375,0.926129602007476,17,595
IL_CELL,seed1,material,33,0.9117166593776658,0.9538198612282461,17,595
IL_CELL,seed1,material,34,0.883993617282594,0.9384252782741751,17,595
IL_CELL,seed1,material,35,0.7891857735741535,0.882173092621503,17,595
IL_CELL,seed1,material,36,0.8575009421039291,0.9232845299477119,17,595
IL_CELL,seed1,material,37,0.874739222530678,0.9331849592925066,17,595
IL_CELL,seed1,material,38,0.9078576460792726,0.9517037583437716,17,595
IL_CELL,seed1,material,39,0.8591406220962594,0.9242341454811978,17,595
IL_CELL,seed1,material,40,0.8676195074590848,0.9291180607119379,17,595
IL_CELL,seed1,material,41,0.8532905308743354,0.9208383862747893,17,595
IL_CELL,seed1,material,42,0.918205781208782,0.9573589968331373,17,595
IL_CELL,seed1,material,43,0.9303674539940119,0.9639278284235908,17,595
IL_CELL,seed1,material,44,0.9042754623705436,0.9497317801331676,17,595
IL_CELL,seed1,material,45,0.9033416591764937,0.9492165054248186,17,595
IL_CELL,seed1,material,46,0.7839539594472045,0.8788948339116656,17,595
IL_CELL,seed1,material,47,0.9441412561926552,0.9712681660196149,17,595
IL_CELL,seed1,material,48,0.8297681339755252,0.9069653346434593,17,595
IL_CELL,seed1,material,49,0.8393244823851213,0.9126442782914929,17,595
IL_CELL,seed2,material,0,0.8825633551850813,0.9376187555699165,17,595
IL_CELL,seed2,material,1,0.8525536007879873,0.9204091049515133,17,595
IL_CELL,seed2,material,2,0.9198227468710634,0.9582371584774636,17,595
IL_CELL,seed2,material,3,0.8269963125347087,0.9053070406993476,17,595
IL_CELL,seed2,material,4,0.872479840422911,0.9318977129557305,17,595
IL_CELL,seed2,material,5,0.9015842567215161,0.9482453943701865,17,595
IL_CELL,seed2,material,6,0.9257147872833604,0.9614246028502305,17,595
IL_CELL,seed2,material,7,0.8789862871172632,0.9355962767198287,17,595
IL_CELL,seed2,material,8,0.8883717411416716,0.9408865021508741,17,595
IL_CELL,seed2,material,9,0.8728666367513811,0.9321183042327346,17,595
IL_CELL,seed2,material,10,0.9286108164577999,0.9629841422992131,17,595
IL_CELL,seed2,material,11,0.9116696816065402,0.9537941521784097,17,595
IL_CELL,seed2,material,12,0.9260381481918533,0.9615989683913678,17,595
IL_CELL,seed2,material,13,0.8943790796783604,0.9442450977976528,17,595
IL_CELL,seed2,material,14,0.9363973669456515,0.9671541419441861,17,595
IL_CELL,seed2,material,15,0.8912127382907254,0.9424775121768711,17,595
IL_CELL,seed2,material,16,0.8691742055399596,0.9300087738894043,17,595
IL_CELL,seed2,material,17,0.8847873704965732,0.9388723463946639,17,595
IL_CELL,seed2,material,18,0.8776626271989142,0.9348459243801492,17,595
IL_CELL,seed2,material,19,0.8305979540636335,0.9074608132493969,17,595
IL_CELL,seed2,material,20,0.9475764267924653,0.9730826618733145,17,595
IL_CELL,seed2,material,21,0.8681726251619724,0.9294351212182022,17,595
IL_CELL,seed2,material,22,0.9527916063194236,0.9758251758519417,17,595
IL_CELL,seed2,material,23,0.9474705958577125,0.973026856346885,17,595
IL_CELL,seed2,material,24,0.937116766935484,0.9675377168078528,17,595
IL_CELL,seed2,material,25,0.8925663460699016,0.9432338770298886,17,595
IL_CELL,seed2,material,26,0.9019466946520253,0.9484458183693132,17,595
IL_CELL,seed2,material,27,0.9336327081475964,0.9656774052420829,17,595
IL_CELL,seed2,material,28,0.9329207520308579,0.9652964313727482,17,595
IL_CELL,seed2,material,29,0.9455213967014443,0.9719979418417489,17,595
IL_CELL,seed2,material,30,0.9181308467885176,0.9573182646280081,17,595
IL_CELL,seed2,material,31,0.8764266707959764,0.9341443334145297,17,595
IL_CELL,seed2,material,32,0.8753437681885312,0.933528863387069,17,595
IL_CELL,seed2,material,33,0.9252578154270431,0.9611780905528343,17,595
IL_CELL,seed2,material,34,0.8865804031582957,0.9398808571042983,17,595
IL_CELL,seed2,material,35,0.8003022957840294,0.8890754598915831,17,595
IL_CELL,seed2,material,36,0.8694990607123503,0.9301947018695351,17,595
IL_CELL,seed2,material,37,0.8853583546665671,0.9391937108138215,17,595
IL_CELL,seed2,material,38,0.9134549349941518,0.9547702621979375,17,595
IL_CELL,seed2,material,39,0.8746989684937925,0.9331620523550619,17,595
IL_CELL,seed2,material,40,0.8662134270777722,0.9283112151155622,17,595
IL_CELL,seed2,material,41,0.8612625830876517,0.9254605888642555,17,595
IL_CELL,seed2,material,42,0.9294160961476197,0.9634169612281601,17,595
IL_CELL,seed2,material,43,0.9436725374636946,0.9710200862282041,17,595
IL_CELL,seed2,material,44,0.8935159866910898,0.9437638688781337,17,595
IL_CELL,seed2,material,45,0.9156872535632956,0.9559882510676638,17,595
IL_CELL,seed2,material,46,0.786814500031892,0.8806896295254472,17,595
IL_CELL,seed2,material,47,0.9451107896613851,0.9717809336977816,17,595
IL_CELL,seed2,material,48,0.8342305534837248,0.9096245310048772,17,595
IL_CELL,seed2,material,49,0.8614050239362363,0.9255428161622329,17,595
IL_CELL,seed3,material,0,0.8712483881991436,0.9311948041677329,17,595
IL_CELL,seed3,material,1,0.847923515684093,0.9177041241019064,17,595
IL_CELL,seed3,material,2,0.9205820171267103,0.9586490021435777,17,595
IL_CELL,seed3,material,3,0.8520658331704324,0.9201247794867375,17,595
IL_CELL,seed3,material,4,0.8721766555614755,0.9317247418619321,17,595
IL_CELL,seed3,material,5,0.8981708555639516,0.9463540681084819,17,595
IL_CELL,seed3,material,6,0.9303353570258444,0.9639106009634041,17,595
IL_CELL,seed3,material,7,0.8651100935508803,0.9276772417266209,17,595
IL_CELL,seed3,material,8,0.8828446026984852,0.937777447414615,17,595
IL_CELL,seed3,material,9,0.8693858971511851,0.9301299410422097,17,595
IL_CELL,seed3,material,10,0.9296035789932783,0.9635176770124725,17,595
IL_CELL,seed3,material,11,0.9114131196345748,0.9536537238049506,17,595
IL_CELL,seed3,material,12,0.934016730052637,0.9658827822313786,17,595
IL_CELL,seed3,material,13,0.8871496495736447,0.9402006351473764,17,595
IL_CELL,seed3,material,14,0.9307963750989472,0.9641579890072528,17,595
IL_CELL,seed3,material,15,0.8863709180365493,0.9397631288327309,17,595
IL_CELL,seed3,material,16,0.8838326684958734,0.9383345806414541,17,595
IL_CELL,seed3,material,17,0.879705606819601,0.9360035993168456,17,595
IL_CELL,seed3,material,18,0.8728767000064429,0.9321240421256137,17,595
IL_CELL,seed3,material,19,0.8353190779447187,0.9102712307444113,17,595
IL_CELL,seed3,material,20,0.9454083837730916,0.9719382230064061,17,595
IL_CELL,seed3,material,21,0.8657763152347814,0.9280601411491665,17,595
IL_CELL,seed3,material,22,0.9596815561066103,0.9794260226781477,17,595
IL_CELL,seed3,material,23,0.9409975216641466,0.969601981621663,17,595
IL_CELL,seed3,material,24,0.9353720518315273,0.9666069642230741,17,595
IL_CELL,seed3,material,25,0.8956808722942873,0.9449701005953295,17,595
IL_CELL,seed3,material,26,0.9100115900903233,0.952885935155283,17,595
IL_CELL,seed3,material,27,0.9391493828452707,0.9686199435210894,17,595
IL_CELL,seed3,material,28,0.9281090273349435,0.9627142595953585,17,595
IL_CELL,seed3,material,29,0.9439751219385967,0.9711802494645438,17,595
IL_CELL,seed3,material,30,0.9067428073483824,0.9510908381076807,17,595
IL_CELL,seed3,material,31,0.8699046887430305,0.9304267687865839,17,595
IL_CELL,seed3,material,32,0.8844492364343178,0.9386819441290322,17,595
IL_CELL,seed3,material,33,0.9188457226241817,0.9577067210672711,17,595
IL_CELL,seed3,material,34,0.8921057875418452,0.9429766489968159,17,595
IL_CELL,seed3,material,35,0.808592331460179,0.8941675991817976,17,595
IL_CELL,seed3,material,36,0.86167342932385,0.9256977252307944,17,595
IL_CELL,seed3,material,37,0.8805815866387009,0.9364992116216854,17,595
IL_CELL,seed3,material,38,0.9156886729626709,0.9559890246117397,17,595
IL_CELL,seed3,material,39,0.881861659349911,0.9372226220439074,17,595
IL_CELL,seed3,material,40,0.8725416751245842,0.9319329836186766,17,595
IL_CELL,seed3,material,41,0.8564351904805177,0.9226664037313782,17,595
IL_CELL,seed3,material,42,0.9220351651819093,0.9594363119726211,17,595
IL_CELL,seed3,material,43,0.9430519102431619,0.97069142133742,17,595
IL_CELL,seed3,material,44,0.9076759752340742,0.9516039275199251,17,595
IL_CELL,seed3,material,45,0.9093342816990546,0.9525144867664216,17,595
IL_CELL,seed3,material,46,0.7936126572063235,0.8849320437361659,17,595
IL_CELL,seed3,material,47,0.9495237306730692,0.974108409898912,17,595
IL_CELL,seed3,material,48,0.8239078914258844,0.9034533983860055,17,595
IL_CELL,seed3,material,49,0.8591325243373107,0.9242294598052381,17,595
IL_CELL,seed4,material,0,0.8732374359085611,0.9323296867436581,17,595
IL_CELL,seed4,material,1,0.8622417220995883,0.9260255657116866,17,595
IL_CELL,seed4,material,2,0.9235806840614974,0.9602723625935207,17,595
IL_CELL,seed4,material,3,0.8414276805386408,0.9138862084363938,17,595
IL_CELL,seed4,material,4,0.8715375315768054,0.9313599293330962,17,595
IL_CELL,seed4,material,5,0.8897721681305661,0.9416713645547677,17,595
IL_CELL,seed4,material,6,0.9235974346378242,0.9602814164822584,17,595
IL_CELL,seed4,material,7,0.86862253846481,0.929692884019731,17,595
IL_CELL,seed4,material,8,0.8864306068576029,0.9397966759394453,17,595
IL_CELL,seed4,material,9,0.8709501685137787,0.9310244422016145,17,595
IL_CELL,seed4,material,10,0.9187030056214233,0.9576291931891531,17,595
IL_CELL,seed4,material,11,0.9114906942952178,0.9536961880228162,17,595
IL_CELL,seed4,material,12,0.9389474526142575,0.9685125312171683,17,595
IL_CELL,seed4,material,13,0.8874149253020656,0.9403495897014187,17,595
IL_CELL,seed4,material,14,0.9383871375274977,0.9682143668415524,17,595
IL_CELL,seed4,material,15,0.8791747578364905,0.9357030304607664,17,595
IL_CELL,seed4,material,16,0.858474033852252,0.9238482951228582,17,595
IL_CELL,seed4,material,17,0.8769744414316,0.9344553895605705,17,595
IL_CELL,seed4,material,18,0.8817388557543152,0.9371532644479095,17,595
IL_CELL,seed4,material,19,0.83850945985089,0.9121622468223756,17,595
IL_CELL,seed4,material,20,0.9443809108843815,0.9713949623737456,17,595
IL_CELL,seed4,material,21,0.8553672798562659,0.9220463130324587,17,595
IL_CELL,seed4,material,22,0.9480575286240599,0.9733362744104237,17,595
IL_CELL,seed4,material,23,0.9446497924105234,0.9715371848414586,17,595
IL_CELL,seed4,material,24,0.9376644667464064,0.9678295523691658,17,595
IL_CELL,seed4,material,25,0.8935088986919169,0.9437599150541887,17,595
IL_CELL,seed4,material,26,0.8939636306353941,0.9440135134331844,17,595
IL_CELL,seed4,material,27,0.9381540529465502,0.9680902831436818,17,595
IL_CELL,seed4,material,28,0.9264519609149867,0.9618220227770014,17,595
IL_CELL,seed4,material,29,0.9460296728870261,0.9722664418405778,17,595
IL_CELL,seed4,material,30,0.914028213663869,0.9550833233688013,17,595
IL_CELL,seed4,material,31,0.8747336949567038,0.93318181383293,17,595
IL_CELL,seed4,material,32,0.8813643300925783,0.9369416821559576,17,595
IL_CELL,seed4,material,33,0.9166533894047928,0.9565145106277718,17,595
IL_CELL,seed4,material,34,0.8925410333663545,0.9432197428012944,17,595
IL_CELL,seed4,material,35,0.7842858256452087,0.879103352582657,17,595
IL_CELL,seed4,material,36,0.8657172543353633,0.9280262079623243,17,595
IL_CELL,seed4,material,37,0.8785047549902757,0.9353234296123178,17,595
IL_CELL,seed4,material,38,0.906093055706579,0.9507332844992659,17,595
IL_CELL,seed4,material,39,0.8869399549502187,0.9400828602133425,17,595
IL_CELL,seed4,material,40,0.8637247891091826,0.9268801854827752,17,595
IL_CELL,seed4,material,41,0.8564456164163536,0.9226724541165063,17,595
IL_CELL,seed4,material,42,0.9175096164711911,0.9569804590181838,17,595
IL_CELL,seed4,material,43,0.9424529888192493,0.9703740520300923,17,595
IL_CELL,seed4,material,44,0.886712636321686,0.9399551571885489,17,595
IL_CELL,seed4,material,45,0.9118627675339568,0.9538998122863556,17,595
IL_CELL,seed4,material,46,0.7864792559396397,0.8804795838796046,17,595
IL_CELL,seed4,material,47,0.9455253833315044,0.9720000483492981,17,595
IL_CELL,seed4,material,48,0.8176699895814654,0.899690256502217,17,595
IL_CELL,seed4,material,49,0.8447100532230903,0.9158187778585659,17,595
IL_CELL,strict_multi_material,material,0,0.8765874879539027,0.9342356736159114,17,595
IL_CELL,strict_multi_material,material,1,0.851164565528966,0.9195990258010882,17,595
IL_CELL,strict_multi_material,material,2,0.9203313108552335,0.9585130499646514,17,595
IL_CELL,strict_multi_material,material,3,0.8222082673900685,0.9024306190507076,17,595
IL_CELL,strict_multi_material,material,4,0.8735350190550281,0.9324992702785143,17,595
IL_CELL,strict_multi_material,material,5,0.8948075103767361,0.9444838121829331,17,595
IL_CELL,strict_multi_material,material,6,0.9244076749618177,0.9607191729581508,17,595
IL_CELL,strict_multi_material,material,7,0.8715077694243769,0.9313429349987985,17,595
IL_CELL,strict_multi_material,material,8,0.8819758553422635,0.9372871100749207,17,595
IL_CELL,strict_multi_material,material,9,0.8694638057569504,0.9301745271338938,17,595
IL_CELL,strict_multi_material,material,10,0.9229249481620251,0.9599178054704398,17,595
IL_CELL,strict_multi_material,material,11,0.9113541084689318,0.9536214188996738,17,595
IL_CELL,strict_multi_material,material,12,0.9307904937989187,0.964154833772302,17,595
IL_CELL,strict_multi_material,material,13,0.8804008630324955,0.936396999534116,17,595
IL_CELL,strict_multi_material,material,14,0.9367389390656784,0.9673362993543982,17,595
IL_CELL,strict_multi_material,material,15,0.8901350971917286,0.9418745765995756,17,595
IL_CELL,strict_multi_material,material,16,0.8576680565484524,0.9233813904751097,17,595
IL_CELL,strict_multi_material,material,17,0.8814806576292656,0.9370074085587077,17,595
IL_CELL,strict_multi_material,material,18,0.8726368403520507,0.931987261542924,17,595
IL_CELL,strict_multi_material,material,19,0.8269531433150016,0.9052811741131984,17,595
IL_CELL,strict_multi_material,material,20,0.9453740345083147,0.9719200706277075,17,595
IL_CELL,strict_multi_material,material,21,0.8622151747518656,0.9260102553581147,17,595
IL_CELL,strict_multi_material,material,22,0.9493196544714735,0.9740010082942155,17,595
IL_CELL,strict_multi_material,material,23,0.9404743556843107,0.969324178832192,17,595
IL_CELL,strict_multi_material,material,24,0.935425040357504,0.9666352567028026,17,595
IL_CELL,strict_multi_material,material,25,0.8826758276354056,0.9376822230134273,17,595
IL_CELL,strict_multi_material,material,26,0.9069007582753501,0.9511777205391374,17,595
IL_CELL,strict_multi_material,material,27,0.9399538422861917,0.9690476358741374,17,595
IL_CELL,strict_multi_material,material,28,0.9272191461428166,0.9622352994972841,17,595
IL_CELL,strict_multi_material,material,29,0.9458623406921984,0.9721780630748302,17,595
IL_CELL,strict_multi_material,material,30,0.9100654781617424,0.9529154770522259,17,595
IL_CELL,strict_multi_material,material,31,0.8743728775784353,0.9329764509909754,17,595
IL_CELL,strict_multi_material,material,32,0.8835036646330753,0.9381491326221447,17,595
IL_CELL,strict_multi_material,material,33,0.9103252033889897,0.9530578372457612,17,595
IL_CELL,strict_multi_material,material,34,0.8842786117976611,0.9385858399719683,17,595
IL_CELL,strict_multi_material,material,35,0.7991179856892324,0.8883441686934108,17,595
IL_CELL,strict_multi_material,material,36,0.8548789947404148,0.9217625485699705,17,595
IL_CELL,strict_multi_material,material,37,0.8764887354957662,0.9341795864969036,17,595
IL_CELL,strict_multi_material,material,38,0.9106659849340316,0.9532445671978336,17,595
IL_CELL,strict_multi_material,material,39,0.8774105169231206,0.9347028889143592,17,595
IL_CELL,strict_multi_material,material,40,0.8614894645169087,0.9255915555132956,17,595
IL_CELL,strict_multi_material,material,41,0.8630837114345431,0.9265109303864647,17,595
IL_CELL,strict_multi_material,material,42,0.924619740042128,0.9608336865773693,17,595
IL_CELL,strict_multi_material,material,43,0.9363067299353238,0.9671057952337936,17,595
IL_CELL,strict_multi_material,material,44,0.8956781910210103,0.9449686083465453,17,595
IL_CELL,strict_multi_material,material,45,0.9124707622779982,0.9542323786337297,17,595
IL_CELL,strict_multi_material,material,46,0.7933426465380733,0.8847641559961423,17,595
IL_CELL,strict_multi_material,material,47,0.9459577722597063,0.9722284684124783,17,595
IL_CELL,strict_multi_material,material,48,0.8196025351210411,0.900858862637846,17,595
IL_CELL,strict_multi_material,material,49,0.837291879291058,0.9114413324617072,17,595
IL_CELL,system_disjoint,material,0,0.9033310952468926,0.9492106733323936,17,595
IL_CELL,system_disjoint,material,1,0.7857780547526113,0.8800399945126073,17,595
IL_CELL,system_disjoint,material,2,0.9201975646831393,0.9584405080057325,17,595
IL_CELL,system_disjoint,material,3,0.7669515682235986,0.8681070630528395,17,595
IL_CELL,system_disjoint,material,4,0.8780509042198786,0.935066139311715,17,595
IL_CELL,system_disjoint,material,5,0.8525400333110673,0.9204011983344966,17,595
IL_CELL,system_disjoint,material,6,0.9314687542358283,0.964518584308507,17,595
IL_CELL,system_disjoint,material,7,0.851346732444408,0.9197053339871569,17,595
IL_CELL,system_disjoint,material,8,0.8192380246654976,0.9006386339315114,17,595
IL_CELL,system_disjoint,material,9,0.9135066040332072,0.9547984857828629,17,595
IL_CELL,system_disjoint,material,10,0.9292612366806942,0.9633337559609023,17,595
IL_CELL,system_disjoint,material,11,0.8682345068401326,0.9294705816226834,17,595
IL_CELL,system_disjoint,material,12,0.8555226113637283,0.9221365518525872,17,595
IL_CELL,system_disjoint,material,13,0.8868810120855141,0.9400497502545436,17,595
IL_CELL,system_disjoint,material,14,0.8769626061061702,0.9344486706908479,17,595
IL_CELL,system_disjoint,material,15,0.8385193173165559,0.912168079409067,17,595
IL_CELL,system_disjoint,material,16,0.8375823461650315,0.9116134010680237,17,595
IL_CELL,system_disjoint,material,17,0.8186593216506874,0.9002888137484042,17,595
IL_CELL,system_disjoint,material,18,0.8975567635650658,0.9460130846138868,17,595
IL_CELL,system_disjoint,material,19,0.9238401165766525,0.9604125713113474,17,595
IL_CELL,system_disjoint,material,20,0.9246983400995923,0.9608761236337372,17,595
IL_CELL,system_disjoint,material,21,0.9110751422759586,0.9534686754294036,17,595
IL_CELL,system_disjoint,material,22,0.9153398820763148,0.9557989061283944,17,595
IL_CELL,system_disjoint,material,23,0.8023971654270581,0.8903666526094862,17,595
IL_CELL,system_disjoint,material,24,0.882734806212685,0.937715501195197,17,595
IL_CELL,system_disjoint,material,25,0.847831484414642,0.917650220342705,17,595
IL_CELL,system_disjoint,material,26,0.9756996531869331,0.9877003841277854,17,595
IL_CELL,system_disjoint,material,27,0.9280489898259345,0.9626819595592531,17,595
IL_CELL,system_disjoint,material,28,0.9386163071087599,0.9683363372802803,17,595
IL_CELL,system_disjoint,material,29,0.9598851432793194,0.9795320369368382,17,595
IL_CELL,system_disjoint,material,30,0.9496718527668612,0.974186349789214,17,595
IL_CELL,system_disjoint,material,31,0.8424217673557277,0.914472225938564,17,595
IL_CELL,system_disjoint,material,32,0.8770604256696963,0.9345041999452728,17,595
IL_CELL,system_disjoint,material,33,0.9509195412026152,0.9748423972589203,17,595
IL_CELL,system_disjoint,material,34,0.9099225603914247,0.952837124668492,17,595
IL_CELL,system_disjoint,material,35,0.780548395895718,0.8767505535877977,17,595
IL_CELL,system_disjoint,material,36,0.8487385041565211,0.9181812379071472,17,595
IL_CELL,system_disjoint,material,37,0.8705898923465766,0.9308185571926277,17,595
IL_CELL,system_disjoint,material,38,0.9063543332876861,0.9508770929532218,17,595
IL_CELL,system_disjoint,material,39,0.9213017454372179,0.9590390969301528,17,595
IL_CELL,system_disjoint,material,40,0.8943087633681236,0.9442059084159253,17,595
IL_CELL,system_disjoint,material,41,0.8829781265155735,0.9378527706527456,17,595
IL_CELL,system_disjoint,material,42,0.8881705383032478,0.9407736433610256,17,595
IL_CELL,system_disjoint,material,43,0.8645824752712221,0.9273738080644139,17,595
IL_CELL,system_disjoint,material,44,0.9034272181459394,0.9492637380965222,17,595
IL_CELL,system_disjoint,material,45,0.9037692479666051,0.949452512621381,17,595
IL_CELL,system_disjoint,material,46,0.8285661297822795,0.9062468305490639,17,595
IL_CELL,system_disjoint,material,47,0.9376230795303249,0.9678075054283545,17,595
IL_CELL,system_disjoint,material,48,0.9457792018993262,0.9721341465425536,17,595
IL_CELL,system_disjoint,material,49,0.8158212712310524,0.8985700125408917,17,595
IL_CELL,system_disjoint_strict,material,0,0.9033310952468926,0.9492106733323936,17,595
IL_CELL,system_disjoint_strict,material,1,0.7857780547526113,0.8800399945126073,17,595
IL_CELL,system_disjoint_strict,material,2,0.9201975646831393,0.9584405080057325,17,595
IL_CELL,system_disjoint_strict,material,3,0.7669515682235986,0.8681070630528395,17,595
IL_CELL,system_disjoint_strict,material,4,0.8780509042198786,0.935066139311715,17,595
IL_CELL,system_disjoint_strict,material,5,0.8525400333110673,0.9204011983344966,17,595
IL_CELL,system_disjoint_strict,material,6,0.9314687542358283,0.964518584308507,17,595
IL_CELL,system_disjoint_strict,material,7,0.851346732444408,0.9197053339871569,17,595
IL_CELL,system_disjoint_strict,material,8,0.8192380246654976,0.9006386339315114,17,595
IL_CELL,system_disjoint_strict,material,9,0.9135066040332072,0.9547984857828629,17,595
IL_CELL,system_disjoint_strict,material,10,0.9292612366806942,0.9633337559609023,17,595
IL_CELL,system_disjoint_strict,material,11,0.8682345068401326,0.9294705816226834,17,595
IL_CELL,system_disjoint_strict,material,12,0.8555226113637283,0.9221365518525872,17,595
IL_CELL,system_disjoint_strict,material,13,0.8868810120855141,0.9400497502545436,17,595
IL_CELL,system_disjoint_strict,material,14,0.8769626061061702,0.9344486706908479,17,595
IL_CELL,system_disjoint_strict,material,15,0.8385193173165559,0.912168079409067,17,595
IL_CELL,system_disjoint_strict,material,16,0.8375823461650315,0.9116134010680237,17,595
IL_CELL,system_disjoint_strict,material,17,0.8186593216506874,0.9002888137484042,17,595
IL_CELL,system_disjoint_strict,material,18,0.8975567635650658,0.9460130846138868,17,595
IL_CELL,system_disjoint_strict,material,19,0.9238401165766525,0.9604125713113474,17,595
IL_CELL,system_disjoint_strict,material,20,0.9246983400995923,0.9608761236337372,17,595
IL_CELL,system_disjoint_strict,material,21,0.9110751422759586,0.9534686754294036,17,595
IL_CELL,system_disjoint_strict,material,22,0.9153398820763148,0.9557989061283944,17,595
IL_CELL,system_disjoint_strict,material,23,0.8023971654270581,0.8903666526094862,17,595
IL_CELL,system_disjoint_strict,material,24,0.882734806212685,0.937715501195197,17,595
IL_CELL,system_disjoint_strict,material,25,0.847831484414642,0.917650220342705,17,595
IL_CELL,system_disjoint_strict,material,26,0.9756996531869331,0.9877003841277854,17,595
IL_CELL,system_disjoint_strict,material,27,0.9280489898259345,0.9626819595592531,17,595
IL_CELL,system_disjoint_strict,material,28,0.9386163071087599,0.9683363372802803,17,595
IL_CELL,system_disjoint_strict,material,29,0.9598851432793194,0.9795320369368382,17,595
IL_CELL,system_disjoint_strict,material,30,0.9496718527668612,0.974186349789214,17,595
IL_CELL,system_disjoint_strict,material,31,0.8424217673557277,0.914472225938564,17,595
IL_CELL,system_disjoint_strict,material,32,0.8770604256696963,0.9345041999452728,17,595
IL_CELL,system_disjoint_strict,material,33,0.9509195412026152,0.9748423972589203,17,595
IL_CELL,system_disjoint_strict,material,34,0.9099225603914247,0.952837124668492,17,595
IL_CELL,system_disjoint_strict,material,35,0.780548395895718,0.8767505535877977,17,595
IL_CELL,system_disjoint_strict,material,36,0.8487385041565211,0.9181812379071472,17,595
IL_CELL,system_disjoint_strict,material,37,0.8705898923465766,0.9308185571926277,17,595
IL_CELL,system_disjoint_strict,material,38,0.9063543332876861,0.9508770929532218,17,595
IL_CELL,system_disjoint_strict,material,39,0.9213017454372179,0.9590390969301528,17,595
IL_CELL,system_disjoint_strict,material,40,0.8943087633681236,0.9442059084159253,17,595
IL_CELL,system_disjoint_strict,material,41,0.8829781265155735,0.9378527706527456,17,595
IL_CELL,system_disjoint_strict,material,42,0.8881705383032478,0.9407736433610256,17,595
IL_CELL,system_disjoint_strict,material,43,0.8645824752712221,0.9273738080644139,17,595
IL_CELL,system_disjoint_strict,material,44,0.9034272181459394,0.9492637380965222,17,595
IL_CELL,system_disjoint_strict,material,45,0.9037692479666051,0.949452512621381,17,595
IL_CELL,system_disjoint_strict,material,46,0.8285661297822795,0.9062468305490639,17,595
IL_CELL,system_disjoint_strict,material,47,0.9376230795303249,0.9678075054283545,17,595
IL_CELL,system_disjoint_strict,material,48,0.9457792018993262,0.9721341465425536,17,595
IL_CELL,system_disjoint_strict,material,49,0.8158212712310524,0.8985700125408917,17,595
