dataset,variant,perm,null_rho
DES_RHO,primary,0,0.09099748804797017
DES_RHO,primary,1,0.18628960375982498
DES_RHO,primary,2,0.2165950895389352
DES_RHO,primary,3,0.059071388056073246
DES_RHO,primary,4,-0.00980471598735919
DES_RHO,primary,5,-0.15711854792966534
DES_RHO,primary,6,0.1673284174702212
DES_RHO,primary,7,0.11093104286524591
DES_RHO,primary,8,-0.06814682764767846
DES_RHO,primary,9,-0.07025362612430111
DES_RHO,primary,10,-0.03541042054938822
DES_RHO,primary,11,-0.30848391540393816
DES_RHO,primary,12,0.06312292358803984
DES_RHO,primary,13,-0.3614780001620614
DES_RHO,primary,14,-0.005266996191556595
DES_RHO,primary,15,-0.104124463171542
DES_RHO,primary,16,-0.35061988493639085
DES_RHO,primary,17,-0.09764200632039544
DES_RHO,primary,18,-0.1093104286524593
DES_RHO,primary,19,-0.09326634794587146
DES_RHO,primary,20,-0.473786565108176
DES_RHO,primary,21,-0.023093752532209726
DES_RHO,primary,22,-0.07398103881371038
DES_RHO,primary,23,-0.17348675147881046
DES_RHO,primary,24,0.041082570294141474
DES_RHO,primary,25,-0.15971153067012395
DES_RHO,primary,26,0.11384814844826188
DES_RHO,primary,27,0.1898549550279556
DES_RHO,primary,28,0.30718742403370874
DES_RHO,primary,29,-0.31820760068065795
DES_RHO,primary,30,-0.2812575966291224
DES_RHO,primary,31,0.16360100478081194
DES_RHO,primary,32,-0.26537557734381323
DES_RHO,primary,33,0.07592577586905438
DES_RHO,primary,34,-0.058909326634794604
DES_RHO,primary,35,-0.11141722712908189
DES_RHO,primary,36,-0.3624503686897334
DES_RHO,primary,37,-0.154363503767928
DES_RHO,primary,38,-0.2222672392836885
DES_RHO,primary,39,0.07430516165626773
DES_RHO,primary,40,-0.22275342354752453
DES_RHO,primary,41,-0.27882667530994243
DES_RHO,primary,42,-0.043675553034600086
DES_RHO,primary,43,-0.04788914998784539
DES_RHO,primary,44,0.1397779758528482
DES_RHO,primary,45,0.08467709261810226
DES_RHO,primary,46,0.13086459768252165
DES_RHO,primary,47,0.3062150555060367
DES_RHO,primary,48,0.06814682764767849
DES_RHO,primary,49,0.09650757637144478
DES_RHO,primary,50,0.11465845555465519
DES_RHO,primary,51,0.1882343408151689
DES_RHO,primary,52,0.05712665100072928
DES_RHO,primary,53,0.03168300785997892
DES_RHO,primary,54,0.013694190098047156
DES_RHO,primary,55,-0.21789158090916455
DES_RHO,primary,56,-0.20249574588769143
DES_RHO,primary,57,0.01855603273640711
DES_RHO,primary,58,-0.06312292358803992
DES_RHO,primary,59,-0.1096345514950166
DES_RHO,primary,60,-0.293574264646301
DES_RHO,primary,61,0.1644113118872052
DES_RHO,primary,62,0.129730167733571
DES_RHO,primary,63,0.11627906976744186
DES_RHO,primary,64,0.12243740377603113
DES_RHO,primary,65,-0.13410582610809496
DES_RHO,primary,66,-0.1627906976744186
DES_RHO,primary,67,-0.013208005834211159
DES_RHO,primary,68,0.1047727088566567
DES_RHO,primary,69,-0.1736488129000891
DES_RHO,primary,70,-0.014990681468276482
DES_RHO,primary,71,0.024390243902439008
DES_RHO,primary,72,0.10007292763957538
DES_RHO,primary,73,0.07057774896685846
DES_RHO,primary,74,0.16894903168300787
DES_RHO,primary,75,-0.05761283526456525
DES_RHO,primary,76,0.10752775301839393
DES_RHO,primary,77,-0.1000729276395754
DES_RHO,primary,78,0.05971963374118789
DES_RHO,primary,79,0.07787051292439837
DES_RHO,primary,80,0.13621262458471764
DES_RHO,primary,81,0.1660319260999919
DES_RHO,primary,82,-0.02973827080463494
DES_RHO,primary,83,-0.021959322583259066
DES_RHO,primary,84,0.2209707479134592
DES_RHO,primary,85,0.15841503929989464
DES_RHO,primary,86,-0.07706020581800506
DES_RHO,primary,87,-0.25840693622883065
DES_RHO,primary,88,0.23037031034762176
DES_RHO,primary,89,0.06636415201361316
DES_RHO,primary,90,0.28239202657807305
DES_RHO,primary,91,0.02973827080463495
DES_RHO,primary,92,0.079491127137185
DES_RHO,primary,93,0.14204683575074956
DES_RHO,primary,94,-0.240904302730735
DES_RHO,primary,95,0.1595494692488453
DES_RHO,primary,96,-0.04967182562191071
DES_RHO,primary,97,-0.008994408880965884
DES_RHO,primary,98,0.3439753666639656
DES_RHO,primary,99,0.1815898225427437
DES_RHO,primary,100,-0.016611295681063162
DES_RHO,primary,101,0.08483915403938092
DES_RHO,primary,102,-0.08564946114577429
DES_RHO,primary,103,0.3323069443319018
DES_RHO,primary,104,0.007211733246900583
DES_RHO,primary,105,0.024390243902439015
DES_RHO,primary,106,-0.21594684385382057
DES_RHO,primary,107,0.09845231342678872
DES_RHO,primary,108,0.37039137833238794
DES_RHO,primary,109,0.17737622558949842
DES_RHO,primary,110,-0.14885341544445344
DES_RHO,primary,111,0.21011263268778865
DES_RHO,primary,112,0.030224455068470952
DES_RHO,primary,113,0.12908192204845634
DES_RHO,primary,114,0.1234097723037031
DES_RHO,primary,115,-0.10768981443967265
DES_RHO,primary,116,0.004294627663884621
DES_RHO,primary,117,-0.1705696458957945
DES_RHO,primary,118,0.20411636010047807
DES_RHO,primary,119,-0.1580909164573373
DES_RHO,primary,120,-0.020986954055587016
DES_RHO,primary,121,-0.08078761850741432
DES_RHO,primary,122,0.09958674337573942
DES_RHO,primary,123,0.06555384490721984
DES_RHO,primary,124,-0.1569564865083867
DES_RHO,primary,125,-0.28368851794830235
DES_RHO,primary,126,-0.10380034032898469
DES_RHO,primary,127,-0.13037841341868567
DES_RHO,primary,128,0.05534397536666398
DES_RHO,primary,129,0.09310428652459285
DES_RHO,primary,130,0.1689490316830079
DES_RHO,primary,131,0.23150474029657242
DES_RHO,primary,132,0.07317073170731708
DES_RHO,primary,133,0.3136698808848554
DES_RHO,primary,134,-0.3968073900008103
DES_RHO,primary,135,0.08905275099262619
DES_RHO,primary,136,0.020662831213029746
DES_RHO,primary,137,-0.16651811036382785
DES_RHO,primary,138,0.19617535045782353
DES_RHO,primary,139,-0.03767928044728951
DES_RHO,primary,140,-0.13556437889960293
DES_RHO,primary,141,0.01093914593630985
DES_RHO,primary,142,-0.023904059638603033
DES_RHO,primary,143,-0.02601085811522568
DES_RHO,primary,144,-0.04383761445587878
DES_RHO,primary,145,0.1950409205088729
DES_RHO,primary,146,-0.2268049590794911
DES_RHO,primary,147,-0.04610647435378005
DES_RHO,primary,148,-0.02179726116198037
DES_RHO,primary,149,0.012559760149096528
DES_RHO,primary,150,-0.3668260270642574
DES_RHO,primary,151,-0.20492666720687142
DES_RHO,primary,152,0.25386921643302807
DES_RHO,primary,153,-0.09796612916295278
DES_RHO,primary,154,0.05907138805607325
DES_RHO,primary,155,-0.020176646949193716
DES_RHO,primary,156,0.12503038651648973
DES_RHO,primary,157,0.01191151446398184
DES_RHO,primary,158,0.10282797180131267
DES_RHO,primary,159,0.10768981443967265
DES_RHO,primary,160,-0.15112227534235476
DES_RHO,primary,161,0.08192204845636494
DES_RHO,primary,162,-0.0652297220646625
DES_RHO,primary,163,0.011263268778867186
DES_RHO,primary,164,-0.2985981687059396
DES_RHO,primary,165,-0.07868082003079166
DES_RHO,primary,166,0.15890122356373065
DES_RHO,primary,167,0.04724090430273072
DES_RHO,primary,168,-0.2047646057855927
DES_RHO,primary,169,-0.12227534235475247
DES_RHO,primary,170,-0.14626043270399483
DES_RHO,primary,171,0.006725548983064597
DES_RHO,primary,172,0.010452961672473896
DES_RHO,primary,173,-0.06425735353699055
DES_RHO,primary,174,-0.12146503524835914
DES_RHO,primary,175,0.2622964103395186
DES_RHO,primary,176,0.34429948950652295
DES_RHO,primary,177,-0.016611295681063128
DES_RHO,primary,178,0.2694271128757799
DES_RHO,primary,179,-0.27056154282473055
DES_RHO,primary,180,0.03362774491532291
DES_RHO,primary,181,-0.1924479377684142
DES_RHO,primary,182,-0.08402884693298758
DES_RHO,primary,183,-0.07365691597115306
DES_RHO,primary,184,-0.16765254031277854
DES_RHO,primary,185,-0.22858763471355642
DES_RHO,primary,186,-0.037355157604732195
DES_RHO,primary,187,-0.03443805202171622
DES_RHO,primary,188,-0.11449639413337656
DES_RHO,primary,189,-0.3562920346811442
DES_RHO,primary,190,-0.16635604894254918
DES_RHO,primary,191,-0.1764038570618264
DES_RHO,primary,192,-0.35386111336196413
DES_RHO,primary,193,0.18628960375982492
DES_RHO,primary,194,-0.027145288064176334
DES_RHO,primary,195,0.04351349161332144
DES_RHO,primary,196,0.05696458957945063
DES_RHO,primary,197,-0.10525889312049268
DES_RHO,primary,198,0.09440077789482215
DES_RHO,primary,199,0.09991086621829676
DES_RHO,primary,200,-0.04594441293250141
DES_RHO,primary,201,-0.05275099262620536
DES_RHO,primary,202,0.10850012154606592
DES_RHO,primary,203,0.11319990276314722
DES_RHO,primary,204,0.20217162304513409
DES_RHO,primary,205,-0.314804310833806
DES_RHO,primary,206,-0.21011263268778865
DES_RHO,primary,207,-0.034762174864273555
DES_RHO,primary,208,0.19082732355562756
DES_RHO,primary,209,-0.027955595170569652
DES_RHO,primary,210,-0.0752775301839397
DES_RHO,primary,211,-0.21335386111336194
DES_RHO,primary,212,-0.13734705453366822
DES_RHO,primary,213,0.07009156470302244
DES_RHO,primary,214,0.36925694838343726
DES_RHO,primary,215,0.048375334251681376
DES_RHO,primary,216,-0.1917996920832996
DES_RHO,primary,217,-0.07576371444777573
DES_RHO,primary,218,-0.33700672554898303
DES_RHO,primary,219,0.11303784134186853
DES_RHO,primary,220,0.1362126245847176
DES_RHO,primary,221,-0.13313345758042297
DES_RHO,primary,222,-0.021311076898144363
DES_RHO,primary,223,0.04027226318774814
DES_RHO,primary,224,-0.3744429138643546
DES_RHO,primary,225,0.2926018961186289
DES_RHO,primary,226,-0.08532533830321692
DES_RHO,primary,227,-0.024714366744996358
DES_RHO,primary,228,0.24317316262863625
DES_RHO,primary,229,-0.0036463819787699594
DES_RHO,primary,230,0.08143586419252895
DES_RHO,primary,231,0.03200713070253623
DES_RHO,primary,232,-0.30961834535288874
DES_RHO,primary,233,-0.17980714690867838
DES_RHO,primary,234,0.15079815249979744
DES_RHO,primary,235,-0.19649947330038084
DES_RHO,primary,236,0.2052507900494287
DES_RHO,primary,237,0.05534397536666399
DES_RHO,primary,238,-0.1692731545255652
DES_RHO,primary,239,-0.13329551900170164
DES_RHO,primary,240,0.2251843448667045
DES_RHO,primary,241,-0.13345758042298028
DES_RHO,primary,242,0.19844421035572482
DES_RHO,primary,243,0.10752775301839397
DES_RHO,primary,244,-0.2942225103314156
DES_RHO,primary,245,-0.13264727331658696
DES_RHO,primary,246,0.23782513572644032
DES_RHO,primary,247,-0.20233368446641276
DES_RHO,primary,248,-0.1397779758528482
DES_RHO,primary,249,0.1958512276152662
DES_RHO,primary,250,0.1963374118791022
DES_RHO,primary,251,-0.20233368446641276
DES_RHO,primary,252,0.02374199821732437
DES_RHO,primary,253,-0.1621424519893039
DES_RHO,primary,254,-0.049833887043189376
DES_RHO,primary,255,-0.26748237582043594
DES_RHO,primary,256,0.09666963779272342
DES_RHO,primary,257,-0.07900494287334903
DES_RHO,primary,258,0.19763390324933153
DES_RHO,primary,259,0.020014585527915067
DES_RHO,primary,260,-0.030224455068470955
DES_RHO,primary,261,-0.018231909893849728
DES_RHO,primary,262,-0.002836074872376604
DES_RHO,primary,263,-0.0561542824730573
DES_RHO,primary,264,-0.02665910380034034
DES_RHO,primary,265,0.07641196013289034
DES_RHO,primary,266,0.10023498906085408
DES_RHO,primary,267,-0.3368446641277044
DES_RHO,primary,268,-0.09537314642249409
DES_RHO,primary,269,-0.25986548902033874
DES_RHO,primary,270,-0.0036463819787699433
DES_RHO,primary,271,-0.01855603273640713
DES_RHO,primary,272,0.12114091240580181
DES_RHO,primary,273,-0.05550603678794263
DES_RHO,primary,274,0.0900251195202982
DES_RHO,primary,275,0.15549793371687864
DES_RHO,primary,276,0.08402884693298758
DES_RHO,primary,277,0.2538692164330281
DES_RHO,primary,278,0.19325824487480753
DES_RHO,primary,279,0.07365691597115309
DES_RHO,primary,280,-0.0018637063447046703
DES_RHO,primary,281,-0.009804715987359183
DES_RHO,primary,282,-0.03038651648974961
DES_RHO,primary,283,0.14026416011668422
DES_RHO,primary,284,-0.08937687383518349
DES_RHO,primary,285,0.15436350376792804
DES_RHO,primary,286,-0.2538692164330282
DES_RHO,primary,287,-0.17591767279799045
DES_RHO,primary,288,-0.25062798800745484
DES_RHO,primary,289,0.02455230532371769
DES_RHO,primary,290,-0.133619641844259
DES_RHO,primary,291,-0.0803014342435783
DES_RHO,primary,292,-0.1516084596061907
DES_RHO,primary,293,-0.13637468600599625
DES_RHO,primary,294,0.25111417227129085
DES_RHO,primary,295,-0.208005834211166
DES_RHO,primary,296,0.15387731950409206
DES_RHO,primary,297,0.04626853577505875
DES_RHO,primary,298,-0.09472490073737946
DES_RHO,primary,299,-0.04886151851551739
DES_RHO,primary,300,0.014666558625719148
DES_RHO,primary,301,0.027631472328012302
DES_RHO,primary,302,0.2783404910461065
DES_RHO,primary,303,-0.11725143829511382
DES_RHO,primary,304,-0.16295275909569723
DES_RHO,primary,305,-0.19876833319828216
DES_RHO,primary,306,-0.07868082003079163
DES_RHO,primary,307,-0.05534397536666398
DES_RHO,primary,308,0.10898630580990194
DES_RHO,primary,309,-0.36471922858763467
DES_RHO,primary,310,0.31577667936147796
DES_RHO,primary,311,0.047727088566566725
DES_RHO,primary,312,0.032493314966372276
DES_RHO,primary,313,-0.009804715987359203
DES_RHO,primary,314,-0.05858520379223727
DES_RHO,primary,315,0.10444858601409936
DES_RHO,primary,316,0.060692002268859895
DES_RHO,primary,317,-0.21351592253464063
DES_RHO,primary,318,-0.17737622558949842
DES_RHO,primary,319,-0.1446398184912082
DES_RHO,primary,320,-0.05761283526456523
DES_RHO,primary,321,0.04416173729843608
DES_RHO,primary,322,0.12097885098452316
DES_RHO,primary,323,0.04351349161332144
DES_RHO,primary,324,0.2383113199902763
DES_RHO,primary,325,0.03605866623450288
DES_RHO,primary,326,-0.027469410906733646
DES_RHO,primary,327,0.07122599465197312
DES_RHO,primary,328,-0.20200956162385544
DES_RHO,primary,329,-0.04626853577505874
DES_RHO,primary,330,0.08419090835426629
DES_RHO,primary,331,-0.18142776112146505
DES_RHO,primary,332,-0.2893606676930557
DES_RHO,primary,333,0.3353861113361964
DES_RHO,primary,334,-0.030872700753585607
DES_RHO,primary,335,-0.09683169921400211
DES_RHO,primary,336,-0.06409529211571183
DES_RHO,primary,337,-0.2279393890284418
DES_RHO,primary,338,-0.004780811927720598
DES_RHO,primary,339,0.2566242605947654
DES_RHO,primary,340,-0.2666720687140426
DES_RHO,primary,341,0.11093104286524591
DES_RHO,primary,342,-0.104610647435378
DES_RHO,primary,343,0.11174134997163918
DES_RHO,primary,344,-0.05874726521351592
DES_RHO,primary,345,-0.08824244388623288
DES_RHO,primary,346,-0.1284336763633417
DES_RHO,primary,347,-0.3519163763066202
DES_RHO,primary,348,0.15290495097642007
DES_RHO,primary,349,0.18499311238959565
DES_RHO,primary,350,-0.06117818653269587
DES_RHO,primary,351,0.13605056316343894
DES_RHO,primary,352,0.11854792966534317
DES_RHO,primary,353,0.008994408880965907
DES_RHO,primary,354,-0.1935823677173649
DES_RHO,primary,355,-0.02276962968965236
DES_RHO,primary,356,-0.0013775220808686188
DES_RHO,primary,357,0.05988169516246655
DES_RHO,primary,358,-0.12762336925694834
DES_RHO,primary,359,0.1495016611295681
DES_RHO,primary,360,0.04626853577505875
DES_RHO,primary,361,0.1222753423547524
DES_RHO,primary,362,-0.1948788590875942
DES_RHO,primary,363,0.13945385301029087
DES_RHO,primary,364,-0.22631877481565513
DES_RHO,primary,365,0.029252086540798933
DES_RHO,primary,366,-0.17559354995543314
DES_RHO,primary,367,0.014828620046997788
DES_RHO,primary,368,-0.10898630580990198
DES_RHO,primary,369,0.14301920427842157
DES_RHO,primary,370,0.1349161332144883
DES_RHO,primary,371,0.03719309618345353
DES_RHO,primary,372,-0.026172919536504337
DES_RHO,primary,373,0.05372336115387731
DES_RHO,primary,374,0.08078761850741431
DES_RHO,primary,375,0.1159549469248845
DES_RHO,primary,376,0.06749858196256381
DES_RHO,primary,377,-0.15128433676363343
DES_RHO,primary,378,0.2279393890284418
DES_RHO,primary,379,-0.07511546876266102
DES_RHO,primary,380,-0.1885584636577263
DES_RHO,primary,381,-0.19374442913864356
DES_RHO,primary,382,0.055992221051778666
DES_RHO,primary,383,0.18564135807471033
DES_RHO,primary,384,-0.19520298193015156
DES_RHO,primary,385,0.05485779110282799
DES_RHO,primary,386,0.016773357102341784
DES_RHO,primary,387,-0.11352402560570454
DES_RHO,primary,388,0.15193258244874808
DES_RHO,primary,389,-0.3506198849363909
DES_RHO,primary,390,-0.09407665505226481
DES_RHO,primary,391,0.2950328174378089
DES_RHO,primary,392,-0.2125435540069687
DES_RHO,primary,393,0.02568673527266834
DES_RHO,primary,394,-0.17008346163195848
DES_RHO,primary,395,-0.28206790373551577
DES_RHO,primary,396,0.24722469816060283
DES_RHO,primary,397,-0.005915241876671267
DES_RHO,primary,398,-0.060043756583745264
DES_RHO,primary,399,0.09569726926505147
DES_RHO,primary,400,-0.10898630580990194
DES_RHO,primary,401,0.128757799205899
DES_RHO,primary,402,-0.21837776517300056
DES_RHO,primary,403,0.03978607892391215
DES_RHO,primary,404,-0.2049266672068714
DES_RHO,primary,405,0.16603192609999187
DES_RHO,primary,406,-0.13280933473786563
DES_RHO,primary,407,-0.17964508548739974
DES_RHO,primary,408,0.12178915809091646
DES_RHO,primary,409,0.2553277692245361
DES_RHO,primary,410,0.4603354671420468
DES_RHO,primary,411,-0.031196823596142932
DES_RHO,primary,412,-0.09521108500121549
DES_RHO,primary,413,0.16019771493395996
DES_RHO,primary,414,0.0875941982011182
DES_RHO,primary,415,0.034762174864273555
DES_RHO,primary,416,-0.15647030224455066
DES_RHO,primary,417,-0.026497042379061666
DES_RHO,primary,418,0.15533587229560006
DES_RHO,primary,419,-0.15241876671258406
DES_RHO,primary,420,-0.06425735353699048
DES_RHO,primary,421,-0.09910055911190344
DES_RHO,primary,422,-0.14366744996353617
DES_RHO,primary,423,0.1033141560651487
DES_RHO,primary,424,-0.06441941495826915
DES_RHO,primary,425,-0.03460011344299487
DES_RHO,primary,426,0.21578478243254193
DES_RHO,primary,427,-0.011101207357588508
DES_RHO,primary,428,-0.09861437484806744
DES_RHO,primary,429,0.11579288550360586
DES_RHO,primary,430,0.1658698646787132
DES_RHO,primary,431,-0.011101207357588546
DES_RHO,primary,432,-0.05032007130702536
DES_RHO,primary,433,0.09812819058423139
DES_RHO,primary,434,-0.06409529211571184
DES_RHO,primary,435,0.14366744996353617
DES_RHO,primary,436,-0.13961591443156957
DES_RHO,primary,437,0.005104934770277942
DES_RHO,primary,438,-0.27185803419495985
DES_RHO,primary,439,-0.037031034762174855
DES_RHO,primary,440,-0.008670286038408541
DES_RHO,primary,441,-0.10363827890770602
DES_RHO,primary,442,-0.022607568268373696
DES_RHO,primary,443,0.07252248602220239
DES_RHO,primary,444,0.0075358560894579025
DES_RHO,primary,445,0.1404262215379629
DES_RHO,primary,446,-0.1303784134186857
DES_RHO,primary,447,0.3229073818977393
DES_RHO,primary,448,0.016773357102341797
DES_RHO,primary,449,0.0777084515031197
DES_RHO,primary,450,-0.05437160683899201
DES_RHO,primary,451,-0.15063609107851875
DES_RHO,primary,452,0.1650595575723199
DES_RHO,primary,453,-0.10331415606514868
DES_RHO,primary,454,0.16068389919779597
DES_RHO,primary,455,-0.13248521189530824
DES_RHO,primary,456,0.22194311644113118
DES_RHO,primary,457,0.12713718499311238
DES_RHO,primary,458,0.1942306134024795
DES_RHO,primary,459,0.1929341220322502
DES_RHO,primary,460,-0.08597358398833155
DES_RHO,primary,461,-0.07187424033708774
DES_RHO,primary,462,0.07009156470302241
DES_RHO,primary,463,0.09585933068633012
DES_RHO,primary,464,-0.2554898306458148
DES_RHO,primary,465,-0.2131917996920833
DES_RHO,primary,466,0.13929179158901225
DES_RHO,primary,467,0.03038651648974957
DES_RHO,primary,468,-0.0561542824730573
DES_RHO,primary,469,0.1289198606271777
DES_RHO,primary,470,0.16003565351268131
DES_RHO,primary,471,-0.2632687788671907
DES_RHO,primary,472,0.3512681306215055
DES_RHO,primary,473,-0.10623126164816463
DES_RHO,primary,474,0.31836966210193657
DES_RHO,primary,475,0.05793695810712259
DES_RHO,primary,476,0.010777084515031196
DES_RHO,primary,477,0.12989222915484971
DES_RHO,primary,478,-0.02844177943440565
DES_RHO,primary,479,-0.18385868244064504
DES_RHO,primary,480,-0.008508224617129887
DES_RHO,primary,481,0.02682116522161902
DES_RHO,primary,482,-0.06231261648164656
DES_RHO,primary,483,0.010128838829916553
DES_RHO,primary,484,-0.024228182481160328
DES_RHO,primary,485,-0.09051130378413419
DES_RHO,primary,486,0.03978607892391216
DES_RHO,primary,487,0.07835669718823433
DES_RHO,primary,488,0.30135321286767675
DES_RHO,primary,489,-0.05242686978364798
DES_RHO,primary,490,-0.1198444210355725
DES_RHO,primary,491,0.1384814844826189
DES_RHO,primary,492,-0.015152742889555149
DES_RHO,primary,493,-0.21270561542824729
DES_RHO,primary,494,0.13621262458471758
DES_RHO,primary,495,-0.014666558625719136
DES_RHO,primary,496,0.16262863625313995
DES_RHO,primary,497,0.06101612511141722
DES_RHO,primary,498,-0.036544850498338874
DES_RHO,primary,499,-0.2869297463738757
DES_RHO,primary,500,0.06798476622639982
DES_RHO,primary,501,0.04318936877076409
DES_RHO,primary,502,-0.01337006725548984
DES_RHO,primary,503,0.14496394133376547
DES_RHO,primary,504,0.15160845960619074
DES_RHO,primary,505,0.09018718094157688
DES_RHO,primary,506,0.24965561947978276
DES_RHO,primary,507,0.0029981362936553173
DES_RHO,primary,508,-0.03281743780892959
DES_RHO,primary,509,-0.15177052102746943
DES_RHO,primary,510,0.030386516489749632
DES_RHO,primary,511,0.0331415606514869
DES_RHO,primary,512,0.02827971801312701
DES_RHO,primary,513,0.0864597682521676
DES_RHO,primary,514,-0.08970099667774087
DES_RHO,primary,515,0.22858763471355642
DES_RHO,primary,516,-0.06036787942630257
DES_RHO,primary,517,-0.008184101774572556
DES_RHO,primary,518,-0.05696458957945061
DES_RHO,primary,519,-0.1623045134105826
DES_RHO,primary,520,0.310428652459282
DES_RHO,primary,521,-0.035572481970666904
DES_RHO,primary,522,0.041244631715420164
DES_RHO,primary,523,-0.13848148448261893
DES_RHO,primary,524,0.3472165950895389
DES_RHO,primary,525,-0.37087756259622395
DES_RHO,primary,526,0.22907381897739243
DES_RHO,primary,527,0.00834616319585121
DES_RHO,primary,528,-0.4034519082732355
DES_RHO,primary,529,0.3417065067660643
DES_RHO,primary,530,-0.1741349971639251
DES_RHO,primary,531,-0.026659103800340343
DES_RHO,primary,532,-0.05583015963049994
DES_RHO,primary,533,0.07608783729033301
DES_RHO,primary,534,0.05858520379223728
DES_RHO,primary,535,-0.10266591038003406
DES_RHO,primary,536,-0.23847338141155494
DES_RHO,primary,537,0.2588931204926668
DES_RHO,primary,538,-0.10007292763957538
DES_RHO,primary,539,0.0908354266266915
DES_RHO,primary,540,0.0815979256138076
DES_RHO,primary,541,0.04643059719633741
DES_RHO,primary,542,0.07365691597115308
DES_RHO,primary,543,0.06198849363908925
DES_RHO,primary,544,-0.004942873348999284
DES_RHO,primary,545,-0.31593874078275663
DES_RHO,primary,546,-0.14820516975933878
DES_RHO,primary,547,0.20930232558139533
DES_RHO,primary,548,0.10250384895875535
DES_RHO,primary,549,-0.2115711854792966
DES_RHO,primary,550,0.006563487561785898
DES_RHO,primary,551,0.13831942306134024
DES_RHO,primary,552,0.0013775220808686624
DES_RHO,primary,553,-0.05064419414958268
DES_RHO,primary,554,-0.027469410906733657
DES_RHO,primary,555,0.3387894011830483
DES_RHO,primary,556,-0.10282797180131263
DES_RHO,primary,557,-0.2796369824163358
DES_RHO,primary,558,0.0843529697755449
DES_RHO,primary,559,-0.11222753423547523
DES_RHO,primary,560,0.07851875860951302
DES_RHO,primary,561,-0.1324852118953083
DES_RHO,primary,562,0.09440077789482211
DES_RHO,primary,563,0.01790778705129244
DES_RHO,primary,564,0.10817599870350864
DES_RHO,primary,565,-0.05356129973259867
DES_RHO,primary,566,0.09634551495016609
DES_RHO,primary,567,-0.1136860870269832
DES_RHO,primary,568,0.09342840936715016
DES_RHO,primary,569,-0.04675472003889476
DES_RHO,primary,570,-0.027145288064176296
DES_RHO,primary,571,-0.015638927153391144
DES_RHO,primary,572,0.08613564540961026
DES_RHO,primary,573,-0.03865164897496154
DES_RHO,primary,574,0.44818086054614703
DES_RHO,primary,575,0.11498257839721251
DES_RHO,primary,576,0.04788914998784537
DES_RHO,primary,577,-0.08257029414147962
DES_RHO,primary,578,-0.21497447532614863
DES_RHO,primary,579,0.13848148448261893
DES_RHO,primary,580,0.16975933878940117
DES_RHO,primary,581,-0.07495340734138241
DES_RHO,primary,582,0.0885665667287902
DES_RHO,primary,583,0.11238959565675388
DES_RHO,primary,584,0.10525889312049264
DES_RHO,primary,585,0.10509683169921398
DES_RHO,primary,586,-0.12324771088242446
DES_RHO,primary,587,-0.05275099262620535
DES_RHO,primary,588,-0.12097885098452313
DES_RHO,primary,589,0.182400129649137
DES_RHO,primary,590,-0.159225346406288
DES_RHO,primary,591,-0.1512843367636334
DES_RHO,primary,592,0.033627744915322895
DES_RHO,primary,593,0.04221700024309215
DES_RHO,primary,594,0.06312292358803988
DES_RHO,primary,595,0.15711854792966534
DES_RHO,primary,596,-0.13199902763147237
DES_RHO,primary,597,-0.1156308240823272
DES_RHO,primary,598,0.22664289765821244
DES_RHO,primary,599,0.06004375658374526
DES_RHO,primary,600,-0.11725143829511386
DES_RHO,primary,601,-0.11741349971639253
DES_RHO,primary,602,-0.24139048699457094
DES_RHO,primary,603,-0.08419090835426625
DES_RHO,primary,604,0.17883477838100642
DES_RHO,primary,605,-0.010128838829916522
DES_RHO,primary,606,0.16262863625313995
DES_RHO,primary,607,-0.14658455554655211
DES_RHO,primary,608,-0.045296167247386734
DES_RHO,primary,609,0.09099748804797021
DES_RHO,primary,610,-0.07479134592010368
DES_RHO,primary,611,-0.09958674337573943
DES_RHO,primary,612,-0.09569726926505144
DES_RHO,primary,613,-0.14253302001458554
DES_RHO,primary,614,-0.27704399967587723
DES_RHO,primary,615,0.25241066364152015
DES_RHO,primary,616,-0.36779839559192934
DES_RHO,primary,617,-0.2029819301515274
DES_RHO,primary,618,0.17770034843205573
DES_RHO,primary,619,0.2870918077951543
DES_RHO,primary,620,-0.2268049590794911
DES_RHO,primary,621,-0.079004942873349
DES_RHO,primary,622,-0.3054047483996435
DES_RHO,primary,623,0.01450449720444047
DES_RHO,primary,624,-0.18564135807471033
DES_RHO,primary,625,0.1183858682440645
DES_RHO,primary,626,-0.047240904302730743
DES_RHO,primary,627,0.11708937687383521
DES_RHO,primary,628,-0.0031601977149339714
DES_RHO,primary,629,-0.16943521594684383
DES_RHO,primary,630,-0.06652621343489187
DES_RHO,primary,631,-0.1636010047808119
DES_RHO,primary,632,-0.04140669313669885
DES_RHO,primary,633,0.2222672392836885
DES_RHO,primary,634,-0.029090025119520295
DES_RHO,primary,635,0.10542095454177132
DES_RHO,primary,636,0.056802528158171946
DES_RHO,primary,637,0.24220079410096423
DES_RHO,primary,638,0.13086459768252168
DES_RHO,primary,639,-0.09180779515436348
DES_RHO,primary,640,0.013856251519325822
DES_RHO,primary,641,0.02601085811522565
DES_RHO,primary,642,-0.12665100072927638
DES_RHO,primary,643,0.0013775220808686412
DES_RHO,primary,644,0.2900089133781703
DES_RHO,primary,645,0.24446965399886558
DES_RHO,primary,646,0.036220727655781534
DES_RHO,primary,647,0.11028279718013129
DES_RHO,primary,648,-0.13167490478891497
DES_RHO,primary,649,0.1198444210355725
DES_RHO,primary,650,-0.07819463576695566
DES_RHO,primary,651,-0.034600113442994906
DES_RHO,primary,652,0.061664370796531906
DES_RHO,primary,653,-0.10687950733327928
DES_RHO,primary,654,-0.034924236285552246
DES_RHO,primary,655,-0.06279880074548254
DES_RHO,primary,656,-0.4363503767928044
DES_RHO,primary,657,0.2532209707479134
DES_RHO,primary,658,-0.09504902357993678
DES_RHO,primary,659,-0.22161899359857384
DES_RHO,primary,660,0.053561299732598676
DES_RHO,primary,661,-0.08645976825216761
DES_RHO,primary,662,-0.25840693622883076
DES_RHO,primary,663,0.1963374118791022
DES_RHO,primary,664,-0.24349728547119356
DES_RHO,primary,665,-0.01693541852362046
DES_RHO,primary,666,-0.04270318450692808
DES_RHO,primary,667,-0.13540231747832435
DES_RHO,primary,668,-0.104610647435378
DES_RHO,primary,669,0.1133619641844259
DES_RHO,primary,670,-0.03200713070253624
DES_RHO,primary,671,0.11044485860140994
DES_RHO,primary,672,-0.09148367231180617
DES_RHO,primary,673,-0.17640385706182643
DES_RHO,primary,674,-0.16311482051697593
DES_RHO,primary,675,-0.027145288064176317
DES_RHO,primary,676,-0.1883964022364476
DES_RHO,primary,677,0.21286767684952596
DES_RHO,primary,678,0.06847095049023577
DES_RHO,primary,679,-0.4049104610647436
DES_RHO,primary,680,0.19406855198120093
DES_RHO,primary,681,0.06992950328174376
DES_RHO,primary,682,-0.13329551900170164
DES_RHO,primary,683,0.09294222510331418
DES_RHO,primary,684,0.1256786322016044
DES_RHO,primary,685,0.3159387407827567
DES_RHO,primary,686,0.18418280528320233
DES_RHO,primary,687,0.2044404829430354
DES_RHO,primary,688,-0.014504497204440484
DES_RHO,primary,689,-0.055343975366663925
DES_RHO,primary,690,-0.104610647435378
DES_RHO,primary,691,-0.03087270075358563
DES_RHO,primary,692,-0.04626853577505876
DES_RHO,primary,693,0.17316262863625315
DES_RHO,primary,694,0.039786078923912165
DES_RHO,primary,695,-0.025362612430111005
DES_RHO,primary,696,0.027793533749290986
DES_RHO,primary,697,0.18353455959808765
DES_RHO,primary,698,0.06409529211571185
DES_RHO,primary,699,0.11352402560570456
DES_RHO,primary,700,0.129243983469735
DES_RHO,primary,701,0.12227534235475249
DES_RHO,primary,702,-0.21610890527509927
DES_RHO,primary,703,0.10866218296734467
DES_RHO,primary,704,0.0705777489668584
DES_RHO,primary,705,0.1422088971720282
DES_RHO,primary,706,0.25224860222024154
DES_RHO,primary,707,0.04173081597925613
DES_RHO,primary,708,-0.02179726116198036
DES_RHO,primary,709,0.040434324609026816
DES_RHO,primary,710,-0.1334575804229803
DES_RHO,primary,711,-0.31350781946357664
DES_RHO,primary,712,0.08937687383518354
DES_RHO,primary,713,-0.01985252410663641
DES_RHO,primary,714,0.12600275504416172
DES_RHO,primary,715,-0.07090187180941576
DES_RHO,primary,716,-0.025686735272668335
DES_RHO,primary,717,0.16943521594684388
DES_RHO,primary,718,0.03735515760473221
DES_RHO,primary,719,-0.4543391945547362
DES_RHO,primary,720,0.06814682764767846
DES_RHO,primary,721,0.19050320071307023
DES_RHO,primary,722,0.12211328093347379
DES_RHO,primary,723,0.15160845960619077
DES_RHO,primary,724,0.15290495097642007
DES_RHO,primary,725,-0.29227777327607163
DES_RHO,primary,726,0.027793533749290993
DES_RHO,primary,727,-0.2781784296248278
DES_RHO,primary,728,0.2225913621262458
DES_RHO,primary,729,0.12162709666963781
DES_RHO,primary,730,-0.09877643626934612
DES_RHO,primary,731,0.14026416011668424
DES_RHO,primary,732,0.06393323069443317
DES_RHO,primary,733,0.12033060529940846
DES_RHO,primary,734,-0.2904950976420063
DES_RHO,primary,735,0.22226723928368847
DES_RHO,primary,736,-0.3253383032169192
DES_RHO,primary,737,-0.08970099667774087
DES_RHO,primary,738,0.024876428166275017
DES_RHO,primary,739,0.12357183372498176
DES_RHO,primary,740,-0.11076898144396725
DES_RHO,primary,741,-0.1968235961429382
DES_RHO,primary,742,-0.02844177943440565
DES_RHO,primary,743,-0.01936633984280039
DES_RHO,primary,744,-0.06636415201361315
DES_RHO,primary,745,0.05566809820922131
DES_RHO,primary,746,-0.1721902601085811
DES_RHO,primary,747,0.13994003727412688
DES_RHO,primary,748,-0.08386678551170891
DES_RHO,primary,749,0.009966777408637858
DES_RHO,primary,750,-0.16765254031277857
DES_RHO,primary,751,-0.30556680982092216
DES_RHO,primary,752,0.10234178753747669
DES_RHO,primary,753,0.043675553034600106
DES_RHO,primary,754,-0.11595494692488453
DES_RHO,primary,755,-0.17559354995543308
DES_RHO,primary,756,0.2587310590713881
DES_RHO,primary,757,0.19747184182805283
DES_RHO,primary,758,0.17980714690867836
DES_RHO,primary,759,0.08305647840531563
DES_RHO,primary,760,0.07236042460092376
DES_RHO,primary,761,-0.030062393647192282
DES_RHO,primary,762,0.042054938821813465
DES_RHO,primary,763,0.049185641358074704
DES_RHO,primary,764,0.08013937282229965
DES_RHO,primary,765,-0.15614617940199338
DES_RHO,primary,766,-0.03378980633660157
DES_RHO,primary,767,0.09488696215865813
DES_RHO,primary,768,0.33619641844258974
DES_RHO,primary,769,0.006239364719228606
DES_RHO,primary,770,0.049995948464468046
DES_RHO,primary,771,0.1885584636577263
DES_RHO,primary,772,0.14690867838910945
DES_RHO,primary,773,0.17624179564054773
DES_RHO,primary,774,-0.0041325662426059655
DES_RHO,primary,775,0.0757637144477757
DES_RHO,primary,776,0.29746373875698895
DES_RHO,primary,777,-0.1232477108824244
DES_RHO,primary,778,-0.12389595656753913
DES_RHO,primary,779,0.04545822866866546
DES_RHO,primary,780,-0.08743213677983956
DES_RHO,primary,781,0.2697512357183372
DES_RHO,primary,782,-0.07722226723928369
DES_RHO,primary,783,0.01871809415768574
DES_RHO,primary,784,-0.18077951543635037
DES_RHO,primary,785,-0.1624665748318613
DES_RHO,primary,786,-0.127299246414391
DES_RHO,primary,787,0.11190341139291793
DES_RHO,primary,788,-0.2969775544931529
DES_RHO,primary,789,-0.1710558301596305
DES_RHO,primary,790,0.09359047078842882
DES_RHO,primary,791,-0.029252086540798944
DES_RHO,primary,792,0.06182643221781053
DES_RHO,primary,793,-0.20946438700267395
DES_RHO,primary,794,0.11903411392917915
DES_RHO,primary,795,0.05550603678794263
DES_RHO,primary,796,0.21675715096021392
DES_RHO,primary,797,0.09747994489911677
DES_RHO,primary,798,0.13086459768252162
DES_RHO,primary,799,-0.030386516489749632
DES_RHO,primary,800,0.2105988169516247
DES_RHO,primary,801,0.11190341139291789
DES_RHO,primary,802,-0.08289441698403693
DES_RHO,primary,803,-0.09375253220970751
DES_RHO,primary,804,-0.0762498987116117
DES_RHO,primary,805,0.06312292358803988
DES_RHO,primary,806,-0.3316586986467871
DES_RHO,primary,807,0.13070253626124304
DES_RHO,primary,808,0.05923344947735193
DES_RHO,primary,809,-0.02276962968965238
DES_RHO,primary,810,-0.1038003403289847
DES_RHO,primary,811,0.042703184506928095
DES_RHO,primary,812,0.11125516570780325
DES_RHO,primary,813,-0.08953893525646221
DES_RHO,primary,814,-0.30329794992302084
DES_RHO,primary,815,-0.16684223320638528
DES_RHO,primary,816,-0.21189530832185396
DES_RHO,primary,817,-0.14933959970828944
DES_RHO,primary,818,0.26181022607568266
DES_RHO,primary,819,0.10768981443967265
DES_RHO,primary,820,-0.02309375253220969
DES_RHO,primary,821,-0.14318126569970013
DES_RHO,primary,822,-0.04594441293250137
DES_RHO,primary,823,-0.062474677902925206
DES_RHO,primary,824,0.08856656672879021
DES_RHO,primary,825,-0.1605218377765173
DES_RHO,primary,826,0.22486022202414713
DES_RHO,primary,827,-0.1342678875293736
DES_RHO,primary,828,0.2033060529940847
DES_RHO,primary,829,0.1760797342192691
DES_RHO,primary,830,0.24155254841584958
DES_RHO,primary,831,0.1789968398022851
DES_RHO,primary,832,-0.07398103881371039
DES_RHO,primary,833,0.05145450125597599
DES_RHO,primary,834,-0.1422088971720282
DES_RHO,primary,835,0.23636658293493232
DES_RHO,primary,836,0.022283445425816385
DES_RHO,primary,837,0.1987683331982821
DES_RHO,primary,838,0.0133700672554898
DES_RHO,primary,839,-0.040758447451584134
DES_RHO,primary,840,0.0013775220808686782
DES_RHO,primary,841,0.0579369581071226
DES_RHO,primary,842,-0.052426869783647974
DES_RHO,primary,843,0.16068389919779594
DES_RHO,primary,844,0.023741998217324374
DES_RHO,primary,845,-0.10120735758852602
DES_RHO,primary,846,0.035896604813224195
DES_RHO,primary,847,-0.14156065148691352
DES_RHO,primary,848,0.18110363827890769
DES_RHO,primary,849,-0.04480998298355075
DES_RHO,primary,850,-0.21594684385382065
DES_RHO,primary,851,0.19812008751316745
DES_RHO,primary,852,-0.17364881290008916
DES_RHO,primary,853,-0.1281095535207844
DES_RHO,primary,854,0.003808443400048633
DES_RHO,primary,855,0.17867271695972772
DES_RHO,primary,856,0.11060692002268861
DES_RHO,primary,857,0.03719309618345354
DES_RHO,primary,858,0.03994814034519083
DES_RHO,primary,859,-0.13734705453366827
DES_RHO,primary,860,-0.050644194149582704
DES_RHO,primary,861,0.30605299408475806
DES_RHO,primary,862,0.08208410987764364
DES_RHO,primary,863,0.010777084515031196
DES_RHO,primary,864,0.22631877481565513
DES_RHO,primary,865,-0.106555384490722
DES_RHO,primary,866,-0.2661858844502066
DES_RHO,primary,867,-0.1204926667206871
DES_RHO,primary,868,0.07317073170731704
DES_RHO,primary,869,0.07009156470302244
DES_RHO,primary,870,0.20606109715582205
DES_RHO,primary,871,0.05129243983469735
DES_RHO,primary,872,-0.1952029819301515
DES_RHO,primary,873,0.07333279312859574
DES_RHO,primary,874,0.05777489668584398
DES_RHO,primary,875,-0.2532209707479134
DES_RHO,primary,876,0.0932663479458715
DES_RHO,primary,877,0.16035977635523863
DES_RHO,primary,878,-0.12551657078032574
DES_RHO,primary,879,0.023741998217324395
DES_RHO,primary,880,0.0010533992383113017
DES_RHO,primary,881,-0.22291548496880315
DES_RHO,primary,882,-0.31350781946357664
DES_RHO,primary,883,-0.03654485049833888
DES_RHO,primary,884,0.039137833238797465
DES_RHO,primary,885,0.0055911190341139515
DES_RHO,primary,886,-0.09764200632039548
DES_RHO,primary,887,-0.051130378413418685
DES_RHO,primary,888,0.028927963698241594
DES_RHO,primary,889,-0.04610647435378008
DES_RHO,primary,890,0.009156470302244559
DES_RHO,primary,891,-0.029090025119520285
DES_RHO,primary,892,0.08062555708613564
DES_RHO,primary,893,-0.08273235556275829
DES_RHO,primary,894,-0.12438214083137507
DES_RHO,primary,895,-0.20055100883234744
DES_RHO,primary,896,-0.17753828701077706
DES_RHO,primary,897,-0.09910055911190341
DES_RHO,primary,898,0.028441779434405675
DES_RHO,primary,899,-0.236528644356211
DES_RHO,primary,900,-0.17413499716392514
DES_RHO,primary,901,-0.00089133781703264
DES_RHO,primary,902,0.0634470464305972
DES_RHO,primary,903,0.015476865732112453
DES_RHO,primary,904,-0.01045296167247387
DES_RHO,primary,905,-0.19601328903654483
DES_RHO,primary,906,-0.0034843205574912766
DES_RHO,primary,907,0.2567863220160441
DES_RHO,primary,908,0.07722226723928372
DES_RHO,primary,909,-0.016449234259784454
DES_RHO,primary,910,0.09780406774167409
DES_RHO,primary,911,0.12146503524835912
DES_RHO,primary,912,0.06360910785187586
DES_RHO,primary,913,0.14399157280609348
DES_RHO,primary,914,0.24122842557329227
DES_RHO,primary,915,0.1619803905680253
DES_RHO,primary,916,0.0858115225670529
DES_RHO,primary,917,-0.006239364719228611
DES_RHO,primary,918,0.1618183291467466
DES_RHO,primary,919,0.04416173729843608
DES_RHO,primary,920,0.1663560489425492
DES_RHO,primary,921,0.0850012154606596
DES_RHO,primary,922,-0.13248521189530832
DES_RHO,primary,923,-0.2802852281014504
DES_RHO,primary,924,-0.09634551495016609
DES_RHO,primary,925,0.24933149663722548
DES_RHO,primary,926,0.14901547686573213
DES_RHO,primary,927,-0.07430516165626773
DES_RHO,primary,928,0.03395186775788024
DES_RHO,primary,929,0.3002187829187261
DES_RHO,primary,930,0.09893849769062475
DES_RHO,primary,931,-0.17024552305323717
DES_RHO,primary,932,-0.31059071388056075
DES_RHO,primary,933,-0.05647840531561461
DES_RHO,primary,934,-0.13378170326553762
DES_RHO,primary,935,0.0017016449234260045
DES_RHO,primary,936,-0.051616562677254695
DES_RHO,primary,937,0.16716635604894253
DES_RHO,primary,938,0.03605866623450289
DES_RHO,primary,939,-0.13135078194635766
DES_RHO,primary,940,0.3415444453447857
DES_RHO,primary,941,-0.10023498906085408
DES_RHO,primary,942,0.035086297706830874
DES_RHO,primary,943,0.3115630824082327
DES_RHO,primary,944,0.03460011344299493
DES_RHO,primary,945,0.37541528239202654
DES_RHO,primary,946,-0.06944331901790776
DES_RHO,primary,947,-0.2525727250627988
DES_RHO,primary,948,-0.02665910380034035
DES_RHO,primary,949,-0.05032007130702536
DES_RHO,primary,950,0.13945385301029092
DES_RHO,primary,951,0.007859978932015234
DES_RHO,primary,952,0.14723280123166677
DES_RHO,primary,953,-0.09650757637144478
DES_RHO,primary,954,0.13896766874645494
DES_RHO,primary,955,0.20897820273883805
DES_RHO,primary,956,-0.11465845555465523
DES_RHO,primary,957,0.15744267077222265
DES_RHO,primary,958,-0.06717445912000646
DES_RHO,primary,959,-0.2788266753099425
DES_RHO,primary,960,0.06360910785187586
DES_RHO,primary,961,0.1430192042784215
DES_RHO,primary,962,-0.05177862409853336
DES_RHO,primary,963,0.05664046673689328
DES_RHO,primary,964,0.10736569159711526
DES_RHO,primary,965,0.02892796369824162
DES_RHO,primary,966,-0.13783323879750428
DES_RHO,primary,967,-0.008832347459687237
DES_RHO,primary,968,-0.016935418523620467
DES_RHO,primary,969,-0.23263917024552305
DES_RHO,primary,970,0.027469410906733632
DES_RHO,primary,971,0.3378170326553764
DES_RHO,primary,972,-0.05485779110282797
DES_RHO,primary,973,0.08856656672879021
DES_RHO,primary,974,-0.032979499230208216
DES_RHO,primary,975,-0.05485779110282799
DES_RHO,primary,976,-0.18580341949598897
DES_RHO,primary,977,0.27250627988007453
DES_RHO,primary,978,-0.15193258244874808
DES_RHO,primary,979,-0.3023255813953488
DES_RHO,primary,980,-0.09926262053318202
DES_RHO,primary,981,-0.23976987278178435
DES_RHO,primary,982,0.1169273154525565
DES_RHO,primary,983,0.12956810631229235
DES_RHO,primary,984,-0.12535450935904707
DES_RHO,primary,985,-0.09034924236285555
DES_RHO,primary,986,-0.2828782108419091
DES_RHO,primary,987,-0.19471679766631553
DES_RHO,primary,988,-0.19001701644923422
DES_RHO,primary,989,0.23669070577748966
DES_RHO,primary,990,-0.08289441698403696
DES_RHO,primary,991,-0.19260999918969293
DES_RHO,primary,992,0.11692731545255652
DES_RHO,primary,993,-0.11611700834616322
DES_RHO,primary,994,0.1376711773762256
DES_RHO,primary,995,0.39259379304756503
DES_RHO,primary,996,0.10720363017583664
DES_RHO,primary,997,-0.14107446722307754
DES_RHO,primary,998,-0.08240823272020095
DES_RHO,primary,999,0.05550603678794265
DES_RHO,primary,1000,0.09699376063528078
DES_RHO,primary,1001,-0.032169192123814944
DES_RHO,primary,1002,0.21189530832185396
DES_RHO,primary,1003,0.06587796774977718
DES_RHO,primary,1004,0.0644194149582692
DES_RHO,primary,1005,-0.25030386516489755
DES_RHO,primary,1006,0.07446722307754641
DES_RHO,primary,1007,0.12843367636334171
DES_RHO,primary,1008,0.049185641358074725
DES_RHO,primary,1009,-0.04950976420063203
DES_RHO,primary,1010,-0.2353942144072604
DES_RHO,primary,1011,0.12033060529940846
DES_RHO,primary,1012,-0.25224860222024137
DES_RHO,primary,1013,0.019852524106636415
DES_RHO,primary,1014,0.15387731950409206
DES_RHO,primary,1015,-0.1303784134186857
DES_RHO,primary,1016,0.13475407179320958
DES_RHO,primary,1017,-0.026334980957783024
DES_RHO,primary,1018,0.13313345758042297
DES_RHO,primary,1019,0.27104772708856656
DES_RHO,primary,1020,-0.04772708856656674
DES_RHO,primary,1021,0.2973016773357103
DES_RHO,primary,1022,-0.044972044404829416
DES_RHO,primary,1023,0.2063852199983794
DES_RHO,primary,1024,0.13621262458471758
DES_RHO,primary,1025,-0.04610647435378008
DES_RHO,primary,1026,0.14528806417632284
DES_RHO,primary,1027,0.4517462118142775
DES_RHO,primary,1028,0.008184101774572556
DES_RHO,primary,1029,0.079491127137185
DES_RHO,primary,1030,-0.04950976420063201
DES_RHO,primary,1031,-0.0738189773924317
DES_RHO,primary,1032,0.18936877076411962
DES_RHO,primary,1033,0.05971963374118791
DES_RHO,primary,1034,-0.18142776112146505
DES_RHO,primary,1035,-0.1101207357588526
DES_RHO,primary,1036,-0.055506036787942664
DES_RHO,primary,1037,0.05032007130702534
DES_RHO,primary,1038,0.13912973016773358
DES_RHO,primary,1039,0.0679847662263998
DES_RHO,primary,1040,-0.03767928044728952
DES_RHO,primary,1041,0.31059071388056075
DES_RHO,primary,1042,-0.030224455068470935
DES_RHO,primary,1043,-0.1422088971720282
DES_RHO,primary,1044,0.03378980633660157
DES_RHO,primary,1045,0.07787051292439832
DES_RHO,primary,1046,0.35288874483429217
DES_RHO,primary,1047,0.030872700753585613
DES_RHO,primary,1048,-0.10736569159711529
DES_RHO,primary,1049,0.04529616724738674
DES_RHO,primary,1050,0.1264889393079977
DES_RHO,primary,1051,0.19617535045782347
DES_RHO,primary,1052,0.09764200632039545
DES_RHO,primary,1053,-0.014990681468276498
DES_RHO,primary,1054,-0.15728060935094404
DES_RHO,primary,1055,0.24787294384571756
DES_RHO,primary,1056,0.000243092131917998
DES_RHO,primary,1057,-0.010452961672473903
DES_RHO,primary,1058,-0.27120978850984523
DES_RHO,primary,1059,-0.05420954541771333
DES_RHO,primary,1060,0.10250384895875539
DES_RHO,primary,1061,-0.11109310428652461
DES_RHO,primary,1062,0.24657645247548818
DES_RHO,primary,1063,0.2546795235394214
DES_RHO,primary,1064,0.10380034032898469
DES_RHO,primary,1065,-8.103071063932297e-05
DES_RHO,primary,1066,-0.16149420630418931
DES_RHO,primary,1067,-0.08921481241390485
DES_RHO,primary,1068,0.08710801393728222
DES_RHO,primary,1069,0.16117008346163197
DES_RHO,primary,1070,-0.10590713880560733
DES_RHO,primary,1071,0.028441779434405623
DES_RHO,primary,1072,-0.09764200632039545
DES_RHO,primary,1073,0.10914836723118061
DES_RHO,primary,1074,0.15387731950409206
DES_RHO,primary,1075,-0.2373389514626043
DES_RHO,primary,1076,-0.014504497204440461
DES_RHO,primary,1077,-0.21351592253464063
DES_RHO,primary,1078,-0.14156065148691355
DES_RHO,primary,1079,0.08208410987764363
DES_RHO,primary,1080,-0.2058990357345434
DES_RHO,primary,1081,-0.34316505955757226
DES_RHO,primary,1082,-0.12973016773357104
DES_RHO,primary,1083,-0.04383761445587876
DES_RHO,primary,1084,-0.0827323555627583
DES_RHO,primary,1085,-0.1906652621343489
DES_RHO,primary,1086,0.1825621910704157
DES_RHO,primary,1087,0.26213434891824
DES_RHO,primary,1088,-0.1332955190017016
DES_RHO,primary,1089,-0.12989222915484971
DES_RHO,primary,1090,-0.059071388056073204
DES_RHO,primary,1091,-0.13912973016773353
DES_RHO,primary,1092,0.058909326634794604
DES_RHO,primary,1093,-0.04464792156227211
DES_RHO,primary,1094,0.17040758447451582
DES_RHO,primary,1095,0.13507819463576695
DES_RHO,primary,1096,0.20751964994733002
DES_RHO,primary,1097,0.05096831699213998
DES_RHO,primary,1098,0.4258163844096912
DES_RHO,primary,1099,0.05339923831131995
DES_RHO,primary,1100,-0.18645166518110362
DES_RHO,primary,1101,0.3499716392512762
DES_RHO,primary,1102,0.05032007130702536
DES_RHO,primary,1103,-0.2691029900332226
DES_RHO,primary,1104,-0.05064419414958268
DES_RHO,primary,1105,-0.23231504740296569
DES_RHO,primary,1106,-0.017745725630013743
DES_RHO,primary,1107,-0.2629446560246333
DES_RHO,primary,1108,0.2947086945952516
DES_RHO,primary,1109,0.18126569970018638
DES_RHO,primary,1110,0.08840450530751152
DES_RHO,primary,1111,0.40183129406044893
DES_RHO,primary,1112,-0.3026497042379062
DES_RHO,primary,1113,-0.15890122356373068
DES_RHO,primary,1114,-0.18077951543635035
DES_RHO,primary,1115,-0.12470626367393242
DES_RHO,primary,1116,0.034113929179158876
DES_RHO,primary,1117,-0.007859978932015252
DES_RHO,primary,1118,-0.02487642816627502
DES_RHO,primary,1119,0.27688193825459845
DES_RHO,primary,1120,-0.06571590632849848
DES_RHO,primary,1121,-0.30799773114010215
DES_RHO,primary,1122,0.14966372255084676
DES_RHO,primary,1123,-0.08111174134997164
DES_RHO,primary,1124,-0.07171217891580914
DES_RHO,primary,1125,0.11271371849931124
DES_RHO,primary,1126,-0.17607973421926912
DES_RHO,primary,1127,-0.016611295681063135
DES_RHO,primary,1128,-0.027145288064176275
DES_RHO,primary,1129,0.08937687383518352
DES_RHO,primary,1130,-0.017259541366177782
DES_RHO,primary,1131,0.21497447532614863
DES_RHO,primary,1132,-0.05680252815817196
DES_RHO,primary,1133,0.10428652459282071
DES_RHO,primary,1134,0.0021878291872619734
DES_RHO,primary,1135,-0.0744672230775463
DES_RHO,primary,1136,-0.07284660886475973
DES_RHO,primary,1137,0.054047483996434664
DES_RHO,primary,1138,0.23571833724981764
DES_RHO,primary,1139,-0.26829268292682923
DES_RHO,primary,1140,0.18742403370877558
DES_RHO,primary,1141,-0.053237176890041316
DES_RHO,primary,1142,-0.08354266266915161
DES_RHO,primary,1143,-0.16992140021067983
DES_RHO,primary,1144,0.27526132404181186
DES_RHO,primary,1145,-0.08111174134997165
DES_RHO,primary,1146,0.12729924641439103
DES_RHO,primary,1147,-0.1188720525079005
DES_RHO,primary,1148,-0.08856656672879022
DES_RHO,primary,1149,0.41641682197552865
DES_RHO,primary,1150,0.11773762255894986
DES_RHO,primary,1151,-0.019690462685357756
DES_RHO,primary,1152,-0.07641196013289035
DES_RHO,primary,1153,0.01742160278745646
DES_RHO,primary,1154,0.06604002917105581
DES_RHO,primary,1155,0.034275990600437574
DES_RHO,primary,1156,0.09099748804797018
DES_RHO,primary,1157,0.0341139291791589
DES_RHO,primary,1158,0.1486913540231748
DES_RHO,primary,1159,-0.08597358398833158
DES_RHO,primary,1160,-0.2057369743132647
DES_RHO,primary,1161,0.07657402155416906
DES_RHO,primary,1162,0.13459201037193094
DES_RHO,primary,1163,0.13653674742727495
DES_RHO,primary,1164,-0.05583015963049992
DES_RHO,primary,1165,-0.3639089214812413
DES_RHO,primary,1166,0.011587391621424541
DES_RHO,primary,1167,0.061502309375253195
DES_RHO,primary,1168,0.06101612511141723
DES_RHO,primary,1169,0.01839397131512844
DES_RHO,primary,1170,0.0885665667287902
DES_RHO,primary,1171,0.07106393323069445
DES_RHO,primary,1172,0.29843610728466086
DES_RHO,primary,1173,-0.057774896685843895
DES_RHO,primary,1174,0.08419090835426625
DES_RHO,primary,1175,0.16246657483186128
DES_RHO,primary,1176,-0.004942873348999298
DES_RHO,primary,1177,0.0997488047970181
DES_RHO,primary,1178,-0.11530670123976988
DES_RHO,primary,1179,-0.27655781541204116
DES_RHO,primary,1180,0.07641196013289037
DES_RHO,primary,1181,-0.032493314966372255
DES_RHO,primary,1182,-0.04918564135807474
DES_RHO,primary,1183,-0.11384814844826188
DES_RHO,primary,1184,-0.0840288469329876
DES_RHO,primary,1185,0.042217000243092155
DES_RHO,primary,1186,0.0007292763957539835
DES_RHO,primary,1187,0.08856656672879021
DES_RHO,primary,1188,0.36374686005996276
DES_RHO,primary,1189,-0.10947249007373795
DES_RHO,primary,1190,-0.09504902357993678
DES_RHO,primary,1191,0.33425168138724576
DES_RHO,primary,1192,0.26310671744591196
DES_RHO,primary,1193,-0.22988412608378572
DES_RHO,primary,1194,0.10023498906085407
DES_RHO,primary,1195,-0.026983226642897644
DES_RHO,primary,1196,-0.039299894660076155
DES_RHO,primary,1197,-0.106555384490722
DES_RHO,primary,1198,0.0725224860222024
DES_RHO,primary,1199,-0.104124463171542
DES_RHO,primary,1200,0.026172919536504316
DES_RHO,primary,1201,-0.1033141560651487
DES_RHO,primary,1202,0.19342030629608623
DES_RHO,primary,1203,-0.04626853577505875
DES_RHO,primary,1204,0.15792885503605866
DES_RHO,primary,1205,-0.05404748399643464
DES_RHO,primary,1206,-0.027631472328012337
DES_RHO,primary,1207,-0.21432622964103398
DES_RHO,primary,1208,-0.022283445425816364
DES_RHO,primary,1209,-0.05858520379223726
DES_RHO,primary,1210,0.14901547686573216
DES_RHO,primary,1211,-0.09391459363098614
DES_RHO,primary,1212,-0.24495583826270162
DES_RHO,primary,1213,-0.31561461794019935
DES_RHO,primary,1214,-0.12470626367393242
DES_RHO,primary,1215,0.06992950328174376
DES_RHO,primary,1216,-0.052913054047484
DES_RHO,primary,1217,0.061664370796531906
DES_RHO,primary,1218,-0.13880560732517624
DES_RHO,primary,1219,0.19763390324933147
DES_RHO,primary,1220,0.2016854387812981
DES_RHO,primary,1221,-0.07673608297544768
DES_RHO,primary,1222,0.14091240580179884
DES_RHO,primary,1223,-0.1334575804229803
DES_RHO,primary,1224,-0.14545012559760154
DES_RHO,primary,1225,0.17397293574264644
DES_RHO,primary,1226,-0.1697593387894012
DES_RHO,primary,1227,-0.19244793776841418
DES_RHO,primary,1228,-0.19406855198120088
DES_RHO,primary,1229,0.005429057612835242
DES_RHO,primary,1230,-0.07057774896685845
DES_RHO,primary,1231,0.25662426059476534
DES_RHO,primary,1232,-0.08662182967344624
DES_RHO,primary,1233,0.23053237176890043
DES_RHO,primary,1234,0.20995057126650998
DES_RHO,primary,1235,-0.08386678551170897
DES_RHO,primary,1236,0.008994408880965876
DES_RHO,primary,1237,-0.26683413013532115
DES_RHO,primary,1238,0.11271371849931125
DES_RHO,primary,1239,0.0634470464305972
DES_RHO,primary,1240,-0.11141722712908193
DES_RHO,primary,1241,-0.1529049509764201
DES_RHO,primary,1242,0.09067336520541285
DES_RHO,primary,1243,-0.13977797585284826
DES_RHO,primary,1244,-0.05761283526456529
DES_RHO,primary,1245,-0.011263268778867195
DES_RHO,primary,1246,-0.2115711854792966
DES_RHO,primary,1247,0.08143586419252899
DES_RHO,primary,1248,0.09553520784377281
DES_RHO,primary,1249,-0.16749047889149984
DES_RHO,primary,1250,-0.20152337736001943
DES_RHO,primary,1251,0.023417875374767028
DES_RHO,primary,1252,-0.10914836723118063
DES_RHO,primary,1253,-0.00996677740863788
DES_RHO,primary,1254,0.1909893849769062
DES_RHO,primary,1255,-0.057612835264565246
DES_RHO,primary,1256,-0.18175188396402234
DES_RHO,primary,1257,-0.27364070982902516
DES_RHO,primary,1258,-0.16635604894254924
DES_RHO,primary,1259,0.185803419495989
DES_RHO,primary,1260,-0.24446965399886558
DES_RHO,primary,1261,0.07122599465197307
DES_RHO,primary,1262,0.05356129973259867
DES_RHO,primary,1263,0.12713718499311236
DES_RHO,primary,1264,0.1396159144315695
DES_RHO,primary,1265,0.012559760149096474
DES_RHO,primary,1266,-0.2781784296248278
DES_RHO,primary,1267,0.16586986467871317
DES_RHO,primary,1268,0.033465683494044246
DES_RHO,primary,1269,-0.1840207438619236
DES_RHO,primary,1270,-0.08824244388623288
DES_RHO,primary,1271,-0.10169354185236204
DES_RHO,primary,1272,-0.024714366744996354
DES_RHO,primary,1273,0.2443075925775869
DES_RHO,primary,1274,0.005429057612835282
DES_RHO,primary,1275,-0.1013694190098047
DES_RHO,primary,1276,-0.09893849769062477
DES_RHO,primary,1277,-0.16295275909569723
DES_RHO,primary,1278,-0.10250384895875538
DES_RHO,primary,1279,-0.08759419820111823
DES_RHO,primary,1280,-0.10687950733327932
DES_RHO,primary,1281,-0.3436512438214083
DES_RHO,primary,1282,0.02066283121302975
DES_RHO,primary,1283,0.041406693136698786
DES_RHO,primary,1284,-0.002187829187261962
DES_RHO,primary,1285,0.3394376468681631
DES_RHO,primary,1286,-0.3553196661534721
DES_RHO,primary,1287,-0.019528401264079096
DES_RHO,primary,1288,0.18726197228749697
DES_RHO,primary,1289,0.19066526213434892
DES_RHO,primary,1290,-0.005915241876671254
DES_RHO,primary,1291,-0.22810145044972044
DES_RHO,primary,1292,-0.07916700429462764
DES_RHO,primary,1293,0.010615023093752536
DES_RHO,primary,1294,-0.24592820679037355
DES_RHO,primary,1295,0.16035977635523863
DES_RHO,primary,1296,-0.08694595251600354
DES_RHO,primary,1297,-0.013694190098047145
DES_RHO,primary,1298,-0.004456689085163291
DES_RHO,primary,1299,-0.05550603678794267
DES_RHO,primary,1300,-0.15565999513815734
DES_RHO,primary,1301,0.11319990276314726
DES_RHO,primary,1302,-0.030224455068470983
DES_RHO,primary,1303,0.0477270885665667
DES_RHO,primary,1304,-0.05955757231990925
DES_RHO,primary,1305,-0.11676525403127784
DES_RHO,primary,1306,-0.04545822866866541
DES_RHO,primary,1307,-0.10217972611619805
DES_RHO,primary,1308,0.061016125111417206
DES_RHO,primary,1309,0.1264889393079977
DES_RHO,primary,1310,-0.09585933068633012
DES_RHO,primary,1311,0.005104934770277942
DES_RHO,primary,1312,-0.04237906166437078
DES_RHO,primary,1313,0.012235637306539189
DES_RHO,primary,1314,-0.0942387164735435
DES_RHO,primary,1315,0.10931042865245931
DES_RHO,primary,1316,-0.09504902357993682
DES_RHO,primary,1317,-0.16765254031277854
DES_RHO,primary,1318,-0.43391945547362454
DES_RHO,primary,1319,-0.17267644437241716
DES_RHO,primary,1320,-0.05712665100072927
DES_RHO,primary,1321,-0.24576614536909488
DES_RHO,primary,1322,-0.08062555708613565
DES_RHO,primary,1323,-0.06911919617535049
DES_RHO,primary,1324,-0.04886151851551738
DES_RHO,primary,1325,-0.3032979499230209
DES_RHO,primary,1326,0.03816546471112552
DES_RHO,primary,1327,-0.14447775706992952
DES_RHO,primary,1328,0.15468762661048538
DES_RHO,primary,1329,0.38708370472409037
DES_RHO,primary,1330,0.02552467385138968
DES_RHO,primary,1331,-0.14561218701888015
DES_RHO,primary,1332,0.02941414796207763
DES_RHO,primary,1333,-0.03362774491532289
DES_RHO,primary,1334,0.052426869783648
DES_RHO,primary,1335,-0.20800583421116606
DES_RHO,primary,1336,0.1486913540231748
DES_RHO,primary,1337,-0.20249574588769145
DES_RHO,primary,1338,0.014828620046997813
DES_RHO,primary,1339,0.00024309213191801716
DES_RHO,primary,1340,0.10671744591200066
DES_RHO,primary,1341,0.09602139210760875
DES_RHO,primary,1342,-0.062474677902925234
DES_RHO,primary,1343,-0.20427842152175674
DES_RHO,primary,1344,0.21448829106231265
DES_RHO,primary,1345,0.23393566161575235
DES_RHO,primary,1346,0.04950976420063203
DES_RHO,primary,1347,0.11287577992058989
DES_RHO,primary,1348,0.013370067255489846
DES_RHO,primary,1349,-0.3648812900089134
DES_RHO,primary,1350,-0.079977311401021
DES_RHO,primary,1351,0.18839640223644766
DES_RHO,primary,1352,-0.2796369824163357
DES_RHO,primary,1353,-0.32015233773600194
DES_RHO,primary,1354,-0.039137833238797506
DES_RHO,primary,1355,-0.1943926748237582
DES_RHO,primary,1356,-0.16522161899359852
DES_RHO,primary,1357,0.006725548983064597
DES_RHO,primary,1358,0.1793209626448424
DES_RHO,primary,1359,0.015638927153391134
DES_RHO,primary,1360,0.09991086621829676
DES_RHO,primary,1361,-0.17073170731707318
DES_RHO,primary,1362,-0.08581152256705293
DES_RHO,primary,1363,0.058747265213515934
DES_RHO,primary,1364,0.13556437889960296
DES_RHO,primary,1365,0.0715501174945304
DES_RHO,primary,1366,0.2112470626367393
DES_RHO,primary,1367,0.10590713880560733
DES_RHO,primary,1368,-0.1668422332063852
DES_RHO,primary,1369,0.08289441698403698
DES_RHO,primary,1370,0.08127380277125032
DES_RHO,primary,1371,-0.2566242605947654
DES_RHO,primary,1372,-0.08305647840531558
DES_RHO,primary,1373,-0.013532128676768477
DES_RHO,primary,1374,0.3156146179401993
DES_RHO,primary,1375,0.2457661453690948
DES_RHO,primary,1376,0.15225670529130542
DES_RHO,primary,1377,0.25386921643302807
DES_RHO,primary,1378,0.22712908192204845
DES_RHO,primary,1379,-0.2940604489101369
DES_RHO,primary,1380,-0.35564378899602944
DES_RHO,primary,1381,0.12632687788671906
DES_RHO,primary,1382,0.09715582205655944
DES_RHO,primary,1383,-0.1256786322016044
DES_RHO,primary,1384,-0.02422818248116038
DES_RHO,primary,1385,-0.09618345352888744
DES_RHO,primary,1386,0.14901547686573213
DES_RHO,primary,1387,0.216757150960214
DES_RHO,primary,1388,-0.002998136293655275
DES_RHO,primary,1389,-0.31091483672311804
DES_RHO,primary,1390,-0.15225670529130544
DES_RHO,primary,1391,-0.19617535045782344
DES_RHO,primary,1392,-0.130702536261243
DES_RHO,primary,1393,0.16360100478081194
DES_RHO,primary,1394,-0.1339437646868163
DES_RHO,primary,1395,0.2174053966453286
DES_RHO,primary,1396,-0.045620290089944095
DES_RHO,primary,1397,0.053885422575155995
DES_RHO,primary,1398,-0.08435296977554493
DES_RHO,primary,1399,0.10801393728222995
DES_RHO,primary,1400,0.2332874159306377
DES_RHO,primary,1401,-0.04124463171542013
DES_RHO,primary,1402,-0.1930961834535289
DES_RHO,primary,1403,0.012559760149096513
DES_RHO,primary,1404,-0.01369419009804715
DES_RHO,primary,1405,-0.07722226723928367
DES_RHO,primary,1406,-0.20217162304513406
DES_RHO,primary,1407,-0.24592820679037355
DES_RHO,primary,1408,0.027793533749290965
DES_RHO,primary,1409,-0.12373389514626043
DES_RHO,primary,1410,-0.19309618345352886
DES_RHO,primary,1411,0.15565999513815734
DES_RHO,primary,1412,0.025686735272668324
DES_RHO,primary,1413,-0.1545255651892067
DES_RHO,primary,1414,0.14982578397212537
DES_RHO,primary,1415,-0.2459282067903735
DES_RHO,primary,1416,-0.27120978850984523
DES_RHO,primary,1417,-0.02698322664289763
DES_RHO,primary,1418,0.10055911190341141
DES_RHO,primary,1419,-0.14545012559760148
DES_RHO,primary,1420,-0.3648812900089134
DES_RHO,primary,1421,0.04399967587715741
DES_RHO,primary,1422,-0.04950976420063204
DES_RHO,primary,1423,0.03476217486427356
DES_RHO,primary,1424,-0.28968479053561297
DES_RHO,primary,1425,-0.11157928855036058
DES_RHO,primary,1426,-0.05453366826027065
DES_RHO,primary,1427,-0.1358885017421603
DES_RHO,primary,1428,-0.11789968398022851
DES_RHO,primary,1429,0.09148367231180615
DES_RHO,primary,1430,-0.011587391621424513
DES_RHO,primary,1431,-0.0010533992383113216
DES_RHO,primary,1432,0.11093104286524594
DES_RHO,primary,1433,-0.1125516570780326
DES_RHO,primary,1434,-0.19974070172595418
DES_RHO,primary,1435,-0.09326634794587149
DES_RHO,primary,1436,0.06279880074548257
DES_RHO,primary,1437,-0.01725954136617775
DES_RHO,primary,1438,-0.002349890608540633
DES_RHO,primary,1439,0.07333279312859571
DES_RHO,primary,1440,-0.11919617535045779
DES_RHO,primary,1441,-0.1339437646868163
DES_RHO,primary,1442,-0.05258893120492666
DES_RHO,primary,1443,0.08111174134997165
DES_RHO,primary,1444,0.10169354185236204
DES_RHO,primary,1445,-0.10623126164816468
DES_RHO,primary,1446,-0.4857791102827972
DES_RHO,primary,1447,-0.11174134997163926
DES_RHO,primary,1448,-0.18418280528320233
DES_RHO,primary,1449,0.046592658617616044
DES_RHO,primary,1450,0.02649704237906167
DES_RHO,primary,1451,0.2105988169516247
DES_RHO,primary,1452,0.09585933068633015
DES_RHO,primary,1453,-0.22161899359857384
DES_RHO,primary,1454,-0.3514301920427842
DES_RHO,primary,1455,0.07527753018393972
DES_RHO,primary,1456,0.08289441698403693
DES_RHO,primary,1457,0.09310428652459282
DES_RHO,primary,1458,0.017097479944899102
DES_RHO,primary,1459,0.06960538043918646
DES_RHO,primary,1460,-0.1091483672311807
DES_RHO,primary,1461,0.10153148043108337
DES_RHO,primary,1462,-0.18596548091726767
DES_RHO,primary,1463,0.10153148043108337
DES_RHO,primary,1464,-0.027145288064176303
DES_RHO,primary,1465,0.2593793047565027
DES_RHO,primary,1466,-0.047402965724009406
DES_RHO,primary,1467,-0.1569564865083867
DES_RHO,primary,1468,0.02909002511952031
DES_RHO,primary,1469,0.043189368770764104
DES_RHO,primary,1470,0.1344299489506523
DES_RHO,primary,1471,0.16100802204035333
DES_RHO,primary,1472,0.029576209383356297
DES_RHO,primary,1473,-0.022769629689652397
DES_RHO,primary,1474,0.0666882748561705
DES_RHO,primary,1475,-0.10347621748642734
DES_RHO,primary,1476,0.1895308321853982
DES_RHO,primary,1477,0.05550603678794264
DES_RHO,primary,1478,-0.1801312697512357
DES_RHO,primary,1479,-0.08435296977554492
DES_RHO,primary,1480,-0.0605299408475812
DES_RHO,primary,1481,0.049347702779353346
DES_RHO,primary,1482,-0.2264808362369338
DES_RHO,primary,1483,-0.05615428247305731
DES_RHO,primary,1484,-0.14804310833806014
DES_RHO,primary,1485,0.11870999108662182
DES_RHO,primary,1486,-0.21384004537719795
DES_RHO,primary,1487,0.0008913378170326558
DES_RHO,primary,1488,-0.0767360829754477
DES_RHO,primary,1489,0.13767117737622558
DES_RHO,primary,1490,0.03767928044728952
DES_RHO,primary,1491,0.03152094643870026
DES_RHO,primary,1492,0.24884531237338953
DES_RHO,primary,1493,0.04464792156227211
DES_RHO,primary,1494,0.009642654566080535
DES_RHO,primary,1495,-0.056640466736893255
DES_RHO,primary,1496,-0.04578235151122275
DES_RHO,primary,1497,-0.029252086540798975
DES_RHO,primary,1498,-0.04351349161332142
DES_RHO,primary,1499,-0.07738432866056234
DES_RHO,primary,1500,-0.025362612430111005
DES_RHO,primary,1501,-0.10768981443967261
DES_RHO,primary,1502,0.12989222915484966
DES_RHO,primary,1503,0.05129243983469733
DES_RHO,primary,1504,0.14512600275504417
DES_RHO,primary,1505,-0.012397698727817853
DES_RHO,primary,1506,0.07560165302649702
DES_RHO,primary,1507,-0.11238959565675392
DES_RHO,primary,1508,0.1627906976744186
DES_RHO,primary,1509,0.15809091645733733
DES_RHO,primary,1510,0.4156065148691353
DES_RHO,primary,1511,-0.07770845150311968
DES_RHO,primary,1512,0.13880560732517622
DES_RHO,primary,1513,-0.12357183372498176
DES_RHO,primary,1514,0.15711854792966531
DES_RHO,primary,1515,-0.13588850174216027
DES_RHO,primary,1516,-0.02487642816627501
DES_RHO,primary,1517,-0.0162871728385058
DES_RHO,primary,1518,-0.1232477108824244
DES_RHO,primary,1519,0.08467709261810226
DES_RHO,primary,1520,-0.18077951543635037
DES_RHO,primary,1521,0.16651811036382794
DES_RHO,primary,1522,0.05291305404748397
DES_RHO,primary,1523,-0.08727007535856089
DES_RHO,primary,1524,-0.16392512762336925
DES_RHO,primary,1525,0.1166031926099992
DES_RHO,primary,1526,-0.4506117818653269
DES_RHO,primary,1527,-0.18061745401507173
DES_RHO,primary,1528,-0.007859978932015219
DES_RHO,primary,1529,-0.19179969208329956
DES_RHO,primary,1530,0.08662182967344625
DES_RHO,primary,1531,-0.15209464387002672
DES_RHO,primary,1532,-0.0029981362936553108
DES_RHO,primary,1533,-0.1295681063122924
DES_RHO,primary,1534,0.12049266672068712
DES_RHO,primary,1535,-0.1704075844745158
DES_RHO,primary,1536,0.15241876671258406
DES_RHO,primary,1537,-0.004294627663884604
DES_RHO,primary,1538,-0.06555384490721984
DES_RHO,primary,1539,0.35661615752370146
DES_RHO,primary,1540,-0.04027226318774814
DES_RHO,primary,1541,0.22891175755611376
DES_RHO,primary,1542,8.103071063934148e-05
DES_RHO,primary,1543,-0.10671744591200064
DES_RHO,primary,1544,-0.09958674337573942
DES_RHO,primary,1545,0.1101207357588526
DES_RHO,primary,1546,0.05501985252410663
DES_RHO,primary,1547,0.1783485941171704
DES_RHO,primary,1548,-0.12114091240580177
DES_RHO,primary,1549,0.19682359614293818
DES_RHO,primary,1550,0.16797666315533588
DES_RHO,primary,1551,0.03557248197066688
DES_RHO,primary,1552,0.23555627582853902
DES_RHO,primary,1553,-0.22761526618588443
DES_RHO,primary,1554,-0.14690867838910945
DES_RHO,primary,1555,0.24868325095211083
DES_RHO,primary,1556,8.103071063932033e-05
DES_RHO,primary,1557,-0.1627906976744186
DES_RHO,primary,1558,0.20849201847500204
DES_RHO,primary,1559,-0.23798719714771893
DES_RHO,primary,1560,-0.24252491694352157
DES_RHO,primary,1561,0.4104205493882181
DES_RHO,primary,1562,0.06166437079653188
DES_RHO,primary,1563,-0.07754639008184099
DES_RHO,primary,1564,0.013208005834211162
DES_RHO,primary,1565,-0.18677578802366096
DES_RHO,primary,1566,0.13702293169111093
DES_RHO,primary,1567,-0.06134024795397452
DES_RHO,primary,1568,-0.10250384895875535
DES_RHO,primary,1569,-0.13848148448261893
DES_RHO,primary,1570,0.04967182562191069
DES_RHO,primary,1571,-0.01272182157037519
DES_RHO,primary,1572,0.3049185641358075
DES_RHO,primary,1573,0.16635604894254924
DES_RHO,primary,1574,0.07333279312859575
DES_RHO,primary,1575,-0.01742160278745647
DES_RHO,primary,1576,0.12162709666963785
DES_RHO,primary,1577,-0.03168300785997893
DES_RHO,primary,1578,-0.37638765091969856
DES_RHO,primary,1579,-0.14026416011668424
DES_RHO,primary,1580,-0.15711854792966534
DES_RHO,primary,1581,0.09326634794587149
DES_RHO,primary,1582,-0.12373389514626043
DES_RHO,primary,1583,0.09278016368203548
DES_RHO,primary,1584,-0.13507819463576695
DES_RHO,primary,1585,0.14415363422737215
DES_RHO,primary,1586,0.09326634794587145
DES_RHO,primary,1587,0.2425249169435216
DES_RHO,primary,1588,-0.12503038651648973
DES_RHO,primary,1589,0.11222753423547524
DES_RHO,primary,1590,-0.00591524187667123
DES_RHO,primary,1591,-0.009156470302244545
DES_RHO,primary,1592,0.12211328093347376
DES_RHO,primary,1593,-0.14820516975933878
DES_RHO,primary,1594,-0.06279880074548255
DES_RHO,primary,1595,-0.06198849363908917
DES_RHO,primary,1596,-0.18855846365772627
DES_RHO,primary,1597,-0.07057774896685845
DES_RHO,primary,1598,-0.061016125111417185
DES_RHO,primary,1599,-0.1237338951462604
DES_RHO,primary,1600,0.02698322664289768
DES_RHO,primary,1601,-0.1319990276314723
DES_RHO,primary,1602,-0.004942873348999278
DES_RHO,primary,1603,0.15954946924884533
DES_RHO,primary,1604,0.023417875374767055
DES_RHO,primary,1605,-0.12567863220160436
DES_RHO,primary,1606,0.10850012154606592
DES_RHO,primary,1607,0.04075844745158415
DES_RHO,primary,1608,0.07171217891580908
DES_RHO,primary,1609,-0.32290738189773927
DES_RHO,primary,1610,0.07900494287334901
DES_RHO,primary,1611,0.11255165707803257
DES_RHO,primary,1612,0.0579369581071226
DES_RHO,primary,1613,-0.12859573778462036
DES_RHO,primary,1614,-0.07365691597115306
DES_RHO,primary,1615,0.14123652864435618
DES_RHO,primary,1616,-0.10315209464387004
DES_RHO,primary,1617,0.1614942063041893
DES_RHO,primary,1618,0.14382951138481487
DES_RHO,primary,1619,0.06652621343489187
DES_RHO,primary,1620,0.25030386516489755
DES_RHO,primary,1621,-0.34170650676606434
DES_RHO,primary,1622,0.2809334737865651
DES_RHO,primary,1623,-0.2750992626205332
DES_RHO,primary,1624,0.20832995705372337
DES_RHO,primary,1625,0.07754639008184103
DES_RHO,primary,1626,0.1968235961429382
DES_RHO,primary,1627,0.09942468195446069
DES_RHO,primary,1628,-0.013208005834211148
DES_RHO,primary,1629,-0.2861194392674824
DES_RHO,primary,1630,0.2844988250546957
DES_RHO,primary,1631,0.0587472652135159
DES_RHO,primary,1632,0.45709423871647353
DES_RHO,primary,1633,-0.11822380682278584
DES_RHO,primary,1634,-0.02422818248116038
DES_RHO,primary,1635,0.11384814844826184
DES_RHO,primary,1636,-0.09958674337573942
DES_RHO,primary,1637,0.04432379871971476
DES_RHO,primary,1638,0.15549793371687867
DES_RHO,primary,1639,-0.38692164330281176
DES_RHO,primary,1640,-0.1509602139210761
DES_RHO,primary,1641,-0.3036220727655782
DES_RHO,primary,1642,0.20184750020257677
DES_RHO,primary,1643,-0.18175188396402236
DES_RHO,primary,1644,-0.00640142614050725
DES_RHO,primary,1645,0.12308564946114575
DES_RHO,primary,1646,-0.002511952029819295
DES_RHO,primary,1647,-0.14593630986143746
DES_RHO,primary,1648,-0.27234421845879586
DES_RHO,primary,1649,-0.237987197147719
DES_RHO,primary,1650,0.16846284741917186
DES_RHO,primary,1651,0.20411636010047807
DES_RHO,primary,1652,-0.05550603678794264
DES_RHO,primary,1653,-0.1354023174783243
DES_RHO,primary,1654,-0.2049266672068714
DES_RHO,primary,1655,0.1352402560570456
DES_RHO,primary,1656,0.21821570375172186
DES_RHO,primary,1657,0.1337817032655376
DES_RHO,primary,1658,0.13005429057612833
DES_RHO,primary,1659,0.014504497204440485
DES_RHO,primary,1660,0.04124463171542016
DES_RHO,primary,1661,0.027793533749290993
DES_RHO,primary,1662,-0.047240904302730764
DES_RHO,primary,1663,-0.18272425249169433
DES_RHO,primary,1664,-0.06539178348594114
DES_RHO,primary,1665,-0.2846608864759744
DES_RHO,primary,1666,-0.01110120735758854
DES_RHO,primary,1667,0.045782351511222764
DES_RHO,primary,1668,0.00915647030224454
DES_RHO,primary,1669,0.08905275099262623
DES_RHO,primary,1670,-0.23199092456040843
DES_RHO,primary,1671,0.11676525403127787
DES_RHO,primary,1672,0.1964994733003808
DES_RHO,primary,1673,0.2199983793857872
DES_RHO,primary,1674,0.2105988169516247
DES_RHO,primary,1675,-0.09229397941819949
DES_RHO,primary,1676,-0.0702536261243011
DES_RHO,primary,1677,0.05955757231990924
DES_RHO,primary,1678,0.04756502714528805
DES_RHO,primary,1679,-0.049833887043189376
DES_RHO,primary,1680,0.061016125111417206
DES_RHO,primary,1681,-0.01693541852362046
DES_RHO,primary,1682,-0.079004942873349
DES_RHO,primary,1683,-0.06490559922210515
DES_RHO,primary,1684,0.010939145936309836
DES_RHO,primary,1685,-0.3890284417794344
DES_RHO,primary,1686,-0.18191394538530103
DES_RHO,primary,1687,-0.04918564135807468
DES_RHO,primary,1688,-0.15501174945304266
DES_RHO,primary,1689,0.2809334737865651
DES_RHO,primary,1690,-0.12081678956324444
DES_RHO,primary,1691,-0.020824892634308423
DES_RHO,primary,1692,0.15971153067012397
DES_RHO,primary,1693,0.0474029657240094
DES_RHO,primary,1694,-0.07381897739243172
DES_RHO,primary,1695,0.022931691110931064
DES_RHO,primary,1696,-0.19974070172595412
DES_RHO,primary,1697,0.059395510898630585
DES_RHO,primary,1698,0.24609026821165217
DES_RHO,primary,1699,0.14366744996353617
DES_RHO,primary,1700,-0.031196823596142925
DES_RHO,primary,1701,-0.04011020176646948
DES_RHO,primary,1702,-0.27218215703751725
DES_RHO,primary,1703,0.009318531723523203
DES_RHO,primary,1704,0.1261648164654404
DES_RHO,primary,1705,0.19147556924074224
DES_RHO,primary,1706,-0.16651811036382794
DES_RHO,primary,1707,-0.07868082003079169
DES_RHO,primary,1708,0.2422007941009643
DES_RHO,primary,1709,-0.23037031034762176
DES_RHO,primary,1710,-0.05712665100072925
DES_RHO,primary,1711,-0.1088242443886233
DES_RHO,primary,1712,0.08759419820111822
DES_RHO,primary,1713,0.20735758852605135
DES_RHO,primary,1714,-0.05696458957945062
DES_RHO,primary,1715,0.19034113929179156
DES_RHO,primary,1716,0.03978607892391216
DES_RHO,primary,1717,0.2460902682116522
DES_RHO,primary,1718,-0.08289441698403695
DES_RHO,primary,1719,-0.24463171542014425
DES_RHO,primary,1720,0.06668827485617047
DES_RHO,primary,1721,-0.26197228749696133
DES_RHO,primary,1722,0.07300867028603843
DES_RHO,primary,1723,0.002836074872376626
DES_RHO,primary,1724,0.28968479053561297
DES_RHO,primary,1725,-0.08111174134997168
DES_RHO,primary,1726,0.20622315857710072
DES_RHO,primary,1727,-0.1454501255976015
DES_RHO,primary,1728,-0.05939551089863058
DES_RHO,primary,1729,0.12243740377603111
DES_RHO,primary,1730,-0.08175998703508627
DES_RHO,primary,1731,0.25581395348837205
DES_RHO,primary,1732,0.09115954946924883
DES_RHO,primary,1733,-0.06506766064338379
DES_RHO,primary,1734,0.0021878291872620063
DES_RHO,primary,1735,-0.3258244874807552
DES_RHO,primary,1736,0.08564946114577426
DES_RHO,primary,1737,0.025200551008832332
DES_RHO,primary,1738,0.24479377684142292
DES_RHO,primary,1739,-0.13994003727412685
DES_RHO,primary,1740,0.046106474353780035
DES_RHO,primary,1741,-0.0498338870431894
DES_RHO,primary,1742,-0.17656591848310507
DES_RHO,primary,1743,0.007211733246900591
DES_RHO,primary,1744,-0.10169354185236201
DES_RHO,primary,1745,0.27007535856089454
DES_RHO,primary,1746,-0.03054857791102828
DES_RHO,primary,1747,0.1054209545417713
DES_RHO,primary,1748,-0.08824244388623292
DES_RHO,primary,1749,-0.20800583421116606
DES_RHO,primary,1750,-0.07171217891580908
DES_RHO,primary,1751,0.1973097804067742
DES_RHO,primary,1752,0.2678064986629933
DES_RHO,primary,1753,-0.13637468600599623
DES_RHO,primary,1754,-0.022931691110931064
DES_RHO,primary,1755,-0.05631634389433595
DES_RHO,primary,1756,-0.07025362612430111
DES_RHO,primary,1757,-0.024876428166275028
DES_RHO,primary,1758,-0.06587796774977711
DES_RHO,primary,1759,0.10072117332469002
DES_RHO,primary,1760,-0.11968235961429381
DES_RHO,primary,1761,0.1096345514950166
DES_RHO,primary,1762,-0.12778543067822706
DES_RHO,primary,1763,0.15484968803176408
DES_RHO,primary,1764,-0.1632768819382546
DES_RHO,primary,1765,0.006887610404343264
DES_RHO,primary,1766,-0.02633498095778301
DES_RHO,primary,1767,-0.09132161089052751
DES_RHO,primary,1768,0.23636658293493237
DES_RHO,primary,1769,0.08159792561380763
DES_RHO,primary,1770,-0.4198201118223806
DES_RHO,primary,1771,-0.18110363827890769
DES_RHO,primary,1772,0.30897009966777406
DES_RHO,primary,1773,0.1554979337168787
DES_RHO,primary,1774,0.08451503119682358
DES_RHO,primary,1775,-0.1349161332144883
DES_RHO,primary,1776,0.41074467223077543
DES_RHO,primary,1777,-0.45142208897172037
DES_RHO,primary,1778,0.04448586014099341
DES_RHO,primary,1779,0.058909326634794604
DES_RHO,primary,1780,0.05339923831132
DES_RHO,primary,1781,0.16052183777651724
DES_RHO,primary,1782,-0.02844177943440566
DES_RHO,primary,1783,0.14723280123166682
DES_RHO,primary,1784,0.04124463171542014
DES_RHO,primary,1785,-0.08791832104367556
DES_RHO,primary,1786,0.10493477027793534
DES_RHO,primary,1787,0.049023579936796034
DES_RHO,primary,1788,0.20784377278988733
DES_RHO,primary,1789,-0.2522486022202414
DES_RHO,primary,1790,-0.13459201037193094
DES_RHO,primary,1791,-0.02082489263430845
DES_RHO,primary,1792,0.15857710072117331
DES_RHO,primary,1793,0.17170407584474515
DES_RHO,primary,1794,0.3867595818815331
DES_RHO,primary,1795,0.03557248197066686
DES_RHO,primary,1796,-0.035734543391945546
DES_RHO,primary,1797,0.07252248602220239
DES_RHO,primary,1798,0.10525889312049268
DES_RHO,primary,1799,0.19406855198120088
DES_RHO,primary,1800,0.1760797342192691
DES_RHO,primary,1801,0.2943845717526942
DES_RHO,primary,1802,-0.07236042460092376
DES_RHO,primary,1803,-0.18175188396402236
DES_RHO,primary,1804,0.13718499311238957
DES_RHO,primary,1805,-0.07754639008184101
DES_RHO,primary,1806,0.011263268778867162
DES_RHO,primary,1807,-0.010939145936309893
DES_RHO,primary,1808,0.010939145936309857
DES_RHO,primary,1809,-0.13167490478891497
DES_RHO,primary,1810,0.07673608297544772
DES_RHO,primary,1811,0.14188477432947086
DES_RHO,primary,1812,-0.09877643626934608
DES_RHO,primary,1813,-0.16927315452556518
DES_RHO,primary,1814,-0.02455230532371768
DES_RHO,primary,1815,-0.01790778705129243
DES_RHO,primary,1816,0.10493477027793534
DES_RHO,primary,1817,0.04399967587715745
DES_RHO,primary,1818,0.26245847176079734
DES_RHO,primary,1819,0.06101612511141724
DES_RHO,primary,1820,-0.23912162709666962
DES_RHO,primary,1821,-0.045134105826108085
DES_RHO,primary,1822,-0.04999594846446803
DES_RHO,primary,1823,0.010615023093752528
DES_RHO,primary,1824,-0.20832995705372337
DES_RHO,primary,1825,-0.2020095616238554
DES_RHO,primary,1826,-0.21173324690057527
DES_RHO,primary,1827,-0.2624584717607973
DES_RHO,primary,1828,0.259217243335224
DES_RHO,primary,1829,-0.0008913378170326505
DES_RHO,primary,1830,0.022607568268373696
DES_RHO,primary,1831,0.01466655862571916
DES_RHO,primary,1832,-0.09310428652459284
DES_RHO,primary,1833,-0.07835669718823436
DES_RHO,primary,1834,0.13507819463576695
DES_RHO,primary,1835,-0.2608378575480107
DES_RHO,primary,1836,0.22356373065391788
DES_RHO,primary,1837,0.05615428247305729
DES_RHO,primary,1838,0.07835669718823433
DES_RHO,primary,1839,0.22161899359857384
DES_RHO,primary,1840,-0.07430516165626774
DES_RHO,primary,1841,-0.07608783729033304
DES_RHO,primary,1842,-0.09472490073737946
DES_RHO,primary,1843,-0.03881371039624017
DES_RHO,primary,1844,-0.129730167733571
DES_RHO,primary,1845,-0.03038651648974963
DES_RHO,primary,1846,-0.08402884693298758
DES_RHO,primary,1847,0.16700429462766384
DES_RHO,primary,1848,-0.04578235151122273
DES_RHO,primary,1849,0.20200956162385544
DES_RHO,primary,1850,0.23782513572644032
DES_RHO,primary,1851,-0.0360586662345029
DES_RHO,primary,1852,-0.044161737298436095
DES_RHO,primary,1853,0.09893849769062475
DES_RHO,primary,1854,-0.1083380601247873
DES_RHO,primary,1855,-0.050482132728304006
DES_RHO,primary,1856,0.129730167733571
DES_RHO,primary,1857,0.09845231342678878
DES_RHO,primary,1858,-0.051454501255976004
DES_RHO,primary,1859,-0.28968479053561297
DES_RHO,primary,1860,-0.059395510898630564
DES_RHO,primary,1861,0.31172514382951144
DES_RHO,primary,1862,0.07851875860951299
DES_RHO,primary,1863,-0.11206547281419658
DES_RHO,primary,1864,-0.21481241390486994
DES_RHO,primary,1865,-0.006563487561785909
DES_RHO,primary,1866,-0.07657402155416902
DES_RHO,primary,1867,0.31512843367636334
DES_RHO,primary,1868,-0.03800340328984685
DES_RHO,primary,1869,-0.13653674742727492
DES_RHO,primary,1870,0.023579936796045715
DES_RHO,primary,1871,0.028765902276962994
DES_RHO,primary,1872,0.047565027145288055
DES_RHO,primary,1873,0.051616562677254674
DES_RHO,primary,1874,-0.024228182481160338
DES_RHO,primary,1875,-0.03524835912810955
DES_RHO,primary,1876,0.1188720525079005
DES_RHO,primary,1877,-0.25143829511384813
DES_RHO,primary,1878,0.12551657078032571
DES_RHO,primary,1879,0.22826351187099916
DES_RHO,primary,1880,-0.07041568754557978
DES_RHO,primary,1881,-0.005266996191556604
DES_RHO,primary,1882,0.04221700024309215
DES_RHO,primary,1883,0.005753180455392611
DES_RHO,primary,1884,0.2428490397860789
DES_RHO,primary,1885,-0.12243740377603105
DES_RHO,primary,1886,-0.16084596061907466
DES_RHO,primary,1887,-0.26213434891824
DES_RHO,primary,1888,0.1366988088485536
DES_RHO,primary,1889,0.18045539259379298
DES_RHO,primary,1890,0.44412932501418034
DES_RHO,primary,1891,0.2315047402965724
DES_RHO,primary,1892,0.2243740377603111
DES_RHO,primary,1893,0.11952029819301513
DES_RHO,primary,1894,-0.12697512357183371
DES_RHO,primary,1895,-0.03184506928125762
DES_RHO,primary,1896,-0.029900332225913644
DES_RHO,primary,1897,-0.14593630986143746
DES_RHO,primary,1898,0.17316262863625315
DES_RHO,primary,1899,0.09650757637144478
DES_RHO,primary,1900,0.11093104286524595
DES_RHO,primary,1901,0.22032250222834454
DES_RHO,primary,1902,-0.03330362207276557
DES_RHO,primary,1903,-0.05323717689004132
DES_RHO,primary,1904,-0.1648974961510413
DES_RHO,primary,1905,-0.15825297787861597
DES_RHO,primary,1906,0.1697593387894012
DES_RHO,primary,1907,0.13783323879750423
DES_RHO,primary,1908,-0.14626043270399483
DES_RHO,primary,1909,-0.23604246009237495
DES_RHO,primary,1910,-0.07706020581800502
DES_RHO,primary,1911,0.2057369743132647
DES_RHO,primary,1912,-0.06409529211571187
DES_RHO,primary,1913,0.1136860870269832
DES_RHO,primary,1914,0.10055911190341138
DES_RHO,primary,1915,-0.09618345352888744
DES_RHO,primary,1916,0.11028279718013126
DES_RHO,primary,1917,-0.3425168138724577
DES_RHO,primary,1918,-0.13961591443156957
DES_RHO,primary,1919,0.005915241876671249
DES_RHO,primary,1920,0.14026416011668424
DES_RHO,primary,1921,0.02973827080463494
DES_RHO,primary,1922,0.12114091240580177
DES_RHO,primary,1923,-0.13378170326553768
DES_RHO,primary,1924,-0.13961591443156957
DES_RHO,primary,1925,-0.20508872862815
DES_RHO,primary,1926,-0.09229397941819949
DES_RHO,primary,1927,-0.07365691597115309
DES_RHO,primary,1928,0.21254355400696862
DES_RHO,primary,1929,-0.04659265861761607
DES_RHO,primary,1930,0.0644194149582692
DES_RHO,primary,1931,0.20557491289198607
DES_RHO,primary,1932,-0.1934203062960862
DES_RHO,primary,1933,-0.09359047078842882
DES_RHO,primary,1934,-0.04643059719633741
DES_RHO,primary,1935,-0.14917753828701072
DES_RHO,primary,1936,0.03378980633660156
DES_RHO,primary,1937,0.08678389109472488
DES_RHO,primary,1938,0.020014585527915102
DES_RHO,primary,1939,-0.13491613321448828
DES_RHO,primary,1940,-0.04254112308564945
DES_RHO,primary,1941,0.06928125759662909
DES_RHO,primary,1942,0.046430597196337416
DES_RHO,primary,1943,-0.045296167247386755
DES_RHO,primary,1944,0.12081678956324447
DES_RHO,primary,1945,-0.060043756583745236
DES_RHO,primary,1946,0.33538611133619645
DES_RHO,primary,1947,-0.1256786322016044
DES_RHO,primary,1948,-0.2561380763309294
DES_RHO,primary,1949,0.027145288064176338
DES_RHO,primary,1950,0.07398103881371038
DES_RHO,primary,1951,-0.38643545903897564
DES_RHO,primary,1952,0.0903492423628555
DES_RHO,primary,1953,0.12081678956324447
DES_RHO,primary,1954,0.08289441698403693
DES_RHO,primary,1955,-0.09245604083947814
DES_RHO,primary,1956,-0.04837533425168138
DES_RHO,primary,1957,-0.09342840936715016
DES_RHO,primary,1958,0.24771088242443887
DES_RHO,primary,1959,-0.029738270804634943
DES_RHO,primary,1960,-0.29551900170164497
DES_RHO,primary,1961,0.20006482456851143
DES_RHO,primary,1962,-0.04189287740053483
DES_RHO,primary,1963,-0.4238716473543474
DES_RHO,primary,1964,-0.02390405963860303
DES_RHO,primary,1965,0.023741998217324374
DES_RHO,primary,1966,-0.12891986062717767
DES_RHO,primary,1967,0.015638927153391123
DES_RHO,primary,1968,-0.1686249088404505
DES_RHO,primary,1969,-0.11303784134186856
DES_RHO,primary,1970,-0.0738189773924317
DES_RHO,primary,1971,0.04707884288145209
DES_RHO,primary,1972,0.36034357021311075
DES_RHO,primary,1973,0.020824892634308406
DES_RHO,primary,1974,0.15825297787861603
DES_RHO,primary,1975,-0.15792885503605866
DES_RHO,primary,1976,-0.1736488129000891
DES_RHO,primary,1977,0.2691029900332226
DES_RHO,primary,1978,0.14285714285714285
DES_RHO,primary,1979,-0.037193096183453546
DES_RHO,primary,1980,0.19682359614293812
DES_RHO,primary,1981,0.26958917429705853
DES_RHO,primary,1982,0.20038894741106877
DES_RHO,primary,1983,-0.3867595818815331
DES_RHO,primary,1984,0.04918564135807468
DES_RHO,primary,1985,0.10477270885665668
DES_RHO,primary,1986,-0.06652621343489182
DES_RHO,primary,1987,0.0890527509926262
DES_RHO,primary,1988,0.1524187667125841
DES_RHO,primary,1989,-0.185803419495989
DES_RHO,primary,1990,-0.06604002917105582
DES_RHO,primary,1991,0.07592577586905437
DES_RHO,primary,1992,0.04497204440482941
DES_RHO,primary,1993,0.24301110120735758
DES_RHO,primary,1994,0.3958350214731383
DES_RHO,primary,1995,-0.044323798719714765
DES_RHO,primary,1996,-0.03249331496637227
DES_RHO,primary,1997,-0.07560165302649705
DES_RHO,primary,1998,-0.07997731140102096
DES_RHO,primary,1999,-0.03103476217486428
DES_RHO,primary,2000,-0.025038489587553683
DES_RHO,primary,2001,0.02244550684709503
DES_RHO,primary,2002,0.02001458552791508
DES_RHO,primary,2003,0.19406855198120082
DES_RHO,primary,2004,0.17348675147881046
DES_RHO,primary,2005,0.050158009885746715
DES_RHO,primary,2006,-0.25030386516489744
DES_RHO,primary,2007,0.265051454501256
DES_RHO,primary,2008,-0.05469572968154929
DES_RHO,primary,2009,-0.07446722307754636
DES_RHO,primary,2010,-0.4128514707073981
DES_RHO,primary,2011,0.07333279312859574
DES_RHO,primary,2012,0.021635199740701716
DES_RHO,primary,2013,0.33489992707236044
DES_RHO,primary,2014,0.20541285147070742
DES_RHO,primary,2015,-0.09132161089052752
DES_RHO,primary,2016,-0.26602382302892796
DES_RHO,primary,2017,0.0840288469329876
DES_RHO,primary,2018,0.12778543067822704
DES_RHO,primary,2019,0.20103719309618345
DES_RHO,primary,2020,0.154363503767928
DES_RHO,primary,2021,0.027793533749290944
DES_RHO,primary,2022,-0.003646381978769966
DES_RHO,primary,2023,0.266510007292764
DES_RHO,primary,2024,0.042865245928206785
DES_RHO,primary,2025,-0.04432379871971478
DES_RHO,primary,2026,0.08548739972449561
DES_RHO,primary,2027,0.12259946519730977
DES_RHO,primary,2028,0.043999675877157446
DES_RHO,primary,2029,0.06425735353699048
DES_RHO,primary,2030,-0.012073575885260495
DES_RHO,primary,2031,0.09196985657564216
DES_RHO,primary,2032,-0.04480998298355075
DES_RHO,primary,2033,-0.11255165707803255
DES_RHO,primary,2034,-0.17137995300218783
DES_RHO,primary,2035,-0.131674904788915
DES_RHO,primary,2036,0.012721821570375158
DES_RHO,primary,2037,-0.020824892634308385
DES_RHO,primary,2038,-0.05339923831132002
DES_RHO,primary,2039,-0.10331415606514868
DES_RHO,primary,2040,0.022769629689652397
DES_RHO,primary,2041,-0.26310671744591196
DES_RHO,primary,2042,0.06604002917105582
DES_RHO,primary,2043,0.009642654566080554
DES_RHO,primary,2044,-0.02082489263430838
DES_RHO,primary,2045,0.07868082003079169
DES_RHO,primary,2046,0.03443805202171622
DES_RHO,primary,2047,0.07187424033708775
DES_RHO,primary,2048,0.1856413580747103
DES_RHO,primary,2049,-0.05680252815817196
DES_RHO,primary,2050,-0.13507819463576695
DES_RHO,primary,2051,-0.10461064743537801
DES_RHO,primary,2052,-0.05955757231990923
DES_RHO,primary,2053,-0.005591119034113959
DES_RHO,primary,2054,-0.004780811927720644
DES_RHO,primary,2055,-0.025038489587553676
DES_RHO,primary,2056,-0.261648164654404
DES_RHO,primary,2057,0.08872862815006888
DES_RHO,primary,2058,-0.16619398752127057
DES_RHO,primary,2059,0.0324933149663723
DES_RHO,primary,2060,0.032169192123814916
DES_RHO,primary,2061,-0.0707398103881371
DES_RHO,primary,2062,-0.00413256624260598
DES_RHO,primary,2063,-0.3759014666558625
DES_RHO,primary,2064,-0.11595494692488453
DES_RHO,primary,2065,-0.25711044485860146
DES_RHO,primary,2066,0.08467709261810227
DES_RHO,primary,2067,-0.20654728141965806
DES_RHO,primary,2068,0.07219836317964508
DES_RHO,primary,2069,-0.31188720525079006
DES_RHO,primary,2070,0.09196985657564216
DES_RHO,primary,2071,-0.15096021392107603
DES_RHO,primary,2072,-0.19747184182805283
DES_RHO,primary,2073,0.015963049995948452
DES_RHO,primary,2074,-0.09731788347783812
DES_RHO,primary,2075,-0.24803500526699618
DES_RHO,primary,2076,0.09974880479701806
DES_RHO,primary,2077,0.2750992626205332
DES_RHO,primary,2078,-0.0221213840045377
DES_RHO,primary,2079,-0.0046187505064419305
DES_RHO,primary,2080,0.01029090025119522
DES_RHO,primary,2081,-0.1303784134186857
DES_RHO,primary,2082,-0.22761526618588446
DES_RHO,primary,2083,-0.13637468600599628
DES_RHO,primary,2084,0.23490803014342432
DES_RHO,primary,2085,-0.3269589174297058
DES_RHO,primary,2086,-0.03038651648974963
DES_RHO,primary,2087,0.3139940037274127
DES_RHO,primary,2088,0.3712016854387813
DES_RHO,primary,2089,0.0666882748561705
DES_RHO,primary,2090,-0.010777084515031198
DES_RHO,primary,2091,-0.006887610404343246
DES_RHO,primary,2092,0.20411636010047804
DES_RHO,primary,2093,-0.11498257839721256
DES_RHO,primary,2094,0.005429057612835284
DES_RHO,primary,2095,0.13280933473786566
DES_RHO,primary,2096,-0.058585203792237237
DES_RHO,primary,2097,-0.08921481241390487
DES_RHO,primary,2098,0.029252086540798954
DES_RHO,primary,2099,0.20719552710477268
DES_RHO,primary,2100,-0.08192204845636496
DES_RHO,primary,2101,0.1480431083380601
DES_RHO,primary,2102,0.09974880479701806
DES_RHO,primary,2103,-0.04043432460902679
DES_RHO,primary,2104,0.20298193015152743
DES_RHO,primary,2105,-0.1673284174702212
DES_RHO,primary,2106,-0.078032574345677
DES_RHO,primary,2107,0.02827971801312699
DES_RHO,primary,2108,0.20265780730897012
DES_RHO,primary,2109,0.23831131999027627
DES_RHO,primary,2110,-0.15517381087432133
DES_RHO,primary,2111,0.1264889393079977
DES_RHO,primary,2112,0.3488372093023256
DES_RHO,primary,2113,-0.03346568349404424
DES_RHO,primary,2114,-0.14626043270399477
DES_RHO,primary,2115,-0.20589903573454335
DES_RHO,primary,2116,0.10072117332469001
DES_RHO,primary,2117,0.0644194149582692
DES_RHO,primary,2118,0.012721821570375193
DES_RHO,primary,2119,-0.21724333522404993
DES_RHO,primary,2120,-0.08354266266915159
DES_RHO,primary,2121,-0.1517705210274694
DES_RHO,primary,2122,-0.2901709747994489
DES_RHO,primary,2123,-0.15971153067012395
DES_RHO,primary,2124,0.291143343327121
DES_RHO,primary,2125,0.23863544283283367
DES_RHO,primary,2126,-0.06020581800502394
DES_RHO,primary,2127,0.03994814034519082
DES_RHO,primary,2128,-0.004456689085163269
DES_RHO,primary,2129,0.09148367231180617
DES_RHO,primary,2130,0.11206547281419654
DES_RHO,primary,2131,-0.13929179158901223
DES_RHO,primary,2132,-0.07155011749453041
DES_RHO,primary,2133,-0.3196661534721659
DES_RHO,primary,2134,-0.31674904788915
DES_RHO,primary,2135,0.1394538530102909
DES_RHO,primary,2136,-0.2720200956162386
DES_RHO,primary,2137,0.08143586419252899
DES_RHO,primary,2138,0.08872862815006886
DES_RHO,primary,2139,-0.0203387083704724
DES_RHO,primary,2140,0.08094967992869297
DES_RHO,primary,2141,-0.1397779758528482
DES_RHO,primary,2142,-0.293574264646301
DES_RHO,primary,2143,0.038813710396240146
DES_RHO,primary,2144,0.0734948545498744
DES_RHO,primary,2145,-0.030224455068470955
DES_RHO,primary,2146,0.10493477027793532
DES_RHO,primary,2147,0.04059638603030543
DES_RHO,primary,2148,0.14204683575074953
DES_RHO,primary,2149,0.3075115468762661
DES_RHO,primary,2150,0.029414147962077634
DES_RHO,primary,2151,0.03978607892391214
DES_RHO,primary,2152,-0.1943926748237582
DES_RHO,primary,2153,0.38935256462199164
DES_RHO,primary,2154,-0.05437160683899199
DES_RHO,primary,2155,0.1759176727979904
DES_RHO,primary,2156,0.2315047402965724
DES_RHO,primary,2157,-0.12908192204845634
DES_RHO,primary,2158,0.06701239769872783
DES_RHO,primary,2159,0.29940847581233293
DES_RHO,primary,2160,-0.01985252410663642
DES_RHO,primary,2161,-0.06328498500931852
DES_RHO,primary,2162,-0.032655376387650925
DES_RHO,primary,2163,0.010128838829916545
DES_RHO,primary,2164,-0.20411636010047807
DES_RHO,primary,2165,-0.048213272830402734
DES_RHO,primary,2166,0.06976744186046509
DES_RHO,primary,2167,0.0926181022607568
DES_RHO,primary,2168,-0.07965318855846365
DES_RHO,primary,2169,-0.05890932663479455
DES_RHO,primary,2170,0.03460011344299488
DES_RHO,primary,2171,-0.0015395835021473176
DES_RHO,primary,2172,-0.06069200226885988
DES_RHO,primary,2173,0.1678146017340572
DES_RHO,primary,2174,0.16408718904464795
DES_RHO,primary,2175,0.234583907300867
DES_RHO,primary,2176,-0.1514463981849121
DES_RHO,primary,2177,-0.05971963374118789
DES_RHO,primary,2178,-0.047727088566566725
DES_RHO,primary,2179,0.33230694433190183
DES_RHO,primary,2180,-0.14350538854225756
DES_RHO,primary,2181,0.23118061745401502
DES_RHO,primary,2182,0.03913783323879753
DES_RHO,primary,2183,-0.023255813953488396
DES_RHO,primary,2184,0.3734705453366826
DES_RHO,primary,2185,-0.2703994814034519
DES_RHO,primary,2186,0.09326634794587146
DES_RHO,primary,2187,0.37800826513248514
DES_RHO,primary,2188,-0.32922777732760716
DES_RHO,primary,2189,-0.2344218458795884
DES_RHO,primary,2190,-0.024714366744996406
DES_RHO,primary,2191,-0.10687950733327932
DES_RHO,primary,2192,0.025362612430110964
DES_RHO,primary,2193,0.1449639413337655
DES_RHO,primary,2194,-0.10444858601409929
DES_RHO,primary,2195,0.30054290576128356
DES_RHO,primary,2196,-0.15792885503605866
DES_RHO,primary,2197,-0.043675553034600106
DES_RHO,primary,2198,-0.03557248197066688
DES_RHO,primary,2199,-0.014504497204440475
DES_RHO,primary,2200,0.24868325095211083
DES_RHO,primary,2201,-0.04383761445587876
DES_RHO,primary,2202,-0.061502309375253236
DES_RHO,primary,2203,0.2204845636496232
DES_RHO,primary,2204,0.0875941982011182
DES_RHO,primary,2205,0.06587796774977715
DES_RHO,primary,2206,-0.09456283931610081
DES_RHO,primary,2207,-0.027145288064176328
DES_RHO,primary,2208,-0.18321043675553036
DES_RHO,primary,2209,0.17073170731707316
DES_RHO,primary,2210,0.09829025200551007
DES_RHO,primary,2211,0.22761526618588446
DES_RHO,primary,2212,-0.03508629770683088
DES_RHO,primary,2213,-0.1585771007211733
DES_RHO,primary,2214,0.27785430678227047
DES_RHO,primary,2215,-0.024228182481160352
DES_RHO,primary,2216,0.31010452961672474
DES_RHO,primary,2217,-0.004780811927720622
DES_RHO,primary,2218,-0.04659265861761607
DES_RHO,primary,2219,-0.022769629689652366
DES_RHO,primary,2220,0.34802690219593224
DES_RHO,primary,2221,-0.02909002511952033
DES_RHO,primary,2222,-0.0647435378008265
DES_RHO,primary,2223,-0.04950976420063204
DES_RHO,primary,2224,0.11498257839721251
DES_RHO,primary,2225,0.04805121140912404
DES_RHO,primary,2226,-0.06458147637954785
DES_RHO,primary,2227,0.050158009885746695
DES_RHO,primary,2228,-0.03330362207276562
DES_RHO,primary,2229,0.04950976420063205
DES_RHO,primary,2230,0.20022688598979016
DES_RHO,primary,2231,0.22437403776031115
DES_RHO,primary,2232,0.12665100072927643
DES_RHO,primary,2233,-0.23166680171785106
DES_RHO,primary,2234,-0.25678632201604407
DES_RHO,primary,2235,0.18418280528320233
DES_RHO,primary,2236,0.10169354185236201
DES_RHO,primary,2237,0.11530670123976987
DES_RHO,primary,2238,0.003808443400048629
DES_RHO,primary,2239,-0.2879021149015476
DES_RHO,primary,2240,0.007535856089457898
DES_RHO,primary,2241,-0.08808038246495418
DES_RHO,primary,2242,-0.07803257434567702
DES_RHO,primary,2243,0.006563487561785917
DES_RHO,primary,2244,0.15047402965724008
DES_RHO,primary,2245,0.037031034762174855
DES_RHO,primary,2246,0.003970504821327293
DES_RHO,primary,2247,0.22599465197309782
DES_RHO,primary,2248,-0.18823434081516893
DES_RHO,primary,2249,-0.10055911190341138
DES_RHO,primary,2250,-0.1859654809172676
DES_RHO,primary,2251,0.12778543067822704
DES_RHO,primary,2252,-0.17445912000648245
DES_RHO,primary,2253,-0.11336196418442587
DES_RHO,primary,2254,0.2575966291224374
DES_RHO,primary,2255,-0.013045944412932506
DES_RHO,primary,2256,0.06976744186046512
DES_RHO,primary,2257,0.25500364638197875
DES_RHO,primary,2258,-0.04011020176646946
DES_RHO,primary,2259,0.21870188801555784
DES_RHO,primary,2260,0.01239769872781785
DES_RHO,primary,2261,0.16878697026172917
DES_RHO,primary,2262,0.1627906976744186
DES_RHO,primary,2263,-0.17413499716392508
DES_RHO,primary,2264,-0.11935823677173647
DES_RHO,primary,2265,0.23037031034762176
DES_RHO,primary,2266,-0.1289198606271777
DES_RHO,primary,2267,-0.25030386516489744
DES_RHO,primary,2268,0.11352402560570451
DES_RHO,primary,2269,0.12016854387812982
DES_RHO,primary,2270,0.029738270804634964
DES_RHO,primary,2271,-0.3310104529616725
DES_RHO,primary,2272,0.11482051697593387
DES_RHO,primary,2273,-0.006401426140507228
DES_RHO,primary,2274,-0.2721821570375172
DES_RHO,primary,2275,0.2797990438376144
DES_RHO,primary,2276,0.1289198606271777
DES_RHO,primary,2277,-0.00883234745968722
DES_RHO,primary,2278,0.012073575885260505
DES_RHO,primary,2279,-0.06020581800502388
DES_RHO,primary,2280,0.05307511546876264
DES_RHO,primary,2281,-0.07430516165626774
DES_RHO,primary,2282,-0.2564621991734868
DES_RHO,primary,2283,-0.10833806012478732
DES_RHO,primary,2284,-0.2681306215055506
DES_RHO,primary,2285,-0.16376306620209058
DES_RHO,primary,2286,0.1347540717932096
DES_RHO,primary,2287,-0.06198849363908922
DES_RHO,primary,2288,-0.006239364719228575
DES_RHO,primary,2289,-0.05210274694109071
DES_RHO,primary,2290,0.36228830726845473
DES_RHO,primary,2291,0.0049428733489992735
DES_RHO,primary,2292,-0.03135888501742163
DES_RHO,primary,2293,0.005753180455392587
DES_RHO,primary,2294,-0.24803500526699615
DES_RHO,primary,2295,0.009804715987359198
DES_RHO,primary,2296,0.1470707398103881
DES_RHO,primary,2297,-0.21691921238149256
DES_RHO,primary,2298,-0.03022445506847094
DES_RHO,primary,2299,0.1712178915809092
DES_RHO,primary,2300,-0.018880155578964424
DES_RHO,primary,2301,0.07868082003079163
DES_RHO,primary,2302,0.11287577992058992
DES_RHO,primary,2303,-0.29017097479944903
DES_RHO,primary,2304,0.16441131188720526
DES_RHO,primary,2305,0.006887610404343246
DES_RHO,primary,2306,-0.2264808362369338
DES_RHO,primary,2307,0.045782351511222764
DES_RHO,primary,2308,0.14415363422737218
DES_RHO,primary,2309,-0.3005429057612834
DES_RHO,primary,2310,-0.09099748804797017
DES_RHO,primary,2311,-0.05226480836236933
DES_RHO,primary,2312,-0.11190341139291789
DES_RHO,primary,2313,-0.014990681468276475
DES_RHO,primary,2314,-0.21513653674742725
DES_RHO,primary,2315,0.13070253626124298
DES_RHO,primary,2316,-0.06782270480512113
DES_RHO,primary,2317,-0.05761283526456527
DES_RHO,primary,2318,0.1888825865002836
DES_RHO,primary,2319,-0.20849201847500198
DES_RHO,primary,2320,0.18321043675553036
DES_RHO,primary,2321,0.07949112713718501
DES_RHO,primary,2322,0.08386678551170895
DES_RHO,primary,2323,-0.06620209059233449
DES_RHO,primary,2324,-0.1397779758528482
DES_RHO,primary,2325,0.14058828295924158
DES_RHO,primary,2326,0.21772951948788588
DES_RHO,primary,2327,-0.14010209869540555
DES_RHO,primary,2328,-0.04626853577505878
DES_RHO,primary,2329,-0.12130297382708044
DES_RHO,primary,2330,0.1452880641763228
DES_RHO,primary,2331,0.24446965399886558
DES_RHO,primary,2332,-0.38335629203468113
DES_RHO,primary,2333,-0.09910055911190344
DES_RHO,primary,2334,0.040110201766469455
DES_RHO,primary,2335,0.18677578802366093
DES_RHO,primary,2336,0.03314156065148692
DES_RHO,primary,2337,-0.33489992707236044
DES_RHO,primary,2338,-0.041730815979256146
DES_RHO,primary,2339,-0.07835669718823438
DES_RHO,primary,2340,0.11157928855036058
DES_RHO,primary,2341,0.20022688598979016
DES_RHO,primary,2342,-0.11044485860140994
DES_RHO,primary,2343,-0.2880641763228264
DES_RHO,primary,2344,-0.10801393728222994
DES_RHO,primary,2345,-0.05453366826027065
DES_RHO,primary,2346,-0.1514463981849121
DES_RHO,primary,2347,0.185317235232153
DES_RHO,primary,2348,-0.21286767684952598
DES_RHO,primary,2349,0.07187424033708775
DES_RHO,primary,2350,-0.17348675147881046
DES_RHO,primary,2351,0.23182886313912976
DES_RHO,primary,2352,-0.07981524997974232
DES_RHO,primary,2353,0.3757394052345838
DES_RHO,primary,2354,0.08743213677983955
DES_RHO,primary,2355,0.34802690219593224
DES_RHO,primary,2356,0.37817032655376387
DES_RHO,primary,2357,-0.2188639494368366
DES_RHO,primary,2358,0.05534397536666394
DES_RHO,primary,2359,0.022283445425816388
DES_RHO,primary,2360,0.03557248197066685
DES_RHO,primary,2361,-0.18321043675553028
DES_RHO,primary,2362,0.11141722712908192
DES_RHO,primary,2363,-0.2588931204926667
DES_RHO,primary,2364,0.09440077789482212
DES_RHO,primary,2365,0.20557491289198604
DES_RHO,primary,2366,0.11449639413337656
DES_RHO,primary,2367,0.15825297787861597
DES_RHO,primary,2368,0.059881695162466574
DES_RHO,primary,2369,-0.10801393728222998
DES_RHO,primary,2370,-0.008022040353293847
DES_RHO,primary,2371,-0.25030386516489744
DES_RHO,primary,2372,-0.002511952029819295
DES_RHO,primary,2373,-0.10736569159711529
DES_RHO,primary,2374,-0.030872700753585613
DES_RHO,primary,2375,0.21238149258568995
DES_RHO,primary,2376,-0.15630824082327205
DES_RHO,primary,2377,-0.21627096669637794
DES_RHO,primary,2378,-0.15452556518920674
DES_RHO,primary,2379,0.09585933068633008
DES_RHO,primary,2380,-0.05032007130702536
DES_RHO,primary,2381,-0.34462361234908034
DES_RHO,primary,2382,0.1542014423466494
DES_RHO,primary,2383,-0.1550117494530427
DES_RHO,primary,2384,-0.06328498500931852
DES_RHO,primary,2385,0.06101612511141722
DES_RHO,primary,2386,0.08791832104367558
DES_RHO,primary,2387,-0.01158739162142456
DES_RHO,primary,2388,-0.11952029819301517
DES_RHO,primary,2389,0.1929341220322502
DES_RHO,primary,2390,-0.27428895551413984
DES_RHO,primary,2391,-0.024552305323717678
DES_RHO,primary,2392,0.2707236042460093
DES_RHO,primary,2393,0.11238959565675391
DES_RHO,primary,2394,0.19941657888339676
DES_RHO,primary,2395,-0.0652297220646625
DES_RHO,primary,2396,-0.01580098857466979
DES_RHO,primary,2397,0.08597358398833159
DES_RHO,primary,2398,0.16878697026172915
DES_RHO,primary,2399,0.031034762174864266
DES_RHO,primary,2400,0.31318369662101936
DES_RHO,primary,2401,-0.14237095859330692
DES_RHO,primary,2402,-0.28660562353131835
DES_RHO,primary,2403,0.12097885098452313
DES_RHO,primary,2404,0.14609837128271616
DES_RHO,primary,2405,0.17705210274694108
DES_RHO,primary,2406,-0.15225670529130536
DES_RHO,primary,2407,0.17834859411717038
DES_RHO,primary,2408,0.12357183372498175
DES_RHO,primary,2409,-0.09278016368203551
DES_RHO,primary,2410,0.18353455959808768
DES_RHO,primary,2411,-0.03784134186856817
DES_RHO,primary,2412,0.15144639818491204
DES_RHO,primary,2413,0.5154363503767928
DES_RHO,primary,2414,0.0960213921076088
DES_RHO,primary,2415,0.01823190989384974
DES_RHO,primary,2416,-0.038165464711125544
DES_RHO,primary,2417,-0.0931042865245928
DES_RHO,primary,2418,0.1206547281419658
DES_RHO,primary,2419,-0.18888258650028358
DES_RHO,primary,2420,0.1266510007292764
DES_RHO,primary,2421,0.04594441293250143
DES_RHO,primary,2422,-0.24430759257758689
DES_RHO,primary,2423,-0.09618345352888749
DES_RHO,primary,2424,-0.17170407584474517
DES_RHO,primary,2425,-0.04675472003889478
DES_RHO,primary,2426,0.3538611133619642
DES_RHO,primary,2427,-0.04529616724738675
DES_RHO,primary,2428,0.03767928044728948
DES_RHO,primary,2429,0.1368608702698323
DES_RHO,primary,2430,0.020824892634308353
DES_RHO,primary,2431,-0.130216351997407
DES_RHO,primary,2432,-0.07608783729033304
DES_RHO,primary,2433,-0.2937363260675796
DES_RHO,primary,2434,-0.04270318450692809
DES_RHO,primary,2435,0.023579936796045715
DES_RHO,primary,2436,-0.1237338951462604
DES_RHO,primary,2437,0.05550603678794262
DES_RHO,primary,2438,0.023417875374767038
DES_RHO,primary,2439,-0.15890122356373063
DES_RHO,primary,2440,-0.032655376387650925
DES_RHO,primary,2441,0.09083542662669149
DES_RHO,primary,2442,0.1618183291467466
DES_RHO,primary,2443,0.012559760149096478
DES_RHO,primary,2444,0.03135888501742158
DES_RHO,primary,2445,-0.02795559517056961
DES_RHO,primary,2446,-0.04124463171542014
DES_RHO,primary,2447,0.12130297382708045
DES_RHO,primary,2448,-0.11125516570780325
DES_RHO,primary,2449,-0.1096345514950166
DES_RHO,primary,2450,-0.129730167733571
DES_RHO,primary,2451,-0.07997731140102099
DES_RHO,primary,2452,-0.04918564135807472
DES_RHO,primary,2453,0.2614861032331254
DES_RHO,primary,2454,0.08710801393728222
DES_RHO,primary,2455,0.293088080382465
DES_RHO,primary,2456,0.07317073170731707
DES_RHO,primary,2457,0.078518758609513
DES_RHO,primary,2458,-0.030872700753585593
DES_RHO,primary,2459,0.07819463576695566
DES_RHO,primary,2460,-0.08694595251600355
DES_RHO,primary,2461,0.35791264889393076
DES_RHO,primary,2462,-0.15339113524025608
DES_RHO,primary,2463,-0.18726197228749694
DES_RHO,primary,2464,0.22826351187099908
DES_RHO,primary,2465,0.13248521189530832
DES_RHO,primary,2466,-0.3070253626124301
DES_RHO,primary,2467,-0.024714366744996358
DES_RHO,primary,2468,-0.07673608297544768
DES_RHO,primary,2469,0.14172271290819222
DES_RHO,primary,2470,-0.29794992302082485
DES_RHO,primary,2471,0.21481241390486988
DES_RHO,primary,2472,-0.13929179158901223
DES_RHO,primary,2473,0.20525079004942876
DES_RHO,primary,2474,-0.05210274694109064
DES_RHO,primary,2475,-0.2823920265780731
DES_RHO,primary,2476,-0.1318369662101937
DES_RHO,primary,2477,0.012559760149096502
DES_RHO,primary,2478,0.15760473219350135
DES_RHO,primary,2479,-0.06522972206466252
DES_RHO,primary,2480,-0.19034113929179158
DES_RHO,primary,2481,0.10250384895875535
DES_RHO,primary,2482,0.17089376873835183
DES_RHO,primary,2483,0.2096264484239527
DES_RHO,primary,2484,-0.11352402560570454
DES_RHO,primary,2485,-0.1174134997163925
DES_RHO,primary,2486,-0.002025767765983315
DES_RHO,primary,2487,0.011749453042703206
DES_RHO,primary,2488,0.07057774896685842
DES_RHO,primary,2489,-0.17478324284903982
DES_RHO,primary,2490,-0.08840450530751157
DES_RHO,primary,2491,0.16117008346163195
DES_RHO,primary,2492,-0.05194068551981204
DES_RHO,primary,2493,0.23993193420306302
DES_RHO,primary,2494,0.2174053966453286
DES_RHO,primary,2495,0.005429057612835263
DES_RHO,primary,2496,0.14642249412527347
DES_RHO,primary,2497,-0.17543148853415444
DES_RHO,primary,2498,0.20184750020257677
DES_RHO,primary,2499,0.006563487561785898
DES_RHO,primary,2500,0.019528401264079048
DES_RHO,primary,2501,-0.231666801717851
DES_RHO,primary,2502,-0.09731788347783808
DES_RHO,primary,2503,-0.06587796774977712
DES_RHO,primary,2504,0.06685033627744913
DES_RHO,primary,2505,0.06036787942630259
DES_RHO,primary,2506,0.13961591443156957
DES_RHO,primary,2507,0.12810955352078435
DES_RHO,primary,2508,0.038651648974961504
DES_RHO,primary,2509,0.13929179158901223
DES_RHO,primary,2510,0.18531723523215296
DES_RHO,primary,2511,-0.12535450935904707
DES_RHO,primary,2512,0.03492423628555224
DES_RHO,primary,2513,-0.1820760068065797
DES_RHO,primary,2514,0.19098938497690626
DES_RHO,primary,2515,0.11644113118872051
DES_RHO,primary,2516,-0.0028360748723766133
DES_RHO,primary,2517,0.20995057126650998
DES_RHO,primary,2518,-0.2264808362369338
DES_RHO,primary,2519,-0.07819463576695568
DES_RHO,primary,2520,-0.10461064743537801
DES_RHO,primary,2521,0.15598411798071468
DES_RHO,primary,2522,0.030548577911028243
DES_RHO,primary,2523,-0.09423871647354347
DES_RHO,primary,2524,0.12713718499311236
DES_RHO,primary,2525,-0.09359047078842882
DES_RHO,primary,2526,-0.08775625962239689
DES_RHO,primary,2527,-0.07495340734138242
DES_RHO,primary,2528,-0.08824244388623288
DES_RHO,primary,2529,0.20784377278988733
DES_RHO,primary,2530,-0.10914836723118063
DES_RHO,primary,2531,-0.1054209545417713
DES_RHO,primary,2532,-0.013045944412932503
DES_RHO,primary,2533,-0.043189368770764146
DES_RHO,primary,2534,0.04788914998784539
DES_RHO,primary,2535,-0.22161899359857384
DES_RHO,primary,2536,-0.010290900251195199
DES_RHO,primary,2537,-0.23863544283283364
DES_RHO,primary,2538,-0.14204683575074953
DES_RHO,primary,2539,0.013856251519325822
DES_RHO,primary,2540,0.14382951138481487
DES_RHO,primary,2541,8.103071063938096e-05
DES_RHO,primary,2542,-0.0465926586176161
DES_RHO,primary,2543,-0.10072117332469009
DES_RHO,primary,2544,0.17089376873835185
DES_RHO,primary,2545,0.04075844745158412
DES_RHO,primary,2546,-0.2786646138886638
DES_RHO,primary,2547,-0.10850012154606595
DES_RHO,primary,2548,-0.10590713880560733
DES_RHO,primary,2549,0.08791832104367552
DES_RHO,primary,2550,0.2697512357183372
DES_RHO,primary,2551,-0.11125516570780328
DES_RHO,primary,2552,-0.20816789563244475
DES_RHO,primary,2553,-0.15549793371687867
DES_RHO,primary,2554,0.00024309213191798875
DES_RHO,primary,2555,-0.2195121951219512
DES_RHO,primary,2556,0.09278016368203547
DES_RHO,primary,2557,-0.11222753423547523
DES_RHO,primary,2558,0.1545255651892067
DES_RHO,primary,2559,0.11141722712908193
DES_RHO,primary,2560,-0.22858763471355642
DES_RHO,primary,2561,0.1234097723037031
DES_RHO,primary,2562,-0.15290495097642004
DES_RHO,primary,2563,0.1264889393079977
DES_RHO,primary,2564,-0.01774572563001377
DES_RHO,primary,2565,0.29503281743780885
DES_RHO,primary,2566,0.14237095859330684
DES_RHO,primary,2567,-0.001377522080868653
DES_RHO,primary,2568,0.10768981443967263
DES_RHO,primary,2569,0.17753828701077704
DES_RHO,primary,2570,0.16943521594684383
DES_RHO,primary,2571,-0.03784134186856821
DES_RHO,primary,2572,-0.1431812656997002
DES_RHO,primary,2573,-0.262620533182076
DES_RHO,primary,2574,0.040434324609026816
DES_RHO,primary,2575,0.128757799205899
DES_RHO,primary,2576,-0.0175836642087351
DES_RHO,primary,2577,0.19860627177700346
DES_RHO,primary,2578,-0.020014585527915046
DES_RHO,primary,2579,-0.030710639332306947
DES_RHO,primary,2580,0.03281743780892961
DES_RHO,primary,2581,0.016125111417227098
DES_RHO,primary,2582,0.22534640628798316
DES_RHO,primary,2583,-0.11546876266104852
DES_RHO,primary,2584,-0.24058017988817762
DES_RHO,primary,2585,-0.2062231585771007
DES_RHO,primary,2586,-0.16975933878940117
DES_RHO,primary,2587,-0.08062555708613564
DES_RHO,primary,2588,-0.12211328093347383
DES_RHO,primary,2589,0.04383761445587878
DES_RHO,primary,2590,-0.2655376387650919
DES_RHO,primary,2591,-0.16149420630418926
DES_RHO,primary,2592,-0.10347621748642734
DES_RHO,primary,2593,0.18483105096831698
DES_RHO,primary,2594,-0.001377522080868653
DES_RHO,primary,2595,-0.061664370796531885
DES_RHO,primary,2596,-0.18077951543635035
DES_RHO,primary,2597,-0.05226480836236932
DES_RHO,primary,2598,-0.09634551495016613
DES_RHO,primary,2599,0.018393971315128425
DES_RHO,primary,2600,0.09359047078842883
DES_RHO,primary,2601,-0.21497447532614858
DES_RHO,primary,2602,-0.05728871242200796
DES_RHO,primary,2603,0.07965318855846365
DES_RHO,primary,2604,-0.09537314642249409
DES_RHO,primary,2605,0.2016854387812981
DES_RHO,primary,2606,-0.03103476217486426
DES_RHO,primary,2607,0.08240823272020095
DES_RHO,primary,2608,0.17607973421926912
DES_RHO,primary,2609,0.09034924236285549
DES_RHO,primary,2610,0.05955757231990923
DES_RHO,primary,2611,0.1475569240742241
DES_RHO,primary,2612,-0.24722469816060288
DES_RHO,primary,2613,-0.0158009885746698
DES_RHO,primary,2614,0.12584069362288308
DES_RHO,primary,2615,-0.10169354185236204
DES_RHO,primary,2616,0.14707073981038815
DES_RHO,primary,2617,0.21027469410906735
DES_RHO,primary,2618,-0.09731788347783812
DES_RHO,primary,2619,-0.021959322583259024
DES_RHO,primary,2620,0.1930961834535289
DES_RHO,primary,2621,-0.36925694838343726
DES_RHO,primary,2622,0.2661858844502067
DES_RHO,primary,2623,0.024714366744996392
DES_RHO,primary,2624,-0.08775625962239689
DES_RHO,primary,2625,-0.033465683494044225
DES_RHO,primary,2626,-0.06134024795397455
DES_RHO,primary,2627,-0.050968316992140016
DES_RHO,primary,2628,0.1742970585852038
DES_RHO,primary,2629,-0.23085649461145774
DES_RHO,primary,2630,0.12227534235475244
DES_RHO,primary,2631,0.028117656591848315
DES_RHO,primary,2632,0.03378980633660158
DES_RHO,primary,2633,-0.2619722874969613
DES_RHO,primary,2634,-0.03946195608135487
DES_RHO,primary,2635,0.25548983064581476
DES_RHO,primary,2636,0.039137833238797506
DES_RHO,primary,2637,-0.21789158090916458
DES_RHO,primary,2638,0.11611700834616323
DES_RHO,primary,2639,0.07349485454987438
DES_RHO,primary,2640,0.03395186775788024
DES_RHO,primary,2641,0.034600113442994886
DES_RHO,primary,2642,-0.12486832509521108
DES_RHO,primary,2643,0.24690057531804546
DES_RHO,primary,2644,-0.14528806417632278
DES_RHO,primary,2645,-0.20897820273883796
DES_RHO,primary,2646,-0.025038489587553673
DES_RHO,primary,2647,0.33376549712340975
DES_RHO,primary,2648,0.08451503119682358
DES_RHO,primary,2649,0.10136941900980471
DES_RHO,primary,2650,0.2052507900494287
DES_RHO,primary,2651,-8.103071063935205e-05
DES_RHO,primary,2652,-0.03200713070253626
DES_RHO,primary,2653,-0.1621424519893039
DES_RHO,primary,2654,-0.054857791102827944
DES_RHO,primary,2655,0.06458147637954782
DES_RHO,primary,2656,-0.04675472003889475
DES_RHO,primary,2657,0.2315047402965724
DES_RHO,primary,2658,0.03654485049833884
DES_RHO,primary,2659,0.029252086540798954
DES_RHO,primary,2660,0.12956810631229237
DES_RHO,primary,2661,-0.007535856089457883
DES_RHO,primary,2662,-0.06296086216676121
DES_RHO,primary,2663,-0.06911919617535045
DES_RHO,primary,2664,0.05080625557086137
DES_RHO,primary,2665,0.13167490478891503
DES_RHO,primary,2666,0.2470626367393242
DES_RHO,primary,2667,0.17332469005753182
DES_RHO,primary,2668,0.1542014423466494
DES_RHO,primary,2669,-0.3272830402722632
DES_RHO,primary,2670,0.17381087432136774
DES_RHO,primary,2671,0.20022688598979008
DES_RHO,primary,2672,0.11465845555465522
DES_RHO,primary,2673,0.05631634389433595
DES_RHO,primary,2674,0.23669070577748974
DES_RHO,primary,2675,-0.04011020176646945
DES_RHO,primary,2676,-0.07317073170731705
DES_RHO,primary,2677,-0.13248521189530832
DES_RHO,primary,2678,0.10995867433757393
DES_RHO,primary,2679,0.1470707398103881
DES_RHO,primary,2680,0.39064905599222105
DES_RHO,primary,2681,-0.20541285147070737
DES_RHO,primary,2682,-0.05858520379223726
DES_RHO,primary,2683,-0.0464305971963374
DES_RHO,primary,2684,-0.14658455554655217
DES_RHO,primary,2685,0.09650757637144478
DES_RHO,primary,2686,-0.2760716311482051
DES_RHO,primary,2687,-0.25792075196499475
DES_RHO,primary,2688,0.027631472328012302
DES_RHO,primary,2689,0.31188720525079
DES_RHO,primary,2690,-0.32306944331901793
DES_RHO,primary,2691,0.30751154687626603
DES_RHO,primary,2692,0.0602058180050239
DES_RHO,primary,2693,0.1426950814358642
DES_RHO,primary,2694,0.07365691597115304
DES_RHO,primary,2695,-0.06474353780082648
DES_RHO,primary,2696,-0.05534397536666398
DES_RHO,primary,2697,0.1352402560570456
DES_RHO,primary,2698,0.03346568349404423
DES_RHO,primary,2699,-0.13394376468681632
DES_RHO,primary,2700,0.11773762255894986
DES_RHO,primary,2701,0.1234097723037031
DES_RHO,primary,2702,0.005266996191556604
DES_RHO,primary,2703,-0.05437160683899199
DES_RHO,primary,2704,0.05388542257515598
DES_RHO,primary,2705,-0.06458147637954785
DES_RHO,primary,2706,0.06247467790292521
DES_RHO,primary,2707,0.18596548091726764
DES_RHO,primary,2708,0.02179726116198039
DES_RHO,primary,2709,0.005753180455392611
DES_RHO,primary,2710,-0.022445506847095044
DES_RHO,primary,2711,0.10201766469491934
DES_RHO,primary,2712,-0.04626853577505875
DES_RHO,primary,2713,0.04432379871971476
DES_RHO,primary,2714,-0.0005672149744753428
DES_RHO,primary,2715,-0.13086459768252162
DES_RHO,primary,2716,0.04156875455797745
DES_RHO,primary,2717,0.2572725062798801
DES_RHO,primary,2718,0.07219836317964509
DES_RHO,primary,2719,0.11465845555465519
DES_RHO,primary,2720,0.3079977311401021
DES_RHO,primary,2721,-0.04399967587715743
DES_RHO,primary,2722,-0.12097885098452313
DES_RHO,primary,2723,-0.12875779920589908
DES_RHO,primary,2724,0.0240661210598817
DES_RHO,primary,2725,0.22696702050076978
DES_RHO,primary,2726,0.02341787537476698
DES_RHO,primary,2727,-0.23766307430516162
DES_RHO,primary,2728,-0.18321043675553034
DES_RHO,primary,2729,-0.20930232558139533
DES_RHO,primary,2730,-0.07997731140102096
DES_RHO,primary,2731,0.059395510898630544
DES_RHO,primary,2732,0.18774815655133295
DES_RHO,primary,2733,-0.1883964022364476
DES_RHO,primary,2734,0.23280123166680172
DES_RHO,primary,2735,0.033465683494044246
DES_RHO,primary,2736,-0.12632687788671906
DES_RHO,primary,2737,-0.06036787942630257
DES_RHO,primary,2738,0.10266591038003403
DES_RHO,primary,2739,-0.10785187586095127
DES_RHO,primary,2740,-0.005429057612835267
DES_RHO,primary,2741,-0.02520055100883236
DES_RHO,primary,2742,0.21286767684952596
DES_RHO,primary,2743,0.132647273316587
DES_RHO,primary,2744,0.034600113442994865
DES_RHO,primary,2745,0.1658698646787132
DES_RHO,primary,2746,-0.14123652864435626
DES_RHO,primary,2747,-0.22404991491775378
DES_RHO,primary,2748,-0.15436350376792804
DES_RHO,primary,2749,0.09634551495016612
DES_RHO,primary,2750,-0.013532128676768467
DES_RHO,primary,2751,0.032169192123814964
DES_RHO,primary,2752,0.025362612430111005
DES_RHO,primary,2753,-0.006725548983064567
DES_RHO,primary,2754,-0.011425330200145864
DES_RHO,primary,2755,0.20687140426221537
DES_RHO,primary,2756,-0.3248521189530832
DES_RHO,primary,2757,-0.022931691110931046
DES_RHO,primary,2758,-0.07414310023498909
DES_RHO,primary,2759,-0.0820841098776436
DES_RHO,primary,2760,0.028603840855684338
DES_RHO,primary,2761,0.06425735353699051
DES_RHO,primary,2762,0.006401426140507228
DES_RHO,primary,2763,-0.09618345352888741
DES_RHO,primary,2764,-0.17186613726602382
DES_RHO,primary,2765,-0.21546065958998462
DES_RHO,primary,2766,0.0922939794181995
DES_RHO,primary,2767,-0.04545822866866543
DES_RHO,primary,2768,-0.10299003322259133
DES_RHO,primary,2769,0.07025362612430112
DES_RHO,primary,2770,0.16668017178510655
DES_RHO,primary,2771,-0.018069848472571096
DES_RHO,primary,2772,0.02487642816627504
DES_RHO,primary,2773,-0.018718094157685772
DES_RHO,primary,2774,-0.20768171136860863
DES_RHO,primary,2775,0.11854792966534314
DES_RHO,primary,2776,-0.1230856494611458
DES_RHO,primary,2777,0.10931042865245927
DES_RHO,primary,2778,-0.016611295681063128
DES_RHO,primary,2779,-0.08483915403938092
DES_RHO,primary,2780,-0.3511060692002269
DES_RHO,primary,2781,0.08078761850741431
DES_RHO,primary,2782,-0.2914674661696783
DES_RHO,primary,2783,0.0018637063447046343
DES_RHO,primary,2784,0.06863301191151445
DES_RHO,primary,2785,0.09764200632039541
DES_RHO,primary,2786,0.1989303946195608
DES_RHO,primary,2787,-0.1624665748318613
DES_RHO,primary,2788,0.19115144639818488
DES_RHO,primary,2789,-0.21935013370067258
DES_RHO,primary,2790,-0.20460254436431408
DES_RHO,primary,2791,-0.12016854387812981
DES_RHO,primary,2792,0.23118061745401505
DES_RHO,primary,2793,-0.22129487075601653
DES_RHO,primary,2794,0.13329551900170164
DES_RHO,primary,2795,0.08127380277125026
DES_RHO,primary,2796,-0.13005429057612836
DES_RHO,primary,2797,-0.27736812251843446
DES_RHO,primary,2798,-0.07949112713718501
DES_RHO,primary,2799,0.060529940847581246
DES_RHO,primary,2800,-0.41917186613726604
DES_RHO,primary,2801,0.07884288145207034
DES_RHO,primary,2802,-0.27493720119925447
DES_RHO,primary,2803,-0.036220727655781534
DES_RHO,primary,2804,-0.023579936796045704
DES_RHO,primary,2805,-0.27412689409286123
DES_RHO,primary,2806,-0.0887286281500689
DES_RHO,primary,2807,0.09423871647354347
DES_RHO,primary,2808,0.09310428652459284
DES_RHO,primary,2809,-0.03395186775788021
DES_RHO,primary,2810,-0.12243740377603111
DES_RHO,primary,2811,-0.18661372660238232
DES_RHO,primary,2812,-0.09747994489911677
DES_RHO,primary,2813,-0.18126569970018638
DES_RHO,primary,2814,0.032493314966372276
DES_RHO,primary,2815,-0.20249574588769143
DES_RHO,primary,2816,0.19374442913864356
DES_RHO,primary,2817,0.10801393728222995
DES_RHO,primary,2818,-0.38983874888582776
DES_RHO,primary,2819,-0.1405882829592415
DES_RHO,primary,2820,-0.25500364638197875
DES_RHO,primary,2821,0.05809901952840126
DES_RHO,primary,2822,-0.06911919617535044
DES_RHO,primary,2823,-0.06863301191151445
DES_RHO,primary,2824,0.04902357993679602
DES_RHO,primary,2825,0.1645733733084839
DES_RHO,primary,2826,0.05372336115387733
DES_RHO,primary,2827,0.09812819058423138
DES_RHO,primary,2828,0.04837533425168138
DES_RHO,primary,2829,-0.08662182967344623
DES_RHO,primary,2830,-0.3588850174216028
DES_RHO,primary,2831,0.07284660886475973
DES_RHO,primary,2832,-0.06198849363908921
DES_RHO,primary,2833,-0.13799530021878295
DES_RHO,primary,2834,0.001863706344704669
DES_RHO,primary,2835,0.17705210274694108
DES_RHO,primary,2836,0.15776679361478
DES_RHO,primary,2837,0.08516327688193825
DES_RHO,primary,2838,-0.2225913621262458
DES_RHO,primary,2839,0.3154525565189206
DES_RHO,primary,2840,-0.09018718094157682
DES_RHO,primary,2841,0.0008913378170326637
DES_RHO,primary,2842,-0.06749858196256382
DES_RHO,primary,2843,-0.10801393728222995
DES_RHO,primary,2844,-0.008346163195851231
DES_RHO,primary,2845,-0.15744267077222263
DES_RHO,primary,2846,0.17705210274694108
DES_RHO,primary,2847,-0.26018961186289613
DES_RHO,primary,2848,-0.20379223725792076
DES_RHO,primary,2849,0.1509602139210761
DES_RHO,primary,2850,-0.29130540474839967
DES_RHO,primary,2851,0.18110363827890769
DES_RHO,primary,2852,-0.22502228344542582
DES_RHO,primary,2853,-0.1576047321935013
DES_RHO,primary,2854,-0.013856251519325801
DES_RHO,primary,2855,-0.13588850174216027
DES_RHO,primary,2856,-0.20995057126651004
DES_RHO,primary,2857,0.13280933473786563
DES_RHO,primary,2858,0.25581395348837205
DES_RHO,primary,2859,-0.0010533992383113578
DES_RHO,primary,2860,0.07511546876266108
DES_RHO,primary,2861,-0.10380034032898469
DES_RHO,primary,2862,-0.288712422007941
DES_RHO,primary,2863,-0.0073737946681792605
DES_RHO,primary,2864,0.051778624098533316
DES_RHO,primary,2865,0.21108500121546067
DES_RHO,primary,2866,-0.06490559922210519
DES_RHO,primary,2867,0.009642654566080553
DES_RHO,primary,2868,-0.33506198849363905
DES_RHO,primary,2869,-0.19179969208329956
DES_RHO,primary,2870,-0.02633498095778299
DES_RHO,primary,2871,-0.2874159306377117
DES_RHO,primary,2872,-0.15841503929989464
DES_RHO,primary,2873,-0.07803257434567702
DES_RHO,primary,2874,-0.23636658293493237
DES_RHO,primary,2875,0.32679685600842723
DES_RHO,primary,2876,-0.12049266672068715
DES_RHO,primary,2877,0.2281014504497205
DES_RHO,primary,2878,0.2757475083056478
DES_RHO,primary,2879,-0.01839397131512844
DES_RHO,primary,2880,0.11870999108662185
DES_RHO,primary,2881,-0.3319828214893445
DES_RHO,primary,2882,-0.2804472895227291
DES_RHO,primary,2883,-0.293574264646301
DES_RHO,primary,2884,0.03168300785997894
DES_RHO,primary,2885,-0.20573697431326474
DES_RHO,primary,2886,0.19309618345352886
DES_RHO,primary,2887,0.016935418523620453
DES_RHO,primary,2888,-0.12065472814196576
DES_RHO,primary,2889,-0.011749453042703166
DES_RHO,primary,2890,-0.04529616724738674
DES_RHO,primary,2891,0.33522404991491767
DES_RHO,primary,2892,0.047240904302730743
DES_RHO,primary,2893,0.05356129973259869
DES_RHO,primary,2894,0.02147313831942306
DES_RHO,primary,2895,-0.2402560570456202
DES_RHO,primary,2896,0.09618345352888741
DES_RHO,primary,2897,-0.01742160278745649
DES_RHO,primary,2898,0.2342597844583097
DES_RHO,primary,2899,0.16554574183615586
DES_RHO,primary,2900,-0.010777084515031192
DES_RHO,primary,2901,-0.13054047483996434
DES_RHO,primary,2902,-0.25678632201604407
DES_RHO,primary,2903,0.033141560651486913
DES_RHO,primary,2904,0.20038894741106877
DES_RHO,primary,2905,-0.17786240985333437
DES_RHO,primary,2906,0.09359047078842879
DES_RHO,primary,2907,-0.2530589093266348
DES_RHO,primary,2908,0.09910055911190341
DES_RHO,primary,2909,-0.14852929260189618
DES_RHO,primary,2910,-0.17851065553844908
DES_RHO,primary,2911,-0.2221051778624098
DES_RHO,primary,2912,-0.026821165221618995
DES_RHO,primary,2913,0.1426950814358642
DES_RHO,primary,2914,-0.17137995300218786
DES_RHO,primary,2915,-0.034113929179158904
DES_RHO,primary,2916,-0.21011263268778868
DES_RHO,primary,2917,-0.07236042460092376
DES_RHO,primary,2918,-0.262620533182076
DES_RHO,primary,2919,-0.15144639818491207
DES_RHO,primary,2920,0.022445506847095047
DES_RHO,primary,2921,0.2666720687140427
DES_RHO,primary,2922,0.12681306215055507
DES_RHO,primary,2923,-0.2081678956324447
DES_RHO,primary,2924,0.31820760068065795
DES_RHO,primary,2925,-0.3130216351997407
DES_RHO,primary,2926,0.018718094157685744
DES_RHO,primary,2927,-0.04011020176646946
DES_RHO,primary,2928,0.11012073575885258
DES_RHO,primary,2929,0.0848391540393809
DES_RHO,primary,2930,-0.010452961672473868
DES_RHO,primary,2931,0.015152742889555168
DES_RHO,primary,2932,-0.18094157685762907
DES_RHO,primary,2933,0.01936633984280041
DES_RHO,primary,2934,0.19455473624503686
DES_RHO,primary,2935,0.07738432866056237
DES_RHO,primary,2936,0.05615428247305729
DES_RHO,primary,2937,0.0491856413580747
DES_RHO,primary,2938,0.09991086621829674
DES_RHO,primary,2939,0.15776679361477997
DES_RHO,primary,2940,0.009642654566080535
DES_RHO,primary,2941,0.15339113524025605
DES_RHO,primary,2942,0.22356373065391782
DES_RHO,primary,2943,0.007373794668179234
DES_RHO,primary,2944,-0.1018556032736407
DES_RHO,primary,2945,-0.06409529211571187
DES_RHO,primary,2946,-0.1517705210274694
DES_RHO,primary,2947,-0.10315209464387004
DES_RHO,primary,2948,0.2258325905518191
DES_RHO,primary,2949,-0.2238878534964752
DES_RHO,primary,2950,-0.10736569159711533
DES_RHO,primary,2951,0.079004942873349
DES_RHO,primary,2952,-0.0900251195202982
DES_RHO,primary,2953,0.19017907787051294
DES_RHO,primary,2954,-0.09342840936715019
DES_RHO,primary,2955,0.26748237582043594
DES_RHO,primary,2956,0.14042622153796286
DES_RHO,primary,2957,-0.16651811036382788
DES_RHO,primary,2958,-0.05971963374118791
DES_RHO,primary,2959,0.0647435378008265
DES_RHO,primary,2960,-0.03087270075358563
DES_RHO,primary,2961,-0.1542014423466494
DES_RHO,primary,2962,0.47556924074224133
DES_RHO,primary,2963,-0.1930961834535289
DES_RHO,primary,2964,-0.026010858115225664
DES_RHO,primary,2965,0.1644113118872052
DES_RHO,primary,2966,0.131188720525079
DES_RHO,primary,2967,-0.17300056721497453
DES_RHO,primary,2968,0.04221700024309215
DES_RHO,primary,2969,0.15403938092537073
DES_RHO,primary,2970,-0.2165950895389353
DES_RHO,primary,2971,0.1564703022445507
DES_RHO,primary,2972,-0.21173324690057535
DES_RHO,primary,2973,-0.08435296977554493
DES_RHO,primary,2974,0.07349485454987438
DES_RHO,primary,2975,-0.01952840126407911
DES_RHO,primary,2976,-0.058585203792237237
DES_RHO,primary,2977,-0.0034843205574913083
DES_RHO,primary,2978,-0.11287577992058988
DES_RHO,primary,2979,0.28968479053561297
DES_RHO,primary,2980,0.2049266672068714
DES_RHO,primary,2981,-0.22145693217729515
DES_RHO,primary,2982,0.0922939794181995
DES_RHO,primary,2983,-0.1683007859978932
DES_RHO,primary,2984,0.17397293574264644
DES_RHO,primary,2985,0.08791832104367561
DES_RHO,primary,2986,-0.022283445425816388
DES_RHO,primary,2987,0.06150230937525322
DES_RHO,primary,2988,-0.19390649055992218
DES_RHO,primary,2989,0.2000648245685115
DES_RHO,primary,2990,-0.22113280933473786
DES_RHO,primary,2991,-0.1796450854873997
DES_RHO,primary,2992,0.4786484077465359
DES_RHO,primary,2993,-0.3687707641196013
DES_RHO,primary,2994,0.11903411392917915
DES_RHO,primary,2995,0.079977311401021
DES_RHO,primary,2996,-0.04902357993679601
DES_RHO,primary,2997,-0.0002430921319179927
DES_RHO,primary,2998,-0.0757637144477757
DES_RHO,primary,2999,0.023417875374767017
DES_RHO,primary,3000,0.15922534640628794
DES_RHO,primary,3001,0.04318936877076411
DES_RHO,primary,3002,0.18920670934284095
DES_RHO,primary,3003,0.0303865164897496
DES_RHO,primary,3004,0.043837614455878776
DES_RHO,primary,3005,-0.2067093428409367
DES_RHO,primary,3006,-0.03946195608135479
DES_RHO,primary,3007,0.051454501255976004
DES_RHO,primary,3008,0.10315209464387004
DES_RHO,primary,3009,0.1673284174702212
DES_RHO,primary,3010,-0.15452556518920665
DES_RHO,primary,3011,-0.06766064338384245
DES_RHO,primary,3012,-0.21951219512195128
DES_RHO,primary,3013,-0.04788914998784537
DES_RHO,primary,3014,-0.17348675147881046
DES_RHO,primary,3015,0.09812819058423143
DES_RHO,primary,3016,0.11498257839721256
DES_RHO,primary,3017,-0.26424114739486265
DES_RHO,primary,3018,0.1503119682359614
DES_RHO,primary,3019,0.047402965724009406
DES_RHO,primary,3020,0.06636415201361315
DES_RHO,primary,3021,-0.21789158090916455
DES_RHO,primary,3022,-0.1412365286443562
DES_RHO,primary,3023,0.03395186775788023
DES_RHO,primary,3024,-0.10898630580990194
DES_RHO,primary,3025,0.26488939307997733
DES_RHO,primary,3026,0.03816546471112552
DES_RHO,primary,3027,0.21416416821975529
DES_RHO,primary,3028,-0.0336277449153229
DES_RHO,primary,3029,-0.07495340734138237
DES_RHO,primary,3030,-0.14334332712097883
DES_RHO,primary,3031,-0.20055100883234747
DES_RHO,primary,3032,-0.0018637063447046452
DES_RHO,primary,3033,0.18110363827890769
DES_RHO,primary,3034,-0.03054857791102828
DES_RHO,primary,3035,0.03216919212381491
DES_RHO,primary,3036,-0.1979580260918888
DES_RHO,primary,3037,0.3232315047402966
DES_RHO,primary,3038,0.07187424033708778
DES_RHO,primary,3039,0.4057207681711368
DES_RHO,primary,3040,-0.029252086540798965
DES_RHO,primary,3041,-0.06360910785187587
DES_RHO,primary,3042,-0.03573454339194554
DES_RHO,primary,3043,0.07398103881371043
DES_RHO,primary,3044,0.3449477351916375
DES_RHO,primary,3045,0.0217972611619804
DES_RHO,primary,3046,0.024714366744996344
DES_RHO,primary,3047,-0.13507819463576695
DES_RHO,primary,3048,0.2462523296329308
DES_RHO,primary,3049,-0.05761283526456527
DES_RHO,primary,3050,0.1820760068065797
DES_RHO,primary,3051,-0.07722226723928365
DES_RHO,primary,3052,0.1968235961429382
DES_RHO,primary,3053,0.1883964022364476
DES_RHO,primary,3054,0.009966777408637852
DES_RHO,primary,3055,0.14091240580179884
DES_RHO,primary,3056,-0.15971153067012397
DES_RHO,primary,3057,-0.17202819868730246
DES_RHO,primary,3058,-0.023579936796045677
DES_RHO,primary,3059,-0.013532128676768488
DES_RHO,primary,3060,-0.0029981362936553134
DES_RHO,primary,3061,0.08775625962239689
DES_RHO,primary,3062,0.13475407179320964
DES_RHO,primary,3063,-0.09602139210760875
DES_RHO,primary,3064,0.11935823677173654
DES_RHO,primary,3065,-0.21027469410906732
DES_RHO,primary,3066,0.11822380682278584
DES_RHO,primary,3067,-0.19455473624503686
DES_RHO,primary,3068,0.14237095859330692
DES_RHO,primary,3069,-0.05129243983469732
DES_RHO,primary,3070,0.3190179077870513
DES_RHO,primary,3071,-0.026821165221618964
DES_RHO,primary,3072,0.02552467385138969
DES_RHO,primary,3073,0.15533587229560003
DES_RHO,primary,3074,-0.34170650676606434
DES_RHO,primary,3075,-0.002674013451097946
DES_RHO,primary,3076,-0.0038084434000485922
DES_RHO,primary,3077,-0.050806255570861346
DES_RHO,primary,3078,-0.30264970423790616
DES_RHO,primary,3079,-0.28952272911433435
DES_RHO,primary,3080,-0.4720038894741107
DES_RHO,primary,3081,-0.07090187180941576
DES_RHO,primary,3082,0.1271371849931124
DES_RHO,primary,3083,-0.07932906571590631
DES_RHO,primary,3084,0.09958674337573939
DES_RHO,primary,3085,-0.07219836317964506
DES_RHO,primary,3086,0.05145450125597597
DES_RHO,primary,3087,0.14755692407422413
DES_RHO,primary,3088,0.0723604246009237
DES_RHO,primary,3089,0.0140183129406045
DES_RHO,primary,3090,-0.022607568268373714
DES_RHO,primary,3091,-0.06198849363908924
DES_RHO,primary,3092,-0.07997731140102098
DES_RHO,primary,3093,0.0008913378170326452
DES_RHO,primary,3094,0.09164573373308484
DES_RHO,primary,3095,-0.19730978040677416
DES_RHO,primary,3096,0.1981200875131675
DES_RHO,primary,3097,-0.04497204440482946
DES_RHO,primary,3098,8.103071063933949e-05
DES_RHO,primary,3099,-0.4164168219755287
DES_RHO,primary,3100,-0.09521108500121549
DES_RHO,primary,3101,-0.024714366744996327
DES_RHO,primary,3102,-0.16133214488291062
DES_RHO,primary,3103,0.052426869783648
DES_RHO,primary,3104,0.03346568349404421
DES_RHO,primary,3105,-0.0670123976987278
DES_RHO,primary,3106,-0.12924398346973504
DES_RHO,primary,3107,0.02341787537476701
DES_RHO,primary,3108,-0.39259379304756514
DES_RHO,primary,3109,0.03978607892391216
DES_RHO,primary,3110,0.07673608297544772
DES_RHO,primary,3111,-0.04950976420063207
DES_RHO,primary,3112,0.11708937687383518
DES_RHO,primary,3113,0.02617291953650435
DES_RHO,primary,3114,0.053075115468762674
DES_RHO,primary,3115,-0.3026497042379061
DES_RHO,primary,3116,-0.2716959727736811
DES_RHO,primary,3117,-0.1986062717770035
DES_RHO,primary,3118,-0.07754639008184101
DES_RHO,primary,3119,0.2940604489101369
DES_RHO,primary,3120,-0.07106393323069443
DES_RHO,primary,3121,-0.0008913378170326598
DES_RHO,primary,3122,-0.02892796369824162
DES_RHO,primary,3123,0.07090187180941576
DES_RHO,primary,3124,0.23053237176890037
DES_RHO,primary,3125,0.025038489587553676
DES_RHO,primary,3126,-0.03492423628555222
DES_RHO,primary,3127,0.235070091564703
DES_RHO,primary,3128,0.007697917510736576
DES_RHO,primary,3129,0.02114901547686571
DES_RHO,primary,3130,-0.03816546471112551
DES_RHO,primary,3131,-0.05761283526456527
DES_RHO,primary,3132,0.026010858115225674
DES_RHO,primary,3133,-0.35677821894498013
DES_RHO,primary,3134,-0.010452961672473884
DES_RHO,primary,3135,-0.06749858196256378
DES_RHO,primary,3136,0.12729924641439105
DES_RHO,primary,3137,-0.09942468195446078
DES_RHO,primary,3138,-0.14285714285714285
DES_RHO,primary,3139,0.16894903168300784
DES_RHO,primary,3140,-0.06134024795397455
DES_RHO,primary,3141,-0.1117413499716392
DES_RHO,primary,3142,0.15614617940199332
DES_RHO,primary,3143,0.08013937282229966
DES_RHO,primary,3144,0.0018637063447046508
DES_RHO,primary,3145,0.08435296977554493
DES_RHO,primary,3146,0.004780811927720581
DES_RHO,primary,3147,-0.3271209788509845
DES_RHO,primary,3148,0.0927801636820355
DES_RHO,primary,3149,-0.11482051697593386
DES_RHO,primary,3150,-0.010452961672473872
DES_RHO,primary,3151,-0.1464224941252735
DES_RHO,primary,3152,0.007373794668179238
DES_RHO,primary,3153,0.05890932663479458
DES_RHO,primary,3154,-0.1895308321853982
DES_RHO,primary,3155,-0.020338708370472396
DES_RHO,primary,3156,-0.1499878453934041
DES_RHO,primary,3157,-0.2574345677011587
DES_RHO,primary,3158,-0.00883234745968721
DES_RHO,primary,3159,0.056640466736893276
DES_RHO,primary,3160,0.10201766469491937
DES_RHO,primary,3161,-0.23928368851794823
DES_RHO,primary,3162,0.10963455149501662
DES_RHO,primary,3163,0.40264160116684217
DES_RHO,primary,3164,-0.23701482862004697
DES_RHO,primary,3165,-0.020176646949193747
DES_RHO,primary,3166,0.07284660886475976
DES_RHO,primary,3167,0.0036463819787699607
DES_RHO,primary,3168,-0.1068795073332793
DES_RHO,primary,3169,0.010777084515031192
DES_RHO,primary,3170,0.2806093509440077
DES_RHO,primary,3171,-0.22048456364962318
DES_RHO,primary,3172,-0.18531723523215296
DES_RHO,primary,3173,0.2329632930880804
DES_RHO,primary,3174,0.3005429057612835
DES_RHO,primary,3175,-0.14723280123166682
DES_RHO,primary,3176,0.15128433676363337
DES_RHO,primary,3177,0.1433433271209788
DES_RHO,primary,3178,0.2603516732841747
DES_RHO,primary,3179,-0.08824244388623288
DES_RHO,primary,3180,0.015314804310833815
DES_RHO,primary,3181,-0.1373470545336683
DES_RHO,primary,3182,0.04675472003889471
DES_RHO,primary,3183,-0.27039948140345194
DES_RHO,primary,3184,0.09877643626934607
DES_RHO,primary,3185,0.12276152661858845
DES_RHO,primary,3186,-0.04886151851551735
DES_RHO,primary,3187,0.0927801636820355
DES_RHO,primary,3188,-0.05323717689004132
DES_RHO,primary,3189,-0.2191880722793939
DES_RHO,primary,3190,-0.33279312859573773
DES_RHO,primary,3191,-0.1352402560570456
DES_RHO,primary,3192,-0.051778624098533337
DES_RHO,primary,3193,-0.15047402965724008
DES_RHO,primary,3194,0.2691029900332226
DES_RHO,primary,3195,0.07414310023498905
DES_RHO,primary,3196,0.37946681792399317
DES_RHO,primary,3197,0.03589660481322422
DES_RHO,primary,3198,-0.12778543067822706
DES_RHO,primary,3199,0.22988412608378578
DES_RHO,primary,3200,-0.07479134592010371
DES_RHO,primary,3201,-0.10574507738432867
DES_RHO,primary,3202,-0.14820516975933876
DES_RHO,primary,3203,-0.20055100883234744
DES_RHO,primary,3204,0.1524187667125841
DES_RHO,primary,3205,0.026659103800340332
DES_RHO,primary,3206,-0.09650757637144478
DES_RHO,primary,3207,0.06587796774977714
DES_RHO,primary,3208,0.34024795397455637
DES_RHO,primary,3209,-0.1096345514950166
DES_RHO,primary,3210,0.14626043270399483
DES_RHO,primary,3211,0.09213191799692085
DES_RHO,primary,3212,-0.12827161494206304
DES_RHO,primary,3213,0.16230451341058263
DES_RHO,primary,3214,-0.1360505631634389
DES_RHO,primary,3215,0.15873916214245196
DES_RHO,primary,3216,-0.3264727331658699
DES_RHO,primary,3217,0.1342678875293736
DES_RHO,primary,3218,0.08046349566485696
DES_RHO,primary,3219,-0.09294222510331415
DES_RHO,primary,3220,0.13605056316343894
DES_RHO,primary,3221,-0.19763390324933147
DES_RHO,primary,3222,0.039299894660076204
DES_RHO,primary,3223,0.029252086540798954
DES_RHO,primary,3224,-0.05226480836236932
DES_RHO,primary,3225,-0.07819463576695569
DES_RHO,primary,3226,0.07608783729033305
DES_RHO,primary,3227,-0.06895713475407181
DES_RHO,primary,3228,-0.2451178996839803
DES_RHO,primary,3229,0.2950328174378089
DES_RHO,primary,3230,-0.0036463819787699503
DES_RHO,primary,3231,-0.04124463171542014
DES_RHO,primary,3232,-0.07673608297544769
DES_RHO,primary,3233,0.11303784134186853
DES_RHO,primary,3234,0.026821165221618988
DES_RHO,primary,3235,-0.06928125759662913
DES_RHO,primary,3236,-0.12600275504416172
DES_RHO,primary,3237,0.15760473219350132
DES_RHO,primary,3238,-0.08694595251600354
DES_RHO,primary,3239,-0.5429867919941658
DES_RHO,primary,3240,0.010939145936309852
DES_RHO,primary,3241,0.40410015395835025
DES_RHO,primary,3242,0.14739486265294546
DES_RHO,primary,3243,-0.2859573778462037
DES_RHO,primary,3244,0.10282797180131267
DES_RHO,primary,3245,-0.19293412203225024
DES_RHO,primary,3246,0.03816546471112551
DES_RHO,primary,3247,-0.10736569159711531
DES_RHO,primary,3248,-0.00526699619155657
DES_RHO,primary,3249,-0.1203306052994085
DES_RHO,primary,3250,-0.044972044404829416
DES_RHO,primary,3251,0.14480187991248683
DES_RHO,primary,3252,0.2969775544931529
DES_RHO,primary,3253,0.2522486022202416
DES_RHO,primary,3254,0.20751964994733005
DES_RHO,primary,3255,-0.39923831131999016
DES_RHO,primary,3256,-0.2535450935904708
DES_RHO,primary,3257,-0.2289117575561137
DES_RHO,primary,3258,0.08759419820111822
DES_RHO,primary,3259,0.13199902763147234
DES_RHO,primary,3260,0.03622072765578155
DES_RHO,primary,3261,0.010615023093752523
DES_RHO,primary,3262,0.045944412932501386
DES_RHO,primary,3263,-0.156308240823272
DES_RHO,primary,3264,0.08208410987764363
DES_RHO,primary,3265,0.002349890608540665
DES_RHO,primary,3266,0.22534640628798316
DES_RHO,primary,3267,-0.06879507333279311
DES_RHO,primary,3268,-0.15679442508710797
DES_RHO,primary,3269,-0.3002187829187262
DES_RHO,primary,3270,0.16959727736812252
DES_RHO,primary,3271,0.3788185722388785
DES_RHO,primary,3272,0.07446722307754643
DES_RHO,primary,3273,-0.023579936796045656
DES_RHO,primary,3274,0.34089619965967105
DES_RHO,primary,3275,0.10347621748642734
DES_RHO,primary,3276,-0.07236042460092376
DES_RHO,primary,3277,-0.06409529211571183
DES_RHO,primary,3278,0.025362612430111012
DES_RHO,primary,3279,0.17300056721497448
DES_RHO,primary,3280,0.0203387083704724
DES_RHO,primary,3281,-0.30346001134429945
DES_RHO,primary,3282,-0.15663236366582933
DES_RHO,primary,3283,0.07689814439672638
DES_RHO,primary,3284,0.20200956162385544
DES_RHO,primary,3285,-0.20265780730897012
DES_RHO,primary,3286,-0.005104934770277917
DES_RHO,primary,3287,0.05420954541771337
DES_RHO,primary,3288,0.09861437484806743
DES_RHO,primary,3289,0.20719552710477274
DES_RHO,primary,3290,-0.060854063690138564
DES_RHO,primary,3291,-0.034924236285552246
DES_RHO,primary,3292,0.07657402155416901
DES_RHO,primary,3293,-0.3144801879912487
DES_RHO,primary,3294,-0.09375253220970749
DES_RHO,primary,3295,-0.03006239364719229
DES_RHO,primary,3296,0.15728060935094396
DES_RHO,primary,3297,0.03767928044728953
DES_RHO,primary,3298,0.025038489587553694
DES_RHO,primary,3299,-0.22761526618588446
DES_RHO,primary,3300,-0.0483753342516814
DES_RHO,primary,3301,0.12551657078032574
DES_RHO,primary,3302,-0.11401020986954055
DES_RHO,primary,3303,-0.19974070172595412
DES_RHO,primary,3304,-0.06490559922210518
DES_RHO,primary,3305,-0.01434243578316182
DES_RHO,primary,3306,0.14707073981038815
DES_RHO,primary,3307,0.2985981687059396
DES_RHO,primary,3308,0.08662182967344627
DES_RHO,primary,3309,0.04124463171542016
DES_RHO,primary,3310,-0.21546065958998462
DES_RHO,primary,3311,-0.13994003727412685
DES_RHO,primary,3312,-0.10898630580990193
DES_RHO,primary,3313,0.27396483267158256
DES_RHO,primary,3314,-0.11919617535045786
DES_RHO,primary,3315,0.06263673932420384
DES_RHO,primary,3316,0.24301110120735758
DES_RHO,primary,3317,-0.07430516165626773
DES_RHO,primary,3318,0.11984442103557248
DES_RHO,primary,3319,-0.24187667125840687
DES_RHO,primary,3320,0.018718094157685765
DES_RHO,primary,3321,0.23053237176890037
DES_RHO,primary,3322,0.09245604083947814
DES_RHO,primary,3323,0.11563082408232721
DES_RHO,primary,3324,-0.34527185803419497
DES_RHO,primary,3325,-0.0639332306944332
DES_RHO,primary,3326,0.02001458552791508
DES_RHO,primary,3327,-0.0034843205574912974
DES_RHO,primary,3328,-0.2830402722631877
DES_RHO,primary,3329,-0.08937687383518353
DES_RHO,primary,3330,0.19260999918969285
DES_RHO,primary,3331,0.1178996839802285
DES_RHO,primary,3332,-0.19423061340247955
DES_RHO,primary,3333,-0.04221700024309217
DES_RHO,primary,3334,-0.04140669313669879
DES_RHO,primary,3335,0.004780811927720576
DES_RHO,primary,3336,-0.1381573616400616
DES_RHO,primary,3337,-0.16651811036382785
DES_RHO,primary,3338,-0.06377116927315454
DES_RHO,primary,3339,0.021149015476865766
DES_RHO,primary,3340,-0.09569726926505144
DES_RHO,primary,3341,0.03784134186856821
DES_RHO,primary,3342,0.08791832104367553
DES_RHO,primary,3343,0.08662182967344621
DES_RHO,primary,3344,-0.1953650433514302
DES_RHO,primary,3345,0.09553520784377281
DES_RHO,primary,3346,-0.24041811846689895
DES_RHO,primary,3347,0.1482051697593388
DES_RHO,primary,3348,-0.1342678875293736
DES_RHO,primary,3349,-0.03670691191961756
DES_RHO,primary,3350,0.35078194635766957
DES_RHO,primary,3351,0.08321853982659429
DES_RHO,primary,3352,0.32371768900413256
DES_RHO,primary,3353,-0.16133214488291062
DES_RHO,primary,3354,0.09213191799692078
DES_RHO,primary,3355,-0.15841503929989464
DES_RHO,primary,3356,-0.1482051697593388
DES_RHO,primary,3357,-0.17818653269589171
DES_RHO,primary,3358,0.23993193420306297
DES_RHO,primary,3359,0.17948302406612107
DES_RHO,primary,3360,-0.06863301191151447
DES_RHO,primary,3361,-0.19925451746211814
DES_RHO,primary,3362,-0.3259865489020339
DES_RHO,primary,3363,0.09731788347783807
DES_RHO,primary,3364,0.14107446722307754
DES_RHO,primary,3365,-0.010128838829916548
DES_RHO,primary,3366,-0.0039705048213272845
DES_RHO,primary,3367,-0.006563487561785895
DES_RHO,primary,3368,0.010939145936309838
DES_RHO,primary,3369,0.05712665100072927
DES_RHO,primary,3370,-0.04853739567296007
DES_RHO,primary,3371,-0.06085406369013856
DES_RHO,primary,3372,-0.0396240175026335
DES_RHO,primary,3373,-0.07592577586905433
DES_RHO,primary,3374,-0.10542095454177128
DES_RHO,primary,3375,-0.16684223320638522
DES_RHO,primary,3376,0.0010533992383113162
DES_RHO,primary,3377,0.23361153877319507
DES_RHO,primary,3378,0.005915241876671272
DES_RHO,primary,3379,-0.14496394133376553
DES_RHO,primary,3380,0.0843529697755449
DES_RHO,primary,3381,-0.049347702779353395
DES_RHO,primary,3382,-0.1584150392998947
DES_RHO,primary,3383,0.16668017178510658
DES_RHO,primary,3384,0.29519487885908763
DES_RHO,primary,3385,0.0020257677659833097
DES_RHO,primary,3386,0.07770845150311967
DES_RHO,primary,3387,0.013045944412932508
DES_RHO,primary,3388,0.18466898954703836
DES_RHO,primary,3389,0.07219836317964508
DES_RHO,primary,3390,-0.1248683250952111
DES_RHO,primary,3391,0.008022040353293939
DES_RHO,primary,3392,0.2924398346973503
DES_RHO,primary,3393,0.3627744915322907
DES_RHO,primary,3394,0.15403938092537076
DES_RHO,primary,3395,-0.008994408880965888
DES_RHO,primary,3396,-0.060529940847581246
DES_RHO,primary,3397,0.024714366744996347
DES_RHO,primary,3398,0.06992950328174381
DES_RHO,primary,3399,-0.17656591848310507
DES_RHO,primary,3400,-0.1845069281257597
DES_RHO,primary,3401,-0.04626853577505875
DES_RHO,primary,3402,-0.12859573778462036
DES_RHO,primary,3403,-0.01936633984280044
DES_RHO,primary,3404,0.18385868244064496
DES_RHO,primary,3405,-0.13588850174216027
DES_RHO,primary,3406,0.10558301596304999
DES_RHO,primary,3407,-0.06166437079653185
DES_RHO,primary,3408,0.11968235961429381
DES_RHO,primary,3409,0.0055911190341139064
DES_RHO,primary,3410,0.06052994084758122
DES_RHO,primary,3411,-0.09683169921400211
DES_RHO,primary,3412,0.13783323879750425
DES_RHO,primary,3413,0.08192204845636496
DES_RHO,primary,3414,0.0029981362936552965
DES_RHO,primary,3415,0.2924398346973503
DES_RHO,primary,3416,-0.33733084839154037
DES_RHO,primary,3417,-0.013532128676768493
DES_RHO,primary,3418,0.007049671825621921
DES_RHO,primary,3419,-0.12697512357183371
DES_RHO,primary,3420,0.12146503524835912
DES_RHO,primary,3421,-0.22615671339437646
DES_RHO,primary,3422,0.07868082003079169
DES_RHO,primary,3423,0.11044485860140993
DES_RHO,primary,3424,-0.002836074872376608
DES_RHO,primary,3425,-0.3180455392593793
DES_RHO,primary,3426,-0.11336196418442587
DES_RHO,primary,3427,-0.233611538773195
DES_RHO,primary,3428,-0.21302973827080465
DES_RHO,primary,3429,0.14318126569970016
DES_RHO,primary,3430,0.21302973827080465
DES_RHO,primary,3431,0.07965318855846362
DES_RHO,primary,3432,-0.17996920832995705
DES_RHO,primary,3433,-0.03152094643870026
DES_RHO,primary,3434,0.03994814034519084
DES_RHO,primary,3435,0.030224455068470962
DES_RHO,primary,3436,-0.036220727655781555
DES_RHO,primary,3437,-0.0903492423628555
DES_RHO,primary,3438,-0.2832023336844664
DES_RHO,primary,3439,0.17786240985333435
DES_RHO,primary,3440,-0.03362774491532292
DES_RHO,primary,3441,-0.0942387164735435
DES_RHO,primary,3442,-0.07284660886475976
DES_RHO,primary,3443,0.21027469410906732
DES_RHO,primary,3444,0.06328498500931855
DES_RHO,primary,3445,-0.08645976825216761
DES_RHO,primary,3446,0.14042622153796291
DES_RHO,primary,3447,0.4152823920265781
DES_RHO,primary,3448,0.0031601977149339636
DES_RHO,primary,3449,0.22631877481565507
DES_RHO,primary,3450,-0.1206547281419658
DES_RHO,primary,3451,-0.06490559922210516
DES_RHO,primary,3452,-0.06458147637954784
DES_RHO,primary,3453,0.06182643221781053
DES_RHO,primary,3454,0.02422818248116034
DES_RHO,primary,3455,0.1378332387975043
DES_RHO,primary,3456,-0.11870999108662182
DES_RHO,primary,3457,0.09407665505226478
DES_RHO,primary,3458,-0.14237095859330687
DES_RHO,primary,3459,0.09829025200551007
DES_RHO,primary,3460,-0.006401426140507258
DES_RHO,primary,3461,-0.23247710882424436
DES_RHO,primary,3462,0.03103476217486427
DES_RHO,primary,3463,0.011749453042703181
DES_RHO,primary,3464,0.12632687788671906
DES_RHO,primary,3465,-0.21011263268778868
DES_RHO,primary,3466,-0.05615428247305731
DES_RHO,primary,3467,-0.11141722712908192
DES_RHO,primary,3468,0.008994408880965898
DES_RHO,primary,3469,0.05096831699214003
DES_RHO,primary,3470,0.21610890527509927
DES_RHO,primary,3471,-0.14415363422737215
DES_RHO,primary,3472,-0.17154201442346645
DES_RHO,primary,3473,-0.02341787537476703
DES_RHO,primary,3474,-0.13783323879750425
DES_RHO,primary,3475,0.005104934770277921
DES_RHO,primary,3476,0.12016854387812977
DES_RHO,primary,3477,0.18888258650028358
DES_RHO,primary,3478,0.06587796774977717
DES_RHO,primary,3479,-0.08354266266915159
DES_RHO,primary,3480,0.07009156470302248
DES_RHO,primary,3481,0.235070091564703
DES_RHO,primary,3482,-0.17510736569159707
DES_RHO,primary,3483,-0.2199983793857872
DES_RHO,primary,3484,0.19115144639818493
DES_RHO,primary,3485,0.07462928449882507
DES_RHO,primary,3486,0.13556437889960296
DES_RHO,primary,3487,0.12292358803986711
DES_RHO,primary,3488,0.5316424925046592
DES_RHO,primary,3489,-0.017745725630013785
DES_RHO,primary,3490,-0.13329551900170167
DES_RHO,primary,3491,0.0532371768900413
DES_RHO,primary,3492,-0.11838586824406445
DES_RHO,primary,3493,-0.0777084515031197
DES_RHO,primary,3494,0.15922534640628797
DES_RHO,primary,3495,0.26067579612673203
DES_RHO,primary,3496,0.1550117494530427
DES_RHO,primary,3497,-0.022121384004537715
DES_RHO,primary,3498,-0.023093752532209688
DES_RHO,primary,3499,-0.1003970504821327
DES_RHO,primary,3500,-0.09780406774167412
DES_RHO,primary,3501,0.21416416821975523
DES_RHO,primary,3502,-0.1203306052994085
DES_RHO,primary,3503,-0.01725954136617777
DES_RHO,primary,3504,-0.18353455959808768
DES_RHO,primary,3505,-0.14901547686573213
DES_RHO,primary,3506,-0.16603192609999193
DES_RHO,primary,3507,-0.044485860140993434
DES_RHO,primary,3508,0.061664370796531906
DES_RHO,primary,3509,-0.15906328498500932
DES_RHO,primary,3510,-0.1627906976744186
DES_RHO,primary,3511,-0.1156308240823272
DES_RHO,primary,3512,0.11498257839721251
DES_RHO,primary,3513,0.09083542662669153
DES_RHO,primary,3514,0.13232315047402962
DES_RHO,primary,3515,0.08727007535856089
DES_RHO,primary,3516,-0.008508224617129898
DES_RHO,primary,3517,0.06620209059233448
DES_RHO,primary,3518,-0.08030143424357829
DES_RHO,primary,3519,0.07770845150311964
DES_RHO,primary,3520,0.24284903978607889
DES_RHO,primary,3521,-0.11417227129081921
DES_RHO,primary,3522,0.19795802609188884
DES_RHO,primary,3523,0.002025767765983316
DES_RHO,primary,3524,-0.051778624098533337
DES_RHO,primary,3525,0.09780406774167408
DES_RHO,primary,3526,-0.08856656672879018
DES_RHO,primary,3527,0.21627096669637794
DES_RHO,primary,3528,0.04772708856656672
DES_RHO,primary,3529,0.078518758609513
DES_RHO,primary,3530,-0.11303784134186856
DES_RHO,primary,3531,0.11141722712908192
DES_RHO,primary,3532,-0.3747670367069119
DES_RHO,primary,3533,-0.078518758609513
DES_RHO,primary,3534,0.09958674337573939
DES_RHO,primary,3535,0.22048456364962318
DES_RHO,primary,3536,-0.12875779920589905
DES_RHO,primary,3537,0.2796369824163358
DES_RHO,primary,3538,0.06101612511141725
DES_RHO,primary,3539,0.22291548496880317
DES_RHO,primary,3540,-0.014504497204440464
DES_RHO,primary,3541,-0.10623126164816465
DES_RHO,primary,3542,-0.07754639008184101
DES_RHO,primary,3543,-0.045944412932501406
DES_RHO,primary,3544,-0.14593630986143746
DES_RHO,primary,3545,-0.09051130378413419
DES_RHO,primary,3546,-0.05615428247305729
DES_RHO,primary,3547,-0.0013775220808686676
DES_RHO,primary,3548,-0.05712665100072924
DES_RHO,primary,3549,0.06263673932420388
DES_RHO,primary,3550,0.2067093428409367
DES_RHO,primary,3551,0.24139048699457094
DES_RHO,primary,3552,0.0616643707965319
DES_RHO,primary,3553,-0.1691110931042865
DES_RHO,primary,3554,0.14577424844015885
DES_RHO,primary,3555,0.12438214083137511
DES_RHO,primary,3556,0.4301920427842152
DES_RHO,primary,3557,-0.09196985657564213
DES_RHO,primary,3558,-0.021635199740701737
DES_RHO,primary,3559,-0.156308240823272
DES_RHO,primary,3560,-0.12843367636334171
DES_RHO,primary,3561,-0.0725224860222024
DES_RHO,primary,3562,0.029414147962077634
DES_RHO,primary,3563,0.039299894660076155
DES_RHO,primary,3564,0.12486832509521108
DES_RHO,primary,3565,0.12049266672068712
DES_RHO,primary,3566,0.05647840531561459
DES_RHO,primary,3567,-0.27769224536099174
DES_RHO,primary,3568,0.06895713475407181
DES_RHO,primary,3569,-0.078032574345677
DES_RHO,primary,3570,-0.05955757231990925
DES_RHO,primary,3571,-0.04464792156227209
DES_RHO,primary,3572,0.36196418442589745
DES_RHO,primary,3573,-0.02973827080463496
DES_RHO,primary,3574,0.1968235961429381
DES_RHO,primary,3575,0.0036463819787699494
DES_RHO,primary,3576,-0.026010858115225684
DES_RHO,primary,3577,0.042865245928206785
DES_RHO,primary,3578,-0.3854630905113038
DES_RHO,primary,3579,-0.078518758609513
DES_RHO,primary,3580,-0.026821165221618988
DES_RHO,primary,3581,-0.012721821570375163
DES_RHO,primary,3582,0.20119925451746212
DES_RHO,primary,3583,-0.051940685519812006
DES_RHO,primary,3584,0.051454501255976004
DES_RHO,primary,3585,-0.08710801393728222
DES_RHO,primary,3586,0.10428652459282069
DES_RHO,primary,3587,0.04610647435378007
DES_RHO,primary,3588,0.23636658293493237
DES_RHO,primary,3589,-0.2057369743132648
DES_RHO,primary,3590,-0.10817599870350862
DES_RHO,primary,3591,-0.06085406369013854
DES_RHO,primary,3592,0.04691678146017338
DES_RHO,primary,3593,0.059395510898630564
DES_RHO,primary,3594,0.006239364719228596
DES_RHO,primary,3595,-0.08516327688193817
DES_RHO,primary,3596,-0.04351349161332143
DES_RHO,primary,3597,0.033789806336601565
DES_RHO,primary,3598,0.015476865732112462
DES_RHO,primary,3599,0.0830564784053156
DES_RHO,primary,3600,-0.03443805202171623
DES_RHO,primary,3601,0.003970504821327288
DES_RHO,primary,3602,0.22048456364962318
DES_RHO,primary,3603,-0.015314804310833737
DES_RHO,primary,3604,0.240904302730735
DES_RHO,primary,3605,0.15322907381897738
DES_RHO,primary,3606,-0.09537314642249417
DES_RHO,primary,3607,-0.08143586419252892
DES_RHO,primary,3608,0.20735758852605132
DES_RHO,primary,3609,0.12827161494206304
DES_RHO,primary,3610,-0.22712908192204845
DES_RHO,primary,3611,-0.35450935904707875
DES_RHO,primary,3612,0.3554817275747508
DES_RHO,primary,3613,-0.102665910380034
DES_RHO,primary,3614,0.15809091645733733
DES_RHO,primary,3615,-0.026497042379061624
DES_RHO,primary,3616,0.026659103800340353
DES_RHO,primary,3617,0.0968316992140021
DES_RHO,primary,3618,-0.17996920832995705
DES_RHO,primary,3619,-0.13021635199740705
DES_RHO,primary,3620,-0.05793695810712261
DES_RHO,primary,3621,0.07122599465197307
DES_RHO,primary,3622,0.061502309375253236
DES_RHO,primary,3623,-0.11255165707803257
DES_RHO,primary,3624,-0.04805121140912407
DES_RHO,primary,3625,-0.23312535450935906
DES_RHO,primary,3626,-0.132161089052751
DES_RHO,primary,3627,0.1156308240823272
DES_RHO,primary,3628,0.4178753747670366
DES_RHO,primary,3629,0.22210517786240982
DES_RHO,primary,3630,-0.2741268940928612
DES_RHO,primary,3631,-0.17559354995543305
DES_RHO,primary,3632,0.050158009885746695
DES_RHO,primary,3633,-0.15371525808281336
DES_RHO,primary,3634,0.07236042460092376
DES_RHO,primary,3635,0.12405801798881774
DES_RHO,primary,3636,0.08581152256705293
DES_RHO,primary,3637,-0.06636415201361318
DES_RHO,primary,3638,-0.09456283931610081
DES_RHO,primary,3639,-0.15501174945304264
DES_RHO,primary,3640,0.061178186532695876
DES_RHO,primary,3641,0.027145288064176317
DES_RHO,primary,3642,0.01093914593630986
DES_RHO,primary,3643,-0.02860384085568427
DES_RHO,primary,3644,0.12729924641439103
DES_RHO,primary,3645,0.03427599060043757
DES_RHO,primary,3646,-0.04934770277935333
DES_RHO,primary,3647,0.13912973016773358
DES_RHO,primary,3648,-0.014504497204440515
DES_RHO,primary,3649,-0.09537314642249413
DES_RHO,primary,3650,-0.24430759257758689
DES_RHO,primary,3651,0.012073575885260503
DES_RHO,primary,3652,0.002025767765983287
DES_RHO,primary,3653,-0.15241876671258406
DES_RHO,primary,3654,0.008346163195851226
DES_RHO,primary,3655,-0.03427599060043759
DES_RHO,primary,3656,-0.1381573616400616
DES_RHO,primary,3657,-0.2738027712503039
DES_RHO,primary,3658,-0.35596791183858684
DES_RHO,primary,3659,-0.20995057126650998
DES_RHO,primary,3660,0.0571266510007293
DES_RHO,primary,3661,-0.05420954541771333
DES_RHO,primary,3662,-0.10266591038003406
DES_RHO,primary,3663,-0.07462928449882505
DES_RHO,primary,3664,-0.17332469005753176
DES_RHO,primary,3665,-0.01823190989384974
DES_RHO,primary,3666,0.03411392917915886
DES_RHO,primary,3667,0.13507819463576695
DES_RHO,primary,3668,-0.005266996191556604
DES_RHO,primary,3669,0.35402317478324286
DES_RHO,primary,3670,-0.10412446317154199
DES_RHO,primary,3671,-0.01628717283850581
DES_RHO,primary,3672,-0.008670286038408522
DES_RHO,primary,3673,0.005915241876671288
DES_RHO,primary,3674,0.1264889393079977
DES_RHO,primary,3675,0.046268535775058725
DES_RHO,primary,3676,0.02584879669394701
DES_RHO,primary,3677,0.05923344947735191
DES_RHO,primary,3678,0.16198039056802527
DES_RHO,primary,3679,0.03638278907706022
DES_RHO,primary,3680,-0.07657402155416901
DES_RHO,primary,3681,-0.15776679361478
DES_RHO,primary,3682,-0.036706911919617606
DES_RHO,primary,3683,-0.2217810550198525
DES_RHO,primary,3684,0.1995786403046755
DES_RHO,primary,3685,0.14010209869540557
DES_RHO,primary,3686,-0.026497042379061635
DES_RHO,primary,3687,-0.04788914998784537
DES_RHO,primary,3688,0.0694433190179078
DES_RHO,primary,3689,0.11563082408232717
DES_RHO,primary,3690,-0.2895227291143343
DES_RHO,primary,3691,0.07365691597115306
DES_RHO,primary,3692,0.25792075196499475
DES_RHO,primary,3693,0.0979661291629528
DES_RHO,primary,3694,-0.16570780325743456
DES_RHO,primary,3695,-0.1952029819301515
DES_RHO,primary,3696,-0.058909326634794625
DES_RHO,primary,3697,0.11482051697593387
DES_RHO,primary,3698,0.061016125111417206
DES_RHO,primary,3699,0.17851065553844908
DES_RHO,primary,3700,-0.05777489668584395
DES_RHO,primary,3701,-0.07025362612430111
DES_RHO,primary,3702,-0.1742970585852038
DES_RHO,primary,3703,-0.22972206466250705
DES_RHO,primary,3704,0.19196175350457823
DES_RHO,primary,3705,0.12162709666963778
DES_RHO,primary,3706,0.1013694190098047
DES_RHO,primary,3707,0.17137995300218783
DES_RHO,primary,3708,0.1263268778867191
DES_RHO,primary,3709,0.09115954946924883
DES_RHO,primary,3710,0.17089376873835183
DES_RHO,primary,3711,-0.18418280528320233
DES_RHO,primary,3712,0.10882424438862329
DES_RHO,primary,3713,0.2522486022202414
DES_RHO,primary,3714,-0.3376549712340977
DES_RHO,primary,3715,0.2091402641601167
DES_RHO,primary,3716,-0.18272425249169427
DES_RHO,primary,3717,0.07624989871161167
DES_RHO,primary,3718,0.05291305404748397
DES_RHO,primary,3719,0.02082489263430841
DES_RHO,primary,3720,0.16797666315533588
DES_RHO,primary,3721,0.1318369662101936
DES_RHO,primary,3722,0.30281176565918483
DES_RHO,primary,3723,0.07462928449882505
DES_RHO,primary,3724,0.14285714285714285
DES_RHO,primary,3725,0.0752775301839397
DES_RHO,primary,3726,0.022445506847095047
DES_RHO,primary,3727,0.054047483996434664
DES_RHO,primary,3728,-0.20508872862815
DES_RHO,primary,3729,-0.012235637306539189
DES_RHO,primary,3730,-0.08224617129892228
DES_RHO,primary,3731,-0.05453366826027065
DES_RHO,primary,3732,-0.1206547281419658
DES_RHO,primary,3733,-0.004780811927720595
DES_RHO,primary,3734,-0.12697512357183371
DES_RHO,primary,3735,0.20849201847500207
DES_RHO,primary,3736,0.25921724333522406
DES_RHO,primary,3737,-0.08094967992869292
DES_RHO,primary,3738,0.15728060935094398
DES_RHO,primary,3739,-0.17170407584474515
DES_RHO,primary,3740,0.026010858115225653
DES_RHO,primary,3741,0.2793128595737785
DES_RHO,primary,3742,-0.2438214083137509
DES_RHO,primary,3743,-0.3859492747751398
DES_RHO,primary,3744,-0.08078761850741428
DES_RHO,primary,3745,-0.12827161494206307
DES_RHO,primary,3746,0.24803500526699615
DES_RHO,primary,3747,0.12130297382708045
DES_RHO,primary,3748,-0.01563892715339113
DES_RHO,primary,3749,-0.10007292763957543
DES_RHO,primary,3750,0.08257029414147962
DES_RHO,primary,3751,-0.30394619560813546
DES_RHO,primary,3752,-0.08743213677983959
DES_RHO,primary,3753,0.19730978040677416
DES_RHO,primary,3754,0.03152094643870025
DES_RHO,primary,3755,0.19455473624503686
DES_RHO,primary,3756,-0.159225346406288
DES_RHO,primary,3757,-0.04772708856656672
DES_RHO,primary,3758,-0.2165950895389352
DES_RHO,primary,3759,0.03832752613240418
DES_RHO,primary,3760,0.029738270804634908
DES_RHO,primary,3761,0.21708127380277129
DES_RHO,primary,3762,-0.12389595656753909
DES_RHO,primary,3763,0.28530913216108905
DES_RHO,primary,3764,0.04918564135807472
DES_RHO,primary,3765,0.10752775301839394
DES_RHO,primary,3766,0.11076898144396727
DES_RHO,primary,3767,0.27558544688436915
DES_RHO,primary,3768,-0.08451503119682359
DES_RHO,primary,3769,0.041730815979256146
DES_RHO,primary,3770,0.04950976420063199
DES_RHO,primary,3771,0.014342435783161819
DES_RHO,primary,3772,-0.022445506847095092
DES_RHO,primary,3773,0.06085406369013852
DES_RHO,primary,3774,-0.05874726521351592
DES_RHO,primary,3775,0.16117008346163197
DES_RHO,primary,3776,-0.28855036058666234
DES_RHO,primary,3777,0.00040515355319664924
DES_RHO,primary,3778,-0.005915241876671225
DES_RHO,primary,3779,0.17300056721497445
DES_RHO,primary,3780,-0.007373794668179244
DES_RHO,primary,3781,-0.17948302406612104
DES_RHO,primary,3782,0.36326067579612675
DES_RHO,primary,3783,-0.053237176890041316
DES_RHO,primary,3784,-0.042541123085649446
DES_RHO,primary,3785,0.023417875374767035
DES_RHO,primary,3786,0.18304837533425167
DES_RHO,primary,3787,0.18985495502795557
DES_RHO,primary,3788,-0.10866218296734458
DES_RHO,primary,3789,0.03492423628555223
DES_RHO,primary,3790,0.12810955352078435
DES_RHO,primary,3791,0.1764038570618264
DES_RHO,primary,3792,-0.09861437484806747
DES_RHO,primary,3793,-0.14026416011668424
DES_RHO,primary,3794,-0.0974799448991168
DES_RHO,primary,3795,0.15355319666153475
DES_RHO,primary,3796,-0.2144882910623126
DES_RHO,primary,3797,0.2083299570537233
DES_RHO,primary,3798,0.007049671825621892
DES_RHO,primary,3799,0.13394376468681632
DES_RHO,primary,3800,-0.06312292358803988
DES_RHO,primary,3801,-0.12130297382708045
DES_RHO,primary,3802,0.07543959160521836
DES_RHO,primary,3803,0.21465035248359127
DES_RHO,primary,3804,0.05404748399643463
DES_RHO,primary,3805,0.08937687383518356
DES_RHO,primary,3806,-0.03654485049833885
DES_RHO,primary,3807,-0.010939145936309905
DES_RHO,primary,3808,0.2977878615995462
DES_RHO,primary,3809,0.21643302811765655
DES_RHO,primary,3810,0.0679847662263998
DES_RHO,primary,3811,-0.3044323798719714
DES_RHO,primary,3812,0.15096021392107611
DES_RHO,primary,3813,-0.11822380682278584
DES_RHO,primary,3814,0.3797909407665505
DES_RHO,primary,3815,-0.11498257839721251
DES_RHO,primary,3816,0.1260027550441617
DES_RHO,primary,3817,0.27185803419495985
DES_RHO,primary,3818,0.0067255489830645495
DES_RHO,primary,3819,0.10153148043108336
DES_RHO,primary,3820,-0.08094967992869292
DES_RHO,primary,3821,-0.23134267887529378
DES_RHO,primary,3822,-0.15809091645733733
DES_RHO,primary,3823,-0.23701482862004702
DES_RHO,primary,3824,-0.3028117656591847
DES_RHO,primary,3825,0.2772060610971558
DES_RHO,primary,3826,-0.10169354185236204
DES_RHO,primary,3827,-0.1687869702617292
DES_RHO,primary,3828,-0.28952272911433435
DES_RHO,primary,3829,-0.10428652459282067
DES_RHO,primary,3830,-0.3613159387407827
DES_RHO,primary,3831,-0.2584069362288307
DES_RHO,primary,3832,-0.0033222591362126316
DES_RHO,primary,3833,0.050968316992140016
DES_RHO,primary,3834,-0.1289198606271777
DES_RHO,primary,3835,-0.1394538530102909
DES_RHO,primary,3836,-0.1636010047808119
DES_RHO,primary,3837,0.09294222510331418
DES_RHO,primary,3838,0.18418280528320233
DES_RHO,primary,3839,0.10768981443967263
DES_RHO,primary,3840,0.23993193420306297
DES_RHO,primary,3841,0.0639332306944332
DES_RHO,primary,3842,-0.0076979175107365705
DES_RHO,primary,3843,0.1088242443886233
DES_RHO,primary,3844,0.3339275585446884
DES_RHO,primary,3845,0.04480998298355077
DES_RHO,primary,3846,0.03427599060043761
DES_RHO,primary,3847,-0.2097885098452313
DES_RHO,primary,3848,-0.10947249007373795
DES_RHO,primary,3849,0.10055911190341141
DES_RHO,primary,3850,0.002025767765983331
DES_RHO,primary,3851,-0.23571833724981767
DES_RHO,primary,3852,0.0960213921076088
DES_RHO,primary,3853,0.3775220808686492
DES_RHO,primary,3854,0.13378170326553762
DES_RHO,primary,3855,0.034113929179158925
DES_RHO,primary,3856,0.05712665100072926
DES_RHO,primary,3857,0.0013775220808686492
DES_RHO,primary,3858,-0.2588931204926668
DES_RHO,primary,3859,0.06101612511141725
DES_RHO,primary,3860,-0.18985495502795563
DES_RHO,primary,3861,0.19504092050887284
DES_RHO,primary,3862,0.15857710072117331
DES_RHO,primary,3863,-0.16035977635523863
DES_RHO,primary,3864,0.22194311644113118
DES_RHO,primary,3865,0.2511141722712908
DES_RHO,primary,3866,-0.20557491289198607
DES_RHO,primary,3867,0.23458390730086703
DES_RHO,primary,3868,0.12000648245685117
DES_RHO,primary,3869,-0.23993193420306289
DES_RHO,primary,3870,0.06717445912000647
DES_RHO,primary,3871,0.19504092050887284
DES_RHO,primary,3872,0.02730734948545499
DES_RHO,primary,3873,-0.06101612511141723
DES_RHO,primary,3874,0.30427031845069274
DES_RHO,primary,3875,-0.25014180374361883
DES_RHO,primary,3876,-0.1909893849769062
DES_RHO,primary,3877,-0.04529616724738669
DES_RHO,primary,3878,-0.01207357588526051
DES_RHO,primary,3879,0.027793533749290954
DES_RHO,primary,3880,-0.07479134592010371
DES_RHO,primary,3881,0.08159792561380763
DES_RHO,primary,3882,0.0658779677497772
DES_RHO,primary,3883,0.05971963374118788
DES_RHO,primary,3884,-0.04059638603030547
DES_RHO,primary,3885,0.08840450530751154
DES_RHO,primary,3886,0.06166437079653192
DES_RHO,primary,3887,0.2564621991734868
DES_RHO,primary,3888,-0.22826351187099908
DES_RHO,primary,3889,-0.0637711692731545
DES_RHO,primary,3890,0.09861437484806744
DES_RHO,primary,3891,0.07965318855846368
DES_RHO,primary,3892,0.157280609350944
DES_RHO,primary,3893,-0.15565999513815734
DES_RHO,primary,3894,-0.04853739567296008
DES_RHO,primary,3895,-0.2311806174540151
DES_RHO,primary,3896,0.06360910785187585
DES_RHO,primary,3897,-0.22599465197309782
DES_RHO,primary,3898,0.1984442103557248
DES_RHO,primary,3899,0.2588931204926667
DES_RHO,primary,3900,0.34916133214488293
DES_RHO,primary,3901,-0.19163763066202086
DES_RHO,primary,3902,0.07916700429462764
DES_RHO,primary,3903,-0.21059881695162463
DES_RHO,primary,3904,0.10606920022688597
DES_RHO,primary,3905,0.02552467385138967
DES_RHO,primary,3906,-0.11109310428652457
DES_RHO,primary,3907,0.07965318855846366
DES_RHO,primary,3908,0.03330362207276555
DES_RHO,primary,3909,0.061502309375253236
DES_RHO,primary,3910,0.08111174134997164
DES_RHO,primary,3911,0.05550603678794262
DES_RHO,primary,3912,0.020824892634308437
DES_RHO,primary,3913,0.08240823272020091
DES_RHO,primary,3914,-0.051454501255976025
DES_RHO,primary,3915,-0.23166680171785106
DES_RHO,primary,3916,0.12989222915484966
DES_RHO,primary,3917,0.31820760068065795
DES_RHO,primary,3918,-0.2016854387812981
DES_RHO,primary,3919,-0.058099019528401276
DES_RHO,primary,3920,0.01158739162142453
DES_RHO,primary,3921,-0.0358966048132242
DES_RHO,primary,3922,-0.03233125354509358
DES_RHO,primary,3923,0.04805121140912407
DES_RHO,primary,3924,0.17300056721497445
DES_RHO,primary,3925,-0.047240904302730743
DES_RHO,primary,3926,0.06911919617535042
DES_RHO,primary,3927,0.22664289765821244
DES_RHO,primary,3928,-0.1318369662101937
DES_RHO,primary,3929,-0.05680252815817194
DES_RHO,primary,3930,0.13702293169111093
DES_RHO,primary,3931,-0.015476865732112457
DES_RHO,primary,3932,-0.18158982254274375
DES_RHO,primary,3933,-0.1963374118791022
DES_RHO,primary,3934,0.27218215703751725
DES_RHO,primary,3935,-0.029900332225913654
DES_RHO,primary,3936,-0.2969775544931529
DES_RHO,primary,3937,-0.058099019528401276
DES_RHO,primary,3938,0.07122599465197309
DES_RHO,primary,3939,0.20460254436431408
DES_RHO,primary,3940,-0.048537395672960046
DES_RHO,primary,3941,0.050968316992140036
DES_RHO,primary,3942,0.10347621748642737
DES_RHO,primary,3943,-0.2707236042460093
DES_RHO,primary,3944,-0.11708937687383521
DES_RHO,primary,3945,-0.061016125111417185
DES_RHO,primary,3946,-0.3233935661615752
DES_RHO,primary,3947,0.040434324609026795
DES_RHO,primary,3948,0.11919617535045782
DES_RHO,primary,3949,0.2078437727898874
DES_RHO,primary,3950,0.07527753018393972
DES_RHO,primary,3951,0.17283850579369578
DES_RHO,primary,3952,-0.046754720038894707
DES_RHO,primary,3953,-0.14431569564865085
DES_RHO,primary,3954,-0.05907138805607329
DES_RHO,primary,3955,0.02633498095778298
DES_RHO,primary,3956,0.030386516489749597
DES_RHO,primary,3957,0.10477270885665668
DES_RHO,primary,3958,-0.08597358398833156
DES_RHO,primary,3959,0.11498257839721256
DES_RHO,primary,3960,-0.03395186775788027
DES_RHO,primary,3961,0.09180779515436352
DES_RHO,primary,3962,-0.020986954055587054
DES_RHO,primary,3963,-0.024390243902439008
DES_RHO,primary,3964,-0.08289441698403693
DES_RHO,primary,3965,-0.1318369662101937
DES_RHO,primary,3966,0.13994003727412688
DES_RHO,primary,3967,0.1467466169678308
DES_RHO,primary,3968,-0.16846284741917186
DES_RHO,primary,3969,0.12357183372498179
DES_RHO,primary,3970,-0.11384814844826184
DES_RHO,primary,3971,0.0007292763957540046
DES_RHO,primary,3972,0.16457337330848393
DES_RHO,primary,3973,0.19812008751316745
DES_RHO,primary,3974,-0.01628717283850581
DES_RHO,primary,3975,-0.11627906976744183
DES_RHO,primary,3976,-0.04399967587715743
DES_RHO,primary,3977,0.022931691110931025
DES_RHO,primary,3978,-0.22534640628798316
DES_RHO,primary,3979,-0.015476865732112509
DES_RHO,primary,3980,-0.09213191799692082
DES_RHO,primary,3981,-0.3865975204602544
DES_RHO,primary,3982,-0.08516327688193824
DES_RHO,primary,3983,-0.08613564540961025
DES_RHO,primary,3984,-0.1083380601247873
DES_RHO,primary,3985,-0.05971963374118791
DES_RHO,primary,3986,-0.004780811927720603
DES_RHO,primary,3987,0.021959322583259045
DES_RHO,primary,3988,-0.05793695810712257
DES_RHO,primary,3989,-0.20411636010047804
DES_RHO,primary,3990,0.29341220322502226
DES_RHO,primary,3991,0.2063852199983794
DES_RHO,primary,3992,-0.0013775220808686412
DES_RHO,primary,3993,-0.2297220646625071
DES_RHO,primary,3994,-0.021959322583259038
DES_RHO,primary,3995,0.046592658617616044
DES_RHO,primary,3996,-0.19034113929179158
DES_RHO,primary,3997,-0.10363827890770605
DES_RHO,primary,3998,-0.1973097804067741
DES_RHO,primary,3999,0.3037841341868568
DES_RHO,primary,4000,0.2057369743132647
DES_RHO,primary,4001,0.2564621991734867
DES_RHO,primary,4002,0.1579288550360587
DES_RHO,primary,4003,-0.13637468600599623
DES_RHO,primary,4004,0.0235799367960457
DES_RHO,primary,4005,-0.0616643707965319
DES_RHO,primary,4006,-0.1409124058017989
DES_RHO,primary,4007,-0.13459201037193097
DES_RHO,primary,4008,0.012721821570375116
DES_RHO,primary,4009,0.15938740782756664
DES_RHO,primary,4010,0.16765254031277857
DES_RHO,primary,4011,-0.03638278907706022
DES_RHO,primary,4012,0.2832023336844664
DES_RHO,primary,4013,0.005266996191556615
DES_RHO,primary,4014,-0.15825297787861595
DES_RHO,primary,4015,-0.06911919617535046
DES_RHO,primary,4016,-0.19066526213434892
DES_RHO,primary,4017,-0.20314399157280616
DES_RHO,primary,4018,-0.07608783729033301
DES_RHO,primary,4019,0.01677335710234178
DES_RHO,primary,4020,-0.03897577181751887
DES_RHO,primary,4021,-0.035410420549388213
DES_RHO,primary,4022,-0.12000648245685114
DES_RHO,primary,4023,0.13410582610809496
DES_RHO,primary,4024,0.3243659346892472
DES_RHO,primary,4025,0.02909002511952033
DES_RHO,primary,4026,0.13864354590389757
DES_RHO,primary,4027,-0.14301920427842152
DES_RHO,primary,4028,-0.09407665505226478
DES_RHO,primary,4029,-0.23053237176890043
DES_RHO,primary,4030,0.03395186775788024
DES_RHO,primary,4031,-0.04205493882181349
DES_RHO,primary,4032,0.05534397536666396
DES_RHO,primary,4033,0.14545012559760148
DES_RHO,primary,4034,0.05275099262620532
DES_RHO,primary,4035,0.23344947735191637
DES_RHO,primary,4036,-0.078518758609513
DES_RHO,primary,4037,0.006401426140507237
DES_RHO,primary,4038,0.006401426140507237
DES_RHO,primary,4039,-0.3509440077789482
DES_RHO,primary,4040,0.11336196418442587
DES_RHO,primary,4041,-0.08727007535856089
DES_RHO,primary,4042,-0.04950976420063206
DES_RHO,primary,4043,-0.08208410987764363
DES_RHO,primary,4044,-0.035572481970666855
DES_RHO,primary,4045,-0.11417227129081925
DES_RHO,primary,4046,-0.0038084434000486118
DES_RHO,primary,4047,-0.16327688193825457
DES_RHO,primary,4048,0.10461064743537797
DES_RHO,primary,4049,-0.16813872457661452
DES_RHO,primary,4050,-0.11952029819301516
DES_RHO,primary,4051,0.16716635604894256
DES_RHO,primary,4052,0.06506766064338383
DES_RHO,primary,4053,-0.14561218701888018
DES_RHO,primary,4054,-0.04756502714528811
DES_RHO,primary,4055,-0.15614617940199332
DES_RHO,primary,4056,-0.01661129568106309
DES_RHO,primary,4057,-0.04140669313669881
DES_RHO,primary,4058,0.2315047402965724
DES_RHO,primary,4059,-0.05890932663479458
DES_RHO,primary,4060,0.09796612916295278
DES_RHO,primary,4061,0.045944412932501406
DES_RHO,primary,4062,0.04740296572400937
DES_RHO,primary,4063,0.2008751316749048
DES_RHO,primary,4064,-0.08986305809901954
DES_RHO,primary,4065,-0.30540474839964343
DES_RHO,primary,4066,-0.07462928449882504
DES_RHO,primary,4067,-0.11984442103557245
DES_RHO,primary,4068,-0.050158009885746674
DES_RHO,primary,4069,-0.1504740296572401
DES_RHO,primary,4070,-0.14447775706992952
DES_RHO,primary,4071,-0.2710477270885666
DES_RHO,primary,4072,-0.2105988169516247
DES_RHO,primary,4073,-0.14188477432947086
DES_RHO,primary,4074,-0.42857142857142855
DES_RHO,primary,4075,-0.25370715501174945
DES_RHO,primary,4076,-0.10785187586095131
DES_RHO,primary,4077,0.09294222510331414
DES_RHO,primary,4078,-0.04124463171542016
DES_RHO,primary,4079,-0.2572725062798801
DES_RHO,primary,4080,-0.16035977635523865
DES_RHO,primary,4081,0.0824082327202009
DES_RHO,primary,4082,-0.16684223320638522
DES_RHO,primary,4083,-0.06036787942630257
DES_RHO,primary,4084,-0.024390243902439004
DES_RHO,primary,4085,0.0858115225670529
DES_RHO,primary,4086,-0.07689814439672633
DES_RHO,primary,4087,-0.07657402155416901
DES_RHO,primary,4088,-0.0018637063447046371
DES_RHO,primary,4089,0.060205818005023906
DES_RHO,primary,4090,-0.16619398752127054
DES_RHO,primary,4091,0.09294222510331414
DES_RHO,primary,4092,-0.20444048294303535
DES_RHO,primary,4093,-0.10866218296734462
DES_RHO,primary,4094,0.040920508872862804
DES_RHO,primary,4095,-0.2990843529697755
DES_RHO,primary,4096,-0.057288712422007955
DES_RHO,primary,4097,-0.028279718013127002
DES_RHO,primary,4098,0.07203630175836642
DES_RHO,primary,4099,0.008994408880965876
DES_RHO,primary,4100,-0.02147313831942306
DES_RHO,primary,4101,0.1939064905599222
DES_RHO,primary,4102,-0.015963049995948473
DES_RHO,primary,4103,0.10914836723118061
DES_RHO,primary,4104,0.1211409124058018
DES_RHO,primary,4105,0.035248359128109544
DES_RHO,primary,4106,0.37330848391540383
DES_RHO,primary,4107,-0.04189287740053484
DES_RHO,primary,4108,0.208005834211166
DES_RHO,primary,4109,0.16505955757231994
DES_RHO,primary,4110,-0.19568916619398755
DES_RHO,primary,4111,-0.13297139615914433
DES_RHO,primary,4112,0.12600275504416172
DES_RHO,primary,4113,-0.08046349566485696
DES_RHO,primary,4114,-0.13086459768252165
DES_RHO,primary,4115,0.08419090835426629
DES_RHO,primary,4116,0.09261810226075681
DES_RHO,primary,4117,-0.15906328498500932
DES_RHO,primary,4118,0.11417227129081921
DES_RHO,primary,4119,-0.02665910380034034
DES_RHO,primary,4120,0.09537314642249414
DES_RHO,primary,4121,-0.09991086621829671
DES_RHO,primary,4122,-0.1678146017340572
DES_RHO,primary,4123,0.09602139210760884
DES_RHO,primary,4124,0.10979661291629525
DES_RHO,primary,4125,0.2315047402965724
DES_RHO,primary,4126,0.2460902682116522
DES_RHO,primary,4127,0.18515517381087432
DES_RHO,primary,4128,-0.12195121951219512
DES_RHO,primary,4129,0.23895956567539095
DES_RHO,primary,4130,-0.06506766064338386
DES_RHO,primary,4131,0.15112227534235473
DES_RHO,primary,4132,0.1290819220484564
DES_RHO,primary,4133,0.21853982659427923
DES_RHO,primary,4134,-0.003970504821327283
DES_RHO,primary,4135,-0.056964589579450595
DES_RHO,primary,4136,0.1987683331982821
DES_RHO,primary,4137,-0.02309375253220971
DES_RHO,primary,4138,-0.10201766469491937
DES_RHO,primary,4139,-0.026172919536504358
DES_RHO,primary,4140,0.10736569159711533
DES_RHO,primary,4141,-0.13588850174216022
DES_RHO,primary,4142,0.037679280447289513
DES_RHO,primary,4143,0.039461956081354825
DES_RHO,primary,4144,0.2002268859897902
DES_RHO,primary,4145,0.20152337736001943
DES_RHO,primary,4146,-0.07738432866056234
DES_RHO,primary,4147,-0.17932096264484243
DES_RHO,primary,4148,-0.07365691597115306
DES_RHO,primary,4149,0.10752775301839398
DES_RHO,primary,4150,0.005266996191556583
DES_RHO,primary,4151,-0.07689814439672633
DES_RHO,primary,4152,-0.06506766064338382
DES_RHO,primary,4153,0.03168300785997892
DES_RHO,primary,4154,0.12665100072927635
DES_RHO,primary,4155,-0.23118061745401505
DES_RHO,primary,4156,0.19779596467061014
DES_RHO,primary,4157,-0.18855846365772622
DES_RHO,primary,4158,0.048213272830402734
DES_RHO,primary,4159,0.05388542257515598
DES_RHO,primary,4160,0.026821165221618988
DES_RHO,primary,4161,-0.13977797585284818
DES_RHO,primary,4162,-0.17883477838100642
DES_RHO,primary,4163,-0.029900332225913612
DES_RHO,primary,4164,-0.054371606838992
DES_RHO,primary,4165,-0.04432379871971478
DES_RHO,primary,4166,0.06377116927315452
DES_RHO,primary,4167,0.10752775301839394
DES_RHO,primary,4168,-0.06911919617535046
DES_RHO,primary,4169,-0.2559760149096507
DES_RHO,primary,4170,0.29584312454420225
DES_RHO,primary,4171,-0.18385868244064502
DES_RHO,primary,4172,-0.09132161089052751
DES_RHO,primary,4173,-0.10671744591200064
DES_RHO,primary,4174,0.0619884936390892
DES_RHO,primary,4175,0.24722469816060283
DES_RHO,primary,4176,0.1289198606271777
DES_RHO,primary,4177,0.262620533182076
DES_RHO,primary,4178,-0.06944331901790776
DES_RHO,primary,4179,-0.16327688193825463
DES_RHO,primary,4180,0.1580909164573373
DES_RHO,primary,4181,-0.004132566242605963
DES_RHO,primary,4182,-0.02665910380034031
DES_RHO,primary,4183,0.14058828295924156
DES_RHO,primary,4184,-0.07787051292439837
DES_RHO,primary,4185,0.21740539664532857
DES_RHO,primary,4186,-0.23847338141155505
DES_RHO,primary,4187,-0.12486832509521106
DES_RHO,primary,4188,0.3253383032169192
DES_RHO,primary,4189,-0.1692731545255652
DES_RHO,primary,4190,-0.07057774896685845
DES_RHO,primary,4191,0.2919536504335143
DES_RHO,primary,4192,-0.3125354509359047
DES_RHO,primary,4193,-0.009804715987359203
DES_RHO,primary,4194,-0.38513896766874645
DES_RHO,primary,4195,0.08889068957134756
DES_RHO,primary,4196,0.14723280123166682
DES_RHO,primary,4197,-0.1033141560651487
DES_RHO,primary,4198,-0.18272425249169433
DES_RHO,primary,4199,0.11968235961429381
DES_RHO,primary,4200,0.14010209869540557
DES_RHO,primary,4201,0.2423628555222429
DES_RHO,primary,4202,0.07155011749453043
DES_RHO,primary,4203,-0.1381573616400616
DES_RHO,primary,4204,0.22226723928368855
DES_RHO,primary,4205,-0.29843610728466086
DES_RHO,primary,4206,0.051130378413418685
DES_RHO,primary,4207,0.08710801393728221
DES_RHO,primary,4208,0.12146503524835912
DES_RHO,primary,4209,-0.07284660886475976
DES_RHO,primary,4210,-0.27250627988007453
DES_RHO,primary,4211,-0.0031601977149339528
DES_RHO,primary,4212,-0.09812819058423142
DES_RHO,primary,4213,-0.12584069362288308
DES_RHO,primary,4214,-0.0051049347702779345
DES_RHO,primary,4215,0.03443805202171624
DES_RHO,primary,4216,0.06328498500931853
DES_RHO,primary,4217,-0.09472490073737948
DES_RHO,primary,4218,0.011587391621424506
DES_RHO,primary,4219,-0.047402965724009434
DES_RHO,primary,4220,-0.01806984847257111
DES_RHO,primary,4221,-0.12973016773357102
DES_RHO,primary,4222,-0.03929989466007616
DES_RHO,primary,4223,-0.0358966048132242
DES_RHO,primary,4224,0.11093104286524591
DES_RHO,primary,4225,0.055992221051778625
DES_RHO,primary,4226,-0.2151365367474273
DES_RHO,primary,4227,-0.11708937687383517
DES_RHO,primary,4228,0.12016854387812978
DES_RHO,primary,4229,-0.2300461875050644
DES_RHO,primary,4230,-0.020662831213029746
DES_RHO,primary,4231,-0.005591119034113922
DES_RHO,primary,4232,0.019528401264079055
DES_RHO,primary,4233,-0.02163519974070172
DES_RHO,primary,4234,-0.04237906166437082
DES_RHO,primary,4235,-0.09715582205655943
DES_RHO,primary,4236,-0.39518677578802364
DES_RHO,primary,4237,0.0684709504902358
DES_RHO,primary,4238,0.08370472409043028
DES_RHO,primary,4239,-0.09326634794587148
DES_RHO,primary,4240,0.10655538449072195
DES_RHO,primary,4241,0.035086297706830895
DES_RHO,primary,4242,-0.03395186775788025
DES_RHO,primary,4243,-0.09699376063528076
DES_RHO,primary,4244,-0.18223806822785837
DES_RHO,primary,4245,0.28304027226318773
DES_RHO,primary,4246,-0.21286767684952604
DES_RHO,primary,4247,-0.17624179564054776
DES_RHO,primary,4248,-0.0255246738513897
DES_RHO,primary,4249,0.12340977230370308
DES_RHO,primary,4250,0.026983226642897668
DES_RHO,primary,4251,-0.1650595575723199
DES_RHO,primary,4252,-0.20525079004942876
DES_RHO,primary,4253,0.14561218701888015
DES_RHO,primary,4254,0.10217972611619805
DES_RHO,primary,4255,-0.060854063690138564
DES_RHO,primary,4256,0.02633498095778298
DES_RHO,primary,4257,0.26310671744591196
DES_RHO,primary,4258,-0.15841503929989467
DES_RHO,primary,4259,0.183858682440645
DES_RHO,primary,4260,0.11449639413337653
DES_RHO,primary,4261,0.316262863625314
DES_RHO,primary,4262,-0.18353455959808768
DES_RHO,primary,4263,0.008508224617129917
DES_RHO,primary,4264,-0.07965318855846366
DES_RHO,primary,4265,-0.2715339113524025
DES_RHO,primary,4266,-0.03492423628555223
DES_RHO,primary,4267,-0.01563892715339115
DES_RHO,primary,4268,0.10299003322259133
DES_RHO,primary,4269,0.03395186775788023
DES_RHO,primary,4270,-0.10315209464387
DES_RHO,primary,4271,0.1125516570780326
DES_RHO,primary,4272,0.079491127137185
DES_RHO,primary,4273,0.22356373065391782
DES_RHO,primary,4274,0.10558301596305
DES_RHO,primary,4275,-0.011263268778867136
DES_RHO,primary,4276,-0.37687383518353446
DES_RHO,primary,4277,0.25630013775220806
DES_RHO,primary,4278,-0.07657402155416901
DES_RHO,primary,4279,0.019204278421521732
DES_RHO,primary,4280,-0.1247062636739324
DES_RHO,primary,4281,0.0018637063447046161
DES_RHO,primary,4282,0.1861275423385463
DES_RHO,primary,4283,-0.3007049671825622
DES_RHO,primary,4284,-0.1697593387894012
DES_RHO,primary,4285,0.16084596061907463
DES_RHO,primary,4286,-0.12940604489101368
DES_RHO,primary,4287,0.054371606838991976
DES_RHO,primary,4288,-0.032655376387650946
DES_RHO,primary,4289,0.03686897334089623
DES_RHO,primary,4290,0.03703103476217487
DES_RHO,primary,4291,0.287740053480269
DES_RHO,primary,4292,0.3431650595575723
DES_RHO,primary,4293,0.035734543391945546
DES_RHO,primary,4294,0.1874240337087756
DES_RHO,primary,4295,-0.0600437565837452
DES_RHO,primary,4296,-0.10768981443967261
DES_RHO,primary,4297,0.17526942711287577
DES_RHO,primary,4298,0.1887205250790049
DES_RHO,primary,4299,0.16878697026172923
DES_RHO,primary,4300,-0.20978850984523137
DES_RHO,primary,4301,-0.14950166112956811
DES_RHO,primary,4302,-0.06085406369013856
DES_RHO,primary,4303,-0.3164249250465926
DES_RHO,primary,4304,-0.029900332225913647
DES_RHO,primary,4305,-0.013370067255489821
DES_RHO,primary,4306,-0.047727088566566725
DES_RHO,primary,4307,-0.040596386030305485
DES_RHO,primary,4308,0.08613564540961025
DES_RHO,primary,4309,0.05550603678794263
DES_RHO,primary,4310,0.02066283121302973
DES_RHO,primary,4311,-0.01644923425978447
DES_RHO,primary,4312,0.2412284255732923
DES_RHO,primary,4313,-0.09229397941819953
DES_RHO,primary,4314,-0.027793533749291006
DES_RHO,primary,4315,0.11093104286524594
DES_RHO,primary,4316,-0.3383032169192124
DES_RHO,primary,4317,-0.10461064743537797
DES_RHO,primary,4318,0.2225913621262458
DES_RHO,primary,4319,-0.17964508548739974
DES_RHO,primary,4320,0.1243821408313751
DES_RHO,primary,4321,-0.1422088971720282
DES_RHO,primary,4322,0.008832347459687213
DES_RHO,primary,4323,-0.290657159063285
DES_RHO,primary,4324,0.08840450530751157
DES_RHO,primary,4325,0.2049266672068714
DES_RHO,primary,4326,0.20638521999837933
DES_RHO,primary,4327,-0.05388542257515598
DES_RHO,primary,4328,-0.05955757231990924
DES_RHO,primary,4329,-0.09958674337573938
DES_RHO,primary,4330,-0.09974880479701807
DES_RHO,primary,4331,0.030872700753585565
DES_RHO,primary,4332,0.08305647840531559
DES_RHO,primary,4333,-0.27088566566728783
DES_RHO,primary,4334,0.04416173729843608
DES_RHO,primary,4335,0.14253302001458554
DES_RHO,primary,4336,0.14269508143586423
DES_RHO,primary,4337,0.26132404181184665
DES_RHO,primary,4338,-0.2122194311644113
DES_RHO,primary,4339,-0.0918077951543635
DES_RHO,primary,4340,0.2013613159387408
DES_RHO,primary,4341,0.054371606838991976
DES_RHO,primary,4342,0.0008913378170326505
DES_RHO,primary,4343,-0.2402560570456203
DES_RHO,primary,4344,-0.4193339275585447
DES_RHO,primary,4345,0.06134024795397455
DES_RHO,primary,4346,0.008670286038408597
DES_RHO,primary,4347,0.038975771817518844
DES_RHO,primary,4348,-0.08613564540961023
DES_RHO,primary,4349,0.013208005834211153
DES_RHO,primary,4350,-0.12908192204845634
DES_RHO,primary,4351,-0.11789968398022847
DES_RHO,primary,4352,-0.04626853577505875
DES_RHO,primary,4353,-0.05032007130702538
DES_RHO,primary,4354,0.05177862409853334
DES_RHO,primary,4355,0.021959322583259076
DES_RHO,primary,4356,0.16684223320638522
DES_RHO,primary,4357,-0.1929341220322502
DES_RHO,primary,4358,-0.09456283931610078
DES_RHO,primary,4359,-0.2541933392755854
DES_RHO,primary,4360,0.00656348756178592
DES_RHO,primary,4361,0.08516327688193821
DES_RHO,primary,4362,-0.10623126164816465
DES_RHO,primary,4363,0.04173081597925611
DES_RHO,primary,4364,0.054209545417713285
DES_RHO,primary,4365,0.31237338951462607
DES_RHO,primary,4366,-0.15225670529130536
DES_RHO,primary,4367,0.048537395672960046
DES_RHO,primary,4368,0.10671744591200062
DES_RHO,primary,4369,0.06717445912000646
DES_RHO,primary,4370,-0.12211328093347379
DES_RHO,primary,4371,0.09196985657564219
DES_RHO,primary,4372,0.1431812656997002
DES_RHO,primary,4373,-0.11546876266104852
DES_RHO,primary,4374,-0.10995867433757398
DES_RHO,primary,4375,0.13588850174216027
DES_RHO,primary,4376,0.03881371039624019
DES_RHO,primary,4377,0.05372336115387731
DES_RHO,primary,4378,-0.26488939307997733
DES_RHO,primary,4379,-0.01012883882991653
DES_RHO,primary,4380,-0.09164573373308484
DES_RHO,primary,4381,-0.19957864030467545
DES_RHO,primary,4382,0.14366744996353614
DES_RHO,primary,4383,0.07819463576695569
DES_RHO,primary,4384,-0.13815736164006157
DES_RHO,primary,4385,0.0895389352564622
DES_RHO,primary,4386,-0.0986143748480674
DES_RHO,primary,4387,-0.07268454744348107
DES_RHO,primary,4388,-0.09683169921400211
DES_RHO,primary,4389,-0.12389595656753911
DES_RHO,primary,4390,0.11579288550360586
DES_RHO,primary,4391,0.11255165707803255
DES_RHO,primary,4392,0.04318936877076412
DES_RHO,primary,4393,-0.060854063690138537
DES_RHO,primary,4394,-0.19957864030467545
DES_RHO,primary,4395,0.059071388056073225
DES_RHO,primary,4396,-0.012397698727817864
DES_RHO,primary,4397,-0.051940685519812006
DES_RHO,primary,4398,0.21043675553034596
DES_RHO,primary,4399,-0.032655376387650946
DES_RHO,primary,4400,0.011749453042703155
DES_RHO,primary,4401,-0.1298922291548497
DES_RHO,primary,4402,-0.19374442913864356
DES_RHO,primary,4403,-0.23701482862004697
DES_RHO,primary,4404,0.3652054128514707
DES_RHO,primary,4405,-0.08483915403938094
DES_RHO,primary,4406,-0.06539178348594114
DES_RHO,primary,4407,0.05826108094967993
DES_RHO,primary,4408,-0.1482051697593388
DES_RHO,primary,4409,0.09796612916295273
DES_RHO,primary,4410,-0.17656591848310504
DES_RHO,primary,4411,0.3809253707155011
DES_RHO,primary,4412,-0.014180374361883161
DES_RHO,primary,4413,0.09196985657564216
DES_RHO,primary,4414,0.41382383923507005
DES_RHO,primary,4415,0.10007292763957543
DES_RHO,primary,4416,-0.00834616319585121
DES_RHO,primary,4417,-0.17316262863625315
DES_RHO,primary,4418,0.24171460983712825
DES_RHO,primary,4419,-0.02374199821732435
DES_RHO,primary,4420,0.04383761445587877
DES_RHO,primary,4421,0.060692002268859874
DES_RHO,primary,4422,0.10817599870350864
DES_RHO,primary,4423,-0.12891986062717772
DES_RHO,primary,4424,0.21546065958998462
DES_RHO,primary,4425,-0.2665100072927639
DES_RHO,primary,4426,-0.09877643626934608
DES_RHO,primary,4427,-0.035248359128109516
DES_RHO,primary,4428,0.08921481241390491
DES_RHO,primary,4429,-0.008670286038408555
DES_RHO,primary,4430,-0.14901547686573213
DES_RHO,primary,4431,-0.004456689085163274
DES_RHO,primary,4432,0.01353212867676852
DES_RHO,primary,4433,-0.14301920427842152
DES_RHO,primary,4434,-0.1339437646868163
DES_RHO,primary,4435,-0.025686735272668355
DES_RHO,primary,4436,-0.1289198606271777
DES_RHO,primary,4437,-0.06766064338384248
DES_RHO,primary,4438,-0.02487642816627502
DES_RHO,primary,4439,0.10655538449072198
DES_RHO,primary,4440,-0.05388542257515596
DES_RHO,primary,4441,-0.15565999513815737
DES_RHO,primary,4442,-0.233611538773195
DES_RHO,primary,4443,0.14933959970828944
DES_RHO,primary,4444,0.25403127785430674
DES_RHO,primary,4445,-0.01563892715339113
DES_RHO,primary,4446,0.2193501337006725
DES_RHO,primary,4447,-0.18872052507900494
DES_RHO,primary,4448,-0.21092293979418195
DES_RHO,primary,4449,-0.17640385706182643
DES_RHO,primary,4450,0.1802933311725144
DES_RHO,primary,4451,0.18450692812575964
DES_RHO,primary,4452,0.07446722307754637
DES_RHO,primary,4453,0.16992140021067983
DES_RHO,primary,4454,-0.18304837533425167
DES_RHO,primary,4455,0.2624584717607973
DES_RHO,primary,4456,0.18564135807471033
DES_RHO,primary,4457,0.18742403370877558
DES_RHO,primary,4458,0.16165626772546796
DES_RHO,primary,4459,-0.1379953002187829
DES_RHO,primary,4460,-0.09861437484806743
DES_RHO,primary,4461,0.1948788590875942
DES_RHO,primary,4462,-0.045296167247386755
DES_RHO,primary,4463,-0.23312535450935895
DES_RHO,primary,4464,-0.1955271047727088
DES_RHO,primary,4465,0.17494530427031846
DES_RHO,primary,4466,0.08759419820111826
DES_RHO,primary,4467,-0.13329551900170167
DES_RHO,primary,4468,-0.058261080949679925
DES_RHO,primary,4469,0.005915241876671241
DES_RHO,primary,4470,-0.027469410906733643
DES_RHO,primary,4471,0.3778462037112066
DES_RHO,primary,4472,0.23134267887529372
DES_RHO,primary,4473,-0.013532128676768517
DES_RHO,primary,4474,-0.236042460092375
DES_RHO,primary,4475,0.11611700834616322
DES_RHO,primary,4476,-0.14528806417632278
DES_RHO,primary,4477,0.03946195608135482
DES_RHO,primary,4478,-0.2439834697350296
DES_RHO,primary,4479,0.19406855198120088
DES_RHO,primary,4480,0.018880155578964407
DES_RHO,primary,4481,-0.05745077384328662
DES_RHO,primary,4482,-0.10768981443967265
DES_RHO,primary,4483,0.24868325095211083
DES_RHO,primary,4484,-0.051940685519812
DES_RHO,primary,4485,-0.19504092050887284
DES_RHO,primary,4486,0.35612997325986545
DES_RHO,primary,4487,0.29778786159954623
DES_RHO,primary,4488,-0.24187667125840695
DES_RHO,primary,4489,-0.02357993679604569
DES_RHO,primary,4490,0.35775058747265215
DES_RHO,primary,4491,0.11141722712908196
DES_RHO,primary,4492,-0.11725143829511385
DES_RHO,primary,4493,0.09861437484806738
DES_RHO,primary,4494,-0.06701239769872781
DES_RHO,primary,4495,0.06847095049023577
DES_RHO,primary,4496,-0.1710558301596305
DES_RHO,primary,4497,0.10250384895875535
DES_RHO,primary,4498,0.02941414796207763
DES_RHO,primary,4499,-0.05971963374118789
DES_RHO,primary,4500,0.04772708856656668
DES_RHO,primary,4501,-0.11401020986954055
DES_RHO,primary,4502,0.0587472652135159
DES_RHO,primary,4503,0.21756745806660727
DES_RHO,primary,4504,0.08970099667774087
DES_RHO,primary,4505,-0.26051373470545336
DES_RHO,primary,4506,-0.2642411473948626
DES_RHO,primary,4507,-0.26343084028846925
DES_RHO,primary,4508,-0.011101207357588516
DES_RHO,primary,4509,0.1718661372660238
DES_RHO,primary,4510,-0.2909812819058423
DES_RHO,primary,4511,0.13410582610809496
DES_RHO,primary,4512,0.008184101774572542
DES_RHO,primary,4513,0.15533587229560006
DES_RHO,primary,4514,-0.02374199821732436
DES_RHO,primary,4515,-0.0939145936309862
DES_RHO,primary,4516,-0.20946438700267406
DES_RHO,primary,4517,-0.08743213677983955
DES_RHO,primary,4518,0.19763390324933153
DES_RHO,primary,4519,0.19212381492585692
DES_RHO,primary,4520,-0.15938740782756664
DES_RHO,primary,4521,-0.010290900251195194
DES_RHO,primary,4522,0.15274288955514134
DES_RHO,primary,4523,-0.17494530427031846
DES_RHO,primary,4524,-0.2859573778462037
DES_RHO,primary,4525,0.1922858763471356
DES_RHO,primary,4526,0.05858520379223726
DES_RHO,primary,4527,0.13135078194635763
DES_RHO,primary,4528,0.31853172352321524
DES_RHO,primary,4529,-0.03054857791102828
DES_RHO,primary,4530,-0.16489749615104116
DES_RHO,primary,4531,-0.08111174134997164
DES_RHO,primary,4532,0.0464305971963374
DES_RHO,primary,4533,0.10039705048213274
DES_RHO,primary,4534,0.07884288145207033
DES_RHO,primary,4535,-0.028765902276962945
DES_RHO,primary,4536,-0.04399967587715744
DES_RHO,primary,4537,-0.021149015476865724
DES_RHO,primary,4538,-0.023741998217324374
DES_RHO,primary,4539,0.017583664208735122
DES_RHO,primary,4540,0.09472490073737945
DES_RHO,primary,4541,-0.07835669718823438
DES_RHO,primary,4542,-0.020986954055587086
DES_RHO,primary,4543,-0.01061502309375252
DES_RHO,primary,4544,0.06571590632849848
DES_RHO,primary,4545,0.02909002511952029
DES_RHO,primary,4546,-0.09423871647354348
DES_RHO,primary,4547,0.24041811846689895
DES_RHO,primary,4548,-0.19941657888339676
DES_RHO,primary,4549,-0.18191394538530098
DES_RHO,primary,4550,-0.3459201037193096
DES_RHO,primary,4551,-0.1888825865002836
DES_RHO,primary,4552,-0.13183696621019367
DES_RHO,primary,4553,0.03281743780892959
DES_RHO,primary,4554,0.2720200956162386
DES_RHO,primary,4555,0.21286767684952596
DES_RHO,primary,4556,0.3430029981362936
DES_RHO,primary,4557,-0.1261648164654404
DES_RHO,primary,4558,-0.0803014342435783
DES_RHO,primary,4559,0.025038489587553715
DES_RHO,primary,4560,-0.07851875860951302
DES_RHO,primary,4561,0.019690462685357762
DES_RHO,primary,4562,-0.09180779515436353
DES_RHO,primary,4563,0.17705210274694108
DES_RHO,primary,4564,0.015152742889555114
DES_RHO,primary,4565,0.12373389514626047
DES_RHO,primary,4566,0.062150555060367874
DES_RHO,primary,4567,0.08402884693298762
DES_RHO,primary,4568,0.12146503524835914
DES_RHO,primary,4569,-0.021959322583259052
DES_RHO,primary,4570,-0.0028360748723766293
DES_RHO,primary,4571,-0.0649055992221052
DES_RHO,primary,4572,0.12259946519730977
DES_RHO,primary,4573,-0.11449639413337653
DES_RHO,primary,4574,-0.0358966048132242
DES_RHO,primary,4575,-0.20265780730897007
DES_RHO,primary,4576,-0.18515517381087432
DES_RHO,primary,4577,-0.07138805607325174
DES_RHO,primary,4578,0.03443805202171621
DES_RHO,primary,4579,0.24981768090106152
DES_RHO,primary,4580,-0.07543959160521838
DES_RHO,primary,4581,-0.1963374118791022
DES_RHO,primary,4582,-0.23004618750506442
DES_RHO,primary,4583,-0.07268454744348105
DES_RHO,primary,4584,0.12178915809091644
DES_RHO,primary,4585,-0.06895713475407182
DES_RHO,primary,4586,-0.18191394538530098
DES_RHO,primary,4587,-0.04059638603030547
DES_RHO,primary,4588,0.18094157685762902
DES_RHO,primary,4589,-0.014342435783161814
DES_RHO,primary,4590,-0.13491613321448828
DES_RHO,primary,4591,-0.10655538449072198
DES_RHO,primary,4592,-0.014828620046997814
DES_RHO,primary,4593,-0.1715420144234665
DES_RHO,primary,4594,-0.022931691110930987
DES_RHO,primary,4595,0.1509602139210761
DES_RHO,primary,4596,0.3825459849282878
DES_RHO,primary,4597,0.1225994651973098
DES_RHO,primary,4598,-0.2185398265942792
DES_RHO,primary,4599,0.022931691110931077
DES_RHO,primary,4600,0.13896766874645494
DES_RHO,primary,4601,-0.07268454744348106
DES_RHO,primary,4602,-0.266510007292764
DES_RHO,primary,4603,0.25370715501174945
DES_RHO,primary,4604,-0.20314399157280608
DES_RHO,primary,4605,0.059395510898630564
DES_RHO,primary,4606,0.06863301191151444
DES_RHO,primary,4607,0.07868082003079169
DES_RHO,primary,4608,-0.13961591443156957
DES_RHO,primary,4609,0.11676525403127787
DES_RHO,primary,4610,-0.03314156065148691
DES_RHO,primary,4611,0.01985252410663645
DES_RHO,primary,4612,0.09537314642249413
DES_RHO,primary,4613,0.11773762255894983
DES_RHO,primary,4614,-0.04788914998784539
DES_RHO,primary,4615,0.11368608702698323
DES_RHO,primary,4616,-0.0884045053075116
DES_RHO,primary,4617,0.15663236366582936
DES_RHO,primary,4618,-0.2783404910461064
DES_RHO,primary,4619,0.08710801393728225
DES_RHO,primary,4620,0.23863544283283364
DES_RHO,primary,4621,0.0681468276476785
DES_RHO,primary,4622,-0.07608783729033303
DES_RHO,primary,4623,0.16538368041487725
DES_RHO,primary,4624,0.2981119844421035
DES_RHO,primary,4625,0.1211409124058018
DES_RHO,primary,4626,-0.015963049995948463
DES_RHO,primary,4627,0.07365691597115304
DES_RHO,primary,4628,0.11773762255894986
DES_RHO,primary,4629,-0.2255084677092618
DES_RHO,primary,4630,0.19293412203225024
DES_RHO,primary,4631,-0.08273235556275829
DES_RHO,primary,4632,-0.04578235151122276
DES_RHO,primary,4633,0.24268697836480022
DES_RHO,primary,4634,0.09537314642249413
DES_RHO,primary,4635,0.011749453042703186
DES_RHO,primary,4636,0.21238149258568995
DES_RHO,primary,4637,0.16927315452556516
DES_RHO,primary,4638,0.2516003565351268
DES_RHO,primary,4639,-0.3686087026983226
DES_RHO,primary,4640,0.2543554006968641
DES_RHO,primary,4641,0.18985495502795563
DES_RHO,primary,4642,0.24949355805850418
DES_RHO,primary,4643,0.0008913378170326664
DES_RHO,primary,4644,0.41204116360100473
DES_RHO,primary,4645,0.15209464387002672
DES_RHO,primary,4646,0.07851875860951299
DES_RHO,primary,4647,-0.079004942873349
DES_RHO,primary,4648,-0.024066121059881724
DES_RHO,primary,4649,-0.12567863220160438
DES_RHO,primary,4650,0.13799530021878295
DES_RHO,primary,4651,0.054857791102827964
DES_RHO,primary,4652,0.0662020905923345
DES_RHO,primary,4653,-0.1728385057936958
DES_RHO,primary,4654,0.13507819463576695
DES_RHO,primary,4655,-0.0431893687707641
DES_RHO,primary,4656,0.02892796369824162
DES_RHO,primary,4657,0.23701482862004694
DES_RHO,primary,4658,-0.20816789563244467
DES_RHO,primary,4659,0.006887610404343265
DES_RHO,primary,4660,-0.058099019528401255
DES_RHO,primary,4661,0.0898630580990195
DES_RHO,primary,4662,0.0880803824649542
DES_RHO,primary,4663,0.1642492504659266
DES_RHO,primary,4664,-0.16343894335953324
DES_RHO,primary,4665,-0.20249574588769143
DES_RHO,primary,4666,-0.26894092861194396
DES_RHO,primary,4667,0.011587391621424541
DES_RHO,primary,4668,-0.33733084839154037
DES_RHO,primary,4669,-0.1781865326958917
DES_RHO,primary,4670,-0.1425330200145855
DES_RHO,primary,4671,0.02617291953650432
DES_RHO,primary,4672,-0.38416659914107437
DES_RHO,primary,4673,0.25694838343732274
DES_RHO,primary,4674,0.24139048699457097
DES_RHO,primary,4675,-0.08889068957134755
DES_RHO,primary,4676,-0.16084596061907466
DES_RHO,primary,4677,-0.03946195608135483
DES_RHO,primary,4678,0.05501985252410663
DES_RHO,primary,4679,-0.24252491694352157
DES_RHO,primary,4680,0.2344218458795883
DES_RHO,primary,4681,0.09666963779272345
DES_RHO,primary,4682,-0.1861275423385463
DES_RHO,primary,4683,-0.11984442103557248
DES_RHO,primary,4684,0.022607568268373738
DES_RHO,primary,4685,0.05534397536666394
DES_RHO,primary,4686,0.24949355805850418
DES_RHO,primary,4687,-0.18953083218539826
DES_RHO,primary,4688,0.14561218701888015
DES_RHO,primary,4689,-0.1412365286443562
DES_RHO,primary,4690,-0.0937525322097075
DES_RHO,primary,4691,0.2522486022202415
DES_RHO,primary,4692,0.08483915403938094
DES_RHO,primary,4693,0.014990681468276482
DES_RHO,primary,4694,-0.08402884693298761
DES_RHO,primary,4695,-0.1131999027631472
DES_RHO,primary,4696,-0.0436755530346001
DES_RHO,primary,4697,0.08775625962239687
DES_RHO,primary,4698,0.12924398346973506
DES_RHO,primary,4699,0.11514463981849123
DES_RHO,primary,4700,-0.3258244874807552
DES_RHO,primary,4701,-0.32501418037436186
DES_RHO,primary,4702,-0.22567052913054048
DES_RHO,primary,4703,0.24641439105420954
DES_RHO,primary,4704,0.07122599465197312
DES_RHO,primary,4705,-0.07657402155416904
DES_RHO,primary,4706,0.037031034762174855
DES_RHO,primary,4707,0.007697917510736542
DES_RHO,primary,4708,-0.026334980957783
DES_RHO,primary,4709,0.10720363017583667
DES_RHO,primary,4710,-0.024714366744996344
DES_RHO,primary,4711,-0.1008832347459687
DES_RHO,primary,4712,-0.013856251519325862
DES_RHO,primary,4713,-0.011425330200145838
DES_RHO,primary,4714,-0.07965318855846368
DES_RHO,primary,4715,-0.1211409124058018
DES_RHO,primary,4716,0.03654485049833886
DES_RHO,primary,4717,0.1525808281338627
DES_RHO,primary,4718,0.06782270480512118
DES_RHO,primary,4719,-0.043351430192042795
DES_RHO,primary,4720,0.06279880074548255
DES_RHO,primary,4721,-0.04124463171542015
DES_RHO,primary,4722,-0.3527266834130135
DES_RHO,primary,4723,0.02779353374929095
DES_RHO,primary,4724,0.23701482862004697
DES_RHO,primary,4725,-0.09666963779272345
DES_RHO,primary,4726,0.32015233773600194
DES_RHO,primary,4727,-0.08419090835426629
DES_RHO,primary,4728,0.23134267887529372
DES_RHO,primary,4729,0.0684709504902358
DES_RHO,primary,4730,-0.07187424033708775
DES_RHO,primary,4731,-0.20217162304513409
DES_RHO,primary,4732,0.2005510088323474
DES_RHO,primary,4733,0.07689814439672635
DES_RHO,primary,4734,-0.19779596467061014
DES_RHO,primary,4735,-0.030062393647192282
DES_RHO,primary,4736,0.12097885098452311
DES_RHO,primary,4737,0.29551900170164497
DES_RHO,primary,4738,-0.0180698484725711
DES_RHO,primary,4739,0.025038489587553645
DES_RHO,primary,4740,0.15987359209140267
DES_RHO,primary,4741,0.14609837128271616
DES_RHO,primary,4742,-0.19552710477270882
DES_RHO,primary,4743,-0.18839640223644757
DES_RHO,primary,4744,0.33068633011911513
DES_RHO,primary,4745,0.10882424438862329
DES_RHO,primary,4746,-0.02066283121302975
DES_RHO,primary,4747,0.13880560732517627
DES_RHO,primary,4748,-0.05842314237095857
DES_RHO,primary,4749,-0.06798476622639979
DES_RHO,primary,4750,-0.30070496718256223
DES_RHO,primary,4751,-0.2956810631229236
DES_RHO,primary,4752,-0.1448018799124868
DES_RHO,primary,4753,-0.1916376306620209
DES_RHO,primary,4754,-0.07754639008184103
DES_RHO,primary,4755,0.05550603678794262
DES_RHO,primary,4756,0.03638278907706021
DES_RHO,primary,4757,0.2593793047565027
DES_RHO,primary,4758,-0.16473543472976257
DES_RHO,primary,4759,-0.10428652459282069
DES_RHO,primary,4760,-0.03200713070253627
DES_RHO,primary,4761,0.02390405963860304
DES_RHO,primary,4762,-0.14463981849120813
DES_RHO,primary,4763,0.1467466169678308
DES_RHO,primary,4764,-0.016773357102341808
DES_RHO,primary,4765,-0.17413499716392508
DES_RHO,primary,4766,-0.10525889312049266
DES_RHO,primary,4767,0.1618183291467466
DES_RHO,primary,4768,0.017259541366177786
DES_RHO,primary,4769,0.29778786159954623
DES_RHO,primary,4770,-0.07219836317964512
DES_RHO,primary,4771,0.3378170326553763
DES_RHO,primary,4772,-0.3541852362045215
DES_RHO,primary,4773,0.28336439510574507
DES_RHO,primary,4774,-0.3514301920427842
DES_RHO,primary,4775,-0.1540393809253707
DES_RHO,primary,4776,0.10687950733327926
DES_RHO,primary,4777,-0.1929341220322502
DES_RHO,primary,4778,0.1861275423385463
DES_RHO,primary,4779,-0.027145288064176334
DES_RHO,primary,4780,-0.14431569564865082
DES_RHO,primary,4781,-0.49258568997650104
DES_RHO,primary,4782,-0.1550117494530427
DES_RHO,primary,4783,0.09974880479701806
DES_RHO,primary,4784,-0.05096831699214003
DES_RHO,primary,4785,-0.05420954541771333
DES_RHO,primary,4786,0.06863301191151445
DES_RHO,primary,4787,-0.1778624098533344
DES_RHO,primary,4788,-0.021473138319423067
DES_RHO,primary,4789,-0.053561299732598655
DES_RHO,primary,4790,0.17073170731707316
DES_RHO,primary,4791,0.2105988169516247
DES_RHO,primary,4792,0.16117008346163195
DES_RHO,primary,4793,0.16700429462766384
DES_RHO,primary,4794,0.20687140426221542
DES_RHO,primary,4795,0.03751721902601086
DES_RHO,primary,4796,-0.011101207357588546
DES_RHO,primary,4797,-0.08937687383518353
DES_RHO,primary,4798,0.15177052102746943
DES_RHO,primary,4799,-0.15873916214245198
DES_RHO,primary,4800,-0.11255165707803257
DES_RHO,primary,4801,-0.19260999918969288
DES_RHO,primary,4802,0.020338708370472386
DES_RHO,primary,4803,-0.20962644842395262
DES_RHO,primary,4804,-0.06814682764767849
DES_RHO,primary,4805,0.17851065553844908
DES_RHO,primary,4806,-0.1339437646868163
DES_RHO,primary,4807,0.06360910785187585
DES_RHO,primary,4808,-0.030386516489749632
DES_RHO,primary,4809,0.11336196418442587
DES_RHO,primary,4810,0.015638927153391168
DES_RHO,primary,4811,-0.05048213272830404
DES_RHO,primary,4812,0.05145450125597601
DES_RHO,primary,4813,0.09132161089052748
DES_RHO,primary,4814,0.24284903978607897
DES_RHO,primary,4815,-0.1537152580828134
DES_RHO,primary,4816,0.021959322583259017
DES_RHO,primary,4817,0.040758447451584155
DES_RHO,primary,4818,0.3146422494125273
DES_RHO,primary,4819,-0.054857791102827964
DES_RHO,primary,4820,0.20881614131755935
DES_RHO,primary,4821,0.03443805202171622
DES_RHO,primary,4822,-0.08921481241390487
DES_RHO,primary,4823,0.182886313912973
DES_RHO,primary,4824,0.19747184182805283
DES_RHO,primary,4825,-0.2428490397860789
DES_RHO,primary,4826,-0.0611781865326959
DES_RHO,primary,4827,-0.22129487075601653
DES_RHO,primary,4828,-0.1279474920995057
DES_RHO,primary,4829,-0.2272911433433271
DES_RHO,primary,4830,0.17802447127461307
DES_RHO,primary,4831,0.22437403776031115
DES_RHO,primary,4832,0.10023498906085404
DES_RHO,primary,4833,0.28028522810145046
DES_RHO,primary,4834,0.05955757231990923
DES_RHO,primary,4835,-0.22340166923263913
DES_RHO,primary,4836,-0.02665910380034029
DES_RHO,primary,4837,-0.17996920832995703
DES_RHO,primary,4838,-0.12308564946114575
DES_RHO,primary,4839,0.3050806255570861
DES_RHO,primary,4840,-0.0658779677497772
DES_RHO,primary,4841,-0.18337249817680903
DES_RHO,primary,4842,-0.017745725630013757
DES_RHO,primary,4843,-0.1018556032736407
DES_RHO,primary,4844,0.046592658617616044
DES_RHO,primary,4845,0.32776922453609914
DES_RHO,primary,4846,-0.017421602787456462
DES_RHO,primary,4847,-0.16813872457661455
DES_RHO,primary,4848,-0.048537395672960025
DES_RHO,primary,4849,0.03929989466007618
DES_RHO,primary,4850,0.08435296977554493
DES_RHO,primary,4851,0.16295275909569726
DES_RHO,primary,4852,-0.3579126488939308
DES_RHO,primary,4853,0.03038651648974959
DES_RHO,primary,4854,-0.17024552305323712
DES_RHO,primary,4855,0.08921481241390491
DES_RHO,primary,4856,0.09423871647354347
DES_RHO,primary,4857,-0.10752775301839398
DES_RHO,primary,4858,0.1477189854955028
DES_RHO,primary,4859,-0.20638521999837942
DES_RHO,primary,4860,-0.05728871242200792
DES_RHO,primary,4861,0.08305647840531565
DES_RHO,primary,4862,-0.04934770277935339
DES_RHO,primary,4863,0.26197228749696133
DES_RHO,primary,4864,0.31010452961672474
DES_RHO,primary,4865,0.15274288955514134
DES_RHO,primary,4866,-0.054857791102827985
DES_RHO,primary,4867,0.42095454177133135
DES_RHO,primary,4868,0.27574750830564776
DES_RHO,primary,4869,0.17089376873835185
DES_RHO,primary,4870,0.0739810388137104
DES_RHO,primary,4871,-0.06539178348594114
DES_RHO,primary,4872,0.2509521108500121
DES_RHO,primary,4873,0.1464224941252735
DES_RHO,primary,4874,-0.22583259055181915
DES_RHO,primary,4875,0.2029819301515274
DES_RHO,primary,4876,-0.264079085973584
DES_RHO,primary,4877,-0.2387975042541123
DES_RHO,primary,4878,0.31788347783810067
DES_RHO,primary,4879,0.1417227129081922
DES_RHO,primary,4880,0.2015233773600194
DES_RHO,primary,4881,-0.2078437727898874
DES_RHO,primary,4882,-0.02487642816627505
DES_RHO,primary,4883,0.09504902357993682
DES_RHO,primary,4884,0.3031358885017422
DES_RHO,primary,4885,0.07916700429462764
DES_RHO,primary,4886,0.05874726521351592
DES_RHO,primary,4887,-0.4087999351754315
DES_RHO,primary,4888,-0.036868973340896206
DES_RHO,primary,4889,0.0777084515031197
DES_RHO,primary,4890,-0.14156065148691357
DES_RHO,primary,4891,0.03719309618345355
DES_RHO,primary,4892,-0.09585933068633011
DES_RHO,primary,4893,-0.043189368770764104
DES_RHO,primary,4894,0.006077303297949921
DES_RHO,primary,4895,0.041244631715420144
DES_RHO,primary,4896,-0.3656915971153067
DES_RHO,primary,4897,0.061826432217810555
DES_RHO,primary,4898,0.10817599870350864
DES_RHO,primary,4899,-0.2044404829430354
DES_RHO,primary,4900,-0.0522648083623693
DES_RHO,primary,4901,-0.03573454339194556
DES_RHO,primary,4902,-0.15598411798071465
DES_RHO,primary,4903,-0.07787051292439835
DES_RHO,primary,4904,0.12454420225265374
DES_RHO,primary,4905,-0.11044485860140993
DES_RHO,primary,4906,0.05372336115387733
DES_RHO,primary,4907,0.09213191799692087
DES_RHO,primary,4908,0.12227534235475244
DES_RHO,primary,4909,0.23053237176890043
DES_RHO,primary,4910,-0.034924236285552204
DES_RHO,primary,4911,0.008670286038408562
DES_RHO,primary,4912,-0.105096831699214
DES_RHO,primary,4913,-0.07187424033708775
DES_RHO,primary,4914,-0.21351592253464058
DES_RHO,primary,4915,0.24673851389676682
DES_RHO,primary,4916,-0.09812819058423143
DES_RHO,primary,4917,-0.0875941982011182
DES_RHO,primary,4918,-0.09018718094157682
DES_RHO,primary,4919,0.11012073575885262
DES_RHO,primary,4920,0.1435053885422575
DES_RHO,primary,4921,0.0720363017583664
DES_RHO,primary,4922,-0.15420144234664937
DES_RHO,primary,4923,0.2533830321691921
DES_RHO,primary,4924,0.060043756583745236
DES_RHO,primary,4925,-0.027307349485454963
DES_RHO,primary,4926,-0.10201766469491934
DES_RHO,primary,4927,0.0018637063447046384
DES_RHO,primary,4928,-0.29146746616967834
DES_RHO,primary,4929,-0.15063609107851875
DES_RHO,primary,4930,0.21708127380277129
DES_RHO,primary,4931,0.1551738108743214
DES_RHO,primary,4932,0.15160845960619077
DES_RHO,primary,4933,0.045458228668665446
DES_RHO,primary,4934,-0.13702293169111096
DES_RHO,primary,4935,-0.12729924641439103
DES_RHO,primary,4936,0.11271371849931124
DES_RHO,primary,4937,-0.019042217000243104
DES_RHO,primary,4938,-0.033303622072765576
DES_RHO,primary,4939,0.00948059314480189
DES_RHO,primary,4940,-0.013532128676768467
DES_RHO,primary,4941,-0.10282797180131267
DES_RHO,primary,4942,0.05696458957945063
DES_RHO,primary,4943,0.19763390324933147
DES_RHO,primary,4944,-0.16489749615104127
DES_RHO,primary,4945,-0.18677578802366093
DES_RHO,primary,4946,0.1953650433514302
DES_RHO,primary,4947,0.1271371849931124
DES_RHO,primary,4948,-0.019042217000243094
DES_RHO,primary,4949,0.037031034762174855
DES_RHO,primary,4950,0.06360910785187583
DES_RHO,primary,4951,-0.18936877076411956
DES_RHO,primary,4952,-0.020500769791751056
DES_RHO,primary,4953,0.010128838829916538
DES_RHO,primary,4954,-0.20152337736001943
DES_RHO,primary,4955,-0.17170407584474512
DES_RHO,primary,4956,-0.037355157604732195
DES_RHO,primary,4957,-0.05048213272830403
DES_RHO,primary,4958,-0.032817437808929574
DES_RHO,primary,4959,0.1835345595980877
DES_RHO,primary,4960,0.0875941982011182
DES_RHO,primary,4961,-0.2251843448667045
DES_RHO,primary,4962,0.19179969208329956
DES_RHO,primary,4963,0.04221700024309213
DES_RHO,primary,4964,-0.07398103881371039
DES_RHO,primary,4965,-0.12584069362288303
DES_RHO,primary,4966,-0.0935904707884288
DES_RHO,primary,4967,-0.22567052913054045
DES_RHO,primary,4968,-0.15711854792966534
DES_RHO,primary,4969,0.17056964589579454
DES_RHO,primary,4970,-0.07722226723928367
DES_RHO,primary,4971,-0.2762336925694838
DES_RHO,primary,4972,-0.12697512357183371
DES_RHO,primary,4973,-0.2749372011992546
DES_RHO,primary,4974,-0.20541285147070737
DES_RHO,primary,4975,0.24139048699457094
DES_RHO,primary,4976,0.022121384004537732
DES_RHO,primary,4977,0.32744510169354185
DES_RHO,primary,4978,-0.15971153067012397
DES_RHO,primary,4979,-0.14804310833806011
DES_RHO,primary,4980,0.08435296977554495
DES_RHO,primary,4981,-0.16392512762336928
DES_RHO,primary,4982,-0.17251438295113847
DES_RHO,primary,4983,0.0203387083704724
DES_RHO,primary,4984,0.0281176565918483
DES_RHO,primary,4985,0.0227696296896524
DES_RHO,primary,4986,0.2368527671987683
DES_RHO,primary,4987,0.055992221051778625
DES_RHO,primary,4988,0.24544202252653755
DES_RHO,primary,4989,-0.1906652621343489
DES_RHO,primary,4990,-0.18839640223644766
DES_RHO,primary,4991,-0.2537071550117494
DES_RHO,primary,4992,0.15679442508710803
DES_RHO,primary,4993,0.17316262863625317
DES_RHO,primary,4994,0.09958674337573942
DES_RHO,primary,4995,-0.0029981362936552804
DES_RHO,primary,4996,0.07479134592010371
DES_RHO,primary,4997,0.27283040272263187
DES_RHO,primary,4998,0.052426869783648036
DES_RHO,primary,4999,0.04578235151122277
DES_ETA,primary,0,0.034965034965034975
DES_ETA,primary,1,0.7692307692307693
DES_ETA,primary,2,-0.041958041958042
DES_ETA,primary,3,-0.4615384615384617
DES_ETA,primary,4,-0.5594405594405595
DES_ETA,primary,5,-0.2097902097902098
DES_ETA,primary,6,0.04195804195804196
DES_ETA,primary,7,0.32867132867132876
DES_ETA,primary,8,0.12587412587412591
DES_ETA,primary,9,0.23076923076923084
DES_ETA,primary,10,-0.2657342657342659
DES_ETA,primary,11,0.38461538461538464
DES_ETA,primary,12,-0.39160839160839167
DES_ETA,primary,13,0.055944055944055944
DES_ETA,primary,14,0.006993006993006962
DES_ETA,primary,15,0.3216783216783217
DES_ETA,primary,16,0.3216783216783217
DES_ETA,primary,17,-0.3426573426573427
DES_ETA,primary,18,-0.09790209790209788
DES_ETA,primary,19,-0.1258741258741259
DES_ETA,primary,20,0.3356643356643358
DES_ETA,primary,21,-0.36363636363636376
DES_ETA,primary,22,-0.1398601398601399
DES_ETA,primary,23,-0.28671328671328683
DES_ETA,primary,24,0.31468531468531474
DES_ETA,primary,25,-0.22377622377622383
DES_ETA,primary,26,0.3006993006993008
DES_ETA,primary,27,0.0629370629370629
DES_ETA,primary,28,0.2027972027972028
DES_ETA,primary,29,0.7622377622377625
DES_ETA,primary,30,0.2867132867132867
DES_ETA,primary,31,-0.18181818181818185
DES_ETA,primary,32,-0.18881118881118886
DES_ETA,primary,33,0.6993006993006993
DES_ETA,primary,34,-0.24475524475524482
DES_ETA,primary,35,0.7272727272727275
DES_ETA,primary,36,-0.08391608391608396
DES_ETA,primary,37,-0.6153846153846155
DES_ETA,primary,38,-0.28671328671328683
DES_ETA,primary,39,0.0069930069930070156
DES_ETA,primary,40,-0.23076923076923075
DES_ETA,primary,41,-0.3356643356643358
DES_ETA,primary,42,-0.18881118881118888
DES_ETA,primary,43,0.020979020979020973
DES_ETA,primary,44,0.4685314685314686
DES_ETA,primary,45,0.04195804195804199
DES_ETA,primary,46,0.18881118881118883
DES_ETA,primary,47,-0.6223776223776226
DES_ETA,primary,48,0.39160839160839167
DES_ETA,primary,49,0.2727272727272727
DES_ETA,primary,50,0.05594405594405596
DES_ETA,primary,51,0.041958041958041974
DES_ETA,primary,52,-0.09790209790209792
DES_ETA,primary,53,-0.3356643356643358
DES_ETA,primary,54,0.3426573426573427
DES_ETA,primary,55,0.07692307692307697
DES_ETA,primary,56,-0.03496503496503491
DES_ETA,primary,57,-0.10489510489510494
DES_ETA,primary,58,-0.07692307692307694
DES_ETA,primary,59,-0.18881118881118883
DES_ETA,primary,60,0.11188811188811192
DES_ETA,primary,61,0.46853146853146854
DES_ETA,primary,62,0.5104895104895105
DES_ETA,primary,63,0.6293706293706295
DES_ETA,primary,64,0.20979020979020988
DES_ETA,primary,65,0.26573426573426584
DES_ETA,primary,66,0.2937062937062937
DES_ETA,primary,67,0.47552447552447563
DES_ETA,primary,68,-0.10489510489510497
DES_ETA,primary,69,-0.20279720279720284
DES_ETA,primary,70,0.11188811188811194
DES_ETA,primary,71,0.12587412587412586
DES_ETA,primary,72,-9.25185853854297e-18
DES_ETA,primary,73,0.30769230769230776
DES_ETA,primary,74,0.06993006993006995
DES_ETA,primary,75,0.055944055944055916
DES_ETA,primary,76,0.47552447552447563
DES_ETA,primary,77,-0.6083916083916084
DES_ETA,primary,78,0.1748251748251749
DES_ETA,primary,79,-0.11188811188811197
DES_ETA,primary,80,-0.02797202797202795
DES_ETA,primary,81,0.37762237762237777
DES_ETA,primary,82,0.28671328671328666
DES_ETA,primary,83,-0.020979020979020987
DES_ETA,primary,84,0.034965034965034954
DES_ETA,primary,85,0.27972027972027974
DES_ETA,primary,86,-0.32167832167832167
DES_ETA,primary,87,0.2097902097902098
DES_ETA,primary,88,0.1188811188811189
DES_ETA,primary,89,0.14685314685314693
DES_ETA,primary,90,-0.07692307692307696
DES_ETA,primary,91,0.14685314685314688
DES_ETA,primary,92,0.21678321678321677
DES_ETA,primary,93,-0.20979020979020982
DES_ETA,primary,94,-0.15384615384615388
DES_ETA,primary,95,-0.36363636363636376
DES_ETA,primary,96,-0.5734265734265734
DES_ETA,primary,97,0.1678321678321678
DES_ETA,primary,98,0.19580419580419584
DES_ETA,primary,99,0.23076923076923084
DES_ETA,primary,100,-0.10489510489510495
DES_ETA,primary,101,0.29370629370629375
DES_ETA,primary,102,-0.25174825174825183
DES_ETA,primary,103,0.19580419580419584
DES_ETA,primary,104,-0.10489510489510494
DES_ETA,primary,105,-0.11188811188811193
DES_ETA,primary,106,0.3426573426573427
DES_ETA,primary,107,-0.38461538461538475
DES_ETA,primary,108,-0.06993006993006996
DES_ETA,primary,109,-0.027972027972027944
DES_ETA,primary,110,0.5104895104895106
DES_ETA,primary,111,-0.23776223776223784
DES_ETA,primary,112,-0.013986013986014052
DES_ETA,primary,113,0.034965034965034954
DES_ETA,primary,114,-0.006993006993007017
DES_ETA,primary,115,-0.18181818181818185
DES_ETA,primary,116,0.27972027972027985
DES_ETA,primary,117,0.09090909090909094
DES_ETA,primary,118,0.1608391608391609
DES_ETA,primary,119,-0.16083916083916086
DES_ETA,primary,120,0.2867132867132868
DES_ETA,primary,121,-0.5944055944055945
DES_ETA,primary,122,0.20979020979020982
DES_ETA,primary,123,0.013986013986013958
DES_ETA,primary,124,-0.055944055944055986
DES_ETA,primary,125,0.29370629370629375
DES_ETA,primary,126,0.3006993006993008
DES_ETA,primary,127,0.13286713286713292
DES_ETA,primary,128,-0.06293706293706296
DES_ETA,primary,129,0.3706293706293707
DES_ETA,primary,130,0.1608391608391609
DES_ETA,primary,131,0.07692307692307694
DES_ETA,primary,132,0.18181818181818188
DES_ETA,primary,133,0.04895104895104893
DES_ETA,primary,134,0.13986013986013987
DES_ETA,primary,135,0.27972027972027974
DES_ETA,primary,136,-0.07692307692307691
DES_ETA,primary,137,0.23076923076923084
DES_ETA,primary,138,0.04195804195804199
DES_ETA,primary,139,0.2867132867132867
DES_ETA,primary,140,-0.46853146853146854
DES_ETA,primary,141,0.09090909090909083
DES_ETA,primary,142,-0.027972027972027986
DES_ETA,primary,143,-0.5384615384615385
DES_ETA,primary,144,-0.1608391608391609
DES_ETA,primary,145,-0.08391608391608392
DES_ETA,primary,146,0.6223776223776225
DES_ETA,primary,147,0.02097902097902098
DES_ETA,primary,148,-0.13286713286713295
DES_ETA,primary,149,-0.4265734265734266
DES_ETA,primary,150,-0.11888111888111884
DES_ETA,primary,151,0.09790209790209793
DES_ETA,primary,152,-0.6293706293706295
DES_ETA,primary,153,-0.15384615384615385
DES_ETA,primary,154,-0.3216783216783217
DES_ETA,primary,155,0.3356643356643358
DES_ETA,primary,156,0.22377622377622383
DES_ETA,primary,157,0.1608391608391609
DES_ETA,primary,158,0.27272727272727276
DES_ETA,primary,159,-0.8041958041958043
DES_ETA,primary,160,0.18881118881118877
DES_ETA,primary,161,-0.2027972027972029
DES_ETA,primary,162,-0.04195804195804203
DES_ETA,primary,163,-0.29370629370629375
DES_ETA,primary,164,0.07692307692307696
DES_ETA,primary,165,-0.30069930069930073
DES_ETA,primary,166,0.2867132867132867
DES_ETA,primary,167,-0.2517482517482518
DES_ETA,primary,168,-0.3286713286713287
DES_ETA,primary,169,0.013986013986013996
DES_ETA,primary,170,-0.39160839160839167
DES_ETA,primary,171,0.3706293706293706
DES_ETA,primary,172,-0.013986013986014038
DES_ETA,primary,173,0.6013986013986016
DES_ETA,primary,174,-0.027972027972027986
DES_ETA,primary,175,-0.25174825174825183
DES_ETA,primary,176,0.18881118881118883
DES_ETA,primary,177,0.35664335664335667
DES_ETA,primary,178,-0.11188811188811193
DES_ETA,primary,179,0.5034965034965035
DES_ETA,primary,180,-0.14685314685314685
DES_ETA,primary,181,0.2937062937062938
DES_ETA,primary,182,0.4475524475524477
DES_ETA,primary,183,0.2727272727272728
DES_ETA,primary,184,0.2167832167832168
DES_ETA,primary,185,0.5664335664335666
DES_ETA,primary,186,-0.25174825174825183
DES_ETA,primary,187,0.44755244755244766
DES_ETA,primary,188,0.7412587412587414
DES_ETA,primary,189,0.6013986013986016
DES_ETA,primary,190,0.41958041958041964
DES_ETA,primary,191,-0.3006993006993008
DES_ETA,primary,192,-0.4335664335664337
DES_ETA,primary,193,0.06993006993006999
DES_ETA,primary,194,0.6153846153846155
DES_ETA,primary,195,-0.18881118881118883
DES_ETA,primary,196,-0.020979020979020963
DES_ETA,primary,197,0.13286713286713292
DES_ETA,primary,198,-0.11888111888111896
DES_ETA,primary,199,0.27972027972027974
DES_ETA,primary,200,0.1328671328671329
DES_ETA,primary,201,-0.3076923076923077
DES_ETA,primary,202,-0.32867132867132876
DES_ETA,primary,203,-0.09790209790209793
DES_ETA,primary,204,-0.4265734265734267
DES_ETA,primary,205,-0.3286713286713287
DES_ETA,primary,206,0.41958041958041964
DES_ETA,primary,207,-0.020979020979020987
DES_ETA,primary,208,0.3566433566433567
DES_ETA,primary,209,-0.06993006993006996
DES_ETA,primary,210,3.700743415417188e-17
DES_ETA,primary,211,0.11888111888111885
DES_ETA,primary,212,0.2517482517482517
DES_ETA,primary,213,-0.3216783216783217
DES_ETA,primary,214,0.31468531468531474
DES_ETA,primary,215,0.43356643356643376
DES_ETA,primary,216,0.5104895104895106
DES_ETA,primary,217,0.5874125874125875
DES_ETA,primary,218,-0.13986013986013993
DES_ETA,primary,219,0.16083916083916086
DES_ETA,primary,220,0.3356643356643357
DES_ETA,primary,221,-0.3006993006993008
DES_ETA,primary,222,-0.1468531468531469
DES_ETA,primary,223,-0.33566433566433584
DES_ETA,primary,224,0.30769230769230776
DES_ETA,primary,225,-0.4685314685314686
DES_ETA,primary,226,0.5034965034965037
DES_ETA,primary,227,-0.4055944055944058
DES_ETA,primary,228,0.20279720279720284
DES_ETA,primary,229,-0.13286713286713286
DES_ETA,primary,230,-0.27272727272727276
DES_ETA,primary,231,-0.10489510489510494
DES_ETA,primary,232,-0.055944055944056
DES_ETA,primary,233,-0.16783216783216784
DES_ETA,primary,234,0.44055944055944063
DES_ETA,primary,235,0.3496503496503496
DES_ETA,primary,236,0.06993006993006992
DES_ETA,primary,237,0.11188811188811192
DES_ETA,primary,238,0.3216783216783217
DES_ETA,primary,239,-0.1678321678321679
DES_ETA,primary,240,0.4545454545454546
DES_ETA,primary,241,0.5454545454545455
DES_ETA,primary,242,0.0979020979020979
DES_ETA,primary,243,0.15384615384615394
DES_ETA,primary,244,-0.31468531468531474
DES_ETA,primary,245,0.027972027972027958
DES_ETA,primary,246,0.07692307692307691
DES_ETA,primary,247,-0.44055944055944063
DES_ETA,primary,248,-0.3566433566433567
DES_ETA,primary,249,-0.4615384615384616
DES_ETA,primary,250,-0.5384615384615385
DES_ETA,primary,251,0.3216783216783218
DES_ETA,primary,252,-0.18181818181818188
DES_ETA,primary,253,-0.10489510489510488
DES_ETA,primary,254,0.4405594405594407
DES_ETA,primary,255,-0.3286713286713287
DES_ETA,primary,256,0.6783216783216784
DES_ETA,primary,257,-0.08391608391608395
DES_ETA,primary,258,-0.3006993006993008
DES_ETA,primary,259,0.3496503496503498
DES_ETA,primary,260,0.5104895104895106
DES_ETA,primary,261,-0.6363636363636366
DES_ETA,primary,262,-0.1258741258741259
DES_ETA,primary,263,-0.08391608391608395
DES_ETA,primary,264,-0.1468531468531468
DES_ETA,primary,265,0.44055944055944063
DES_ETA,primary,266,0.09090909090909094
DES_ETA,primary,267,0.06993006993006996
DES_ETA,primary,268,0.10489510489510494
DES_ETA,primary,269,0.15384615384615388
DES_ETA,primary,270,0.006993006993006996
DES_ETA,primary,271,0.2867132867132867
DES_ETA,primary,272,-0.06993006993006996
DES_ETA,primary,273,-0.11188811188811193
DES_ETA,primary,274,0.19580419580419584
DES_ETA,primary,275,0.013986013986013965
DES_ETA,primary,276,0.2867132867132867
DES_ETA,primary,277,-0.06993006993006994
DES_ETA,primary,278,-0.6783216783216784
DES_ETA,primary,279,-0.006993006993007024
DES_ETA,primary,280,-0.11188811188811193
DES_ETA,primary,281,-0.04195804195804199
DES_ETA,primary,282,0.4685314685314686
DES_ETA,primary,283,-0.18881118881118886
DES_ETA,primary,284,0.2797202797202798
DES_ETA,primary,285,0.2587412587412588
DES_ETA,primary,286,-0.13286713286713292
DES_ETA,primary,287,-0.3566433566433567
DES_ETA,primary,288,-0.006993006993006981
DES_ETA,primary,289,0.2377622377622378
DES_ETA,primary,290,-0.5174825174825176
DES_ETA,primary,291,0.034965034965034995
DES_ETA,primary,292,-0.12587412587412591
DES_ETA,primary,293,0.19580419580419584
DES_ETA,primary,294,0.11888111888111885
DES_ETA,primary,295,0.05594405594405601
DES_ETA,primary,296,-0.4895104895104896
DES_ETA,primary,297,0.2937062937062937
DES_ETA,primary,298,0.38461538461538464
DES_ETA,primary,299,-0.013986013986013955
DES_ETA,primary,300,0.006993006993006995
DES_ETA,primary,301,-0.11188811188811189
DES_ETA,primary,302,0.48251748251748255
DES_ETA,primary,303,0.13286713286713292
DES_ETA,primary,304,0.17482517482517487
DES_ETA,primary,305,0.027972027972027996
DES_ETA,primary,306,-0.2447552447552448
DES_ETA,primary,307,0.05594405594405597
DES_ETA,primary,308,-0.2587412587412588
DES_ETA,primary,309,0.4265734265734267
DES_ETA,primary,310,0.13986013986013987
DES_ETA,primary,311,0.18881118881118883
DES_ETA,primary,312,-0.38461538461538475
DES_ETA,primary,313,-0.20279720279720284
DES_ETA,primary,314,0.2657342657342658
DES_ETA,primary,315,0.32867132867132876
DES_ETA,primary,316,-0.15384615384615385
DES_ETA,primary,317,-0.17482517482517482
DES_ETA,primary,318,-0.04195804195804198
DES_ETA,primary,319,-0.23076923076923084
DES_ETA,primary,320,-0.5174825174825176
DES_ETA,primary,321,-0.06993006993006994
DES_ETA,primary,322,-0.27272727272727276
DES_ETA,primary,323,-0.11888111888111892
DES_ETA,primary,324,-0.48251748251748267
DES_ETA,primary,325,-0.30769230769230776
DES_ETA,primary,326,-0.6433566433566434
DES_ETA,primary,327,-0.2517482517482518
DES_ETA,primary,328,0.26573426573426584
DES_ETA,primary,329,-0.048951048951048966
DES_ETA,primary,330,0.5874125874125876
DES_ETA,primary,331,0.16083916083916086
DES_ETA,primary,332,0.1678321678321679
DES_ETA,primary,333,0.4615384615384617
DES_ETA,primary,334,-0.30069930069930073
DES_ETA,primary,335,0.4895104895104896
DES_ETA,primary,336,0.10489510489510494
DES_ETA,primary,337,0.1818181818181818
DES_ETA,primary,338,-0.3566433566433567
DES_ETA,primary,339,0.4405594405594407
DES_ETA,primary,340,0.20979020979020988
DES_ETA,primary,341,-0.4125874125874127
DES_ETA,primary,342,-0.21678321678321685
DES_ETA,primary,343,0.27272727272727276
DES_ETA,primary,344,-0.4335664335664336
DES_ETA,primary,345,-0.3916083916083917
DES_ETA,primary,346,-0.5664335664335666
DES_ETA,primary,347,-0.10489510489510491
DES_ETA,primary,348,-0.00699300699300696
DES_ETA,primary,349,0.2937062937062938
DES_ETA,primary,350,0.09090909090909094
DES_ETA,primary,351,-0.27272727272727276
DES_ETA,primary,352,0.5174825174825176
DES_ETA,primary,353,0.16083916083916083
DES_ETA,primary,354,0.3986013986013986
DES_ETA,primary,355,0.4265734265734267
DES_ETA,primary,356,-0.013986013986013958
DES_ETA,primary,357,-0.4895104895104896
DES_ETA,primary,358,0.7762237762237764
DES_ETA,primary,359,-0.29370629370629375
DES_ETA,primary,360,-0.5664335664335666
DES_ETA,primary,361,0.2867132867132868
DES_ETA,primary,362,0.31468531468531474
DES_ETA,primary,363,-0.03496503496503494
DES_ETA,primary,364,-0.07692307692307694
DES_ETA,primary,365,0.041958041958041925
DES_ETA,primary,366,0.06993006993006991
DES_ETA,primary,367,-0.02797202797202797
DES_ETA,primary,368,-0.3916083916083917
DES_ETA,primary,369,0.09090909090909093
DES_ETA,primary,370,0.07692307692307694
DES_ETA,primary,371,0.11188811188811192
DES_ETA,primary,372,0.18881118881118877
DES_ETA,primary,373,0.013986013986014012
DES_ETA,primary,374,0.11888111888111891
DES_ETA,primary,375,0.48251748251748267
DES_ETA,primary,376,0.006993006993006965
DES_ETA,primary,377,0.4335664335664336
DES_ETA,primary,378,-0.24475524475524482
DES_ETA,primary,379,0.7272727272727275
DES_ETA,primary,380,-0.0979020979020979
DES_ETA,primary,381,0.013986013986013963
DES_ETA,primary,382,0.23776223776223784
DES_ETA,primary,383,-0.8531468531468533
DES_ETA,primary,384,-0.11888111888111887
DES_ETA,primary,385,-0.44055944055944063
DES_ETA,primary,386,-0.5804195804195805
DES_ETA,primary,387,-0.09090909090909094
DES_ETA,primary,388,0.24475524475524477
DES_ETA,primary,389,0.15384615384615385
DES_ETA,primary,390,0.09790209790209792
DES_ETA,primary,391,-0.7622377622377624
DES_ETA,primary,392,0.006993006993006969
DES_ETA,primary,393,-0.21678321678321685
DES_ETA,primary,394,-0.04895104895104895
DES_ETA,primary,395,-0.055944055944055965
DES_ETA,primary,396,0.36363636363636376
DES_ETA,primary,397,-0.4335664335664337
DES_ETA,primary,398,-0.4265734265734267
DES_ETA,primary,399,0.3426573426573427
DES_ETA,primary,400,0.19580419580419584
DES_ETA,primary,401,-0.1398601398601399
DES_ETA,primary,402,0.45454545454545464
DES_ETA,primary,403,-0.5174825174825176
DES_ETA,primary,404,0.20279720279720284
DES_ETA,primary,405,-0.24475524475524488
DES_ETA,primary,406,-0.41258741258741266
DES_ETA,primary,407,-0.13286713286713284
DES_ETA,primary,408,0.2727272727272727
DES_ETA,primary,409,-0.03496503496503497
DES_ETA,primary,410,0.22377622377622378
DES_ETA,primary,411,-0.4055944055944058
DES_ETA,primary,412,0.006993006993007002
DES_ETA,primary,413,-0.05594405594405597
DES_ETA,primary,414,-0.1468531468531468
DES_ETA,primary,415,0.13986013986013987
DES_ETA,primary,416,-0.23076923076923084
DES_ETA,primary,417,0.1468531468531468
DES_ETA,primary,418,0.18181818181818188
DES_ETA,primary,419,-0.5734265734265735
DES_ETA,primary,420,-0.2307692307692308
DES_ETA,primary,421,-0.48251748251748255
DES_ETA,primary,422,0.12587412587412591
DES_ETA,primary,423,0.15384615384615383
DES_ETA,primary,424,0.17482517482517487
DES_ETA,primary,425,0.25174825174825183
DES_ETA,primary,426,-0.2167832167832168
DES_ETA,primary,427,0.07692307692307693
DES_ETA,primary,428,0.2167832167832168
DES_ETA,primary,429,-0.02097902097902099
DES_ETA,primary,430,-0.23076923076923084
DES_ETA,primary,431,-0.29370629370629375
DES_ETA,primary,432,-0.034965034965034954
DES_ETA,primary,433,-0.06293706293706297
DES_ETA,primary,434,0.41258741258741266
DES_ETA,primary,435,-0.034965034965034954
DES_ETA,primary,436,0.6573426573426575
DES_ETA,primary,437,0.12587412587412591
DES_ETA,primary,438,0.5384615384615384
DES_ETA,primary,439,-0.3356643356643358
DES_ETA,primary,440,-0.20279720279720284
DES_ETA,primary,441,-0.08391608391608396
DES_ETA,primary,442,0.03496503496503497
DES_ETA,primary,443,-0.09790209790209797
DES_ETA,primary,444,-0.3006993006993008
DES_ETA,primary,445,0.3006993006993008
DES_ETA,primary,446,0.27972027972027974
DES_ETA,primary,447,0.041958041958041974
DES_ETA,primary,448,-0.3146853146853147
DES_ETA,primary,449,-0.5594405594405596
DES_ETA,primary,450,-0.2377622377622378
DES_ETA,primary,451,0.23776223776223784
DES_ETA,primary,452,0.22377622377622383
DES_ETA,primary,453,-0.6643356643356645
DES_ETA,primary,454,-0.07692307692307694
DES_ETA,primary,455,-0.2727272727272729
DES_ETA,primary,456,0.3566433566433567
DES_ETA,primary,457,0.06993006993006991
DES_ETA,primary,458,0.18881118881118886
DES_ETA,primary,459,-0.04895104895104893
DES_ETA,primary,460,0.14685314685314688
DES_ETA,primary,461,0.3776223776223777
DES_ETA,primary,462,-0.2657342657342658
DES_ETA,primary,463,0.34965034965034963
DES_ETA,primary,464,-0.4055944055944057
DES_ETA,primary,465,-0.5104895104895105
DES_ETA,primary,466,-0.4685314685314686
DES_ETA,primary,467,-0.0069930069930069574
DES_ETA,primary,468,0.4265734265734267
DES_ETA,primary,469,-0.06293706293706297
DES_ETA,primary,470,-0.13286713286713292
DES_ETA,primary,471,-0.41958041958041964
DES_ETA,primary,472,0.6573426573426574
DES_ETA,primary,473,-0.16783216783216792
DES_ETA,primary,474,-0.1328671328671329
DES_ETA,primary,475,0.027972027972027993
DES_ETA,primary,476,-0.2867132867132868
DES_ETA,primary,477,0.23076923076923087
DES_ETA,primary,478,0.4265734265734265
DES_ETA,primary,479,-0.12587412587412591
DES_ETA,primary,480,0.041958041958041904
DES_ETA,primary,481,-0.19580419580419584
DES_ETA,primary,482,-0.055944055944055944
DES_ETA,primary,483,-0.2517482517482518
DES_ETA,primary,484,-0.13286713286713286
DES_ETA,primary,485,0.08391608391608392
DES_ETA,primary,486,0.1818181818181819
DES_ETA,primary,487,2.2262284608369025e-17
DES_ETA,primary,488,-0.46853146853146876
DES_ETA,primary,489,-0.20279720279720284
DES_ETA,primary,490,-0.1678321678321679
DES_ETA,primary,491,0.1328671328671329
DES_ETA,primary,492,0.2797202797202798
DES_ETA,primary,493,0.3706293706293706
DES_ETA,primary,494,0.02097902097902098
DES_ETA,primary,495,-0.3636363636363637
DES_ETA,primary,496,-0.05594405594405596
DES_ETA,primary,497,-0.19580419580419584
DES_ETA,primary,498,-0.3356643356643357
DES_ETA,primary,499,-0.47552447552447563
DES_ETA,primary,500,-0.11888111888111891
DES_ETA,primary,501,-0.6923076923076925
DES_ETA,primary,502,0.18881118881118888
DES_ETA,primary,503,-0.11188811188811192
DES_ETA,primary,504,0.12587412587412594
DES_ETA,primary,505,-0.013986013986014012
DES_ETA,primary,506,0.06993006993006994
DES_ETA,primary,507,-0.26573426573426573
DES_ETA,primary,508,0.28671328671328683
DES_ETA,primary,509,-0.6643356643356645
DES_ETA,primary,510,-0.36363636363636376
DES_ETA,primary,511,-0.18181818181818185
DES_ETA,primary,512,0.3146853146853148
DES_ETA,primary,513,-0.11188811188811189
DES_ETA,primary,514,-0.2657342657342658
DES_ETA,primary,515,-0.07692307692307694
DES_ETA,primary,516,-0.4335664335664336
DES_ETA,primary,517,-0.24475524475524488
DES_ETA,primary,518,-0.048951048951048966
DES_ETA,primary,519,0.13986013986013984
DES_ETA,primary,520,0.11188811188811192
DES_ETA,primary,521,0.055944055944055986
DES_ETA,primary,522,-0.09090909090909088
DES_ETA,primary,523,-0.10489510489510494
DES_ETA,primary,524,-0.23076923076923084
DES_ETA,primary,525,-0.07692307692307702
DES_ETA,primary,526,-0.22377622377622386
DES_ETA,primary,527,-0.3986013986013987
DES_ETA,primary,528,-0.25174825174825183
DES_ETA,primary,529,0.5314685314685316
DES_ETA,primary,530,-0.013986013986013991
DES_ETA,primary,531,0.06993006993006996
DES_ETA,primary,532,-0.3986013986013987
DES_ETA,primary,533,-0.15384615384615385
DES_ETA,primary,534,-0.3146853146853147
DES_ETA,primary,535,0.2447552447552448
DES_ETA,primary,536,0.29370629370629375
DES_ETA,primary,537,0.27972027972027974
DES_ETA,primary,538,-0.006993006993007034
DES_ETA,primary,539,-0.11188811188811193
DES_ETA,primary,540,-0.03496503496503502
DES_ETA,primary,541,-0.3286713286713288
DES_ETA,primary,542,0.03496503496503497
DES_ETA,primary,543,-0.2517482517482518
DES_ETA,primary,544,-0.2027972027972028
DES_ETA,primary,545,0.3426573426573427
DES_ETA,primary,546,0.013986013986014038
DES_ETA,primary,547,0.09790209790209792
DES_ETA,primary,548,0.4755244755244757
DES_ETA,primary,549,-0.034965034965034995
DES_ETA,primary,550,0.11188811188811192
DES_ETA,primary,551,-0.4055944055944056
DES_ETA,primary,552,0.07692307692307691
DES_ETA,primary,553,-0.04895104895104899
DES_ETA,primary,554,-0.11188811188811194
DES_ETA,primary,555,0.3706293706293707
DES_ETA,primary,556,-0.5734265734265734
DES_ETA,primary,557,-0.3216783216783218
DES_ETA,primary,558,0.3776223776223777
DES_ETA,primary,559,-0.3216783216783217
DES_ETA,primary,560,-0.27272727272727276
DES_ETA,primary,561,0.1818181818181818
DES_ETA,primary,562,-0.06993006993006994
DES_ETA,primary,563,-0.2727272727272728
DES_ETA,primary,564,-0.22377622377622383
DES_ETA,primary,565,-0.08391608391608392
DES_ETA,primary,566,0.34965034965034963
DES_ETA,primary,567,0.048951048951048994
DES_ETA,primary,568,0.06993006993006995
DES_ETA,primary,569,-0.03496503496503495
DES_ETA,primary,570,-0.16783216783216784
DES_ETA,primary,571,0.08391608391608392
DES_ETA,primary,572,0.16783216783216778
DES_ETA,primary,573,0.2587412587412588
DES_ETA,primary,574,-0.3356643356643357
DES_ETA,primary,575,0.09090909090909094
DES_ETA,primary,576,-0.2587412587412588
DES_ETA,primary,577,0.38461538461538475
DES_ETA,primary,578,0.5034965034965035
DES_ETA,primary,579,-0.2517482517482518
DES_ETA,primary,580,-0.22377622377622383
DES_ETA,primary,581,0.05594405594405593
DES_ETA,primary,582,-0.09790209790209796
DES_ETA,primary,583,0.18881118881118886
DES_ETA,primary,584,-0.2097902097902098
DES_ETA,primary,585,0.2937062937062938
DES_ETA,primary,586,-0.39860139860139876
DES_ETA,primary,587,0.013986013986013979
DES_ETA,primary,588,0.41958041958041964
DES_ETA,primary,589,0.7482517482517483
DES_ETA,primary,590,-0.3006993006993008
DES_ETA,primary,591,0.04195804195804195
DES_ETA,primary,592,0.5174825174825176
DES_ETA,primary,593,-0.10489510489510491
DES_ETA,primary,594,-2.0816681711721685e-17
DES_ETA,primary,595,-0.1468531468531469
DES_ETA,primary,596,-0.7412587412587414
DES_ETA,primary,597,0.3706293706293707
DES_ETA,primary,598,-0.3006993006993008
DES_ETA,primary,599,-0.04895104895104888
DES_ETA,primary,600,0.06293706293706294
DES_ETA,primary,601,-0.18881118881118888
DES_ETA,primary,602,5.551115123125783e-17
DES_ETA,primary,603,-0.16783216783216784
DES_ETA,primary,604,-0.44755244755244755
DES_ETA,primary,605,0.055944055944055965
DES_ETA,primary,606,0.2937062937062938
DES_ETA,primary,607,0.02097902097902096
DES_ETA,primary,608,-0.2727272727272728
DES_ETA,primary,609,0.11888111888111892
DES_ETA,primary,610,0.3216783216783218
DES_ETA,primary,611,-0.09090909090909093
DES_ETA,primary,612,0.02097902097902099
DES_ETA,primary,613,-0.09790209790209792
DES_ETA,primary,614,0.013986013986013986
DES_ETA,primary,615,0.09790209790209788
DES_ETA,primary,616,-0.4685314685314686
DES_ETA,primary,617,-0.08391608391608385
DES_ETA,primary,618,0.013986013986014024
DES_ETA,primary,619,-0.3006993006993007
DES_ETA,primary,620,0.12587412587412591
DES_ETA,primary,621,0.5314685314685316
DES_ETA,primary,622,-0.1748251748251749
DES_ETA,primary,623,-0.28671328671328683
DES_ETA,primary,624,-0.44055944055944063
DES_ETA,primary,625,0.027972027972027958
DES_ETA,primary,626,0.30769230769230776
DES_ETA,primary,627,-0.3076923076923077
DES_ETA,primary,628,0.041958041958041925
DES_ETA,primary,629,-0.31468531468531474
DES_ETA,primary,630,-0.17482517482517487
DES_ETA,primary,631,0.25174825174825183
DES_ETA,primary,632,0.1048951048951049
DES_ETA,primary,633,-0.13286713286713295
DES_ETA,primary,634,0.16083916083916092
DES_ETA,primary,635,0.1258741258741259
DES_ETA,primary,636,0.0069930069930069965
DES_ETA,primary,637,-0.2657342657342658
DES_ETA,primary,638,0.27972027972027974
DES_ETA,primary,639,-0.20979020979020982
DES_ETA,primary,640,0.12587412587412586
DES_ETA,primary,641,0.2867132867132867
DES_ETA,primary,642,0.1048951048951049
DES_ETA,primary,643,-0.26573426573426584
DES_ETA,primary,644,0.11888111888111891
DES_ETA,primary,645,-0.15384615384615385
DES_ETA,primary,646,-0.006993006993007028
DES_ETA,primary,647,0.4125874125874127
DES_ETA,primary,648,0.5594405594405595
DES_ETA,primary,649,0.07692307692307696
DES_ETA,primary,650,-0.18881118881118883
DES_ETA,primary,651,-0.07692307692307697
DES_ETA,primary,652,-0.1188811188811189
DES_ETA,primary,653,0.11188811188811192
DES_ETA,primary,654,-0.07692307692307697
DES_ETA,primary,655,-0.1678321678321679
DES_ETA,primary,656,-0.11888111888111891
DES_ETA,primary,657,0.5594405594405596
DES_ETA,primary,658,-0.1538461538461539
DES_ETA,primary,659,0.0979020979020979
DES_ETA,primary,660,0.3916083916083917
DES_ETA,primary,661,-0.09790209790209792
DES_ETA,primary,662,-0.0069930069930069436
DES_ETA,primary,663,0.006993006993007003
DES_ETA,primary,664,-0.3496503496503498
DES_ETA,primary,665,1.3010426069826053e-17
DES_ETA,primary,666,-0.6783216783216784
DES_ETA,primary,667,-0.1468531468531469
DES_ETA,primary,668,-0.04195804195804198
DES_ETA,primary,669,0.18181818181818185
DES_ETA,primary,670,-0.5524475524475526
DES_ETA,primary,671,0.09790209790209796
DES_ETA,primary,672,-0.013986013986013976
DES_ETA,primary,673,0.4335664335664336
DES_ETA,primary,674,0.6083916083916086
DES_ETA,primary,675,0.19580419580419575
DES_ETA,primary,676,-0.04895104895104894
DES_ETA,primary,677,-0.1328671328671329
DES_ETA,primary,678,0.18881118881118886
DES_ETA,primary,679,0.2937062937062937
DES_ETA,primary,680,-0.3146853146853147
DES_ETA,primary,681,0.39160839160839184
DES_ETA,primary,682,-0.1608391608391609
DES_ETA,primary,683,-0.3286713286713287
DES_ETA,primary,684,0.4615384615384617
DES_ETA,primary,685,-0.11188811188811192
DES_ETA,primary,686,-0.5664335664335666
DES_ETA,primary,687,-0.4055944055944057
DES_ETA,primary,688,0.2097902097902098
DES_ETA,primary,689,-0.20279720279720284
DES_ETA,primary,690,-0.44755244755244766
DES_ETA,primary,691,0.7342657342657343
DES_ETA,primary,692,-0.25874125874125875
DES_ETA,primary,693,-0.03496503496503494
DES_ETA,primary,694,-0.11888111888111892
DES_ETA,primary,695,0.41958041958041964
DES_ETA,primary,696,0.1678321678321679
DES_ETA,primary,697,-0.6223776223776225
DES_ETA,primary,698,0.2377622377622378
DES_ETA,primary,699,0.41958041958041964
DES_ETA,primary,700,-0.1048951048951049
DES_ETA,primary,701,-0.31468531468531474
DES_ETA,primary,702,0.7412587412587414
DES_ETA,primary,703,0.3986013986013987
DES_ETA,primary,704,0.14685314685314685
DES_ETA,primary,705,-0.07692307692307694
DES_ETA,primary,706,0.1398601398601399
DES_ETA,primary,707,-0.041958041958042
DES_ETA,primary,708,-0.5314685314685316
DES_ETA,primary,709,-0.4335664335664337
DES_ETA,primary,710,0.29370629370629375
DES_ETA,primary,711,-0.1188811188811189
DES_ETA,primary,712,0.4335664335664337
DES_ETA,primary,713,0.44755244755244766
DES_ETA,primary,714,-0.4895104895104896
DES_ETA,primary,715,0.21678321678321688
DES_ETA,primary,716,0.27972027972027985
DES_ETA,primary,717,0.5804195804195805
DES_ETA,primary,718,-0.4965034965034966
DES_ETA,primary,719,0.027972027972027958
DES_ETA,primary,720,0.11188811188811192
DES_ETA,primary,721,-0.02797202797202798
DES_ETA,primary,722,-0.5804195804195805
DES_ETA,primary,723,0.05594405594405593
DES_ETA,primary,724,0.48251748251748255
DES_ETA,primary,725,0.2167832167832168
DES_ETA,primary,726,0.06293706293706298
DES_ETA,primary,727,0.34965034965034975
DES_ETA,primary,728,-0.11888111888111892
DES_ETA,primary,729,-0.4685314685314686
DES_ETA,primary,730,-0.1188811188811189
DES_ETA,primary,731,-0.02797202797202795
DES_ETA,primary,732,0.20979020979020988
DES_ETA,primary,733,-0.11188811188811194
DES_ETA,primary,734,0.16783216783216784
DES_ETA,primary,735,-0.18881118881118883
DES_ETA,primary,736,-0.06293706293706296
DES_ETA,primary,737,0.6433566433566436
DES_ETA,primary,738,0.18881118881118886
DES_ETA,primary,739,-0.07692307692307696
DES_ETA,primary,740,-0.05594405594405602
DES_ETA,primary,741,-0.05594405594405593
DES_ETA,primary,742,-0.013986013986014012
DES_ETA,primary,743,-0.44755244755244755
DES_ETA,primary,744,-0.11888111888111892
DES_ETA,primary,745,0.3566433566433567
DES_ETA,primary,746,-0.11188811188811186
DES_ETA,primary,747,-0.30769230769230776
DES_ETA,primary,748,0.2657342657342658
DES_ETA,primary,749,0.2657342657342658
DES_ETA,primary,750,-0.09090909090909094
DES_ETA,primary,751,0.0839160839160839
DES_ETA,primary,752,-0.3356643356643357
DES_ETA,primary,753,0.2447552447552448
DES_ETA,primary,754,0.1678321678321679
DES_ETA,primary,755,0.47552447552447563
DES_ETA,primary,756,-0.0069930069930069895
DES_ETA,primary,757,-0.44755244755244766
DES_ETA,primary,758,0.06293706293706293
DES_ETA,primary,759,-0.06993006993006995
DES_ETA,primary,760,-0.3076923076923077
DES_ETA,primary,761,0.04195804195804196
DES_ETA,primary,762,0.5174825174825176
DES_ETA,primary,763,-0.22377622377622383
DES_ETA,primary,764,0.3216783216783217
DES_ETA,primary,765,-0.03496503496503494
DES_ETA,primary,766,0.39860139860139876
DES_ETA,primary,767,-0.38461538461538464
DES_ETA,primary,768,0.034965034965034954
DES_ETA,primary,769,-0.22377622377622383
DES_ETA,primary,770,0.14685314685314688
DES_ETA,primary,771,0.11188811188811197
DES_ETA,primary,772,-0.048951048951048966
DES_ETA,primary,773,0.013986013986013998
DES_ETA,primary,774,0.2447552447552448
DES_ETA,primary,775,0.09090909090909093
DES_ETA,primary,776,-0.041958041958042
DES_ETA,primary,777,0.6503496503496505
DES_ETA,primary,778,-0.13286713286713292
DES_ETA,primary,779,0.2447552447552448
DES_ETA,primary,780,-0.14685314685314688
DES_ETA,primary,781,0.3216783216783217
DES_ETA,primary,782,-0.1328671328671329
DES_ETA,primary,783,-0.06293706293706294
DES_ETA,primary,784,-0.4825174825174827
DES_ETA,primary,785,0.48251748251748267
DES_ETA,primary,786,-0.06993006993006999
DES_ETA,primary,787,0.013986013986013991
DES_ETA,primary,788,-0.2587412587412588
DES_ETA,primary,789,-1.850371707708594e-17
DES_ETA,primary,790,-0.25874125874125875
DES_ETA,primary,791,0.16783216783216792
DES_ETA,primary,792,-0.5874125874125875
DES_ETA,primary,793,0.6503496503496505
DES_ETA,primary,794,-0.31468531468531474
DES_ETA,primary,795,-0.31468531468531474
DES_ETA,primary,796,-0.28671328671328683
DES_ETA,primary,797,0.4615384615384615
DES_ETA,primary,798,-0.16083916083916086
DES_ETA,primary,799,0.07692307692307697
DES_ETA,primary,800,0.18881118881118883
DES_ETA,primary,801,-2.312964634635743e-17
DES_ETA,primary,802,0.30069930069930073
DES_ETA,primary,803,-0.3776223776223777
DES_ETA,primary,804,-0.3286713286713288
DES_ETA,primary,805,0.3776223776223777
DES_ETA,primary,806,0.048951048951049014
DES_ETA,primary,807,0.2587412587412588
DES_ETA,primary,808,0.19580419580419584
DES_ETA,primary,809,0.44055944055944063
DES_ETA,primary,810,-0.34965034965034975
DES_ETA,primary,811,-0.13286713286713284
DES_ETA,primary,812,0.29370629370629375
DES_ETA,primary,813,0.0979020979020979
DES_ETA,primary,814,-0.4265734265734266
DES_ETA,primary,815,-0.013986013986013963
DES_ETA,primary,816,0.4405594405594406
DES_ETA,primary,817,0.39160839160839167
DES_ETA,primary,818,-0.1678321678321679
DES_ETA,primary,819,-0.055944055944055944
DES_ETA,primary,820,0.13986013986013981
DES_ETA,primary,821,0.5594405594405596
DES_ETA,primary,822,-0.3286713286713287
DES_ETA,primary,823,-0.05594405594405597
DES_ETA,primary,824,-0.2867132867132868
DES_ETA,primary,825,-0.20979020979020988
DES_ETA,primary,826,0.1748251748251749
DES_ETA,primary,827,-0.05594405594405593
DES_ETA,primary,828,0.3146853146853148
DES_ETA,primary,829,-0.013986013986013998
DES_ETA,primary,830,0.23076923076923084
DES_ETA,primary,831,-0.18181818181818185
DES_ETA,primary,832,-0.25874125874125875
DES_ETA,primary,833,-0.4685314685314686
DES_ETA,primary,834,-0.20279720279720284
DES_ETA,primary,835,-0.0069930069930069965
DES_ETA,primary,836,0.013986013986013996
DES_ETA,primary,837,0.4755244755244756
DES_ETA,primary,838,0.31468531468531474
DES_ETA,primary,839,-0.14685314685314685
DES_ETA,primary,840,-0.34965034965034975
DES_ETA,primary,841,0.14685314685314685
DES_ETA,primary,842,0.2937062937062938
DES_ETA,primary,843,0.04195804195804196
DES_ETA,primary,844,0.17482517482517493
DES_ETA,primary,845,-0.17482517482517487
DES_ETA,primary,846,-0.4685314685314686
DES_ETA,primary,847,0.6853146853146855
DES_ETA,primary,848,0.2027972027972029
DES_ETA,primary,849,-0.16083916083916086
DES_ETA,primary,850,0.7482517482517484
DES_ETA,primary,851,-0.44055944055944063
DES_ETA,primary,852,0.03496503496503497
DES_ETA,primary,853,0.15384615384615388
DES_ETA,primary,854,0.5384615384615387
DES_ETA,primary,855,0.2867132867132867
DES_ETA,primary,856,-0.3356643356643358
DES_ETA,primary,857,-0.2867132867132867
DES_ETA,primary,858,-0.034965034965034995
DES_ETA,primary,859,0.32867132867132876
DES_ETA,primary,860,-0.07692307692307697
DES_ETA,primary,861,0.3706293706293706
DES_ETA,primary,862,-0.3496503496503498
DES_ETA,primary,863,-0.44755244755244766
DES_ETA,primary,864,-0.20279720279720279
DES_ETA,primary,865,-0.06293706293706293
DES_ETA,primary,866,0.35664335664335667
DES_ETA,primary,867,-0.11188811188811189
DES_ETA,primary,868,-0.020979020979020973
DES_ETA,primary,869,0.11188811188811192
DES_ETA,primary,870,-1.1564823173178714e-17
DES_ETA,primary,871,-0.31468531468531474
DES_ETA,primary,872,0.09090909090909094
DES_ETA,primary,873,-0.32867132867132876
DES_ETA,primary,874,0.006993006993007024
DES_ETA,primary,875,0.13986013986013987
DES_ETA,primary,876,0.34965034965034975
DES_ETA,primary,877,-0.27972027972027974
DES_ETA,primary,878,0.10489510489510494
DES_ETA,primary,879,0.18881118881118886
DES_ETA,primary,880,-0.5734265734265734
DES_ETA,primary,881,0.21678321678321685
DES_ETA,primary,882,0.5664335664335666
DES_ETA,primary,883,0.14685314685314685
DES_ETA,primary,884,0.21678321678321685
DES_ETA,primary,885,-0.06993006993006992
DES_ETA,primary,886,-0.15384615384615383
DES_ETA,primary,887,-0.6503496503496505
DES_ETA,primary,888,0.29370629370629375
DES_ETA,primary,889,-0.20979020979020982
DES_ETA,primary,890,0.2867132867132868
DES_ETA,primary,891,-0.18181818181818185
DES_ETA,primary,892,-0.11188811188811192
DES_ETA,primary,893,-0.3006993006993008
DES_ETA,primary,894,0.19580419580419586
DES_ETA,primary,895,-0.20979020979020982
DES_ETA,primary,896,-0.06993006993006991
DES_ETA,primary,897,-0.17482517482517487
DES_ETA,primary,898,-0.23076923076923087
DES_ETA,primary,899,-0.25174825174825183
DES_ETA,primary,900,0.3706293706293708
DES_ETA,primary,901,-0.09790209790209793
DES_ETA,primary,902,0.3636363636363637
DES_ETA,primary,903,0.2027972027972028
DES_ETA,primary,904,0.006993006993007033
DES_ETA,primary,905,-0.006993006993006976
DES_ETA,primary,906,0.1608391608391608
DES_ETA,primary,907,0.48251748251748267
DES_ETA,primary,908,-0.1258741258741259
DES_ETA,primary,909,0.4755244755244757
DES_ETA,primary,910,-0.06293706293706298
DES_ETA,primary,911,-0.3916083916083917
DES_ETA,primary,912,-0.11188811188811192
DES_ETA,primary,913,0.10489510489510494
DES_ETA,primary,914,0.15384615384615385
DES_ETA,primary,915,-0.04195804195804195
DES_ETA,primary,916,-0.5664335664335666
DES_ETA,primary,917,-0.2657342657342658
DES_ETA,primary,918,0.20979020979020982
DES_ETA,primary,919,0.2097902097902098
DES_ETA,primary,920,0.2167832167832168
DES_ETA,primary,921,-0.16083916083916086
DES_ETA,primary,922,0.23776223776223782
DES_ETA,primary,923,-0.6083916083916084
DES_ETA,primary,924,0.034965034965034995
DES_ETA,primary,925,0.06993006993006996
DES_ETA,primary,926,0.7692307692307695
DES_ETA,primary,927,0.1328671328671329
DES_ETA,primary,928,-0.14685314685314685
DES_ETA,primary,929,0.3916083916083917
DES_ETA,primary,930,0.14685314685314688
DES_ETA,primary,931,-0.22377622377622378
DES_ETA,primary,932,0.4965034965034966
DES_ETA,primary,933,-0.16783216783216784
DES_ETA,primary,934,0.027972027972027986
DES_ETA,primary,935,-0.020979020979020973
DES_ETA,primary,936,-0.5174825174825176
DES_ETA,primary,937,0.05594405594405601
DES_ETA,primary,938,-0.3216783216783217
DES_ETA,primary,939,0.06293706293706298
DES_ETA,primary,940,0.20279720279720284
DES_ETA,primary,941,0.5314685314685315
DES_ETA,primary,942,0.04195804195804192
DES_ETA,primary,943,0.11188811188811194
DES_ETA,primary,944,-0.4405594405594407
DES_ETA,primary,945,0.13986013986013993
DES_ETA,primary,946,-0.14685314685314685
DES_ETA,primary,947,0.09090909090909093
DES_ETA,primary,948,-0.3356643356643357
DES_ETA,primary,949,0.4545454545454546
DES_ETA,primary,950,-0.6643356643356645
DES_ETA,primary,951,-0.10489510489510485
DES_ETA,primary,952,0.4685314685314687
DES_ETA,primary,953,-0.47552447552447563
DES_ETA,primary,954,-0.17482517482517487
DES_ETA,primary,955,0.3286713286713287
DES_ETA,primary,956,-0.6433566433566434
DES_ETA,primary,957,0.013986013986013986
DES_ETA,primary,958,0.41258741258741266
DES_ETA,primary,959,0.03496503496503502
DES_ETA,primary,960,0.41958041958041964
DES_ETA,primary,961,-0.3426573426573427
DES_ETA,primary,962,0.0909090909090909
DES_ETA,primary,963,0.2727272727272729
DES_ETA,primary,964,0.5034965034965037
DES_ETA,primary,965,0.1748251748251749
DES_ETA,primary,966,-0.013986013986013984
DES_ETA,primary,967,0.18881118881118883
DES_ETA,primary,968,-0.5734265734265735
DES_ETA,primary,969,-0.12587412587412594
DES_ETA,primary,970,-0.0979020979020979
DES_ETA,primary,971,0.06993006993006995
DES_ETA,primary,972,3.469446951953614e-17
DES_ETA,primary,973,0.09090909090909094
DES_ETA,primary,974,-0.5804195804195805
DES_ETA,primary,975,0.2167832167832168
DES_ETA,primary,976,-0.055944055944055916
DES_ETA,primary,977,-0.09090909090909088
DES_ETA,primary,978,-0.04195804195804195
DES_ETA,primary,979,-0.3566433566433567
DES_ETA,primary,980,0.3356643356643358
DES_ETA,primary,981,0.027972027972027996
DES_ETA,primary,982,0.1678321678321679
DES_ETA,primary,983,0.15384615384615385
DES_ETA,primary,984,0.3216783216783218
DES_ETA,primary,985,-0.5104895104895106
DES_ETA,primary,986,-0.4685314685314687
DES_ETA,primary,987,-0.5664335664335666
DES_ETA,primary,988,0.2027972027972029
DES_ETA,primary,989,-0.23076923076923084
DES_ETA,primary,990,0.3916083916083917
DES_ETA,primary,991,0.47552447552447563
DES_ETA,primary,992,0.34265734265734277
DES_ETA,primary,993,-0.1608391608391609
DES_ETA,primary,994,-0.2517482517482518
DES_ETA,primary,995,0.4685314685314687
DES_ETA,primary,996,0.15384615384615388
DES_ETA,primary,997,0.2867132867132867
DES_ETA,primary,998,-0.4615384615384616
DES_ETA,primary,999,0.13286713286713284
DES_ETA,primary,1000,-0.3216783216783217
DES_ETA,primary,1001,0.055944055944055944
DES_ETA,primary,1002,0.6433566433566434
DES_ETA,primary,1003,0.04895104895104893
DES_ETA,primary,1004,0.09090909090909094
DES_ETA,primary,1005,0.23776223776223782
DES_ETA,primary,1006,0.12587412587412586
DES_ETA,primary,1007,-0.14685314685314685
DES_ETA,primary,1008,0.1258741258741259
DES_ETA,primary,1009,-0.11188811188811193
DES_ETA,primary,1010,0.3006993006993008
DES_ETA,primary,1011,-0.4475524475524477
DES_ETA,primary,1012,-0.07692307692307698
DES_ETA,primary,1013,0.15384615384615388
DES_ETA,primary,1014,-0.09090909090909094
DES_ETA,primary,1015,-0.5034965034965037
DES_ETA,primary,1016,-0.6573426573426575
DES_ETA,primary,1017,-0.2027972027972028
DES_ETA,primary,1018,0.2097902097902099
DES_ETA,primary,1019,0.7832167832167833
DES_ETA,primary,1020,2.3129646346357427e-18
DES_ETA,primary,1021,0.12587412587412586
DES_ETA,primary,1022,-0.7552447552447554
DES_ETA,primary,1023,0.1538461538461539
DES_ETA,primary,1024,0.006993006993007024
DES_ETA,primary,1025,0.3426573426573427
DES_ETA,primary,1026,0.07692307692307701
DES_ETA,primary,1027,0.3426573426573427
DES_ETA,primary,1028,-0.2587412587412588
DES_ETA,primary,1029,0.45454545454545464
DES_ETA,primary,1030,-0.13286713286713286
DES_ETA,primary,1031,0.4615384615384616
DES_ETA,primary,1032,0.15384615384615383
DES_ETA,primary,1033,-0.18881118881118883
DES_ETA,primary,1034,-0.15384615384615383
DES_ETA,primary,1035,0.2657342657342658
DES_ETA,primary,1036,-0.1188811188811189
DES_ETA,primary,1037,0.16083916083916086
DES_ETA,primary,1038,-0.055944055944055986
DES_ETA,primary,1039,-0.18181818181818188
DES_ETA,primary,1040,0.15384615384615388
DES_ETA,primary,1041,-0.8041958041958043
DES_ETA,primary,1042,0.38461538461538464
DES_ETA,primary,1043,0.5384615384615387
DES_ETA,primary,1044,-0.06293706293706298
DES_ETA,primary,1045,0.1258741258741259
DES_ETA,primary,1046,0.47552447552447563
DES_ETA,primary,1047,-0.2167832167832168
DES_ETA,primary,1048,-0.44755244755244755
DES_ETA,primary,1049,0.17482517482517482
DES_ETA,primary,1050,0.21678321678321685
DES_ETA,primary,1051,-0.5874125874125875
DES_ETA,primary,1052,0.1958041958041958
DES_ETA,primary,1053,-0.3916083916083916
DES_ETA,primary,1054,0.38461538461538464
DES_ETA,primary,1055,-0.05594405594405599
DES_ETA,primary,1056,-0.6853146853146854
DES_ETA,primary,1057,-0.16083916083916083
DES_ETA,primary,1058,-0.27272727272727276
DES_ETA,primary,1059,-0.36363636363636376
DES_ETA,primary,1060,-0.11188811188811186
DES_ETA,primary,1061,-0.15384615384615383
DES_ETA,primary,1062,-0.16783216783216784
DES_ETA,primary,1063,-0.2797202797202798
DES_ETA,primary,1064,-0.3286713286713287
DES_ETA,primary,1065,-0.6153846153846153
DES_ETA,primary,1066,0.02797202797202794
DES_ETA,primary,1067,0.2307692307692308
DES_ETA,primary,1068,-0.03496503496503492
DES_ETA,primary,1069,-0.45454545454545464
DES_ETA,primary,1070,-0.13286713286713284
DES_ETA,primary,1071,-0.15384615384615388
DES_ETA,primary,1072,-0.16083916083916092
DES_ETA,primary,1073,-0.048951048951048966
DES_ETA,primary,1074,0.5174825174825176
DES_ETA,primary,1075,0.30769230769230776
DES_ETA,primary,1076,-0.16083916083916092
DES_ETA,primary,1077,-0.35664335664335667
DES_ETA,primary,1078,0.15384615384615385
DES_ETA,primary,1079,0.18881118881118883
DES_ETA,primary,1080,-0.2167832167832168
DES_ETA,primary,1081,0.15384615384615383
DES_ETA,primary,1082,0.2237762237762239
DES_ETA,primary,1083,-0.3216783216783218
DES_ETA,primary,1084,-0.06293706293706294
DES_ETA,primary,1085,-0.02797202797202798
DES_ETA,primary,1086,0.3496503496503498
DES_ETA,primary,1087,-0.3356643356643358
DES_ETA,primary,1088,-0.32867132867132876
DES_ETA,primary,1089,-0.055944055944055944
DES_ETA,primary,1090,0.11188811188811189
DES_ETA,primary,1091,-0.19580419580419586
DES_ETA,primary,1092,0.04895104895104895
DES_ETA,primary,1093,-0.20279720279720284
DES_ETA,primary,1094,-0.6923076923076925
DES_ETA,primary,1095,-0.020979020979021
DES_ETA,primary,1096,0.2587412587412588
DES_ETA,primary,1097,-0.2167832167832168
DES_ETA,primary,1098,-0.006993006993007013
DES_ETA,primary,1099,0.013986013986013996
DES_ETA,primary,1100,0.05594405594405596
DES_ETA,primary,1101,-0.5034965034965037
DES_ETA,primary,1102,-0.2797202797202798
DES_ETA,primary,1103,0.37762237762237766
DES_ETA,primary,1104,0.07692307692307697
DES_ETA,primary,1105,0.2167832167832168
DES_ETA,primary,1106,0.45454545454545464
DES_ETA,primary,1107,0.3286713286713287
DES_ETA,primary,1108,-0.006993006993007006
DES_ETA,primary,1109,-0.2867132867132867
DES_ETA,primary,1110,-0.29370629370629375
DES_ETA,primary,1111,-0.22377622377622383
DES_ETA,primary,1112,0.10489510489510485
DES_ETA,primary,1113,0.18181818181818188
DES_ETA,primary,1114,-0.27272727272727276
DES_ETA,primary,1115,-0.6713286713286714
DES_ETA,primary,1116,0.19580419580419586
DES_ETA,primary,1117,-0.5454545454545455
DES_ETA,primary,1118,0.25174825174825183
DES_ETA,primary,1119,0.10489510489510491
DES_ETA,primary,1120,0.34965034965034975
DES_ETA,primary,1121,0.08391608391608389
DES_ETA,primary,1122,0.15384615384615388
DES_ETA,primary,1123,-0.1398601398601399
DES_ETA,primary,1124,0.12587412587412591
DES_ETA,primary,1125,-0.4965034965034966
DES_ETA,primary,1126,-0.5104895104895106
DES_ETA,primary,1127,-0.2797202797202798
DES_ETA,primary,1128,-0.03496503496503495
DES_ETA,primary,1129,0.12587412587412586
DES_ETA,primary,1130,-0.013986013986013993
DES_ETA,primary,1131,0.6433566433566434
DES_ETA,primary,1132,-0.09090909090909094
DES_ETA,primary,1133,-0.006993006993006989
DES_ETA,primary,1134,0.11188811188811193
DES_ETA,primary,1135,0.23076923076923084
DES_ETA,primary,1136,-0.34965034965034975
DES_ETA,primary,1137,0.0769230769230769
DES_ETA,primary,1138,-0.027972027972027986
DES_ETA,primary,1139,0.19580419580419592
DES_ETA,primary,1140,0.5454545454545455
DES_ETA,primary,1141,0.18181818181818188
DES_ETA,primary,1142,-0.38461538461538475
DES_ETA,primary,1143,0.29370629370629375
DES_ETA,primary,1144,-0.14685314685314688
DES_ETA,primary,1145,-0.20279720279720284
DES_ETA,primary,1146,0.2167832167832168
DES_ETA,primary,1147,0.11188811188811199
DES_ETA,primary,1148,-0.11188811188811192
DES_ETA,primary,1149,0.07692307692307691
DES_ETA,primary,1150,0.39160839160839167
DES_ETA,primary,1151,0.22377622377622375
DES_ETA,primary,1152,0.17482517482517487
DES_ETA,primary,1153,-0.20279720279720284
DES_ETA,primary,1154,-0.09090909090909098
DES_ETA,primary,1155,0.4055944055944058
DES_ETA,primary,1156,-0.7412587412587414
DES_ETA,primary,1157,-0.32867132867132876
DES_ETA,primary,1158,-0.0909090909090909
DES_ETA,primary,1159,0.3776223776223777
DES_ETA,primary,1160,0.11888111888111892
DES_ETA,primary,1161,-0.2937062937062937
DES_ETA,primary,1162,-0.15384615384615385
DES_ETA,primary,1163,-0.4685314685314687
DES_ETA,primary,1164,-0.04895104895104896
DES_ETA,primary,1165,0.1328671328671329
DES_ETA,primary,1166,0.07692307692307691
DES_ETA,primary,1167,0.17482517482517487
DES_ETA,primary,1168,0.04895104895104896
DES_ETA,primary,1169,0.27272727272727276
DES_ETA,primary,1170,-0.06293706293706294
DES_ETA,primary,1171,0.34965034965034975
DES_ETA,primary,1172,-0.4545454545454546
DES_ETA,primary,1173,0.3986013986013987
DES_ETA,primary,1174,-0.27272727272727276
DES_ETA,primary,1175,0.11188811188811187
DES_ETA,primary,1176,-0.2097902097902098
DES_ETA,primary,1177,-0.5804195804195805
DES_ETA,primary,1178,-0.23776223776223782
DES_ETA,primary,1179,-0.4335664335664336
DES_ETA,primary,1180,0.48251748251748267
DES_ETA,primary,1181,0.38461538461538464
DES_ETA,primary,1182,0.2587412587412588
DES_ETA,primary,1183,0.19580419580419584
DES_ETA,primary,1184,-0.13986013986013993
DES_ETA,primary,1185,-0.5874125874125876
DES_ETA,primary,1186,0.30769230769230776
DES_ETA,primary,1187,-0.041958041958041974
DES_ETA,primary,1188,-0.41258741258741277
DES_ETA,primary,1189,-0.3356643356643358
DES_ETA,primary,1190,0.04195804195804193
DES_ETA,primary,1191,-0.09090909090909094
DES_ETA,primary,1192,0.19580419580419584
DES_ETA,primary,1193,0.041958041958041974
DES_ETA,primary,1194,0.35664335664335667
DES_ETA,primary,1195,-0.44755244755244766
DES_ETA,primary,1196,0.17482517482517487
DES_ETA,primary,1197,0.10489510489510485
DES_ETA,primary,1198,-0.10489510489510491
DES_ETA,primary,1199,-0.18181818181818185
DES_ETA,primary,1200,0.5384615384615385
DES_ETA,primary,1201,-0.04195804195804195
DES_ETA,primary,1202,0.09090909090909095
DES_ETA,primary,1203,0.034965034965034975
DES_ETA,primary,1204,-0.11888111888111896
DES_ETA,primary,1205,0.7902097902097904
DES_ETA,primary,1206,0.5734265734265735
DES_ETA,primary,1207,-0.6433566433566433
DES_ETA,primary,1208,-0.28671328671328683
DES_ETA,primary,1209,-0.2657342657342658
DES_ETA,primary,1210,0.31468531468531474
DES_ETA,primary,1211,0.28671328671328683
DES_ETA,primary,1212,-0.07692307692307693
DES_ETA,primary,1213,0.3566433566433567
DES_ETA,primary,1214,-0.20979020979020982
DES_ETA,primary,1215,0.006993006993007041
DES_ETA,primary,1216,0.2797202797202798
DES_ETA,primary,1217,0.08391608391608397
DES_ETA,primary,1218,0.31468531468531474
DES_ETA,primary,1219,0.10489510489510494
DES_ETA,primary,1220,-0.2657342657342658
DES_ETA,primary,1221,-0.055944055944055986
DES_ETA,primary,1222,-0.3986013986013986
DES_ETA,primary,1223,-0.23776223776223782
DES_ETA,primary,1224,-0.28671328671328683
DES_ETA,primary,1225,0.4965034965034967
DES_ETA,primary,1226,-0.04195804195804195
DES_ETA,primary,1227,-0.3356643356643358
DES_ETA,primary,1228,-0.07692307692307697
DES_ETA,primary,1229,-0.5104895104895105
DES_ETA,primary,1230,0.05594405594405594
DES_ETA,primary,1231,-0.2657342657342658
DES_ETA,primary,1232,-0.48251748251748267
DES_ETA,primary,1233,0.16083916083916092
DES_ETA,primary,1234,0.18881118881118883
DES_ETA,primary,1235,0.18881118881118883
DES_ETA,primary,1236,-0.09790209790209792
DES_ETA,primary,1237,-0.16783216783216784
DES_ETA,primary,1238,0.41958041958041975
DES_ETA,primary,1239,0.27972027972027974
DES_ETA,primary,1240,0.31468531468531474
DES_ETA,primary,1241,0.31468531468531474
DES_ETA,primary,1242,-0.3986013986013987
DES_ETA,primary,1243,-0.12587412587412591
DES_ETA,primary,1244,0.16783216783216792
DES_ETA,primary,1245,0.20279720279720279
DES_ETA,primary,1246,-0.6153846153846155
DES_ETA,primary,1247,0.027972027972027996
DES_ETA,primary,1248,-0.055944055944055965
DES_ETA,primary,1249,-0.15384615384615388
DES_ETA,primary,1250,0.20279720279720284
DES_ETA,primary,1251,-0.06993006993006994
DES_ETA,primary,1252,0.2517482517482517
DES_ETA,primary,1253,0.5104895104895106
DES_ETA,primary,1254,-0.2867132867132867
DES_ETA,primary,1255,0.4405594405594407
DES_ETA,primary,1256,-0.19580419580419586
DES_ETA,primary,1257,0.08391608391608392
DES_ETA,primary,1258,-0.2937062937062937
DES_ETA,primary,1259,0.20279720279720279
DES_ETA,primary,1260,-0.055944055944055916
DES_ETA,primary,1261,0.013986013986013979
DES_ETA,primary,1262,0.06993006993006998
DES_ETA,primary,1263,0.08391608391608397
DES_ETA,primary,1264,-0.2587412587412588
DES_ETA,primary,1265,0.2867132867132868
DES_ETA,primary,1266,0.20979020979020988
DES_ETA,primary,1267,0.08391608391608392
DES_ETA,primary,1268,0.31468531468531474
DES_ETA,primary,1269,0.2237762237762239
DES_ETA,primary,1270,0.041958041958042
DES_ETA,primary,1271,0.17482517482517482
DES_ETA,primary,1272,-0.00699300699300696
DES_ETA,primary,1273,-0.34265734265734277
DES_ETA,primary,1274,-0.34965034965034975
DES_ETA,primary,1275,-0.24475524475524482
DES_ETA,primary,1276,-0.2027972027972028
DES_ETA,primary,1277,0.12587412587412594
DES_ETA,primary,1278,0.013986013986013972
DES_ETA,primary,1279,0.18881118881118886
DES_ETA,primary,1280,-0.5174825174825176
DES_ETA,primary,1281,-0.2657342657342658
DES_ETA,primary,1282,0.44055944055944063
DES_ETA,primary,1283,-0.23076923076923087
DES_ETA,primary,1284,0.34965034965034975
DES_ETA,primary,1285,-0.31468531468531474
DES_ETA,primary,1286,0.06993006993006994
DES_ETA,primary,1287,0.18881118881118886
DES_ETA,primary,1288,0.34965034965034975
DES_ETA,primary,1289,-0.15384615384615388
DES_ETA,primary,1290,0.44755244755244766
DES_ETA,primary,1291,-0.12587412587412586
DES_ETA,primary,1292,-0.15384615384615385
DES_ETA,primary,1293,0.11888111888111891
DES_ETA,primary,1294,0.32867132867132876
DES_ETA,primary,1295,0.29370629370629375
DES_ETA,primary,1296,-0.2867132867132867
DES_ETA,primary,1297,0.013986013986013963
DES_ETA,primary,1298,0.2027972027972028
DES_ETA,primary,1299,-0.21678321678321688
DES_ETA,primary,1300,-0.30769230769230776
DES_ETA,primary,1301,0.1608391608391609
DES_ETA,primary,1302,-0.2237762237762239
DES_ETA,primary,1303,0.4265734265734267
DES_ETA,primary,1304,0.3286713286713287
DES_ETA,primary,1305,-0.11188811188811187
DES_ETA,primary,1306,0.06993006993006996
DES_ETA,primary,1307,0.1328671328671329
DES_ETA,primary,1308,-0.17482517482517487
DES_ETA,primary,1309,-0.08391608391608396
DES_ETA,primary,1310,0.1678321678321679
DES_ETA,primary,1311,0.05594405594405589
DES_ETA,primary,1312,0.03496503496503498
DES_ETA,primary,1313,0.06993006993006991
DES_ETA,primary,1314,0.19580419580419584
DES_ETA,primary,1315,0.1258741258741259
DES_ETA,primary,1316,-0.15384615384615385
DES_ETA,primary,1317,-0.5384615384615387
DES_ETA,primary,1318,-0.3566433566433567
DES_ETA,primary,1319,0.10489510489510488
DES_ETA,primary,1320,-0.20979020979020988
DES_ETA,primary,1321,0.1748251748251749
DES_ETA,primary,1322,-0.08391608391608396
DES_ETA,primary,1323,-0.06293706293706293
DES_ETA,primary,1324,0.18181818181818188
DES_ETA,primary,1325,0.06993006993006999
DES_ETA,primary,1326,-0.28671328671328683
DES_ETA,primary,1327,0.2517482517482518
DES_ETA,primary,1328,-0.6293706293706295
DES_ETA,primary,1329,0.23076923076923084
DES_ETA,primary,1330,-0.6433566433566434
DES_ETA,primary,1331,-0.04195804195804199
DES_ETA,primary,1332,0.34965034965034975
DES_ETA,primary,1333,-0.2937062937062938
DES_ETA,primary,1334,0.04895104895104895
DES_ETA,primary,1335,-0.3566433566433567
DES_ETA,primary,1336,-0.30769230769230765
DES_ETA,primary,1337,0.4265734265734266
DES_ETA,primary,1338,-0.2797202797202798
DES_ETA,primary,1339,0.20979020979020988
DES_ETA,primary,1340,0.18181818181818188
DES_ETA,primary,1341,0.12587412587412591
DES_ETA,primary,1342,0.1188811188811189
DES_ETA,primary,1343,-0.5734265734265737
DES_ETA,primary,1344,-0.006993006993007006
DES_ETA,primary,1345,-0.27972027972027974
DES_ETA,primary,1346,0.4335664335664336
DES_ETA,primary,1347,0.23076923076923084
DES_ETA,primary,1348,0.05594405594405593
DES_ETA,primary,1349,-0.055944055944055944
DES_ETA,primary,1350,-0.3216783216783217
DES_ETA,primary,1351,0.4965034965034965
DES_ETA,primary,1352,0.16083916083916092
DES_ETA,primary,1353,-0.4335664335664337
DES_ETA,primary,1354,-0.34965034965034975
DES_ETA,primary,1355,-0.2937062937062938
DES_ETA,primary,1356,0.07692307692307689
DES_ETA,primary,1357,-0.34265734265734277
DES_ETA,primary,1358,0.1398601398601399
DES_ETA,primary,1359,0.26573426573426584
DES_ETA,primary,1360,-0.4265734265734266
DES_ETA,primary,1361,-7.401486830834377e-17
DES_ETA,primary,1362,-0.027972027972028007
DES_ETA,primary,1363,-0.2657342657342658
DES_ETA,primary,1364,-0.020979020979021035
DES_ETA,primary,1365,-0.22377622377622386
DES_ETA,primary,1366,0.2167832167832168
DES_ETA,primary,1367,0.1958041958041958
DES_ETA,primary,1368,0.5314685314685316
DES_ETA,primary,1369,0.11188811188811192
DES_ETA,primary,1370,-0.2377622377622378
DES_ETA,primary,1371,-0.6013986013986015
DES_ETA,primary,1372,0.31468531468531474
DES_ETA,primary,1373,0.1468531468531469
DES_ETA,primary,1374,0.30769230769230776
DES_ETA,primary,1375,-0.16083916083916083
DES_ETA,primary,1376,-0.20279720279720279
DES_ETA,primary,1377,-0.22377622377622383
DES_ETA,primary,1378,-0.35664335664335667
DES_ETA,primary,1379,-0.6783216783216784
DES_ETA,primary,1380,0.062937062937063
DES_ETA,primary,1381,0.1468531468531469
DES_ETA,primary,1382,-0.25174825174825183
DES_ETA,primary,1383,0.5524475524475526
DES_ETA,primary,1384,-0.15384615384615388
DES_ETA,primary,1385,-0.5384615384615385
DES_ETA,primary,1386,0.27272727272727276
DES_ETA,primary,1387,-0.2937062937062938
DES_ETA,primary,1388,0.055944055944055944
DES_ETA,primary,1389,-0.23776223776223784
DES_ETA,primary,1390,-0.48951048951048964
DES_ETA,primary,1391,0.055944055944055986
DES_ETA,primary,1392,-0.05594405594405596
DES_ETA,primary,1393,0.34965034965034975
DES_ETA,primary,1394,4.625929269271486e-17
DES_ETA,primary,1395,-0.2517482517482518
DES_ETA,primary,1396,0.31468531468531474
DES_ETA,primary,1397,-0.11188811188811193
DES_ETA,primary,1398,0.6853146853146854
DES_ETA,primary,1399,-0.04195804195804196
DES_ETA,primary,1400,-0.048951048951048924
DES_ETA,primary,1401,-0.25174825174825183
DES_ETA,primary,1402,0.3636363636363637
DES_ETA,primary,1403,0.6013986013986014
DES_ETA,primary,1404,-0.5594405594405595
DES_ETA,primary,1405,0.15384615384615388
DES_ETA,primary,1406,0.12587412587412583
DES_ETA,primary,1407,-0.16083916083916092
DES_ETA,primary,1408,0.027972027972028
DES_ETA,primary,1409,-0.05594405594405594
DES_ETA,primary,1410,-0.20979020979020988
DES_ETA,primary,1411,-0.4615384615384616
DES_ETA,primary,1412,-0.013986013986014012
DES_ETA,primary,1413,0.2937062937062937
DES_ETA,primary,1414,0.18881118881118886
DES_ETA,primary,1415,-0.2027972027972029
DES_ETA,primary,1416,0.28671328671328683
DES_ETA,primary,1417,-0.2797202797202798
DES_ETA,primary,1418,-0.06993006993006994
DES_ETA,primary,1419,-0.16783216783216784
DES_ETA,primary,1420,0.4265734265734267
DES_ETA,primary,1421,-0.04895104895104896
DES_ETA,primary,1422,-0.23076923076923075
DES_ETA,primary,1423,0.020979020979020963
DES_ETA,primary,1424,0.3916083916083916
DES_ETA,primary,1425,-0.19580419580419575
DES_ETA,primary,1426,-0.13286713286713286
DES_ETA,primary,1427,0.23076923076923084
DES_ETA,primary,1428,-0.12587412587412586
DES_ETA,primary,1429,0.4615384615384615
DES_ETA,primary,1430,0.10489510489510485
DES_ETA,primary,1431,0.5174825174825176
DES_ETA,primary,1432,0.23076923076923084
DES_ETA,primary,1433,0.4335664335664337
DES_ETA,primary,1434,-0.11888111888111892
DES_ETA,primary,1435,0.4965034965034967
DES_ETA,primary,1436,0.3986013986013986
DES_ETA,primary,1437,0.3636363636363637
DES_ETA,primary,1438,0.0069930069930070095
DES_ETA,primary,1439,0.12587412587412591
DES_ETA,primary,1440,-0.2587412587412588
DES_ETA,primary,1441,-0.23076923076923075
DES_ETA,primary,1442,0.07692307692307697
DES_ETA,primary,1443,0.013986013986013937
DES_ETA,primary,1444,-0.6223776223776225
DES_ETA,primary,1445,0.3216783216783217
DES_ETA,primary,1446,-0.09790209790209801
DES_ETA,primary,1447,-0.041958041958041946
DES_ETA,primary,1448,0.5174825174825176
DES_ETA,primary,1449,0.16083916083916086
DES_ETA,primary,1450,-0.3776223776223777
DES_ETA,primary,1451,-0.4965034965034966
DES_ETA,primary,1452,-0.4755244755244756
DES_ETA,primary,1453,0.12587412587412591
DES_ETA,primary,1454,-0.2167832167832169
DES_ETA,primary,1455,-0.23776223776223784
DES_ETA,primary,1456,-0.06993006993006996
DES_ETA,primary,1457,0.6293706293706295
DES_ETA,primary,1458,0.09090909090909094
DES_ETA,primary,1459,-0.08391608391608395
DES_ETA,primary,1460,0.13286713286713278
DES_ETA,primary,1461,-0.22377622377622383
DES_ETA,primary,1462,-0.2937062937062938
DES_ETA,primary,1463,-0.04895104895104894
DES_ETA,primary,1464,-0.3356643356643357
DES_ETA,primary,1465,-0.13286713286713284
DES_ETA,primary,1466,-0.020979020979020973
DES_ETA,primary,1467,0.45454545454545464
DES_ETA,primary,1468,0.27272727272727276
DES_ETA,primary,1469,-0.22377622377622386
DES_ETA,primary,1470,-0.17482517482517487
DES_ETA,primary,1471,-0.027972027972027996
DES_ETA,primary,1472,2.0816681711721685e-17
DES_ETA,primary,1473,0.36363636363636376
DES_ETA,primary,1474,0.19580419580419586
DES_ETA,primary,1475,-0.006993006993006962
DES_ETA,primary,1476,-0.5804195804195805
DES_ETA,primary,1477,-0.12587412587412586
DES_ETA,primary,1478,-0.4965034965034965
DES_ETA,primary,1479,0.2097902097902099
DES_ETA,primary,1480,-0.18181818181818185
DES_ETA,primary,1481,-0.013986013986013955
DES_ETA,primary,1482,0.013986013986013958
DES_ETA,primary,1483,0.04895104895104895
DES_ETA,primary,1484,0.25174825174825183
DES_ETA,primary,1485,-0.8181818181818183
DES_ETA,primary,1486,-0.1188811188811189
DES_ETA,primary,1487,-0.5244755244755246
DES_ETA,primary,1488,0.13286713286713292
DES_ETA,primary,1489,-0.2307692307692308
DES_ETA,primary,1490,0.020979020979020987
DES_ETA,primary,1491,-0.2447552447552448
DES_ETA,primary,1492,0.22377622377622383
DES_ETA,primary,1493,-0.03496503496503497
DES_ETA,primary,1494,0.15384615384615385
DES_ETA,primary,1495,0.06293706293706293
DES_ETA,primary,1496,-0.18881118881118883
DES_ETA,primary,1497,0.13986013986013987
DES_ETA,primary,1498,-0.4335664335664336
DES_ETA,primary,1499,0.04895104895104895
DES_ETA,primary,1500,0.37762237762237777
DES_ETA,primary,1501,0.17482517482517482
DES_ETA,primary,1502,0.3986013986013986
DES_ETA,primary,1503,0.2307692307692308
DES_ETA,primary,1504,-0.30769230769230776
DES_ETA,primary,1505,-0.027972027972027923
DES_ETA,primary,1506,0.5384615384615385
DES_ETA,primary,1507,0.006993006993007006
DES_ETA,primary,1508,-0.2587412587412587
DES_ETA,primary,1509,-0.6923076923076925
DES_ETA,primary,1510,0.07692307692307693
DES_ETA,primary,1511,-0.027972027972028014
DES_ETA,primary,1512,0.3986013986013987
DES_ETA,primary,1513,-0.1398601398601399
DES_ETA,primary,1514,2.3129646346357427e-18
DES_ETA,primary,1515,-0.11888111888111891
DES_ETA,primary,1516,0.4405594405594407
DES_ETA,primary,1517,-0.17482517482517482
DES_ETA,primary,1518,-0.4685314685314686
DES_ETA,primary,1519,0.18881118881118886
DES_ETA,primary,1520,0.13286713286713292
DES_ETA,primary,1521,0.4965034965034965
DES_ETA,primary,1522,0.11188811188811187
DES_ETA,primary,1523,-0.4755244755244756
DES_ETA,primary,1524,0.03496503496503501
DES_ETA,primary,1525,-0.47552447552447563
DES_ETA,primary,1526,0.06993006993006994
DES_ETA,primary,1527,-0.4685314685314686
DES_ETA,primary,1528,0.23076923076923084
DES_ETA,primary,1529,0.34965034965034975
DES_ETA,primary,1530,0.08391608391608392
DES_ETA,primary,1531,0.3006993006993008
DES_ETA,primary,1532,-0.09090909090909094
DES_ETA,primary,1533,-0.41958041958041975
DES_ETA,primary,1534,-0.02797202797202793
DES_ETA,primary,1535,-0.2167832167832168
DES_ETA,primary,1536,-0.020979020979021
DES_ETA,primary,1537,-0.3216783216783217
DES_ETA,primary,1538,-0.006993006993006965
DES_ETA,primary,1539,-0.11188811188811192
DES_ETA,primary,1540,0.15384615384615385
DES_ETA,primary,1541,-0.11888111888111892
DES_ETA,primary,1542,-0.04895104895104891
DES_ETA,primary,1543,0.06993006993006996
DES_ETA,primary,1544,-0.18181818181818188
DES_ETA,primary,1545,-0.7482517482517484
DES_ETA,primary,1546,-1.1564823173178714e-17
DES_ETA,primary,1547,-0.12587412587412594
DES_ETA,primary,1548,-0.034965034965034954
DES_ETA,primary,1549,0.08391608391608392
DES_ETA,primary,1550,-0.0069930069930070025
DES_ETA,primary,1551,-0.31468531468531474
DES_ETA,primary,1552,0.5314685314685317
DES_ETA,primary,1553,0.6223776223776225
DES_ETA,primary,1554,-0.13286713286713295
DES_ETA,primary,1555,-0.09790209790209796
DES_ETA,primary,1556,0.02797202797202795
DES_ETA,primary,1557,-0.13986013986013987
DES_ETA,primary,1558,0.5664335664335665
DES_ETA,primary,1559,-0.37762237762237766
DES_ETA,primary,1560,0.22377622377622378
DES_ETA,primary,1561,-0.15384615384615383
DES_ETA,primary,1562,0.5734265734265737
DES_ETA,primary,1563,-0.02097902097902098
DES_ETA,primary,1564,-0.14685314685314688
DES_ETA,primary,1565,-0.16783216783216784
DES_ETA,primary,1566,0.09790209790209788
DES_ETA,primary,1567,0.5804195804195805
DES_ETA,primary,1568,-0.041958041958041904
DES_ETA,primary,1569,-0.2867132867132868
DES_ETA,primary,1570,0.18181818181818188
DES_ETA,primary,1571,-0.36363636363636376
DES_ETA,primary,1572,0.8321678321678324
DES_ETA,primary,1573,0.2867132867132867
DES_ETA,primary,1574,0.19580419580419584
DES_ETA,primary,1575,0.5594405594405596
DES_ETA,primary,1576,0.22377622377622378
DES_ETA,primary,1577,0.1678321678321678
DES_ETA,primary,1578,0.02797202797202804
DES_ETA,primary,1579,-0.4965034965034965
DES_ETA,primary,1580,-0.04895104895104898
DES_ETA,primary,1581,0.4965034965034967
DES_ETA,primary,1582,0.2097902097902098
DES_ETA,primary,1583,-0.2657342657342658
DES_ETA,primary,1584,-0.04895104895104896
DES_ETA,primary,1585,0.006993006993006975
DES_ETA,primary,1586,-0.3356643356643358
DES_ETA,primary,1587,0.048951048951048994
DES_ETA,primary,1588,-0.47552447552447563
DES_ETA,primary,1589,-0.44055944055944063
DES_ETA,primary,1590,0.12587412587412594
DES_ETA,primary,1591,-0.16083916083916086
DES_ETA,primary,1592,0.37762237762237766
DES_ETA,primary,1593,-0.3356643356643358
DES_ETA,primary,1594,-0.5454545454545455
DES_ETA,primary,1595,-0.5104895104895106
DES_ETA,primary,1596,-0.20979020979020982
DES_ETA,primary,1597,-0.3986013986013986
DES_ETA,primary,1598,-0.20279720279720284
DES_ETA,primary,1599,0.006993006993007013
DES_ETA,primary,1600,-0.13286713286713295
DES_ETA,primary,1601,-0.0909090909090909
DES_ETA,primary,1602,-0.44755244755244766
DES_ETA,primary,1603,-0.25174825174825183
DES_ETA,primary,1604,0.10489510489510488
DES_ETA,primary,1605,-0.3356643356643358
DES_ETA,primary,1606,0.5594405594405596
DES_ETA,primary,1607,-0.5384615384615387
DES_ETA,primary,1608,0.10489510489510495
DES_ETA,primary,1609,0.16083916083916086
DES_ETA,primary,1610,0.048951048951048966
DES_ETA,primary,1611,-0.6363636363636366
DES_ETA,primary,1612,0.23076923076923087
DES_ETA,primary,1613,-0.27972027972027974
DES_ETA,primary,1614,-0.19580419580419584
DES_ETA,primary,1615,0.16783216783216784
DES_ETA,primary,1616,-0.24475524475524477
DES_ETA,primary,1617,0.006993006993006985
DES_ETA,primary,1618,0.19580419580419586
DES_ETA,primary,1619,0.1958041958041958
DES_ETA,primary,1620,0.04195804195804195
DES_ETA,primary,1621,0.3356643356643357
DES_ETA,primary,1622,0.1048951048951049
DES_ETA,primary,1623,0.5454545454545455
DES_ETA,primary,1624,0.3356643356643357
DES_ETA,primary,1625,-0.19580419580419584
DES_ETA,primary,1626,-0.4195804195804196
DES_ETA,primary,1627,0.18881118881118886
DES_ETA,primary,1628,0.1048951048951049
DES_ETA,primary,1629,0.013986013986013957
DES_ETA,primary,1630,-0.39160839160839167
DES_ETA,primary,1631,-0.17482517482517482
DES_ETA,primary,1632,-0.5874125874125876
DES_ETA,primary,1633,0.3986013986013987
DES_ETA,primary,1634,0.1468531468531469
DES_ETA,primary,1635,0.1678321678321679
DES_ETA,primary,1636,-0.4265734265734267
DES_ETA,primary,1637,0.3146853146853148
DES_ETA,primary,1638,-0.11188811188811192
DES_ETA,primary,1639,0.2097902097902098
DES_ETA,primary,1640,0.2867132867132867
DES_ETA,primary,1641,-0.17482517482517487
DES_ETA,primary,1642,0.1678321678321678
DES_ETA,primary,1643,0.30769230769230776
DES_ETA,primary,1644,0.36363636363636376
DES_ETA,primary,1645,0.04895104895104899
DES_ETA,primary,1646,-0.18181818181818188
DES_ETA,primary,1647,0.1328671328671329
DES_ETA,primary,1648,0.0769230769230769
DES_ETA,primary,1649,0.48251748251748255
DES_ETA,primary,1650,0.32167832167832183
DES_ETA,primary,1651,-0.24475524475524482
DES_ETA,primary,1652,0.3006993006993008
DES_ETA,primary,1653,0.05594405594405593
DES_ETA,primary,1654,0.21678321678321685
DES_ETA,primary,1655,0.2167832167832168
DES_ETA,primary,1656,-0.6153846153846155
DES_ETA,primary,1657,-0.31468531468531474
DES_ETA,primary,1658,0.10489510489510491
DES_ETA,primary,1659,0.47552447552447563
DES_ETA,primary,1660,-0.4335664335664337
DES_ETA,primary,1661,-0.4615384615384616
DES_ETA,primary,1662,0.2657342657342658
DES_ETA,primary,1663,0.4265734265734267
DES_ETA,primary,1664,-0.5384615384615385
DES_ETA,primary,1665,-0.02797202797202797
DES_ETA,primary,1666,-0.13286713286713284
DES_ETA,primary,1667,-0.013986013986013976
DES_ETA,primary,1668,-0.17482517482517487
DES_ETA,primary,1669,0.06993006993006991
DES_ETA,primary,1670,-0.04895104895104898
DES_ETA,primary,1671,-0.3216783216783217
DES_ETA,primary,1672,0.35664335664335667
DES_ETA,primary,1673,0.19580419580419584
DES_ETA,primary,1674,-0.2377622377622379
DES_ETA,primary,1675,0.5244755244755246
DES_ETA,primary,1676,-0.23076923076923084
DES_ETA,primary,1677,0.2167832167832168
DES_ETA,primary,1678,0.11888111888111895
DES_ETA,primary,1679,0.2447552447552448
DES_ETA,primary,1680,-0.1328671328671329
DES_ETA,primary,1681,0.34965034965034963
DES_ETA,primary,1682,-0.3426573426573427
DES_ETA,primary,1683,0.03496503496503501
DES_ETA,primary,1684,0.11888111888111891
DES_ETA,primary,1685,-0.1468531468531469
DES_ETA,primary,1686,-0.16783216783216792
DES_ETA,primary,1687,-0.48251748251748255
DES_ETA,primary,1688,0.1258741258741259
DES_ETA,primary,1689,0.14685314685314688
DES_ETA,primary,1690,-0.4965034965034967
DES_ETA,primary,1691,-0.0699300699300699
DES_ETA,primary,1692,0.2867132867132867
DES_ETA,primary,1693,0.2587412587412588
DES_ETA,primary,1694,-0.013986013986013993
DES_ETA,primary,1695,-0.4405594405594407
DES_ETA,primary,1696,0.6503496503496504
DES_ETA,primary,1697,0.08391608391608392
DES_ETA,primary,1698,0.29370629370629386
DES_ETA,primary,1699,-0.4545454545454546
DES_ETA,primary,1700,-0.1748251748251749
DES_ETA,primary,1701,-0.3986013986013986
DES_ETA,primary,1702,-0.2727272727272729
DES_ETA,primary,1703,0.4335664335664336
DES_ETA,primary,1704,0.23076923076923084
DES_ETA,primary,1705,0.6363636363636365
DES_ETA,primary,1706,0.4265734265734266
DES_ETA,primary,1707,0.23776223776223784
DES_ETA,primary,1708,0.23776223776223782
DES_ETA,primary,1709,0.36363636363636376
DES_ETA,primary,1710,0.41258741258741266
DES_ETA,primary,1711,0.23076923076923084
DES_ETA,primary,1712,-0.055944055944055916
DES_ETA,primary,1713,-0.09090909090909098
DES_ETA,primary,1714,0.027972027972027937
DES_ETA,primary,1715,-0.13286713286713292
DES_ETA,primary,1716,-0.13986013986013987
DES_ETA,primary,1717,0.11188811188811194
DES_ETA,primary,1718,-0.14685314685314688
DES_ETA,primary,1719,-0.5454545454545455
DES_ETA,primary,1720,-0.32867132867132876
DES_ETA,primary,1721,2.544261098099317e-17
DES_ETA,primary,1722,0.26573426573426584
DES_ETA,primary,1723,-0.23776223776223784
DES_ETA,primary,1724,0.034965034965034975
DES_ETA,primary,1725,0.6223776223776224
DES_ETA,primary,1726,0.38461538461538464
DES_ETA,primary,1727,0.15384615384615388
DES_ETA,primary,1728,-0.13986013986013984
DES_ETA,primary,1729,-0.03496503496503497
DES_ETA,primary,1730,-0.055944055944055916
DES_ETA,primary,1731,-0.20279720279720279
DES_ETA,primary,1732,-0.3566433566433567
DES_ETA,primary,1733,0.6993006993006996
DES_ETA,primary,1734,-0.44055944055944063
DES_ETA,primary,1735,-0.2937062937062938
DES_ETA,primary,1736,0.32867132867132876
DES_ETA,primary,1737,0.06293706293706289
DES_ETA,primary,1738,-0.020979020979021
DES_ETA,primary,1739,-0.25174825174825183
DES_ETA,primary,1740,0.17482517482517487
DES_ETA,primary,1741,0.22377622377622386
DES_ETA,primary,1742,0.4965034965034965
DES_ETA,primary,1743,-0.20979020979020982
DES_ETA,primary,1744,0.19580419580419586
DES_ETA,primary,1745,0.5734265734265734
DES_ETA,primary,1746,-0.22377622377622386
DES_ETA,primary,1747,-1.850371707708594e-17
DES_ETA,primary,1748,0.2867132867132867
DES_ETA,primary,1749,-0.15384615384615383
DES_ETA,primary,1750,-0.2587412587412588
DES_ETA,primary,1751,0.08391608391608397
DES_ETA,primary,1752,-0.02797202797202797
DES_ETA,primary,1753,0.39160839160839167
DES_ETA,primary,1754,0.12587412587412586
DES_ETA,primary,1755,-0.07692307692307684
DES_ETA,primary,1756,0.3426573426573427
DES_ETA,primary,1757,0.32867132867132876
DES_ETA,primary,1758,0.4265734265734267
DES_ETA,primary,1759,0.03496503496503499
DES_ETA,primary,1760,-0.5384615384615385
DES_ETA,primary,1761,-0.25174825174825183
DES_ETA,primary,1762,0.5524475524475526
DES_ETA,primary,1763,0.20279720279720284
DES_ETA,primary,1764,0.08391608391608396
DES_ETA,primary,1765,-0.5454545454545455
DES_ETA,primary,1766,-0.20979020979020982
DES_ETA,primary,1767,-0.00699300699300696
DES_ETA,primary,1768,-0.19580419580419584
DES_ETA,primary,1769,-0.11188811188811193
DES_ETA,primary,1770,0.15384615384615385
DES_ETA,primary,1771,-0.3706293706293708
DES_ETA,primary,1772,0.1538461538461539
DES_ETA,primary,1773,-0.22377622377622386
DES_ETA,primary,1774,0.2167832167832168
DES_ETA,primary,1775,-0.4965034965034967
DES_ETA,primary,1776,0.1748251748251749
DES_ETA,primary,1777,0.013986013986013998
DES_ETA,primary,1778,-0.18881118881118886
DES_ETA,primary,1779,-0.2797202797202798
DES_ETA,primary,1780,0.04895104895104891
DES_ETA,primary,1781,0.1328671328671329
DES_ETA,primary,1782,0.08391608391608395
DES_ETA,primary,1783,0.16083916083916086
DES_ETA,primary,1784,-0.2797202797202798
DES_ETA,primary,1785,-0.3986013986013987
DES_ETA,primary,1786,0.4615384615384617
DES_ETA,primary,1787,-0.5314685314685316
DES_ETA,primary,1788,-0.2447552447552448
DES_ETA,primary,1789,-0.20279720279720279
DES_ETA,primary,1790,0.7552447552447554
DES_ETA,primary,1791,0.006993006993006969
DES_ETA,primary,1792,0.3636363636363637
DES_ETA,primary,1793,-0.27972027972027974
DES_ETA,primary,1794,0.08391608391608392
DES_ETA,primary,1795,-0.31468531468531474
DES_ETA,primary,1796,-0.1328671328671329
DES_ETA,primary,1797,-0.1398601398601399
DES_ETA,primary,1798,-0.1678321678321679
DES_ETA,primary,1799,0.23076923076923075
DES_ETA,primary,1800,0.06293706293706296
DES_ETA,primary,1801,-0.3916083916083916
DES_ETA,primary,1802,0.20279720279720279
DES_ETA,primary,1803,0.3146853146853148
DES_ETA,primary,1804,0.06993006993006991
DES_ETA,primary,1805,-0.6083916083916084
DES_ETA,primary,1806,0.3356643356643357
DES_ETA,primary,1807,0.006993006993007012
DES_ETA,primary,1808,0.07692307692307697
DES_ETA,primary,1809,0.2867132867132868
DES_ETA,primary,1810,-0.3216783216783217
DES_ETA,primary,1811,-0.39160839160839167
DES_ETA,primary,1812,0.4685314685314686
DES_ETA,primary,1813,0.2937062937062938
DES_ETA,primary,1814,-0.3216783216783218
DES_ETA,primary,1815,-0.12587412587412591
DES_ETA,primary,1816,0.1678321678321679
DES_ETA,primary,1817,0.27972027972027974
DES_ETA,primary,1818,0.23776223776223782
DES_ETA,primary,1819,-0.4965034965034965
DES_ETA,primary,1820,-0.38461538461538464
DES_ETA,primary,1821,0.6293706293706295
DES_ETA,primary,1822,-0.5524475524475525
DES_ETA,primary,1823,0.41258741258741266
DES_ETA,primary,1824,0.05594405594405603
DES_ETA,primary,1825,0.09090909090909087
DES_ETA,primary,1826,-0.5174825174825176
DES_ETA,primary,1827,0.23776223776223784
DES_ETA,primary,1828,-0.27272727272727276
DES_ETA,primary,1829,-0.1678321678321679
DES_ETA,primary,1830,-0.6293706293706295
DES_ETA,primary,1831,0.02097902097902098
DES_ETA,primary,1832,-0.17482517482517487
DES_ETA,primary,1833,0.18181818181818188
DES_ETA,primary,1834,0.006993006993006988
DES_ETA,primary,1835,-0.1398601398601399
DES_ETA,primary,1836,-0.6433566433566436
DES_ETA,primary,1837,0.30069930069930073
DES_ETA,primary,1838,0.2587412587412588
DES_ETA,primary,1839,0.38461538461538475
DES_ETA,primary,1840,-0.05594405594405594
DES_ETA,primary,1841,-0.4545454545454546
DES_ETA,primary,1842,0.06993006993007002
DES_ETA,primary,1843,0.09090909090909098
DES_ETA,primary,1844,-0.28671328671328683
DES_ETA,primary,1845,-0.13286713286713292
DES_ETA,primary,1846,-0.3286713286713287
DES_ETA,primary,1847,-0.44755244755244766
DES_ETA,primary,1848,-0.3636363636363637
DES_ETA,primary,1849,0.2797202797202798
DES_ETA,primary,1850,0.4055944055944057
DES_ETA,primary,1851,-0.6853146853146854
DES_ETA,primary,1852,0.11188811188811189
DES_ETA,primary,1853,0.5104895104895105
DES_ETA,primary,1854,0.16083916083916086
DES_ETA,primary,1855,0.013986013986014014
DES_ETA,primary,1856,0.5524475524475526
DES_ETA,primary,1857,-0.006993006993007055
DES_ETA,primary,1858,0.18181818181818185
DES_ETA,primary,1859,0.048951048951048994
DES_ETA,primary,1860,-0.3356643356643358
DES_ETA,primary,1861,0.03496503496503497
DES_ETA,primary,1862,-0.2447552447552448
DES_ETA,primary,1863,0.3356643356643358
DES_ETA,primary,1864,-0.21678321678321688
DES_ETA,primary,1865,0.034965034965035016
DES_ETA,primary,1866,-0.06293706293706294
DES_ETA,primary,1867,0.06293706293706297
DES_ETA,primary,1868,0.15384615384615388
DES_ETA,primary,1869,0.17482517482517487
DES_ETA,primary,1870,-0.04895104895104898
DES_ETA,primary,1871,0.41258741258741266
DES_ETA,primary,1872,-0.41258741258741266
DES_ETA,primary,1873,-0.2657342657342658
DES_ETA,primary,1874,-0.4265734265734267
DES_ETA,primary,1875,-0.5524475524475525
DES_ETA,primary,1876,0.27272727272727276
DES_ETA,primary,1877,0.16783216783216792
DES_ETA,primary,1878,0.4615384615384616
DES_ETA,primary,1879,-0.020979020979021035
DES_ETA,primary,1880,0.19580419580419584
DES_ETA,primary,1881,-0.23776223776223784
DES_ETA,primary,1882,0.48251748251748267
DES_ETA,primary,1883,0.36363636363636376
DES_ETA,primary,1884,0.2027972027972028
DES_ETA,primary,1885,-0.020979020979021008
DES_ETA,primary,1886,-0.34265734265734277
DES_ETA,primary,1887,0.09790209790209796
DES_ETA,primary,1888,0.07692307692307694
DES_ETA,primary,1889,-0.3916083916083917
DES_ETA,primary,1890,0.5104895104895105
DES_ETA,primary,1891,0.3006993006993008
DES_ETA,primary,1892,0.24475524475524488
DES_ETA,primary,1893,-0.5034965034965037
DES_ETA,primary,1894,0.44755244755244766
DES_ETA,primary,1895,-0.2027972027972028
DES_ETA,primary,1896,-0.006993006993007024
DES_ETA,primary,1897,-0.19580419580419584
DES_ETA,primary,1898,0.6573426573426576
DES_ETA,primary,1899,-0.2447552447552448
DES_ETA,primary,1900,0.013986013986013962
DES_ETA,primary,1901,-0.11188811188811193
DES_ETA,primary,1902,2.7755575615628914e-17
DES_ETA,primary,1903,-0.4055944055944057
DES_ETA,primary,1904,-0.3076923076923077
DES_ETA,primary,1905,0.09090909090909088
DES_ETA,primary,1906,-0.5244755244755247
DES_ETA,primary,1907,0.22377622377622383
DES_ETA,primary,1908,-0.4685314685314687
DES_ETA,primary,1909,-0.6713286713286716
DES_ETA,primary,1910,-0.19580419580419586
DES_ETA,primary,1911,-0.13986013986013993
DES_ETA,primary,1912,0.3706293706293706
DES_ETA,primary,1913,0.013986013986014033
DES_ETA,primary,1914,0.2517482517482518
DES_ETA,primary,1915,-0.21678321678321685
DES_ETA,primary,1916,0.18881118881118883
DES_ETA,primary,1917,-0.2377622377622378
DES_ETA,primary,1918,0.048951048951048966
DES_ETA,primary,1919,0.2027972027972029
DES_ETA,primary,1920,-0.04195804195804195
DES_ETA,primary,1921,0.25874125874125875
DES_ETA,primary,1922,-0.3706293706293707
DES_ETA,primary,1923,-0.006993006993007006
DES_ETA,primary,1924,-0.4545454545454546
DES_ETA,primary,1925,-0.7132867132867134
DES_ETA,primary,1926,-0.03496503496503503
DES_ETA,primary,1927,0.006993006993006995
DES_ETA,primary,1928,-0.3776223776223777
DES_ETA,primary,1929,2.3129646346357427e-18
DES_ETA,primary,1930,-0.5734265734265737
DES_ETA,primary,1931,0.2167832167832168
DES_ETA,primary,1932,-0.055944055944055944
DES_ETA,primary,1933,0.13986013986013987
DES_ETA,primary,1934,0.11188811188811194
DES_ETA,primary,1935,-0.08391608391608392
DES_ETA,primary,1936,0.3986013986013987
DES_ETA,primary,1937,0.3986013986013986
DES_ETA,primary,1938,-0.06993006993006991
DES_ETA,primary,1939,0.2097902097902099
DES_ETA,primary,1940,-0.04895104895104895
DES_ETA,primary,1941,0.38461538461538464
DES_ETA,primary,1942,-0.12587412587412591
DES_ETA,primary,1943,0.3566433566433567
DES_ETA,primary,1944,0.34265734265734277
DES_ETA,primary,1945,-0.16783216783216784
DES_ETA,primary,1946,-0.0069930069930070025
DES_ETA,primary,1947,-0.06993006993006999
DES_ETA,primary,1948,0.083916083916084
DES_ETA,primary,1949,-0.1678321678321679
DES_ETA,primary,1950,0.18881118881118883
DES_ETA,primary,1951,0.2517482517482518
DES_ETA,primary,1952,0.3216783216783217
DES_ETA,primary,1953,0.10489510489510491
DES_ETA,primary,1954,-0.34265734265734277
DES_ETA,primary,1955,0.45454545454545464
DES_ETA,primary,1956,0.2307692307692308
DES_ETA,primary,1957,0.39160839160839167
DES_ETA,primary,1958,0.46153846153846173
DES_ETA,primary,1959,-0.05594405594405594
DES_ETA,primary,1960,0.11188811188811189
DES_ETA,primary,1961,-0.2307692307692308
DES_ETA,primary,1962,-0.006993006993007002
DES_ETA,primary,1963,0.1048951048951049
DES_ETA,primary,1964,0.1748251748251748
DES_ETA,primary,1965,0.09090909090909093
DES_ETA,primary,1966,-0.013986013986013969
DES_ETA,primary,1967,0.35664335664335667
DES_ETA,primary,1968,0.4685314685314686
DES_ETA,primary,1969,-0.2657342657342658
DES_ETA,primary,1970,0.27272727272727276
DES_ETA,primary,1971,0.2797202797202798
DES_ETA,primary,1972,-0.5664335664335666
DES_ETA,primary,1973,0.41958041958041964
DES_ETA,primary,1974,-0.04895104895104895
DES_ETA,primary,1975,0.08391608391608392
DES_ETA,primary,1976,0.3706293706293707
DES_ETA,primary,1977,-0.6153846153846154
DES_ETA,primary,1978,-0.06993006993006998
DES_ETA,primary,1979,-0.006993006993006999
DES_ETA,primary,1980,0.1328671328671329
DES_ETA,primary,1981,0.11888111888111891
DES_ETA,primary,1982,0.13286713286713295
DES_ETA,primary,1983,-0.1468531468531469
DES_ETA,primary,1984,0.29370629370629375
DES_ETA,primary,1985,0.013986013986013955
DES_ETA,primary,1986,-0.11188811188811187
DES_ETA,primary,1987,0.47552447552447563
DES_ETA,primary,1988,-0.3566433566433567
DES_ETA,primary,1989,-0.23776223776223782
DES_ETA,primary,1990,-0.48951048951048964
DES_ETA,primary,1991,0.19580419580419584
DES_ETA,primary,1992,0.3706293706293706
DES_ETA,primary,1993,-0.15384615384615388
DES_ETA,primary,1994,0.006993006993006988
DES_ETA,primary,1995,0.11188811188811192
DES_ETA,primary,1996,0.11188811188811192
DES_ETA,primary,1997,-0.44755244755244766
DES_ETA,primary,1998,-0.3426573426573427
DES_ETA,primary,1999,-0.3426573426573427
DES_ETA,primary,2000,0.3356643356643357
DES_ETA,primary,2001,-0.16083916083916083
DES_ETA,primary,2002,-0.27272727272727276
DES_ETA,primary,2003,0.1188811188811189
DES_ETA,primary,2004,-0.2307692307692308
DES_ETA,primary,2005,0.16083916083916092
DES_ETA,primary,2006,-0.10489510489510491
DES_ETA,primary,2007,-0.1608391608391609
DES_ETA,primary,2008,0.16083916083916086
DES_ETA,primary,2009,-0.41258741258741266
DES_ETA,primary,2010,-0.5244755244755246
DES_ETA,primary,2011,9.25185853854297e-18
DES_ETA,primary,2012,-0.5944055944055946
DES_ETA,primary,2013,-0.09090909090909094
DES_ETA,primary,2014,0.21678321678321685
DES_ETA,primary,2015,0.5804195804195805
DES_ETA,primary,2016,0.6713286713286714
DES_ETA,primary,2017,0.5384615384615387
DES_ETA,primary,2018,0.2587412587412588
DES_ETA,primary,2019,0.020979020979021035
DES_ETA,primary,2020,-0.18881118881118886
DES_ETA,primary,2021,0.7202797202797204
DES_ETA,primary,2022,-0.47552447552447563
DES_ETA,primary,2023,-0.34965034965034975
DES_ETA,primary,2024,-0.24475524475524482
DES_ETA,primary,2025,0.07692307692307694
DES_ETA,primary,2026,-0.027972027972027965
DES_ETA,primary,2027,0.15384615384615385
DES_ETA,primary,2028,-0.2167832167832168
DES_ETA,primary,2029,0.32867132867132876
DES_ETA,primary,2030,0.3426573426573427
DES_ETA,primary,2031,-0.30069930069930073
DES_ETA,primary,2032,0.2727272727272729
DES_ETA,primary,2033,-0.41958041958041964
DES_ETA,primary,2034,0.11888111888111887
DES_ETA,primary,2035,0.06993006993006996
DES_ETA,primary,2036,-0.3776223776223777
DES_ETA,primary,2037,-0.39160839160839167
DES_ETA,primary,2038,0.3216783216783218
DES_ETA,primary,2039,-0.3216783216783218
DES_ETA,primary,2040,-0.11188811188811192
DES_ETA,primary,2041,0.027972027972027996
DES_ETA,primary,2042,-0.34965034965034975
DES_ETA,primary,2043,-0.4265734265734267
DES_ETA,primary,2044,-0.11188811188811192
DES_ETA,primary,2045,0.1258741258741259
DES_ETA,primary,2046,-0.3146853146853147
DES_ETA,primary,2047,-0.38461538461538464
DES_ETA,primary,2048,-0.23076923076923075
DES_ETA,primary,2049,0.3006993006993007
DES_ETA,primary,2050,0.2657342657342658
DES_ETA,primary,2051,0.2937062937062938
DES_ETA,primary,2052,-0.006993006993006989
DES_ETA,primary,2053,0.3216783216783217
DES_ETA,primary,2054,0.3566433566433567
DES_ETA,primary,2055,0.13986013986013987
DES_ETA,primary,2056,0.3216783216783217
DES_ETA,primary,2057,-0.06993006993006996
DES_ETA,primary,2058,-0.4965034965034966
DES_ETA,primary,2059,-0.23076923076923084
DES_ETA,primary,2060,0.28671328671328683
DES_ETA,primary,2061,-0.006993006993007017
DES_ETA,primary,2062,0.3006993006993008
DES_ETA,primary,2063,0.04895104895104893
DES_ETA,primary,2064,0.3006993006993008
DES_ETA,primary,2065,-0.08391608391608396
DES_ETA,primary,2066,-0.11188811188811192
DES_ETA,primary,2067,-0.1468531468531469
DES_ETA,primary,2068,-0.18881118881118888
DES_ETA,primary,2069,0.2167832167832168
DES_ETA,primary,2070,0.20979020979020988
DES_ETA,primary,2071,-0.06993006993006998
DES_ETA,primary,2072,-0.006993006993006953
DES_ETA,primary,2073,0.10489510489510494
DES_ETA,primary,2074,-0.22377622377622386
DES_ETA,primary,2075,-0.3216783216783218
DES_ETA,primary,2076,-0.11888111888111885
DES_ETA,primary,2077,-0.5174825174825176
DES_ETA,primary,2078,0.09090909090909098
DES_ETA,primary,2079,-0.8251748251748253
DES_ETA,primary,2080,-0.06293706293706296
DES_ETA,primary,2081,-0.17482517482517487
DES_ETA,primary,2082,-0.1678321678321679
DES_ETA,primary,2083,0.5594405594405596
DES_ETA,primary,2084,0.1818181818181818
DES_ETA,primary,2085,-0.23076923076923084
DES_ETA,primary,2086,0.6643356643356645
DES_ETA,primary,2087,-0.5594405594405596
DES_ETA,primary,2088,0.28671328671328683
DES_ETA,primary,2089,-0.5734265734265737
DES_ETA,primary,2090,-0.22377622377622383
DES_ETA,primary,2091,-0.5944055944055946
DES_ETA,primary,2092,-0.20979020979020988
DES_ETA,primary,2093,-0.08391608391608386
DES_ETA,primary,2094,0.3986013986013987
DES_ETA,primary,2095,-0.18881118881118886
DES_ETA,primary,2096,-0.5874125874125876
DES_ETA,primary,2097,0.3706293706293707
DES_ETA,primary,2098,-0.5174825174825176
DES_ETA,primary,2099,0.06293706293706294
DES_ETA,primary,2100,0.1398601398601399
DES_ETA,primary,2101,-0.16783216783216784
DES_ETA,primary,2102,0.034965034965034954
DES_ETA,primary,2103,0.06993006993006996
DES_ETA,primary,2104,-0.1048951048951049
DES_ETA,primary,2105,-0.13986013986013987
DES_ETA,primary,2106,0.4685314685314686
DES_ETA,primary,2107,-0.5454545454545455
DES_ETA,primary,2108,-0.1748251748251749
DES_ETA,primary,2109,0.0839160839160839
DES_ETA,primary,2110,0.21678321678321677
DES_ETA,primary,2111,-0.16783216783216784
DES_ETA,primary,2112,0.04895104895104898
DES_ETA,primary,2113,0.25874125874125875
DES_ETA,primary,2114,-0.18181818181818185
DES_ETA,primary,2115,0.3636363636363637
DES_ETA,primary,2116,-0.1818181818181818
DES_ETA,primary,2117,-0.03496503496503505
DES_ETA,primary,2118,0.09090909090909093
DES_ETA,primary,2119,0.006993006993006972
DES_ETA,primary,2120,-0.1538461538461539
DES_ETA,primary,2121,0.4895104895104896
DES_ETA,primary,2122,0.4125874125874127
DES_ETA,primary,2123,0.4685314685314686
DES_ETA,primary,2124,-0.6363636363636366
DES_ETA,primary,2125,0.02797202797202804
DES_ETA,primary,2126,-0.18181818181818188
DES_ETA,primary,2127,-0.3986013986013987
DES_ETA,primary,2128,-0.03496503496503497
DES_ETA,primary,2129,0.4615384615384616
DES_ETA,primary,2130,-0.22377622377622383
DES_ETA,primary,2131,0.3776223776223777
DES_ETA,primary,2132,-0.3076923076923077
DES_ETA,primary,2133,-0.06293706293706296
DES_ETA,primary,2134,0.12587412587412586
DES_ETA,primary,2135,0.06293706293706293
DES_ETA,primary,2136,0.4895104895104896
DES_ETA,primary,2137,0.006993006993006976
DES_ETA,primary,2138,0.2587412587412588
DES_ETA,primary,2139,-0.23776223776223782
DES_ETA,primary,2140,-0.006993006993007047
DES_ETA,primary,2141,0.41258741258741266
DES_ETA,primary,2142,-0.39160839160839167
DES_ETA,primary,2143,-0.6783216783216784
DES_ETA,primary,2144,-0.4125874125874127
DES_ETA,primary,2145,-0.18181818181818188
DES_ETA,primary,2146,0.24475524475524488
DES_ETA,primary,2147,0.09090909090909093
DES_ETA,primary,2148,0.013986013986014019
DES_ETA,primary,2149,0.45454545454545464
DES_ETA,primary,2150,0.06293706293706287
DES_ETA,primary,2151,-0.5874125874125876
DES_ETA,primary,2152,-0.06993006993006999
DES_ETA,primary,2153,-0.08391608391608395
DES_ETA,primary,2154,6.938893903907228e-18
DES_ETA,primary,2155,-0.7762237762237764
DES_ETA,primary,2156,0.3216783216783217
DES_ETA,primary,2157,-0.06993006993006994
DES_ETA,primary,2158,0.4895104895104896
DES_ETA,primary,2159,-0.3776223776223777
DES_ETA,primary,2160,0.18881118881118877
DES_ETA,primary,2161,-0.13986013986013987
DES_ETA,primary,2162,0.06293706293706287
DES_ETA,primary,2163,-0.25874125874125875
DES_ETA,primary,2164,-0.2657342657342658
DES_ETA,primary,2165,-0.3426573426573427
DES_ETA,primary,2166,0.18881118881118886
DES_ETA,primary,2167,0.013986013986014007
DES_ETA,primary,2168,0.34965034965034975
DES_ETA,primary,2169,0.7272727272727275
DES_ETA,primary,2170,0.23776223776223784
DES_ETA,primary,2171,0.2587412587412588
DES_ETA,primary,2172,-0.4895104895104896
DES_ETA,primary,2173,-0.6923076923076922
DES_ETA,primary,2174,0.11888111888111891
DES_ETA,primary,2175,0.34265734265734277
DES_ETA,primary,2176,0.42657342657342673
DES_ETA,primary,2177,0.048951048951048966
DES_ETA,primary,2178,-0.3286713286713288
DES_ETA,primary,2179,0.2657342657342658
DES_ETA,primary,2180,-0.09090909090909094
DES_ETA,primary,2181,-0.013986013986014014
DES_ETA,primary,2182,-0.04895104895104896
DES_ETA,primary,2183,-0.16783216783216792
DES_ETA,primary,2184,-0.5804195804195805
DES_ETA,primary,2185,-0.1818181818181819
DES_ETA,primary,2186,-0.14685314685314688
DES_ETA,primary,2187,0.1678321678321679
DES_ETA,primary,2188,-0.32867132867132876
DES_ETA,primary,2189,-0.09790209790209788
DES_ETA,primary,2190,0.31468531468531474
DES_ETA,primary,2191,0.11888111888111887
DES_ETA,primary,2192,-0.47552447552447563
DES_ETA,primary,2193,-0.16083916083916086
DES_ETA,primary,2194,-0.13286713286713284
DES_ETA,primary,2195,-0.5314685314685316
DES_ETA,primary,2196,-0.4965034965034965
DES_ETA,primary,2197,-2.3129646346357427e-18
DES_ETA,primary,2198,0.09090909090909094
DES_ETA,primary,2199,0.06993006993006999
DES_ETA,primary,2200,0.38461538461538475
DES_ETA,primary,2201,0.1258741258741259
DES_ETA,primary,2202,0.02797202797202795
DES_ETA,primary,2203,0.12587412587412591
DES_ETA,primary,2204,0.07692307692307696
DES_ETA,primary,2205,-0.1328671328671329
DES_ETA,primary,2206,0.22377622377622383
DES_ETA,primary,2207,0.44755244755244766
DES_ETA,primary,2208,0.31468531468531474
DES_ETA,primary,2209,0.25174825174825183
DES_ETA,primary,2210,0.22377622377622383
DES_ETA,primary,2211,0.013986013986014024
DES_ETA,primary,2212,0.15384615384615388
DES_ETA,primary,2213,0.20979020979020982
DES_ETA,primary,2214,0.5244755244755247
DES_ETA,primary,2215,0.20279720279720279
DES_ETA,primary,2216,-0.06993006993006996
DES_ETA,primary,2217,0.1048951048951049
DES_ETA,primary,2218,0.1608391608391609
DES_ETA,primary,2219,-0.17482517482517487
DES_ETA,primary,2220,-0.2027972027972028
DES_ETA,primary,2221,-0.2727272727272728
DES_ETA,primary,2222,0.06993006993006996
DES_ETA,primary,2223,-0.5314685314685316
DES_ETA,primary,2224,-0.04195804195804196
DES_ETA,primary,2225,-0.17482517482517487
DES_ETA,primary,2226,-0.048951048951048966
DES_ETA,primary,2227,-0.006993006993007006
DES_ETA,primary,2228,0.2307692307692308
DES_ETA,primary,2229,-0.37762237762237766
DES_ETA,primary,2230,-0.10489510489510491
DES_ETA,primary,2231,-0.3076923076923078
DES_ETA,primary,2232,0.3356643356643357
DES_ETA,primary,2233,0.36363636363636376
DES_ETA,primary,2234,0.27272727272727276
DES_ETA,primary,2235,0.6013986013986016
DES_ETA,primary,2236,0.1188811188811189
DES_ETA,primary,2237,-0.18181818181818188
DES_ETA,primary,2238,-0.26573426573426573
DES_ETA,primary,2239,0.09090909090909094
DES_ETA,primary,2240,0.27972027972027985
DES_ETA,primary,2241,0.1608391608391609
DES_ETA,primary,2242,0.29370629370629375
DES_ETA,primary,2243,-0.5594405594405595
DES_ETA,primary,2244,-0.37762237762237766
DES_ETA,primary,2245,-0.13286713286713292
DES_ETA,primary,2246,-0.034965034965034954
DES_ETA,primary,2247,-0.07692307692307693
DES_ETA,primary,2248,0.27272727272727276
DES_ETA,primary,2249,0.06993006993006992
DES_ETA,primary,2250,-0.4545454545454546
DES_ETA,primary,2251,0.02797202797202798
DES_ETA,primary,2252,0.17482517482517487
DES_ETA,primary,2253,0.2517482517482518
DES_ETA,primary,2254,-0.1048951048951049
DES_ETA,primary,2255,-0.31468531468531474
DES_ETA,primary,2256,-0.23076923076923087
DES_ETA,primary,2257,0.04895104895104898
DES_ETA,primary,2258,-0.22377622377622383
DES_ETA,primary,2259,0.04895104895104896
DES_ETA,primary,2260,0.05594405594405596
DES_ETA,primary,2261,0.17482517482517487
DES_ETA,primary,2262,-0.23776223776223782
DES_ETA,primary,2263,-0.1188811188811189
DES_ETA,primary,2264,0.11188811188811189
DES_ETA,primary,2265,0.2447552447552448
DES_ETA,primary,2266,-0.38461538461538475
DES_ETA,primary,2267,-0.3216783216783217
DES_ETA,primary,2268,-0.09790209790209792
DES_ETA,primary,2269,-0.20979020979020982
DES_ETA,primary,2270,0.2517482517482517
DES_ETA,primary,2271,0.16083916083916086
DES_ETA,primary,2272,-0.41258741258741266
DES_ETA,primary,2273,-0.2097902097902098
DES_ETA,primary,2274,0.041958041958041946
DES_ETA,primary,2275,0.027972027972028014
DES_ETA,primary,2276,0.3566433566433567
DES_ETA,primary,2277,0.3216783216783217
DES_ETA,primary,2278,-0.006993006993007009
DES_ETA,primary,2279,0.06293706293706298
DES_ETA,primary,2280,-0.17482517482517487
DES_ETA,primary,2281,-0.16783216783216792
DES_ETA,primary,2282,-0.5174825174825176
DES_ETA,primary,2283,0.23776223776223782
DES_ETA,primary,2284,-0.3006993006993008
DES_ETA,primary,2285,0.027972027972027913
DES_ETA,primary,2286,0.4265734265734267
DES_ETA,primary,2287,-0.29370629370629375
DES_ETA,primary,2288,0.06993006993006991
DES_ETA,primary,2289,-0.20279720279720279
DES_ETA,primary,2290,-0.6363636363636365
DES_ETA,primary,2291,-0.2657342657342658
DES_ETA,primary,2292,-0.5244755244755246
DES_ETA,primary,2293,-0.02797202797202797
DES_ETA,primary,2294,0.28671328671328683
DES_ETA,primary,2295,0.19580419580419592
DES_ETA,primary,2296,-0.16083916083916086
DES_ETA,primary,2297,0.013986013986013951
DES_ETA,primary,2298,0.09090909090909095
DES_ETA,primary,2299,-0.2937062937062937
DES_ETA,primary,2300,0.1398601398601399
DES_ETA,primary,2301,0.1258741258741259
DES_ETA,primary,2302,-0.32867132867132876
DES_ETA,primary,2303,-0.22377622377622383
DES_ETA,primary,2304,-0.3636363636363637
DES_ETA,primary,2305,0.41258741258741266
DES_ETA,primary,2306,-0.6573426573426575
DES_ETA,primary,2307,-0.30769230769230776
DES_ETA,primary,2308,-0.3986013986013986
DES_ETA,primary,2309,-0.22377622377622378
DES_ETA,primary,2310,-0.1188811188811189
DES_ETA,primary,2311,0.3916083916083917
DES_ETA,primary,2312,0.013986013986014048
DES_ETA,primary,2313,-0.2307692307692308
DES_ETA,primary,2314,0.04195804195804198
DES_ETA,primary,2315,-0.2657342657342658
DES_ETA,primary,2316,0.2867132867132868
DES_ETA,primary,2317,-0.38461538461538464
DES_ETA,primary,2318,-0.16083916083916083
DES_ETA,primary,2319,-0.06293706293706298
DES_ETA,primary,2320,0.12587412587412594
DES_ETA,primary,2321,0.1048951048951049
DES_ETA,primary,2322,-0.3706293706293707
DES_ETA,primary,2323,-0.020979020979021008
DES_ETA,primary,2324,-0.43356643356643354
DES_ETA,primary,2325,-0.22377622377622378
DES_ETA,primary,2326,0.06293706293706297
DES_ETA,primary,2327,-0.15384615384615388
DES_ETA,primary,2328,-0.5594405594405595
DES_ETA,primary,2329,0.24475524475524477
DES_ETA,primary,2330,0.15384615384615388
DES_ETA,primary,2331,0.09090909090909095
DES_ETA,primary,2332,0.08391608391608396
DES_ETA,primary,2333,0.08391608391608396
DES_ETA,primary,2334,-0.4055944055944056
DES_ETA,primary,2335,-0.11188811188811194
DES_ETA,primary,2336,-0.5314685314685316
DES_ETA,primary,2337,0.09090909090909094
DES_ETA,primary,2338,0.23076923076923084
DES_ETA,primary,2339,0.13286713286713284
DES_ETA,primary,2340,0.4335664335664336
DES_ETA,primary,2341,0.19580419580419586
DES_ETA,primary,2342,0.3356643356643358
DES_ETA,primary,2343,0.006993006993006981
DES_ETA,primary,2344,-0.2307692307692308
DES_ETA,primary,2345,0.2727272727272728
DES_ETA,primary,2346,0.11188811188811197
DES_ETA,primary,2347,-0.12587412587412583
DES_ETA,primary,2348,0.7552447552447553
DES_ETA,primary,2349,0.048951048951048966
DES_ETA,primary,2350,-0.6433566433566434
DES_ETA,primary,2351,0.034965034965034975
DES_ETA,primary,2352,0.27972027972027985
DES_ETA,primary,2353,-0.08391608391608392
DES_ETA,primary,2354,-0.06293706293706298
DES_ETA,primary,2355,-0.6923076923076924
DES_ETA,primary,2356,-0.5384615384615387
DES_ETA,primary,2357,0.36363636363636376
DES_ETA,primary,2358,-6.100444223851771e-17
DES_ETA,primary,2359,0.11188811188811192
DES_ETA,primary,2360,0.48251748251748267
DES_ETA,primary,2361,-0.2727272727272728
DES_ETA,primary,2362,0.4405594405594407
DES_ETA,primary,2363,0.09090909090909094
DES_ETA,primary,2364,-0.7062937062937064
DES_ETA,primary,2365,-0.15384615384615388
DES_ETA,primary,2366,0.16783216783216784
DES_ETA,primary,2367,-0.1328671328671329
DES_ETA,primary,2368,-0.055944055944055944
DES_ETA,primary,2369,0.013986013986014012
DES_ETA,primary,2370,0.5104895104895105
DES_ETA,primary,2371,-0.1048951048951049
DES_ETA,primary,2372,-0.03496503496503501
DES_ETA,primary,2373,-0.3636363636363636
DES_ETA,primary,2374,-0.3356643356643357
DES_ETA,primary,2375,-0.5664335664335666
DES_ETA,primary,2376,-0.4265734265734266
DES_ETA,primary,2377,0.3566433566433567
DES_ETA,primary,2378,-0.22377622377622383
DES_ETA,primary,2379,0.3636363636363637
DES_ETA,primary,2380,-0.48251748251748267
DES_ETA,primary,2381,-0.20979020979020982
DES_ETA,primary,2382,0.12587412587412586
DES_ETA,primary,2383,0.06293706293706298
DES_ETA,primary,2384,0.3426573426573427
DES_ETA,primary,2385,0.28671328671328683
DES_ETA,primary,2386,0.3076923076923078
DES_ETA,primary,2387,-0.006993006993006999
DES_ETA,primary,2388,0.1678321678321679
DES_ETA,primary,2389,0.3006993006993008
DES_ETA,primary,2390,-0.2027972027972028
DES_ETA,primary,2391,-0.13286713286713292
DES_ETA,primary,2392,-0.44055944055944063
DES_ETA,primary,2393,0.4405594405594407
DES_ETA,primary,2394,0.06293706293706293
DES_ETA,primary,2395,0.0629370629370629
DES_ETA,primary,2396,-0.3216783216783217
DES_ETA,primary,2397,-0.5734265734265735
DES_ETA,primary,2398,-0.07692307692307694
DES_ETA,primary,2399,-0.3566433566433567
DES_ETA,primary,2400,0.5104895104895106
DES_ETA,primary,2401,-0.4265734265734267
DES_ETA,primary,2402,-0.013986013986013984
DES_ETA,primary,2403,0.02097902097902103
DES_ETA,primary,2404,-0.07692307692307691
DES_ETA,primary,2405,0.5734265734265734
DES_ETA,primary,2406,-0.0699300699300699
DES_ETA,primary,2407,0.20279720279720284
DES_ETA,primary,2408,-0.5244755244755247
DES_ETA,primary,2409,0.3286713286713287
DES_ETA,primary,2410,0.5314685314685316
DES_ETA,primary,2411,0.013986013986014026
DES_ETA,primary,2412,0.5804195804195805
DES_ETA,primary,2413,0.25174825174825183
DES_ETA,primary,2414,0.6293706293706296
DES_ETA,primary,2415,-0.20279720279720284
DES_ETA,primary,2416,0.12587412587412586
DES_ETA,primary,2417,-0.11888111888111891
DES_ETA,primary,2418,0.07692307692307691
DES_ETA,primary,2419,-0.08391608391608395
DES_ETA,primary,2420,0.013986013986014005
DES_ETA,primary,2421,-0.034965034965034995
DES_ETA,primary,2422,-0.08391608391608396
DES_ETA,primary,2423,0.20279720279720279
DES_ETA,primary,2424,0.37762237762237766
DES_ETA,primary,2425,-0.2027972027972028
DES_ETA,primary,2426,-0.15384615384615388
DES_ETA,primary,2427,-0.11888111888111887
DES_ETA,primary,2428,-0.27272727272727276
DES_ETA,primary,2429,0.29370629370629375
DES_ETA,primary,2430,-0.3356643356643358
DES_ETA,primary,2431,0.07692307692307689
DES_ETA,primary,2432,0.5594405594405596
DES_ETA,primary,2433,0.5034965034965037
DES_ETA,primary,2434,0.24475524475524482
DES_ETA,primary,2435,-0.5104895104895106
DES_ETA,primary,2436,-0.4265734265734267
DES_ETA,primary,2437,0.1188811188811189
DES_ETA,primary,2438,0.020979020979020966
DES_ETA,primary,2439,-0.3216783216783217
DES_ETA,primary,2440,-0.16083916083916086
DES_ETA,primary,2441,-0.16083916083916083
DES_ETA,primary,2442,0.38461538461538475
DES_ETA,primary,2443,0.38461538461538464
DES_ETA,primary,2444,0.006993006993006995
DES_ETA,primary,2445,0.34965034965034975
DES_ETA,primary,2446,0.006993006993007031
DES_ETA,primary,2447,-0.06293706293706294
DES_ETA,primary,2448,-0.5874125874125876
DES_ETA,primary,2449,-0.06993006993007
DES_ETA,primary,2450,-0.2797202797202798
DES_ETA,primary,2451,0.4755244755244757
DES_ETA,primary,2452,0.3146853146853148
DES_ETA,primary,2453,0.18181818181818185
DES_ETA,primary,2454,-0.36363636363636376
DES_ETA,primary,2455,0.03496503496503494
DES_ETA,primary,2456,0.14685314685314685
DES_ETA,primary,2457,0.12587412587412591
DES_ETA,primary,2458,0.5314685314685316
DES_ETA,primary,2459,-0.15384615384615383
DES_ETA,primary,2460,0.5314685314685317
DES_ETA,primary,2461,-4.625929269271486e-17
DES_ETA,primary,2462,-0.34265734265734277
DES_ETA,primary,2463,-0.26573426573426584
DES_ETA,primary,2464,0.041958041958042015
DES_ETA,primary,2465,-0.034965034965034975
DES_ETA,primary,2466,-0.04895104895104895
DES_ETA,primary,2467,-0.020979020979021046
DES_ETA,primary,2468,-0.07692307692307694
DES_ETA,primary,2469,-0.06293706293706293
DES_ETA,primary,2470,-0.01398601398601397
DES_ETA,primary,2471,-0.3986013986013986
DES_ETA,primary,2472,-0.41258741258741255
DES_ETA,primary,2473,0.3216783216783217
DES_ETA,primary,2474,-0.6923076923076925
DES_ETA,primary,2475,-0.0839160839160839
DES_ETA,primary,2476,-0.020979020979021004
DES_ETA,primary,2477,-0.09090909090909095
DES_ETA,primary,2478,0.5944055944055945
DES_ETA,primary,2479,-0.14685314685314696
DES_ETA,primary,2480,-0.22377622377622383
DES_ETA,primary,2481,0.23776223776223784
DES_ETA,primary,2482,0.20979020979020988
DES_ETA,primary,2483,-0.4545454545454546
DES_ETA,primary,2484,-0.18881118881118886
DES_ETA,primary,2485,0.22377622377622378
DES_ETA,primary,2486,0.5524475524475526
DES_ETA,primary,2487,-0.2727272727272728
DES_ETA,primary,2488,0.4265734265734267
DES_ETA,primary,2489,0.34965034965034963
DES_ETA,primary,2490,-0.41258741258741266
DES_ETA,primary,2491,0.21678321678321685
DES_ETA,primary,2492,-0.3986013986013987
DES_ETA,primary,2493,0.38461538461538475
DES_ETA,primary,2494,0.4615384615384617
DES_ETA,primary,2495,-2.3129646346357427e-18
DES_ETA,primary,2496,-0.6013986013986016
DES_ETA,primary,2497,0.15384615384615388
DES_ETA,primary,2498,0.27272727272727276
DES_ETA,primary,2499,0.0979020979020979
DES_ETA,primary,2500,0.35664335664335667
DES_ETA,primary,2501,-0.18181818181818185
DES_ETA,primary,2502,-0.18881118881118886
DES_ETA,primary,2503,-0.11188811188811189
DES_ETA,primary,2504,-0.19580419580419586
DES_ETA,primary,2505,0.5314685314685316
DES_ETA,primary,2506,-0.020979020979020963
DES_ETA,primary,2507,-0.4055944055944057
DES_ETA,primary,2508,-0.04895104895104896
DES_ETA,primary,2509,0.14685314685314696
DES_ETA,primary,2510,-0.6993006993006995
DES_ETA,primary,2511,0.2797202797202798
DES_ETA,primary,2512,0.05594405594405594
DES_ETA,primary,2513,0.06993006993006994
DES_ETA,primary,2514,-0.11888111888111891
DES_ETA,primary,2515,9.25185853854297e-18
DES_ETA,primary,2516,0.14685314685314696
DES_ETA,primary,2517,0.36363636363636376
DES_ETA,primary,2518,0.02097902097902098
DES_ETA,primary,2519,0.10489510489510494
DES_ETA,primary,2520,0.006993006993006962
DES_ETA,primary,2521,0.3706293706293707
DES_ETA,primary,2522,-0.3426573426573427
DES_ETA,primary,2523,-0.02797202797202801
DES_ETA,primary,2524,0.2027972027972028
DES_ETA,primary,2525,-0.07692307692307689
DES_ETA,primary,2526,-0.02797202797202798
DES_ETA,primary,2527,0.4545454545454546
DES_ETA,primary,2528,0.04195804195804196
DES_ETA,primary,2529,-0.23076923076923084
DES_ETA,primary,2530,9.25185853854297e-18
DES_ETA,primary,2531,0.06293706293706294
DES_ETA,primary,2532,-0.09090909090909088
DES_ETA,primary,2533,0.18881118881118883
DES_ETA,primary,2534,0.24475524475524488
DES_ETA,primary,2535,-0.7342657342657343
DES_ETA,primary,2536,-0.10489510489510495
DES_ETA,primary,2537,-0.013986013986014005
DES_ETA,primary,2538,0.4755244755244757
DES_ETA,primary,2539,0.3006993006993008
DES_ETA,primary,2540,-0.3566433566433567
DES_ETA,primary,2541,0.27972027972027985
DES_ETA,primary,2542,-0.41258741258741266
DES_ETA,primary,2543,-0.1608391608391609
DES_ETA,primary,2544,0.37762237762237766
DES_ETA,primary,2545,-0.16083916083916086
DES_ETA,primary,2546,-0.2377622377622378
DES_ETA,primary,2547,-0.44055944055944063
DES_ETA,primary,2548,0.27272727272727276
DES_ETA,primary,2549,0.04895104895104891
DES_ETA,primary,2550,-0.03496503496503497
DES_ETA,primary,2551,-0.06993006993006995
DES_ETA,primary,2552,-0.37762237762237766
DES_ETA,primary,2553,-0.4965034965034966
DES_ETA,primary,2554,0.2027972027972028
DES_ETA,primary,2555,0.1678321678321679
DES_ETA,primary,2556,0.19580419580419586
DES_ETA,primary,2557,-0.3356643356643357
DES_ETA,primary,2558,0.20279720279720284
DES_ETA,primary,2559,0.2167832167832168
DES_ETA,primary,2560,0.2167832167832168
DES_ETA,primary,2561,-0.16783216783216784
DES_ETA,primary,2562,0.08391608391608395
DES_ETA,primary,2563,-0.5524475524475526
DES_ETA,primary,2564,0.16083916083916094
DES_ETA,primary,2565,-0.013986013986014024
DES_ETA,primary,2566,0.5384615384615387
DES_ETA,primary,2567,0.22377622377622383
DES_ETA,primary,2568,-0.0979020979020979
DES_ETA,primary,2569,0.02797202797202797
DES_ETA,primary,2570,0.006993006993006999
DES_ETA,primary,2571,-0.3006993006993008
DES_ETA,primary,2572,-0.5104895104895105
DES_ETA,primary,2573,0.41258741258741266
DES_ETA,primary,2574,-0.44755244755244755
DES_ETA,primary,2575,0.4405594405594407
DES_ETA,primary,2576,-0.2447552447552448
DES_ETA,primary,2577,-0.18181818181818185
DES_ETA,primary,2578,-0.013986013986013996
DES_ETA,primary,2579,-0.12587412587412586
DES_ETA,primary,2580,-0.18881118881118883
DES_ETA,primary,2581,0.4265734265734267
DES_ETA,primary,2582,0.6993006993006993
DES_ETA,primary,2583,-0.3916083916083917
DES_ETA,primary,2584,0.23776223776223782
DES_ETA,primary,2585,0.02097902097902099
DES_ETA,primary,2586,-0.16783216783216792
DES_ETA,primary,2587,0.26573426573426584
DES_ETA,primary,2588,-0.20279720279720284
DES_ETA,primary,2589,-0.020979020979021018
DES_ETA,primary,2590,-0.3216783216783218
DES_ETA,primary,2591,-0.0769230769230769
DES_ETA,primary,2592,0.2657342657342658
DES_ETA,primary,2593,0.18881118881118883
DES_ETA,primary,2594,0.31468531468531474
DES_ETA,primary,2595,-0.1328671328671329
DES_ETA,primary,2596,0.23076923076923084
DES_ETA,primary,2597,0.20279720279720284
DES_ETA,primary,2598,-0.3636363636363638
DES_ETA,primary,2599,-0.2867132867132868
DES_ETA,primary,2600,0.04895104895104893
DES_ETA,primary,2601,0.09790209790209796
DES_ETA,primary,2602,0.09090909090909094
DES_ETA,primary,2603,-0.2797202797202798
DES_ETA,primary,2604,-0.30069930069930084
DES_ETA,primary,2605,0.11188811188811189
DES_ETA,primary,2606,-0.006993006993006969
DES_ETA,primary,2607,-0.18881118881118883
DES_ETA,primary,2608,0.04195804195804199
DES_ETA,primary,2609,-0.3776223776223777
DES_ETA,primary,2610,-0.06993006993006995
DES_ETA,primary,2611,0.013986013986013962
DES_ETA,primary,2612,0.01398601398601402
DES_ETA,primary,2613,0.09090909090909093
DES_ETA,primary,2614,-0.16783216783216784
DES_ETA,primary,2615,-0.2727272727272728
DES_ETA,primary,2616,-0.1188811188811189
DES_ETA,primary,2617,-0.10489510489510497
DES_ETA,primary,2618,0.41958041958041975
DES_ETA,primary,2619,-0.08391608391608389
DES_ETA,primary,2620,0.3846153846153846
DES_ETA,primary,2621,0.5804195804195805
DES_ETA,primary,2622,0.11888111888111885
DES_ETA,primary,2623,0.5314685314685316
DES_ETA,primary,2624,-0.28671328671328683
DES_ETA,primary,2625,0.3706293706293707
DES_ETA,primary,2626,0.3006993006993007
DES_ETA,primary,2627,-0.4195804195804196
DES_ETA,primary,2628,-0.2447552447552448
DES_ETA,primary,2629,-0.013986013986014012
DES_ETA,primary,2630,-0.006993006993007017
DES_ETA,primary,2631,0.6853146853146854
DES_ETA,primary,2632,0.7622377622377624
DES_ETA,primary,2633,0.31468531468531474
DES_ETA,primary,2634,-0.041958041958041974
DES_ETA,primary,2635,0.30769230769230776
DES_ETA,primary,2636,-0.5104895104895105
DES_ETA,primary,2637,0.034965034965034954
DES_ETA,primary,2638,0.3706293706293708
DES_ETA,primary,2639,0.20979020979020993
DES_ETA,primary,2640,-0.06993006993006996
DES_ETA,primary,2641,-0.03496503496503497
DES_ETA,primary,2642,0.055944055944055965
DES_ETA,primary,2643,-0.062937062937063
DES_ETA,primary,2644,-0.41958041958041975
DES_ETA,primary,2645,-0.03496503496503501
DES_ETA,primary,2646,0.013986013986013965
DES_ETA,primary,2647,-0.23776223776223784
DES_ETA,primary,2648,0.04195804195804196
DES_ETA,primary,2649,-0.07692307692307693
DES_ETA,primary,2650,-0.1398601398601399
DES_ETA,primary,2651,0.13286713286713284
DES_ETA,primary,2652,0.12587412587412586
DES_ETA,primary,2653,-0.7272727272727275
DES_ETA,primary,2654,-0.47552447552447563
DES_ETA,primary,2655,0.2727272727272728
DES_ETA,primary,2656,-0.04195804195804195
DES_ETA,primary,2657,-0.04895104895104896
DES_ETA,primary,2658,0.020979020979020945
DES_ETA,primary,2659,-0.11188811188811193
DES_ETA,primary,2660,0.06993006993006995
DES_ETA,primary,2661,-0.2727272727272728
DES_ETA,primary,2662,0.2377622377622379
DES_ETA,primary,2663,-0.13986013986013993
DES_ETA,primary,2664,0.23076923076923084
DES_ETA,primary,2665,0.3216783216783217
DES_ETA,primary,2666,-0.2097902097902098
DES_ETA,primary,2667,0.1188811188811189
DES_ETA,primary,2668,0.18181818181818185
DES_ETA,primary,2669,0.28671328671328683
DES_ETA,primary,2670,0.7692307692307695
DES_ETA,primary,2671,0.020979020979020938
DES_ETA,primary,2672,0.27272727272727276
DES_ETA,primary,2673,-0.5874125874125875
DES_ETA,primary,2674,-0.31468531468531474
DES_ETA,primary,2675,0.36363636363636376
DES_ETA,primary,2676,-0.09790209790209792
DES_ETA,primary,2677,0.18181818181818185
DES_ETA,primary,2678,0.3776223776223777
DES_ETA,primary,2679,-0.31468531468531474
DES_ETA,primary,2680,-0.020979020979020924
DES_ETA,primary,2681,-0.013986013986013998
DES_ETA,primary,2682,0.23076923076923075
DES_ETA,primary,2683,0.5104895104895105
DES_ETA,primary,2684,0.19580419580419586
DES_ETA,primary,2685,0.5174825174825175
DES_ETA,primary,2686,0.23076923076923084
DES_ETA,primary,2687,-0.3006993006993008
DES_ETA,primary,2688,0.44755244755244755
DES_ETA,primary,2689,-0.2587412587412588
DES_ETA,primary,2690,-0.18181818181818185
DES_ETA,primary,2691,0.09090909090909098
DES_ETA,primary,2692,0.2657342657342658
DES_ETA,primary,2693,0.1678321678321679
DES_ETA,primary,2694,-0.14685314685314688
DES_ETA,primary,2695,0.2937062937062937
DES_ETA,primary,2696,0.03496503496503498
DES_ETA,primary,2697,0.1048951048951049
DES_ETA,primary,2698,-1.850371707708594e-17
DES_ETA,primary,2699,-0.17482517482517487
DES_ETA,primary,2700,3.469446951953614e-17
DES_ETA,primary,2701,0.22377622377622378
DES_ETA,primary,2702,0.11188811188811193
DES_ETA,primary,2703,0.15384615384615385
DES_ETA,primary,2704,0.10489510489510495
DES_ETA,primary,2705,-0.3286713286713287
DES_ETA,primary,2706,0.3286713286713288
DES_ETA,primary,2707,0.02797202797202797
DES_ETA,primary,2708,-0.4265734265734266
DES_ETA,primary,2709,0.20979020979020988
DES_ETA,primary,2710,-0.41258741258741266
DES_ETA,primary,2711,0.3426573426573427
DES_ETA,primary,2712,-0.020979020979021004
DES_ETA,primary,2713,-0.04895104895104895
DES_ETA,primary,2714,-0.18881118881118886
DES_ETA,primary,2715,0.38461538461538475
DES_ETA,primary,2716,0.35664335664335667
DES_ETA,primary,2717,0.10489510489510491
DES_ETA,primary,2718,-0.048951048951048966
DES_ETA,primary,2719,0.11188811188811192
DES_ETA,primary,2720,-0.07692307692307702
DES_ETA,primary,2721,0.7132867132867133
DES_ETA,primary,2722,-0.013986013986013948
DES_ETA,primary,2723,-0.4055944055944056
DES_ETA,primary,2724,0.05594405594405596
DES_ETA,primary,2725,-0.18181818181818188
DES_ETA,primary,2726,-0.8601398601398601
DES_ETA,primary,2727,0.28671328671328683
DES_ETA,primary,2728,0.5524475524475526
DES_ETA,primary,2729,-0.24475524475524482
DES_ETA,primary,2730,-0.006993006993006969
DES_ETA,primary,2731,-0.09090909090909098
DES_ETA,primary,2732,0.29370629370629375
DES_ETA,primary,2733,0.09790209790209792
DES_ETA,primary,2734,0.22377622377622383
DES_ETA,primary,2735,-0.2307692307692308
DES_ETA,primary,2736,-0.062937062937063
DES_ETA,primary,2737,0.006993006993007052
DES_ETA,primary,2738,-0.09790209790209799
DES_ETA,primary,2739,-0.6293706293706295
DES_ETA,primary,2740,0.34965034965034963
DES_ETA,primary,2741,-0.22377622377622383
DES_ETA,primary,2742,0.15384615384615385
DES_ETA,primary,2743,-0.30769230769230776
DES_ETA,primary,2744,0.11888111888111892
DES_ETA,primary,2745,0.07692307692307694
DES_ETA,primary,2746,-0.48251748251748267
DES_ETA,primary,2747,-0.23076923076923075
DES_ETA,primary,2748,-0.020979020979021015
DES_ETA,primary,2749,-0.14685314685314685
DES_ETA,primary,2750,-0.04895104895104898
DES_ETA,primary,2751,0.23776223776223784
DES_ETA,primary,2752,-0.5874125874125875
DES_ETA,primary,2753,-0.1818181818181818
DES_ETA,primary,2754,-0.13286713286713286
DES_ETA,primary,2755,0.18181818181818188
DES_ETA,primary,2756,0.18181818181818188
DES_ETA,primary,2757,0.44055944055944063
DES_ETA,primary,2758,0.2027972027972029
DES_ETA,primary,2759,-0.4755244755244757
DES_ETA,primary,2760,0.13286713286713292
DES_ETA,primary,2761,0.020979020979020952
DES_ETA,primary,2762,-0.02797202797202794
DES_ETA,primary,2763,0.18181818181818185
DES_ETA,primary,2764,0.15384615384615388
DES_ETA,primary,2765,-0.11888111888111892
DES_ETA,primary,2766,-0.37762237762237777
DES_ETA,primary,2767,0.4545454545454546
DES_ETA,primary,2768,0.2937062937062938
DES_ETA,primary,2769,0.13986013986013993
DES_ETA,primary,2770,0.6643356643356644
DES_ETA,primary,2771,0.25874125874125875
DES_ETA,primary,2772,0.19580419580419584
DES_ETA,primary,2773,0.3776223776223777
DES_ETA,primary,2774,0.3496503496503498
DES_ETA,primary,2775,-0.027972027972027986
DES_ETA,primary,2776,-0.20979020979020988
DES_ETA,primary,2777,0.15384615384615388
DES_ETA,primary,2778,0.30069930069930073
DES_ETA,primary,2779,-0.2727272727272727
DES_ETA,primary,2780,0.06293706293706294
DES_ETA,primary,2781,-0.5104895104895106
DES_ETA,primary,2782,-0.06293706293706296
DES_ETA,primary,2783,-0.5244755244755247
DES_ETA,primary,2784,0.16783216783216792
DES_ETA,primary,2785,0.3076923076923077
DES_ETA,primary,2786,-0.3636363636363637
DES_ETA,primary,2787,0.21678321678321685
DES_ETA,primary,2788,0.3776223776223777
DES_ETA,primary,2789,-0.2867132867132868
DES_ETA,primary,2790,0.06993006993006996
DES_ETA,primary,2791,-0.020979020979020976
DES_ETA,primary,2792,-0.12587412587412591
DES_ETA,primary,2793,-0.4335664335664337
DES_ETA,primary,2794,-0.04195804195804198
DES_ETA,primary,2795,-0.3986013986013987
DES_ETA,primary,2796,-0.09090909090909094
DES_ETA,primary,2797,-0.3776223776223777
DES_ETA,primary,2798,-0.2867132867132867
DES_ETA,primary,2799,0.2517482517482517
DES_ETA,primary,2800,0.11888111888111892
DES_ETA,primary,2801,0.5384615384615385
DES_ETA,primary,2802,0.11888111888111885
DES_ETA,primary,2803,-0.16083916083916092
DES_ETA,primary,2804,-0.006993006993007034
DES_ETA,primary,2805,-0.3916083916083917
DES_ETA,primary,2806,-0.39860139860139876
DES_ETA,primary,2807,0.06993006993006994
DES_ETA,primary,2808,-0.2587412587412587
DES_ETA,primary,2809,0.3356643356643358
DES_ETA,primary,2810,-0.006993006993007045
DES_ETA,primary,2811,-0.06293706293706293
DES_ETA,primary,2812,-0.3916083916083917
DES_ETA,primary,2813,-0.13286713286713284
DES_ETA,primary,2814,0.4125874125874127
DES_ETA,primary,2815,0.11888111888111895
DES_ETA,primary,2816,0.04195804195804193
DES_ETA,primary,2817,0.18881118881118886
DES_ETA,primary,2818,-0.44755244755244755
DES_ETA,primary,2819,0.5244755244755247
DES_ETA,primary,2820,-0.22377622377622378
DES_ETA,primary,2821,-0.062937062937063
DES_ETA,primary,2822,0.3216783216783217
DES_ETA,primary,2823,-0.06293706293706293
DES_ETA,primary,2824,0.2027972027972028
DES_ETA,primary,2825,-0.048951048951048966
DES_ETA,primary,2826,-0.4335664335664336
DES_ETA,primary,2827,-0.006993006993006972
DES_ETA,primary,2828,0.04895104895104898
DES_ETA,primary,2829,0.44055944055944063
DES_ETA,primary,2830,0.25174825174825183
DES_ETA,primary,2831,0.06993006993006995
DES_ETA,primary,2832,0.6153846153846155
DES_ETA,primary,2833,-0.0699300699300699
DES_ETA,primary,2834,0.06293706293706292
DES_ETA,primary,2835,-0.3776223776223777
DES_ETA,primary,2836,0.6993006993006993
DES_ETA,primary,2837,-0.17482517482517482
DES_ETA,primary,2838,0.2307692307692308
DES_ETA,primary,2839,-0.22377622377622383
DES_ETA,primary,2840,0.12587412587412586
DES_ETA,primary,2841,-0.020979020979020987
DES_ETA,primary,2842,0.16783216783216784
DES_ETA,primary,2843,-0.31468531468531474
DES_ETA,primary,2844,-0.4685314685314686
DES_ETA,primary,2845,0.12587412587412583
DES_ETA,primary,2846,-0.2517482517482518
DES_ETA,primary,2847,0.06293706293706296
DES_ETA,primary,2848,-0.13286713286713292
DES_ETA,primary,2849,-0.16783216783216792
DES_ETA,primary,2850,0.13286713286713295
DES_ETA,primary,2851,0.41958041958041964
DES_ETA,primary,2852,0.1958041958041958
DES_ETA,primary,2853,-0.6853146853146854
DES_ETA,primary,2854,-0.4055944055944057
DES_ETA,primary,2855,0.20279720279720284
DES_ETA,primary,2856,-0.09790209790209793
DES_ETA,primary,2857,-0.3566433566433567
DES_ETA,primary,2858,-0.2867132867132868
DES_ETA,primary,2859,-0.2937062937062938
DES_ETA,primary,2860,-0.17482517482517493
DES_ETA,primary,2861,-0.20279720279720284
DES_ETA,primary,2862,-0.4055944055944057
DES_ETA,primary,2863,-0.11188811188811192
DES_ETA,primary,2864,-0.7342657342657343
DES_ETA,primary,2865,-0.25174825174825183
DES_ETA,primary,2866,0.38461538461538475
DES_ETA,primary,2867,-0.4615384615384617
DES_ETA,primary,2868,-0.055944055944056
DES_ETA,primary,2869,-0.2797202797202798
DES_ETA,primary,2870,0.44755244755244766
DES_ETA,primary,2871,0.10489510489510495
DES_ETA,primary,2872,-0.2307692307692308
DES_ETA,primary,2873,-0.1188811188811189
DES_ETA,primary,2874,0.07692307692307696
DES_ETA,primary,2875,0.27972027972027974
DES_ETA,primary,2876,-0.30069930069930073
DES_ETA,primary,2877,-0.07692307692307686
DES_ETA,primary,2878,-0.013986013986013983
DES_ETA,primary,2879,0.44055944055944063
DES_ETA,primary,2880,0.14685314685314688
DES_ETA,primary,2881,-0.23776223776223782
DES_ETA,primary,2882,-0.06293706293706296
DES_ETA,primary,2883,0.4055944055944057
DES_ETA,primary,2884,0.04195804195804195
DES_ETA,primary,2885,0.35664335664335683
DES_ETA,primary,2886,0.18881118881118888
DES_ETA,primary,2887,0.2027972027972028
DES_ETA,primary,2888,0.07692307692307696
DES_ETA,primary,2889,-0.11188811188811192
DES_ETA,primary,2890,-0.4055944055944056
DES_ETA,primary,2891,-0.29370629370629375
DES_ETA,primary,2892,-0.21678321678321685
DES_ETA,primary,2893,-0.3636363636363637
DES_ETA,primary,2894,-0.27272727272727276
DES_ETA,primary,2895,0.6083916083916084
DES_ETA,primary,2896,-0.7692307692307695
DES_ETA,primary,2897,-0.1468531468531469
DES_ETA,primary,2898,0.20979020979020982
DES_ETA,primary,2899,-0.3776223776223777
DES_ETA,primary,2900,0.05594405594405603
DES_ETA,primary,2901,0.4055944055944058
DES_ETA,primary,2902,-0.4545454545454546
DES_ETA,primary,2903,-0.14685314685314688
DES_ETA,primary,2904,-0.027972027972027958
DES_ETA,primary,2905,-0.3566433566433567
DES_ETA,primary,2906,0.06293706293706292
DES_ETA,primary,2907,0.3706293706293707
DES_ETA,primary,2908,-0.2447552447552448
DES_ETA,primary,2909,0.16083916083916086
DES_ETA,primary,2910,0.1468531468531469
DES_ETA,primary,2911,0.09790209790209792
DES_ETA,primary,2912,-0.2657342657342658
DES_ETA,primary,2913,-0.7902097902097904
DES_ETA,primary,2914,0.3986013986013987
DES_ETA,primary,2915,0.0489510489510489
DES_ETA,primary,2916,0.3426573426573427
DES_ETA,primary,2917,0.3356643356643358
DES_ETA,primary,2918,-0.2587412587412588
DES_ETA,primary,2919,0.18181818181818188
DES_ETA,primary,2920,0.6643356643356645
DES_ETA,primary,2921,-0.3286713286713288
DES_ETA,primary,2922,0.27972027972027985
DES_ETA,primary,2923,-0.45454545454545464
DES_ETA,primary,2924,0.055944055944056
DES_ETA,primary,2925,0.04895104895104901
DES_ETA,primary,2926,-0.14685314685314688
DES_ETA,primary,2927,0.08391608391608395
DES_ETA,primary,2928,-0.41258741258741266
DES_ETA,primary,2929,-0.2657342657342658
DES_ETA,primary,2930,0.31468531468531474
DES_ETA,primary,2931,-0.5104895104895105
DES_ETA,primary,2932,-0.23776223776223784
DES_ETA,primary,2933,0.4335664335664336
DES_ETA,primary,2934,0.2307692307692308
DES_ETA,primary,2935,-0.16083916083916086
DES_ETA,primary,2936,0.16783216783216784
DES_ETA,primary,2937,-0.3776223776223777
DES_ETA,primary,2938,-0.020979020979020973
DES_ETA,primary,2939,0.5664335664335666
DES_ETA,primary,2940,-0.13286713286713292
DES_ETA,primary,2941,-0.16083916083916092
DES_ETA,primary,2942,0.13986013986013987
DES_ETA,primary,2943,-0.5314685314685316
DES_ETA,primary,2944,-0.21678321678321685
DES_ETA,primary,2945,0.08391608391608392
DES_ETA,primary,2946,-0.2097902097902098
DES_ETA,primary,2947,-0.16783216783216784
DES_ETA,primary,2948,-0.020979020979021004
DES_ETA,primary,2949,-0.13986013986013993
DES_ETA,primary,2950,-0.4895104895104896
DES_ETA,primary,2951,-0.6153846153846155
DES_ETA,primary,2952,0.19580419580419586
DES_ETA,primary,2953,0.09790209790209788
DES_ETA,primary,2954,-0.1328671328671329
DES_ETA,primary,2955,0.11888111888111891
DES_ETA,primary,2956,0.18881118881118888
DES_ETA,primary,2957,0.027972027972027944
DES_ETA,primary,2958,0.10489510489510494
DES_ETA,primary,2959,-0.020979020979020987
DES_ETA,primary,2960,0.30069930069930073
DES_ETA,primary,2961,0.0349650349650349
DES_ETA,primary,2962,0.0629370629370629
DES_ETA,primary,2963,-0.3636363636363637
DES_ETA,primary,2964,-0.14685314685314693
DES_ETA,primary,2965,-0.2447552447552448
DES_ETA,primary,2966,0.2167832167832168
DES_ETA,primary,2967,0.24475524475524482
DES_ETA,primary,2968,-0.1048951048951049
DES_ETA,primary,2969,0.31468531468531474
DES_ETA,primary,2970,-0.30769230769230776
DES_ETA,primary,2971,2.3997008084345832e-17
DES_ETA,primary,2972,-0.10489510489510495
DES_ETA,primary,2973,0.7132867132867134
DES_ETA,primary,2974,0.3706293706293707
DES_ETA,primary,2975,-0.020979020979020966
DES_ETA,primary,2976,0.38461538461538464
DES_ETA,primary,2977,-0.11188811188811197
DES_ETA,primary,2978,-0.18181818181818185
DES_ETA,primary,2979,0.04195804195804201
DES_ETA,primary,2980,-0.1678321678321679
DES_ETA,primary,2981,-0.034965034965034995
DES_ETA,primary,2982,0.006993006993006991
DES_ETA,primary,2983,0.19580419580419586
DES_ETA,primary,2984,-0.10489510489510499
DES_ETA,primary,2985,-0.11888111888111891
DES_ETA,primary,2986,-0.6713286713286716
DES_ETA,primary,2987,0.7692307692307695
DES_ETA,primary,2988,-0.12587412587412591
DES_ETA,primary,2989,-0.12587412587412591
DES_ETA,primary,2990,-0.2657342657342658
DES_ETA,primary,2991,0.5244755244755246
DES_ETA,primary,2992,-0.055944055944055965
DES_ETA,primary,2993,-0.5524475524475525
DES_ETA,primary,2994,0.013986013986013922
DES_ETA,primary,2995,0.4195804195804196
DES_ETA,primary,2996,-0.6713286713286714
DES_ETA,primary,2997,-0.4615384615384617
DES_ETA,primary,2998,0.45454545454545464
DES_ETA,primary,2999,0.4825174825174825
DES_ETA,primary,3000,0.18881118881118883
DES_ETA,primary,3001,-0.10489510489510485
DES_ETA,primary,3002,-0.013986013986013991
DES_ETA,primary,3003,0.22377622377622383
DES_ETA,primary,3004,-0.6433566433566434
DES_ETA,primary,3005,-0.06993006993006994
DES_ETA,primary,3006,-0.27272727272727276
DES_ETA,primary,3007,-0.27272727272727276
DES_ETA,primary,3008,0.09790209790209796
DES_ETA,primary,3009,0.2167832167832168
DES_ETA,primary,3010,0.23076923076923087
DES_ETA,primary,3011,-0.04195804195804196
DES_ETA,primary,3012,0.08391608391608392
DES_ETA,primary,3013,-0.48251748251748255
DES_ETA,primary,3014,0.034965034965034995
DES_ETA,primary,3015,-0.12587412587412591
DES_ETA,primary,3016,-0.1468531468531468
DES_ETA,primary,3017,0.12587412587412591
DES_ETA,primary,3018,-0.20979020979020988
DES_ETA,primary,3019,0.15384615384615383
DES_ETA,primary,3020,-0.37762237762237777
DES_ETA,primary,3021,0.16783216783216784
DES_ETA,primary,3022,0.5944055944055945
DES_ETA,primary,3023,0.28671328671328683
DES_ETA,primary,3024,0.17482517482517482
DES_ETA,primary,3025,0.10489510489510491
DES_ETA,primary,3026,0.006993006993006985
DES_ETA,primary,3027,-0.13286713286713284
DES_ETA,primary,3028,-0.0629370629370629
DES_ETA,primary,3029,-0.18181818181818188
DES_ETA,primary,3030,0.15384615384615388
DES_ETA,primary,3031,-0.09090909090909095
DES_ETA,primary,3032,-0.04895104895104888
DES_ETA,primary,3033,0.20279720279720284
DES_ETA,primary,3034,-0.013986013986013991
DES_ETA,primary,3035,0.5874125874125874
DES_ETA,primary,3036,0.013986013986014005
DES_ETA,primary,3037,-0.4685314685314687
DES_ETA,primary,3038,0.2027972027972028
DES_ETA,primary,3039,0.6223776223776224
DES_ETA,primary,3040,0.3706293706293707
DES_ETA,primary,3041,0.06993006993006994
DES_ETA,primary,3042,-0.11188811188811194
DES_ETA,primary,3043,-0.048951048951048966
DES_ETA,primary,3044,-0.2167832167832168
DES_ETA,primary,3045,-0.13986013986013993
DES_ETA,primary,3046,-0.41958041958041964
DES_ETA,primary,3047,0.048951048951048896
DES_ETA,primary,3048,0.19580419580419584
DES_ETA,primary,3049,-0.18181818181818188
DES_ETA,primary,3050,-0.5174825174825176
DES_ETA,primary,3051,0.1818181818181818
DES_ETA,primary,3052,-0.23776223776223782
DES_ETA,primary,3053,-0.48251748251748255
DES_ETA,primary,3054,-0.15384615384615388
DES_ETA,primary,3055,0.041958041958041974
DES_ETA,primary,3056,-0.19580419580419584
DES_ETA,primary,3057,-0.21678321678321688
DES_ETA,primary,3058,-0.19580419580419584
DES_ETA,primary,3059,-0.10489510489510491
DES_ETA,primary,3060,-0.2657342657342658
DES_ETA,primary,3061,-0.09090909090909094
DES_ETA,primary,3062,-0.09790209790209788
DES_ETA,primary,3063,-0.16083916083916086
DES_ETA,primary,3064,0.3916083916083917
DES_ETA,primary,3065,0.06293706293706298
DES_ETA,primary,3066,0.44755244755244766
DES_ETA,primary,3067,0.1538461538461539
DES_ETA,primary,3068,-0.4965034965034966
DES_ETA,primary,3069,-0.12587412587412591
DES_ETA,primary,3070,-0.5034965034965037
DES_ETA,primary,3071,0.2797202797202798
DES_ETA,primary,3072,0.1048951048951049
DES_ETA,primary,3073,0.07692307692307686
DES_ETA,primary,3074,-0.2867132867132868
DES_ETA,primary,3075,-0.2867132867132868
DES_ETA,primary,3076,0.17482517482517487
DES_ETA,primary,3077,-0.04895104895104894
DES_ETA,primary,3078,-0.19580419580419584
DES_ETA,primary,3079,-0.4685314685314686
DES_ETA,primary,3080,-0.08391608391608395
DES_ETA,primary,3081,0.38461538461538464
DES_ETA,primary,3082,-3.0068540250264654e-17
DES_ETA,primary,3083,0.013986013986013977
DES_ETA,primary,3084,0.2167832167832168
DES_ETA,primary,3085,0.30769230769230776
DES_ETA,primary,3086,-0.39160839160839167
DES_ETA,primary,3087,-0.2937062937062938
DES_ETA,primary,3088,0.2097902097902098
DES_ETA,primary,3089,0.3006993006993008
DES_ETA,primary,3090,-0.37762237762237777
DES_ETA,primary,3091,0.20279720279720284
DES_ETA,primary,3092,-0.16083916083916086
DES_ETA,primary,3093,0.34965034965034975
DES_ETA,primary,3094,-0.4405594405594407
DES_ETA,primary,3095,-0.2447552447552448
DES_ETA,primary,3096,-0.20279720279720273
DES_ETA,primary,3097,0.17482517482517487
DES_ETA,primary,3098,0.3216783216783218
DES_ETA,primary,3099,-0.10489510489510491
DES_ETA,primary,3100,-0.2377622377622378
DES_ETA,primary,3101,0.16083916083916083
DES_ETA,primary,3102,-0.006993006993006971
DES_ETA,primary,3103,-0.16083916083916086
DES_ETA,primary,3104,-0.44755244755244766
DES_ETA,primary,3105,-0.5174825174825176
DES_ETA,primary,3106,0.37762237762237777
DES_ETA,primary,3107,-0.2867132867132867
DES_ETA,primary,3108,-0.30769230769230776
DES_ETA,primary,3109,-0.38461538461538464
DES_ETA,primary,3110,-0.09090909090909094
DES_ETA,primary,3111,0.09090909090909095
DES_ETA,primary,3112,0.48951048951048964
DES_ETA,primary,3113,0.09090909090909088
DES_ETA,primary,3114,0.6783216783216784
DES_ETA,primary,3115,-0.6503496503496505
DES_ETA,primary,3116,0.20279720279720284
DES_ETA,primary,3117,0.02797202797202798
DES_ETA,primary,3118,0.055944055944055965
DES_ETA,primary,3119,0.2447552447552447
DES_ETA,primary,3120,-0.5104895104895105
DES_ETA,primary,3121,-0.2307692307692308
DES_ETA,primary,3122,-0.41258741258741266
DES_ETA,primary,3123,0.2167832167832168
DES_ETA,primary,3124,0.45454545454545464
DES_ETA,primary,3125,0.6573426573426575
DES_ETA,primary,3126,-0.020979020979021018
DES_ETA,primary,3127,0.0909090909090909
DES_ETA,primary,3128,0.05594405594405596
DES_ETA,primary,3129,-0.4405594405594407
DES_ETA,primary,3130,0.13986013986013987
DES_ETA,primary,3131,-0.44755244755244766
DES_ETA,primary,3132,0.23076923076923073
DES_ETA,primary,3133,-0.4755244755244756
DES_ETA,primary,3134,-0.2937062937062938
DES_ETA,primary,3135,-0.27972027972027974
DES_ETA,primary,3136,0.08391608391608392
DES_ETA,primary,3137,0.3006993006993008
DES_ETA,primary,3138,-0.2797202797202798
DES_ETA,primary,3139,-0.48251748251748255
DES_ETA,primary,3140,-0.1258741258741259
DES_ETA,primary,3141,-0.11188811188811187
DES_ETA,primary,3142,0.25174825174825183
DES_ETA,primary,3143,0.04895104895104896
DES_ETA,primary,3144,0.27272727272727276
DES_ETA,primary,3145,-0.1188811188811189
DES_ETA,primary,3146,0.2447552447552447
DES_ETA,primary,3147,-0.22377622377622378
DES_ETA,primary,3148,-0.4265734265734267
DES_ETA,primary,3149,0.013986013986013957
DES_ETA,primary,3150,-0.12587412587412583
DES_ETA,primary,3151,0.13286713286713292
DES_ETA,primary,3152,-0.11188811188811192
DES_ETA,primary,3153,0.5034965034965037
DES_ETA,primary,3154,0.3216783216783218
DES_ETA,primary,3155,0.4615384615384617
DES_ETA,primary,3156,-0.5314685314685316
DES_ETA,primary,3157,0.5594405594405596
DES_ETA,primary,3158,-0.104895104895105
DES_ETA,primary,3159,-0.3916083916083916
DES_ETA,primary,3160,-0.4615384615384616
DES_ETA,primary,3161,0.13986013986013984
DES_ETA,primary,3162,0.006993006993006999
DES_ETA,primary,3163,-0.2937062937062938
DES_ETA,primary,3164,0.2027972027972028
DES_ETA,primary,3165,-0.23776223776223784
DES_ETA,primary,3166,0.5384615384615387
DES_ETA,primary,3167,0.5454545454545455
DES_ETA,primary,3168,0.02797202797202797
DES_ETA,primary,3169,0.2027972027972029
DES_ETA,primary,3170,-0.2377622377622379
DES_ETA,primary,3171,0.02097902097902103
DES_ETA,primary,3172,0.5874125874125875
DES_ETA,primary,3173,0.3356643356643357
DES_ETA,primary,3174,0.1398601398601399
DES_ETA,primary,3175,0.06293706293706293
DES_ETA,primary,3176,0.3706293706293706
DES_ETA,primary,3177,-0.20279720279720292
DES_ETA,primary,3178,-0.2727272727272728
DES_ETA,primary,3179,0.3216783216783217
DES_ETA,primary,3180,-0.08391608391608392
DES_ETA,primary,3181,-0.27972027972027985
DES_ETA,primary,3182,-0.23076923076923087
DES_ETA,primary,3183,0.25874125874125886
DES_ETA,primary,3184,-0.4265734265734267
DES_ETA,primary,3185,-0.06293706293706298
DES_ETA,primary,3186,-0.4965034965034966
DES_ETA,primary,3187,-0.25874125874125886
DES_ETA,primary,3188,0.06993006993006996
DES_ETA,primary,3189,-0.4825174825174825
DES_ETA,primary,3190,-0.3006993006993008
DES_ETA,primary,3191,-0.23776223776223782
DES_ETA,primary,3192,0.28671328671328666
DES_ETA,primary,3193,0.3986013986013987
DES_ETA,primary,3194,0.013986013986014031
DES_ETA,primary,3195,-0.11888111888111892
DES_ETA,primary,3196,-0.3706293706293708
DES_ETA,primary,3197,0.041958041958041904
DES_ETA,primary,3198,0.09790209790209796
DES_ETA,primary,3199,0.41958041958041975
DES_ETA,primary,3200,0.4335664335664336
DES_ETA,primary,3201,0.041958041958041946
DES_ETA,primary,3202,0.4685314685314687
DES_ETA,primary,3203,-0.0069930069930069965
DES_ETA,primary,3204,-0.4615384615384617
DES_ETA,primary,3205,-0.034965034965035
DES_ETA,primary,3206,0.19580419580419586
DES_ETA,primary,3207,-0.2377622377622378
DES_ETA,primary,3208,0.19580419580419586
DES_ETA,primary,3209,-0.2587412587412588
DES_ETA,primary,3210,0.6223776223776225
DES_ETA,primary,3211,-0.23776223776223784
DES_ETA,primary,3212,0.8041958041958045
DES_ETA,primary,3213,0.48251748251748255
DES_ETA,primary,3214,0.3006993006993007
DES_ETA,primary,3215,0.4265734265734266
DES_ETA,primary,3216,-0.22377622377622386
DES_ETA,primary,3217,-0.2657342657342658
DES_ETA,primary,3218,0.13986013986013993
DES_ETA,primary,3219,0.05594405594405597
DES_ETA,primary,3220,0.2657342657342658
DES_ETA,primary,3221,0.2447552447552449
DES_ETA,primary,3222,-0.11888111888111885
DES_ETA,primary,3223,0.3426573426573427
DES_ETA,primary,3224,0.013986013986013979
DES_ETA,primary,3225,0.04895104895104898
DES_ETA,primary,3226,0.3706293706293707
DES_ETA,primary,3227,0.28671328671328683
DES_ETA,primary,3228,0.2027972027972029
DES_ETA,primary,3229,0.18181818181818188
DES_ETA,primary,3230,-0.03496503496503498
DES_ETA,primary,3231,0.09790209790209793
DES_ETA,primary,3232,0.034965034965034975
DES_ETA,primary,3233,0.3636363636363637
DES_ETA,primary,3234,0.09090909090909093
DES_ETA,primary,3235,0.4615384615384616
DES_ETA,primary,3236,0.048951048951048994
DES_ETA,primary,3237,-0.3216783216783217
DES_ETA,primary,3238,-0.1678321678321679
DES_ETA,primary,3239,0.18181818181818185
DES_ETA,primary,3240,-0.10489510489510497
DES_ETA,primary,3241,-0.24475524475524482
DES_ETA,primary,3242,-0.04895104895104898
DES_ETA,primary,3243,-0.3006993006993008
DES_ETA,primary,3244,0.08391608391608396
DES_ETA,primary,3245,0.41958041958041953
DES_ETA,primary,3246,-0.20979020979020988
DES_ETA,primary,3247,0.08391608391608396
DES_ETA,primary,3248,-0.006993006993006962
DES_ETA,primary,3249,-0.13286713286713284
DES_ETA,primary,3250,-0.08391608391608395
DES_ETA,primary,3251,-0.5874125874125875
DES_ETA,primary,3252,0.27972027972027974
DES_ETA,primary,3253,0.4265734265734267
DES_ETA,primary,3254,-0.013986013986013965
DES_ETA,primary,3255,0.34265734265734277
DES_ETA,primary,3256,-0.04195804195804199
DES_ETA,primary,3257,0.3706293706293707
DES_ETA,primary,3258,0.25174825174825183
DES_ETA,primary,3259,0.18881118881118883
DES_ETA,primary,3260,-0.07692307692307691
DES_ETA,primary,3261,-0.07692307692307697
DES_ETA,primary,3262,-0.034965034965034926
DES_ETA,primary,3263,-0.2377622377622378
DES_ETA,primary,3264,0.5034965034965037
DES_ETA,primary,3265,-0.034965034965034975
DES_ETA,primary,3266,0.3286713286713287
DES_ETA,primary,3267,-0.5244755244755247
DES_ETA,primary,3268,-0.04195804195804193
DES_ETA,primary,3269,0.23776223776223773
DES_ETA,primary,3270,0.0979020979020979
DES_ETA,primary,3271,-0.20979020979020982
DES_ETA,primary,3272,0.41958041958041964
DES_ETA,primary,3273,-0.2937062937062938
DES_ETA,primary,3274,-0.3706293706293707
DES_ETA,primary,3275,0.11888111888111885
DES_ETA,primary,3276,0.5734265734265735
DES_ETA,primary,3277,-0.09790209790209792
DES_ETA,primary,3278,0.06993006993006992
DES_ETA,primary,3279,0.2447552447552448
DES_ETA,primary,3280,0.10489510489510495
DES_ETA,primary,3281,0.5524475524475526
DES_ETA,primary,3282,0.06293706293706294
DES_ETA,primary,3283,-0.07692307692307691
DES_ETA,primary,3284,0.12587412587412597
DES_ETA,primary,3285,-0.30769230769230776
DES_ETA,primary,3286,0.20279720279720284
DES_ETA,primary,3287,-0.2377622377622378
DES_ETA,primary,3288,0.6433566433566434
DES_ETA,primary,3289,0.02797202797202801
DES_ETA,primary,3290,-0.2867132867132867
DES_ETA,primary,3291,0.041958041958041946
DES_ETA,primary,3292,-0.03496503496503498
DES_ETA,primary,3293,-0.048951048951048994
DES_ETA,primary,3294,0.4685314685314687
DES_ETA,primary,3295,-0.02797202797202789
DES_ETA,primary,3296,-0.0909090909090909
DES_ETA,primary,3297,0.1048951048951049
DES_ETA,primary,3298,0.09790209790209796
DES_ETA,primary,3299,-0.2657342657342658
DES_ETA,primary,3300,-0.30769230769230776
DES_ETA,primary,3301,0.12587412587412591
DES_ETA,primary,3302,0.3286713286713287
DES_ETA,primary,3303,0.2937062937062938
DES_ETA,primary,3304,-0.07692307692307691
DES_ETA,primary,3305,0.1608391608391609
DES_ETA,primary,3306,0.31468531468531474
DES_ETA,primary,3307,0.2867132867132867
DES_ETA,primary,3308,0.30769230769230776
DES_ETA,primary,3309,-0.1958041958041958
DES_ETA,primary,3310,-0.6293706293706295
DES_ETA,primary,3311,-0.006993006993007034
DES_ETA,primary,3312,-0.0909090909090909
DES_ETA,primary,3313,0.3636363636363637
DES_ETA,primary,3314,-0.3566433566433567
DES_ETA,primary,3315,0.1818181818181819
DES_ETA,primary,3316,-0.09790209790209793
DES_ETA,primary,3317,-0.15384615384615388
DES_ETA,primary,3318,0.1188811188811189
DES_ETA,primary,3319,0.5524475524475526
DES_ETA,primary,3320,0.38461538461538475
DES_ETA,primary,3321,-0.06993006993006992
DES_ETA,primary,3322,-0.020979020979020973
DES_ETA,primary,3323,0.27972027972027974
DES_ETA,primary,3324,0.02797202797202795
DES_ETA,primary,3325,-0.11188811188811193
DES_ETA,primary,3326,-0.08391608391608397
DES_ETA,primary,3327,-0.08391608391608395
DES_ETA,primary,3328,0.30769230769230776
DES_ETA,primary,3329,0.11888111888111895
DES_ETA,primary,3330,0.4895104895104896
DES_ETA,primary,3331,0.3566433566433567
DES_ETA,primary,3332,0.35664335664335683
DES_ETA,primary,3333,0.1748251748251749
DES_ETA,primary,3334,0.3776223776223777
DES_ETA,primary,3335,-0.18181818181818188
DES_ETA,primary,3336,0.6783216783216784
DES_ETA,primary,3337,-0.22377622377622383
DES_ETA,primary,3338,0.27272727272727276
DES_ETA,primary,3339,0.13286713286713295
DES_ETA,primary,3340,0.29370629370629375
DES_ETA,primary,3341,0.30769230769230776
DES_ETA,primary,3342,-0.13986013986013987
DES_ETA,primary,3343,0.14685314685314688
DES_ETA,primary,3344,0.15384615384615388
DES_ETA,primary,3345,-0.020979020979020935
DES_ETA,primary,3346,-0.20279720279720284
DES_ETA,primary,3347,0.20979020979020988
DES_ETA,primary,3348,-0.25174825174825183
DES_ETA,primary,3349,-0.16083916083916086
DES_ETA,primary,3350,-0.09090909090909094
DES_ETA,primary,3351,0.13286713286713292
DES_ETA,primary,3352,0.47552447552447563
DES_ETA,primary,3353,-0.6433566433566434
DES_ETA,primary,3354,-0.5244755244755245
DES_ETA,primary,3355,0.16083916083916092
DES_ETA,primary,3356,-0.11188811188811193
DES_ETA,primary,3357,0.2587412587412588
DES_ETA,primary,3358,0.21678321678321688
DES_ETA,primary,3359,0.12587412587412591
DES_ETA,primary,3360,-0.04895104895104895
DES_ETA,primary,3361,0.5174825174825176
DES_ETA,primary,3362,0.17482517482517487
DES_ETA,primary,3363,-0.11188811188811189
DES_ETA,primary,3364,0.5034965034965037
DES_ETA,primary,3365,0.3776223776223777
DES_ETA,primary,3366,-0.1748251748251748
DES_ETA,primary,3367,-0.03496503496503499
DES_ETA,primary,3368,0.5034965034965037
DES_ETA,primary,3369,0.48251748251748255
DES_ETA,primary,3370,-0.3706293706293706
DES_ETA,primary,3371,-0.3776223776223777
DES_ETA,primary,3372,0.23776223776223784
DES_ETA,primary,3373,-0.3356643356643357
DES_ETA,primary,3374,0.35664335664335667
DES_ETA,primary,3375,0.06993006993006996
DES_ETA,primary,3376,0.18881118881118883
DES_ETA,primary,3377,-0.16083916083916092
DES_ETA,primary,3378,0.041958041958042015
DES_ETA,primary,3379,-0.14685314685314688
DES_ETA,primary,3380,0.12587412587412591
DES_ETA,primary,3381,-0.2447552447552448
DES_ETA,primary,3382,-0.5454545454545455
DES_ETA,primary,3383,-0.13986013986013987
DES_ETA,primary,3384,0.034965034965035
DES_ETA,primary,3385,0.47552447552447563
DES_ETA,primary,3386,0.5664335664335667
DES_ETA,primary,3387,0.1048951048951049
DES_ETA,primary,3388,0.1048951048951049
DES_ETA,primary,3389,-0.4055944055944058
DES_ETA,primary,3390,0.013986013986013991
DES_ETA,primary,3391,-0.27272727272727276
DES_ETA,primary,3392,-0.18881118881118888
DES_ETA,primary,3393,-0.36363636363636376
DES_ETA,primary,3394,0.013986013986014033
DES_ETA,primary,3395,0.2797202797202798
DES_ETA,primary,3396,0.1818181818181819
DES_ETA,primary,3397,-0.24475524475524482
DES_ETA,primary,3398,0.08391608391608395
DES_ETA,primary,3399,0.16083916083916086
DES_ETA,primary,3400,0.41258741258741266
DES_ETA,primary,3401,-0.10489510489510491
DES_ETA,primary,3402,0.27272727272727276
DES_ETA,primary,3403,-0.16083916083916086
DES_ETA,primary,3404,0.30769230769230776
DES_ETA,primary,3405,0.6223776223776225
DES_ETA,primary,3406,0.07692307692307694
DES_ETA,primary,3407,0.0069930069930070225
DES_ETA,primary,3408,-0.38461538461538475
DES_ETA,primary,3409,-0.28671328671328683
DES_ETA,primary,3410,0.3636363636363636
DES_ETA,primary,3411,-0.23776223776223784
DES_ETA,primary,3412,0.5524475524475526
DES_ETA,primary,3413,0.08391608391608395
DES_ETA,primary,3414,0.1398601398601399
DES_ETA,primary,3415,-0.3566433566433567
DES_ETA,primary,3416,-0.18881118881118883
DES_ETA,primary,3417,-0.18181818181818185
DES_ETA,primary,3418,0.17482517482517487
DES_ETA,primary,3419,0.10489510489510494
DES_ETA,primary,3420,0.3986013986013987
DES_ETA,primary,3421,-0.06293706293706297
DES_ETA,primary,3422,0.16783216783216784
DES_ETA,primary,3423,-0.013986013986014024
DES_ETA,primary,3424,0.6993006993006993
DES_ETA,primary,3425,-0.20979020979020988
DES_ETA,primary,3426,0.5874125874125875
DES_ETA,primary,3427,0.034965034965034995
DES_ETA,primary,3428,-0.11188811188811193
DES_ETA,primary,3429,-0.41258741258741266
DES_ETA,primary,3430,-0.3916083916083917
DES_ETA,primary,3431,-0.16083916083916092
DES_ETA,primary,3432,0.3986013986013987
DES_ETA,primary,3433,0.20279720279720284
DES_ETA,primary,3434,-0.20979020979020982
DES_ETA,primary,3435,0.10489510489510494
DES_ETA,primary,3436,0.26573426573426573
DES_ETA,primary,3437,0.1818181818181818
DES_ETA,primary,3438,0.05594405594405594
DES_ETA,primary,3439,-0.41958041958041975
DES_ETA,primary,3440,0.2937062937062938
DES_ETA,primary,3441,0.8251748251748253
DES_ETA,primary,3442,0.19580419580419584
DES_ETA,primary,3443,0.11188811188811193
DES_ETA,primary,3444,0.1188811188811189
DES_ETA,primary,3445,0.08391608391608389
DES_ETA,primary,3446,0.6923076923076925
DES_ETA,primary,3447,-0.013986013986013965
DES_ETA,primary,3448,-0.055944055944055944
DES_ETA,primary,3449,-0.034965034965035
DES_ETA,primary,3450,0.020979020979020976
DES_ETA,primary,3451,0.027972027972027958
DES_ETA,primary,3452,-0.23076923076923084
DES_ETA,primary,3453,0.3916083916083917
DES_ETA,primary,3454,-0.18881118881118883
DES_ETA,primary,3455,0.2867132867132867
DES_ETA,primary,3456,-0.2587412587412588
DES_ETA,primary,3457,0.06993006993006991
DES_ETA,primary,3458,0.08391608391608392
DES_ETA,primary,3459,-0.2657342657342658
DES_ETA,primary,3460,0.27272727272727276
DES_ETA,primary,3461,-0.4545454545454546
DES_ETA,primary,3462,0.4125874125874127
DES_ETA,primary,3463,0.3706293706293708
DES_ETA,primary,3464,0.4965034965034966
DES_ETA,primary,3465,-0.04195804195804199
DES_ETA,primary,3466,-0.30769230769230776
DES_ETA,primary,3467,-0.08391608391608392
DES_ETA,primary,3468,0.8811188811188813
DES_ETA,primary,3469,-0.03496503496503494
DES_ETA,primary,3470,-0.17482517482517493
DES_ETA,primary,3471,0.18881118881118888
DES_ETA,primary,3472,0.21678321678321688
DES_ETA,primary,3473,0.006993006993007071
DES_ETA,primary,3474,0.2167832167832168
DES_ETA,primary,3475,-0.47552447552447563
DES_ETA,primary,3476,0.08391608391608396
DES_ETA,primary,3477,6.852157730108388e-17
DES_ETA,primary,3478,0.34265734265734277
DES_ETA,primary,3479,0.2097902097902098
DES_ETA,primary,3480,-0.027972027972027958
DES_ETA,primary,3481,0.4965034965034966
DES_ETA,primary,3482,0.36363636363636376
DES_ETA,primary,3483,-0.17482517482517487
DES_ETA,primary,3484,-0.11888111888111892
DES_ETA,primary,3485,0.4965034965034967
DES_ETA,primary,3486,-0.41958041958041975
DES_ETA,primary,3487,0.06293706293706296
DES_ETA,primary,3488,-0.3426573426573427
DES_ETA,primary,3489,0.1538461538461539
DES_ETA,primary,3490,0.4475524475524477
DES_ETA,primary,3491,-3.1514143146912e-17
DES_ETA,primary,3492,-3.469446951953614e-17
DES_ETA,primary,3493,-0.28671328671328683
DES_ETA,primary,3494,0.6643356643356645
DES_ETA,primary,3495,0.17482517482517487
DES_ETA,primary,3496,-0.22377622377622383
DES_ETA,primary,3497,0.31468531468531474
DES_ETA,primary,3498,0.06993006993006988
DES_ETA,primary,3499,0.22377622377622383
DES_ETA,primary,3500,0.5104895104895105
DES_ETA,primary,3501,-0.6293706293706296
DES_ETA,primary,3502,0.04895104895104894
DES_ETA,primary,3503,-0.48251748251748267
DES_ETA,primary,3504,0.08391608391608395
DES_ETA,primary,3505,0.4125874125874127
DES_ETA,primary,3506,-0.3706293706293708
DES_ETA,primary,3507,0.02097902097902093
DES_ETA,primary,3508,0.27972027972027974
DES_ETA,primary,3509,-0.39160839160839167
DES_ETA,primary,3510,-0.0909090909090909
DES_ETA,primary,3511,0.4055944055944056
DES_ETA,primary,3512,0.4055944055944056
DES_ETA,primary,3513,0.31468531468531474
DES_ETA,primary,3514,0.5804195804195805
DES_ETA,primary,3515,0.6853146853146854
DES_ETA,primary,3516,-0.14685314685314688
DES_ETA,primary,3517,-0.20279720279720284
DES_ETA,primary,3518,-0.09790209790209796
DES_ETA,primary,3519,-0.20279720279720284
DES_ETA,primary,3520,0.1398601398601399
DES_ETA,primary,3521,0.11188811188811193
DES_ETA,primary,3522,0.18181818181818185
DES_ETA,primary,3523,0.1748251748251749
DES_ETA,primary,3524,-0.20979020979020982
DES_ETA,primary,3525,-0.44755244755244766
DES_ETA,primary,3526,-0.08391608391608397
DES_ETA,primary,3527,-0.34265734265734277
DES_ETA,primary,3528,-0.38461538461538464
DES_ETA,primary,3529,0.44755244755244766
DES_ETA,primary,3530,-0.3006993006993008
DES_ETA,primary,3531,-0.22377622377622378
DES_ETA,primary,3532,0.14685314685314688
DES_ETA,primary,3533,0.06993006993006995
DES_ETA,primary,3534,-0.4055944055944057
DES_ETA,primary,3535,-0.048951048951048994
DES_ETA,primary,3536,0.29370629370629375
DES_ETA,primary,3537,0.13286713286713286
DES_ETA,primary,3538,0.35664335664335667
DES_ETA,primary,3539,0.02797202797202795
DES_ETA,primary,3540,-0.27272727272727276
DES_ETA,primary,3541,0.17482517482517482
DES_ETA,primary,3542,-9.25185853854297e-18
DES_ETA,primary,3543,-0.3216783216783217
DES_ETA,primary,3544,-0.6503496503496505
DES_ETA,primary,3545,0.10489510489510497
DES_ETA,primary,3546,-0.006993006993007013
DES_ETA,primary,3547,-0.034965034965034926
DES_ETA,primary,3548,0.24475524475524477
DES_ETA,primary,3549,0.16083916083916086
DES_ETA,primary,3550,0.08391608391608392
DES_ETA,primary,3551,-0.027972027972028007
DES_ETA,primary,3552,-0.17482517482517487
DES_ETA,primary,3553,-0.38461538461538464
DES_ETA,primary,3554,0.027972027972028007
DES_ETA,primary,3555,0.5314685314685316
DES_ETA,primary,3556,0.4685314685314686
DES_ETA,primary,3557,-0.2657342657342658
DES_ETA,primary,3558,0.35664335664335667
DES_ETA,primary,3559,0.06293706293706293
DES_ETA,primary,3560,0.4055944055944057
DES_ETA,primary,3561,0.21678321678321688
DES_ETA,primary,3562,-0.11888111888111891
DES_ETA,primary,3563,0.3356643356643358
DES_ETA,primary,3564,-0.09790209790209788
DES_ETA,primary,3565,0.18881118881118886
DES_ETA,primary,3566,0.14685314685314688
DES_ETA,primary,3567,0.2867132867132867
DES_ETA,primary,3568,-0.2027972027972028
DES_ETA,primary,3569,0.11188811188811192
DES_ETA,primary,3570,0.28671328671328683
DES_ETA,primary,3571,-0.04895104895104891
DES_ETA,primary,3572,-0.1398601398601399
DES_ETA,primary,3573,0.6783216783216784
DES_ETA,primary,3574,-0.06993006993006996
DES_ETA,primary,3575,0.41958041958041964
DES_ETA,primary,3576,-0.06293706293706296
DES_ETA,primary,3577,0.020979020979020952
DES_ETA,primary,3578,0.055944055944056
DES_ETA,primary,3579,-0.2657342657342658
DES_ETA,primary,3580,0.09790209790209793
DES_ETA,primary,3581,-0.20979020979020982
DES_ETA,primary,3582,-0.32867132867132876
DES_ETA,primary,3583,-0.27972027972027974
DES_ETA,primary,3584,-0.048951048951048924
DES_ETA,primary,3585,0.3006993006993008
DES_ETA,primary,3586,0.076923076923077
DES_ETA,primary,3587,-0.02797202797202797
DES_ETA,primary,3588,0.04895104895104899
DES_ETA,primary,3589,-0.23076923076923075
DES_ETA,primary,3590,-0.2447552447552448
DES_ETA,primary,3591,-0.16083916083916092
DES_ETA,primary,3592,-0.11888111888111887
DES_ETA,primary,3593,-0.03496503496503498
DES_ETA,primary,3594,0.17482517482517482
DES_ETA,primary,3595,0.5244755244755247
DES_ETA,primary,3596,0.2797202797202798
DES_ETA,primary,3597,0.41958041958041975
DES_ETA,primary,3598,-0.027972027972027986
DES_ETA,primary,3599,0.4405594405594407
DES_ETA,primary,3600,-0.5244755244755246
DES_ETA,primary,3601,0.5524475524475525
DES_ETA,primary,3602,-0.04195804195804203
DES_ETA,primary,3603,0.07692307692307697
DES_ETA,primary,3604,0.2447552447552449
DES_ETA,primary,3605,-0.020979020979020945
DES_ETA,primary,3606,0.3006993006993008
DES_ETA,primary,3607,-0.35664335664335667
DES_ETA,primary,3608,0.38461538461538464
DES_ETA,primary,3609,-0.1398601398601399
DES_ETA,primary,3610,0.3146853146853148
DES_ETA,primary,3611,0.1818181818181818
DES_ETA,primary,3612,0.1258741258741259
DES_ETA,primary,3613,0.4265734265734267
DES_ETA,primary,3614,-0.16083916083916083
DES_ETA,primary,3615,0.02097902097902099
DES_ETA,primary,3616,0.0069930069930070095
DES_ETA,primary,3617,0.13286713286713292
DES_ETA,primary,3618,0.04895104895104894
DES_ETA,primary,3619,0.18181818181818185
DES_ETA,primary,3620,0.39160839160839167
DES_ETA,primary,3621,0.04895104895104896
DES_ETA,primary,3622,0.38461538461538475
DES_ETA,primary,3623,0.2447552447552448
DES_ETA,primary,3624,-0.30769230769230776
DES_ETA,primary,3625,6.707597440443654e-17
DES_ETA,primary,3626,0.48951048951048964
DES_ETA,primary,3627,0.2937062937062937
DES_ETA,primary,3628,0.5594405594405596
DES_ETA,primary,3629,-0.32167832167832183
DES_ETA,primary,3630,-0.1258741258741259
DES_ETA,primary,3631,0.2377622377622378
DES_ETA,primary,3632,0.06993006993006999
DES_ETA,primary,3633,-0.41958041958041964
DES_ETA,primary,3634,0.013986013986014048
DES_ETA,primary,3635,0.14685314685314685
DES_ETA,primary,3636,-0.1468531468531469
DES_ETA,primary,3637,0.31468531468531463
DES_ETA,primary,3638,-0.15384615384615383
DES_ETA,primary,3639,-0.1398601398601399
DES_ETA,primary,3640,-0.0069930069930069574
DES_ETA,primary,3641,-0.38461538461538475
DES_ETA,primary,3642,-0.05594405594405593
DES_ETA,primary,3643,0.4405594405594407
DES_ETA,primary,3644,0.12587412587412591
DES_ETA,primary,3645,-0.23776223776223782
DES_ETA,primary,3646,-0.16083916083916086
DES_ETA,primary,3647,-0.26573426573426584
DES_ETA,primary,3648,-0.1328671328671329
DES_ETA,primary,3649,-0.32867132867132876
DES_ETA,primary,3650,0.3706293706293708
DES_ETA,primary,3651,0.013986013986014003
DES_ETA,primary,3652,0.11888111888111892
DES_ETA,primary,3653,0.3356643356643358
DES_ETA,primary,3654,-0.5384615384615385
DES_ETA,primary,3655,-0.16083916083916083
DES_ETA,primary,3656,0.02097902097902099
DES_ETA,primary,3657,-2.3129646346357427e-18
DES_ETA,primary,3658,-0.25174825174825183
DES_ETA,primary,3659,-0.3286713286713287
DES_ETA,primary,3660,-0.7202797202797204
DES_ETA,primary,3661,-0.48951048951048975
DES_ETA,primary,3662,0.45454545454545464
DES_ETA,primary,3663,0.5734265734265735
DES_ETA,primary,3664,0.12587412587412591
DES_ETA,primary,3665,-0.05594405594405594
DES_ETA,primary,3666,0.20979020979020988
DES_ETA,primary,3667,0.3006993006993008
DES_ETA,primary,3668,-0.6223776223776225
DES_ETA,primary,3669,-0.3566433566433567
DES_ETA,primary,3670,0.05594405594405596
DES_ETA,primary,3671,0.6363636363636365
DES_ETA,primary,3672,0.027972027972027955
DES_ETA,primary,3673,-0.4055944055944056
DES_ETA,primary,3674,0.020979020979020976
DES_ETA,primary,3675,-0.2097902097902098
DES_ETA,primary,3676,-0.5944055944055946
DES_ETA,primary,3677,-0.5314685314685316
DES_ETA,primary,3678,0.16783216783216792
DES_ETA,primary,3679,-0.3986013986013987
DES_ETA,primary,3680,0.05594405594405597
DES_ETA,primary,3681,-0.4405594405594407
DES_ETA,primary,3682,-0.08391608391608395
DES_ETA,primary,3683,0.3986013986013987
DES_ETA,primary,3684,0.22377622377622386
DES_ETA,primary,3685,0.6853146853146854
DES_ETA,primary,3686,0.20279720279720279
DES_ETA,primary,3687,0.3636363636363637
DES_ETA,primary,3688,0.2517482517482517
DES_ETA,primary,3689,0.03496503496503497
DES_ETA,primary,3690,-0.27272727272727276
DES_ETA,primary,3691,0.44755244755244766
DES_ETA,primary,3692,0.2937062937062938
DES_ETA,primary,3693,-0.3636363636363637
DES_ETA,primary,3694,0.08391608391608389
DES_ETA,primary,3695,0.5174825174825176
DES_ETA,primary,3696,-0.2867132867132867
DES_ETA,primary,3697,-0.0909090909090909
DES_ETA,primary,3698,0.006993006993006985
DES_ETA,primary,3699,0.36363636363636376
DES_ETA,primary,3700,0.5454545454545455
DES_ETA,primary,3701,-0.32867132867132876
DES_ETA,primary,3702,-0.09790209790209792
DES_ETA,primary,3703,-0.04195804195804201
DES_ETA,primary,3704,0.4755244755244756
DES_ETA,primary,3705,-0.5944055944055945
DES_ETA,primary,3706,0.20979020979020982
DES_ETA,primary,3707,-0.16083916083916086
DES_ETA,primary,3708,-0.6363636363636365
DES_ETA,primary,3709,-0.020979020979021008
DES_ETA,primary,3710,0.0909090909090909
DES_ETA,primary,3711,0.39860139860139876
DES_ETA,primary,3712,0.5244755244755246
DES_ETA,primary,3713,-0.2937062937062937
DES_ETA,primary,3714,-0.16083916083916092
DES_ETA,primary,3715,-0.09090909090909094
DES_ETA,primary,3716,-0.1678321678321679
DES_ETA,primary,3717,-0.2657342657342658
DES_ETA,primary,3718,0.23776223776223782
DES_ETA,primary,3719,-0.03496503496503498
DES_ETA,primary,3720,0.10489510489510497
DES_ETA,primary,3721,0.30769230769230776
DES_ETA,primary,3722,-0.13286713286713286
DES_ETA,primary,3723,-0.2657342657342658
DES_ETA,primary,3724,-0.31468531468531474
DES_ETA,primary,3725,-0.06293706293706296
DES_ETA,primary,3726,0.31468531468531474
DES_ETA,primary,3727,-0.21678321678321685
DES_ETA,primary,3728,-0.18881118881118886
DES_ETA,primary,3729,-0.4615384615384617
DES_ETA,primary,3730,0.1818181818181818
DES_ETA,primary,3731,0.1188811188811189
DES_ETA,primary,3732,0.22377622377622383
DES_ETA,primary,3733,0.24475524475524482
DES_ETA,primary,3734,0.1328671328671329
DES_ETA,primary,3735,-0.4055944055944057
DES_ETA,primary,3736,-0.5944055944055945
DES_ETA,primary,3737,0.14685314685314685
DES_ETA,primary,3738,-0.09090909090909093
DES_ETA,primary,3739,-0.34965034965034975
DES_ETA,primary,3740,-0.29370629370629375
DES_ETA,primary,3741,-0.25874125874125875
DES_ETA,primary,3742,-0.41958041958041975
DES_ETA,primary,3743,0.10489510489510494
DES_ETA,primary,3744,-0.00699300699300705
DES_ETA,primary,3745,0.18881118881118886
DES_ETA,primary,3746,0.27972027972027985
DES_ETA,primary,3747,-0.18881118881118883
DES_ETA,primary,3748,-0.18881118881118886
DES_ETA,primary,3749,-0.12587412587412591
DES_ETA,primary,3750,0.04195804195804195
DES_ETA,primary,3751,-0.2867132867132868
DES_ETA,primary,3752,0.17482517482517487
DES_ETA,primary,3753,0.12587412587412591
DES_ETA,primary,3754,-0.10489510489510488
DES_ETA,primary,3755,-0.1748251748251749
DES_ETA,primary,3756,0.06293706293706294
DES_ETA,primary,3757,0.013986013986014047
DES_ETA,primary,3758,0.3986013986013987
DES_ETA,primary,3759,-0.09790209790209793
DES_ETA,primary,3760,-0.17482517482517487
DES_ETA,primary,3761,0.3356643356643357
DES_ETA,primary,3762,-0.15384615384615388
DES_ETA,primary,3763,-0.17482517482517487
DES_ETA,primary,3764,0.055944055944055986
DES_ETA,primary,3765,0.09090909090909098
DES_ETA,primary,3766,0.19580419580419584
DES_ETA,primary,3767,0.11188811188811189
DES_ETA,primary,3768,0.5314685314685316
DES_ETA,primary,3769,0.0769230769230769
DES_ETA,primary,3770,6.938893903907228e-18
DES_ETA,primary,3771,0.08391608391608392
DES_ETA,primary,3772,-0.4405594405594407
DES_ETA,primary,3773,-0.32167832167832183
DES_ETA,primary,3774,-0.26573426573426584
DES_ETA,primary,3775,-0.4265734265734267
DES_ETA,primary,3776,-6.938893903907228e-18
DES_ETA,primary,3777,0.18881118881118886
DES_ETA,primary,3778,0.5314685314685316
DES_ETA,primary,3779,0.00699300699300696
DES_ETA,primary,3780,-0.0069930069930070025
DES_ETA,primary,3781,-0.15384615384615388
DES_ETA,primary,3782,-0.4965034965034966
DES_ETA,primary,3783,0.1258741258741259
DES_ETA,primary,3784,-0.10489510489510491
DES_ETA,primary,3785,0.1608391608391609
DES_ETA,primary,3786,0.15384615384615394
DES_ETA,primary,3787,0.04195804195804196
DES_ETA,primary,3788,0.3216783216783218
DES_ETA,primary,3789,-0.11188811188811192
DES_ETA,primary,3790,-0.04195804195804198
DES_ETA,primary,3791,0.006993006993007013
DES_ETA,primary,3792,0.13286713286713292
DES_ETA,primary,3793,0.27272727272727276
DES_ETA,primary,3794,-0.29370629370629375
DES_ETA,primary,3795,-0.25174825174825183
DES_ETA,primary,3796,-0.4125874125874127
DES_ETA,primary,3797,-0.4125874125874127
DES_ETA,primary,3798,0.15384615384615388
DES_ETA,primary,3799,-0.07692307692307697
DES_ETA,primary,3800,0.09090909090909093
DES_ETA,primary,3801,0.3006993006993008
DES_ETA,primary,3802,-0.03496503496503494
DES_ETA,primary,3803,-0.18881118881118888
DES_ETA,primary,3804,-0.11888111888111887
DES_ETA,primary,3805,0.2377622377622378
DES_ETA,primary,3806,0.2377622377622379
DES_ETA,primary,3807,-0.06293706293706298
DES_ETA,primary,3808,0.4055944055944057
DES_ETA,primary,3809,-0.027972027972027986
DES_ETA,primary,3810,0.5804195804195805
DES_ETA,primary,3811,-0.5594405594405596
DES_ETA,primary,3812,-0.18181818181818188
DES_ETA,primary,3813,0.3216783216783218
DES_ETA,primary,3814,-0.25174825174825183
DES_ETA,primary,3815,0.04895104895104894
DES_ETA,primary,3816,0.3636363636363637
DES_ETA,primary,3817,-0.006993006993007017
DES_ETA,primary,3818,0.29370629370629375
DES_ETA,primary,3819,0.03496503496503501
DES_ETA,primary,3820,0.34265734265734277
DES_ETA,primary,3821,0.28671328671328683
DES_ETA,primary,3822,-0.2447552447552448
DES_ETA,primary,3823,0.013986013986014014
DES_ETA,primary,3824,0.41258741258741266
DES_ETA,primary,3825,-0.11188811188811199
DES_ETA,primary,3826,0.5874125874125876
DES_ETA,primary,3827,-0.18881118881118883
DES_ETA,primary,3828,-0.38461538461538475
DES_ETA,primary,3829,0.1748251748251748
DES_ETA,primary,3830,0.2307692307692308
DES_ETA,primary,3831,-0.41958041958041964
DES_ETA,primary,3832,-0.048951048951048966
DES_ETA,primary,3833,0.2377622377622378
DES_ETA,primary,3834,0.4055944055944057
DES_ETA,primary,3835,-0.12587412587412594
DES_ETA,primary,3836,-0.006993006993007006
DES_ETA,primary,3837,-0.16083916083916086
DES_ETA,primary,3838,0.20279720279720284
DES_ETA,primary,3839,-0.07692307692307693
DES_ETA,primary,3840,-0.07692307692307694
DES_ETA,primary,3841,0.04895104895104899
DES_ETA,primary,3842,-0.1608391608391608
DES_ETA,primary,3843,-0.48251748251748267
DES_ETA,primary,3844,0.16783216783216792
DES_ETA,primary,3845,0.055944055944055944
DES_ETA,primary,3846,-0.1398601398601399
DES_ETA,primary,3847,0.45454545454545475
DES_ETA,primary,3848,-0.034965034965034954
DES_ETA,primary,3849,0.06293706293706301
DES_ETA,primary,3850,0.14685314685314693
DES_ETA,primary,3851,-0.055944055944055986
DES_ETA,primary,3852,-0.16783216783216792
DES_ETA,primary,3853,0.03496503496503498
DES_ETA,primary,3854,0.13986013986013984
DES_ETA,primary,3855,0.27272727272727276
DES_ETA,primary,3856,-0.30769230769230776
DES_ETA,primary,3857,-0.45454545454545464
DES_ETA,primary,3858,-0.5314685314685316
DES_ETA,primary,3859,0.16083916083916086
DES_ETA,primary,3860,0.31468531468531474
DES_ETA,primary,3861,-0.0559440559440559
DES_ETA,primary,3862,0.09790209790209796
DES_ETA,primary,3863,-0.45454545454545464
DES_ETA,primary,3864,-0.02797202797202801
DES_ETA,primary,3865,0.2657342657342658
DES_ETA,primary,3866,-0.05594405594405596
DES_ETA,primary,3867,-0.3636363636363637
DES_ETA,primary,3868,-0.05594405594405593
DES_ETA,primary,3869,0.5524475524475526
DES_ETA,primary,3870,-0.7482517482517483
DES_ETA,primary,3871,-0.06993006993006994
DES_ETA,primary,3872,-0.09090909090909095
DES_ETA,primary,3873,-0.19580419580419584
DES_ETA,primary,3874,-0.08391608391608397
DES_ETA,primary,3875,-0.4335664335664336
DES_ETA,primary,3876,-0.19580419580419584
DES_ETA,primary,3877,0.2447552447552448
DES_ETA,primary,3878,0.38461538461538464
DES_ETA,primary,3879,0.027972027972027986
DES_ETA,primary,3880,-0.4125874125874127
DES_ETA,primary,3881,-0.24475524475524482
DES_ETA,primary,3882,0.2867132867132867
DES_ETA,primary,3883,0.1048951048951049
DES_ETA,primary,3884,-0.3706293706293708
DES_ETA,primary,3885,-0.19580419580419586
DES_ETA,primary,3886,0.47552447552447563
DES_ETA,primary,3887,0.027972027972028024
DES_ETA,primary,3888,0.3566433566433567
DES_ETA,primary,3889,0.24475524475524482
DES_ETA,primary,3890,0.22377622377622375
DES_ETA,primary,3891,-0.14685314685314688
DES_ETA,primary,3892,-0.15384615384615394
DES_ETA,primary,3893,0.09790209790209788
DES_ETA,primary,3894,0.5734265734265737
DES_ETA,primary,3895,-0.06293706293706297
DES_ETA,primary,3896,0.05594405594405596
DES_ETA,primary,3897,-0.08391608391608397
DES_ETA,primary,3898,-0.4545454545454546
DES_ETA,primary,3899,0.20279720279720284
DES_ETA,primary,3900,-0.18881118881118877
DES_ETA,primary,3901,-0.27972027972027974
DES_ETA,primary,3902,-0.4335664335664336
DES_ETA,primary,3903,-0.3566433566433567
DES_ETA,primary,3904,0.04195804195804198
DES_ETA,primary,3905,0.41258741258741266
DES_ETA,primary,3906,-0.3286713286713287
DES_ETA,primary,3907,0.2167832167832168
DES_ETA,primary,3908,-0.44055944055944063
DES_ETA,primary,3909,0.4545454545454546
DES_ETA,primary,3910,0.2657342657342658
DES_ETA,primary,3911,0.5314685314685316
DES_ETA,primary,3912,0.21678321678321688
DES_ETA,primary,3913,0.3356643356643358
DES_ETA,primary,3914,0.18881118881118883
DES_ETA,primary,3915,-0.09790209790209799
DES_ETA,primary,3916,0.034965034965034975
DES_ETA,primary,3917,-0.3566433566433567
DES_ETA,primary,3918,0.1398601398601399
DES_ETA,primary,3919,0.5524475524475526
DES_ETA,primary,3920,-0.5524475524475526
DES_ETA,primary,3921,-0.09090909090909087
DES_ETA,primary,3922,0.03496503496503502
DES_ETA,primary,3923,-0.34265734265734277
DES_ETA,primary,3924,0.45454545454545464
DES_ETA,primary,3925,-0.3916083916083917
DES_ETA,primary,3926,-0.16783216783216784
DES_ETA,primary,3927,-0.20279720279720284
DES_ETA,primary,3928,0.13986013986013981
DES_ETA,primary,3929,0.4965034965034966
DES_ETA,primary,3930,-0.6433566433566436
DES_ETA,primary,3931,0.05594405594405596
DES_ETA,primary,3932,-0.1678321678321678
DES_ETA,primary,3933,0.034965034965034975
DES_ETA,primary,3934,0.2867132867132867
DES_ETA,primary,3935,0.2797202797202798
DES_ETA,primary,3936,0.3006993006993008
DES_ETA,primary,3937,0.5524475524475526
DES_ETA,primary,3938,0.1748251748251749
DES_ETA,primary,3939,-0.10489510489510491
DES_ETA,primary,3940,-0.5734265734265735
DES_ETA,primary,3941,-1.850371707708594e-17
DES_ETA,primary,3942,-0.5944055944055945
DES_ETA,primary,3943,-0.23776223776223782
DES_ETA,primary,3944,-0.3076923076923078
DES_ETA,primary,3945,0.0629370629370629
DES_ETA,primary,3946,0.47552447552447563
DES_ETA,primary,3947,0.034965034965034995
DES_ETA,primary,3948,-0.4055944055944057
DES_ETA,primary,3949,0.13986013986013987
DES_ETA,primary,3950,0.1328671328671329
DES_ETA,primary,3951,-0.5524475524475526
DES_ETA,primary,3952,0.13986013986013987
DES_ETA,primary,3953,-0.04895104895104896
DES_ETA,primary,3954,0.2167832167832168
DES_ETA,primary,3955,0.0839160839160839
DES_ETA,primary,3956,-0.2867132867132867
DES_ETA,primary,3957,-0.18881118881118886
DES_ETA,primary,3958,-0.44755244755244766
DES_ETA,primary,3959,-0.08391608391608392
DES_ETA,primary,3960,-0.041958041958041974
DES_ETA,primary,3961,-0.7482517482517483
DES_ETA,primary,3962,-0.12587412587412586
DES_ETA,primary,3963,0.30769230769230776
DES_ETA,primary,3964,-0.5524475524475526
DES_ETA,primary,3965,-0.3356643356643358
DES_ETA,primary,3966,-0.2587412587412588
DES_ETA,primary,3967,-0.5244755244755246
DES_ETA,primary,3968,-0.6433566433566434
DES_ETA,primary,3969,-0.30069930069930073
DES_ETA,primary,3970,0.08391608391608396
DES_ETA,primary,3971,0.15384615384615388
DES_ETA,primary,3972,0.05594405594405593
DES_ETA,primary,3973,0.16083916083916092
DES_ETA,primary,3974,0.4265734265734267
DES_ETA,primary,3975,0.5804195804195805
DES_ETA,primary,3976,0.12587412587412586
DES_ETA,primary,3977,9.25185853854297e-18
DES_ETA,primary,3978,-0.22377622377622378
DES_ETA,primary,3979,-0.19580419580419584
DES_ETA,primary,3980,0.013986013986014003
DES_ETA,primary,3981,-0.13986013986013987
DES_ETA,primary,3982,-0.04195804195804196
DES_ETA,primary,3983,0.2447552447552448
DES_ETA,primary,3984,-0.3216783216783217
DES_ETA,primary,3985,0.2937062937062938
DES_ETA,primary,3986,0.8181818181818185
DES_ETA,primary,3987,-0.4685314685314687
DES_ETA,primary,3988,0.3566433566433567
DES_ETA,primary,3989,0.4125874125874127
DES_ETA,primary,3990,-0.5314685314685316
DES_ETA,primary,3991,0.27272727272727276
DES_ETA,primary,3992,-0.6573426573426574
DES_ETA,primary,3993,-0.12587412587412591
DES_ETA,primary,3994,0.1468531468531469
DES_ETA,primary,3995,-0.5104895104895106
DES_ETA,primary,3996,0.006993006993007002
DES_ETA,primary,3997,0.44055944055944063
DES_ETA,primary,3998,0.5524475524475526
DES_ETA,primary,3999,0.06293706293706296
DES_ETA,primary,4000,-0.06993006993006999
DES_ETA,primary,4001,0.08391608391608397
DES_ETA,primary,4002,0.6013986013986016
DES_ETA,primary,4003,-0.34965034965034975
DES_ETA,primary,4004,0.1608391608391609
DES_ETA,primary,4005,-0.4265734265734266
DES_ETA,primary,4006,-0.23776223776223773
DES_ETA,primary,4007,0.04195804195804196
DES_ETA,primary,4008,0.4335664335664336
DES_ETA,primary,4009,0.20279720279720284
DES_ETA,primary,4010,-0.30769230769230776
DES_ETA,primary,4011,0.006993006993006999
DES_ETA,primary,4012,0.3216783216783218
DES_ETA,primary,4013,0.020979020979020987
DES_ETA,primary,4014,0.06993006993006996
DES_ETA,primary,4015,-0.11188811188811192
DES_ETA,primary,4016,-0.0979020979020979
DES_ETA,primary,4017,0.13986013986013993
DES_ETA,primary,4018,0.11888111888111895
DES_ETA,primary,4019,-0.14685314685314685
DES_ETA,primary,4020,0.3006993006993008
DES_ETA,primary,4021,-0.3706293706293707
DES_ETA,primary,4022,-0.2587412587412587
DES_ETA,primary,4023,0.1048951048951049
DES_ETA,primary,4024,0.34965034965034975
DES_ETA,primary,4025,0.4265734265734267
DES_ETA,primary,4026,-0.10489510489510491
DES_ETA,primary,4027,0.11188811188811199
DES_ETA,primary,4028,0.2027972027972028
DES_ETA,primary,4029,-0.5244755244755245
DES_ETA,primary,4030,0.2027972027972029
DES_ETA,primary,4031,-0.20279720279720284
DES_ETA,primary,4032,-0.006993006993006981
DES_ETA,primary,4033,0.3356643356643358
DES_ETA,primary,4034,0.18881118881118886
DES_ETA,primary,4035,-0.1188811188811189
DES_ETA,primary,4036,0.13986013986013987
DES_ETA,primary,4037,-0.3286713286713288
DES_ETA,primary,4038,-0.5944055944055946
DES_ETA,primary,4039,0.4335664335664337
DES_ETA,primary,4040,-0.048951048951048924
DES_ETA,primary,4041,0.38461538461538475
DES_ETA,primary,4042,-0.3426573426573427
DES_ETA,primary,4043,-0.12587412587412594
DES_ETA,primary,4044,-0.41258741258741266
DES_ETA,primary,4045,-0.013986013986013958
DES_ETA,primary,4046,-0.5314685314685315
DES_ETA,primary,4047,0.4545454545454546
DES_ETA,primary,4048,-0.8461538461538464
DES_ETA,primary,4049,0.13286713286713295
DES_ETA,primary,4050,0.0069930069930069635
DES_ETA,primary,4051,-0.006993006993007013
DES_ETA,primary,4052,-0.4125874125874127
DES_ETA,primary,4053,0.05594405594405591
DES_ETA,primary,4054,-0.27972027972027974
DES_ETA,primary,4055,-0.3006993006993008
DES_ETA,primary,4056,0.3636363636363637
DES_ETA,primary,4057,-0.4755244755244756
DES_ETA,primary,4058,0.6223776223776225
DES_ETA,primary,4059,0.3706293706293708
DES_ETA,primary,4060,0.4755244755244757
DES_ETA,primary,4061,0.21678321678321685
DES_ETA,primary,4062,-0.24475524475524468
DES_ETA,primary,4063,0.006993006993006995
DES_ETA,primary,4064,0.32867132867132876
DES_ETA,primary,4065,0.2447552447552447
DES_ETA,primary,4066,-0.5244755244755246
DES_ETA,primary,4067,-0.07692307692307696
DES_ETA,primary,4068,0.16083916083916092
DES_ETA,primary,4069,0.04895104895104899
DES_ETA,primary,4070,-0.34265734265734266
DES_ETA,primary,4071,-0.3356643356643358
DES_ETA,primary,4072,-0.4125874125874127
DES_ETA,primary,4073,-0.4545454545454546
DES_ETA,primary,4074,-0.30769230769230776
DES_ETA,primary,4075,-0.1328671328671329
DES_ETA,primary,4076,-0.31468531468531474
DES_ETA,primary,4077,-0.6083916083916084
DES_ETA,primary,4078,0.34265734265734277
DES_ETA,primary,4079,-0.08391608391608397
DES_ETA,primary,4080,-0.25174825174825183
DES_ETA,primary,4081,0.3986013986013987
DES_ETA,primary,4082,-0.18181818181818188
DES_ETA,primary,4083,0.09090909090909094
DES_ETA,primary,4084,0.18881118881118886
DES_ETA,primary,4085,0.23776223776223784
DES_ETA,primary,4086,-0.17482517482517487
DES_ETA,primary,4087,0.23076923076923075
DES_ETA,primary,4088,0.3216783216783217
DES_ETA,primary,4089,0.013986013986014017
DES_ETA,primary,4090,0.6083916083916086
DES_ETA,primary,4091,-0.23776223776223782
DES_ETA,primary,4092,0.33566433566433584
DES_ETA,primary,4093,-0.11888111888111891
DES_ETA,primary,4094,-0.12587412587412591
DES_ETA,primary,4095,0.3986013986013987
DES_ETA,primary,4096,-0.06993006993006994
DES_ETA,primary,4097,0.13286713286713286
DES_ETA,primary,4098,0.48251748251748255
DES_ETA,primary,4099,0.32167832167832183
DES_ETA,primary,4100,-0.034965034965035
DES_ETA,primary,4101,-0.3216783216783218
DES_ETA,primary,4102,-0.31468531468531474
DES_ETA,primary,4103,-0.13986013986013981
DES_ETA,primary,4104,-0.10489510489510494
DES_ETA,primary,4105,-0.25174825174825183
DES_ETA,primary,4106,0.2517482517482518
DES_ETA,primary,4107,0.29370629370629375
DES_ETA,primary,4108,0.38461538461538464
DES_ETA,primary,4109,-0.19580419580419584
DES_ETA,primary,4110,0.22377622377622383
DES_ETA,primary,4111,-0.1748251748251748
DES_ETA,primary,4112,-0.19580419580419592
DES_ETA,primary,4113,0.4615384615384615
DES_ETA,primary,4114,-0.4055944055944056
DES_ETA,primary,4115,0.3356643356643358
DES_ETA,primary,4116,-0.18881118881118883
DES_ETA,primary,4117,-0.22377622377622378
DES_ETA,primary,4118,-0.006993006993007031
DES_ETA,primary,4119,0.45454545454545464
DES_ETA,primary,4120,-0.3636363636363637
DES_ETA,primary,4121,-0.7202797202797205
DES_ETA,primary,4122,0.07692307692307694
DES_ETA,primary,4123,-0.06293706293706293
DES_ETA,primary,4124,-0.09790209790209796
DES_ETA,primary,4125,-0.3286713286713287
DES_ETA,primary,4126,-0.5034965034965037
DES_ETA,primary,4127,0.1468531468531469
DES_ETA,primary,4128,-0.3286713286713287
DES_ETA,primary,4129,0.37762237762237766
DES_ETA,primary,4130,-0.0839160839160839
DES_ETA,primary,4131,0.16783216783216784
DES_ETA,primary,4132,-0.5104895104895107
DES_ETA,primary,4133,0.1398601398601399
DES_ETA,primary,4134,0.7272727272727274
DES_ETA,primary,4135,0.2447552447552448
DES_ETA,primary,4136,0.17482517482517482
DES_ETA,primary,4137,0.11188811188811194
DES_ETA,primary,4138,0.1748251748251748
DES_ETA,primary,4139,-0.02797202797202798
DES_ETA,primary,4140,-0.34965034965034975
DES_ETA,primary,4141,-0.23076923076923087
DES_ETA,primary,4142,0.12587412587412591
DES_ETA,primary,4143,-0.20979020979020982
DES_ETA,primary,4144,-0.16083916083916086
DES_ETA,primary,4145,0.15384615384615388
DES_ETA,primary,4146,0.09790209790209793
DES_ETA,primary,4147,0.11888111888111896
DES_ETA,primary,4148,0.09790209790209793
DES_ETA,primary,4149,-0.22377622377622386
DES_ETA,primary,4150,0.19580419580419586
DES_ETA,primary,4151,-4.85722573273506e-17
DES_ETA,primary,4152,0.20979020979020982
DES_ETA,primary,4153,0.10489510489510491
DES_ETA,primary,4154,0.07692307692307696
DES_ETA,primary,4155,0.20979020979020988
DES_ETA,primary,4156,0.12587412587412594
DES_ETA,primary,4157,-0.013986013986014019
DES_ETA,primary,4158,-0.5594405594405596
DES_ETA,primary,4159,0.19580419580419586
DES_ETA,primary,4160,0.3986013986013987
DES_ETA,primary,4161,-0.7272727272727275
DES_ETA,primary,4162,0.19580419580419584
DES_ETA,primary,4163,-0.6083916083916086
DES_ETA,primary,4164,0.23076923076923087
DES_ETA,primary,4165,0.006993006993006965
DES_ETA,primary,4166,0.30769230769230776
DES_ETA,primary,4167,0.3776223776223777
DES_ETA,primary,4168,0.3566433566433567
DES_ETA,primary,4169,0.15384615384615385
DES_ETA,primary,4170,0.27272727272727276
DES_ETA,primary,4171,-2.2262284608369025e-17
DES_ETA,primary,4172,0.0069930069930070156
DES_ETA,primary,4173,0.22377622377622386
DES_ETA,primary,4174,-0.5174825174825175
DES_ETA,primary,4175,-0.6993006993006995
DES_ETA,primary,4176,-0.1188811188811189
DES_ETA,primary,4177,-0.34965034965034963
DES_ETA,primary,4178,-0.27272727272727276
DES_ETA,primary,4179,0.45454545454545464
DES_ETA,primary,4180,0.23776223776223784
DES_ETA,primary,4181,-0.11888111888111891
DES_ETA,primary,4182,-0.0069930069930070615
DES_ETA,primary,4183,-0.2167832167832168
DES_ETA,primary,4184,-0.15384615384615388
DES_ETA,primary,4185,0.4125874125874127
DES_ETA,primary,4186,0.11188811188811194
DES_ETA,primary,4187,0.2657342657342658
DES_ETA,primary,4188,0.09790209790209792
DES_ETA,primary,4189,0.020979020979021018
DES_ETA,primary,4190,0.12587412587412591
DES_ETA,primary,4191,0.18881118881118888
DES_ETA,primary,4192,-0.23776223776223782
DES_ETA,primary,4193,-0.27972027972027974
DES_ETA,primary,4194,0.4685314685314686
DES_ETA,primary,4195,0.04195804195804198
DES_ETA,primary,4196,0.44755244755244766
DES_ETA,primary,4197,-0.06993006993006994
DES_ETA,primary,4198,0.05594405594405597
DES_ETA,primary,4199,-0.6993006993006995
DES_ETA,primary,4200,-0.20279720279720284
DES_ETA,primary,4201,0.18881118881118883
DES_ETA,primary,4202,0.6923076923076925
DES_ETA,primary,4203,0.2027972027972029
DES_ETA,primary,4204,0.20979020979020988
DES_ETA,primary,4205,0.11888111888111891
DES_ETA,primary,4206,0.013986013986013976
DES_ETA,primary,4207,-0.5244755244755245
DES_ETA,primary,4208,0.27272727272727276
DES_ETA,primary,4209,0.07692307692307698
DES_ETA,primary,4210,0.31468531468531474
DES_ETA,primary,4211,-0.15384615384615383
DES_ETA,primary,4212,0.2867132867132867
DES_ETA,primary,4213,-0.18881118881118886
DES_ETA,primary,4214,0.055944055944055965
DES_ETA,primary,4215,-0.2377622377622378
DES_ETA,primary,4216,0.22377622377622386
DES_ETA,primary,4217,0.6993006993006995
DES_ETA,primary,4218,-0.13286713286713292
DES_ETA,primary,4219,-0.3776223776223777
DES_ETA,primary,4220,-0.06993006993006995
DES_ETA,primary,4221,-0.1398601398601399
DES_ETA,primary,4222,0.6083916083916086
DES_ETA,primary,4223,0.18881118881118886
DES_ETA,primary,4224,0.05594405594405599
DES_ETA,primary,4225,-0.5874125874125875
DES_ETA,primary,4226,-0.16783216783216784
DES_ETA,primary,4227,-0.2377622377622378
DES_ETA,primary,4228,0.6573426573426574
DES_ETA,primary,4229,-0.2587412587412588
DES_ETA,primary,4230,0.2167832167832168
DES_ETA,primary,4231,0.35664335664335667
DES_ETA,primary,4232,0.006993006993006995
DES_ETA,primary,4233,-0.5384615384615385
DES_ETA,primary,4234,-0.2867132867132867
DES_ETA,primary,4235,-0.45454545454545464
DES_ETA,primary,4236,0.01398601398601404
DES_ETA,primary,4237,0.4685314685314686
DES_ETA,primary,4238,0.4895104895104896
DES_ETA,primary,4239,0.06993006993006999
DES_ETA,primary,4240,-0.44055944055944063
DES_ETA,primary,4241,-0.02097902097902102
DES_ETA,primary,4242,-0.09090909090909094
DES_ETA,primary,4243,-0.5034965034965037
DES_ETA,primary,4244,0.11888111888111895
DES_ETA,primary,4245,-0.27272727272727276
DES_ETA,primary,4246,-0.11888111888111891
DES_ETA,primary,4247,-0.1468531468531468
DES_ETA,primary,4248,0.47552447552447563
DES_ETA,primary,4249,0.6223776223776224
DES_ETA,primary,4250,-0.4825174825174827
DES_ETA,primary,4251,0.3286713286713287
DES_ETA,primary,4252,-0.4685314685314687
DES_ETA,primary,4253,0.11888111888111892
DES_ETA,primary,4254,0.020979020979020945
DES_ETA,primary,4255,0.09790209790209788
DES_ETA,primary,4256,0.07692307692307697
DES_ETA,primary,4257,-0.20979020979020976
DES_ETA,primary,4258,0.10489510489510494
DES_ETA,primary,4259,-0.30069930069930073
DES_ETA,primary,4260,0.3216783216783217
DES_ETA,primary,4261,-0.3636363636363637
DES_ETA,primary,4262,0.07692307692307701
DES_ETA,primary,4263,2.0816681711721685e-17
DES_ETA,primary,4264,0.13286713286713284
DES_ETA,primary,4265,0.3216783216783218
DES_ETA,primary,4266,-0.36363636363636376
DES_ETA,primary,4267,0.19580419580419586
DES_ETA,primary,4268,-0.08391608391608395
DES_ETA,primary,4269,-0.013986013986013984
DES_ETA,primary,4270,-0.1398601398601399
DES_ETA,primary,4271,0.3286713286713287
DES_ETA,primary,4272,0.45454545454545464
DES_ETA,primary,4273,0.5664335664335667
DES_ETA,primary,4274,0.4125874125874127
DES_ETA,primary,4275,0.11188811188811194
DES_ETA,primary,4276,0.41258741258741266
DES_ETA,primary,4277,0.027972027972027996
DES_ETA,primary,4278,-0.23076923076923075
DES_ETA,primary,4279,0.23776223776223782
DES_ETA,primary,4280,0.20279720279720284
DES_ETA,primary,4281,-0.5944055944055945
DES_ETA,primary,4282,0.2797202797202798
DES_ETA,primary,4283,-0.1398601398601399
DES_ETA,primary,4284,-0.19580419580419592
DES_ETA,primary,4285,-0.2447552447552448
DES_ETA,primary,4286,-0.34965034965034975
DES_ETA,primary,4287,0.013986013986013996
DES_ETA,primary,4288,0.36363636363636376
DES_ETA,primary,4289,-0.13986013986013993
DES_ETA,primary,4290,-0.4265734265734266
DES_ETA,primary,4291,-0.21678321678321688
DES_ETA,primary,4292,-0.11888111888111891
DES_ETA,primary,4293,0.41258741258741266
DES_ETA,primary,4294,-0.2657342657342658
DES_ETA,primary,4295,0.006993006993007068
DES_ETA,primary,4296,-0.16083916083916097
DES_ETA,primary,4297,0.27972027972027974
DES_ETA,primary,4298,-0.13286713286713295
DES_ETA,primary,4299,0.0839160839160839
DES_ETA,primary,4300,0.38461538461538464
DES_ETA,primary,4301,-0.4265734265734266
DES_ETA,primary,4302,0.2027972027972029
DES_ETA,primary,4303,0.4265734265734267
DES_ETA,primary,4304,0.3426573426573427
DES_ETA,primary,4305,-0.27972027972027985
DES_ETA,primary,4306,-0.3006993006993008
DES_ETA,primary,4307,-0.5174825174825176
DES_ETA,primary,4308,0.35664335664335667
DES_ETA,primary,4309,-0.3356643356643357
DES_ETA,primary,4310,0.08391608391608389
DES_ETA,primary,4311,0.0909090909090909
DES_ETA,primary,4312,-0.47552447552447563
DES_ETA,primary,4313,-0.16083916083916086
DES_ETA,primary,4314,-0.3216783216783217
DES_ETA,primary,4315,-0.020979020979020963
DES_ETA,primary,4316,0.3776223776223777
DES_ETA,primary,4317,0.7062937062937066
DES_ETA,primary,4318,0.45454545454545464
DES_ETA,primary,4319,0.013986013986013936
DES_ETA,primary,4320,-0.5034965034965035
DES_ETA,primary,4321,-0.06993006993006992
DES_ETA,primary,4322,0.0979020979020979
DES_ETA,primary,4323,0.07692307692307691
DES_ETA,primary,4324,-0.22377622377622375
DES_ETA,primary,4325,0.32167832167832183
DES_ETA,primary,4326,-0.20979020979020982
DES_ETA,primary,4327,0.1048951048951049
DES_ETA,primary,4328,0.15384615384615385
DES_ETA,primary,4329,0.31468531468531474
DES_ETA,primary,4330,-0.44755244755244755
DES_ETA,primary,4331,-0.20979020979020988
DES_ETA,primary,4332,-0.1678321678321679
DES_ETA,primary,4333,-0.25874125874125875
DES_ETA,primary,4334,-0.006993006993006941
DES_ETA,primary,4335,0.41958041958041964
DES_ETA,primary,4336,0.3566433566433567
DES_ETA,primary,4337,0.08391608391608392
DES_ETA,primary,4338,-0.5244755244755246
DES_ETA,primary,4339,-0.4685314685314686
DES_ETA,primary,4340,0.10489510489510488
DES_ETA,primary,4341,-0.35664335664335667
DES_ETA,primary,4342,-0.30069930069930073
DES_ETA,primary,4343,-0.11188811188811193
DES_ETA,primary,4344,-0.4545454545454546
DES_ETA,primary,4345,0.020979020979020952
DES_ETA,primary,4346,0.11888111888111895
DES_ETA,primary,4347,-0.02097902097902099
DES_ETA,primary,4348,0.2307692307692308
DES_ETA,primary,4349,0.1748251748251749
DES_ETA,primary,4350,-0.1258741258741259
DES_ETA,primary,4351,2.544261098099317e-17
DES_ETA,primary,4352,-0.18181818181818185
DES_ETA,primary,4353,0.027972027972027958
DES_ETA,primary,4354,-0.2937062937062938
DES_ETA,primary,4355,0.31468531468531474
DES_ETA,primary,4356,0.15384615384615388
DES_ETA,primary,4357,-0.16783216783216784
DES_ETA,primary,4358,0.44755244755244766
DES_ETA,primary,4359,-0.1468531468531469
DES_ETA,primary,4360,-0.20279720279720284
DES_ETA,primary,4361,0.16083916083916086
DES_ETA,primary,4362,-0.06293706293706298
DES_ETA,primary,4363,0.27272727272727276
DES_ETA,primary,4364,0.23776223776223782
DES_ETA,primary,4365,0.01398601398601404
DES_ETA,primary,4366,0.013986013986013984
DES_ETA,primary,4367,0.2027972027972028
DES_ETA,primary,4368,0.20979020979020982
DES_ETA,primary,4369,0.36363636363636376
DES_ETA,primary,4370,-0.06293706293706292
DES_ETA,primary,4371,-0.23776223776223782
DES_ETA,primary,4372,-0.18881118881118888
DES_ETA,primary,4373,-0.06293706293706297
DES_ETA,primary,4374,-0.048951048951048966
DES_ETA,primary,4375,0.10489510489510497
DES_ETA,primary,4376,-0.09090909090909095
DES_ETA,primary,4377,0.08391608391608392
DES_ETA,primary,4378,0.05594405594405602
DES_ETA,primary,4379,0.4615384615384617
DES_ETA,primary,4380,-0.3356643356643358
DES_ETA,primary,4381,0.06993006993006995
DES_ETA,primary,4382,0.09790209790209796
DES_ETA,primary,4383,-0.2307692307692308
DES_ETA,primary,4384,-0.5664335664335666
DES_ETA,primary,4385,0.11888111888111892
DES_ETA,primary,4386,0.1468531468531469
DES_ETA,primary,4387,0.7762237762237764
DES_ETA,primary,4388,-0.02797202797202802
DES_ETA,primary,4389,-0.11888111888111896
DES_ETA,primary,4390,0.5664335664335666
DES_ETA,primary,4391,0.07692307692307697
DES_ETA,primary,4392,-0.21678321678321688
DES_ETA,primary,4393,0.4405594405594407
DES_ETA,primary,4394,-0.4055944055944056
DES_ETA,primary,4395,0.09790209790209796
DES_ETA,primary,4396,-0.21678321678321677
DES_ETA,primary,4397,0.1748251748251749
DES_ETA,primary,4398,0.08391608391608396
DES_ETA,primary,4399,0.31468531468531474
DES_ETA,primary,4400,-0.006993006993006999
DES_ETA,primary,4401,-0.4615384615384617
DES_ETA,primary,4402,0.30769230769230776
DES_ETA,primary,4403,0.09790209790209792
DES_ETA,primary,4404,0.3566433566433567
DES_ETA,primary,4405,0.3146853146853148
DES_ETA,primary,4406,0.01398601398601401
DES_ETA,primary,4407,0.27272727272727276
DES_ETA,primary,4408,0.11888111888111891
DES_ETA,primary,4409,0.4545454545454546
DES_ETA,primary,4410,-0.13986013986013987
DES_ETA,primary,4411,0.31468531468531474
DES_ETA,primary,4412,-0.02797202797202797
DES_ETA,primary,4413,-0.5244755244755246
DES_ETA,primary,4414,-0.3006993006993008
DES_ETA,primary,4415,0.18181818181818188
DES_ETA,primary,4416,-0.2937062937062937
DES_ETA,primary,4417,-0.38461538461538475
DES_ETA,primary,4418,-0.22377622377622386
DES_ETA,primary,4419,-0.4965034965034967
DES_ETA,primary,4420,-0.04895104895104904
DES_ETA,primary,4421,0.44055944055944063
DES_ETA,primary,4422,-0.4755244755244757
DES_ETA,primary,4423,0.6993006993006995
DES_ETA,primary,4424,0.30769230769230776
DES_ETA,primary,4425,0.45454545454545464
DES_ETA,primary,4426,0.32867132867132876
DES_ETA,primary,4427,-0.20279720279720284
DES_ETA,primary,4428,-0.16783216783216792
DES_ETA,primary,4429,-0.39160839160839167
DES_ETA,primary,4430,0.45454545454545464
DES_ETA,primary,4431,-0.27972027972027974
DES_ETA,primary,4432,0.10489510489510488
DES_ETA,primary,4433,-0.4335664335664337
DES_ETA,primary,4434,-0.16083916083916086
DES_ETA,primary,4435,-0.07692307692307694
DES_ETA,primary,4436,-0.2657342657342658
DES_ETA,primary,4437,0.18881118881118886
DES_ETA,primary,4438,-0.22377622377622383
DES_ETA,primary,4439,-0.4265734265734267
DES_ETA,primary,4440,0.08391608391608392
DES_ETA,primary,4441,-0.22377622377622383
DES_ETA,primary,4442,-0.5664335664335666
DES_ETA,primary,4443,-0.08391608391608396
DES_ETA,primary,4444,-0.21678321678321685
DES_ETA,primary,4445,-0.5594405594405596
DES_ETA,primary,4446,-0.055944055944055965
DES_ETA,primary,4447,-0.41958041958041975
DES_ETA,primary,4448,0.4685314685314686
DES_ETA,primary,4449,0.23076923076923087
DES_ETA,primary,4450,0.17482517482517482
DES_ETA,primary,4451,-0.2307692307692308
DES_ETA,primary,4452,0.18181818181818185
DES_ETA,primary,4453,-0.013986013986013986
DES_ETA,primary,4454,-0.36363636363636376
DES_ETA,primary,4455,0.10489510489510494
DES_ETA,primary,4456,-0.2167832167832168
DES_ETA,primary,4457,-0.2797202797202798
DES_ETA,primary,4458,0.25174825174825183
DES_ETA,primary,4459,-0.3286713286713288
DES_ETA,primary,4460,-0.47552447552447563
DES_ETA,primary,4461,-0.5594405594405596
DES_ETA,primary,4462,0.013986013986013944
DES_ETA,primary,4463,-0.13986013986013993
DES_ETA,primary,4464,-0.18881118881118886
DES_ETA,primary,4465,0.07692307692307691
DES_ETA,primary,4466,0.0839160839160839
DES_ETA,primary,4467,-0.3846153846153848
DES_ETA,primary,4468,0.013986013986013993
DES_ETA,primary,4469,-0.41958041958041975
DES_ETA,primary,4470,0.07692307692307687
DES_ETA,primary,4471,0.16083916083916083
DES_ETA,primary,4472,0.027972027972028014
DES_ETA,primary,4473,-0.32167832167832167
DES_ETA,primary,4474,-0.44055944055944063
DES_ETA,primary,4475,-0.2517482517482518
DES_ETA,primary,4476,0.4405594405594407
DES_ETA,primary,4477,0.18181818181818185
DES_ETA,primary,4478,0.16083916083916094
DES_ETA,primary,4479,0.10489510489510494
DES_ETA,primary,4480,-0.13286713286713292
DES_ETA,primary,4481,0.04895104895104904
DES_ETA,primary,4482,0.027972027972027986
DES_ETA,primary,4483,0.06993006993006994
DES_ETA,primary,4484,0.16083916083916092
DES_ETA,primary,4485,0.04195804195804198
DES_ETA,primary,4486,-0.3706293706293708
DES_ETA,primary,4487,9.25185853854297e-18
DES_ETA,primary,4488,-0.47552447552447563
DES_ETA,primary,4489,-0.06993006993006996
DES_ETA,primary,4490,-0.4405594405594407
DES_ETA,primary,4491,0.041958041958041925
DES_ETA,primary,4492,-0.3426573426573427
DES_ETA,primary,4493,-0.0909090909090909
DES_ETA,primary,4494,-0.07692307692307694
DES_ETA,primary,4495,-0.11888111888111892
DES_ETA,primary,4496,0.5874125874125875
DES_ETA,primary,4497,0.04195804195804199
DES_ETA,primary,4498,0.01398601398601399
DES_ETA,primary,4499,-0.02797202797202795
DES_ETA,primary,4500,0.23776223776223782
DES_ETA,primary,4501,-0.10489510489510491
DES_ETA,primary,4502,0.10489510489510488
DES_ETA,primary,4503,0.013986013986013958
DES_ETA,primary,4504,-0.4055944055944057
DES_ETA,primary,4505,0.06293706293706293
DES_ETA,primary,4506,0.4335664335664337
DES_ETA,primary,4507,0.3986013986013987
DES_ETA,primary,4508,0.41258741258741266
DES_ETA,primary,4509,-0.41258741258741266
DES_ETA,primary,4510,0.2097902097902098
DES_ETA,primary,4511,0.1328671328671329
DES_ETA,primary,4512,0.020979020979020987
DES_ETA,primary,4513,0.14685314685314688
DES_ETA,primary,4514,-0.0069930069930070156
DES_ETA,primary,4515,-0.1398601398601399
DES_ETA,primary,4516,-0.26573426573426584
DES_ETA,primary,4517,0.09090909090909094
DES_ETA,primary,4518,0.17482517482517487
DES_ETA,primary,4519,0.1818181818181819
DES_ETA,primary,4520,0.07692307692307698
DES_ETA,primary,4521,0.3426573426573427
DES_ETA,primary,4522,-0.09790209790209788
DES_ETA,primary,4523,0.013986013986013972
DES_ETA,primary,4524,0.3216783216783217
DES_ETA,primary,4525,0.17482517482517487
DES_ETA,primary,4526,0.23776223776223782
DES_ETA,primary,4527,0.06993006993006996
DES_ETA,primary,4528,0.12587412587412591
DES_ETA,primary,4529,-0.3286713286713287
DES_ETA,primary,4530,-0.6013986013986016
DES_ETA,primary,4531,-0.14685314685314682
DES_ETA,primary,4532,0.3286713286713287
DES_ETA,primary,4533,0.2097902097902097
DES_ETA,primary,4534,0.013986013986014028
DES_ETA,primary,4535,-0.04195804195804195
DES_ETA,primary,4536,0.06993006993007
DES_ETA,primary,4537,0.3496503496503498
DES_ETA,primary,4538,0.48251748251748267
DES_ETA,primary,4539,0.44755244755244766
DES_ETA,primary,4540,-0.2447552447552448
DES_ETA,primary,4541,-0.3356643356643357
DES_ETA,primary,4542,0.027972027972028007
DES_ETA,primary,4543,-0.25174825174825183
DES_ETA,primary,4544,-0.25174825174825183
DES_ETA,primary,4545,0.15384615384615388
DES_ETA,primary,4546,-0.013986013986013979
DES_ETA,primary,4547,-0.3146853146853148
DES_ETA,primary,4548,0.26573426573426573
DES_ETA,primary,4549,0.12587412587412586
DES_ETA,primary,4550,0.34965034965034975
DES_ETA,primary,4551,0.08391608391608396
DES_ETA,primary,4552,-0.0909090909090909
DES_ETA,primary,4553,-0.26573426573426584
DES_ETA,primary,4554,-0.38461538461538464
DES_ETA,primary,4555,-0.02797202797202797
DES_ETA,primary,4556,-0.027972027972028014
DES_ETA,primary,4557,0.17482517482517493
DES_ETA,primary,4558,0.4685314685314687
DES_ETA,primary,4559,0.30769230769230776
DES_ETA,primary,4560,-0.15384615384615385
DES_ETA,primary,4561,0.5454545454545455
DES_ETA,primary,4562,-0.18181818181818185
DES_ETA,primary,4563,-0.2657342657342658
DES_ETA,primary,4564,0.02097902097902099
DES_ETA,primary,4565,0.48951048951048964
DES_ETA,primary,4566,-0.2727272727272728
DES_ETA,primary,4567,-0.3706293706293708
DES_ETA,primary,4568,-0.37762237762237766
DES_ETA,primary,4569,0.3916083916083916
DES_ETA,primary,4570,-0.3986013986013987
DES_ETA,primary,4571,0.0979020979020979
DES_ETA,primary,4572,-0.6223776223776225
DES_ETA,primary,4573,0.21678321678321688
DES_ETA,primary,4574,-0.15384615384615388
DES_ETA,primary,4575,0.11188811188811187
DES_ETA,primary,4576,-0.3006993006993008
DES_ETA,primary,4577,-0.2307692307692308
DES_ETA,primary,4578,-0.21678321678321685
DES_ETA,primary,4579,-0.15384615384615383
DES_ETA,primary,4580,0.0979020979020979
DES_ETA,primary,4581,-0.30769230769230776
DES_ETA,primary,4582,0.09790209790209797
DES_ETA,primary,4583,-0.3776223776223777
DES_ETA,primary,4584,0.39860139860139876
DES_ETA,primary,4585,-0.3286713286713287
DES_ETA,primary,4586,0.013986013986014035
DES_ETA,primary,4587,-0.23776223776223782
DES_ETA,primary,4588,0.27972027972027974
DES_ETA,primary,4589,-0.09790209790209792
DES_ETA,primary,4590,-0.10489510489510494
DES_ETA,primary,4591,-0.06993006993006991
DES_ETA,primary,4592,0.3216783216783217
DES_ETA,primary,4593,-0.27272727272727276
DES_ETA,primary,4594,-0.18881118881118883
DES_ETA,primary,4595,-0.3636363636363637
DES_ETA,primary,4596,0.34965034965034975
DES_ETA,primary,4597,0.3496503496503498
DES_ETA,primary,4598,-0.4965034965034966
DES_ETA,primary,4599,0.4335664335664336
DES_ETA,primary,4600,-0.4685314685314687
DES_ETA,primary,4601,0.6153846153846155
DES_ETA,primary,4602,-0.11188811188811187
DES_ETA,primary,4603,-0.055944055944055944
DES_ETA,primary,4604,-0.5734265734265735
DES_ETA,primary,4605,-0.0839160839160839
DES_ETA,primary,4606,0.17482517482517487
DES_ETA,primary,4607,-0.5034965034965035
DES_ETA,primary,4608,0.20279720279720284
DES_ETA,primary,4609,0.2447552447552448
DES_ETA,primary,4610,-0.3006993006993008
DES_ETA,primary,4611,-0.2027972027972028
DES_ETA,primary,4612,-0.18881118881118886
DES_ETA,primary,4613,0.5174825174825176
DES_ETA,primary,4614,-0.06993006993006992
DES_ETA,primary,4615,-0.6013986013986015
DES_ETA,primary,4616,-0.3426573426573427
DES_ETA,primary,4617,0.09790209790209786
DES_ETA,primary,4618,0.12587412587412591
DES_ETA,primary,4619,0.083916083916084
DES_ETA,primary,4620,-0.37762237762237777
DES_ETA,primary,4621,0.027972027972027972
DES_ETA,primary,4622,-0.09090909090909093
DES_ETA,primary,4623,0.6363636363636365
DES_ETA,primary,4624,-0.1258741258741259
DES_ETA,primary,4625,-0.04895104895104895
DES_ETA,primary,4626,-0.27972027972027985
DES_ETA,primary,4627,-0.06993006993006994
DES_ETA,primary,4628,-0.1398601398601399
DES_ETA,primary,4629,-0.3636363636363637
DES_ETA,primary,4630,-0.11188811188811192
DES_ETA,primary,4631,-0.45454545454545464
DES_ETA,primary,4632,0.19580419580419592
DES_ETA,primary,4633,-0.18181818181818188
DES_ETA,primary,4634,-0.2867132867132868
DES_ETA,primary,4635,0.40559440559440557
DES_ETA,primary,4636,-0.26573426573426584
DES_ETA,primary,4637,-0.2587412587412588
DES_ETA,primary,4638,-0.04895104895104895
DES_ETA,primary,4639,0.2097902097902099
DES_ETA,primary,4640,-0.27972027972027974
DES_ETA,primary,4641,0.3356643356643357
DES_ETA,primary,4642,0.013986013986014026
DES_ETA,primary,4643,-0.48951048951048964
DES_ETA,primary,4644,-0.09790209790209793
DES_ETA,primary,4645,0.04195804195804203
DES_ETA,primary,4646,-0.5944055944055945
DES_ETA,primary,4647,0.16083916083916075
DES_ETA,primary,4648,-0.2097902097902099
DES_ETA,primary,4649,0.07692307692307691
DES_ETA,primary,4650,-0.5524475524475525
DES_ETA,primary,4651,0.2447552447552448
DES_ETA,primary,4652,0.06293706293706297
DES_ETA,primary,4653,-0.02097902097902098
DES_ETA,primary,4654,0.16783216783216792
DES_ETA,primary,4655,0.09790209790209792
DES_ETA,primary,4656,0.0979020979020979
DES_ETA,primary,4657,-0.3426573426573427
DES_ETA,primary,4658,-0.2867132867132868
DES_ETA,primary,4659,-0.20279720279720284
DES_ETA,primary,4660,0.06293706293706296
DES_ETA,primary,4661,0.11888111888111892
DES_ETA,primary,4662,0.08391608391608395
DES_ETA,primary,4663,0.0769230769230769
DES_ETA,primary,4664,-0.22377622377622383
DES_ETA,primary,4665,-0.39860139860139876
DES_ETA,primary,4666,-0.21678321678321688
DES_ETA,primary,4667,-0.1328671328671329
DES_ETA,primary,4668,0.0979020979020979
DES_ETA,primary,4669,0.006993006993006941
DES_ETA,primary,4670,-0.07692307692307693
DES_ETA,primary,4671,-0.10489510489510491
DES_ETA,primary,4672,-0.048951048951048966
DES_ETA,primary,4673,-0.0069930069930069965
DES_ETA,primary,4674,-0.08391608391608389
DES_ETA,primary,4675,-0.39160839160839167
DES_ETA,primary,4676,0.44755244755244766
DES_ETA,primary,4677,-0.11888111888111891
DES_ETA,primary,4678,-0.2377622377622378
DES_ETA,primary,4679,0.38461538461538464
DES_ETA,primary,4680,-0.0979020979020979
DES_ETA,primary,4681,0.39860139860139876
DES_ETA,primary,4682,0.18181818181818188
DES_ETA,primary,4683,0.1468531468531469
DES_ETA,primary,4684,0.09790209790209796
DES_ETA,primary,4685,-0.4965034965034965
DES_ETA,primary,4686,0.09790209790209796
DES_ETA,primary,4687,0.35664335664335667
DES_ETA,primary,4688,0.06293706293706292
DES_ETA,primary,4689,0.2447552447552448
DES_ETA,primary,4690,0.48251748251748255
DES_ETA,primary,4691,-0.30769230769230776
DES_ETA,primary,4692,-0.17482517482517482
DES_ETA,primary,4693,-0.3706293706293707
DES_ETA,primary,4694,-0.13986013986013987
DES_ETA,primary,4695,0.3426573426573427
DES_ETA,primary,4696,0.3776223776223777
DES_ETA,primary,4697,-0.23776223776223782
DES_ETA,primary,4698,-0.4685314685314687
DES_ETA,primary,4699,0.12587412587412594
DES_ETA,primary,4700,-0.25174825174825183
DES_ETA,primary,4701,0.32167832167832183
DES_ETA,primary,4702,-0.09090909090909093
DES_ETA,primary,4703,-0.5734265734265737
DES_ETA,primary,4704,0.20279720279720284
DES_ETA,primary,4705,0.006993006993006999
DES_ETA,primary,4706,-0.8391608391608393
DES_ETA,primary,4707,-0.47552447552447563
DES_ETA,primary,4708,0.0979020979020979
DES_ETA,primary,4709,0.2027972027972028
DES_ETA,primary,4710,0.19580419580419584
DES_ETA,primary,4711,0.14685314685314688
DES_ETA,primary,4712,0.06993006993006996
DES_ETA,primary,4713,-0.4055944055944057
DES_ETA,primary,4714,0.4685314685314686
DES_ETA,primary,4715,0.6013986013986015
DES_ETA,primary,4716,0.041958041958041974
DES_ETA,primary,4717,0.5034965034965037
DES_ETA,primary,4718,-0.47552447552447563
DES_ETA,primary,4719,-0.19580419580419584
DES_ETA,primary,4720,0.20979020979020982
DES_ETA,primary,4721,0.7202797202797204
DES_ETA,primary,4722,-0.06993006993006994
DES_ETA,primary,4723,-0.0909090909090909
DES_ETA,primary,4724,-0.006993006993007052
DES_ETA,primary,4725,-0.1678321678321679
DES_ETA,primary,4726,-0.30769230769230776
DES_ETA,primary,4727,-0.048951048951048966
DES_ETA,primary,4728,-0.3356643356643358
DES_ETA,primary,4729,-0.48251748251748255
DES_ETA,primary,4730,-0.5804195804195805
DES_ETA,primary,4731,-0.04195804195804198
DES_ETA,primary,4732,-0.27972027972027985
DES_ETA,primary,4733,0.30069930069930084
DES_ETA,primary,4734,-0.2447552447552448
DES_ETA,primary,4735,0.4545454545454546
DES_ETA,primary,4736,-0.2307692307692308
DES_ETA,primary,4737,-0.48951048951048975
DES_ETA,primary,4738,-0.2517482517482518
DES_ETA,primary,4739,0.5174825174825176
DES_ETA,primary,4740,-0.27972027972027974
DES_ETA,primary,4741,0.23076923076923084
DES_ETA,primary,4742,-0.09090909090909094
DES_ETA,primary,4743,0.027972027972027958
DES_ETA,primary,4744,-0.13986013986013993
DES_ETA,primary,4745,-0.03496503496503497
DES_ETA,primary,4746,-0.3566433566433567
DES_ETA,primary,4747,-0.7482517482517484
DES_ETA,primary,4748,-1.3877787807814457e-17
DES_ETA,primary,4749,-0.41258741258741266
DES_ETA,primary,4750,0.11188811188811193
DES_ETA,primary,4751,-0.4895104895104896
DES_ETA,primary,4752,-0.04195804195804201
DES_ETA,primary,4753,-0.4335664335664336
DES_ETA,primary,4754,0.08391608391608395
DES_ETA,primary,4755,-0.5594405594405595
DES_ETA,primary,4756,-0.6433566433566434
DES_ETA,primary,4757,-0.23076923076923084
DES_ETA,primary,4758,-0.06293706293706293
DES_ETA,primary,4759,0.6363636363636366
DES_ETA,primary,4760,0.1538461538461539
DES_ETA,primary,4761,-0.14685314685314688
DES_ETA,primary,4762,-0.2307692307692308
DES_ETA,primary,4763,-0.4055944055944057
DES_ETA,primary,4764,0.3496503496503498
DES_ETA,primary,4765,0.3916083916083917
DES_ETA,primary,4766,0.06993006993006996
DES_ETA,primary,4767,0.09090909090909087
DES_ETA,primary,4768,-0.06993006993006996
DES_ETA,primary,4769,-0.020979020979020973
DES_ETA,primary,4770,-0.20979020979020982
DES_ETA,primary,4771,-0.05594405594405597
DES_ETA,primary,4772,0.09090909090909088
DES_ETA,primary,4773,-0.44755244755244755
DES_ETA,primary,4774,-0.34965034965034963
DES_ETA,primary,4775,-0.09790209790209792
DES_ETA,primary,4776,-0.25174825174825183
DES_ETA,primary,4777,0.2447552447552448
DES_ETA,primary,4778,-0.35664335664335683
DES_ETA,primary,4779,-0.4195804195804196
DES_ETA,primary,4780,0.18881118881118888
DES_ETA,primary,4781,0.1048951048951049
DES_ETA,primary,4782,-0.2517482517482517
DES_ETA,primary,4783,-0.6853146853146854
DES_ETA,primary,4784,-0.3076923076923079
DES_ETA,primary,4785,0.5524475524475526
DES_ETA,primary,4786,-0.3006993006993008
DES_ETA,primary,4787,-0.05594405594405589
DES_ETA,primary,4788,0.27972027972027985
DES_ETA,primary,4789,-0.027972027972027923
DES_ETA,primary,4790,-0.055944055944055965
DES_ETA,primary,4791,0.6503496503496505
DES_ETA,primary,4792,0.5104895104895105
DES_ETA,primary,4793,-0.020979020979020924
DES_ETA,primary,4794,0.3426573426573427
DES_ETA,primary,4795,-0.04895104895104898
DES_ETA,primary,4796,-0.006993006993006971
DES_ETA,primary,4797,0.11888111888111892
DES_ETA,primary,4798,-0.2657342657342658
DES_ETA,primary,4799,-0.020979020979020945
DES_ETA,primary,4800,0.3776223776223777
DES_ETA,primary,4801,0.034965034965034954
DES_ETA,primary,4802,-0.06293706293706293
DES_ETA,primary,4803,-0.013986013986014028
DES_ETA,primary,4804,-0.24475524475524482
DES_ETA,primary,4805,0.39160839160839167
DES_ETA,primary,4806,-0.11888111888111895
DES_ETA,primary,4807,-0.06293706293706292
DES_ETA,primary,4808,-0.02797202797202801
DES_ETA,primary,4809,-0.11188811188811187
DES_ETA,primary,4810,0.08391608391608397
DES_ETA,primary,4811,-0.40559440559440557
DES_ETA,primary,4812,0.020979020979020987
DES_ETA,primary,4813,0.22377622377622383
DES_ETA,primary,4814,-0.1328671328671329
DES_ETA,primary,4815,-0.25174825174825183
DES_ETA,primary,4816,0.0909090909090909
DES_ETA,primary,4817,-0.12587412587412591
DES_ETA,primary,4818,0.0979020979020979
DES_ETA,primary,4819,0.6293706293706296
DES_ETA,primary,4820,-0.48951048951048964
DES_ETA,primary,4821,-0.09790209790209796
DES_ETA,primary,4822,-2.7755575615628914e-17
DES_ETA,primary,4823,-0.1048951048951049
DES_ETA,primary,4824,-0.4335664335664336
DES_ETA,primary,4825,-0.4055944055944056
DES_ETA,primary,4826,0.041958041958042
DES_ETA,primary,4827,-0.3006993006993008
DES_ETA,primary,4828,-0.4265734265734267
DES_ETA,primary,4829,-0.013986013986014031
DES_ETA,primary,4830,-0.1048951048951049
DES_ETA,primary,4831,0.24475524475524477
DES_ETA,primary,4832,-0.055944055944055986
DES_ETA,primary,4833,-0.1328671328671329
DES_ETA,primary,4834,0.027972027972027986
DES_ETA,primary,4835,-0.06293706293706296
DES_ETA,primary,4836,0.04195804195804196
DES_ETA,primary,4837,-0.4755244755244757
DES_ETA,primary,4838,0.4055944055944056
DES_ETA,primary,4839,0.44755244755244755
DES_ETA,primary,4840,-0.5454545454545455
DES_ETA,primary,4841,-0.5244755244755246
DES_ETA,primary,4842,-0.09090909090909094
DES_ETA,primary,4843,0.45454545454545464
DES_ETA,primary,4844,0.41958041958041964
DES_ETA,primary,4845,-0.27972027972027974
DES_ETA,primary,4846,-0.4685314685314687
DES_ETA,primary,4847,0.2867132867132867
DES_ETA,primary,4848,0.2587412587412588
DES_ETA,primary,4849,-0.18181818181818188
DES_ETA,primary,4850,-0.4405594405594407
DES_ETA,primary,4851,-0.15384615384615394
DES_ETA,primary,4852,-0.08391608391608396
DES_ETA,primary,4853,0.10489510489510485
DES_ETA,primary,4854,0.39160839160839167
DES_ETA,primary,4855,-0.1048951048951049
DES_ETA,primary,4856,0.07692307692307691
DES_ETA,primary,4857,-0.07692307692307694
DES_ETA,primary,4858,0.4125874125874127
DES_ETA,primary,4859,0.3566433566433567
DES_ETA,primary,4860,-0.7272727272727275
DES_ETA,primary,4861,0.05594405594405593
DES_ETA,primary,4862,0.25874125874125875
DES_ETA,primary,4863,0.10489510489510495
DES_ETA,primary,4864,0.04895104895104898
DES_ETA,primary,4865,0.04895104895104894
DES_ETA,primary,4866,0.09090909090909094
DES_ETA,primary,4867,0.104895104895105
DES_ETA,primary,4868,0.12587412587412591
DES_ETA,primary,4869,0.013986013986013972
DES_ETA,primary,4870,-0.07692307692307691
DES_ETA,primary,4871,-0.7832167832167833
DES_ETA,primary,4872,0.10489510489510495
DES_ETA,primary,4873,0.027972027972027986
DES_ETA,primary,4874,-0.31468531468531474
DES_ETA,primary,4875,-0.1048951048951049
DES_ETA,primary,4876,-0.15384615384615394
DES_ETA,primary,4877,-0.3846153846153846
DES_ETA,primary,4878,0.35664335664335667
DES_ETA,primary,4879,-0.3076923076923077
DES_ETA,primary,4880,-0.3076923076923079
DES_ETA,primary,4881,0.4055944055944056
DES_ETA,primary,4882,-0.4055944055944057
DES_ETA,primary,4883,-0.23076923076923075
DES_ETA,primary,4884,0.35664335664335667
DES_ETA,primary,4885,0.006993006993006965
DES_ETA,primary,4886,0.16783216783216784
DES_ETA,primary,4887,0.2587412587412588
DES_ETA,primary,4888,-0.2657342657342658
DES_ETA,primary,4889,0.11188811188811192
DES_ETA,primary,4890,0.18881118881118883
DES_ETA,primary,4891,-0.6153846153846155
DES_ETA,primary,4892,0.4685314685314686
DES_ETA,primary,4893,-0.11888111888111887
DES_ETA,primary,4894,-0.3356643356643357
DES_ETA,primary,4895,0.2797202797202798
DES_ETA,primary,4896,-0.7622377622377624
DES_ETA,primary,4897,-0.013986013986013984
DES_ETA,primary,4898,0.09790209790209793
DES_ETA,primary,4899,0.4055944055944057
DES_ETA,primary,4900,0.18181818181818185
DES_ETA,primary,4901,0.18881118881118886
DES_ETA,primary,4902,0.5454545454545455
DES_ETA,primary,4903,-0.28671328671328683
DES_ETA,primary,4904,-0.24475524475524488
DES_ETA,primary,4905,0.41958041958041964
DES_ETA,primary,4906,0.6293706293706295
DES_ETA,primary,4907,0.5804195804195805
DES_ETA,primary,4908,-0.5454545454545455
DES_ETA,primary,4909,-0.5174825174825175
DES_ETA,primary,4910,0.19580419580419584
DES_ETA,primary,4911,0.4895104895104896
DES_ETA,primary,4912,-0.4615384615384616
DES_ETA,primary,4913,0.3916083916083917
DES_ETA,primary,4914,-0.18181818181818185
DES_ETA,primary,4915,-0.34965034965034975
DES_ETA,primary,4916,0.2307692307692308
DES_ETA,primary,4917,-0.39160839160839167
DES_ETA,primary,4918,0.32867132867132876
DES_ETA,primary,4919,-0.5874125874125875
DES_ETA,primary,4920,0.1048951048951049
DES_ETA,primary,4921,0.09090909090909093
DES_ETA,primary,4922,0.19580419580419584
DES_ETA,primary,4923,-0.4685314685314687
DES_ETA,primary,4924,0.17482517482517487
DES_ETA,primary,4925,0.41958041958041964
DES_ETA,primary,4926,0.11888111888111898
DES_ETA,primary,4927,0.027972027972027937
DES_ETA,primary,4928,-0.11188811188811192
DES_ETA,primary,4929,-0.34965034965034975
DES_ETA,primary,4930,0.38461538461538464
DES_ETA,primary,4931,-0.20979020979020988
DES_ETA,primary,4932,-0.3426573426573427
DES_ETA,primary,4933,-0.5384615384615385
DES_ETA,primary,4934,0.1258741258741259
DES_ETA,primary,4935,-0.006993006993006932
DES_ETA,primary,4936,-0.19580419580419586
DES_ETA,primary,4937,-0.013986013986013965
DES_ETA,primary,4938,0.4685314685314687
DES_ETA,primary,4939,-0.10489510489510494
DES_ETA,primary,4940,0.5524475524475526
DES_ETA,primary,4941,-0.3286713286713287
DES_ETA,primary,4942,-0.048951048951048994
DES_ETA,primary,4943,0.3216783216783217
DES_ETA,primary,4944,0.4055944055944056
DES_ETA,primary,4945,-0.4895104895104896
DES_ETA,primary,4946,0.034965034965034975
DES_ETA,primary,4947,-0.02797202797202798
DES_ETA,primary,4948,-0.09090909090909094
DES_ETA,primary,4949,-0.013986013986013943
DES_ETA,primary,4950,-0.18881118881118886
DES_ETA,primary,4951,-0.2517482517482518
DES_ETA,primary,4952,0.3216783216783217
DES_ETA,primary,4953,-0.5384615384615385
DES_ETA,primary,4954,0.006993006993006976
DES_ETA,primary,4955,-0.03496503496503503
DES_ETA,primary,4956,-0.04895104895104894
DES_ETA,primary,4957,0.31468531468531474
DES_ETA,primary,4958,0.6783216783216784
DES_ETA,primary,4959,-0.7832167832167835
DES_ETA,primary,4960,-0.3706293706293706
DES_ETA,primary,4961,0.7272727272727274
DES_ETA,primary,4962,-0.3356643356643358
DES_ETA,primary,4963,-0.16783216783216784
DES_ETA,primary,4964,0.1678321678321679
DES_ETA,primary,4965,-0.10489510489510497
DES_ETA,primary,4966,0.13286713286713292
DES_ETA,primary,4967,-0.6573426573426575
DES_ETA,primary,4968,0.03496503496503495
DES_ETA,primary,4969,0.041958041958041946
DES_ETA,primary,4970,-0.17482517482517487
DES_ETA,primary,4971,-0.3776223776223777
DES_ETA,primary,4972,-0.18881118881118883
DES_ETA,primary,4973,0.45454545454545464
DES_ETA,primary,4974,-0.19580419580419575
DES_ETA,primary,4975,-0.03496503496503497
DES_ETA,primary,4976,-0.14685314685314693
DES_ETA,primary,4977,-0.23776223776223782
DES_ETA,primary,4978,0.013986013986013969
DES_ETA,primary,4979,-0.2867132867132868
DES_ETA,primary,4980,0.18881118881118883
DES_ETA,primary,4981,-9.25185853854297e-18
DES_ETA,primary,4982,-0.06993006993006994
DES_ETA,primary,4983,-0.09790209790209793
DES_ETA,primary,4984,-2.3997008084345832e-17
DES_ETA,primary,4985,0.44755244755244766
DES_ETA,primary,4986,-0.01398601398601401
DES_ETA,primary,4987,0.1608391608391609
DES_ETA,primary,4988,0.16783216783216784
DES_ETA,primary,4989,0.4615384615384616
DES_ETA,primary,4990,0.03496503496503498
DES_ETA,primary,4991,0.04895104895104896
DES_ETA,primary,4992,0.18181818181818188
DES_ETA,primary,4993,0.04195804195804195
DES_ETA,primary,4994,0.31468531468531474
DES_ETA,primary,4995,-0.2447552447552449
DES_ETA,primary,4996,-0.020979020979020973
DES_ETA,primary,4997,-0.034965034965034995
DES_ETA,primary,4998,0.041958041958042
DES_ETA,primary,4999,0.1328671328671329
