dataset,source,n_rows,n_materials,method,k,n_draws_used,draw_mean_rel_change,rmse0,rmsek,n_test_mean,improved
ES1,10.1002/app.25464,16,2,OFF,1,30,0.491253,0.433481,0.606172,8.13333,False
ES1,10.1002/app.25464,16,2,OFF,2,19,0.207299,0.509214,0.580315,6.84211,False
ES1,10.1002/app.25464,16,2,OFF,3,11,-0.00734951,0.51595,0.506219,6.72727,True
ES1,10.1002/app.25464,16,2,OFF,5,3,0.0103762,0.558606,0.564402,6,False
ES1,10.1002/app.25464,16,2,SHR,1,30,0.179526,0.433481,0.495535,8.13333,False
ES1,10.1002/app.25464,16,2,SHR,2,19,0.11624,0.509214,0.548522,6.84211,False
ES1,10.1002/app.25464,16,2,SHR,3,11,-0.0166015,0.51595,0.503759,6.72727,True
ES1,10.1002/app.25464,16,2,SHR,5,3,0.00897053,0.558606,0.563617,6,False
ES1,10.1002/app.42304,9,2,OFF,1,30,0.137926,0.606281,0.542175,3.8,False
ES1,10.1002/app.42304,9,2,OFF,2,20,-0.0686508,0.664029,0.521424,3.45,True
ES1,10.1002/app.42304,9,2,OFF,3,7,-0.0423663,0.667565,0.548915,3.42857,True
ES1,10.1002/app.42304,9,2,OFF,5,4,-0.297207,0.738277,0.518856,3,True
ES1,10.1002/app.42304,9,2,SHR,1,30,-0.113659,0.606281,0.524404,3.8,True
ES1,10.1002/app.42304,9,2,SHR,2,20,-0.120505,0.664029,0.544819,3.45,True
ES1,10.1002/app.42304,9,2,SHR,3,7,-0.08415,0.667565,0.561588,3.42857,True
ES1,10.1002/app.42304,9,2,SHR,5,4,-0.256157,0.738277,0.549163,3,True
ES1,10.1002/polb.21380,12,2,OFF,1,30,0.114452,0.139041,0.154973,4.2,False
ES1,10.1002/polb.21380,12,2,OFF,2,20,-0.260007,0.139123,0.10292,3.6,True
ES1,10.1002/polb.21380,12,2,OFF,3,9,-0.196533,0.139206,0.111847,3,True
ES1,10.1002/polb.21380,12,2,OFF,5,3,-0.335549,0.139206,0.0924956,3,True
ES1,10.1002/polb.21380,12,2,SHR,1,30,-0.0720574,0.139041,0.129021,4.2,True
ES1,10.1002/polb.21380,12,2,SHR,2,20,-0.271681,0.139123,0.101307,3.6,True
ES1,10.1002/polb.21380,12,2,SHR,3,9,-0.201847,0.139206,0.111108,3,True
ES1,10.1002/polb.21380,12,2,SHR,5,3,-0.310121,0.139206,0.0960354,3,True
ES1,10.1007/s12221-015-5263-4,38,2,OFF,1,30,0.810526,0.333603,0.567855,19,False
ES1,10.1007/s12221-015-5263-4,38,2,OFF,2,18,0.688162,0.336501,0.541866,19,False
ES1,10.1007/s12221-015-5263-4,38,2,OFF,3,8,0.49735,0.345557,0.488775,19,False
ES1,10.1007/s12221-015-5263-4,38,2,SHR,1,30,0.437743,0.333603,0.460137,19,False
ES1,10.1007/s12221-015-5263-4,38,2,SHR,2,18,0.486961,0.336501,0.482164,19,False
ES1,10.1007/s12221-015-5263-4,38,2,SHR,3,8,0.389405,0.345557,0.457813,19,False
ES1,10.1016/j.molliq.2023.122819,10,2,OFF,1,30,0.927904,0.180754,0.33438,3,False
ES1,10.1016/j.molliq.2023.122819,10,2,OFF,2,20,0.70036,0.159699,0.271546,2,False
ES1,10.1016/j.molliq.2023.122819,10,2,OFF,3,15,0.925116,0.159699,0.30744,2,False
ES1,10.1016/j.molliq.2023.122819,10,2,OFF,5,5,0.685653,0.159699,0.269198,2,False
ES1,10.1016/j.molliq.2023.122819,10,2,SHR,1,30,0.419323,0.180754,0.250339,3,False
ES1,10.1016/j.molliq.2023.122819,10,2,SHR,2,20,0.470956,0.159699,0.234911,2,False
ES1,10.1016/j.molliq.2023.122819,10,2,SHR,3,15,0.704876,0.159699,0.272267,2,False
ES1,10.1016/j.molliq.2023.122819,10,2,SHR,5,5,0.577883,0.159699,0.251987,2,False
ES1,https://www.sciencedirect.com/science/article/pii/s0927776511005522,18,2,OFF,1,30,-0.665903,0.229389,0.076982,2.6,True
ES1,https://www.sciencedirect.com/science/article/pii/s0927776511005522,18,2,OFF,2,28,-0.68255,0.226636,0.0719456,1,True
ES1,https://www.sciencedirect.com/science/article/pii/s0927776511005522,18,2,OFF,3,22,-0.74095,0.226636,0.05871,1,True
ES1,https://www.sciencedirect.com/science/article/pii/s0927776511005522,18,2,OFF,5,21,-0.876145,0.226636,0.02807,1,True
ES1,https://www.sciencedirect.com/science/article/pii/s0927776511005522,18,2,SHR,1,30,-0.563931,0.229389,0.100489,2.6,True
ES1,https://www.sciencedirect.com/science/article/pii/s0927776511005522,18,2,SHR,2,28,-0.628395,0.226636,0.0842192,1,True
ES1,https://www.sciencedirect.com/science/article/pii/s0927776511005522,18,2,SHR,3,22,-0.69748,0.226636,0.0685621,1,True
ES1,https://www.sciencedirect.com/science/article/pii/s0927776511005522,18,2,SHR,5,21,-0.861224,0.226636,0.0314517,1,True
ES2,10.1002/app.42304,9,3,OFF,1,30,-0.345041,0.29817,0.184259,6,True
ES2,10.1002/app.42304,9,3,OFF,2,30,-0.463158,0.277972,0.145678,3.8,True
ES2,10.1002/app.42304,9,3,OFF,3,23,-0.493339,0.299912,0.152429,3.13043,True
ES2,10.1002/app.42304,9,3,OFF,5,3,-0.43616,0.213058,0.117262,3,True
ES2,10.1002/app.42304,9,3,SHR,1,30,-0.396961,0.29817,0.181826,6,True
ES2,10.1002/app.42304,9,3,SHR,2,30,-0.54771,0.277972,0.131979,3.8,True
ES2,10.1002/app.42304,9,3,SHR,3,23,-0.532177,0.299912,0.148244,3.13043,True
ES2,10.1002/app.42304,9,3,SHR,5,3,-0.517087,0.213058,0.100553,3,True
ES2,10.1007/s10965-014-0571-8,18,2,OFF,1,30,-0.23035,0.39425,0.30349,3.4,True
ES2,10.1007/s10965-014-0571-8,18,2,OFF,2,20,-0.435516,0.394039,0.222495,2.7,True
ES2,10.1007/s10965-014-0571-8,18,2,OFF,3,20,-0.611344,0.393828,0.153064,2,True
ES2,10.1007/s10965-014-0571-8,18,2,OFF,5,12,-0.554292,0.393828,0.175532,2,True
ES2,10.1007/s10965-014-0571-8,18,2,SHR,1,30,-0.282459,0.39425,0.28293,3.4,True
ES2,10.1007/s10965-014-0571-8,18,2,SHR,2,20,-0.455364,0.394039,0.214667,2.7,True
ES2,10.1007/s10965-014-0571-8,18,2,SHR,3,20,-0.593903,0.393828,0.159933,2,True
ES2,10.1007/s10965-014-0571-8,18,2,SHR,5,12,-0.524471,0.393828,0.187277,2,True
DES_RHO,10.1002/aic.18095,2667,449,OFF,1,30,0.339423,0.0590806,0.079063,2654.4,False
DES_RHO,10.1002/aic.18095,2667,449,OFF,2,30,0.138913,0.0590757,0.067242,2647.23,False
DES_RHO,10.1002/aic.18095,2667,449,OFF,3,30,0.106465,0.0591176,0.0653849,2631.73,False
DES_RHO,10.1002/aic.18095,2667,449,OFF,5,30,0.122869,0.0592418,0.0664486,2602,False
DES_RHO,10.1002/aic.18095,2667,449,SHR,1,30,0.0519805,0.0590806,0.0621405,2654.4,False
DES_RHO,10.1002/aic.18095,2667,449,SHR,2,30,0.0430808,0.0590757,0.0616074,2647.23,False
DES_RHO,10.1002/aic.18095,2667,449,SHR,3,30,0.0416102,0.0591176,0.0615673,2631.73,False
DES_RHO,10.1002/aic.18095,2667,449,SHR,5,30,0.0705104,0.0592418,0.0633777,2602,False
DES_RHO,10.1016/j.cclet.2013.09.004,9,9,OFF,1,30,0.199437,0.269849,0.319983,8,False
DES_RHO,10.1016/j.cclet.2013.09.004,9,9,OFF,2,30,0.0564316,0.267937,0.279936,7,False
DES_RHO,10.1016/j.cclet.2013.09.004,9,9,OFF,3,30,0.0510871,0.266516,0.273909,6,False
DES_RHO,10.1016/j.cclet.2013.09.004,9,9,OFF,5,30,-0.0277298,0.268839,0.257953,4,True
DES_RHO,10.1016/j.cclet.2013.09.004,9,9,SHR,1,30,-0.0407755,0.269849,0.259619,8,True
DES_RHO,10.1016/j.cclet.2013.09.004,9,9,SHR,2,30,-0.0406532,0.267937,0.256925,7,True
DES_RHO,10.1016/j.cclet.2013.09.004,9,9,SHR,3,30,-0.026867,0.266516,0.257517,6,True
DES_RHO,10.1016/j.cclet.2013.09.004,9,9,SHR,5,30,-0.0609818,0.268839,0.25138,4,True
DES_RHO,10.1016/j.cej.2018.10.077,9,4,OFF,1,30,0.916723,0.0632526,0.0909693,6.2,False
DES_RHO,10.1016/j.cej.2018.10.077,9,4,OFF,2,30,0.496964,0.0796183,0.099342,3.9,False
DES_RHO,10.1016/j.cej.2018.10.077,9,4,OFF,3,30,0.501398,0.0770202,0.0957647,2.7,False
DES_RHO,10.1016/j.cej.2018.10.077,9,4,OFF,5,24,-0.0736616,0.101322,0.110914,1.29167,True
DES_RHO,10.1016/j.cej.2018.10.077,9,4,SHR,1,30,0.287881,0.0632526,0.0716288,6.2,False
DES_RHO,10.1016/j.cej.2018.10.077,9,4,SHR,2,30,0.234116,0.0796183,0.0889324,3.9,False
DES_RHO,10.1016/j.cej.2018.10.077,9,4,SHR,3,30,0.189893,0.0770202,0.0863076,2.7,False
DES_RHO,10.1016/j.cej.2018.10.077,9,4,SHR,5,24,-0.0531765,0.101322,0.108169,1.29167,True
DES_RHO,10.1016/j.cej.2020.125173,36,14,OFF,1,30,0.256221,0.0225099,0.0282899,30.2333,False
DES_RHO,10.1016/j.cej.2020.125173,36,14,OFF,2,30,0.219061,0.0225782,0.0269792,25.7333,False
DES_RHO,10.1016/j.cej.2020.125173,36,14,OFF,3,30,0.220271,0.0230403,0.0263514,21.5667,False
DES_RHO,10.1016/j.cej.2020.125173,36,14,OFF,5,30,0.0227463,0.0252327,0.0251896,16.3,False
DES_RHO,10.1016/j.cej.2020.125173,36,14,SHR,1,30,0.0571891,0.0225099,0.0238228,30.2333,False
DES_RHO,10.1016/j.cej.2020.125173,36,14,SHR,2,30,0.055669,0.0225782,0.0237798,25.7333,False
DES_RHO,10.1016/j.cej.2020.125173,36,14,SHR,3,30,0.102919,0.0230403,0.0245264,21.5667,False
DES_RHO,10.1016/j.cej.2020.125173,36,14,SHR,5,30,-0.00239015,0.0252327,0.0249166,16.3,True
DES_RHO,10.1016/j.cep.2015.04.001,14,7,OFF,1,30,0.375622,0.0365342,0.0493566,10.9333,False
DES_RHO,10.1016/j.cep.2015.04.001,14,7,OFF,2,30,0.265188,0.0376028,0.0453752,8.9,False
DES_RHO,10.1016/j.cep.2015.04.001,14,7,OFF,3,30,0.276341,0.0392915,0.0453889,6.43333,False
DES_RHO,10.1016/j.cep.2015.04.001,14,7,OFF,5,30,0.297204,0.0395264,0.0432372,4.23333,False
DES_RHO,10.1016/j.cep.2015.04.001,14,7,SHR,1,30,0.0375244,0.0365342,0.0379311,10.9333,False
DES_RHO,10.1016/j.cep.2015.04.001,14,7,SHR,2,30,0.0837358,0.0376028,0.0399299,8.9,False
DES_RHO,10.1016/j.cep.2015.04.001,14,7,SHR,3,30,0.130291,0.0392915,0.0417793,6.43333,False
DES_RHO,10.1016/j.cep.2015.04.001,14,7,SHR,5,30,0.188163,0.0395264,0.0413564,4.23333,False
DES_RHO,10.1016/j.chemosphere.2019.125082,20,14,OFF,1,30,0.40754,0.0192146,0.0267248,16.8,False
DES_RHO,10.1016/j.chemosphere.2019.125082,20,14,OFF,2,30,0.30627,0.0186568,0.0241684,14.5667,False
DES_RHO,10.1016/j.chemosphere.2019.125082,20,14,OFF,3,30,0.253397,0.018125,0.0224895,12.5,False
DES_RHO,10.1016/j.chemosphere.2019.125082,20,14,OFF,5,30,0.179111,0.0179469,0.021118,10.1667,False
DES_RHO,10.1016/j.chemosphere.2019.125082,20,14,SHR,1,30,0.0599596,0.0192146,0.0203281,16.8,False
DES_RHO,10.1016/j.chemosphere.2019.125082,20,14,SHR,2,30,0.104498,0.0186568,0.02055,14.5667,False
DES_RHO,10.1016/j.chemosphere.2019.125082,20,14,SHR,3,30,0.11109,0.018125,0.0200344,12.5,False
DES_RHO,10.1016/j.chemosphere.2019.125082,20,14,SHR,5,30,0.100477,0.0179469,0.0197247,10.1667,False
DES_RHO,10.1016/j.chroma.2018.07.070,13,13,OFF,1,30,-0.401135,0.0201528,0.0119851,12,True
DES_RHO,10.1016/j.chroma.2018.07.070,13,13,OFF,2,30,-0.417057,0.0199824,0.0114986,11,True
DES_RHO,10.1016/j.chroma.2018.07.070,13,13,OFF,3,30,-0.468687,0.0198065,0.0103883,10,True
DES_RHO,10.1016/j.chroma.2018.07.070,13,13,OFF,5,30,-0.50549,0.0208495,0.0102834,8,True
DES_RHO,10.1016/j.chroma.2018.07.070,13,13,SHR,1,30,-0.264034,0.0201528,0.0149136,12,True
DES_RHO,10.1016/j.chroma.2018.07.070,13,13,SHR,2,30,-0.379701,0.0199824,0.0125602,11,True
DES_RHO,10.1016/j.chroma.2018.07.070,13,13,SHR,3,30,-0.444893,0.0198065,0.0111268,10,True
DES_RHO,10.1016/j.chroma.2018.07.070,13,13,SHR,5,30,-0.452376,0.0208495,0.0115568,8,True
DES_RHO,10.1016/j.cjche.2020.07.004,20,9,OFF,1,30,0.440739,0.0115579,0.0162048,15.3667,False
DES_RHO,10.1016/j.cjche.2020.07.004,20,9,OFF,2,30,0.232554,0.0123687,0.0148498,12.4,False
DES_RHO,10.1016/j.cjche.2020.07.004,20,9,OFF,3,30,0.178517,0.0129666,0.0146704,10.3,False
DES_RHO,10.1016/j.cjche.2020.07.004,20,9,OFF,5,30,0.0716755,0.0142456,0.0151869,6.63333,False
DES_RHO,10.1016/j.cjche.2020.07.004,20,9,SHR,1,30,0.0818197,0.0115579,0.0124312,15.3667,False
DES_RHO,10.1016/j.cjche.2020.07.004,20,9,SHR,2,30,0.0840253,0.0123687,0.0132669,12.4,False
DES_RHO,10.1016/j.cjche.2020.07.004,20,9,SHR,3,30,0.0840288,0.0129666,0.0137453,10.3,False
DES_RHO,10.1016/j.cjche.2020.07.004,20,9,SHR,5,30,0.0406371,0.0142456,0.0147885,6.63333,False
DES_RHO,10.1016/j.fluid.2012.12.001,137,42,OFF,1,30,0.174638,0.0175677,0.0205242,132.767,False
DES_RHO,10.1016/j.fluid.2012.12.001,137,42,OFF,2,30,0.00521968,0.0180239,0.0181074,125.767,False
DES_RHO,10.1016/j.fluid.2012.12.001,137,42,OFF,3,30,0.094617,0.0180098,0.019472,122.367,False
DES_RHO,10.1016/j.fluid.2012.12.001,137,42,OFF,5,30,0.112878,0.0182978,0.0199664,113.633,False
DES_RHO,10.1016/j.fluid.2012.12.001,137,42,SHR,1,30,0.0144303,0.0175677,0.0178071,132.767,False
DES_RHO,10.1016/j.fluid.2012.12.001,137,42,SHR,2,30,-0.013362,0.0180239,0.0177839,125.767,True
DES_RHO,10.1016/j.fluid.2012.12.001,137,42,SHR,3,30,0.0154816,0.0180098,0.0182051,122.367,False
DES_RHO,10.1016/j.fluid.2012.12.001,137,42,SHR,5,30,0.0418187,0.0182978,0.0188664,113.633,False
DES_RHO,10.1016/j.fluid.2013.06.050,24,21,OFF,1,30,0.500108,0.00644267,0.00929661,22.8333,False
DES_RHO,10.1016/j.fluid.2013.06.050,24,21,OFF,2,30,0.148673,0.00665722,0.00756018,21.4,False
DES_RHO,10.1016/j.fluid.2013.06.050,24,21,OFF,3,30,0.223464,0.00664021,0.00792961,20.2,False
DES_RHO,10.1016/j.fluid.2013.06.050,24,21,OFF,5,30,0.13988,0.0066086,0.00741862,17.9333,False
DES_RHO,10.1016/j.fluid.2013.06.050,24,21,SHR,1,30,0.106282,0.00644267,0.00703926,22.8333,False
DES_RHO,10.1016/j.fluid.2013.06.050,24,21,SHR,2,30,0.0508139,0.00665722,0.00696325,21.4,False
DES_RHO,10.1016/j.fluid.2013.06.050,24,21,SHR,3,30,0.107557,0.00664021,0.0072579,20.2,False
DES_RHO,10.1016/j.fluid.2013.06.050,24,21,SHR,5,30,0.0880048,0.0066086,0.00711767,17.9333,False
DES_RHO,10.1016/j.fluid.2017.03.008,84,35,OFF,1,30,0.287014,0.0110643,0.0141928,80,False
DES_RHO,10.1016/j.fluid.2017.03.008,84,35,OFF,2,30,0.174821,0.0108136,0.0126745,75.3667,False
DES_RHO,10.1016/j.fluid.2017.03.008,84,35,OFF,3,30,0.0839752,0.0108206,0.0117034,72.4333,False
DES_RHO,10.1016/j.fluid.2017.03.008,84,35,OFF,5,30,0.0936018,0.0104641,0.0114354,64.8333,False
DES_RHO,10.1016/j.fluid.2017.03.008,84,35,SHR,1,30,0.0430535,0.0110643,0.011529,80,False
DES_RHO,10.1016/j.fluid.2017.03.008,84,35,SHR,2,30,0.0407518,0.0108136,0.0112508,75.3667,False
DES_RHO,10.1016/j.fluid.2017.03.008,84,35,SHR,3,30,0.0213547,0.0108206,0.0110452,72.4333,False
DES_RHO,10.1016/j.fluid.2017.03.008,84,35,SHR,5,30,0.0418455,0.0104641,0.0108987,64.8333,False
DES_RHO,10.1016/j.fluid.2019.02.010,64,13,OFF,1,30,0.407734,0.00497931,0.00690315,56.5667,False
DES_RHO,10.1016/j.fluid.2019.02.010,64,13,OFF,2,30,0.285886,0.00492348,0.00627567,50.2,False
DES_RHO,10.1016/j.fluid.2019.02.010,64,13,OFF,3,30,0.163076,0.00463756,0.00536641,43.4667,False
DES_RHO,10.1016/j.fluid.2019.02.010,64,13,OFF,5,30,0.178158,0.0044037,0.00506293,33.3,False
DES_RHO,10.1016/j.fluid.2019.02.010,64,13,SHR,1,30,0.0748611,0.00497931,0.00533096,56.5667,False
DES_RHO,10.1016/j.fluid.2019.02.010,64,13,SHR,2,30,0.106522,0.00492348,0.00542653,50.2,False
DES_RHO,10.1016/j.fluid.2019.02.010,64,13,SHR,3,30,0.0718359,0.00463756,0.00495888,43.4667,False
DES_RHO,10.1016/j.fluid.2019.02.010,64,13,SHR,5,30,0.104523,0.0044037,0.00479171,33.3,False
DES_RHO,10.1016/j.fluid.2020.112752,36,13,OFF,1,30,0.535409,0.0263134,0.0397551,30.1667,False
DES_RHO,10.1016/j.fluid.2020.112752,36,13,OFF,2,30,0.401422,0.0255285,0.0352006,26.6,False
DES_RHO,10.1016/j.fluid.2020.112752,36,13,OFF,3,30,0.273587,0.0240434,0.0299556,22.3,False
DES_RHO,10.1016/j.fluid.2020.112752,36,13,OFF,5,30,0.60481,0.0171733,0.0237078,15.8,False
DES_RHO,10.1016/j.fluid.2020.112752,36,13,SHR,1,30,0.116179,0.0263134,0.0292321,30.1667,False
DES_RHO,10.1016/j.fluid.2020.112752,36,13,SHR,2,30,0.172755,0.0255285,0.0296897,26.6,False
DES_RHO,10.1016/j.fluid.2020.112752,36,13,SHR,3,30,0.141503,0.0240434,0.0271888,22.3,False
DES_RHO,10.1016/j.fluid.2020.112752,36,13,SHR,5,30,0.357147,0.0171733,0.0212614,15.8,False
DES_RHO,10.1016/j.fluid.2022.113462,14,11,OFF,1,30,0.446246,0.00792737,0.0095004,12.6667,False
DES_RHO,10.1016/j.fluid.2022.113462,14,11,OFF,2,30,0.395322,0.00711067,0.00809393,11.1333,False
DES_RHO,10.1016/j.fluid.2022.113462,14,11,OFF,3,30,0.288453,0.00663971,0.0072767,9.5,False
DES_RHO,10.1016/j.fluid.2022.113462,14,11,OFF,5,30,0.268836,0.00505221,0.00586733,7.23333,False
DES_RHO,10.1016/j.fluid.2022.113462,14,11,SHR,1,30,0.0409462,0.00792737,0.00795118,12.6667,False
DES_RHO,10.1016/j.fluid.2022.113462,14,11,SHR,2,30,0.0768394,0.00711067,0.0071501,11.1333,False
DES_RHO,10.1016/j.fluid.2022.113462,14,11,SHR,3,30,0.0613135,0.00663971,0.00662521,9.5,False
DES_RHO,10.1016/j.fluid.2022.113462,14,11,SHR,5,30,0.0425932,0.00505221,0.00507042,7.23333,False
DES_RHO,10.1016/j.foodchem.2019.125752,8,8,OFF,1,30,0.239265,0.0607868,0.0702415,7,False
DES_RHO,10.1016/j.foodchem.2019.125752,8,8,OFF,2,30,0.0201011,0.0628036,0.0631488,6,False
DES_RHO,10.1016/j.foodchem.2019.125752,8,8,OFF,3,30,0.447822,0.0564395,0.0583117,5,False
DES_RHO,10.1016/j.foodchem.2019.125752,8,8,OFF,5,30,1.90584,0.0558043,0.0599251,3,False
DES_RHO,10.1016/j.foodchem.2019.125752,8,8,SHR,1,30,-0.0183831,0.0607868,0.0596143,7,True
DES_RHO,10.1016/j.foodchem.2019.125752,8,8,SHR,2,30,-0.0599525,0.0628036,0.0594456,6,True
DES_RHO,10.1016/j.foodchem.2019.125752,8,8,SHR,3,30,0.168231,0.0564395,0.054038,5,False
DES_RHO,10.1016/j.foodchem.2019.125752,8,8,SHR,5,30,1.27267,0.0558043,0.0569444,3,False
DES_RHO,10.1016/j.foodchem.2021.131930,10,7,OFF,1,30,1.24223,0.0775773,0.100679,8.16667,False
DES_RHO,10.1016/j.foodchem.2021.131930,10,7,OFF,2,30,0.336418,0.08814,0.0921414,6.6,False
DES_RHO,10.1016/j.foodchem.2021.131930,10,7,OFF,3,30,0.53608,0.0867212,0.0946118,5.33333,False
DES_RHO,10.1016/j.foodchem.2021.131930,10,7,OFF,5,30,5.29286,0.0748426,0.0880152,3.03333,False
DES_RHO,10.1016/j.foodchem.2021.131930,10,7,SHR,1,30,0.271621,0.0775773,0.0815733,8.16667,False
DES_RHO,10.1016/j.foodchem.2021.131930,10,7,SHR,2,30,0.0947224,0.08814,0.0881603,6.6,False
DES_RHO,10.1016/j.foodchem.2021.131930,10,7,SHR,3,30,0.201794,0.0867212,0.0885882,5.33333,False
DES_RHO,10.1016/j.foodchem.2021.131930,10,7,SHR,5,30,3.62616,0.0748426,0.0812624,3.03333,False
DES_RHO,10.1016/j.foodchem.2022.134054,38,29,OFF,1,30,0.634486,0.0685381,0.0817495,36.5,False
DES_RHO,10.1016/j.foodchem.2022.134054,38,29,OFF,2,30,0.629876,0.0683975,0.0812939,34.6667,False
DES_RHO,10.1016/j.foodchem.2022.134054,38,29,OFF,3,30,0.168693,0.0718802,0.0758816,32.7333,False
DES_RHO,10.1016/j.foodchem.2022.134054,38,29,OFF,5,30,1.0321,0.0670164,0.0789847,29.9667,False
DES_RHO,10.1016/j.foodchem.2022.134054,38,29,SHR,1,30,0.188688,0.0685381,0.0723464,36.5,False
DES_RHO,10.1016/j.foodchem.2022.134054,38,29,SHR,2,30,0.282236,0.0683975,0.0739908,34.6667,False
DES_RHO,10.1016/j.foodchem.2022.134054,38,29,SHR,3,30,0.0829191,0.0718802,0.0735785,32.7333,False
DES_RHO,10.1016/j.foodchem.2022.134054,38,29,SHR,5,30,0.699769,0.0670164,0.0748338,29.9667,False
DES_RHO,10.1016/j.ijggc.2016.02.006,8,8,OFF,1,30,0.553127,0.0133343,0.0200436,7,False
DES_RHO,10.1016/j.ijggc.2016.02.006,8,8,OFF,2,30,0.262986,0.0130546,0.0163861,6,False
DES_RHO,10.1016/j.ijggc.2016.02.006,8,8,OFF,3,30,0.188311,0.0142155,0.0165864,5,False
DES_RHO,10.1016/j.ijggc.2016.02.006,8,8,OFF,5,30,0.382968,0.0116803,0.0140916,3,False
DES_RHO,10.1016/j.ijggc.2016.02.006,8,8,SHR,1,30,0.12014,0.0133343,0.0148025,7,False
DES_RHO,10.1016/j.ijggc.2016.02.006,8,8,SHR,2,30,0.0921785,0.0130546,0.0142405,6,False
DES_RHO,10.1016/j.ijggc.2016.02.006,8,8,SHR,3,30,0.101322,0.0142155,0.0154804,5,False
DES_RHO,10.1016/j.ijggc.2016.02.006,8,8,SHR,5,30,0.269769,0.0116803,0.0133792,3,False
DES_RHO,10.1016/j.jcou.2022.102217,112,29,OFF,1,30,0.337877,0.120235,0.157267,107.033,False
DES_RHO,10.1016/j.jcou.2022.102217,112,29,OFF,2,30,0.285933,0.117352,0.145582,101.733,False
DES_RHO,10.1016/j.jcou.2022.102217,112,29,OFF,3,30,0.183112,0.118413,0.136082,95.3333,False
DES_RHO,10.1016/j.jcou.2022.102217,112,29,OFF,5,30,0.216172,0.117619,0.135783,88.2,False
DES_RHO,10.1016/j.jcou.2022.102217,112,29,SHR,1,30,0.0533893,0.120235,0.126271,107.033,False
DES_RHO,10.1016/j.jcou.2022.102217,112,29,SHR,2,30,0.0692017,0.117352,0.124028,101.733,False
DES_RHO,10.1016/j.jcou.2022.102217,112,29,SHR,3,30,0.0572495,0.118413,0.123755,95.3333,False
DES_RHO,10.1016/j.jcou.2022.102217,112,29,SHR,5,30,0.11496,0.117619,0.126859,88.2,False
DES_RHO,10.1016/j.jct.2013.05.041,20,9,OFF,1,30,0.277178,0.00237234,0.00298309,16.4667,False
DES_RHO,10.1016/j.jct.2013.05.041,20,9,OFF,2,30,0.276631,0.00242444,0.00306702,13.6667,False
DES_RHO,10.1016/j.jct.2013.05.041,20,9,OFF,3,30,0.335051,0.00239745,0.00315659,11.3333,False
DES_RHO,10.1016/j.jct.2013.05.041,20,9,OFF,5,30,0.229695,0.00261861,0.00321359,7.53333,False
DES_RHO,10.1016/j.jct.2013.05.041,20,9,SHR,1,30,0.0325663,0.00237234,0.00243839,16.4667,False
DES_RHO,10.1016/j.jct.2013.05.041,20,9,SHR,2,30,0.0873005,0.00242444,0.00262464,13.6667,False
DES_RHO,10.1016/j.jct.2013.05.041,20,9,SHR,3,30,0.170614,0.00239745,0.00277937,11.3333,False
DES_RHO,10.1016/j.jct.2013.05.041,20,9,SHR,5,30,0.152505,0.00261861,0.00301332,7.53333,False
DES_RHO,10.1016/j.jct.2015.04.021,24,16,OFF,1,30,0.28295,0.0112917,0.0133377,21.9333,False
DES_RHO,10.1016/j.jct.2015.04.021,24,16,OFF,2,30,0.462461,0.0110099,0.0138211,20.5,False
DES_RHO,10.1016/j.jct.2015.04.021,24,16,OFF,3,30,0.377983,0.0112744,0.0138854,18.6333,False
DES_RHO,10.1016/j.jct.2015.04.021,24,16,OFF,5,30,0.165756,0.0118121,0.0130616,15.9,False
DES_RHO,10.1016/j.jct.2015.04.021,24,16,SHR,1,30,0.0661886,0.0112917,0.0117349,21.9333,False
DES_RHO,10.1016/j.jct.2015.04.021,24,16,SHR,2,30,0.187702,0.0110099,0.012138,20.5,False
DES_RHO,10.1016/j.jct.2015.04.021,24,16,SHR,3,30,0.189962,0.0112744,0.0125781,18.6333,False
DES_RHO,10.1016/j.jct.2015.04.021,24,16,SHR,5,30,0.0990579,0.0118121,0.0125688,15.9,False
DES_RHO,10.1016/j.jct.2017.05.020,66,8,OFF,1,30,0.0889886,0.0186088,0.0196826,55.7,False
DES_RHO,10.1016/j.jct.2017.05.020,66,8,OFF,2,30,0.11416,0.0174581,0.0185675,47.7333,False
DES_RHO,10.1016/j.jct.2017.05.020,66,8,OFF,3,30,0.066119,0.0174293,0.0179884,41.1667,False
DES_RHO,10.1016/j.jct.2017.05.020,66,8,OFF,5,30,0.151195,0.0175897,0.0180528,29.9667,False
DES_RHO,10.1016/j.jct.2017.05.020,66,8,SHR,1,30,-0.0384436,0.0186088,0.0179308,55.7,True
DES_RHO,10.1016/j.jct.2017.05.020,66,8,SHR,2,30,-0.0589659,0.0174581,0.0162377,47.7333,True
DES_RHO,10.1016/j.jct.2017.05.020,66,8,SHR,3,30,-0.0354517,0.0174293,0.0166229,41.1667,True
DES_RHO,10.1016/j.jct.2017.05.020,66,8,SHR,5,30,0.0554782,0.0175897,0.0172426,29.9667,False
DES_RHO,10.1016/j.jct.2017.11.008,66,6,OFF,1,30,-0.387032,0.0520112,0.0305211,55,True
DES_RHO,10.1016/j.jct.2017.11.008,66,6,OFF,2,30,-0.397466,0.0518918,0.0302846,45.1,True
DES_RHO,10.1016/j.jct.2017.11.008,66,6,OFF,3,30,-0.41065,0.0526792,0.0300164,39.2333,True
DES_RHO,10.1016/j.jct.2017.11.008,66,6,OFF,5,30,-0.494465,0.0522777,0.0263922,24.9333,True
DES_RHO,10.1016/j.jct.2017.11.008,66,6,SHR,1,30,-0.274625,0.0520112,0.0385138,55,True
DES_RHO,10.1016/j.jct.2017.11.008,66,6,SHR,2,30,-0.391555,0.0518918,0.0331165,45.1,True
DES_RHO,10.1016/j.jct.2017.11.008,66,6,SHR,3,30,-0.452421,0.0526792,0.0306686,39.2333,True
DES_RHO,10.1016/j.jct.2017.11.008,66,6,SHR,5,30,-0.541183,0.0522777,0.0267335,24.9333,True
DES_RHO,10.1016/j.jct.2018.10.003,25,7,OFF,1,30,0.774797,0.034351,0.0545674,20.6333,False
DES_RHO,10.1016/j.jct.2018.10.003,25,7,OFF,2,30,0.729035,0.0309197,0.0496291,16.8333,False
DES_RHO,10.1016/j.jct.2018.10.003,25,7,OFF,3,30,0.451827,0.0295652,0.0409063,13.9667,False
DES_RHO,10.1016/j.jct.2018.10.003,25,7,OFF,5,30,0.317639,0.0242857,0.0324351,9.76667,False
DES_RHO,10.1016/j.jct.2018.10.003,25,7,SHR,1,30,0.230034,0.034351,0.0401524,20.6333,False
DES_RHO,10.1016/j.jct.2018.10.003,25,7,SHR,2,30,0.34601,0.0309197,0.0396869,16.8333,False
DES_RHO,10.1016/j.jct.2018.10.003,25,7,SHR,3,30,0.26215,0.0295652,0.036089,13.9667,False
DES_RHO,10.1016/j.jct.2018.10.003,25,7,SHR,5,30,0.219622,0.0242857,0.0299817,9.76667,False
DES_RHO,10.1016/j.jct.2018.12.017,54,16,OFF,1,30,1.08287,0.0231045,0.034938,46.4,False
DES_RHO,10.1016/j.jct.2018.12.017,54,16,OFF,2,30,0.761371,0.0204006,0.0284778,41.3667,False
DES_RHO,10.1016/j.jct.2018.12.017,54,16,OFF,3,30,0.703153,0.0212049,0.0286013,39.9667,False
DES_RHO,10.1016/j.jct.2018.12.017,54,16,OFF,5,30,0.686708,0.0174257,0.0252407,29.0667,False
DES_RHO,10.1016/j.jct.2018.12.017,54,16,SHR,1,30,0.220573,0.0231045,0.0253316,46.4,False
DES_RHO,10.1016/j.jct.2018.12.017,54,16,SHR,2,30,0.252683,0.0204006,0.0229589,41.3667,False
DES_RHO,10.1016/j.jct.2018.12.017,54,16,SHR,3,30,0.340102,0.0212049,0.0247388,39.9667,False
DES_RHO,10.1016/j.jct.2018.12.017,54,16,SHR,5,30,0.428585,0.0174257,0.0222765,29.0667,False
DES_RHO,10.1016/j.jct.2019.105883,15,11,OFF,1,30,0.127946,0.0427567,0.0466419,13.1,False
DES_RHO,10.1016/j.jct.2019.105883,15,11,OFF,2,30,-0.0661208,0.0443376,0.0412213,11.5333,True
DES_RHO,10.1016/j.jct.2019.105883,15,11,OFF,3,30,-0.0850774,0.0459728,0.0416762,10.3,True
DES_RHO,10.1016/j.jct.2019.105883,15,11,OFF,5,30,-0.17956,0.0472672,0.0388612,7.6,True
DES_RHO,10.1016/j.jct.2019.105883,15,11,SHR,1,30,-0.0402584,0.0427567,0.0411318,13.1,True
DES_RHO,10.1016/j.jct.2019.105883,15,11,SHR,2,30,-0.0963519,0.0443376,0.0403376,11.5333,True
DES_RHO,10.1016/j.jct.2019.105883,15,11,SHR,3,30,-0.103355,0.0459728,0.041384,10.3,True
DES_RHO,10.1016/j.jct.2019.105883,15,11,SHR,5,30,-0.175664,0.0472672,0.0394003,7.6,True
DES_RHO,10.1016/j.jct.2020.106051,12,4,OFF,1,30,0.735034,0.00484459,0.00673116,8.53333,False
DES_RHO,10.1016/j.jct.2020.106051,12,4,OFF,2,30,0.728471,0.00444535,0.00493066,5.7,False
DES_RHO,10.1016/j.jct.2020.106051,12,4,OFF,3,30,1.00729,0.00313323,0.00402925,3.76667,False
DES_RHO,10.1016/j.jct.2020.106051,12,4,OFF,5,22,1.00419,0.00302889,0.00371396,2.40909,False
DES_RHO,10.1016/j.jct.2020.106051,12,4,SHR,1,30,-0.000161523,0.00484459,0.00474335,8.53333,True
DES_RHO,10.1016/j.jct.2020.106051,12,4,SHR,2,30,0.165637,0.00444535,0.00416996,5.7,False
DES_RHO,10.1016/j.jct.2020.106051,12,4,SHR,3,30,0.208404,0.00313323,0.0029058,3.76667,False
DES_RHO,10.1016/j.jct.2020.106051,12,4,SHR,5,22,0.385073,0.00302889,0.00310461,2.40909,False
DES_RHO,10.1016/j.jct.2021.106578,43,13,OFF,1,30,0.703696,0.0142339,0.0214743,39.3,False
DES_RHO,10.1016/j.jct.2021.106578,43,13,OFF,2,30,0.0611646,0.015285,0.0161916,34.6667,False
DES_RHO,10.1016/j.jct.2021.106578,43,13,OFF,3,30,0.20707,0.0152165,0.017271,32.2333,False
DES_RHO,10.1016/j.jct.2021.106578,43,13,OFF,5,30,0.076446,0.0168733,0.0176393,25.0667,False
DES_RHO,10.1016/j.jct.2021.106578,43,13,SHR,1,30,0.149062,0.0142339,0.0156599,39.3,False
DES_RHO,10.1016/j.jct.2021.106578,43,13,SHR,2,30,0.00799505,0.015285,0.0154018,34.6667,False
DES_RHO,10.1016/j.jct.2021.106578,43,13,SHR,3,30,0.0913034,0.0152165,0.0160866,32.2333,False
DES_RHO,10.1016/j.jct.2021.106578,43,13,SHR,5,30,0.0393318,0.0168733,0.0172448,25.0667,False
DES_RHO,10.1016/j.jct.2021.106713,77,38,OFF,1,30,0.27982,0.0167335,0.0210993,74.3667,False
DES_RHO,10.1016/j.jct.2021.106713,77,38,OFF,2,30,0.1313,0.0168178,0.0188738,71.6333,False
DES_RHO,10.1016/j.jct.2021.106713,77,38,OFF,3,30,0.163077,0.0164078,0.0189925,69.4333,False
DES_RHO,10.1016/j.jct.2021.106713,77,38,OFF,5,30,0.130265,0.0166663,0.0187024,65,False
DES_RHO,10.1016/j.jct.2021.106713,77,38,SHR,1,30,0.0536343,0.0167335,0.0175637,74.3667,False
DES_RHO,10.1016/j.jct.2021.106713,77,38,SHR,2,30,0.0361838,0.0168178,0.0173796,71.6333,False
DES_RHO,10.1016/j.jct.2021.106713,77,38,SHR,3,30,0.0566855,0.0164078,0.0173063,69.4333,False
DES_RHO,10.1016/j.jct.2021.106713,77,38,SHR,5,30,0.0639577,0.0166663,0.0176597,65,False
DES_RHO,10.1016/j.jhazmat.2021.127972,27,21,OFF,1,30,0.179999,0.0145247,0.0169089,25.5333,False
DES_RHO,10.1016/j.jhazmat.2021.127972,27,21,OFF,2,30,0.0259029,0.0147753,0.0150183,24.0667,False
DES_RHO,10.1016/j.jhazmat.2021.127972,27,21,OFF,3,30,0.0215979,0.0145253,0.014803,22.7,False
DES_RHO,10.1016/j.jhazmat.2021.127972,27,21,OFF,5,30,0.00889151,0.015024,0.0148896,20.1333,False
DES_RHO,10.1016/j.jhazmat.2021.127972,27,21,SHR,1,30,-0.00301191,0.0145247,0.0144572,25.5333,True
DES_RHO,10.1016/j.jhazmat.2021.127972,27,21,SHR,2,30,-0.0374703,0.0147753,0.0142017,24.0667,True
DES_RHO,10.1016/j.jhazmat.2021.127972,27,21,SHR,3,30,-0.033455,0.0145253,0.0140649,22.7,True
DES_RHO,10.1016/j.jhazmat.2021.127972,27,21,SHR,5,30,-0.0268655,0.015024,0.0145103,20.1333,True
DES_RHO,10.1016/j.jiec.2022.04.015,34,28,OFF,1,30,0.319719,0.0161196,0.0203818,32.7,False
DES_RHO,10.1016/j.jiec.2022.04.015,34,28,OFF,2,30,0.208022,0.0161147,0.0188451,31.2667,False
DES_RHO,10.1016/j.jiec.2022.04.015,34,28,OFF,3,30,0.218599,0.0158183,0.0186384,30.2,False
DES_RHO,10.1016/j.jiec.2022.04.015,34,28,OFF,5,30,0.189798,0.0153393,0.0174359,27.2667,False
DES_RHO,10.1016/j.jiec.2022.04.015,34,28,SHR,1,30,0.0619451,0.0161196,0.0169175,32.7,False
DES_RHO,10.1016/j.jiec.2022.04.015,34,28,SHR,2,30,0.0748233,0.0161147,0.0170783,31.2667,False
DES_RHO,10.1016/j.jiec.2022.04.015,34,28,SHR,3,30,0.102928,0.0158183,0.0171345,30.2,False
DES_RHO,10.1016/j.jiec.2022.04.015,34,28,SHR,5,30,0.112916,0.0153393,0.0165956,27.2667,False
DES_RHO,10.1016/j.jmgm.2022.108319,25,10,OFF,1,30,0.181211,0.0600106,0.0691499,22.1,False
DES_RHO,10.1016/j.jmgm.2022.108319,25,10,OFF,2,30,0.109118,0.0618135,0.0675564,19.6,False
DES_RHO,10.1016/j.jmgm.2022.108319,25,10,OFF,3,30,0.00899365,0.063477,0.0636182,16.0667,False
DES_RHO,10.1016/j.jmgm.2022.108319,25,10,OFF,5,30,0.0447718,0.0642217,0.0646421,12.2667,False
DES_RHO,10.1016/j.jmgm.2022.108319,25,10,SHR,1,30,-0.0115858,0.0600106,0.0593212,22.1,True
DES_RHO,10.1016/j.jmgm.2022.108319,25,10,SHR,2,30,-0.0190656,0.0618135,0.0607056,19.6,True
DES_RHO,10.1016/j.jmgm.2022.108319,25,10,SHR,3,30,-0.0480328,0.063477,0.0606741,16.0667,True
DES_RHO,10.1016/j.jmgm.2022.108319,25,10,SHR,5,30,-0.0176943,0.0642217,0.0621242,12.2667,True
DES_RHO,10.1016/j.jobe.2021.103056,9,9,OFF,1,30,0.619753,0.0961785,0.129384,8,False
DES_RHO,10.1016/j.jobe.2021.103056,9,9,OFF,2,30,0.76003,0.0868199,0.122022,7,False
DES_RHO,10.1016/j.jobe.2021.103056,9,9,OFF,3,30,0.597649,0.0880357,0.113685,6,False
DES_RHO,10.1016/j.jobe.2021.103056,9,9,OFF,5,30,0.904724,0.0854047,0.0997147,4,False
DES_RHO,10.1016/j.jobe.2021.103056,9,9,SHR,1,30,0.148647,0.0961785,0.103801,8,False
DES_RHO,10.1016/j.jobe.2021.103056,9,9,SHR,2,30,0.292683,0.0868199,0.100212,7,False
DES_RHO,10.1016/j.jobe.2021.103056,9,9,SHR,3,30,0.302587,0.0880357,0.100975,6,False
DES_RHO,10.1016/j.jobe.2021.103056,9,9,SHR,5,30,0.600163,0.0854047,0.0942426,4,False
DES_RHO,10.1016/j.jtice.2012.01.007,15,12,OFF,1,30,0.105955,0.00854155,0.00932269,13.6333,False
DES_RHO,10.1016/j.jtice.2012.01.007,15,12,OFF,2,30,0.906448,0.00703088,0.0108389,11.9333,False
DES_RHO,10.1016/j.jtice.2012.01.007,15,12,OFF,3,30,0.369157,0.00725699,0.00845815,10.7667,False
DES_RHO,10.1016/j.jtice.2012.01.007,15,12,OFF,5,30,0.479979,0.0058668,0.00741078,8.6,False
DES_RHO,10.1016/j.jtice.2012.01.007,15,12,SHR,1,30,0.00859135,0.00854155,0.00860374,13.6333,False
DES_RHO,10.1016/j.jtice.2012.01.007,15,12,SHR,2,30,0.3324,0.00703088,0.00841726,11.9333,False
DES_RHO,10.1016/j.jtice.2012.01.007,15,12,SHR,3,30,0.179793,0.00725699,0.00781427,10.7667,False
DES_RHO,10.1016/j.jtice.2012.01.007,15,12,SHR,5,30,0.290065,0.0058668,0.00676349,8.6,False
DES_RHO,10.1016/j.jtice.2015.12.020,54,9,OFF,1,30,0.418728,0.0117962,0.0165167,48,False
DES_RHO,10.1016/j.jtice.2015.12.020,54,9,OFF,2,30,0.272153,0.0120194,0.0150596,42.4,False
DES_RHO,10.1016/j.jtice.2015.12.020,54,9,OFF,3,30,0.310629,0.011649,0.0151279,38.2,False
DES_RHO,10.1016/j.jtice.2015.12.020,54,9,OFF,5,30,0.0974859,0.0119511,0.0130716,28.8,False
DES_RHO,10.1016/j.jtice.2015.12.020,54,9,SHR,1,30,0.0890483,0.0117962,0.012781,48,False
DES_RHO,10.1016/j.jtice.2015.12.020,54,9,SHR,2,30,0.102253,0.0120194,0.0131358,42.4,False
DES_RHO,10.1016/j.jtice.2015.12.020,54,9,SHR,3,30,0.15829,0.011649,0.0134048,38.2,False
DES_RHO,10.1016/j.jtice.2015.12.020,54,9,SHR,5,30,0.0616904,0.0119511,0.0126548,28.8,False
DES_RHO,10.1016/j.microc.2022.107372,34,24,OFF,1,30,0.246115,0.0315059,0.0386063,32.3,False
DES_RHO,10.1016/j.microc.2022.107372,34,24,OFF,2,30,0.275282,0.0317482,0.0396697,30.2667,False
DES_RHO,10.1016/j.microc.2022.107372,34,24,OFF,3,30,0.119286,0.0321819,0.0357439,28.8667,False
DES_RHO,10.1016/j.microc.2022.107372,34,24,OFF,5,30,0.133366,0.0328816,0.0366179,25.4667,False
DES_RHO,10.1016/j.microc.2022.107372,34,24,SHR,1,30,0.0406979,0.0315059,0.0326326,32.3,False
DES_RHO,10.1016/j.microc.2022.107372,34,24,SHR,2,30,0.0941448,0.0317482,0.0344206,30.2667,False
DES_RHO,10.1016/j.microc.2022.107372,34,24,SHR,3,30,0.0513839,0.0321819,0.0336972,28.8667,False
DES_RHO,10.1016/j.microc.2022.107372,34,24,SHR,5,30,0.0828596,0.0328816,0.0351624,25.4667,False
DES_RHO,10.1016/j.molliq.2016.01.038,10,10,OFF,1,30,0.640343,0.0114801,0.0162616,9,False
DES_RHO,10.1016/j.molliq.2016.01.038,10,10,OFF,2,30,0.232796,0.0120035,0.0137679,8,False
DES_RHO,10.1016/j.molliq.2016.01.038,10,10,OFF,3,30,0.359975,0.0116274,0.0143436,7,False
DES_RHO,10.1016/j.molliq.2016.01.038,10,10,OFF,5,30,0.299309,0.0116042,0.013966,5,False
DES_RHO,10.1016/j.molliq.2016.01.038,10,10,SHR,1,30,0.173422,0.0114801,0.012693,9,False
DES_RHO,10.1016/j.molliq.2016.01.038,10,10,SHR,2,30,0.0990694,0.0120035,0.0127324,8,False
DES_RHO,10.1016/j.molliq.2016.01.038,10,10,SHR,3,30,0.198405,0.0116274,0.0131012,7,False
DES_RHO,10.1016/j.molliq.2016.01.038,10,10,SHR,5,30,0.206913,0.0116042,0.0132256,5,False
DES_RHO,10.1016/j.molliq.2016.02.062,59,31,OFF,1,30,0.0797001,0.0143148,0.0154513,56.3,False
DES_RHO,10.1016/j.molliq.2016.02.062,59,31,OFF,2,30,0.169766,0.0144669,0.0159949,53.4,False
DES_RHO,10.1016/j.molliq.2016.02.062,59,31,OFF,3,30,0.148577,0.0145132,0.0162486,51.1,False
DES_RHO,10.1016/j.molliq.2016.02.062,59,31,OFF,5,30,0.159098,0.0150757,0.0162831,45.6667,False
DES_RHO,10.1016/j.molliq.2016.02.062,59,31,SHR,1,30,0.00850227,0.0143148,0.0144363,56.3,False
DES_RHO,10.1016/j.molliq.2016.02.062,59,31,SHR,2,30,0.0627237,0.0144669,0.0149976,53.4,False
DES_RHO,10.1016/j.molliq.2016.02.062,59,31,SHR,3,30,0.0557553,0.0145132,0.015147,51.1,False
DES_RHO,10.1016/j.molliq.2016.02.062,59,31,SHR,5,30,0.0956779,0.0150757,0.0157554,45.6667,False
DES_RHO,10.1016/j.molliq.2016.07.039,77,27,OFF,1,30,3.24733,0.0914404,0.148213,71,False
DES_RHO,10.1016/j.molliq.2016.07.039,77,27,OFF,2,30,2.21196,0.0889969,0.123665,64.8,False
DES_RHO,10.1016/j.molliq.2016.07.039,77,27,OFF,3,30,3.11585,0.0781849,0.124097,59.4333,False
DES_RHO,10.1016/j.molliq.2016.07.039,77,27,OFF,5,30,2.56196,0.0752668,0.109118,52,False
DES_RHO,10.1016/j.molliq.2016.07.039,77,27,SHR,1,30,0.960326,0.0914404,0.108087,71,False
DES_RHO,10.1016/j.molliq.2016.07.039,77,27,SHR,2,30,0.987133,0.0889969,0.104141,64.8,False
DES_RHO,10.1016/j.molliq.2016.07.039,77,27,SHR,3,30,1.73171,0.0781849,0.103308,59.4333,False
DES_RHO,10.1016/j.molliq.2016.07.039,77,27,SHR,5,30,1.73384,0.0752668,0.0979669,52,False
DES_RHO,10.1016/j.molliq.2016.10.115,12,9,OFF,1,30,0.417316,0.00700383,0.00872132,10.5,False
DES_RHO,10.1016/j.molliq.2016.10.115,12,9,OFF,2,30,0.516715,0.00637082,0.00800274,9,False
DES_RHO,10.1016/j.molliq.2016.10.115,12,9,OFF,3,30,0.717897,0.00607499,0.00730876,7.4,False
DES_RHO,10.1016/j.molliq.2016.10.115,12,9,OFF,5,30,1.26192,0.00553117,0.0068611,5.43333,False
DES_RHO,10.1016/j.molliq.2016.10.115,12,9,SHR,1,30,0.03171,0.00700383,0.00710138,10.5,False
DES_RHO,10.1016/j.molliq.2016.10.115,12,9,SHR,2,30,0.109439,0.00637082,0.00654113,9,False
DES_RHO,10.1016/j.molliq.2016.10.115,12,9,SHR,3,30,0.294258,0.00607499,0.00632495,7.4,False
DES_RHO,10.1016/j.molliq.2016.10.115,12,9,SHR,5,30,0.803162,0.00553117,0.00617979,5.43333,False
DES_RHO,10.1016/j.molliq.2017.02.071,27,24,OFF,1,30,0.53387,0.0106007,0.014369,25.8,False
DES_RHO,10.1016/j.molliq.2017.02.071,27,24,OFF,2,30,0.274563,0.0107824,0.0127241,24.6333,False
DES_RHO,10.1016/j.molliq.2017.02.071,27,24,OFF,3,30,0.445665,0.010376,0.0136571,23.4333,False
DES_RHO,10.1016/j.molliq.2017.02.071,27,24,OFF,5,30,0.240094,0.0104921,0.0120732,21.1333,False
DES_RHO,10.1016/j.molliq.2017.02.071,27,24,SHR,1,30,0.129951,0.0106007,0.0114784,25.8,False
DES_RHO,10.1016/j.molliq.2017.02.071,27,24,SHR,2,30,0.107216,0.0107824,0.0115156,24.6333,False
DES_RHO,10.1016/j.molliq.2017.02.071,27,24,SHR,3,30,0.222216,0.010376,0.0120035,23.4333,False
DES_RHO,10.1016/j.molliq.2017.02.071,27,24,SHR,5,30,0.146037,0.0104921,0.0114522,21.1333,False
DES_RHO,10.1016/j.molliq.2017.04.052,39,28,OFF,1,30,0.24985,0.0908113,0.11057,37.2,False
DES_RHO,10.1016/j.molliq.2017.04.052,39,28,OFF,2,30,0.303531,0.0909628,0.115288,35.6667,False
DES_RHO,10.1016/j.molliq.2017.04.052,39,28,OFF,3,30,0.227179,0.0871558,0.1041,33.9,False
DES_RHO,10.1016/j.molliq.2017.04.052,39,28,OFF,5,30,0.0804577,0.0900902,0.0961245,30.8333,False
DES_RHO,10.1016/j.molliq.2017.04.052,39,28,SHR,1,30,0.0536387,0.0908113,0.0950181,37.2,False
DES_RHO,10.1016/j.molliq.2017.04.052,39,28,SHR,2,30,0.111396,0.0909628,0.0999088,35.6667,False
DES_RHO,10.1016/j.molliq.2017.04.052,39,28,SHR,3,30,0.0993097,0.0871558,0.094527,33.9,False
DES_RHO,10.1016/j.molliq.2017.04.052,39,28,SHR,5,30,0.0444839,0.0900902,0.0934276,30.8333,False
DES_RHO,10.1016/j.molliq.2017.05.084,45,10,OFF,1,30,0.390669,0.0280586,0.0337414,37.8333,False
DES_RHO,10.1016/j.molliq.2017.05.084,45,10,OFF,2,30,0.351448,0.0242444,0.0292966,32.1,False
DES_RHO,10.1016/j.molliq.2017.05.084,45,10,OFF,3,30,0.259524,0.0253088,0.0286224,28.6333,False
DES_RHO,10.1016/j.molliq.2017.05.084,45,10,OFF,5,30,0.119846,0.0230484,0.0241793,21.5,False
DES_RHO,10.1016/j.molliq.2017.05.084,45,10,SHR,1,30,0.0146361,0.0280586,0.0279422,37.8333,False
DES_RHO,10.1016/j.molliq.2017.05.084,45,10,SHR,2,30,0.0297056,0.0242444,0.0243302,32.1,False
DES_RHO,10.1016/j.molliq.2017.05.084,45,10,SHR,3,30,0.0584812,0.0253088,0.0257083,28.6333,False
DES_RHO,10.1016/j.molliq.2017.05.084,45,10,SHR,5,30,-0.00859569,0.0230484,0.0222955,21.5,True
DES_RHO,10.1016/j.molliq.2017.09.091,117,22,OFF,1,30,-0.27782,0.0966076,0.0696605,110.7,True
DES_RHO,10.1016/j.molliq.2017.09.091,117,22,OFF,2,30,-0.33893,0.0967615,0.0639639,105.6,True
DES_RHO,10.1016/j.molliq.2017.09.091,117,22,OFF,3,30,-0.414891,0.0971562,0.0566885,98.9,True
DES_RHO,10.1016/j.molliq.2017.09.091,117,22,OFF,5,30,-0.396195,0.0959548,0.0574392,88.4333,True
DES_RHO,10.1016/j.molliq.2017.09.091,117,22,SHR,1,30,-0.213564,0.0966076,0.0761884,110.7,True
DES_RHO,10.1016/j.molliq.2017.09.091,117,22,SHR,2,30,-0.279073,0.0967615,0.0700323,105.6,True
DES_RHO,10.1016/j.molliq.2017.09.091,117,22,SHR,3,30,-0.348308,0.0971562,0.0635124,98.9,True
DES_RHO,10.1016/j.molliq.2017.09.091,117,22,SHR,5,30,-0.400805,0.0959548,0.0575619,88.4333,True
DES_RHO,10.1016/j.molliq.2018.02.049,54,17,OFF,1,30,0.435644,0.0661872,0.0882618,48.5667,False
DES_RHO,10.1016/j.molliq.2018.02.049,54,17,OFF,2,30,0.397955,0.0615291,0.0832393,44.5667,False
DES_RHO,10.1016/j.molliq.2018.02.049,54,17,OFF,3,30,0.409763,0.0499516,0.0684703,37.0333,False
DES_RHO,10.1016/j.molliq.2018.02.049,54,17,OFF,5,30,0.41198,0.0445341,0.0614372,30.6333,False
DES_RHO,10.1016/j.molliq.2018.02.049,54,17,SHR,1,30,0.122213,0.0661872,0.0723657,48.5667,False
DES_RHO,10.1016/j.molliq.2018.02.049,54,17,SHR,2,30,0.180123,0.0615291,0.0713681,44.5667,False
DES_RHO,10.1016/j.molliq.2018.02.049,54,17,SHR,3,30,0.223379,0.0499516,0.060295,37.0333,False
DES_RHO,10.1016/j.molliq.2018.02.049,54,17,SHR,5,30,0.269736,0.0445341,0.0559951,30.6333,False
DES_RHO,10.1016/j.molliq.2018.02.085,63,41,OFF,1,30,0.0615074,0.0158998,0.0168673,60.7667,False
DES_RHO,10.1016/j.molliq.2018.02.085,63,41,OFF,2,30,0.0154922,0.0161264,0.0163717,58.9333,False
DES_RHO,10.1016/j.molliq.2018.02.085,63,41,OFF,3,30,0.11606,0.0161314,0.0172823,56.2,False
DES_RHO,10.1016/j.molliq.2018.02.085,63,41,OFF,5,30,0.145389,0.0159793,0.0173022,53.1667,False
DES_RHO,10.1016/j.molliq.2018.02.085,63,41,SHR,1,30,-0.0101049,0.0158998,0.0157388,60.7667,True
DES_RHO,10.1016/j.molliq.2018.02.085,63,41,SHR,2,30,-0.00454124,0.0161264,0.0160523,58.9333,True
DES_RHO,10.1016/j.molliq.2018.02.085,63,41,SHR,3,30,0.0403248,0.0161314,0.0164419,56.2,False
DES_RHO,10.1016/j.molliq.2018.02.085,63,41,SHR,5,30,0.0738641,0.0159793,0.0165906,53.1667,False
DES_RHO,10.1016/j.molliq.2019.01.053,14,8,OFF,1,30,1.01305,0.0116199,0.0158606,11.9667,False
DES_RHO,10.1016/j.molliq.2019.01.053,14,8,OFF,2,30,0.960526,0.00912808,0.0127211,9.73333,False
DES_RHO,10.1016/j.molliq.2019.01.053,14,8,OFF,3,30,0.92045,0.00745289,0.0103388,8.13333,False
DES_RHO,10.1016/j.molliq.2019.01.053,14,8,OFF,5,30,0.887843,0.00565497,0.00849379,5.53333,False
DES_RHO,10.1016/j.molliq.2019.01.053,14,8,SHR,1,30,0.234288,0.0116199,0.012559,11.9667,False
DES_RHO,10.1016/j.molliq.2019.01.053,14,8,SHR,2,30,0.330421,0.00912808,0.0103191,9.73333,False
DES_RHO,10.1016/j.molliq.2019.01.053,14,8,SHR,3,30,0.442625,0.00745289,0.00878883,8.13333,False
DES_RHO,10.1016/j.molliq.2019.01.053,14,8,SHR,5,30,0.54909,0.00565497,0.00737388,5.53333,False
DES_RHO,10.1016/j.molliq.2019.111916,35,31,OFF,1,30,0.384883,0.0108735,0.014044,33.8667,False
DES_RHO,10.1016/j.molliq.2019.111916,35,31,OFF,2,30,0.0328572,0.0112212,0.011589,32.5333,False
DES_RHO,10.1016/j.molliq.2019.111916,35,31,OFF,3,30,0.078668,0.0111852,0.0117596,31.3,False
DES_RHO,10.1016/j.molliq.2019.111916,35,31,OFF,5,30,0.118356,0.0107699,0.0115304,29.2667,False
DES_RHO,10.1016/j.molliq.2019.111916,35,31,SHR,1,30,0.0649347,0.0108735,0.0113399,33.8667,False
DES_RHO,10.1016/j.molliq.2019.111916,35,31,SHR,2,30,-0.00156534,0.0112212,0.0112049,32.5333,True
DES_RHO,10.1016/j.molliq.2019.111916,35,31,SHR,3,30,0.02127,0.0111852,0.0112917,31.3,False
DES_RHO,10.1016/j.molliq.2019.111916,35,31,SHR,5,30,0.0529132,0.0107699,0.0110825,29.2667,False
DES_RHO,10.1016/j.molliq.2020.112644,18,7,OFF,1,30,0.820403,0.0174625,0.0245934,12.0667,False
DES_RHO,10.1016/j.molliq.2020.112644,18,7,OFF,2,30,0.519331,0.0178945,0.0224333,10.9333,False
DES_RHO,10.1016/j.molliq.2020.112644,18,7,OFF,3,30,0.614009,0.0129318,0.0188446,7.5,False
DES_RHO,10.1016/j.molliq.2020.112644,18,7,OFF,5,30,0.884978,0.0101308,0.0185268,4.63333,False
DES_RHO,10.1016/j.molliq.2020.112644,18,7,SHR,1,30,-0.0839247,0.0174625,0.0158943,12.0667,True
DES_RHO,10.1016/j.molliq.2020.112644,18,7,SHR,2,30,0.0124082,0.0178945,0.0174865,10.9333,False
DES_RHO,10.1016/j.molliq.2020.112644,18,7,SHR,3,30,0.119805,0.0129318,0.0138624,7.5,False
DES_RHO,10.1016/j.molliq.2020.112644,18,7,SHR,5,30,0.419976,0.0101308,0.0139836,4.63333,False
DES_RHO,10.1016/j.molliq.2020.113110,81,10,OFF,1,30,-0.128283,0.0714297,0.0613656,72.6,True
DES_RHO,10.1016/j.molliq.2020.113110,81,10,OFF,2,30,-0.209778,0.0706899,0.0555972,65.3667,True
DES_RHO,10.1016/j.molliq.2020.113110,81,10,OFF,3,30,-0.239331,0.0719533,0.0539762,59.6,True
DES_RHO,10.1016/j.molliq.2020.113110,81,10,OFF,5,30,-0.136979,0.0645719,0.0517157,46,True
DES_RHO,10.1016/j.molliq.2020.113110,81,10,SHR,1,30,-0.172998,0.0714297,0.0595678,72.6,True
DES_RHO,10.1016/j.molliq.2020.113110,81,10,SHR,2,30,-0.227042,0.0706899,0.0551958,65.3667,True
DES_RHO,10.1016/j.molliq.2020.113110,81,10,SHR,3,30,-0.240416,0.0719533,0.0550186,59.6,True
DES_RHO,10.1016/j.molliq.2020.113110,81,10,SHR,5,30,-0.231378,0.0645719,0.0481039,46,True
DES_RHO,10.1016/j.molliq.2020.113127,36,5,OFF,1,30,0.400209,0.0204102,0.0267966,27.2,False
DES_RHO,10.1016/j.molliq.2020.113127,36,5,OFF,2,30,0.557761,0.0196603,0.0273594,22,False
DES_RHO,10.1016/j.molliq.2020.113127,36,5,OFF,3,30,0.158085,0.020718,0.0238582,16.8,False
DES_RHO,10.1016/j.molliq.2020.113127,36,5,OFF,5,26,0.191998,0.0214422,0.0237522,11.7692,False
DES_RHO,10.1016/j.molliq.2020.113127,36,5,SHR,1,30,0.0760096,0.0204102,0.021651,27.2,False
DES_RHO,10.1016/j.molliq.2020.113127,36,5,SHR,2,30,0.217552,0.0196603,0.0226039,22,False
DES_RHO,10.1016/j.molliq.2020.113127,36,5,SHR,3,30,0.0723105,0.020718,0.0222157,16.8,False
DES_RHO,10.1016/j.molliq.2020.113127,36,5,SHR,5,26,0.110729,0.0214422,0.0228862,11.7692,False
DES_RHO,10.1016/j.molliq.2021.117987,25,23,OFF,1,30,0.25904,0.0209737,0.0262696,23.8333,False
DES_RHO,10.1016/j.molliq.2021.117987,25,23,OFF,2,30,0.123837,0.0210332,0.0234439,22.6,False
DES_RHO,10.1016/j.molliq.2021.117987,25,23,OFF,3,30,0.0719015,0.0212584,0.0227598,21.5,False
DES_RHO,10.1016/j.molliq.2021.117987,25,23,OFF,5,30,0.00626748,0.0209669,0.0211014,19.5333,False
DES_RHO,10.1016/j.molliq.2021.117987,25,23,SHR,1,30,0.00700545,0.0209737,0.0211349,23.8333,False
DES_RHO,10.1016/j.molliq.2021.117987,25,23,SHR,2,30,-0.00501138,0.0210332,0.0209164,22.6,True
DES_RHO,10.1016/j.molliq.2021.117987,25,23,SHR,3,30,0.00399799,0.0212584,0.0213727,21.5,False
DES_RHO,10.1016/j.molliq.2021.117987,25,23,SHR,5,30,-0.0325994,0.0209669,0.0203211,19.5333,True
DES_RHO,10.1016/j.molliq.2021.118393,54,7,OFF,1,30,0.315868,0.0548418,0.068666,45.7,False
DES_RHO,10.1016/j.molliq.2021.118393,54,7,OFF,2,30,0.145988,0.0558291,0.0618628,38.9,False
DES_RHO,10.1016/j.molliq.2021.118393,54,7,OFF,3,30,0.149576,0.0533623,0.0588828,33,False
DES_RHO,10.1016/j.molliq.2021.118393,54,7,OFF,5,30,0.199259,0.0449741,0.0494271,21.7,False
DES_RHO,10.1016/j.molliq.2021.118393,54,7,SHR,1,30,0.0285169,0.0548418,0.0560655,45.7,False
DES_RHO,10.1016/j.molliq.2021.118393,54,7,SHR,2,30,0.0181382,0.0558291,0.0563163,38.9,False
DES_RHO,10.1016/j.molliq.2021.118393,54,7,SHR,3,30,0.0271588,0.0533623,0.0542833,33,False
DES_RHO,10.1016/j.molliq.2021.118393,54,7,SHR,5,30,0.0875911,0.0449741,0.0465494,21.7,False
DES_RHO,10.1016/j.molliq.2022.119392,11,9,OFF,1,30,0.593078,0.00662212,0.0101287,9.46667,False
DES_RHO,10.1016/j.molliq.2022.119392,11,9,OFF,2,30,0.32757,0.0067413,0.00879101,8.36667,False
DES_RHO,10.1016/j.molliq.2022.119392,11,9,OFF,3,30,0.112132,0.00746438,0.00825379,6.6,False
DES_RHO,10.1016/j.molliq.2022.119392,11,9,OFF,5,30,0.219554,0.00716445,0.00866245,4.66667,False
DES_RHO,10.1016/j.molliq.2022.119392,11,9,SHR,1,30,0.121514,0.00662212,0.00733667,9.46667,False
DES_RHO,10.1016/j.molliq.2022.119392,11,9,SHR,2,30,0.128016,0.0067413,0.00753768,8.36667,False
DES_RHO,10.1016/j.molliq.2022.119392,11,9,SHR,3,30,0.05701,0.00746438,0.00786472,6.6,False
DES_RHO,10.1016/j.molliq.2022.119392,11,9,SHR,5,30,0.149926,0.00716445,0.0081892,4.66667,False
DES_RHO,10.1016/j.molliq.2022.119396,90,23,OFF,1,30,0.234354,0.130291,0.15469,83.2333,False
DES_RHO,10.1016/j.molliq.2022.119396,90,23,OFF,2,30,0.108471,0.131295,0.138616,76.5667,False
DES_RHO,10.1016/j.molliq.2022.119396,90,23,OFF,3,30,-0.0178897,0.125639,0.118589,72,True
DES_RHO,10.1016/j.molliq.2022.119396,90,23,OFF,5,30,0.00522561,0.125099,0.12008,63.2,False
DES_RHO,10.1016/j.molliq.2022.119396,90,23,SHR,1,30,-0.0634931,0.130291,0.122347,83.2333,True
DES_RHO,10.1016/j.molliq.2022.119396,90,23,SHR,2,30,-0.0480851,0.131295,0.124034,76.5667,True
DES_RHO,10.1016/j.molliq.2022.119396,90,23,SHR,3,30,-0.0977818,0.125639,0.112217,72,True
DES_RHO,10.1016/j.molliq.2022.119396,90,23,SHR,5,30,-0.0675974,0.125099,0.114373,63.2,True
DES_RHO,10.1016/j.molliq.2022.119560,27,5,OFF,1,30,0.108341,0.024933,0.0265292,18.8,False
DES_RHO,10.1016/j.molliq.2022.119560,27,5,OFF,2,30,0.00407585,0.0267247,0.0256569,14.3,False
DES_RHO,10.1016/j.molliq.2022.119560,27,5,OFF,3,30,0.337278,0.028553,0.0283267,9.76667,False
DES_RHO,10.1016/j.molliq.2022.119560,27,5,OFF,5,30,0.2801,0.0389844,0.0343644,6.4,False
DES_RHO,10.1016/j.molliq.2022.119560,27,5,SHR,1,30,-0.051687,0.024933,0.0236434,18.8,True
DES_RHO,10.1016/j.molliq.2022.119560,27,5,SHR,2,30,-0.152014,0.0267247,0.0231078,14.3,True
DES_RHO,10.1016/j.molliq.2022.119560,27,5,SHR,3,30,0.0171215,0.028553,0.0252343,9.76667,False
DES_RHO,10.1016/j.molliq.2022.119560,27,5,SHR,5,30,0.139505,0.0389844,0.0347825,6.4,False
DES_RHO,10.1016/j.molliq.2022.120266,52,17,OFF,1,30,0.247725,0.012982,0.0157771,47.2,False
DES_RHO,10.1016/j.molliq.2022.120266,52,17,OFF,2,30,0.168427,0.0132228,0.0150936,42.7,False
DES_RHO,10.1016/j.molliq.2022.120266,52,17,OFF,3,30,0.170549,0.0132528,0.0152853,38.5,False
DES_RHO,10.1016/j.molliq.2022.120266,52,17,OFF,5,30,0.147331,0.0139244,0.0157156,32.3,False
DES_RHO,10.1016/j.molliq.2022.120266,52,17,SHR,1,30,0.0540902,0.012982,0.0135844,47.2,False
DES_RHO,10.1016/j.molliq.2022.120266,52,17,SHR,2,30,0.0576643,0.0132228,0.0138493,42.7,False
DES_RHO,10.1016/j.molliq.2022.120266,52,17,SHR,3,30,0.0702558,0.0132528,0.014101,38.5,False
DES_RHO,10.1016/j.molliq.2022.120266,52,17,SHR,5,30,0.0896081,0.0139244,0.0150108,32.3,False
DES_RHO,10.1016/j.molliq.2022.120420,351,77,OFF,1,30,0.216377,0.0102284,0.0124322,344.067,False
DES_RHO,10.1016/j.molliq.2022.120420,351,77,OFF,2,30,0.149166,0.010201,0.0116837,337.2,False
DES_RHO,10.1016/j.molliq.2022.120420,351,77,OFF,3,30,0.0807572,0.0102438,0.0110238,330.467,False
DES_RHO,10.1016/j.molliq.2022.120420,351,77,OFF,5,30,0.0371416,0.0103264,0.010699,317.3,False
DES_RHO,10.1016/j.molliq.2022.120420,351,77,SHR,1,30,0.0197473,0.0102284,0.0104298,344.067,False
DES_RHO,10.1016/j.molliq.2022.120420,351,77,SHR,2,30,0.00468092,0.010201,0.0102403,337.2,False
DES_RHO,10.1016/j.molliq.2022.120420,351,77,SHR,3,30,0.00156816,0.0102438,0.0102466,330.467,False
DES_RHO,10.1016/j.molliq.2022.120420,351,77,SHR,5,30,-0.00447171,0.0103264,0.0102778,317.3,True
DES_RHO,10.1016/j.seppur.2019.115703,43,15,OFF,1,30,0.44464,0.00434595,0.0062407,36.7667,False
DES_RHO,10.1016/j.seppur.2019.115703,43,15,OFF,2,30,0.118878,0.00439679,0.00490773,33.7667,False
DES_RHO,10.1016/j.seppur.2019.115703,43,15,OFF,3,30,0.0781422,0.0044848,0.00482361,30.7,False
DES_RHO,10.1016/j.seppur.2019.115703,43,15,OFF,5,30,0.180268,0.00431868,0.00502713,23.2667,False
DES_RHO,10.1016/j.seppur.2019.115703,43,15,SHR,1,30,0.0557352,0.00434595,0.00458499,36.7667,False
DES_RHO,10.1016/j.seppur.2019.115703,43,15,SHR,2,30,0.0263562,0.00439679,0.00450891,33.7667,False
DES_RHO,10.1016/j.seppur.2019.115703,43,15,SHR,3,30,0.0232808,0.0044848,0.0045873,30.7,False
DES_RHO,10.1016/j.seppur.2019.115703,43,15,SHR,5,30,0.106641,0.00431868,0.00473522,23.2667,False
DES_RHO,10.1016/j.seppur.2020.116692,22,2,OFF,1,30,-0.354183,0.011651,0.00746698,11,True
DES_RHO,10.1016/j.seppur.2020.116692,22,2,OFF,2,15,-0.483394,0.0115361,0.00595601,11,True
DES_RHO,10.1016/j.seppur.2020.116692,22,2,OFF,3,5,-0.481637,0.0118807,0.00607763,11,True
DES_RHO,10.1016/j.seppur.2020.116692,22,2,OFF,5,1,-0.527357,0.010847,0.00512674,11,True
DES_RHO,10.1016/j.seppur.2020.116692,22,2,SHR,1,30,-0.257361,0.011651,0.00870368,11,True
DES_RHO,10.1016/j.seppur.2020.116692,22,2,SHR,2,15,-0.339304,0.0115361,0.0076448,11,True
DES_RHO,10.1016/j.seppur.2020.116692,22,2,SHR,3,5,-0.457109,0.0118807,0.00649851,11,True
DES_RHO,10.1016/j.seppur.2020.116692,22,2,SHR,5,1,-0.507636,0.010847,0.00534065,11,True
DES_RHO,10.1016/j.talanta.2022.123373,8,6,OFF,1,30,0.605413,0.012033,0.0170067,6.6,False
DES_RHO,10.1016/j.talanta.2022.123373,8,6,OFF,2,30,0.366936,0.0128954,0.016259,5.03333,False
DES_RHO,10.1016/j.talanta.2022.123373,8,6,OFF,3,30,0.306295,0.0123346,0.0152121,3.96667,False
DES_RHO,10.1016/j.talanta.2022.123373,8,6,OFF,5,30,0.0368147,0.0109938,0.0118703,2.03333,False
DES_RHO,10.1016/j.talanta.2022.123373,8,6,SHR,1,30,0.164323,0.012033,0.0132427,6.6,False
DES_RHO,10.1016/j.talanta.2022.123373,8,6,SHR,2,30,0.158926,0.0128954,0.014252,5.03333,False
DES_RHO,10.1016/j.talanta.2022.123373,8,6,SHR,3,30,0.174083,0.0123346,0.013918,3.96667,False
DES_RHO,10.1016/j.talanta.2022.123373,8,6,SHR,5,30,0.0247146,0.0109938,0.0115912,2.03333,False
DES_RHO,10.1016/j.tca.2011.10.010,268,74,OFF,1,30,0.477227,0.011198,0.0163048,259,False
DES_RHO,10.1016/j.tca.2011.10.010,268,74,OFF,2,30,0.191851,0.0110966,0.0131844,251.4,False
DES_RHO,10.1016/j.tca.2011.10.010,268,74,OFF,3,30,0.161699,0.0112628,0.012981,243.833,False
DES_RHO,10.1016/j.tca.2011.10.010,268,74,OFF,5,30,0.110259,0.0112124,0.0124027,231.8,False
DES_RHO,10.1016/j.tca.2011.10.010,268,74,SHR,1,30,0.100141,0.011198,0.0122659,259,False
DES_RHO,10.1016/j.tca.2011.10.010,268,74,SHR,2,30,0.0555833,0.0110966,0.0117003,251.4,False
DES_RHO,10.1016/j.tca.2011.10.010,268,74,SHR,3,30,0.0704359,0.0112628,0.012009,243.833,False
DES_RHO,10.1016/j.tca.2011.10.010,268,74,SHR,5,30,0.0561984,0.0112124,0.0118189,231.8,False
DES_RHO,10.1016/j.tca.2012.04.030,28,22,OFF,1,30,0.250944,0.0451365,0.0545416,26.5667,False
DES_RHO,10.1016/j.tca.2012.04.030,28,22,OFF,2,30,-0.0218425,0.0466464,0.0453953,24.9333,True
DES_RHO,10.1016/j.tca.2012.04.030,28,22,OFF,3,30,-0.0522395,0.0476098,0.0448615,23.2667,True
DES_RHO,10.1016/j.tca.2012.04.030,28,22,OFF,5,30,-0.0547909,0.0466289,0.0434889,21.2667,True
DES_RHO,10.1016/j.tca.2012.04.030,28,22,SHR,1,30,-0.0297252,0.0451365,0.0436978,26.5667,True
DES_RHO,10.1016/j.tca.2012.04.030,28,22,SHR,2,30,-0.0654357,0.0466464,0.0436689,24.9333,True
DES_RHO,10.1016/j.tca.2012.04.030,28,22,SHR,3,30,-0.0712727,0.0476098,0.0442924,23.2667,True
DES_RHO,10.1016/j.tca.2012.04.030,28,22,SHR,5,30,-0.0876204,0.0466289,0.0424317,21.2667,True
DES_RHO,10.1016/j.tca.2014.11.028,18,16,OFF,1,30,-0.00579309,0.00956936,0.00951057,16.8333,True
DES_RHO,10.1016/j.tca.2014.11.028,18,16,OFF,2,30,0.449237,0.00875734,0.010586,15.6,False
DES_RHO,10.1016/j.tca.2014.11.028,18,16,OFF,3,30,0.1116,0.00952143,0.00984778,14.4333,False
DES_RHO,10.1016/j.tca.2014.11.028,18,16,OFF,5,30,0.246459,0.00874911,0.00945097,12.1,False
DES_RHO,10.1016/j.tca.2014.11.028,18,16,SHR,1,30,-0.0295639,0.00956936,0.0092882,16.8333,True
DES_RHO,10.1016/j.tca.2014.11.028,18,16,SHR,2,30,0.0932341,0.00875734,0.00898471,15.6,False
DES_RHO,10.1016/j.tca.2014.11.028,18,16,SHR,3,30,0.019467,0.00952143,0.00945908,14.4333,False
DES_RHO,10.1016/j.tca.2014.11.028,18,16,SHR,5,30,0.0872657,0.00874911,0.00884164,12.1,False
DES_RHO,10.1016/j.tca.2016.11.008,12,9,OFF,1,30,0.734556,0.0186994,0.0281022,10.4667,False
DES_RHO,10.1016/j.tca.2016.11.008,12,9,OFF,2,30,0.35276,0.0195066,0.0245267,9.16667,False
DES_RHO,10.1016/j.tca.2016.11.008,12,9,OFF,3,30,0.287824,0.0195477,0.0232662,7.9,False
DES_RHO,10.1016/j.tca.2016.11.008,12,9,OFF,5,30,0.1926,0.0198792,0.0227942,5.26667,False
DES_RHO,10.1016/j.tca.2016.11.008,12,9,SHR,1,30,0.203156,0.0186994,0.0211666,10.4667,False
DES_RHO,10.1016/j.tca.2016.11.008,12,9,SHR,2,30,0.150133,0.0195066,0.0215568,9.16667,False
DES_RHO,10.1016/j.tca.2016.11.008,12,9,SHR,3,30,0.153753,0.0195477,0.0214698,7.9,False
DES_RHO,10.1016/j.tca.2016.11.008,12,9,SHR,5,30,0.129968,0.0198792,0.0218276,5.26667,False
DES_RHO,10.1021/acs.iecr.5b02611,22,2,OFF,1,30,-0.690391,0.0204287,0.00627282,11,True
DES_RHO,10.1021/acs.iecr.5b02611,22,2,OFF,2,16,-0.676075,0.0195218,0.00625655,11,True
DES_RHO,10.1021/acs.iecr.5b02611,22,2,OFF,3,5,-0.709819,0.0210138,0.00609389,11,True
DES_RHO,10.1021/acs.iecr.5b02611,22,2,SHR,1,30,-0.311096,0.0204287,0.0141587,11,True
DES_RHO,10.1021/acs.iecr.5b02611,22,2,SHR,2,16,-0.499761,0.0195218,0.00990696,11,True
DES_RHO,10.1021/acs.iecr.5b02611,22,2,SHR,3,5,-0.489503,0.0210138,0.0108307,11,True
DES_RHO,10.1021/acs.iecr.7b02478,28,8,OFF,1,30,0.384082,0.00477768,0.00653822,23.4,False
DES_RHO,10.1021/acs.iecr.7b02478,28,8,OFF,2,30,0.194906,0.00479583,0.00567487,19.7667,False
DES_RHO,10.1021/acs.iecr.7b02478,28,8,OFF,3,30,0.13504,0.00465947,0.00520803,16.8333,False
DES_RHO,10.1021/acs.iecr.7b02478,28,8,OFF,5,30,0.0985759,0.00492527,0.00535683,12.0333,False
DES_RHO,10.1021/acs.iecr.7b02478,28,8,SHR,1,30,0.0542729,0.00477768,0.00502495,23.4,False
DES_RHO,10.1021/acs.iecr.7b02478,28,8,SHR,2,30,0.0343449,0.00479583,0.00494833,19.7667,False
DES_RHO,10.1021/acs.iecr.7b02478,28,8,SHR,3,30,0.0385405,0.00465947,0.00480426,16.8333,False
DES_RHO,10.1021/acs.iecr.7b02478,28,8,SHR,5,30,0.053593,0.00492527,0.00515795,12.0333,False
DES_RHO,10.1021/acs.jced.0c00579,16,4,OFF,1,30,0.361762,0.00901467,0.0120239,11.2667,False
DES_RHO,10.1021/acs.jced.0c00579,16,4,OFF,2,30,0.303341,0.00863295,0.0112206,7.8,False
DES_RHO,10.1021/acs.jced.0c00579,16,4,OFF,3,30,0.264941,0.00839308,0.0104334,5.86667,False
DES_RHO,10.1021/acs.jced.0c00579,16,4,OFF,5,26,0.311995,0.00656405,0.0086868,2.65385,False
DES_RHO,10.1021/acs.jced.0c00579,16,4,SHR,1,30,0.0502044,0.00901467,0.00941789,11.2667,False
DES_RHO,10.1021/acs.jced.0c00579,16,4,SHR,2,30,0.111714,0.00863295,0.00960509,7.8,False
DES_RHO,10.1021/acs.jced.0c00579,16,4,SHR,3,30,0.106015,0.00839308,0.00926322,5.86667,False
DES_RHO,10.1021/acs.jced.0c00579,16,4,SHR,5,26,0.210567,0.00656405,0.00798053,2.65385,False
DES_RHO,10.1021/acs.jced.0c00715,153,69,OFF,1,30,0.312223,0.00776006,0.010156,148.867,False
DES_RHO,10.1021/acs.jced.0c00715,153,69,OFF,2,30,0.208823,0.00780126,0.00938088,145.733,False
DES_RHO,10.1021/acs.jced.0c00715,153,69,OFF,3,30,0.108264,0.00783624,0.00867657,142.267,False
DES_RHO,10.1021/acs.jced.0c00715,153,69,OFF,5,30,0.0919891,0.00770659,0.00840276,134.833,False
DES_RHO,10.1021/acs.jced.0c00715,153,69,SHR,1,30,0.0478602,0.00776006,0.00812691,148.867,False
DES_RHO,10.1021/acs.jced.0c00715,153,69,SHR,2,30,0.068532,0.00780126,0.0083182,145.733,False
DES_RHO,10.1021/acs.jced.0c00715,153,69,SHR,3,30,0.0459001,0.00783624,0.00819224,142.267,False
DES_RHO,10.1021/acs.jced.0c00715,153,69,SHR,5,30,0.0503832,0.00770659,0.00808855,134.833,False
DES_RHO,10.1021/acs.jced.6b00486,18,4,OFF,1,30,3.35246,0.038435,0.0966473,10.6667,False
DES_RHO,10.1021/acs.jced.6b00486,18,4,OFF,2,30,2.73576,0.0347765,0.0693611,7.5,False
DES_RHO,10.1021/acs.jced.6b00486,18,4,OFF,3,30,1.56276,0.0469577,0.0540213,5,False
DES_RHO,10.1021/acs.jced.6b00486,18,4,OFF,5,28,1.61435,0.0350395,0.042547,2.53571,False
DES_RHO,10.1021/acs.jced.6b00486,18,4,SHR,1,30,0.593475,0.038435,0.0483777,10.6667,False
DES_RHO,10.1021/acs.jced.6b00486,18,4,SHR,2,30,0.963333,0.0347765,0.0447046,7.5,False
DES_RHO,10.1021/acs.jced.6b00486,18,4,SHR,3,30,0.745365,0.0469577,0.0479913,5,False
DES_RHO,10.1021/acs.jced.6b00486,18,4,SHR,5,28,0.972494,0.0350395,0.0345556,2.53571,False
DES_RHO,10.1021/acs.jced.6b01013,36,20,OFF,1,30,0.388454,0.00733474,0.0101085,32.4667,False
DES_RHO,10.1021/acs.jced.6b01013,36,20,OFF,2,30,0.206189,0.00736149,0.00886522,29.7,False
DES_RHO,10.1021/acs.jced.6b01013,36,20,OFF,3,30,0.129766,0.0073635,0.00830735,27.7667,False
DES_RHO,10.1021/acs.jced.6b01013,36,20,OFF,5,30,0.141277,0.00710883,0.00808755,22.5,False
DES_RHO,10.1021/acs.jced.6b01013,36,20,SHR,1,30,0.0679288,0.00733474,0.00781882,32.4667,False
DES_RHO,10.1021/acs.jced.6b01013,36,20,SHR,2,30,0.0680829,0.00736149,0.00785712,29.7,False
DES_RHO,10.1021/acs.jced.6b01013,36,20,SHR,3,30,0.0574529,0.0073635,0.00778061,27.7667,False
DES_RHO,10.1021/acs.jced.6b01013,36,20,SHR,5,30,0.0856102,0.00710883,0.00770372,22.5,False
DES_RHO,10.1021/acs.jced.9b00237,8,7,OFF,1,30,0.21959,0.0141423,0.0155989,6.66667,False
DES_RHO,10.1021/acs.jced.9b00237,8,7,OFF,2,30,1.31238,0.0109659,0.0178473,5.56667,False
DES_RHO,10.1021/acs.jced.9b00237,8,7,OFF,3,30,0.719459,0.0123519,0.0157676,4.5,False
DES_RHO,10.1021/acs.jced.9b00237,8,7,OFF,5,30,1.94422,0.00951202,0.0125838,2.43333,False
DES_RHO,10.1021/acs.jced.9b00237,8,7,SHR,1,30,0.0436471,0.0141423,0.0143774,6.66667,False
DES_RHO,10.1021/acs.jced.9b00237,8,7,SHR,2,30,0.515296,0.0109659,0.0136556,5.56667,False
DES_RHO,10.1021/acs.jced.9b00237,8,7,SHR,3,30,0.337602,0.0123519,0.0139334,4.5,False
DES_RHO,10.1021/acs.jced.9b00237,8,7,SHR,5,30,1.2127,0.00951202,0.0113397,2.43333,False
DES_RHO,10.1021/acssuschemeng.5b00532,52,17,OFF,1,30,0.370682,0.0173775,0.0222756,45.3,False
DES_RHO,10.1021/acssuschemeng.5b00532,52,17,OFF,2,30,0.151365,0.0171738,0.0188773,40.6,False
DES_RHO,10.1021/acssuschemeng.5b00532,52,17,OFF,3,30,0.324311,0.0160876,0.0192434,36.6667,False
DES_RHO,10.1021/acssuschemeng.5b00532,52,17,OFF,5,30,0.129179,0.0161902,0.0178243,28.2333,False
DES_RHO,10.1021/acssuschemeng.5b00532,52,17,SHR,1,30,0.0253187,0.0173775,0.0176294,45.3,False
DES_RHO,10.1021/acssuschemeng.5b00532,52,17,SHR,2,30,0.012359,0.0171738,0.0171637,40.6,False
DES_RHO,10.1021/acssuschemeng.5b00532,52,17,SHR,3,30,0.120068,0.0160876,0.0170943,36.6667,False
DES_RHO,10.1021/acssuschemeng.5b00532,52,17,SHR,5,30,0.0458532,0.0161902,0.0167078,28.2333,False
DES_RHO,10.1021/acssuschemeng.5b00619,14,12,OFF,1,30,0.244476,0.0173137,0.0191426,12.6,False
DES_RHO,10.1021/acssuschemeng.5b00619,14,12,OFF,2,30,0.402815,0.0172224,0.0196642,11.4333,False
DES_RHO,10.1021/acssuschemeng.5b00619,14,12,OFF,3,30,0.403701,0.0164004,0.0189933,10.3333,False
DES_RHO,10.1021/acssuschemeng.5b00619,14,12,OFF,5,30,0.250672,0.0178365,0.0192575,8.23333,False
DES_RHO,10.1021/acssuschemeng.5b00619,14,12,SHR,1,30,0.0416064,0.0173137,0.0174613,12.6,False
DES_RHO,10.1021/acssuschemeng.5b00619,14,12,SHR,2,30,0.153113,0.0172224,0.0180536,11.4333,False
DES_RHO,10.1021/acssuschemeng.5b00619,14,12,SHR,3,30,0.164499,0.0164004,0.017344,10.3333,False
DES_RHO,10.1021/acssuschemeng.5b00619,14,12,SHR,5,30,0.142129,0.0178365,0.0185765,8.23333,False
DES_RHO,10.1021/acssuschemeng.7b04235,39,7,OFF,1,30,0.221444,0.00305504,0.00372074,27.8667,False
DES_RHO,10.1021/acssuschemeng.7b04235,39,7,OFF,2,30,0.15558,0.00332308,0.0037545,19.6,False
DES_RHO,10.1021/acssuschemeng.7b04235,39,7,OFF,3,30,0.147378,0.00361005,0.00400186,13.5333,False
DES_RHO,10.1021/acssuschemeng.7b04235,39,7,OFF,5,30,-0.00978382,0.00417275,0.00409666,8.6,True
DES_RHO,10.1021/acssuschemeng.7b04235,39,7,SHR,1,30,0.0331484,0.00305504,0.00315276,27.8667,False
DES_RHO,10.1021/acssuschemeng.7b04235,39,7,SHR,2,30,0.0345041,0.00332308,0.00341036,19.6,False
DES_RHO,10.1021/acssuschemeng.7b04235,39,7,SHR,3,30,0.0589701,0.00361005,0.00376057,13.5333,False
DES_RHO,10.1021/acssuschemeng.7b04235,39,7,SHR,5,30,-0.0262865,0.00417275,0.00404986,8.6,True
DES_RHO,10.1021/acssuschemeng.8b01203,187,18,OFF,1,30,0.148017,0.0204668,0.0234598,172.667,False
DES_RHO,10.1021/acssuschemeng.8b01203,187,18,OFF,2,30,0.0318335,0.0206257,0.0212222,162.9,False
DES_RHO,10.1021/acssuschemeng.8b01203,187,18,OFF,3,30,-0.0500109,0.0205194,0.0194769,146.133,True
DES_RHO,10.1021/acssuschemeng.8b01203,187,18,OFF,5,30,0.0723311,0.0203571,0.0209829,127.367,False
DES_RHO,10.1021/acssuschemeng.8b01203,187,18,SHR,1,30,-0.026916,0.0204668,0.0199715,172.667,True
DES_RHO,10.1021/acssuschemeng.8b01203,187,18,SHR,2,30,-0.0691633,0.0206257,0.0192401,162.9,True
DES_RHO,10.1021/acssuschemeng.8b01203,187,18,SHR,3,30,-0.0915939,0.0205194,0.0186697,146.133,True
DES_RHO,10.1021/acssuschemeng.8b01203,187,18,SHR,5,30,-0.0156184,0.0203571,0.0196259,127.367,True
DES_RHO,10.1021/acssuschemeng.8b03520,17,14,OFF,1,30,0.297953,0.0236106,0.0278393,15.5,False
DES_RHO,10.1021/acssuschemeng.8b03520,17,14,OFF,2,30,0.149222,0.0249038,0.0276633,13.7333,False
DES_RHO,10.1021/acssuschemeng.8b03520,17,14,OFF,3,30,0.265343,0.0244356,0.027575,12.1,False
DES_RHO,10.1021/acssuschemeng.8b03520,17,14,OFF,5,30,0.170256,0.0231588,0.0255165,9.86667,False
DES_RHO,10.1021/acssuschemeng.8b03520,17,14,SHR,1,30,0.0585732,0.0236106,0.0242944,15.5,False
DES_RHO,10.1021/acssuschemeng.8b03520,17,14,SHR,2,30,0.0522692,0.0249038,0.0258633,13.7333,False
DES_RHO,10.1021/acssuschemeng.8b03520,17,14,SHR,3,30,0.116218,0.0244356,0.0257373,12.1,False
DES_RHO,10.1021/acssuschemeng.8b03520,17,14,SHR,5,30,0.0842353,0.0231588,0.0243186,9.86667,False
DES_RHO,10.1021/acssuschemeng.8b04843,16,2,OFF,1,30,-0.750965,0.0954561,0.0233083,7.8,True
DES_RHO,10.1021/acssuschemeng.8b04843,16,2,OFF,2,12,-0.791825,0.0951456,0.0195509,7.83333,True
DES_RHO,10.1021/acssuschemeng.8b04843,16,2,OFF,3,6,-0.781621,0.0998037,0.0217374,7.33333,True
DES_RHO,10.1021/acssuschemeng.8b04843,16,2,SHR,1,30,-0.321357,0.0954561,0.0654044,7.8,True
DES_RHO,10.1021/acssuschemeng.8b04843,16,2,SHR,2,12,-0.481619,0.0951456,0.05004,7.83333,True
DES_RHO,10.1021/acssuschemeng.8b04843,16,2,SHR,3,6,-0.507216,0.0998037,0.0497336,7.33333,True
DES_RHO,10.1021/acssuschemeng.8b05072,26,14,OFF,1,30,0.116914,0.0170435,0.0189454,22.2333,False
DES_RHO,10.1021/acssuschemeng.8b05072,26,14,OFF,2,30,0.467425,0.0173536,0.0212401,19.0333,False
DES_RHO,10.1021/acssuschemeng.8b05072,26,14,OFF,3,30,0.391099,0.0177138,0.0214141,17.1,False
DES_RHO,10.1021/acssuschemeng.8b05072,26,14,OFF,5,30,0.149249,0.0202484,0.0219861,12.9333,False
DES_RHO,10.1021/acssuschemeng.8b05072,26,14,SHR,1,30,0.0187441,0.0170435,0.01735,22.2333,False
DES_RHO,10.1021/acssuschemeng.8b05072,26,14,SHR,2,30,0.210853,0.0173536,0.0190694,19.0333,False
DES_RHO,10.1021/acssuschemeng.8b05072,26,14,SHR,3,30,0.211923,0.0177138,0.019683,17.1,False
DES_RHO,10.1021/acssuschemeng.8b05072,26,14,SHR,5,30,0.0953512,0.0202484,0.0213632,12.9333,False
DES_RHO,10.1021/acssuschemeng.9b01102,28,14,OFF,1,30,0.295448,0.0358485,0.0442558,24.2667,False
DES_RHO,10.1021/acssuschemeng.9b01102,28,14,OFF,2,30,0.375766,0.0365137,0.0471966,21.1,False
DES_RHO,10.1021/acssuschemeng.9b01102,28,14,OFF,3,30,0.339062,0.0371799,0.0469797,18.7667,False
DES_RHO,10.1021/acssuschemeng.9b01102,28,14,OFF,5,30,0.125193,0.043853,0.0483071,13.5333,False
DES_RHO,10.1021/acssuschemeng.9b01102,28,14,SHR,1,30,0.0609615,0.0358485,0.0375141,24.2667,False
DES_RHO,10.1021/acssuschemeng.9b01102,28,14,SHR,2,30,0.142706,0.0365137,0.0405319,21.1,False
DES_RHO,10.1021/acssuschemeng.9b01102,28,14,SHR,3,30,0.166797,0.0371799,0.041999,18.7667,False
DES_RHO,10.1021/acssuschemeng.9b01102,28,14,SHR,5,30,0.0793592,0.043853,0.0466763,13.5333,False
DES_RHO,10.1021/acssuschemeng.9b02845,21,16,OFF,1,30,0.94322,0.0137413,0.0178189,19.4333,False
DES_RHO,10.1021/acssuschemeng.9b02845,21,16,OFF,2,30,0.19447,0.013734,0.0144789,18.1333,False
DES_RHO,10.1021/acssuschemeng.9b02845,21,16,OFF,3,30,0.237371,0.013516,0.0144193,16.6,False
DES_RHO,10.1021/acssuschemeng.9b02845,21,16,OFF,5,30,0.486485,0.012638,0.0146543,13.5667,False
DES_RHO,10.1021/acssuschemeng.9b02845,21,16,SHR,1,30,0.254467,0.0137413,0.0147884,19.4333,False
DES_RHO,10.1021/acssuschemeng.9b02845,21,16,SHR,2,30,0.0684398,0.013734,0.0138856,18.1333,False
DES_RHO,10.1021/acssuschemeng.9b02845,21,16,SHR,3,30,0.0984067,0.013516,0.0138337,16.6,False
DES_RHO,10.1021/acssuschemeng.9b02845,21,16,SHR,5,30,0.270196,0.012638,0.0137143,13.5667,False
DES_RHO,10.1021/acssuschemeng.9b03245,21,3,OFF,1,30,-0.897401,0.0912806,0.00929797,14,True
DES_RHO,10.1021/acssuschemeng.9b03245,21,3,OFF,2,30,-0.904683,0.0900593,0.0086228,9.56667,True
DES_RHO,10.1021/acssuschemeng.9b03245,21,3,OFF,3,19,-0.901565,0.0882747,0.00867795,7.36842,True
DES_RHO,10.1021/acssuschemeng.9b03245,21,3,OFF,5,7,-0.886378,0.0927531,0.0106184,7,True
DES_RHO,10.1021/acssuschemeng.9b03245,21,3,SHR,1,30,-0.331815,0.0912806,0.0610578,14,True
DES_RHO,10.1021/acssuschemeng.9b03245,21,3,SHR,2,30,-0.498394,0.0900593,0.0453284,9.56667,True
DES_RHO,10.1021/acssuschemeng.9b03245,21,3,SHR,3,19,-0.628268,0.0882747,0.0329747,7.36842,True
DES_RHO,10.1021/acssuschemeng.9b03245,21,3,SHR,5,7,-0.685873,0.0927531,0.0295571,7,True
DES_RHO,10.1021/acssuschemeng.9b05434,9,6,OFF,1,30,0.224153,0.0045268,0.00517952,6.96667,False
DES_RHO,10.1021/acssuschemeng.9b05434,9,6,OFF,2,30,-0.0253119,0.00444967,0.00412069,5.3,True
DES_RHO,10.1021/acssuschemeng.9b05434,9,6,OFF,3,30,-0.0749876,0.00391645,0.00342081,4.13333,True
DES_RHO,10.1021/acssuschemeng.9b05434,9,6,OFF,5,30,-0.40647,0.00388291,0.00217901,2.43333,True
DES_RHO,10.1021/acssuschemeng.9b05434,9,6,SHR,1,30,-0.0966828,0.0045268,0.00410353,6.96667,True
DES_RHO,10.1021/acssuschemeng.9b05434,9,6,SHR,2,30,-0.223434,0.00444967,0.00352433,5.3,True
DES_RHO,10.1021/acssuschemeng.9b05434,9,6,SHR,3,30,-0.236285,0.00391645,0.00301471,4.13333,True
DES_RHO,10.1021/acssuschemeng.9b05434,9,6,SHR,5,30,-0.419911,0.00388291,0.00227875,2.43333,True
DES_RHO,10.1021/je100104v,14,6,OFF,1,30,0.477572,0.00606765,0.00892228,10.7667,False
DES_RHO,10.1021/je100104v,14,6,OFF,2,30,0.158891,0.00587687,0.00659639,7.96667,False
DES_RHO,10.1021/je100104v,14,6,OFF,3,30,-0.0414737,0.00600214,0.00565823,6.36667,True
DES_RHO,10.1021/je100104v,14,6,OFF,5,30,-0.195005,0.00547748,0.00445687,3.7,True
DES_RHO,10.1021/je100104v,14,6,SHR,1,30,0.0741847,0.00606765,0.00655036,10.7667,False
DES_RHO,10.1021/je100104v,14,6,SHR,2,30,0.0240908,0.00587687,0.00594452,7.96667,False
DES_RHO,10.1021/je100104v,14,6,SHR,3,30,-0.0730235,0.00600214,0.00553843,6.36667,True
DES_RHO,10.1021/je100104v,14,6,SHR,5,30,-0.190227,0.00547748,0.00454562,3.7,True
DES_RHO,10.1021/je300997v,37,25,OFF,1,30,0.454954,0.00639899,0.00901631,35.3667,False
DES_RHO,10.1021/je300997v,37,25,OFF,2,30,0.142971,0.00649984,0.00739427,33.1667,False
DES_RHO,10.1021/je300997v,37,25,OFF,3,30,0.171654,0.00648474,0.00745041,31.7333,False
DES_RHO,10.1021/je300997v,37,25,OFF,5,30,0.0872102,0.00665209,0.0071914,28.5333,False
DES_RHO,10.1021/je300997v,37,25,SHR,1,30,0.072389,0.00639899,0.00681212,35.3667,False
DES_RHO,10.1021/je300997v,37,25,SHR,2,30,0.0350742,0.00649984,0.00672241,33.1667,False
DES_RHO,10.1021/je300997v,37,25,SHR,3,30,0.0640438,0.00648474,0.00683588,31.7333,False
DES_RHO,10.1021/je300997v,37,25,SHR,5,30,0.0441123,0.00665209,0.00692549,28.5333,False
DES_RHO,10.1021/je400884v,24,20,OFF,1,30,0.234273,0.00660926,0.00796899,22.8,False
DES_RHO,10.1021/je400884v,24,20,OFF,2,30,0.108641,0.00658893,0.00713323,21.3667,False
DES_RHO,10.1021/je400884v,24,20,OFF,3,30,0.0410753,0.00675899,0.00700104,20.1333,False
DES_RHO,10.1021/je400884v,24,20,OFF,5,30,0.120786,0.00634109,0.00692968,17.8667,False
DES_RHO,10.1021/je400884v,24,20,SHR,1,30,0.00599081,0.00660926,0.00662524,22.8,False
DES_RHO,10.1021/je400884v,24,20,SHR,2,30,-0.0138898,0.00658893,0.00646371,21.3667,True
DES_RHO,10.1021/je400884v,24,20,SHR,3,30,-0.0199119,0.00675899,0.00662741,20.1333,True
DES_RHO,10.1021/je400884v,24,20,SHR,5,30,0.034124,0.00634109,0.00648201,17.8667,False
DES_RHO,10.1021/je5001796,9,7,OFF,1,30,0.637533,0.0120521,0.0137603,7.53333,False
DES_RHO,10.1021/je5001796,9,7,OFF,2,30,1.90768,0.0101587,0.0145593,6.33333,False
DES_RHO,10.1021/je5001796,9,7,OFF,3,30,1.72307,0.0101098,0.0135324,4.96667,False
DES_RHO,10.1021/je5001796,9,7,OFF,5,30,1.69318,0.0105833,0.0129478,2.7,False
DES_RHO,10.1021/je5001796,9,7,SHR,1,30,0.153611,0.0120521,0.0123679,7.53333,False
DES_RHO,10.1021/je5001796,9,7,SHR,2,30,0.773454,0.0101587,0.0118457,6.33333,False
DES_RHO,10.1021/je5001796,9,7,SHR,3,30,0.860759,0.0101098,0.0117047,4.96667,False
DES_RHO,10.1021/je5001796,9,7,SHR,5,30,1.06136,0.0105833,0.0119294,2.7,False
DES_RHO,10.1021/je5002126,70,10,OFF,1,30,0.312629,0.0709961,0.0922923,63,False
DES_RHO,10.1021/je5002126,70,10,OFF,2,30,0.407136,0.0697855,0.0965715,56.2333,False
DES_RHO,10.1021/je5002126,70,10,OFF,3,30,0.120006,0.0727602,0.081335,50.4,False
DES_RHO,10.1021/je5002126,70,10,OFF,5,30,0.109046,0.0697159,0.0770707,40.3667,False
DES_RHO,10.1021/je5002126,70,10,SHR,1,30,0.0455754,0.0709961,0.0739957,63,False
DES_RHO,10.1021/je5002126,70,10,SHR,2,30,0.166989,0.0697855,0.0806254,56.2333,False
DES_RHO,10.1021/je5002126,70,10,SHR,3,30,0.0534261,0.0727602,0.0765423,50.4,False
DES_RHO,10.1021/je5002126,70,10,SHR,5,30,0.0671195,0.0697159,0.0742179,40.3667,False
DES_RHO,10.1021/jp0671998,12,10,OFF,1,30,0.427183,0.00522003,0.00712171,10.7333,False
DES_RHO,10.1021/jp0671998,12,10,OFF,2,30,0.404431,0.00506155,0.00665612,9.56667,False
DES_RHO,10.1021/jp0671998,12,10,OFF,3,30,0.184449,0.00562885,0.00649153,7.9,False
DES_RHO,10.1021/jp0671998,12,10,OFF,5,30,0.15183,0.00550912,0.00614802,6.16667,False
DES_RHO,10.1021/jp0671998,12,10,SHR,1,30,0.0881166,0.00522003,0.00560394,10.7333,False
DES_RHO,10.1021/jp0671998,12,10,SHR,2,30,0.156915,0.00506155,0.0056717,9.56667,False
DES_RHO,10.1021/jp0671998,12,10,SHR,3,30,0.0913746,0.00562885,0.00606048,7.9,False
DES_RHO,10.1021/jp0671998,12,10,SHR,5,30,0.100629,0.00550912,0.0059324,6.16667,False
DES_RHO,10.1021/jp5089004,18,4,OFF,1,30,0.139269,0.0205681,0.0206866,12.6,False
DES_RHO,10.1021/jp5089004,18,4,OFF,2,30,1.62969,0.019667,0.0204616,8.9,False
DES_RHO,10.1021/jp5089004,18,4,OFF,3,30,1.73953,0.015279,0.0163706,6.56667,False
DES_RHO,10.1021/jp5089004,18,4,OFF,5,28,2.22414,0.00819988,0.0140379,3.03571,False
DES_RHO,10.1021/jp5089004,18,4,SHR,1,30,-0.185041,0.0205681,0.0173157,12.6,True
DES_RHO,10.1021/jp5089004,18,4,SHR,2,30,0.535973,0.019667,0.018542,8.9,False
DES_RHO,10.1021/jp5089004,18,4,SHR,3,30,0.695153,0.015279,0.0138029,6.56667,False
DES_RHO,10.1021/jp5089004,18,4,SHR,5,28,1.14979,0.00819988,0.0105052,3.03571,False
DES_RHO,10.1021/sc500439w,62,41,OFF,1,30,0.392685,0.0222775,0.0301373,60.1333,False
DES_RHO,10.1021/sc500439w,62,41,OFF,2,30,0.277111,0.0221634,0.0276731,58.5,False
DES_RHO,10.1021/sc500439w,62,41,OFF,3,30,0.255007,0.0220059,0.0270819,56.2333,False
DES_RHO,10.1021/sc500439w,62,41,OFF,5,30,0.140123,0.0218609,0.0245592,52.1,False
DES_RHO,10.1021/sc500439w,62,41,SHR,1,30,0.0793544,0.0222775,0.0238537,60.1333,False
DES_RHO,10.1021/sc500439w,62,41,SHR,2,30,0.101653,0.0221634,0.0241857,58.5,False
DES_RHO,10.1021/sc500439w,62,41,SHR,3,30,0.10953,0.0220059,0.0241888,56.2333,False
DES_RHO,10.1021/sc500439w,62,41,SHR,5,30,0.0769609,0.0218609,0.0233453,52.1,False
DES_RHO,10.1039/c3ra40303c,13,9,OFF,1,30,0.195649,0.00493215,0.00584203,11.3333,False
DES_RHO,10.1039/c3ra40303c,13,9,OFF,2,30,0.181269,0.00500184,0.00575859,9.93333,False
DES_RHO,10.1039/c3ra40303c,13,9,OFF,3,30,0.193649,0.00499558,0.00585393,8.36667,False
DES_RHO,10.1039/c3ra40303c,13,9,OFF,5,30,0.0433909,0.00482849,0.0051134,5.7,False
DES_RHO,10.1039/c3ra40303c,13,9,SHR,1,30,-0.00809556,0.00493215,0.00488855,11.3333,True
DES_RHO,10.1039/c3ra40303c,13,9,SHR,2,30,0.0501716,0.00500184,0.00518545,9.93333,False
DES_RHO,10.1039/c3ra40303c,13,9,SHR,3,30,0.0833268,0.00499558,0.00534829,8.36667,False
DES_RHO,10.1039/c3ra40303c,13,9,SHR,5,30,0.0208152,0.00482849,0.00498629,5.7,False
DES_RHO,10.1039/c4ra10628h,35,15,OFF,1,30,0.297017,0.0246998,0.0319097,31.3,False
DES_RHO,10.1039/c4ra10628h,35,15,OFF,2,30,0.173719,0.0245087,0.028588,28.5,False
DES_RHO,10.1039/c4ra10628h,35,15,OFF,3,30,0.132545,0.0248065,0.0274754,26.8333,False
DES_RHO,10.1039/c4ra10628h,35,15,OFF,5,30,0.0858457,0.0251693,0.0266351,20.7667,False
DES_RHO,10.1039/c4ra10628h,35,15,SHR,1,30,0.0360684,0.0246998,0.0256159,31.3,False
DES_RHO,10.1039/c4ra10628h,35,15,SHR,2,30,0.0216007,0.0245087,0.0250027,28.5,False
DES_RHO,10.1039/c4ra10628h,35,15,SHR,3,30,0.0337963,0.0248065,0.0254157,26.8333,False
DES_RHO,10.1039/c4ra10628h,35,15,SHR,5,30,0.0216259,0.0251693,0.0253492,20.7667,False
DES_RHO,10.1039/c5cp03364k,15,10,OFF,1,30,0.570727,0.00832795,0.0116398,13.0333,False
DES_RHO,10.1039/c5cp03364k,15,10,OFF,2,30,0.279318,0.00838542,0.00999323,11.6333,False
DES_RHO,10.1039/c5cp03364k,15,10,OFF,3,30,0.290118,0.00789687,0.0092753,9.96667,False
DES_RHO,10.1039/c5cp03364k,15,10,OFF,5,30,0.499674,0.00707235,0.00937298,7.03333,False
DES_RHO,10.1039/c5cp03364k,15,10,SHR,1,30,0.10102,0.00832795,0.0088852,13.0333,False
DES_RHO,10.1039/c5cp03364k,15,10,SHR,2,30,0.0926824,0.00838542,0.008896,11.6333,False
DES_RHO,10.1039/c5cp03364k,15,10,SHR,3,30,0.11916,0.00789687,0.00839297,9.96667,False
DES_RHO,10.1039/c5cp03364k,15,10,SHR,5,30,0.308708,0.00707235,0.00845678,7.03333,False
DES_RHO,10.1039/c5gc01451d,48,19,OFF,1,30,0.112422,0.0290329,0.0319055,42.9667,False
DES_RHO,10.1039/c5gc01451d,48,19,OFF,2,30,0.00372383,0.02876,0.0278887,36,False
DES_RHO,10.1039/c5gc01451d,48,19,OFF,3,30,-0.0817189,0.0288975,0.0258737,32.9333,True
DES_RHO,10.1039/c5gc01451d,48,19,OFF,5,30,-0.0736359,0.0275992,0.0247524,25.2,True
DES_RHO,10.1039/c5gc01451d,48,19,SHR,1,30,-0.0901554,0.0290329,0.0265628,42.9667,True
DES_RHO,10.1039/c5gc01451d,48,19,SHR,2,30,-0.136517,0.02876,0.0247598,36,True
DES_RHO,10.1039/c5gc01451d,48,19,SHR,3,30,-0.145939,0.0288975,0.0245925,32.9333,True
DES_RHO,10.1039/c5gc01451d,48,19,SHR,5,30,-0.127454,0.0275992,0.0236679,25.2,True
DES_RHO,10.1039/c5gc03080c,8,2,OFF,1,30,-0.691394,0.035144,0.010741,4,True
DES_RHO,10.1039/c5gc03080c,8,2,OFF,2,11,-0.753086,0.0352778,0.00875868,4,True
DES_RHO,10.1039/c5gc03080c,8,2,OFF,3,5,-0.816311,0.0349337,0.00655454,4,True
DES_RHO,10.1039/c5gc03080c,8,2,SHR,1,30,-0.348026,0.035144,0.0231346,4,True
DES_RHO,10.1039/c5gc03080c,8,2,SHR,2,11,-0.495469,0.0352778,0.0180907,4,True
DES_RHO,10.1039/c5gc03080c,8,2,SHR,3,5,-0.583619,0.0349337,0.0147768,4,True
DES_RHO,10.1039/c6cc06105b,21,6,OFF,1,30,0.490372,0.00950568,0.0121249,16.5,False
DES_RHO,10.1039/c6cc06105b,21,6,OFF,2,30,0.531372,0.00912977,0.0113011,13.8333,False
DES_RHO,10.1039/c6cc06105b,21,6,OFF,3,30,0.430793,0.00922031,0.0110044,10.2,False
DES_RHO,10.1039/c6cc06105b,21,6,OFF,5,30,0.187075,0.00811688,0.00888576,7.23333,False
DES_RHO,10.1039/c6cc06105b,21,6,SHR,1,30,0.0789158,0.00950568,0.00988728,16.5,False
DES_RHO,10.1039/c6cc06105b,21,6,SHR,2,30,0.162608,0.00912977,0.00967408,13.8333,False
DES_RHO,10.1039/c6cc06105b,21,6,SHR,3,30,0.153892,0.00922031,0.00972615,10.2,False
DES_RHO,10.1039/c6cc06105b,21,6,SHR,5,30,0.0679838,0.00811688,0.00829559,7.23333,False
DES_RHO,10.3390/molecules24030636,17,17,OFF,1,30,0.448664,0.00464853,0.0066258,16,False
DES_RHO,10.3390/molecules24030636,17,17,OFF,2,30,0.398661,0.00455989,0.00600076,15,False
DES_RHO,10.3390/molecules24030636,17,17,OFF,3,30,0.230546,0.00458773,0.00557534,14,False
DES_RHO,10.3390/molecules24030636,17,17,OFF,5,30,0.150104,0.00449303,0.00502714,12,False
DES_RHO,10.3390/molecules24030636,17,17,SHR,1,30,0.0798675,0.00464853,0.00500161,16,False
DES_RHO,10.3390/molecules24030636,17,17,SHR,2,30,0.150233,0.00455989,0.00509356,15,False
DES_RHO,10.3390/molecules24030636,17,17,SHR,3,30,0.10166,0.00458773,0.00502559,14,False
DES_RHO,10.3390/molecules24030636,17,17,SHR,5,30,0.0903638,0.00449303,0.00481132,12,False
DES_RHO,10.3866/pku.whxb201506111,22,2,OFF,1,30,2.40909,0.0496579,0.0833039,11,False
DES_RHO,10.3866/pku.whxb201506111,22,2,OFF,2,14,3.28664,0.0341789,0.0847624,11,False
DES_RHO,10.3866/pku.whxb201506111,22,2,OFF,3,11,0.605104,0.0845128,0.0836224,11,False
DES_RHO,10.3866/pku.whxb201506111,22,2,OFF,5,1,4.00588,0.0163184,0.0816881,11,False
DES_RHO,10.3866/pku.whxb201506111,22,2,SHR,1,30,0.0213434,0.0496579,0.0481093,11,False
DES_RHO,10.3866/pku.whxb201506111,22,2,SHR,2,14,0.875023,0.0341789,0.0469284,11,False
DES_RHO,10.3866/pku.whxb201506111,22,2,SHR,3,11,0.220774,0.0845128,0.0816403,11,False
DES_RHO,10.3866/pku.whxb201506111,22,2,SHR,5,1,2.30393,0.0163184,0.0539149,11,False
DES_RHO,api.semanticscholar.org/corpusid:92513446,31,30,OFF,1,30,1.7607,0.0191992,0.0300607,29.9667,False
DES_RHO,api.semanticscholar.org/corpusid:92513446,31,30,OFF,2,30,0.00274569,0.0210523,0.0211092,28.8667,False
DES_RHO,api.semanticscholar.org/corpusid:92513446,31,30,OFF,3,30,1.06484,0.0182506,0.0244365,27.8667,False
DES_RHO,api.semanticscholar.org/corpusid:92513446,31,30,OFF,5,30,0.341322,0.0199567,0.021685,25.7667,False
DES_RHO,api.semanticscholar.org/corpusid:92513446,31,30,SHR,1,30,0.501307,0.0191992,0.022213,29.9667,False
DES_RHO,api.semanticscholar.org/corpusid:92513446,31,30,SHR,2,30,-0.00192493,0.0210523,0.0210114,28.8667,True
DES_RHO,api.semanticscholar.org/corpusid:92513446,31,30,SHR,3,30,0.549301,0.0182506,0.0213995,27.8667,False
DES_RHO,api.semanticscholar.org/corpusid:92513446,31,30,SHR,5,30,0.201491,0.0199567,0.0209216,25.7667,False
DES_ETA,10.1002/apj.1873,272,39,OFF,1,30,0.245248,0.408165,0.501599,264.333,False
DES_ETA,10.1002/apj.1873,272,39,OFF,2,30,0.11886,0.415948,0.463718,256.733,False
DES_ETA,10.1002/apj.1873,272,39,OFF,3,30,0.0887674,0.415726,0.450837,249,False
DES_ETA,10.1002/apj.1873,272,39,OFF,5,30,0.0490025,0.411949,0.430319,234.333,False
DES_ETA,10.1002/apj.1873,272,39,SHR,1,30,0.111598,0.408165,0.450534,264.333,False
DES_ETA,10.1002/apj.1873,272,39,SHR,2,30,0.0780087,0.415948,0.447392,256.733,False
DES_ETA,10.1002/apj.1873,272,39,SHR,3,30,0.0611784,0.415726,0.440026,249,False
DES_ETA,10.1002/apj.1873,272,39,SHR,5,30,0.0350469,0.411949,0.425044,234.333,False
DES_ETA,10.1002/ceat.201600475,11,3,OFF,1,30,-0.289135,0.211344,0.150788,7.3,True
DES_ETA,10.1002/ceat.201600475,11,3,OFF,2,30,-0.160503,0.190957,0.135455,5.23333,True
DES_ETA,10.1002/ceat.201600475,11,3,OFF,3,24,0.173426,0.160057,0.14582,3.70833,False
DES_ETA,10.1002/ceat.201600475,11,3,OFF,5,7,0.261785,0.159591,0.148734,3.42857,False
DES_ETA,10.1002/ceat.201600475,11,3,SHR,1,30,-0.321775,0.211344,0.145682,7.3,True
DES_ETA,10.1002/ceat.201600475,11,3,SHR,2,30,-0.276828,0.190957,0.125126,5.23333,True
DES_ETA,10.1002/ceat.201600475,11,3,SHR,3,24,-0.00372021,0.160057,0.131448,3.70833,True
DES_ETA,10.1002/ceat.201600475,11,3,SHR,5,7,0.138649,0.159591,0.140038,3.42857,False
DES_ETA,10.1002/slct.201701223,16,4,OFF,1,30,0.441294,0.815036,1.06287,12,False
DES_ETA,10.1002/slct.201701223,16,4,OFF,2,30,-0.0110218,0.844855,0.822958,8.66667,True
DES_ETA,10.1002/slct.201701223,16,4,OFF,3,30,0.123375,0.714899,0.692502,6,False
DES_ETA,10.1002/slct.201701223,16,4,OFF,5,19,0.299571,0.87694,0.916725,4.63158,False
DES_ETA,10.1002/slct.201701223,16,4,SHR,1,30,0.180961,0.815036,0.91396,12,False
DES_ETA,10.1002/slct.201701223,16,4,SHR,2,30,-0.0460437,0.844855,0.806024,8.66667,True
DES_ETA,10.1002/slct.201701223,16,4,SHR,3,30,0.0263947,0.714899,0.666595,6,False
DES_ETA,10.1002/slct.201701223,16,4,SHR,5,19,0.240249,0.87694,0.902589,4.63158,False
DES_ETA,10.1016/j.arabjc.2021.103512,45,9,OFF,1,30,0.30761,0.473957,0.604157,40,False
DES_ETA,10.1016/j.arabjc.2021.103512,45,9,OFF,2,30,0.212774,0.455846,0.531965,35,False
DES_ETA,10.1016/j.arabjc.2021.103512,45,9,OFF,3,30,0.123219,0.460195,0.498556,31.8333,False
DES_ETA,10.1016/j.arabjc.2021.103512,45,9,OFF,5,30,0.0908971,0.475312,0.480318,24.1667,False
DES_ETA,10.1016/j.arabjc.2021.103512,45,9,SHR,1,30,0.0994362,0.473957,0.515109,40,False
DES_ETA,10.1016/j.arabjc.2021.103512,45,9,SHR,2,30,0.106452,0.455846,0.491594,35,False
DES_ETA,10.1016/j.arabjc.2021.103512,45,9,SHR,3,30,0.0644503,0.460195,0.476883,31.8333,False
DES_ETA,10.1016/j.arabjc.2021.103512,45,9,SHR,5,30,0.0639984,0.475312,0.473004,24.1667,False
DES_ETA,10.1016/j.arabjc.2022.104469,11,11,OFF,1,30,-0.5398,0.917931,0.418711,10,True
DES_ETA,10.1016/j.arabjc.2022.104469,11,11,OFF,2,30,-0.533463,0.934459,0.436477,9,True
DES_ETA,10.1016/j.arabjc.2022.104469,11,11,OFF,3,30,-0.583552,0.92094,0.385257,8,True
DES_ETA,10.1016/j.arabjc.2022.104469,11,11,OFF,5,30,-0.591515,0.915525,0.37132,6,True
DES_ETA,10.1016/j.arabjc.2022.104469,11,11,SHR,1,30,-0.478873,0.917931,0.479805,10,True
DES_ETA,10.1016/j.arabjc.2022.104469,11,11,SHR,2,30,-0.493784,0.934459,0.477179,9,True
DES_ETA,10.1016/j.arabjc.2022.104469,11,11,SHR,3,30,-0.57063,0.92094,0.401279,8,True
DES_ETA,10.1016/j.arabjc.2022.104469,11,11,SHR,5,30,-0.590401,0.915525,0.37787,6,True
DES_ETA,10.1016/j.cclet.2013.09.004,13,13,OFF,1,30,0.158608,0.814669,0.937,12,False
DES_ETA,10.1016/j.cclet.2013.09.004,13,13,OFF,2,30,0.0286661,0.809975,0.826646,11,False
DES_ETA,10.1016/j.cclet.2013.09.004,13,13,OFF,3,30,-0.0169504,0.839492,0.816504,10,True
DES_ETA,10.1016/j.cclet.2013.09.004,13,13,OFF,5,30,-0.129037,0.833106,0.717174,8,True
DES_ETA,10.1016/j.cclet.2013.09.004,13,13,SHR,1,30,-0.0310658,0.814669,0.790026,12,True
DES_ETA,10.1016/j.cclet.2013.09.004,13,13,SHR,2,30,-0.0469433,0.809975,0.770733,11,True
DES_ETA,10.1016/j.cclet.2013.09.004,13,13,SHR,3,30,-0.0446293,0.839492,0.797465,10,True
DES_ETA,10.1016/j.cclet.2013.09.004,13,13,SHR,5,30,-0.137533,0.833106,0.712844,8,True
DES_ETA,10.1016/j.cej.2018.10.077,15,9,OFF,1,30,0.365632,0.176041,0.235852,13.1667,False
DES_ETA,10.1016/j.cej.2018.10.077,15,9,OFF,2,30,0.226925,0.178665,0.216668,11.6,False
DES_ETA,10.1016/j.cej.2018.10.077,15,9,OFF,3,30,0.232457,0.182721,0.220654,9.8,False
DES_ETA,10.1016/j.cej.2018.10.077,15,9,OFF,5,30,0.15226,0.181849,0.207345,7.3,False
DES_ETA,10.1016/j.cej.2018.10.077,15,9,SHR,1,30,0.185181,0.176041,0.206181,13.1667,False
DES_ETA,10.1016/j.cej.2018.10.077,15,9,SHR,2,30,0.156508,0.178665,0.204852,11.6,False
DES_ETA,10.1016/j.cej.2018.10.077,15,9,SHR,3,30,0.184158,0.182721,0.212757,9.8,False
DES_ETA,10.1016/j.cej.2018.10.077,15,9,SHR,5,30,0.131865,0.181849,0.20396,7.3,False
DES_ETA,10.1016/j.cep.2015.04.001,14,2,OFF,1,30,-0.138276,0.695515,0.551747,7,True
DES_ETA,10.1016/j.cep.2015.04.001,14,2,OFF,2,13,-0.171006,0.793536,0.594632,7,True
DES_ETA,10.1016/j.cep.2015.04.001,14,2,OFF,3,4,-0.209565,0.89462,0.629564,7,True
DES_ETA,10.1016/j.cep.2015.04.001,14,2,OFF,5,1,-0.288596,0.536231,0.381477,7,True
DES_ETA,10.1016/j.cep.2015.04.001,14,2,SHR,1,30,-0.350578,0.695515,0.458927,7,True
DES_ETA,10.1016/j.cep.2015.04.001,14,2,SHR,2,13,-0.31383,0.793536,0.537074,7,True
DES_ETA,10.1016/j.cep.2015.04.001,14,2,SHR,3,4,-0.261307,0.89462,0.620893,7,True
DES_ETA,10.1016/j.cep.2015.04.001,14,2,SHR,5,1,-0.425269,0.536231,0.308188,7,True
DES_ETA,10.1016/j.chroma.2018.07.070,12,12,OFF,1,30,0.389925,0.0481026,0.066392,11,False
DES_ETA,10.1016/j.chroma.2018.07.070,12,12,OFF,2,30,0.276074,0.0464569,0.0590412,10,False
DES_ETA,10.1016/j.chroma.2018.07.070,12,12,OFF,3,30,0.186568,0.0464079,0.0548953,9,False
DES_ETA,10.1016/j.chroma.2018.07.070,12,12,OFF,5,30,0.114186,0.0477786,0.0531172,7,False
DES_ETA,10.1016/j.chroma.2018.07.070,12,12,SHR,1,30,0.190213,0.0481026,0.0570211,11,False
DES_ETA,10.1016/j.chroma.2018.07.070,12,12,SHR,2,30,0.188483,0.0464569,0.0550233,10,False
DES_ETA,10.1016/j.chroma.2018.07.070,12,12,SHR,3,30,0.14108,0.0464079,0.0528184,9,False
DES_ETA,10.1016/j.chroma.2018.07.070,12,12,SHR,5,30,0.0974168,0.0477786,0.0523281,7,False
DES_ETA,10.1016/j.cjche.2020.07.004,19,19,OFF,1,30,-0.769864,3.02939,0.69792,18,True
DES_ETA,10.1016/j.cjche.2020.07.004,19,19,OFF,2,30,-0.772944,3.01853,0.685451,17,True
DES_ETA,10.1016/j.cjche.2020.07.004,19,19,OFF,3,30,-0.796513,3.02412,0.615107,16,True
DES_ETA,10.1016/j.cjche.2020.07.004,19,19,OFF,5,30,-0.791346,3.02591,0.631148,14,True
DES_ETA,10.1016/j.cjche.2020.07.004,19,19,SHR,1,30,-0.509047,3.02939,1.48903,18,True
DES_ETA,10.1016/j.cjche.2020.07.004,19,19,SHR,2,30,-0.670496,3.01853,0.99812,17,True
DES_ETA,10.1016/j.cjche.2020.07.004,19,19,SHR,3,30,-0.719724,3.02412,0.849517,16,True
DES_ETA,10.1016/j.cjche.2020.07.004,19,19,SHR,5,30,-0.760094,3.02591,0.72962,14,True
DES_ETA,10.1016/j.fluid.2014.01.028,117,13,OFF,1,30,-0.109278,1.0156,0.901947,108,True
DES_ETA,10.1016/j.fluid.2014.01.028,117,13,OFF,2,30,-0.126682,1.01779,0.881823,99.6,True
DES_ETA,10.1016/j.fluid.2014.01.028,117,13,OFF,3,30,-0.201578,1.01022,0.800389,91.5,True
DES_ETA,10.1016/j.fluid.2014.01.028,117,13,OFF,5,30,-0.222495,1.02604,0.790902,79.2,True
DES_ETA,10.1016/j.fluid.2014.01.028,117,13,SHR,1,30,-0.210175,1.0156,0.805548,108,True
DES_ETA,10.1016/j.fluid.2014.01.028,117,13,SHR,2,30,-0.17043,1.01779,0.845047,99.6,True
DES_ETA,10.1016/j.fluid.2014.01.028,117,13,SHR,3,30,-0.231257,1.01022,0.775781,91.5,True
DES_ETA,10.1016/j.fluid.2014.01.028,117,13,SHR,5,30,-0.236482,1.02604,0.780691,79.2,True
DES_ETA,10.1016/j.fluid.2019.01.025,28,4,OFF,1,30,-0.0438596,0.741692,0.66056,21,True
DES_ETA,10.1016/j.fluid.2019.01.025,28,4,OFF,2,30,-0.35952,0.883822,0.563413,15.1667,True
DES_ETA,10.1016/j.fluid.2019.01.025,28,4,OFF,3,30,-0.108217,0.788017,0.509959,11.6667,True
DES_ETA,10.1016/j.fluid.2019.01.025,28,4,OFF,5,21,-0.137382,0.668086,0.385715,8.33333,True
DES_ETA,10.1016/j.fluid.2019.01.025,28,4,SHR,1,30,-0.245182,0.741692,0.5621,21,True
DES_ETA,10.1016/j.fluid.2019.01.025,28,4,SHR,2,30,-0.325047,0.883822,0.60536,15.1667,True
DES_ETA,10.1016/j.fluid.2019.01.025,28,4,SHR,3,30,-0.151116,0.788017,0.525662,11.6667,True
DES_ETA,10.1016/j.fluid.2019.01.025,28,4,SHR,5,21,-0.214602,0.668086,0.365135,8.33333,True
DES_ETA,10.1016/j.fluid.2021.113290,90,17,OFF,1,30,-0.318117,0.392558,0.267102,84.6667,True
DES_ETA,10.1016/j.fluid.2021.113290,90,17,OFF,2,30,-0.366815,0.393008,0.248398,79,True
DES_ETA,10.1016/j.fluid.2021.113290,90,17,OFF,3,30,-0.375782,0.38666,0.239345,73.8333,True
DES_ETA,10.1016/j.fluid.2021.113290,90,17,OFF,5,30,-0.394606,0.392058,0.234301,67.1667,True
DES_ETA,10.1016/j.fluid.2021.113290,90,17,SHR,1,30,-0.34734,0.392558,0.257089,84.6667,True
DES_ETA,10.1016/j.fluid.2021.113290,90,17,SHR,2,30,-0.377984,0.393008,0.245234,79,True
DES_ETA,10.1016/j.fluid.2021.113290,90,17,SHR,3,30,-0.405849,0.38666,0.229062,73.8333,True
DES_ETA,10.1016/j.fluid.2021.113290,90,17,SHR,5,30,-0.400267,0.392058,0.233563,67.1667,True
DES_ETA,10.1016/j.foodchem.2019.125752,8,8,OFF,1,30,0.445818,0.344818,0.479661,7,False
DES_ETA,10.1016/j.foodchem.2019.125752,8,8,OFF,2,30,0.361731,0.334823,0.429102,6,False
DES_ETA,10.1016/j.foodchem.2019.125752,8,8,OFF,3,30,0.193447,0.35889,0.418037,5,False
DES_ETA,10.1016/j.foodchem.2019.125752,8,8,OFF,5,30,0.216424,0.335903,0.369592,3,False
DES_ETA,10.1016/j.foodchem.2019.125752,8,8,SHR,1,30,0.223607,0.344818,0.412614,7,False
DES_ETA,10.1016/j.foodchem.2019.125752,8,8,SHR,2,30,0.249953,0.334823,0.399077,6,False
DES_ETA,10.1016/j.foodchem.2019.125752,8,8,SHR,3,30,0.151184,0.35889,0.405103,5,False
DES_ETA,10.1016/j.foodchem.2019.125752,8,8,SHR,5,30,0.188811,0.335903,0.365122,3,False
DES_ETA,10.1016/j.foodchem.2021.131930,63,9,OFF,1,30,0.308883,0.180612,0.235071,56,False
DES_ETA,10.1016/j.foodchem.2021.131930,63,9,OFF,2,30,0.0965025,0.180246,0.196737,49.4667,False
DES_ETA,10.1016/j.foodchem.2021.131930,63,9,OFF,3,30,0.0780339,0.181319,0.194833,44.3333,False
DES_ETA,10.1016/j.foodchem.2021.131930,63,9,OFF,5,30,0.0113412,0.178403,0.180716,34.7667,False
DES_ETA,10.1016/j.foodchem.2021.131930,63,9,SHR,1,30,0.104521,0.180612,0.198815,56,False
DES_ETA,10.1016/j.foodchem.2021.131930,63,9,SHR,2,30,0.04136,0.180246,0.187127,49.4667,False
DES_ETA,10.1016/j.foodchem.2021.131930,63,9,SHR,3,30,0.0408544,0.181319,0.188222,44.3333,False
DES_ETA,10.1016/j.foodchem.2021.131930,63,9,SHR,5,30,0.000498552,0.178403,0.178739,34.7667,False
DES_ETA,10.1016/j.jcou.2022.102217,112,16,OFF,1,30,-0.570557,2.22635,0.957319,105,True
DES_ETA,10.1016/j.jcou.2022.102217,112,16,OFF,2,30,-0.655939,2.20836,0.760475,98.2333,True
DES_ETA,10.1016/j.jcou.2022.102217,112,16,OFF,3,30,-0.661031,2.21949,0.750967,92.1667,True
DES_ETA,10.1016/j.jcou.2022.102217,112,16,OFF,5,30,-0.689996,2.21591,0.685776,80.2667,True
DES_ETA,10.1016/j.jcou.2022.102217,112,16,SHR,1,30,-0.5062,2.22635,1.10292,105,True
DES_ETA,10.1016/j.jcou.2022.102217,112,16,SHR,2,30,-0.610099,2.20836,0.86293,98.2333,True
DES_ETA,10.1016/j.jcou.2022.102217,112,16,SHR,3,30,-0.64587,2.21949,0.78711,92.1667,True
DES_ETA,10.1016/j.jcou.2022.102217,112,16,SHR,5,30,-0.683259,2.21591,0.701597,80.2667,True
DES_ETA,10.1016/j.jct.2013.05.041,20,2,OFF,1,30,-0.322092,0.184538,0.125439,10,True
DES_ETA,10.1016/j.jct.2013.05.041,20,2,OFF,2,10,-0.40525,0.184538,0.109989,10,True
DES_ETA,10.1016/j.jct.2013.05.041,20,2,OFF,3,7,-0.435118,0.185006,0.105044,10,True
DES_ETA,10.1016/j.jct.2013.05.041,20,2,OFF,5,1,-0.629615,0.177979,0.065921,10,True
DES_ETA,10.1016/j.jct.2013.05.041,20,2,SHR,1,30,-0.328067,0.184538,0.124388,10,True
DES_ETA,10.1016/j.jct.2013.05.041,20,2,SHR,2,10,-0.415365,0.184538,0.108059,10,True
DES_ETA,10.1016/j.jct.2013.05.041,20,2,SHR,3,7,-0.428939,0.185006,0.105831,10,True
DES_ETA,10.1016/j.jct.2013.05.041,20,2,SHR,5,1,-0.621134,0.177979,0.0674303,10,True
DES_ETA,10.1016/j.jct.2018.12.017,43,5,OFF,1,30,0.129252,0.523802,0.568276,34.0333,False
DES_ETA,10.1016/j.jct.2018.12.017,43,5,OFF,2,30,-0.0835371,0.548414,0.475654,26.0667,True
DES_ETA,10.1016/j.jct.2018.12.017,43,5,OFF,3,30,0.425848,0.493909,0.53274,24.1667,False
DES_ETA,10.1016/j.jct.2018.12.017,43,5,OFF,5,28,0.355836,0.544287,0.527361,15.6071,False
DES_ETA,10.1016/j.jct.2018.12.017,43,5,SHR,1,30,-0.0325529,0.523802,0.501892,34.0333,True
DES_ETA,10.1016/j.jct.2018.12.017,43,5,SHR,2,30,-0.12659,0.548414,0.464596,26.0667,True
DES_ETA,10.1016/j.jct.2018.12.017,43,5,SHR,3,30,0.290169,0.493909,0.504225,24.1667,False
DES_ETA,10.1016/j.jct.2018.12.017,43,5,SHR,5,28,0.274043,0.544287,0.517566,15.6071,False
DES_ETA,10.1016/j.jct.2019.105883,15,3,OFF,1,30,0.428754,0.136798,0.175247,10,False
DES_ETA,10.1016/j.jct.2019.105883,15,3,OFF,2,30,1.34862,0.127757,0.13212,6.83333,False
DES_ETA,10.1016/j.jct.2019.105883,15,3,OFF,3,24,1.61832,0.140101,0.136583,5.20833,False
DES_ETA,10.1016/j.jct.2019.105883,15,3,OFF,5,6,0.734155,0.143761,0.120078,5,False
DES_ETA,10.1016/j.jct.2019.105883,15,3,SHR,1,30,0.0679704,0.136798,0.141217,10,False
DES_ETA,10.1016/j.jct.2019.105883,15,3,SHR,2,30,0.959349,0.127757,0.124126,6.83333,False
DES_ETA,10.1016/j.jct.2019.105883,15,3,SHR,3,24,1.31232,0.140101,0.135017,5.20833,False
DES_ETA,10.1016/j.jct.2019.105883,15,3,SHR,5,6,0.611821,0.143761,0.11786,5,False
DES_ETA,10.1016/j.jct.2021.106713,66,11,OFF,1,30,-0.0994324,0.490201,0.43836,59.5333,True
DES_ETA,10.1016/j.jct.2021.106713,66,11,OFF,2,30,-0.145469,0.480375,0.400392,55.4333,True
DES_ETA,10.1016/j.jct.2021.106713,66,11,OFF,3,30,-0.213536,0.489813,0.378417,49.4,True
DES_ETA,10.1016/j.jct.2021.106713,66,11,OFF,5,30,-0.26344,0.50692,0.364313,38.3333,True
DES_ETA,10.1016/j.jct.2021.106713,66,11,SHR,1,30,-0.205958,0.490201,0.391007,59.5333,True
DES_ETA,10.1016/j.jct.2021.106713,66,11,SHR,2,30,-0.222986,0.480375,0.36933,55.4333,True
DES_ETA,10.1016/j.jct.2021.106713,66,11,SHR,3,30,-0.24286,0.489813,0.368429,49.4,True
DES_ETA,10.1016/j.jct.2021.106713,66,11,SHR,5,30,-0.276631,0.50692,0.361318,38.3333,True
DES_ETA,10.1016/j.jct.2022.106999,30,6,OFF,1,30,0.174115,0.287414,0.314819,25,False
DES_ETA,10.1016/j.jct.2022.106999,30,6,OFF,2,30,-0.157095,0.317661,0.25688,20.5,True
DES_ETA,10.1016/j.jct.2022.106999,30,6,OFF,3,30,-0.0217587,0.287462,0.259399,17.5,True
DES_ETA,10.1016/j.jct.2022.106999,30,6,OFF,5,30,-0.164399,0.291649,0.21132,11,True
DES_ETA,10.1016/j.jct.2022.106999,30,6,SHR,1,30,-0.0402109,0.287414,0.270855,25,True
DES_ETA,10.1016/j.jct.2022.106999,30,6,SHR,2,30,-0.169307,0.317661,0.258879,20.5,True
DES_ETA,10.1016/j.jct.2022.106999,30,6,SHR,3,30,-0.0983738,0.287462,0.246805,17.5,True
DES_ETA,10.1016/j.jct.2022.106999,30,6,SHR,5,30,-0.188989,0.291649,0.211482,11,True
DES_ETA,10.1016/j.jhazmat.2021.127972,25,25,OFF,1,30,0.166807,0.260074,0.301889,24,False
DES_ETA,10.1016/j.jhazmat.2021.127972,25,25,OFF,2,30,0.12439,0.254594,0.282811,23,False
DES_ETA,10.1016/j.jhazmat.2021.127972,25,25,OFF,3,30,-0.00851096,0.263232,0.260485,22,True
DES_ETA,10.1016/j.jhazmat.2021.127972,25,25,OFF,5,30,-0.00260628,0.24988,0.246401,20,True
DES_ETA,10.1016/j.jhazmat.2021.127972,25,25,SHR,1,30,0.0435682,0.260074,0.271037,24,False
DES_ETA,10.1016/j.jhazmat.2021.127972,25,25,SHR,2,30,0.037376,0.254594,0.26228,23,False
DES_ETA,10.1016/j.jhazmat.2021.127972,25,25,SHR,3,30,-0.0274728,0.263232,0.255896,22,True
DES_ETA,10.1016/j.jhazmat.2021.127972,25,25,SHR,5,30,-0.026451,0.24988,0.241192,20,True
DES_ETA,10.1016/j.jiec.2022.04.015,35,5,OFF,1,30,0.285605,0.733459,0.920342,28,False
DES_ETA,10.1016/j.jiec.2022.04.015,35,5,OFF,2,30,0.100999,0.7361,0.796734,22.1667,False
DES_ETA,10.1016/j.jiec.2022.04.015,35,5,OFF,3,30,0.208415,0.693685,0.804549,17.2667,False
DES_ETA,10.1016/j.jiec.2022.04.015,35,5,OFF,5,28,0.113612,0.735709,0.751202,10.5,False
DES_ETA,10.1016/j.jiec.2022.04.015,35,5,SHR,1,30,0.0897639,0.733459,0.790381,28,False
DES_ETA,10.1016/j.jiec.2022.04.015,35,5,SHR,2,30,0.0324775,0.7361,0.752255,22.1667,False
DES_ETA,10.1016/j.jiec.2022.04.015,35,5,SHR,3,30,0.139657,0.693685,0.766685,17.2667,False
DES_ETA,10.1016/j.jiec.2022.04.015,35,5,SHR,5,28,0.0895034,0.735709,0.743418,10.5,False
DES_ETA,10.1016/j.jmgm.2022.108319,25,5,OFF,1,30,-0.811664,0.634036,0.119428,20,True
DES_ETA,10.1016/j.jmgm.2022.108319,25,5,OFF,2,30,-0.840115,0.631239,0.100914,15.6667,True
DES_ETA,10.1016/j.jmgm.2022.108319,25,5,OFF,3,30,-0.863314,0.628984,0.0857855,13.1667,True
DES_ETA,10.1016/j.jmgm.2022.108319,25,5,OFF,5,25,-0.855582,0.62547,0.0891054,7.4,True
DES_ETA,10.1016/j.jmgm.2022.108319,25,5,SHR,1,30,-0.599368,0.634036,0.255168,20,True
DES_ETA,10.1016/j.jmgm.2022.108319,25,5,SHR,2,30,-0.736177,0.631239,0.16834,15.6667,True
DES_ETA,10.1016/j.jmgm.2022.108319,25,5,SHR,3,30,-0.793659,0.628984,0.130325,13.1667,True
DES_ETA,10.1016/j.jmgm.2022.108319,25,5,SHR,5,25,-0.841331,0.62547,0.101612,7.4,True
DES_ETA,10.1016/j.jobe.2021.103056,8,8,OFF,1,30,0.559174,0.702856,1.03711,7,False
DES_ETA,10.1016/j.jobe.2021.103056,8,8,OFF,2,30,0.249953,0.719554,0.875587,6,False
DES_ETA,10.1016/j.jobe.2021.103056,8,8,OFF,3,30,0.220836,0.698037,0.821385,5,False
DES_ETA,10.1016/j.jobe.2021.103056,8,8,OFF,5,30,0.199444,0.703558,0.787055,3,False
DES_ETA,10.1016/j.jobe.2021.103056,8,8,SHR,1,30,0.287353,0.702856,0.87378,7,False
DES_ETA,10.1016/j.jobe.2021.103056,8,8,SHR,2,30,0.169689,0.719554,0.826246,6,False
DES_ETA,10.1016/j.jobe.2021.103056,8,8,SHR,3,30,0.171805,0.698037,0.794455,5,False
DES_ETA,10.1016/j.jobe.2021.103056,8,8,SHR,5,30,0.174356,0.703558,0.776102,3,False
DES_ETA,10.1016/j.jpha.2021.03.002,16,16,OFF,1,30,0.199851,0.47144,0.561614,15,False
DES_ETA,10.1016/j.jpha.2021.03.002,16,16,OFF,2,30,0.122017,0.455868,0.507307,14,False
DES_ETA,10.1016/j.jpha.2021.03.002,16,16,OFF,3,30,0.116203,0.4644,0.509795,13,False
DES_ETA,10.1016/j.jpha.2021.03.002,16,16,OFF,5,30,-0.00844394,0.472359,0.466259,11,True
DES_ETA,10.1016/j.jpha.2021.03.002,16,16,SHR,1,30,0.0691993,0.47144,0.502643,15,False
DES_ETA,10.1016/j.jpha.2021.03.002,16,16,SHR,2,30,0.042659,0.455868,0.47283,14,False
DES_ETA,10.1016/j.jpha.2021.03.002,16,16,SHR,3,30,0.0656796,0.4644,0.488576,13,False
DES_ETA,10.1016/j.jpha.2021.03.002,16,16,SHR,5,30,-0.0231001,0.472359,0.45981,11,True
DES_ETA,10.1016/j.jtice.2015.12.020,48,9,OFF,1,30,0.011714,0.456388,0.461243,42.5667,False
DES_ETA,10.1016/j.jtice.2015.12.020,48,9,OFF,2,30,0.0233112,0.450133,0.45583,37.6667,False
DES_ETA,10.1016/j.jtice.2015.12.020,48,9,OFF,3,30,-0.161478,0.450466,0.376359,33.3333,True
DES_ETA,10.1016/j.jtice.2015.12.020,48,9,OFF,5,30,-0.157536,0.444611,0.372595,25.8333,True
DES_ETA,10.1016/j.jtice.2015.12.020,48,9,SHR,1,30,-0.0516377,0.456388,0.433073,42.5667,True
DES_ETA,10.1016/j.jtice.2015.12.020,48,9,SHR,2,30,-0.0537969,0.450133,0.423995,37.6667,True
DES_ETA,10.1016/j.jtice.2015.12.020,48,9,SHR,3,30,-0.174421,0.450466,0.371168,33.3333,True
DES_ETA,10.1016/j.jtice.2015.12.020,48,9,SHR,5,30,-0.16754,0.444611,0.368848,25.8333,True
DES_ETA,10.1016/j.molliq.2016.02.062,48,4,OFF,1,30,-0.0758522,0.487917,0.443975,36,True
DES_ETA,10.1016/j.molliq.2016.02.062,48,4,OFF,2,30,-0.0116705,0.5215,0.497303,26.8,True
DES_ETA,10.1016/j.molliq.2016.02.062,48,4,OFF,3,30,0.0569032,0.494093,0.429778,18.4,False
DES_ETA,10.1016/j.molliq.2016.02.062,48,4,OFF,5,23,0.0502059,0.431473,0.385415,15.1304,False
DES_ETA,10.1016/j.molliq.2016.02.062,48,4,SHR,1,30,-0.167325,0.487917,0.408574,36,True
DES_ETA,10.1016/j.molliq.2016.02.062,48,4,SHR,2,30,-0.0883871,0.5215,0.470559,26.8,True
DES_ETA,10.1016/j.molliq.2016.02.062,48,4,SHR,3,30,-0.0112837,0.494093,0.42055,18.4,True
DES_ETA,10.1016/j.molliq.2016.02.062,48,4,SHR,5,23,-0.0174393,0.431473,0.36914,15.1304,True
DES_ETA,10.1016/j.molliq.2016.07.039,35,7,OFF,1,30,0.309812,0.818579,1.03435,30,False
DES_ETA,10.1016/j.molliq.2016.07.039,35,7,OFF,2,30,0.489161,0.766421,1.04008,25.3333,False
DES_ETA,10.1016/j.molliq.2016.07.039,35,7,OFF,3,30,0.359311,0.805802,1.00447,21.6667,False
DES_ETA,10.1016/j.molliq.2016.07.039,35,7,OFF,5,30,0.145308,0.645104,0.706466,15,False
DES_ETA,10.1016/j.molliq.2016.07.039,35,7,SHR,1,30,0.170985,0.818579,0.935815,30,False
DES_ETA,10.1016/j.molliq.2016.07.039,35,7,SHR,2,30,0.358301,0.766421,0.962874,25.3333,False
DES_ETA,10.1016/j.molliq.2016.07.039,35,7,SHR,3,30,0.288818,0.805802,0.962676,21.6667,False
DES_ETA,10.1016/j.molliq.2016.07.039,35,7,SHR,5,30,0.11591,0.645104,0.693785,15,False
DES_ETA,10.1016/j.molliq.2016.10.115,90,9,OFF,1,30,-0.375275,0.429549,0.266765,80,True
DES_ETA,10.1016/j.molliq.2016.10.115,90,9,OFF,2,30,-0.43233,0.431301,0.243051,70.6667,True
DES_ETA,10.1016/j.molliq.2016.10.115,90,9,OFF,3,30,-0.476731,0.437371,0.226214,63.6667,True
DES_ETA,10.1016/j.molliq.2016.10.115,90,9,OFF,5,30,-0.538932,0.425776,0.192879,47,True
DES_ETA,10.1016/j.molliq.2016.10.115,90,9,SHR,1,30,-0.40457,0.429549,0.258726,80,True
DES_ETA,10.1016/j.molliq.2016.10.115,90,9,SHR,2,30,-0.445992,0.431301,0.240881,70.6667,True
DES_ETA,10.1016/j.molliq.2016.10.115,90,9,SHR,3,30,-0.47796,0.437371,0.228828,63.6667,True
DES_ETA,10.1016/j.molliq.2016.10.115,90,9,SHR,5,30,-0.542491,0.425776,0.19385,47,True
DES_ETA,10.1016/j.molliq.2017.05.084,57,4,OFF,1,30,-0.299441,0.388436,0.265097,42.8333,True
DES_ETA,10.1016/j.molliq.2017.05.084,57,4,OFF,2,30,-0.431765,0.393477,0.223143,34.1,True
DES_ETA,10.1016/j.molliq.2017.05.084,57,4,OFF,3,30,-0.448535,0.408808,0.223054,25.8667,True
DES_ETA,10.1016/j.molliq.2017.05.084,57,4,OFF,5,18,-0.478572,0.380915,0.199567,18.9444,True
DES_ETA,10.1016/j.molliq.2017.05.084,57,4,SHR,1,30,-0.348632,0.388436,0.252932,42.8333,True
DES_ETA,10.1016/j.molliq.2017.05.084,57,4,SHR,2,30,-0.441587,0.393477,0.222329,34.1,True
DES_ETA,10.1016/j.molliq.2017.05.084,57,4,SHR,3,30,-0.444016,0.408808,0.229455,25.8667,True
DES_ETA,10.1016/j.molliq.2017.05.084,57,4,SHR,5,18,-0.482647,0.380915,0.200982,18.9444,True
DES_ETA,10.1016/j.molliq.2017.06.024,130,6,OFF,1,30,0.26184,0.153369,0.188991,108.4,False
DES_ETA,10.1016/j.molliq.2017.06.024,130,6,OFF,2,30,0.172859,0.155679,0.177584,93.2333,False
DES_ETA,10.1016/j.molliq.2017.06.024,130,6,OFF,3,30,0.407248,0.129112,0.173126,75.1,False
DES_ETA,10.1016/j.molliq.2017.06.024,130,6,OFF,5,30,0.185376,0.157392,0.175605,54.0667,False
DES_ETA,10.1016/j.molliq.2017.06.024,130,6,SHR,1,30,0.133932,0.153369,0.171462,108.4,False
DES_ETA,10.1016/j.molliq.2017.06.024,130,6,SHR,2,30,0.122277,0.155679,0.170984,93.2333,False
DES_ETA,10.1016/j.molliq.2017.06.024,130,6,SHR,3,30,0.325423,0.129112,0.164184,75.1,False
DES_ETA,10.1016/j.molliq.2017.06.024,130,6,SHR,5,30,0.163051,0.157392,0.173385,54.0667,False
DES_ETA,10.1016/j.molliq.2017.09.091,118,18,OFF,1,30,-0.753465,0.849137,0.209212,111.533,True
DES_ETA,10.1016/j.molliq.2017.09.091,118,18,OFF,2,30,-0.790133,0.847375,0.177852,105.5,True
DES_ETA,10.1016/j.molliq.2017.09.091,118,18,OFF,3,30,-0.809388,0.849738,0.161986,98.7333,True
DES_ETA,10.1016/j.molliq.2017.09.091,118,18,OFF,5,30,-0.811222,0.847516,0.159853,86.9667,True
DES_ETA,10.1016/j.molliq.2017.09.091,118,18,SHR,1,30,-0.582755,0.849137,0.354903,111.533,True
DES_ETA,10.1016/j.molliq.2017.09.091,118,18,SHR,2,30,-0.715295,0.847375,0.241891,105.5,True
DES_ETA,10.1016/j.molliq.2017.09.091,118,18,SHR,3,30,-0.744841,0.849738,0.217213,98.7333,True
DES_ETA,10.1016/j.molliq.2017.09.091,118,18,SHR,5,30,-0.789957,0.847516,0.178437,86.9667,True
DES_ETA,10.1016/j.molliq.2020.113761,18,6,OFF,1,30,0.420054,0.549114,0.767291,15,False
DES_ETA,10.1016/j.molliq.2020.113761,18,6,OFF,2,30,0.353775,0.537795,0.72077,12.4,False
DES_ETA,10.1016/j.molliq.2020.113761,18,6,OFF,3,30,0.148002,0.564501,0.644985,10.4,False
DES_ETA,10.1016/j.molliq.2020.113761,18,6,OFF,5,30,0.216233,0.526051,0.641903,6.5,False
DES_ETA,10.1016/j.molliq.2020.113761,18,6,SHR,1,30,0.224894,0.549114,0.66555,15,False
DES_ETA,10.1016/j.molliq.2020.113761,18,6,SHR,2,30,0.258457,0.537795,0.671241,12.4,False
DES_ETA,10.1016/j.molliq.2020.113761,18,6,SHR,3,30,0.116685,0.564501,0.627962,10.4,False
DES_ETA,10.1016/j.molliq.2020.113761,18,6,SHR,5,30,0.190804,0.526051,0.628544,6.5,False
DES_ETA,10.1016/j.molliq.2021.118393,38,6,OFF,1,30,0.96489,0.424878,0.726847,31.1333,False
DES_ETA,10.1016/j.molliq.2021.118393,38,6,OFF,2,30,0.446613,0.45355,0.57938,26.6667,False
DES_ETA,10.1016/j.molliq.2021.118393,38,6,OFF,3,30,0.389108,0.478935,0.562429,20.7667,False
DES_ETA,10.1016/j.molliq.2021.118393,38,6,OFF,5,30,0.231221,0.492594,0.50068,13.6333,False
DES_ETA,10.1016/j.molliq.2021.118393,38,6,SHR,1,30,0.491628,0.424878,0.579055,31.1333,False
DES_ETA,10.1016/j.molliq.2021.118393,38,6,SHR,2,30,0.2946,0.45355,0.534081,26.6667,False
DES_ETA,10.1016/j.molliq.2021.118393,38,6,SHR,3,30,0.296071,0.478935,0.539679,20.7667,False
DES_ETA,10.1016/j.molliq.2021.118393,38,6,SHR,5,30,0.183675,0.492594,0.494312,13.6333,False
DES_ETA,10.1016/j.molliq.2022.119392,9,9,OFF,1,30,0.177913,0.790336,0.925269,8,False
DES_ETA,10.1016/j.molliq.2022.119392,9,9,OFF,2,30,0.0851942,0.779171,0.842846,7,False
DES_ETA,10.1016/j.molliq.2022.119392,9,9,OFF,3,30,0.0164321,0.780825,0.783456,6,False
DES_ETA,10.1016/j.molliq.2022.119392,9,9,OFF,5,30,-0.0157082,0.817643,0.794106,4,True
DES_ETA,10.1016/j.molliq.2022.119392,9,9,SHR,1,30,0.0209903,0.790336,0.80605,8,False
DES_ETA,10.1016/j.molliq.2022.119392,9,9,SHR,2,30,0.0177928,0.779171,0.792341,7,False
DES_ETA,10.1016/j.molliq.2022.119392,9,9,SHR,3,30,-0.0209028,0.780825,0.75733,6,True
DES_ETA,10.1016/j.molliq.2022.119392,9,9,SHR,5,30,-0.0307529,0.817643,0.784684,4,True
DES_ETA,10.1016/j.molliq.2022.119396,90,10,OFF,1,30,-0.22433,0.413321,0.321111,81,True
DES_ETA,10.1016/j.molliq.2022.119396,90,10,OFF,2,30,-0.341847,0.414775,0.272627,72,True
DES_ETA,10.1016/j.molliq.2022.119396,90,10,OFF,3,30,-0.324827,0.413325,0.278661,65.7,True
DES_ETA,10.1016/j.molliq.2022.119396,90,10,OFF,5,30,-0.398676,0.415423,0.247743,51.6,True
DES_ETA,10.1016/j.molliq.2022.119396,90,10,SHR,1,30,-0.275554,0.413321,0.300654,81,True
DES_ETA,10.1016/j.molliq.2022.119396,90,10,SHR,2,30,-0.345567,0.414775,0.27181,72,True
DES_ETA,10.1016/j.molliq.2022.119396,90,10,SHR,3,30,-0.346174,0.413325,0.270726,65.7,True
DES_ETA,10.1016/j.molliq.2022.119396,90,10,SHR,5,30,-0.406885,0.415423,0.245057,51.6,True
DES_ETA,10.1016/j.molliq.2022.119560,27,3,OFF,1,30,-0.585186,0.427383,0.177279,18,True
DES_ETA,10.1016/j.molliq.2022.119560,27,3,OFF,2,30,-0.615403,0.421636,0.162403,11.4,True
DES_ETA,10.1016/j.molliq.2022.119560,27,3,OFF,3,24,-0.637156,0.422707,0.153795,10.5,True
DES_ETA,10.1016/j.molliq.2022.119560,27,3,OFF,5,8,-0.66621,0.424254,0.142018,9,True
DES_ETA,10.1016/j.molliq.2022.119560,27,3,SHR,1,30,-0.49863,0.427383,0.214616,18,True
DES_ETA,10.1016/j.molliq.2022.119560,27,3,SHR,2,30,-0.57917,0.421636,0.178817,11.4,True
DES_ETA,10.1016/j.molliq.2022.119560,27,3,SHR,3,24,-0.635909,0.422707,0.155034,10.5,True
DES_ETA,10.1016/j.molliq.2022.119560,27,3,SHR,5,8,-0.654462,0.424254,0.147381,9,True
DES_ETA,10.1016/j.molliq.2022.120000,14,14,OFF,1,30,-0.116571,1.27558,1.12196,13,True
DES_ETA,10.1016/j.molliq.2022.120000,14,14,OFF,2,30,-0.238334,1.28449,0.975831,12,True
DES_ETA,10.1016/j.molliq.2022.120000,14,14,OFF,3,30,-0.275318,1.29724,0.934516,11,True
DES_ETA,10.1016/j.molliq.2022.120000,14,14,OFF,5,30,-0.302826,1.27421,0.882669,9,True
DES_ETA,10.1016/j.molliq.2022.120000,14,14,SHR,1,30,-0.201191,1.27558,1.02317,13,True
DES_ETA,10.1016/j.molliq.2022.120000,14,14,SHR,2,30,-0.256027,1.28449,0.958624,12,True
DES_ETA,10.1016/j.molliq.2022.120000,14,14,SHR,3,30,-0.276116,1.29724,0.938813,11,True
DES_ETA,10.1016/j.molliq.2022.120000,14,14,SHR,5,30,-0.31186,1.27421,0.875188,9,True
DES_ETA,10.1016/j.molliq.2022.120420,337,26,OFF,1,30,0.409546,0.174584,0.245503,324.033,False
DES_ETA,10.1016/j.molliq.2022.120420,337,26,OFF,2,30,0.164613,0.175648,0.20455,311.133,False
DES_ETA,10.1016/j.molliq.2022.120420,337,26,OFF,3,30,0.104573,0.175032,0.193173,298.533,False
DES_ETA,10.1016/j.molliq.2022.120420,337,26,OFF,5,30,0.104611,0.175067,0.193331,277.3,False
DES_ETA,10.1016/j.molliq.2022.120420,337,26,SHR,1,30,0.186822,0.174584,0.206902,324.033,False
DES_ETA,10.1016/j.molliq.2022.120420,337,26,SHR,2,30,0.0986232,0.175648,0.192964,311.133,False
DES_ETA,10.1016/j.molliq.2022.120420,337,26,SHR,3,30,0.0765555,0.175032,0.188299,298.533,False
DES_ETA,10.1016/j.molliq.2022.120420,337,26,SHR,5,30,0.0848173,0.175067,0.189877,277.3,False
DES_ETA,10.1016/j.molliq.2022.120660,15,15,OFF,1,30,-0.0795223,0.525832,0.482125,14,True
DES_ETA,10.1016/j.molliq.2022.120660,15,15,OFF,2,30,-0.160782,0.519965,0.433208,13,True
DES_ETA,10.1016/j.molliq.2022.120660,15,15,OFF,3,30,-0.243459,0.521112,0.391193,12,True
DES_ETA,10.1016/j.molliq.2022.120660,15,15,OFF,5,30,-0.258458,0.53518,0.396225,10,True
DES_ETA,10.1016/j.molliq.2022.120660,15,15,SHR,1,30,-0.153876,0.525832,0.445488,14,True
DES_ETA,10.1016/j.molliq.2022.120660,15,15,SHR,2,30,-0.203182,0.519965,0.413844,13,True
DES_ETA,10.1016/j.molliq.2022.120660,15,15,SHR,3,30,-0.252971,0.521112,0.387925,12,True
DES_ETA,10.1016/j.molliq.2022.120660,15,15,SHR,5,30,-0.258605,0.53518,0.396746,10,True
DES_ETA,10.1016/j.molliq.2023.121216,30,2,OFF,1,30,0.568531,0.157338,0.20868,15,False
DES_ETA,10.1016/j.molliq.2023.121216,30,2,OFF,2,12,0.194312,0.164229,0.177367,15,False
DES_ETA,10.1016/j.molliq.2023.121216,30,2,OFF,3,6,0.313441,0.147001,0.176186,15,False
DES_ETA,10.1016/j.molliq.2023.121216,30,2,SHR,1,30,0.263015,0.157338,0.179769,15,False
DES_ETA,10.1016/j.molliq.2023.121216,30,2,SHR,2,12,0.109525,0.164229,0.170396,15,False
DES_ETA,10.1016/j.molliq.2023.121216,30,2,SHR,3,6,0.217219,0.147001,0.166924,15,False
DES_ETA,10.1016/j.molliq.2023.121258,78,12,OFF,1,30,-0.195877,0.27594,0.221941,71.3333,True
DES_ETA,10.1016/j.molliq.2023.121258,78,12,OFF,2,30,-0.358805,0.275577,0.176095,64.6333,True
DES_ETA,10.1016/j.molliq.2023.121258,78,12,OFF,3,30,-0.35391,0.273758,0.176395,59.8333,True
DES_ETA,10.1016/j.molliq.2023.121258,78,12,OFF,5,30,-0.424014,0.282945,0.162404,49.1,True
DES_ETA,10.1016/j.molliq.2023.121258,78,12,SHR,1,30,-0.283634,0.27594,0.198719,71.3333,True
DES_ETA,10.1016/j.molliq.2023.121258,78,12,SHR,2,30,-0.380023,0.275577,0.170966,64.6333,True
DES_ETA,10.1016/j.molliq.2023.121258,78,12,SHR,3,30,-0.390567,0.273758,0.166867,59.8333,True
DES_ETA,10.1016/j.molliq.2023.121258,78,12,SHR,5,30,-0.420491,0.282945,0.163709,49.1,True
DES_ETA,10.1016/j.seppur.2019.115703,43,4,OFF,1,30,0.185847,0.0543455,0.0643462,32.1667,False
DES_ETA,10.1016/j.seppur.2019.115703,43,4,OFF,2,30,0.0524506,0.0567834,0.0590359,24.2667,False
DES_ETA,10.1016/j.seppur.2019.115703,43,4,OFF,3,30,0.182695,0.0542002,0.0597296,16,False
DES_ETA,10.1016/j.seppur.2019.115703,43,4,OFF,5,24,-0.151571,0.0583539,0.0475065,12.625,True
DES_ETA,10.1016/j.seppur.2019.115703,43,4,SHR,1,30,0.0190814,0.0543455,0.0555143,32.1667,False
DES_ETA,10.1016/j.seppur.2019.115703,43,4,SHR,2,30,-0.00714969,0.0567834,0.0559254,24.2667,True
DES_ETA,10.1016/j.seppur.2019.115703,43,4,SHR,3,30,0.128953,0.0542002,0.0575964,16,False
DES_ETA,10.1016/j.seppur.2019.115703,43,4,SHR,5,24,-0.146197,0.0583539,0.0480885,12.625,True
DES_ETA,10.1016/j.seppur.2020.116692,22,2,OFF,1,30,-0.289309,0.116681,0.0789758,11,True
DES_ETA,10.1016/j.seppur.2020.116692,22,2,OFF,2,15,-0.305167,0.1088,0.0697663,11,True
DES_ETA,10.1016/j.seppur.2020.116692,22,2,OFF,3,11,-0.362565,0.112024,0.0654254,11,True
DES_ETA,10.1016/j.seppur.2020.116692,22,2,SHR,1,30,-0.422456,0.116681,0.0721789,11,True
DES_ETA,10.1016/j.seppur.2020.116692,22,2,SHR,2,15,-0.449027,0.1088,0.0602361,11,True
DES_ETA,10.1016/j.seppur.2020.116692,22,2,SHR,3,11,-0.450491,0.112024,0.0602698,11,True
DES_ETA,10.1016/j.seppur.2023.123281,15,3,OFF,1,30,-0.476944,0.417385,0.214177,10,True
DES_ETA,10.1016/j.seppur.2023.123281,15,3,OFF,2,30,-0.576535,0.425572,0.164215,6.66667,True
DES_ETA,10.1016/j.seppur.2023.123281,15,3,OFF,3,22,-0.532735,0.409743,0.164806,5.68182,True
DES_ETA,10.1016/j.seppur.2023.123281,15,3,OFF,5,9,-0.586391,0.43093,0.160461,5,True
DES_ETA,10.1016/j.seppur.2023.123281,15,3,SHR,1,30,-0.559873,0.417385,0.195173,10,True
DES_ETA,10.1016/j.seppur.2023.123281,15,3,SHR,2,30,-0.579262,0.425572,0.182921,6.66667,True
DES_ETA,10.1016/j.seppur.2023.123281,15,3,SHR,3,22,-0.570506,0.409743,0.168464,5.68182,True
DES_ETA,10.1016/j.seppur.2023.123281,15,3,SHR,5,9,-0.573033,0.43093,0.175871,5,True
DES_ETA,10.1016/j.talanta.2022.124243,10,10,OFF,1,30,0.595227,0.272297,0.409994,9,False
DES_ETA,10.1016/j.talanta.2022.124243,10,10,OFF,2,30,0.469138,0.266495,0.360249,8,False
DES_ETA,10.1016/j.talanta.2022.124243,10,10,OFF,3,30,0.283534,0.27086,0.323907,7,False
DES_ETA,10.1016/j.talanta.2022.124243,10,10,OFF,5,30,0.268596,0.254923,0.296147,5,False
DES_ETA,10.1016/j.talanta.2022.124243,10,10,SHR,1,30,0.293504,0.272297,0.340016,9,False
DES_ETA,10.1016/j.talanta.2022.124243,10,10,SHR,2,30,0.324855,0.266495,0.330352,8,False
DES_ETA,10.1016/j.talanta.2022.124243,10,10,SHR,3,30,0.218816,0.27086,0.311243,7,False
DES_ETA,10.1016/j.talanta.2022.124243,10,10,SHR,5,30,0.22937,0.254923,0.290103,5,False
DES_ETA,10.1016/j.tca.2012.04.030,24,4,OFF,1,30,0.27829,0.436601,0.465854,17.6667,False
DES_ETA,10.1016/j.tca.2012.04.030,24,4,OFF,2,30,0.0952836,0.492612,0.468263,12.6667,False
DES_ETA,10.1016/j.tca.2012.04.030,24,4,OFF,3,30,0.16339,0.414759,0.423162,8.86667,False
DES_ETA,10.1016/j.tca.2012.04.030,24,4,OFF,5,21,0.0304248,0.653167,0.567571,6.33333,False
DES_ETA,10.1016/j.tca.2012.04.030,24,4,SHR,1,30,0.045979,0.436601,0.41637,17.6667,False
DES_ETA,10.1016/j.tca.2012.04.030,24,4,SHR,2,30,-0.00023508,0.492612,0.454269,12.6667,True
DES_ETA,10.1016/j.tca.2012.04.030,24,4,SHR,3,30,0.0215407,0.414759,0.393859,8.86667,False
DES_ETA,10.1016/j.tca.2012.04.030,24,4,SHR,5,21,-0.0176794,0.653167,0.565465,6.33333,True
DES_ETA,10.1021/acs.iecr.7b02478,28,4,OFF,1,30,0.333883,1.32869,1.69414,21,False
DES_ETA,10.1021/acs.iecr.7b02478,28,4,OFF,2,30,0.268193,1.36657,1.48351,15.4,False
DES_ETA,10.1021/acs.iecr.7b02478,28,4,OFF,3,30,1.14547,1.28128,1.48199,10.7333,False
DES_ETA,10.1021/acs.iecr.7b02478,28,4,OFF,5,20,1.718,0.977048,1.41153,7.7,False
DES_ETA,10.1021/acs.iecr.7b02478,28,4,SHR,1,30,0.108922,1.32869,1.45096,21,False
DES_ETA,10.1021/acs.iecr.7b02478,28,4,SHR,2,30,0.166695,1.36657,1.41639,15.4,False
DES_ETA,10.1021/acs.iecr.7b02478,28,4,SHR,3,30,0.943325,1.28128,1.43252,10.7333,False
DES_ETA,10.1021/acs.iecr.7b02478,28,4,SHR,5,20,1.53058,0.977048,1.36146,7.7,False
DES_ETA,10.1021/acs.jced.0c00386,40,6,OFF,1,30,0.410704,0.111334,0.152106,31.9333,False
DES_ETA,10.1021/acs.jced.0c00386,40,6,OFF,2,30,0.300752,0.115875,0.144426,24.3,False
DES_ETA,10.1021/acs.jced.0c00386,40,6,OFF,3,30,0.100544,0.112399,0.12398,21.3333,False
DES_ETA,10.1021/acs.jced.0c00386,40,6,OFF,5,30,0.18491,0.0991344,0.113506,13.1333,False
DES_ETA,10.1021/acs.jced.0c00386,40,6,SHR,1,30,0.179541,0.111334,0.12902,31.9333,False
DES_ETA,10.1021/acs.jced.0c00386,40,6,SHR,2,30,0.206328,0.115875,0.135063,24.3,False
DES_ETA,10.1021/acs.jced.0c00386,40,6,SHR,3,30,0.0593232,0.112399,0.120072,21.3333,False
DES_ETA,10.1021/acs.jced.0c00386,40,6,SHR,5,30,0.141845,0.0991344,0.110362,13.1333,False
DES_ETA,10.1021/acs.jced.0c00715,153,17,OFF,1,30,0.202014,0.0692542,0.0824645,144,False
DES_ETA,10.1021/acs.jced.0c00715,153,17,OFF,2,30,0.0554392,0.0702699,0.0739266,135,False
DES_ETA,10.1021/acs.jced.0c00715,153,17,OFF,3,30,-0.0774725,0.0687705,0.0633776,127.2,True
DES_ETA,10.1021/acs.jced.0c00715,153,17,OFF,5,30,-0.0605942,0.0698837,0.0656078,113.4,True
DES_ETA,10.1021/acs.jced.0c00715,153,17,SHR,1,30,0.0143454,0.0692542,0.0699811,144,False
DES_ETA,10.1021/acs.jced.0c00715,153,17,SHR,2,30,-0.00302369,0.0702699,0.0699741,135,True
DES_ETA,10.1021/acs.jced.0c00715,153,17,SHR,3,30,-0.0882895,0.0687705,0.0626698,127.2,True
DES_ETA,10.1021/acs.jced.0c00715,153,17,SHR,5,30,-0.0746633,0.0698837,0.0646882,113.4,True
DES_ETA,10.1021/acs.jced.6b00486,23,3,OFF,1,30,0.875874,0.787667,1.3258,14.9333,False
DES_ETA,10.1021/acs.jced.6b00486,23,3,OFF,2,30,0.742815,0.652621,0.981236,9.53333,False
DES_ETA,10.1021/acs.jced.6b00486,23,3,OFF,3,23,0.589622,0.856414,1.28327,7.21739,False
DES_ETA,10.1021/acs.jced.6b00486,23,3,OFF,5,14,0.697556,0.846482,1.33656,5.28571,False
DES_ETA,10.1021/acs.jced.6b00486,23,3,SHR,1,30,0.494652,0.787667,1.09261,14.9333,False
DES_ETA,10.1021/acs.jced.6b00486,23,3,SHR,2,30,0.545588,0.652621,0.90078,9.53333,False
DES_ETA,10.1021/acs.jced.6b00486,23,3,SHR,3,23,0.486011,0.856414,1.2128,7.21739,False
DES_ETA,10.1021/acs.jced.6b00486,23,3,SHR,5,14,0.619211,0.846482,1.2854,5.28571,False
DES_ETA,10.1021/acs.jced.6b00680,65,5,OFF,1,30,0.586694,0.440471,0.636483,52,False
DES_ETA,10.1021/acs.jced.6b00680,65,5,OFF,2,30,0.491528,0.421377,0.565652,42.4667,False
DES_ETA,10.1021/acs.jced.6b00680,65,5,OFF,3,30,0.392969,0.45112,0.561039,32.0667,False
DES_ETA,10.1021/acs.jced.6b00680,65,5,OFF,5,28,0.255536,0.366229,0.433556,27.3929,False
DES_ETA,10.1021/acs.jced.6b00680,65,5,SHR,1,30,0.306041,0.440471,0.542963,52,False
DES_ETA,10.1021/acs.jced.6b00680,65,5,SHR,2,30,0.336358,0.421377,0.52014,42.4667,False
DES_ETA,10.1021/acs.jced.6b00680,65,5,SHR,3,30,0.305913,0.45112,0.536323,32.0667,False
DES_ETA,10.1021/acs.jced.6b00680,65,5,SHR,5,28,0.217707,0.366229,0.423715,27.3929,False
DES_ETA,10.1021/acs.jced.7b00184,14,5,OFF,1,30,0.399843,0.136384,0.18612,11.4333,False
DES_ETA,10.1021/acs.jced.7b00184,14,5,OFF,2,30,0.196753,0.135521,0.159701,8.66667,False
DES_ETA,10.1021/acs.jced.7b00184,14,5,OFF,3,30,0.221114,0.129206,0.153825,6.53333,False
DES_ETA,10.1021/acs.jced.7b00184,14,5,OFF,5,29,0.0908731,0.112494,0.122826,3.51724,False
DES_ETA,10.1021/acs.jced.7b00184,14,5,SHR,1,30,0.182651,0.136384,0.158963,11.4333,False
DES_ETA,10.1021/acs.jced.7b00184,14,5,SHR,2,30,0.129464,0.135521,0.151388,8.66667,False
DES_ETA,10.1021/acs.jced.7b00184,14,5,SHR,3,30,0.170912,0.129206,0.148189,6.53333,False
DES_ETA,10.1021/acs.jced.7b00184,14,5,SHR,5,29,0.0715347,0.112494,0.120839,3.51724,False
DES_ETA,10.1021/acs.jced.7b01037,90,3,OFF,1,30,0.326319,1.02984,1.16555,60,False
DES_ETA,10.1021/acs.jced.7b01037,90,3,OFF,2,30,0.428342,0.939042,0.92014,38,False
DES_ETA,10.1021/acs.jced.7b01037,90,3,OFF,3,25,0.00318786,1.17341,0.815832,33.6,False
DES_ETA,10.1021/acs.jced.7b01037,90,3,OFF,5,10,1.15267,0.65042,0.967691,30,False
DES_ETA,10.1021/acs.jced.7b01037,90,3,SHR,1,30,-0.163849,1.02984,0.829839,60,True
DES_ETA,10.1021/acs.jced.7b01037,90,3,SHR,2,30,0.0701218,0.939042,0.770856,38,False
DES_ETA,10.1021/acs.jced.7b01037,90,3,SHR,3,25,-0.113264,1.17341,0.803535,33.6,True
DES_ETA,10.1021/acs.jced.7b01037,90,3,SHR,5,10,0.85357,0.65042,0.844561,30,False
DES_ETA,10.1021/acssuschemeng.1c01674,35,5,OFF,1,30,-0.650012,0.594742,0.206817,28,True
DES_ETA,10.1021/acssuschemeng.1c01674,35,5,OFF,2,30,-0.681913,0.603604,0.190596,21.4667,True
DES_ETA,10.1021/acssuschemeng.1c01674,35,5,OFF,3,30,-0.683783,0.588016,0.185113,17.9667,True
DES_ETA,10.1021/acssuschemeng.1c01674,35,5,OFF,5,25,-0.70143,0.577125,0.167142,10.64,True
DES_ETA,10.1021/acssuschemeng.1c01674,35,5,SHR,1,30,-0.573218,0.594742,0.25786,28,True
DES_ETA,10.1021/acssuschemeng.1c01674,35,5,SHR,2,30,-0.645402,0.603604,0.218804,21.4667,True
DES_ETA,10.1021/acssuschemeng.1c01674,35,5,SHR,3,30,-0.703255,0.588016,0.180734,17.9667,True
DES_ETA,10.1021/acssuschemeng.1c01674,35,5,SHR,5,25,-0.72423,0.577125,0.162098,10.64,True
DES_ETA,10.1021/acssuschemeng.5b00532,104,7,OFF,1,30,0.130813,0.403052,0.455155,87.9667,False
DES_ETA,10.1021/acssuschemeng.5b00532,104,7,OFF,2,30,0.0411052,0.400561,0.412501,76.7,False
DES_ETA,10.1021/acssuschemeng.5b00532,104,7,OFF,3,30,0.0147367,0.384751,0.385543,62.4,False
DES_ETA,10.1021/acssuschemeng.5b00532,104,7,OFF,5,30,0.0809598,0.374019,0.366669,44.6333,False
DES_ETA,10.1021/acssuschemeng.5b00532,104,7,SHR,1,30,-0.0230997,0.403052,0.395599,87.9667,True
DES_ETA,10.1021/acssuschemeng.5b00532,104,7,SHR,2,30,-0.0203897,0.400561,0.390636,76.7,True
DES_ETA,10.1021/acssuschemeng.5b00532,104,7,SHR,3,30,-0.0335942,0.384751,0.368813,62.4,True
DES_ETA,10.1021/acssuschemeng.5b00532,104,7,SHR,5,30,0.0502925,0.374019,0.359824,44.6333,False
DES_ETA,10.1021/acssuschemeng.5b00619,15,15,OFF,1,30,0.505025,0.417465,0.612364,14,False
DES_ETA,10.1021/acssuschemeng.5b00619,15,15,OFF,2,30,0.192468,0.422039,0.496938,13,False
DES_ETA,10.1021/acssuschemeng.5b00619,15,15,OFF,3,30,0.189613,0.415181,0.489173,12,False
DES_ETA,10.1021/acssuschemeng.5b00619,15,15,OFF,5,30,0.114928,0.417931,0.463646,10,False
DES_ETA,10.1021/acssuschemeng.5b00619,15,15,SHR,1,30,0.262815,0.417465,0.51794,14,False
DES_ETA,10.1021/acssuschemeng.5b00619,15,15,SHR,2,30,0.131375,0.422039,0.472797,13,False
DES_ETA,10.1021/acssuschemeng.5b00619,15,15,SHR,3,30,0.1492,0.415181,0.473247,12,False
DES_ETA,10.1021/acssuschemeng.5b00619,15,15,SHR,5,30,0.0987194,0.417931,0.45712,10,False
DES_ETA,10.1021/acssuschemeng.7b04235,39,3,OFF,1,30,-0.307092,0.0813942,0.0547327,26,True
DES_ETA,10.1021/acssuschemeng.7b04235,39,3,OFF,2,30,-0.358864,0.081245,0.0504609,16.4667,True
DES_ETA,10.1021/acssuschemeng.7b04235,39,3,OFF,3,24,-0.378624,0.0830775,0.0505105,15.1667,True
DES_ETA,10.1021/acssuschemeng.7b04235,39,3,OFF,5,12,-0.498307,0.0696498,0.0349525,13,True
DES_ETA,10.1021/acssuschemeng.7b04235,39,3,SHR,1,30,-0.352189,0.0813942,0.0529626,26,True
DES_ETA,10.1021/acssuschemeng.7b04235,39,3,SHR,2,30,-0.419311,0.081245,0.0473628,16.4667,True
DES_ETA,10.1021/acssuschemeng.7b04235,39,3,SHR,3,24,-0.415979,0.0830775,0.0489782,15.1667,True
DES_ETA,10.1021/acssuschemeng.7b04235,39,3,SHR,5,12,-0.538834,0.0696498,0.0323948,13,True
DES_ETA,10.1021/acssuschemeng.8b01203,187,12,OFF,1,30,-0.196066,0.247648,0.19914,170.567,True
DES_ETA,10.1021/acssuschemeng.8b01203,187,12,OFF,2,30,-0.075065,0.243514,0.221016,156.333,True
DES_ETA,10.1021/acssuschemeng.8b01203,187,12,OFF,3,30,-0.202132,0.247527,0.195889,143.7,True
DES_ETA,10.1021/acssuschemeng.8b01203,187,12,OFF,5,30,-0.239153,0.249096,0.188296,120.833,True
DES_ETA,10.1021/acssuschemeng.8b01203,187,12,SHR,1,30,-0.196982,0.247648,0.199483,170.567,True
DES_ETA,10.1021/acssuschemeng.8b01203,187,12,SHR,2,30,-0.173774,0.243514,0.199756,156.333,True
DES_ETA,10.1021/acssuschemeng.8b01203,187,12,SHR,3,30,-0.229526,0.247527,0.190318,143.7,True
DES_ETA,10.1021/acssuschemeng.8b01203,187,12,SHR,5,30,-0.254905,0.249096,0.185107,120.833,True
DES_ETA,10.1021/acssuschemeng.8b02042,17,2,OFF,1,30,-0.494716,0.592794,0.298345,8.6,True
DES_ETA,10.1021/acssuschemeng.8b02042,17,2,OFF,2,14,-0.491882,0.590498,0.299245,8.64286,True
DES_ETA,10.1021/acssuschemeng.8b02042,17,2,OFF,3,1,-0.539876,0.571363,0.262898,9,True
DES_ETA,10.1021/acssuschemeng.8b02042,17,2,OFF,5,3,-0.707302,0.624942,0.182919,8,True
DES_ETA,10.1021/acssuschemeng.8b02042,17,2,SHR,1,30,-0.455878,0.592794,0.322309,8.6,True
DES_ETA,10.1021/acssuschemeng.8b02042,17,2,SHR,2,14,-0.509306,0.590498,0.290388,8.64286,True
DES_ETA,10.1021/acssuschemeng.8b02042,17,2,SHR,3,1,-0.541258,0.571363,0.262108,9,True
DES_ETA,10.1021/acssuschemeng.8b02042,17,2,SHR,5,3,-0.668079,0.624942,0.207432,8,True
DES_ETA,10.1021/acssuschemeng.8b03520,17,17,OFF,1,30,0.041223,1.01815,1.05338,16,False
DES_ETA,10.1021/acssuschemeng.8b03520,17,17,OFF,2,30,0.0789731,0.998284,1.02758,15,False
DES_ETA,10.1021/acssuschemeng.8b03520,17,17,OFF,3,30,0.117467,0.962364,0.999974,14,False
DES_ETA,10.1021/acssuschemeng.8b03520,17,17,OFF,5,30,-0.0749005,1.05102,0.958615,12,True
DES_ETA,10.1021/acssuschemeng.8b03520,17,17,SHR,1,30,-0.0174829,1.01815,0.999033,16,True
DES_ETA,10.1021/acssuschemeng.8b03520,17,17,SHR,2,30,0.0136036,0.998284,0.984303,15,False
DES_ETA,10.1021/acssuschemeng.8b03520,17,17,SHR,3,30,0.0481753,0.962364,0.957013,14,False
DES_ETA,10.1021/acssuschemeng.8b03520,17,17,SHR,5,30,-0.0835489,1.05102,0.954821,12,True
DES_ETA,10.1021/acssuschemeng.8b04843,14,2,OFF,1,30,1.05397,0.205676,0.369668,6.46667,False
DES_ETA,10.1021/acssuschemeng.8b04843,14,2,OFF,2,12,0.585443,0.244054,0.369124,5.33333,False
DES_ETA,10.1021/acssuschemeng.8b04843,14,2,OFF,3,11,0.730468,0.230714,0.364841,5.72727,False
DES_ETA,10.1021/acssuschemeng.8b04843,14,2,OFF,5,2,0.442315,0.255341,0.368283,5,False
DES_ETA,10.1021/acssuschemeng.8b04843,14,2,SHR,1,30,0.665715,0.205676,0.30934,6.46667,False
DES_ETA,10.1021/acssuschemeng.8b04843,14,2,SHR,2,12,0.453879,0.244054,0.34105,5.33333,False
DES_ETA,10.1021/acssuschemeng.8b04843,14,2,SHR,3,11,0.611953,0.230714,0.343115,5.72727,False
DES_ETA,10.1021/acssuschemeng.8b04843,14,2,SHR,5,2,0.396502,0.255341,0.356585,5,False
DES_ETA,10.1021/acssuschemeng.8b05072,26,5,OFF,1,30,0.413415,0.297277,0.37515,20.7333,False
DES_ETA,10.1021/acssuschemeng.8b05072,26,5,OFF,2,30,0.236677,0.307001,0.348117,15.4667,False
DES_ETA,10.1021/acssuschemeng.8b05072,26,5,OFF,3,30,0.56281,0.250268,0.318519,12.2,False
DES_ETA,10.1021/acssuschemeng.8b05072,26,5,OFF,5,30,0.45852,0.276036,0.314747,7.73333,False
DES_ETA,10.1021/acssuschemeng.8b05072,26,5,SHR,1,30,0.182694,0.297277,0.328999,20.7333,False
DES_ETA,10.1021/acssuschemeng.8b05072,26,5,SHR,2,30,0.14128,0.307001,0.330202,15.4667,False
DES_ETA,10.1021/acssuschemeng.8b05072,26,5,SHR,3,30,0.4233,0.250268,0.299361,12.2,False
DES_ETA,10.1021/acssuschemeng.8b05072,26,5,SHR,5,30,0.396304,0.276036,0.308472,7.73333,False
DES_ETA,10.1021/acssuschemeng.9b02845,24,3,OFF,1,30,-0.534669,0.221709,0.103315,16,True
DES_ETA,10.1021/acssuschemeng.9b02845,24,3,OFF,2,30,-0.60582,0.227127,0.0884895,10.6667,True
DES_ETA,10.1021/acssuschemeng.9b02845,24,3,OFF,3,21,-0.612699,0.230811,0.0871428,8,True
DES_ETA,10.1021/acssuschemeng.9b02845,24,3,OFF,5,7,-0.64,0.225616,0.0797439,8,True
DES_ETA,10.1021/acssuschemeng.9b02845,24,3,SHR,1,30,-0.467444,0.221709,0.118612,16,True
DES_ETA,10.1021/acssuschemeng.9b02845,24,3,SHR,2,30,-0.556175,0.227127,0.100937,10.6667,True
DES_ETA,10.1021/acssuschemeng.9b02845,24,3,SHR,3,21,-0.592112,0.230811,0.0932499,8,True
DES_ETA,10.1021/acssuschemeng.9b02845,24,3,SHR,5,7,-0.629142,0.225616,0.083119,8,True
DES_ETA,10.1021/acssuschemeng.9b03245,21,3,OFF,1,30,-0.298875,0.484808,0.339586,14,True
DES_ETA,10.1021/acssuschemeng.9b03245,21,3,OFF,2,30,-0.377429,0.484592,0.301864,8.4,True
DES_ETA,10.1021/acssuschemeng.9b03245,21,3,OFF,3,22,-0.40889,0.483609,0.285999,7.95455,True
DES_ETA,10.1021/acssuschemeng.9b03245,21,3,OFF,5,10,-0.427253,0.491252,0.281593,7,True
DES_ETA,10.1021/acssuschemeng.9b03245,21,3,SHR,1,30,-0.360315,0.484808,0.310016,14,True
DES_ETA,10.1021/acssuschemeng.9b03245,21,3,SHR,2,30,-0.397327,0.484592,0.292374,8.4,True
DES_ETA,10.1021/acssuschemeng.9b03245,21,3,SHR,3,22,-0.40699,0.483609,0.286918,7.95455,True
DES_ETA,10.1021/acssuschemeng.9b03245,21,3,SHR,5,10,-0.433271,0.491252,0.278584,7,True
DES_ETA,10.1021/je100104v,32,5,OFF,1,30,0.468632,0.424809,0.622732,25.4667,False
DES_ETA,10.1021/je100104v,32,5,OFF,2,30,0.179955,0.424276,0.499317,20.7333,False
DES_ETA,10.1021/je100104v,32,5,OFF,3,30,0.126083,0.40195,0.452188,14.4,False
DES_ETA,10.1021/je100104v,32,5,OFF,5,29,0.0885734,0.391407,0.425028,8.34483,False
DES_ETA,10.1021/je100104v,32,5,SHR,1,30,0.239175,0.424809,0.525728,25.4667,False
DES_ETA,10.1021/je100104v,32,5,SHR,2,30,0.119828,0.424276,0.474203,20.7333,False
DES_ETA,10.1021/je100104v,32,5,SHR,3,30,0.0941559,0.40195,0.439569,14.4,False
DES_ETA,10.1021/je100104v,32,5,SHR,5,29,0.0708221,0.391407,0.418725,8.34483,False
DES_ETA,10.1021/je300997v,35,10,OFF,1,30,0.78591,0.0712137,0.115716,29.6667,False
DES_ETA,10.1021/je300997v,35,10,OFF,2,30,0.344857,0.0763312,0.0966748,25.2333,False
DES_ETA,10.1021/je300997v,35,10,OFF,3,30,0.182857,0.0717848,0.0829925,20.0333,False
DES_ETA,10.1021/je300997v,35,10,OFF,5,30,0.210645,0.07514,0.089251,15.5,False
DES_ETA,10.1021/je300997v,35,10,SHR,1,30,0.44636,0.0712137,0.0962939,29.6667,False
DES_ETA,10.1021/je300997v,35,10,SHR,2,30,0.248647,0.0763312,0.0908674,25.2333,False
DES_ETA,10.1021/je300997v,35,10,SHR,3,30,0.144933,0.0717848,0.0806491,20.0333,False
DES_ETA,10.1021/je300997v,35,10,SHR,5,30,0.182669,0.07514,0.0873731,15.5,False
DES_ETA,10.1021/je5001796,72,9,OFF,1,30,-0.57219,0.771009,0.328878,64,True
DES_ETA,10.1021/je5001796,72,9,OFF,2,30,-0.588625,0.788092,0.325287,56.5333,True
DES_ETA,10.1021/je5001796,72,9,OFF,3,30,-0.57657,0.776947,0.326436,50.1333,True
DES_ETA,10.1021/je5001796,72,9,OFF,5,30,-0.602695,0.776726,0.307965,38.6667,True
DES_ETA,10.1021/je5001796,72,9,SHR,1,30,-0.499444,0.771009,0.387548,64,True
DES_ETA,10.1021/je5001796,72,9,SHR,2,30,-0.534144,0.788092,0.369643,56.5333,True
DES_ETA,10.1021/je5001796,72,9,SHR,3,30,-0.565877,0.776947,0.338374,50.1333,True
DES_ETA,10.1021/je5001796,72,9,SHR,5,30,-0.593824,0.776726,0.317413,38.6667,True
DES_ETA,10.1021/sc500439w,62,5,OFF,1,30,0.477912,0.271699,0.376903,49.6,False
DES_ETA,10.1021/sc500439w,62,5,OFF,2,30,0.115483,0.29805,0.33046,39.4667,False
DES_ETA,10.1021/sc500439w,62,5,OFF,3,30,0.223634,0.228822,0.277707,29.0333,False
DES_ETA,10.1021/sc500439w,62,5,OFF,5,29,0.182357,0.255035,0.290714,21.2759,False
DES_ETA,10.1021/sc500439w,62,5,SHR,1,30,0.268819,0.271699,0.329986,49.6,False
DES_ETA,10.1021/sc500439w,62,5,SHR,2,30,0.079082,0.29805,0.320231,39.4667,False
DES_ETA,10.1021/sc500439w,62,5,SHR,3,30,0.163817,0.228822,0.26622,29.0333,False
DES_ETA,10.1021/sc500439w,62,5,SHR,5,29,0.150728,0.255035,0.285319,21.2759,False
DES_ETA,10.1039/c1ra00630d,18,3,OFF,1,30,0.253935,0.796151,0.961665,12,False
DES_ETA,10.1039/c1ra00630d,18,3,OFF,2,30,0.875661,0.569297,0.903296,7.8,False
DES_ETA,10.1039/c1ra00630d,18,3,OFF,3,25,0.327482,0.756124,0.92123,6.72,False
DES_ETA,10.1039/c1ra00630d,18,3,OFF,5,7,0.372453,0.865767,1.04657,6,False
DES_ETA,10.1039/c1ra00630d,18,3,SHR,1,30,0.147027,0.796151,0.891277,12,False
DES_ETA,10.1039/c1ra00630d,18,3,SHR,2,30,0.64644,0.569297,0.817489,7.8,False
DES_ETA,10.1039/c1ra00630d,18,3,SHR,3,25,0.266958,0.756124,0.891698,6.72,False
DES_ETA,10.1039/c1ra00630d,18,3,SHR,5,7,0.327484,0.865767,1.02571,6,False
DES_ETA,10.1039/c2ra22990k,8,8,OFF,1,30,0.387906,0.686223,0.916083,7,False
DES_ETA,10.1039/c2ra22990k,8,8,OFF,2,30,0.260203,0.662291,0.790557,6,False
DES_ETA,10.1039/c2ra22990k,8,8,OFF,3,30,0.373744,0.664581,0.785473,5,False
DES_ETA,10.1039/c2ra22990k,8,8,OFF,5,30,0.331872,0.648218,0.697103,3,False
DES_ETA,10.1039/c2ra22990k,8,8,SHR,1,30,0.127041,0.686223,0.758295,7,False
DES_ETA,10.1039/c2ra22990k,8,8,SHR,2,30,0.140458,0.662291,0.727419,6,False
DES_ETA,10.1039/c2ra22990k,8,8,SHR,3,30,0.280844,0.664581,0.749612,5,False
DES_ETA,10.1039/c2ra22990k,8,8,SHR,5,30,0.275376,0.648218,0.684039,3,False
DES_ETA,10.1039/c6cc06105b,21,3,OFF,1,30,0.183669,0.104434,0.122231,14,False
DES_ETA,10.1039/c6cc06105b,21,3,OFF,2,30,0.638848,0.0963762,0.123368,8.63333,False
DES_ETA,10.1039/c6cc06105b,21,3,OFF,3,23,0.377819,0.102624,0.102893,7.30435,False
DES_ETA,10.1039/c6cc06105b,21,3,OFF,5,10,0.457805,0.104891,0.119352,7,False
DES_ETA,10.1039/c6cc06105b,21,3,SHR,1,30,-0.00799675,0.104434,0.103596,14,True
DES_ETA,10.1039/c6cc06105b,21,3,SHR,2,30,0.46243,0.0963762,0.114896,8.63333,False
DES_ETA,10.1039/c6cc06105b,21,3,SHR,3,23,0.290397,0.102624,0.10049,7.30435,False
DES_ETA,10.1039/c6cc06105b,21,3,SHR,5,10,0.400909,0.104891,0.117231,7,False
DES_ETA,10.1039/c6nj03140d,315,35,OFF,1,30,0.320484,0.525824,0.69081,306,False
DES_ETA,10.1039/c6nj03140d,315,35,OFF,2,30,0.211194,0.52554,0.634844,297,False
DES_ETA,10.1039/c6nj03140d,315,35,OFF,3,30,0.158249,0.52552,0.606292,289.5,False
DES_ETA,10.1039/c6nj03140d,315,35,OFF,5,30,0.0666289,0.525359,0.55933,272.7,False
DES_ETA,10.1039/c6nj03140d,315,35,SHR,1,30,0.155845,0.525824,0.605962,306,False
DES_ETA,10.1039/c6nj03140d,315,35,SHR,2,30,0.135624,0.52554,0.595734,297,False
DES_ETA,10.1039/c6nj03140d,315,35,SHR,3,30,0.117323,0.52552,0.585368,289.5,False
DES_ETA,10.1039/c6nj03140d,315,35,SHR,5,30,0.0499478,0.525359,0.55076,272.7,False
DES_ETA,10.1039/d0cp01431a,27,27,OFF,1,30,0.190409,0.541797,0.642369,26,False
DES_ETA,10.1039/d0cp01431a,27,27,OFF,2,30,0.0792044,0.543626,0.5857,25,False
DES_ETA,10.1039/d0cp01431a,27,27,OFF,3,30,-0.031709,0.544302,0.527093,24,True
DES_ETA,10.1039/d0cp01431a,27,27,OFF,5,30,-0.0652347,0.546033,0.509918,22,True
DES_ETA,10.1039/d0cp01431a,27,27,SHR,1,30,0.0244667,0.541797,0.554543,26,False
DES_ETA,10.1039/d0cp01431a,27,27,SHR,2,30,0.0141112,0.543626,0.551212,25,False
DES_ETA,10.1039/d0cp01431a,27,27,SHR,3,30,-0.048907,0.544302,0.518013,24,True
DES_ETA,10.1039/d0cp01431a,27,27,SHR,5,30,-0.0741478,0.546033,0.505316,22,True
DES_ETA,10.3390/molecules26144208,286,53,OFF,1,30,0.182517,0.179313,0.211729,280.167,False
DES_ETA,10.3390/molecules26144208,286,53,OFF,2,30,0.0806564,0.178796,0.193298,274.233,False
DES_ETA,10.3390/molecules26144208,286,53,OFF,3,30,0.0860805,0.178828,0.193924,268.333,False
DES_ETA,10.3390/molecules26144208,286,53,OFF,5,30,0.0877614,0.176634,0.191765,256.4,False
DES_ETA,10.3390/molecules26144208,286,53,SHR,1,30,0.0562472,0.179313,0.189282,280.167,False
DES_ETA,10.3390/molecules26144208,286,53,SHR,2,30,0.0349817,0.178796,0.185117,274.233,False
DES_ETA,10.3390/molecules26144208,286,53,SHR,3,30,0.0445429,0.178828,0.186624,268.333,False
DES_ETA,10.3390/molecules26144208,286,53,SHR,5,30,0.0599801,0.176634,0.186945,256.4,False
DES_ETA,http://pubs.acs.org/journal/acscii,1461,230,OFF,1,30,0.32026,0.402018,0.528338,1448,False
DES_ETA,http://pubs.acs.org/journal/acscii,1461,230,OFF,2,30,0.0576213,0.404054,0.427228,1436.87,False
DES_ETA,http://pubs.acs.org/journal/acscii,1461,230,OFF,3,30,0.106262,0.404432,0.447263,1430.87,False
DES_ETA,http://pubs.acs.org/journal/acscii,1461,230,OFF,5,30,0.0616002,0.403268,0.428071,1402.67,False
DES_ETA,http://pubs.acs.org/journal/acscii,1461,230,SHR,1,30,0.142933,0.402018,0.458288,1448,False
DES_ETA,http://pubs.acs.org/journal/acscii,1461,230,SHR,2,30,0.0305547,0.404054,0.416326,1436.87,False
DES_ETA,http://pubs.acs.org/journal/acscii,1461,230,SHR,3,30,0.0738654,0.404432,0.4342,1430.87,False
DES_ETA,http://pubs.acs.org/journal/acscii,1461,230,SHR,5,30,0.0467186,0.403268,0.422077,1402.67,False
DES_MP,10.1002/adfm.202011102,8,8,OFF,1,30,-0.35204,74.1368,47.689,7,True
DES_MP,10.1002/adfm.202011102,8,8,OFF,2,30,-0.5001,75.4774,37.587,6,True
DES_MP,10.1002/adfm.202011102,8,8,OFF,3,30,-0.524399,78.0725,37.117,5,True
DES_MP,10.1002/adfm.202011102,8,8,OFF,5,30,-0.508324,74.3043,34.0675,3,True
DES_MP,10.1002/adfm.202011102,8,8,SHR,1,30,-0.423253,74.1368,43.4815,7,True
DES_MP,10.1002/adfm.202011102,8,8,SHR,2,30,-0.476071,75.4774,39.9412,6,True
DES_MP,10.1002/adfm.202011102,8,8,SHR,3,30,-0.485632,78.0725,40.4958,5,True
DES_MP,10.1002/adfm.202011102,8,8,SHR,5,30,-0.522749,74.3043,34.6922,3,True
DES_MP,10.1002/aic.17408,80,59,OFF,1,30,0.0146513,54.883,55.5861,78.4667,False
DES_MP,10.1002/aic.17408,80,59,OFF,2,30,-0.0824675,54.6476,49.9849,76.9,True
DES_MP,10.1002/aic.17408,80,59,OFF,3,30,-0.163821,54.9174,45.8965,75.4,True
DES_MP,10.1002/aic.17408,80,59,OFF,5,30,-0.214381,54.8787,43.0506,72.7333,True
DES_MP,10.1002/aic.17408,80,59,SHR,1,30,-0.145023,54.883,46.971,78.4667,True
DES_MP,10.1002/aic.17408,80,59,SHR,2,30,-0.168183,54.6476,45.4557,76.9,True
DES_MP,10.1002/aic.17408,80,59,SHR,3,30,-0.182867,54.9174,44.9288,75.4,True
DES_MP,10.1002/aic.17408,80,59,SHR,5,30,-0.222302,54.8787,42.6739,72.7333,True
DES_MP,10.1002/anie.202110520,17,17,OFF,1,30,0.401051,25.5115,34.8929,16,False
DES_MP,10.1002/anie.202110520,17,17,OFF,2,30,0.260081,25.1784,31.313,15,False
DES_MP,10.1002/anie.202110520,17,17,OFF,3,30,0.134258,26.1973,29.5055,14,False
DES_MP,10.1002/anie.202110520,17,17,OFF,5,30,0.104193,25.1849,27.6609,12,False
DES_MP,10.1002/anie.202110520,17,17,SHR,1,30,0.162614,25.5115,29.2455,16,False
DES_MP,10.1002/anie.202110520,17,17,SHR,2,30,0.154854,25.1784,28.8005,15,False
DES_MP,10.1002/anie.202110520,17,17,SHR,3,30,0.0905371,26.1973,28.4096,14,False
DES_MP,10.1002/anie.202110520,17,17,SHR,5,30,0.0836649,25.1849,27.1573,12,False
DES_MP,10.1002/apj.1873,16,8,OFF,1,30,-0.173826,38.5544,31.5562,14,True
DES_MP,10.1002/apj.1873,16,8,OFF,2,30,-0.186237,37.8818,30.2973,12,True
DES_MP,10.1002/apj.1873,16,8,OFF,3,30,-0.231489,38.9172,29.5689,10.4,True
DES_MP,10.1002/apj.1873,16,8,OFF,5,30,-0.215773,38.9341,29.9726,7.66667,True
DES_MP,10.1002/apj.1873,16,8,SHR,1,30,-0.215938,38.5544,30.37,14,True
DES_MP,10.1002/apj.1873,16,8,SHR,2,30,-0.230829,37.8818,29.121,12,True
DES_MP,10.1002/apj.1873,16,8,SHR,3,30,-0.251081,38.9172,29.1613,10.4,True
DES_MP,10.1002/apj.1873,16,8,SHR,5,30,-0.236985,38.9341,29.4996,7.66667,True
DES_MP,10.1002/apj.1995,9,9,OFF,1,30,-0.564729,17.64,7.63497,8,True
DES_MP,10.1002/apj.1995,9,9,OFF,2,30,-0.60703,17.5697,6.83956,7,True
DES_MP,10.1002/apj.1995,9,9,OFF,3,30,-0.629947,17.8163,6.56972,6,True
DES_MP,10.1002/apj.1995,9,9,OFF,5,30,-0.632843,17.782,6.448,4,True
DES_MP,10.1002/apj.1995,9,9,SHR,1,30,-0.474243,17.64,9.35734,8,True
DES_MP,10.1002/apj.1995,9,9,SHR,2,30,-0.57363,17.5697,7.58981,7,True
DES_MP,10.1002/apj.1995,9,9,SHR,3,30,-0.599679,17.8163,7.2428,6,True
DES_MP,10.1002/apj.1995,9,9,SHR,5,30,-0.633506,17.782,6.6491,4,True
DES_MP,10.1002/cphc.200500489,36,18,OFF,1,30,0.457605,17.4053,25.0924,34,False
DES_MP,10.1002/cphc.200500489,36,18,OFF,2,30,0.184232,17.5907,20.7181,32.0667,False
DES_MP,10.1002/cphc.200500489,36,18,OFF,3,30,0.192223,17.5004,20.4025,30.2,False
DES_MP,10.1002/cphc.200500489,36,18,OFF,5,30,0.11225,17.324,18.9911,26.4667,False
DES_MP,10.1002/cphc.200500489,36,18,SHR,1,30,0.151026,17.4053,19.956,34,False
DES_MP,10.1002/cphc.200500489,36,18,SHR,2,30,0.0858147,17.5907,19.0496,32.0667,False
DES_MP,10.1002/cphc.200500489,36,18,SHR,3,30,0.119551,17.5004,19.2726,30.2,False
DES_MP,10.1002/cphc.200500489,36,18,SHR,5,30,0.0810923,17.324,18.5165,26.4667,False
DES_MP,10.1002/cssc.202001331,206,103,OFF,1,30,-0.172073,88.033,72.8791,204,True
DES_MP,10.1002/cssc.202001331,206,103,OFF,2,30,-0.226731,88.0023,67.9796,202,True
DES_MP,10.1002/cssc.202001331,206,103,OFF,3,30,-0.198031,87.5039,70.0607,200,True
DES_MP,10.1002/cssc.202001331,206,103,OFF,5,30,-0.256013,87.6822,65.1528,196.267,True
DES_MP,10.1002/cssc.202001331,206,103,SHR,1,30,-0.203809,88.033,70.1195,204,True
DES_MP,10.1002/cssc.202001331,206,103,SHR,2,30,-0.238971,88.0023,66.9719,202,True
DES_MP,10.1002/cssc.202001331,206,103,SHR,3,30,-0.239589,87.5039,66.5238,200,True
DES_MP,10.1002/cssc.202001331,206,103,SHR,5,30,-0.275571,87.6822,63.4826,196.267,True
DES_MP,10.1007/s10973-012-2831-3,32,16,OFF,1,30,-0.385056,26.7198,16.3929,30,True
DES_MP,10.1007/s10973-012-2831-3,32,16,OFF,2,30,-0.448331,27.0277,14.9351,28.1333,True
DES_MP,10.1007/s10973-012-2831-3,32,16,OFF,3,30,-0.498148,26.7036,13.3659,26.1333,True
DES_MP,10.1007/s10973-012-2831-3,32,16,OFF,5,30,-0.500218,27.0766,13.5079,22.8,True
DES_MP,10.1007/s10973-012-2831-3,32,16,SHR,1,30,-0.339716,26.7198,17.7347,30,True
DES_MP,10.1007/s10973-012-2831-3,32,16,SHR,2,30,-0.396554,27.0277,16.4107,28.1333,True
DES_MP,10.1007/s10973-012-2831-3,32,16,SHR,3,30,-0.479699,26.7036,13.9574,26.1333,True
DES_MP,10.1007/s10973-012-2831-3,32,16,SHR,5,30,-0.493064,27.0766,13.7794,22.8,True
DES_MP,10.1016/j.cattod.2021.05.018,8,8,OFF,1,30,-0.679668,165.886,53.1033,7,True
DES_MP,10.1016/j.cattod.2021.05.018,8,8,OFF,2,30,-0.691167,161.724,49.4882,6,True
DES_MP,10.1016/j.cattod.2021.05.018,8,8,OFF,3,30,-0.721411,165.223,45.7002,5,True
DES_MP,10.1016/j.cattod.2021.05.018,8,8,OFF,5,30,-0.771687,160.847,36.3421,3,True
DES_MP,10.1016/j.cattod.2021.05.018,8,8,SHR,1,30,-0.451928,165.886,91.4636,7,True
DES_MP,10.1016/j.cattod.2021.05.018,8,8,SHR,2,30,-0.650135,161.724,57.5537,6,True
DES_MP,10.1016/j.cattod.2021.05.018,8,8,SHR,3,30,-0.664732,165.223,56.4254,5,True
DES_MP,10.1016/j.cattod.2021.05.018,8,8,SHR,5,30,-0.753844,160.847,40.4583,3,True
DES_MP,10.1016/j.cej.2018.10.077,8,8,OFF,1,30,-0.373705,59.7539,37.3328,7,True
DES_MP,10.1016/j.cej.2018.10.077,8,8,OFF,2,30,-0.432363,58.2043,32.6024,6,True
DES_MP,10.1016/j.cej.2018.10.077,8,8,OFF,3,30,-0.48009,59.0658,30.2108,5,True
DES_MP,10.1016/j.cej.2018.10.077,8,8,OFF,5,30,-0.523944,58.01,26.8851,3,True
DES_MP,10.1016/j.cej.2018.10.077,8,8,SHR,1,30,-0.351708,59.7539,39.2196,7,True
DES_MP,10.1016/j.cej.2018.10.077,8,8,SHR,2,30,-0.462674,58.2043,31.5771,6,True
DES_MP,10.1016/j.cej.2018.10.077,8,8,SHR,3,30,-0.48253,59.0658,30.7675,5,True
DES_MP,10.1016/j.cej.2018.10.077,8,8,SHR,5,30,-0.530481,58.01,27.1946,3,True
DES_MP,10.1016/j.chemphyslip.2009.05.004,87,48,OFF,1,30,0.0514459,3.67945,3.86167,85.1,False
DES_MP,10.1016/j.chemphyslip.2009.05.004,87,48,OFF,2,30,0.045269,3.63424,3.75458,83.1,False
DES_MP,10.1016/j.chemphyslip.2009.05.004,87,48,OFF,3,30,0.030514,3.60165,3.65635,81.4,False
DES_MP,10.1016/j.chemphyslip.2009.05.004,87,48,OFF,5,30,-0.0662245,3.67819,3.43035,77.5667,True
DES_MP,10.1016/j.chemphyslip.2009.05.004,87,48,SHR,1,30,-0.0336688,3.67945,3.55474,85.1,True
DES_MP,10.1016/j.chemphyslip.2009.05.004,87,48,SHR,2,30,-0.0506664,3.63424,3.43139,83.1,True
DES_MP,10.1016/j.chemphyslip.2009.05.004,87,48,SHR,3,30,-0.0333043,3.60165,3.4526,81.4,True
DES_MP,10.1016/j.chemphyslip.2009.05.004,87,48,SHR,5,30,-0.0840372,3.67819,3.36786,77.5667,True
DES_MP,10.1016/j.fluid.2017.03.011,12,6,OFF,1,30,-0.659451,61.87,21.1727,10,True
DES_MP,10.1016/j.fluid.2017.03.011,12,6,OFF,2,30,-0.706463,61.7007,17.9172,8.13333,True
DES_MP,10.1016/j.fluid.2017.03.011,12,6,OFF,3,30,-0.737798,64.6979,16.9555,6.86667,True
DES_MP,10.1016/j.fluid.2017.03.011,12,6,OFF,5,30,-0.709425,63.1347,16.7344,3.66667,True
DES_MP,10.1016/j.fluid.2017.03.011,12,6,SHR,1,30,-0.527475,61.87,29.5182,10,True
DES_MP,10.1016/j.fluid.2017.03.011,12,6,SHR,2,30,-0.646538,61.7007,22.0571,8.13333,True
DES_MP,10.1016/j.fluid.2017.03.011,12,6,SHR,3,30,-0.644983,64.6979,23.2631,6.86667,True
DES_MP,10.1016/j.fluid.2017.03.011,12,6,SHR,5,30,-0.683489,63.1347,19.5834,3.66667,True
DES_MP,10.1016/j.fluid.2017.03.015,18,18,OFF,1,30,0.510183,44.1646,66.6511,17,False
DES_MP,10.1016/j.fluid.2017.03.015,18,18,OFF,2,30,0.233549,44.2684,54.5622,16,False
DES_MP,10.1016/j.fluid.2017.03.015,18,18,OFF,3,30,0.230384,44.2695,54.3961,15,False
DES_MP,10.1016/j.fluid.2017.03.015,18,18,OFF,5,30,0.0907675,44.4602,48.4445,13,False
DES_MP,10.1016/j.fluid.2017.03.015,18,18,SHR,1,30,0.197934,44.1646,52.8914,17,False
DES_MP,10.1016/j.fluid.2017.03.015,18,18,SHR,2,30,0.138269,44.2684,50.3612,16,False
DES_MP,10.1016/j.fluid.2017.03.015,18,18,SHR,3,30,0.162618,44.2695,51.4194,15,False
DES_MP,10.1016/j.fluid.2017.03.015,18,18,SHR,5,30,0.0735518,44.4602,47.6877,13,False
DES_MP,10.1016/j.fluid.2017.04.007,388,195,OFF,1,30,0.159507,27.9167,32.3094,386,False
DES_MP,10.1016/j.fluid.2017.04.007,388,195,OFF,2,30,0.0586064,27.9018,29.5018,384.067,False
DES_MP,10.1016/j.fluid.2017.04.007,388,195,OFF,3,30,-0.0182553,27.8927,27.3541,382,True
DES_MP,10.1016/j.fluid.2017.04.007,388,195,OFF,5,30,-0.0736572,27.99,25.9254,378.033,True
DES_MP,10.1016/j.fluid.2017.04.007,388,195,SHR,1,30,-0.0153769,27.9167,27.4768,386,True
DES_MP,10.1016/j.fluid.2017.04.007,388,195,SHR,2,30,-0.0385819,27.9018,26.8184,384.067,True
DES_MP,10.1016/j.fluid.2017.04.007,388,195,SHR,3,30,-0.0648886,27.8927,26.0742,382,True
DES_MP,10.1016/j.fluid.2017.04.007,388,195,SHR,5,30,-0.086537,27.99,25.5719,378.033,True
DES_MP,10.1016/j.fluid.2017.05.009,35,20,OFF,1,30,0.178649,61.3687,71.5606,33.0667,False
DES_MP,10.1016/j.fluid.2017.05.009,35,20,OFF,2,30,0.105097,61.532,67.4951,31.4,False
DES_MP,10.1016/j.fluid.2017.05.009,35,20,OFF,3,30,0.0206959,60.6967,61.1654,29.7,False
DES_MP,10.1016/j.fluid.2017.05.009,35,20,OFF,5,30,0.0168593,61.4884,61.7884,26.2,False
DES_MP,10.1016/j.fluid.2017.05.009,35,20,SHR,1,30,-0.0105582,61.3687,60.6186,33.0667,True
DES_MP,10.1016/j.fluid.2017.05.009,35,20,SHR,2,30,0.011249,61.532,62.0953,31.4,False
DES_MP,10.1016/j.fluid.2017.05.009,35,20,SHR,3,30,-0.0256783,60.6967,58.7049,29.7,True
DES_MP,10.1016/j.fluid.2017.05.009,35,20,SHR,5,30,-0.01283,61.4884,60.2202,26.2,True
DES_MP,10.1016/j.fluid.2019.04.019,9,9,OFF,1,30,-0.917573,204.381,16.8371,8,True
DES_MP,10.1016/j.fluid.2019.04.019,9,9,OFF,2,30,-0.926193,204.886,15.1283,7,True
DES_MP,10.1016/j.fluid.2019.04.019,9,9,OFF,3,30,-0.932952,203.695,13.6514,6,True
DES_MP,10.1016/j.fluid.2019.04.019,9,9,OFF,5,30,-0.93425,203.039,13.3266,4,True
DES_MP,10.1016/j.fluid.2019.04.019,9,9,SHR,1,30,-0.486311,204.381,105.032,8,True
DES_MP,10.1016/j.fluid.2019.04.019,9,9,SHR,2,30,-0.646098,204.886,72.5839,7,True
DES_MP,10.1016/j.fluid.2019.04.019,9,9,SHR,3,30,-0.744271,203.695,52.1753,6,True
DES_MP,10.1016/j.fluid.2019.04.019,9,9,SHR,5,30,-0.830848,203.039,34.5381,4,True
DES_MP,10.1016/j.fluid.2019.06.005,87,44,OFF,1,30,-0.21547,50.8095,39.8455,85,True
DES_MP,10.1016/j.fluid.2019.06.005,87,44,OFF,2,30,-0.248462,50.7269,38.1189,83,True
DES_MP,10.1016/j.fluid.2019.06.005,87,44,OFF,3,30,-0.222532,50.6863,39.3413,81.1667,True
DES_MP,10.1016/j.fluid.2019.06.005,87,44,OFF,5,30,-0.297748,50.5635,35.4774,77.2,True
DES_MP,10.1016/j.fluid.2019.06.005,87,44,SHR,1,30,-0.196799,50.8095,40.8425,85,True
DES_MP,10.1016/j.fluid.2019.06.005,87,44,SHR,2,30,-0.252039,50.7269,37.9999,83,True
DES_MP,10.1016/j.fluid.2019.06.005,87,44,SHR,3,30,-0.245038,50.6863,38.3081,81.1667,True
DES_MP,10.1016/j.fluid.2019.06.005,87,44,SHR,5,30,-0.30621,50.5635,35.0999,77.2,True
DES_MP,10.1016/j.gee.2019.03.002,45,45,OFF,1,30,0.373864,22.089,30.0266,44,False
DES_MP,10.1016/j.gee.2019.03.002,45,45,OFF,2,30,0.165107,22.0842,25.6148,43,False
DES_MP,10.1016/j.gee.2019.03.002,45,45,OFF,3,30,0.0791609,21.8575,23.5477,42,False
DES_MP,10.1016/j.gee.2019.03.002,45,45,OFF,5,30,0.0765483,22.2285,23.896,40,False
DES_MP,10.1016/j.gee.2019.03.002,45,45,SHR,1,30,0.133517,22.089,24.9053,44,False
DES_MP,10.1016/j.gee.2019.03.002,45,45,SHR,2,30,0.0826953,22.0842,23.8522,43,False
DES_MP,10.1016/j.gee.2019.03.002,45,45,SHR,3,30,0.047682,21.8575,22.8823,42,False
DES_MP,10.1016/j.gee.2019.03.002,45,45,SHR,5,30,0.056649,22.2285,23.4662,40,False
DES_MP,10.1016/j.gee.2020.11.020,51,48,OFF,1,30,0.134802,27.1194,30.7174,49.8333,False
DES_MP,10.1016/j.gee.2020.11.020,51,48,OFF,2,30,0.00669265,27.0484,27.1892,48.7333,False
DES_MP,10.1016/j.gee.2020.11.020,51,48,OFF,3,30,-0.0226907,27.0744,26.4256,47.8,True
DES_MP,10.1016/j.gee.2020.11.020,51,48,OFF,5,30,-0.0959261,27.3294,24.6694,45.3667,True
DES_MP,10.1016/j.gee.2020.11.020,51,48,SHR,1,30,-0.0471796,27.1194,25.8499,49.8333,True
DES_MP,10.1016/j.gee.2020.11.020,51,48,SHR,2,30,-0.070908,27.0484,25.1278,48.7333,True
DES_MP,10.1016/j.gee.2020.11.020,51,48,SHR,3,30,-0.0692008,27.0744,25.1991,47.8,True
DES_MP,10.1016/j.gee.2020.11.020,51,48,SHR,5,30,-0.107145,27.3294,24.3857,45.3667,True
DES_MP,10.1016/j.hydromet.2022.105971,24,24,OFF,1,30,-0.0332523,50.858,48.9797,23,True
DES_MP,10.1016/j.hydromet.2022.105971,24,24,OFF,2,30,-0.213563,50.9111,39.9998,22,True
DES_MP,10.1016/j.hydromet.2022.105971,24,24,OFF,3,30,-0.218918,51.046,39.739,21,True
DES_MP,10.1016/j.hydromet.2022.105971,24,24,OFF,5,30,-0.267495,50.2545,36.7112,19,True
DES_MP,10.1016/j.hydromet.2022.105971,24,24,SHR,1,30,-0.163221,50.858,42.676,23,True
DES_MP,10.1016/j.hydromet.2022.105971,24,24,SHR,2,30,-0.248723,50.9111,38.3411,22,True
DES_MP,10.1016/j.hydromet.2022.105971,24,24,SHR,3,30,-0.232772,51.046,39.1991,21,True
DES_MP,10.1016/j.hydromet.2022.105971,24,24,SHR,5,30,-0.285111,50.2545,35.9122,19,True
DES_MP,10.1016/j.ijggc.2016.02.006,8,8,OFF,1,30,-0.00970425,83.3085,82.2172,7,True
DES_MP,10.1016/j.ijggc.2016.02.006,8,8,OFF,2,30,-0.115218,80.4766,69.812,6,True
DES_MP,10.1016/j.ijggc.2016.02.006,8,8,OFF,3,30,-0.206319,83.0314,64.7515,5,True
DES_MP,10.1016/j.ijggc.2016.02.006,8,8,OFF,5,30,-0.155574,80.7908,61.4986,3,True
DES_MP,10.1016/j.ijggc.2016.02.006,8,8,SHR,1,30,-0.168628,83.3085,70.0645,7,True
DES_MP,10.1016/j.ijggc.2016.02.006,8,8,SHR,2,30,-0.212546,80.4766,63.2868,6,True
DES_MP,10.1016/j.ijggc.2016.02.006,8,8,SHR,3,30,-0.239386,83.0314,62.9947,5,True
DES_MP,10.1016/j.ijggc.2016.02.006,8,8,SHR,5,30,-0.189096,80.7908,60.6818,3,True
DES_MP,10.1016/j.ijggc.2019.102839,18,9,OFF,1,30,-0.469011,30.3901,16.1319,16,True
DES_MP,10.1016/j.ijggc.2019.102839,18,9,OFF,2,30,-0.481749,29.8871,15.4067,14.1333,True
DES_MP,10.1016/j.ijggc.2019.102839,18,9,OFF,3,30,-0.580041,31.1438,13.0917,12.2667,True
DES_MP,10.1016/j.ijggc.2019.102839,18,9,OFF,5,30,-0.558786,30.4434,13.0711,8.86667,True
DES_MP,10.1016/j.ijggc.2019.102839,18,9,SHR,1,30,-0.426197,30.3901,17.6111,16,True
DES_MP,10.1016/j.ijggc.2019.102839,18,9,SHR,2,30,-0.51114,29.8871,14.8194,14.1333,True
DES_MP,10.1016/j.ijggc.2019.102839,18,9,SHR,3,30,-0.526,31.1438,14.856,12.2667,True
DES_MP,10.1016/j.ijggc.2019.102839,18,9,SHR,5,30,-0.558235,30.4434,13.3348,8.86667,True
DES_MP,10.1016/j.jct.2015.04.021,12,6,OFF,1,30,-0.600682,43.8816,17.4679,10,True
DES_MP,10.1016/j.jct.2015.04.021,12,6,OFF,2,30,-0.656947,44.7256,15.3192,8.53333,True
DES_MP,10.1016/j.jct.2015.04.021,12,6,OFF,3,30,-0.662317,43.053,14.2444,6.4,True
DES_MP,10.1016/j.jct.2015.04.021,12,6,OFF,5,30,-0.65654,43.3211,14.1901,3.73333,True
DES_MP,10.1016/j.jct.2015.04.021,12,6,SHR,1,30,-0.499257,43.8816,22.2733,10,True
DES_MP,10.1016/j.jct.2015.04.021,12,6,SHR,2,30,-0.575189,44.7256,19.3039,8.53333,True
DES_MP,10.1016/j.jct.2015.04.021,12,6,SHR,3,30,-0.656856,43.053,15.0927,6.4,True
DES_MP,10.1016/j.jct.2015.04.021,12,6,SHR,5,30,-0.677475,43.3211,14.3747,3.73333,True
DES_MP,10.1016/j.jiec.2021.03.011,10,10,OFF,1,30,0.266861,42.1205,52.5646,9,False
DES_MP,10.1016/j.jiec.2021.03.011,10,10,OFF,2,30,0.150449,42.7641,47.9052,8,False
DES_MP,10.1016/j.jiec.2021.03.011,10,10,OFF,3,30,-0.0478381,41.3265,38.9411,7,True
DES_MP,10.1016/j.jiec.2021.03.011,10,10,OFF,5,30,-0.0433416,41.4355,38.3419,5,True
DES_MP,10.1016/j.jiec.2021.03.011,10,10,SHR,1,30,0.0246466,42.1205,43.1107,9,False
DES_MP,10.1016/j.jiec.2021.03.011,10,10,SHR,2,30,0.0500303,42.7641,44.3565,8,False
DES_MP,10.1016/j.jiec.2021.03.011,10,10,SHR,3,30,-0.0772406,41.3265,37.9279,7,True
DES_MP,10.1016/j.jiec.2021.03.011,10,10,SHR,5,30,-0.061397,41.4355,37.8994,5,True
DES_MP,10.1016/j.jtice.2015.12.020,9,9,OFF,1,30,-0.592674,52.5503,21.2975,8,True
DES_MP,10.1016/j.jtice.2015.12.020,9,9,OFF,2,30,-0.640553,53.3462,19.0774,7,True
DES_MP,10.1016/j.jtice.2015.12.020,9,9,OFF,3,30,-0.65247,51.959,17.8608,6,True
DES_MP,10.1016/j.jtice.2015.12.020,9,9,OFF,5,30,-0.698912,52.3874,15.6963,4,True
DES_MP,10.1016/j.jtice.2015.12.020,9,9,SHR,1,30,-0.47682,52.5503,27.7425,8,True
DES_MP,10.1016/j.jtice.2015.12.020,9,9,SHR,2,30,-0.55563,53.3462,23.9859,7,True
DES_MP,10.1016/j.jtice.2015.12.020,9,9,SHR,3,30,-0.641078,51.959,18.9693,6,True
DES_MP,10.1016/j.jtice.2015.12.020,9,9,SHR,5,30,-0.683545,52.3874,16.7582,4,True
DES_MP,10.1016/j.microc.2019.104384,12,12,OFF,1,30,-0.503321,54.5831,27.0128,11,True
DES_MP,10.1016/j.microc.2019.104384,12,12,OFF,2,30,-0.504649,53.9289,26.5223,10,True
DES_MP,10.1016/j.microc.2019.104384,12,12,OFF,3,30,-0.571985,54.898,23.4708,9,True
DES_MP,10.1016/j.microc.2019.104384,12,12,OFF,5,30,-0.592332,55.0124,22.2654,7,True
DES_MP,10.1016/j.microc.2019.104384,12,12,SHR,1,30,-0.470642,54.5831,29.0746,11,True
DES_MP,10.1016/j.microc.2019.104384,12,12,SHR,2,30,-0.539257,53.9289,25.0956,10,True
DES_MP,10.1016/j.microc.2019.104384,12,12,SHR,3,30,-0.555899,54.898,24.5985,9,True
DES_MP,10.1016/j.microc.2019.104384,12,12,SHR,5,30,-0.584936,55.0124,22.9653,7,True
DES_MP,10.1016/j.molliq.2008.07.009,24,12,OFF,1,30,-0.299214,42.5492,29.2849,22,True
DES_MP,10.1016/j.molliq.2008.07.009,24,12,OFF,2,30,-0.382817,42.4582,26.0183,20.0667,True
DES_MP,10.1016/j.molliq.2008.07.009,24,12,OFF,3,30,-0.4199,43.0561,24.882,18.4,True
DES_MP,10.1016/j.molliq.2008.07.009,24,12,OFF,5,30,-0.363725,40.0335,24.9288,14.8667,True
DES_MP,10.1016/j.molliq.2008.07.009,24,12,SHR,1,30,-0.288035,42.5492,30.4394,22,True
DES_MP,10.1016/j.molliq.2008.07.009,24,12,SHR,2,30,-0.385628,42.4582,26.3124,20.0667,True
DES_MP,10.1016/j.molliq.2008.07.009,24,12,SHR,3,30,-0.412083,43.0561,25.4997,18.4,True
DES_MP,10.1016/j.molliq.2008.07.009,24,12,SHR,5,30,-0.410649,40.0335,23.6216,14.8667,True
DES_MP,10.1016/j.molliq.2014.08.004,24,12,OFF,1,30,0.123242,16.9359,18.6042,22,False
DES_MP,10.1016/j.molliq.2014.08.004,24,12,OFF,2,30,-0.0164476,16.5906,15.8868,20,True
DES_MP,10.1016/j.molliq.2014.08.004,24,12,OFF,3,30,-0.0643982,16.5828,15.2772,18.2667,True
DES_MP,10.1016/j.molliq.2014.08.004,24,12,OFF,5,30,-0.0139319,16.8462,15.9623,15,True
DES_MP,10.1016/j.molliq.2014.08.004,24,12,SHR,1,30,-0.0353009,16.9359,16.2817,22,True
DES_MP,10.1016/j.molliq.2014.08.004,24,12,SHR,2,30,-0.098099,16.5906,14.8051,20,True
DES_MP,10.1016/j.molliq.2014.08.004,24,12,SHR,3,30,-0.113937,16.5828,14.622,18.2667,True
DES_MP,10.1016/j.molliq.2014.08.004,24,12,SHR,5,30,-0.0531516,16.8462,15.5207,15,True
DES_MP,10.1016/j.molliq.2016.10.134,8,8,OFF,1,30,-0.43259,73.4465,41.8373,7,True
DES_MP,10.1016/j.molliq.2016.10.134,8,8,OFF,2,30,-0.563389,73.9098,32.3277,6,True
DES_MP,10.1016/j.molliq.2016.10.134,8,8,OFF,3,30,-0.555201,73.1703,32.3216,5,True
DES_MP,10.1016/j.molliq.2016.10.134,8,8,OFF,5,30,-0.588732,75.8363,30.0083,3,True
DES_MP,10.1016/j.molliq.2016.10.134,8,8,SHR,1,30,-0.396715,73.4465,44.8991,7,True
DES_MP,10.1016/j.molliq.2016.10.134,8,8,SHR,2,30,-0.501164,73.9098,37.1863,6,True
DES_MP,10.1016/j.molliq.2016.10.134,8,8,SHR,3,30,-0.539982,73.1703,34.0368,5,True
DES_MP,10.1016/j.molliq.2016.10.134,8,8,SHR,5,30,-0.566443,75.8363,32.6883,3,True
DES_MP,10.1016/j.molliq.2018.02.049,8,4,OFF,1,30,0.0433724,58.1607,58.8361,6,False
DES_MP,10.1016/j.molliq.2018.02.049,8,4,OFF,2,30,-0.042694,59.7418,52.2706,4.53333,True
DES_MP,10.1016/j.molliq.2018.02.049,8,4,OFF,3,30,2.18103,45.7977,54.3477,2.86667,False
DES_MP,10.1016/j.molliq.2018.02.049,8,4,OFF,5,7,0.82167,74.1553,54.637,2,False
DES_MP,10.1016/j.molliq.2018.02.049,8,4,SHR,1,30,-0.171379,58.1607,49.0337,6,True
DES_MP,10.1016/j.molliq.2018.02.049,8,4,SHR,2,30,-0.136304,59.7418,49.6376,4.53333,True
DES_MP,10.1016/j.molliq.2018.02.049,8,4,SHR,3,30,1.66802,45.7977,50.3205,2.86667,False
DES_MP,10.1016/j.molliq.2018.02.049,8,4,SHR,5,7,0.707214,74.1553,57.3558,2,False
DES_MP,10.1016/j.molliq.2019.112155,23,23,OFF,1,30,-0.216671,51.1794,39.6154,22,True
DES_MP,10.1016/j.molliq.2019.112155,23,23,OFF,2,30,-0.122856,49.9404,42.5668,21,True
DES_MP,10.1016/j.molliq.2019.112155,23,23,OFF,3,30,-0.198777,50.2377,39.5534,20,True
DES_MP,10.1016/j.molliq.2019.112155,23,23,OFF,5,30,-0.254917,49.3354,35.5647,18,True
DES_MP,10.1016/j.molliq.2019.112155,23,23,SHR,1,30,-0.200858,51.1794,40.8517,22,True
DES_MP,10.1016/j.molliq.2019.112155,23,23,SHR,2,30,-0.214518,49.9404,38.9073,21,True
DES_MP,10.1016/j.molliq.2019.112155,23,23,SHR,3,30,-0.249767,50.2377,37.547,20,True
DES_MP,10.1016/j.molliq.2019.112155,23,23,SHR,5,30,-0.283633,49.3354,34.6551,18,True
DES_MP,10.1016/j.molliq.2020.113667,38,37,OFF,1,30,0.469357,14.116,20.2806,36.9667,False
DES_MP,10.1016/j.molliq.2020.113667,38,37,OFF,2,30,0.141349,14.3404,16.2434,35.9,False
DES_MP,10.1016/j.molliq.2020.113667,38,37,OFF,3,30,0.116934,14.4906,16.0079,34.9333,False
DES_MP,10.1016/j.molliq.2020.113667,38,37,OFF,5,30,0.0536025,14.3158,14.9383,32.8,False
DES_MP,10.1016/j.molliq.2020.113667,38,37,SHR,1,30,0.164308,14.116,16.261,36.9667,False
DES_MP,10.1016/j.molliq.2020.113667,38,37,SHR,2,30,0.0675118,14.3404,15.2483,35.9,False
DES_MP,10.1016/j.molliq.2020.113667,38,37,SHR,3,30,0.0771278,14.4906,15.4933,34.9333,False
DES_MP,10.1016/j.molliq.2020.113667,38,37,SHR,5,30,0.0346815,14.3158,14.7081,32.8,False
DES_MP,10.1016/j.molliq.2020.114745,25,18,OFF,1,30,-0.119435,63.9825,55.9531,23.4,True
DES_MP,10.1016/j.molliq.2020.114745,25,18,OFF,2,30,-0.207259,63.1686,49.7669,22.2,True
DES_MP,10.1016/j.molliq.2020.114745,25,18,OFF,3,30,-0.247982,62.1896,46.333,20.4333,True
DES_MP,10.1016/j.molliq.2020.114745,25,18,OFF,5,30,-0.232109,62.4322,47.0712,17.7667,True
DES_MP,10.1016/j.molliq.2020.114745,25,18,SHR,1,30,-0.209878,63.9825,50.7696,23.4,True
DES_MP,10.1016/j.molliq.2020.114745,25,18,SHR,2,30,-0.245767,63.1686,47.7708,22.2,True
DES_MP,10.1016/j.molliq.2020.114745,25,18,SHR,3,30,-0.279247,62.1896,44.7626,20.4333,True
DES_MP,10.1016/j.molliq.2020.114745,25,18,SHR,5,30,-0.250919,62.4322,46.3488,17.7667,True
DES_MP,10.1016/j.molliq.2021.115838,8,8,OFF,1,30,0.56495,10.1818,14.3829,7,False
DES_MP,10.1016/j.molliq.2021.115838,8,8,OFF,2,30,0.0647057,10.8337,10.8599,6,False
DES_MP,10.1016/j.molliq.2021.115838,8,8,OFF,3,30,0.134584,9.83389,10.0085,5,False
DES_MP,10.1016/j.molliq.2021.115838,8,8,OFF,5,30,0.15488,9.26327,9.22991,3,False
DES_MP,10.1016/j.molliq.2021.115838,8,8,SHR,1,30,0.146081,10.1818,11.2041,7,False
DES_MP,10.1016/j.molliq.2021.115838,8,8,SHR,2,30,-0.0151991,10.8337,10.3421,6,True
DES_MP,10.1016/j.molliq.2021.115838,8,8,SHR,3,30,0.0286021,9.83389,9.41629,5,False
DES_MP,10.1016/j.molliq.2021.115838,8,8,SHR,5,30,0.0607057,9.26327,8.85429,3,False
DES_MP,10.1016/j.molliq.2021.117021,19,19,OFF,1,30,0.195,41.1957,48.4547,18,False
DES_MP,10.1016/j.molliq.2021.117021,19,19,OFF,2,30,0.107123,41.5313,45.573,17,False
DES_MP,10.1016/j.molliq.2021.117021,19,19,OFF,3,30,0.0463385,41.0861,42.2256,16,False
DES_MP,10.1016/j.molliq.2021.117021,19,19,OFF,5,30,-0.0037133,40.937,40.5079,14,True
DES_MP,10.1016/j.molliq.2021.117021,19,19,SHR,1,30,0.0429821,41.1957,42.6967,18,False
DES_MP,10.1016/j.molliq.2021.117021,19,19,SHR,2,30,0.0383553,41.5313,42.8981,17,False
DES_MP,10.1016/j.molliq.2021.117021,19,19,SHR,3,30,0.000656978,41.0861,40.6437,16,False
DES_MP,10.1016/j.molliq.2021.117021,19,19,SHR,5,30,-0.0197398,40.937,39.9629,14,True
DES_MP,10.1016/j.molstruc.2017.11.064,17,17,OFF,1,30,-0.0234531,71.8401,70.0943,16,True
DES_MP,10.1016/j.molstruc.2017.11.064,17,17,OFF,2,30,-0.109335,71.8744,63.9229,15,True
DES_MP,10.1016/j.molstruc.2017.11.064,17,17,OFF,3,30,-0.172445,72.4317,59.8124,14,True
DES_MP,10.1016/j.molstruc.2017.11.064,17,17,OFF,5,30,-0.179866,71.1178,58.0576,12,True
DES_MP,10.1016/j.molstruc.2017.11.064,17,17,SHR,1,30,-0.159899,71.8401,60.5303,16,True
DES_MP,10.1016/j.molstruc.2017.11.064,17,17,SHR,2,30,-0.160614,71.8744,60.4441,15,True
DES_MP,10.1016/j.molstruc.2017.11.064,17,17,SHR,3,30,-0.19558,72.4317,58.3137,14,True
DES_MP,10.1016/j.molstruc.2017.11.064,17,17,SHR,5,30,-0.201361,71.1178,56.666,12,True
DES_MP,10.1016/j.tca.2011.10.010,12,9,OFF,1,30,-0.238149,44.7132,32.7979,10.5,True
DES_MP,10.1016/j.tca.2011.10.010,12,9,OFF,2,30,-0.331788,44.6807,28.6094,9.16667,True
DES_MP,10.1016/j.tca.2011.10.010,12,9,OFF,3,30,-0.349861,41.882,25.6894,7.86667,True
DES_MP,10.1016/j.tca.2011.10.010,12,9,OFF,5,30,-0.287627,36.326,23.466,5.06667,True
DES_MP,10.1016/j.tca.2011.10.010,12,9,SHR,1,30,-0.361036,44.7132,29.1011,10.5,True
DES_MP,10.1016/j.tca.2011.10.010,12,9,SHR,2,30,-0.387201,44.6807,27.5859,9.16667,True
DES_MP,10.1016/j.tca.2011.10.010,12,9,SHR,3,30,-0.43079,41.882,23.6871,7.86667,True
DES_MP,10.1016/j.tca.2011.10.010,12,9,SHR,5,30,-0.396673,36.326,20.9447,5.06667,True
DES_MP,10.1016/j.tca.2012.03.027,21,21,OFF,1,30,-0.233871,86.9682,66.3404,20,True
DES_MP,10.1016/j.tca.2012.03.027,21,21,OFF,2,30,-0.34497,85.946,56.0283,19,True
DES_MP,10.1016/j.tca.2012.03.027,21,21,OFF,3,30,-0.372229,87.0738,54.6137,18,True
DES_MP,10.1016/j.tca.2012.03.027,21,21,OFF,5,30,-0.408411,84.7556,49.6794,16,True
DES_MP,10.1016/j.tca.2012.03.027,21,21,SHR,1,30,-0.289904,86.9682,62.0421,20,True
DES_MP,10.1016/j.tca.2012.03.027,21,21,SHR,2,30,-0.392192,85.946,52.3643,19,True
DES_MP,10.1016/j.tca.2012.03.027,21,21,SHR,3,30,-0.382018,87.0738,54.081,18,True
DES_MP,10.1016/j.tca.2012.03.027,21,21,SHR,5,30,-0.425907,84.7556,48.5259,16,True
DES_MP,10.1016/j.trac.2021.116187,13,13,OFF,1,30,0.287519,55.5904,70.7478,12,False
DES_MP,10.1016/j.trac.2021.116187,13,13,OFF,2,30,0.170611,54.0302,61.8735,11,False
DES_MP,10.1016/j.trac.2021.116187,13,13,OFF,3,30,0.0445964,54.797,56.242,10,False
DES_MP,10.1016/j.trac.2021.116187,13,13,OFF,5,30,-0.0127239,53.9333,51.9791,8,True
DES_MP,10.1016/j.trac.2021.116187,13,13,SHR,1,30,0.0151896,55.5904,56.4331,12,False
DES_MP,10.1016/j.trac.2021.116187,13,13,SHR,2,30,0.0217227,54.0302,54.6113,11,False
DES_MP,10.1016/j.trac.2021.116187,13,13,SHR,3,30,-0.0205179,54.797,53.177,10,True
DES_MP,10.1016/j.trac.2021.116187,13,13,SHR,5,30,-0.0441256,53.9333,50.6879,8,True
DES_MP,10.1016/s0168-3659(97)00153-3,12,12,OFF,1,30,0.194387,23.557,27.9975,11,False
DES_MP,10.1016/s0168-3659(97)00153-3,12,12,OFF,2,30,0.219036,22.9629,27.5077,10,False
DES_MP,10.1016/s0168-3659(97)00153-3,12,12,OFF,3,30,0.164878,23.3325,26.9439,9,False
DES_MP,10.1016/s0168-3659(97)00153-3,12,12,OFF,5,30,0.147972,23.6482,26.9591,7,False
DES_MP,10.1016/s0168-3659(97)00153-3,12,12,SHR,1,30,0.0589877,23.557,24.9078,11,False
DES_MP,10.1016/s0168-3659(97)00153-3,12,12,SHR,2,30,0.125258,22.9629,25.5154,10,False
DES_MP,10.1016/s0168-3659(97)00153-3,12,12,SHR,3,30,0.112736,23.3325,25.7827,9,False
DES_MP,10.1016/s0168-3659(97)00153-3,12,12,SHR,5,30,0.120303,23.6482,26.332,7,False
DES_MP,10.1021/acs.iecr.7b02382,278,139,OFF,1,30,0.256889,19.7101,24.723,276,False
DES_MP,10.1021/acs.iecr.7b02382,278,139,OFF,2,30,0.121066,19.6975,22.0553,274,False
DES_MP,10.1021/acs.iecr.7b02382,278,139,OFF,3,30,0.102661,19.69,21.6935,272,False
DES_MP,10.1021/acs.iecr.7b02382,278,139,OFF,5,30,0.0247593,19.7174,20.1995,268,False
DES_MP,10.1021/acs.iecr.7b02382,278,139,SHR,1,30,0.0642635,19.7101,20.9577,276,False
DES_MP,10.1021/acs.iecr.7b02382,278,139,SHR,2,30,0.030052,19.6975,20.2768,274,False
DES_MP,10.1021/acs.iecr.7b02382,278,139,SHR,3,30,0.0559047,19.69,20.779,272,False
DES_MP,10.1021/acs.iecr.7b02382,278,139,SHR,5,30,0.00826642,19.7174,19.8767,268,False
DES_MP,10.1021/acs.iecr.8b01249,202,101,OFF,1,30,0.0780523,48.0997,51.7937,200,False
DES_MP,10.1021/acs.iecr.8b01249,202,101,OFF,2,30,-0.0901119,48.1572,43.8001,198.067,True
DES_MP,10.1021/acs.iecr.8b01249,202,101,OFF,3,30,-0.0826219,48.0792,44.1188,196.067,True
DES_MP,10.1021/acs.iecr.8b01249,202,101,OFF,5,30,-0.180359,48.0479,39.3751,192.067,True
DES_MP,10.1021/acs.iecr.8b01249,202,101,SHR,1,30,-0.105903,48.0997,43.0177,200,True
DES_MP,10.1021/acs.iecr.8b01249,202,101,SHR,2,30,-0.14101,48.1572,41.3711,198.067,True
DES_MP,10.1021/acs.iecr.8b01249,202,101,SHR,3,30,-0.129784,48.0792,41.8735,196.067,True
DES_MP,10.1021/acs.iecr.8b01249,202,101,SHR,5,30,-0.191852,48.0479,38.8338,192.067,True
DES_MP,10.1021/acs.jpcb.0c01680,22,20,OFF,1,30,0.0173862,29.4518,29.6524,20.8667,False
DES_MP,10.1021/acs.jpcb.0c01680,22,20,OFF,2,30,-0.00675794,29.3787,28.9094,19.7,True
DES_MP,10.1021/acs.jpcb.0c01680,22,20,OFF,3,30,-0.0462438,29.4112,27.6435,18.7,True
DES_MP,10.1021/acs.jpcb.0c01680,22,20,OFF,5,30,-0.0395663,29.017,27.4013,16.5333,True
DES_MP,10.1021/acs.jpcb.0c01680,22,20,SHR,1,30,-0.0730882,29.4518,27.2478,20.8667,True
DES_MP,10.1021/acs.jpcb.0c01680,22,20,SHR,2,30,-0.0806107,29.3787,26.9598,19.7,True
DES_MP,10.1021/acs.jpcb.0c01680,22,20,SHR,3,30,-0.0826464,29.4112,26.8088,18.7,True
DES_MP,10.1021/acs.jpcb.0c01680,22,20,SHR,5,30,-0.0741206,29.017,26.5974,16.5333,True
DES_MP,10.1021/acs.jpcb.0c02386,262,131,OFF,1,30,0.455122,24.4849,35.5054,260,False
DES_MP,10.1021/acs.jpcb.0c02386,262,131,OFF,2,30,0.149467,24.5618,28.2118,258,False
DES_MP,10.1021/acs.jpcb.0c02386,262,131,OFF,3,30,0.149917,24.5707,28.2162,256,False
DES_MP,10.1021/acs.jpcb.0c02386,262,131,OFF,5,30,0.103892,24.4787,26.9972,252.133,False
DES_MP,10.1021/acs.jpcb.0c02386,262,131,SHR,1,30,0.173841,24.4849,28.6923,260,False
DES_MP,10.1021/acs.jpcb.0c02386,262,131,SHR,2,30,0.081333,24.5618,26.5481,258,False
DES_MP,10.1021/acs.jpcb.0c02386,262,131,SHR,3,30,0.0980854,24.5707,26.956,256,False
DES_MP,10.1021/acs.jpcb.0c02386,262,131,SHR,5,30,0.0769018,24.4787,26.343,252.133,False
DES_MP,10.1021/acssuschemeng.0c00559,78,78,OFF,1,30,0.129649,37.5864,42.2954,77,False
DES_MP,10.1021/acssuschemeng.0c00559,78,78,OFF,2,30,-0.0190453,37.6041,36.804,76,True
DES_MP,10.1021/acssuschemeng.0c00559,78,78,OFF,3,30,-0.0805566,37.5349,34.4705,75,True
DES_MP,10.1021/acssuschemeng.0c00559,78,78,OFF,5,30,-0.110962,37.5656,33.3811,73,True
DES_MP,10.1021/acssuschemeng.0c00559,78,78,SHR,1,30,-0.0246402,37.5864,36.6368,77,True
DES_MP,10.1021/acssuschemeng.0c00559,78,78,SHR,2,30,-0.0769277,37.6041,34.6938,76,True
DES_MP,10.1021/acssuschemeng.0c00559,78,78,SHR,3,30,-0.109031,37.5349,33.4418,75,True
DES_MP,10.1021/acssuschemeng.0c00559,78,78,SHR,5,30,-0.126597,37.5656,32.8172,73,True
DES_MP,10.1021/acssuschemeng.0c05518,39,39,OFF,1,30,-0.225129,79.074,61.2324,38,True
DES_MP,10.1021/acssuschemeng.0c05518,39,39,OFF,2,30,-0.252225,79.2209,59.2542,37,True
DES_MP,10.1021/acssuschemeng.0c05518,39,39,OFF,3,30,-0.311343,79.0934,54.5003,36,True
DES_MP,10.1021/acssuschemeng.0c05518,39,39,OFF,5,30,-0.313585,79.1377,54.1622,34,True
DES_MP,10.1021/acssuschemeng.0c05518,39,39,SHR,1,30,-0.250434,79.074,59.3656,38,True
DES_MP,10.1021/acssuschemeng.0c05518,39,39,SHR,2,30,-0.263273,79.2209,58.4913,37,True
DES_MP,10.1021/acssuschemeng.0c05518,39,39,SHR,3,30,-0.319378,79.0934,53.9407,36,True
DES_MP,10.1021/acssuschemeng.0c05518,39,39,SHR,5,30,-0.31827,79.1377,53.9547,34,True
DES_MP,10.1021/acssuschemeng.0c08288,24,24,OFF,1,30,0.353852,24.7952,33.4598,23,False
DES_MP,10.1021/acssuschemeng.0c08288,24,24,OFF,2,30,0.151385,24.9633,28.7175,22,False
DES_MP,10.1021/acssuschemeng.0c08288,24,24,OFF,3,30,0.146015,24.7218,28.2793,21,False
DES_MP,10.1021/acssuschemeng.0c08288,24,24,OFF,5,30,0.132677,24.8431,28.1006,19,False
DES_MP,10.1021/acssuschemeng.0c08288,24,24,SHR,1,30,0.131999,24.7952,28.0219,23,False
DES_MP,10.1021/acssuschemeng.0c08288,24,24,SHR,2,30,0.085806,24.9633,27.0902,22,False
DES_MP,10.1021/acssuschemeng.0c08288,24,24,SHR,3,30,0.100483,24.7218,27.1687,21,False
DES_MP,10.1021/acssuschemeng.0c08288,24,24,SHR,5,30,0.106588,24.8431,27.4587,19,False
DES_MP,10.1021/acssuschemeng.7b04235,18,9,OFF,1,30,-0.0419059,2.13615,2.03444,16,True
DES_MP,10.1021/acssuschemeng.7b04235,18,9,OFF,2,30,-0.122987,2.20838,1.9252,14.1333,True
DES_MP,10.1021/acssuschemeng.7b04235,18,9,OFF,3,30,-0.0701658,2.07262,1.87239,12.1333,True
DES_MP,10.1021/acssuschemeng.7b04235,18,9,OFF,5,30,-0.139414,2.0735,1.66968,9.33333,True
DES_MP,10.1021/acssuschemeng.7b04235,18,9,SHR,1,30,-0.206758,2.13615,1.70168,16,True
DES_MP,10.1021/acssuschemeng.7b04235,18,9,SHR,2,30,-0.16609,2.20838,1.84766,14.1333,True
DES_MP,10.1021/acssuschemeng.7b04235,18,9,SHR,3,30,-0.145566,2.07262,1.74438,12.1333,True
DES_MP,10.1021/acssuschemeng.7b04235,18,9,SHR,5,30,-0.168504,2.0735,1.63612,9.33333,True
DES_MP,10.1021/acssuschemeng.8b01203,137,82,OFF,1,30,-0.222218,12.9303,10.0541,135.2,True
DES_MP,10.1021/acssuschemeng.8b01203,137,82,OFF,2,30,-0.21347,12.9268,10.1493,133.333,True
DES_MP,10.1021/acssuschemeng.8b01203,137,82,OFF,3,30,-0.265288,12.9486,9.51278,131.5,True
DES_MP,10.1021/acssuschemeng.8b01203,137,82,OFF,5,30,-0.291776,13.0126,9.21409,128.133,True
DES_MP,10.1021/acssuschemeng.8b01203,137,82,SHR,1,30,-0.239974,12.9303,9.83278,135.2,True
DES_MP,10.1021/acssuschemeng.8b01203,137,82,SHR,2,30,-0.241796,12.9268,9.80246,133.333,True
DES_MP,10.1021/acssuschemeng.8b01203,137,82,SHR,3,30,-0.27508,12.9486,9.39383,131.5,True
DES_MP,10.1021/acssuschemeng.8b01203,137,82,SHR,5,30,-0.289605,13.0126,9.24772,128.133,True
DES_MP,10.1021/acssuschemeng.8b02042,101,63,OFF,1,30,-0.291187,57.6741,40.8652,99.1,True
DES_MP,10.1021/acssuschemeng.8b02042,101,63,OFF,2,30,-0.387832,57.6914,35.312,97.2333,True
DES_MP,10.1021/acssuschemeng.8b02042,101,63,OFF,3,30,-0.36776,57.5873,36.3623,95.7667,True
DES_MP,10.1021/acssuschemeng.8b02042,101,63,OFF,5,30,-0.428663,57.7194,32.9732,91.5667,True
DES_MP,10.1021/acssuschemeng.8b02042,101,63,SHR,1,30,-0.289239,57.6741,41.0358,99.1,True
DES_MP,10.1021/acssuschemeng.8b02042,101,63,SHR,2,30,-0.37572,57.6914,36.0389,97.2333,True
DES_MP,10.1021/acssuschemeng.8b02042,101,63,SHR,3,30,-0.385302,57.5873,35.4167,95.7667,True
DES_MP,10.1021/acssuschemeng.8b02042,101,63,SHR,5,30,-0.425262,57.7194,33.1912,91.5667,True
DES_MP,10.1021/ef2004943,11,7,OFF,1,30,0.452595,10.1936,14.6715,9.23333,False
DES_MP,10.1021/ef2004943,11,7,OFF,2,30,0.310849,9.92742,12.9104,7.7,False
DES_MP,10.1021/ef2004943,11,7,OFF,3,30,0.162954,9.97514,11.4944,6.2,False
DES_MP,10.1021/ef2004943,11,7,OFF,5,30,0.0854325,9.16277,10.2998,3.6,False
DES_MP,10.1021/ef2004943,11,7,SHR,1,30,0.183359,10.1936,12.0072,9.23333,False
DES_MP,10.1021/ef2004943,11,7,SHR,2,30,0.183044,9.92742,11.6866,7.7,False
DES_MP,10.1021/ef2004943,11,7,SHR,3,30,0.109988,9.97514,10.993,6.2,False
DES_MP,10.1021/ef2004943,11,7,SHR,5,30,0.0640782,9.16277,10.0694,3.6,False
DES_MP,10.1021/ic049931s,22,22,OFF,1,30,0.335152,50.9999,67.2275,21,False
DES_MP,10.1021/ic049931s,22,22,OFF,2,30,0.166561,51.0697,59.3098,20,False
DES_MP,10.1021/ic049931s,22,22,OFF,3,30,0.180378,49.8952,58.1582,19,False
DES_MP,10.1021/ic049931s,22,22,OFF,5,30,0.0725453,49.9928,53.3695,17,False
DES_MP,10.1021/ic049931s,22,22,SHR,1,30,0.105485,50.9999,56.085,21,False
DES_MP,10.1021/ic049931s,22,22,SHR,2,30,0.0727496,51.0697,54.6939,20,False
DES_MP,10.1021/ic049931s,22,22,SHR,3,30,0.10074,49.8952,54.4509,19,False
DES_MP,10.1021/ic049931s,22,22,SHR,5,30,0.0435407,49.9928,52.0125,17,False
DES_MP,10.1021/ie500466g,8,8,OFF,1,30,0.300233,49.1004,63.6441,7,False
DES_MP,10.1021/ie500466g,8,8,OFF,2,30,0.0836153,47.8537,51.046,6,False
DES_MP,10.1021/ie500466g,8,8,OFF,3,30,0.0782817,49.2543,51.4286,5,False
DES_MP,10.1021/ie500466g,8,8,OFF,5,30,0.160651,47.6198,50.0437,3,False
DES_MP,10.1021/ie500466g,8,8,SHR,1,30,0.0851365,49.1004,53.4599,7,False
DES_MP,10.1021/ie500466g,8,8,SHR,2,30,0.0069322,47.8537,47.8493,6,False
DES_MP,10.1021/ie500466g,8,8,SHR,3,30,0.0316766,49.2543,49.7169,5,False
DES_MP,10.1021/ie500466g,8,8,SHR,5,30,0.116505,47.6198,48.8125,3,False
DES_MP,10.1021/ja048266j,36,18,OFF,1,30,0.12352,32.2776,36.0173,34,False
DES_MP,10.1021/ja048266j,36,18,OFF,2,30,-0.0170906,32.163,31.3997,32,True
DES_MP,10.1021/ja048266j,36,18,OFF,3,30,-0.110422,32.2685,28.6054,30.0667,True
DES_MP,10.1021/ja048266j,36,18,OFF,5,30,-0.123067,32.0938,28.1034,26.4667,True
DES_MP,10.1021/ja048266j,36,18,SHR,1,30,-0.0403617,32.2776,30.9918,34,True
DES_MP,10.1021/ja048266j,36,18,SHR,2,30,-0.0923508,32.163,29.1798,32,True
DES_MP,10.1021/ja048266j,36,18,SHR,3,30,-0.13822,32.2685,27.8043,30.0667,True
DES_MP,10.1021/ja048266j,36,18,SHR,5,30,-0.141938,32.0938,27.5596,26.4667,True
DES_MP,10.1021/je060146z,130,65,OFF,1,30,0.236234,8.29462,10.2085,128,False
DES_MP,10.1021/je060146z,130,65,OFF,2,30,0.162574,8.29581,9.60879,126,False
DES_MP,10.1021/je060146z,130,65,OFF,3,30,0.231271,8.24124,10.0615,124,False
DES_MP,10.1021/je060146z,130,65,OFF,5,30,0.126668,8.22783,9.20583,120.067,False
DES_MP,10.1021/je060146z,130,65,SHR,1,30,0.0795336,8.29462,8.93382,128,False
DES_MP,10.1021/je060146z,130,65,SHR,2,30,0.0870622,8.29581,8.99563,126,False
DES_MP,10.1021/je060146z,130,65,SHR,3,30,0.155394,8.24124,9.45938,124,False
DES_MP,10.1021/je060146z,130,65,SHR,5,30,0.0978453,8.22783,8.97973,120.067,False
DES_MP,10.1021/je100104v,50,33,OFF,1,30,0.0124166,67.0589,67.6817,48.3,False
DES_MP,10.1021/je100104v,50,33,OFF,2,30,-0.111892,67.5258,59.9604,46.7333,True
DES_MP,10.1021/je100104v,50,33,OFF,3,30,-0.139894,66.5403,57.0697,44.9333,True
DES_MP,10.1021/je100104v,50,33,OFF,5,30,-0.152861,66.8325,56.5718,42,True
DES_MP,10.1021/je100104v,50,33,SHR,1,30,-0.0756041,67.0589,61.9885,48.3,True
DES_MP,10.1021/je100104v,50,33,SHR,2,30,-0.133848,67.5258,58.534,46.7333,True
DES_MP,10.1021/je100104v,50,33,SHR,3,30,-0.175929,66.5403,54.7868,44.9333,True
DES_MP,10.1021/je100104v,50,33,SHR,5,30,-0.164831,66.8325,55.837,42,True
DES_MP,10.1021/je300997v,42,21,OFF,1,30,0.261412,36.4977,45.8829,40,False
DES_MP,10.1021/je300997v,42,21,OFF,2,30,0.174465,36.5912,42.8628,38,False
DES_MP,10.1021/je300997v,42,21,OFF,3,30,0.0466033,36.1911,37.7591,36.1333,False
DES_MP,10.1021/je300997v,42,21,OFF,5,30,0.0430845,36.4925,37.9138,32.4,False
DES_MP,10.1021/je300997v,42,21,SHR,1,30,0.0311409,36.4977,37.6263,40,False
DES_MP,10.1021/je300997v,42,21,SHR,2,30,0.0759934,36.5912,39.3447,38,False
DES_MP,10.1021/je300997v,42,21,SHR,3,30,0.00731286,36.1911,36.3934,36.1333,False
DES_MP,10.1021/je300997v,42,21,SHR,5,30,0.0170659,36.4925,37.0209,32.4,False
DES_MP,10.1021/je5002126,16,10,OFF,1,30,-0.134493,19.0386,16.4047,14.2,True
DES_MP,10.1021/je5002126,16,10,OFF,2,30,-0.214722,19.3402,15.1651,12.5333,True
DES_MP,10.1021/je5002126,16,10,OFF,3,30,-0.126341,19.3007,16.4631,11.2667,True
DES_MP,10.1021/je5002126,16,10,OFF,5,30,-0.257785,20.159,14.8023,8.16667,True
DES_MP,10.1021/je5002126,16,10,SHR,1,30,-0.217963,19.0386,14.953,14.2,True
DES_MP,10.1021/je5002126,16,10,SHR,2,30,-0.231428,19.3402,14.9234,12.5333,True
DES_MP,10.1021/je5002126,16,10,SHR,3,30,-0.175725,19.3007,15.7595,11.2667,True
DES_MP,10.1021/je5002126,16,10,SHR,5,30,-0.259492,20.159,14.8563,8.16667,True
DES_MP,10.1021/jp412552v,45,45,OFF,1,30,-0.212511,106.429,83.7286,44,True
DES_MP,10.1021/jp412552v,45,45,OFF,2,30,-0.239931,106.279,80.6666,43,True
DES_MP,10.1021/jp412552v,45,45,OFF,3,30,-0.313245,106.985,73.4042,42,True
DES_MP,10.1021/jp412552v,45,45,OFF,5,30,-0.361315,106.304,67.8401,40,True
DES_MP,10.1021/jp412552v,45,45,SHR,1,30,-0.285526,106.429,76.1382,44,True
DES_MP,10.1021/jp412552v,45,45,SHR,2,30,-0.290334,106.279,75.5114,43,True
DES_MP,10.1021/jp412552v,45,45,SHR,3,30,-0.317608,106.985,73.0791,42,True
DES_MP,10.1021/jp412552v,45,45,SHR,5,30,-0.361017,106.304,67.9371,40,True
DES_MP,10.1038/s41598-019-51472-7,12,6,OFF,1,30,0.0874723,14.6343,15.7945,10,False
DES_MP,10.1038/s41598-019-51472-7,12,6,OFF,2,30,0.0700303,14.135,14.7733,8.26667,False
DES_MP,10.1038/s41598-019-51472-7,12,6,OFF,3,30,-0.0386672,13.978,13.0107,6.4,True
DES_MP,10.1038/s41598-019-51472-7,12,6,OFF,5,30,-0.0288179,15.1361,12.4416,3.46667,True
DES_MP,10.1038/s41598-019-51472-7,12,6,SHR,1,30,-0.0910999,14.6343,13.3492,10,True
DES_MP,10.1038/s41598-019-51472-7,12,6,SHR,2,30,-0.0430307,14.135,13.3817,8.26667,True
DES_MP,10.1038/s41598-019-51472-7,12,6,SHR,3,30,-0.084486,13.978,12.5259,6.4,True
DES_MP,10.1038/s41598-019-51472-7,12,6,SHR,5,30,-0.0622254,15.1361,12.5186,3.46667,True
DES_MP,10.1039/b106357j,8,8,OFF,1,30,0.579118,24.4657,36.0317,7,False
DES_MP,10.1039/b106357j,8,8,OFF,2,30,0.302819,24.8637,30.2604,6,False
DES_MP,10.1039/b106357j,8,8,OFF,3,30,0.241183,25.6431,30.1419,5,False
DES_MP,10.1039/b106357j,8,8,OFF,5,30,0.294753,22.3653,26.3937,3,False
DES_MP,10.1039/b106357j,8,8,SHR,1,30,0.249074,24.4657,29.3675,7,False
DES_MP,10.1039/b106357j,8,8,SHR,2,30,0.189145,24.8637,28.2114,6,False
DES_MP,10.1039/b106357j,8,8,SHR,3,30,0.174334,25.6431,28.9081,5,False
DES_MP,10.1039/b106357j,8,8,SHR,5,30,0.247015,22.3653,25.7271,3,False
DES_MP,10.1039/b210714g,22,12,OFF,1,30,0.375902,33.1302,44.5851,20.1,False
DES_MP,10.1039/b210714g,22,12,OFF,2,30,0.242038,33.2298,40.8145,18.2333,False
DES_MP,10.1039/b210714g,22,12,OFF,3,30,0.201299,32.7592,38.7203,16.5333,False
DES_MP,10.1039/b210714g,22,12,OFF,5,30,0.167283,33.2868,37.9989,13.4,False
DES_MP,10.1039/b210714g,22,12,SHR,1,30,0.157491,33.1302,37.9045,20.1,False
DES_MP,10.1039/b210714g,22,12,SHR,2,30,0.148138,33.2298,37.873,18.2333,False
DES_MP,10.1039/b210714g,22,12,SHR,3,30,0.141999,32.7592,36.9603,16.5333,False
DES_MP,10.1039/b210714g,22,12,SHR,5,30,0.138724,33.2868,37.1896,13.4,False
DES_MP,10.1039/c0ob01011a,13,13,OFF,1,30,0.271894,25.5214,32.0231,12,False
DES_MP,10.1039/c0ob01011a,13,13,OFF,2,30,0.184094,24.8938,28.8305,11,False
DES_MP,10.1039/c0ob01011a,13,13,OFF,3,30,0.0807001,25.1563,26.7748,10,False
DES_MP,10.1039/c0ob01011a,13,13,OFF,5,30,0.0159272,24.2431,24.1579,8,False
DES_MP,10.1039/c0ob01011a,13,13,SHR,1,30,0.0736502,25.5214,27.3003,12,False
DES_MP,10.1039/c0ob01011a,13,13,SHR,2,30,0.062162,24.8938,26.1254,11,False
DES_MP,10.1039/c0ob01011a,13,13,SHR,3,30,0.0275786,25.1563,25.621,10,False
DES_MP,10.1039/c0ob01011a,13,13,SHR,5,30,-0.00928926,24.2431,23.6865,8,True
DES_MP,10.1039/c1ra00630d,14,7,OFF,1,30,0.613164,21.9527,32.1338,12,False
DES_MP,10.1039/c1ra00630d,14,7,OFF,2,30,0.661798,21.3822,30.0901,10.1333,False
DES_MP,10.1039/c1ra00630d,14,7,OFF,3,30,0.549549,20.9125,27.1584,8.53333,False
DES_MP,10.1039/c1ra00630d,14,7,OFF,5,30,0.747373,20.7117,26.6594,5.4,False
DES_MP,10.1039/c1ra00630d,14,7,SHR,1,30,0.25334,21.9527,26.13,12,False
DES_MP,10.1039/c1ra00630d,14,7,SHR,2,30,0.426511,21.3822,26.8985,10.1333,False
DES_MP,10.1039/c1ra00630d,14,7,SHR,3,30,0.40725,20.9125,25.4403,8.53333,False
DES_MP,10.1039/c1ra00630d,14,7,SHR,5,30,0.622116,20.7117,25.6455,5.4,False
DES_MP,10.1039/c4cp00057a,8,8,OFF,1,30,0.323529,9.87166,12.9048,7,False
DES_MP,10.1039/c4cp00057a,8,8,OFF,2,30,0.426934,9.50437,13.244,6,False
DES_MP,10.1039/c4cp00057a,8,8,OFF,3,30,0.236901,9.58159,11.7355,5,False
DES_MP,10.1039/c4cp00057a,8,8,OFF,5,30,0.155077,9.71952,11.2221,3,False
DES_MP,10.1039/c4cp00057a,8,8,SHR,1,30,0.135679,9.87166,11.1376,7,False
DES_MP,10.1039/c4cp00057a,8,8,SHR,2,30,0.277257,9.50437,11.925,6,False
DES_MP,10.1039/c4cp00057a,8,8,SHR,3,30,0.176937,9.58159,11.1904,5,False
DES_MP,10.1039/c4cp00057a,8,8,SHR,5,30,0.13196,9.71952,10.9979,3,False
DES_MP,10.1039/c4ra10628h,16,8,OFF,1,30,0.241541,72.4572,89.6667,14,False
DES_MP,10.1039/c4ra10628h,16,8,OFF,2,30,-0.00379218,73.4294,72.5919,12,True
DES_MP,10.1039/c4ra10628h,16,8,OFF,3,30,-0.0253194,73.9429,70.7409,10.2667,True
DES_MP,10.1039/c4ra10628h,16,8,OFF,5,30,0.158342,69.9133,68.5804,7.6,False
DES_MP,10.1039/c4ra10628h,16,8,SHR,1,30,0.0141162,72.4572,73.8786,14,False
DES_MP,10.1039/c4ra10628h,16,8,SHR,2,30,-0.0512326,73.4294,69.5926,12,True
DES_MP,10.1039/c4ra10628h,16,8,SHR,3,30,-0.0598038,73.9429,68.7854,10.2667,True
DES_MP,10.1039/c4ra10628h,16,8,SHR,5,30,0.110619,69.9133,67.2723,7.6,False
DES_MP,10.1039/c9cc04846d,22,11,OFF,1,30,0.822818,32.2492,48.907,20,False
DES_MP,10.1039/c9cc04846d,22,11,OFF,2,30,0.361093,31.6601,38.4922,18.1333,False
DES_MP,10.1039/c9cc04846d,22,11,OFF,3,30,0.164037,35.0701,38.3029,16.2,False
DES_MP,10.1039/c9cc04846d,22,11,OFF,5,30,0.23074,29.9071,34.3047,13.2667,False
DES_MP,10.1039/c9cc04846d,22,11,SHR,1,30,0.381534,32.2492,39.888,20,False
DES_MP,10.1039/c9cc04846d,22,11,SHR,2,30,0.194979,31.6601,35.4956,18.1333,False
DES_MP,10.1039/c9cc04846d,22,11,SHR,3,30,0.106712,35.0701,37.1627,16.2,False
DES_MP,10.1039/c9cc04846d,22,11,SHR,5,30,0.169542,29.9071,33.223,13.2667,False
DES_MP,10.3390/molecules25051077,99,63,OFF,1,30,0.315177,10.3665,13.5492,97.1667,False
DES_MP,10.3390/molecules25051077,99,63,OFF,2,30,0.225979,10.3818,12.7041,95.5333,False
DES_MP,10.3390/molecules25051077,99,63,OFF,3,30,0.180911,10.368,12.1483,93.9,False
DES_MP,10.3390/molecules25051077,99,63,OFF,5,30,0.123782,10.2344,11.4814,90.1667,False
DES_MP,10.3390/molecules25051077,99,63,SHR,1,30,0.121959,10.3665,11.5952,97.1667,False
DES_MP,10.3390/molecules25051077,99,63,SHR,2,30,0.127143,10.3818,11.6883,95.5333,False
DES_MP,10.3390/molecules25051077,99,63,SHR,3,30,0.122664,10.368,11.5722,93.9,False
DES_MP,10.3390/molecules25051077,99,63,SHR,5,30,0.096049,10.2344,11.2024,90.1667,False
DES_MP,10.3390/molecules26144208,8,8,OFF,1,30,0.196174,10.9611,12.3012,7,False
DES_MP,10.3390/molecules26144208,8,8,OFF,2,30,0.241446,10.8451,12.0347,6,False
DES_MP,10.3390/molecules26144208,8,8,OFF,3,30,0.241325,10.7287,11.3697,5,False
DES_MP,10.3390/molecules26144208,8,8,OFF,5,30,0.352343,8.89538,9.56155,3,False
DES_MP,10.3390/molecules26144208,8,8,SHR,1,30,0.0375113,10.9611,11.0766,7,False
DES_MP,10.3390/molecules26144208,8,8,SHR,2,30,0.115094,10.8451,11.2925,6,False
DES_MP,10.3390/molecules26144208,8,8,SHR,3,30,0.146046,10.7287,10.9309,5,False
DES_MP,10.3390/molecules26144208,8,8,SHR,5,30,0.264598,8.89538,9.22896,3,False
DES_MP,10.3390/pr9050796,21,21,OFF,1,30,0.358516,8.1552,11.0031,20,False
DES_MP,10.3390/pr9050796,21,21,OFF,2,30,0.23725,8.16566,10.0517,19,False
DES_MP,10.3390/pr9050796,21,21,OFF,3,30,0.138377,8.10815,9.22075,18,False
DES_MP,10.3390/pr9050796,21,21,OFF,5,30,0.116471,8.04228,8.94479,16,False
DES_MP,10.3390/pr9050796,21,21,SHR,1,30,0.131722,8.1552,9.19638,20,False
DES_MP,10.3390/pr9050796,21,21,SHR,2,30,0.123874,8.16566,9.14717,19,False
DES_MP,10.3390/pr9050796,21,21,SHR,3,30,0.0847864,8.10815,8.78772,18,False
DES_MP,10.3390/pr9050796,21,21,SHR,5,30,0.0882896,8.04228,8.7238,16,False
DES_MP,10.3923/jas.2010.3349.3354,8,4,OFF,1,30,-0.226333,36.6583,26.7376,6,True
DES_MP,10.3923/jas.2010.3349.3354,8,4,OFF,2,30,-0.27652,35.5062,23.0728,4.4,True
DES_MP,10.3923/jas.2010.3349.3354,8,4,OFF,3,30,-0.236466,30.9162,17.563,2.53333,True
DES_MP,10.3923/jas.2010.3349.3354,8,4,OFF,5,21,-0.168568,30.8519,17.5808,2,True
DES_MP,10.3923/jas.2010.3349.3354,8,4,SHR,1,30,-0.331231,36.6583,25.2605,6,True
DES_MP,10.3923/jas.2010.3349.3354,8,4,SHR,2,30,-0.378214,35.5062,21.8878,4.4,True
DES_MP,10.3923/jas.2010.3349.3354,8,4,SHR,3,30,-0.389456,30.9162,16.3535,2.53333,True
DES_MP,10.3923/jas.2010.3349.3354,8,4,SHR,5,21,-0.2909,30.8519,16.8919,2,True
IL_CELL,Baek et al. / Journal of Molecular Liquids 234 (2017) 111â€“116,12,12,OFF,1,30,0.110745,5.29691,5.46582,11,False
IL_CELL,Baek et al. / Journal of Molecular Liquids 234 (2017) 111â€“116,12,12,OFF,2,30,-0.1057,5.42583,4.67436,10,True
IL_CELL,Baek et al. / Journal of Molecular Liquids 234 (2017) 111â€“116,12,12,OFF,3,30,-0.164228,5.14924,4.18066,9,True
IL_CELL,Baek et al. / Journal of Molecular Liquids 234 (2017) 111â€“116,12,12,OFF,5,30,-0.28881,5.58083,3.97029,7,True
IL_CELL,Baek et al. / Journal of Molecular Liquids 234 (2017) 111â€“116,12,12,SHR,1,30,-0.180012,5.29691,4.39542,11,True
IL_CELL,Baek et al. / Journal of Molecular Liquids 234 (2017) 111â€“116,12,12,SHR,2,30,-0.202849,5.42583,4.36012,10,True
IL_CELL,Baek et al. / Journal of Molecular Liquids 234 (2017) 111â€“116,12,12,SHR,3,30,-0.275323,5.14924,3.79434,9,True
IL_CELL,Baek et al. / Journal of Molecular Liquids 234 (2017) 111â€“116,12,12,SHR,5,30,-0.292911,5.58083,4.04189,7,True
IL_CELL,"Biotechnology and Bioengineering, Vol. 112, No. 1, January, 2015",21,20,OFF,1,30,-0.276093,0.890168,0.64526,19.8667,True
IL_CELL,"Biotechnology and Bioengineering, Vol. 112, No. 1, January, 2015",21,20,OFF,2,30,-0.358258,0.883836,0.565617,18.9,True
IL_CELL,"Biotechnology and Bioengineering, Vol. 112, No. 1, January, 2015",21,20,OFF,3,30,-0.426022,0.896115,0.51462,17.6333,True
IL_CELL,"Biotechnology and Bioengineering, Vol. 112, No. 1, January, 2015",21,20,OFF,5,30,-0.419034,0.88343,0.509661,15.7,True
IL_CELL,"Biotechnology and Bioengineering, Vol. 112, No. 1, January, 2015",21,20,SHR,1,30,-0.209607,0.890168,0.706392,19.8667,True
IL_CELL,"Biotechnology and Bioengineering, Vol. 112, No. 1, January, 2015",21,20,SHR,2,30,-0.333361,0.883836,0.592163,18.9,True
IL_CELL,"Biotechnology and Bioengineering, Vol. 112, No. 1, January, 2015",21,20,SHR,3,30,-0.35998,0.896115,0.576473,17.6333,True
IL_CELL,"Biotechnology and Bioengineering, Vol. 112, No. 1, January, 2015",21,20,SHR,5,30,-0.413223,0.88343,0.52048,15.7,True
IL_CELL,Carbohydrate Polymers 229 (2020) 115594,11,11,OFF,1,30,0.119812,6.09846,6.69811,10,False
IL_CELL,Carbohydrate Polymers 229 (2020) 115594,11,11,OFF,2,30,0.0162842,6.07588,6.16296,9,False
IL_CELL,Carbohydrate Polymers 229 (2020) 115594,11,11,OFF,3,30,0.112242,5.77032,5.80179,8,False
IL_CELL,Carbohydrate Polymers 229 (2020) 115594,11,11,OFF,5,30,0.166543,5.82718,6.02312,6,False
IL_CELL,Carbohydrate Polymers 229 (2020) 115594,11,11,SHR,1,30,-0.0169114,6.09846,6.00098,10,True
IL_CELL,Carbohydrate Polymers 229 (2020) 115594,11,11,SHR,2,30,-0.0533671,6.07588,5.78697,9,True
IL_CELL,Carbohydrate Polymers 229 (2020) 115594,11,11,SHR,3,30,-0.00943426,5.77032,5.41871,8,True
IL_CELL,Carbohydrate Polymers 229 (2020) 115594,11,11,SHR,5,30,0.0557761,5.82718,5.72973,6,False
IL_CELL,"ChemSusChem 2012, 5, 388 â€“ 391",28,28,OFF,1,30,0.284477,3.42291,4.34879,27,False
IL_CELL,"ChemSusChem 2012, 5, 388 â€“ 391",28,28,OFF,2,30,0.159406,3.44516,3.96684,26,False
IL_CELL,"ChemSusChem 2012, 5, 388 â€“ 391",28,28,OFF,3,30,0.102871,3.41618,3.74896,25,False
IL_CELL,"ChemSusChem 2012, 5, 388 â€“ 391",28,28,OFF,5,30,0.0517118,3.44614,3.62203,23,False
IL_CELL,"ChemSusChem 2012, 5, 388 â€“ 391",28,28,SHR,1,30,0.027203,3.42291,3.50989,27,False
IL_CELL,"ChemSusChem 2012, 5, 388 â€“ 391",28,28,SHR,2,30,0.0313819,3.44516,3.54757,26,False
IL_CELL,"ChemSusChem 2012, 5, 388 â€“ 391",28,28,SHR,3,30,0.0240056,3.41618,3.49351,25,False
IL_CELL,"ChemSusChem 2012, 5, 388 â€“ 391",28,28,SHR,5,30,0.0167709,3.44614,3.50465,23,False
IL_CELL,European Polymer Journal 92 (2017) 204â€“212,8,7,OFF,1,30,0.0675292,3.3717,3.5204,6.73333,False
IL_CELL,European Polymer Journal 92 (2017) 204â€“212,8,7,OFF,2,30,-0.00476775,3.24853,3.12256,5.66667,True
IL_CELL,European Polymer Journal 92 (2017) 204â€“212,8,7,OFF,3,30,-0.064063,3.48898,3.0813,4.4,True
IL_CELL,European Polymer Journal 92 (2017) 204â€“212,8,7,OFF,5,30,-0.270934,3.40585,2.35533,2.46667,True
IL_CELL,European Polymer Journal 92 (2017) 204â€“212,8,7,SHR,1,30,-0.0700299,3.3717,3.15476,6.73333,True
IL_CELL,European Polymer Journal 92 (2017) 204â€“212,8,7,SHR,2,30,-0.124077,3.24853,2.85883,5.66667,True
IL_CELL,European Polymer Journal 92 (2017) 204â€“212,8,7,SHR,3,30,-0.124482,3.48898,3.01871,4.4,True
IL_CELL,European Polymer Journal 92 (2017) 204â€“212,8,7,SHR,5,30,-0.241636,3.40585,2.54108,2.46667,True
IL_CELL,"Green Chem., 2008, 10, 696â€“705",31,31,OFF,1,30,0.0532679,4.59644,4.82359,30,False
IL_CELL,"Green Chem., 2008, 10, 696â€“705",31,31,OFF,2,30,-0.0816673,4.55792,4.16586,29,True
IL_CELL,"Green Chem., 2008, 10, 696â€“705",31,31,OFF,3,30,-0.162962,4.66559,3.90714,28,True
IL_CELL,"Green Chem., 2008, 10, 696â€“705",31,31,OFF,5,30,-0.191548,4.61434,3.72226,26,True
IL_CELL,"Green Chem., 2008, 10, 696â€“705",31,31,SHR,1,30,-0.121818,4.59644,4.04355,30,True
IL_CELL,"Green Chem., 2008, 10, 696â€“705",31,31,SHR,2,30,-0.174466,4.55792,3.77046,29,True
IL_CELL,"Green Chem., 2008, 10, 696â€“705",31,31,SHR,3,30,-0.156718,4.66559,3.94227,28,True
IL_CELL,"Green Chem., 2008, 10, 696â€“705",31,31,SHR,5,30,-0.202391,4.61434,3.68655,26,True
IL_CELL,"Green Chem., 2009,11, 417-424",33,33,OFF,1,30,0.256456,4.80815,6.00426,32,False
IL_CELL,"Green Chem., 2009,11, 417-424",33,33,OFF,2,30,0.043993,4.84935,5.04292,31,False
IL_CELL,"Green Chem., 2009,11, 417-424",33,33,OFF,3,30,0.0628892,4.8072,5.0996,30,False
IL_CELL,"Green Chem., 2009,11, 417-424",33,33,OFF,5,30,-0.0329272,4.81256,4.64854,28,True
IL_CELL,"Green Chem., 2009,11, 417-424",33,33,SHR,1,30,-0.0303516,4.80815,4.65359,32,True
IL_CELL,"Green Chem., 2009,11, 417-424",33,33,SHR,2,30,-0.0399912,4.84935,4.64882,31,True
IL_CELL,"Green Chem., 2009,11, 417-424",33,33,SHR,3,30,-0.0122991,4.8072,4.74182,30,True
IL_CELL,"Green Chem., 2009,11, 417-424",33,33,SHR,5,30,-0.0663217,4.81256,4.48923,28,True
IL_CELL,"Green Chem., 2010, 12, 268â€“275",32,8,OFF,1,30,0.138033,4.43867,4.95666,28,False
IL_CELL,"Green Chem., 2010, 12, 268â€“275",32,8,OFF,2,30,-0.0149915,4.44829,4.28947,24.2667,True
IL_CELL,"Green Chem., 2010, 12, 268â€“275",32,8,OFF,3,30,-0.128443,4.47525,3.87726,20.6667,True
IL_CELL,"Green Chem., 2010, 12, 268â€“275",32,8,OFF,5,30,-0.113067,4.34111,3.76307,16,True
IL_CELL,"Green Chem., 2010, 12, 268â€“275",32,8,SHR,1,30,-0.0981962,4.43867,4.02159,28,True
IL_CELL,"Green Chem., 2010, 12, 268â€“275",32,8,SHR,2,30,-0.120954,4.44829,3.91966,24.2667,True
IL_CELL,"Green Chem., 2010, 12, 268â€“275",32,8,SHR,3,30,-0.149517,4.47525,3.82193,20.6667,True
IL_CELL,"Green Chem., 2010, 12, 268â€“275",32,8,SHR,5,30,-0.17145,4.34111,3.57925,16,True
IL_CELL,"Green Chem., 2012, 14, 304â€“307",15,15,OFF,1,30,-0.600129,0.43884,0.175622,14,True
IL_CELL,"Green Chem., 2012, 14, 304â€“307",15,15,OFF,2,30,-0.612185,0.438936,0.170256,13,True
IL_CELL,"Green Chem., 2012, 14, 304â€“307",15,15,OFF,3,30,-0.621635,0.437844,0.16566,12,True
IL_CELL,"Green Chem., 2012, 14, 304â€“307",15,15,OFF,5,30,-0.674954,0.440107,0.142798,10,True
IL_CELL,"Green Chem., 2012, 14, 304â€“307",15,15,SHR,1,30,-0.300938,0.43884,0.307329,14,True
IL_CELL,"Green Chem., 2012, 14, 304â€“307",15,15,SHR,2,30,-0.432477,0.438936,0.250239,13,True
IL_CELL,"Green Chem., 2012, 14, 304â€“307",15,15,SHR,3,30,-0.511904,0.437844,0.215075,12,True
IL_CELL,"Green Chem., 2012, 14, 304â€“307",15,15,SHR,5,30,-0.583167,0.440107,0.184252,10,True
IL_CELL,"Green Chem., 2014, 16,1326",117,13,OFF,1,30,0.303709,6.81654,8.86155,108,False
IL_CELL,"Green Chem., 2014, 16,1326",117,13,OFF,2,30,0.196475,6.76307,8.07135,99.6,False
IL_CELL,"Green Chem., 2014, 16,1326",117,13,OFF,3,30,0.017698,6.81313,6.93581,92.1,False
IL_CELL,"Green Chem., 2014, 16,1326",117,13,OFF,5,30,0.0287295,6.81587,7.0116,78.9,False
IL_CELL,"Green Chem., 2014, 16,1326",117,13,SHR,1,30,0.0202571,6.81654,6.94642,108,False
IL_CELL,"Green Chem., 2014, 16,1326",117,13,SHR,2,30,0.0500429,6.76307,7.09103,99.6,False
IL_CELL,"Green Chem., 2014, 16,1326",117,13,SHR,3,30,-0.0299208,6.81313,6.60997,92.1,True
IL_CELL,"Green Chem., 2014, 16,1326",117,13,SHR,5,30,-0.00192014,6.81587,6.80339,78.9,True
IL_CELL,I. GrÃ¸ssereid et al. / Journal of Molecular Liquids 292 (2019) 111353,16,16,OFF,1,30,-0.485678,10.3572,5.31018,15,True
IL_CELL,I. GrÃ¸ssereid et al. / Journal of Molecular Liquids 292 (2019) 111353,16,16,OFF,2,30,-0.559434,10.3202,4.52934,14,True
IL_CELL,I. GrÃ¸ssereid et al. / Journal of Molecular Liquids 292 (2019) 111353,16,16,OFF,3,30,-0.603477,10.2842,4.05562,13,True
IL_CELL,I. GrÃ¸ssereid et al. / Journal of Molecular Liquids 292 (2019) 111353,16,16,OFF,5,30,-0.620373,10.2889,3.88723,11,True
IL_CELL,I. GrÃ¸ssereid et al. / Journal of Molecular Liquids 292 (2019) 111353,16,16,SHR,1,30,-0.274722,10.3572,7.53992,15,True
IL_CELL,I. GrÃ¸ssereid et al. / Journal of Molecular Liquids 292 (2019) 111353,16,16,SHR,2,30,-0.413792,10.3202,6.08989,14,True
IL_CELL,I. GrÃ¸ssereid et al. / Journal of Molecular Liquids 292 (2019) 111353,16,16,SHR,3,30,-0.489793,10.2842,5.28405,13,True
IL_CELL,I. GrÃ¸ssereid et al. / Journal of Molecular Liquids 292 (2019) 111353,16,16,SHR,5,30,-0.556751,10.2889,4.60225,11,True
IL_CELL,"Ind. Eng. Chem. Res. 2010, 49, 11809â€“11813",8,8,OFF,1,30,-0.708324,7.69231,2.2261,7,True
IL_CELL,"Ind. Eng. Chem. Res. 2010, 49, 11809â€“11813",8,8,OFF,2,30,-0.751245,7.62658,1.88907,6,True
IL_CELL,"Ind. Eng. Chem. Res. 2010, 49, 11809â€“11813",8,8,OFF,3,30,-0.766294,7.65427,1.78127,5,True
IL_CELL,"Ind. Eng. Chem. Res. 2010, 49, 11809â€“11813",8,8,OFF,5,30,-0.774609,7.65334,1.71219,3,True
IL_CELL,"Ind. Eng. Chem. Res. 2010, 49, 11809â€“11813",8,8,SHR,1,30,-0.319426,7.69231,5.25352,7,True
IL_CELL,"Ind. Eng. Chem. Res. 2010, 49, 11809â€“11813",8,8,SHR,2,30,-0.490284,7.62658,3.91573,6,True
IL_CELL,"Ind. Eng. Chem. Res. 2010, 49, 11809â€“11813",8,8,SHR,3,30,-0.57642,7.65427,3.28995,5,True
IL_CELL,"Ind. Eng. Chem. Res. 2010, 49, 11809â€“11813",8,8,SHR,5,30,-0.684772,7.65334,2.50096,3,True
IL_CELL,"Macromolecules 2018, 51, 4158âˆ’4166",84,19,OFF,1,30,0.514142,7.83391,11.7978,78.8667,False
IL_CELL,"Macromolecules 2018, 51, 4158âˆ’4166",84,19,OFF,2,30,0.227325,7.90245,9.6516,73.9,False
IL_CELL,"Macromolecules 2018, 51, 4158âˆ’4166",84,19,OFF,3,30,0.164521,7.86759,9.1402,69.8667,False
IL_CELL,"Macromolecules 2018, 51, 4158âˆ’4166",84,19,OFF,5,30,0.122176,7.95324,8.92328,60.5667,False
IL_CELL,"Macromolecules 2018, 51, 4158âˆ’4166",84,19,SHR,1,30,0.114236,7.83391,8.71389,78.8667,False
IL_CELL,"Macromolecules 2018, 51, 4158âˆ’4166",84,19,SHR,2,30,0.0908945,7.90245,8.60064,73.9,False
IL_CELL,"Macromolecules 2018, 51, 4158âˆ’4166",84,19,SHR,3,30,0.0853608,7.86759,8.5282,69.8667,False
IL_CELL,"Macromolecules 2018, 51, 4158âˆ’4166",84,19,SHR,5,30,0.0802823,7.95324,8.59068,60.5667,False
IL_CELL,"Macromolecules 2020, 53, 3284âˆ’3295",59,21,OFF,1,30,-0.140239,9.12345,7.8084,56.0667,True
IL_CELL,"Macromolecules 2020, 53, 3284âˆ’3295",59,21,OFF,2,30,-0.190308,9.10207,7.35803,53.4,True
IL_CELL,"Macromolecules 2020, 53, 3284âˆ’3295",59,21,OFF,3,30,-0.268855,9.21816,6.73087,50.7333,True
IL_CELL,"Macromolecules 2020, 53, 3284âˆ’3295",59,21,OFF,5,30,-0.277519,9.03194,6.50032,44.9,True
IL_CELL,"Macromolecules 2020, 53, 3284âˆ’3295",59,21,SHR,1,30,-0.177421,9.12345,7.52435,56.0667,True
IL_CELL,"Macromolecules 2020, 53, 3284âˆ’3295",59,21,SHR,2,30,-0.197273,9.10207,7.33783,53.4,True
IL_CELL,"Macromolecules 2020, 53, 3284âˆ’3295",59,21,SHR,3,30,-0.22925,9.21816,7.12042,50.7333,True
IL_CELL,"Macromolecules 2020, 53, 3284âˆ’3295",59,21,SHR,5,30,-0.29309,9.03194,6.40395,44.9,True
IL_CELL,"Phys. Chem. Chem. Phys., 2015, 17, 32276--32282",10,8,OFF,1,30,-0.89467,2.84196,0.298801,8.66667,True
IL_CELL,"Phys. Chem. Chem. Phys., 2015, 17, 32276--32282",10,8,OFF,2,30,-0.907356,2.80798,0.259415,7.2,True
IL_CELL,"Phys. Chem. Chem. Phys., 2015, 17, 32276--32282",10,8,OFF,3,30,-0.908695,2.81429,0.256297,6.2,True
IL_CELL,"Phys. Chem. Chem. Phys., 2015, 17, 32276--32282",10,8,OFF,5,30,-0.923419,2.73528,0.209543,3.63333,True
IL_CELL,"Phys. Chem. Chem. Phys., 2015, 17, 32276--32282",10,8,SHR,1,30,-0.336705,2.84196,1.88609,8.66667,True
IL_CELL,"Phys. Chem. Chem. Phys., 2015, 17, 32276--32282",10,8,SHR,2,30,-0.519521,2.80798,1.35089,7.2,True
IL_CELL,"Phys. Chem. Chem. Phys., 2015, 17, 32276--32282",10,8,SHR,3,30,-0.610246,2.81429,1.1003,6.2,True
IL_CELL,"Phys. Chem. Chem. Phys., 2015, 17, 32276--32282",10,8,SHR,5,30,-0.749841,2.73528,0.687559,3.63333,True
IL_CELL,"RSC Adv., 2012, 2, 2476â€“2479",45,15,OFF,1,30,0.469909,5.06504,7.41891,42,False
IL_CELL,"RSC Adv., 2012, 2, 2476â€“2479",45,15,OFF,2,30,0.211548,5.09225,6.16079,39.2,False
IL_CELL,"RSC Adv., 2012, 2, 2476â€“2479",45,15,OFF,3,30,0.168871,5.01038,5.85032,36.2,False
IL_CELL,"RSC Adv., 2012, 2, 2476â€“2479",45,15,OFF,5,30,0.185589,5.13396,6.08083,31.4,False
IL_CELL,"RSC Adv., 2012, 2, 2476â€“2479",45,15,SHR,1,30,0.0794281,5.06504,5.46211,42,False
IL_CELL,"RSC Adv., 2012, 2, 2476â€“2479",45,15,SHR,2,30,0.0707329,5.09225,5.44899,39.2,False
IL_CELL,"RSC Adv., 2012, 2, 2476â€“2479",45,15,SHR,3,30,0.0795928,5.01038,5.40599,36.2,False
IL_CELL,"RSC Adv., 2012, 2, 2476â€“2479",45,15,SHR,5,30,0.114086,5.13396,5.71564,31.4,False
IL_CELL,"RSC Adv., 2012, 2, 8429â€“8438",19,19,OFF,1,30,0.174043,3.29723,3.83827,18,False
IL_CELL,"RSC Adv., 2012, 2, 8429â€“8438",19,19,OFF,2,30,0.028962,3.3172,3.40603,17,False
IL_CELL,"RSC Adv., 2012, 2, 8429â€“8438",19,19,OFF,3,30,0.00800363,3.26298,3.22755,16,False
IL_CELL,"RSC Adv., 2012, 2, 8429â€“8438",19,19,OFF,5,30,-0.0786058,3.20318,2.92934,14,True
IL_CELL,"RSC Adv., 2012, 2, 8429â€“8438",19,19,SHR,1,30,-0.0385862,3.29723,3.17567,18,True
IL_CELL,"RSC Adv., 2012, 2, 8429â€“8438",19,19,SHR,2,30,-0.0572573,3.3172,3.13722,17,True
IL_CELL,"RSC Adv., 2012, 2, 8429â€“8438",19,19,SHR,3,30,-0.0749937,3.26298,3.00726,16,True
IL_CELL,"RSC Adv., 2012, 2, 8429â€“8438",19,19,SHR,5,30,-0.112823,3.20318,2.83876,14,True
IL_CELL,"Sci China Chem, 2016, 59: 1421â€“1429",13,13,OFF,1,30,0.169288,6.43111,7.32499,12,False
IL_CELL,"Sci China Chem, 2016, 59: 1421â€“1429",13,13,OFF,2,30,0.103777,6.31123,6.72613,11,False
IL_CELL,"Sci China Chem, 2016, 59: 1421â€“1429",13,13,OFF,3,30,0.0144302,6.60633,6.65841,10,False
IL_CELL,"Sci China Chem, 2016, 59: 1421â€“1429",13,13,OFF,5,30,0.0910599,6.42967,6.66592,8,False
IL_CELL,"Sci China Chem, 2016, 59: 1421â€“1429",13,13,SHR,1,30,-0.0137095,6.43111,6.32069,12,True
IL_CELL,"Sci China Chem, 2016, 59: 1421â€“1429",13,13,SHR,2,30,-0.0200278,6.31123,6.16798,11,True
IL_CELL,"Sci China Chem, 2016, 59: 1421â€“1429",13,13,SHR,3,30,-0.0245723,6.60633,6.45175,10,True
IL_CELL,"Sci China Chem, 2016, 59: 1421â€“1429",13,13,SHR,5,30,0.0158629,6.42967,6.36565,8,False
IL_CELL,Y. Zhang et al. / Carbohydrate Polymers 117 (2015) 666â€“672,49,7,OFF,1,30,0.215274,6.7793,8.20015,42,False
IL_CELL,Y. Zhang et al. / Carbohydrate Polymers 117 (2015) 666â€“672,49,7,OFF,2,30,0.0992398,6.76246,7.42469,35.9333,False
IL_CELL,Y. Zhang et al. / Carbohydrate Polymers 117 (2015) 666â€“672,49,7,OFF,3,30,0.0316814,6.70219,6.85685,30.5667,False
IL_CELL,Y. Zhang et al. / Carbohydrate Polymers 117 (2015) 666â€“672,49,7,OFF,5,30,-0.0156952,6.85887,6.70679,23.1,True
IL_CELL,Y. Zhang et al. / Carbohydrate Polymers 117 (2015) 666â€“672,49,7,SHR,1,30,-0.00708817,6.7793,6.72762,42,True
IL_CELL,Y. Zhang et al. / Carbohydrate Polymers 117 (2015) 666â€“672,49,7,SHR,2,30,-0.0201415,6.76246,6.6408,35.9333,True
IL_CELL,Y. Zhang et al. / Carbohydrate Polymers 117 (2015) 666â€“672,49,7,SHR,3,30,-0.0395035,6.70219,6.42357,30.5667,True
IL_CELL,Y. Zhang et al. / Carbohydrate Polymers 117 (2015) 666â€“672,49,7,SHR,5,30,-0.0408662,6.85887,6.55172,23.1,True
DYE,Lab,70,70,OFF,1,30,0.241157,31.413,38.941,69,False
DYE,Lab,70,70,OFF,2,30,0.0235232,31.4066,32.1545,68,False
DYE,Lab,70,70,OFF,3,30,-0.0156465,31.5055,30.9854,67,True
DYE,Lab,70,70,OFF,5,30,-0.0232224,31.2745,30.5336,65,True
DYE,Lab,70,70,SHR,1,30,0.0449233,31.413,32.822,69,False
DYE,Lab,70,70,SHR,2,30,-0.0291484,31.4066,30.5095,68,True
DYE,Lab,70,70,SHR,3,30,-0.0476193,31.5055,29.9951,67,True
DYE,Lab,70,70,SHR,5,30,-0.0487493,31.2745,29.7493,65,True
DYE,[11],9,9,OFF,1,30,0.414692,22.4306,31.3042,8,False
DYE,[11],9,9,OFF,2,30,0.258666,22.4719,28.001,7,False
DYE,[11],9,9,OFF,3,30,0.169124,22.0957,25.6876,6,False
DYE,[11],9,9,OFF,5,30,0.174251,21.5093,24.967,4,False
DYE,[11],9,9,SHR,1,30,0.119305,22.4306,24.9645,8,False
DYE,[11],9,9,SHR,2,30,0.130549,22.4719,25.243,7,False
DYE,[11],9,9,SHR,3,30,0.106031,22.0957,24.34,6,False
DYE,[11],9,9,SHR,5,30,0.135195,21.5093,24.186,4,False
DYE,[5],10,10,OFF,1,30,-0.806432,38.6374,7.48719,9,True
DYE,[5],10,10,OFF,2,30,-0.808429,38.9039,7.46221,8,True
DYE,[5],10,10,OFF,3,30,-0.826231,38.3229,6.63279,7,True
DYE,[5],10,10,OFF,5,30,-0.830533,38.2368,6.44096,5,True
DYE,[5],10,10,SHR,1,30,-0.324858,38.6374,26.1093,9,True
DYE,[5],10,10,SHR,2,30,-0.467464,38.9039,20.7809,8,True
DYE,[5],10,10,SHR,3,30,-0.593733,38.3229,15.6317,7,True
DYE,[5],10,10,SHR,5,30,-0.696765,38.2368,11.7133,5,True
DYE,[9],11,11,OFF,1,30,-0.068818,31.3519,29.1932,10,True
DYE,[9],11,11,OFF,2,30,-0.173825,30.7751,25.2181,9,True
DYE,[9],11,11,OFF,3,30,-0.221768,30.7296,23.7966,8,True
DYE,[9],11,11,OFF,5,30,-0.20525,30.8479,23.7705,6,True
DYE,[9],11,11,SHR,1,30,-0.150355,31.3519,26.7941,10,True
DYE,[9],11,11,SHR,2,30,-0.232412,30.7751,23.7171,9,True
DYE,[9],11,11,SHR,3,30,-0.249779,30.7296,23.1466,8,True
DYE,[9],11,11,SHR,5,30,-0.231844,30.8479,23.3986,6,True
