dataset,config,method,k,n_sources,mean,ci_lo,ci_hi,median,frac_improved,note
ES1,main,FAKE,0,33,0,0,0,0,0,
ES1,main,FAKE,1,33,0.780504,0.522647,1.07631,0.397989,0,
ES1,main,FAKE,2,33,0.686371,0.407382,1.01688,0.276502,0,
ES1,main,FAKE,3,33,0.643433,0.408287,0.914498,0.351529,0.030303,
ES1,main,FAKE,5,33,0.577706,0.367481,0.825316,0.292008,0.030303,
ES1,main,FAKE_SHR,0,33,0,0,0,0,0,
ES1,main,FAKE_SHR,1,33,0.309783,0.189163,0.449809,0.152946,0.0909091,
ES1,main,FAKE_SHR,2,33,0.404124,0.220548,0.625885,0.134988,0.0909091,
ES1,main,FAKE_SHR,3,33,0.443028,0.267586,0.647311,0.208163,0.0606061,
ES1,main,FAKE_SHR,5,33,0.460067,0.286317,0.665835,0.215733,0.030303,
ES1,main,OFF,0,33,0,0,0,0,0,
ES1,main,OFF,1,33,-0.156609,-0.310346,-0.0141768,-0.133531,0.575758,
ES1,main,OFF,2,33,-0.26769,-0.395719,-0.148212,-0.202224,0.666667,
ES1,main,OFF,3,33,-0.30032,-0.423316,-0.18561,-0.216016,0.757576,
ES1,main,OFF,5,33,-0.32518,-0.441858,-0.214769,-0.216076,0.848485,
ES1,main,SHR,0,33,0,0,0,0,0,
ES1,main,SHR,1,33,-0.201549,-0.283941,-0.122356,-0.21878,0.757576,
ES1,main,SHR,2,33,-0.270669,-0.363076,-0.179631,-0.231978,0.848485,
ES1,main,SHR,3,33,-0.299151,-0.39665,-0.20294,-0.257722,0.878788,
ES1,main,SHR,5,33,-0.325686,-0.428543,-0.225893,-0.264131,0.878788,
ES2,main,FAKE,0,10,0,0,0,0,0,
ES2,main,FAKE,1,10,0.740252,0.352298,1.14403,0.543489,0.2,
ES2,main,FAKE,2,10,0.650051,0.316604,1.04889,0.583174,0.2,
ES2,main,FAKE,3,10,0.829737,0.363082,1.41968,0.654609,0.1,
ES2,main,FAKE,5,10,1.01241,0.392696,1.77292,0.585551,0.1,
ES2,main,FAKE_SHR,0,10,0,0,0,0,0,
ES2,main,FAKE_SHR,1,10,0.457966,0.204839,0.716613,0.348588,0.2,
ES2,main,FAKE_SHR,2,10,0.497828,0.236112,0.809627,0.444364,0.2,
ES2,main,FAKE_SHR,3,10,0.695164,0.29591,1.1974,0.545457,0.1,
ES2,main,FAKE_SHR,5,10,0.908731,0.344853,1.59818,0.50891,0.1,
ES2,main,OFF,0,10,0,0,0,0,0,
ES2,main,OFF,1,10,-0.211693,-0.470811,0.0231498,-0.168336,0.5,
ES2,main,OFF,2,10,-0.303076,-0.539116,-0.0899941,-0.268832,0.7,
ES2,main,OFF,3,10,-0.344286,-0.561467,-0.147167,-0.317449,0.8,
ES2,main,OFF,5,10,-0.348981,-0.57506,-0.139443,-0.342706,0.7,
ES2,main,SHR,0,10,0,0,0,0,0,
ES2,main,SHR,1,10,-0.264027,-0.467265,-0.0754828,-0.245723,0.7,
ES2,main,SHR,2,10,-0.323584,-0.535104,-0.130574,-0.307472,0.8,
ES2,main,SHR,3,10,-0.347726,-0.549592,-0.163019,-0.329109,0.8,
ES2,main,SHR,5,10,-0.358362,-0.580641,-0.15144,-0.351802,0.8,
DES_RHO,main,FAKE,0,101,0,0,0,0,0,
DES_RHO,main,FAKE,1,101,1.65251,1.20045,2.26625,0.985284,0.019802,
DES_RHO,main,FAKE,2,101,1.29962,1.017,1.6384,0.725022,0.00990099,
DES_RHO,main,FAKE,3,101,1.15684,0.906155,1.44204,0.527126,0.039604,
DES_RHO,main,FAKE,5,101,1.18932,0.948621,1.47247,0.635534,0.039604,
DES_RHO,main,FAKE_SHR,0,101,0,0,0,0,0,
DES_RHO,main,FAKE_SHR,1,101,0.436976,0.296723,0.629408,0.207548,0.0693069,
DES_RHO,main,FAKE_SHR,2,101,0.561238,0.426561,0.721359,0.278283,0.039604,
DES_RHO,main,FAKE_SHR,3,101,0.615453,0.470825,0.776634,0.243965,0.0693069,
DES_RHO,main,FAKE_SHR,5,101,0.790871,0.624248,0.986827,0.388394,0.049505,
DES_RHO,main,OFF,0,101,0,0,0,0,0,
DES_RHO,main,OFF,1,101,0.24152,0.167618,0.310874,0.255562,0.138614,
DES_RHO,main,OFF,2,101,0.127362,0.0602402,0.192181,0.165527,0.207921,
DES_RHO,main,OFF,3,101,0.0870613,0.0227222,0.145364,0.110917,0.217822,
DES_RHO,main,OFF,5,101,0.0683611,-0.00258116,0.139418,0.0804823,0.287129,
DES_RHO,main,SHR,0,101,0,0,0,0,0,
DES_RHO,main,SHR,1,101,0.00733707,-0.0185838,0.0325598,0.0276502,0.346535,
DES_RHO,main,SHR,2,101,-0.00159707,-0.0362486,0.0312356,0.0305507,0.386139,
DES_RHO,main,SHR,3,101,-0.00373531,-0.0448652,0.0321915,0.0317458,0.346535,
DES_RHO,main,SHR,5,101,0.00313644,-0.0490575,0.0536587,0.0274623,0.356436,
DES_ETA,main,FAKE,0,79,0,0,0,0,0,
DES_ETA,main,FAKE,1,79,1.10111,0.78636,1.46225,0.504748,0.0126582,
DES_ETA,main,FAKE,2,79,1.12387,0.779649,1.49871,0.546202,0.0506329,
DES_ETA,main,FAKE,3,79,1.10398,0.768841,1.46456,0.541785,0.0379747,
DES_ETA,main,FAKE,5,79,1.06075,0.726239,1.45622,0.392945,0.0379747,
DES_ETA,main,FAKE_SHR,0,79,0,0,0,0,0,
DES_ETA,main,FAKE_SHR,1,79,0.606261,0.420059,0.825456,0.247214,0.0126582,
DES_ETA,main,FAKE_SHR,2,79,0.808505,0.551149,1.08669,0.385445,0.0506329,
DES_ETA,main,FAKE_SHR,3,79,0.880769,0.607946,1.1767,0.418507,0.0632911,
DES_ETA,main,FAKE_SHR,5,79,0.920528,0.624357,1.27016,0.333404,0.0379747,
DES_ETA,main,OFF,0,79,0,0,0,0,0,
DES_ETA,main,OFF,1,79,0.00768891,-0.0721002,0.0881794,0.0552935,0.392405,
DES_ETA,main,OFF,2,79,-0.107405,-0.176249,-0.0380328,-0.04688,0.506329,
DES_ETA,main,OFF,3,79,-0.149243,-0.215211,-0.0828936,-0.0869752,0.582278,
DES_ETA,main,OFF,5,79,-0.185845,-0.249822,-0.122796,-0.118525,0.683544,
DES_ETA,main,SHR,0,79,0,0,0,0,0,
DES_ETA,main,SHR,1,79,-0.0969855,-0.153499,-0.0412129,-0.0310658,0.531646,
DES_ETA,main,SHR,2,79,-0.144091,-0.203627,-0.0838736,-0.0752456,0.56962,
DES_ETA,main,SHR,3,79,-0.170635,-0.231317,-0.109134,-0.108569,0.64557,
DES_ETA,main,SHR,5,79,-0.195614,-0.256996,-0.134672,-0.127441,0.683544,
DES_MP,main,FAKE,0,71,0,0,0,0,0,
DES_MP,main,FAKE,1,71,0.970285,0.58226,1.45083,0.402412,0.0422535,
DES_MP,main,FAKE,2,71,1.01483,0.581415,1.59009,0.42439,0.028169,
DES_MP,main,FAKE,3,71,1.01269,0.617253,1.52277,0.392598,0.0704225,
DES_MP,main,FAKE,5,71,1.12563,0.652939,1.77349,0.370411,0.0422535,
DES_MP,main,FAKE_SHR,0,71,0,0,0,0,0,
DES_MP,main,FAKE_SHR,1,71,0.443441,0.246388,0.688248,0.157218,0.0985915,
DES_MP,main,FAKE_SHR,2,71,0.651909,0.352139,1.04795,0.247801,0.084507,
DES_MP,main,FAKE_SHR,3,71,0.739788,0.436667,1.13226,0.267718,0.0985915,
DES_MP,main,FAKE_SHR,5,71,0.929874,0.527753,1.48228,0.288958,0.056338,
DES_MP,main,OFF,0,71,0,0,0,0,0,
DES_MP,main,OFF,1,71,0.00848971,-0.0747612,0.0888108,0.0477401,0.43662,
DES_MP,main,OFF,2,71,-0.100189,-0.170299,-0.030632,-0.0427854,0.56338,
DES_MP,main,OFF,3,71,-0.145221,-0.21331,-0.0798982,-0.102113,0.619718,
DES_MP,main,OFF,5,71,-0.172723,-0.239365,-0.107492,-0.139496,0.661972,
DES_MP,main,SHR,0,71,0,0,0,0,0,
DES_MP,main,SHR,1,71,-0.107192,-0.157757,-0.0570233,-0.0731096,0.619718,
DES_MP,main,SHR,2,71,-0.148624,-0.205953,-0.0919538,-0.116963,0.633803,
DES_MP,main,SHR,3,71,-0.171159,-0.230394,-0.114509,-0.139984,0.661972,
DES_MP,main,SHR,5,71,-0.188311,-0.250431,-0.127587,-0.155366,0.690141,
IL_CELL,main,FAKE,0,19,0,0,0,0,0,
IL_CELL,main,FAKE,1,19,1.07358,0.382659,2.10317,0.377587,0,
IL_CELL,main,FAKE,2,19,1.10031,0.299711,2.38876,0.280225,0,
IL_CELL,main,FAKE,3,19,0.881457,0.250441,1.83787,0.188415,0.0526316,
IL_CELL,main,FAKE,5,19,0.881109,0.276114,1.84305,0.306748,0,
IL_CELL,main,FAKE_SHR,0,19,0,0,0,0,0,
IL_CELL,main,FAKE_SHR,1,19,0.247411,0.0680097,0.512984,0.0699569,0,
IL_CELL,main,FAKE_SHR,2,19,0.457425,0.0994991,1.0481,0.0942776,0,
IL_CELL,main,FAKE_SHR,3,19,0.459683,0.103009,1.00746,0.087884,0.0526316,
IL_CELL,main,FAKE_SHR,5,19,0.570423,0.163221,1.23146,0.181787,0,
IL_CELL,main,OFF,0,19,0,0,0,0,0,
IL_CELL,main,OFF,1,19,-0.0189074,-0.200261,0.145039,0.110745,0.315789,
IL_CELL,main,OFF,2,19,-0.137706,-0.296442,-0.000422426,0.0162842,0.473684,
IL_CELL,main,OFF,3,19,-0.182951,-0.337281,-0.04889,-0.013319,0.526316,
IL_CELL,main,OFF,5,19,-0.210891,-0.362611,-0.074421,-0.138554,0.684211,
IL_CELL,main,SHR,0,19,0,0,0,0,0,
IL_CELL,main,SHR,1,19,-0.104658,-0.16649,-0.0462623,-0.0700892,0.789474,
IL_CELL,main,SHR,2,19,-0.158061,-0.245893,-0.078326,-0.114224,0.789474,
IL_CELL,main,SHR,3,19,-0.184426,-0.287695,-0.0933561,-0.100064,0.842105,
IL_CELL,main,SHR,5,19,-0.215344,-0.33623,-0.106487,-0.174934,0.736842,
DYE,main,FAKE,0,4,0,0,0,0,0,
DYE,main,FAKE,1,4,0.298568,0.0716835,0.560008,0.264014,0.25,
DYE,main,FAKE,2,4,0.295615,0.184864,0.466596,0.221337,0,
DYE,main,FAKE,3,4,0.240722,0.110984,0.394671,0.216511,0,
DYE,main,FAKE,5,4,0.317489,0.205618,0.398417,0.348432,0,
DYE,main,FAKE_SHR,0,4,0,0,0,0,0,
DYE,main,FAKE_SHR,1,4,0.0816463,0.01494,0.148352,0.0861323,0.25,
DYE,main,FAKE_SHR,2,4,0.137626,0.0959343,0.202295,0.114647,0,
DYE,main,FAKE_SHR,3,4,0.140293,0.0635108,0.217075,0.13606,0,
DYE,main,FAKE_SHR,5,4,0.232945,0.140809,0.326304,0.231721,0,
DYE,main,OFF,0,4,0,0,0,0,0,
DYE,main,OFF,1,4,-0.0548503,-0.544535,0.327925,0.0861695,0.5,
DYE,main,OFF,2,4,-0.175016,-0.600441,0.150543,-0.0751509,0.5,
DYE,main,OFF,3,4,-0.22363,-0.623585,0.0767387,-0.118707,0.75,
DYE,main,OFF,5,4,-0.221189,-0.628705,0.0793757,-0.114236,0.75,
DYE,main,SHR,0,4,0,0,0,0,0,
DYE,main,SHR,1,4,-0.0777462,-0.237606,0.0821141,-0.0527158,0.5,
DYE,main,SHR,2,4,-0.149619,-0.357885,0.0507003,-0.13078,0.75,
DYE,main,SHR,3,4,-0.196275,-0.457205,0.0292058,-0.148699,0.75,
DYE,main,SHR,5,4,-0.210541,-0.534761,0.0434353,-0.140297,0.75,
ES1,dedup_cached,OFF,1,28,-0.067383,-0.185815,0.0605781,-0.108858,0.571429,
ES1,dedup_cached,OFF,2,28,-0.163949,-0.271899,-0.0594195,-0.114953,0.607143,
ES1,dedup_cached,OFF,3,28,-0.193534,-0.298438,-0.0915373,-0.156281,0.714286,
ES1,dedup_cached,OFF,5,28,-0.239494,-0.338508,-0.138956,-0.225086,0.821429,
ES1,dedup_cached,SHR,1,28,-0.158813,-0.238059,-0.0782879,-0.178682,0.678571,
ES1,dedup_cached,SHR,2,28,-0.202435,-0.289014,-0.113566,-0.198596,0.75,
ES1,dedup_cached,SHR,3,28,-0.221833,-0.313746,-0.128714,-0.204905,0.75,
ES1,dedup_cached,SHR,5,28,-0.253886,-0.348317,-0.157602,-0.246532,0.857143,
ES1,nearcopy_excluded,FAKE,1,33,0.782539,0.522647,1.08134,0.397989,0,
ES1,nearcopy_excluded,FAKE,2,33,0.68826,0.407382,1.02249,0.276501,0,
ES1,nearcopy_excluded,FAKE,3,33,0.644886,0.408287,0.919419,0.351529,0.030303,
ES1,nearcopy_excluded,FAKE,5,33,0.579306,0.367528,0.826945,0.292008,0.030303,
ES1,nearcopy_excluded,FAKE_SHR,1,33,0.31082,0.189363,0.451884,0.152946,0.0909091,
ES1,nearcopy_excluded,FAKE_SHR,2,33,0.405399,0.220548,0.627019,0.134988,0.0909091,
ES1,nearcopy_excluded,FAKE_SHR,3,33,0.444137,0.267923,0.648393,0.208163,0.0606061,
ES1,nearcopy_excluded,FAKE_SHR,5,33,0.461418,0.286317,0.665836,0.215733,0.030303,
ES1,nearcopy_excluded,OFF,1,33,-0.156172,-0.309816,-0.0137281,-0.133531,0.575758,
ES1,nearcopy_excluded,OFF,2,33,-0.267387,-0.395257,-0.147527,-0.202224,0.666667,
ES1,nearcopy_excluded,OFF,3,33,-0.300107,-0.423108,-0.185325,-0.216016,0.757576,
ES1,nearcopy_excluded,OFF,5,33,-0.32497,-0.441645,-0.214559,-0.216076,0.848485,
ES1,nearcopy_excluded,SHR,1,33,-0.201359,-0.283566,-0.122166,-0.21878,0.757576,
ES1,nearcopy_excluded,SHR,2,33,-0.270493,-0.362904,-0.179278,-0.231978,0.848485,
ES1,nearcopy_excluded,SHR,3,33,-0.299009,-0.39637,-0.202923,-0.257722,0.878788,
ES1,nearcopy_excluded,SHR,5,33,-0.325524,-0.428541,-0.225888,-0.264131,0.878788,
ES1,twin_and_nearcopy_excluded,FAKE,1,30,0.707612,0.467972,0.976349,0.397504,0,
ES1,twin_and_nearcopy_excluded,FAKE,2,30,0.599778,0.366007,0.872268,0.26465,0,
ES1,twin_and_nearcopy_excluded,FAKE,3,30,0.576478,0.369241,0.802558,0.325721,0.0333333,
ES1,twin_and_nearcopy_excluded,FAKE,5,30,0.526497,0.330695,0.751691,0.284767,0.0333333,
ES1,twin_and_nearcopy_excluded,FAKE_SHR,1,30,0.275571,0.159595,0.40376,0.134064,0.1,
ES1,twin_and_nearcopy_excluded,FAKE_SHR,2,30,0.345457,0.196614,0.524503,0.133331,0.1,
ES1,twin_and_nearcopy_excluded,FAKE_SHR,3,30,0.392694,0.245954,0.556764,0.20628,0.0666667,
ES1,twin_and_nearcopy_excluded,FAKE_SHR,5,30,0.416503,0.252669,0.605759,0.215194,0.0333333,
ES1,twin_and_nearcopy_excluded,OFF,1,30,-0.0628817,-0.189608,0.0631198,-0.0604888,0.533333,
ES1,twin_and_nearcopy_excluded,OFF,2,30,-0.185021,-0.290384,-0.0790834,-0.116608,0.633333,
ES1,twin_and_nearcopy_excluded,OFF,3,30,-0.214684,-0.318652,-0.114007,-0.166318,0.7,
ES1,twin_and_nearcopy_excluded,OFF,5,30,-0.21445,-0.327981,-0.1016,-0.167416,0.766667,
ES1,twin_and_nearcopy_excluded,SHR,1,30,-0.161242,-0.237237,-0.0825312,-0.179021,0.7,
ES1,twin_and_nearcopy_excluded,SHR,2,30,-0.220506,-0.306804,-0.134124,-0.181611,0.833333,
ES1,twin_and_nearcopy_excluded,SHR,3,30,-0.238826,-0.32964,-0.149744,-0.204208,0.833333,
ES1,twin_and_nearcopy_excluded,SHR,5,30,-0.235292,-0.34106,-0.129443,-0.197047,0.8,
ES1,twin_disjoint,FAKE,1,30,0.705373,0.467972,0.970217,0.397504,0,
ES1,twin_disjoint,FAKE,2,30,0.597701,0.366007,0.864725,0.26465,0,
ES1,twin_disjoint,FAKE,3,30,0.574878,0.369241,0.799398,0.325721,0.0333333,
ES1,twin_disjoint,FAKE,5,30,0.524737,0.330695,0.748434,0.284767,0.0333333,
ES1,twin_disjoint,FAKE_SHR,1,30,0.27443,0.159595,0.401054,0.134064,0.1,
ES1,twin_disjoint,FAKE_SHR,2,30,0.344055,0.196614,0.520066,0.133331,0.1,
ES1,twin_disjoint,FAKE_SHR,3,30,0.391474,0.245655,0.553133,0.20628,0.0666667,
ES1,twin_disjoint,FAKE_SHR,5,30,0.415018,0.252669,0.60158,0.215194,0.0333333,
ES1,twin_disjoint,OFF,1,30,-0.0633631,-0.190176,0.0629194,-0.0604888,0.533333,
ES1,twin_disjoint,OFF,2,30,-0.185355,-0.29041,-0.0795418,-0.116608,0.633333,
ES1,twin_disjoint,OFF,3,30,-0.214918,-0.318885,-0.114373,-0.166318,0.7,
ES1,twin_disjoint,OFF,5,30,-0.214681,-0.328197,-0.102063,-0.167416,0.766667,
ES1,twin_disjoint,SHR,1,30,-0.161451,-0.237647,-0.0827399,-0.179021,0.7,
ES1,twin_disjoint,SHR,2,30,-0.2207,-0.306814,-0.134319,-0.181611,0.833333,
ES1,twin_disjoint,SHR,3,30,-0.238982,-0.329945,-0.150056,-0.204208,0.833333,
ES1,twin_disjoint,SHR,5,30,-0.23547,-0.34106,-0.129804,-0.197047,0.8,
ES2,dedup_cached,OFF,1,10,-0.209588,-0.480749,0.0418845,-0.172525,0.5,
ES2,dedup_cached,OFF,2,10,-0.312511,-0.534751,-0.108014,-0.27379,0.7,
ES2,dedup_cached,OFF,3,10,-0.324238,-0.552552,-0.111426,-0.316897,0.7,
ES2,dedup_cached,OFF,5,10,-0.376305,-0.583908,-0.187031,-0.356696,0.9,
ES2,dedup_cached,SHR,1,10,-0.247518,-0.448616,-0.0582638,-0.247169,0.7,
ES2,dedup_cached,SHR,2,10,-0.324843,-0.524704,-0.14021,-0.295193,0.8,
ES2,dedup_cached,SHR,3,10,-0.339988,-0.558558,-0.135912,-0.33066,0.7,
ES2,dedup_cached,SHR,5,10,-0.381355,-0.585745,-0.194738,-0.36286,0.9,
ES2,nearcopy_excluded,FAKE,1,10,0.740252,0.352298,1.14403,0.543489,0.2,
ES2,nearcopy_excluded,FAKE,2,10,0.650052,0.316604,1.04889,0.583174,0.2,
ES2,nearcopy_excluded,FAKE,3,10,0.829736,0.363082,1.41968,0.654609,0.1,
ES2,nearcopy_excluded,FAKE,5,10,1.01241,0.392696,1.77292,0.585551,0.1,
ES2,nearcopy_excluded,FAKE_SHR,1,10,0.457966,0.20484,0.716612,0.348588,0.2,
ES2,nearcopy_excluded,FAKE_SHR,2,10,0.497829,0.236112,0.809627,0.444364,0.2,
ES2,nearcopy_excluded,FAKE_SHR,3,10,0.695165,0.29591,1.1974,0.545458,0.1,
ES2,nearcopy_excluded,FAKE_SHR,5,10,0.908731,0.344853,1.59818,0.508909,0.1,
ES2,nearcopy_excluded,OFF,1,10,-0.211693,-0.470811,0.0231495,-0.168336,0.5,
ES2,nearcopy_excluded,OFF,2,10,-0.303076,-0.539116,-0.0899939,-0.268832,0.7,
ES2,nearcopy_excluded,OFF,3,10,-0.344286,-0.561467,-0.147167,-0.317449,0.8,
ES2,nearcopy_excluded,OFF,5,10,-0.348981,-0.57506,-0.139443,-0.342706,0.7,
ES2,nearcopy_excluded,SHR,1,10,-0.264027,-0.467265,-0.075483,-0.245723,0.7,
ES2,nearcopy_excluded,SHR,2,10,-0.323584,-0.535104,-0.130574,-0.307471,0.8,
ES2,nearcopy_excluded,SHR,3,10,-0.347726,-0.549592,-0.163019,-0.329109,0.8,
ES2,nearcopy_excluded,SHR,5,10,-0.358362,-0.580641,-0.15144,-0.351802,0.8,
ES2,twin_and_nearcopy_excluded,FAKE,1,10,0.740288,0.352309,1.14406,0.543489,0.2,
ES2,twin_and_nearcopy_excluded,FAKE,2,10,0.650082,0.316665,1.04889,0.583174,0.2,
ES2,twin_and_nearcopy_excluded,FAKE,3,10,0.829786,0.363018,1.41975,0.654609,0.1,
ES2,twin_and_nearcopy_excluded,FAKE,5,10,1.01237,0.392566,1.77288,0.585551,0.1,
ES2,twin_and_nearcopy_excluded,FAKE_SHR,1,10,0.458002,0.20494,0.716642,0.348588,0.2,
ES2,twin_and_nearcopy_excluded,FAKE_SHR,2,10,0.497837,0.236128,0.809628,0.444364,0.2,
ES2,twin_and_nearcopy_excluded,FAKE_SHR,3,10,0.695232,0.296152,1.19748,0.545458,0.1,
ES2,twin_and_nearcopy_excluded,FAKE_SHR,5,10,0.90865,0.344761,1.59819,0.508909,0.1,
ES2,twin_and_nearcopy_excluded,OFF,1,10,-0.211633,-0.470695,0.0232028,-0.168308,0.5,
ES2,twin_and_nearcopy_excluded,OFF,2,10,-0.303139,-0.539178,-0.0899387,-0.269432,0.7,
ES2,twin_and_nearcopy_excluded,OFF,3,10,-0.344221,-0.561331,-0.147224,-0.317755,0.8,
ES2,twin_and_nearcopy_excluded,OFF,5,10,-0.349012,-0.575298,-0.139438,-0.343769,0.7,
ES2,twin_and_nearcopy_excluded,SHR,1,10,-0.263996,-0.467211,-0.0754716,-0.245723,0.7,
ES2,twin_and_nearcopy_excluded,SHR,2,10,-0.323645,-0.535136,-0.130549,-0.307904,0.8,
ES2,twin_and_nearcopy_excluded,SHR,3,10,-0.347675,-0.54945,-0.162985,-0.329319,0.8,
ES2,twin_and_nearcopy_excluded,SHR,5,10,-0.358461,-0.581098,-0.151445,-0.352726,0.8,
ES2,twin_disjoint,FAKE,1,10,0.740288,0.352309,1.14406,0.543489,0.2,
ES2,twin_disjoint,FAKE,2,10,0.650082,0.316665,1.04889,0.583174,0.2,
ES2,twin_disjoint,FAKE,3,10,0.829786,0.363018,1.41975,0.654609,0.1,
ES2,twin_disjoint,FAKE,5,10,1.01237,0.392566,1.77288,0.585551,0.1,
ES2,twin_disjoint,FAKE_SHR,1,10,0.458002,0.20494,0.716642,0.348588,0.2,
ES2,twin_disjoint,FAKE_SHR,2,10,0.497837,0.236128,0.809628,0.444364,0.2,
ES2,twin_disjoint,FAKE_SHR,3,10,0.695232,0.296152,1.19748,0.545458,0.1,
ES2,twin_disjoint,FAKE_SHR,5,10,0.90865,0.344761,1.59819,0.508909,0.1,
ES2,twin_disjoint,OFF,1,10,-0.211633,-0.470695,0.0232028,-0.168308,0.5,
ES2,twin_disjoint,OFF,2,10,-0.303139,-0.539178,-0.0899387,-0.269432,0.7,
ES2,twin_disjoint,OFF,3,10,-0.344221,-0.561331,-0.147224,-0.317755,0.8,
ES2,twin_disjoint,OFF,5,10,-0.349012,-0.575298,-0.139438,-0.343769,0.7,
ES2,twin_disjoint,SHR,1,10,-0.263996,-0.467211,-0.0754716,-0.245723,0.7,
ES2,twin_disjoint,SHR,2,10,-0.323645,-0.535136,-0.130549,-0.307904,0.8,
ES2,twin_disjoint,SHR,3,10,-0.347675,-0.54945,-0.162985,-0.329319,0.8,
ES2,twin_disjoint,SHR,5,10,-0.358461,-0.581098,-0.151445,-0.352726,0.8,
DES_RHO,dedup_cached,OFF,1,101,0.271868,0.188383,0.358527,0.276589,0.168317,
DES_RHO,dedup_cached,OFF,2,101,0.113695,0.0472861,0.175138,0.161119,0.217822,
DES_RHO,dedup_cached,OFF,3,101,0.0784065,0.0148485,0.138229,0.121991,0.247525,
DES_RHO,dedup_cached,OFF,5,101,0.0350961,-0.0260235,0.0913504,0.0567375,0.287129,
DES_RHO,dedup_cached,SHR,1,101,0.0161532,-0.0126042,0.0440609,0.0220282,0.376238,
DES_RHO,dedup_cached,SHR,2,101,-0.00825588,-0.0440257,0.0232282,0.0265156,0.425743,
DES_RHO,dedup_cached,SHR,3,101,-0.00860784,-0.0480287,0.0279674,0.0348029,0.405941,
DES_RHO,dedup_cached,SHR,5,101,-0.0191582,-0.0634051,0.0224295,0.0237563,0.386139,
DES_RHO,nearcopy_excluded,FAKE,1,101,1.6508,1.19187,2.24868,0.975598,0.019802,
DES_RHO,nearcopy_excluded,FAKE,2,101,1.32199,1.0165,1.67716,0.731985,0.00990099,
DES_RHO,nearcopy_excluded,FAKE,3,101,1.23537,0.93479,1.59339,0.496694,0.039604,
DES_RHO,nearcopy_excluded,FAKE,5,101,1.2766,0.968952,1.64675,0.609873,0.039604,
DES_RHO,nearcopy_excluded,FAKE_SHR,1,101,0.436766,0.297071,0.627364,0.194995,0.0891089,
DES_RHO,nearcopy_excluded,FAKE_SHR,2,101,0.572929,0.428654,0.741629,0.280047,0.039604,
DES_RHO,nearcopy_excluded,FAKE_SHR,3,101,0.662496,0.48899,0.869039,0.240205,0.0693069,
DES_RHO,nearcopy_excluded,FAKE_SHR,5,101,0.853731,0.640003,1.11325,0.377239,0.049505,
DES_RHO,nearcopy_excluded,OFF,1,101,0.248515,0.174467,0.320381,0.255562,0.138614,
DES_RHO,nearcopy_excluded,OFF,2,101,0.148686,0.0677004,0.240903,0.150453,0.237624,
DES_RHO,nearcopy_excluded,OFF,3,101,0.101391,0.0279237,0.176794,0.103292,0.227723,
DES_RHO,nearcopy_excluded,OFF,5,101,0.0894956,0.00615664,0.180414,0.0741208,0.287129,
DES_RHO,nearcopy_excluded,SHR,1,101,0.0103243,-0.0165364,0.0362111,0.0270684,0.356436,
DES_RHO,nearcopy_excluded,SHR,2,101,0.0102764,-0.030659,0.0555762,0.0304233,0.386139,
DES_RHO,nearcopy_excluded,SHR,3,101,0.00547161,-0.0408795,0.0507854,0.0298168,0.336634,
DES_RHO,nearcopy_excluded,SHR,5,101,0.0170237,-0.0418039,0.0785231,0.0278935,0.39604,
DES_RHO,twin_and_nearcopy_excluded,FAKE,1,101,1.64973,1.19185,2.24854,0.975598,0.019802,
DES_RHO,twin_and_nearcopy_excluded,FAKE,2,101,1.32161,1.01597,1.67677,0.731985,0.00990099,
DES_RHO,twin_and_nearcopy_excluded,FAKE,3,101,1.23536,0.934667,1.59333,0.496694,0.039604,
DES_RHO,twin_and_nearcopy_excluded,FAKE,5,101,1.27644,0.968428,1.64694,0.609873,0.039604,
DES_RHO,twin_and_nearcopy_excluded,FAKE_SHR,1,101,0.43644,0.29706,0.626449,0.194995,0.0891089,
DES_RHO,twin_and_nearcopy_excluded,FAKE_SHR,2,101,0.572769,0.428581,0.741511,0.280047,0.039604,
DES_RHO,twin_and_nearcopy_excluded,FAKE_SHR,3,101,0.662503,0.489033,0.869049,0.240205,0.0693069,
DES_RHO,twin_and_nearcopy_excluded,FAKE_SHR,5,101,0.853627,0.6399,1.11339,0.377239,0.049505,
DES_RHO,twin_and_nearcopy_excluded,OFF,1,101,0.248525,0.174481,0.320389,0.255562,0.138614,
DES_RHO,twin_and_nearcopy_excluded,OFF,2,101,0.148775,0.0676716,0.240906,0.150453,0.237624,
DES_RHO,twin_and_nearcopy_excluded,OFF,3,101,0.101427,0.0278108,0.176942,0.105713,0.227723,
DES_RHO,twin_and_nearcopy_excluded,OFF,5,101,0.0895406,0.00621992,0.18039,0.0741208,0.287129,
DES_RHO,twin_and_nearcopy_excluded,SHR,1,101,0.0103295,-0.0165319,0.0362177,0.0270684,0.356436,
DES_RHO,twin_and_nearcopy_excluded,SHR,2,101,0.0103349,-0.0306033,0.0555678,0.0304233,0.386139,
DES_RHO,twin_and_nearcopy_excluded,SHR,3,101,0.00550624,-0.040941,0.0508918,0.0298168,0.336634,
DES_RHO,twin_and_nearcopy_excluded,SHR,5,101,0.0170655,-0.0418066,0.0785538,0.0314568,0.39604,
DES_RHO,twin_disjoint,FAKE,1,101,1.65162,1.20041,2.2654,0.985285,0.019802,
DES_RHO,twin_disjoint,FAKE,2,101,1.29928,1.01649,1.63834,0.725022,0.00990099,
DES_RHO,twin_disjoint,FAKE,3,101,1.15686,0.906064,1.44214,0.527126,0.039604,
DES_RHO,twin_disjoint,FAKE,5,101,1.18917,0.948423,1.47251,0.635534,0.039604,
DES_RHO,twin_disjoint,FAKE_SHR,1,101,0.436703,0.296455,0.628658,0.207549,0.0693069,
DES_RHO,twin_disjoint,FAKE_SHR,2,101,0.561091,0.426538,0.721059,0.278283,0.039604,
DES_RHO,twin_disjoint,FAKE_SHR,3,101,0.615479,0.470906,0.776661,0.243965,0.0693069,
DES_RHO,twin_disjoint,FAKE_SHR,5,101,0.790778,0.623971,0.986879,0.388394,0.049505,
DES_RHO,twin_disjoint,OFF,1,101,0.241529,0.16763,0.310894,0.255562,0.138614,
DES_RHO,twin_disjoint,OFF,2,101,0.127427,0.0602119,0.19216,0.165526,0.207921,
DES_RHO,twin_disjoint,OFF,3,101,0.0870799,0.0228098,0.14538,0.111304,0.217822,
DES_RHO,twin_disjoint,OFF,5,101,0.0683859,-0.00245603,0.139455,0.0804822,0.287129,
DES_RHO,twin_disjoint,SHR,1,101,0.00734194,-0.0185799,0.0325651,0.0276502,0.346535,
DES_RHO,twin_disjoint,SHR,2,101,-0.00155403,-0.0362276,0.0312295,0.0305506,0.386139,
DES_RHO,twin_disjoint,SHR,3,101,-0.00371429,-0.0448551,0.0321746,0.0317458,0.336634,
DES_RHO,twin_disjoint,SHR,5,101,0.00316234,-0.0489709,0.0536425,0.0274623,0.356436,
DES_ETA,dedup_cached,OFF,1,79,-0.00310952,-0.0804183,0.0717423,0.0399505,0.417722,
DES_ETA,dedup_cached,OFF,2,79,-0.101636,-0.171705,-0.034268,0.0104833,0.493671,
DES_ETA,dedup_cached,OFF,3,79,-0.14568,-0.211032,-0.0813781,-0.0907386,0.556962,
DES_ETA,dedup_cached,OFF,5,79,-0.174247,-0.242217,-0.108017,-0.0868423,0.658228,
DES_ETA,dedup_cached,SHR,1,79,-0.101763,-0.157873,-0.0469156,-0.0467831,0.531646,
DES_ETA,dedup_cached,SHR,2,79,-0.140996,-0.201969,-0.0824324,-0.0685873,0.582278,
DES_ETA,dedup_cached,SHR,3,79,-0.168228,-0.228809,-0.10764,-0.110867,0.582278,
DES_ETA,dedup_cached,SHR,5,79,-0.186341,-0.251755,-0.122442,-0.108121,0.658228,
DES_ETA,nearcopy_excluded,FAKE,1,79,1.08354,0.773587,1.43845,0.504749,0.0126582,
DES_ETA,nearcopy_excluded,FAKE,2,79,1.10502,0.769102,1.46456,0.546202,0.0506329,
DES_ETA,nearcopy_excluded,FAKE,3,79,1.07818,0.763842,1.43046,0.541786,0.0379747,
DES_ETA,nearcopy_excluded,FAKE,5,79,1.02308,0.716306,1.37668,0.392945,0.0379747,
DES_ETA,nearcopy_excluded,FAKE_SHR,1,79,0.595521,0.412566,0.809797,0.247214,0.0126582,
DES_ETA,nearcopy_excluded,FAKE_SHR,2,79,0.794195,0.543153,1.06872,0.385445,0.0506329,
DES_ETA,nearcopy_excluded,FAKE_SHR,3,79,0.85939,0.602076,1.149,0.418506,0.0632911,
DES_ETA,nearcopy_excluded,FAKE_SHR,5,79,0.886875,0.615404,1.20023,0.333404,0.0379747,
DES_ETA,nearcopy_excluded,OFF,1,79,0.00473843,-0.0735227,0.085307,0.0552929,0.392405,
DES_ETA,nearcopy_excluded,OFF,2,79,-0.108792,-0.177557,-0.03953,-0.04688,0.506329,
DES_ETA,nearcopy_excluded,OFF,3,79,-0.150003,-0.215898,-0.084464,-0.0869752,0.582278,
DES_ETA,nearcopy_excluded,OFF,5,79,-0.186545,-0.250376,-0.123363,-0.118525,0.683544,
DES_ETA,nearcopy_excluded,SHR,1,79,-0.0985782,-0.154832,-0.0429549,-0.0310657,0.531646,
DES_ETA,nearcopy_excluded,SHR,2,79,-0.145028,-0.203796,-0.0849691,-0.0752456,0.56962,
DES_ETA,nearcopy_excluded,SHR,3,79,-0.171203,-0.231796,-0.11013,-0.108569,0.64557,
DES_ETA,nearcopy_excluded,SHR,5,79,-0.196185,-0.25747,-0.136009,-0.127441,0.683544,
DES_ETA,twin_and_nearcopy_excluded,FAKE,1,79,1.08347,0.773585,1.43837,0.504749,0.0126582,
DES_ETA,twin_and_nearcopy_excluded,FAKE,2,79,1.10488,0.768951,1.46425,0.546202,0.0506329,
DES_ETA,twin_and_nearcopy_excluded,FAKE,3,79,1.07818,0.763882,1.43041,0.541786,0.0379747,
DES_ETA,twin_and_nearcopy_excluded,FAKE,5,79,1.02296,0.716189,1.37643,0.392945,0.0379747,
DES_ETA,twin_and_nearcopy_excluded,FAKE_SHR,1,79,0.595474,0.412564,0.809749,0.247214,0.0126582,
DES_ETA,twin_and_nearcopy_excluded,FAKE_SHR,2,79,0.794088,0.54323,1.06859,0.385445,0.0506329,
DES_ETA,twin_and_nearcopy_excluded,FAKE_SHR,3,79,0.859393,0.602132,1.149,0.418506,0.0632911,
DES_ETA,twin_and_nearcopy_excluded,FAKE_SHR,5,79,0.886773,0.615299,1.20027,0.333404,0.0379747,
DES_ETA,twin_and_nearcopy_excluded,OFF,1,79,0.00478736,-0.0734539,0.0853114,0.0552929,0.392405,
DES_ETA,twin_and_nearcopy_excluded,OFF,2,79,-0.108735,-0.177525,-0.0395013,-0.04688,0.506329,
DES_ETA,twin_and_nearcopy_excluded,OFF,3,79,-0.149854,-0.215841,-0.0843136,-0.0869752,0.582278,
DES_ETA,twin_and_nearcopy_excluded,OFF,5,79,-0.186431,-0.250344,-0.123248,-0.118525,0.683544,
DES_ETA,twin_and_nearcopy_excluded,SHR,1,79,-0.0985439,-0.154819,-0.0429535,-0.0310657,0.531646,
DES_ETA,twin_and_nearcopy_excluded,SHR,2,79,-0.144983,-0.203775,-0.0849443,-0.0752456,0.56962,
DES_ETA,twin_and_nearcopy_excluded,SHR,3,79,-0.171079,-0.231717,-0.109962,-0.108569,0.64557,
DES_ETA,twin_and_nearcopy_excluded,SHR,5,79,-0.196084,-0.257369,-0.135879,-0.127441,0.683544,
DES_ETA,twin_disjoint,FAKE,1,79,1.10103,0.786289,1.46202,0.504749,0.0126582,
DES_ETA,twin_disjoint,FAKE,2,79,1.12372,0.779315,1.49859,0.546202,0.0506329,
DES_ETA,twin_disjoint,FAKE,3,79,1.10398,0.768781,1.46439,0.541786,0.0379747,
DES_ETA,twin_disjoint,FAKE,5,79,1.06063,0.726125,1.45589,0.392945,0.0379747,
DES_ETA,twin_disjoint,FAKE_SHR,1,79,0.606214,0.420014,0.82541,0.247214,0.0126582,
DES_ETA,twin_disjoint,FAKE_SHR,2,79,0.808399,0.551021,1.08668,0.385445,0.0506329,
DES_ETA,twin_disjoint,FAKE_SHR,3,79,0.880772,0.608046,1.17656,0.418506,0.0632911,
DES_ETA,twin_disjoint,FAKE_SHR,5,79,0.920426,0.624345,1.26991,0.333404,0.0379747,
DES_ETA,twin_disjoint,OFF,1,79,0.00773791,-0.0720505,0.0882079,0.0552929,0.392405,
DES_ETA,twin_disjoint,OFF,2,79,-0.107348,-0.176218,-0.0380041,-0.04688,0.506329,
DES_ETA,twin_disjoint,OFF,3,79,-0.149094,-0.215156,-0.0827036,-0.0869752,0.582278,
DES_ETA,twin_disjoint,OFF,5,79,-0.185731,-0.24971,-0.122672,-0.118525,0.683544,
DES_ETA,twin_disjoint,SHR,1,79,-0.0969513,-0.153486,-0.0411565,-0.0310657,0.531646,
DES_ETA,twin_disjoint,SHR,2,79,-0.144045,-0.203606,-0.0838493,-0.0752456,0.56962,
DES_ETA,twin_disjoint,SHR,3,79,-0.17051,-0.231237,-0.109042,-0.108569,0.64557,
DES_ETA,twin_disjoint,SHR,5,79,-0.195513,-0.256895,-0.134611,-0.127441,0.683544,
DES_MP,dedup_cached,OFF,1,64,0.0456853,-0.0356292,0.125175,0.107843,0.40625,
DES_MP,dedup_cached,OFF,2,64,-0.0718379,-0.1433,-0.00329762,-0.0326342,0.53125,
DES_MP,dedup_cached,OFF,3,64,-0.128299,-0.193888,-0.0664557,-0.0752863,0.578125,
DES_MP,dedup_cached,OFF,5,64,-0.139684,-0.208415,-0.0731339,-0.0991809,0.59375,
DES_MP,dedup_cached,SHR,1,64,-0.0892329,-0.139888,-0.0393462,-0.0246077,0.578125,
DES_MP,dedup_cached,SHR,2,64,-0.125711,-0.181713,-0.0701362,-0.0839299,0.59375,
DES_MP,dedup_cached,SHR,3,64,-0.156573,-0.215264,-0.101886,-0.11382,0.640625,
DES_MP,dedup_cached,SHR,5,64,-0.158831,-0.222729,-0.0959532,-0.124625,0.65625,
DES_MP,nearcopy_excluded,FAKE,1,71,1.01336,0.594733,1.54325,0.400535,0.0422535,
DES_MP,nearcopy_excluded,FAKE,2,71,1.06909,0.588333,1.73664,0.424389,0.028169,
DES_MP,nearcopy_excluded,FAKE,3,71,1.06362,0.627462,1.62347,0.373036,0.0704225,
DES_MP,nearcopy_excluded,FAKE,5,71,1.174,0.659411,1.90559,0.370411,0.0422535,
DES_MP,nearcopy_excluded,FAKE_SHR,1,71,0.467221,0.252884,0.741171,0.157218,0.0985915,
DES_MP,nearcopy_excluded,FAKE_SHR,2,71,0.690112,0.356297,1.15353,0.247801,0.084507,
DES_MP,nearcopy_excluded,FAKE_SHR,3,71,0.779992,0.444615,1.21071,0.25619,0.0985915,
DES_MP,nearcopy_excluded,FAKE_SHR,5,71,0.971492,0.531197,1.59541,0.288958,0.056338,
DES_MP,nearcopy_excluded,OFF,1,71,0.0167965,-0.0680458,0.102586,0.0523706,0.43662,
DES_MP,nearcopy_excluded,OFF,2,71,-0.0975966,-0.167952,-0.0270911,-0.0427855,0.577465,
DES_MP,nearcopy_excluded,OFF,3,71,-0.141001,-0.210331,-0.074555,-0.087353,0.619718,
DES_MP,nearcopy_excluded,OFF,5,71,-0.171976,-0.238934,-0.107005,-0.139496,0.661972,
DES_MP,nearcopy_excluded,SHR,1,71,-0.103163,-0.154994,-0.0518545,-0.0731096,0.619718,
DES_MP,nearcopy_excluded,SHR,2,71,-0.147069,-0.20416,-0.0901953,-0.116963,0.619718,
DES_MP,nearcopy_excluded,SHR,3,71,-0.168328,-0.227608,-0.111185,-0.139984,0.661972,
DES_MP,nearcopy_excluded,SHR,5,71,-0.188037,-0.250309,-0.12708,-0.155366,0.690141,
DES_MP,twin_and_nearcopy_excluded,FAKE,1,71,1.02075,0.598928,1.55285,0.39873,0.0422535,
DES_MP,twin_and_nearcopy_excluded,FAKE,2,71,1.07953,0.599039,1.74512,0.424389,0.028169,
DES_MP,twin_and_nearcopy_excluded,FAKE,3,71,1.10737,0.66143,1.69023,0.408659,0.0704225,
DES_MP,twin_and_nearcopy_excluded,FAKE,5,71,1.25361,0.702673,2.06589,0.415487,0.0422535,
DES_MP,twin_and_nearcopy_excluded,FAKE_SHR,1,71,0.471,0.253796,0.750138,0.152124,0.0985915,
DES_MP,twin_and_nearcopy_excluded,FAKE_SHR,2,71,0.696567,0.365263,1.15945,0.243299,0.084507,
DES_MP,twin_and_nearcopy_excluded,FAKE_SHR,3,71,0.812848,0.468872,1.26404,0.282128,0.0985915,
DES_MP,twin_and_nearcopy_excluded,FAKE_SHR,5,71,1.0391,0.570271,1.73116,0.332628,0.056338,
DES_MP,twin_and_nearcopy_excluded,OFF,1,71,0.0367998,-0.0521512,0.124535,0.0874724,0.422535,
DES_MP,twin_and_nearcopy_excluded,OFF,2,71,-0.0754865,-0.147247,-0.00336437,-0.0170906,0.56338,
DES_MP,twin_and_nearcopy_excluded,OFF,3,71,-0.085624,-0.173478,0.0122939,-0.0478381,0.577465,
DES_MP,twin_and_nearcopy_excluded,OFF,5,71,-0.122564,-0.195568,-0.0467073,-0.0722271,0.605634,
DES_MP,twin_and_nearcopy_excluded,SHR,1,71,-0.0938911,-0.148397,-0.0399505,-0.0730882,0.605634,
DES_MP,twin_and_nearcopy_excluded,SHR,2,71,-0.133198,-0.190665,-0.0744721,-0.0923507,0.605634,
DES_MP,twin_and_nearcopy_excluded,SHR,3,71,-0.126338,-0.201292,-0.047243,-0.0844859,0.633803,
DES_MP,twin_and_nearcopy_excluded,SHR,5,71,-0.147609,-0.216214,-0.0780012,-0.0851093,0.647887,
DES_MP,twin_disjoint,FAKE,1,71,0.974727,0.587064,1.45854,0.39873,0.0422535,
DES_MP,twin_disjoint,FAKE,2,71,1.02307,0.591109,1.58986,0.424389,0.028169,
DES_MP,twin_disjoint,FAKE,3,71,1.0507,0.656547,1.56836,0.408659,0.0704225,
DES_MP,twin_disjoint,FAKE,5,71,1.20829,0.695127,1.93486,0.415487,0.0422535,
DES_MP,twin_disjoint,FAKE_SHR,1,71,0.445596,0.248125,0.693927,0.152124,0.0985915,
DES_MP,twin_disjoint,FAKE_SHR,2,71,0.656774,0.35825,1.04817,0.243299,0.084507,
DES_MP,twin_disjoint,FAKE_SHR,3,71,0.768116,0.465057,1.16816,0.282128,0.0985915,
DES_MP,twin_disjoint,FAKE_SHR,5,71,1.00016,0.563508,1.62512,0.332628,0.056338,
DES_MP,twin_disjoint,OFF,1,71,0.0282268,-0.0584375,0.111524,0.0780522,0.422535,
DES_MP,twin_disjoint,OFF,2,71,-0.0783265,-0.149752,-0.00690117,-0.0170906,0.549296,
DES_MP,twin_disjoint,OFF,3,71,-0.0902569,-0.177637,0.00714647,-0.0643982,0.591549,
DES_MP,twin_disjoint,OFF,5,71,-0.12715,-0.20002,-0.0544996,-0.0959261,0.619718,
DES_MP,twin_disjoint,SHR,1,71,-0.0980954,-0.15,-0.0454035,-0.0730882,0.605634,
DES_MP,twin_disjoint,SHR,2,71,-0.134989,-0.192141,-0.0763228,-0.0923507,0.619718,
DES_MP,twin_disjoint,SHR,3,71,-0.129559,-0.203267,-0.0506362,-0.109031,0.633803,
DES_MP,twin_disjoint,SHR,5,71,-0.151269,-0.219142,-0.0844376,-0.107145,0.647887,
IL_CELL,dedup_cached,OFF,1,18,-0.0498231,-0.231007,0.115778,0.100315,0.388889,
IL_CELL,dedup_cached,OFF,2,18,-0.143072,-0.3136,0.00868088,-0.0395397,0.5,
IL_CELL,dedup_cached,OFF,3,18,-0.18668,-0.345123,-0.0439618,-0.070523,0.555556,
IL_CELL,dedup_cached,OFF,5,18,-0.224321,-0.376122,-0.0884815,-0.115592,0.666667,
IL_CELL,dedup_cached,SHR,1,18,-0.108366,-0.170948,-0.0507583,-0.0797929,0.722222,
IL_CELL,dedup_cached,SHR,2,18,-0.154034,-0.244042,-0.072276,-0.113233,0.666667,
IL_CELL,dedup_cached,SHR,3,18,-0.193162,-0.299085,-0.098054,-0.127022,0.833333,
IL_CELL,dedup_cached,SHR,5,18,-0.225316,-0.350074,-0.113392,-0.147915,0.777778,
IL_CELL,nearcopy_excluded,FAKE,1,19,1.07353,0.382555,2.10312,0.377587,0,
IL_CELL,nearcopy_excluded,FAKE,2,19,1.10023,0.299553,2.38868,0.280225,0,
IL_CELL,nearcopy_excluded,FAKE,3,19,0.881406,0.250437,1.83787,0.188415,0.0526316,
IL_CELL,nearcopy_excluded,FAKE,5,19,0.881042,0.276046,1.84299,0.306748,0,
IL_CELL,nearcopy_excluded,FAKE_SHR,1,19,0.247405,0.0679979,0.512984,0.0699569,0,
IL_CELL,nearcopy_excluded,FAKE_SHR,2,19,0.457397,0.0994433,1.04809,0.0942778,0,
IL_CELL,nearcopy_excluded,FAKE_SHR,3,19,0.459661,0.102987,1.00746,0.0878841,0.0526316,
IL_CELL,nearcopy_excluded,FAKE_SHR,5,19,0.570381,0.163179,1.23146,0.181786,0,
IL_CELL,nearcopy_excluded,OFF,1,19,-0.0191189,-0.200885,0.144539,0.110744,0.315789,
IL_CELL,nearcopy_excluded,OFF,2,19,-0.137842,-0.296578,-0.000568277,0.0162842,0.473684,
IL_CELL,nearcopy_excluded,OFF,3,19,-0.183077,-0.337281,-0.04926,-0.0133188,0.526316,
IL_CELL,nearcopy_excluded,OFF,5,19,-0.210981,-0.362613,-0.0745981,-0.138554,0.684211,
IL_CELL,nearcopy_excluded,SHR,1,19,-0.104707,-0.166585,-0.0463111,-0.0700891,0.789474,
IL_CELL,nearcopy_excluded,SHR,2,19,-0.158116,-0.245893,-0.0783919,-0.114224,0.789474,
IL_CELL,nearcopy_excluded,SHR,3,19,-0.184494,-0.28776,-0.0934133,-0.100064,0.842105,
IL_CELL,nearcopy_excluded,SHR,5,19,-0.215403,-0.336287,-0.10664,-0.174934,0.736842,
IL_CELL,twin_and_nearcopy_excluded,FAKE,1,19,1.07406,0.381227,2.10555,0.377587,0,
IL_CELL,twin_and_nearcopy_excluded,FAKE,2,19,1.10306,0.297532,2.40314,0.280225,0,
IL_CELL,twin_and_nearcopy_excluded,FAKE,3,19,0.88109,0.248705,1.8521,0.188415,0.0526316,
IL_CELL,twin_and_nearcopy_excluded,FAKE,5,19,0.886387,0.273424,1.86263,0.306748,0,
IL_CELL,twin_and_nearcopy_excluded,FAKE_SHR,1,19,0.247571,0.0678217,0.513876,0.0699569,0,
IL_CELL,twin_and_nearcopy_excluded,FAKE_SHR,2,19,0.458957,0.0994639,1.05463,0.0942778,0,
IL_CELL,twin_and_nearcopy_excluded,FAKE_SHR,3,19,0.459709,0.100782,1.01505,0.0878841,0.0526316,
IL_CELL,twin_and_nearcopy_excluded,FAKE_SHR,5,19,0.573932,0.161742,1.24705,0.181786,0,
IL_CELL,twin_and_nearcopy_excluded,OFF,1,19,-0.018775,-0.200423,0.144545,0.110744,0.315789,
IL_CELL,twin_and_nearcopy_excluded,OFF,2,19,-0.138929,-0.296101,-0.00165201,-0.00476752,0.526316,
IL_CELL,twin_and_nearcopy_excluded,OFF,3,19,-0.18579,-0.338055,-0.0522902,-0.064063,0.526316,
IL_CELL,twin_and_nearcopy_excluded,OFF,5,19,-0.218449,-0.369285,-0.0827622,-0.167924,0.684211,
IL_CELL,twin_and_nearcopy_excluded,SHR,1,19,-0.104849,-0.166792,-0.0463088,-0.0700298,0.789474,
IL_CELL,twin_and_nearcopy_excluded,SHR,2,19,-0.159149,-0.246808,-0.0792368,-0.124077,0.789474,
IL_CELL,twin_and_nearcopy_excluded,SHR,3,19,-0.186606,-0.289969,-0.093875,-0.124482,0.842105,
IL_CELL,twin_and_nearcopy_excluded,SHR,5,19,-0.221302,-0.343326,-0.109879,-0.196346,0.736842,
IL_CELL,twin_disjoint,FAKE,1,19,1.07411,0.38133,2.10565,0.377587,0,
IL_CELL,twin_disjoint,FAKE,2,19,1.10314,0.297534,2.40322,0.280225,0,
IL_CELL,twin_disjoint,FAKE,3,19,0.88114,0.248707,1.8521,0.188415,0.0526316,
IL_CELL,twin_disjoint,FAKE,5,19,0.886454,0.273559,1.86263,0.306748,0,
IL_CELL,twin_disjoint,FAKE_SHR,1,19,0.247577,0.0678394,0.513876,0.0699569,0,
IL_CELL,twin_disjoint,FAKE_SHR,2,19,0.458985,0.0995461,1.05463,0.0942778,0,
IL_CELL,twin_disjoint,FAKE_SHR,3,19,0.459732,0.100804,1.01505,0.0878841,0.0526316,
IL_CELL,twin_disjoint,FAKE_SHR,5,19,0.573973,0.161788,1.24705,0.181786,0,
IL_CELL,twin_disjoint,OFF,1,19,-0.0185635,-0.199799,0.145039,0.110744,0.315789,
IL_CELL,twin_disjoint,OFF,2,19,-0.138793,-0.295965,-0.00159141,-0.00476752,0.526316,
IL_CELL,twin_disjoint,OFF,3,19,-0.185665,-0.338052,-0.0521679,-0.064063,0.526316,
IL_CELL,twin_disjoint,OFF,5,19,-0.21836,-0.369278,-0.0827599,-0.167924,0.684211,
IL_CELL,twin_disjoint,SHR,1,19,-0.104801,-0.166774,-0.0462604,-0.0700298,0.789474,
IL_CELL,twin_disjoint,SHR,2,19,-0.159094,-0.246808,-0.0791253,-0.124077,0.789474,
IL_CELL,twin_disjoint,SHR,3,19,-0.186539,-0.289969,-0.0938433,-0.124482,0.842105,
IL_CELL,twin_disjoint,SHR,5,19,-0.221244,-0.343326,-0.109878,-0.196346,0.736842,
DYE,dedup_cached,OFF,1,4,-0.028829,-0.545787,0.365861,0.0934381,0.5,
DYE,dedup_cached,OFF,2,4,-0.194772,-0.605159,0.0945368,-0.05559,0.5,
DYE,dedup_cached,OFF,3,4,-0.207259,-0.62425,0.132247,-0.129775,0.75,
DYE,dedup_cached,OFF,5,4,-0.235948,-0.643155,0.064679,-0.124504,0.75,
DYE,dedup_cached,SHR,1,4,-0.069144,-0.230656,0.0923685,-0.0533825,0.5,
DYE,dedup_cached,SHR,2,4,-0.164684,-0.37262,0.0265533,-0.121477,0.75,
DYE,dedup_cached,SHR,3,4,-0.170087,-0.439329,0.0671525,-0.138085,0.75,
DYE,dedup_cached,SHR,5,4,-0.214035,-0.521308,0.0328533,-0.148459,0.75,
DYE,nearcopy_excluded,FAKE,1,4,0.298568,0.0716833,0.560008,0.264013,0.25,
DYE,nearcopy_excluded,FAKE,2,4,0.295614,0.184864,0.466596,0.221337,0,
DYE,nearcopy_excluded,FAKE,3,4,0.240722,0.110984,0.39467,0.216511,0,
DYE,nearcopy_excluded,FAKE,5,4,0.317489,0.205618,0.398417,0.348432,0,
DYE,nearcopy_excluded,FAKE_SHR,1,4,0.0816462,0.01494,0.148352,0.0861323,0.25,
DYE,nearcopy_excluded,FAKE_SHR,2,4,0.137626,0.0959343,0.202295,0.114648,0,
DYE,nearcopy_excluded,FAKE_SHR,3,4,0.140293,0.0635108,0.217075,0.13606,0,
DYE,nearcopy_excluded,FAKE_SHR,5,4,0.232945,0.140809,0.326304,0.231722,0,
DYE,nearcopy_excluded,OFF,1,4,-0.0548503,-0.544535,0.327924,0.0861695,0.5,
DYE,nearcopy_excluded,OFF,2,4,-0.175016,-0.600441,0.150544,-0.0751508,0.5,
DYE,nearcopy_excluded,OFF,3,4,-0.22363,-0.623585,0.076739,-0.118707,0.75,
DYE,nearcopy_excluded,OFF,5,4,-0.221189,-0.628706,0.0793758,-0.114236,0.75,
DYE,nearcopy_excluded,SHR,1,4,-0.0777464,-0.237607,0.0821139,-0.0527161,0.5,
DYE,nearcopy_excluded,SHR,2,4,-0.149619,-0.357885,0.0507002,-0.13078,0.75,
DYE,nearcopy_excluded,SHR,3,4,-0.196275,-0.457205,0.0292056,-0.148699,0.75,
DYE,nearcopy_excluded,SHR,5,4,-0.210541,-0.534761,0.0434354,-0.140297,0.75,
DYE,twin_and_nearcopy_excluded,FAKE,1,4,0.298568,0.0716833,0.560008,0.264013,0.25,
DYE,twin_and_nearcopy_excluded,FAKE,2,4,0.295614,0.184864,0.466596,0.221337,0,
DYE,twin_and_nearcopy_excluded,FAKE,3,4,0.240722,0.110984,0.39467,0.216511,0,
DYE,twin_and_nearcopy_excluded,FAKE,5,4,0.317489,0.205618,0.398417,0.348432,0,
DYE,twin_and_nearcopy_excluded,FAKE_SHR,1,4,0.0816462,0.01494,0.148352,0.0861323,0.25,
DYE,twin_and_nearcopy_excluded,FAKE_SHR,2,4,0.137626,0.0959343,0.202295,0.114648,0,
DYE,twin_and_nearcopy_excluded,FAKE_SHR,3,4,0.140293,0.0635108,0.217075,0.13606,0,
DYE,twin_and_nearcopy_excluded,FAKE_SHR,5,4,0.232945,0.140809,0.326304,0.231722,0,
DYE,twin_and_nearcopy_excluded,OFF,1,4,-0.0548503,-0.544535,0.327924,0.0861695,0.5,
DYE,twin_and_nearcopy_excluded,OFF,2,4,-0.175016,-0.600441,0.150544,-0.0751508,0.5,
DYE,twin_and_nearcopy_excluded,OFF,3,4,-0.22363,-0.623585,0.076739,-0.118707,0.75,
DYE,twin_and_nearcopy_excluded,OFF,5,4,-0.221189,-0.628706,0.0793758,-0.114236,0.75,
DYE,twin_and_nearcopy_excluded,SHR,1,4,-0.0777464,-0.237607,0.0821139,-0.0527161,0.5,
DYE,twin_and_nearcopy_excluded,SHR,2,4,-0.149619,-0.357885,0.0507002,-0.13078,0.75,
DYE,twin_and_nearcopy_excluded,SHR,3,4,-0.196275,-0.457205,0.0292056,-0.148699,0.75,
DYE,twin_and_nearcopy_excluded,SHR,5,4,-0.210541,-0.534761,0.0434354,-0.140297,0.75,
DYE,twin_disjoint,FAKE,1,4,0.298568,0.0716833,0.560008,0.264013,0.25,
DYE,twin_disjoint,FAKE,2,4,0.295614,0.184864,0.466596,0.221337,0,
DYE,twin_disjoint,FAKE,3,4,0.240722,0.110984,0.39467,0.216511,0,
DYE,twin_disjoint,FAKE,5,4,0.317489,0.205618,0.398417,0.348432,0,
DYE,twin_disjoint,FAKE_SHR,1,4,0.0816462,0.01494,0.148352,0.0861323,0.25,
DYE,twin_disjoint,FAKE_SHR,2,4,0.137626,0.0959343,0.202295,0.114648,0,
DYE,twin_disjoint,FAKE_SHR,3,4,0.140293,0.0635108,0.217075,0.13606,0,
DYE,twin_disjoint,FAKE_SHR,5,4,0.232945,0.140809,0.326304,0.231722,0,
DYE,twin_disjoint,OFF,1,4,-0.0548503,-0.544535,0.327924,0.0861695,0.5,
DYE,twin_disjoint,OFF,2,4,-0.175016,-0.600441,0.150544,-0.0751508,0.5,
DYE,twin_disjoint,OFF,3,4,-0.22363,-0.623585,0.076739,-0.118707,0.75,
DYE,twin_disjoint,OFF,5,4,-0.221189,-0.628706,0.0793758,-0.114236,0.75,
DYE,twin_disjoint,SHR,1,4,-0.0777464,-0.237607,0.0821139,-0.0527161,0.5,
DYE,twin_disjoint,SHR,2,4,-0.149619,-0.357885,0.0507002,-0.13078,0.75,
DYE,twin_disjoint,SHR,3,4,-0.196275,-0.457205,0.0292056,-0.148699,0.75,
DYE,twin_disjoint,SHR,5,4,-0.210541,-0.534761,0.0434354,-0.140297,0.75,
ES1,twin_disjoint,RET,3,30,-0.284269,-0.370081,-0.198851,-0.263771,0.866667,"RF150, main-run draws"
ES2,twin_disjoint,RET,3,10,-0.353346,-0.533713,-0.180874,-0.248783,0.9,"RF150, main-run draws"
DES_RHO,twin_disjoint,RET,3,30,-0.118421,-0.202181,-0.0491367,-0.0819092,0.7,"RF150, main-run draws"
DES_ETA,twin_disjoint,RET,3,30,-0.213548,-0.289056,-0.135822,-0.235046,0.866667,"RF150, main-run draws"
DES_MP,twin_disjoint,RET,3,30,-0.243786,-0.323385,-0.166803,-0.215405,0.866667,"RF150, main-run draws"
IL_CELL,twin_disjoint,RET,3,19,-0.225983,-0.368093,-0.10025,-0.0780683,0.789474,"RF150, main-run draws"
DYE,twin_disjoint,RET,3,4,-0.258732,-0.622799,-0.0217603,-0.131636,0.75,"RF150, main-run draws"
ES2,rf_s0_repro,FAKE,0,10,0,0,0,0,0,
ES2,rf_s0_repro,FAKE,1,10,0.740252,0.352298,1.14403,0.543489,0.2,
ES2,rf_s0_repro,FAKE,2,10,0.650052,0.316604,1.04889,0.583174,0.2,
ES2,rf_s0_repro,FAKE,3,10,0.829736,0.363082,1.41968,0.654609,0.1,
ES2,rf_s0_repro,FAKE,5,10,1.01241,0.392697,1.77292,0.585551,0.1,
ES2,rf_s0_repro,FAKE_SHR,0,10,0,0,0,0,0,
ES2,rf_s0_repro,FAKE_SHR,1,10,0.457966,0.20484,0.716612,0.348588,0.2,
ES2,rf_s0_repro,FAKE_SHR,2,10,0.497829,0.236112,0.809628,0.444364,0.2,
ES2,rf_s0_repro,FAKE_SHR,3,10,0.695165,0.29591,1.1974,0.545457,0.1,
ES2,rf_s0_repro,FAKE_SHR,5,10,0.908731,0.344853,1.59818,0.508909,0.1,
ES2,rf_s0_repro,OFF,0,10,0,0,0,0,0,
ES2,rf_s0_repro,OFF,1,10,-0.211693,-0.470811,0.0231496,-0.168336,0.5,
ES2,rf_s0_repro,OFF,2,10,-0.303076,-0.539116,-0.089994,-0.268832,0.7,
ES2,rf_s0_repro,OFF,3,10,-0.344286,-0.561467,-0.147167,-0.317449,0.8,
ES2,rf_s0_repro,OFF,5,10,-0.348981,-0.57506,-0.139443,-0.342706,0.7,
ES2,rf_s0_repro,SHR,0,10,0,0,0,0,0,
ES2,rf_s0_repro,SHR,1,10,-0.264027,-0.467265,-0.075483,-0.245723,0.7,
ES2,rf_s0_repro,SHR,2,10,-0.323584,-0.535104,-0.130574,-0.307471,0.8,
ES2,rf_s0_repro,SHR,3,10,-0.347726,-0.549592,-0.163019,-0.329109,0.8,
ES2,rf_s0_repro,SHR,5,10,-0.358362,-0.580641,-0.15144,-0.351802,0.8,
ES1,rf_s1,FAKE,0,33,0,0,0,0,0,
ES1,rf_s1,FAKE,1,33,0.873729,0.575634,1.22517,0.463881,0,
ES1,rf_s1,FAKE,2,33,0.680901,0.42654,0.982668,0.372901,0.030303,
ES1,rf_s1,FAKE,3,33,0.737982,0.48145,1.02873,0.326203,0.030303,
ES1,rf_s1,FAKE,5,33,0.558951,0.356637,0.780587,0.262492,0,
ES1,rf_s1,FAKE_SHR,0,33,0,0,0,0,0,
ES1,rf_s1,FAKE_SHR,1,33,0.386846,0.237404,0.563957,0.207086,0.030303,
ES1,rf_s1,FAKE_SHR,2,33,0.415446,0.24514,0.619006,0.22043,0.0606061,
ES1,rf_s1,FAKE_SHR,3,33,0.535418,0.336261,0.759122,0.207957,0.0606061,
ES1,rf_s1,FAKE_SHR,5,33,0.447661,0.278194,0.631293,0.200281,0.030303,
ES1,rf_s1,OFF,0,33,0,0,0,0,0,
ES1,rf_s1,OFF,1,33,-0.185678,-0.329069,-0.0486064,-0.10765,0.606061,
ES1,rf_s1,OFF,2,33,-0.276414,-0.404088,-0.155244,-0.184411,0.787879,
ES1,rf_s1,OFF,3,33,-0.319738,-0.440638,-0.202884,-0.227173,0.818182,
ES1,rf_s1,OFF,5,33,-0.340806,-0.460245,-0.22662,-0.244178,0.818182,
ES1,rf_s1,SHR,0,33,0,0,0,0,0,
ES1,rf_s1,SHR,1,33,-0.212289,-0.295182,-0.131021,-0.207754,0.757576,
ES1,rf_s1,SHR,2,33,-0.281979,-0.378524,-0.187232,-0.244671,0.848485,
ES1,rf_s1,SHR,3,33,-0.318362,-0.417598,-0.218449,-0.271023,0.848485,
ES1,rf_s1,SHR,5,33,-0.339446,-0.443141,-0.237036,-0.272519,0.848485,
ES2,rf_s1,FAKE,0,10,0,0,0,0,0,
ES2,rf_s1,FAKE,1,10,0.756126,0.30006,1.32543,0.51417,0.1,
ES2,rf_s1,FAKE,2,10,0.649368,0.279848,1.08399,0.478924,0.2,
ES2,rf_s1,FAKE,3,10,0.557245,0.178812,1.05464,0.322374,0.2,
ES2,rf_s1,FAKE,5,10,0.929493,0.422552,1.51798,0.625628,0,
ES2,rf_s1,FAKE_SHR,0,10,0,0,0,0,0,
ES2,rf_s1,FAKE_SHR,1,10,0.460606,0.156918,0.836397,0.320922,0.2,
ES2,rf_s1,FAKE_SHR,2,10,0.496242,0.206486,0.836139,0.363544,0.2,
ES2,rf_s1,FAKE_SHR,3,10,0.453759,0.133002,0.879122,0.267782,0.3,
ES2,rf_s1,FAKE_SHR,5,10,0.833136,0.373624,1.36601,0.555563,0,
ES2,rf_s1,OFF,0,10,0,0,0,0,0,
ES2,rf_s1,OFF,1,10,-0.197122,-0.468632,0.0534431,-0.177129,0.6,
ES2,rf_s1,OFF,2,10,-0.297221,-0.530646,-0.0755619,-0.317351,0.7,
ES2,rf_s1,OFF,3,10,-0.331987,-0.553479,-0.11806,-0.355264,0.7,
ES2,rf_s1,OFF,5,10,-0.349879,-0.569804,-0.140027,-0.376749,0.7,
ES2,rf_s1,SHR,0,10,0,0,0,0,0,
ES2,rf_s1,SHR,1,10,-0.241294,-0.441049,-0.0526899,-0.263305,0.7,
ES2,rf_s1,SHR,2,10,-0.315223,-0.523231,-0.119539,-0.341704,0.7,
ES2,rf_s1,SHR,3,10,-0.340535,-0.552069,-0.138289,-0.365282,0.7,
ES2,rf_s1,SHR,5,10,-0.355727,-0.57033,-0.150658,-0.382542,0.8,
DES_RHO,rf_s1,FAKE,0,101,0,0,0,0,0,
DES_RHO,rf_s1,FAKE,1,101,1.70491,1.31839,2.15108,0.865589,0.029703,
DES_RHO,rf_s1,FAKE,2,101,1.33905,1.06999,1.65139,0.813409,0.019802,
DES_RHO,rf_s1,FAKE,3,101,1.057,0.841306,1.30638,0.682144,0.039604,
DES_RHO,rf_s1,FAKE,5,101,1.1163,0.901689,1.36598,0.695924,0.019802,
DES_RHO,rf_s1,FAKE_SHR,0,101,0,0,0,0,0,
DES_RHO,rf_s1,FAKE_SHR,1,101,0.464177,0.345392,0.599486,0.210577,0.039604,
DES_RHO,rf_s1,FAKE_SHR,2,101,0.582484,0.45413,0.730585,0.325625,0.049505,
DES_RHO,rf_s1,FAKE_SHR,3,101,0.561904,0.440122,0.705501,0.333336,0.049505,
DES_RHO,rf_s1,FAKE_SHR,5,101,0.739722,0.591636,0.910019,0.447943,0.019802,
DES_RHO,rf_s1,OFF,0,101,0,0,0,0,0,
DES_RHO,rf_s1,OFF,1,101,0.223083,0.151462,0.300269,0.221384,0.168317,
DES_RHO,rf_s1,OFF,2,101,0.12719,0.064537,0.188784,0.135218,0.237624,
DES_RHO,rf_s1,OFF,3,101,0.08466,0.0233345,0.144279,0.102182,0.237624,
DES_RHO,rf_s1,OFF,5,101,0.084911,0.00141373,0.177222,0.0770041,0.267327,
DES_RHO,rf_s1,SHR,0,101,0,0,0,0,0,
DES_RHO,rf_s1,SHR,1,101,0.00337176,-0.022114,0.029561,0.0152439,0.366337,
DES_RHO,rf_s1,SHR,2,101,0.00107133,-0.0328836,0.033173,0.024097,0.39604,
DES_RHO,rf_s1,SHR,3,101,-0.0049915,-0.0450689,0.0333411,0.0260833,0.405941,
DES_RHO,rf_s1,SHR,5,101,0.0177979,-0.0424623,0.0844186,0.0274134,0.376238,
DES_ETA,rf_s1,FAKE,0,79,0,0,0,0,0,
DES_ETA,rf_s1,FAKE,1,79,1.01531,0.712983,1.39472,0.534295,0.0253165,
DES_ETA,rf_s1,FAKE,2,79,1.07049,0.768007,1.42581,0.496216,0.0253165,
DES_ETA,rf_s1,FAKE,3,79,1.06752,0.735685,1.43019,0.501239,0.0253165,
DES_ETA,rf_s1,FAKE,5,79,1.00204,0.700535,1.34838,0.488093,0.0126582,
DES_ETA,rf_s1,FAKE_SHR,0,79,0,0,0,0,0,
DES_ETA,rf_s1,FAKE_SHR,1,79,0.584193,0.394026,0.826035,0.277641,0.0506329,
DES_ETA,rf_s1,FAKE_SHR,2,79,0.789816,0.556056,1.06652,0.341262,0.0253165,
DES_ETA,rf_s1,FAKE_SHR,3,79,0.869015,0.592986,1.17415,0.388923,0.0253165,
DES_ETA,rf_s1,FAKE_SHR,5,79,0.880995,0.611286,1.18976,0.423744,0.0126582,
DES_ETA,rf_s1,OFF,0,79,0,0,0,0,0,
DES_ETA,rf_s1,OFF,1,79,0.0126492,-0.0692128,0.0889662,0.0994376,0.417722,
DES_ETA,rf_s1,OFF,2,79,-0.105086,-0.176103,-0.0358274,0.0203468,0.493671,
DES_ETA,rf_s1,OFF,3,79,-0.156016,-0.222252,-0.0902195,-0.0534281,0.56962,
DES_ETA,rf_s1,OFF,5,79,-0.188631,-0.252637,-0.127016,-0.0735524,0.632911,
DES_ETA,rf_s1,SHR,0,79,0,0,0,0,0,
DES_ETA,rf_s1,SHR,1,79,-0.0872435,-0.146021,-0.0305916,-0.00961821,0.518987,
DES_ETA,rf_s1,SHR,2,79,-0.143695,-0.206338,-0.0822129,-0.0316099,0.582278,
DES_ETA,rf_s1,SHR,3,79,-0.17422,-0.235864,-0.113757,-0.0626424,0.64557,
DES_ETA,rf_s1,SHR,5,79,-0.198331,-0.259181,-0.138327,-0.0833807,0.658228,
DES_MP,rf_s1,FAKE,0,71,0,0,0,0,0,
DES_MP,rf_s1,FAKE,1,71,0.988872,0.596005,1.53,0.339806,0.028169,
DES_MP,rf_s1,FAKE,2,71,0.894016,0.555391,1.33415,0.416412,0.028169,
DES_MP,rf_s1,FAKE,3,71,1.05774,0.650498,1.59059,0.48121,0.056338,
DES_MP,rf_s1,FAKE,5,71,0.929798,0.614211,1.33122,0.395205,0.028169,
DES_MP,rf_s1,FAKE_SHR,0,71,0,0,0,0,0,
DES_MP,rf_s1,FAKE_SHR,1,71,0.483351,0.271438,0.783798,0.13515,0.140845,
DES_MP,rf_s1,FAKE_SHR,2,71,0.591946,0.354323,0.903423,0.249049,0.0704225,
DES_MP,rf_s1,FAKE_SHR,3,71,0.801551,0.481434,1.22306,0.359984,0.0704225,
DES_MP,rf_s1,FAKE_SHR,5,71,0.77718,0.507359,1.12399,0.324587,0.056338,
DES_MP,rf_s1,OFF,0,71,0,0,0,0,0,
DES_MP,rf_s1,OFF,1,71,0.0138039,-0.0686287,0.0937523,0.0357555,0.464789,
DES_MP,rf_s1,OFF,2,71,-0.10175,-0.172161,-0.0341203,-0.0551301,0.535211,
DES_MP,rf_s1,OFF,3,71,-0.148557,-0.215682,-0.084605,-0.108511,0.633803,
DES_MP,rf_s1,OFF,5,71,-0.181266,-0.245169,-0.119943,-0.144891,0.661972,
DES_MP,rf_s1,SHR,0,71,0,0,0,0,0,
DES_MP,rf_s1,SHR,1,71,-0.101464,-0.154073,-0.0478658,-0.0668548,0.591549,
DES_MP,rf_s1,SHR,2,71,-0.149573,-0.20728,-0.0915465,-0.124714,0.676056,
DES_MP,rf_s1,SHR,3,71,-0.174883,-0.233868,-0.116087,-0.147627,0.676056,
DES_MP,rf_s1,SHR,5,71,-0.195503,-0.25552,-0.137764,-0.166561,0.704225,
IL_CELL,rf_s1,FAKE,0,19,0,0,0,0,0,
IL_CELL,rf_s1,FAKE,1,19,1.29622,0.348761,2.94275,0.347758,0,
IL_CELL,rf_s1,FAKE,2,19,1.19045,0.292564,2.69911,0.317498,0,
IL_CELL,rf_s1,FAKE,3,19,0.976238,0.293631,2.14484,0.278689,0,
IL_CELL,rf_s1,FAKE,5,19,1.01034,0.27942,2.25826,0.297043,0,
IL_CELL,rf_s1,FAKE_SHR,0,19,0,0,0,0,0,
IL_CELL,rf_s1,FAKE_SHR,1,19,0.309042,0.036552,0.792626,0.058075,0.105263,
IL_CELL,rf_s1,FAKE_SHR,2,19,0.489001,0.088159,1.18554,0.124054,0.105263,
IL_CELL,rf_s1,FAKE_SHR,3,19,0.507787,0.128649,1.17343,0.122563,0,
IL_CELL,rf_s1,FAKE_SHR,5,19,0.6498,0.152044,1.50217,0.177596,0,
IL_CELL,rf_s1,OFF,0,19,0,0,0,0,0,
IL_CELL,rf_s1,OFF,1,19,-0.00260513,-0.199236,0.17385,0.127163,0.368421,
IL_CELL,rf_s1,OFF,2,19,-0.120511,-0.294395,0.0320338,0.0363336,0.473684,
IL_CELL,rf_s1,OFF,3,19,-0.169373,-0.33012,-0.0262934,-0.0112975,0.578947,
IL_CELL,rf_s1,OFF,5,19,-0.184654,-0.349928,-0.0323376,-0.0623478,0.631579,
IL_CELL,rf_s1,SHR,0,19,0,0,0,0,0,
IL_CELL,rf_s1,SHR,1,19,-0.101261,-0.16232,-0.0429507,-0.0579749,0.789474,
IL_CELL,rf_s1,SHR,2,19,-0.147401,-0.23407,-0.0685074,-0.079413,0.842105,
IL_CELL,rf_s1,SHR,3,19,-0.173304,-0.272598,-0.0825863,-0.0779041,0.789474,
IL_CELL,rf_s1,SHR,5,19,-0.191592,-0.318561,-0.0776149,-0.0806087,0.684211,
DYE,rf_s1,FAKE,0,4,0,0,0,0,0,
DYE,rf_s1,FAKE,1,4,0.266263,-0.0177203,0.481322,0.335187,0.25,
DYE,rf_s1,FAKE,2,4,0.242309,0.00017596,0.441705,0.285045,0.25,
DYE,rf_s1,FAKE,3,4,0.276131,0.102758,0.447307,0.296587,0,
DYE,rf_s1,FAKE,5,4,0.222485,-0.0573524,0.403146,0.327266,0.25,
DYE,rf_s1,FAKE_SHR,0,4,0,0,0,0,0,
DYE,rf_s1,FAKE_SHR,1,4,0.0797824,-0.00737695,0.15157,0.10049,0.25,
DYE,rf_s1,FAKE_SHR,2,4,0.119319,-0.00345932,0.205373,0.156044,0.25,
DYE,rf_s1,FAKE_SHR,3,4,0.164293,0.0549556,0.254385,0.183845,0,
DYE,rf_s1,FAKE_SHR,5,4,0.156808,-0.0483136,0.289593,0.229144,0.25,
DYE,rf_s1,OFF,0,4,0,0,0,0,0,
DYE,rf_s1,OFF,1,4,-0.0828998,-0.563367,0.271995,0.0426728,0.5,
DYE,rf_s1,OFF,2,4,-0.118503,-0.587131,0.257642,-0.026019,0.5,
DYE,rf_s1,OFF,3,4,-0.198971,-0.619154,0.129101,-0.10686,0.75,
DYE,rf_s1,OFF,5,4,-0.224173,-0.643862,0.0876204,-0.116278,0.75,
DYE,rf_s1,SHR,0,4,0,0,0,0,0,
DYE,rf_s1,SHR,1,4,-0.0888461,-0.239764,0.0537717,-0.0714018,0.5,
DYE,rf_s1,SHR,2,4,-0.123644,-0.366852,0.106145,-0.100715,0.5,
DYE,rf_s1,SHR,3,4,-0.172772,-0.453183,0.0637385,-0.128872,0.75,
DYE,rf_s1,SHR,5,4,-0.20708,-0.532452,0.0500654,-0.138855,0.75,
ES1,rf_s2,FAKE,0,33,0,0,0,0,0,
ES1,rf_s2,FAKE,1,33,0.779947,0.542629,1.04304,0.446865,0.030303,
ES1,rf_s2,FAKE,2,33,0.742976,0.509836,1.01166,0.465907,0.030303,
ES1,rf_s2,FAKE,3,33,0.739744,0.457651,1.07183,0.31766,0,
ES1,rf_s2,FAKE,5,33,0.585862,0.363637,0.846574,0.308008,0.0606061,
ES1,rf_s2,FAKE_SHR,0,33,0,0,0,0,0,
ES1,rf_s2,FAKE_SHR,1,33,0.31761,0.209851,0.4325,0.160222,0.0909091,
ES1,rf_s2,FAKE_SHR,2,33,0.460048,0.307264,0.634755,0.238694,0.0606061,
ES1,rf_s2,FAKE_SHR,3,33,0.524573,0.313773,0.773427,0.215136,0,
ES1,rf_s2,FAKE_SHR,5,33,0.467217,0.283462,0.685659,0.248365,0.0909091,
ES1,rf_s2,OFF,0,33,0,0,0,0,0,
ES1,rf_s2,OFF,1,33,-0.149276,-0.297841,-0.00467477,-0.105435,0.575758,
ES1,rf_s2,OFF,2,33,-0.252101,-0.382914,-0.124753,-0.170241,0.636364,
ES1,rf_s2,OFF,3,33,-0.305243,-0.427337,-0.193156,-0.219353,0.757576,
ES1,rf_s2,OFF,5,33,-0.314295,-0.437487,-0.195768,-0.242747,0.848485,
ES1,rf_s2,SHR,0,33,0,0,0,0,0,
ES1,rf_s2,SHR,1,33,-0.193018,-0.277164,-0.109946,-0.157439,0.69697,
ES1,rf_s2,SHR,2,33,-0.259136,-0.355938,-0.163317,-0.226482,0.787879,
ES1,rf_s2,SHR,3,33,-0.302887,-0.400571,-0.208186,-0.26174,0.848485,
ES1,rf_s2,SHR,5,33,-0.315467,-0.424147,-0.207446,-0.254697,0.848485,
ES2,rf_s2,FAKE,0,10,0,0,0,0,0,
ES2,rf_s2,FAKE,1,10,0.769963,0.393638,1.223,0.586312,0,
ES2,rf_s2,FAKE,2,10,0.692018,0.268231,1.31534,0.470481,0.2,
ES2,rf_s2,FAKE,3,10,0.798394,0.375547,1.26464,0.520826,0,
ES2,rf_s2,FAKE,5,10,0.857097,0.323465,1.56258,0.606517,0.1,
ES2,rf_s2,FAKE_SHR,0,10,0,0,0,0,0,
ES2,rf_s2,FAKE_SHR,1,10,0.479988,0.235977,0.775281,0.377176,0,
ES2,rf_s2,FAKE_SHR,2,10,0.535421,0.194754,1.03151,0.379624,0.2,
ES2,rf_s2,FAKE_SHR,3,10,0.670213,0.305295,1.07429,0.431686,0.1,
ES2,rf_s2,FAKE_SHR,5,10,0.769801,0.282443,1.41646,0.537992,0.1,
ES2,rf_s2,OFF,0,10,0,0,0,0,0,
ES2,rf_s2,OFF,1,10,-0.207028,-0.46435,0.0340107,-0.211517,0.6,
ES2,rf_s2,OFF,2,10,-0.284609,-0.520598,-0.0670909,-0.290396,0.7,
ES2,rf_s2,OFF,3,10,-0.31522,-0.543564,-0.101222,-0.299843,0.7,
ES2,rf_s2,OFF,5,10,-0.373919,-0.579157,-0.183644,-0.342155,0.8,
ES2,rf_s2,SHR,0,10,0,0,0,0,0,
ES2,rf_s2,SHR,1,10,-0.245949,-0.444755,-0.0556015,-0.265243,0.7,
ES2,rf_s2,SHR,2,10,-0.304413,-0.516728,-0.103583,-0.312449,0.7,
ES2,rf_s2,SHR,3,10,-0.325305,-0.541581,-0.124183,-0.316527,0.8,
ES2,rf_s2,SHR,5,10,-0.376553,-0.57735,-0.188674,-0.34738,0.9,
DES_RHO,rf_s2,FAKE,0,101,0,0,0,0,0,
DES_RHO,rf_s2,FAKE,1,101,1.54752,1.20422,1.92761,0.871616,0.029703,
DES_RHO,rf_s2,FAKE,2,101,1.31079,1.01178,1.66631,0.815666,0,
DES_RHO,rf_s2,FAKE,3,101,1.16764,0.920512,1.45902,0.611194,0.00990099,
DES_RHO,rf_s2,FAKE,5,101,1.14311,0.895886,1.44993,0.571938,0.00990099,
DES_RHO,rf_s2,FAKE_SHR,0,101,0,0,0,0,0,
DES_RHO,rf_s2,FAKE_SHR,1,101,0.443009,0.331822,0.567724,0.223932,0.049505,
DES_RHO,rf_s2,FAKE_SHR,2,101,0.600219,0.451576,0.777228,0.338904,0.029703,
DES_RHO,rf_s2,FAKE_SHR,3,101,0.656872,0.510242,0.83117,0.319485,0.00990099,
DES_RHO,rf_s2,FAKE_SHR,5,101,0.785395,0.609644,1.00631,0.379267,0.00990099,
DES_RHO,rf_s2,OFF,0,101,0,0,0,0,0,
DES_RHO,rf_s2,OFF,1,101,0.264403,0.192028,0.333642,0.289287,0.138614,
DES_RHO,rf_s2,OFF,2,101,0.137113,0.0771354,0.194088,0.164635,0.178218,
DES_RHO,rf_s2,OFF,3,101,0.0942406,0.0312255,0.155898,0.11147,0.257426,
DES_RHO,rf_s2,OFF,5,101,0.108278,0.000798487,0.258945,0.0665631,0.316832,
DES_RHO,rf_s2,SHR,0,101,0,0,0,0,0,
DES_RHO,rf_s2,SHR,1,101,0.0206263,-0.00724975,0.0464168,0.0287132,0.336634,
DES_RHO,rf_s2,SHR,2,101,0.0080667,-0.0269578,0.0409835,0.0368163,0.336634,
DES_RHO,rf_s2,SHR,3,101,0.00766699,-0.0336911,0.0462997,0.0394765,0.366337,
DES_RHO,rf_s2,SHR,5,101,0.0399167,-0.0404989,0.148776,0.029331,0.405941,
DES_ETA,rf_s2,FAKE,0,79,0,0,0,0,0,
DES_ETA,rf_s2,FAKE,1,79,1.1907,0.817277,1.61961,0.525731,0.0379747,
DES_ETA,rf_s2,FAKE,2,79,1.06673,0.734151,1.45405,0.505084,0.0379747,
DES_ETA,rf_s2,FAKE,3,79,1.05695,0.739069,1.4181,0.495325,0.0506329,
DES_ETA,rf_s2,FAKE,5,79,1.00469,0.702377,1.33737,0.476398,0.0253165,
DES_ETA,rf_s2,FAKE_SHR,0,79,0,0,0,0,0,
DES_ETA,rf_s2,FAKE_SHR,1,79,0.672066,0.446021,0.935608,0.282112,0.0506329,
DES_ETA,rf_s2,FAKE_SHR,2,79,0.770558,0.520962,1.06023,0.336113,0.0506329,
DES_ETA,rf_s2,FAKE_SHR,3,79,0.846349,0.585054,1.14407,0.381248,0.0632911,
DES_ETA,rf_s2,FAKE_SHR,5,79,0.874094,0.605733,1.16945,0.401528,0.0379747,
DES_ETA,rf_s2,OFF,0,79,0,0,0,0,0,
DES_ETA,rf_s2,OFF,1,79,0.00733265,-0.0705804,0.0822477,0.0830856,0.405063,
DES_ETA,rf_s2,OFF,2,79,-0.103159,-0.173171,-0.0334424,-0.0193192,0.506329,
DES_ETA,rf_s2,OFF,3,79,-0.15386,-0.218481,-0.0907491,-0.0700001,0.582278,
DES_ETA,rf_s2,OFF,5,79,-0.175555,-0.241102,-0.112113,-0.0817474,0.670886,
DES_ETA,rf_s2,SHR,0,79,0,0,0,0,0,
DES_ETA,rf_s2,SHR,1,79,-0.0952283,-0.151651,-0.0392541,-0.0193762,0.531646,
DES_ETA,rf_s2,SHR,2,79,-0.141203,-0.200595,-0.081119,-0.0920832,0.594937,
DES_ETA,rf_s2,SHR,3,79,-0.172925,-0.232827,-0.114317,-0.105565,0.64557,
DES_ETA,rf_s2,SHR,5,79,-0.186469,-0.248901,-0.125193,-0.0984765,0.683544,
DES_MP,rf_s2,FAKE,0,71,0,0,0,0,0,
DES_MP,rf_s2,FAKE,1,71,0.967254,0.587395,1.54911,0.435416,0.056338,
DES_MP,rf_s2,FAKE,2,71,1.02953,0.644416,1.54272,0.471774,0.0140845,
DES_MP,rf_s2,FAKE,3,71,0.989668,0.644897,1.44935,0.441729,0.028169,
DES_MP,rf_s2,FAKE,5,71,1.13819,0.678655,1.75239,0.45768,0.056338,
DES_MP,rf_s2,FAKE_SHR,0,71,0,0,0,0,0,
DES_MP,rf_s2,FAKE_SHR,1,71,0.498399,0.279966,0.835024,0.181522,0.112676,
DES_MP,rf_s2,FAKE_SHR,2,71,0.711097,0.4293,1.08869,0.314238,0.056338,
DES_MP,rf_s2,FAKE_SHR,3,71,0.763905,0.487197,1.13586,0.329736,0.0422535,
DES_MP,rf_s2,FAKE_SHR,5,71,0.972461,0.571001,1.51205,0.365527,0.0985915,
DES_MP,rf_s2,OFF,0,71,0,0,0,0,0,
DES_MP,rf_s2,OFF,1,71,0.00598025,-0.0720924,0.08097,0.0417233,0.464789,
DES_MP,rf_s2,OFF,2,71,-0.101483,-0.172275,-0.0313099,-0.077296,0.577465,
DES_MP,rf_s2,OFF,3,71,-0.135578,-0.205743,-0.0674923,-0.087105,0.647887,
DES_MP,rf_s2,OFF,5,71,-0.168076,-0.23307,-0.102023,-0.121746,0.661972,
DES_MP,rf_s2,SHR,0,71,0,0,0,0,0,
DES_MP,rf_s2,SHR,1,71,-0.101803,-0.156217,-0.0484015,-0.0742802,0.591549,
DES_MP,rf_s2,SHR,2,71,-0.143489,-0.201018,-0.0846772,-0.121015,0.647887,
DES_MP,rf_s2,SHR,3,71,-0.160856,-0.222581,-0.0990724,-0.109016,0.661972,
DES_MP,rf_s2,SHR,5,71,-0.18211,-0.245046,-0.120078,-0.138778,0.676056,
IL_CELL,rf_s2,FAKE,0,19,0,0,0,0,0,
IL_CELL,rf_s2,FAKE,1,19,1.31439,0.334978,2.98453,0.365504,0,
IL_CELL,rf_s2,FAKE,2,19,1.07556,0.313781,2.29407,0.318991,0,
IL_CELL,rf_s2,FAKE,3,19,0.782131,0.237082,1.63669,0.266559,0,
IL_CELL,rf_s2,FAKE,5,19,0.873831,0.266226,1.88266,0.27167,0,
IL_CELL,rf_s2,FAKE_SHR,0,19,0,0,0,0,0,
IL_CELL,rf_s2,FAKE_SHR,1,19,0.306311,0.0496831,0.765375,0.0580917,0.105263,
IL_CELL,rf_s2,FAKE_SHR,2,19,0.443039,0.106785,1.00262,0.0966901,0,
IL_CELL,rf_s2,FAKE_SHR,3,19,0.382226,0.0916177,0.846646,0.120472,0.0526316,
IL_CELL,rf_s2,FAKE_SHR,5,19,0.558052,0.146291,1.24547,0.139421,0.0526316,
IL_CELL,rf_s2,OFF,0,19,0,0,0,0,0,
IL_CELL,rf_s2,OFF,1,19,-0.0366181,-0.215606,0.121452,0.0667573,0.368421,
IL_CELL,rf_s2,OFF,2,19,-0.121718,-0.293086,0.0278559,-0.027621,0.526316,
IL_CELL,rf_s2,OFF,3,19,-0.180524,-0.338893,-0.0409407,-0.056722,0.631579,
IL_CELL,rf_s2,OFF,5,19,-0.196225,-0.353493,-0.0587604,-0.0325513,0.631579,
IL_CELL,rf_s2,SHR,0,19,0,0,0,0,0,
IL_CELL,rf_s2,SHR,1,19,-0.0970377,-0.153986,-0.0441236,-0.0738298,0.789474,
IL_CELL,rf_s2,SHR,2,19,-0.138012,-0.221066,-0.0606066,-0.111558,0.736842,
IL_CELL,rf_s2,SHR,3,19,-0.181539,-0.279507,-0.0905517,-0.139989,0.736842,
IL_CELL,rf_s2,SHR,5,19,-0.201888,-0.323171,-0.093681,-0.110098,0.736842,
DYE,rf_s2,FAKE,0,4,0,0,0,0,0,
DYE,rf_s2,FAKE,1,4,0.314951,0.103244,0.470582,0.371029,0,
DYE,rf_s2,FAKE,2,4,0.192109,0.11137,0.346107,0.11865,0,
DYE,rf_s2,FAKE,3,4,0.218823,0.0826149,0.379695,0.194158,0,
DYE,rf_s2,FAKE,5,4,0.322744,0.0836559,0.526304,0.358273,0.25,
DYE,rf_s2,FAKE_SHR,0,4,0,0,0,0,0,
DYE,rf_s2,FAKE_SHR,1,4,0.0970805,0.0274357,0.167235,0.0965705,0.25,
DYE,rf_s2,FAKE_SHR,2,4,0.0784374,0.0272529,0.154834,0.0532248,0,
DYE,rf_s2,FAKE_SHR,3,4,0.135252,0.0505243,0.223043,0.126102,0,
DYE,rf_s2,FAKE_SHR,5,4,0.238338,0.0580235,0.389193,0.267796,0.25,
DYE,rf_s2,OFF,0,4,0,0,0,0,0,
DYE,rf_s2,OFF,1,4,-0.0329468,-0.521152,0.394082,0.0736304,0.5,
DYE,rf_s2,OFF,2,4,-0.152298,-0.59905,0.210636,-0.06848,0.5,
DYE,rf_s2,OFF,3,4,-0.212656,-0.607257,0.120378,-0.0997205,0.5,
DYE,rf_s2,OFF,5,4,-0.238777,-0.641719,0.0552302,-0.129842,0.75,
DYE,rf_s2,SHR,0,4,0,0,0,0,0,
DYE,rf_s2,SHR,1,4,-0.0755785,-0.255448,0.104291,-0.0600003,0.5,
DYE,rf_s2,SHR,2,4,-0.14104,-0.37244,0.0761502,-0.126831,0.75,
DYE,rf_s2,SHR,3,4,-0.183837,-0.443243,0.0602671,-0.128314,0.5,
DYE,rf_s2,SHR,5,4,-0.222068,-0.531074,0.0213313,-0.15646,0.75,
ES1,rf_s3,FAKE,0,33,0,0,0,0,0,
ES1,rf_s3,FAKE,1,33,0.865476,0.544581,1.26601,0.521414,0.0606061,
ES1,rf_s3,FAKE,2,33,0.764814,0.478282,1.12221,0.432445,0.030303,
ES1,rf_s3,FAKE,3,33,0.75648,0.457971,1.12326,0.310203,0,
ES1,rf_s3,FAKE,5,33,0.672303,0.404511,1.01884,0.327033,0.0606061,
ES1,rf_s3,FAKE_SHR,0,33,0,0,0,0,0,
ES1,rf_s3,FAKE_SHR,1,33,0.34666,0.196967,0.54388,0.208688,0.121212,
ES1,rf_s3,FAKE_SHR,2,33,0.466302,0.27806,0.707576,0.246498,0.0909091,
ES1,rf_s3,FAKE_SHR,3,33,0.534788,0.310464,0.81401,0.196878,0.0606061,
ES1,rf_s3,FAKE_SHR,5,33,0.542384,0.320978,0.83652,0.256797,0.0606061,
ES1,rf_s3,OFF,0,33,0,0,0,0,0,
ES1,rf_s3,OFF,1,33,-0.169667,-0.313446,-0.0300362,-0.0936429,0.606061,
ES1,rf_s3,OFF,2,33,-0.265191,-0.39569,-0.139112,-0.185878,0.727273,
ES1,rf_s3,OFF,3,33,-0.316536,-0.435294,-0.202767,-0.254605,0.818182,
ES1,rf_s3,OFF,5,33,-0.337282,-0.453255,-0.226344,-0.303442,0.787879,
ES1,rf_s3,SHR,0,33,0,0,0,0,0,
ES1,rf_s3,SHR,1,33,-0.212216,-0.291535,-0.132878,-0.194851,0.757576,
ES1,rf_s3,SHR,2,33,-0.270969,-0.36672,-0.177963,-0.247953,0.818182,
ES1,rf_s3,SHR,3,33,-0.310832,-0.405696,-0.217189,-0.272187,0.878788,
ES1,rf_s3,SHR,5,33,-0.336288,-0.437086,-0.237316,-0.311964,0.818182,
ES2,rf_s3,FAKE,0,10,0,0,0,0,0,
ES2,rf_s3,FAKE,1,10,0.812538,0.380658,1.28331,0.615924,0.1,
ES2,rf_s3,FAKE,2,10,0.85204,0.384142,1.3638,0.434882,0.1,
ES2,rf_s3,FAKE,3,10,0.816519,0.29716,1.46213,0.421616,0.1,
ES2,rf_s3,FAKE,5,10,0.999368,0.474845,1.60889,0.621631,0,
ES2,rf_s3,FAKE_SHR,0,10,0,0,0,0,0,
ES2,rf_s3,FAKE_SHR,1,10,0.532315,0.249491,0.843458,0.40636,0.1,
ES2,rf_s3,FAKE_SHR,2,10,0.669585,0.290494,1.08481,0.309963,0.1,
ES2,rf_s3,FAKE_SHR,3,10,0.689485,0.23652,1.24975,0.332372,0.1,
ES2,rf_s3,FAKE_SHR,5,10,0.90149,0.419425,1.45798,0.536229,0,
ES2,rf_s3,OFF,0,10,0,0,0,0,0,
ES2,rf_s3,OFF,1,10,-0.18788,-0.444149,0.0520851,-0.169375,0.5,
ES2,rf_s3,OFF,2,10,-0.282354,-0.513408,-0.0678788,-0.269088,0.7,
ES2,rf_s3,OFF,3,10,-0.313348,-0.542492,-0.0967563,-0.343452,0.7,
ES2,rf_s3,OFF,5,10,-0.341609,-0.558426,-0.136697,-0.344288,0.8,
ES2,rf_s3,SHR,0,10,0,0,0,0,0,
ES2,rf_s3,SHR,1,10,-0.240262,-0.45809,-0.0411292,-0.218339,0.6,
ES2,rf_s3,SHR,2,10,-0.301281,-0.516121,-0.1,-0.283359,0.7,
ES2,rf_s3,SHR,3,10,-0.321441,-0.537048,-0.113488,-0.346585,0.7,
ES2,rf_s3,SHR,5,10,-0.351451,-0.567499,-0.148321,-0.347502,0.8,
DES_RHO,rf_s3,FAKE,0,101,0,0,0,0,0,
DES_RHO,rf_s3,FAKE,1,101,1.55863,1.21954,1.94152,1.02849,0.029703,
DES_RHO,rf_s3,FAKE,2,101,1.44138,1.10686,1.81948,0.924088,0.029703,
DES_RHO,rf_s3,FAKE,3,101,1.22795,0.949115,1.5714,0.695887,0.019802,
DES_RHO,rf_s3,FAKE,5,101,1.30118,1.03731,1.59923,0.711949,0.019802,
DES_RHO,rf_s3,FAKE_SHR,0,101,0,0,0,0,0,
DES_RHO,rf_s3,FAKE_SHR,1,101,0.473069,0.356107,0.604289,0.267084,0.0693069,
DES_RHO,rf_s3,FAKE_SHR,2,101,0.692792,0.5211,0.89173,0.402385,0.049505,
DES_RHO,rf_s3,FAKE_SHR,3,101,0.716374,0.543936,0.926385,0.383374,0.039604,
DES_RHO,rf_s3,FAKE_SHR,5,101,0.914035,0.719906,1.13564,0.486384,0.039604,
DES_RHO,rf_s3,OFF,0,101,0,0,0,0,0,
DES_RHO,rf_s3,OFF,1,101,0.237656,0.174967,0.300644,0.265284,0.148515,
DES_RHO,rf_s3,OFF,2,101,0.154082,0.0907731,0.214692,0.157485,0.178218,
DES_RHO,rf_s3,OFF,3,101,0.111028,0.0422412,0.185914,0.113692,0.237624,
DES_RHO,rf_s3,OFF,5,101,0.103933,0.00586127,0.223565,0.075787,0.316832,
DES_RHO,rf_s3,SHR,0,101,0,0,0,0,0,
DES_RHO,rf_s3,SHR,1,101,0.0118893,-0.0151477,0.038199,0.0312882,0.316832,
DES_RHO,rf_s3,SHR,2,101,0.018215,-0.0190674,0.0540457,0.0401485,0.346535,
DES_RHO,rf_s3,SHR,3,101,0.0155457,-0.0298766,0.0629996,0.0433449,0.346535,
DES_RHO,rf_s3,SHR,5,101,0.0359807,-0.0367886,0.121495,0.0351756,0.405941,
DES_ETA,rf_s3,FAKE,0,79,0,0,0,0,0,
DES_ETA,rf_s3,FAKE,1,79,1.01381,0.723813,1.34589,0.490174,0.0379747,
DES_ETA,rf_s3,FAKE,2,79,1.18505,0.826602,1.61453,0.548853,0.0253165,
DES_ETA,rf_s3,FAKE,3,79,1.13935,0.769518,1.57459,0.454961,0.0126582,
DES_ETA,rf_s3,FAKE,5,79,0.979233,0.693202,1.30293,0.428313,0.0506329,
DES_ETA,rf_s3,FAKE_SHR,0,79,0,0,0,0,0,
DES_ETA,rf_s3,FAKE_SHR,1,79,0.562197,0.386953,0.761645,0.24159,0.0506329,
DES_ETA,rf_s3,FAKE_SHR,2,79,0.865185,0.595053,1.19202,0.367487,0.0506329,
DES_ETA,rf_s3,FAKE_SHR,3,79,0.915429,0.609491,1.27687,0.343715,0.0379747,
DES_ETA,rf_s3,FAKE_SHR,5,79,0.854268,0.602301,1.14183,0.369628,0.0506329,
DES_ETA,rf_s3,OFF,0,79,0,0,0,0,0,
DES_ETA,rf_s3,OFF,1,79,0.0171203,-0.0611092,0.0967378,0.143152,0.43038,
DES_ETA,rf_s3,OFF,2,79,-0.0966043,-0.16755,-0.0267536,-0.0168887,0.518987,
DES_ETA,rf_s3,OFF,3,79,-0.135398,-0.204324,-0.0677481,-0.0680863,0.582278,
DES_ETA,rf_s3,OFF,5,79,-0.182649,-0.246862,-0.121071,-0.129647,0.64557,
DES_ETA,rf_s3,SHR,0,79,0,0,0,0,0,
DES_ETA,rf_s3,SHR,1,79,-0.0877148,-0.143374,-0.0318082,-0.0121792,0.506329,
DES_ETA,rf_s3,SHR,2,79,-0.137999,-0.199888,-0.0779783,-0.0780284,0.556962,
DES_ETA,rf_s3,SHR,3,79,-0.15866,-0.2213,-0.0978689,-0.0923153,0.620253,
DES_ETA,rf_s3,SHR,5,79,-0.19145,-0.253603,-0.132189,-0.138041,0.683544,
DES_MP,rf_s3,FAKE,0,71,0,0,0,0,0,
DES_MP,rf_s3,FAKE,1,71,0.987614,0.606973,1.48484,0.494079,0.0985915,
DES_MP,rf_s3,FAKE,2,71,1.13604,0.637998,1.78675,0.387785,0.056338,
DES_MP,rf_s3,FAKE,3,71,1.13135,0.668122,1.7669,0.435326,0.028169,
DES_MP,rf_s3,FAKE,5,71,1.14598,0.714809,1.72959,0.494728,0.028169,
DES_MP,rf_s3,FAKE_SHR,0,71,0,0,0,0,0,
DES_MP,rf_s3,FAKE_SHR,1,71,0.505366,0.288464,0.787296,0.215465,0.112676,
DES_MP,rf_s3,FAKE_SHR,2,71,0.790575,0.425655,1.26942,0.244685,0.0704225,
DES_MP,rf_s3,FAKE_SHR,3,71,0.879323,0.50723,1.39318,0.323872,0.028169,
DES_MP,rf_s3,FAKE_SHR,5,71,0.979757,0.601908,1.49267,0.401758,0.0422535,
DES_MP,rf_s3,OFF,0,71,0,0,0,0,0,
DES_MP,rf_s3,OFF,1,71,0.0167139,-0.0627086,0.0920951,0.0976783,0.450704,
DES_MP,rf_s3,OFF,2,71,-0.101508,-0.172795,-0.0313232,-0.0604713,0.56338,
DES_MP,rf_s3,OFF,3,71,-0.140466,-0.20785,-0.0740505,-0.0901088,0.619718,
DES_MP,rf_s3,OFF,5,71,-0.164701,-0.232981,-0.0973709,-0.111203,0.633803,
DES_MP,rf_s3,SHR,0,71,0,0,0,0,0,
DES_MP,rf_s3,SHR,1,71,-0.0963012,-0.149226,-0.0438555,-0.0558685,0.577465,
DES_MP,rf_s3,SHR,2,71,-0.145107,-0.204448,-0.0859759,-0.109424,0.676056,
DES_MP,rf_s3,SHR,3,71,-0.166576,-0.228089,-0.106284,-0.115483,0.647887,
DES_MP,rf_s3,SHR,5,71,-0.178684,-0.24309,-0.115549,-0.129934,0.661972,
IL_CELL,rf_s3,FAKE,0,19,0,0,0,0,0,
IL_CELL,rf_s3,FAKE,1,19,1.10875,0.336204,2.38233,0.36312,0.0526316,
IL_CELL,rf_s3,FAKE,2,19,0.956338,0.289913,2.02529,0.251516,0,
IL_CELL,rf_s3,FAKE,3,19,0.948236,0.203803,2.16907,0.238937,0,
IL_CELL,rf_s3,FAKE,5,19,0.916988,0.247844,2.02532,0.201487,0,
IL_CELL,rf_s3,FAKE_SHR,0,19,0,0,0,0,0,
IL_CELL,rf_s3,FAKE_SHR,1,19,0.201591,0.0220024,0.507842,0.045719,0.315789,
IL_CELL,rf_s3,FAKE_SHR,2,19,0.371459,0.0790702,0.842398,0.0742425,0.0526316,
IL_CELL,rf_s3,FAKE_SHR,3,19,0.476803,0.0749004,1.151,0.0963312,0.0526316,
IL_CELL,rf_s3,FAKE_SHR,5,19,0.589936,0.143679,1.33129,0.123755,0,
IL_CELL,rf_s3,OFF,0,19,0,0,0,0,0,
IL_CELL,rf_s3,OFF,1,19,-0.0183319,-0.203921,0.149456,0.117595,0.368421,
IL_CELL,rf_s3,OFF,2,19,-0.142052,-0.307767,0.000487823,-0.0601739,0.526316,
IL_CELL,rf_s3,OFF,3,19,-0.179685,-0.333746,-0.0419988,-0.0845382,0.684211,
IL_CELL,rf_s3,OFF,5,19,-0.207322,-0.357177,-0.0720687,-0.0504929,0.631579,
IL_CELL,rf_s3,SHR,0,19,0,0,0,0,0,
IL_CELL,rf_s3,SHR,1,19,-0.0889927,-0.145628,-0.0353544,-0.0628805,0.789474,
IL_CELL,rf_s3,SHR,2,19,-0.150145,-0.233973,-0.0735436,-0.128426,0.684211,
IL_CELL,rf_s3,SHR,3,19,-0.176732,-0.274824,-0.0847959,-0.136231,0.789474,
IL_CELL,rf_s3,SHR,5,19,-0.21186,-0.330514,-0.106228,-0.0921123,0.789474,
DYE,rf_s3,FAKE,0,4,0,0,0,0,0,
DYE,rf_s3,FAKE,1,4,0.388085,0.112267,0.636389,0.430312,0.25,
DYE,rf_s3,FAKE,2,4,0.29781,0.161793,0.41497,0.316666,0,
DYE,rf_s3,FAKE,3,4,0.194844,0.057046,0.293075,0.234412,0.25,
DYE,rf_s3,FAKE,5,4,0.297211,0.0165135,0.456984,0.426888,0.25,
DYE,rf_s3,FAKE_SHR,0,4,0,0,0,0,0,
DYE,rf_s3,FAKE_SHR,1,4,0.126095,0.033409,0.187678,0.163985,0.25,
DYE,rf_s3,FAKE_SHR,2,4,0.15245,0.079839,0.22506,0.158312,0,
DYE,rf_s3,FAKE_SHR,3,4,0.115441,0.0371564,0.17331,0.141353,0.25,
DYE,rf_s3,FAKE_SHR,5,4,0.225419,0.0115823,0.340473,0.3242,0.25,
DYE,rf_s3,OFF,0,4,0,0,0,0,0,
DYE,rf_s3,OFF,1,4,-0.09626,-0.57616,0.251291,0.0360891,0.5,
DYE,rf_s3,OFF,2,4,-0.18793,-0.618992,0.13213,-0.0769275,0.75,
DYE,rf_s3,OFF,3,4,-0.195981,-0.611198,0.118783,-0.0795048,0.5,
DYE,rf_s3,OFF,5,4,-0.279071,-0.652687,0.00930424,-0.182138,0.75,
DYE,rf_s3,SHR,0,4,0,0,0,0,0,
DYE,rf_s3,SHR,1,4,-0.0920964,-0.252715,0.0505281,-0.0617083,0.5,
DYE,rf_s3,SHR,2,4,-0.166647,-0.377318,0.0271289,-0.144981,0.75,
DYE,rf_s3,SHR,3,4,-0.173559,-0.430643,0.0601254,-0.122963,0.75,
DYE,rf_s3,SHR,5,4,-0.247574,-0.540366,-0.00688095,-0.183106,0.75,
ES1,rf_s4,FAKE,0,33,0,0,0,0,0,
ES1,rf_s4,FAKE,1,33,0.844791,0.550596,1.19393,0.47686,0.030303,
ES1,rf_s4,FAKE,2,33,0.654922,0.40839,0.958114,0.324386,0,
ES1,rf_s4,FAKE,3,33,0.738632,0.473477,1.06025,0.377212,0.030303,
ES1,rf_s4,FAKE,5,33,0.706773,0.435596,1.04232,0.272322,0,
ES1,rf_s4,FAKE_SHR,0,33,0,0,0,0,0,
ES1,rf_s4,FAKE_SHR,1,33,0.357149,0.210121,0.539153,0.170847,0.0606061,
ES1,rf_s4,FAKE_SHR,2,33,0.395265,0.229361,0.604213,0.22229,0.121212,
ES1,rf_s4,FAKE_SHR,3,33,0.522392,0.323997,0.762383,0.264985,0.0606061,
ES1,rf_s4,FAKE_SHR,5,33,0.575157,0.348933,0.856525,0.201933,0,
ES1,rf_s4,OFF,0,33,0,0,0,0,0,
ES1,rf_s4,OFF,1,33,-0.171778,-0.318122,-0.0284917,-0.0677254,0.575758,
ES1,rf_s4,OFF,2,33,-0.270677,-0.400584,-0.147683,-0.165658,0.757576,
ES1,rf_s4,OFF,3,33,-0.312236,-0.437387,-0.195188,-0.246353,0.818182,
ES1,rf_s4,OFF,5,33,-0.338149,-0.456144,-0.2258,-0.235268,0.848485,
ES1,rf_s4,SHR,0,33,0,0,0,0,0,
ES1,rf_s4,SHR,1,33,-0.210487,-0.294216,-0.127901,-0.19706,0.818182,
ES1,rf_s4,SHR,2,33,-0.272212,-0.369572,-0.176426,-0.223853,0.818182,
ES1,rf_s4,SHR,3,33,-0.308481,-0.411216,-0.206605,-0.258151,0.878788,
ES1,rf_s4,SHR,5,33,-0.335044,-0.438316,-0.232032,-0.245197,0.878788,
ES2,rf_s4,FAKE,0,10,0,0,0,0,0,
ES2,rf_s4,FAKE,1,10,0.742023,0.297531,1.30695,0.375898,0.1,
ES2,rf_s4,FAKE,2,10,0.65581,0.247437,1.18219,0.363625,0.1,
ES2,rf_s4,FAKE,3,10,0.571059,0.294864,0.895663,0.45835,0,
ES2,rf_s4,FAKE,5,10,1.03882,0.459334,1.68433,0.739601,0,
ES2,rf_s4,FAKE_SHR,0,10,0,0,0,0,0,
ES2,rf_s4,FAKE_SHR,1,10,0.460194,0.17381,0.821346,0.220232,0.1,
ES2,rf_s4,FAKE_SHR,2,10,0.499177,0.172409,0.91884,0.245801,0.2,
ES2,rf_s4,FAKE_SHR,3,10,0.472037,0.23855,0.745804,0.363519,0.1,
ES2,rf_s4,FAKE_SHR,5,10,0.935679,0.409619,1.5216,0.654739,0,
ES2,rf_s4,OFF,0,10,0,0,0,0,0,
ES2,rf_s4,OFF,1,10,-0.228967,-0.478928,0.0130201,-0.245448,0.6,
ES2,rf_s4,OFF,2,10,-0.328025,-0.520803,-0.144535,-0.319624,0.8,
ES2,rf_s4,OFF,3,10,-0.343592,-0.55088,-0.143899,-0.351262,0.8,
ES2,rf_s4,OFF,5,10,-0.36817,-0.579759,-0.165969,-0.358754,0.8,
ES2,rf_s4,SHR,0,10,0,0,0,0,0,
ES2,rf_s4,SHR,1,10,-0.261789,-0.445271,-0.0838601,-0.294994,0.7,
ES2,rf_s4,SHR,2,10,-0.345846,-0.525939,-0.173725,-0.347326,0.9,
ES2,rf_s4,SHR,3,10,-0.354464,-0.552029,-0.16442,-0.366181,0.8,
ES2,rf_s4,SHR,5,10,-0.372349,-0.575384,-0.178785,-0.371047,0.9,
DES_RHO,rf_s4,FAKE,0,101,0,0,0,0,0,
DES_RHO,rf_s4,FAKE,1,101,1.5362,1.19838,1.91978,0.98761,0.039604,
DES_RHO,rf_s4,FAKE,2,101,1.29854,1.01726,1.68926,0.71905,0.00990099,
DES_RHO,rf_s4,FAKE,3,101,1.20877,0.909484,1.57629,0.702153,0.019802,
DES_RHO,rf_s4,FAKE,5,101,1.12172,0.878371,1.42376,0.57543,0.019802,
DES_RHO,rf_s4,FAKE_SHR,0,101,0,0,0,0,0,
DES_RHO,rf_s4,FAKE_SHR,1,101,0.398049,0.300441,0.511386,0.218672,0.0594059,
DES_RHO,rf_s4,FAKE_SHR,2,101,0.542164,0.411924,0.722245,0.282053,0.049505,
DES_RHO,rf_s4,FAKE_SHR,3,101,0.636529,0.469267,0.847222,0.344022,0.0594059,
DES_RHO,rf_s4,FAKE_SHR,5,101,0.7384,0.572038,0.945949,0.361887,0.029703,
DES_RHO,rf_s4,OFF,0,101,0,0,0,0,0,
DES_RHO,rf_s4,OFF,1,101,0.247971,0.177125,0.316156,0.26208,0.168317,
DES_RHO,rf_s4,OFF,2,101,0.127596,0.0656717,0.188121,0.153489,0.188119,
DES_RHO,rf_s4,OFF,3,101,0.0826738,0.0192288,0.142837,0.0925846,0.227723,
DES_RHO,rf_s4,OFF,5,101,0.154272,0.00719468,0.388104,0.073589,0.29703,
DES_RHO,rf_s4,SHR,0,101,0,0,0,0,0,
DES_RHO,rf_s4,SHR,1,101,0.0103997,-0.0157786,0.0347593,0.0248186,0.366337,
DES_RHO,rf_s4,SHR,2,101,-0.00142224,-0.0346478,0.0299505,0.026723,0.39604,
DES_RHO,rf_s4,SHR,3,101,-0.00636908,-0.0451561,0.0297518,0.0282067,0.455446,
DES_RHO,rf_s4,SHR,5,101,0.0650542,-0.0402263,0.227374,0.0238008,0.39604,
DES_ETA,rf_s4,FAKE,0,79,0,0,0,0,0,
DES_ETA,rf_s4,FAKE,1,79,1.17155,0.790764,1.62037,0.525187,0.0379747,
DES_ETA,rf_s4,FAKE,2,79,1.08772,0.767591,1.4547,0.500834,0.0253165,
DES_ETA,rf_s4,FAKE,3,79,1.01977,0.697564,1.39226,0.442715,0.0379747,
DES_ETA,rf_s4,FAKE,5,79,0.999826,0.667127,1.4093,0.452381,0,
DES_ETA,rf_s4,FAKE_SHR,0,79,0,0,0,0,0,
DES_ETA,rf_s4,FAKE_SHR,1,79,0.677345,0.442188,0.956075,0.2702,0.0506329,
DES_ETA,rf_s4,FAKE_SHR,2,79,0.803709,0.557752,1.08346,0.352464,0.0379747,
DES_ETA,rf_s4,FAKE_SHR,3,79,0.826053,0.558743,1.13642,0.349013,0.0379747,
DES_ETA,rf_s4,FAKE_SHR,5,79,0.879236,0.5816,1.24619,0.393462,0.0126582,
DES_ETA,rf_s4,OFF,0,79,0,0,0,0,0,
DES_ETA,rf_s4,OFF,1,79,0.0135751,-0.0675309,0.0925895,0.137837,0.443038,
DES_ETA,rf_s4,OFF,2,79,-0.0910269,-0.162319,-0.0194828,0.000656758,0.493671,
DES_ETA,rf_s4,OFF,3,79,-0.145827,-0.211177,-0.0831695,-0.0515467,0.556962,
DES_ETA,rf_s4,OFF,5,79,-0.18612,-0.250194,-0.12359,-0.108548,0.632911,
DES_ETA,rf_s4,SHR,0,79,0,0,0,0,0,
DES_ETA,rf_s4,SHR,1,79,-0.0885859,-0.146665,-0.0304519,0.00963892,0.481013,
DES_ETA,rf_s4,SHR,2,79,-0.1314,-0.193921,-0.0687442,-0.0347643,0.56962,
DES_ETA,rf_s4,SHR,3,79,-0.167414,-0.22782,-0.10877,-0.0690427,0.556962,
DES_ETA,rf_s4,SHR,5,79,-0.195366,-0.256489,-0.134921,-0.112433,0.696203,
DES_MP,rf_s4,FAKE,0,71,0,0,0,0,0,
DES_MP,rf_s4,FAKE,1,71,1.00538,0.609945,1.50778,0.385666,0.0704225,
DES_MP,rf_s4,FAKE,2,71,1.01246,0.588886,1.54695,0.378596,0.084507,
DES_MP,rf_s4,FAKE,3,71,0.981215,0.597316,1.51166,0.416535,0.028169,
DES_MP,rf_s4,FAKE,5,71,1.031,0.654315,1.54837,0.387571,0.0140845,
DES_MP,rf_s4,FAKE_SHR,0,71,0,0,0,0,0,
DES_MP,rf_s4,FAKE_SHR,1,71,0.490493,0.278303,0.762811,0.164365,0.169014,
DES_MP,rf_s4,FAKE_SHR,2,71,0.675628,0.374188,1.05918,0.231781,0.0985915,
DES_MP,rf_s4,FAKE_SHR,3,71,0.735113,0.43418,1.15776,0.298445,0.056338,
DES_MP,rf_s4,FAKE_SHR,5,71,0.862587,0.539178,1.30757,0.310207,0.0140845,
DES_MP,rf_s4,OFF,0,71,0,0,0,0,0,
DES_MP,rf_s4,OFF,1,71,0.0229739,-0.0572007,0.102527,0.0566222,0.43662,
DES_MP,rf_s4,OFF,2,71,-0.0961565,-0.167648,-0.027844,-0.0552905,0.549296,
DES_MP,rf_s4,OFF,3,71,-0.144385,-0.213053,-0.0776176,-0.100706,0.605634,
DES_MP,rf_s4,OFF,5,71,-0.170965,-0.237514,-0.105704,-0.147102,0.633803,
DES_MP,rf_s4,SHR,0,71,0,0,0,0,0,
DES_MP,rf_s4,SHR,1,71,-0.10099,-0.152246,-0.0493271,-0.0852075,0.577465,
DES_MP,rf_s4,SHR,2,71,-0.143532,-0.200785,-0.0865312,-0.108907,0.633803,
DES_MP,rf_s4,SHR,3,71,-0.169104,-0.228816,-0.110376,-0.127057,0.647887,
DES_MP,rf_s4,SHR,5,71,-0.186178,-0.247814,-0.125526,-0.165776,0.676056,
IL_CELL,rf_s4,FAKE,0,19,0,0,0,0,0,
IL_CELL,rf_s4,FAKE,1,19,1.54813,0.451257,3.35083,0.468694,0,
IL_CELL,rf_s4,FAKE,2,19,1.2252,0.311994,2.78311,0.351021,0,
IL_CELL,rf_s4,FAKE,3,19,0.828791,0.252568,1.74697,0.293881,0.0526316,
IL_CELL,rf_s4,FAKE,5,19,0.966254,0.294941,2.03986,0.36691,0.0526316,
IL_CELL,rf_s4,FAKE_SHR,0,19,0,0,0,0,0,
IL_CELL,rf_s4,FAKE_SHR,1,19,0.412151,0.0850818,0.964446,0.0888966,0.105263,
IL_CELL,rf_s4,FAKE_SHR,2,19,0.538687,0.107086,1.29878,0.0969065,0,
IL_CELL,rf_s4,FAKE_SHR,3,19,0.437906,0.111418,0.968623,0.137512,0.0526316,
IL_CELL,rf_s4,FAKE_SHR,5,19,0.649148,0.179388,1.41889,0.203419,0.0526316,
IL_CELL,rf_s4,OFF,0,19,0,0,0,0,0,
IL_CELL,rf_s4,OFF,1,19,-0.0327982,-0.217587,0.126581,0.129964,0.315789,
IL_CELL,rf_s4,OFF,2,19,-0.134679,-0.302613,0.0115002,0.0102161,0.473684,
IL_CELL,rf_s4,OFF,3,19,-0.175631,-0.336762,-0.0341313,-0.0839766,0.578947,
IL_CELL,rf_s4,OFF,5,19,-0.212625,-0.370496,-0.0766973,-0.088863,0.631579,
IL_CELL,rf_s4,SHR,0,19,0,0,0,0,0,
IL_CELL,rf_s4,SHR,1,19,-0.105912,-0.168673,-0.0484863,-0.0876592,0.736842,
IL_CELL,rf_s4,SHR,2,19,-0.152766,-0.244324,-0.0717106,-0.116421,0.736842,
IL_CELL,rf_s4,SHR,3,19,-0.185091,-0.289764,-0.0918565,-0.121983,0.789474,
IL_CELL,rf_s4,SHR,5,19,-0.213401,-0.340949,-0.105151,-0.120116,0.736842,
DYE,rf_s4,FAKE,0,4,0,0,0,0,0,
DYE,rf_s4,FAKE,1,4,0.312461,-0.00558025,0.528033,0.445273,0.25,
DYE,rf_s4,FAKE,2,4,0.249257,0.0429251,0.402209,0.314523,0.25,
DYE,rf_s4,FAKE,3,4,0.340182,0.254527,0.434582,0.331437,0,
DYE,rf_s4,FAKE,5,4,0.281826,0.0637902,0.455703,0.329266,0.25,
DYE,rf_s4,FAKE_SHR,0,4,0,0,0,0,0,
DYE,rf_s4,FAKE_SHR,1,4,0.103929,-0.0148088,0.180974,0.145622,0.25,
DYE,rf_s4,FAKE_SHR,2,4,0.127363,0.0214993,0.222756,0.145149,0.25,
DYE,rf_s4,FAKE_SHR,3,4,0.208874,0.154285,0.256048,0.216288,0,
DYE,rf_s4,FAKE_SHR,5,4,0.20276,0.0451044,0.313715,0.251869,0.25,
DYE,rf_s4,OFF,0,4,0,0,0,0,0,
DYE,rf_s4,OFF,1,4,0.0254454,-0.529494,0.465957,0.139874,0.25,
DYE,rf_s4,OFF,2,4,-0.158855,-0.609902,0.161889,-0.0285508,0.5,
DYE,rf_s4,OFF,3,4,-0.189955,-0.627313,0.159274,-0.101827,0.75,
DYE,rf_s4,OFF,5,4,-0.244445,-0.652242,0.0673924,-0.148486,0.75,
DYE,rf_s4,SHR,0,4,0,0,0,0,0,
DYE,rf_s4,SHR,1,4,-0.0409638,-0.225546,0.131974,-0.0167587,0.5,
DYE,rf_s4,SHR,2,4,-0.136391,-0.359722,0.0589189,-0.0970526,0.75,
DYE,rf_s4,SHR,3,4,-0.160756,-0.434833,0.0796956,-0.12713,0.75,
DYE,rf_s4,SHR,5,4,-0.218281,-0.529453,0.0362825,-0.161674,0.75,
ES1,gb_s0,FAKE,0,33,0,0,0,0,0,
ES1,gb_s0,FAKE,1,33,0.722326,0.46962,1.01708,0.43249,0.0606061,
ES1,gb_s0,FAKE,2,33,0.642936,0.402044,0.930495,0.285701,0,
ES1,gb_s0,FAKE,3,33,0.664603,0.418083,0.96515,0.30205,0.030303,
ES1,gb_s0,FAKE,5,33,0.529443,0.324821,0.771373,0.275311,0.151515,
ES1,gb_s0,FAKE_SHR,0,33,0,0,0,0,0,
ES1,gb_s0,FAKE_SHR,1,33,0.366982,0.220855,0.541229,0.198113,0.0909091,
ES1,gb_s0,FAKE_SHR,2,33,0.4416,0.265255,0.656947,0.199003,0.030303,
ES1,gb_s0,FAKE_SHR,3,33,0.518655,0.320468,0.761635,0.230458,0.0606061,
ES1,gb_s0,FAKE_SHR,5,33,0.450896,0.272332,0.663519,0.237617,0.151515,
ES1,gb_s0,OFF,0,33,0,0,0,0,0,
ES1,gb_s0,OFF,1,33,-0.22596,-0.370207,-0.0820936,-0.223073,0.606061,
ES1,gb_s0,OFF,2,33,-0.329047,-0.455153,-0.204976,-0.363776,0.727273,
ES1,gb_s0,OFF,3,33,-0.350614,-0.475045,-0.228057,-0.392645,0.787879,
ES1,gb_s0,OFF,5,33,-0.385113,-0.504574,-0.268135,-0.416631,0.878788,
ES1,gb_s0,SHR,0,33,0,0,0,0,0,
ES1,gb_s0,SHR,1,33,-0.244564,-0.342441,-0.147449,-0.257638,0.727273,
ES1,gb_s0,SHR,2,33,-0.32861,-0.433972,-0.223536,-0.380073,0.818182,
ES1,gb_s0,SHR,3,33,-0.347123,-0.457706,-0.239687,-0.396544,0.818182,
ES1,gb_s0,SHR,5,33,-0.382781,-0.492355,-0.273383,-0.409598,0.878788,
ES2,gb_s0,FAKE,0,10,0,0,0,0,0,
ES2,gb_s0,FAKE,1,10,0.622707,0.246403,1.04783,0.374929,0,
ES2,gb_s0,FAKE,2,10,0.453402,0.184199,0.765176,0.168439,0.1,
ES2,gb_s0,FAKE,3,10,0.706453,0.243669,1.2194,0.408758,0.2,
ES2,gb_s0,FAKE,5,10,0.760114,0.358396,1.1858,0.447281,0.1,
ES2,gb_s0,FAKE_SHR,0,10,0,0,0,0,0,
ES2,gb_s0,FAKE_SHR,1,10,0.448072,0.165637,0.770476,0.271412,0.2,
ES2,gb_s0,FAKE_SHR,2,10,0.369374,0.132797,0.635088,0.112282,0.1,
ES2,gb_s0,FAKE_SHR,3,10,0.631376,0.215391,1.09442,0.366401,0.2,
ES2,gb_s0,FAKE_SHR,5,10,0.709249,0.332896,1.10755,0.406787,0.1,
ES2,gb_s0,OFF,0,10,0,0,0,0,0,
ES2,gb_s0,OFF,1,10,-0.328962,-0.573495,-0.0805771,-0.289363,0.7,
ES2,gb_s0,OFF,2,10,-0.400365,-0.617641,-0.17624,-0.399055,0.8,
ES2,gb_s0,OFF,3,10,-0.427626,-0.632868,-0.215681,-0.422498,0.8,
ES2,gb_s0,OFF,5,10,-0.458267,-0.657007,-0.25949,-0.430082,0.9,
ES2,gb_s0,SHR,0,10,0,0,0,0,0,
ES2,gb_s0,SHR,1,10,-0.347551,-0.548008,-0.139652,-0.337873,0.8,
ES2,gb_s0,SHR,2,10,-0.408565,-0.612977,-0.198508,-0.40025,0.8,
ES2,gb_s0,SHR,3,10,-0.43293,-0.629118,-0.228757,-0.428339,0.8,
ES2,gb_s0,SHR,5,10,-0.465476,-0.662001,-0.26877,-0.433568,0.9,
DES_RHO,gb_s0,FAKE,0,101,0,0,0,0,0,
DES_RHO,gb_s0,FAKE,1,101,1.48543,1.17441,1.83058,0.893715,0,
DES_RHO,gb_s0,FAKE,2,101,1.03395,0.852802,1.22826,0.728848,0.019802,
DES_RHO,gb_s0,FAKE,3,101,0.984578,0.798451,1.18733,0.716196,0.019802,
DES_RHO,gb_s0,FAKE,5,101,1.03314,0.799084,1.31998,0.647481,0.00990099,
DES_RHO,gb_s0,FAKE_SHR,0,101,0,0,0,0,0,
DES_RHO,gb_s0,FAKE_SHR,1,101,0.286648,0.215545,0.365703,0.139229,0.039604,
DES_RHO,gb_s0,FAKE_SHR,2,101,0.335913,0.269921,0.406966,0.209515,0.0594059,
DES_RHO,gb_s0,FAKE_SHR,3,101,0.425648,0.338791,0.521265,0.273256,0.019802,
DES_RHO,gb_s0,FAKE_SHR,5,101,0.590937,0.446769,0.768889,0.324968,0.00990099,
DES_RHO,gb_s0,OFF,0,101,0,0,0,0,0,
DES_RHO,gb_s0,OFF,1,101,0.219821,0.148204,0.292049,0.215976,0.158416,
DES_RHO,gb_s0,OFF,2,101,0.122679,0.0563586,0.188479,0.162093,0.19802,
DES_RHO,gb_s0,OFF,3,101,0.0904178,0.0271541,0.15544,0.127065,0.267327,
DES_RHO,gb_s0,OFF,5,101,0.061935,-0.0147704,0.15402,0.0806237,0.316832,
DES_RHO,gb_s0,SHR,0,101,0,0,0,0,0,
DES_RHO,gb_s0,SHR,1,101,-0.00554882,-0.024176,0.0133168,0.0143594,0.445545,
DES_RHO,gb_s0,SHR,2,101,-0.00976651,-0.038593,0.0174417,0.031053,0.405941,
DES_RHO,gb_s0,SHR,3,101,-0.00930618,-0.0458082,0.0260867,0.0327463,0.415842,
DES_RHO,gb_s0,SHR,5,101,-0.00527695,-0.0557888,0.0522812,0.0270348,0.39604,
DES_ETA,gb_s0,FAKE,0,79,0,0,0,0,0,
DES_ETA,gb_s0,FAKE,1,79,0.992527,0.741675,1.2729,0.597844,0.0379747,
DES_ETA,gb_s0,FAKE,2,79,1.03118,0.715956,1.39371,0.545712,0.0506329,
DES_ETA,gb_s0,FAKE,3,79,0.99471,0.690591,1.35473,0.454244,0.0379747,
DES_ETA,gb_s0,FAKE,5,79,1.09366,0.769425,1.45671,0.515639,0.0253165,
DES_ETA,gb_s0,FAKE_SHR,0,79,0,0,0,0,0,
DES_ETA,gb_s0,FAKE_SHR,1,79,0.52956,0.386347,0.693113,0.276656,0.0632911,
DES_ETA,gb_s0,FAKE_SHR,2,79,0.729562,0.494595,1.00319,0.362291,0.0632911,
DES_ETA,gb_s0,FAKE_SHR,3,79,0.783013,0.534712,1.07911,0.328472,0.0379747,
DES_ETA,gb_s0,FAKE_SHR,5,79,0.946732,0.660623,1.26664,0.450957,0.0253165,
DES_ETA,gb_s0,OFF,0,79,0,0,0,0,0,
DES_ETA,gb_s0,OFF,1,79,0.0357858,-0.0437435,0.113206,0.155744,0.392405,
DES_ETA,gb_s0,OFF,2,79,-0.0858691,-0.157875,-0.0183583,0.0103916,0.481013,
DES_ETA,gb_s0,OFF,3,79,-0.124463,-0.192804,-0.0591718,-0.0516578,0.531646,
DES_ETA,gb_s0,OFF,5,79,-0.163493,-0.228525,-0.101886,-0.0656994,0.658228,
DES_ETA,gb_s0,SHR,0,79,0,0,0,0,0,
DES_ETA,gb_s0,SHR,1,79,-0.0799559,-0.136619,-0.0249451,0.00995806,0.481013,
DES_ETA,gb_s0,SHR,2,79,-0.127623,-0.189456,-0.0696737,-0.0450652,0.594937,
DES_ETA,gb_s0,SHR,3,79,-0.149674,-0.212477,-0.0903867,-0.0774284,0.582278,
DES_ETA,gb_s0,SHR,5,79,-0.174997,-0.237325,-0.115988,-0.0780196,0.670886,
DES_MP,gb_s0,FAKE,0,71,0,0,0,0,0,
DES_MP,gb_s0,FAKE,1,71,0.962422,0.676634,1.29938,0.367454,0.0140845,
DES_MP,gb_s0,FAKE,2,71,0.971035,0.665926,1.31473,0.395526,0.0140845,
DES_MP,gb_s0,FAKE,3,71,0.9359,0.654507,1.24824,0.410361,0.028169,
DES_MP,gb_s0,FAKE,5,71,0.910402,0.622998,1.23013,0.406804,0.028169,
DES_MP,gb_s0,FAKE_SHR,0,71,0,0,0,0,0,
DES_MP,gb_s0,FAKE_SHR,1,71,0.412082,0.274698,0.573432,0.150446,0.084507,
DES_MP,gb_s0,FAKE_SHR,2,71,0.598812,0.39716,0.827639,0.232247,0.028169,
DES_MP,gb_s0,FAKE_SHR,3,71,0.665241,0.455498,0.897581,0.265934,0.028169,
DES_MP,gb_s0,FAKE_SHR,5,71,0.737041,0.496767,1.00388,0.305412,0.0422535,
DES_MP,gb_s0,OFF,0,71,0,0,0,0,0,
DES_MP,gb_s0,OFF,1,71,0.0682871,-0.00526149,0.140066,0.125108,0.338028,
DES_MP,gb_s0,OFF,2,71,-0.061904,-0.126487,-0.000407155,-0.0176364,0.521127,
DES_MP,gb_s0,OFF,3,71,-0.106983,-0.168577,-0.0462123,-0.0405658,0.591549,
DES_MP,gb_s0,OFF,5,71,-0.148247,-0.205003,-0.0915341,-0.0895577,0.605634,
DES_MP,gb_s0,SHR,0,71,0,0,0,0,0,
DES_MP,gb_s0,SHR,1,71,-0.0752293,-0.121057,-0.030592,-0.0283947,0.577465,
DES_MP,gb_s0,SHR,2,71,-0.116236,-0.167783,-0.0654608,-0.0864396,0.619718,
DES_MP,gb_s0,SHR,3,71,-0.139821,-0.194237,-0.0855186,-0.0919909,0.633803,
DES_MP,gb_s0,SHR,5,71,-0.164696,-0.219102,-0.110398,-0.117531,0.619718,
IL_CELL,gb_s0,FAKE,0,19,0,0,0,0,0,
IL_CELL,gb_s0,FAKE,1,19,0.704101,0.3707,1.11815,0.331243,0,
IL_CELL,gb_s0,FAKE,2,19,0.543176,0.294791,0.856048,0.279936,0,
IL_CELL,gb_s0,FAKE,3,19,0.491273,0.225354,0.914181,0.254039,0,
IL_CELL,gb_s0,FAKE,5,19,0.567616,0.254979,1.00283,0.292778,0.0526316,
IL_CELL,gb_s0,FAKE_SHR,0,19,0,0,0,0,0,
IL_CELL,gb_s0,FAKE_SHR,1,19,0.111061,0.0508653,0.186717,0.0470948,0.105263,
IL_CELL,gb_s0,FAKE_SHR,2,19,0.170586,0.0827365,0.281084,0.0947582,0.210526,
IL_CELL,gb_s0,FAKE_SHR,3,19,0.206691,0.0839385,0.40933,0.0863428,0,
IL_CELL,gb_s0,FAKE_SHR,5,19,0.324787,0.13198,0.591006,0.144732,0.0526316,
IL_CELL,gb_s0,OFF,0,19,0,0,0,0,0,
IL_CELL,gb_s0,OFF,1,19,0.0971477,-0.0285034,0.205446,0.132034,0.315789,
IL_CELL,gb_s0,OFF,2,19,-0.0420393,-0.146997,0.0482446,0.020027,0.473684,
IL_CELL,gb_s0,OFF,3,19,-0.0853849,-0.191437,0.00454077,-0.0637534,0.526316,
IL_CELL,gb_s0,OFF,5,19,-0.117829,-0.219661,-0.032974,-0.0751429,0.631579,
IL_CELL,gb_s0,SHR,0,19,0,0,0,0,0,
IL_CELL,gb_s0,SHR,1,19,-0.0714686,-0.106342,-0.0377957,-0.0716168,0.789474,
IL_CELL,gb_s0,SHR,2,19,-0.0979847,-0.154307,-0.0490757,-0.0772334,0.736842,
IL_CELL,gb_s0,SHR,3,19,-0.12319,-0.18991,-0.0642024,-0.0898627,0.789474,
IL_CELL,gb_s0,SHR,5,19,-0.142748,-0.219983,-0.0753195,-0.107589,0.789474,
DYE,gb_s0,FAKE,0,4,0,0,0,0,0,
DYE,gb_s0,FAKE,1,4,0.277524,0.108213,0.440181,0.284179,0,
DYE,gb_s0,FAKE,2,4,0.236415,0.195639,0.285271,0.223544,0,
DYE,gb_s0,FAKE,3,4,0.151764,0.0866693,0.20839,0.160234,0,
DYE,gb_s0,FAKE,5,4,0.21784,0.1612,0.266708,0.23198,0,
DYE,gb_s0,FAKE_SHR,0,4,0,0,0,0,0,
DYE,gb_s0,FAKE_SHR,1,4,0.0848836,0.0302381,0.139529,0.0942035,0,
DYE,gb_s0,FAKE_SHR,2,4,0.101548,0.0770432,0.126052,0.108012,0,
DYE,gb_s0,FAKE_SHR,3,4,0.0720451,0.0402839,0.0963594,0.0794922,0,
DYE,gb_s0,FAKE_SHR,5,4,0.148151,0.0980267,0.176428,0.170203,0,
DYE,gb_s0,OFF,0,4,0,0,0,0,0,
DYE,gb_s0,OFF,1,4,-0.0669924,-0.52453,0.296443,0.0271091,0.5,
DYE,gb_s0,OFF,2,4,-0.180835,-0.570177,0.146749,-0.0871133,0.5,
DYE,gb_s0,OFF,3,4,-0.219876,-0.585907,0.0763092,-0.130513,0.75,
DYE,gb_s0,OFF,5,4,-0.273324,-0.610108,0.00023204,-0.16221,0.75,
DYE,gb_s0,SHR,0,4,0,0,0,0,0,
DYE,gb_s0,SHR,1,4,-0.0756433,-0.204049,0.052763,-0.094876,0.5,
DYE,gb_s0,SHR,2,4,-0.125917,-0.294878,0.0430433,-0.135834,0.75,
DYE,gb_s0,SHR,3,4,-0.167328,-0.356806,0.0221496,-0.164789,0.75,
DYE,gb_s0,SHR,5,4,-0.225494,-0.434761,-0.0162267,-0.18681,0.75,
ES1,knn,FAKE,0,33,0,0,0,0,0,
ES1,knn,FAKE,1,33,2.00188,0.572765,4.48594,0.407559,0,
ES1,knn,FAKE,2,33,1.92181,0.496194,4.44941,0.39332,0,
ES1,knn,FAKE,3,33,2.19198,0.39744,5.41492,0.268901,0.121212,
ES1,knn,FAKE,5,33,1.44794,0.362737,3.31056,0.216099,0.0909091,
ES1,knn,FAKE_SHR,0,33,0,0,0,0,0,
ES1,knn,FAKE_SHR,1,33,1.03105,0.23238,2.42776,0.159191,0.0909091,
ES1,knn,FAKE_SHR,2,33,1.32191,0.295612,3.15773,0.231145,0.0909091,
ES1,knn,FAKE_SHR,3,33,1.7016,0.274126,4.28292,0.162395,0.212121,
ES1,knn,FAKE_SHR,5,33,1.22101,0.28334,2.83362,0.180798,0.121212,
ES1,knn,OFF,0,33,0,0,0,0,0,
ES1,knn,OFF,1,33,-0.136833,-0.307659,0.0172918,-0.167426,0.575758,
ES1,knn,OFF,2,33,-0.252661,-0.398433,-0.120925,-0.230505,0.636364,
ES1,knn,OFF,3,33,-0.294687,-0.429889,-0.174065,-0.300948,0.69697,
ES1,knn,OFF,5,33,-0.332613,-0.460205,-0.215883,-0.274371,0.787879,
ES1,knn,SHR,0,33,0,0,0,0,0,
ES1,knn,SHR,1,33,-0.188232,-0.283221,-0.0947296,-0.243432,0.69697,
ES1,knn,SHR,2,33,-0.250531,-0.360156,-0.149129,-0.273671,0.666667,
ES1,knn,SHR,3,33,-0.289284,-0.403818,-0.18664,-0.305416,0.69697,
ES1,knn,SHR,5,33,-0.326986,-0.442974,-0.222127,-0.294314,0.787879,
ES2,knn,FAKE,0,10,0,0,0,0,0,
ES2,knn,FAKE,1,10,0.432452,0.171393,0.716844,0.289382,0.3,
ES2,knn,FAKE,2,10,0.418971,0.14227,0.75983,0.280915,0.2,
ES2,knn,FAKE,3,10,0.401074,0.168492,0.657155,0.30958,0.2,
ES2,knn,FAKE,5,10,0.476633,0.208735,0.782909,0.378196,0.1,
ES2,knn,FAKE_SHR,0,10,0,0,0,0,0,
ES2,knn,FAKE_SHR,1,10,0.134708,0.024613,0.256838,0.0929904,0.3,
ES2,knn,FAKE_SHR,2,10,0.22731,0.0433365,0.450499,0.170986,0.4,
ES2,knn,FAKE_SHR,3,10,0.26665,0.0952336,0.459586,0.176021,0.3,
ES2,knn,FAKE_SHR,5,10,0.369019,0.15629,0.614306,0.303375,0.1,
ES2,knn,OFF,0,10,0,0,0,0,0,
ES2,knn,OFF,1,10,-0.0482481,-0.316931,0.230914,-0.0583124,0.5,
ES2,knn,OFF,2,10,-0.141445,-0.381703,0.0975417,-0.0803231,0.5,
ES2,knn,OFF,3,10,-0.202629,-0.428839,0.0314877,-0.207164,0.7,
ES2,knn,OFF,5,10,-0.244934,-0.449509,-0.0480423,-0.206055,0.6,
ES2,knn,SHR,0,10,0,0,0,0,0,
ES2,knn,SHR,1,10,-0.130107,-0.295737,0.0460772,-0.163717,0.6,
ES2,knn,SHR,2,10,-0.175545,-0.358078,0.00775435,-0.143819,0.6,
ES2,knn,SHR,3,10,-0.215746,-0.415098,-0.0117416,-0.217546,0.7,
ES2,knn,SHR,5,10,-0.253844,-0.446218,-0.0646284,-0.219458,0.7,
DES_RHO,knn,FAKE,0,101,0,0,0,0,0,
DES_RHO,knn,FAKE,1,101,1.34902,1.03383,1.72526,0.729197,0,
DES_RHO,knn,FAKE,2,101,1.20428,0.945217,1.50593,0.774125,0.029703,
DES_RHO,knn,FAKE,3,101,0.905004,0.718759,1.12325,0.507896,0.029703,
DES_RHO,knn,FAKE,5,101,1.01805,0.81358,1.24141,0.588132,0.019802,
DES_RHO,knn,FAKE_SHR,0,101,0,0,0,0,0,
DES_RHO,knn,FAKE_SHR,1,101,0.301395,0.217882,0.402143,0.128474,0.0990099,
DES_RHO,knn,FAKE_SHR,2,101,0.460035,0.349692,0.589326,0.284838,0.0594059,
DES_RHO,knn,FAKE_SHR,3,101,0.432482,0.337846,0.54443,0.222381,0.039604,
DES_RHO,knn,FAKE_SHR,5,101,0.631388,0.500594,0.775842,0.346553,0.049505,
DES_RHO,knn,OFF,0,101,0,0,0,0,0,
DES_RHO,knn,OFF,1,101,0.246888,0.162656,0.348908,0.241198,0.188119,
DES_RHO,knn,OFF,2,101,0.127834,0.0644036,0.192957,0.164089,0.247525,
DES_RHO,knn,OFF,3,101,0.0816898,0.0185847,0.14474,0.122481,0.277228,
DES_RHO,knn,OFF,5,101,0.0524973,-0.0179011,0.132085,0.0752879,0.376238,
DES_RHO,knn,SHR,0,101,0,0,0,0,0,
DES_RHO,knn,SHR,1,101,0.00253298,-0.0225273,0.0319892,0.00931664,0.425743,
DES_RHO,knn,SHR,2,101,-0.00717329,-0.039186,0.0257007,0.025634,0.425743,
DES_RHO,knn,SHR,3,101,-0.0101487,-0.0484596,0.0260756,0.0347208,0.405941,
DES_RHO,knn,SHR,5,101,-0.00859599,-0.0590965,0.044015,0.0278672,0.415842,
DES_ETA,knn,FAKE,0,79,0,0,0,0,0,
DES_ETA,knn,FAKE,1,79,1.13605,0.65122,1.77387,0.420761,0.0506329,
DES_ETA,knn,FAKE,2,79,1.2922,0.65788,2.13454,0.523471,0.0506329,
DES_ETA,knn,FAKE,3,79,1.10253,0.634244,1.71859,0.38483,0.0253165,
DES_ETA,knn,FAKE,5,79,1.09163,0.635551,1.70326,0.453954,0.0886076,
DES_ETA,knn,FAKE_SHR,0,79,0,0,0,0,0,
DES_ETA,knn,FAKE_SHR,1,79,0.61029,0.324727,0.99634,0.202983,0.0759494,
DES_ETA,knn,FAKE_SHR,2,79,0.921607,0.453063,1.55434,0.296819,0.0632911,
DES_ETA,knn,FAKE_SHR,3,79,0.865724,0.484654,1.36584,0.285888,0.0632911,
DES_ETA,knn,FAKE_SHR,5,79,0.941328,0.538938,1.48123,0.371489,0.0886076,
DES_ETA,knn,OFF,0,79,0,0,0,0,0,
DES_ETA,knn,OFF,1,79,0.0465029,-0.0331325,0.120762,0.163549,0.341772,
DES_ETA,knn,OFF,2,79,-0.0691813,-0.139565,-0.00350113,0.0125633,0.493671,
DES_ETA,knn,OFF,3,79,-0.113235,-0.180858,-0.0512975,-0.05254,0.56962,
DES_ETA,knn,OFF,5,79,-0.155572,-0.218746,-0.09563,-0.0876095,0.607595,
DES_ETA,knn,SHR,0,79,0,0,0,0,0,
DES_ETA,knn,SHR,1,79,-0.0705896,-0.124799,-0.0190996,-0.00841352,0.518987,
DES_ETA,knn,SHR,2,79,-0.114869,-0.174649,-0.0598215,-0.0455323,0.582278,
DES_ETA,knn,SHR,3,79,-0.137936,-0.199479,-0.0808419,-0.0891756,0.607595,
DES_ETA,knn,SHR,5,79,-0.167053,-0.227545,-0.109416,-0.101087,0.64557,
DES_MP,knn,FAKE,0,71,0,0,0,0,0,
DES_MP,knn,FAKE,1,71,1.4171,0.646346,2.57684,0.436732,0.028169,
DES_MP,knn,FAKE,2,71,1.52607,0.712,2.67829,0.523474,0.056338,
DES_MP,knn,FAKE,3,71,1.64617,0.794311,2.8352,0.489483,0.0140845,
DES_MP,knn,FAKE,5,71,1.78507,0.777839,3.17299,0.369555,0.0422535,
DES_MP,knn,FAKE_SHR,0,71,0,0,0,0,0,
DES_MP,knn,FAKE_SHR,1,71,0.649095,0.259541,1.24428,0.159155,0.112676,
DES_MP,knn,FAKE_SHR,2,71,0.973372,0.419833,1.76967,0.321898,0.15493,
DES_MP,knn,FAKE_SHR,3,71,1.2053,0.56022,2.11253,0.31024,0.056338,
DES_MP,knn,FAKE_SHR,5,71,1.46976,0.622417,2.64098,0.288018,0.084507,
DES_MP,knn,OFF,0,71,0,0,0,0,0,
DES_MP,knn,OFF,1,71,0.0474586,-0.0240145,0.116288,0.0807009,0.323944,
DES_MP,knn,OFF,2,71,-0.064991,-0.131822,-0.00288104,-0.0384797,0.577465,
DES_MP,knn,OFF,3,71,-0.108787,-0.171996,-0.0471938,-0.0810195,0.633803,
DES_MP,knn,OFF,5,71,-0.10446,-0.196006,0.00562089,-0.124007,0.704225,
DES_MP,knn,SHR,0,71,0,0,0,0,0,
DES_MP,knn,SHR,1,71,-0.0902381,-0.133193,-0.0496445,-0.0968414,0.647887,
DES_MP,knn,SHR,2,71,-0.123296,-0.17485,-0.0743103,-0.106637,0.647887,
DES_MP,knn,SHR,3,71,-0.141895,-0.19642,-0.0893049,-0.126952,0.690141,
DES_MP,knn,SHR,5,71,-0.128561,-0.208989,-0.0332749,-0.141932,0.774648,
IL_CELL,knn,FAKE,0,19,0,0,0,0,0,
IL_CELL,knn,FAKE,1,19,0.484405,0.333199,0.668628,0.30665,0,
IL_CELL,knn,FAKE,2,19,0.327709,0.174439,0.492181,0.227885,0.157895,
IL_CELL,knn,FAKE,3,19,0.243241,0.124991,0.396926,0.134069,0.105263,
IL_CELL,knn,FAKE,5,19,0.327826,0.158158,0.551447,0.234891,0.210526,
IL_CELL,knn,FAKE_SHR,0,19,0,0,0,0,0,
IL_CELL,knn,FAKE_SHR,1,19,0.0614636,0.0175511,0.108986,0.0455782,0.210526,
IL_CELL,knn,FAKE_SHR,2,19,0.0900889,0.0257026,0.159196,0.0592665,0.368421,
IL_CELL,knn,FAKE_SHR,3,19,0.0818855,0.0059238,0.172423,0.0492461,0.368421,
IL_CELL,knn,FAKE_SHR,5,19,0.177955,0.0619316,0.332464,0.108151,0.263158,
IL_CELL,knn,OFF,0,19,0,0,0,0,0,
IL_CELL,knn,OFF,1,19,-0.0819279,-0.259619,0.0761935,0.0253741,0.421053,
IL_CELL,knn,OFF,2,19,-0.150792,-0.314753,-0.00251943,-0.059587,0.578947,
IL_CELL,knn,OFF,3,19,-0.216608,-0.36927,-0.0769208,-0.127028,0.684211,
IL_CELL,knn,OFF,5,19,-0.240798,-0.386263,-0.111433,-0.148619,0.842105,
IL_CELL,knn,SHR,0,19,0,0,0,0,0,
IL_CELL,knn,SHR,1,19,-0.119005,-0.181279,-0.0607846,-0.0924256,0.789474,
IL_CELL,knn,SHR,2,19,-0.167138,-0.261918,-0.077741,-0.119369,0.842105,
IL_CELL,knn,SHR,3,19,-0.209708,-0.31659,-0.113145,-0.165403,0.894737,
IL_CELL,knn,SHR,5,19,-0.241521,-0.360462,-0.132373,-0.16438,0.894737,
DYE,knn,FAKE,0,4,0,0,0,0,0,
DYE,knn,FAKE,1,4,0.389369,0.109774,0.636782,0.421552,0.25,
DYE,knn,FAKE,2,4,0.305699,0.141394,0.559817,0.215884,0,
DYE,knn,FAKE,3,4,0.276426,0.166451,0.432662,0.222234,0,
DYE,knn,FAKE,5,4,0.43693,0.277614,0.656794,0.35133,0,
DYE,knn,FAKE_SHR,0,4,0,0,0,0,0,
DYE,knn,FAKE_SHR,1,4,0.158376,0.00123892,0.287637,0.214278,0.25,
DYE,knn,FAKE_SHR,2,4,0.183253,0.0814039,0.335823,0.132532,0,
DYE,knn,FAKE_SHR,3,4,0.192936,0.115208,0.290542,0.162787,0,
DYE,knn,FAKE_SHR,5,4,0.353531,0.21739,0.525828,0.292226,0,
DYE,knn,OFF,0,4,0,0,0,0,0,
DYE,knn,OFF,1,4,-0.149201,-0.501023,0.235103,-0.181682,0.75,
DYE,knn,OFF,2,4,-0.224399,-0.537107,0.0698199,-0.185833,0.75,
DYE,knn,OFF,3,4,-0.262948,-0.578559,0.0469104,-0.257197,0.75,
DYE,knn,OFF,5,4,-0.30827,-0.591607,-0.0256995,-0.307504,0.75,
DYE,knn,SHR,0,4,0,0,0,0,0,
DYE,knn,SHR,1,4,-0.182753,-0.392536,0.0469514,-0.216006,0.75,
DYE,knn,SHR,2,4,-0.240594,-0.475346,-0.00642225,-0.235009,0.75,
DYE,knn,SHR,3,4,-0.258865,-0.50989,0.00328082,-0.269985,0.75,
DYE,knn,SHR,5,4,-0.303261,-0.565483,-0.0384837,-0.305816,0.75,
ES1,dedup_rf_s0,FAKE,0,28,0,0,0,0,0,
ES1,dedup_rf_s0,FAKE,1,28,0.770056,0.516005,1.09714,0.496554,0.0357143,
ES1,dedup_rf_s0,FAKE,2,28,0.637649,0.405741,0.916389,0.416582,0.0357143,
ES1,dedup_rf_s0,FAKE,3,28,0.666809,0.430767,0.969559,0.387932,0,
ES1,dedup_rf_s0,FAKE,5,28,0.572072,0.345026,0.864673,0.304281,0.0357143,
ES1,dedup_rf_s0,FAKE_SHR,0,28,0,0,0,0,0,
ES1,dedup_rf_s0,FAKE_SHR,1,28,0.289468,0.174397,0.436845,0.190153,0.107143,
ES1,dedup_rf_s0,FAKE_SHR,2,28,0.36335,0.223316,0.535144,0.251637,0.0714286,
ES1,dedup_rf_s0,FAKE_SHR,3,28,0.463025,0.293113,0.681028,0.270823,0,
ES1,dedup_rf_s0,FAKE_SHR,5,28,0.449099,0.264675,0.685986,0.231855,0.0357143,
ES1,dedup_rf_s0,OFF,0,28,0,0,0,0,0,
ES1,dedup_rf_s0,OFF,1,28,-0.0390688,-0.163426,0.0914635,-0.0983168,0.571429,
ES1,dedup_rf_s0,OFF,2,28,-0.162848,-0.268441,-0.0510723,-0.159938,0.678571,
ES1,dedup_rf_s0,OFF,3,28,-0.190836,-0.296545,-0.0811792,-0.20636,0.678571,
ES1,dedup_rf_s0,OFF,5,28,-0.24429,-0.341134,-0.144168,-0.26827,0.714286,
ES1,dedup_rf_s0,RET,3,28,-0.295879,-0.387707,-0.200516,-0.316176,0.892857,
ES1,dedup_rf_s0,SHR,0,28,0,0,0,0,0,
ES1,dedup_rf_s0,SHR,1,28,-0.151196,-0.231303,-0.0625672,-0.208132,0.678571,
ES1,dedup_rf_s0,SHR,2,28,-0.197081,-0.283491,-0.10367,-0.217605,0.714286,
ES1,dedup_rf_s0,SHR,3,28,-0.215417,-0.309835,-0.117433,-0.237259,0.714286,
ES1,dedup_rf_s0,SHR,5,28,-0.254569,-0.344442,-0.158395,-0.278426,0.821429,
ES2,dedup_rf_s0,FAKE,0,10,0,0,0,0,0,
ES2,dedup_rf_s0,FAKE,1,10,0.583939,0.19595,1.04632,0.533152,0.3,
ES2,dedup_rf_s0,FAKE,2,10,0.742171,0.365042,1.2361,0.643818,0.1,
ES2,dedup_rf_s0,FAKE,3,10,0.772216,0.382379,1.20397,0.640075,0.1,
ES2,dedup_rf_s0,FAKE,5,10,0.877726,0.36719,1.49981,0.424077,0,
ES2,dedup_rf_s0,FAKE_SHR,0,10,0,0,0,0,0,
ES2,dedup_rf_s0,FAKE_SHR,1,10,0.344169,0.0932702,0.644404,0.319568,0.4,
ES2,dedup_rf_s0,FAKE_SHR,2,10,0.575133,0.274836,0.966532,0.493062,0.1,
ES2,dedup_rf_s0,FAKE_SHR,3,10,0.651482,0.31672,1.02375,0.525535,0.1,
ES2,dedup_rf_s0,FAKE_SHR,5,10,0.785038,0.317403,1.35358,0.377404,0,
ES2,dedup_rf_s0,OFF,0,10,0,0,0,0,0,
ES2,dedup_rf_s0,OFF,1,10,-0.190706,-0.436122,0.0363118,-0.121645,0.6,
ES2,dedup_rf_s0,OFF,2,10,-0.251314,-0.488215,-0.0257183,-0.22541,0.7,
ES2,dedup_rf_s0,OFF,3,10,-0.321597,-0.538074,-0.121595,-0.322882,0.7,
ES2,dedup_rf_s0,OFF,5,10,-0.343893,-0.555948,-0.145017,-0.333365,0.7,
ES2,dedup_rf_s0,RET,3,10,-0.3376,-0.518502,-0.163619,-0.2197,0.9,
ES2,dedup_rf_s0,SHR,0,10,0,0,0,0,0,
ES2,dedup_rf_s0,SHR,1,10,-0.240839,-0.432865,-0.0623003,-0.223633,0.7,
ES2,dedup_rf_s0,SHR,2,10,-0.279275,-0.493763,-0.0727782,-0.261164,0.7,
ES2,dedup_rf_s0,SHR,3,10,-0.329835,-0.532821,-0.140004,-0.331383,0.7,
ES2,dedup_rf_s0,SHR,5,10,-0.348294,-0.555462,-0.153336,-0.33989,0.8,
DES_RHO,dedup_rf_s0,FAKE,0,101,0,0,0,0,0,
DES_RHO,dedup_rf_s0,FAKE,1,101,1.69298,1.2783,2.19621,0.804067,0.00990099,
DES_RHO,dedup_rf_s0,FAKE,2,101,1.31531,1.01197,1.64739,0.649007,0.039604,
DES_RHO,dedup_rf_s0,FAKE,3,101,0.968118,0.779809,1.19024,0.657179,0.019802,
DES_RHO,dedup_rf_s0,FAKE,5,101,1.13126,0.899173,1.40556,0.626563,0.039604,
DES_RHO,dedup_rf_s0,FAKE_SHR,0,101,0,0,0,0,0,
DES_RHO,dedup_rf_s0,FAKE_SHR,1,101,0.503107,0.361677,0.673255,0.202364,0.0693069,
DES_RHO,dedup_rf_s0,FAKE_SHR,2,101,0.608485,0.457182,0.778988,0.275443,0.0594059,
DES_RHO,dedup_rf_s0,FAKE_SHR,3,101,0.538956,0.426762,0.672332,0.348092,0.019802,
DES_RHO,dedup_rf_s0,FAKE_SHR,5,101,0.780222,0.615088,0.978392,0.405832,0.039604,
DES_RHO,dedup_rf_s0,OFF,0,101,0,0,0,0,0,
DES_RHO,dedup_rf_s0,OFF,1,101,0.262456,0.186352,0.336242,0.273872,0.158416,
DES_RHO,dedup_rf_s0,OFF,2,101,0.13944,0.0727234,0.206832,0.162276,0.19802,
DES_RHO,dedup_rf_s0,OFF,3,101,0.0868036,0.0272399,0.143874,0.103193,0.247525,
DES_RHO,dedup_rf_s0,OFF,5,101,0.0487833,-0.0111166,0.108171,0.0748933,0.277228,
DES_RHO,dedup_rf_s0,RET,3,30,-0.132683,-0.209563,-0.0673847,-0.0547857,0.766667,
DES_RHO,dedup_rf_s0,SHR,0,101,0,0,0,0,0,
DES_RHO,dedup_rf_s0,SHR,1,101,0.0208183,-0.00696471,0.048146,0.0299572,0.326733,
DES_RHO,dedup_rf_s0,SHR,2,101,0.0104548,-0.0277658,0.0460255,0.038726,0.306931,
DES_RHO,dedup_rf_s0,SHR,3,101,0.00124974,-0.0399578,0.0390167,0.0347271,0.346535,
DES_RHO,dedup_rf_s0,SHR,5,101,-0.00378485,-0.0497478,0.0399925,0.0428211,0.386139,
DES_ETA,dedup_rf_s0,FAKE,0,79,0,0,0,0,0,
DES_ETA,dedup_rf_s0,FAKE,1,79,1.06618,0.752945,1.44859,0.532978,0.0632911,
DES_ETA,dedup_rf_s0,FAKE,2,79,1.11152,0.767964,1.49807,0.489112,0.0126582,
DES_ETA,dedup_rf_s0,FAKE,3,79,1.1435,0.770888,1.60627,0.480844,0.0253165,
DES_ETA,dedup_rf_s0,FAKE,5,79,1.02091,0.690973,1.41225,0.370747,0.0253165,
DES_ETA,dedup_rf_s0,FAKE_SHR,0,79,0,0,0,0,0,
DES_ETA,dedup_rf_s0,FAKE_SHR,1,79,0.619617,0.421789,0.857046,0.290314,0.0632911,
DES_ETA,dedup_rf_s0,FAKE_SHR,2,79,0.822063,0.556907,1.11969,0.339494,0.0126582,
DES_ETA,dedup_rf_s0,FAKE_SHR,3,79,0.931407,0.618499,1.32291,0.369193,0.0379747,
DES_ETA,dedup_rf_s0,FAKE_SHR,5,79,0.8998,0.604932,1.25165,0.319595,0.0253165,
DES_ETA,dedup_rf_s0,OFF,0,79,0,0,0,0,0,
DES_ETA,dedup_rf_s0,OFF,1,79,0.0120159,-0.0671237,0.0883476,0.127302,0.417722,
DES_ETA,dedup_rf_s0,OFF,2,79,-0.0987002,-0.1714,-0.0260634,-0.020019,0.544304,
DES_ETA,dedup_rf_s0,OFF,3,79,-0.150319,-0.217532,-0.0839863,-0.0394464,0.56962,
DES_ETA,dedup_rf_s0,OFF,5,79,-0.180844,-0.246968,-0.117033,-0.0841289,0.64557,
DES_ETA,dedup_rf_s0,RET,3,30,-0.235675,-0.302403,-0.169337,-0.240071,0.866667,
DES_ETA,dedup_rf_s0,SHR,0,79,0,0,0,0,0,
DES_ETA,dedup_rf_s0,SHR,1,79,-0.0909566,-0.149243,-0.0331793,-0.0263346,0.531646,
DES_ETA,dedup_rf_s0,SHR,2,79,-0.138612,-0.202019,-0.075139,-0.0756935,0.582278,
DES_ETA,dedup_rf_s0,SHR,3,79,-0.169492,-0.231809,-0.107932,-0.0595495,0.620253,
DES_ETA,dedup_rf_s0,SHR,5,79,-0.191057,-0.254347,-0.129427,-0.0972749,0.64557,
DES_MP,dedup_rf_s0,FAKE,0,64,0,0,0,0,0,
DES_MP,dedup_rf_s0,FAKE,1,64,1.10069,0.680058,1.71397,0.465751,0.03125,
DES_MP,dedup_rf_s0,FAKE,2,64,1.08483,0.667214,1.63291,0.432993,0.03125,
DES_MP,dedup_rf_s0,FAKE,3,64,0.998585,0.637001,1.47175,0.392603,0.046875,
DES_MP,dedup_rf_s0,FAKE,5,64,1.20055,0.724197,1.8021,0.357411,0.046875,
DES_MP,dedup_rf_s0,FAKE_SHR,0,64,0,0,0,0,0,
DES_MP,dedup_rf_s0,FAKE_SHR,1,64,0.490983,0.280666,0.802559,0.181553,0.109375,
DES_MP,dedup_rf_s0,FAKE_SHR,2,64,0.682376,0.401459,1.0516,0.252348,0.0625,
DES_MP,dedup_rf_s0,FAKE_SHR,3,64,0.716535,0.44121,1.07586,0.263755,0.09375,
DES_MP,dedup_rf_s0,FAKE_SHR,5,64,0.984065,0.581817,1.49181,0.269939,0.0625,
DES_MP,dedup_rf_s0,OFF,0,64,0,0,0,0,0,
DES_MP,dedup_rf_s0,OFF,1,64,0.0516543,-0.0323266,0.133515,0.0786578,0.4375,
DES_MP,dedup_rf_s0,OFF,2,64,-0.0763327,-0.150331,-0.00398973,-0.059339,0.546875,
DES_MP,dedup_rf_s0,OFF,3,64,-0.117746,-0.185241,-0.0531829,-0.0891225,0.5625,
DES_MP,dedup_rf_s0,OFF,5,64,-0.12228,-0.207069,-0.0228881,-0.108005,0.671875,
DES_MP,dedup_rf_s0,RET,3,30,-0.252079,-0.331723,-0.176861,-0.19528,0.933333,
DES_MP,dedup_rf_s0,SHR,0,64,0,0,0,0,0,
DES_MP,dedup_rf_s0,SHR,1,64,-0.0828775,-0.13291,-0.0346353,-0.0699814,0.578125,
DES_MP,dedup_rf_s0,SHR,2,64,-0.125798,-0.181994,-0.0699482,-0.106949,0.6875,
DES_MP,dedup_rf_s0,SHR,3,64,-0.148283,-0.206504,-0.0930879,-0.129028,0.6875,
DES_MP,dedup_rf_s0,SHR,5,64,-0.143738,-0.219018,-0.0567734,-0.129869,0.703125,
IL_CELL,dedup_rf_s0,FAKE,0,18,0,0,0,0,0,
IL_CELL,dedup_rf_s0,FAKE,1,18,1.07532,0.326699,2.33948,0.379405,0,
IL_CELL,dedup_rf_s0,FAKE,2,18,0.796005,0.340334,1.46111,0.343373,0.0555556,
IL_CELL,dedup_rf_s0,FAKE,3,18,0.896213,0.21914,2.06598,0.21851,0.0555556,
IL_CELL,dedup_rf_s0,FAKE,5,18,0.855405,0.260797,1.83371,0.322217,0,
IL_CELL,dedup_rf_s0,FAKE_SHR,0,18,0,0,0,0,0,
IL_CELL,dedup_rf_s0,FAKE_SHR,1,18,0.24478,0.0432794,0.589103,0.058145,0.166667,
IL_CELL,dedup_rf_s0,FAKE_SHR,2,18,0.312311,0.122622,0.599316,0.130272,0.0555556,
IL_CELL,dedup_rf_s0,FAKE_SHR,3,18,0.477398,0.0949052,1.14651,0.0969604,0.0555556,
IL_CELL,dedup_rf_s0,FAKE_SHR,5,18,0.568149,0.158495,1.24777,0.196613,0,
IL_CELL,dedup_rf_s0,OFF,0,18,0,0,0,0,0,
IL_CELL,dedup_rf_s0,OFF,1,18,-0.00298359,-0.201693,0.182822,0.155742,0.444444,
IL_CELL,dedup_rf_s0,OFF,2,18,-0.13435,-0.301174,0.0146885,-0.0114008,0.5,
IL_CELL,dedup_rf_s0,OFF,3,18,-0.172675,-0.332345,-0.0267997,-0.0310512,0.5,
IL_CELL,dedup_rf_s0,OFF,5,18,-0.206775,-0.36718,-0.0628692,-0.0970086,0.722222,
IL_CELL,dedup_rf_s0,RET,3,18,-0.232773,-0.38883,-0.0902449,-0.0983505,0.833333,
IL_CELL,dedup_rf_s0,SHR,0,18,0,0,0,0,0,
IL_CELL,dedup_rf_s0,SHR,1,18,-0.0958729,-0.162037,-0.0335864,-0.0612705,0.666667,
IL_CELL,dedup_rf_s0,SHR,2,18,-0.150801,-0.24272,-0.0669767,-0.0824755,0.666667,
IL_CELL,dedup_rf_s0,SHR,3,18,-0.183033,-0.28967,-0.0849723,-0.113011,0.777778,
IL_CELL,dedup_rf_s0,SHR,5,18,-0.209869,-0.34037,-0.0948785,-0.108387,0.722222,
DYE,dedup_rf_s0,FAKE,0,4,0,0,0,0,0,
DYE,dedup_rf_s0,FAKE,1,4,0.41817,0.262897,0.534868,0.462094,0,
DYE,dedup_rf_s0,FAKE,2,4,0.258273,0.106915,0.363352,0.304552,0,
DYE,dedup_rf_s0,FAKE,3,4,0.269557,0.182234,0.373318,0.25312,0,
DYE,dedup_rf_s0,FAKE,5,4,0.236713,0.0562103,0.444425,0.209505,0,
DYE,dedup_rf_s0,FAKE_SHR,0,4,0,0,0,0,0,
DYE,dedup_rf_s0,FAKE_SHR,1,4,0.135385,0.0818224,0.175972,0.14836,0,
DYE,dedup_rf_s0,FAKE_SHR,2,4,0.133412,0.0547562,0.197286,0.148807,0,
DYE,dedup_rf_s0,FAKE_SHR,3,4,0.161353,0.112874,0.209831,0.168564,0,
DYE,dedup_rf_s0,FAKE_SHR,5,4,0.165936,0.0415344,0.308732,0.147542,0,
DYE,dedup_rf_s0,OFF,0,4,0,0,0,0,0,
DYE,dedup_rf_s0,OFF,1,4,-0.0758576,-0.553779,0.275365,0.0599492,0.5,
DYE,dedup_rf_s0,OFF,2,4,-0.155435,-0.605102,0.232091,-0.0932938,0.5,
DYE,dedup_rf_s0,OFF,3,4,-0.206895,-0.625049,0.117616,-0.113251,0.75,
DYE,dedup_rf_s0,OFF,5,4,-0.251468,-0.637593,0.0443439,-0.161157,0.75,
DYE,dedup_rf_s0,RET,3,4,-0.308933,-0.619655,-0.0876931,-0.178574,1,
DYE,dedup_rf_s0,SHR,0,4,0,0,0,0,0,
DYE,dedup_rf_s0,SHR,1,4,-0.088338,-0.247026,0.0703497,-0.0658108,0.5,
DYE,dedup_rf_s0,SHR,2,4,-0.129695,-0.370338,0.0953871,-0.114133,0.75,
DYE,dedup_rf_s0,SHR,3,4,-0.178149,-0.438914,0.0537531,-0.144206,0.75,
DYE,dedup_rf_s0,SHR,5,4,-0.229285,-0.535447,0.0187937,-0.171201,0.75,
ES1,rf_5seed_avg,FAKE,0,33,0,0,0,0,0,per-source mean over RF seeds 0-4
ES1,rf_5seed_avg,FAKE,1,33,0.828889,0.553877,1.14934,0.454084,0,per-source mean over RF seeds 0-4
ES1,rf_5seed_avg,FAKE,2,33,0.705997,0.451742,1.00805,0.354852,0,per-source mean over RF seeds 0-4
ES1,rf_5seed_avg,FAKE,3,33,0.723254,0.46109,1.02726,0.321003,0,per-source mean over RF seeds 0-4
ES1,rf_5seed_avg,FAKE,5,33,0.620319,0.394287,0.887592,0.295496,0,per-source mean over RF seeds 0-4
ES1,rf_5seed_avg,FAKE_SHR,0,33,0,0,0,0,0,per-source mean over RF seeds 0-4
ES1,rf_5seed_avg,FAKE_SHR,1,33,0.34361,0.214588,0.498992,0.174057,0.0909091,per-source mean over RF seeds 0-4
ES1,rf_5seed_avg,FAKE_SHR,2,33,0.428237,0.264048,0.631236,0.19228,0.030303,per-source mean over RF seeds 0-4
ES1,rf_5seed_avg,FAKE_SHR,3,33,0.51204,0.315798,0.741286,0.208157,0,per-source mean over RF seeds 0-4
ES1,rf_5seed_avg,FAKE_SHR,5,33,0.498497,0.310985,0.721153,0.230213,0,per-source mean over RF seeds 0-4
ES1,rf_5seed_avg,OFF,0,33,0,0,0,0,0,per-source mean over RF seeds 0-4
ES1,rf_5seed_avg,OFF,1,33,-0.166601,-0.312276,-0.0277585,-0.104384,0.606061,per-source mean over RF seeds 0-4
ES1,rf_5seed_avg,OFF,2,33,-0.266415,-0.395578,-0.145041,-0.171994,0.727273,per-source mean over RF seeds 0-4
ES1,rf_5seed_avg,OFF,3,33,-0.310815,-0.432911,-0.197478,-0.236465,0.848485,per-source mean over RF seeds 0-4
ES1,rf_5seed_avg,OFF,5,33,-0.331142,-0.449313,-0.219,-0.233379,0.848485,per-source mean over RF seeds 0-4
ES1,rf_5seed_avg,SHR,0,33,0,0,0,0,0,per-source mean over RF seeds 0-4
ES1,rf_5seed_avg,SHR,1,33,-0.205912,-0.288179,-0.125499,-0.19306,0.787879,per-source mean over RF seeds 0-4
ES1,rf_5seed_avg,SHR,2,33,-0.270993,-0.365568,-0.177276,-0.233759,0.818182,per-source mean over RF seeds 0-4
ES1,rf_5seed_avg,SHR,3,33,-0.307943,-0.404954,-0.210842,-0.268145,0.848485,per-source mean over RF seeds 0-4
ES1,rf_5seed_avg,SHR,5,33,-0.330386,-0.432978,-0.229438,-0.264349,0.848485,per-source mean over RF seeds 0-4
ES2,rf_5seed_avg,FAKE,0,10,0,0,0,0,0,per-source mean over RF seeds 0-4
ES2,rf_5seed_avg,FAKE,1,10,0.76418,0.362148,1.2444,0.490546,0,per-source mean over RF seeds 0-4
ES2,rf_5seed_avg,FAKE,2,10,0.699858,0.302872,1.1838,0.406898,0.1,per-source mean over RF seeds 0-4
ES2,rf_5seed_avg,FAKE,3,10,0.714591,0.313033,1.20913,0.452541,0,per-source mean over RF seeds 0-4
ES2,rf_5seed_avg,FAKE,5,10,0.967438,0.415317,1.61317,0.583037,0,per-source mean over RF seeds 0-4
ES2,rf_5seed_avg,FAKE_SHR,0,10,0,0,0,0,0,per-source mean over RF seeds 0-4
ES2,rf_5seed_avg,FAKE_SHR,1,10,0.478214,0.219692,0.7864,0.293874,0.1,per-source mean over RF seeds 0-4
ES2,rf_5seed_avg,FAKE_SHR,2,10,0.539651,0.22719,0.926502,0.291813,0.1,per-source mean over RF seeds 0-4
ES2,rf_5seed_avg,FAKE_SHR,3,10,0.596132,0.251345,1.01994,0.363691,0.1,per-source mean over RF seeds 0-4
ES2,rf_5seed_avg,FAKE_SHR,5,10,0.869767,0.36757,1.45902,0.51232,0,per-source mean over RF seeds 0-4
ES2,rf_5seed_avg,OFF,0,10,0,0,0,0,0,per-source mean over RF seeds 0-4
ES2,rf_5seed_avg,OFF,1,10,-0.206538,-0.463488,0.0284363,-0.193209,0.5,per-source mean over RF seeds 0-4
ES2,rf_5seed_avg,OFF,2,10,-0.299057,-0.5267,-0.0900751,-0.286283,0.7,per-source mean over RF seeds 0-4
ES2,rf_5seed_avg,OFF,3,10,-0.329687,-0.549,-0.125198,-0.319213,0.7,per-source mean over RF seeds 0-4
ES2,rf_5seed_avg,OFF,5,10,-0.356512,-0.572321,-0.156939,-0.344745,0.8,per-source mean over RF seeds 0-4
ES2,rf_5seed_avg,SHR,0,10,0,0,0,0,0,per-source mean over RF seeds 0-4
ES2,rf_5seed_avg,SHR,1,10,-0.250664,-0.449158,-0.0646418,-0.257282,0.7,per-source mean over RF seeds 0-4
ES2,rf_5seed_avg,SHR,2,10,-0.318069,-0.523604,-0.126735,-0.313326,0.7,per-source mean over RF seeds 0-4
ES2,rf_5seed_avg,SHR,3,10,-0.337894,-0.546271,-0.144536,-0.331852,0.7,per-source mean over RF seeds 0-4
ES2,rf_5seed_avg,SHR,5,10,-0.362889,-0.573844,-0.167225,-0.352403,0.8,per-source mean over RF seeds 0-4
DES_RHO,rf_5seed_avg,FAKE,0,101,0,0,0,0,0,per-source mean over RF seeds 0-4
DES_RHO,rf_5seed_avg,FAKE,1,101,1.59996,1.28382,1.97204,1.0789,0,per-source mean over RF seeds 0-4
DES_RHO,rf_5seed_avg,FAKE,2,101,1.33788,1.07588,1.64945,0.896247,0,per-source mean over RF seeds 0-4
DES_RHO,rf_5seed_avg,FAKE,3,101,1.16364,0.930675,1.45519,0.767535,0.019802,per-source mean over RF seeds 0-4
DES_RHO,rf_5seed_avg,FAKE,5,101,1.17433,0.948414,1.44561,0.677964,0.00990099,per-source mean over RF seeds 0-4
DES_RHO,rf_5seed_avg,FAKE_SHR,0,101,0,0,0,0,0,per-source mean over RF seeds 0-4
DES_RHO,rf_5seed_avg,FAKE_SHR,1,101,0.443056,0.344814,0.558783,0.270823,0.029703,per-source mean over RF seeds 0-4
DES_RHO,rf_5seed_avg,FAKE_SHR,2,101,0.595779,0.470065,0.74402,0.380636,0.019802,per-source mean over RF seeds 0-4
DES_RHO,rf_5seed_avg,FAKE_SHR,3,101,0.637427,0.503476,0.807359,0.392234,0.039604,per-source mean over RF seeds 0-4
DES_RHO,rf_5seed_avg,FAKE_SHR,5,101,0.793685,0.63617,0.9833,0.436515,0.029703,per-source mean over RF seeds 0-4
DES_RHO,rf_5seed_avg,OFF,0,101,0,0,0,0,0,per-source mean over RF seeds 0-4
DES_RHO,rf_5seed_avg,OFF,1,101,0.242926,0.178332,0.302687,0.276609,0.158416,per-source mean over RF seeds 0-4
DES_RHO,rf_5seed_avg,OFF,2,101,0.134669,0.0742005,0.190803,0.156401,0.178218,per-source mean over RF seeds 0-4
DES_RHO,rf_5seed_avg,OFF,3,101,0.0919328,0.0297959,0.152075,0.119209,0.227723,per-source mean over RF seeds 0-4
DES_RHO,rf_5seed_avg,OFF,5,101,0.103951,0.00658306,0.232887,0.0803981,0.277228,per-source mean over RF seeds 0-4
DES_RHO,rf_5seed_avg,SHR,0,101,0,0,0,0,0,per-source mean over RF seeds 0-4
DES_RHO,rf_5seed_avg,SHR,1,101,0.0107248,-0.014128,0.0343063,0.0318265,0.326733,per-source mean over RF seeds 0-4
DES_RHO,rf_5seed_avg,SHR,2,101,0.00486674,-0.0287762,0.0365333,0.0351314,0.366337,per-source mean over RF seeds 0-4
DES_RHO,rf_5seed_avg,SHR,3,101,0.00162336,-0.0385379,0.0392924,0.0454287,0.39604,per-source mean over RF seeds 0-4
DES_RHO,rf_5seed_avg,SHR,5,101,0.0323772,-0.0389832,0.123466,0.0337979,0.39604,per-source mean over RF seeds 0-4
DES_ETA,rf_5seed_avg,FAKE,0,79,0,0,0,0,0,per-source mean over RF seeds 0-4
DES_ETA,rf_5seed_avg,FAKE,1,79,1.0985,0.771378,1.46662,0.525822,0.0126582,per-source mean over RF seeds 0-4
DES_ETA,rf_5seed_avg,FAKE,2,79,1.10677,0.784754,1.47718,0.517629,0.0126582,per-source mean over RF seeds 0-4
DES_ETA,rf_5seed_avg,FAKE,3,79,1.07752,0.753071,1.44822,0.488337,0.0253165,per-source mean over RF seeds 0-4
DES_ETA,rf_5seed_avg,FAKE,5,79,1.00931,0.709529,1.35946,0.428353,0.0126582,per-source mean over RF seeds 0-4
DES_ETA,rf_5seed_avg,FAKE_SHR,0,79,0,0,0,0,0,per-source mean over RF seeds 0-4
DES_ETA,rf_5seed_avg,FAKE_SHR,1,79,0.620413,0.423326,0.847305,0.275499,0.0126582,per-source mean over RF seeds 0-4
DES_ETA,rf_5seed_avg,FAKE_SHR,2,79,0.807555,0.56256,1.08892,0.359706,0.0126582,per-source mean over RF seeds 0-4
DES_ETA,rf_5seed_avg,FAKE_SHR,3,79,0.867523,0.59818,1.17374,0.378716,0.0253165,per-source mean over RF seeds 0-4
DES_ETA,rf_5seed_avg,FAKE_SHR,5,79,0.881824,0.615761,1.19221,0.366773,0.0126582,per-source mean over RF seeds 0-4
DES_ETA,rf_5seed_avg,OFF,0,79,0,0,0,0,0,per-source mean over RF seeds 0-4
DES_ETA,rf_5seed_avg,OFF,1,79,0.0116732,-0.0666005,0.0890981,0.135411,0.43038,per-source mean over RF seeds 0-4
DES_ETA,rf_5seed_avg,OFF,2,79,-0.100656,-0.170024,-0.031882,-0.0103058,0.506329,per-source mean over RF seeds 0-4
DES_ETA,rf_5seed_avg,OFF,3,79,-0.148069,-0.213165,-0.0839826,-0.0635404,0.544304,per-source mean over RF seeds 0-4
DES_ETA,rf_5seed_avg,OFF,5,79,-0.18376,-0.246673,-0.122367,-0.0950689,0.670886,per-source mean over RF seeds 0-4
DES_ETA,rf_5seed_avg,SHR,0,79,0,0,0,0,0,per-source mean over RF seeds 0-4
DES_ETA,rf_5seed_avg,SHR,1,79,-0.0911516,-0.148016,-0.0346201,-0.013562,0.506329,per-source mean over RF seeds 0-4
DES_ETA,rf_5seed_avg,SHR,2,79,-0.139678,-0.200343,-0.0797713,-0.0679357,0.556962,per-source mean over RF seeds 0-4
DES_ETA,rf_5seed_avg,SHR,3,79,-0.168771,-0.228678,-0.109273,-0.0933694,0.620253,per-source mean over RF seeds 0-4
DES_ETA,rf_5seed_avg,SHR,5,79,-0.193446,-0.254358,-0.134145,-0.107004,0.696203,per-source mean over RF seeds 0-4
DES_MP,rf_5seed_avg,FAKE,0,71,0,0,0,0,0,per-source mean over RF seeds 0-4
DES_MP,rf_5seed_avg,FAKE,1,71,0.98388,0.603896,1.49115,0.393205,0.0422535,per-source mean over RF seeds 0-4
DES_MP,rf_5seed_avg,FAKE,2,71,1.01738,0.602721,1.55333,0.341122,0.0140845,per-source mean over RF seeds 0-4
DES_MP,rf_5seed_avg,FAKE,3,71,1.03453,0.637448,1.56287,0.408075,0.0140845,per-source mean over RF seeds 0-4
DES_MP,rf_5seed_avg,FAKE,5,71,1.07412,0.669101,1.62641,0.431387,0.0140845,per-source mean over RF seeds 0-4
DES_MP,rf_5seed_avg,FAKE_SHR,0,71,0,0,0,0,0,per-source mean over RF seeds 0-4
DES_MP,rf_5seed_avg,FAKE_SHR,1,71,0.48421,0.275506,0.767971,0.155147,0.0704225,per-source mean over RF seeds 0-4
DES_MP,rf_5seed_avg,FAKE_SHR,2,71,0.684231,0.389475,1.07128,0.207462,0.0422535,per-source mean over RF seeds 0-4
DES_MP,rf_5seed_avg,FAKE_SHR,3,71,0.783936,0.469262,1.20506,0.292439,0.028169,per-source mean over RF seeds 0-4
DES_MP,rf_5seed_avg,FAKE_SHR,5,71,0.904372,0.553831,1.38313,0.352163,0.0140845,per-source mean over RF seeds 0-4
DES_MP,rf_5seed_avg,OFF,0,71,0,0,0,0,0,per-source mean over RF seeds 0-4
DES_MP,rf_5seed_avg,OFF,1,71,0.0135924,-0.0643685,0.0897766,0.0767254,0.464789,per-source mean over RF seeds 0-4
DES_MP,rf_5seed_avg,OFF,2,71,-0.100217,-0.170058,-0.0314863,-0.0639256,0.56338,per-source mean over RF seeds 0-4
DES_MP,rf_5seed_avg,OFF,3,71,-0.142841,-0.21018,-0.077571,-0.0924937,0.619718,per-source mean over RF seeds 0-4
DES_MP,rf_5seed_avg,OFF,5,71,-0.171546,-0.236555,-0.107539,-0.130919,0.619718,per-source mean over RF seeds 0-4
DES_MP,rf_5seed_avg,SHR,0,71,0,0,0,0,0,per-source mean over RF seeds 0-4
DES_MP,rf_5seed_avg,SHR,1,71,-0.10155,-0.153901,-0.0503806,-0.0578602,0.577465,per-source mean over RF seeds 0-4
DES_MP,rf_5seed_avg,SHR,2,71,-0.146065,-0.203838,-0.0888376,-0.11108,0.633803,per-source mean over RF seeds 0-4
DES_MP,rf_5seed_avg,SHR,3,71,-0.168515,-0.227524,-0.109502,-0.122271,0.661972,per-source mean over RF seeds 0-4
DES_MP,rf_5seed_avg,SHR,5,71,-0.186157,-0.247756,-0.125992,-0.148283,0.661972,per-source mean over RF seeds 0-4
IL_CELL,rf_5seed_avg,FAKE,0,19,0,0,0,0,0,per-source mean over RF seeds 0-4
IL_CELL,rf_5seed_avg,FAKE,1,19,1.26821,0.37376,2.75931,0.420742,0,per-source mean over RF seeds 0-4
IL_CELL,rf_5seed_avg,FAKE,2,19,1.10957,0.30356,2.44096,0.334566,0,per-source mean over RF seeds 0-4
IL_CELL,rf_5seed_avg,FAKE,3,19,0.883371,0.252577,1.90268,0.278718,0,per-source mean over RF seeds 0-4
IL_CELL,rf_5seed_avg,FAKE,5,19,0.929705,0.278276,2.01437,0.297442,0,per-source mean over RF seeds 0-4
IL_CELL,rf_5seed_avg,FAKE_SHR,0,19,0,0,0,0,0,per-source mean over RF seeds 0-4
IL_CELL,rf_5seed_avg,FAKE_SHR,1,19,0.295301,0.0566771,0.707404,0.0566393,0,per-source mean over RF seeds 0-4
IL_CELL,rf_5seed_avg,FAKE_SHR,2,19,0.459922,0.0973794,1.07499,0.111378,0,per-source mean over RF seeds 0-4
IL_CELL,rf_5seed_avg,FAKE_SHR,3,19,0.452881,0.106802,1.02649,0.121577,0.0526316,per-source mean over RF seeds 0-4
IL_CELL,rf_5seed_avg,FAKE_SHR,5,19,0.603472,0.161196,1.34721,0.167074,0,per-source mean over RF seeds 0-4
IL_CELL,rf_5seed_avg,OFF,0,19,0,0,0,0,0,per-source mean over RF seeds 0-4
IL_CELL,rf_5seed_avg,OFF,1,19,-0.0218521,-0.20578,0.137787,0.128064,0.315789,per-source mean over RF seeds 0-4
IL_CELL,rf_5seed_avg,OFF,2,19,-0.131333,-0.299253,0.014261,-0.00764161,0.526316,per-source mean over RF seeds 0-4
IL_CELL,rf_5seed_avg,OFF,3,19,-0.177633,-0.337623,-0.0423286,-0.0030944,0.526316,per-source mean over RF seeds 0-4
IL_CELL,rf_5seed_avg,OFF,5,19,-0.202343,-0.35991,-0.0645165,-0.0557264,0.631579,per-source mean over RF seeds 0-4
IL_CELL,rf_5seed_avg,SHR,0,19,0,0,0,0,0,per-source mean over RF seeds 0-4
IL_CELL,rf_5seed_avg,SHR,1,19,-0.0995724,-0.158837,-0.043793,-0.0837789,0.789474,per-source mean over RF seeds 0-4
IL_CELL,rf_5seed_avg,SHR,2,19,-0.149277,-0.235337,-0.0708155,-0.121037,0.789474,per-source mean over RF seeds 0-4
IL_CELL,rf_5seed_avg,SHR,3,19,-0.180219,-0.280328,-0.0887033,-0.109387,0.842105,per-source mean over RF seeds 0-4
IL_CELL,rf_5seed_avg,SHR,5,19,-0.206817,-0.329994,-0.0972456,-0.0865666,0.736842,per-source mean over RF seeds 0-4
DYE,rf_5seed_avg,FAKE,0,4,0,0,0,0,0,per-source mean over RF seeds 0-4
DYE,rf_5seed_avg,FAKE,1,4,0.316066,0.0441428,0.534892,0.369163,0.25,per-source mean over RF seeds 0-4
DYE,rf_5seed_avg,FAKE,2,4,0.25542,0.0964725,0.419999,0.249788,0,per-source mean over RF seeds 0-4
DYE,rf_5seed_avg,FAKE,3,4,0.25414,0.114993,0.392807,0.254621,0,per-source mean over RF seeds 0-4
DYE,rf_5seed_avg,FAKE,5,4,0.288351,0.0649481,0.430894,0.37067,0.25,per-source mean over RF seeds 0-4
DYE,rf_5seed_avg,FAKE_SHR,0,4,0,0,0,0,0,per-source mean over RF seeds 0-4
DYE,rf_5seed_avg,FAKE_SHR,1,4,0.0977066,0.0152856,0.159218,0.125828,0.25,per-source mean over RF seeds 0-4
DYE,rf_5seed_avg,FAKE_SHR,2,4,0.123039,0.0556178,0.185086,0.131343,0,per-source mean over RF seeds 0-4
DYE,rf_5seed_avg,FAKE_SHR,3,4,0.152831,0.0729521,0.222714,0.162826,0,per-source mean over RF seeds 0-4
DYE,rf_5seed_avg,FAKE_SHR,5,4,0.211254,0.045105,0.301513,0.287143,0.25,per-source mean over RF seeds 0-4
DYE,rf_5seed_avg,OFF,0,4,0,0,0,0,0,per-source mean over RF seeds 0-4
DYE,rf_5seed_avg,OFF,1,4,-0.0483023,-0.546942,0.334775,0.0756871,0.5,per-source mean over RF seeds 0-4
DYE,rf_5seed_avg,OFF,2,4,-0.15852,-0.603103,0.182568,-0.0550256,0.5,per-source mean over RF seeds 0-4
DYE,rf_5seed_avg,OFF,3,4,-0.204239,-0.617701,0.111164,-0.101324,0.5,per-source mean over RF seeds 0-4
DYE,rf_5seed_avg,OFF,5,4,-0.241531,-0.643843,0.0574461,-0.138196,0.75,per-source mean over RF seeds 0-4
DYE,rf_5seed_avg,SHR,0,4,0,0,0,0,0,per-source mean over RF seeds 0-4
DYE,rf_5seed_avg,SHR,1,4,-0.0750462,-0.237598,0.0845358,-0.052517,0.5,per-source mean over RF seeds 0-4
DYE,rf_5seed_avg,SHR,2,4,-0.143468,-0.366843,0.0633663,-0.120072,0.75,per-source mean over RF seeds 0-4
DYE,rf_5seed_avg,SHR,3,4,-0.17744,-0.443821,0.0540964,-0.131196,0.75,per-source mean over RF seeds 0-4
DYE,rf_5seed_avg,SHR,5,4,-0.221109,-0.533621,0.0263732,-0.156078,0.75,per-source mean over RF seeds 0-4
ES1,ES1_without_3_single_measurement_sources,FAKE,0,30,0,0,0,0,0,main run minus 3 source(s)
ES1,ES1_without_3_single_measurement_sources,FAKE,1,30,0.704782,0.467478,0.969236,0.397504,0,main run minus 3 source(s)
ES1,ES1_without_3_single_measurement_sources,FAKE,2,30,0.596377,0.364186,0.865562,0.257315,0,main run minus 3 source(s)
ES1,ES1_without_3_single_measurement_sources,FAKE,3,30,0.572694,0.367225,0.799393,0.325721,0.0333333,main run minus 3 source(s)
ES1,ES1_without_3_single_measurement_sources,FAKE,5,30,0.515155,0.31864,0.741219,0.269103,0.0333333,main run minus 3 source(s)
ES1,ES1_without_3_single_measurement_sources,FAKE_SHR,0,30,0,0,0,0,0,main run minus 3 source(s)
ES1,ES1_without_3_single_measurement_sources,FAKE_SHR,1,30,0.273965,0.158522,0.400677,0.134064,0.1,main run minus 3 source(s)
ES1,ES1_without_3_single_measurement_sources,FAKE_SHR,2,30,0.343308,0.195524,0.519211,0.134202,0.1,main run minus 3 source(s)
ES1,ES1_without_3_single_measurement_sources,FAKE_SHR,3,30,0.389962,0.242565,0.552793,0.20628,0.0666667,main run minus 3 source(s)
ES1,ES1_without_3_single_measurement_sources,FAKE_SHR,5,30,0.408124,0.244658,0.595537,0.210828,0.0333333,main run minus 3 source(s)
ES1,ES1_without_3_single_measurement_sources,OFF,0,30,0,0,0,0,0,main run minus 3 source(s)
ES1,ES1_without_3_single_measurement_sources,OFF,1,30,-0.0722704,-0.198509,0.0535033,-0.068498,0.533333,main run minus 3 source(s)
ES1,ES1_without_3_single_measurement_sources,OFF,2,30,-0.194459,-0.298114,-0.0904076,-0.16333,0.633333,main run minus 3 source(s)
ES1,ES1_without_3_single_measurement_sources,OFF,3,30,-0.230352,-0.331739,-0.130043,-0.182664,0.733333,main run minus 3 source(s)
ES1,ES1_without_3_single_measurement_sources,OFF,5,30,-0.257699,-0.355497,-0.160723,-0.200934,0.833333,main run minus 3 source(s)
ES1,ES1_without_3_single_measurement_sources,SHR,0,30,0,0,0,0,0,main run minus 3 source(s)
ES1,ES1_without_3_single_measurement_sources,SHR,1,30,-0.165852,-0.242527,-0.0869458,-0.201707,0.733333,main run minus 3 source(s)
ES1,ES1_without_3_single_measurement_sources,SHR,2,30,-0.226064,-0.310361,-0.140443,-0.213314,0.833333,main run minus 3 source(s)
ES1,ES1_without_3_single_measurement_sources,SHR,3,30,-0.249921,-0.338095,-0.161233,-0.216515,0.866667,main run minus 3 source(s)
ES1,ES1_without_3_single_measurement_sources,SHR,5,30,-0.271906,-0.365773,-0.178584,-0.228519,0.866667,main run minus 3 source(s)
DES_ETA,DES_ETA_without_journal_url_source,FAKE,0,78,0,0,0,0,0,main run minus 1 source(s)
DES_ETA,DES_ETA_without_journal_url_source,FAKE,1,78,1.11132,0.821273,1.47647,0.519432,0.0128205,main run minus 1 source(s)
DES_ETA,DES_ETA_without_journal_url_source,FAKE,2,78,1.1288,0.827175,1.5051,0.528058,0.0512821,main run minus 1 source(s)
DES_ETA,DES_ETA_without_journal_url_source,FAKE,3,78,1.11307,0.812692,1.48771,0.560341,0.0384615,main run minus 1 source(s)
DES_ETA,DES_ETA_without_journal_url_source,FAKE,5,78,1.06931,0.758192,1.45052,0.415337,0.0384615,main run minus 1 source(s)
DES_ETA,DES_ETA_without_journal_url_source,FAKE_SHR,0,78,0,0,0,0,0,main run minus 1 source(s)
DES_ETA,DES_ETA_without_journal_url_source,FAKE_SHR,1,78,0.612154,0.44119,0.830644,0.263799,0.0128205,main run minus 1 source(s)
DES_ETA,DES_ETA_without_journal_url_source,FAKE_SHR,2,78,0.812297,0.585454,1.09741,0.365097,0.0512821,main run minus 1 source(s)
DES_ETA,DES_ETA_without_journal_url_source,FAKE_SHR,3,78,0.88819,0.641328,1.19496,0.436408,0.0641026,main run minus 1 source(s)
DES_ETA,DES_ETA_without_journal_url_source,FAKE_SHR,5,78,0.928055,0.651686,1.26533,0.349248,0.0384615,main run minus 1 source(s)
DES_ETA,DES_ETA_without_journal_url_source,OFF,0,78,0,0,0,0,0,main run minus 1 source(s)
DES_ETA,DES_ETA_without_journal_url_source,OFF,1,78,0.00386403,-0.0792247,0.083701,0.0525441,0.397436,main run minus 1 source(s)
DES_ETA,DES_ETA_without_journal_url_source,OFF,2,78,-0.109498,-0.180518,-0.0378881,-0.0525131,0.512821,main run minus 1 source(s)
DES_ETA,DES_ETA_without_journal_url_source,OFF,3,78,-0.152485,-0.220337,-0.0841646,-0.0877533,0.589744,main run minus 1 source(s)
DES_ETA,DES_ETA_without_journal_url_source,OFF,5,78,-0.188958,-0.255057,-0.123591,-0.121677,0.692308,main run minus 1 source(s)
DES_ETA,DES_ETA_without_journal_url_source,SHR,0,78,0,0,0,0,0,main run minus 1 source(s)
DES_ETA,DES_ETA_without_journal_url_source,SHR,1,78,-0.0999403,-0.158684,-0.0422153,-0.0435482,0.538462,main run minus 1 source(s)
DES_ETA,DES_ETA_without_journal_url_source,SHR,2,78,-0.146311,-0.207285,-0.084728,-0.0845521,0.576923,main run minus 1 source(s)
DES_ETA,DES_ETA_without_journal_url_source,SHR,3,78,-0.17374,-0.236532,-0.1104,-0.116505,0.653846,main run minus 1 source(s)
DES_ETA,DES_ETA_without_journal_url_source,SHR,5,78,-0.198666,-0.261275,-0.135779,-0.132487,0.692308,main run minus 1 source(s)
