dataset,seed,source,n_rows,n_eval,n_flagged,rmse_all,rmse_unflagged
ES1,0,10.1002/adv.21947,17,0,17,,
ES1,0,10.1002/app.21762,3,0,3,,
ES1,0,10.1002/app.25464,16,16,0,0.4168182893826342,0.4195833721939608
ES1,0,10.1002/app.32569,20,0,20,,
ES1,0,10.1002/app.36726,17,17,0,0.1057986147365777,0.0814902195898345
ES1,0,10.1002/app.42304,9,0,9,,
ES1,0,10.1002/app.52131,6,6,0,0.4444653152911961,0.3581914773882914
ES1,0,10.1002/jbm.b.33337,1,0,1,,
ES1,0,10.1002/marc.200700544,4,0,4,,
ES1,0,10.1002/polb.21380,12,0,12,,
ES1,0,10.1007/bf03218855,55,55,0,0.2611319264828827,0.3732010599912878
ES1,0,10.1007/s00521-014-1554-8,20,20,0,0.2837473879560369,0.2689525175531019
ES1,0,10.1007/s00521-017-2996-6,13,0,13,,
ES1,0,10.1007/s10965-014-0571-8.,18,0,18,,
ES1,0,10.1007/s11814-009-0309-1,96,0,96,,
ES1,0,10.1007/s12221-015-5263-4,38,38,0,0.3016555341625874,0.4251424992424452
ES1,0,10.1007/s40204-017-0071-0,13,0,13,,
ES1,0,10.1016/j.compositesb.2019.01.094,46,0,46,,
ES1,0,10.1016/j.eurpolymj.2004.10.027,12,0,12,,
ES1,0,10.1016/j.jafr.2019.100015,15,0,15,,
ES1,0,10.1016/j.jmrt.2023.01.007,9,0,9,,
ES1,0,10.1016/j.materresbull.2022.112052,4,0,4,,
ES1,0,10.1016/j.matlet.2015.08.003,5,0,5,,
ES1,0,10.1016/j.memsci.2013.01.023,46,46,0,0.3075221662071963,0.3226528384914933
ES1,0,10.1016/j.memsci.2018.06.050,6,0,6,,
ES1,0,10.1016/j.memsci.2022.120850,5,5,0,0.5897268403594208,0.5826347406227526
ES1,0,10.1016/j.molliq.2023.122819,10,9,1,0.2225341800652571,0.2137114296980955
ES1,0,10.1016/j.mtsust.2022.100275,13,0,13,,
ES1,0,10.1016/j.polymer.2008.09.025,27,0,27,,
ES1,0,10.1016/j.polymer.2014.06.032,8,0,8,,
ES1,0,10.1016/j.polymer.2020.123366,13,13,0,0.3271316593905791,0.284198592148249
ES1,0,10.1016/j.polymertesting.2019.106218,3,0,3,,
ES1,0,10.1021/acsami.0c02578.,2,2,0,0.0787383478159127,0.0953246303439984
ES1,0,10.1063/1.4994968,1,0,1,,
ES1,0,10.1080/1539445x.2010.495630,12,0,12,,
ES1,0,10.1088/1748-6041/8/4/045007,5,0,5,,
ES1,0,10.1109/nano.2013.6720964,4,0,4,,
ES1,0,10.1177/00219983221144696,44,0,44,,
ES1,0,10.1515/epoly-2014-0110,7,7,0,0.3209362228432012,0.286861174913768
ES1,0,10.1515/epoly-2018-0037,4,0,4,,
ES1,0,10.1515/epoly-2022-8106,15,0,15,,
ES1,0,10.30684/etj.35.4a.5,6,0,6,,
ES1,0,10.3139/217.3278,9,6,3,0.2711014805088247,0.2685657493657779
ES1,0,10.3390/fib8100065,2,2,0,0.2356932019885104,0.2241729132073278
ES1,0,10.3390/nano10061221,22,0,22,,
ES1,0,10.3390/nano11102514,8,0,8,,
ES1,0,10.3390/nano12060962,6,0,6,,
ES1,0,10.3390/nano14131083,1,0,1,,
ES1,0,10.3390/polym14030593,2,1,1,0.2607670905930104,0.420019526542208
ES1,0,10.3390/polym15030731,9,9,0,0.1955108181172671,0.1801486177260212
ES1,0,10.3390/polym15132813,10,10,0,0.1453543091957876,0.1485370620555508
ES1,0,https://www.researchgate.net/profile/dhananjay-pise/publication/277816900_study_of_process_parameters_affecting_the_diameter_and_morphology_of_electrospun_polyvinylidene_fluoride_pvdf_nanofibers/links/55751b5c08aeacff1ffcc4a8/study-of-process-parameters-affecting-the-diameter-and-morphology-of-electrospun-polyvinylidene-fluoride-pvdf-nanofibers.pdf,9,0,9,,
ES1,0,https://www.sciencedirect.com/science/article/pii/s0927776511005522,18,18,0,0.211238129040639,0.2070311934972347
ES1,0,ãâ https://doi.org/10.3390/ma8052718,1,1,0,0.2393202526626394,0.2340343259844655
ES1,1,10.1002/adv.21947,17,0,17,,
ES1,1,10.1002/app.21762,3,0,3,,
ES1,1,10.1002/app.25464,16,16,0,0.4156830848027678,0.4140460746235755
ES1,1,10.1002/app.32569,20,0,20,,
ES1,1,10.1002/app.36726,17,17,0,0.0943087953886667,0.0990568457402396
ES1,1,10.1002/app.42304,9,0,9,,
ES1,1,10.1002/app.52131,6,6,0,0.4785898749866087,0.287464690598005
ES1,1,10.1002/jbm.b.33337,1,0,1,,
ES1,1,10.1002/marc.200700544,4,0,4,,
ES1,1,10.1002/polb.21380,12,0,12,,
ES1,1,10.1007/bf03218855,55,55,0,0.2289963359558345,0.3861243760941975
ES1,1,10.1007/s00521-014-1554-8,20,20,0,0.3051389755060067,0.2660404187285404
ES1,1,10.1007/s00521-017-2996-6,13,0,13,,
ES1,1,10.1007/s10965-014-0571-8.,18,0,18,,
ES1,1,10.1007/s11814-009-0309-1,96,0,96,,
ES1,1,10.1007/s12221-015-5263-4,38,38,0,0.3113982747179499,0.4185835991313058
ES1,1,10.1007/s40204-017-0071-0,13,0,13,,
ES1,1,10.1016/j.compositesb.2019.01.094,46,0,46,,
ES1,1,10.1016/j.eurpolymj.2004.10.027,12,0,12,,
ES1,1,10.1016/j.jafr.2019.100015,15,0,15,,
ES1,1,10.1016/j.jmrt.2023.01.007,9,0,9,,
ES1,1,10.1016/j.materresbull.2022.112052,4,0,4,,
ES1,1,10.1016/j.matlet.2015.08.003,5,0,5,,
ES1,1,10.1016/j.memsci.2013.01.023,46,46,0,0.4713727137703872,0.3399871560190866
ES1,1,10.1016/j.memsci.2018.06.050,6,0,6,,
ES1,1,10.1016/j.memsci.2022.120850,5,5,0,0.5150389506216344,0.603303511738246
ES1,1,10.1016/j.molliq.2023.122819,10,9,1,0.2393930835132727,0.1928510598638489
ES1,1,10.1016/j.mtsust.2022.100275,13,0,13,,
ES1,1,10.1016/j.polymer.2008.09.025,27,0,27,,
ES1,1,10.1016/j.polymer.2014.06.032,8,0,8,,
ES1,1,10.1016/j.polymer.2020.123366,13,13,0,0.3987742471469571,0.3555504680418666
ES1,1,10.1016/j.polymertesting.2019.106218,3,0,3,,
ES1,1,10.1021/acsami.0c02578.,2,2,0,0.0944721242342289,0.1859435963535534
ES1,1,10.1063/1.4994968,1,0,1,,
ES1,1,10.1080/1539445x.2010.495630,12,0,12,,
ES1,1,10.1088/1748-6041/8/4/045007,5,0,5,,
ES1,1,10.1109/nano.2013.6720964,4,0,4,,
ES1,1,10.1177/00219983221144696,44,0,44,,
ES1,1,10.1515/epoly-2014-0110,7,7,0,0.3189284245521026,0.2911287729155125
ES1,1,10.1515/epoly-2018-0037,4,0,4,,
ES1,1,10.1515/epoly-2022-8106,15,0,15,,
ES1,1,10.30684/etj.35.4a.5,6,0,6,,
ES1,1,10.3139/217.3278,9,6,3,0.2611835356630677,0.2601011190997795
ES1,1,10.3390/fib8100065,2,2,0,0.3217293226574098,0.2965803501716637
ES1,1,10.3390/nano10061221,22,0,22,,
ES1,1,10.3390/nano11102514,8,0,8,,
ES1,1,10.3390/nano12060962,6,0,6,,
ES1,1,10.3390/nano14131083,1,0,1,,
ES1,1,10.3390/polym14030593,2,1,1,0.1633189395201291,0.3209863732728437
ES1,1,10.3390/polym15030731,9,9,0,0.2157006858859981,0.1426756492701016
ES1,1,10.3390/polym15132813,10,10,0,0.1547469733191364,0.1015657287078036
ES1,1,https://www.researchgate.net/profile/dhananjay-pise/publication/277816900_study_of_process_parameters_affecting_the_diameter_and_morphology_of_electrospun_polyvinylidene_fluoride_pvdf_nanofibers/links/55751b5c08aeacff1ffcc4a8/study-of-process-parameters-affecting-the-diameter-and-morphology-of-electrospun-polyvinylidene-fluoride-pvdf-nanofibers.pdf,9,0,9,,
ES1,1,https://www.sciencedirect.com/science/article/pii/s0927776511005522,18,18,0,0.2479812869730352,0.1765720805971768
ES1,1,ãâ https://doi.org/10.3390/ma8052718,1,1,0,0.2453490362773625,0.2441861607602815
ES1,2,10.1002/adv.21947,17,0,17,,
ES1,2,10.1002/app.21762,3,0,3,,
ES1,2,10.1002/app.25464,16,16,0,0.4169947896285519,0.4190748310245972
ES1,2,10.1002/app.32569,20,0,20,,
ES1,2,10.1002/app.36726,17,17,0,0.1104495091255145,0.0941181575456089
ES1,2,10.1002/app.42304,9,0,9,,
ES1,2,10.1002/app.52131,6,6,0,0.4950933748952644,0.3303607786106738
ES1,2,10.1002/jbm.b.33337,1,0,1,,
ES1,2,10.1002/marc.200700544,4,0,4,,
ES1,2,10.1002/polb.21380,12,0,12,,
ES1,2,10.1007/bf03218855,55,55,0,0.2858129494071196,0.3807128362639556
ES1,2,10.1007/s00521-014-1554-8,20,20,0,0.2980497839634368,0.2430744508714315
ES1,2,10.1007/s00521-017-2996-6,13,0,13,,
ES1,2,10.1007/s10965-014-0571-8.,18,0,18,,
ES1,2,10.1007/s11814-009-0309-1,96,0,96,,
ES1,2,10.1007/s12221-015-5263-4,38,38,0,0.2947454487114576,0.4199546798791372
ES1,2,10.1007/s40204-017-0071-0,13,0,13,,
ES1,2,10.1016/j.compositesb.2019.01.094,46,0,46,,
ES1,2,10.1016/j.eurpolymj.2004.10.027,12,0,12,,
ES1,2,10.1016/j.jafr.2019.100015,15,0,15,,
ES1,2,10.1016/j.jmrt.2023.01.007,9,0,9,,
ES1,2,10.1016/j.materresbull.2022.112052,4,0,4,,
ES1,2,10.1016/j.matlet.2015.08.003,5,0,5,,
ES1,2,10.1016/j.memsci.2013.01.023,46,46,0,0.3075619003367623,0.328759447747123
ES1,2,10.1016/j.memsci.2018.06.050,6,0,6,,
ES1,2,10.1016/j.memsci.2022.120850,5,5,0,0.5898929249907451,0.611298793973212
ES1,2,10.1016/j.molliq.2023.122819,10,9,1,0.2480777219472408,0.1906449430482202
ES1,2,10.1016/j.mtsust.2022.100275,13,0,13,,
ES1,2,10.1016/j.polymer.2008.09.025,27,0,27,,
ES1,2,10.1016/j.polymer.2014.06.032,8,0,8,,
ES1,2,10.1016/j.polymer.2020.123366,13,13,0,0.3041253016167662,0.3155334311295314
ES1,2,10.1016/j.polymertesting.2019.106218,3,0,3,,
ES1,2,10.1021/acsami.0c02578.,2,2,0,0.0963567289242457,0.1155779466053706
ES1,2,10.1063/1.4994968,1,0,1,,
ES1,2,10.1080/1539445x.2010.495630,12,0,12,,
ES1,2,10.1088/1748-6041/8/4/045007,5,0,5,,
ES1,2,10.1109/nano.2013.6720964,4,0,4,,
ES1,2,10.1177/00219983221144696,44,0,44,,
ES1,2,10.1515/epoly-2014-0110,7,7,0,0.3145952049462185,0.2782328332479916
ES1,2,10.1515/epoly-2018-0037,4,0,4,,
ES1,2,10.1515/epoly-2022-8106,15,0,15,,
ES1,2,10.30684/etj.35.4a.5,6,0,6,,
ES1,2,10.3139/217.3278,9,6,3,0.2578355332189839,0.2678297374297282
ES1,2,10.3390/fib8100065,2,2,0,0.3333037521636479,0.2994181184845461
ES1,2,10.3390/nano10061221,22,0,22,,
ES1,2,10.3390/nano11102514,8,0,8,,
ES1,2,10.3390/nano12060962,6,0,6,,
ES1,2,10.3390/nano14131083,1,0,1,,
ES1,2,10.3390/polym14030593,2,1,1,0.3052423338805385,0.3687325618226502
ES1,2,10.3390/polym15030731,9,9,0,0.2005850038305321,0.1465257046475883
ES1,2,10.3390/polym15132813,10,10,0,0.1123057266225041,0.1145032736066325
ES1,2,https://www.researchgate.net/profile/dhananjay-pise/publication/277816900_study_of_process_parameters_affecting_the_diameter_and_morphology_of_electrospun_polyvinylidene_fluoride_pvdf_nanofibers/links/55751b5c08aeacff1ffcc4a8/study-of-process-parameters-affecting-the-diameter-and-morphology-of-electrospun-polyvinylidene-fluoride-pvdf-nanofibers.pdf,9,0,9,,
ES1,2,https://www.sciencedirect.com/science/article/pii/s0927776511005522,18,18,0,0.2504602981593835,0.1928344903349436
ES1,2,ãâ https://doi.org/10.3390/ma8052718,1,1,0,0.2188447839894767,0.250446821327055
ES1,3,10.1002/adv.21947,17,0,17,,
ES1,3,10.1002/app.21762,3,0,3,,
ES1,3,10.1002/app.25464,16,16,0,0.4250395742486664,0.4290893276668331
ES1,3,10.1002/app.32569,20,0,20,,
ES1,3,10.1002/app.36726,17,17,0,0.1055603636776527,0.0956408543860039
ES1,3,10.1002/app.42304,9,0,9,,
ES1,3,10.1002/app.52131,6,6,0,0.4887945268904304,0.36108570493543
ES1,3,10.1002/jbm.b.33337,1,0,1,,
ES1,3,10.1002/marc.200700544,4,0,4,,
ES1,3,10.1002/polb.21380,12,0,12,,
ES1,3,10.1007/bf03218855,55,55,0,0.251949860560173,0.359784234359446
ES1,3,10.1007/s00521-014-1554-8,20,20,0,0.3095620375094993,0.2587067213103738
ES1,3,10.1007/s00521-017-2996-6,13,0,13,,
ES1,3,10.1007/s10965-014-0571-8.,18,0,18,,
ES1,3,10.1007/s11814-009-0309-1,96,0,96,,
ES1,3,10.1007/s12221-015-5263-4,38,38,0,0.3085795585485261,0.4187579897035997
ES1,3,10.1007/s40204-017-0071-0,13,0,13,,
ES1,3,10.1016/j.compositesb.2019.01.094,46,0,46,,
ES1,3,10.1016/j.eurpolymj.2004.10.027,12,0,12,,
ES1,3,10.1016/j.jafr.2019.100015,15,0,15,,
ES1,3,10.1016/j.jmrt.2023.01.007,9,0,9,,
ES1,3,10.1016/j.materresbull.2022.112052,4,0,4,,
ES1,3,10.1016/j.matlet.2015.08.003,5,0,5,,
ES1,3,10.1016/j.memsci.2013.01.023,46,46,0,0.3663945116363045,0.3789618525560521
ES1,3,10.1016/j.memsci.2018.06.050,6,0,6,,
ES1,3,10.1016/j.memsci.2022.120850,5,5,0,0.5689802594057863,0.6261983598265713
ES1,3,10.1016/j.molliq.2023.122819,10,9,1,0.2380947530039383,0.1914295364787572
ES1,3,10.1016/j.mtsust.2022.100275,13,0,13,,
ES1,3,10.1016/j.polymer.2008.09.025,27,0,27,,
ES1,3,10.1016/j.polymer.2014.06.032,8,0,8,,
ES1,3,10.1016/j.polymer.2020.123366,13,13,0,0.3007739430217122,0.3143682595376429
ES1,3,10.1016/j.polymertesting.2019.106218,3,0,3,,
ES1,3,10.1021/acsami.0c02578.,2,2,0,0.0845144153136761,0.2173001242517348
ES1,3,10.1063/1.4994968,1,0,1,,
ES1,3,10.1080/1539445x.2010.495630,12,0,12,,
ES1,3,10.1088/1748-6041/8/4/045007,5,0,5,,
ES1,3,10.1109/nano.2013.6720964,4,0,4,,
ES1,3,10.1177/00219983221144696,44,0,44,,
ES1,3,10.1515/epoly-2014-0110,7,7,0,0.3209929479172071,0.2969975962646121
ES1,3,10.1515/epoly-2018-0037,4,0,4,,
ES1,3,10.1515/epoly-2022-8106,15,0,15,,
ES1,3,10.30684/etj.35.4a.5,6,0,6,,
ES1,3,10.3139/217.3278,9,6,3,0.2811007426366472,0.2521672655869299
ES1,3,10.3390/fib8100065,2,2,0,0.262679763910803,0.3544258233674161
ES1,3,10.3390/nano10061221,22,0,22,,
ES1,3,10.3390/nano11102514,8,0,8,,
ES1,3,10.3390/nano12060962,6,0,6,,
ES1,3,10.3390/nano14131083,1,0,1,,
ES1,3,10.3390/polym14030593,2,1,1,0.2388639461273025,0.4102874007038948
ES1,3,10.3390/polym15030731,9,9,0,0.1657266628484278,0.1377255827117979
ES1,3,10.3390/polym15132813,10,10,0,0.1394899597104773,0.16853326690043
ES1,3,https://www.researchgate.net/profile/dhananjay-pise/publication/277816900_study_of_process_parameters_affecting_the_diameter_and_morphology_of_electrospun_polyvinylidene_fluoride_pvdf_nanofibers/links/55751b5c08aeacff1ffcc4a8/study-of-process-parameters-affecting-the-diameter-and-morphology-of-electrospun-polyvinylidene-fluoride-pvdf-nanofibers.pdf,9,0,9,,
ES1,3,https://www.sciencedirect.com/science/article/pii/s0927776511005522,18,18,0,0.2378019739091242,0.2061452665436905
ES1,3,ãâ https://doi.org/10.3390/ma8052718,1,1,0,0.2045210856535901,0.2508152989262409
ES1,4,10.1002/adv.21947,17,0,17,,
ES1,4,10.1002/app.21762,3,0,3,,
ES1,4,10.1002/app.25464,16,16,0,0.4257172253296035,0.4197370170433337
ES1,4,10.1002/app.32569,20,0,20,,
ES1,4,10.1002/app.36726,17,17,0,0.1271812141160536,0.1059142164921127
ES1,4,10.1002/app.42304,9,0,9,,
ES1,4,10.1002/app.52131,6,6,0,0.4926065810493454,0.3394881690710316
ES1,4,10.1002/jbm.b.33337,1,0,1,,
ES1,4,10.1002/marc.200700544,4,0,4,,
ES1,4,10.1002/polb.21380,12,0,12,,
ES1,4,10.1007/bf03218855,55,55,0,0.2829697323435472,0.3929418471055917
ES1,4,10.1007/s00521-014-1554-8,20,20,0,0.2880721346512301,0.2665537735186347
ES1,4,10.1007/s00521-017-2996-6,13,0,13,,
ES1,4,10.1007/s10965-014-0571-8.,18,0,18,,
ES1,4,10.1007/s11814-009-0309-1,96,0,96,,
ES1,4,10.1007/s12221-015-5263-4,38,38,0,0.3036575632133103,0.4160931421914706
ES1,4,10.1007/s40204-017-0071-0,13,0,13,,
ES1,4,10.1016/j.compositesb.2019.01.094,46,0,46,,
ES1,4,10.1016/j.eurpolymj.2004.10.027,12,0,12,,
ES1,4,10.1016/j.jafr.2019.100015,15,0,15,,
ES1,4,10.1016/j.jmrt.2023.01.007,9,0,9,,
ES1,4,10.1016/j.materresbull.2022.112052,4,0,4,,
ES1,4,10.1016/j.matlet.2015.08.003,5,0,5,,
ES1,4,10.1016/j.memsci.2013.01.023,46,46,0,0.4390427216384467,0.3025406529570078
ES1,4,10.1016/j.memsci.2018.06.050,6,0,6,,
ES1,4,10.1016/j.memsci.2022.120850,5,5,0,0.5472890561169864,0.611701546963584
ES1,4,10.1016/j.molliq.2023.122819,10,9,1,0.2499218125078949,0.1989826036493854
ES1,4,10.1016/j.mtsust.2022.100275,13,0,13,,
ES1,4,10.1016/j.polymer.2008.09.025,27,0,27,,
ES1,4,10.1016/j.polymer.2014.06.032,8,0,8,,
ES1,4,10.1016/j.polymer.2020.123366,13,13,0,0.3251453899808045,0.342200393350498
ES1,4,10.1016/j.polymertesting.2019.106218,3,0,3,,
ES1,4,10.1021/acsami.0c02578.,2,2,0,0.0748237655398643,0.1130108743497072
ES1,4,10.1063/1.4994968,1,0,1,,
ES1,4,10.1080/1539445x.2010.495630,12,0,12,,
ES1,4,10.1088/1748-6041/8/4/045007,5,0,5,,
ES1,4,10.1109/nano.2013.6720964,4,0,4,,
ES1,4,10.1177/00219983221144696,44,0,44,,
ES1,4,10.1515/epoly-2014-0110,7,7,0,0.3212361656391893,0.2907219816798907
ES1,4,10.1515/epoly-2018-0037,4,0,4,,
ES1,4,10.1515/epoly-2022-8106,15,0,15,,
ES1,4,10.30684/etj.35.4a.5,6,0,6,,
ES1,4,10.3139/217.3278,9,6,3,0.2656539541164115,0.2396703324027215
ES1,4,10.3390/fib8100065,2,2,0,0.2353447146085461,0.2478943655674448
ES1,4,10.3390/nano10061221,22,0,22,,
ES1,4,10.3390/nano11102514,8,0,8,,
ES1,4,10.3390/nano12060962,6,0,6,,
ES1,4,10.3390/nano14131083,1,0,1,,
ES1,4,10.3390/polym14030593,2,1,1,0.3075528540312491,0.5016723678075765
ES1,4,10.3390/polym15030731,9,9,0,0.1858861296004502,0.1612076653810411
ES1,4,10.3390/polym15132813,10,10,0,0.1473168114809196,0.1073095146963345
ES1,4,https://www.researchgate.net/profile/dhananjay-pise/publication/277816900_study_of_process_parameters_affecting_the_diameter_and_morphology_of_electrospun_polyvinylidene_fluoride_pvdf_nanofibers/links/55751b5c08aeacff1ffcc4a8/study-of-process-parameters-affecting-the-diameter-and-morphology-of-electrospun-polyvinylidene-fluoride-pvdf-nanofibers.pdf,9,0,9,,
ES1,4,https://www.sciencedirect.com/science/article/pii/s0927776511005522,18,18,0,0.2405478059877663,0.1897761344088868
ES1,4,ãâ https://doi.org/10.3390/ma8052718,1,1,0,0.2307394034840162,0.3024906060869363
ES2,0,10.1002/app.21762,3,3,0,0.0980954792057563,0.0980954792057563
ES2,0,10.1002/app.42304,9,9,0,0.2987433766239274,0.2987433766239274
ES2,0,10.1002/marc.200700544,4,4,0,0.2184265739432578,0.2184265739432578
ES2,0,10.1002/pi.4314,6,6,0,0.5917863347071307,0.5917863347071307
ES2,0,10.1007/s10853-013-7341-6,8,8,0,0.4095151423657307,0.4095151423657307
ES2,0,10.1007/s10965-014-0571-8,18,18,0,0.4036370090090273,0.4036370090090273
ES2,0,10.1007/s40204-017-0071-0,13,13,0,0.2003978897894965,0.2003978897894965
ES2,0,10.1016/j.matlet.2015.08.003,5,5,0,0.6231099541174989,0.6231099541174989
ES2,0,10.1016/j.memsci.2013.01.023,7,7,0,0.4651510278047213,0.4651510278047213
ES2,0,10.1016/j.memsci.2013.11.056,5,5,0,0.5992816034771324,0.5992816034771324
ES2,0,10.1016/j.memsci.2018.06.050,3,3,0,0.3384774383956148,0.3384774383956148
ES2,0,10.1016/j.mseb.2006.03.035,4,4,0,0.2281908999163616,0.2281908999163616
ES2,0,10.1016/j.polymertesting.2019.106218,3,3,0,0.7997483670359022,0.7997483670359022
ES2,0,10.1021/acsami.0c02578,2,2,0,0.091121790764222,0.091121790764222
ES2,0,10.1021/cm060223+,6,6,0,0.3721024642427457,0.3721024642427457
ES2,0,10.1080/10236660802190963,5,5,0,0.1054389714270395,0.1054389714270395
ES2,0,10.1080/1539445x.2010.495630,12,12,0,0.2588058357570412,0.2588058357570412
ES2,0,10.1088/1748-6041/8/4/045007,5,5,0,0.3537761944999995,0.3537761944999995
ES2,0,10.1088/1757-899x/230/1/012043,32,32,0,0.573054974660202,0.573054974660202
ES2,0,10.1109/-no.2013.6720964,4,4,0,0.0561469130429961,0.0561469130429961
ES2,0,10.1117/12.837918,56,56,0,0.879625671264502,0.879625671264502
ES2,0,10.1515/epoly-2018-0037,4,4,0,0.464336367062109,0.464336367062109
ES2,0,10.1515/epoly.2008.8.1.1758,4,4,0,0.1556629477484753,0.1556629477484753
ES2,0,10.3390/fib8100065,2,2,0,0.1890721065718149,0.1890721065718149
ES2,0,10.4236/msa.2010.14036,2,2,0,0.3215191325944447,0.3215191325944447
ES2,0,"D.D. Pise, B.B. Ahuja, S.M. Shendokar, Study of Process Para",9,9,0,0.1847605052418379,0.1847605052418379
ES2,0,FERN lab experiment data ,25,25,0,0.1074019018463254,0.1074019018463254
ES2,0,"K. Castkova, J. Kastyl, D. Sobola, J. Petrus, E. Stast-, Str",11,11,0,0.6693159156319131,0.6693159156319131
ES2,1,10.1002/app.21762,3,3,0,0.0977207403413073,0.0977207403413073
ES2,1,10.1002/app.42304,9,9,0,0.2463012692194205,0.2463012692194205
ES2,1,10.1002/marc.200700544,4,4,0,0.2651705140332701,0.2651705140332701
ES2,1,10.1002/pi.4314,6,6,0,0.5701309966138123,0.5701309966138123
ES2,1,10.1007/s10853-013-7341-6,8,8,0,0.3682265224482764,0.3682265224482764
ES2,1,10.1007/s10965-014-0571-8,18,18,0,0.4100043977772589,0.4100043977772589
ES2,1,10.1007/s40204-017-0071-0,13,13,0,0.1726655852250455,0.1726655852250455
ES2,1,10.1016/j.matlet.2015.08.003,5,5,0,0.6172848218860001,0.6172848218860001
ES2,1,10.1016/j.memsci.2013.01.023,7,7,0,0.4695436966503898,0.4695436966503898
ES2,1,10.1016/j.memsci.2013.11.056,5,5,0,0.5880831747475105,0.5880831747475105
ES2,1,10.1016/j.memsci.2018.06.050,3,3,0,0.356424585193876,0.356424585193876
ES2,1,10.1016/j.mseb.2006.03.035,4,4,0,0.2447032155871403,0.2447032155871403
ES2,1,10.1016/j.polymertesting.2019.106218,3,3,0,0.802588386832214,0.802588386832214
ES2,1,10.1021/acsami.0c02578,2,2,0,0.1048082242915329,0.1048082242915329
ES2,1,10.1021/cm060223+,6,6,0,0.4025902769855534,0.4025902769855534
ES2,1,10.1080/10236660802190963,5,5,0,0.0738808519038747,0.0738808519038747
ES2,1,10.1080/1539445x.2010.495630,12,12,0,0.228722609151043,0.228722609151043
ES2,1,10.1088/1748-6041/8/4/045007,5,5,0,0.4156109051915829,0.4156109051915829
ES2,1,10.1088/1757-899x/230/1/012043,32,32,0,0.5977409078360878,0.5977409078360878
ES2,1,10.1109/-no.2013.6720964,4,4,0,0.0602883612845908,0.0602883612845908
ES2,1,10.1117/12.837918,56,56,0,0.8871922796907313,0.8871922796907313
ES2,1,10.1515/epoly-2018-0037,4,4,0,0.5033438680899638,0.5033438680899638
ES2,1,10.1515/epoly.2008.8.1.1758,4,4,0,0.1561789633861899,0.1561789633861899
ES2,1,10.3390/fib8100065,2,2,0,0.1858467790877671,0.1858467790877671
ES2,1,10.4236/msa.2010.14036,2,2,0,0.3061352285665634,0.3061352285665634
ES2,1,"D.D. Pise, B.B. Ahuja, S.M. Shendokar, Study of Process Para",9,9,0,0.1842185192913263,0.1842185192913263
ES2,1,FERN lab experiment data ,25,25,0,0.0966014519986749,0.0966014519986749
ES2,1,"K. Castkova, J. Kastyl, D. Sobola, J. Petrus, E. Stast-, Str",11,11,0,0.6353068616254505,0.6353068616254505
ES2,2,10.1002/app.21762,3,3,0,0.0958789769828766,0.0958789769828766
ES2,2,10.1002/app.42304,9,9,0,0.3163983682430846,0.3163983682430846
ES2,2,10.1002/marc.200700544,4,4,0,0.2211241369917649,0.2211241369917649
ES2,2,10.1002/pi.4314,6,6,0,0.5796681030867913,0.5796681030867913
ES2,2,10.1007/s10853-013-7341-6,8,8,0,0.3601265190561942,0.3601265190561942
ES2,2,10.1007/s10965-014-0571-8,18,18,0,0.4074212130483037,0.4074212130483037
ES2,2,10.1007/s40204-017-0071-0,13,13,0,0.1783256558818199,0.1783256558818199
ES2,2,10.1016/j.matlet.2015.08.003,5,5,0,0.6660735550847928,0.6660735550847928
ES2,2,10.1016/j.memsci.2013.01.023,7,7,0,0.5105969068247765,0.5105969068247765
ES2,2,10.1016/j.memsci.2013.11.056,5,5,0,0.5937816354062809,0.5937816354062809
ES2,2,10.1016/j.memsci.2018.06.050,3,3,0,0.3784569411099295,0.3784569411099295
ES2,2,10.1016/j.mseb.2006.03.035,4,4,0,0.2210987621844354,0.2210987621844354
ES2,2,10.1016/j.polymertesting.2019.106218,3,3,0,0.7940171942216423,0.7940171942216423
ES2,2,10.1021/acsami.0c02578,2,2,0,0.1000387745588167,0.1000387745588167
ES2,2,10.1021/cm060223+,6,6,0,0.4074834293717824,0.4074834293717824
ES2,2,10.1080/10236660802190963,5,5,0,0.0958717362335352,0.0958717362335352
ES2,2,10.1080/1539445x.2010.495630,12,12,0,0.2184944902281391,0.2184944902281391
ES2,2,10.1088/1748-6041/8/4/045007,5,5,0,0.488250658838048,0.488250658838048
ES2,2,10.1088/1757-899x/230/1/012043,32,32,0,0.588570954002292,0.588570954002292
ES2,2,10.1109/-no.2013.6720964,4,4,0,0.104868188390347,0.104868188390347
ES2,2,10.1117/12.837918,56,56,0,0.8958524819764706,0.8958524819764706
ES2,2,10.1515/epoly-2018-0037,4,4,0,0.4915267625679596,0.4915267625679596
ES2,2,10.1515/epoly.2008.8.1.1758,4,4,0,0.1497321293035773,0.1497321293035773
ES2,2,10.3390/fib8100065,2,2,0,0.2455463078677482,0.2455463078677482
ES2,2,10.4236/msa.2010.14036,2,2,0,0.297449481631779,0.297449481631779
ES2,2,"D.D. Pise, B.B. Ahuja, S.M. Shendokar, Study of Process Para",9,9,0,0.1806034996614805,0.1806034996614805
ES2,2,FERN lab experiment data ,25,25,0,0.0973396470768884,0.0973396470768884
ES2,2,"K. Castkova, J. Kastyl, D. Sobola, J. Petrus, E. Stast-, Str",11,11,0,0.7289894509711488,0.7289894509711488
ES2,3,10.1002/app.21762,3,3,0,0.1513582705626519,0.1513582705626519
ES2,3,10.1002/app.42304,9,9,0,0.3102277792579837,0.3102277792579837
ES2,3,10.1002/marc.200700544,4,4,0,0.2703186094292124,0.2703186094292124
ES2,3,10.1002/pi.4314,6,6,0,0.6070589078587683,0.6070589078587683
ES2,3,10.1007/s10853-013-7341-6,8,8,0,0.4104934059417072,0.4104934059417072
ES2,3,10.1007/s10965-014-0571-8,18,18,0,0.366548504338535,0.366548504338535
ES2,3,10.1007/s40204-017-0071-0,13,13,0,0.3328415857315016,0.3328415857315016
ES2,3,10.1016/j.matlet.2015.08.003,5,5,0,0.6261171495124391,0.6261171495124391
ES2,3,10.1016/j.memsci.2013.01.023,7,7,0,0.4824000309776334,0.4824000309776334
ES2,3,10.1016/j.memsci.2013.11.056,5,5,0,0.5788712772866969,0.5788712772866969
ES2,3,10.1016/j.memsci.2018.06.050,3,3,0,0.335783094268374,0.335783094268374
ES2,3,10.1016/j.mseb.2006.03.035,4,4,0,0.2587199300380318,0.2587199300380318
ES2,3,10.1016/j.polymertesting.2019.106218,3,3,0,0.7949280261085386,0.7949280261085386
ES2,3,10.1021/acsami.0c02578,2,2,0,0.0950522173295162,0.0950522173295162
ES2,3,10.1021/cm060223+,6,6,0,0.401337421653638,0.401337421653638
ES2,3,10.1080/10236660802190963,5,5,0,0.0616540088860493,0.0616540088860493
ES2,3,10.1080/1539445x.2010.495630,12,12,0,0.2142534331518437,0.2142534331518437
ES2,3,10.1088/1748-6041/8/4/045007,5,5,0,0.5551224173453774,0.5551224173453774
ES2,3,10.1088/1757-899x/230/1/012043,32,32,0,0.5918708875592708,0.5918708875592708
ES2,3,10.1109/-no.2013.6720964,4,4,0,0.1191935923727209,0.1191935923727209
ES2,3,10.1117/12.837918,56,56,0,0.8892258370642365,0.8892258370642365
ES2,3,10.1515/epoly-2018-0037,4,4,0,0.4289035310540666,0.4289035310540666
ES2,3,10.1515/epoly.2008.8.1.1758,4,4,0,0.1604825181822343,0.1604825181822343
ES2,3,10.3390/fib8100065,2,2,0,0.1932014397201807,0.1932014397201807
ES2,3,10.4236/msa.2010.14036,2,2,0,0.2688386934945382,0.2688386934945382
ES2,3,"D.D. Pise, B.B. Ahuja, S.M. Shendokar, Study of Process Para",9,9,0,0.1753987128507547,0.1753987128507547
ES2,3,FERN lab experiment data ,25,25,0,0.106434087406204,0.106434087406204
ES2,3,"K. Castkova, J. Kastyl, D. Sobola, J. Petrus, E. Stast-, Str",11,11,0,0.7295679304889292,0.7295679304889292
ES2,4,10.1002/app.21762,3,3,0,0.1021832295909514,0.1021832295909514
ES2,4,10.1002/app.42304,9,9,0,0.2420194928941596,0.2420194928941596
ES2,4,10.1002/marc.200700544,4,4,0,0.2080519945034653,0.2080519945034653
ES2,4,10.1002/pi.4314,6,6,0,0.5633705214733241,0.5633705214733241
ES2,4,10.1007/s10853-013-7341-6,8,8,0,0.4098454608599989,0.4098454608599989
ES2,4,10.1007/s10965-014-0571-8,18,18,0,0.4015957223234281,0.4015957223234281
ES2,4,10.1007/s40204-017-0071-0,13,13,0,0.3557817219050531,0.3557817219050531
ES2,4,10.1016/j.matlet.2015.08.003,5,5,0,0.6699915948704335,0.6699915948704335
ES2,4,10.1016/j.memsci.2013.01.023,7,7,0,0.4780290051351592,0.4780290051351592
ES2,4,10.1016/j.memsci.2013.11.056,5,5,0,0.5598033051345631,0.5598033051345631
ES2,4,10.1016/j.memsci.2018.06.050,3,3,0,0.2795969468142733,0.2795969468142733
ES2,4,10.1016/j.mseb.2006.03.035,4,4,0,0.2099159558441922,0.2099159558441922
ES2,4,10.1016/j.polymertesting.2019.106218,3,3,0,0.8153550970494371,0.8153550970494371
ES2,4,10.1021/acsami.0c02578,2,2,0,0.0972095830461393,0.0972095830461393
ES2,4,10.1021/cm060223+,6,6,0,0.3934071407686159,0.3934071407686159
ES2,4,10.1080/10236660802190963,5,5,0,0.0904349439991678,0.0904349439991678
ES2,4,10.1080/1539445x.2010.495630,12,12,0,0.2667914356691896,0.2667914356691896
ES2,4,10.1088/1748-6041/8/4/045007,5,5,0,0.5852062318238368,0.5852062318238368
ES2,4,10.1088/1757-899x/230/1/012043,32,32,0,0.5751990941176848,0.5751990941176848
ES2,4,10.1109/-no.2013.6720964,4,4,0,0.0761875768020421,0.0761875768020421
ES2,4,10.1117/12.837918,56,56,0,0.901890013202916,0.901890013202916
ES2,4,10.1515/epoly-2018-0037,4,4,0,0.5151192225998704,0.5151192225998704
ES2,4,10.1515/epoly.2008.8.1.1758,4,4,0,0.1536407969746384,0.1536407969746384
ES2,4,10.3390/fib8100065,2,2,0,0.2292438533383179,0.2292438533383179
ES2,4,10.4236/msa.2010.14036,2,2,0,0.2380260600484727,0.2380260600484727
ES2,4,"D.D. Pise, B.B. Ahuja, S.M. Shendokar, Study of Process Para",9,9,0,0.1940651573071373,0.1940651573071373
ES2,4,FERN lab experiment data ,25,25,0,0.11404906330461,0.11404906330461
ES2,4,"K. Castkova, J. Kastyl, D. Sobola, J. Petrus, E. Stast-, Str",11,11,0,0.6910051430354863,0.6910051430354863
DYE,0,Lab,70,70,0,31.43310160062533,31.5793389378929
DYE,0,[10],3,3,0,10.012900840433144,9.056891199138237
DYE,0,[11],9,9,0,22.243770200897387,22.617870856363023
DYE,0,[1],5,5,0,24.86082081671136,24.03377803822656
DYE,0,[2],3,3,0,24.48780578376678,23.71939341079185
DYE,0,[3],5,3,2,22.34167584574968,22.34167584574968
DYE,0,[4],6,6,0,22.17691611818462,21.704514732210733
DYE,0,[5],10,10,0,38.64608444144039,39.10952963455654
DYE,0,[6],1,1,0,34.90110436507942,35.199504100529104
DYE,0,[7],3,3,0,20.55706909836924,21.67869161548292
DYE,0,[8],5,3,2,36.85904845704689,36.85904845704689
DYE,0,[9],11,11,0,31.21208671753213,30.292706513778548
DYE,1,Lab,70,70,0,31.65579744926304,31.73469296912774
DYE,1,[10],3,3,0,8.111969014952336,11.178216208902988
DYE,1,[11],9,9,0,22.54725311096394,23.01452405393312
DYE,1,[1],5,5,0,24.450849588148905,24.911189634385817
DYE,1,[2],3,3,0,25.528593102823383,27.38769169046988
DYE,1,[3],5,3,2,24.17960410890022,24.179604108900214
DYE,1,[4],6,6,0,22.602878984932616,20.949419160093804
DYE,1,[5],10,10,0,39.79270702353705,40.07437626929649
DYE,1,[6],1,1,0,36.41745674603178,34.28124801587305
DYE,1,[7],3,3,0,23.327732748417127,21.95949623948741
DYE,1,[8],5,3,2,35.00071818189122,35.00071818189121
DYE,1,[9],11,11,0,29.274454194236856,28.958479952681166
DYE,2,Lab,70,70,0,31.683857378021926,31.491431839362395
DYE,2,[10],3,3,0,9.66034109481074,12.298340453351322
DYE,2,[11],9,9,0,23.478427080157942,21.554957709932214
DYE,2,[1],5,5,0,24.161742481068128,24.28136112891576
DYE,2,[2],3,3,0,26.344677259293924,26.173763209501075
DYE,2,[3],5,3,2,21.941235051542996,21.94123505154299
DYE,2,[4],6,6,0,22.55272599254707,23.313957005977382
DYE,2,[5],10,10,0,39.33385434755316,41.18864406721272
DYE,2,[6],1,1,0,35.75311269841269,35.818951455026514
DYE,2,[7],3,3,0,23.310073738423352,22.99415356000386
DYE,2,[8],5,3,2,38.68017209425395,38.68017209425395
DYE,2,[9],11,11,0,29.324453709232063,29.552835323241855
DYE,3,Lab,70,70,0,31.416770383667767,32.04150696783136
DYE,3,[10],3,3,0,12.349979666874637,11.386073001935392
DYE,3,[11],9,9,0,22.667831737512163,22.478343371409785
DYE,3,[1],5,5,0,23.589792874581747,25.753607295017478
DYE,3,[2],3,3,0,27.695516044893225,26.084497974525227
DYE,3,[3],5,3,2,24.023441336229705,24.0234413362297
DYE,3,[4],6,6,0,22.204656095186017,21.473843541245643
DYE,3,[5],10,10,0,41.213078956622354,40.34853410884579
DYE,3,[6],1,1,0,32.50351493506493,33.735504076479074
DYE,3,[7],3,3,0,22.318870734020216,22.509230525685705
DYE,3,[8],5,3,2,36.6298883006861,36.6298883006861
DYE,3,[9],11,11,0,29.02651566897432,30.29195275436439
DYE,4,Lab,70,70,0,31.76620327474366,31.44964156704445
DYE,4,[10],3,3,0,9.514926428321148,10.450350733740027
DYE,4,[11],9,9,0,22.489234173539423,22.24135741759713
DYE,4,[1],5,5,0,24.214031021346308,24.50371623623528
DYE,4,[2],3,3,0,26.749533722385834,25.150641763653475
DYE,4,[3],5,3,2,22.662919478310204,22.662919478310204
DYE,4,[4],6,6,0,23.409508524112805,22.804129567758206
DYE,4,[5],10,10,0,40.422533173907006,40.98189708275535
DYE,4,[6],1,1,0,35.653950529100555,37.043597883597855
DYE,4,[7],3,3,0,24.10717492611885,23.366065390079257
DYE,4,[8],5,3,2,35.893927266904115,35.89392726690412
DYE,4,[9],11,11,0,29.11824623624641,29.95289022501411
DES_RHO,0,10.1002/aic.18095,2667,448,2219,0.0446091227472589,0.0435062018120756
DES_RHO,0,10.1002/cphc.200500489,6,3,3,0.0140410598947318,0.0039771621946587
DES_RHO,0,10.1016/j.bioelechem.2022.108207,3,1,2,0.0020570953251859,0.001846738715874
DES_RHO,0,10.1016/j.biortech.2020.122897,6,1,5,0.0073642578800261,0.0077294329742956
DES_RHO,0,10.1016/j.cclet.2013.09.004,9,3,6,0.0252114632378966,0.1422356903049922
DES_RHO,0,10.1016/j.cej.2018.10.077,9,8,1,0.0116072226696105,0.0131560207329363
DES_RHO,0,10.1016/j.cej.2020.125173,36,32,4,0.0162264173411377,0.0144729655237734
DES_RHO,0,10.1016/j.cep.2015.04.001,14,8,6,0.0164023310184348,0.0133476261189211
DES_RHO,0,10.1016/j.chemosphere.2019.125082,20,0,20,,
DES_RHO,0,10.1016/j.chroma.2018.07.070,13,0,13,,
DES_RHO,0,10.1016/j.chroma.2018.12.063,5,0,5,,
DES_RHO,0,10.1016/j.cjche.2020.07.004,20,12,8,0.0137714979394029,0.0349714944736346
DES_RHO,0,10.1016/j.ctta.2022.100088,5,0,5,,
DES_RHO,0,10.1016/j.fluid.2012.12.001,137,60,77,0.0085144026413843,0.0081055966935734
DES_RHO,0,10.1016/j.fluid.2013.06.050,24,7,17,0.0079764547331636,0.0075294560286153
DES_RHO,0,10.1016/j.fluid.2014.01.028,7,3,4,0.0073244629679837,0.0057893659373426
DES_RHO,0,10.1016/j.fluid.2014.08.017,3,1,2,0.0206240873052712,0.019078109758752
DES_RHO,0,10.1016/j.fluid.2017.03.008,84,26,58,0.0080347672795929,0.0067683987783695
DES_RHO,0,10.1016/j.fluid.2018.05.008,5,1,4,0.0026568939270934,0.0028361408487063
DES_RHO,0,10.1016/j.fluid.2019.02.010,64,9,55,0.0056907855399846,0.0053631456695782
DES_RHO,0,10.1016/j.fluid.2020.112752,36,5,31,0.0055489193476415,0.0040967284545221
DES_RHO,0,10.1016/j.fluid.2022.113462,14,9,5,0.0028655727648224,0.0059731858929603
DES_RHO,0,10.1016/j.foodchem.2018.09.048,6,5,1,0.0150897193314489,0.0250717656741254
DES_RHO,0,10.1016/j.foodchem.2019.125752,8,0,8,,
DES_RHO,0,10.1016/j.foodchem.2021.131930,10,4,6,0.0190356305741443,0.0140940532037284
DES_RHO,0,10.1016/j.foodchem.2022.133379,7,1,6,0.0065688683778492,0.0242078440309663
DES_RHO,0,10.1016/j.foodchem.2022.134054,38,16,22,0.0086633469835166,0.0119543100576057
DES_RHO,0,10.1016/j.ijggc.2016.02.006,8,1,7,0.0097630905875805,0.0085380980806251
DES_RHO,0,10.1016/j.ijggc.2019.102839,4,1,3,0.0195768935691414,0.0415636348918514
DES_RHO,0,10.1016/j.jcis.2017.01.109,3,1,2,0.0084145306538966,0.0184228578033986
DES_RHO,0,10.1016/j.jclepro.2022.133589,3,1,2,0.000676678229079,0.0006992409093724
DES_RHO,0,10.1016/j.jcou.2022.102217,112,25,87,0.0242049491826751,0.0139603712116817
DES_RHO,0,10.1016/j.jct.2013.05.041,20,0,20,,
DES_RHO,0,10.1016/j.jct.2013.08.029,5,1,4,0.0023004554786996,0.001688339571118
DES_RHO,0,10.1016/j.jct.2015.04.021,24,6,18,0.0062722280168124,0.0086216031817617
DES_RHO,0,10.1016/j.jct.2016.08.015,3,0,3,,
DES_RHO,0,10.1016/j.jct.2017.05.020,66,18,48,0.0123701014742114,0.0126448834202314
DES_RHO,0,10.1016/j.jct.2017.11.008,66,8,58,0.037345270416675,0.0650230634389336
DES_RHO,0,10.1016/j.jct.2018.10.003,25,15,10,0.0195417414667718,0.0269829774256562
DES_RHO,0,10.1016/j.jct.2018.12.017,54,0,54,,
DES_RHO,0,10.1016/j.jct.2019.105883,15,8,7,0.010511544422689,0.0221312054107462
DES_RHO,0,10.1016/j.jct.2020.106051,12,8,4,0.0067559235773165,0.0339581497155039
DES_RHO,0,10.1016/j.jct.2021.106578,43,27,16,0.0077679022754205,0.0090739994125041
DES_RHO,0,10.1016/j.jct.2021.106713,77,40,37,0.0115018716444112,0.0144186090301023
DES_RHO,0,10.1016/j.jhazmat.2021.127972,27,21,6,0.0128160465766499,0.0120978560920886
DES_RHO,0,10.1016/j.jhazmat.2022.129835,6,2,4,0.000280821946801,0.000262515590563
DES_RHO,0,10.1016/j.jiec.2022.04.015,34,15,19,0.0090940590050062,0.0086862339664885
DES_RHO,0,10.1016/j.jmgm.2022.108319,25,17,8,0.0143535921949792,0.0145722550774211
DES_RHO,0,10.1016/j.jobe.2021.103056,9,0,9,,
DES_RHO,0,10.1016/j.jtice.2012.01.007,15,6,9,0.0128457972540147,0.0073867411507406
DES_RHO,0,10.1016/j.jtice.2015.12.020,54,1,53,0.0173713730168777,0.0048358172418345
DES_RHO,0,10.1016/j.microc.2022.107372,34,17,17,0.0160284587937236,0.0167394832801909
DES_RHO,0,10.1016/j.molliq.2016.01.038,10,9,1,0.007003240702793,0.0245365454044625
DES_RHO,0,10.1016/j.molliq.2016.02.062,59,36,23,0.0063501087507253,0.0049103440055845
DES_RHO,0,10.1016/j.molliq.2016.07.039,77,7,70,0.0116554558801633,0.0730577562924632
DES_RHO,0,10.1016/j.molliq.2016.10.115,12,6,6,0.0110086195333788,0.0110485519947879
DES_RHO,0,10.1016/j.molliq.2017.02.071,27,19,8,0.0062417423633301,0.0062724050981124
DES_RHO,0,10.1016/j.molliq.2017.04.052,39,20,19,0.0131124067592728,0.0114074473108961
DES_RHO,0,10.1016/j.molliq.2017.05.084,45,0,45,,
DES_RHO,0,10.1016/j.molliq.2017.09.091,117,16,101,0.0155122109681653,0.0388802110486513
DES_RHO,0,10.1016/j.molliq.2018.02.049,54,7,47,0.0176652153154936,0.0632161818713557
DES_RHO,0,10.1016/j.molliq.2018.02.085,63,53,10,0.0079282169015943,0.0075465184596902
DES_RHO,0,10.1016/j.molliq.2018.12.096,4,4,0,0.007926077886907,0.0054446348984238
DES_RHO,0,10.1016/j.molliq.2019.01.053,14,5,9,0.0084271313873747,0.0072965788798025
DES_RHO,0,10.1016/j.molliq.2019.111916,35,19,16,0.0100995719245098,0.008903909842453
DES_RHO,0,10.1016/j.molliq.2020.112644,18,6,12,0.0253886141476429,0.019537221923004
DES_RHO,0,10.1016/j.molliq.2020.113110,81,11,70,0.0356157962391141,0.0639964173975524
DES_RHO,0,10.1016/j.molliq.2020.113127,36,14,22,0.0125746368720896,0.0215366894704072
DES_RHO,0,10.1016/j.molliq.2021.117717,1,0,1,,
DES_RHO,0,10.1016/j.molliq.2021.117987,25,13,12,0.0136691472145688,0.0157145219917504
DES_RHO,0,10.1016/j.molliq.2021.118393,54,12,42,0.0151928849967957,0.0646986467025262
DES_RHO,0,10.1016/j.molliq.2022.119392,11,5,6,0.0083403384284658,0.0641715266448791
DES_RHO,0,10.1016/j.molliq.2022.119396,90,11,79,0.0113328197274284,0.0128688792570684
DES_RHO,0,10.1016/j.molliq.2022.119560,27,16,11,0.0174528585591115,0.0203924838614831
DES_RHO,0,10.1016/j.molliq.2022.120056,9,9,0,0.0183733696277298,0.0277870895493385
DES_RHO,0,10.1016/j.molliq.2022.120266,52,24,28,0.0064207525648782,0.0088849468448326
DES_RHO,0,10.1016/j.molliq.2022.120420,351,334,17,0.0074365856195583,0.0067668692705771
DES_RHO,0,10.1016/j.seppur.2019.115703,43,12,31,0.0037053649802266,0.0029987359986408
DES_RHO,0,10.1016/j.seppur.2019.115707,4,4,0,0.0069144942928772,0.0070525710016501
DES_RHO,0,10.1016/j.seppur.2020.116692,22,22,0,0.0119566990733021,0.0174726379476065
DES_RHO,0,10.1016/j.seppur.2020.117211,3,1,2,0.0017984276874581,0.0026259307826127
DES_RHO,0,10.1016/j.talanta.2022.123373,8,0,8,,
DES_RHO,0,10.1016/j.tca.2011.10.010,268,43,225,0.0070913837030685,0.0064253234365654
DES_RHO,0,10.1016/j.tca.2012.04.030,28,17,11,0.0084007801139446,0.0150136636268863
DES_RHO,0,10.1016/j.tca.2014.11.028,18,8,10,0.0064486555480387,0.0056431482888995
DES_RHO,0,10.1016/j.tca.2016.11.008,12,6,6,0.0147170218882419,0.0196803975910724
DES_RHO,0,10.1021/acs.energyfuels.6b00471,5,0,5,,
DES_RHO,0,10.1021/acs.iecr.5b02611,22,1,21,0.0320303325996539,0.0954284685617502
DES_RHO,0,10.1021/acs.iecr.7b02478,28,9,19,0.0027388976039378,0.0100184143128069
DES_RHO,0,10.1021/acs.jced.0c00579,16,2,14,0.0036078723499228,0.020319893416113
DES_RHO,0,10.1021/acs.jced.0c00715,153,110,43,0.0068901473521705,0.0075366123318012
DES_RHO,0,10.1021/acs.jced.6b00486,18,8,10,0.0069212611666202,0.0085669395120585
DES_RHO,0,10.1021/acs.jced.6b01013,36,18,18,0.0091316179232173,0.0092201261201595
DES_RHO,0,10.1021/acs.jced.9b00237,8,2,6,0.0072648866359847,0.0075821239976015
DES_RHO,0,10.1021/acs.jpcb.0c03876,3,3,0,0.012700642962519,0.0156243175575635
DES_RHO,0,10.1021/acssuschemeng.0c04215,7,4,3,0.0292493282647299,0.0286826300904242
DES_RHO,0,10.1021/acssuschemeng.5b00532,52,24,28,0.0168515183302405,0.0421381192015507
DES_RHO,0,10.1021/acssuschemeng.5b00619,14,7,7,0.0075136003697565,0.0066670958915145
DES_RHO,0,10.1021/acssuschemeng.7b04235,39,0,39,,
DES_RHO,0,10.1021/acssuschemeng.8b01203,187,3,184,0.0123304933602742,0.0148579672996033
DES_RHO,0,10.1021/acssuschemeng.8b03520,17,6,11,0.0160655328238669,0.019220146554521
DES_RHO,0,10.1021/acssuschemeng.8b04843,16,0,16,,
DES_RHO,0,10.1021/acssuschemeng.8b05072,26,21,5,0.0151534997324475,0.0092129399591275
DES_RHO,0,10.1021/acssuschemeng.8b05548,2,1,1,0.0069376243386229,0.0035078450297447
DES_RHO,0,10.1021/acssuschemeng.9b00044,3,1,2,0.0029058174951035,0.0035280762217719
DES_RHO,0,10.1021/acssuschemeng.9b01102,28,20,8,0.0147764652248008,0.028844472201627
DES_RHO,0,10.1021/acssuschemeng.9b02845,21,5,16,0.0071052899734889,0.0073378308967586
DES_RHO,0,10.1021/acssuschemeng.9b03245,21,0,21,,
DES_RHO,0,10.1021/acssuschemeng.9b05434,9,0,9,,
DES_RHO,0,10.1021/je100104v,14,1,13,0.0084534473641522,0.018877385037729
DES_RHO,0,10.1021/je300997v,37,23,14,0.0082889362026394,0.0106968689267649
DES_RHO,0,10.1021/je400884v,24,22,2,0.0068998017498552,0.0054516367198428
DES_RHO,0,10.1021/je5001796,9,7,2,0.0014729528525214,0.0016746995868597
DES_RHO,0,10.1021/je5002126,70,3,67,0.0479188674677874,0.0508297438040212
DES_RHO,0,10.1021/je500320c,6,3,3,0.004960122191045,0.0039981108053931
DES_RHO,0,10.1021/jp0671998,12,6,6,0.0070237594604875,0.0069762372633827
DES_RHO,0,10.1021/jp5089004,18,0,18,,
DES_RHO,0,10.1021/sc500439w,62,24,38,0.0084938683312019,0.0147368393005811
DES_RHO,0,10.1039/c1cp22554e,4,2,2,0.0201450765306734,0.0110805362450861
DES_RHO,0,10.1039/c2ra22990k,5,1,4,0.0261867933632813,0.0231987383991769
DES_RHO,0,10.1039/c3ra40303c,13,7,6,0.0061424429307652,0.0063451823134185
DES_RHO,0,10.1039/c4ra10628h,35,6,29,0.018035194920452,0.0133938735905596
DES_RHO,0,10.1039/c5cp03364k,15,6,9,0.0092632876322743,0.0076973308438701
DES_RHO,0,10.1039/c5gc01451d,48,4,44,0.0136874271153259,0.0429384372242199
DES_RHO,0,10.1039/c5gc03080c,8,1,7,0.0511398992309881,0.0641723878694906
DES_RHO,0,10.1039/c6cc06105b,21,4,17,0.0065177791617142,0.0050072798400721
DES_RHO,0,10.1080/01496395.2016.1247864,6,4,2,0.0111071933767523,0.0150610065399187
DES_RHO,0,10.13140/rg.2.2.13424.10245,5,2,3,0.0072333442911367,0.0098187771731696
DES_RHO,0,10.3390/molecules24030636,17,15,2,0.0048913485421076,0.0049752051399743
DES_RHO,0,10.3390/separations6010009,7,0,7,,
DES_RHO,0,10.3866/pku.whxb201506111,22,0,22,,
DES_RHO,0,api.semanticscholar.org/corpusid:92513446,31,22,9,0.0069900109948856,0.0067818988886015
DES_RHO,1,10.1002/aic.18095,2667,448,2219,0.0448906591584284,0.0446528907451728
DES_RHO,1,10.1002/cphc.200500489,6,3,3,0.0057080060025152,0.0078679012212938
DES_RHO,1,10.1016/j.bioelechem.2022.108207,3,1,2,0.0024557401915015,0.0015797444253757
DES_RHO,1,10.1016/j.biortech.2020.122897,6,1,5,0.0043107498192647,0.0037825952662235
DES_RHO,1,10.1016/j.cclet.2013.09.004,9,3,6,0.0262282865143931,0.1352434699198721
DES_RHO,1,10.1016/j.cej.2018.10.077,9,8,1,0.0227593938331257,0.0185719302727205
DES_RHO,1,10.1016/j.cej.2020.125173,36,32,4,0.0169160197654113,0.0156567978424291
DES_RHO,1,10.1016/j.cep.2015.04.001,14,8,6,0.0154728498228994,0.0134621798039305
DES_RHO,1,10.1016/j.chemosphere.2019.125082,20,0,20,,
DES_RHO,1,10.1016/j.chroma.2018.07.070,13,0,13,,
DES_RHO,1,10.1016/j.chroma.2018.12.063,5,0,5,,
DES_RHO,1,10.1016/j.cjche.2020.07.004,20,12,8,0.0135375575441911,0.0439483160125713
DES_RHO,1,10.1016/j.ctta.2022.100088,5,0,5,,
DES_RHO,1,10.1016/j.fluid.2012.12.001,137,60,77,0.0085846935373563,0.0076389671818754
DES_RHO,1,10.1016/j.fluid.2013.06.050,24,7,17,0.0086952381199764,0.0093158250185697
DES_RHO,1,10.1016/j.fluid.2014.01.028,7,3,4,0.0071518628084317,0.0050365362418542
DES_RHO,1,10.1016/j.fluid.2014.08.017,3,1,2,0.0247543047691447,0.0266903657611536
DES_RHO,1,10.1016/j.fluid.2017.03.008,84,26,58,0.0077742979136842,0.0064746457316423
DES_RHO,1,10.1016/j.fluid.2018.05.008,5,1,4,0.0026727262593493,0.0036434578519621
DES_RHO,1,10.1016/j.fluid.2019.02.010,64,9,55,0.005457067070522,0.0056154038046325
DES_RHO,1,10.1016/j.fluid.2020.112752,36,5,31,0.0070883035217077,0.0045569993056601
DES_RHO,1,10.1016/j.fluid.2022.113462,14,9,5,0.0033626625547773,0.0063527587459623
DES_RHO,1,10.1016/j.foodchem.2018.09.048,6,5,1,0.0353422443612352,0.0232891611887216
DES_RHO,1,10.1016/j.foodchem.2019.125752,8,0,8,,
DES_RHO,1,10.1016/j.foodchem.2021.131930,10,4,6,0.0192173792740944,0.0132368145210699
DES_RHO,1,10.1016/j.foodchem.2022.133379,7,1,6,0.0064729101423059,0.0230344010375902
DES_RHO,1,10.1016/j.foodchem.2022.134054,38,16,22,0.0090600893547017,0.0128673615196503
DES_RHO,1,10.1016/j.ijggc.2016.02.006,8,1,7,0.0079295720899492,0.0086334721260232
DES_RHO,1,10.1016/j.ijggc.2019.102839,4,1,3,0.0018868381938035,0.028531489645357
DES_RHO,1,10.1016/j.jcis.2017.01.109,3,1,2,0.0228021909086756,0.0260254807902886
DES_RHO,1,10.1016/j.jclepro.2022.133589,3,1,2,0.0009722899227899,0.0003455574640631
DES_RHO,1,10.1016/j.jcou.2022.102217,112,25,87,0.0227530667479265,0.0170529331770258
DES_RHO,1,10.1016/j.jct.2013.05.041,20,0,20,,
DES_RHO,1,10.1016/j.jct.2013.08.029,5,1,4,0.0028220317223748,0.0015807745636615
DES_RHO,1,10.1016/j.jct.2015.04.021,24,6,18,0.0068190087867234,0.0072094351423157
DES_RHO,1,10.1016/j.jct.2016.08.015,3,0,3,,
DES_RHO,1,10.1016/j.jct.2017.05.020,66,18,48,0.0130491756813128,0.0133558821219119
DES_RHO,1,10.1016/j.jct.2017.11.008,66,8,58,0.0218223926801768,0.0535413494319072
DES_RHO,1,10.1016/j.jct.2018.10.003,25,15,10,0.0273419225300729,0.0303285305980197
DES_RHO,1,10.1016/j.jct.2018.12.017,54,0,54,,
DES_RHO,1,10.1016/j.jct.2019.105883,15,8,7,0.0103689081255173,0.0204120083592754
DES_RHO,1,10.1016/j.jct.2020.106051,12,8,4,0.0075260387253209,0.0325360997348712
DES_RHO,1,10.1016/j.jct.2021.106578,43,27,16,0.0083310194114219,0.0106973541899656
DES_RHO,1,10.1016/j.jct.2021.106713,77,40,37,0.0081554230856376,0.0131209488518995
DES_RHO,1,10.1016/j.jhazmat.2021.127972,27,21,6,0.0119159559617932,0.0115492631025389
DES_RHO,1,10.1016/j.jhazmat.2022.129835,6,2,4,0.0002764063753985,0.0003406561743486
DES_RHO,1,10.1016/j.jiec.2022.04.015,34,15,19,0.0096652373473432,0.0101554578345743
DES_RHO,1,10.1016/j.jmgm.2022.108319,25,17,8,0.0140658128225767,0.0156644039557868
DES_RHO,1,10.1016/j.jobe.2021.103056,9,0,9,,
DES_RHO,1,10.1016/j.jtice.2012.01.007,15,6,9,0.0133050231930282,0.0059118073666938
DES_RHO,1,10.1016/j.jtice.2015.12.020,54,1,53,0.0174631167558932,0.0128798415547408
DES_RHO,1,10.1016/j.microc.2022.107372,34,17,17,0.0119724327365273,0.0148812185738252
DES_RHO,1,10.1016/j.molliq.2016.01.038,10,9,1,0.0112418770914045,0.0252101674374801
DES_RHO,1,10.1016/j.molliq.2016.02.062,59,36,23,0.0057168040681475,0.0053887779487881
DES_RHO,1,10.1016/j.molliq.2016.07.039,77,7,70,0.0113361470637709,0.0721709228230081
DES_RHO,1,10.1016/j.molliq.2016.10.115,12,6,6,0.0105243758956249,0.0113806375851176
DES_RHO,1,10.1016/j.molliq.2017.02.071,27,19,8,0.0076268265572147,0.0075795710733199
DES_RHO,1,10.1016/j.molliq.2017.04.052,39,20,19,0.0082612985938519,0.009051028442182
DES_RHO,1,10.1016/j.molliq.2017.05.084,45,0,45,,
DES_RHO,1,10.1016/j.molliq.2017.09.091,117,16,101,0.0127910916224339,0.0326978469658266
DES_RHO,1,10.1016/j.molliq.2018.02.049,54,7,47,0.0162510859566441,0.0647990960013925
DES_RHO,1,10.1016/j.molliq.2018.02.085,63,53,10,0.0075418987064296,0.0073927888610174
DES_RHO,1,10.1016/j.molliq.2018.12.096,4,4,0,0.0075476820727843,0.0058910611215632
DES_RHO,1,10.1016/j.molliq.2019.01.053,14,5,9,0.009563352902626,0.0078525435467819
DES_RHO,1,10.1016/j.molliq.2019.111916,35,19,16,0.0113816504435562,0.0092156066760137
DES_RHO,1,10.1016/j.molliq.2020.112644,18,6,12,0.010436206105732,0.0133224678725155
DES_RHO,1,10.1016/j.molliq.2020.113110,81,11,70,0.0284591364010327,0.0697959812537104
DES_RHO,1,10.1016/j.molliq.2020.113127,36,14,22,0.0146377075026578,0.0310600693523039
DES_RHO,1,10.1016/j.molliq.2021.117717,1,0,1,,
DES_RHO,1,10.1016/j.molliq.2021.117987,25,13,12,0.012349389492691,0.0148742948733727
DES_RHO,1,10.1016/j.molliq.2021.118393,54,12,42,0.0036436532394605,0.0685095966774729
DES_RHO,1,10.1016/j.molliq.2022.119392,11,5,6,0.0081865697170855,0.0617327113005333
DES_RHO,1,10.1016/j.molliq.2022.119396,90,11,79,0.0101189527642744,0.0121797217277521
DES_RHO,1,10.1016/j.molliq.2022.119560,27,16,11,0.0168078690734764,0.0227219224871824
DES_RHO,1,10.1016/j.molliq.2022.120056,9,9,0,0.018744156786914,0.0357926791319166
DES_RHO,1,10.1016/j.molliq.2022.120266,52,24,28,0.0064688791098369,0.008715207587892
DES_RHO,1,10.1016/j.molliq.2022.120420,351,334,17,0.0078162370132809,0.0066979881732745
DES_RHO,1,10.1016/j.seppur.2019.115703,43,12,31,0.0035855385423854,0.0033199985565688
DES_RHO,1,10.1016/j.seppur.2019.115707,4,4,0,0.0066910469694206,0.0067150257688089
DES_RHO,1,10.1016/j.seppur.2020.116692,22,22,0,0.010787412581654,0.0187456197941726
DES_RHO,1,10.1016/j.seppur.2020.117211,3,1,2,0.0016048935735394,0.0023516588880373
DES_RHO,1,10.1016/j.talanta.2022.123373,8,0,8,,
DES_RHO,1,10.1016/j.tca.2011.10.010,268,43,225,0.0067440555572177,0.0064609960870025
DES_RHO,1,10.1016/j.tca.2012.04.030,28,17,11,0.010080248910698,0.0156276034074342
DES_RHO,1,10.1016/j.tca.2014.11.028,18,8,10,0.0076614119261315,0.0070685754405429
DES_RHO,1,10.1016/j.tca.2016.11.008,12,6,6,0.0147448351940782,0.0201541841312013
DES_RHO,1,10.1021/acs.energyfuels.6b00471,5,0,5,,
DES_RHO,1,10.1021/acs.iecr.5b02611,22,1,21,0.0335508856059175,0.0965058449494945
DES_RHO,1,10.1021/acs.iecr.7b02478,28,9,19,0.004025376283506,0.0090375853798399
DES_RHO,1,10.1021/acs.jced.0c00579,16,2,14,0.0034848067631413,0.0252547766719235
DES_RHO,1,10.1021/acs.jced.0c00715,153,110,43,0.0069029176070936,0.0074709839719715
DES_RHO,1,10.1021/acs.jced.6b00486,18,8,10,0.0043518559701537,0.0082317964014246
DES_RHO,1,10.1021/acs.jced.6b01013,36,18,18,0.0080904104754582,0.0091606606696369
DES_RHO,1,10.1021/acs.jced.9b00237,8,2,6,0.0077716658890503,0.0084084647465722
DES_RHO,1,10.1021/acs.jpcb.0c03876,3,3,0,0.0146153452831855,0.0155692389030666
DES_RHO,1,10.1021/acssuschemeng.0c04215,7,4,3,0.0282965361734392,0.0334312963007414
DES_RHO,1,10.1021/acssuschemeng.5b00532,52,24,28,0.006354153293665,0.041476808314638
DES_RHO,1,10.1021/acssuschemeng.5b00619,14,7,7,0.0110290198974892,0.0100984485013549
DES_RHO,1,10.1021/acssuschemeng.7b04235,39,0,39,,
DES_RHO,1,10.1021/acssuschemeng.8b01203,187,3,184,0.0133639478665174,0.0135679056137088
DES_RHO,1,10.1021/acssuschemeng.8b03520,17,6,11,0.0149221105639951,0.0179200125904177
DES_RHO,1,10.1021/acssuschemeng.8b04843,16,0,16,,
DES_RHO,1,10.1021/acssuschemeng.8b05072,26,21,5,0.0084020141609877,0.0107003923160218
DES_RHO,1,10.1021/acssuschemeng.8b05548,2,1,1,0.0066893968253953,0.0005394023830629
DES_RHO,1,10.1021/acssuschemeng.9b00044,3,1,2,0.0039709463036039,0.004499856309603
DES_RHO,1,10.1021/acssuschemeng.9b01102,28,20,8,0.0169328750438083,0.0254619303905545
DES_RHO,1,10.1021/acssuschemeng.9b02845,21,5,16,0.0083321731035444,0.0075907579716897
DES_RHO,1,10.1021/acssuschemeng.9b03245,21,0,21,,
DES_RHO,1,10.1021/acssuschemeng.9b05434,9,0,9,,
DES_RHO,1,10.1021/je100104v,14,1,13,0.0125005885046995,0.0181146271996515
DES_RHO,1,10.1021/je300997v,37,23,14,0.0080124483214252,0.011212001244583
DES_RHO,1,10.1021/je400884v,24,22,2,0.0065130659999974,0.0055904443784221
DES_RHO,1,10.1021/je5001796,9,7,2,0.0014070515838325,0.0019902447508453
DES_RHO,1,10.1021/je5002126,70,3,67,0.0577530908133743,0.0488059090117308
DES_RHO,1,10.1021/je500320c,6,3,3,0.0057118628327938,0.0037133106223766
DES_RHO,1,10.1021/jp0671998,12,6,6,0.0067909007556277,0.0068517715231406
DES_RHO,1,10.1021/jp5089004,18,0,18,,
DES_RHO,1,10.1021/sc500439w,62,24,38,0.0088124750054402,0.015184595261455
DES_RHO,1,10.1039/c1cp22554e,4,2,2,0.0270506507478428,0.0115056462148399
DES_RHO,1,10.1039/c2ra22990k,5,1,4,0.0203603040281612,0.021702548532948
DES_RHO,1,10.1039/c3ra40303c,13,7,6,0.0066743560554972,0.0065396427919202
DES_RHO,1,10.1039/c4ra10628h,35,6,29,0.0179736702457237,0.0161253673190019
DES_RHO,1,10.1039/c5cp03364k,15,6,9,0.0086976436880511,0.0072133189653914
DES_RHO,1,10.1039/c5gc01451d,48,4,44,0.0132869359879094,0.0426532787056602
DES_RHO,1,10.1039/c5gc03080c,8,1,7,0.0511703094418645,0.0632066447054798
DES_RHO,1,10.1039/c6cc06105b,21,4,17,0.0060443953457067,0.0048076714698792
DES_RHO,1,10.1080/01496395.2016.1247864,6,4,2,0.0104569483156385,0.0150589793609276
DES_RHO,1,10.13140/rg.2.2.13424.10245,5,2,3,0.0078004824580186,0.0095640687217065
DES_RHO,1,10.3390/molecules24030636,17,15,2,0.004955276858586,0.0047215870611057
DES_RHO,1,10.3390/separations6010009,7,0,7,,
DES_RHO,1,10.3866/pku.whxb201506111,22,0,22,,
DES_RHO,1,api.semanticscholar.org/corpusid:92513446,31,22,9,0.0066216896980124,0.0063764813879592
DES_RHO,2,10.1002/aic.18095,2667,448,2219,0.0426191871752887,0.0437848942050972
DES_RHO,2,10.1002/cphc.200500489,6,3,3,0.0069590567237516,0.0072699574025239
DES_RHO,2,10.1016/j.bioelechem.2022.108207,3,1,2,0.0024022509497911,0.0017620825445405
DES_RHO,2,10.1016/j.biortech.2020.122897,6,1,5,0.0043398030062533,0.0040013042532467
DES_RHO,2,10.1016/j.cclet.2013.09.004,9,3,6,0.0239397340723715,0.1351425908281127
DES_RHO,2,10.1016/j.cej.2018.10.077,9,8,1,0.024586121729515,0.0193909951217734
DES_RHO,2,10.1016/j.cej.2020.125173,36,32,4,0.0174991905010883,0.0150264072890668
DES_RHO,2,10.1016/j.cep.2015.04.001,14,8,6,0.0153752644933259,0.0145586320879955
DES_RHO,2,10.1016/j.chemosphere.2019.125082,20,0,20,,
DES_RHO,2,10.1016/j.chroma.2018.07.070,13,0,13,,
DES_RHO,2,10.1016/j.chroma.2018.12.063,5,0,5,,
DES_RHO,2,10.1016/j.cjche.2020.07.004,20,12,8,0.0180962032714077,0.062586190741447
DES_RHO,2,10.1016/j.ctta.2022.100088,5,0,5,,
DES_RHO,2,10.1016/j.fluid.2012.12.001,137,60,77,0.0087098377030292,0.0079569446924417
DES_RHO,2,10.1016/j.fluid.2013.06.050,24,7,17,0.0070672898930883,0.0070031055847715
DES_RHO,2,10.1016/j.fluid.2014.01.028,7,3,4,0.0066749584767805,0.0051625848709787
DES_RHO,2,10.1016/j.fluid.2014.08.017,3,1,2,0.0185213613137691,0.0179821301662028
DES_RHO,2,10.1016/j.fluid.2017.03.008,84,26,58,0.0079368739539379,0.0067556843591423
DES_RHO,2,10.1016/j.fluid.2018.05.008,5,1,4,0.0049661079145224,0.0039255306190881
DES_RHO,2,10.1016/j.fluid.2019.02.010,64,9,55,0.0047818130013777,0.0044235335578787
DES_RHO,2,10.1016/j.fluid.2020.112752,36,5,31,0.0057998874889968,0.0043366052907854
DES_RHO,2,10.1016/j.fluid.2022.113462,14,9,5,0.0041394256855943,0.0061072752572332
DES_RHO,2,10.1016/j.foodchem.2018.09.048,6,5,1,0.0150683100708126,0.0251009912801402
DES_RHO,2,10.1016/j.foodchem.2019.125752,8,0,8,,
DES_RHO,2,10.1016/j.foodchem.2021.131930,10,4,6,0.0186421528952928,0.0138991068037288
DES_RHO,2,10.1016/j.foodchem.2022.133379,7,1,6,0.0059781732938894,0.0234272497177631
DES_RHO,2,10.1016/j.foodchem.2022.134054,38,16,22,0.0085690402420372,0.012016326293267
DES_RHO,2,10.1016/j.ijggc.2016.02.006,8,1,7,0.0086444254050563,0.0093260007540396
DES_RHO,2,10.1016/j.ijggc.2019.102839,4,1,3,0.016164021472571,0.0184919128265264
DES_RHO,2,10.1016/j.jcis.2017.01.109,3,1,2,0.008574257231286,0.0210729583409279
DES_RHO,2,10.1016/j.jclepro.2022.133589,3,1,2,0.0003840592817245,0.0006359107959936
DES_RHO,2,10.1016/j.jcou.2022.102217,112,25,87,0.0163319137169392,0.015587937441896
DES_RHO,2,10.1016/j.jct.2013.05.041,20,0,20,,
DES_RHO,2,10.1016/j.jct.2013.08.029,5,1,4,0.0002648650842569,0.0022662680291898
DES_RHO,2,10.1016/j.jct.2015.04.021,24,6,18,0.0067761379942126,0.0072163184273672
DES_RHO,2,10.1016/j.jct.2016.08.015,3,0,3,,
DES_RHO,2,10.1016/j.jct.2017.05.020,66,18,48,0.0125256412786809,0.0129712910423799
DES_RHO,2,10.1016/j.jct.2017.11.008,66,8,58,0.0231490553872376,0.0545449714982523
DES_RHO,2,10.1016/j.jct.2018.10.003,25,15,10,0.0193799356704472,0.0254745824048864
DES_RHO,2,10.1016/j.jct.2018.12.017,54,0,54,,
DES_RHO,2,10.1016/j.jct.2019.105883,15,8,7,0.0149462139880175,0.049883248216727
DES_RHO,2,10.1016/j.jct.2020.106051,12,8,4,0.0183775054109461,0.0320543002039098
DES_RHO,2,10.1016/j.jct.2021.106578,43,27,16,0.0083666720886866,0.0108220986948946
DES_RHO,2,10.1016/j.jct.2021.106713,77,40,37,0.0129974335868076,0.0154086538235034
DES_RHO,2,10.1016/j.jhazmat.2021.127972,27,21,6,0.0115218650685097,0.0128851616941948
DES_RHO,2,10.1016/j.jhazmat.2022.129835,6,2,4,0.0004038500135828,0.0004944640131896
DES_RHO,2,10.1016/j.jiec.2022.04.015,34,15,19,0.0099836970537468,0.0096519880241946
DES_RHO,2,10.1016/j.jmgm.2022.108319,25,17,8,0.0102309460155132,0.013193957034872
DES_RHO,2,10.1016/j.jobe.2021.103056,9,0,9,,
DES_RHO,2,10.1016/j.jtice.2012.01.007,15,6,9,0.0107281242060715,0.0069989314023852
DES_RHO,2,10.1016/j.jtice.2015.12.020,54,1,53,0.0164509722037687,0.0051584352989597
DES_RHO,2,10.1016/j.microc.2022.107372,34,17,17,0.0161110448196026,0.0170399161262501
DES_RHO,2,10.1016/j.molliq.2016.01.038,10,9,1,0.0072681638354553,0.0231847174052532
DES_RHO,2,10.1016/j.molliq.2016.02.062,59,36,23,0.0065691093378953,0.0050331484654247
DES_RHO,2,10.1016/j.molliq.2016.07.039,77,7,70,0.0107106126007884,0.0717930118099566
DES_RHO,2,10.1016/j.molliq.2016.10.115,12,6,6,0.0113820306403472,0.0106407632551602
DES_RHO,2,10.1016/j.molliq.2017.02.071,27,19,8,0.0078648249256334,0.0079735283960324
DES_RHO,2,10.1016/j.molliq.2017.04.052,39,20,19,0.0081520328998094,0.0090360355444856
DES_RHO,2,10.1016/j.molliq.2017.05.084,45,0,45,,
DES_RHO,2,10.1016/j.molliq.2017.09.091,117,16,101,0.0139004444850481,0.0341976398879247
DES_RHO,2,10.1016/j.molliq.2018.02.049,54,7,47,0.0183741180828749,0.0649131829189603
DES_RHO,2,10.1016/j.molliq.2018.02.085,63,53,10,0.0076247535151341,0.0074914763571089
DES_RHO,2,10.1016/j.molliq.2018.12.096,4,4,0,0.0066466971015233,0.0038160931531165
DES_RHO,2,10.1016/j.molliq.2019.01.053,14,5,9,0.0106769080532946,0.0075938328701207
DES_RHO,2,10.1016/j.molliq.2019.111916,35,19,16,0.0096234979097217,0.0087849376652469
DES_RHO,2,10.1016/j.molliq.2020.112644,18,6,12,0.0116380256285705,0.0129873527597697
DES_RHO,2,10.1016/j.molliq.2020.113110,81,11,70,0.0329285533857507,0.0623284208530827
DES_RHO,2,10.1016/j.molliq.2020.113127,36,14,22,0.0117556615597128,0.0294337645417657
DES_RHO,2,10.1016/j.molliq.2021.117717,1,0,1,,
DES_RHO,2,10.1016/j.molliq.2021.117987,25,13,12,0.0132137608552399,0.0143607431755152
DES_RHO,2,10.1016/j.molliq.2021.118393,54,12,42,0.0207700668847597,0.0608110990716868
DES_RHO,2,10.1016/j.molliq.2022.119392,11,5,6,0.0093674380622313,0.0674568173573577
DES_RHO,2,10.1016/j.molliq.2022.119396,90,11,79,0.0103315255523047,0.0115936909645086
DES_RHO,2,10.1016/j.molliq.2022.119560,27,16,11,0.0170859705006753,0.0220306905700108
DES_RHO,2,10.1016/j.molliq.2022.120056,9,9,0,0.0142237984249787,0.029151406586029
DES_RHO,2,10.1016/j.molliq.2022.120266,52,24,28,0.006109323097041,0.0091073576797562
DES_RHO,2,10.1016/j.molliq.2022.120420,351,334,17,0.007615278724628,0.0068145747343689
DES_RHO,2,10.1016/j.seppur.2019.115703,43,12,31,0.0037599989717895,0.0031405178426461
DES_RHO,2,10.1016/j.seppur.2019.115707,4,4,0,0.0064711013042826,0.0064481740936746
DES_RHO,2,10.1016/j.seppur.2020.116692,22,22,0,0.0112665289039286,0.0227216749547129
DES_RHO,2,10.1016/j.seppur.2020.117211,3,1,2,0.0012195063011063,0.0016883400079691
DES_RHO,2,10.1016/j.talanta.2022.123373,8,0,8,,
DES_RHO,2,10.1016/j.tca.2011.10.010,268,43,225,0.0069492966996952,0.0068772815437215
DES_RHO,2,10.1016/j.tca.2012.04.030,28,17,11,0.0138588134454901,0.0223637976201538
DES_RHO,2,10.1016/j.tca.2014.11.028,18,8,10,0.0062731997640346,0.0056277463288987
DES_RHO,2,10.1016/j.tca.2016.11.008,12,6,6,0.0149493098205436,0.0188174128527433
DES_RHO,2,10.1021/acs.energyfuels.6b00471,5,0,5,,
DES_RHO,2,10.1021/acs.iecr.5b02611,22,1,21,0.0149324750382059,0.1029042496618845
DES_RHO,2,10.1021/acs.iecr.7b02478,28,9,19,0.0043133288882195,0.0099921872404482
DES_RHO,2,10.1021/acs.jced.0c00579,16,2,14,0.0035939302962865,0.019544114357494
DES_RHO,2,10.1021/acs.jced.0c00715,153,110,43,0.0068194117833336,0.0074202194127289
DES_RHO,2,10.1021/acs.jced.6b00486,18,8,10,0.0052986738328137,0.0078468157832575
DES_RHO,2,10.1021/acs.jced.6b01013,36,18,18,0.007968614496554,0.0089623513553004
DES_RHO,2,10.1021/acs.jced.9b00237,8,2,6,0.0075228589648372,0.007407397561408
DES_RHO,2,10.1021/acs.jpcb.0c03876,3,3,0,0.0146948444744539,0.0173735267402126
DES_RHO,2,10.1021/acssuschemeng.0c04215,7,4,3,0.0276112178488474,0.0300234004229013
DES_RHO,2,10.1021/acssuschemeng.5b00532,52,24,28,0.0060317312616397,0.0437386620474446
DES_RHO,2,10.1021/acssuschemeng.5b00619,14,7,7,0.0089568088826778,0.0074580620434626
DES_RHO,2,10.1021/acssuschemeng.7b04235,39,0,39,,
DES_RHO,2,10.1021/acssuschemeng.8b01203,187,3,184,0.0139376764024705,0.0158011752186979
DES_RHO,2,10.1021/acssuschemeng.8b03520,17,6,11,0.0137351277500004,0.0180543114745315
DES_RHO,2,10.1021/acssuschemeng.8b04843,16,0,16,,
DES_RHO,2,10.1021/acssuschemeng.8b05072,26,21,5,0.0130697219408955,0.0120132991293738
DES_RHO,2,10.1021/acssuschemeng.8b05548,2,1,1,0.007040077711639,0.0045085066899013
DES_RHO,2,10.1021/acssuschemeng.9b00044,3,1,2,0.002593364023296,0.0042350830424022
DES_RHO,2,10.1021/acssuschemeng.9b01102,28,20,8,0.0131730841122744,0.0295265723338609
DES_RHO,2,10.1021/acssuschemeng.9b02845,21,5,16,0.0075623758323214,0.0074015565998118
DES_RHO,2,10.1021/acssuschemeng.9b03245,21,0,21,,
DES_RHO,2,10.1021/acssuschemeng.9b05434,9,0,9,,
DES_RHO,2,10.1021/je100104v,14,1,13,0.0084239655902151,0.0180501822390573
DES_RHO,2,10.1021/je300997v,37,23,14,0.0083760179620474,0.0108562107674654
DES_RHO,2,10.1021/je400884v,24,22,2,0.0063362019790434,0.0053290952099917
DES_RHO,2,10.1021/je5001796,9,7,2,0.0017032219145488,0.0022356720340307
DES_RHO,2,10.1021/je5002126,70,3,67,0.0528193207565133,0.0420893736906917
DES_RHO,2,10.1021/je500320c,6,3,3,0.0030308095380854,0.0031171767492322
DES_RHO,2,10.1021/jp0671998,12,6,6,0.007074509676258,0.0068297106521655
DES_RHO,2,10.1021/jp5089004,18,0,18,,
DES_RHO,2,10.1021/sc500439w,62,24,38,0.008380740250712,0.014386719886077
DES_RHO,2,10.1039/c1cp22554e,4,2,2,0.0485434562649408,0.0104114198772857
DES_RHO,2,10.1039/c2ra22990k,5,1,4,0.0279906684707502,0.0230428319192994
DES_RHO,2,10.1039/c3ra40303c,13,7,6,0.0072190003441033,0.0067100552793292
DES_RHO,2,10.1039/c4ra10628h,35,6,29,0.0201008895133918,0.0210199539954106
DES_RHO,2,10.1039/c5cp03364k,15,6,9,0.007208439295016,0.0074717840151092
DES_RHO,2,10.1039/c5gc01451d,48,4,44,0.0134946742999403,0.0421686412600572
DES_RHO,2,10.1039/c5gc03080c,8,1,7,0.0534119939781129,0.064115224304294
DES_RHO,2,10.1039/c6cc06105b,21,4,17,0.0032290398631092,0.0050547701393535
DES_RHO,2,10.1080/01496395.2016.1247864,6,4,2,0.0099921408646578,0.0165298351102111
DES_RHO,2,10.13140/rg.2.2.13424.10245,5,2,3,0.0084976773275902,0.0097300180372486
DES_RHO,2,10.3390/molecules24030636,17,15,2,0.0054381947064507,0.0052984278514359
DES_RHO,2,10.3390/separations6010009,7,0,7,,
DES_RHO,2,10.3866/pku.whxb201506111,22,0,22,,
DES_RHO,2,api.semanticscholar.org/corpusid:92513446,31,22,9,0.0072866882687272,0.0069770441329083
DES_RHO,3,10.1002/aic.18095,2667,448,2219,0.0427440957757396,0.0428844067454288
DES_RHO,3,10.1002/cphc.200500489,6,3,3,0.0108033527604749,0.0018528803401669
DES_RHO,3,10.1016/j.bioelechem.2022.108207,3,1,2,0.0024932671274531,0.0020046314049158
DES_RHO,3,10.1016/j.biortech.2020.122897,6,1,5,0.0056381675158005,0.0055574557075823
DES_RHO,3,10.1016/j.cclet.2013.09.004,9,3,6,0.0377777315097513,0.1424460759966632
DES_RHO,3,10.1016/j.cej.2018.10.077,9,8,1,0.0249320244033963,0.0206563210298096
DES_RHO,3,10.1016/j.cej.2020.125173,36,32,4,0.0137522377104486,0.0146435544222766
DES_RHO,3,10.1016/j.cep.2015.04.001,14,8,6,0.0150633067030743,0.0134395362971538
DES_RHO,3,10.1016/j.chemosphere.2019.125082,20,0,20,,
DES_RHO,3,10.1016/j.chroma.2018.07.070,13,0,13,,
DES_RHO,3,10.1016/j.chroma.2018.12.063,5,0,5,,
DES_RHO,3,10.1016/j.cjche.2020.07.004,20,12,8,0.0209169354695529,0.0627310575854074
DES_RHO,3,10.1016/j.ctta.2022.100088,5,0,5,,
DES_RHO,3,10.1016/j.fluid.2012.12.001,137,60,77,0.0086460873724465,0.0076633996613994
DES_RHO,3,10.1016/j.fluid.2013.06.050,24,7,17,0.0108219157386341,0.0120317940841259
DES_RHO,3,10.1016/j.fluid.2014.01.028,7,3,4,0.0069400557353261,0.0053402305912468
DES_RHO,3,10.1016/j.fluid.2014.08.017,3,1,2,0.0187953854511098,0.0179085104818073
DES_RHO,3,10.1016/j.fluid.2017.03.008,84,26,58,0.0079911177590905,0.0065537856810756
DES_RHO,3,10.1016/j.fluid.2018.05.008,5,1,4,0.0011999467397147,0.0026045572401751
DES_RHO,3,10.1016/j.fluid.2019.02.010,64,9,55,0.0028631252985758,0.0052159207244496
DES_RHO,3,10.1016/j.fluid.2020.112752,36,5,31,0.0067119072020503,0.0042519005677883
DES_RHO,3,10.1016/j.fluid.2022.113462,14,9,5,0.0035423678809651,0.0058129809059754
DES_RHO,3,10.1016/j.foodchem.2018.09.048,6,5,1,0.036357200351322,0.0239781148447609
DES_RHO,3,10.1016/j.foodchem.2019.125752,8,0,8,,
DES_RHO,3,10.1016/j.foodchem.2021.131930,10,4,6,0.0182481648660511,0.0125225641416653
DES_RHO,3,10.1016/j.foodchem.2022.133379,7,1,6,0.007692107116949,0.0214423935647016
DES_RHO,3,10.1016/j.foodchem.2022.134054,38,16,22,0.0084683012814349,0.0131480533985101
DES_RHO,3,10.1016/j.ijggc.2016.02.006,8,1,7,0.0089451247007628,0.006995304074358
DES_RHO,3,10.1016/j.ijggc.2019.102839,4,1,3,0.0037509244971635,0.0349145336299508
DES_RHO,3,10.1016/j.jcis.2017.01.109,3,1,2,0.009168304122843,0.0204418231446684
DES_RHO,3,10.1016/j.jclepro.2022.133589,3,1,2,0.0003062026683369,5.269448752232009e-06
DES_RHO,3,10.1016/j.jcou.2022.102217,112,25,87,0.0220533999980259,0.0179208929434866
DES_RHO,3,10.1016/j.jct.2013.05.041,20,0,20,,
DES_RHO,3,10.1016/j.jct.2013.08.029,5,1,4,0.0005849313613621,0.0009013102595099
DES_RHO,3,10.1016/j.jct.2015.04.021,24,6,18,0.0071692256576735,0.0064620808457052
DES_RHO,3,10.1016/j.jct.2016.08.015,3,0,3,,
DES_RHO,3,10.1016/j.jct.2017.05.020,66,18,48,0.0123998586453286,0.0130029719014123
DES_RHO,3,10.1016/j.jct.2017.11.008,66,8,58,0.0162212753943252,0.0552710494500177
DES_RHO,3,10.1016/j.jct.2018.10.003,25,15,10,0.0199772770098392,0.0255882101437049
DES_RHO,3,10.1016/j.jct.2018.12.017,54,0,54,,
DES_RHO,3,10.1016/j.jct.2019.105883,15,8,7,0.0165168363791316,0.0511126292014418
DES_RHO,3,10.1016/j.jct.2020.106051,12,8,4,0.0199221652669578,0.0333886957965098
DES_RHO,3,10.1016/j.jct.2021.106578,43,27,16,0.0076106865160525,0.0094462599154811
DES_RHO,3,10.1016/j.jct.2021.106713,77,40,37,0.0125994401912279,0.0150931456656804
DES_RHO,3,10.1016/j.jhazmat.2021.127972,27,21,6,0.0118443507823271,0.0117061427601193
DES_RHO,3,10.1016/j.jhazmat.2022.129835,6,2,4,0.0016707536488266,0.0007347848695421
DES_RHO,3,10.1016/j.jiec.2022.04.015,34,15,19,0.0095614849482431,0.0089832355053086
DES_RHO,3,10.1016/j.jmgm.2022.108319,25,17,8,0.0133149267812265,0.0135079016980739
DES_RHO,3,10.1016/j.jobe.2021.103056,9,0,9,,
DES_RHO,3,10.1016/j.jtice.2012.01.007,15,6,9,0.0117570152729771,0.0063941207579572
DES_RHO,3,10.1016/j.jtice.2015.12.020,54,1,53,0.0201699030135067,0.0072339144294062
DES_RHO,3,10.1016/j.microc.2022.107372,34,17,17,0.0130142706799202,0.0168355382304489
DES_RHO,3,10.1016/j.molliq.2016.01.038,10,9,1,0.0077880525700961,0.0239411585307498
DES_RHO,3,10.1016/j.molliq.2016.02.062,59,36,23,0.0066284440026763,0.0055628839114362
DES_RHO,3,10.1016/j.molliq.2016.07.039,77,7,70,0.011120195645103,0.0733135359008831
DES_RHO,3,10.1016/j.molliq.2016.10.115,12,6,6,0.0106640786517361,0.0104790953940125
DES_RHO,3,10.1016/j.molliq.2017.02.071,27,19,8,0.007428439700041,0.0071661268031755
DES_RHO,3,10.1016/j.molliq.2017.04.052,39,20,19,0.0080348077405469,0.0088742467415462
DES_RHO,3,10.1016/j.molliq.2017.05.084,45,0,45,,
DES_RHO,3,10.1016/j.molliq.2017.09.091,117,16,101,0.0337931687498642,0.0417718123508509
DES_RHO,3,10.1016/j.molliq.2018.02.049,54,7,47,0.0189705166486885,0.0570910242004279
DES_RHO,3,10.1016/j.molliq.2018.02.085,63,53,10,0.0076922363832633,0.0074758488172668
DES_RHO,3,10.1016/j.molliq.2018.12.096,4,4,0,0.0079526631124522,0.0053166255603827
DES_RHO,3,10.1016/j.molliq.2019.01.053,14,5,9,0.0108057304778002,0.0081087304794379
DES_RHO,3,10.1016/j.molliq.2019.111916,35,19,16,0.0097053740779002,0.0088903813487715
DES_RHO,3,10.1016/j.molliq.2020.112644,18,6,12,0.0096766127721769,0.0128888559061762
DES_RHO,3,10.1016/j.molliq.2020.113110,81,11,70,0.0302193545303255,0.0665455200012474
DES_RHO,3,10.1016/j.molliq.2020.113127,36,14,22,0.0209720241259034,0.0150304257948945
DES_RHO,3,10.1016/j.molliq.2021.117717,1,0,1,,
DES_RHO,3,10.1016/j.molliq.2021.117987,25,13,12,0.0127491635331826,0.014534473851596
DES_RHO,3,10.1016/j.molliq.2021.118393,54,12,42,0.0047076580128238,0.0701329529993443
DES_RHO,3,10.1016/j.molliq.2022.119392,11,5,6,0.0088928869949249,0.0631254061674111
DES_RHO,3,10.1016/j.molliq.2022.119396,90,11,79,0.0117093517364702,0.0133000770452689
DES_RHO,3,10.1016/j.molliq.2022.119560,27,16,11,0.0198522711608402,0.0184139373899451
DES_RHO,3,10.1016/j.molliq.2022.120056,9,9,0,0.0154529625349621,0.0319693116631869
DES_RHO,3,10.1016/j.molliq.2022.120266,52,24,28,0.0060922206079093,0.0082645420269125
DES_RHO,3,10.1016/j.molliq.2022.120420,351,334,17,0.0074569769777246,0.0067760879546371
DES_RHO,3,10.1016/j.seppur.2019.115703,43,12,31,0.0038845867836201,0.0042103462914897
DES_RHO,3,10.1016/j.seppur.2019.115707,4,4,0,0.0063917571849332,0.0062047642451932
DES_RHO,3,10.1016/j.seppur.2020.116692,22,22,0,0.0127830991523981,0.0203290664090627
DES_RHO,3,10.1016/j.seppur.2020.117211,3,1,2,0.0013521845914852,0.0016685012684128
DES_RHO,3,10.1016/j.talanta.2022.123373,8,0,8,,
DES_RHO,3,10.1016/j.tca.2011.10.010,268,43,225,0.0077643371182609,0.0078786186973077
DES_RHO,3,10.1016/j.tca.2012.04.030,28,17,11,0.0137317551800352,0.0243787335665583
DES_RHO,3,10.1016/j.tca.2014.11.028,18,8,10,0.006565705704464,0.0060494791783774
DES_RHO,3,10.1016/j.tca.2016.11.008,12,6,6,0.0163932033437181,0.0194025681918835
DES_RHO,3,10.1021/acs.energyfuels.6b00471,5,0,5,,
DES_RHO,3,10.1021/acs.iecr.5b02611,22,1,21,0.0285154624194433,0.0992908352092346
DES_RHO,3,10.1021/acs.iecr.7b02478,28,9,19,0.0044559159139352,0.0089936547858144
DES_RHO,3,10.1021/acs.jced.0c00579,16,2,14,0.0033659151654989,0.0188595173868519
DES_RHO,3,10.1021/acs.jced.0c00715,153,110,43,0.0068693960739084,0.0073030676047013
DES_RHO,3,10.1021/acs.jced.6b00486,18,8,10,0.005162270635085,0.0086269903208146
DES_RHO,3,10.1021/acs.jced.6b01013,36,18,18,0.0079053982295953,0.0085039252360142
DES_RHO,3,10.1021/acs.jced.9b00237,8,2,6,0.0079852573502192,0.0079447347963747
DES_RHO,3,10.1021/acs.jpcb.0c03876,3,3,0,0.0113452965377083,0.0122848132119376
DES_RHO,3,10.1021/acssuschemeng.0c04215,7,4,3,0.0260091347501356,0.0313349636833616
DES_RHO,3,10.1021/acssuschemeng.5b00532,52,24,28,0.0179374132314023,0.0440219343399352
DES_RHO,3,10.1021/acssuschemeng.5b00619,14,7,7,0.0083763201260471,0.0061222338209914
DES_RHO,3,10.1021/acssuschemeng.7b04235,39,0,39,,
DES_RHO,3,10.1021/acssuschemeng.8b01203,187,3,184,0.0125503315968315,0.015412964659756
DES_RHO,3,10.1021/acssuschemeng.8b03520,17,6,11,0.0124969694166805,0.0179793623687576
DES_RHO,3,10.1021/acssuschemeng.8b04843,16,0,16,,
DES_RHO,3,10.1021/acssuschemeng.8b05072,26,21,5,0.0164363091349472,0.0088041649212654
DES_RHO,3,10.1021/acssuschemeng.8b05548,2,1,1,0.0077475054327953,0.0012282892709138
DES_RHO,3,10.1021/acssuschemeng.9b00044,3,1,2,0.002932231514239,0.0042271577334074
DES_RHO,3,10.1021/acssuschemeng.9b01102,28,20,8,0.0131465020028148,0.0230314810832665
DES_RHO,3,10.1021/acssuschemeng.9b02845,21,5,16,0.0089116720562094,0.0063796339175537
DES_RHO,3,10.1021/acssuschemeng.9b03245,21,0,21,,
DES_RHO,3,10.1021/acssuschemeng.9b05434,9,0,9,,
DES_RHO,3,10.1021/je100104v,14,1,13,0.0105432583218252,0.0189174509755853
DES_RHO,3,10.1021/je300997v,37,23,14,0.0082515317016127,0.0111826320286882
DES_RHO,3,10.1021/je400884v,24,22,2,0.0065188255705389,0.0053995890949313
DES_RHO,3,10.1021/je5001796,9,7,2,0.0017915811384244,0.0016449803336072
DES_RHO,3,10.1021/je5002126,70,3,67,0.0554375127757413,0.0476525676444634
DES_RHO,3,10.1021/je500320c,6,3,3,0.0048298004779123,0.0028885290199817
DES_RHO,3,10.1021/jp0671998,12,6,6,0.0073625732588362,0.0071695288902093
DES_RHO,3,10.1021/jp5089004,18,0,18,,
DES_RHO,3,10.1021/sc500439w,62,24,38,0.0086513638486861,0.0147769165257266
DES_RHO,3,10.1039/c1cp22554e,4,2,2,0.0201839438727606,0.0123857131812349
DES_RHO,3,10.1039/c2ra22990k,5,1,4,0.0272216089376258,0.0233943076337308
DES_RHO,3,10.1039/c3ra40303c,13,7,6,0.0071035815439583,0.0067000615669892
DES_RHO,3,10.1039/c4ra10628h,35,6,29,0.0192460220664183,0.018279113783608
DES_RHO,3,10.1039/c5cp03364k,15,6,9,0.0079387163464509,0.0062680604994532
DES_RHO,3,10.1039/c5gc01451d,48,4,44,0.0140293998696424,0.0427261537272934
DES_RHO,3,10.1039/c5gc03080c,8,1,7,0.0420683879346671,0.0573303384384121
DES_RHO,3,10.1039/c6cc06105b,21,4,17,0.0049677784751411,0.0036921282423845
DES_RHO,3,10.1080/01496395.2016.1247864,6,4,2,0.0134834811188739,0.0167031346138953
DES_RHO,3,10.13140/rg.2.2.13424.10245,5,2,3,0.0111680461513664,0.0068118843278439
DES_RHO,3,10.3390/molecules24030636,17,15,2,0.0052676473269311,0.0051878655354482
DES_RHO,3,10.3390/separations6010009,7,0,7,,
DES_RHO,3,10.3866/pku.whxb201506111,22,0,22,,
DES_RHO,3,api.semanticscholar.org/corpusid:92513446,31,22,9,0.0069405055880069,0.0066350583061839
DES_RHO,4,10.1002/aic.18095,2667,448,2219,0.044604710881217,0.044276011631685
DES_RHO,4,10.1002/cphc.200500489,6,3,3,0.01253413480017,0.0028780448253445
DES_RHO,4,10.1016/j.bioelechem.2022.108207,3,1,2,0.0009472344847165,0.0016295897481575
DES_RHO,4,10.1016/j.biortech.2020.122897,6,1,5,0.004104029132808,0.0042346255309644
DES_RHO,4,10.1016/j.cclet.2013.09.004,9,3,6,0.053307185412761,0.1386835988039757
DES_RHO,4,10.1016/j.cej.2018.10.077,9,8,1,0.0383522272129134,0.012159942788119
DES_RHO,4,10.1016/j.cej.2020.125173,36,32,4,0.0149676081077364,0.0184060491245651
DES_RHO,4,10.1016/j.cep.2015.04.001,14,8,6,0.0257145715650372,0.025162363067844
DES_RHO,4,10.1016/j.chemosphere.2019.125082,20,0,20,,
DES_RHO,4,10.1016/j.chroma.2018.07.070,13,0,13,,
DES_RHO,4,10.1016/j.chroma.2018.12.063,5,0,5,,
DES_RHO,4,10.1016/j.cjche.2020.07.004,20,12,8,0.0153161263265274,0.0426306357884754
DES_RHO,4,10.1016/j.ctta.2022.100088,5,0,5,,
DES_RHO,4,10.1016/j.fluid.2012.12.001,137,60,77,0.0088410980163126,0.0076277719415546
DES_RHO,4,10.1016/j.fluid.2013.06.050,24,7,17,0.0091015137809796,0.0084977850996305
DES_RHO,4,10.1016/j.fluid.2014.01.028,7,3,4,0.0070538538254708,0.005483920814501
DES_RHO,4,10.1016/j.fluid.2014.08.017,3,1,2,0.027337455305175,0.0274084732776527
DES_RHO,4,10.1016/j.fluid.2017.03.008,84,26,58,0.0079058342725243,0.0067413959079671
DES_RHO,4,10.1016/j.fluid.2018.05.008,5,1,4,0.0024982589991398,0.0032330052479645
DES_RHO,4,10.1016/j.fluid.2019.02.010,64,9,55,0.0055782661409367,0.0039065959748867
DES_RHO,4,10.1016/j.fluid.2020.112752,36,5,31,0.0072626664290687,0.0046177132952206
DES_RHO,4,10.1016/j.fluid.2022.113462,14,9,5,0.0025660478204861,0.0065028669738498
DES_RHO,4,10.1016/j.foodchem.2018.09.048,6,5,1,0.0136279177862641,0.0268532386318108
DES_RHO,4,10.1016/j.foodchem.2019.125752,8,0,8,,
DES_RHO,4,10.1016/j.foodchem.2021.131930,10,4,6,0.0197405135140683,0.0127450387150218
DES_RHO,4,10.1016/j.foodchem.2022.133379,7,1,6,0.0047065799234491,0.0229986676578662
DES_RHO,4,10.1016/j.foodchem.2022.134054,38,16,22,0.0083104421334506,0.0116948054407823
DES_RHO,4,10.1016/j.ijggc.2016.02.006,8,1,7,0.0079889973544988,0.0071514324915828
DES_RHO,4,10.1016/j.ijggc.2019.102839,4,1,3,0.0147882571667029,0.0243559249033102
DES_RHO,4,10.1016/j.jcis.2017.01.109,3,1,2,0.0078151497656042,0.0195832099375808
DES_RHO,4,10.1016/j.jclepro.2022.133589,3,1,2,0.00062005989205,0.0005789270758675
DES_RHO,4,10.1016/j.jcou.2022.102217,112,25,87,0.033905837479906,0.0174346525043523
DES_RHO,4,10.1016/j.jct.2013.05.041,20,0,20,,
DES_RHO,4,10.1016/j.jct.2013.08.029,5,1,4,6.129328477655349e-06,0.0030442891101154
DES_RHO,4,10.1016/j.jct.2015.04.021,24,6,18,0.0066221340732354,0.0079847232705441
DES_RHO,4,10.1016/j.jct.2016.08.015,3,0,3,,
DES_RHO,4,10.1016/j.jct.2017.05.020,66,18,48,0.0132144140468477,0.013034301991787
DES_RHO,4,10.1016/j.jct.2017.11.008,66,8,58,0.0308053425577867,0.0511808521464881
DES_RHO,4,10.1016/j.jct.2018.10.003,25,15,10,0.02684328673744,0.0309969668578879
DES_RHO,4,10.1016/j.jct.2018.12.017,54,0,54,,
DES_RHO,4,10.1016/j.jct.2019.105883,15,8,7,0.0114455685386284,0.0196919910607146
DES_RHO,4,10.1016/j.jct.2020.106051,12,8,4,0.0065849748544878,0.0332303627121368
DES_RHO,4,10.1016/j.jct.2021.106578,43,27,16,0.0083891555367555,0.0106707064526339
DES_RHO,4,10.1016/j.jct.2021.106713,77,40,37,0.0081052976940408,0.0137622841953672
DES_RHO,4,10.1016/j.jhazmat.2021.127972,27,21,6,0.0124149426360566,0.0122489155099065
DES_RHO,4,10.1016/j.jhazmat.2022.129835,6,2,4,0.0005325571253114,0.0001284537971294
DES_RHO,4,10.1016/j.jiec.2022.04.015,34,15,19,0.0094049580755769,0.0090433899318475
DES_RHO,4,10.1016/j.jmgm.2022.108319,25,17,8,0.0159953558439438,0.0155911809264072
DES_RHO,4,10.1016/j.jobe.2021.103056,9,0,9,,
DES_RHO,4,10.1016/j.jtice.2012.01.007,15,6,9,0.013442175145454,0.0060920864125073
DES_RHO,4,10.1016/j.jtice.2015.12.020,54,1,53,0.0150069766627702,0.0139310091255091
DES_RHO,4,10.1016/j.microc.2022.107372,34,17,17,0.012487872845912,0.0167749138476654
DES_RHO,4,10.1016/j.molliq.2016.01.038,10,9,1,0.0112032632064648,0.0247570388262507
DES_RHO,4,10.1016/j.molliq.2016.02.062,59,36,23,0.0054101775089128,0.0050786552208533
DES_RHO,4,10.1016/j.molliq.2016.07.039,77,7,70,0.0203278585724848,0.0770017409983774
DES_RHO,4,10.1016/j.molliq.2016.10.115,12,6,6,0.0107390471346072,0.0099679094981436
DES_RHO,4,10.1016/j.molliq.2017.02.071,27,19,8,0.0070018787155991,0.0068947227754674
DES_RHO,4,10.1016/j.molliq.2017.04.052,39,20,19,0.0079734657059456,0.0089997455287284
DES_RHO,4,10.1016/j.molliq.2017.05.084,45,0,45,,
DES_RHO,4,10.1016/j.molliq.2017.09.091,117,16,101,0.0169620368034307,0.0362625452717712
DES_RHO,4,10.1016/j.molliq.2018.02.049,54,7,47,0.0174558181002328,0.0620666255745475
DES_RHO,4,10.1016/j.molliq.2018.02.085,63,53,10,0.0074683655105377,0.0074201976232694
DES_RHO,4,10.1016/j.molliq.2018.12.096,4,4,0,0.0088465163790492,0.0051030975435289
DES_RHO,4,10.1016/j.molliq.2019.01.053,14,5,9,0.0133848467766995,0.0206278044367495
DES_RHO,4,10.1016/j.molliq.2019.111916,35,19,16,0.0096927713774023,0.0092127225074722
DES_RHO,4,10.1016/j.molliq.2020.112644,18,6,12,0.0094248023450567,0.0126462525709426
DES_RHO,4,10.1016/j.molliq.2020.113110,81,11,70,0.0323207367690177,0.0650157559983963
DES_RHO,4,10.1016/j.molliq.2020.113127,36,14,22,0.0150592955436048,0.0311249606921182
DES_RHO,4,10.1016/j.molliq.2021.117717,1,0,1,,
DES_RHO,4,10.1016/j.molliq.2021.117987,25,13,12,0.0128276223188653,0.0138527326067531
DES_RHO,4,10.1016/j.molliq.2021.118393,54,12,42,0.0050940150829595,0.0728780788663094
DES_RHO,4,10.1016/j.molliq.2022.119392,11,5,6,0.0098193650569893,0.0654845036644599
DES_RHO,4,10.1016/j.molliq.2022.119396,90,11,79,0.0115910973050826,0.0132224363163754
DES_RHO,4,10.1016/j.molliq.2022.119560,27,16,11,0.0187424583963903,0.0173820094293944
DES_RHO,4,10.1016/j.molliq.2022.120056,9,9,0,0.0182839596770799,0.0371280567603256
DES_RHO,4,10.1016/j.molliq.2022.120266,52,24,28,0.0061411351067665,0.0090896345375761
DES_RHO,4,10.1016/j.molliq.2022.120420,351,334,17,0.0075027370361261,0.0068470633376457
DES_RHO,4,10.1016/j.seppur.2019.115703,43,12,31,0.0035393250207454,0.0031203020797822
DES_RHO,4,10.1016/j.seppur.2019.115707,4,4,0,0.0065890719798786,0.0064735907660628
DES_RHO,4,10.1016/j.seppur.2020.116692,22,22,0,0.0101852387103246,0.0195468613988162
DES_RHO,4,10.1016/j.seppur.2020.117211,3,1,2,0.0015132483601649,0.0027552505864504
DES_RHO,4,10.1016/j.talanta.2022.123373,8,0,8,,
DES_RHO,4,10.1016/j.tca.2011.10.010,268,43,225,0.0069069122140845,0.0071764859993666
DES_RHO,4,10.1016/j.tca.2012.04.030,28,17,11,0.0089234784818773,0.0177221812194244
DES_RHO,4,10.1016/j.tca.2014.11.028,18,8,10,0.0052526673020031,0.0054120227405274
DES_RHO,4,10.1016/j.tca.2016.11.008,12,6,6,0.0136944846403303,0.020192097510053
DES_RHO,4,10.1021/acs.energyfuels.6b00471,5,0,5,,
DES_RHO,4,10.1021/acs.iecr.5b02611,22,1,21,0.0129860008516499,0.0934107542848475
DES_RHO,4,10.1021/acs.iecr.7b02478,28,9,19,0.0038779437580572,0.0091830488401178
DES_RHO,4,10.1021/acs.jced.0c00579,16,2,14,0.003493662177496,0.0178157600988193
DES_RHO,4,10.1021/acs.jced.0c00715,153,110,43,0.0066536279265242,0.007457811835399
DES_RHO,4,10.1021/acs.jced.6b00486,18,8,10,0.0053738402964803,0.0094069162397876
DES_RHO,4,10.1021/acs.jced.6b01013,36,18,18,0.0080675559475916,0.009596786182347
DES_RHO,4,10.1021/acs.jced.9b00237,8,2,6,0.0074480408729531,0.0078321151274599
DES_RHO,4,10.1021/acs.jpcb.0c03876,3,3,0,0.0158812263594164,0.0161641722612728
DES_RHO,4,10.1021/acssuschemeng.0c04215,7,4,3,0.0284184712247099,0.0285883383926606
DES_RHO,4,10.1021/acssuschemeng.5b00532,52,24,28,0.0059027164250429,0.0443090818870845
DES_RHO,4,10.1021/acssuschemeng.5b00619,14,7,7,0.0081812360551277,0.0063707151371668
DES_RHO,4,10.1021/acssuschemeng.7b04235,39,0,39,,
DES_RHO,4,10.1021/acssuschemeng.8b01203,187,3,184,0.0118356627296983,0.01297980171922
DES_RHO,4,10.1021/acssuschemeng.8b03520,17,6,11,0.014231686829564,0.0203287929299201
DES_RHO,4,10.1021/acssuschemeng.8b04843,16,0,16,,
DES_RHO,4,10.1021/acssuschemeng.8b05072,26,21,5,0.0127259839257597,0.0090180585878734
DES_RHO,4,10.1021/acssuschemeng.8b05548,2,1,1,0.0073610750360741,0.0044492826044422
DES_RHO,4,10.1021/acssuschemeng.9b00044,3,1,2,0.0028053408751105,0.0033329494204361
DES_RHO,4,10.1021/acssuschemeng.9b01102,28,20,8,0.0154034155470969,0.0230175998470024
DES_RHO,4,10.1021/acssuschemeng.9b02845,21,5,16,0.0083375618053122,0.0065402341792411
DES_RHO,4,10.1021/acssuschemeng.9b03245,21,0,21,,
DES_RHO,4,10.1021/acssuschemeng.9b05434,9,0,9,,
DES_RHO,4,10.1021/je100104v,14,1,13,0.0099587232490496,0.0163091922884628
DES_RHO,4,10.1021/je300997v,37,23,14,0.0082287765756913,0.0110268992245953
DES_RHO,4,10.1021/je400884v,24,22,2,0.0064093940758202,0.0054239763666654
DES_RHO,4,10.1021/je5001796,9,7,2,0.0012287639196779,0.0016874490203857
DES_RHO,4,10.1021/je5002126,70,3,67,0.0540296402585452,0.0455917142173084
DES_RHO,4,10.1021/je500320c,6,3,3,0.0048462691920779,0.0041099868550212
DES_RHO,4,10.1021/jp0671998,12,6,6,0.0069740185788116,0.0068051538584443
DES_RHO,4,10.1021/jp5089004,18,0,18,,
DES_RHO,4,10.1021/sc500439w,62,24,38,0.0096186659021975,0.0171888672560104
DES_RHO,4,10.1039/c1cp22554e,4,2,2,0.026999704673202,0.0112649969936723
DES_RHO,4,10.1039/c2ra22990k,5,1,4,0.0628389734707841,0.0242097096776425
DES_RHO,4,10.1039/c3ra40303c,13,7,6,0.0065631172893864,0.0068133949735983
DES_RHO,4,10.1039/c4ra10628h,35,6,29,0.0199339907187779,0.0139435287771751
DES_RHO,4,10.1039/c5cp03364k,15,6,9,0.0079618058125081,0.0078029482113248
DES_RHO,4,10.1039/c5gc01451d,48,4,44,0.0123716286608697,0.0427813156327937
DES_RHO,4,10.1039/c5gc03080c,8,1,7,0.04913867636918,0.0668830300384782
DES_RHO,4,10.1039/c6cc06105b,21,4,17,0.0045740837707417,0.0049286962826654
DES_RHO,4,10.1080/01496395.2016.1247864,6,4,2,0.0101503182477838,0.0150766980598468
DES_RHO,4,10.13140/rg.2.2.13424.10245,5,2,3,0.0071247736328463,0.0085007460727634
DES_RHO,4,10.3390/molecules24030636,17,15,2,0.0053757172005786,0.0054492997108841
DES_RHO,4,10.3390/separations6010009,7,0,7,,
DES_RHO,4,10.3866/pku.whxb201506111,22,0,22,,
DES_RHO,4,api.semanticscholar.org/corpusid:92513446,31,22,9,0.0078906844194692,0.0068854887289979
DES_ETA,0,10.1002/apj.1873,272,263,9,0.3419201187046779,0.3805013978883748
DES_ETA,0,10.1002/ceat.201600475,11,11,0,0.2413206266554328,0.297812925544656
DES_ETA,0,10.1002/chem.200400127,4,4,0,0.6224193776239729,0.5286490861222863
DES_ETA,0,10.1002/cphc.200500489,6,6,0,0.744058455300997,0.5326699951014218
DES_ETA,0,10.1002/slct.201701223,16,15,1,0.6843791582928036,0.681220846744825
DES_ETA,0,10.1007/978-3-030-25135-2_4,3,2,1,0.9310577020056476,1.0737088095327334
DES_ETA,0,10.1016/j.arabjc.2021.103512,45,40,5,0.5197485453505802,0.3111966761090244
DES_ETA,0,10.1016/j.arabjc.2022.104469,11,0,11,,
DES_ETA,0,10.1016/j.cclet.2013.09.004,13,11,2,0.6617405119960043,0.6810199010790122
DES_ETA,0,10.1016/j.cej.2018.10.077,15,14,1,0.3763276768128517,0.3502369608729385
DES_ETA,0,10.1016/j.cej.2020.125173,4,0,4,,
DES_ETA,0,10.1016/j.cep.2015.04.001,14,13,1,0.7716118133612153,0.7325333346299638
DES_ETA,0,10.1016/j.chroma.2018.07.070,12,0,12,,
DES_ETA,0,10.1016/j.cjche.2020.07.004,19,0,19,,
DES_ETA,0,10.1016/j.crgsc.2022.100285,7,0,7,,
DES_ETA,0,10.1016/j.fluid.2014.01.028,117,71,46,0.6602404264521398,0.6739384788631327
DES_ETA,0,10.1016/j.fluid.2019.01.025,28,27,1,0.7708973668803796,0.9491827022297008
DES_ETA,0,10.1016/j.fluid.2021.113290,90,90,0,0.3568802777265231,0.565673258630195
DES_ETA,0,10.1016/j.foodchem.2018.09.048,6,0,6,,
DES_ETA,0,10.1016/j.foodchem.2019.125752,8,0,8,,
DES_ETA,0,10.1016/j.foodchem.2021.131930,63,63,0,0.1816392049023892,0.1738389910152568
DES_ETA,0,10.1016/j.foodchem.2022.133379,4,0,4,,
DES_ETA,0,10.1016/j.ijggc.2016.02.006,7,7,0,0.3413013911369874,0.2485852398088786
DES_ETA,0,10.1016/j.jclepro.2022.133589,1,1,0,0.1499381066571397,0.1391726990227528
DES_ETA,0,10.1016/j.jcou.2022.102217,112,13,99,0.9222233955696622,0.9031058968747188
DES_ETA,0,10.1016/j.jct.2013.05.041,20,20,0,0.1366396740368328,0.0651829278359918
DES_ETA,0,10.1016/j.jct.2018.12.017,43,43,0,0.5283348688569198,0.4961136237520498
DES_ETA,0,10.1016/j.jct.2019.105883,15,15,0,0.1642931822540982,0.1716208309393526
DES_ETA,0,10.1016/j.jct.2021.106713,66,66,0,0.5268028616691276,0.5335296212895699
DES_ETA,0,10.1016/j.jct.2022.106999,30,30,0,0.2748644046460158,0.3505833839460353
DES_ETA,0,10.1016/j.jhazmat.2021.127972,25,0,25,,
DES_ETA,0,10.1016/j.jhazmat.2022.129835,3,3,0,0.4606064183452483,0.4579802574252855
DES_ETA,0,10.1016/j.jiec.2022.04.015,35,33,2,0.5286209500106351,0.5759480896409521
DES_ETA,0,10.1016/j.jmgm.2022.108319,25,25,0,0.5858452576223546,0.5770144486564688
DES_ETA,0,10.1016/j.jobe.2021.103056,8,0,8,,
DES_ETA,0,10.1016/j.jpha.2021.03.002,16,0,16,,
DES_ETA,0,10.1016/j.jtice.2015.12.020,48,48,0,0.4192257352686485,0.3774367706327263
DES_ETA,0,10.1016/j.molliq.2012.11.025,4,4,0,0.5615599293410397,0.5602019955546287
DES_ETA,0,10.1016/j.molliq.2016.02.062,48,48,0,0.4843713059073093,0.4245664127742329
DES_ETA,0,10.1016/j.molliq.2016.07.039,35,33,2,0.3482861378523019,0.3322894203505247
DES_ETA,0,10.1016/j.molliq.2016.10.115,90,90,0,0.4635094397066672,0.4429252909193822
DES_ETA,0,10.1016/j.molliq.2017.05.084,57,57,0,0.3892243969823937,0.3348993507241065
DES_ETA,0,10.1016/j.molliq.2017.06.024,130,129,1,0.1565607002088264,0.1713598242701497
DES_ETA,0,10.1016/j.molliq.2017.09.091,118,118,0,0.8183545257312905,1.093474161961911
DES_ETA,0,10.1016/j.molliq.2020.113761,18,18,0,0.5596098921191022,0.4697852050023044
DES_ETA,0,10.1016/j.molliq.2021.118393,38,38,0,0.5225834299273565,0.4502947835280665
DES_ETA,0,10.1016/j.molliq.2022.119392,9,0,9,,
DES_ETA,0,10.1016/j.molliq.2022.119396,90,90,0,0.3688509668998866,0.5254150304428067
DES_ETA,0,10.1016/j.molliq.2022.119560,27,27,0,0.4695034379279573,0.3268349151669165
DES_ETA,0,10.1016/j.molliq.2022.120000,14,8,6,0.6132175947509304,0.4028621330577108
DES_ETA,0,10.1016/j.molliq.2022.120056,9,9,0,0.3183264501733276,0.2930601204948575
DES_ETA,0,10.1016/j.molliq.2022.120420,337,337,0,0.1741977793332786,0.1763706897294133
DES_ETA,0,10.1016/j.molliq.2022.120521,3,3,0,0.8908158724879667,0.9790503911686872
DES_ETA,0,10.1016/j.molliq.2022.120660,15,0,15,,
DES_ETA,0,10.1016/j.molliq.2023.121216,30,30,0,0.1433189734987371,0.1280628265674704
DES_ETA,0,10.1016/j.molliq.2023.121258,78,78,0,0.2871921855333505,0.2768314392657896
DES_ETA,0,10.1016/j.seppur.2019.115703,43,43,0,0.056009555255441,0.2186721473234743
DES_ETA,0,10.1016/j.seppur.2020.116692,22,0,22,,
DES_ETA,0,10.1016/j.seppur.2020.117211,3,0,3,,
DES_ETA,0,10.1016/j.seppur.2023.123281,15,15,0,0.4187383400150277,0.424301272305514
DES_ETA,0,10.1016/j.talanta.2022.124243,10,0,10,,
DES_ETA,0,10.1016/j.tca.2012.04.030,24,24,0,0.4166516077746953,0.4164664017695834
DES_ETA,0,10.1021/acs.iecr.7b02478,28,17,11,0.608652275199893,0.622044074553064
DES_ETA,0,10.1021/acs.jced.0c00386,40,40,0,0.123438747484866,0.0995924314285793
DES_ETA,0,10.1021/acs.jced.0c00579,1,0,1,,
DES_ETA,0,10.1021/acs.jced.0c00715,153,152,1,0.073338122275973,0.0738939049794176
DES_ETA,0,10.1021/acs.jced.6b00486,23,21,2,0.8172546464259742,0.7728760504147132
DES_ETA,0,10.1021/acs.jced.6b00563,11,11,0,0.2714320487167501,0.3971463896784143
DES_ETA,0,10.1021/acs.jced.6b00680,65,65,0,0.4185136624878437,0.4553926720891322
DES_ETA,0,10.1021/acs.jced.7b00184,14,14,0,0.1332591931158032,0.1664626452523693
DES_ETA,0,10.1021/acs.jced.7b01037,90,59,31,0.7555946554340369,0.6530298786482308
DES_ETA,0,10.1021/acs.jced.9b00246,1,1,0,0.1459117494288344,0.106151148794634
DES_ETA,0,10.1021/acs.jced.9b00247,1,1,0,0.0024136664459608,0.0051444098775994
DES_ETA,0,10.1021/acs.jced.9b00248,1,1,0,0.0195982473808176,0.0172229926034552
DES_ETA,0,10.1021/acs.jced.9b00249,1,1,0,0.0540079096368864,0.0125147675555998
DES_ETA,0,10.1021/acs.jced.9b00250,1,1,0,0.0268912044267859,0.0476427662914178
DES_ETA,0,10.1021/acs.jced.9b00251,1,1,0,0.3442725489212019,0.2877885627748835
DES_ETA,0,10.1021/acs.jced.9b00252,1,1,0,0.1466082595906823,0.1701125544279398
DES_ETA,0,10.1021/acs.jced.9b00253,1,1,0,0.057147773996599,0.1074715307747791
DES_ETA,0,10.1021/acs.jced.9b00254,1,1,0,0.0046390689915007,0.0113723587129381
DES_ETA,0,10.1021/acs.jced.9b00255,1,1,0,0.1119538157632837,0.0813528041920192
DES_ETA,0,10.1021/acs.jced.9b00256,1,1,0,0.0621462181128991,0.1218906441073879
DES_ETA,0,10.1021/acs.jced.9b00257,1,1,0,0.075182345525401,0.0763495555777293
DES_ETA,0,10.1021/acs.jced.9b00258,1,1,0,0.1219426891412296,0.1315582725328226
DES_ETA,0,10.1021/acs.jced.9b00259,1,1,0,0.1368719193972154,0.1260232473269125
DES_ETA,0,10.1021/acs.jced.9b00260,1,1,0,0.1885873201972718,0.1871760159516355
DES_ETA,0,10.1021/acs.jpcb.0c03876,3,0,3,,
DES_ETA,0,10.1021/acssuschemeng.0c04215,7,7,0,0.5255896605914598,0.5595690071952607
DES_ETA,0,10.1021/acssuschemeng.1c01674,35,35,0,0.5828426045695939,0.5565568074451108
DES_ETA,0,10.1021/acssuschemeng.5b00532,104,104,0,0.403915837945157,0.4171751217061036
DES_ETA,0,10.1021/acssuschemeng.5b00619,15,15,0,0.460772022438685,0.6370903698435512
DES_ETA,0,10.1021/acssuschemeng.7b04235,39,1,38,0.1257540235644115,0.1569086316016308
DES_ETA,0,10.1021/acssuschemeng.8b01203,187,21,166,0.1231823187317191,0.1311415774588945
DES_ETA,0,10.1021/acssuschemeng.8b02042,17,17,0,0.5977001515230376,0.5949990295813268
DES_ETA,0,10.1021/acssuschemeng.8b03520,17,11,6,0.2561271224987617,0.2270974159266451
DES_ETA,0,10.1021/acssuschemeng.8b04843,14,14,0,0.2041069491327278,0.1856128212757796
DES_ETA,0,10.1021/acssuschemeng.8b05072,26,26,0,0.3139836869194685,0.409127583434604
DES_ETA,0,10.1021/acssuschemeng.8b05548,2,2,0,0.0419795287847523,0.0510839456282844
DES_ETA,0,10.1021/acssuschemeng.9b02845,24,24,0,0.229027751588619,0.1363361598100448
DES_ETA,0,10.1021/acssuschemeng.9b03245,21,21,0,0.5013715285880026,0.4397675907959376
DES_ETA,0,10.1021/je100104v,32,32,0,0.415508143754536,0.4122926707602605
DES_ETA,0,10.1021/je300997v,35,33,2,0.0649549958828569,0.0647677898502339
DES_ETA,0,10.1021/je5001796,72,62,10,0.8465417630667444,1.0495223613369693
DES_ETA,0,10.1021/sc500439w,62,62,0,0.2636328326658129,0.2198708334389002
DES_ETA,0,10.1039/c1ra00630d,18,16,2,0.4051544567017646,0.388819750223734
DES_ETA,0,10.1039/c2ra22990k,8,6,2,0.5296366061231199,0.4862651401508288
DES_ETA,0,10.1039/c6cc06105b,21,10,11,0.1056754573133954,0.0831968372595014
DES_ETA,0,10.1039/c6nj03140d,315,306,9,0.5132317817045907,0.4839864100667404
DES_ETA,0,10.1039/d0cp01431a,27,0,27,,
DES_ETA,0,10.1039/d0gc00793e,3,1,2,0.2012061210288205,0.3298377913173447
DES_ETA,0,10.1080/01496395.2016.1247864,4,0,4,,
DES_ETA,0,10.13140/rg.2.2.13424.10245,5,0,5,,
DES_ETA,0,10.3390/molecules26144208,286,286,0,0.17186647108382,0.1769891456735629
DES_ETA,0,http://pubs.acs.org/journal/acscii,1461,1193,268,0.3754080871381067,0.4075034202873495
DES_ETA,1,10.1002/apj.1873,272,263,9,0.3325770529527352,0.3622051436729869
DES_ETA,1,10.1002/ceat.201600475,11,11,0,0.2477314206446311,0.2902929468517515
DES_ETA,1,10.1002/chem.200400127,4,4,0,0.6138760359487839,0.5990579715891783
DES_ETA,1,10.1002/cphc.200500489,6,6,0,0.6829251010709215,0.5341597767832069
DES_ETA,1,10.1002/slct.201701223,16,15,1,0.6657502928541568,0.6818216246823218
DES_ETA,1,10.1007/978-3-030-25135-2_4,3,2,1,1.514107211109717,1.079848187225791
DES_ETA,1,10.1016/j.arabjc.2021.103512,45,40,5,0.3978182119148275,0.3210851603336797
DES_ETA,1,10.1016/j.arabjc.2022.104469,11,0,11,,
DES_ETA,1,10.1016/j.cclet.2013.09.004,13,11,2,0.6995564391893699,0.6613560797208093
DES_ETA,1,10.1016/j.cej.2018.10.077,15,14,1,0.1441685505039932,0.3074637172445651
DES_ETA,1,10.1016/j.cej.2020.125173,4,0,4,,
DES_ETA,1,10.1016/j.cep.2015.04.001,14,13,1,0.7495599065393214,0.7218571190001549
DES_ETA,1,10.1016/j.chroma.2018.07.070,12,0,12,,
DES_ETA,1,10.1016/j.cjche.2020.07.004,19,0,19,,
DES_ETA,1,10.1016/j.crgsc.2022.100285,7,0,7,,
DES_ETA,1,10.1016/j.fluid.2014.01.028,117,71,46,0.5232854588797556,0.5191196726748095
DES_ETA,1,10.1016/j.fluid.2019.01.025,28,27,1,1.009584579018152,0.901707646785866
DES_ETA,1,10.1016/j.fluid.2021.113290,90,90,0,0.4427448807235554,0.5893928480905347
DES_ETA,1,10.1016/j.foodchem.2018.09.048,6,0,6,,
DES_ETA,1,10.1016/j.foodchem.2019.125752,8,0,8,,
DES_ETA,1,10.1016/j.foodchem.2021.131930,63,63,0,0.1905579127323056,0.2003397800038887
DES_ETA,1,10.1016/j.foodchem.2022.133379,4,0,4,,
DES_ETA,1,10.1016/j.ijggc.2016.02.006,7,7,0,0.3078731515057156,0.251021335151625
DES_ETA,1,10.1016/j.jclepro.2022.133589,1,1,0,0.1416430569946305,0.16875104590844
DES_ETA,1,10.1016/j.jcou.2022.102217,112,13,99,0.9704650641392149,0.9223272595420732
DES_ETA,1,10.1016/j.jct.2013.05.041,20,20,0,0.1531207538238001,0.076424334945116
DES_ETA,1,10.1016/j.jct.2018.12.017,43,43,0,0.540418773712808,0.4686325118662831
DES_ETA,1,10.1016/j.jct.2019.105883,15,15,0,0.0911383178933799,0.1232329227696188
DES_ETA,1,10.1016/j.jct.2021.106713,66,66,0,0.5007007688534661,0.5267978175479113
DES_ETA,1,10.1016/j.jct.2022.106999,30,30,0,0.2649325792020479,0.3531499655759455
DES_ETA,1,10.1016/j.jhazmat.2021.127972,25,0,25,,
DES_ETA,1,10.1016/j.jhazmat.2022.129835,3,3,0,0.424568564623718,0.4297848385496641
DES_ETA,1,10.1016/j.jiec.2022.04.015,35,33,2,0.6010650579504703,0.5785088036444413
DES_ETA,1,10.1016/j.jmgm.2022.108319,25,25,0,0.6202400253198777,0.6304860367583774
DES_ETA,1,10.1016/j.jobe.2021.103056,8,0,8,,
DES_ETA,1,10.1016/j.jpha.2021.03.002,16,0,16,,
DES_ETA,1,10.1016/j.jtice.2015.12.020,48,48,0,0.4253414594713595,0.3980627438667832
DES_ETA,1,10.1016/j.molliq.2012.11.025,4,4,0,0.4809515902204549,0.4764238805767175
DES_ETA,1,10.1016/j.molliq.2016.02.062,48,48,0,0.479233848263512,0.4425375833183005
DES_ETA,1,10.1016/j.molliq.2016.07.039,35,33,2,0.3356313536864768,0.327163005335536
DES_ETA,1,10.1016/j.molliq.2016.10.115,90,90,0,0.4297448485426554,0.4072555274101542
DES_ETA,1,10.1016/j.molliq.2017.05.084,57,57,0,0.401493200001638,0.3338980756538163
DES_ETA,1,10.1016/j.molliq.2017.06.024,130,129,1,0.1346813236021583,0.1464821653450268
DES_ETA,1,10.1016/j.molliq.2017.09.091,118,118,0,0.8997566637823645,1.1445615253205883
DES_ETA,1,10.1016/j.molliq.2020.113761,18,18,0,0.5269889427282511,0.4265411028165282
DES_ETA,1,10.1016/j.molliq.2021.118393,38,38,0,0.5176553958708847,0.463914984142367
DES_ETA,1,10.1016/j.molliq.2022.119392,9,0,9,,
DES_ETA,1,10.1016/j.molliq.2022.119396,90,90,0,0.3485498192117874,0.5756061593345755
DES_ETA,1,10.1016/j.molliq.2022.119560,27,27,0,0.4780165636326915,0.3258647246631173
DES_ETA,1,10.1016/j.molliq.2022.120000,14,8,6,0.5858998909377259,0.3913374750566082
DES_ETA,1,10.1016/j.molliq.2022.120056,9,9,0,0.0871121290797029,0.3037520545044572
DES_ETA,1,10.1016/j.molliq.2022.120420,337,337,0,0.1695934715146326,0.1855053701333437
DES_ETA,1,10.1016/j.molliq.2022.120521,3,3,0,1.0818414288053584,0.924444887928906
DES_ETA,1,10.1016/j.molliq.2022.120660,15,0,15,,
DES_ETA,1,10.1016/j.molliq.2023.121216,30,30,0,0.1660520497085274,0.1494152480236411
DES_ETA,1,10.1016/j.molliq.2023.121258,78,78,0,0.2699353522176841,0.2808190179181267
DES_ETA,1,10.1016/j.seppur.2019.115703,43,43,0,0.0567197765968765,0.1755135261959512
DES_ETA,1,10.1016/j.seppur.2020.116692,22,0,22,,
DES_ETA,1,10.1016/j.seppur.2020.117211,3,0,3,,
DES_ETA,1,10.1016/j.seppur.2023.123281,15,15,0,0.385189742805139,0.3507228359734026
DES_ETA,1,10.1016/j.talanta.2022.124243,10,0,10,,
DES_ETA,1,10.1016/j.tca.2012.04.030,24,24,0,0.5459582932548199,0.5345386341120095
DES_ETA,1,10.1021/acs.iecr.7b02478,28,17,11,0.6363614906109831,0.6457875838846772
DES_ETA,1,10.1021/acs.jced.0c00386,40,40,0,0.1139244905158195,0.0984319548180709
DES_ETA,1,10.1021/acs.jced.0c00579,1,0,1,,
DES_ETA,1,10.1021/acs.jced.0c00715,153,152,1,0.0663812105017299,0.0677412757307468
DES_ETA,1,10.1021/acs.jced.6b00486,23,21,2,0.8069273195838561,0.6843205338609516
DES_ETA,1,10.1021/acs.jced.6b00563,11,11,0,0.2692076856062906,0.3701476136182066
DES_ETA,1,10.1021/acs.jced.6b00680,65,65,0,0.436091826297924,0.4795190595856102
DES_ETA,1,10.1021/acs.jced.7b00184,14,14,0,0.1310449218559337,0.160160337383213
DES_ETA,1,10.1021/acs.jced.7b01037,90,59,31,0.8480836249984294,0.6844942902024602
DES_ETA,1,10.1021/acs.jced.9b00246,1,1,0,0.1583434325338346,0.1216359324953018
DES_ETA,1,10.1021/acs.jced.9b00247,1,1,0,0.0168207230786932,0.0587737174406706
DES_ETA,1,10.1021/acs.jced.9b00248,1,1,0,0.0402393050913305,0.0142156070814636
DES_ETA,1,10.1021/acs.jced.9b00249,1,1,0,0.0262271215428595,0.0092774401841437
DES_ETA,1,10.1021/acs.jced.9b00250,1,1,0,0.0402734023668636,0.0172292450342759
DES_ETA,1,10.1021/acs.jced.9b00251,1,1,0,0.3808771720787605,0.3273982368262527
DES_ETA,1,10.1021/acs.jced.9b00252,1,1,0,0.1707706668454576,0.1834002873873257
DES_ETA,1,10.1021/acs.jced.9b00253,1,1,0,0.0617430915601551,0.0945369928551234
DES_ETA,1,10.1021/acs.jced.9b00254,1,1,0,0.0162658558484487,0.0071442601694784
DES_ETA,1,10.1021/acs.jced.9b00255,1,1,0,0.1040337446357264,0.0819045035316172
DES_ETA,1,10.1021/acs.jced.9b00256,1,1,0,0.0431303860058109,0.027113542586906
DES_ETA,1,10.1021/acs.jced.9b00257,1,1,0,0.0913081890583324,0.111656724179445
DES_ETA,1,10.1021/acs.jced.9b00258,1,1,0,0.0709004336215795,0.1083580538023227
DES_ETA,1,10.1021/acs.jced.9b00259,1,1,0,0.1311830043389132,0.1203486099986337
DES_ETA,1,10.1021/acs.jced.9b00260,1,1,0,0.2206224060125829,0.2040818811481868
DES_ETA,1,10.1021/acs.jpcb.0c03876,3,0,3,,
DES_ETA,1,10.1021/acssuschemeng.0c04215,7,7,0,0.5693738559692861,0.5758725836163756
DES_ETA,1,10.1021/acssuschemeng.1c01674,35,35,0,0.5508437147213853,0.4556318898853483
DES_ETA,1,10.1021/acssuschemeng.5b00532,104,104,0,0.4122467245944066,0.4005186736121225
DES_ETA,1,10.1021/acssuschemeng.5b00619,15,15,0,0.4858728615434275,0.6373810330274738
DES_ETA,1,10.1021/acssuschemeng.7b04235,39,1,38,0.1185282070297503,0.1671750529329398
DES_ETA,1,10.1021/acssuschemeng.8b01203,187,21,166,0.1207967737639098,0.1499619290499351
DES_ETA,1,10.1021/acssuschemeng.8b02042,17,17,0,0.7809532459860944,0.762165260362196
DES_ETA,1,10.1021/acssuschemeng.8b03520,17,11,6,0.2684660180410918,0.2903855563023464
DES_ETA,1,10.1021/acssuschemeng.8b04843,14,14,0,0.1995919480307281,0.2024559750865496
DES_ETA,1,10.1021/acssuschemeng.8b05072,26,26,0,0.3203191594372386,0.4497425070346617
DES_ETA,1,10.1021/acssuschemeng.8b05548,2,2,0,0.0428508892904251,0.1323065222135398
DES_ETA,1,10.1021/acssuschemeng.9b02845,24,24,0,0.3171146722020287,0.2160563272385565
DES_ETA,1,10.1021/acssuschemeng.9b03245,21,21,0,0.5014419931976097,0.4286250835469049
DES_ETA,1,10.1021/je100104v,32,32,0,0.399014224839697,0.4136658189592349
DES_ETA,1,10.1021/je300997v,35,33,2,0.0743720516735668,0.0764015197172806
DES_ETA,1,10.1021/je5001796,72,62,10,0.6872829822943034,0.7064441881277685
DES_ETA,1,10.1021/sc500439w,62,62,0,0.2725267043092324,0.2230818156949993
DES_ETA,1,10.1039/c1ra00630d,18,16,2,0.4142780147087747,0.3914010949265732
DES_ETA,1,10.1039/c2ra22990k,8,6,2,0.361875653909062,0.4423207474868415
DES_ETA,1,10.1039/c6cc06105b,21,10,11,0.1004782490880393,0.0813075146782386
DES_ETA,1,10.1039/c6nj03140d,315,306,9,0.5038202040965185,0.4739551401200684
DES_ETA,1,10.1039/d0cp01431a,27,0,27,,
DES_ETA,1,10.1039/d0gc00793e,3,1,2,0.341922009240351,0.39014577991154
DES_ETA,1,10.1080/01496395.2016.1247864,4,0,4,,
DES_ETA,1,10.13140/rg.2.2.13424.10245,5,0,5,,
DES_ETA,1,10.3390/molecules26144208,286,286,0,0.1728937045696674,0.1820604455843326
DES_ETA,1,http://pubs.acs.org/journal/acscii,1461,1193,268,0.3678476750325883,0.4080372912875294
DES_ETA,2,10.1002/apj.1873,272,263,9,0.3532172605177125,0.3773747924509311
DES_ETA,2,10.1002/ceat.201600475,11,11,0,0.237493695565028,0.308928235972715
DES_ETA,2,10.1002/chem.200400127,4,4,0,0.6262314626875564,0.5416326115882802
DES_ETA,2,10.1002/cphc.200500489,6,6,0,0.5964280049271898,0.5207703523294618
DES_ETA,2,10.1002/slct.201701223,16,15,1,0.6862191983257637,0.6760428958215624
DES_ETA,2,10.1007/978-3-030-25135-2_4,3,2,1,0.9624740163124272,1.1008432151175347
DES_ETA,2,10.1016/j.arabjc.2021.103512,45,40,5,0.3450935708232794,0.3112978670216499
DES_ETA,2,10.1016/j.arabjc.2022.104469,11,0,11,,
DES_ETA,2,10.1016/j.cclet.2013.09.004,13,11,2,0.6564372899858788,0.6472754158046357
DES_ETA,2,10.1016/j.cej.2018.10.077,15,14,1,0.190635500380368,0.3139205616468365
DES_ETA,2,10.1016/j.cej.2020.125173,4,0,4,,
DES_ETA,2,10.1016/j.cep.2015.04.001,14,13,1,0.7836176916484242,0.478357324497973
DES_ETA,2,10.1016/j.chroma.2018.07.070,12,0,12,,
DES_ETA,2,10.1016/j.cjche.2020.07.004,19,0,19,,
DES_ETA,2,10.1016/j.crgsc.2022.100285,7,0,7,,
DES_ETA,2,10.1016/j.fluid.2014.01.028,117,71,46,0.6573856919213844,0.6437485013332128
DES_ETA,2,10.1016/j.fluid.2019.01.025,28,27,1,0.6013451940578386,0.7792804480935096
DES_ETA,2,10.1016/j.fluid.2021.113290,90,90,0,0.4226172127482146,0.5622600128389199
DES_ETA,2,10.1016/j.foodchem.2018.09.048,6,0,6,,
DES_ETA,2,10.1016/j.foodchem.2019.125752,8,0,8,,
DES_ETA,2,10.1016/j.foodchem.2021.131930,63,63,0,0.2027282786960302,0.1930985776307197
DES_ETA,2,10.1016/j.foodchem.2022.133379,4,0,4,,
DES_ETA,2,10.1016/j.ijggc.2016.02.006,7,7,0,0.3659270901089178,0.2157314790145906
DES_ETA,2,10.1016/j.jclepro.2022.133589,1,1,0,0.2240744209613274,0.2166724170428917
DES_ETA,2,10.1016/j.jcou.2022.102217,112,13,99,0.9363465727684216,0.8823869034705597
DES_ETA,2,10.1016/j.jct.2013.05.041,20,20,0,0.1316517439700548,0.0662905979768158
DES_ETA,2,10.1016/j.jct.2018.12.017,43,43,0,0.5553178569287844,0.4993652251675974
DES_ETA,2,10.1016/j.jct.2019.105883,15,15,0,0.1916396160294951,0.146995881238857
DES_ETA,2,10.1016/j.jct.2021.106713,66,66,0,0.4847025228396648,0.5039281661371575
DES_ETA,2,10.1016/j.jct.2022.106999,30,30,0,0.2622899885678985,0.3552776505636046
DES_ETA,2,10.1016/j.jhazmat.2021.127972,25,0,25,,
DES_ETA,2,10.1016/j.jhazmat.2022.129835,3,3,0,0.4603890510361732,0.4306764360525997
DES_ETA,2,10.1016/j.jiec.2022.04.015,35,33,2,0.561081334854955,0.6229825068936388
DES_ETA,2,10.1016/j.jmgm.2022.108319,25,25,0,0.5315634351584824,0.5813892473807574
DES_ETA,2,10.1016/j.jobe.2021.103056,8,0,8,,
DES_ETA,2,10.1016/j.jpha.2021.03.002,16,0,16,,
DES_ETA,2,10.1016/j.jtice.2015.12.020,48,48,0,0.3833859927109943,0.3425798761207865
DES_ETA,2,10.1016/j.molliq.2012.11.025,4,4,0,0.4554093077732816,0.4569781038926372
DES_ETA,2,10.1016/j.molliq.2016.02.062,48,48,0,0.5165200443560365,0.4868289333529195
DES_ETA,2,10.1016/j.molliq.2016.07.039,35,33,2,0.3238641821801822,0.3102645640479576
DES_ETA,2,10.1016/j.molliq.2016.10.115,90,90,0,0.4130270491658747,0.4121119302024989
DES_ETA,2,10.1016/j.molliq.2017.05.084,57,57,0,0.3558759691069934,0.3498769348921286
DES_ETA,2,10.1016/j.molliq.2017.06.024,130,129,1,0.1561030448452163,0.1675995345405589
DES_ETA,2,10.1016/j.molliq.2017.09.091,118,118,0,0.7710344833590923,0.9836764663268622
DES_ETA,2,10.1016/j.molliq.2020.113761,18,18,0,0.5310626877899033,0.4695904685282653
DES_ETA,2,10.1016/j.molliq.2021.118393,38,38,0,0.4953736692020016,0.4702295012747331
DES_ETA,2,10.1016/j.molliq.2022.119392,9,0,9,,
DES_ETA,2,10.1016/j.molliq.2022.119396,90,90,0,0.4010735733813203,0.5095971041080676
DES_ETA,2,10.1016/j.molliq.2022.119560,27,27,0,0.4435578574956901,0.290649686175824
DES_ETA,2,10.1016/j.molliq.2022.120000,14,8,6,0.5629075295910735,0.3951637042326245
DES_ETA,2,10.1016/j.molliq.2022.120056,9,9,0,0.0677417798134638,0.3274590864051596
DES_ETA,2,10.1016/j.molliq.2022.120420,337,337,0,0.1666268701976724,0.1844039282083377
DES_ETA,2,10.1016/j.molliq.2022.120521,3,3,0,1.0567108255665458,1.0412677468978244
DES_ETA,2,10.1016/j.molliq.2022.120660,15,0,15,,
DES_ETA,2,10.1016/j.molliq.2023.121216,30,30,0,0.1635911667250462,0.1498942992683838
DES_ETA,2,10.1016/j.molliq.2023.121258,78,78,0,0.2415167076156484,0.2594985506268104
DES_ETA,2,10.1016/j.seppur.2019.115703,43,43,0,0.0532325679624685,0.1993893058376364
DES_ETA,2,10.1016/j.seppur.2020.116692,22,0,22,,
DES_ETA,2,10.1016/j.seppur.2020.117211,3,0,3,,
DES_ETA,2,10.1016/j.seppur.2023.123281,15,15,0,0.4281720983867284,0.4263457464496433
DES_ETA,2,10.1016/j.talanta.2022.124243,10,0,10,,
DES_ETA,2,10.1016/j.tca.2012.04.030,24,24,0,0.5471492436281356,0.5444705039293379
DES_ETA,2,10.1021/acs.iecr.7b02478,28,17,11,0.6246755590506965,0.6205482399110814
DES_ETA,2,10.1021/acs.jced.0c00386,40,40,0,0.1048306983417759,0.095509939093038
DES_ETA,2,10.1021/acs.jced.0c00579,1,0,1,,
DES_ETA,2,10.1021/acs.jced.0c00715,153,152,1,0.0663672780510424,0.0694441651995038
DES_ETA,2,10.1021/acs.jced.6b00486,23,21,2,0.7919585567741249,0.7019799856579626
DES_ETA,2,10.1021/acs.jced.6b00563,11,11,0,0.2626563713141355,0.3866996752427316
DES_ETA,2,10.1021/acs.jced.6b00680,65,65,0,0.41723501508676,0.4916346549172573
DES_ETA,2,10.1021/acs.jced.7b00184,14,14,0,0.1312569207225453,0.155669970769319
DES_ETA,2,10.1021/acs.jced.7b01037,90,59,31,0.6964273532066053,0.6328485917719097
DES_ETA,2,10.1021/acs.jced.9b00246,1,1,0,0.1230855098856134,0.0997106351058612
DES_ETA,2,10.1021/acs.jced.9b00247,1,1,0,0.0072116228221359,0.0628028025510589
DES_ETA,2,10.1021/acs.jced.9b00248,1,1,0,0.0061891110465681,0.0209366923307685
DES_ETA,2,10.1021/acs.jced.9b00249,1,1,0,0.0125546227011708,0.0116590789692716
DES_ETA,2,10.1021/acs.jced.9b00250,1,1,0,0.063748912945494,0.0632168818223812
DES_ETA,2,10.1021/acs.jced.9b00251,1,1,0,0.401840253066456,0.3089635082457664
DES_ETA,2,10.1021/acs.jced.9b00252,1,1,0,0.1584616424849689,0.172410178534589
DES_ETA,2,10.1021/acs.jced.9b00253,1,1,0,0.069318020211921,0.0688059727452474
DES_ETA,2,10.1021/acs.jced.9b00254,1,1,0,0.0122478448998113,0.033289066706498
DES_ETA,2,10.1021/acs.jced.9b00255,1,1,0,0.0860796332880902,0.0711992299514676
DES_ETA,2,10.1021/acs.jced.9b00256,1,1,0,0.0282350565368052,0.0477881183140933
DES_ETA,2,10.1021/acs.jced.9b00257,1,1,0,0.0974454185571851,0.0735824182929487
DES_ETA,2,10.1021/acs.jced.9b00258,1,1,0,0.083747652178445,0.0697007866352403
DES_ETA,2,10.1021/acs.jced.9b00259,1,1,0,0.1531643332345083,0.1297213877997418
DES_ETA,2,10.1021/acs.jced.9b00260,1,1,0,0.1918883611343107,0.1935803702587597
DES_ETA,2,10.1021/acs.jpcb.0c03876,3,0,3,,
DES_ETA,2,10.1021/acssuschemeng.0c04215,7,7,0,0.5127586304913243,0.5585416236437207
DES_ETA,2,10.1021/acssuschemeng.1c01674,35,35,0,0.5247572513823382,0.4694022531661394
DES_ETA,2,10.1021/acssuschemeng.5b00532,104,104,0,0.4294924141633275,0.3992990994979918
DES_ETA,2,10.1021/acssuschemeng.5b00619,15,15,0,0.4333512747983388,0.6432488654014801
DES_ETA,2,10.1021/acssuschemeng.7b04235,39,1,38,0.1264682398545378,0.1500583007284825
DES_ETA,2,10.1021/acssuschemeng.8b01203,187,21,166,0.1068810016139006,0.1343920034141909
DES_ETA,2,10.1021/acssuschemeng.8b02042,17,17,0,0.7870737563653234,0.7664954664171497
DES_ETA,2,10.1021/acssuschemeng.8b03520,17,11,6,0.2763997131528832,0.2734655806120258
DES_ETA,2,10.1021/acssuschemeng.8b04843,14,14,0,0.1729572132004807,0.1560617305657304
DES_ETA,2,10.1021/acssuschemeng.8b05072,26,26,0,0.2995858247867708,0.4102165518660134
DES_ETA,2,10.1021/acssuschemeng.8b05548,2,2,0,0.0473638408858492,0.1151172255084985
DES_ETA,2,10.1021/acssuschemeng.9b02845,24,24,0,0.281288773062597,0.2099469522590787
DES_ETA,2,10.1021/acssuschemeng.9b03245,21,21,0,0.5089876572745379,0.4464229801037914
DES_ETA,2,10.1021/je100104v,32,32,0,0.4158798637001251,0.4183135965538758
DES_ETA,2,10.1021/je300997v,35,33,2,0.0725712128909403,0.081290836745557
DES_ETA,2,10.1021/je5001796,72,62,10,1.020820578617605,1.210352140854485
DES_ETA,2,10.1021/sc500439w,62,62,0,0.268597042484491,0.2301083978697981
DES_ETA,2,10.1039/c1ra00630d,18,16,2,0.3979271534484089,0.4016486729072062
DES_ETA,2,10.1039/c2ra22990k,8,6,2,0.4326391684654155,0.4540591871311022
DES_ETA,2,10.1039/c6cc06105b,21,10,11,0.0940768373682889,0.065063418533909
DES_ETA,2,10.1039/c6nj03140d,315,306,9,0.5050789707386174,0.474447149257967
DES_ETA,2,10.1039/d0cp01431a,27,0,27,,
DES_ETA,2,10.1039/d0gc00793e,3,1,2,0.1505059626874072,0.3424715466861896
DES_ETA,2,10.1080/01496395.2016.1247864,4,0,4,,
DES_ETA,2,10.13140/rg.2.2.13424.10245,5,0,5,,
DES_ETA,2,10.3390/molecules26144208,286,286,0,0.1799469857098395,0.1801318866786223
DES_ETA,2,http://pubs.acs.org/journal/acscii,1461,1193,268,0.3683515940337629,0.4015174440025211
DES_ETA,3,10.1002/apj.1873,272,263,9,0.3282311896093944,0.3792109310501551
DES_ETA,3,10.1002/ceat.201600475,11,11,0,0.2847739294445907,0.2860393461629121
DES_ETA,3,10.1002/chem.200400127,4,4,0,0.5749025156543146,0.6118127756710218
DES_ETA,3,10.1002/cphc.200500489,6,6,0,0.6409402744028212,0.5376647513413926
DES_ETA,3,10.1002/slct.201701223,16,15,1,0.6804633147958029,0.6884930704189706
DES_ETA,3,10.1007/978-3-030-25135-2_4,3,2,1,1.5912392356004483,1.0773774214397909
DES_ETA,3,10.1016/j.arabjc.2021.103512,45,40,5,0.3711023967751073,0.3102913839455574
DES_ETA,3,10.1016/j.arabjc.2022.104469,11,0,11,,
DES_ETA,3,10.1016/j.cclet.2013.09.004,13,11,2,0.6593966388619549,0.7097059856750287
DES_ETA,3,10.1016/j.cej.2018.10.077,15,14,1,0.2288107303912814,0.3254244147066084
DES_ETA,3,10.1016/j.cej.2020.125173,4,0,4,,
DES_ETA,3,10.1016/j.cep.2015.04.001,14,13,1,0.8138739311651298,0.7463507200104432
DES_ETA,3,10.1016/j.chroma.2018.07.070,12,0,12,,
DES_ETA,3,10.1016/j.cjche.2020.07.004,19,0,19,,
DES_ETA,3,10.1016/j.crgsc.2022.100285,7,0,7,,
DES_ETA,3,10.1016/j.fluid.2014.01.028,117,71,46,0.5355496124367817,0.5234399148019104
DES_ETA,3,10.1016/j.fluid.2019.01.025,28,27,1,0.6989542670951381,0.958541690880354
DES_ETA,3,10.1016/j.fluid.2021.113290,90,90,0,0.4091963525509785,0.5848791592708803
DES_ETA,3,10.1016/j.foodchem.2018.09.048,6,0,6,,
DES_ETA,3,10.1016/j.foodchem.2019.125752,8,0,8,,
DES_ETA,3,10.1016/j.foodchem.2021.131930,63,63,0,0.1796411049124156,0.1812938306893192
DES_ETA,3,10.1016/j.foodchem.2022.133379,4,0,4,,
DES_ETA,3,10.1016/j.ijggc.2016.02.006,7,7,0,0.2845821921858816,0.2267974441201329
DES_ETA,3,10.1016/j.jclepro.2022.133589,1,1,0,0.140785275730316,0.153595158070916
DES_ETA,3,10.1016/j.jcou.2022.102217,112,13,99,0.9206809222958632,0.9483861423296184
DES_ETA,3,10.1016/j.jct.2013.05.041,20,20,0,0.146169757028454,0.0605991758557652
DES_ETA,3,10.1016/j.jct.2018.12.017,43,43,0,0.5663805170612273,0.4811271969214343
DES_ETA,3,10.1016/j.jct.2019.105883,15,15,0,0.1839441589660435,0.1485702871976403
DES_ETA,3,10.1016/j.jct.2021.106713,66,66,0,0.5134362368602056,0.5376004302686275
DES_ETA,3,10.1016/j.jct.2022.106999,30,30,0,0.2860577105025756,0.3465417453458821
DES_ETA,3,10.1016/j.jhazmat.2021.127972,25,0,25,,
DES_ETA,3,10.1016/j.jhazmat.2022.129835,3,3,0,0.4213380760097311,0.4586455165975646
DES_ETA,3,10.1016/j.jiec.2022.04.015,35,33,2,0.533467451769996,0.5231878852825861
DES_ETA,3,10.1016/j.jmgm.2022.108319,25,25,0,0.562005334522961,0.6756464868958973
DES_ETA,3,10.1016/j.jobe.2021.103056,8,0,8,,
DES_ETA,3,10.1016/j.jpha.2021.03.002,16,0,16,,
DES_ETA,3,10.1016/j.jtice.2015.12.020,48,48,0,0.3925215288774429,0.3299613619690728
DES_ETA,3,10.1016/j.molliq.2012.11.025,4,4,0,0.5584321517819832,0.5556611733317138
DES_ETA,3,10.1016/j.molliq.2016.02.062,48,48,0,0.4813144600023068,0.4550897988650406
DES_ETA,3,10.1016/j.molliq.2016.07.039,35,33,2,0.3401147479785559,0.311390869792821
DES_ETA,3,10.1016/j.molliq.2016.10.115,90,90,0,0.4421810175045026,0.4413982885738243
DES_ETA,3,10.1016/j.molliq.2017.05.084,57,57,0,0.4210886950834617,0.3414530315174609
DES_ETA,3,10.1016/j.molliq.2017.06.024,130,129,1,0.1323660597200848,0.1516837822525051
DES_ETA,3,10.1016/j.molliq.2017.09.091,118,118,0,0.796272963974148,1.1507792320269494
DES_ETA,3,10.1016/j.molliq.2020.113761,18,18,0,0.5640546870698602,0.4870916253646674
DES_ETA,3,10.1016/j.molliq.2021.118393,38,38,0,0.4713312204171285,0.4548254763470218
DES_ETA,3,10.1016/j.molliq.2022.119392,9,0,9,,
DES_ETA,3,10.1016/j.molliq.2022.119396,90,90,0,0.4011902114402707,0.5569822797027044
DES_ETA,3,10.1016/j.molliq.2022.119560,27,27,0,0.3794211796244654,0.3613560319078532
DES_ETA,3,10.1016/j.molliq.2022.120000,14,8,6,0.5867050000861532,0.5434136643009342
DES_ETA,3,10.1016/j.molliq.2022.120056,9,9,0,0.2935017907040383,0.2394963680537828
DES_ETA,3,10.1016/j.molliq.2022.120420,337,337,0,0.169136247154876,0.183350206092029
DES_ETA,3,10.1016/j.molliq.2022.120521,3,3,0,1.07502837327702,1.0067547119682614
DES_ETA,3,10.1016/j.molliq.2022.120660,15,0,15,,
DES_ETA,3,10.1016/j.molliq.2023.121216,30,30,0,0.152691434627477,0.1753285078437357
DES_ETA,3,10.1016/j.molliq.2023.121258,78,78,0,0.2261310412635687,0.2504106491540281
DES_ETA,3,10.1016/j.seppur.2019.115703,43,43,0,0.0526159133789632,0.2446728108197417
DES_ETA,3,10.1016/j.seppur.2020.116692,22,0,22,,
DES_ETA,3,10.1016/j.seppur.2020.117211,3,0,3,,
DES_ETA,3,10.1016/j.seppur.2023.123281,15,15,0,0.3628061666902391,0.3728360690225733
DES_ETA,3,10.1016/j.talanta.2022.124243,10,0,10,,
DES_ETA,3,10.1016/j.tca.2012.04.030,24,24,0,0.4180398329456122,0.4225381066205181
DES_ETA,3,10.1021/acs.iecr.7b02478,28,17,11,0.6207972321686166,0.6243366791856481
DES_ETA,3,10.1021/acs.jced.0c00386,40,40,0,0.1344827368293285,0.0905635944461749
DES_ETA,3,10.1021/acs.jced.0c00579,1,0,1,,
DES_ETA,3,10.1021/acs.jced.0c00715,153,152,1,0.0732250783566982,0.0759741270019667
DES_ETA,3,10.1021/acs.jced.6b00486,23,21,2,0.8255816741865041,0.754499872836103
DES_ETA,3,10.1021/acs.jced.6b00563,11,11,0,0.2563813712934275,0.3792178682093318
DES_ETA,3,10.1021/acs.jced.6b00680,65,65,0,0.4398285059408024,0.4863589069304336
DES_ETA,3,10.1021/acs.jced.7b00184,14,14,0,0.1363311065404236,0.1745087495412419
DES_ETA,3,10.1021/acs.jced.7b01037,90,59,31,0.734352955386449,0.659068272317515
DES_ETA,3,10.1021/acs.jced.9b00246,1,1,0,0.1291940615210809,0.0807326024435943
DES_ETA,3,10.1021/acs.jced.9b00247,1,1,0,0.0257963353321273,0.0129691334592074
DES_ETA,3,10.1021/acs.jced.9b00248,1,1,0,0.0524072704786451,0.0149696928245781
DES_ETA,3,10.1021/acs.jced.9b00249,1,1,0,0.0362300974017089,0.0002176228452985
DES_ETA,3,10.1021/acs.jced.9b00250,1,1,0,0.09590372867402,0.092553161814612
DES_ETA,3,10.1021/acs.jced.9b00251,1,1,0,0.3629245180611558,0.3247341232708012
DES_ETA,3,10.1021/acs.jced.9b00252,1,1,0,0.1913265930282166,0.1996889928447804
DES_ETA,3,10.1021/acs.jced.9b00253,1,1,0,0.0434036091337113,0.0663675171664981
DES_ETA,3,10.1021/acs.jced.9b00254,1,1,0,0.0099001058685328,0.005579095326031
DES_ETA,3,10.1021/acs.jced.9b00255,1,1,0,0.1035304860622268,0.0866652449881089
DES_ETA,3,10.1021/acs.jced.9b00256,1,1,0,0.0461212669845181,0.0084625524419714
DES_ETA,3,10.1021/acs.jced.9b00257,1,1,0,0.1251823812367145,0.0812354233225234
DES_ETA,3,10.1021/acs.jced.9b00258,1,1,0,0.1340018623020595,0.1446032297140937
DES_ETA,3,10.1021/acs.jced.9b00259,1,1,0,0.1390866248540905,0.142579927105908
DES_ETA,3,10.1021/acs.jced.9b00260,1,1,0,0.2077161514105827,0.1923731251716613
DES_ETA,3,10.1021/acs.jpcb.0c03876,3,0,3,,
DES_ETA,3,10.1021/acssuschemeng.0c04215,7,7,0,0.5272238026801377,0.5777293014791113
DES_ETA,3,10.1021/acssuschemeng.1c01674,35,35,0,0.5626192801853777,0.5190091962672378
DES_ETA,3,10.1021/acssuschemeng.5b00532,104,104,0,0.4204651942551112,0.3861727065959978
DES_ETA,3,10.1021/acssuschemeng.5b00619,15,15,0,0.4424500202711658,0.6531879932969948
DES_ETA,3,10.1021/acssuschemeng.7b04235,39,1,38,0.1314785917387726,0.136333465319654
DES_ETA,3,10.1021/acssuschemeng.8b01203,187,21,166,0.1270620310577646,0.1535181070455726
DES_ETA,3,10.1021/acssuschemeng.8b02042,17,17,0,0.5967670052445474,0.5995186307921071
DES_ETA,3,10.1021/acssuschemeng.8b03520,17,11,6,0.2556216807557243,0.2351845908578173
DES_ETA,3,10.1021/acssuschemeng.8b04843,14,14,0,0.2216840897219016,0.2145743662753002
DES_ETA,3,10.1021/acssuschemeng.8b05072,26,26,0,0.2892262460939258,0.3859203693149352
DES_ETA,3,10.1021/acssuschemeng.8b05548,2,2,0,0.0340386340923431,0.1571896000914467
DES_ETA,3,10.1021/acssuschemeng.9b02845,24,24,0,0.2368879363296217,0.1282709332331968
DES_ETA,3,10.1021/acssuschemeng.9b03245,21,21,0,0.4931601113407338,0.4520164093042608
DES_ETA,3,10.1021/je100104v,32,32,0,0.403637172810787,0.4185566385699912
DES_ETA,3,10.1021/je300997v,35,33,2,0.0794202124969321,0.0697396374985927
DES_ETA,3,10.1021/je5001796,72,62,10,0.7348488194147186,0.8135949462753966
DES_ETA,3,10.1021/sc500439w,62,62,0,0.2747606529776756,0.2406350159455133
DES_ETA,3,10.1039/c1ra00630d,18,16,2,0.3857960151107576,0.4093927326747456
DES_ETA,3,10.1039/c2ra22990k,8,6,2,0.4820236045613101,0.5113545137521254
DES_ETA,3,10.1039/c6cc06105b,21,10,11,0.09679285133533,0.0910534506409192
DES_ETA,3,10.1039/c6nj03140d,315,306,9,0.5103387447885904,0.4821489257972986
DES_ETA,3,10.1039/d0cp01431a,27,0,27,,
DES_ETA,3,10.1039/d0gc00793e,3,1,2,0.2212650356838161,0.3537293333816407
DES_ETA,3,10.1080/01496395.2016.1247864,4,0,4,,
DES_ETA,3,10.13140/rg.2.2.13424.10245,5,0,5,,
DES_ETA,3,10.3390/molecules26144208,286,286,0,0.1766855494216091,0.1855791859861961
DES_ETA,3,http://pubs.acs.org/journal/acscii,1461,1193,268,0.3813472871714461,0.4101132422947462
DES_ETA,4,10.1002/apj.1873,272,263,9,0.3275293260757983,0.3815233635793025
DES_ETA,4,10.1002/ceat.201600475,11,11,0,0.2144088229900987,0.2630215917869827
DES_ETA,4,10.1002/chem.200400127,4,4,0,0.6076893857002323,0.631811540846129
DES_ETA,4,10.1002/cphc.200500489,6,6,0,0.6465515112324288,0.5195756707871718
DES_ETA,4,10.1002/slct.201701223,16,15,1,0.689849473968465,0.6845393831214692
DES_ETA,4,10.1007/978-3-030-25135-2_4,3,2,1,1.352673096063512,1.1401899466868042
DES_ETA,4,10.1016/j.arabjc.2021.103512,45,40,5,0.3122541069510153,0.3179437171754554
DES_ETA,4,10.1016/j.arabjc.2022.104469,11,0,11,,
DES_ETA,4,10.1016/j.cclet.2013.09.004,13,11,2,0.6661765939089122,0.6492662040097839
DES_ETA,4,10.1016/j.cej.2018.10.077,15,14,1,0.1889848591810994,0.3067518606511198
DES_ETA,4,10.1016/j.cej.2020.125173,4,0,4,,
DES_ETA,4,10.1016/j.cep.2015.04.001,14,13,1,0.8379801208573913,0.7659589883529712
DES_ETA,4,10.1016/j.chroma.2018.07.070,12,0,12,,
DES_ETA,4,10.1016/j.cjche.2020.07.004,19,0,19,,
DES_ETA,4,10.1016/j.crgsc.2022.100285,7,0,7,,
DES_ETA,4,10.1016/j.fluid.2014.01.028,117,71,46,0.6600257160683233,0.6699422403049959
DES_ETA,4,10.1016/j.fluid.2019.01.025,28,27,1,0.7250187109491288,0.9263342733118812
DES_ETA,4,10.1016/j.fluid.2021.113290,90,90,0,0.3909018425954567,0.588171972545734
DES_ETA,4,10.1016/j.foodchem.2018.09.048,6,0,6,,
DES_ETA,4,10.1016/j.foodchem.2019.125752,8,0,8,,
DES_ETA,4,10.1016/j.foodchem.2021.131930,63,63,0,0.1839548317636147,0.1765179685258669
DES_ETA,4,10.1016/j.foodchem.2022.133379,4,0,4,,
DES_ETA,4,10.1016/j.ijggc.2016.02.006,7,7,0,0.3172306097090396,0.2471537562561663
DES_ETA,4,10.1016/j.jclepro.2022.133589,1,1,0,0.126533709462822,0.1348114371122317
DES_ETA,4,10.1016/j.jcou.2022.102217,112,13,99,0.8954186330768269,0.903251654981895
DES_ETA,4,10.1016/j.jct.2013.05.041,20,20,0,0.1845962894174805,0.0649564570482938
DES_ETA,4,10.1016/j.jct.2018.12.017,43,43,0,0.5192364626446924,0.4694143813632573
DES_ETA,4,10.1016/j.jct.2019.105883,15,15,0,0.1913201005056445,0.1671567438045146
DES_ETA,4,10.1016/j.jct.2021.106713,66,66,0,0.5164936752657333,0.5273355379134461
DES_ETA,4,10.1016/j.jct.2022.106999,30,30,0,0.2861769562989578,0.3418103009395498
DES_ETA,4,10.1016/j.jhazmat.2021.127972,25,0,25,,
DES_ETA,4,10.1016/j.jhazmat.2022.129835,3,3,0,0.3350500790502161,0.308740452208799
DES_ETA,4,10.1016/j.jiec.2022.04.015,35,33,2,0.5981787891725824,0.6468931979696485
DES_ETA,4,10.1016/j.jmgm.2022.108319,25,25,0,0.5792198088099778,0.6498527420615502
DES_ETA,4,10.1016/j.jobe.2021.103056,8,0,8,,
DES_ETA,4,10.1016/j.jpha.2021.03.002,16,0,16,,
DES_ETA,4,10.1016/j.jtice.2015.12.020,48,48,0,0.3646888267458181,0.3279688962134863
DES_ETA,4,10.1016/j.molliq.2012.11.025,4,4,0,0.6086847270293068,0.6040381870558784
DES_ETA,4,10.1016/j.molliq.2016.02.062,48,48,0,0.4987437607974165,0.4908639309724875
DES_ETA,4,10.1016/j.molliq.2016.07.039,35,33,2,0.3473576655148233,0.2991652225117834
DES_ETA,4,10.1016/j.molliq.2016.10.115,90,90,0,0.4180664554994982,0.4148774260497339
DES_ETA,4,10.1016/j.molliq.2017.05.084,57,57,0,0.3594405053804765,0.3310321026992884
DES_ETA,4,10.1016/j.molliq.2017.06.024,130,129,1,0.1561194906814707,0.1629935527395606
DES_ETA,4,10.1016/j.molliq.2017.09.091,118,118,0,0.8705070856669487,1.0675733587089904
DES_ETA,4,10.1016/j.molliq.2020.113761,18,18,0,0.544031656870488,0.4283947863561299
DES_ETA,4,10.1016/j.molliq.2021.118393,38,38,0,0.5017063864814776,0.4666451383455096
DES_ETA,4,10.1016/j.molliq.2022.119392,9,0,9,,
DES_ETA,4,10.1016/j.molliq.2022.119396,90,90,0,0.423612712700498,0.5113458200067666
DES_ETA,4,10.1016/j.molliq.2022.119560,27,27,0,0.4101682351900519,0.3185187261124674
DES_ETA,4,10.1016/j.molliq.2022.120000,14,8,6,0.5570533563243013,0.3529646684632377
DES_ETA,4,10.1016/j.molliq.2022.120056,9,9,0,0.2916202269834113,0.2833278410386012
DES_ETA,4,10.1016/j.molliq.2022.120420,337,337,0,0.1671922229810174,0.1812529349711182
DES_ETA,4,10.1016/j.molliq.2022.120521,3,3,0,1.008054441565296,1.0312515946518976
DES_ETA,4,10.1016/j.molliq.2022.120660,15,0,15,,
DES_ETA,4,10.1016/j.molliq.2023.121216,30,30,0,0.1711738266139582,0.1634829838536754
DES_ETA,4,10.1016/j.molliq.2023.121258,78,78,0,0.2517832923086575,0.2638017574452513
DES_ETA,4,10.1016/j.seppur.2019.115703,43,43,0,0.0550329952281818,0.2259496024653553
DES_ETA,4,10.1016/j.seppur.2020.116692,22,0,22,,
DES_ETA,4,10.1016/j.seppur.2020.117211,3,0,3,,
DES_ETA,4,10.1016/j.seppur.2023.123281,15,15,0,0.440097164656411,0.4366282517222675
DES_ETA,4,10.1016/j.talanta.2022.124243,10,0,10,,
DES_ETA,4,10.1016/j.tca.2012.04.030,24,24,0,0.4183134357593481,0.4213435302272307
DES_ETA,4,10.1021/acs.iecr.7b02478,28,17,11,0.6265868373130503,0.6218714617742727
DES_ETA,4,10.1021/acs.jced.0c00386,40,40,0,0.1051276950807819,0.0966390328566408
DES_ETA,4,10.1021/acs.jced.0c00579,1,0,1,,
DES_ETA,4,10.1021/acs.jced.0c00715,153,152,1,0.0692818111186412,0.0695267828443689
DES_ETA,4,10.1021/acs.jced.6b00486,23,21,2,0.862091344605219,0.7464794411253195
DES_ETA,4,10.1021/acs.jced.6b00563,11,11,0,0.264516106199563,0.3670839529040586
DES_ETA,4,10.1021/acs.jced.6b00680,65,65,0,0.4366629720912963,0.4300600126491771
DES_ETA,4,10.1021/acs.jced.7b00184,14,14,0,0.1677633010784741,0.196398635764792
DES_ETA,4,10.1021/acs.jced.7b01037,90,59,31,0.7054548751027134,0.6462767776224148
DES_ETA,4,10.1021/acs.jced.9b00246,1,1,0,0.0895116318854263,0.0601734417376058
DES_ETA,4,10.1021/acs.jced.9b00247,1,1,0,0.0009544110123476,0.011179423692063
DES_ETA,4,10.1021/acs.jced.9b00248,1,1,0,0.0360568669637915,0.0030060106918077
DES_ETA,4,10.1021/acs.jced.9b00249,1,1,0,0.0261312864485945,0.0119910921570647
DES_ETA,4,10.1021/acs.jced.9b00250,1,1,0,0.0298695520399321,0.055604555611574
DES_ETA,4,10.1021/acs.jced.9b00251,1,1,0,0.3933108181383558,0.3378170671075176
DES_ETA,4,10.1021/acs.jced.9b00252,1,1,0,0.2127175788649777,0.217755760178107
DES_ETA,4,10.1021/acs.jced.9b00253,1,1,0,0.0704892572577771,0.0845525759575658
DES_ETA,4,10.1021/acs.jced.9b00254,1,1,0,0.0101392770868993,0.0095937649933945
DES_ETA,4,10.1021/acs.jced.9b00255,1,1,0,0.0800946340396193,0.0847974153075636
DES_ETA,4,10.1021/acs.jced.9b00256,1,1,0,0.0566402677694959,0.0395195888689148
DES_ETA,4,10.1021/acs.jced.9b00257,1,1,0,0.0939007562307052,0.0769320221583871
DES_ETA,4,10.1021/acs.jced.9b00258,1,1,0,0.0733349105931358,0.0902235841310983
DES_ETA,4,10.1021/acs.jced.9b00259,1,1,0,0.168578446220095,0.1638256463940806
DES_ETA,4,10.1021/acs.jced.9b00260,1,1,0,0.1843520705271533,0.194923125472012
DES_ETA,4,10.1021/acs.jpcb.0c03876,3,0,3,,
DES_ETA,4,10.1021/acssuschemeng.0c04215,7,7,0,0.4905134984693204,0.5379739209608707
DES_ETA,4,10.1021/acssuschemeng.1c01674,35,35,0,0.5314659746967971,0.5137954677281985
DES_ETA,4,10.1021/acssuschemeng.5b00532,104,104,0,0.4591748983214543,0.3926237165106526
DES_ETA,4,10.1021/acssuschemeng.5b00619,15,15,0,0.4475135112440589,0.6640908843921782
DES_ETA,4,10.1021/acssuschemeng.7b04235,39,1,38,0.1429941945822742,0.1515255822301523
DES_ETA,4,10.1021/acssuschemeng.8b01203,187,21,166,0.1144302139366144,0.1470493045738181
DES_ETA,4,10.1021/acssuschemeng.8b02042,17,17,0,0.6065377563671294,0.5870676260294498
DES_ETA,4,10.1021/acssuschemeng.8b03520,17,11,6,0.2626264278366634,0.2198294527746611
DES_ETA,4,10.1021/acssuschemeng.8b04843,14,14,0,0.1681268109122469,0.1499735254830283
DES_ETA,4,10.1021/acssuschemeng.8b05072,26,26,0,0.2854310672408419,0.3970102177484966
DES_ETA,4,10.1021/acssuschemeng.8b05548,2,2,0,0.0458829685646532,0.09893157725005
DES_ETA,4,10.1021/acssuschemeng.9b02845,24,24,0,0.2751312559438709,0.1089043173598827
DES_ETA,4,10.1021/acssuschemeng.9b03245,21,21,0,0.4724360924068166,0.4344023919103909
DES_ETA,4,10.1021/je100104v,32,32,0,0.4105004102495309,0.4189007351886085
DES_ETA,4,10.1021/je300997v,35,33,2,0.0512379892710289,0.0543279324091337
DES_ETA,4,10.1021/je5001796,72,62,10,1.1418908898240423,1.2507935081163328
DES_ETA,4,10.1021/sc500439w,62,62,0,0.248004376814051,0.2365504351782028
DES_ETA,4,10.1039/c1ra00630d,18,16,2,0.445065189166152,0.4304204447216196
DES_ETA,4,10.1039/c2ra22990k,8,6,2,0.427742292272966,0.4814863524647498
DES_ETA,4,10.1039/c6cc06105b,21,10,11,0.0963202353386002,0.0797770054382479
DES_ETA,4,10.1039/c6nj03140d,315,306,9,0.5036710239630673,0.4815169497425755
DES_ETA,4,10.1039/d0cp01431a,27,0,27,,
DES_ETA,4,10.1039/d0gc00793e,3,1,2,0.256240535428113,0.3649634776055026
DES_ETA,4,10.1080/01496395.2016.1247864,4,0,4,,
DES_ETA,4,10.13140/rg.2.2.13424.10245,5,0,5,,
DES_ETA,4,10.3390/molecules26144208,286,286,0,0.1855616264866837,0.1736269298309565
DES_ETA,4,http://pubs.acs.org/journal/acscii,1461,1193,268,0.3783107645332921,0.4135072329699257
DES_MP,0,10.1002/9783527818488,5,5,0,62.71101261884338,63.465059530935065
DES_MP,0,10.1002/adfm.202011102,8,8,0,78.1456865225856,72.87552727705916
DES_MP,0,10.1002/aic.17408,80,79,1,56.09443357395996,56.147316494775644
DES_MP,0,10.1002/aic.17409,1,1,0,2.0062767985104983,0.1965542596837508
DES_MP,0,10.1002/aic.17410,1,1,0,1.361545886888905,0.4273763417568261
DES_MP,0,10.1002/aic.17411,1,1,0,0.4882598578944908,0.5428102739917335
DES_MP,0,10.1002/aic.17412,1,1,0,4.634043054022243,3.9821162928600975
DES_MP,0,10.1002/aic.17413,1,1,0,9.144781688074715,10.044427614478138
DES_MP,0,10.1002/aic.17414,1,1,0,15.612796105587677,18.97105424426826
DES_MP,0,10.1002/aic.17415,1,1,0,2.309619647280101,2.3736352943974453
DES_MP,0,10.1002/aic.17416,1,1,0,3.03788352136462,2.915200767917554
DES_MP,0,10.1002/aic.17417,1,1,0,4.442923966430328,4.98672624398796
DES_MP,0,10.1002/aic.17418,1,1,0,6.632320270146636,6.698385184604888
DES_MP,0,10.1002/aic.17419,1,1,0,2.397502815981511,2.958101819902595
DES_MP,0,10.1002/aic.17420,1,1,0,0.146563826275667,0.1825185630351029
DES_MP,0,10.1002/aic.17421,1,1,0,1.1894942417847003,0.8307809466741105
DES_MP,0,10.1002/anie.202110520,17,17,0,25.62476766122371,27.524993382199817
DES_MP,0,10.1002/apj.1873,16,16,0,37.09070810241397,35.02423956221048
DES_MP,0,10.1002/apj.1995,9,9,0,11.601143434363909,7.564750410724669
DES_MP,0,10.1002/chem.200601738,6,6,0,28.243839067456324,26.952108355078423
DES_MP,0,10.1002/cphc.200500489,36,36,0,18.217433722184904,19.81269058570949
DES_MP,0,10.1002/cssc.202001331,206,160,46,63.51982261872787,61.46486321900928
DES_MP,0,10.1002/jps.2600600908,5,5,0,78.95163138884905,81.32274427324316
DES_MP,0,10.1002/open.202100137,1,1,0,57.28799958184391,55.89928030747052
DES_MP,0,10.1007/s10973-012-2831-3,32,32,0,26.788014289988283,24.071935991803397
DES_MP,0,10.1016/j.cattod.2021.05.018,8,2,6,100.97617226696607,105.05389260876092
DES_MP,0,10.1016/j.cej.2018.10.077,8,8,0,59.46654260768619,59.60465884662698
DES_MP,0,10.1016/j.cej.2020.125173,3,3,0,57.77701814006427,59.99065869757497
DES_MP,0,10.1016/j.cej.2023.141335,1,1,0,13.908626991709752,14.68671810430277
DES_MP,0,10.1016/j.chemphyslip.2009.05.004,87,87,0,3.590826298376214,3.4317732043262303
DES_MP,0,10.1016/j.chroma.2017.09.044,2,2,0,4.071460251470853,3.6943960911494855
DES_MP,0,10.1016/j.chroma.2018.07.070,3,0,3,,
DES_MP,0,10.1016/j.cplett.2015.06.017,1,0,1,,
DES_MP,0,10.1016/j.fluid.2013.06.050,3,3,0,25.14888691711841,28.9127376468769
DES_MP,0,10.1016/j.fluid.2017.03.008,7,7,0,9.928885691763,11.83621445768582
DES_MP,0,10.1016/j.fluid.2017.03.011,12,12,0,70.7283135658879,62.99759977396825
DES_MP,0,10.1016/j.fluid.2017.03.015,18,16,2,48.12930213822903,41.88705754380008
DES_MP,0,10.1016/j.fluid.2017.04.007,388,366,22,26.122585428452755,26.579653244009958
DES_MP,0,10.1016/j.fluid.2017.05.009,35,33,2,53.7948022883748,45.35399214226908
DES_MP,0,10.1016/j.fluid.2019.04.019,9,0,9,,
DES_MP,0,10.1016/j.fluid.2019.06.005,87,75,12,50.454261630879294,49.20957725450229
DES_MP,0,10.1016/j.fluid.2020.112752,4,4,0,56.10733221115526,58.70140785350839
DES_MP,0,10.1016/j.foodcont.2023.109625,5,5,0,25.330052780185607,27.14272508142108
DES_MP,0,10.1016/j.gee.2019.03.002,45,45,0,20.990557319302777,19.561871938973127
DES_MP,0,10.1016/j.gee.2020.11.020,51,51,0,39.03593923722427,32.18764809864278
DES_MP,0,10.1016/j.hydromet.2022.105971,24,24,0,55.095537639471424,54.61164785054535
DES_MP,0,10.1016/j.ijggc.2016.02.006,8,8,0,79.88384094646104,77.80292939818486
DES_MP,0,10.1016/j.ijggc.2019.102839,18,18,0,36.970516354653775,38.48909703804251
DES_MP,0,10.1016/j.jct.2015.04.021,12,12,0,47.80642789722112,37.36860110206765
DES_MP,0,10.1016/j.jece.2020.104786,1,1,0,24.810855639731017,25.156785436508187
DES_MP,0,10.1016/j.jiec.2021.03.011,10,10,0,42.0468650270367,40.84356372659882
DES_MP,0,10.1016/j.jtice.2015.12.020,9,9,0,45.19802789271694,48.15727357548471
DES_MP,0,10.1016/j.microc.2019.104384,12,12,0,47.90197660413967,47.13056296466629
DES_MP,0,10.1016/j.molliq.2008.07.009,24,24,0,39.93237980599847,41.444770727668974
DES_MP,0,10.1016/j.molliq.2014.08.004,24,24,0,19.110130677531547,19.01902403183041
DES_MP,0,10.1016/j.molliq.2015.01.025,4,4,0,20.202874605562304,9.290332354405932
DES_MP,0,10.1016/j.molliq.2015.11.032,2,2,0,12.140123804776806,15.39549489189497
DES_MP,0,10.1016/j.molliq.2016.10.134,8,8,0,78.38880404170753,68.68727716786442
DES_MP,0,10.1016/j.molliq.2018.02.049,8,8,0,54.8698094927104,53.60170173451776
DES_MP,0,10.1016/j.molliq.2018.12.032,2,2,0,1.0865050856519645,2.264356428932359
DES_MP,0,10.1016/j.molliq.2019.112155,23,23,0,38.844559340815096,36.58318599691543
DES_MP,0,10.1016/j.molliq.2020.113667,38,38,0,14.163153529600256,14.138903830263446
DES_MP,0,10.1016/j.molliq.2020.113727,6,4,2,58.55318890504118,61.65560448634132
DES_MP,0,10.1016/j.molliq.2020.114495,3,3,0,37.99814604649479,36.01994355711856
DES_MP,0,10.1016/j.molliq.2020.114745,25,25,0,66.86719881200584,65.95867038074849
DES_MP,0,10.1016/j.molliq.2021.115838,8,5,3,13.391369285224169,14.795771268870372
DES_MP,0,10.1016/j.molliq.2021.117021,19,17,2,38.26539856541932,37.95729749467338
DES_MP,0,10.1016/j.molstruc.2017.11.064,17,17,0,75.87012653281288,72.74241477639012
DES_MP,0,10.1016/j.solmat.2016.06.004,5,5,0,63.13133337026812,40.10393910586867
DES_MP,0,10.1016/j.tca.2009.08.016,2,2,0,5.251235792230887,6.243906195210002
DES_MP,0,10.1016/j.tca.2011.10.010,12,12,0,45.16057711242497,39.80919137749305
DES_MP,0,10.1016/j.tca.2012.03.027,21,18,3,73.46764725759053,72.64020324792351
DES_MP,0,10.1016/j.trac.2021.116187,13,13,0,57.2961107050035,59.46535014198298
DES_MP,0,10.1016/s0168-3659(97)00153-3,12,12,0,20.597015494981434,20.719493207778743
DES_MP,0,10.1021/acs.energyfuels.6b00471,2,2,0,9.448070070072731,13.187242384078672
DES_MP,0,10.1021/acs.iecr.0c04551,1,1,0,4.6586014195848975,2.5929732096886937
DES_MP,0,10.1021/acs.iecr.7b02382,278,240,38,20.742674489629216,20.77778660114452
DES_MP,0,10.1021/acs.iecr.8b01249,202,170,32,37.6686465406324,43.53213037554145
DES_MP,0,10.1021/acs.jpcb.0c01680,22,22,0,46.44198674223642,34.76194442028682
DES_MP,0,10.1021/acs.jpcb.0c02386,262,256,6,24.101815442913388,18.02541771385064
DES_MP,0,10.1021/acssuschemeng.0c00559,78,75,3,35.97343544281224,33.668070152835966
DES_MP,0,10.1021/acssuschemeng.0c05518,39,34,5,66.35057646738807,74.84825882405504
DES_MP,0,10.1021/acssuschemeng.0c08288,24,23,1,26.49119762758144,25.263442961790997
DES_MP,0,10.1021/acssuschemeng.0c08289,1,1,0,44.0142086489999,42.96123174392892
DES_MP,0,10.1021/acssuschemeng.7b04235,18,18,0,9.275323739464133,8.213347334517787
DES_MP,0,10.1021/acssuschemeng.8b01203,137,137,0,13.28983542127568,13.119886050746643
DES_MP,0,10.1021/acssuschemeng.8b02042,101,93,8,54.660507207293975,60.03234426290325
DES_MP,0,10.1021/ef2004943,11,8,3,15.33046300393799,12.094364638376462
DES_MP,0,10.1021/ic049931s,22,22,0,53.04189810242608,46.76375175640334
DES_MP,0,10.1021/ie500466g,8,8,0,42.0537104370691,37.33273890321883
DES_MP,0,10.1021/ja048266j,36,36,0,32.857706369783145,35.04539602344119
DES_MP,0,10.1021/je060146z,130,130,0,10.34361935222658,6.408947835723432
DES_MP,0,10.1021/je100104v,50,50,0,66.55265585068126,73.79346371230831
DES_MP,0,10.1021/je300997v,42,42,0,34.00912602981025,37.45851298498164
DES_MP,0,10.1021/je5002126,16,16,0,19.90007788441004,23.54843267836149
DES_MP,0,10.1021/jp412552v,45,32,13,73.73516269700758,67.90822361169883
DES_MP,0,10.1021/js9701465,7,7,0,63.53422363473683,68.1288930828113
DES_MP,0,10.1038/s41598-019-51472-7,12,12,0,13.967163676505477,15.849590351528356
DES_MP,0,10.1039/b106357j,8,8,0,23.58711057567661,22.86292696351926
DES_MP,0,10.1039/b210714g,22,21,1,33.87518159569158,34.030261161679434
DES_MP,0,10.1039/c0ob01011a,13,13,0,27.43888738282299,24.739940895357584
DES_MP,0,10.1039/c1ra00630d,14,14,0,19.53006272751829,18.86147242772216
DES_MP,0,10.1039/c2ra22990k,3,3,0,28.33191856166428,18.96588650542761
DES_MP,0,10.1039/c3cp53406e,3,3,0,32.52813135138448,33.760893603048835
DES_MP,0,10.1039/c4cp00057a,8,8,0,11.482646594611996,10.37871708697061
DES_MP,0,10.1039/c4ra10628h,16,16,0,74.67789395078579,65.53977891209722
DES_MP,0,10.1039/c5gc01451d,7,6,1,15.530529476468802,14.594488717289138
DES_MP,0,10.1039/c9cc04846d,22,22,0,35.07209643613278,33.764764229373455
DES_MP,0,10.1080/10837450.2020.1735414,3,3,0,6.521390314929253,5.677934798550417
DES_MP,0,10.1149/1945-7111/ab68d3,5,5,0,45.90062349439902,44.00090875297105
DES_MP,0,10.3390/app11041601,5,5,0,37.8011510383231,43.03781096109094
DES_MP,0,10.3390/molecules25051077,99,98,1,10.68799443848388,9.155045952911468
DES_MP,0,10.3390/molecules26144208,8,7,1,10.74070461885205,10.961917303314458
DES_MP,0,10.3390/pr9050796,21,21,0,9.496438398387006,10.755149215287258
DES_MP,0,10.3923/jas.2010.3349.3354,8,8,0,39.42097487220405,41.31119728104544
DES_MP,1,10.1002/9783527818488,5,5,0,65.09122496106065,66.067963923859
DES_MP,1,10.1002/adfm.202011102,8,8,0,74.60628661376474,72.652085921644
DES_MP,1,10.1002/aic.17408,80,79,1,55.91593357555048,56.140531971654326
DES_MP,1,10.1002/aic.17409,1,1,0,2.0600294950798457,0.526045699577935
DES_MP,1,10.1002/aic.17410,1,1,0,1.077215715793841,0.1290748753184516
DES_MP,1,10.1002/aic.17411,1,1,0,1.9819711640212176,0.5382279567933779
DES_MP,1,10.1002/aic.17412,1,1,0,7.383947432956575,8.555190358936386
DES_MP,1,10.1002/aic.17413,1,1,0,8.767012199402927,8.777850193318216
DES_MP,1,10.1002/aic.17414,1,1,0,13.72387947402592,16.675990609205712
DES_MP,1,10.1002/aic.17415,1,1,0,3.154410878182489,1.5466332842964905
DES_MP,1,10.1002/aic.17416,1,1,0,3.1432526340839217,3.0115769052803216
DES_MP,1,10.1002/aic.17417,1,1,0,4.739297984339657,5.232933899944271
DES_MP,1,10.1002/aic.17418,1,1,0,6.13074727140463,6.352682442600781
DES_MP,1,10.1002/aic.17419,1,1,0,3.3209433087101843,2.636161616402376
DES_MP,1,10.1002/aic.17420,1,1,0,0.2687431666852831,0.2713109828040956
DES_MP,1,10.1002/aic.17421,1,1,0,0.7117834047872407,0.9137749093594608
DES_MP,1,10.1002/anie.202110520,17,17,0,25.95270161552192,26.150180707661885
DES_MP,1,10.1002/apj.1873,16,16,0,40.29769519832886,31.10039259354706
DES_MP,1,10.1002/apj.1995,9,9,0,13.728663419652818,5.293883275252603
DES_MP,1,10.1002/chem.200601738,6,6,0,38.37957048150196,39.5539057431008
DES_MP,1,10.1002/cphc.200500489,36,36,0,13.437888357787584,15.211105852237656
DES_MP,1,10.1002/cssc.202001331,206,160,46,65.21357618922433,60.68087237530845
DES_MP,1,10.1002/jps.2600600908,5,5,0,80.93064674564525,81.29993195729114
DES_MP,1,10.1002/open.202100137,1,1,0,51.24981681897577,48.473823719871575
DES_MP,1,10.1007/s10973-012-2831-3,32,32,0,26.84091373379232,22.576375605258352
DES_MP,1,10.1016/j.cattod.2021.05.018,8,2,6,131.6901713099722,118.2282050173532
DES_MP,1,10.1016/j.cej.2018.10.077,8,8,0,59.46481023247871,63.07556849561385
DES_MP,1,10.1016/j.cej.2020.125173,3,3,0,57.25093667966016,58.56555047387888
DES_MP,1,10.1016/j.cej.2023.141335,1,1,0,14.131864511020352,12.467314307420793
DES_MP,1,10.1016/j.chemphyslip.2009.05.004,87,87,0,3.7045687169273367,3.3706078040110308
DES_MP,1,10.1016/j.chroma.2017.09.044,2,2,0,0.232226213675176,0.1778534737484847
DES_MP,1,10.1016/j.chroma.2018.07.070,3,0,3,,
DES_MP,1,10.1016/j.cplett.2015.06.017,1,0,1,,
DES_MP,1,10.1016/j.fluid.2013.06.050,3,3,0,25.495382827663025,28.21098153112909
DES_MP,1,10.1016/j.fluid.2017.03.008,7,7,0,4.190827985721586,11.682913430952627
DES_MP,1,10.1016/j.fluid.2017.03.011,12,12,0,56.5389258761127,61.30765421888673
DES_MP,1,10.1016/j.fluid.2017.03.015,18,16,2,43.54691594747236,42.98650570556946
DES_MP,1,10.1016/j.fluid.2017.04.007,388,366,22,27.165959414756315,28.541403421460977
DES_MP,1,10.1016/j.fluid.2017.05.009,35,33,2,53.34611585020657,49.93536001994624
DES_MP,1,10.1016/j.fluid.2019.04.019,9,0,9,,
DES_MP,1,10.1016/j.fluid.2019.06.005,87,75,12,49.94183123234098,49.45831114421426
DES_MP,1,10.1016/j.fluid.2020.112752,4,4,0,61.13489533317789,63.533871538648526
DES_MP,1,10.1016/j.foodcont.2023.109625,5,5,0,32.918559383027024,38.439843883921576
DES_MP,1,10.1016/j.gee.2019.03.002,45,45,0,23.28032862500978,22.28081078269444
DES_MP,1,10.1016/j.gee.2020.11.020,51,51,0,38.33829970309536,30.33648338645103
DES_MP,1,10.1016/j.hydromet.2022.105971,24,24,0,47.436849864148144,44.49832178922242
DES_MP,1,10.1016/j.ijggc.2016.02.006,8,8,0,85.37895560377223,76.73414941127498
DES_MP,1,10.1016/j.ijggc.2019.102839,18,18,0,36.48365786181376,38.1691047085976
DES_MP,1,10.1016/j.jct.2015.04.021,12,12,0,45.46720749940204,42.22078169461013
DES_MP,1,10.1016/j.jece.2020.104786,1,1,0,25.378726908369742,25.31648278478059
DES_MP,1,10.1016/j.jiec.2021.03.011,10,10,0,41.24817165523798,43.35927193039808
DES_MP,1,10.1016/j.jtice.2015.12.020,9,9,0,48.13007233419802,44.41149890346375
DES_MP,1,10.1016/j.microc.2019.104384,12,12,0,52.84777684818391,51.30089794803368
DES_MP,1,10.1016/j.molliq.2008.07.009,24,24,0,31.3230210910438,37.4919042435053
DES_MP,1,10.1016/j.molliq.2014.08.004,24,24,0,20.962207293119683,10.811918295773811
DES_MP,1,10.1016/j.molliq.2015.01.025,4,4,0,28.20063562087003,9.889661543351757
DES_MP,1,10.1016/j.molliq.2015.11.032,2,2,0,15.149274905834858,16.42762774651254
DES_MP,1,10.1016/j.molliq.2016.10.134,8,8,0,66.11414231843511,57.686981444251096
DES_MP,1,10.1016/j.molliq.2018.02.049,8,8,0,49.47672482649167,55.724320541442346
DES_MP,1,10.1016/j.molliq.2018.12.032,2,2,0,0.6295694997499197,0.6469081471309721
DES_MP,1,10.1016/j.molliq.2019.112155,23,23,0,44.48850613380691,40.05983757019923
DES_MP,1,10.1016/j.molliq.2020.113667,38,38,0,14.652746562970515,14.825645890790351
DES_MP,1,10.1016/j.molliq.2020.113727,6,4,2,54.843048727153786,55.79898448732565
DES_MP,1,10.1016/j.molliq.2020.114495,3,3,0,19.323898287654824,18.821558662890336
DES_MP,1,10.1016/j.molliq.2020.114745,25,25,0,65.20096926910382,65.23853810326148
DES_MP,1,10.1016/j.molliq.2021.115838,8,5,3,24.685767761461825,20.068083522314566
DES_MP,1,10.1016/j.molliq.2021.117021,19,17,2,41.43711167647989,42.90079479686802
DES_MP,1,10.1016/j.molstruc.2017.11.064,17,17,0,80.94124611614761,86.5458069253112
DES_MP,1,10.1016/j.solmat.2016.06.004,5,5,0,70.34614193189063,39.79044074568003
DES_MP,1,10.1016/j.tca.2009.08.016,2,2,0,3.929856693698639,6.885969415621901
DES_MP,1,10.1016/j.tca.2011.10.010,12,12,0,46.47987744879767,41.9250884163629
DES_MP,1,10.1016/j.tca.2012.03.027,21,18,3,70.59075374851773,72.63228123388541
DES_MP,1,10.1016/j.trac.2021.116187,13,13,0,56.02919038674414,57.7354296303468
DES_MP,1,10.1016/s0168-3659(97)00153-3,12,12,0,19.93218902177383,20.382808754856853
DES_MP,1,10.1021/acs.energyfuels.6b00471,2,2,0,13.4899556657208,9.73811197937914
DES_MP,1,10.1021/acs.iecr.0c04551,1,1,0,6.002902924067882,4.148536707792118
DES_MP,1,10.1021/acs.iecr.7b02382,278,240,38,20.401970787852434,20.547002014659988
DES_MP,1,10.1021/acs.iecr.8b01249,202,170,32,36.77796174065757,44.63535048406899
DES_MP,1,10.1021/acs.jpcb.0c01680,22,22,0,40.87673596408215,28.80688451999088
DES_MP,1,10.1021/acs.jpcb.0c02386,262,256,6,23.03703939609674,19.544916952676523
DES_MP,1,10.1021/acssuschemeng.0c00559,78,75,3,34.92812382330665,32.912049238042094
DES_MP,1,10.1021/acssuschemeng.0c05518,39,34,5,74.38309683233817,87.89092694782406
DES_MP,1,10.1021/acssuschemeng.0c08288,24,23,1,24.84269317598608,27.17046863369768
DES_MP,1,10.1021/acssuschemeng.0c08289,1,1,0,43.60777183856851,43.57672802207924
DES_MP,1,10.1021/acssuschemeng.7b04235,18,18,0,2.1094554887008767,1.9116623907141392
DES_MP,1,10.1021/acssuschemeng.8b01203,137,137,0,12.478176148124277,12.39601028414004
DES_MP,1,10.1021/acssuschemeng.8b02042,101,93,8,56.34831992029518,63.938684881213774
DES_MP,1,10.1021/ef2004943,11,8,3,11.891094283462442,10.188995539686548
DES_MP,1,10.1021/ic049931s,22,22,0,48.42729734058856,47.87062159397608
DES_MP,1,10.1021/ie500466g,8,8,0,47.217657903663785,45.38036795541781
DES_MP,1,10.1021/ja048266j,36,36,0,33.590324092617315,33.28859702189123
DES_MP,1,10.1021/je060146z,130,130,0,8.812835715608436,5.704904682291065
DES_MP,1,10.1021/je100104v,50,50,0,63.32261442840094,72.12056151781752
DES_MP,1,10.1021/je300997v,42,42,0,35.739881379180545,37.452512719333605
DES_MP,1,10.1021/je5002126,16,16,0,23.071270069394338,24.11606314814649
DES_MP,1,10.1021/jp412552v,45,32,13,59.8395409214561,78.74717317867346
DES_MP,1,10.1021/js9701465,7,7,0,69.02785654751217,70.9625243339035
DES_MP,1,10.1038/s41598-019-51472-7,12,12,0,13.27665797443887,16.17413320100201
DES_MP,1,10.1039/b106357j,8,8,0,23.090207557142342,23.00616700961089
DES_MP,1,10.1039/b210714g,22,21,1,32.14209325862762,32.55575219635275
DES_MP,1,10.1039/c0ob01011a,13,13,0,29.87227434326938,30.012360590583956
DES_MP,1,10.1039/c1ra00630d,14,14,0,19.8502789137431,18.349908027413925
DES_MP,1,10.1039/c2ra22990k,3,3,0,40.77469090767519,26.771942314836437
DES_MP,1,10.1039/c3cp53406e,3,3,0,34.098980994170994,34.99365660501366
DES_MP,1,10.1039/c4cp00057a,8,8,0,10.70505114812402,8.997617653608081
DES_MP,1,10.1039/c4ra10628h,16,16,0,71.72481620565333,64.7086472194159
DES_MP,1,10.1039/c5gc01451d,7,6,1,15.29728430865202,14.307136703484684
DES_MP,1,10.1039/c9cc04846d,22,22,0,33.27238320233624,32.33776101330446
DES_MP,1,10.1080/10837450.2020.1735414,3,3,0,12.669034816224954,10.740760061175065
DES_MP,1,10.1149/1945-7111/ab68d3,5,5,0,44.40837833431591,44.36305545232784
DES_MP,1,10.3390/app11041601,5,5,0,43.8063227065534,43.67953422680692
DES_MP,1,10.3390/molecules25051077,99,98,1,10.735665622004388,9.395450351293192
DES_MP,1,10.3390/molecules26144208,8,7,1,11.68186605719377,11.685528452060485
DES_MP,1,10.3390/pr9050796,21,21,0,9.40224954003956,9.760048395220222
DES_MP,1,10.3923/jas.2010.3349.3354,8,8,0,39.80716121550065,28.981897998196917
DES_MP,2,10.1002/9783527818488,5,5,0,66.31935485530755,64.3634829980775
DES_MP,2,10.1002/adfm.202011102,8,8,0,90.6047781453634,83.85923818339788
DES_MP,2,10.1002/aic.17408,80,79,1,55.71271948911534,56.028548849083286
DES_MP,2,10.1002/aic.17409,1,1,0,3.0525720051325607,0.8281342555431479
DES_MP,2,10.1002/aic.17410,1,1,0,2.204886497870973,3.119735975260369
DES_MP,2,10.1002/aic.17411,1,1,0,2.7568748269842445,0.6837376809228886
DES_MP,2,10.1002/aic.17412,1,1,0,6.344815158236258,10.398755641894752
DES_MP,2,10.1002/aic.17413,1,1,0,8.43405294812004,8.546741941605035
DES_MP,2,10.1002/aic.17414,1,1,0,15.178289188805252,18.39819880044064
DES_MP,2,10.1002/aic.17415,1,1,0,1.607381660967178,2.1824862099567213
DES_MP,2,10.1002/aic.17416,1,1,0,3.3481409110928557,3.0387154123159235
DES_MP,2,10.1002/aic.17417,1,1,0,4.935844371693577,4.587459124339205
DES_MP,2,10.1002/aic.17418,1,1,0,5.413913481000463,6.368259633437049
DES_MP,2,10.1002/aic.17419,1,1,0,2.699454442761237,2.6689766293244475
DES_MP,2,10.1002/aic.17420,1,1,0,0.2999108690477214,0.2046672352091718
DES_MP,2,10.1002/aic.17421,1,1,0,0.8640897337667184,0.9011955572394186
DES_MP,2,10.1002/anie.202110520,17,17,0,25.561974037217595,27.857535972889583
DES_MP,2,10.1002/apj.1873,16,16,0,38.28229271659191,27.08116743431126
DES_MP,2,10.1002/apj.1995,9,9,0,14.92079925318249,6.952129067794124
DES_MP,2,10.1002/chem.200601738,6,6,0,36.98850203926487,35.43032874778948
DES_MP,2,10.1002/cphc.200500489,36,36,0,20.52119635071165,20.29010062252417
DES_MP,2,10.1002/cssc.202001331,206,160,46,63.30294524540498,62.33224535148776
DES_MP,2,10.1002/jps.2600600908,5,5,0,78.26690061544542,77.67783634604916
DES_MP,2,10.1002/open.202100137,1,1,0,54.37674552380952,54.474226121100855
DES_MP,2,10.1007/s10973-012-2831-3,32,32,0,26.82127935674612,22.752107652749466
DES_MP,2,10.1016/j.cattod.2021.05.018,8,2,6,122.4581143160358,110.92263559113908
DES_MP,2,10.1016/j.cej.2018.10.077,8,8,0,62.207977179669015,61.63548354615905
DES_MP,2,10.1016/j.cej.2020.125173,3,3,0,59.11247344984504,59.008731138375424
DES_MP,2,10.1016/j.cej.2023.141335,1,1,0,14.285356812483712,14.269049041189248
DES_MP,2,10.1016/j.chemphyslip.2009.05.004,87,87,0,3.958849761157186,4.312820545956495
DES_MP,2,10.1016/j.chroma.2017.09.044,2,2,0,2.3253101520145947,4.224925718355735
DES_MP,2,10.1016/j.chroma.2018.07.070,3,0,3,,
DES_MP,2,10.1016/j.cplett.2015.06.017,1,0,1,,
DES_MP,2,10.1016/j.fluid.2013.06.050,3,3,0,20.29288587069305,23.903200753142205
DES_MP,2,10.1016/j.fluid.2017.03.008,7,7,0,5.54837781763921,13.220000900142214
DES_MP,2,10.1016/j.fluid.2017.03.011,12,12,0,69.85795951059364,58.20188717851981
DES_MP,2,10.1016/j.fluid.2017.03.015,18,16,2,43.632444677607886,44.10968088908287
DES_MP,2,10.1016/j.fluid.2017.04.007,388,366,22,26.346110257657863,28.176689417599565
DES_MP,2,10.1016/j.fluid.2017.05.009,35,33,2,52.00191384222199,46.85537642194678
DES_MP,2,10.1016/j.fluid.2019.04.019,9,0,9,,
DES_MP,2,10.1016/j.fluid.2019.06.005,87,75,12,50.66529556987541,49.07928174522231
DES_MP,2,10.1016/j.fluid.2020.112752,4,4,0,62.12322276774265,62.72403305022719
DES_MP,2,10.1016/j.foodcont.2023.109625,5,5,0,31.921920871721973,36.07074175745205
DES_MP,2,10.1016/j.gee.2019.03.002,45,45,0,22.2593305364792,23.66754687396106
DES_MP,2,10.1016/j.gee.2020.11.020,51,51,0,28.14221856218946,26.3757693019151
DES_MP,2,10.1016/j.hydromet.2022.105971,24,24,0,56.10731007471382,52.22907701999343
DES_MP,2,10.1016/j.ijggc.2016.02.006,8,8,0,82.674737841647,72.60101142896792
DES_MP,2,10.1016/j.ijggc.2019.102839,18,18,0,40.90476282464383,43.04475205106433
DES_MP,2,10.1016/j.jct.2015.04.021,12,12,0,44.24102576374174,40.72411722655226
DES_MP,2,10.1016/j.jece.2020.104786,1,1,0,24.78480847815956,24.906960550658937
DES_MP,2,10.1016/j.jiec.2021.03.011,10,10,0,45.17326104867948,46.6842434489278
DES_MP,2,10.1016/j.jtice.2015.12.020,9,9,0,45.49532546514801,51.8884866139433
DES_MP,2,10.1016/j.microc.2019.104384,12,12,0,49.17267190589071,47.75609287340685
DES_MP,2,10.1016/j.molliq.2008.07.009,24,24,0,38.594392003967904,39.67592688521636
DES_MP,2,10.1016/j.molliq.2014.08.004,24,24,0,18.91824725134381,10.986864899400103
DES_MP,2,10.1016/j.molliq.2015.01.025,4,4,0,21.6466391954564,6.488036226290709
DES_MP,2,10.1016/j.molliq.2015.11.032,2,2,0,16.630923560975845,16.682799897975684
DES_MP,2,10.1016/j.molliq.2016.10.134,8,8,0,120.89714177516557,121.06266038736014
DES_MP,2,10.1016/j.molliq.2018.02.049,8,8,0,66.67318603831283,57.022805595208204
DES_MP,2,10.1016/j.molliq.2018.12.032,2,2,0,0.6081573650704115,0.1679733744823295
DES_MP,2,10.1016/j.molliq.2019.112155,23,23,0,43.88643377496884,35.17081171146977
DES_MP,2,10.1016/j.molliq.2020.113667,38,38,0,14.095363013134408,14.261305147914932
DES_MP,2,10.1016/j.molliq.2020.113727,6,4,2,56.649045007957135,59.32882723254068
DES_MP,2,10.1016/j.molliq.2020.114495,3,3,0,22.534750881247007,19.727451112062557
DES_MP,2,10.1016/j.molliq.2020.114745,25,25,0,67.1581430430874,67.9337809804536
DES_MP,2,10.1016/j.molliq.2021.115838,8,5,3,18.118493359584207,16.007801342926488
DES_MP,2,10.1016/j.molliq.2021.117021,19,17,2,40.25651133009541,38.62160869333131
DES_MP,2,10.1016/j.molstruc.2017.11.064,17,17,0,90.63880202706753,94.22910409396168
DES_MP,2,10.1016/j.solmat.2016.06.004,5,5,0,88.10077578646063,48.81131073679858
DES_MP,2,10.1016/j.tca.2009.08.016,2,2,0,6.722937517414778,18.482740005947903
DES_MP,2,10.1016/j.tca.2011.10.010,12,12,0,39.950785608938766,32.02666315582929
DES_MP,2,10.1016/j.tca.2012.03.027,21,18,3,68.51637023178718,74.36664812003723
DES_MP,2,10.1016/j.trac.2021.116187,13,13,0,56.73155938226877,59.25153639206643
DES_MP,2,10.1016/s0168-3659(97)00153-3,12,12,0,25.85490766164477,24.34169805146172
DES_MP,2,10.1021/acs.energyfuels.6b00471,2,2,0,10.288454609126576,11.20379866899708
DES_MP,2,10.1021/acs.iecr.0c04551,1,1,0,5.166869990025475,5.907409553974958
DES_MP,2,10.1021/acs.iecr.7b02382,278,240,38,20.579888574504945,20.632388826321986
DES_MP,2,10.1021/acs.iecr.8b01249,202,170,32,42.52469574795987,46.773580687543024
DES_MP,2,10.1021/acs.jpcb.0c01680,22,22,0,25.29205374602319,22.880558877521796
DES_MP,2,10.1021/acs.jpcb.0c02386,262,256,6,23.71913552531806,18.53396872540345
DES_MP,2,10.1021/acssuschemeng.0c00559,78,75,3,35.87039899982815,33.126829046282005
DES_MP,2,10.1021/acssuschemeng.0c05518,39,34,5,64.55815702958246,72.57095505934087
DES_MP,2,10.1021/acssuschemeng.0c08288,24,23,1,27.82621803088572,28.607570431732963
DES_MP,2,10.1021/acssuschemeng.0c08289,1,1,0,47.39784003683201,50.39605880829572
DES_MP,2,10.1021/acssuschemeng.7b04235,18,18,0,2.1661841203705987,2.31210708026936
DES_MP,2,10.1021/acssuschemeng.8b01203,137,137,0,12.675543270294453,13.188967001726631
DES_MP,2,10.1021/acssuschemeng.8b02042,101,93,8,56.05406515886099,60.77074507449176
DES_MP,2,10.1021/ef2004943,11,8,3,12.7882630823365,10.423367588390274
DES_MP,2,10.1021/ic049931s,22,22,0,53.316077600234976,48.006501135058926
DES_MP,2,10.1021/ie500466g,8,8,0,48.97794927554092,47.340058121188925
DES_MP,2,10.1021/ja048266j,36,36,0,33.912167135616954,33.523353525249355
DES_MP,2,10.1021/je060146z,130,130,0,8.195453424429548,6.07672290485221
DES_MP,2,10.1021/je100104v,50,50,0,65.1667460032799,74.53408435879368
DES_MP,2,10.1021/je300997v,42,42,0,35.848467971878534,36.67203256429417
DES_MP,2,10.1021/je5002126,16,16,0,21.98463577888563,19.90990933990352
DES_MP,2,10.1021/jp412552v,45,32,13,58.75876904988739,69.56348166557007
DES_MP,2,10.1021/js9701465,7,7,0,83.02637784528568,84.46939891783231
DES_MP,2,10.1038/s41598-019-51472-7,12,12,0,13.990582141515858,17.519871451382162
DES_MP,2,10.1039/b106357j,8,8,0,25.28585055491592,23.624083657958494
DES_MP,2,10.1039/b210714g,22,21,1,34.57373228108886,34.594843538618015
DES_MP,2,10.1039/c0ob01011a,13,13,0,23.6168285218247,26.29879688263705
DES_MP,2,10.1039/c1ra00630d,14,14,0,18.73425789416571,19.34428961727424
DES_MP,2,10.1039/c2ra22990k,3,3,0,45.00416930672085,29.35416962426905
DES_MP,2,10.1039/c3cp53406e,3,3,0,34.41804393730536,37.21965807301528
DES_MP,2,10.1039/c4cp00057a,8,8,0,10.94877703507144,11.059311942821498
DES_MP,2,10.1039/c4ra10628h,16,16,0,75.49856126487877,69.91043096906398
DES_MP,2,10.1039/c5gc01451d,7,6,1,14.520492337508577,14.003264348274474
DES_MP,2,10.1039/c9cc04846d,22,22,0,33.59444384411755,32.682677609527296
DES_MP,2,10.1080/10837450.2020.1735414,3,3,0,5.780318520344677,6.994402835354373
DES_MP,2,10.1149/1945-7111/ab68d3,5,5,0,40.889454672471466,41.44623919390771
DES_MP,2,10.3390/app11041601,5,5,0,37.23946736687213,42.58608893257507
DES_MP,2,10.3390/molecules25051077,99,98,1,10.49211318349629,9.495919031053369
DES_MP,2,10.3390/molecules26144208,8,7,1,10.843313727712884,10.328835825635654
DES_MP,2,10.3390/pr9050796,21,21,0,9.713393221667838,10.222739872411978
DES_MP,2,10.3923/jas.2010.3349.3354,8,8,0,34.557092906058045,31.080630381097585
DES_MP,3,10.1002/9783527818488,5,5,0,62.69966085497828,60.29127422524508
DES_MP,3,10.1002/adfm.202011102,8,8,0,80.4848107295745,70.48109754601666
DES_MP,3,10.1002/aic.17408,80,79,1,56.749419913842345,56.5571359160966
DES_MP,3,10.1002/aic.17409,1,1,0,0.2690212811783681,0.020951478836082
DES_MP,3,10.1002/aic.17410,1,1,0,3.1137734125277348,2.9677033865611406
DES_MP,3,10.1002/aic.17411,1,1,0,3.0120940996650347,2.6182587734893445
DES_MP,3,10.1002/aic.17412,1,1,0,6.742540451430784,6.440162506509751
DES_MP,3,10.1002/aic.17413,1,1,0,7.797702940966701,9.854248306708996
DES_MP,3,10.1002/aic.17414,1,1,0,18.07120649349571,22.88388453549004
DES_MP,3,10.1002/aic.17415,1,1,0,2.157341237580169,2.455823254449342
DES_MP,3,10.1002/aic.17416,1,1,0,2.996992646612796,2.983989129164456
DES_MP,3,10.1002/aic.17417,1,1,0,4.216216370714164,4.237500664141805
DES_MP,3,10.1002/aic.17418,1,1,0,6.733519534211439,5.660936711741897
DES_MP,3,10.1002/aic.17419,1,1,0,2.725654901460075,2.726114943945447
DES_MP,3,10.1002/aic.17420,1,1,0,0.2684397564019036,0.2260852075973503
DES_MP,3,10.1002/aic.17421,1,1,0,0.8879741396099803,0.9450383844609292
DES_MP,3,10.1002/anie.202110520,17,17,0,25.737229181073324,24.622635636192516
DES_MP,3,10.1002/apj.1873,16,16,0,41.679382424088544,28.0164323458935
DES_MP,3,10.1002/apj.1995,9,9,0,25.08594827447557,13.59469447531783
DES_MP,3,10.1002/chem.200601738,6,6,0,31.104950944915256,35.678845340752765
DES_MP,3,10.1002/cphc.200500489,36,36,0,19.865240230503318,19.929407061681545
DES_MP,3,10.1002/cssc.202001331,206,160,46,63.713770462372,61.24727427310411
DES_MP,3,10.1002/jps.2600600908,5,5,0,80.12567851722166,76.30997526316182
DES_MP,3,10.1002/open.202100137,1,1,0,53.15276228424335,50.78717297374311
DES_MP,3,10.1007/s10973-012-2831-3,32,32,0,26.034160162130014,22.98626592535249
DES_MP,3,10.1016/j.cattod.2021.05.018,8,2,6,130.33640029648302,105.0545241956274
DES_MP,3,10.1016/j.cej.2018.10.077,8,8,0,54.051863656093175,58.95302252846466
DES_MP,3,10.1016/j.cej.2020.125173,3,3,0,56.67870073483042,60.44287823083914
DES_MP,3,10.1016/j.cej.2023.141335,1,1,0,18.652547197510387,16.949310293585427
DES_MP,3,10.1016/j.chemphyslip.2009.05.004,87,87,0,3.40264597928692,3.3427414077264785
DES_MP,3,10.1016/j.chroma.2017.09.044,2,2,0,3.9363887222222615,1.8545770158730197
DES_MP,3,10.1016/j.chroma.2018.07.070,3,0,3,,
DES_MP,3,10.1016/j.cplett.2015.06.017,1,0,1,,
DES_MP,3,10.1016/j.fluid.2013.06.050,3,3,0,20.481917826255437,21.25915499918236
DES_MP,3,10.1016/j.fluid.2017.03.008,7,7,0,11.271651559768278,14.768114560101337
DES_MP,3,10.1016/j.fluid.2017.03.011,12,12,0,61.53104231881608,56.49502550437075
DES_MP,3,10.1016/j.fluid.2017.03.015,18,16,2,38.60310841666447,40.53885966298685
DES_MP,3,10.1016/j.fluid.2017.04.007,388,366,22,27.22605668422904,27.536819405792752
DES_MP,3,10.1016/j.fluid.2017.05.009,35,33,2,53.84049739177727,50.02985061759002
DES_MP,3,10.1016/j.fluid.2019.04.019,9,0,9,,
DES_MP,3,10.1016/j.fluid.2019.06.005,87,75,12,50.89775290068963,50.92733018263659
DES_MP,3,10.1016/j.fluid.2020.112752,4,4,0,64.30747344761767,59.79749996295808
DES_MP,3,10.1016/j.foodcont.2023.109625,5,5,0,33.04856316089759,31.09350098376529
DES_MP,3,10.1016/j.gee.2019.03.002,45,45,0,21.899040467514386,20.59161725431938
DES_MP,3,10.1016/j.gee.2020.11.020,51,51,0,27.58085280063421,25.8618522598372
DES_MP,3,10.1016/j.hydromet.2022.105971,24,24,0,52.87399106982495,44.37882364529745
DES_MP,3,10.1016/j.ijggc.2016.02.006,8,8,0,75.89654280879353,75.88596367331374
DES_MP,3,10.1016/j.ijggc.2019.102839,18,18,0,20.508931590323463,18.87497863301658
DES_MP,3,10.1016/j.jct.2015.04.021,12,12,0,43.93593817177749,42.136508030707766
DES_MP,3,10.1016/j.jece.2020.104786,1,1,0,25.033630885281696,25.617662839247544
DES_MP,3,10.1016/j.jiec.2021.03.011,10,10,0,46.692660384957705,42.89476056364749
DES_MP,3,10.1016/j.jtice.2015.12.020,9,9,0,52.50172379568052,47.82529531164997
DES_MP,3,10.1016/j.microc.2019.104384,12,12,0,50.81213094316863,52.3932748597636
DES_MP,3,10.1016/j.molliq.2008.07.009,24,24,0,38.02051485343389,40.997046980771
DES_MP,3,10.1016/j.molliq.2014.08.004,24,24,0,19.350047786478918,12.272678141598208
DES_MP,3,10.1016/j.molliq.2015.01.025,4,4,0,26.281591114756704,12.412240564555637
DES_MP,3,10.1016/j.molliq.2015.11.032,2,2,0,11.917064663604634,7.912602704235297
DES_MP,3,10.1016/j.molliq.2016.10.134,8,8,0,67.79586966052064,49.85193176047507
DES_MP,3,10.1016/j.molliq.2018.02.049,8,8,0,58.4759313428969,55.276167418040416
DES_MP,3,10.1016/j.molliq.2018.12.032,2,2,0,0.9940628173492884,0.6701518376899287
DES_MP,3,10.1016/j.molliq.2019.112155,23,23,0,51.22749922640224,46.02907518687169
DES_MP,3,10.1016/j.molliq.2020.113667,38,38,0,14.201868527315812,14.352745513584091
DES_MP,3,10.1016/j.molliq.2020.113727,6,4,2,42.87059905101323,44.07825879079932
DES_MP,3,10.1016/j.molliq.2020.114495,3,3,0,33.83677630879633,37.88762024026185
DES_MP,3,10.1016/j.molliq.2020.114745,25,25,0,64.18328330297217,64.1268426099017
DES_MP,3,10.1016/j.molliq.2021.115838,8,5,3,12.986625790682895,14.199821357773295
DES_MP,3,10.1016/j.molliq.2021.117021,19,17,2,40.0876610514467,40.38506721273691
DES_MP,3,10.1016/j.molstruc.2017.11.064,17,17,0,81.47568544177163,83.93619373568087
DES_MP,3,10.1016/j.solmat.2016.06.004,5,5,0,86.29529826591529,53.66475378256343
DES_MP,3,10.1016/j.tca.2009.08.016,2,2,0,5.083966236309038,11.716829757742062
DES_MP,3,10.1016/j.tca.2011.10.010,12,12,0,46.22525612219109,38.49158161966378
DES_MP,3,10.1016/j.tca.2012.03.027,21,18,3,70.82200886001812,71.77127528406746
DES_MP,3,10.1016/j.trac.2021.116187,13,13,0,76.50115254680799,74.92951975627061
DES_MP,3,10.1016/s0168-3659(97)00153-3,12,12,0,21.271528507762916,21.40959496405774
DES_MP,3,10.1021/acs.energyfuels.6b00471,2,2,0,11.978521371106863,13.27596839725112
DES_MP,3,10.1021/acs.iecr.0c04551,1,1,0,6.494370016834807,5.070578745102182
DES_MP,3,10.1021/acs.iecr.7b02382,278,240,38,20.78769062118836,20.6396132596344
DES_MP,3,10.1021/acs.iecr.8b01249,202,170,32,39.0449290974008,44.01747078544797
DES_MP,3,10.1021/acs.jpcb.0c01680,22,22,0,27.43131502481071,26.487218712469705
DES_MP,3,10.1021/acs.jpcb.0c02386,262,256,6,22.13760142794086,19.507026708269315
DES_MP,3,10.1021/acssuschemeng.0c00559,78,75,3,39.41564227984591,36.7681057415015
DES_MP,3,10.1021/acssuschemeng.0c05518,39,34,5,74.60587830804826,84.92673798942829
DES_MP,3,10.1021/acssuschemeng.0c08288,24,23,1,24.38472300102015,26.551646482780072
DES_MP,3,10.1021/acssuschemeng.0c08289,1,1,0,63.100607248303504,60.07192723412595
DES_MP,3,10.1021/acssuschemeng.7b04235,18,18,0,1.7037582484555562,1.8889029715845984
DES_MP,3,10.1021/acssuschemeng.8b01203,137,137,0,10.963279598577689,11.184310250290263
DES_MP,3,10.1021/acssuschemeng.8b02042,101,93,8,55.59102582749228,60.60276259441115
DES_MP,3,10.1021/ef2004943,11,8,3,16.51952978594315,13.919749394656131
DES_MP,3,10.1021/ic049931s,22,22,0,52.84908819050112,46.177020568618886
DES_MP,3,10.1021/ie500466g,8,8,0,50.37061043391636,46.73250844109168
DES_MP,3,10.1021/ja048266j,36,36,0,31.36101304030477,32.51901662634496
DES_MP,3,10.1021/je060146z,130,130,0,8.6821087676613,6.475476798040644
DES_MP,3,10.1021/je100104v,50,50,0,64.33097366101835,70.22472491335394
DES_MP,3,10.1021/je300997v,42,42,0,36.36061553748158,38.58923262257628
DES_MP,3,10.1021/je5002126,16,16,0,23.430035771727457,23.580919747890864
DES_MP,3,10.1021/jp412552v,45,32,13,75.71456246172096,69.6393694900976
DES_MP,3,10.1021/js9701465,7,7,0,73.79260051819881,75.971305754523
DES_MP,3,10.1038/s41598-019-51472-7,12,12,0,12.958501328654645,18.677411553566508
DES_MP,3,10.1039/b106357j,8,8,0,33.10466051961169,26.65980201243748
DES_MP,3,10.1039/b210714g,22,21,1,33.76038525292788,32.006818343244966
DES_MP,3,10.1039/c0ob01011a,13,13,0,27.286341448630683,26.406591235821413
DES_MP,3,10.1039/c1ra00630d,14,14,0,18.3540059259024,18.347453675999414
DES_MP,3,10.1039/c2ra22990k,3,3,0,35.348847927808976,33.25192511609712
DES_MP,3,10.1039/c3cp53406e,3,3,0,32.568280700841605,35.229243194245285
DES_MP,3,10.1039/c4cp00057a,8,8,0,10.336394817540366,9.886141116624932
DES_MP,3,10.1039/c4ra10628h,16,16,0,65.6759471467078,61.51493531104095
DES_MP,3,10.1039/c5gc01451d,7,6,1,32.80379642275714,29.533401929285336
DES_MP,3,10.1039/c9cc04846d,22,22,0,35.49951276196724,33.29090554827452
DES_MP,3,10.1080/10837450.2020.1735414,3,3,0,6.632439214403974,8.749594615498994
DES_MP,3,10.1149/1945-7111/ab68d3,5,5,0,41.6776688562022,42.56023081553796
DES_MP,3,10.3390/app11041601,5,5,0,40.7294885576595,42.33098027561828
DES_MP,3,10.3390/molecules25051077,99,98,1,10.939138544249404,9.473295323973318
DES_MP,3,10.3390/molecules26144208,8,7,1,10.269908921292052,10.459212849610823
DES_MP,3,10.3390/pr9050796,21,21,0,8.465810780035788,9.80308304006063
DES_MP,3,10.3923/jas.2010.3349.3354,8,8,0,39.25386371487456,32.71637382835036
DES_MP,4,10.1002/9783527818488,5,5,0,62.23760156010393,64.08482790761914
DES_MP,4,10.1002/adfm.202011102,8,8,0,79.78480780119942,69.60365850783658
DES_MP,4,10.1002/aic.17408,80,79,1,55.380389128912384,55.76736828285462
DES_MP,4,10.1002/aic.17409,1,1,0,2.7034142891278066,2.350779172582349
DES_MP,4,10.1002/aic.17410,1,1,0,2.5890160318251105,2.5992728393753737
DES_MP,4,10.1002/aic.17411,1,1,0,1.6062648420636378,1.4626575714617616
DES_MP,4,10.1002/aic.17412,1,1,0,5.044721825359545,5.913098957280397
DES_MP,4,10.1002/aic.17413,1,1,0,8.430446800986203,8.466363201668798
DES_MP,4,10.1002/aic.17414,1,1,0,16.834125905138023,19.722577100132696
DES_MP,4,10.1002/aic.17415,1,1,0,1.990339567204785,1.605806281639957
DES_MP,4,10.1002/aic.17416,1,1,0,2.970129159867384,3.1511589435957035
DES_MP,4,10.1002/aic.17417,1,1,0,5.498900321202711,5.841676819925965
DES_MP,4,10.1002/aic.17418,1,1,0,6.524343152454321,6.372352370611111
DES_MP,4,10.1002/aic.17419,1,1,0,2.747239690235972,2.420018921819008
DES_MP,4,10.1002/aic.17420,1,1,0,0.2324464874940872,0.3141207089199724
DES_MP,4,10.1002/aic.17421,1,1,0,0.324135766955635,0.9718227692187612
DES_MP,4,10.1002/anie.202110520,17,17,0,26.08771888413186,30.5402464649025
DES_MP,4,10.1002/apj.1873,16,16,0,37.00500406932375,28.1163288020681
DES_MP,4,10.1002/apj.1995,9,9,0,15.387427888402687,7.306989910717492
DES_MP,4,10.1002/chem.200601738,6,6,0,38.14364946598728,37.69967806366328
DES_MP,4,10.1002/cphc.200500489,36,36,0,15.38532786451945,15.823332169670335
DES_MP,4,10.1002/cssc.202001331,206,160,46,63.948102785329,62.47779589157226
DES_MP,4,10.1002/jps.2600600908,5,5,0,80.66182924767645,77.83668607898765
DES_MP,4,10.1002/open.202100137,1,1,0,53.92937368306645,50.805077292737
DES_MP,4,10.1007/s10973-012-2831-3,32,32,0,25.14346487687665,24.953625000435785
DES_MP,4,10.1016/j.cattod.2021.05.018,8,2,6,135.09464601865625,107.14492850220614
DES_MP,4,10.1016/j.cej.2018.10.077,8,8,0,67.63859939478948,69.934064633395
DES_MP,4,10.1016/j.cej.2020.125173,3,3,0,58.66647690161403,61.0312842177601
DES_MP,4,10.1016/j.cej.2023.141335,1,1,0,12.990576054975293,12.375643133552272
DES_MP,4,10.1016/j.chemphyslip.2009.05.004,87,87,0,3.794512980436575,3.4997908816017897
DES_MP,4,10.1016/j.chroma.2017.09.044,2,2,0,1.4987881746030212,5.025377549663403
DES_MP,4,10.1016/j.chroma.2018.07.070,3,0,3,,
DES_MP,4,10.1016/j.cplett.2015.06.017,1,0,1,,
DES_MP,4,10.1016/j.fluid.2013.06.050,3,3,0,24.09629098047352,28.884593191405312
DES_MP,4,10.1016/j.fluid.2017.03.008,7,7,0,6.9528121549996165,12.86778942975038
DES_MP,4,10.1016/j.fluid.2017.03.011,12,12,0,53.56222412436458,44.74287808280775
DES_MP,4,10.1016/j.fluid.2017.03.015,18,16,2,46.30231910909052,46.12630411131472
DES_MP,4,10.1016/j.fluid.2017.04.007,388,366,22,26.73018112837091,27.991388829098053
DES_MP,4,10.1016/j.fluid.2017.05.009,35,33,2,51.07136333101324,46.30963105727697
DES_MP,4,10.1016/j.fluid.2019.04.019,9,0,9,,
DES_MP,4,10.1016/j.fluid.2019.06.005,87,75,12,48.80846301624335,47.79827577549536
DES_MP,4,10.1016/j.fluid.2020.112752,4,4,0,58.566282135061606,56.45820685236102
DES_MP,4,10.1016/j.foodcont.2023.109625,5,5,0,36.58961072315004,37.24785906104388
DES_MP,4,10.1016/j.gee.2019.03.002,45,45,0,23.696276938450698,23.64393825210019
DES_MP,4,10.1016/j.gee.2020.11.020,51,51,0,29.053928481877783,27.065087088714385
DES_MP,4,10.1016/j.hydromet.2022.105971,24,24,0,49.16723103483517,49.7531199943779
DES_MP,4,10.1016/j.ijggc.2016.02.006,8,8,0,85.81213093435859,83.50987249056162
DES_MP,4,10.1016/j.ijggc.2019.102839,18,18,0,28.365461754187137,28.752180509634776
DES_MP,4,10.1016/j.jct.2015.04.021,12,12,0,44.49667902684771,44.071579449745045
DES_MP,4,10.1016/j.jece.2020.104786,1,1,0,25.145384791967786,25.11396777777793
DES_MP,4,10.1016/j.jiec.2021.03.011,10,10,0,43.664233399144905,47.45649367052118
DES_MP,4,10.1016/j.jtice.2015.12.020,9,9,0,42.76343941064524,44.71819525328132
DES_MP,4,10.1016/j.microc.2019.104384,12,12,0,55.77194782802336,50.7392169066925
DES_MP,4,10.1016/j.molliq.2008.07.009,24,24,0,44.98137752112598,42.83473597162607
DES_MP,4,10.1016/j.molliq.2014.08.004,24,24,0,17.783653007257843,12.991706882900877
DES_MP,4,10.1016/j.molliq.2015.01.025,4,4,0,22.70194513503967,11.77823723605977
DES_MP,4,10.1016/j.molliq.2015.11.032,2,2,0,25.632744853182917,23.44763404955043
DES_MP,4,10.1016/j.molliq.2016.10.134,8,8,0,68.70120158552415,67.89916975644103
DES_MP,4,10.1016/j.molliq.2018.02.049,8,8,0,24.01068937230693,32.41950671195884
DES_MP,4,10.1016/j.molliq.2018.12.032,2,2,0,0.4131710073482395,0.4385940630244533
DES_MP,4,10.1016/j.molliq.2019.112155,23,23,0,39.38318406657974,36.61313854497148
DES_MP,4,10.1016/j.molliq.2020.113667,38,38,0,14.157259563124288,14.100450448544898
DES_MP,4,10.1016/j.molliq.2020.113727,6,4,2,52.82169133989565,52.080300553433375
DES_MP,4,10.1016/j.molliq.2020.114495,3,3,0,37.76578491493072,44.662052331802855
DES_MP,4,10.1016/j.molliq.2020.114745,25,25,0,65.67731465434531,63.44214513500351
DES_MP,4,10.1016/j.molliq.2021.115838,8,5,3,16.925330855652152,14.814868757130764
DES_MP,4,10.1016/j.molliq.2021.117021,19,17,2,38.90185385771693,39.9116172222838
DES_MP,4,10.1016/j.molstruc.2017.11.064,17,17,0,70.38344901874305,70.6696415279262
DES_MP,4,10.1016/j.solmat.2016.06.004,5,5,0,93.709083036981,44.12721611060291
DES_MP,4,10.1016/j.tca.2009.08.016,2,2,0,6.48712755380194,12.61882286027992
DES_MP,4,10.1016/j.tca.2011.10.010,12,12,0,52.16544448108304,50.73882887296769
DES_MP,4,10.1016/j.tca.2012.03.027,21,18,3,71.57163579753315,72.03956577527893
DES_MP,4,10.1016/j.trac.2021.116187,13,13,0,56.13870374159296,59.942710969687305
DES_MP,4,10.1016/s0168-3659(97)00153-3,12,12,0,21.1046941368492,20.2052248422262
DES_MP,4,10.1021/acs.energyfuels.6b00471,2,2,0,10.832463749712986,9.97395490674586
DES_MP,4,10.1021/acs.iecr.0c04551,1,1,0,2.715554287589555,4.963008217729623
DES_MP,4,10.1021/acs.iecr.7b02382,278,240,38,21.109744721708537,21.40691963641101
DES_MP,4,10.1021/acs.iecr.8b01249,202,170,32,36.77614468413429,42.68777406627486
DES_MP,4,10.1021/acs.jpcb.0c01680,22,22,0,24.02563348874885,22.91970605327753
DES_MP,4,10.1021/acs.jpcb.0c02386,262,256,6,23.068345712059745,19.121474161029493
DES_MP,4,10.1021/acssuschemeng.0c00559,78,75,3,34.220762376970235,32.78782089147264
DES_MP,4,10.1021/acssuschemeng.0c05518,39,34,5,64.84730734733031,68.7168079296212
DES_MP,4,10.1021/acssuschemeng.0c08288,24,23,1,23.172342723032788,27.43546490131895
DES_MP,4,10.1021/acssuschemeng.0c08289,1,1,0,43.14835476899879,44.70001795389555
DES_MP,4,10.1021/acssuschemeng.7b04235,18,18,0,2.3907660098530457,2.4066285470095674
DES_MP,4,10.1021/acssuschemeng.8b01203,137,137,0,13.38139317864286,12.738960531603263
DES_MP,4,10.1021/acssuschemeng.8b02042,101,93,8,55.48486894136322,58.36219130156071
DES_MP,4,10.1021/ef2004943,11,8,3,13.860703660366925,10.766807014649505
DES_MP,4,10.1021/ic049931s,22,22,0,57.71134204594444,54.57263039679316
DES_MP,4,10.1021/ie500466g,8,8,0,42.756302145078045,42.85776231268878
DES_MP,4,10.1021/ja048266j,36,36,0,33.95815197331179,33.941693094777484
DES_MP,4,10.1021/je060146z,130,130,0,8.051895319493278,6.554712882742821
DES_MP,4,10.1021/je100104v,50,50,0,60.410400379657865,68.12681154014204
DES_MP,4,10.1021/je300997v,42,42,0,37.95227485015113,36.180644753316905
DES_MP,4,10.1021/je5002126,16,16,0,30.429870114549058,29.82427309558904
DES_MP,4,10.1021/jp412552v,45,32,13,83.77417979079118,75.16171102934995
DES_MP,4,10.1021/js9701465,7,7,0,61.60435661741223,65.81587741926705
DES_MP,4,10.1038/s41598-019-51472-7,12,12,0,16.15831600255115,17.24787267274744
DES_MP,4,10.1039/b106357j,8,8,0,25.501048105430925,25.4446140775024
DES_MP,4,10.1039/b210714g,22,21,1,33.07348927184852,34.45502375074314
DES_MP,4,10.1039/c0ob01011a,13,13,0,22.958346435487016,24.561144759324197
DES_MP,4,10.1039/c1ra00630d,14,14,0,20.496875717994733,18.928703139401968
DES_MP,4,10.1039/c2ra22990k,3,3,0,33.05250634702771,20.684701793179386
DES_MP,4,10.1039/c3cp53406e,3,3,0,33.84077273197635,34.89820205831806
DES_MP,4,10.1039/c4cp00057a,8,8,0,10.893843416880877,11.58178095290205
DES_MP,4,10.1039/c4ra10628h,16,16,0,72.38988077881976,70.23270947180704
DES_MP,4,10.1039/c5gc01451d,7,6,1,14.56797251483362,14.567830365467044
DES_MP,4,10.1039/c9cc04846d,22,22,0,32.90693933052623,34.19860808696625
DES_MP,4,10.1080/10837450.2020.1735414,3,3,0,8.325268783396092,8.248764943470595
DES_MP,4,10.1149/1945-7111/ab68d3,5,5,0,42.96160812250094,40.74943686621188
DES_MP,4,10.3390/app11041601,5,5,0,45.26148963175391,45.10554952707811
DES_MP,4,10.3390/molecules25051077,99,98,1,10.653034127135536,10.486682506484332
DES_MP,4,10.3390/molecules26144208,8,7,1,14.060252218263864,13.754998123693277
DES_MP,4,10.3390/pr9050796,21,21,0,8.320602338866545,9.596618248859963
DES_MP,4,10.3923/jas.2010.3349.3354,8,8,0,34.16044248402626,24.814318894923076
IL_CELL,0,A. Xu et al. / Journal of Molecular Liquids 197 (2014) 211â€“214,4,4,0,2.541178523203058,4.267346317790597
IL_CELL,0,"Aust. J. Chem. 2019, 72, 55â€“60",6,6,0,13.025409180419556,13.027822203139444
IL_CELL,0,Baek et al. / Journal of Molecular Liquids 234 (2017) 111â€“116,12,12,0,5.756387483736916,5.625151570372599
IL_CELL,0,"Biotechnology and Bioengineering, Vol. 112, No. 1, January, 2015",21,17,4,0.9196150782020228,0.9752951759834464
IL_CELL,0,Carbohydrate Polymers 229 (2020) 115594,11,11,0,6.091155598447853,5.7497810022266655
IL_CELL,0,"ChemSusChem 2012, 5, 388 â€“ 391",28,28,0,3.2326559475267587,3.2550522772957224
IL_CELL,0,D.G. Raut et al. / Carbohydrate Polymers 130 (2015) 18â€“25,4,4,0,3.7762926888151687,3.1347726466102914
IL_CELL,0,European Polymer Journal 92 (2017) 204â€“212,8,8,0,3.1412820511162445,3.117835980354281
IL_CELL,0,"Green Chem., 2008, 10, 696â€“705",31,31,0,4.889562543641508,4.812265572285374
IL_CELL,0,"Green Chem., 2009,11, 417-424",33,33,0,4.966953923897727,5.149038884300897
IL_CELL,0,"Green Chem., 2010, 12, 268â€“275",32,31,1,4.841763184737781,4.295636908448634
IL_CELL,0,"Green Chem., 2011, 13, 2719",2,2,0,3.424066283633731,3.123452426429948
IL_CELL,0,"Green Chem., 2012, 14, 2922",6,6,0,3.91968588231862,4.285285056806483
IL_CELL,0,"Green Chem., 2012, 14, 304â€“307",15,12,3,0.6244989982319289,0.4164160105399667
IL_CELL,0,"Green Chem., 2014, 16,1326",117,112,5,6.908488502008239,6.715537540013302
IL_CELL,0,I. GrÃ¸ssereid et al. / Journal of Molecular Liquids 292 (2019) 111353,16,16,0,10.428655835552613,10.8402212526546
IL_CELL,0,"Ind. Eng. Chem. Res. 2010, 49, 11809â€“11813",8,8,0,5.770813083445024,6.366083857868263
IL_CELL,0,"Ind. Eng. Chem. Res. 2019, 58, 16009âˆ’16017",4,4,0,3.6323403786991606,4.1235732473153535
IL_CELL,0,J Chem Technol Biotechnol 2009; 84: 1818â€“1827,2,2,0,0.8232145057736936,0.6796688734068356
IL_CELL,0,"J. Phys. Chem. B 2019, 123, 3994âˆ’4003",7,7,0,4.569508379503693,4.379519145700707
IL_CELL,0,Journal of Molecular Liquids 279 (2019) 120â€“126,3,3,0,5.881811265950842,5.775462160808284
IL_CELL,0,"Macromol. Biosci. 2007, 7, 440â€“445",7,7,0,4.857747279257217,5.02319057235129
IL_CELL,0,"Macromolecules 2018, 51, 4158âˆ’4166",84,73,11,7.913638687069789,8.19809148551908
IL_CELL,0,"Macromolecules 2020, 53, 3284âˆ’3295",59,57,2,9.23938117167734,9.034392323660397
IL_CELL,0,"Molecules 2020, 25, 3539",4,4,0,3.395172088715217,2.6232332277213977
IL_CELL,0,"New J. Chem., 2011, 35, 1596â€“1606",7,7,0,8.74536804601262,8.841616132557759
IL_CELL,0,"New J. Chem., 2019,43, 2299-2306",2,2,0,13.658088003034289,14.273525012353089
IL_CELL,0,"New J. Chem., 2019,43, 4554-4561",5,5,0,4.149318080325938,3.560548660446573
IL_CELL,0,"Phys. Chem. Chem. Phys., 2015, 17, 32276--32282",10,10,0,2.709650169679467,2.9835177352738977
IL_CELL,0,"RSC Adv., 2012, 2, 2476â€“2479",45,42,3,4.702827831071736,4.813476686692496
IL_CELL,0,"RSC Adv., 2012, 2, 8429â€“8438",19,19,0,3.3721554615769334,3.1537201969026927
IL_CELL,0,"Sci China Chem, 2016, 59: 1421â€“1429",13,13,0,6.194499189752783,6.166736887393896
IL_CELL,0,Y. Zhang et al. / Carbohydrate Polymers 117 (2015) 666â€“672,49,47,2,6.902993458933509,6.862677000356465
IL_CELL,1,A. Xu et al. / Journal of Molecular Liquids 197 (2014) 211â€“214,4,4,0,2.140409047838563,3.7851900017574622
IL_CELL,1,"Aust. J. Chem. 2019, 72, 55â€“60",6,6,0,13.127438074612249,13.003459268015243
IL_CELL,1,Baek et al. / Journal of Molecular Liquids 234 (2017) 111â€“116,12,12,0,6.093511416237287,6.455318294171934
IL_CELL,1,"Biotechnology and Bioengineering, Vol. 112, No. 1, January, 2015",21,17,4,1.038520730872407,0.9460083339889414
IL_CELL,1,Carbohydrate Polymers 229 (2020) 115594,11,11,0,5.905521770281007,5.517612473429377
IL_CELL,1,"ChemSusChem 2012, 5, 388 â€“ 391",28,28,0,3.383376494553874,3.265070281739601
IL_CELL,1,D.G. Raut et al. / Carbohydrate Polymers 130 (2015) 18â€“25,4,4,0,3.0365980740183045,2.3381997322654704
IL_CELL,1,European Polymer Journal 92 (2017) 204â€“212,8,8,0,4.114007631040316,4.217001363315738
IL_CELL,1,"Green Chem., 2008, 10, 696â€“705",31,31,0,4.990840987510189,4.943542415478691
IL_CELL,1,"Green Chem., 2009,11, 417-424",33,33,0,5.247289774627936,5.160333718306295
IL_CELL,1,"Green Chem., 2010, 12, 268â€“275",32,31,1,4.732822105147257,4.193623301711009
IL_CELL,1,"Green Chem., 2011, 13, 2719",2,2,0,2.9917718813380105,4.029396340690164
IL_CELL,1,"Green Chem., 2012, 14, 2922",6,6,0,4.167676619092176,4.541549054292726
IL_CELL,1,"Green Chem., 2012, 14, 304â€“307",15,12,3,0.4489765162794739,0.4718802487148945
IL_CELL,1,"Green Chem., 2014, 16,1326",117,112,5,6.879943931061929,6.869841360867623
IL_CELL,1,I. GrÃ¸ssereid et al. / Journal of Molecular Liquids 292 (2019) 111353,16,16,0,10.215386744620217,11.16473299909308
IL_CELL,1,"Ind. Eng. Chem. Res. 2010, 49, 11809â€“11813",8,8,0,8.175628979226941,8.593766394058026
IL_CELL,1,"Ind. Eng. Chem. Res. 2019, 58, 16009âˆ’16017",4,4,0,2.90508003906388,3.5535418840842463
IL_CELL,1,J Chem Technol Biotechnol 2009; 84: 1818â€“1827,2,2,0,1.3570407171842611,1.3521733177081297
IL_CELL,1,"J. Phys. Chem. B 2019, 123, 3994âˆ’4003",7,7,0,4.2737383074184185,4.543683892426164
IL_CELL,1,Journal of Molecular Liquids 279 (2019) 120â€“126,3,3,0,5.445529422241696,5.763683307266496
IL_CELL,1,"Macromol. Biosci. 2007, 7, 440â€“445",7,7,0,5.269846500309888,5.134241232811262
IL_CELL,1,"Macromolecules 2018, 51, 4158âˆ’4166",84,73,11,7.911032327085752,8.139856363623732
IL_CELL,1,"Macromolecules 2020, 53, 3284âˆ’3295",59,57,2,9.477853357880202,9.538661986571864
IL_CELL,1,"Molecules 2020, 25, 3539",4,4,0,2.780555091846624,2.3344354511970318
IL_CELL,1,"New J. Chem., 2011, 35, 1596â€“1606",7,7,0,9.096193799145396,9.188643303150789
IL_CELL,1,"New J. Chem., 2019,43, 2299-2306",2,2,0,11.690594480255324,13.116902703862769
IL_CELL,1,"New J. Chem., 2019,43, 4554-4561",5,5,0,3.501949610414216,4.126430427336414
IL_CELL,1,"Phys. Chem. Chem. Phys., 2015, 17, 32276--32282",10,10,0,2.804504403412821,2.965901311450724
IL_CELL,1,"RSC Adv., 2012, 2, 2476â€“2479",45,42,3,4.977032681775163,4.895646396570151
IL_CELL,1,"RSC Adv., 2012, 2, 8429â€“8438",19,19,0,3.148460369946416,3.074807131449816
IL_CELL,1,"Sci China Chem, 2016, 59: 1421â€“1429",13,13,0,6.081162679319012,6.170282657423431
IL_CELL,1,Y. Zhang et al. / Carbohydrate Polymers 117 (2015) 666â€“672,49,47,2,6.817617358456942,7.161134517707157
IL_CELL,2,A. Xu et al. / Journal of Molecular Liquids 197 (2014) 211â€“214,4,4,0,1.2840882939656129,2.7691310367130324
IL_CELL,2,"Aust. J. Chem. 2019, 72, 55â€“60",6,6,0,12.939648442713018,13.109680066678404
IL_CELL,2,Baek et al. / Journal of Molecular Liquids 234 (2017) 111â€“116,12,12,0,6.235146498237272,6.143794536869528
IL_CELL,2,"Biotechnology and Bioengineering, Vol. 112, No. 1, January, 2015",21,17,4,0.973904516632582,0.8641289995587557
IL_CELL,2,Carbohydrate Polymers 229 (2020) 115594,11,11,0,6.012721410442066,5.456764574291245
IL_CELL,2,"ChemSusChem 2012, 5, 388 â€“ 391",28,28,0,3.4023388764256715,3.3432319061932683
IL_CELL,2,D.G. Raut et al. / Carbohydrate Polymers 130 (2015) 18â€“25,4,4,0,4.045196119082375,3.842017440485803
IL_CELL,2,European Polymer Journal 92 (2017) 204â€“212,8,8,0,4.035252451768513,3.9225041635554994
IL_CELL,2,"Green Chem., 2008, 10, 696â€“705",31,31,0,4.797415536075831,4.873401376295176
IL_CELL,2,"Green Chem., 2009,11, 417-424",33,33,0,5.223443602394887,5.155674620602914
IL_CELL,2,"Green Chem., 2010, 12, 268â€“275",32,31,1,4.856303375721924,4.173588893881905
IL_CELL,2,"Green Chem., 2011, 13, 2719",2,2,0,2.768306122720137,3.1319697936724555
IL_CELL,2,"Green Chem., 2012, 14, 2922",6,6,0,4.15792871907203,4.545433417407956
IL_CELL,2,"Green Chem., 2012, 14, 304â€“307",15,12,3,0.3686246603732171,0.4006957176374855
IL_CELL,2,"Green Chem., 2014, 16,1326",117,112,5,6.8474005955876,6.822543525337867
IL_CELL,2,I. GrÃ¸ssereid et al. / Journal of Molecular Liquids 292 (2019) 111353,16,16,0,10.233906684996212,11.234580883056886
IL_CELL,2,"Ind. Eng. Chem. Res. 2010, 49, 11809â€“11813",8,8,0,7.883983155834493,9.000432642098696
IL_CELL,2,"Ind. Eng. Chem. Res. 2019, 58, 16009âˆ’16017",4,4,0,2.7683808188692227,3.4535968139499578
IL_CELL,2,J Chem Technol Biotechnol 2009; 84: 1818â€“1827,2,2,0,1.114115740489036,0.8548819428403874
IL_CELL,2,"J. Phys. Chem. B 2019, 123, 3994âˆ’4003",7,7,0,4.456925021624511,4.646211096293293
IL_CELL,2,Journal of Molecular Liquids 279 (2019) 120â€“126,3,3,0,5.255212546563059,5.581056637183211
IL_CELL,2,"Macromol. Biosci. 2007, 7, 440â€“445",7,7,0,4.969973326599662,4.938841316043004
IL_CELL,2,"Macromolecules 2018, 51, 4158âˆ’4166",84,73,11,7.838757385602257,8.256111140631196
IL_CELL,2,"Macromolecules 2020, 53, 3284âˆ’3295",59,57,2,9.491251292364216,9.927312672623492
IL_CELL,2,"Molecules 2020, 25, 3539",4,4,0,1.2915554099802886,1.3473632605609094
IL_CELL,2,"New J. Chem., 2011, 35, 1596â€“1606",7,7,0,8.96194538026598,9.004752399277125
IL_CELL,2,"New J. Chem., 2019,43, 2299-2306",2,2,0,11.737270039258748,13.705096119653987
IL_CELL,2,"New J. Chem., 2019,43, 4554-4561",5,5,0,4.10879620265635,4.138527002344056
IL_CELL,2,"Phys. Chem. Chem. Phys., 2015, 17, 32276--32282",10,10,0,2.922090593534082,3.421256838901526
IL_CELL,2,"RSC Adv., 2012, 2, 2476â€“2479",45,42,3,4.85054518920998,5.133867198181617
IL_CELL,2,"RSC Adv., 2012, 2, 8429â€“8438",19,19,0,3.539828276746684,3.4159946454953336
IL_CELL,2,"Sci China Chem, 2016, 59: 1421â€“1429",13,13,0,6.304729229584626,6.121365925627393
IL_CELL,2,Y. Zhang et al. / Carbohydrate Polymers 117 (2015) 666â€“672,49,47,2,6.645796061870704,6.9910600099456754
IL_CELL,3,A. Xu et al. / Journal of Molecular Liquids 197 (2014) 211â€“214,4,4,0,1.344006094551614,2.2761417042631646
IL_CELL,3,"Aust. J. Chem. 2019, 72, 55â€“60",6,6,0,12.923105799100632,12.807945044922748
IL_CELL,3,Baek et al. / Journal of Molecular Liquids 234 (2017) 111â€“116,12,12,0,6.006948919221329,5.627046130011593
IL_CELL,3,"Biotechnology and Bioengineering, Vol. 112, No. 1, January, 2015",21,17,4,0.9520986162814624,0.8901222874457868
IL_CELL,3,Carbohydrate Polymers 229 (2020) 115594,11,11,0,5.967988252261267,5.653499884889189
IL_CELL,3,"ChemSusChem 2012, 5, 388 â€“ 391",28,28,0,3.198262005431274,3.4796530453639685
IL_CELL,3,D.G. Raut et al. / Carbohydrate Polymers 130 (2015) 18â€“25,4,4,0,3.717135505283921,3.0637998617858413
IL_CELL,3,European Polymer Journal 92 (2017) 204â€“212,8,8,0,3.237487759302791,3.1497534804550558
IL_CELL,3,"Green Chem., 2008, 10, 696â€“705",31,31,0,4.643447745415443,5.019710284202715
IL_CELL,3,"Green Chem., 2009,11, 417-424",33,33,0,5.265906216690371,5.149163963839919
IL_CELL,3,"Green Chem., 2010, 12, 268â€“275",32,31,1,4.703979776388409,4.470196599493136
IL_CELL,3,"Green Chem., 2011, 13, 2719",2,2,0,2.9596958515504648,4.278963686360963
IL_CELL,3,"Green Chem., 2012, 14, 2922",6,6,0,4.228984366339453,4.663998610070954
IL_CELL,3,"Green Chem., 2012, 14, 304â€“307",15,12,3,0.3892222031428224,0.5255855924262123
IL_CELL,3,"Green Chem., 2014, 16,1326",117,112,5,6.890949941391596,6.664419194967942
IL_CELL,3,I. GrÃ¸ssereid et al. / Journal of Molecular Liquids 292 (2019) 111353,16,16,0,10.020621216405267,10.943465194371337
IL_CELL,3,"Ind. Eng. Chem. Res. 2010, 49, 11809â€“11813",8,8,0,5.965420344277667,6.422043723836496
IL_CELL,3,"Ind. Eng. Chem. Res. 2019, 58, 16009âˆ’16017",4,4,0,2.9951037685985247,3.4984900704341992
IL_CELL,3,J Chem Technol Biotechnol 2009; 84: 1818â€“1827,2,2,0,0.9510445930500868,0.93181184660965
IL_CELL,3,"J. Phys. Chem. B 2019, 123, 3994âˆ’4003",7,7,0,5.489813880363165,5.431161760225929
IL_CELL,3,Journal of Molecular Liquids 279 (2019) 120â€“126,3,3,0,5.663760748777767,5.892033283305187
IL_CELL,3,"Macromol. Biosci. 2007, 7, 440â€“445",7,7,0,4.7776939225839845,4.971830415137503
IL_CELL,3,"Macromolecules 2018, 51, 4158âˆ’4166",84,73,11,7.85771482781356,8.17753535290425
IL_CELL,3,"Macromolecules 2020, 53, 3284âˆ’3295",59,57,2,9.66125631878555,9.514145693492445
IL_CELL,3,"Molecules 2020, 25, 3539",4,4,0,3.251816114282865,2.2300637631454605
IL_CELL,3,"New J. Chem., 2011, 35, 1596â€“1606",7,7,0,8.921960181295146,8.933018133114766
IL_CELL,3,"New J. Chem., 2019,43, 2299-2306",2,2,0,12.24266503111623,12.958454307596714
IL_CELL,3,"New J. Chem., 2019,43, 4554-4561",5,5,0,3.1526184719350545,4.542566940859433
IL_CELL,3,"Phys. Chem. Chem. Phys., 2015, 17, 32276--32282",10,10,0,2.6924134303945126,2.986412109453977
IL_CELL,3,"RSC Adv., 2012, 2, 2476â€“2479",45,42,3,4.778414250599936,4.944160937170115
IL_CELL,3,"RSC Adv., 2012, 2, 8429â€“8438",19,19,0,3.2207951922709865,3.1023353238866247
IL_CELL,3,"Sci China Chem, 2016, 59: 1421â€“1429",13,13,0,5.9957533956883,6.054073624368662
IL_CELL,3,Y. Zhang et al. / Carbohydrate Polymers 117 (2015) 666â€“672,49,47,2,6.7687863014485306,6.97183856022705
IL_CELL,4,A. Xu et al. / Journal of Molecular Liquids 197 (2014) 211â€“214,4,4,0,2.2315094875559227,4.272883846366898
IL_CELL,4,"Aust. J. Chem. 2019, 72, 55â€“60",6,6,0,13.31668656887332,13.127646439884815
IL_CELL,4,Baek et al. / Journal of Molecular Liquids 234 (2017) 111â€“116,12,12,0,6.243948056037697,6.353892330247518
IL_CELL,4,"Biotechnology and Bioengineering, Vol. 112, No. 1, January, 2015",21,17,4,1.0373674752260948,0.9535287387964266
IL_CELL,4,Carbohydrate Polymers 229 (2020) 115594,11,11,0,6.194674367085515,5.725524385299928
IL_CELL,4,"ChemSusChem 2012, 5, 388 â€“ 391",28,28,0,3.3649779139240885,3.505178967983837
IL_CELL,4,D.G. Raut et al. / Carbohydrate Polymers 130 (2015) 18â€“25,4,4,0,4.13828384259287,4.028996217667831
IL_CELL,4,European Polymer Journal 92 (2017) 204â€“212,8,8,0,4.139037314235097,3.904040750805289
IL_CELL,4,"Green Chem., 2008, 10, 696â€“705",31,31,0,4.609184955071442,5.007439882541441
IL_CELL,4,"Green Chem., 2009,11, 417-424",33,33,0,5.374616654403158,5.338754285692287
IL_CELL,4,"Green Chem., 2010, 12, 268â€“275",32,31,1,4.657798014836284,4.180104988701163
IL_CELL,4,"Green Chem., 2011, 13, 2719",2,2,0,3.0046126336293097,3.3160276196908223
IL_CELL,4,"Green Chem., 2012, 14, 2922",6,6,0,4.418219046368704,4.588439060966743
IL_CELL,4,"Green Chem., 2012, 14, 304â€“307",15,12,3,0.5402004615978911,0.6635992088351877
IL_CELL,4,"Green Chem., 2014, 16,1326",117,112,5,6.762991093184907,6.834696498859582
IL_CELL,4,I. GrÃ¸ssereid et al. / Journal of Molecular Liquids 292 (2019) 111353,16,16,0,10.273609042575773,10.729576865738052
IL_CELL,4,"Ind. Eng. Chem. Res. 2010, 49, 11809â€“11813",8,8,0,8.242903561044047,8.364210758450534
IL_CELL,4,"Ind. Eng. Chem. Res. 2019, 58, 16009âˆ’16017",4,4,0,3.586634441859503,4.111924331734855
IL_CELL,4,J Chem Technol Biotechnol 2009; 84: 1818â€“1827,2,2,0,0.8197226561667065,1.0883789445495222
IL_CELL,4,"J. Phys. Chem. B 2019, 123, 3994âˆ’4003",7,7,0,4.957928692652603,4.613010425592079
IL_CELL,4,Journal of Molecular Liquids 279 (2019) 120â€“126,3,3,0,5.587355709905847,5.507221599352675
IL_CELL,4,"Macromol. Biosci. 2007, 7, 440â€“445",7,7,0,5.040355373866335,4.974107884282843
IL_CELL,4,"Macromolecules 2018, 51, 4158âˆ’4166",84,73,11,7.992939262047781,8.270634771925836
IL_CELL,4,"Macromolecules 2020, 53, 3284âˆ’3295",59,57,2,9.079963227246695,9.409994147690274
IL_CELL,4,"Molecules 2020, 25, 3539",4,4,0,3.217934843503351,3.0112201225752675
IL_CELL,4,"New J. Chem., 2011, 35, 1596â€“1606",7,7,0,9.459549280725648,9.394031006148635
IL_CELL,4,"New J. Chem., 2019,43, 2299-2306",2,2,0,12.887632609504948,14.389929507167867
IL_CELL,4,"New J. Chem., 2019,43, 4554-4561",5,5,0,3.4721418086034115,4.156470941971346
IL_CELL,4,"Phys. Chem. Chem. Phys., 2015, 17, 32276--32282",10,10,0,3.0383817391403034,3.638030615368109
IL_CELL,4,"RSC Adv., 2012, 2, 2476â€“2479",45,42,3,5.091067636796913,5.069105241531923
IL_CELL,4,"RSC Adv., 2012, 2, 8429â€“8438",19,19,0,3.560959796745079,3.181706418343231
IL_CELL,4,"Sci China Chem, 2016, 59: 1421â€“1429",13,13,0,6.328789303766065,6.15381881840012
IL_CELL,4,Y. Zhang et al. / Carbohydrate Polymers 117 (2015) 666â€“672,49,47,2,6.752075003471781,7.276335843118463
