dataset,seed,fold,n_test_sources,n_train,n_leak_removed,method,coverage,width,q,n,n_cal,n_cal_sources
DES_ETA,0,0,1,4075,253,anchor,0.9041838134430727,1.5630016104850477,0.7815008052425239,14580,37530,76.0
DES_ETA,0,0,1,4075,253,aware,0.971252566735113,2.1770840669661093,1.088542033483055,1461,4075,
DES_ETA,0,0,1,4075,253,aware_on_anchor_rows,0.9713305898491084,2.1770840669661093,1.088542033483055,14580,4075,
DES_ETA,0,0,1,4075,253,explore_offset_q_aware,0.9623456790123456,2.1770840669661093,1.088542033483055,14580,4075,
DES_ETA,0,0,1,4075,253,naive,0.6974674880219028,0.6402798848703051,0.3201399424351525,1461,4075,
DES_ETA,0,1,11,5301,7,anchor,0.9762749445676276,1.4998055434761406,0.7499027717380703,4510,49990,72.0
DES_ETA,0,1,11,5301,7,aware,0.9688149688149688,1.814405756956168,0.907202878478084,481,5301,
DES_ETA,0,1,11,5301,7,aware_on_anchor_rows,0.96940133037694,1.814405756956168,0.907202878478084,4510,5301,
DES_ETA,0,1,11,5301,7,explore_offset_q_aware,0.987139689578714,1.814405756956168,0.907202878478084,4510,5301,
DES_ETA,0,1,11,5301,7,naive,0.83991683991684,0.6204673399531782,0.3102336699765891,481,5301,
DES_ETA,0,2,12,5303,5,anchor,0.8282222222222222,1.404217638970352,0.702108819485176,4500,50020,71.0
DES_ETA,0,2,12,5303,5,aware,0.918918918918919,1.7752517092177538,0.8876258546088769,481,5303,
DES_ETA,0,2,12,5303,5,aware_on_anchor_rows,0.9182222222222224,1.7752517092177538,0.8876258546088769,4500,5303,
DES_ETA,0,2,12,5303,5,explore_offset_q_aware,0.9053333333333332,1.7752517092177538,0.8876258546088769,4500,5303,
DES_ETA,0,2,12,5303,5,naive,0.5155925155925156,0.5505084010124692,0.2752542005062346,481,5303,
DES_ETA,0,3,12,5308,0,anchor,0.9557562076749436,1.4925415334511671,0.7462707667255836,4430,50140,72.0
DES_ETA,0,3,12,5308,0,aware,0.9646569646569648,1.844446000914746,0.922223000457373,481,5308,
DES_ETA,0,3,12,5308,0,aware_on_anchor_rows,0.9681715575620768,1.844446000914746,0.922223000457373,4430,5308,
DES_ETA,0,3,12,5308,0,explore_offset_q_aware,0.9769751693002258,1.844446000914746,0.922223000457373,4430,5308,
DES_ETA,0,3,12,5308,0,naive,0.7920997920997921,0.6130951727160037,0.3065475863580018,481,5308,
DES_ETA,0,4,11,5306,2,anchor,0.899109131403118,1.3639723931270185,0.6819861965635092,4490,50060,71.0
DES_ETA,0,4,11,5306,2,aware,0.9355509355509356,1.758802930340826,0.879401465170413,481,5306,
DES_ETA,0,4,11,5306,2,aware_on_anchor_rows,0.933630289532294,1.758802930340826,0.879401465170413,4490,5306,
DES_ETA,0,4,11,5306,2,explore_offset_q_aware,0.9420935412026726,1.758802930340826,0.879401465170413,4490,5306,
DES_ETA,0,4,11,5306,2,naive,0.7941787941787942,0.60184647902466,0.30092323951233,481,5306,
DES_ETA,0,5,13,5103,205,anchor,0.8786516853932584,1.4032937513035302,0.7016468756517651,4450,48070,70.0
DES_ETA,0,5,13,5103,205,aware,0.83991683991684,1.703071632141827,0.8515358160709137,481,5103,
DES_ETA,0,5,13,5103,205,aware_on_anchor_rows,0.8379775280898877,1.703071632141827,0.8515358160709137,4450,5103,
DES_ETA,0,5,13,5103,205,explore_offset_q_aware,0.9042696629213484,1.703071632141827,0.8515358160709137,4450,5103,
DES_ETA,0,5,13,5103,205,naive,0.5945945945945946,0.6236527866326302,0.3118263933163151,481,5103,
DES_ETA,0,6,14,5307,1,anchor,0.9816742081447964,1.6287784826407916,0.8143892413203958,4420,50140,69.0
DES_ETA,0,6,14,5307,1,aware,0.9334719334719336,1.716427620721931,0.8582138103609653,481,5307,
DES_ETA,0,6,14,5307,1,aware_on_anchor_rows,0.9427601809954752,1.716427620721931,0.8582138103609653,4420,5307,
DES_ETA,0,6,14,5307,1,explore_offset_q_aware,0.9843891402714932,1.716427620721931,0.8582138103609653,4420,5307,
DES_ETA,0,6,14,5307,1,naive,0.5841995841995842,0.5873342928931551,0.2936671464465775,481,5307,
DES_ETA,0,7,13,5296,12,anchor,0.937641723356009,1.5566561731837316,0.7783280865918658,4410,50040,69.0
DES_ETA,0,7,13,5296,12,aware,0.9521829521829522,1.8698311965950616,0.9349155982975308,481,5296,
DES_ETA,0,7,13,5296,12,aware_on_anchor_rows,0.9643990929705216,1.8698311965950616,0.9349155982975308,4410,5296,
DES_ETA,0,7,13,5296,12,explore_offset_q_aware,0.9580498866213152,1.8698311965950616,0.9349155982975308,4410,5296,
DES_ETA,0,7,13,5296,12,naive,0.6195426195426196,0.5911196409653936,0.2955598204826968,481,5296,
DES_ETA,0,8,14,5306,2,anchor,0.9864988558352404,1.4057338358072855,0.7028669179036429,4370,50180,70.0
DES_ETA,0,8,14,5306,2,aware,0.8918918918918919,1.7201528445338297,0.8600764222669148,481,5306,
DES_ETA,0,8,14,5306,2,aware_on_anchor_rows,0.8851258581235698,1.7201528445338297,0.8600764222669148,4370,5306,
DES_ETA,0,8,14,5306,2,explore_offset_q_aware,0.9922196796338671,1.7201528445338297,0.8600764222669148,4370,5306,
DES_ETA,0,8,14,5306,2,naive,0.3908523908523909,0.6229995742731007,0.3114997871365503,481,5306,
DES_ETA,0,9,13,5284,25,anchor,0.5934240362811791,1.2160619827126944,0.6080309913563472,4410,49910,69.0
DES_ETA,0,9,13,5284,25,aware,0.4708333333333333,1.4958257685817398,0.7479128842908699,480,5284,
DES_ETA,0,9,13,5284,25,aware_on_anchor_rows,0.4650793650793651,1.4958257685817398,0.7479128842908699,4410,5284,
DES_ETA,0,9,13,5284,25,explore_offset_q_aware,0.6934240362811791,1.4958257685817398,0.7479128842908699,4410,5284,
DES_ETA,0,9,13,5284,25,naive,0.2270833333333333,0.5606005212067662,0.2803002606033831,480,5284,
DES_ETA,1,0,1,4075,253,anchor,0.9320301783264746,1.6679185052495311,0.8339592526247657,14580,37530,76.0
DES_ETA,1,0,1,4075,253,aware,0.969199178644764,2.09297355992152,1.0464867799607598,1461,4075,
DES_ETA,1,0,1,4075,253,aware_on_anchor_rows,0.96920438957476,2.09297355992152,1.0464867799607598,14580,4075,
DES_ETA,1,0,1,4075,253,explore_offset_q_aware,0.9637860082304528,2.09297355992152,1.0464867799607598,14580,4075,
DES_ETA,1,0,1,4075,253,naive,0.7077344284736482,0.6658917555588177,0.3329458777794088,1461,4075,
DES_ETA,1,1,11,5308,0,anchor,0.9572062084257206,1.399389637461153,0.6996948187305765,4510,50060,72.0
DES_ETA,1,1,11,5308,0,aware,0.945945945945946,1.681667975217204,0.840833987608602,481,5308,
DES_ETA,1,1,11,5308,0,aware_on_anchor_rows,0.9523281596452328,1.681667975217204,0.840833987608602,4510,5308,
DES_ETA,1,1,11,5308,0,explore_offset_q_aware,0.9645232815964524,1.681667975217204,0.840833987608602,4510,5308,
DES_ETA,1,1,11,5308,0,naive,0.8128898128898129,0.5974348561737992,0.2987174280868996,481,5308,
DES_ETA,1,2,12,5303,5,anchor,0.8051111111111111,1.3163517542665255,0.6581758771332629,4500,50020,71.0
DES_ETA,1,2,12,5303,5,aware,0.9168399168399168,1.764194551596589,0.8820972757982943,481,5303,
DES_ETA,1,2,12,5303,5,aware_on_anchor_rows,0.918,1.764194551596589,0.8820972757982943,4500,5303,
DES_ETA,1,2,12,5303,5,explore_offset_q_aware,0.8982222222222223,1.764194551596589,0.8820972757982943,4500,5303,
DES_ETA,1,2,12,5303,5,naive,0.498960498960499,0.5614427296693565,0.2807213648346782,481,5303,
DES_ETA,1,3,12,5308,0,anchor,0.9566591422121896,1.45919459920221,0.729597299601105,4430,50140,72.0
DES_ETA,1,3,12,5308,0,aware,0.9667359667359668,1.8603718966163925,0.9301859483081962,481,5308,
DES_ETA,1,3,12,5308,0,aware_on_anchor_rows,0.9674943566591422,1.8603718966163925,0.9301859483081962,4430,5308,
DES_ETA,1,3,12,5308,0,explore_offset_q_aware,0.9792325056433407,1.8603718966163925,0.9301859483081962,4430,5308,
DES_ETA,1,3,12,5308,0,naive,0.7858627858627859,0.6053906578456645,0.3026953289228322,481,5308,
DES_ETA,1,4,11,5306,2,anchor,0.9097995545657016,1.3934816251711792,0.6967408125855896,4490,50060,71.0
DES_ETA,1,4,11,5306,2,aware,0.9313929313929314,1.666874281022008,0.8334371405110039,481,5306,
DES_ETA,1,4,11,5306,2,aware_on_anchor_rows,0.9367483296213808,1.666874281022008,0.8334371405110039,4490,5306,
DES_ETA,1,4,11,5306,2,explore_offset_q_aware,0.943652561247216,1.666874281022008,0.8334371405110039,4490,5306,
DES_ETA,1,4,11,5306,2,naive,0.7650727650727651,0.611411245066507,0.3057056225332535,481,5306,
DES_ETA,1,5,13,5098,210,anchor,0.9382022471910112,1.4633697358015736,0.7316848679007868,4450,48020,70.0
DES_ETA,1,5,13,5098,210,aware,0.9417879417879418,1.7939526805433492,0.8969763402716746,481,5098,
DES_ETA,1,5,13,5098,210,aware_on_anchor_rows,0.9523595505617978,1.7939526805433492,0.8969763402716746,4450,5098,
DES_ETA,1,5,13,5098,210,explore_offset_q_aware,0.952134831460674,1.7939526805433492,0.8969763402716746,4450,5098,
DES_ETA,1,5,13,5098,210,naive,0.7276507276507277,0.6195413754393551,0.3097706877196775,481,5098,
DES_ETA,1,6,14,5306,2,anchor,0.9156108597285068,1.5584825613928324,0.7792412806964162,4420,50130,69.0
DES_ETA,1,6,14,5306,2,aware,0.8128898128898129,1.6186828548448116,0.8093414274224058,481,5306,
DES_ETA,1,6,14,5306,2,aware_on_anchor_rows,0.8113122171945701,1.6186828548448116,0.8093414274224058,4420,5306,
DES_ETA,1,6,14,5306,2,explore_offset_q_aware,0.9226244343891404,1.6186828548448116,0.8093414274224058,4420,5306,
DES_ETA,1,6,14,5306,2,naive,0.4906444906444906,0.6110052894394586,0.3055026447197293,481,5306,
DES_ETA,1,7,13,5296,12,anchor,0.947845804988662,1.4373359532845047,0.7186679766422523,4410,50040,69.0
DES_ETA,1,7,13,5296,12,aware,0.9625779625779626,1.84032369669138,0.92016184834569,481,5296,
DES_ETA,1,7,13,5296,12,aware_on_anchor_rows,0.9693877551020408,1.84032369669138,0.92016184834569,4410,5296,
DES_ETA,1,7,13,5296,12,explore_offset_q_aware,0.9607709750566892,1.84032369669138,0.92016184834569,4410,5296,
DES_ETA,1,7,13,5296,12,naive,0.6403326403326404,0.6177438305339824,0.3088719152669912,481,5296,
DES_ETA,1,8,14,5307,1,anchor,0.962700228832952,1.496107373763051,0.7480536868815255,4370,50190,70.0
DES_ETA,1,8,14,5307,1,aware,0.8482328482328483,1.7556058415516351,0.8778029207758176,481,5307,
DES_ETA,1,8,14,5307,1,aware_on_anchor_rows,0.8439359267734554,1.7556058415516351,0.8778029207758176,4370,5307,
DES_ETA,1,8,14,5307,1,explore_offset_q_aware,0.9750572082379864,1.7556058415516351,0.8778029207758176,4370,5307,
DES_ETA,1,8,14,5307,1,naive,0.3908523908523909,0.6069045298527866,0.3034522649263933,481,5307,
DES_ETA,1,9,13,5280,29,anchor,0.6891156462585034,1.2603324926663002,0.6301662463331501,4410,49870,69.0
DES_ETA,1,9,13,5280,29,aware,0.51875,1.5502250931640025,0.7751125465820012,480,5280,
DES_ETA,1,9,13,5280,29,aware_on_anchor_rows,0.5102040816326531,1.5502250931640025,0.7751125465820012,4410,5280,
DES_ETA,1,9,13,5280,29,explore_offset_q_aware,0.7723356009070295,1.5502250931640025,0.7751125465820012,4410,5280,
DES_ETA,1,9,13,5280,29,naive,0.3020833333333333,0.560792653086601,0.2803963265433005,480,5280,
DES_ETA,2,0,1,4075,253,anchor,0.8840877914951989,1.5720287022702244,0.7860143511351122,14580,37530,76.0
DES_ETA,2,0,1,4075,253,aware,0.974674880219028,2.142381557051496,1.071190778525748,1461,4075,
DES_ETA,2,0,1,4075,253,aware_on_anchor_rows,0.9746913580246912,2.142381557051496,1.071190778525748,14580,4075,
DES_ETA,2,0,1,4075,253,explore_offset_q_aware,0.9532235939643348,2.142381557051496,1.071190778525748,14580,4075,
DES_ETA,2,0,1,4075,253,naive,0.6844626967830253,0.6291384486104628,0.3145692243052314,1461,4075,
DES_ETA,2,1,11,5308,0,anchor,0.9827050997782704,1.4570789921762597,0.7285394960881297,4510,50060,72.0
DES_ETA,2,1,11,5308,0,aware,0.9397089397089398,1.6707112795976586,0.8353556397988293,481,5308,
DES_ETA,2,1,11,5308,0,aware_on_anchor_rows,0.9454545454545454,1.6707112795976586,0.8353556397988293,4510,5308,
DES_ETA,2,1,11,5308,0,explore_offset_q_aware,0.9889135254988912,1.6707112795976586,0.8353556397988293,4510,5308,
DES_ETA,2,1,11,5308,0,naive,0.7817047817047817,0.6030302111439099,0.3015151055719549,481,5308,
DES_ETA,2,2,12,5303,5,anchor,0.8286666666666667,1.299633940499677,0.6498169702498385,4500,50020,71.0
DES_ETA,2,2,12,5303,5,aware,0.9376299376299376,1.803213252988472,0.901606626494236,481,5303,
DES_ETA,2,2,12,5303,5,aware_on_anchor_rows,0.9337777777777778,1.803213252988472,0.901606626494236,4500,5303,
DES_ETA,2,2,12,5303,5,explore_offset_q_aware,0.9235555555555556,1.803213252988472,0.901606626494236,4500,5303,
DES_ETA,2,2,12,5303,5,naive,0.5821205821205822,0.5775117679946411,0.2887558839973205,481,5303,
DES_ETA,2,3,12,5297,11,anchor,0.9582392776523702,1.4853544590118204,0.7426772295059102,4430,50030,72.0
DES_ETA,2,3,12,5297,11,aware,0.975051975051975,1.8238443933370831,0.9119221966685416,481,5297,
DES_ETA,2,3,12,5297,11,aware_on_anchor_rows,0.9783295711060948,1.8238443933370831,0.9119221966685416,4430,5297,
DES_ETA,2,3,12,5297,11,explore_offset_q_aware,0.9751693002257336,1.8238443933370831,0.9119221966685416,4430,5297,
DES_ETA,2,3,12,5297,11,naive,0.8316008316008316,0.608515570085157,0.3042577850425785,481,5297,
DES_ETA,2,4,11,5306,2,anchor,0.9325167037861916,1.5547456385684433,0.7773728192842216,4490,50060,71.0
DES_ETA,2,4,11,5306,2,aware,0.945945945945946,1.799276638949927,0.8996383194749635,481,5306,
DES_ETA,2,4,11,5306,2,aware_on_anchor_rows,0.94543429844098,1.799276638949927,0.8996383194749635,4490,5306,
DES_ETA,2,4,11,5306,2,explore_offset_q_aware,0.9474387527839644,1.799276638949927,0.8996383194749635,4490,5306,
DES_ETA,2,4,11,5306,2,naive,0.7983367983367984,0.6241585305442168,0.3120792652721084,481,5306,
DES_ETA,2,5,13,5096,212,anchor,0.9435955056179776,1.4603557525564586,0.7301778762782293,4450,48000,70.0
DES_ETA,2,5,13,5096,212,aware,0.945945945945946,1.7921576496379932,0.8960788248189966,481,5096,
DES_ETA,2,5,13,5096,212,aware_on_anchor_rows,0.9512359550561796,1.7921576496379932,0.8960788248189966,4450,5096,
DES_ETA,2,5,13,5096,212,explore_offset_q_aware,0.9552808988764044,1.7921576496379932,0.8960788248189966,4450,5096,
DES_ETA,2,5,13,5096,212,naive,0.7027027027027027,0.6180877520570824,0.3090438760285412,481,5096,
DES_ETA,2,6,14,5305,3,anchor,0.9789592760180996,1.4671629232075076,0.7335814616037538,4420,50120,69.0
DES_ETA,2,6,14,5305,3,aware,0.95010395010395,1.860017903335223,0.9300089516676115,481,5305,
DES_ETA,2,6,14,5305,3,aware_on_anchor_rows,0.9536199095022624,1.860017903335223,0.9300089516676115,4420,5305,
DES_ETA,2,6,14,5305,3,explore_offset_q_aware,0.991628959276018,1.860017903335223,0.9300089516676115,4420,5305,
DES_ETA,2,6,14,5305,3,naive,0.681912681912682,0.6118958131473109,0.3059479065736554,481,5305,
DES_ETA,2,7,13,5307,1,anchor,0.8609977324263038,1.3486001067735758,0.6743000533867879,4410,50150,69.0
DES_ETA,2,7,13,5307,1,aware,0.8503118503118503,1.683842165240505,0.8419210826202523,481,5307,
DES_ETA,2,7,13,5307,1,aware_on_anchor_rows,0.8539682539682539,1.683842165240505,0.8419210826202523,4410,5307,
DES_ETA,2,7,13,5307,1,explore_offset_q_aware,0.8977324263038549,1.683842165240505,0.8419210826202523,4410,5307,
DES_ETA,2,7,13,5307,1,naive,0.5384615384615384,0.5980937142862857,0.2990468571431428,481,5307,
DES_ETA,2,8,14,5308,0,anchor,0.9624713958810068,1.3511804930279157,0.6755902465139578,4370,50200,70.0
DES_ETA,2,8,14,5308,0,aware,0.896049896049896,1.650280101280177,0.8251400506400886,481,5308,
DES_ETA,2,8,14,5308,0,aware_on_anchor_rows,0.8958810068649885,1.650280101280177,0.8251400506400886,4370,5308,
DES_ETA,2,8,14,5308,0,explore_offset_q_aware,0.9812356979405036,1.650280101280177,0.8251400506400886,4370,5308,
DES_ETA,2,8,14,5308,0,naive,0.3284823284823285,0.6024176345086518,0.3012088172543259,481,5308,
DES_ETA,2,9,13,5284,25,anchor,0.6514739229024943,1.3300615402320586,0.6650307701160293,4410,49910,69.0
DES_ETA,2,9,13,5284,25,aware,0.4583333333333333,1.522823195816664,0.761411597908332,480,5284,
DES_ETA,2,9,13,5284,25,aware_on_anchor_rows,0.4496598639455782,1.522823195816664,0.761411597908332,4410,5284,
DES_ETA,2,9,13,5284,25,explore_offset_q_aware,0.7124716553287982,1.522823195816664,0.761411597908332,4410,5284,
DES_ETA,2,9,13,5284,25,naive,0.2083333333333333,0.5490736071020641,0.274536803551032,480,5284,
DES_ETA,3,0,1,4075,253,anchor,0.907681755829904,1.5501401824337475,0.7750700912168739,14580,37530,76.0
DES_ETA,3,0,1,4075,253,aware,0.9678302532511978,2.149219067428304,1.0746095337141517,1461,4075,
DES_ETA,3,0,1,4075,253,aware_on_anchor_rows,0.967832647462277,2.149219067428304,1.0746095337141517,14580,4075,
DES_ETA,3,0,1,4075,253,explore_offset_q_aware,0.9637174211248284,2.149219067428304,1.0746095337141517,14580,4075,
DES_ETA,3,0,1,4075,253,naive,0.6940451745379876,0.6405825839487937,0.3202912919743969,1461,4075,
DES_ETA,3,1,11,5301,7,anchor,0.966740576496674,1.4475157712597784,0.7237578856298892,4510,49990,72.0
DES_ETA,3,1,11,5301,7,aware,0.9563409563409564,1.7834380543370911,0.8917190271685456,481,5301,
DES_ETA,3,1,11,5301,7,aware_on_anchor_rows,0.9598669623059868,1.7834380543370911,0.8917190271685456,4510,5301,
DES_ETA,3,1,11,5301,7,explore_offset_q_aware,0.9800443458980044,1.7834380543370911,0.8917190271685456,4510,5301,
DES_ETA,3,1,11,5301,7,naive,0.8295218295218295,0.6101337149524708,0.3050668574762354,481,5301,
DES_ETA,3,2,12,5303,5,anchor,0.7364444444444445,1.3030291599175077,0.6515145799587538,4500,50020,71.0
DES_ETA,3,2,12,5303,5,aware,0.918918918918919,1.856457140356623,0.9282285701783116,481,5303,
DES_ETA,3,2,12,5303,5,aware_on_anchor_rows,0.9211111111111112,1.856457140356623,0.9282285701783116,4500,5303,
DES_ETA,3,2,12,5303,5,explore_offset_q_aware,0.8733333333333333,1.856457140356623,0.9282285701783116,4500,5303,
DES_ETA,3,2,12,5303,5,naive,0.5363825363825364,0.5544182377230689,0.2772091188615344,481,5303,
DES_ETA,3,3,12,5297,11,anchor,0.9702031602708804,1.516263188727383,0.7581315943636915,4430,50030,72.0
DES_ETA,3,3,12,5297,11,aware,0.9833679833679834,1.881438489900804,0.9407192449504018,481,5297,
DES_ETA,3,3,12,5297,11,aware_on_anchor_rows,0.9837471783295711,1.881438489900804,0.9407192449504018,4430,5297,
DES_ETA,3,3,12,5297,11,explore_offset_q_aware,0.981038374717833,1.881438489900804,0.9407192449504018,4430,5297,
DES_ETA,3,3,12,5297,11,naive,0.8295218295218295,0.6219628444668626,0.3109814222334313,481,5297,
DES_ETA,3,4,11,5306,2,anchor,0.9095768374164812,1.5821789854945134,0.7910894927472567,4490,50060,71.0
DES_ETA,3,4,11,5306,2,aware,0.9334719334719336,1.7715639635115203,0.8857819817557602,481,5306,
DES_ETA,3,4,11,5306,2,aware_on_anchor_rows,0.934521158129176,1.7715639635115203,0.8857819817557602,4490,5306,
DES_ETA,3,4,11,5306,2,explore_offset_q_aware,0.9434298440979956,1.7715639635115203,0.8857819817557602,4490,5306,
DES_ETA,3,4,11,5306,2,naive,0.7920997920997921,0.6142460240508789,0.3071230120254394,481,5306,
DES_ETA,3,5,13,5103,205,anchor,0.9761797752808988,1.6390505160633952,0.8195252580316976,4450,48070,70.0
DES_ETA,3,5,13,5103,205,aware,0.9688149688149688,1.8600126109899924,0.9300063054949962,481,5103,
DES_ETA,3,5,13,5103,205,aware_on_anchor_rows,0.9712359550561798,1.8600126109899924,0.9300063054949962,4450,5103,
DES_ETA,3,5,13,5103,205,explore_offset_q_aware,0.98,1.8600126109899924,0.9300063054949962,4450,5103,
DES_ETA,3,5,13,5103,205,naive,0.6528066528066528,0.6123337818479975,0.3061668909239987,481,5103,
DES_ETA,3,6,14,5306,2,anchor,0.9649321266968326,1.4710851775393303,0.7355425887696652,4420,50130,69.0
DES_ETA,3,6,14,5306,2,aware,0.9293139293139292,1.807112618881055,0.9035563094405274,481,5306,
DES_ETA,3,6,14,5306,2,aware_on_anchor_rows,0.9404977375565612,1.807112618881055,0.9035563094405274,4420,5306,
DES_ETA,3,6,14,5306,2,explore_offset_q_aware,0.9782805429864252,1.807112618881055,0.9035563094405274,4420,5306,
DES_ETA,3,6,14,5306,2,naive,0.5634095634095634,0.58917984228989,0.294589921144945,481,5306,
DES_ETA,3,7,13,5307,1,anchor,0.8653061224489796,1.3353732899562207,0.6676866449781104,4410,50150,69.0
DES_ETA,3,7,13,5307,1,aware,0.8711018711018711,1.737586039871183,0.8687930199355915,481,5307,
DES_ETA,3,7,13,5307,1,aware_on_anchor_rows,0.8718820861678005,1.737586039871183,0.8687930199355915,4410,5307,
DES_ETA,3,7,13,5307,1,explore_offset_q_aware,0.9158730158730158,1.737586039871183,0.8687930199355915,4410,5307,
DES_ETA,3,7,13,5307,1,naive,0.5384615384615384,0.6024156718329143,0.3012078359164571,481,5307,
DES_ETA,3,8,14,5307,1,anchor,0.9679633867276888,1.4630628207140022,0.7315314103570011,4370,50190,70.0
DES_ETA,3,8,14,5307,1,aware,0.8814968814968815,1.6653049672373277,0.8326524836186637,481,5307,
DES_ETA,3,8,14,5307,1,aware_on_anchor_rows,0.88558352402746,1.6653049672373277,0.8326524836186637,4370,5307,
DES_ETA,3,8,14,5307,1,explore_offset_q_aware,0.974141876430206,1.6653049672373277,0.8326524836186637,4370,5307,
DES_ETA,3,8,14,5307,1,naive,0.3742203742203742,0.6009275747285785,0.3004637873642892,481,5307,
DES_ETA,3,9,13,5282,27,anchor,0.717687074829932,1.297244215112597,0.6486221075562983,4410,49890,69.0
DES_ETA,3,9,13,5282,27,aware,0.5145833333333333,1.512770209094672,0.756385104547336,480,5282,
DES_ETA,3,9,13,5282,27,aware_on_anchor_rows,0.5054421768707483,1.512770209094672,0.756385104547336,4410,5282,
DES_ETA,3,9,13,5282,27,explore_offset_q_aware,0.7743764172335601,1.512770209094672,0.756385104547336,4410,5282,
DES_ETA,3,9,13,5282,27,naive,0.3041666666666666,0.5558002551204533,0.2779001275602266,480,5282,
DES_ETA,4,0,1,4075,253,anchor,0.9184499314128944,1.6405026103218745,0.8202513051609372,14580,37530,76.0
DES_ETA,4,0,1,4075,253,aware,0.9664613278576316,2.0757719727726154,1.0378859863863077,1461,4075,
DES_ETA,4,0,1,4075,253,aware_on_anchor_rows,0.96639231824417,2.0757719727726154,1.0378859863863077,14580,4075,
DES_ETA,4,0,1,4075,253,explore_offset_q_aware,0.9559670781893004,2.0757719727726154,1.0378859863863077,14580,4075,
DES_ETA,4,0,1,4075,253,naive,0.7049965776865161,0.6569767246664613,0.3284883623332306,1461,4075,
DES_ETA,4,1,11,5301,7,anchor,0.9645232815964524,1.409825228163041,0.7049126140815205,4510,49990,72.0
DES_ETA,4,1,11,5301,7,aware,0.9688149688149688,1.841440756630365,0.9207203783151824,481,5301,
DES_ETA,4,1,11,5301,7,aware_on_anchor_rows,0.970509977827051,1.841440756630365,0.9207203783151824,4510,5301,
DES_ETA,4,1,11,5301,7,explore_offset_q_aware,0.9804878048780488,1.841440756630365,0.9207203783151824,4510,5301,
DES_ETA,4,1,11,5301,7,naive,0.8128898128898129,0.6120166957993645,0.3060083478996822,481,5301,
DES_ETA,4,2,12,5303,5,anchor,0.8168888888888889,1.3633367900713491,0.6816683950356747,4500,50020,71.0
DES_ETA,4,2,12,5303,5,aware,0.948024948024948,1.9078400972395133,0.9539200486197568,481,5303,
DES_ETA,4,2,12,5303,5,aware_on_anchor_rows,0.9473333333333334,1.9078400972395133,0.9539200486197568,4500,5303,
DES_ETA,4,2,12,5303,5,explore_offset_q_aware,0.92,1.9078400972395133,0.9539200486197568,4500,5303,
DES_ETA,4,2,12,5303,5,naive,0.5446985446985447,0.5807806594698226,0.2903903297349113,481,5303,
DES_ETA,4,3,12,5305,3,anchor,0.9516930022573364,1.4308029948549188,0.7154014974274594,4430,50110,72.0
DES_ETA,4,3,12,5305,3,aware,0.9708939708939708,1.9815325925154523,0.9907662962577262,481,5305,
DES_ETA,4,3,12,5305,3,aware_on_anchor_rows,0.972686230248307,1.9815325925154523,0.9907662962577262,4430,5305,
DES_ETA,4,3,12,5305,3,explore_offset_q_aware,0.9803611738148984,1.9815325925154523,0.9907662962577262,4430,5305,
DES_ETA,4,3,12,5305,3,naive,0.7817047817047817,0.6046970958614271,0.3023485479307135,481,5305,
DES_ETA,4,4,11,5306,2,anchor,0.8844097995545657,1.3746918204429728,0.6873459102214864,4490,50060,71.0
DES_ETA,4,4,11,5306,2,aware,0.9272349272349272,1.6877054300045629,0.8438527150022814,481,5306,
DES_ETA,4,4,11,5306,2,aware_on_anchor_rows,0.9311804008908686,1.6877054300045629,0.8438527150022814,4490,5306,
DES_ETA,4,4,11,5306,2,explore_offset_q_aware,0.9256124721603564,1.6877054300045629,0.8438527150022814,4490,5306,
DES_ETA,4,4,11,5306,2,naive,0.7879417879417879,0.6224633492844576,0.3112316746422288,481,5306,
DES_ETA,4,5,13,5103,205,anchor,0.9757303370786516,1.5850415508081317,0.7925207754040657,4450,48070,70.0
DES_ETA,4,5,13,5103,205,aware,0.9625779625779626,1.9181028177547548,0.9590514088773774,481,5103,
DES_ETA,4,5,13,5103,205,aware_on_anchor_rows,0.970561797752809,1.9181028177547548,0.9590514088773774,4450,5103,
DES_ETA,4,5,13,5103,205,explore_offset_q_aware,0.9804494382022472,1.9181028177547548,0.9590514088773774,4450,5103,
DES_ETA,4,5,13,5103,205,naive,0.6361746361746362,0.6147244157071121,0.307362207853556,481,5103,
DES_ETA,4,6,14,5305,3,anchor,0.9676470588235294,1.470886869631881,0.7354434348159405,4420,50120,69.0
DES_ETA,4,6,14,5305,3,aware,0.9376299376299376,1.7689153043071952,0.8844576521535976,481,5305,
DES_ETA,4,6,14,5305,3,aware_on_anchor_rows,0.941628959276018,1.7689153043071952,0.8844576521535976,4420,5305,
DES_ETA,4,6,14,5305,3,explore_offset_q_aware,0.9830316742081447,1.7689153043071952,0.8844576521535976,4420,5305,
DES_ETA,4,6,14,5305,3,naive,0.6694386694386695,0.6014307437893556,0.3007153718946778,481,5305,
DES_ETA,4,7,13,5296,12,anchor,0.8972789115646258,1.3501915187021034,0.6750957593510517,4410,50040,69.0
DES_ETA,4,7,13,5296,12,aware,0.8856548856548857,1.7196521428560851,0.8598260714280426,481,5296,
DES_ETA,4,7,13,5296,12,aware_on_anchor_rows,0.8791383219954648,1.7196521428560851,0.8598260714280426,4410,5296,
DES_ETA,4,7,13,5296,12,explore_offset_q_aware,0.9351473922902496,1.7196521428560851,0.8598260714280426,4410,5296,
DES_ETA,4,7,13,5296,12,naive,0.6029106029106029,0.5994528033177629,0.2997264016588814,481,5296,
DES_ETA,4,8,14,5308,0,anchor,0.974370709382151,1.4587511325153282,0.7293755662576641,4370,50200,70.0
DES_ETA,4,8,14,5308,0,aware,0.8773388773388774,1.786147172230895,0.8930735861154475,481,5308,
DES_ETA,4,8,14,5308,0,aware_on_anchor_rows,0.8762013729977117,1.786147172230895,0.8930735861154475,4370,5308,
DES_ETA,4,8,14,5308,0,explore_offset_q_aware,0.9897025171624714,1.786147172230895,0.8930735861154475,4370,5308,
DES_ETA,4,8,14,5308,0,naive,0.3347193347193347,0.6115189794609464,0.3057594897304732,481,5308,
DES_ETA,4,9,13,5287,22,anchor,0.6179138321995464,1.266221194364711,0.6331105971823555,4410,49940,69.0
DES_ETA,4,9,13,5287,22,aware,0.4416666666666666,1.5515500933186814,0.7757750466593407,480,5287,
DES_ETA,4,9,13,5287,22,aware_on_anchor_rows,0.4374149659863945,1.5515500933186814,0.7757750466593407,4410,5287,
DES_ETA,4,9,13,5287,22,explore_offset_q_aware,0.7149659863945578,1.5515500933186814,0.7757750466593407,4410,5287,
DES_ETA,4,9,13,5287,22,naive,0.1979166666666666,0.5479894862566903,0.2739947431283451,480,5287,
DES_MP,0,0,1,3002,0,anchor,0.976103896103896,131.42977093005985,65.71488546502992,3850,26710,70.0
DES_MP,0,0,1,3002,0,aware,0.9845360824742267,164.7722455021809,82.38612275109045,388,3002,
DES_MP,0,0,1,3002,0,aware_on_anchor_rows,0.9844155844155844,164.7722455021809,82.38612275109045,3850,3002,
DES_MP,0,0,1,3002,0,explore_offset_q_aware,0.9953246753246752,164.7722455021809,82.38612275109045,3850,3002,
DES_MP,0,0,1,3002,0,naive,0.7525773195876289,58.21492030686818,29.10746015343409,388,3002,
DES_MP,0,1,10,3056,0,anchor,0.9830618892508144,121.87624674605811,60.93812337302906,3070,27490,66.0
DES_MP,0,1,10,3056,0,aware,0.9820359281437124,156.86422786628304,78.43211393314152,334,3056,
DES_MP,0,1,10,3056,0,aware_on_anchor_rows,0.990228013029316,156.86422786628304,78.43211393314152,3070,3056,
DES_MP,0,1,10,3056,0,explore_offset_q_aware,0.9941368078175896,156.86422786628304,78.43211393314152,3070,3056,
DES_MP,0,1,10,3056,0,naive,0.7934131736526946,57.074067987183525,28.537033993591763,334,3056,
DES_MP,0,2,10,3056,0,anchor,0.9598684210526316,129.04846109147928,64.52423054573964,3040,27520,66.0
DES_MP,0,2,10,3056,0,aware,0.9760479041916168,168.6915856767675,84.34579283838374,334,3056,
DES_MP,0,2,10,3056,0,aware_on_anchor_rows,0.9776315789473684,168.6915856767675,84.34579283838374,3040,3056,
DES_MP,0,2,10,3056,0,explore_offset_q_aware,0.9878289473684212,168.6915856767675,84.34579283838374,3040,3056,
DES_MP,0,2,10,3056,0,naive,0.7365269461077845,57.25687689560368,28.62843844780184,334,3056,
DES_MP,0,3,12,3051,5,anchor,0.7295302013422819,121.16002722927163,60.580013614635824,2980,27540,64.0
DES_MP,0,3,12,3051,5,aware,0.7305389221556886,157.4237226661299,78.71186133306495,334,3051,
DES_MP,0,3,12,3051,5,aware_on_anchor_rows,0.7191275167785235,157.4237226661299,78.71186133306495,2980,3051,
DES_MP,0,3,12,3051,5,explore_offset_q_aware,0.8187919463087249,157.4237226661299,78.71186133306495,2980,3051,
DES_MP,0,3,12,3051,5,naive,0.4041916167664671,56.53104818841723,28.26552409420861,334,3051,
DES_MP,0,4,12,3052,4,anchor,0.9076158940397352,127.41442595742924,63.70721297871462,3020,27480,62.0
DES_MP,0,4,12,3052,4,aware,0.9491017964071856,161.0306484461908,80.5153242230954,334,3052,
DES_MP,0,4,12,3052,4,aware_on_anchor_rows,0.9513245033112584,161.0306484461908,80.5153242230954,3020,3052,
DES_MP,0,4,12,3052,4,explore_offset_q_aware,0.968543046357616,161.0306484461908,80.5153242230954,3020,3052,
DES_MP,0,4,12,3052,4,naive,0.4910179640718562,58.50454798584758,29.25227399292379,334,3052,
DES_MP,0,5,15,3055,1,anchor,0.9199312714776632,122.15208445165004,61.07604222582501,2910,27640,62.0
DES_MP,0,5,15,3055,1,aware,0.94311377245509,160.59718155521023,80.29859077760511,334,3055,
DES_MP,0,5,15,3055,1,aware_on_anchor_rows,0.9402061855670104,160.59718155521023,80.29859077760511,2910,3055,
DES_MP,0,5,15,3055,1,explore_offset_q_aware,0.9567010309278352,160.59718155521023,80.29859077760511,2910,3055,
DES_MP,0,5,15,3055,1,naive,0.6736526946107785,57.39574989824996,28.69787494912498,334,3055,
DES_MP,0,6,13,3057,0,anchor,0.9720136518771332,133.26784710094913,66.63392355047456,2930,27630,62.0
DES_MP,0,6,13,3057,0,aware,0.954954954954955,162.82261290561323,81.41130645280663,333,3057,
DES_MP,0,6,13,3057,0,aware_on_anchor_rows,0.956655290102389,162.82261290561323,81.41130645280663,2930,3057,
DES_MP,0,6,13,3057,0,explore_offset_q_aware,0.985665529010239,162.82261290561323,81.41130645280663,2930,3057,
DES_MP,0,6,13,3057,0,naive,0.6486486486486487,55.60742388193262,27.80371194096631,333,3057,
DES_MP,0,7,14,3053,4,anchor,0.9213058419243986,117.7963815869249,58.89819079346245,2910,27640,62.0
DES_MP,0,7,14,3053,4,aware,0.8558558558558559,149.95568208854377,74.97784104427188,333,3053,
DES_MP,0,7,14,3053,4,aware_on_anchor_rows,0.8597938144329897,149.95568208854377,74.97784104427188,2910,3053,
DES_MP,0,7,14,3053,4,explore_offset_q_aware,0.9656357388316152,149.95568208854377,74.97784104427188,2910,3053,
DES_MP,0,7,14,3053,4,naive,0.5465465465465466,54.1057533026048,27.0528766513024,333,3053,
DES_MP,0,8,14,3052,5,anchor,0.8934707903780069,120.72686795382874,60.36343397691437,2910,27570,61.0
DES_MP,0,8,14,3052,5,aware,0.8948948948948949,151.37254170483857,75.68627085241928,333,3052,
DES_MP,0,8,14,3052,5,aware_on_anchor_rows,0.8982817869415808,151.37254170483857,75.68627085241928,2910,3052,
DES_MP,0,8,14,3052,5,explore_offset_q_aware,0.9512027491408934,151.37254170483857,75.68627085241928,2910,3052,
DES_MP,0,8,14,3052,5,naive,0.6336336336336337,54.74190037451956,27.37095018725978,333,3052,
DES_MP,0,9,14,3056,1,anchor,0.8153061224489796,111.55503948147404,55.77751974073701,2940,27610,62.0
DES_MP,0,9,14,3056,1,aware,0.7777777777777778,141.94806675183668,70.97403337591834,333,3056,
DES_MP,0,9,14,3056,1,aware_on_anchor_rows,0.7806122448979592,141.94806675183668,70.97403337591834,2940,3056,
DES_MP,0,9,14,3056,1,explore_offset_q_aware,0.886734693877551,141.94806675183668,70.97403337591834,2940,3056,
DES_MP,0,9,14,3056,1,naive,0.5075075075075075,52.73516474689313,26.367582373446567,333,3056,
DES_MP,1,0,1,3002,0,anchor,0.9672727272727272,129.12156503613014,64.56078251806507,3850,26710,70.0
DES_MP,1,0,1,3002,0,aware,0.9845360824742267,165.68051018944436,82.84025509472218,388,3002,
DES_MP,1,0,1,3002,0,aware_on_anchor_rows,0.9844155844155844,165.68051018944436,82.84025509472218,3850,3002,
DES_MP,1,0,1,3002,0,explore_offset_q_aware,0.9932467532467532,165.68051018944436,82.84025509472218,3850,3002,
DES_MP,1,0,1,3002,0,naive,0.7422680412371134,58.9348721323945,29.46743606619725,388,3002,
DES_MP,1,1,10,3053,3,anchor,0.9892508143322476,125.42653229801428,62.71326614900714,3070,27460,66.0
DES_MP,1,1,10,3053,3,aware,0.997005988023952,160.50010499946353,80.25005249973177,334,3053,
DES_MP,1,1,10,3053,3,aware_on_anchor_rows,1.0,160.50010499946353,80.25005249973177,3070,3053,
DES_MP,1,1,10,3053,3,explore_offset_q_aware,0.9993485342019544,160.50010499946353,80.25005249973177,3070,3053,
DES_MP,1,1,10,3053,3,naive,0.781437125748503,58.698838524234816,29.349419262117408,334,3053,
DES_MP,1,2,10,3056,0,anchor,0.9697368421052632,133.2394195313679,66.61970976568395,3040,27520,66.0
DES_MP,1,2,10,3056,0,aware,0.9730538922155688,170.38645272547876,85.19322636273938,334,3056,
DES_MP,1,2,10,3056,0,aware_on_anchor_rows,0.975328947368421,170.38645272547876,85.19322636273938,3040,3056,
DES_MP,1,2,10,3056,0,explore_offset_q_aware,0.981907894736842,170.38645272547876,85.19322636273938,3040,3056,
DES_MP,1,2,10,3056,0,naive,0.7335329341317365,57.65399528398291,28.82699764199145,334,3056,
DES_MP,1,3,12,3054,2,anchor,0.6899328859060403,119.74498923639548,59.87249461819773,2980,27570,64.0
DES_MP,1,3,12,3054,2,aware,0.6796407185628742,155.55873190352656,77.77936595176328,334,3054,
DES_MP,1,3,12,3054,2,aware_on_anchor_rows,0.6640939597315436,155.55873190352656,77.77936595176328,2980,3054,
DES_MP,1,3,12,3054,2,explore_offset_q_aware,0.7838926174496644,155.55873190352656,77.77936595176328,2980,3054,
DES_MP,1,3,12,3054,2,naive,0.3712574850299401,53.43597907572814,26.71798953786407,334,3054,
DES_MP,1,4,12,3052,4,anchor,0.8963576158940397,126.161109939782,63.080554969891,3020,27480,62.0
DES_MP,1,4,12,3052,4,aware,0.9191616766467066,161.01912776527195,80.50956388263597,334,3052,
DES_MP,1,4,12,3052,4,aware_on_anchor_rows,0.924503311258278,161.01912776527195,80.50956388263597,3020,3052,
DES_MP,1,4,12,3052,4,explore_offset_q_aware,0.9586092715231788,161.01912776527195,80.50956388263597,3020,3052,
DES_MP,1,4,12,3052,4,naive,0.4940119760479042,56.27785949381803,28.13892974690901,334,3052,
DES_MP,1,5,15,3055,1,anchor,0.9484536082474226,129.9267600953241,64.96338004766206,2910,27640,62.0
DES_MP,1,5,15,3055,1,aware,0.9610778443113772,161.22302408122056,80.61151204061028,334,3055,
DES_MP,1,5,15,3055,1,aware_on_anchor_rows,0.9573883161512028,161.22302408122056,80.61151204061028,2910,3055,
DES_MP,1,5,15,3055,1,explore_offset_q_aware,0.9656357388316152,161.22302408122056,80.61151204061028,2910,3055,
DES_MP,1,5,15,3055,1,naive,0.8203592814371258,57.74795446524428,28.87397723262214,334,3055,
DES_MP,1,6,13,3057,0,anchor,0.9580204778156995,127.41170646078326,63.70585323039163,2930,27630,62.0
DES_MP,1,6,13,3057,0,aware,0.927927927927928,163.43340825882603,81.71670412941302,333,3057,
DES_MP,1,6,13,3057,0,aware_on_anchor_rows,0.9266211604095564,163.43340825882603,81.71670412941302,2930,3057,
DES_MP,1,6,13,3057,0,explore_offset_q_aware,0.974061433447099,163.43340825882603,81.71670412941302,2930,3057,
DES_MP,1,6,13,3057,0,naive,0.6336336336336337,57.395797663410974,28.697898831705487,333,3057,
DES_MP,1,7,14,3053,4,anchor,0.8474226804123711,116.53045428106388,58.26522714053194,2910,27640,62.0
DES_MP,1,7,14,3053,4,aware,0.7777777777777778,139.9024447568512,69.9512223784256,333,3053,
DES_MP,1,7,14,3053,4,aware_on_anchor_rows,0.777319587628866,139.9024447568512,69.9512223784256,2910,3053,
DES_MP,1,7,14,3053,4,explore_offset_q_aware,0.9034364261168384,139.9024447568512,69.9512223784256,2910,3053,
DES_MP,1,7,14,3053,4,naive,0.3783783783783784,54.26452112875688,27.13226056437844,333,3053,
DES_MP,1,8,14,3055,2,anchor,0.89553264604811,122.65233450370094,61.32616725185047,2910,27600,61.0
DES_MP,1,8,14,3055,2,aware,0.8888888888888888,151.62299310992597,75.81149655496299,333,3055,
DES_MP,1,8,14,3055,2,aware_on_anchor_rows,0.8958762886597939,151.62299310992597,75.81149655496299,2910,3055,
DES_MP,1,8,14,3055,2,explore_offset_q_aware,0.9573883161512028,151.62299310992597,75.81149655496299,2910,3055,
DES_MP,1,8,14,3055,2,naive,0.5735735735735735,53.85019277777735,26.92509638888868,333,3055,
DES_MP,1,9,14,3053,4,anchor,0.8972789115646258,117.1652980985742,58.5826490492871,2940,27580,62.0
DES_MP,1,9,14,3053,4,aware,0.921921921921922,151.1836599266466,75.5918299633233,333,3053,
DES_MP,1,9,14,3053,4,aware_on_anchor_rows,0.9258503401360544,151.1836599266466,75.5918299633233,2940,3053,
DES_MP,1,9,14,3053,4,explore_offset_q_aware,0.9503401360544218,151.1836599266466,75.5918299633233,2940,3053,
DES_MP,1,9,14,3053,4,naive,0.6426426426426426,51.62683458837466,25.81341729418733,333,3053,
DES_MP,2,0,1,3002,0,anchor,0.971948051948052,130.33067938984843,65.16533969492421,3850,26710,70.0
DES_MP,2,0,1,3002,0,aware,0.9845360824742267,164.88009580027233,82.44004790013616,388,3002,
DES_MP,2,0,1,3002,0,aware_on_anchor_rows,0.9849350649350648,164.88009580027233,82.44004790013616,3850,3002,
DES_MP,2,0,1,3002,0,explore_offset_q_aware,0.9932467532467532,164.88009580027233,82.44004790013616,3850,3002,
DES_MP,2,0,1,3002,0,naive,0.7474226804123711,58.27887716286034,29.13943858143017,388,3002,
DES_MP,2,1,10,3053,3,anchor,0.9742671009771988,122.26060180900625,61.13030090450312,3070,27460,66.0
DES_MP,2,1,10,3053,3,aware,0.9640718562874252,158.47943515183374,79.23971757591687,334,3053,
DES_MP,2,1,10,3053,3,aware_on_anchor_rows,0.9713355048859936,158.47943515183374,79.23971757591687,3070,3053,
DES_MP,2,1,10,3053,3,explore_offset_q_aware,0.9859934853420196,158.47943515183374,79.23971757591687,3070,3053,
DES_MP,2,1,10,3053,3,naive,0.7514970059880239,55.51445283020598,27.75722641510299,334,3053,
DES_MP,2,2,10,3056,0,anchor,0.9894736842105264,138.5171285181258,69.2585642590629,3040,27520,66.0
DES_MP,2,2,10,3056,0,aware,0.994011976047904,166.62787371636023,83.31393685818011,334,3056,
DES_MP,2,2,10,3056,0,aware_on_anchor_rows,1.0,166.62787371636023,83.31393685818011,3040,3056,
DES_MP,2,2,10,3056,0,explore_offset_q_aware,0.9973684210526316,166.62787371636023,83.31393685818011,3040,3056,
DES_MP,2,2,10,3056,0,naive,0.7784431137724551,58.56138246183559,29.2806912309178,334,3056,
DES_MP,2,3,12,3054,2,anchor,0.6791946308724832,115.2605044344931,57.63025221724655,2980,27570,64.0
DES_MP,2,3,12,3054,2,aware,0.7155688622754491,153.53917306652636,76.76958653326318,334,3054,
DES_MP,2,3,12,3054,2,aware_on_anchor_rows,0.7063758389261745,153.53917306652636,76.76958653326318,2980,3054,
DES_MP,2,3,12,3054,2,explore_offset_q_aware,0.7889261744966443,153.53917306652636,76.76958653326318,2980,3054,
DES_MP,2,3,12,3054,2,naive,0.4520958083832335,55.02767629002176,27.51383814501088,334,3054,
DES_MP,2,4,12,3049,7,anchor,0.8519867549668875,123.48196963087705,61.74098481543852,3020,27450,62.0
DES_MP,2,4,12,3049,7,aware,0.9101796407185628,159.1484600155053,79.57423000775265,334,3049,
DES_MP,2,4,12,3049,7,aware_on_anchor_rows,0.9079470198675496,159.1484600155053,79.57423000775265,3020,3049,
DES_MP,2,4,12,3049,7,explore_offset_q_aware,0.9440397350993376,159.1484600155053,79.57423000775265,3020,3049,
DES_MP,2,4,12,3049,7,naive,0.4311377245508982,57.0845736419696,28.5422868209848,334,3049,
DES_MP,2,5,15,3056,0,anchor,0.9195876288659792,121.83452967710184,60.91726483855092,2910,27650,62.0
DES_MP,2,5,15,3056,0,aware,0.9251497005988024,160.68421964742754,80.34210982371377,334,3056,
DES_MP,2,5,15,3056,0,aware_on_anchor_rows,0.9432989690721648,160.68421964742754,80.34210982371377,2910,3056,
DES_MP,2,5,15,3056,0,explore_offset_q_aware,0.9563573883161512,160.68421964742754,80.34210982371377,2910,3056,
DES_MP,2,5,15,3056,0,naive,0.7035928143712575,57.116468659677366,28.558234329838683,334,3056,
DES_MP,2,6,13,3056,1,anchor,0.959726962457338,133.52307519528603,66.76153759764301,2930,27620,62.0
DES_MP,2,6,13,3056,1,aware,0.951951951951952,165.65678404146627,82.82839202073313,333,3056,
DES_MP,2,6,13,3056,1,aware_on_anchor_rows,0.9593856655290104,165.65678404146627,82.82839202073313,2930,3056,
DES_MP,2,6,13,3056,1,explore_offset_q_aware,0.9832764505119452,165.65678404146627,82.82839202073313,2930,3056,
DES_MP,2,6,13,3056,1,naive,0.6846846846846847,53.17637908417623,26.58818954208812,333,3056,
DES_MP,2,7,14,3052,5,anchor,0.8501718213058419,113.09596905100614,56.54798452550307,2910,27630,62.0
DES_MP,2,7,14,3052,5,aware,0.7957957957957958,143.89061457142884,71.94530728571442,333,3052,
DES_MP,2,7,14,3052,5,aware_on_anchor_rows,0.7951890034364261,143.89061457142884,71.94530728571442,2910,3052,
DES_MP,2,7,14,3052,5,explore_offset_q_aware,0.9195876288659792,143.89061457142884,71.94530728571442,2910,3052,
DES_MP,2,7,14,3052,5,naive,0.4414414414414414,51.09258892791297,25.546294463956485,333,3052,
DES_MP,2,8,14,3055,2,anchor,0.9013745704467354,128.13401183842018,64.06700591921009,2910,27600,61.0
DES_MP,2,8,14,3055,2,aware,0.8858858858858859,153.3456648597887,76.67283242989436,333,3055,
DES_MP,2,8,14,3055,2,aware_on_anchor_rows,0.8890034364261168,153.3456648597887,76.67283242989436,2910,3055,
DES_MP,2,8,14,3055,2,explore_offset_q_aware,0.9439862542955326,153.3456648597887,76.67283242989436,2910,3055,
DES_MP,2,8,14,3055,2,naive,0.5795795795795796,50.791693856701954,25.395846928350977,333,3055,
DES_MP,2,9,14,3057,0,anchor,0.8826530612244898,112.9246355854582,56.462317792729095,2940,27620,62.0
DES_MP,2,9,14,3057,0,aware,0.8618618618618619,148.98286389740815,74.49143194870408,333,3057,
DES_MP,2,9,14,3057,0,aware_on_anchor_rows,0.8700680272108844,148.98286389740815,74.49143194870408,2940,3057,
DES_MP,2,9,14,3057,0,explore_offset_q_aware,0.94421768707483,148.98286389740815,74.49143194870408,2940,3057,
DES_MP,2,9,14,3057,0,naive,0.5885885885885885,52.29741083572162,26.14870541786081,333,3057,
DES_MP,3,0,1,3002,0,anchor,0.976103896103896,127.6843050330846,63.84215251654231,3850,26710,70.0
DES_MP,3,0,1,3002,0,aware,0.9845360824742267,163.1323296731606,81.5661648365803,388,3002,
DES_MP,3,0,1,3002,0,aware_on_anchor_rows,0.9844155844155844,163.1323296731606,81.5661648365803,3850,3002,
DES_MP,3,0,1,3002,0,explore_offset_q_aware,0.9948051948051948,163.1323296731606,81.5661648365803,3850,3002,
DES_MP,3,0,1,3002,0,naive,0.7371134020618557,59.165865572930045,29.582932786465022,388,3002,
DES_MP,3,1,10,3056,0,anchor,0.9908794788273616,129.74305026054412,64.87152513027206,3070,27490,66.0
DES_MP,3,1,10,3056,0,aware,0.9880239520958084,156.9053787482071,78.45268937410356,334,3056,
DES_MP,3,1,10,3056,0,aware_on_anchor_rows,0.99185667752443,156.9053787482071,78.45268937410356,3070,3056,
DES_MP,3,1,10,3056,0,explore_offset_q_aware,0.9986970684039088,156.9053787482071,78.45268937410356,3070,3056,
DES_MP,3,1,10,3056,0,naive,0.7844311377245509,58.7132894932239,29.35664474661195,334,3056,
DES_MP,3,2,10,3056,0,anchor,0.9717105263157896,133.12013841791327,66.56006920895663,3040,27520,66.0
DES_MP,3,2,10,3056,0,aware,0.9610778443113772,168.67032311611683,84.33516155805842,334,3056,
DES_MP,3,2,10,3056,0,aware_on_anchor_rows,0.9766447368421052,168.67032311611683,84.33516155805842,3040,3056,
DES_MP,3,2,10,3056,0,explore_offset_q_aware,0.9947368421052633,168.67032311611683,84.33516155805842,3040,3056,
DES_MP,3,2,10,3056,0,naive,0.7035928143712575,56.96074059692273,28.480370298461366,334,3056,
DES_MP,3,3,12,3051,5,anchor,0.7026845637583893,115.6040600407104,57.8020300203552,2980,27540,64.0
DES_MP,3,3,12,3051,5,aware,0.7455089820359282,158.55050442857112,79.27525221428556,334,3051,
DES_MP,3,3,12,3051,5,aware_on_anchor_rows,0.7187919463087248,158.55050442857112,79.27525221428556,2980,3051,
DES_MP,3,3,12,3051,5,explore_offset_q_aware,0.823489932885906,158.55050442857112,79.27525221428556,2980,3051,
DES_MP,3,3,12,3051,5,naive,0.4790419161676646,55.92966244056038,27.96483122028019,334,3051,
DES_MP,3,4,12,3052,4,anchor,0.9470198675496688,128.333162836995,64.1665814184975,3020,27480,62.0
DES_MP,3,4,12,3052,4,aware,0.94311377245509,161.71462554425216,80.85731277212608,334,3052,
DES_MP,3,4,12,3052,4,aware_on_anchor_rows,0.9483443708609272,161.71462554425216,80.85731277212608,3020,3052,
DES_MP,3,4,12,3052,4,explore_offset_q_aware,0.9867549668874172,161.71462554425216,80.85731277212608,3020,3052,
DES_MP,3,4,12,3052,4,naive,0.562874251497006,59.50301314333774,29.75150657166887,334,3052,
DES_MP,3,5,15,3054,2,anchor,0.9391752577319588,121.71573262876484,60.85786631438242,2910,27630,62.0
DES_MP,3,5,15,3054,2,aware,0.9580838323353292,154.8501000449736,77.4250500224868,334,3054,
DES_MP,3,5,15,3054,2,aware_on_anchor_rows,0.9604810996563574,154.8501000449736,77.4250500224868,2910,3054,
DES_MP,3,5,15,3054,2,explore_offset_q_aware,0.961512027491409,154.8501000449736,77.4250500224868,2910,3054,
DES_MP,3,5,15,3054,2,naive,0.7395209580838323,56.454774313299936,28.227387156649968,334,3054,
DES_MP,3,6,13,3057,0,anchor,0.9313993174061432,124.6706961357986,62.3353480678993,2930,27630,62.0
DES_MP,3,6,13,3057,0,aware,0.8798798798798799,155.9945955762175,77.99729778810877,333,3057,
DES_MP,3,6,13,3057,0,aware_on_anchor_rows,0.8979522184300341,155.9945955762175,77.99729778810877,2930,3057,
DES_MP,3,6,13,3057,0,explore_offset_q_aware,0.9549488054607508,155.9945955762175,77.99729778810877,2930,3057,
DES_MP,3,6,13,3057,0,naive,0.6546546546546547,52.96118874203592,26.48059437101796,333,3057,
DES_MP,3,7,14,3053,4,anchor,0.8800687285223368,113.6403810225388,56.8201905112694,2910,27640,62.0
DES_MP,3,7,14,3053,4,aware,0.8828828828828829,153.97001377667755,76.98500688833877,333,3053,
DES_MP,3,7,14,3053,4,aware_on_anchor_rows,0.8742268041237113,153.97001377667755,76.98500688833877,2910,3053,
DES_MP,3,7,14,3053,4,explore_offset_q_aware,0.9611683848797252,153.97001377667755,76.98500688833877,2910,3053,
DES_MP,3,7,14,3053,4,naive,0.4894894894894895,54.43960743686057,27.219803718430285,333,3053,
DES_MP,3,8,14,3052,5,anchor,0.9144329896907216,126.45459084990392,63.227295424951954,2910,27570,61.0
DES_MP,3,8,14,3052,5,aware,0.8708708708708709,149.3261501538633,74.66307507693165,333,3052,
DES_MP,3,8,14,3052,5,aware_on_anchor_rows,0.8845360824742268,149.3261501538633,74.66307507693165,2910,3052,
DES_MP,3,8,14,3052,5,explore_offset_q_aware,0.9484536082474226,149.3261501538633,74.66307507693165,2910,3052,
DES_MP,3,8,14,3052,5,naive,0.6096096096096096,52.58048753174592,26.29024376587296,333,3052,
DES_MP,3,9,14,3057,0,anchor,0.8261904761904761,114.74919861050408,57.37459930525203,2940,27620,62.0
DES_MP,3,9,14,3057,0,aware,0.8108108108108109,143.2072126304437,71.60360631522187,333,3057,
DES_MP,3,9,14,3057,0,aware_on_anchor_rows,0.8085034013605442,143.2072126304437,71.60360631522187,2940,3057,
DES_MP,3,9,14,3057,0,explore_offset_q_aware,0.8874149659863946,143.2072126304437,71.60360631522187,2940,3057,
DES_MP,3,9,14,3057,0,naive,0.5375375375375375,52.78837176120192,26.39418588060096,333,3057,
DES_MP,4,0,1,3002,0,anchor,0.974025974025974,129.17993487069168,64.58996743534584,3850,26710,70.0
DES_MP,4,0,1,3002,0,aware,0.9845360824742267,167.2848697483662,83.6424348741831,388,3002,
DES_MP,4,0,1,3002,0,aware_on_anchor_rows,0.9844155844155844,167.2848697483662,83.6424348741831,3850,3002,
DES_MP,4,0,1,3002,0,explore_offset_q_aware,0.9942857142857144,167.2848697483662,83.6424348741831,3850,3002,
DES_MP,4,0,1,3002,0,naive,0.7474226804123711,58.35531909259191,29.17765954629596,388,3002,
DES_MP,4,1,10,3056,0,anchor,0.980456026058632,126.67553441418174,63.33776720709087,3070,27490,66.0
DES_MP,4,1,10,3056,0,aware,0.9640718562874252,157.5456854813575,78.77284274067875,334,3056,
DES_MP,4,1,10,3056,0,aware_on_anchor_rows,0.9745928338762216,157.5456854813575,78.77284274067875,3070,3056,
DES_MP,4,1,10,3056,0,explore_offset_q_aware,0.9938110749185668,157.5456854813575,78.77284274067875,3070,3056,
DES_MP,4,1,10,3056,0,naive,0.7784431137724551,58.32337577905344,29.16168788952672,334,3056,
DES_MP,4,2,10,3056,0,anchor,0.9476973684210528,128.42747205576302,64.21373602788151,3040,27520,66.0
DES_MP,4,2,10,3056,0,aware,0.940119760479042,163.70211872744966,81.85105936372483,334,3056,
DES_MP,4,2,10,3056,0,aware_on_anchor_rows,0.9542763157894736,163.70211872744966,81.85105936372483,3040,3056,
DES_MP,4,2,10,3056,0,explore_offset_q_aware,0.9769736842105264,163.70211872744966,81.85105936372483,3040,3056,
DES_MP,4,2,10,3056,0,naive,0.718562874251497,57.58115458077202,28.79057729038601,334,3056,
DES_MP,4,3,12,3054,2,anchor,0.7040268456375839,120.49405171641544,60.247025858207714,2980,27570,64.0
DES_MP,4,3,12,3054,2,aware,0.7065868263473054,153.57079090909144,76.78539545454572,334,3054,
DES_MP,4,3,12,3054,2,aware_on_anchor_rows,0.688255033557047,153.57079090909144,76.78539545454572,2980,3054,
DES_MP,4,3,12,3054,2,explore_offset_q_aware,0.7973154362416107,153.57079090909144,76.78539545454572,2980,3054,
DES_MP,4,3,12,3054,2,naive,0.3712574850299401,56.44213780158714,28.22106890079357,334,3054,
DES_MP,4,4,12,3053,3,anchor,0.9158940397350992,134.44811787065152,67.22405893532576,3020,27490,62.0
DES_MP,4,4,12,3053,3,aware,0.9700598802395208,165.4605438148144,82.7302719074072,334,3053,
DES_MP,4,4,12,3053,3,aware_on_anchor_rows,0.9711920529801324,165.4605438148144,82.7302719074072,3020,3053,
DES_MP,4,4,12,3053,3,explore_offset_q_aware,0.9678807947019868,165.4605438148144,82.7302719074072,3020,3053,
DES_MP,4,4,12,3053,3,naive,0.5479041916167665,57.99947570923575,28.99973785461788,334,3053,
DES_MP,4,5,15,3055,1,anchor,0.9481099656357388,119.07064750043146,59.53532375021573,2910,27640,62.0
DES_MP,4,5,15,3055,1,aware,0.9251497005988024,156.557136783847,78.2785683919235,334,3055,
DES_MP,4,5,15,3055,1,aware_on_anchor_rows,0.9395189003436426,156.557136783847,78.2785683919235,2910,3055,
DES_MP,4,5,15,3055,1,explore_offset_q_aware,0.9731958762886598,156.557136783847,78.2785683919235,2910,3055,
DES_MP,4,5,15,3055,1,naive,0.7574850299401198,57.53736388191419,28.76868194095709,334,3055,
DES_MP,4,6,13,3053,4,anchor,0.9546075085324232,129.4520189036759,64.72600945183795,2930,27590,62.0
DES_MP,4,6,13,3053,4,aware,0.951951951951952,165.60155910165395,82.80077955082697,333,3053,
DES_MP,4,6,13,3053,4,aware_on_anchor_rows,0.9535836177474404,165.60155910165395,82.80077955082697,2930,3053,
DES_MP,4,6,13,3053,4,explore_offset_q_aware,0.979863481228669,165.60155910165395,82.80077955082697,2930,3053,
DES_MP,4,6,13,3053,4,naive,0.7147147147147147,55.16593364061748,27.58296682030874,333,3053,
DES_MP,4,7,14,3054,3,anchor,0.8539518900343642,117.366439402204,58.683219701102,2910,27650,62.0
DES_MP,4,7,14,3054,3,aware,0.8078078078078078,146.87334181527774,73.43667090763887,333,3054,
DES_MP,4,7,14,3054,3,aware_on_anchor_rows,0.8013745704467354,146.87334181527774,73.43667090763887,2910,3054,
DES_MP,4,7,14,3054,3,explore_offset_q_aware,0.9041237113402062,146.87334181527774,73.43667090763887,2910,3054,
DES_MP,4,7,14,3054,3,naive,0.3903903903903903,53.80322332496871,26.90161166248436,333,3054,
DES_MP,4,8,14,3056,1,anchor,0.8924398625429554,124.199807685909,62.0999038429545,2910,27650,62.0
DES_MP,4,8,14,3056,1,aware,0.9039039039039038,150.21050782395366,75.10525391197683,333,3056,
DES_MP,4,8,14,3056,1,aware_on_anchor_rows,0.9017182130584191,150.21050782395366,75.10525391197683,2910,3056,
DES_MP,4,8,14,3056,1,explore_offset_q_aware,0.945704467353952,150.21050782395366,75.10525391197683,2910,3056,
DES_MP,4,8,14,3056,1,naive,0.6186186186186187,51.4166136036406,25.7083068018203,333,3056,
DES_MP,4,9,14,3053,4,anchor,0.886734693877551,115.98340443483175,57.99170221741588,2940,27580,62.0
DES_MP,4,9,14,3053,4,aware,0.9069069069069068,151.17576248653188,75.58788124326594,333,3053,
DES_MP,4,9,14,3053,4,aware_on_anchor_rows,0.9153061224489796,151.17576248653188,75.58788124326594,2940,3053,
DES_MP,4,9,14,3053,4,explore_offset_q_aware,0.9384353741496598,151.17576248653188,75.58788124326594,2940,3053,
DES_MP,4,9,14,3053,4,naive,0.5765765765765766,52.2057138742756,26.1028569371378,333,3053,
DES_RHO,0,0,1,2388,1882,anchor,0.7507882882882883,0.1530836649212845,0.0765418324606422,26640,19770,67.0
DES_RHO,0,0,1,2388,1882,aware,0.885639295088114,0.1915814407541476,0.0957907203770738,2667,2388,
DES_RHO,0,0,1,2388,1882,aware_on_anchor_rows,0.8856606606606606,0.1915814407541476,0.0957907203770738,26640,2388,
DES_RHO,0,0,1,2388,1882,explore_offset_q_aware,0.8388888888888889,0.1915814407541476,0.0957907203770738,26640,2388,
DES_RHO,0,0,1,2388,1882,naive,0.4574428196475441,0.0498107001550507,0.0249053500775253,2667,2388,
DES_RHO,0,1,10,6398,65,anchor,1.0,0.1829409086656492,0.0914704543328246,4350,59930,94.0
DES_RHO,0,1,10,6398,65,aware,1.0,0.1828195676680091,0.0914097838340045,474,6398,
DES_RHO,0,1,10,6398,65,aware_on_anchor_rows,1.0,0.1828195676680091,0.0914097838340045,4350,6398,
DES_RHO,0,1,10,6398,65,explore_offset_q_aware,1.0,0.1828195676680091,0.0914097838340045,4350,6398,
DES_RHO,0,1,10,6398,65,naive,0.9029535864978904,0.0299761171027466,0.0149880585513733,474,6398,
DES_RHO,0,2,13,6096,365,anchor,0.981986143187067,0.1761374175741539,0.0880687087870769,4330,56950,91.0
DES_RHO,0,2,13,6096,365,aware,0.9831932773109244,0.1829620178500195,0.0914810089250097,476,6096,
DES_RHO,0,2,13,6096,365,aware_on_anchor_rows,0.9854503464203234,0.1829620178500195,0.0914810089250097,4330,6096,
DES_RHO,0,2,13,6096,365,explore_offset_q_aware,0.9824480369515012,0.1829620178500195,0.0914810089250097,4330,6096,
DES_RHO,0,2,13,6096,365,naive,0.8025210084033614,0.0300983555523228,0.0150491777761614,476,6096,
DES_RHO,0,3,15,6120,342,anchor,0.991529411764706,0.1805664056262289,0.0902832028131144,4250,57250,90.0
DES_RHO,0,3,15,6120,342,aware,0.9873684210526316,0.1813987018954335,0.0906993509477167,475,6120,
DES_RHO,0,3,15,6120,342,aware_on_anchor_rows,0.9910588235294118,0.1813987018954335,0.0906993509477167,4250,6120,
DES_RHO,0,3,15,6120,342,explore_offset_q_aware,0.991529411764706,0.1813987018954335,0.0906993509477167,4250,6120,
DES_RHO,0,3,15,6120,342,naive,0.7810526315789473,0.029979492080332,0.014989746040166,475,6120,
DES_RHO,0,4,15,6205,258,anchor,1.0,0.1845604572089836,0.0922802286044918,4270,58080,89.0
DES_RHO,0,4,15,6205,258,aware,1.0,0.1906357903560693,0.0953178951780346,474,6205,
DES_RHO,0,4,15,6205,258,aware_on_anchor_rows,1.0,0.1906357903560693,0.0953178951780346,4270,6205,
DES_RHO,0,4,15,6205,258,explore_offset_q_aware,1.0,0.1906357903560693,0.0953178951780346,4270,6205,
DES_RHO,0,4,15,6205,258,naive,0.7827004219409283,0.0311968302168401,0.01559841510842,474,6205,
DES_RHO,0,5,15,6291,173,anchor,0.9540284360189574,0.1826370783972013,0.0913185391986006,4220,58990,89.0
DES_RHO,0,5,15,6291,173,aware,0.93446088794926,0.1835119583608824,0.0917559791804412,473,6291,
DES_RHO,0,5,15,6291,173,aware_on_anchor_rows,0.9319905213270142,0.1835119583608824,0.0917559791804412,4220,6291,
DES_RHO,0,5,15,6291,173,explore_offset_q_aware,0.954265402843602,0.1835119583608824,0.0917559791804412,4220,6291,
DES_RHO,0,5,15,6291,173,naive,0.642706131078224,0.030324942505302,0.015162471252651,473,6291,
DES_RHO,0,6,15,6243,221,anchor,0.9367298578199053,0.1831745314720175,0.0915872657360087,4220,58490,89.0
DES_RHO,0,6,15,6243,221,aware,0.7526427061310782,0.1524726625234267,0.0762363312617133,473,6243,
DES_RHO,0,6,15,6243,221,aware_on_anchor_rows,0.7457345971563981,0.1524726625234267,0.0762363312617133,4220,6243,
DES_RHO,0,6,15,6243,221,explore_offset_q_aware,0.9049763033175356,0.1524726625234267,0.0762363312617133,4220,6243,
DES_RHO,0,6,15,6243,221,naive,0.386892177589852,0.0282852316382227,0.0141426158191113,473,6243,
DES_RHO,0,7,16,6238,224,anchor,0.8071090047393364,0.1759792285987995,0.0879896142993997,4220,58470,89.0
DES_RHO,0,7,16,6238,224,aware,0.8905263157894737,0.1766701235534666,0.0883350617767333,475,6238,
DES_RHO,0,7,16,6238,224,aware_on_anchor_rows,0.8888625592417062,0.1766701235534666,0.0883350617767333,4220,6238,
DES_RHO,0,7,16,6238,224,explore_offset_q_aware,0.8075829383886256,0.1766701235534666,0.0883350617767333,4220,6238,
DES_RHO,0,7,16,6238,224,naive,0.5515789473684211,0.0301868108081639,0.0150934054040819,475,6238,
DES_RHO,0,8,16,6298,164,anchor,0.8558194774346793,0.1635860223490354,0.0817930111745177,4210,59080,89.0
DES_RHO,0,8,16,6298,164,aware,0.888421052631579,0.1792617121742532,0.0896308560871266,475,6298,
DES_RHO,0,8,16,6298,164,aware_on_anchor_rows,0.8919239904988123,0.1792617121742532,0.0896308560871266,4210,6298,
DES_RHO,0,8,16,6298,164,explore_offset_q_aware,0.873396674584323,0.1792617121742532,0.0896308560871266,4210,6298,
DES_RHO,0,8,16,6298,164,naive,0.5073684210526316,0.0271730872059658,0.0135865436029829,475,6298,
DES_RHO,0,9,16,6202,260,anchor,0.9622327790973872,0.1869133321321825,0.0934566660660912,4210,58110,89.0
DES_RHO,0,9,16,6202,260,aware,0.8926315789473684,0.1737201924636839,0.0868600962318419,475,6202,
DES_RHO,0,9,16,6202,260,aware_on_anchor_rows,0.8895486935866983,0.1737201924636839,0.0868600962318419,4210,6202,
DES_RHO,0,9,16,6202,260,explore_offset_q_aware,0.9422802850356294,0.1737201924636839,0.0868600962318419,4210,6202,
DES_RHO,0,9,16,6202,260,naive,0.5936842105263158,0.0302974961260467,0.0151487480630233,475,6202,
DES_RHO,1,0,1,2388,1882,anchor,0.8456831831831831,0.1748063640337991,0.0874031820168995,26640,19770,67.0
DES_RHO,1,0,1,2388,1882,aware,0.916010498687664,0.2160600972353155,0.1080300486176577,2667,2388,
DES_RHO,1,0,1,2388,1882,aware_on_anchor_rows,0.9159534534534536,0.2160600972353155,0.1080300486176577,26640,2388,
DES_RHO,1,0,1,2388,1882,explore_offset_q_aware,0.9049924924924924,0.2160600972353155,0.1080300486176577,26640,2388,
DES_RHO,1,0,1,2388,1882,naive,0.4578177727784027,0.0481187196510237,0.0240593598255118,2667,2388,
DES_RHO,1,1,10,6423,40,anchor,1.0,0.193578194170087,0.0967890970850435,4350,60170,94.0
DES_RHO,1,1,10,6423,40,aware,0.981012658227848,0.1831066257217179,0.0915533128608589,474,6423,
DES_RHO,1,1,10,6423,40,aware_on_anchor_rows,0.9866666666666668,0.1831066257217179,0.0915533128608589,4350,6423,
DES_RHO,1,1,10,6423,40,explore_offset_q_aware,1.0,0.1831066257217179,0.0915533128608589,4350,6423,
DES_RHO,1,1,10,6423,40,naive,0.8438818565400844,0.0299058210451264,0.0149529105225632,474,6423,
DES_RHO,1,2,13,6166,295,anchor,0.9909930715935334,0.1802220810675802,0.0901110405337901,4330,57650,91.0
DES_RHO,1,2,13,6166,295,aware,0.9873949579831932,0.1750539841122136,0.0875269920561068,476,6166,
DES_RHO,1,2,13,6166,295,aware_on_anchor_rows,0.9909930715935334,0.1750539841122136,0.0875269920561068,4330,6166,
DES_RHO,1,2,13,6166,295,explore_offset_q_aware,0.9896073903002308,0.1750539841122136,0.0875269920561068,4330,6166,
DES_RHO,1,2,13,6166,295,naive,0.75,0.0298880640438747,0.0149440320219373,476,6166,
DES_RHO,1,3,15,6130,332,anchor,0.9948235294117648,0.1998959343121544,0.0999479671560772,4250,57310,89.0
DES_RHO,1,3,15,6130,332,aware,0.9936842105263158,0.1834315778988964,0.0917157889494482,475,6130,
DES_RHO,1,3,15,6130,332,aware_on_anchor_rows,0.9952941176470588,0.1834315778988964,0.0917157889494482,4250,6130,
DES_RHO,1,3,15,6130,332,explore_offset_q_aware,0.9943529411764706,0.1834315778988964,0.0917157889494482,4250,6130,
DES_RHO,1,3,15,6130,332,naive,0.7389473684210527,0.030456297405097,0.0152281487025485,475,6130,
DES_RHO,1,4,15,6241,222,anchor,0.9550351288056206,0.1805096675793938,0.0902548337896969,4270,58430,89.0
DES_RHO,1,4,15,6241,222,aware,0.9472573839662448,0.174247382484673,0.0871236912423365,474,6241,
DES_RHO,1,4,15,6241,222,aware_on_anchor_rows,0.9454332552693208,0.174247382484673,0.0871236912423365,4270,6241,
DES_RHO,1,4,15,6241,222,explore_offset_q_aware,0.9515222482435596,0.174247382484673,0.0871236912423365,4270,6241,
DES_RHO,1,4,15,6241,222,naive,0.7531645569620253,0.0291140327672336,0.0145570163836168,474,6241,
DES_RHO,1,5,15,6237,227,anchor,0.9909952606635072,0.2138255479383379,0.1069127739691689,4220,58430,89.0
DES_RHO,1,5,15,6237,227,aware,0.9830866807610994,0.1807706787878806,0.0903853393939403,473,6237,
DES_RHO,1,5,15,6237,227,aware_on_anchor_rows,0.9845971563981044,0.1807706787878806,0.0903853393939403,4220,6237,
DES_RHO,1,5,15,6237,227,explore_offset_q_aware,0.9874407582938388,0.1807706787878806,0.0903853393939403,4220,6237,
DES_RHO,1,5,15,6237,227,naive,0.6744186046511628,0.029916343185969,0.0149581715929845,473,6237,
DES_RHO,1,6,15,6230,234,anchor,0.9196682464454976,0.1796730777284802,0.0898365388642401,4220,58370,89.0
DES_RHO,1,6,15,6230,234,aware,0.813953488372093,0.1589538655545861,0.079476932777293,473,6230,
DES_RHO,1,6,15,6230,234,aware_on_anchor_rows,0.8056872037914692,0.1589538655545861,0.079476932777293,4220,6230,
DES_RHO,1,6,15,6230,234,explore_offset_q_aware,0.8985781990521327,0.1589538655545861,0.079476932777293,4220,6230,
DES_RHO,1,6,15,6230,234,naive,0.4482029598308668,0.0277877037916574,0.0138938518958287,473,6230,
DES_RHO,1,7,16,6294,168,anchor,0.8708530805687204,0.1857417355697628,0.0928708677848814,4220,59040,89.0
DES_RHO,1,7,16,6294,168,aware,0.8947368421052632,0.175777022995514,0.087888511497757,475,6294,
DES_RHO,1,7,16,6294,168,aware_on_anchor_rows,0.8902843601895735,0.175777022995514,0.087888511497757,4220,6294,
DES_RHO,1,7,16,6294,168,explore_offset_q_aware,0.8630331753554502,0.175777022995514,0.087888511497757,4220,6294,
DES_RHO,1,7,16,6294,168,naive,0.5073684210526316,0.0288247555464149,0.0144123777732074,475,6294,
DES_RHO,1,8,16,6252,210,anchor,0.834916864608076,0.1887716413021956,0.0943858206510978,4210,58640,89.0
DES_RHO,1,8,16,6252,210,aware,0.8652631578947368,0.1824277003313739,0.0912138501656869,475,6252,
DES_RHO,1,8,16,6252,210,aware_on_anchor_rows,0.8600950118764845,0.1824277003313739,0.0912138501656869,4210,6252,
DES_RHO,1,8,16,6252,210,explore_offset_q_aware,0.8273159144893112,0.1824277003313739,0.0912138501656869,4210,6252,
DES_RHO,1,8,16,6252,210,naive,0.6378947368421053,0.0284108492810855,0.0142054246405427,475,6252,
DES_RHO,1,9,16,6143,319,anchor,0.9724465558194776,0.1854851275358493,0.0927425637679246,4210,57520,89.0
DES_RHO,1,9,16,6143,319,aware,0.9242105263157896,0.1798079177744962,0.0899039588872481,475,6143,
DES_RHO,1,9,16,6143,319,aware_on_anchor_rows,0.9320665083135392,0.1798079177744962,0.0899039588872481,4210,6143,
DES_RHO,1,9,16,6143,319,explore_offset_q_aware,0.9695961995249406,0.1798079177744962,0.0899039588872481,4210,6143,
DES_RHO,1,9,16,6143,319,naive,0.6694736842105263,0.0297612644808191,0.0148806322404095,475,6143,
DES_RHO,2,0,1,2388,1882,anchor,0.8456456456456456,0.1713019551115829,0.0856509775557914,26640,19770,67.0
DES_RHO,2,0,1,2388,1882,aware,0.904386951631046,0.1976892762996658,0.0988446381498329,2667,2388,
DES_RHO,2,0,1,2388,1882,aware_on_anchor_rows,0.9043168168168167,0.1976892762996658,0.0988446381498329,26640,2388,
DES_RHO,2,0,1,2388,1882,explore_offset_q_aware,0.8869744744744745,0.1976892762996658,0.0988446381498329,26640,2388,
DES_RHO,2,0,1,2388,1882,naive,0.4499437570303712,0.0472351044647743,0.0236175522323871,2667,2388,
DES_RHO,2,1,10,6395,68,anchor,0.9880459770114942,0.1818932883496978,0.0909466441748489,4350,59890,94.0
DES_RHO,2,1,10,6395,68,aware,0.9831223628691984,0.1891364410509965,0.0945682205254982,474,6395,
DES_RHO,2,1,10,6395,68,aware_on_anchor_rows,0.9896551724137932,0.1891364410509965,0.0945682205254982,4350,6395,
DES_RHO,2,1,10,6395,68,explore_offset_q_aware,0.9880459770114942,0.1891364410509965,0.0945682205254982,4350,6395,
DES_RHO,2,1,10,6395,68,naive,0.8544303797468354,0.0293045764397148,0.0146522882198574,474,6395,
DES_RHO,2,2,13,6083,378,anchor,0.997228637413395,0.1778711178163161,0.088935558908158,4330,56830,91.0
DES_RHO,2,2,13,6083,378,aware,0.9936974789915968,0.1811117418765322,0.0905558709382661,476,6083,
DES_RHO,2,2,13,6083,378,aware_on_anchor_rows,0.9969976905311778,0.1811117418765322,0.0905558709382661,4330,6083,
DES_RHO,2,2,13,6083,378,explore_offset_q_aware,0.997459584295612,0.1811117418765322,0.0905558709382661,4330,6083,
DES_RHO,2,2,13,6083,378,naive,0.8109243697478992,0.0297421569437372,0.0148710784718686,476,6083,
DES_RHO,2,3,15,6131,331,anchor,0.9967058823529412,0.1921988887590894,0.0960994443795447,4250,57370,90.0
DES_RHO,2,3,15,6131,331,aware,0.9494736842105264,0.1714082031731403,0.0857041015865701,475,6131,
DES_RHO,2,3,15,6131,331,aware_on_anchor_rows,0.956,0.1714082031731403,0.0857041015865701,4250,6131,
DES_RHO,2,3,15,6131,331,explore_offset_q_aware,0.9950588235294118,0.1714082031731403,0.0857041015865701,4250,6131,
DES_RHO,2,3,15,6131,331,naive,0.7178947368421053,0.0296624113028056,0.0148312056514028,475,6131,
DES_RHO,2,4,15,6241,222,anchor,0.9988290398126464,0.1879377423628823,0.0939688711814411,4270,58430,89.0
DES_RHO,2,4,15,6241,222,aware,0.9852320675105484,0.1820804203358319,0.0910402101679159,474,6241,
DES_RHO,2,4,15,6241,222,aware_on_anchor_rows,0.985480093676815,0.1820804203358319,0.0910402101679159,4270,6241,
DES_RHO,2,4,15,6241,222,explore_offset_q_aware,0.9985948477751756,0.1820804203358319,0.0910402101679159,4270,6241,
DES_RHO,2,4,15,6241,222,naive,0.6983122362869199,0.0297023674036904,0.0148511837018452,474,6241,
DES_RHO,2,5,15,6240,224,anchor,0.9585308056872038,0.1878314210158948,0.0939157105079474,4220,58440,88.0
DES_RHO,2,5,15,6240,224,aware,0.959830866807611,0.1798352912291947,0.0899176456145973,473,6240,
DES_RHO,2,5,15,6240,224,aware_on_anchor_rows,0.957345971563981,0.1798352912291947,0.0899176456145973,4220,6240,
DES_RHO,2,5,15,6240,224,explore_offset_q_aware,0.9559241706161138,0.1798352912291947,0.0899176456145973,4220,6240,
DES_RHO,2,5,15,6240,224,naive,0.6807610993657506,0.0294009423846062,0.0147004711923031,473,6240,
DES_RHO,2,6,15,6257,207,anchor,0.9355450236966824,0.1799790636304683,0.0899895318152341,4220,58640,89.0
DES_RHO,2,6,15,6257,207,aware,0.8245243128964059,0.1631940129506213,0.0815970064753106,473,6257,
DES_RHO,2,6,15,6257,207,aware_on_anchor_rows,0.8149289099526066,0.1631940129506213,0.0815970064753106,4220,6257,
DES_RHO,2,6,15,6257,207,explore_offset_q_aware,0.9113744075829384,0.1631940129506213,0.0815970064753106,4220,6257,
DES_RHO,2,6,15,6257,207,naive,0.4566596194503171,0.0288378539232549,0.0144189269616274,473,6257,
DES_RHO,2,7,16,6278,184,anchor,0.843127962085308,0.1821906777550659,0.0910953388775329,4220,58860,89.0
DES_RHO,2,7,16,6278,184,aware,0.9073684210526316,0.1704830566521078,0.0852415283260539,475,6278,
DES_RHO,2,7,16,6278,184,aware_on_anchor_rows,0.9045023696682464,0.1704830566521078,0.0852415283260539,4220,6278,
DES_RHO,2,7,16,6278,184,explore_offset_q_aware,0.837914691943128,0.1704830566521078,0.0852415283260539,4220,6278,
DES_RHO,2,7,16,6278,184,naive,0.5978947368421053,0.0295645362336274,0.0147822681168137,475,6278,
DES_RHO,2,8,16,6267,195,anchor,0.7935866983372921,0.1693806287190442,0.0846903143595221,4210,58770,89.0
DES_RHO,2,8,16,6267,195,aware,0.8589473684210527,0.1701875016500094,0.0850937508250047,475,6267,
DES_RHO,2,8,16,6267,195,aware_on_anchor_rows,0.861520190023753,0.1701875016500094,0.0850937508250047,4210,6267,
DES_RHO,2,8,16,6267,195,explore_offset_q_aware,0.7947743467933491,0.1701875016500094,0.0850937508250047,4210,6267,
DES_RHO,2,8,16,6267,195,naive,0.5831578947368421,0.0285678379990366,0.0142839189995183,475,6267,
DES_RHO,2,9,16,6201,261,anchor,0.9646080760095012,0.1843451850274768,0.0921725925137384,4210,58110,89.0
DES_RHO,2,9,16,6201,261,aware,0.8926315789473684,0.1690649942613593,0.0845324971306796,475,6201,
DES_RHO,2,9,16,6201,261,aware_on_anchor_rows,0.8942992874109263,0.1690649942613593,0.0845324971306796,4210,6201,
DES_RHO,2,9,16,6201,261,explore_offset_q_aware,0.9503562945368172,0.1690649942613593,0.0845324971306796,4210,6201,
DES_RHO,2,9,16,6201,261,naive,0.5957894736842105,0.030562205016547,0.0152811025082735,475,6201,
DES_RHO,3,0,1,2388,1882,anchor,0.7701951951951952,0.1449570889392357,0.0724785444696178,26640,19770,67.0
DES_RHO,3,0,1,2388,1882,aware,0.8590176227971503,0.1753889018350389,0.0876944509175194,2667,2388,
DES_RHO,3,0,1,2388,1882,aware_on_anchor_rows,0.8590840840840841,0.1753889018350389,0.0876944509175194,26640,2388,
DES_RHO,3,0,1,2388,1882,explore_offset_q_aware,0.8415165165165165,0.1753889018350389,0.0876944509175194,26640,2388,
DES_RHO,3,0,1,2388,1882,naive,0.474315710536183,0.0501877083053017,0.0250938541526508,2667,2388,
DES_RHO,3,1,10,6378,85,anchor,1.0,0.1918488364602114,0.0959244182301057,4350,59720,94.0
DES_RHO,3,1,10,6378,85,aware,0.9831223628691984,0.1812833840433558,0.0906416920216779,474,6378,
DES_RHO,3,1,10,6378,85,aware_on_anchor_rows,0.9848275862068966,0.1812833840433558,0.0906416920216779,4350,6378,
DES_RHO,3,1,10,6378,85,explore_offset_q_aware,1.0,0.1812833840433558,0.0906416920216779,4350,6378,
DES_RHO,3,1,10,6378,85,naive,0.8459915611814346,0.0295692179265167,0.0147846089632583,474,6378,
DES_RHO,3,2,13,6117,344,anchor,0.9976905311778292,0.1876191775595491,0.0938095887797745,4330,57160,91.0
DES_RHO,3,2,13,6117,344,aware,0.9978991596638656,0.1794269022852275,0.0897134511426137,476,6117,
DES_RHO,3,2,13,6117,344,aware_on_anchor_rows,0.9979214780600462,0.1794269022852275,0.0897134511426137,4330,6117,
DES_RHO,3,2,13,6117,344,explore_offset_q_aware,0.9976905311778292,0.1794269022852275,0.0897134511426137,4330,6117,
DES_RHO,3,2,13,6117,344,naive,0.7478991596638656,0.0309094130221345,0.0154547065110672,476,6117,
DES_RHO,3,3,15,6137,325,anchor,0.9851764705882352,0.1829445870226997,0.0914722935113498,4250,57420,90.0
DES_RHO,3,3,15,6137,325,aware,0.9789473684210528,0.1826243078530711,0.0913121539265355,475,6137,
DES_RHO,3,3,15,6137,325,aware_on_anchor_rows,0.9830588235294118,0.1826243078530711,0.0913121539265355,4250,6137,
DES_RHO,3,3,15,6137,325,explore_offset_q_aware,0.9851764705882352,0.1826243078530711,0.0913121539265355,4250,6137,
DES_RHO,3,3,15,6137,325,naive,0.72,0.0298934632770779,0.0149467316385389,475,6137,
DES_RHO,3,4,15,6334,129,anchor,0.9749414519906324,0.1933579461080924,0.0966789730540462,4270,59360,89.0
DES_RHO,3,4,15,6334,129,aware,0.9662447257383966,0.1830066008917008,0.0915033004458504,474,6334,
DES_RHO,3,4,15,6334,129,aware_on_anchor_rows,0.9679156908665104,0.1830066008917008,0.0915033004458504,4270,6334,
DES_RHO,3,4,15,6334,129,explore_offset_q_aware,0.9714285714285714,0.1830066008917008,0.0915033004458504,4270,6334,
DES_RHO,3,4,15,6334,129,naive,0.6265822784810127,0.0294097788327856,0.0147048894163928,474,6334,
DES_RHO,3,5,15,6200,264,anchor,0.9651658767772512,0.1866014671254032,0.0933007335627016,4220,58040,88.0
DES_RHO,3,5,15,6200,264,aware,0.949260042283298,0.1800558446909492,0.0900279223454746,473,6200,
DES_RHO,3,5,15,6200,264,aware_on_anchor_rows,0.9476303317535544,0.1800558446909492,0.0900279223454746,4220,6200,
DES_RHO,3,5,15,6200,264,explore_offset_q_aware,0.9630331753554502,0.1800558446909492,0.0900279223454746,4220,6200,
DES_RHO,3,5,15,6200,264,naive,0.733615221987315,0.030051753566924,0.015025876783462,473,6200,
DES_RHO,3,6,15,6232,232,anchor,0.8315165876777251,0.1843858129411918,0.0921929064705959,4220,58400,89.0
DES_RHO,3,6,15,6232,232,aware,0.7209302325581395,0.1560666732207152,0.0780333366103576,473,6232,
DES_RHO,3,6,15,6232,232,aware_on_anchor_rows,0.7087677725118483,0.1560666732207152,0.0780333366103576,4220,6232,
DES_RHO,3,6,15,6232,232,explore_offset_q_aware,0.7921800947867299,0.1560666732207152,0.0780333366103576,4220,6232,
DES_RHO,3,6,15,6232,232,naive,0.3826638477801268,0.0276473975528492,0.0138236987764246,473,6232,
DES_RHO,3,7,16,6271,191,anchor,0.8789099526066351,0.1650632554889026,0.0825316277444513,4220,58800,89.0
DES_RHO,3,7,16,6271,191,aware,0.9284210526315788,0.1736575701606946,0.0868287850803473,475,6271,
DES_RHO,3,7,16,6271,191,aware_on_anchor_rows,0.9251184834123224,0.1736575701606946,0.0868287850803473,4220,6271,
DES_RHO,3,7,16,6271,191,explore_offset_q_aware,0.8848341232227488,0.1736575701606946,0.0868287850803473,4220,6271,
DES_RHO,3,7,16,6271,191,naive,0.5494736842105263,0.0289056110144541,0.014452805507227,475,6271,
DES_RHO,3,8,16,6242,220,anchor,0.8268408551068883,0.1798440135931714,0.0899220067965857,4210,58530,89.0
DES_RHO,3,8,16,6242,220,aware,0.848421052631579,0.1803790633920994,0.0901895316960497,475,6242,
DES_RHO,3,8,16,6242,220,aware_on_anchor_rows,0.8522565320665083,0.1803790633920994,0.0901895316960497,4210,6242,
DES_RHO,3,8,16,6242,220,explore_offset_q_aware,0.8280285035629453,0.1803790633920994,0.0901895316960497,4210,6242,
DES_RHO,3,8,16,6242,220,naive,0.6063157894736843,0.0295703851563735,0.0147851925781867,475,6242,
DES_RHO,3,9,16,6162,300,anchor,0.9693586698337292,0.2063023416996006,0.1031511708498003,4210,57710,89.0
DES_RHO,3,9,16,6162,300,aware,0.9136842105263158,0.1783178535606779,0.0891589267803389,475,6162,
DES_RHO,3,9,16,6162,300,aware_on_anchor_rows,0.9140142517814728,0.1783178535606779,0.0891589267803389,4210,6162,
DES_RHO,3,9,16,6162,300,explore_offset_q_aware,0.9498812351543944,0.1783178535606779,0.0891589267803389,4210,6162,
DES_RHO,3,9,16,6162,300,naive,0.6863157894736842,0.0313180223427966,0.0156590111713983,475,6162,
DES_RHO,4,0,1,2388,1882,anchor,0.7601351351351351,0.1361739093892902,0.0680869546946451,26640,19770,67.0
DES_RHO,4,0,1,2388,1882,aware,0.8590176227971503,0.177219787065733,0.0886098935328665,2667,2388,
DES_RHO,4,0,1,2388,1882,aware_on_anchor_rows,0.8589714714714715,0.177219787065733,0.0886098935328665,26640,2388,
DES_RHO,4,0,1,2388,1882,explore_offset_q_aware,0.8448198198198198,0.177219787065733,0.0886098935328665,26640,2388,
DES_RHO,4,0,1,2388,1882,naive,0.441694788151481,0.0473609704147932,0.0236804852073966,2667,2388,
DES_RHO,4,1,10,6400,63,anchor,0.9788505747126436,0.1949245492363383,0.0974622746181691,4350,59940,94.0
DES_RHO,4,1,10,6400,63,aware,0.9704641350210972,0.1874636643498382,0.0937318321749191,474,6400,
DES_RHO,4,1,10,6400,63,aware_on_anchor_rows,0.974942528735632,0.1874636643498382,0.0937318321749191,4350,6400,
DES_RHO,4,1,10,6400,63,explore_offset_q_aware,0.9788505747126436,0.1874636643498382,0.0937318321749191,4350,6400,
DES_RHO,4,1,10,6400,63,naive,0.8734177215189873,0.0292686736363418,0.0146343368181709,474,6400,
DES_RHO,4,2,13,6137,324,anchor,0.9986143187066976,0.184742058238277,0.0923710291191385,4330,57370,91.0
DES_RHO,4,2,13,6137,324,aware,0.9978991596638656,0.184438295587634,0.092219147793817,476,6137,
DES_RHO,4,2,13,6137,324,aware_on_anchor_rows,0.9983833718244804,0.184438295587634,0.092219147793817,4330,6137,
DES_RHO,4,2,13,6137,324,explore_offset_q_aware,0.9986143187066976,0.184438295587634,0.092219147793817,4330,6137,
DES_RHO,4,2,13,6137,324,naive,0.8214285714285714,0.0307279296735618,0.0153639648367809,476,6137,
DES_RHO,4,3,15,6127,335,anchor,0.9927058823529412,0.1860545960120164,0.0930272980060082,4250,57320,90.0
DES_RHO,4,3,15,6127,335,aware,0.9536842105263158,0.1823099670662678,0.0911549835331339,475,6127,
DES_RHO,4,3,15,6127,335,aware_on_anchor_rows,0.9712941176470588,0.1823099670662678,0.0911549835331339,4250,6127,
DES_RHO,4,3,15,6127,335,explore_offset_q_aware,0.992470588235294,0.1823099670662678,0.0911549835331339,4250,6127,
DES_RHO,4,3,15,6127,335,naive,0.6863157894736842,0.0297862352296025,0.0148931176148012,475,6127,
DES_RHO,4,4,15,6317,146,anchor,0.970023419203747,0.1839516396770093,0.0919758198385046,4270,59200,89.0
DES_RHO,4,4,15,6317,146,aware,0.9535864978902954,0.1835816210384824,0.0917908105192412,474,6317,
DES_RHO,4,4,15,6317,146,aware_on_anchor_rows,0.9515222482435596,0.1835816210384824,0.0917908105192412,4270,6317,
DES_RHO,4,4,15,6317,146,explore_offset_q_aware,0.970023419203747,0.1835816210384824,0.0917908105192412,4270,6317,
DES_RHO,4,4,15,6317,146,naive,0.6540084388185654,0.0287440155472045,0.0143720077736022,474,6317,
DES_RHO,4,5,15,6202,262,anchor,0.9556872037914692,0.179072387860813,0.0895361939304065,4220,58060,88.0
DES_RHO,4,5,15,6202,262,aware,0.9386892177589852,0.1737608559100545,0.0868804279550272,473,6202,
DES_RHO,4,5,15,6202,262,aware_on_anchor_rows,0.940521327014218,0.1737608559100545,0.0868804279550272,4220,6202,
DES_RHO,4,5,15,6202,262,explore_offset_q_aware,0.95260663507109,0.1737608559100545,0.0868804279550272,4220,6202,
DES_RHO,4,5,15,6202,262,naive,0.6976744186046512,0.0299115489440087,0.0149557744720043,473,6202,
DES_RHO,4,6,15,6255,209,anchor,0.9040284360189572,0.1733066679867892,0.0866533339933946,4220,58610,89.0
DES_RHO,4,6,15,6255,209,aware,0.8604651162790697,0.1604525952598146,0.0802262976299073,473,6255,
DES_RHO,4,6,15,6255,209,aware_on_anchor_rows,0.8554502369668247,0.1604525952598146,0.0802262976299073,4220,6255,
DES_RHO,4,6,15,6255,209,explore_offset_q_aware,0.8876777251184834,0.1604525952598146,0.0802262976299073,4220,6255,
DES_RHO,4,6,15,6255,209,naive,0.4778012684989429,0.0284830643406688,0.0142415321703344,473,6255,
DES_RHO,4,7,16,6269,193,anchor,0.8725118483412322,0.1928507541764975,0.0964253770882487,4220,58770,89.0
DES_RHO,4,7,16,6269,193,aware,0.9178947368421052,0.1719644242753988,0.0859822121376994,475,6269,
DES_RHO,4,7,16,6269,193,aware_on_anchor_rows,0.9116113744075828,0.1719644242753988,0.0859822121376994,4220,6269,
DES_RHO,4,7,16,6269,193,explore_offset_q_aware,0.8530805687203792,0.1719644242753988,0.0859822121376994,4220,6269,
DES_RHO,4,7,16,6269,193,naive,0.5515789473684211,0.0288007146316608,0.0144003573158304,475,6269,
DES_RHO,4,8,16,6218,244,anchor,0.8477434679334916,0.1948484303811056,0.0974242151905528,4210,58290,89.0
DES_RHO,4,8,16,6218,244,aware,0.8736842105263158,0.1766638925925931,0.0883319462962965,475,6218,
DES_RHO,4,8,16,6218,244,aware_on_anchor_rows,0.8691211401425178,0.1766638925925931,0.0883319462962965,4210,6218,
DES_RHO,4,8,16,6218,244,explore_offset_q_aware,0.8216152019002375,0.1766638925925931,0.0883319462962965,4210,6218,
DES_RHO,4,8,16,6218,244,naive,0.5936842105263158,0.0292311497008532,0.0146155748504266,475,6218,
DES_RHO,4,9,16,6162,300,anchor,0.9429928741092636,0.180380093542501,0.0901900467712505,4210,57720,89.0
DES_RHO,4,9,16,6162,300,aware,0.9221052631578948,0.1780853494321004,0.0890426747160502,475,6162,
DES_RHO,4,9,16,6162,300,aware_on_anchor_rows,0.9187648456057008,0.1780853494321004,0.0890426747160502,4210,6162,
DES_RHO,4,9,16,6162,300,explore_offset_q_aware,0.9415676959619952,0.1780853494321004,0.0890426747160502,4210,6162,
DES_RHO,4,9,16,6162,300,naive,0.7094736842105264,0.0304229331961329,0.0152114665980664,475,6162,
DYE,0,0,1,61,0,anchor,0.7671641791044777,74.5642318342152,37.2821159171076,670,210,3.0
DYE,0,0,1,61,0,aware,0.8142857142857143,93.422005026455,46.7110025132275,70,61,
DYE,0,0,1,61,0,aware_on_anchor_rows,0.8149253731343283,93.422005026455,46.7110025132275,670,61,
DYE,0,0,1,61,0,explore_offset_q_aware,0.9,93.422005026455,46.7110025132275,670,61,
DYE,0,0,1,61,0,naive,0.7,70.49667575757567,35.24833787878784,70,61,
DYE,0,1,1,120,0,anchor,0.975,99.38210466570476,49.69105233285239,80,800,3.0
DYE,0,1,1,120,0,aware,1.0,98.06145411255405,49.030727056277016,11,120,
DYE,0,1,1,120,0,aware_on_anchor_rows,1.0,98.06145411255405,49.030727056277016,80,120,
DYE,0,1,1,120,0,explore_offset_q_aware,0.975,98.06145411255405,49.030727056277016,80,120,
DYE,0,1,1,120,0,naive,0.6363636363636364,81.6948788359789,40.84743941798945,11,120,
DYE,0,2,1,121,0,anchor,1.0,96.7252311287478,48.3626155643739,70,810,3.0
DYE,0,2,1,121,0,aware,1.0,99.74541798941809,49.87270899470904,10,121,
DYE,0,2,1,121,0,aware_on_anchor_rows,1.0,99.74541798941809,49.87270899470904,70,121,
DYE,0,2,1,121,0,explore_offset_q_aware,1.0,99.74541798941809,49.87270899470904,70,121,
DYE,0,2,1,121,0,naive,0.4,77.35092804232806,38.67546402116403,10,121,
DYE,0,3,1,122,0,anchor,0.9666666666666668,96.73859391534398,48.36929695767199,60,820,3.0
DYE,0,3,1,122,0,aware,1.0,100.82141851851851,50.41070925925926,9,122,
DYE,0,3,1,122,0,aware_on_anchor_rows,1.0,100.82141851851851,50.41070925925926,60,122,
DYE,0,3,1,122,0,explore_offset_q_aware,0.9666666666666668,100.82141851851851,50.41070925925926,60,122,
DYE,0,3,1,122,0,naive,1.0,85.7629071428571,42.88145357142855,9,122,
DYE,0,4,1,125,0,anchor,,101.52485024050029,50.762425120250136,0,880,4.0
DYE,0,4,1,125,0,aware,1.0,101.90873386243368,50.954366931216846,6,125,
DYE,0,4,1,125,0,aware_on_anchor_rows,,101.90873386243368,50.954366931216846,0,125,
DYE,0,4,1,125,0,explore_offset_q_aware,,101.90873386243368,50.954366931216846,0,125,
DYE,0,4,1,125,0,naive,1.0,79.19360238095247,39.59680119047624,6,125,
DYE,0,5,1,126,0,anchor,,100.94275843354175,50.471379216770885,0,880,4.0
DYE,0,5,1,126,0,aware,1.0,91.2690868686868,45.6345434343434,5,126,
DYE,0,5,1,126,0,aware_on_anchor_rows,,91.2690868686868,45.6345434343434,0,126,
DYE,0,5,1,126,0,explore_offset_q_aware,,91.2690868686868,45.6345434343434,0,126,
DYE,0,5,1,126,0,naive,1.0,77.89269920634923,38.94634960317462,5,126,
DYE,0,6,1,124,2,anchor,,88.91966181657838,44.45983090828919,0,880,4.0
DYE,0,6,1,124,2,aware,1.0,100.60693968253965,50.303469841269816,5,124,
DYE,0,6,1,124,2,aware_on_anchor_rows,,100.60693968253965,50.303469841269816,0,124,
DYE,0,6,1,124,2,explore_offset_q_aware,,100.60693968253965,50.303469841269816,0,124,
DYE,0,6,1,124,2,naive,1.0,80.8802664502165,40.44013322510825,5,124,
DYE,0,7,1,124,2,anchor,,105.59734594356256,52.79867297178128,0,880,4.0
DYE,0,7,1,124,2,aware,1.0,98.34843511303497,49.17421755651748,5,124,
DYE,0,7,1,124,2,aware_on_anchor_rows,,98.34843511303497,49.17421755651748,0,124,
DYE,0,7,1,124,2,explore_offset_q_aware,,98.34843511303497,49.17421755651748,0,124,
DYE,0,7,1,124,2,naive,1.0,81.46476164021163,40.73238082010582,5,124,
DYE,0,8,2,125,0,anchor,,94.37437619047614,47.18718809523807,0,880,4.0
DYE,0,8,2,125,0,aware,1.0,96.93630767195774,48.46815383597887,6,125,
DYE,0,8,2,125,0,aware_on_anchor_rows,,96.93630767195774,48.46815383597887,0,125,
DYE,0,8,2,125,0,explore_offset_q_aware,,96.93630767195774,48.46815383597887,0,125,
DYE,0,8,2,125,0,naive,1.0,83.62739814814809,41.81369907407405,6,125,
DYE,0,9,2,127,0,anchor,,105.75961863876856,52.879809319384286,0,880,4.0
DYE,0,9,2,127,0,aware,1.0,102.33571507936507,51.16785753968254,4,127,
DYE,0,9,2,127,0,aware_on_anchor_rows,,102.33571507936507,51.16785753968254,0,127,
DYE,0,9,2,127,0,explore_offset_q_aware,,102.33571507936507,51.16785753968254,0,127,
DYE,0,9,2,127,0,naive,1.0,77.2268531746032,38.6134265873016,4,127,
DYE,1,0,1,61,0,anchor,0.6537313432835821,65.78889188712517,32.89444594356259,670,210,3.0
DYE,1,0,1,61,0,aware,0.7857142857142857,89.72963333333335,44.86481666666668,70,61,
DYE,1,0,1,61,0,aware_on_anchor_rows,0.7850746268656716,89.72963333333335,44.86481666666668,670,61,
DYE,1,0,1,61,0,explore_offset_q_aware,0.8313432835820895,89.72963333333335,44.86481666666668,670,61,
DYE,1,0,1,61,0,naive,0.7142857142857143,77.00328333333343,38.50164166666672,70,61,
DYE,1,1,1,120,0,anchor,0.9375,94.98085167548518,47.49042583774259,80,800,3.0
DYE,1,1,1,120,0,aware,1.0,101.94736084656093,50.973680423280456,11,120,
DYE,1,1,1,120,0,aware_on_anchor_rows,1.0,101.94736084656093,50.973680423280456,80,120,
DYE,1,1,1,120,0,explore_offset_q_aware,0.9875,101.94736084656093,50.973680423280456,80,120,
DYE,1,1,1,120,0,naive,0.6363636363636364,74.27933253968266,37.13966626984133,11,120,
DYE,1,2,1,121,0,anchor,1.0,100.69494012345685,50.347470061728416,70,810,3.0
DYE,1,2,1,121,0,aware,1.0,101.22443730158716,50.61221865079359,10,121,
DYE,1,2,1,121,0,aware_on_anchor_rows,1.0,101.22443730158716,50.61221865079359,70,121,
DYE,1,2,1,121,0,explore_offset_q_aware,1.0,101.22443730158716,50.61221865079359,70,121,
DYE,1,2,1,121,0,naive,0.3,76.84353174603172,38.42176587301586,10,121,
DYE,1,3,1,122,0,anchor,1.0,106.33480582010588,53.16740291005294,60,820,3.0
DYE,1,3,1,122,0,aware,1.0,102.34210873015886,51.17105436507943,9,122,
DYE,1,3,1,122,0,aware_on_anchor_rows,1.0,102.34210873015886,51.17105436507943,60,122,
DYE,1,3,1,122,0,explore_offset_q_aware,1.0,102.34210873015886,51.17105436507943,60,122,
DYE,1,3,1,122,0,naive,1.0,79.4605238095238,39.7302619047619,9,122,
DYE,1,4,1,125,0,anchor,,99.68224126984128,49.84112063492064,0,880,4.0
DYE,1,4,1,125,0,aware,1.0,109.43564708994724,54.717823544973626,6,125,
DYE,1,4,1,125,0,aware_on_anchor_rows,,109.43564708994724,54.717823544973626,0,125,
DYE,1,4,1,125,0,explore_offset_q_aware,,109.43564708994724,54.717823544973626,0,125,
DYE,1,4,1,125,0,naive,1.0,76.01259838864848,38.00629919432424,6,125,
DYE,1,5,1,124,2,anchor,,95.76669885361548,47.88334942680774,0,880,4.0
DYE,1,5,1,124,2,aware,1.0,96.76802486772488,48.38401243386244,5,124,
DYE,1,5,1,124,2,aware_on_anchor_rows,,96.76802486772488,48.38401243386244,0,124,
DYE,1,5,1,124,2,explore_offset_q_aware,,96.76802486772488,48.38401243386244,0,124,
DYE,1,5,1,124,2,naive,1.0,87.80114126984125,43.90057063492063,5,124,
DYE,1,6,1,126,0,anchor,,95.82380485008824,47.91190242504412,0,880,4.0
DYE,1,6,1,126,0,aware,1.0,92.90279365079364,46.45139682539682,5,126,
DYE,1,6,1,126,0,aware_on_anchor_rows,,92.90279365079364,46.45139682539682,0,126,
DYE,1,6,1,126,0,explore_offset_q_aware,,92.90279365079364,46.45139682539682,0,126,
DYE,1,6,1,126,0,naive,1.0,83.8585587301587,41.92927936507935,5,126,
DYE,1,7,1,124,2,anchor,,106.92847231533896,53.46423615766948,0,880,4.0
DYE,1,7,1,124,2,aware,1.0,101.77330775335778,50.88665387667889,5,124,
DYE,1,7,1,124,2,aware_on_anchor_rows,,101.77330775335778,50.88665387667889,0,124,
DYE,1,7,1,124,2,explore_offset_q_aware,,101.77330775335778,50.88665387667889,0,124,
DYE,1,7,1,124,2,naive,1.0,85.2111603174603,42.60558015873015,5,124,
DYE,1,8,2,125,0,anchor,,96.73667142857146,48.36833571428573,0,880,4.0
DYE,1,8,2,125,0,aware,1.0,100.91621798941787,50.458108994708944,6,125,
DYE,1,8,2,125,0,aware_on_anchor_rows,,100.91621798941787,50.458108994708944,0,125,
DYE,1,8,2,125,0,explore_offset_q_aware,,100.91621798941787,50.458108994708944,0,125,
DYE,1,8,2,125,0,naive,1.0,75.9036693121694,37.9518346560847,6,125,
DYE,1,9,2,127,0,anchor,,100.66994629629636,50.33497314814818,0,880,4.0
DYE,1,9,2,127,0,aware,1.0,100.39016529581542,50.19508264790771,4,127,
DYE,1,9,2,127,0,aware_on_anchor_rows,,100.39016529581542,50.19508264790771,0,127,
DYE,1,9,2,127,0,explore_offset_q_aware,,100.39016529581542,50.19508264790771,0,127,
DYE,1,9,2,127,0,naive,1.0,80.69305,40.346525,4,127,
DYE,2,0,1,61,0,anchor,0.7119402985074627,77.59935343915342,38.79967671957671,670,210,3.0
DYE,2,0,1,61,0,aware,0.7857142857142857,89.64817460317452,44.82408730158726,70,61,
DYE,2,0,1,61,0,aware_on_anchor_rows,0.7850746268656716,89.64817460317452,44.82408730158726,670,61,
DYE,2,0,1,61,0,explore_offset_q_aware,0.7865671641791044,89.64817460317452,44.82408730158726,670,61,
DYE,2,0,1,61,0,naive,0.7142857142857143,77.53094179894177,38.76547089947088,70,61,
DYE,2,1,1,120,0,anchor,1.0,105.41066499919845,52.705332499599216,80,800,3.0
DYE,2,1,1,120,0,aware,1.0,99.3174526695527,49.65872633477635,11,120,
DYE,2,1,1,120,0,aware_on_anchor_rows,1.0,99.3174526695527,49.65872633477635,80,120,
DYE,2,1,1,120,0,explore_offset_q_aware,1.0,99.3174526695527,49.65872633477635,80,120,
DYE,2,1,1,120,0,naive,0.6363636363636364,77.24116984126984,38.62058492063492,11,120,
DYE,2,2,1,121,0,anchor,1.0,106.74471243386247,53.37235621693124,70,810,3.0
DYE,2,2,1,121,0,aware,1.0,98.70754206349208,49.35377103174604,10,121,
DYE,2,2,1,121,0,aware_on_anchor_rows,1.0,98.70754206349208,49.35377103174604,70,121,
DYE,2,2,1,121,0,explore_offset_q_aware,1.0,98.70754206349208,49.35377103174604,70,121,
DYE,2,2,1,121,0,naive,0.3,78.47229894179905,39.23614947089953,10,121,
DYE,2,3,1,122,0,anchor,0.8666666666666667,97.04535105820094,48.52267552910047,60,820,3.0
DYE,2,3,1,122,0,aware,1.0,101.0061214285714,50.5030607142857,9,122,
DYE,2,3,1,122,0,aware_on_anchor_rows,1.0,101.0061214285714,50.5030607142857,60,122,
DYE,2,3,1,122,0,explore_offset_q_aware,0.9,101.0061214285714,50.5030607142857,60,122,
DYE,2,3,1,122,0,naive,1.0,80.59700978835976,40.29850489417988,9,122,
DYE,2,4,1,125,0,anchor,,93.46651031746032,46.73325515873017,0,880,4.0
DYE,2,4,1,125,0,aware,1.0,105.12939047619037,52.564695238095176,6,125,
DYE,2,4,1,125,0,aware_on_anchor_rows,,105.12939047619037,52.564695238095176,0,125,
DYE,2,4,1,125,0,explore_offset_q_aware,,105.12939047619037,52.564695238095176,0,125,
DYE,2,4,1,125,0,naive,1.0,82.58984285714291,41.294921428571456,6,125,
DYE,2,5,1,124,2,anchor,,97.442207319224,48.721103659612,0,880,4.0
DYE,2,5,1,124,2,aware,1.0,100.1286246031746,50.06431230158729,5,124,
DYE,2,5,1,124,2,aware_on_anchor_rows,,100.1286246031746,50.06431230158729,0,124,
DYE,2,5,1,124,2,explore_offset_q_aware,,100.1286246031746,50.06431230158729,0,124,
DYE,2,5,1,124,2,naive,1.0,78.39462994227993,39.19731497113997,5,124,
DYE,2,6,1,124,2,anchor,,93.4173658810326,46.7086829405163,0,880,4.0
DYE,2,6,1,124,2,aware,1.0,95.51598701298698,47.75799350649349,5,124,
DYE,2,6,1,124,2,aware_on_anchor_rows,,95.51598701298698,47.75799350649349,0,124,
DYE,2,6,1,124,2,explore_offset_q_aware,,95.51598701298698,47.75799350649349,0,124,
DYE,2,6,1,124,2,naive,0.8,79.69974682539677,39.84987341269839,5,124,
DYE,2,7,1,126,0,anchor,,100.84430202821878,50.42215101410939,0,880,4.0
DYE,2,7,1,126,0,aware,1.0,92.28315634920642,46.14157817460321,5,126,
DYE,2,7,1,126,0,aware_on_anchor_rows,,92.28315634920642,46.14157817460321,0,126,
DYE,2,7,1,126,0,explore_offset_q_aware,,92.28315634920642,46.14157817460321,0,126,
DYE,2,7,1,126,0,naive,1.0,84.15164179894184,42.07582089947092,5,126,
DYE,2,8,2,125,0,anchor,,95.52530337502014,47.76265168751007,0,880,4.0
DYE,2,8,2,125,0,aware,1.0,102.63219417989409,51.31609708994704,6,125,
DYE,2,8,2,125,0,aware_on_anchor_rows,,102.63219417989409,51.31609708994704,0,125,
DYE,2,8,2,125,0,explore_offset_q_aware,,102.63219417989409,51.31609708994704,0,125,
DYE,2,8,2,125,0,naive,1.0,79.76422830687835,39.882114153439176,6,125,
DYE,2,9,2,127,0,anchor,,92.94873156966486,46.47436578483243,0,880,4.0
DYE,2,9,2,127,0,aware,1.0,100.33882962962964,50.16941481481482,4,127,
DYE,2,9,2,127,0,aware_on_anchor_rows,,100.33882962962964,50.16941481481482,0,127,
DYE,2,9,2,127,0,explore_offset_q_aware,,100.33882962962964,50.16941481481482,0,127,
DYE,2,9,2,127,0,naive,1.0,81.9129420634921,40.95647103174605,4,127,
DYE,3,0,1,61,0,anchor,0.6716417910447762,65.80877010582012,32.90438505291006,670,210,3.0
DYE,3,0,1,61,0,aware,0.8,90.74169444444446,45.37084722222223,70,61,
DYE,3,0,1,61,0,aware_on_anchor_rows,0.7955223880597015,90.74169444444446,45.37084722222223,670,61,
DYE,3,0,1,61,0,explore_offset_q_aware,0.8313432835820895,90.74169444444446,45.37084722222223,670,61,
DYE,3,0,1,61,0,naive,0.7142857142857143,76.02163888888886,38.01081944444443,70,61,
DYE,3,1,1,120,0,anchor,0.9875,100.25949109347442,50.12974554673721,80,800,3.0
DYE,3,1,1,120,0,aware,1.0,97.33413148148148,48.667065740740746,11,120,
DYE,3,1,1,120,0,aware_on_anchor_rows,1.0,97.33413148148148,48.667065740740746,80,120,
DYE,3,1,1,120,0,explore_offset_q_aware,0.975,97.33413148148148,48.667065740740746,80,120,
DYE,3,1,1,120,0,naive,0.6363636363636364,76.54744338624342,38.27372169312171,11,120,
DYE,3,2,1,121,0,anchor,1.0,100.74683855218848,50.37341927609424,70,810,3.0
DYE,3,2,1,121,0,aware,0.9,97.84596984126982,48.92298492063491,10,121,
DYE,3,2,1,121,0,aware_on_anchor_rows,0.9,97.84596984126982,48.92298492063491,70,121,
DYE,3,2,1,121,0,explore_offset_q_aware,1.0,97.84596984126982,48.92298492063491,70,121,
DYE,3,2,1,121,0,naive,0.3,78.56191904761918,39.28095952380959,10,121,
DYE,3,3,1,122,0,anchor,0.9833333333333332,106.21654420394424,53.10827210197212,60,820,3.0
DYE,3,3,1,122,0,aware,1.0,98.76397222222224,49.38198611111112,9,122,
DYE,3,3,1,122,0,aware_on_anchor_rows,1.0,98.76397222222224,49.38198611111112,60,122,
DYE,3,3,1,122,0,explore_offset_q_aware,0.9666666666666668,98.76397222222224,49.38198611111112,60,122,
DYE,3,3,1,122,0,naive,1.0,77.39582116402113,38.69791058201056,9,122,
DYE,3,4,1,125,0,anchor,,104.12101826198491,52.06050913099246,0,880,4.0
DYE,3,4,1,125,0,aware,1.0,107.47846510341516,53.73923255170757,6,125,
DYE,3,4,1,125,0,aware_on_anchor_rows,,107.47846510341516,53.73923255170757,0,125,
DYE,3,4,1,125,0,explore_offset_q_aware,,107.47846510341516,53.73923255170757,0,125,
DYE,3,4,1,125,0,naive,1.0,74.44300714285711,37.22150357142856,6,125,
DYE,3,5,1,126,0,anchor,,106.13949929453268,53.069749647266335,0,880,4.0
DYE,3,5,1,126,0,aware,1.0,91.91727433862428,45.95863716931214,5,126,
DYE,3,5,1,126,0,aware_on_anchor_rows,,91.91727433862428,45.95863716931214,0,126,
DYE,3,5,1,126,0,explore_offset_q_aware,,91.91727433862428,45.95863716931214,0,126,
DYE,3,5,1,126,0,naive,1.0,78.23210502645505,39.11605251322752,5,126,
DYE,3,6,1,124,2,anchor,,97.6276585217252,48.813829260862605,0,880,4.0
DYE,3,6,1,124,2,aware,1.0,96.24806666666662,48.12403333333331,5,124,
DYE,3,6,1,124,2,aware_on_anchor_rows,,96.24806666666662,48.12403333333331,0,124,
DYE,3,6,1,124,2,explore_offset_q_aware,,96.24806666666662,48.12403333333331,0,124,
DYE,3,6,1,124,2,naive,1.0,81.36615052910051,40.683075264550254,5,124,
DYE,3,7,1,124,2,anchor,,91.70766225749554,45.85383112874777,0,880,4.0
DYE,3,7,1,124,2,aware,1.0,100.03498174603172,50.01749087301586,5,124,
DYE,3,7,1,124,2,aware_on_anchor_rows,,100.03498174603172,50.01749087301586,0,124,
DYE,3,7,1,124,2,explore_offset_q_aware,,100.03498174603172,50.01749087301586,0,124,
DYE,3,7,1,124,2,naive,1.0,79.31203888888884,39.65601944444442,5,124,
DYE,3,8,2,125,0,anchor,,98.58520088183418,49.29260044091709,0,880,4.0
DYE,3,8,2,125,0,aware,1.0,100.04063730158722,50.02031865079361,6,125,
DYE,3,8,2,125,0,aware_on_anchor_rows,,100.04063730158722,50.02031865079361,0,125,
DYE,3,8,2,125,0,explore_offset_q_aware,,100.04063730158722,50.02031865079361,0,125,
DYE,3,8,2,125,0,naive,1.0,79.05835000000005,39.52917500000002,6,125,
DYE,3,9,2,127,0,anchor,,102.95426358024692,51.47713179012346,0,880,4.0
DYE,3,9,2,127,0,aware,1.0,101.98603492063498,50.99301746031749,4,127,
DYE,3,9,2,127,0,aware_on_anchor_rows,,101.98603492063498,50.99301746031749,0,127,
DYE,3,9,2,127,0,explore_offset_q_aware,,101.98603492063498,50.99301746031749,0,127,
DYE,3,9,2,127,0,naive,1.0,82.75649285714293,41.378246428571465,4,127,
DYE,4,0,1,61,0,anchor,0.7477611940298508,68.50250238095248,34.25125119047624,670,210,3.0
DYE,4,0,1,61,0,aware,0.7857142857142857,89.7109063492063,44.85545317460315,70,61,
DYE,4,0,1,61,0,aware_on_anchor_rows,0.7850746268656716,89.7109063492063,44.85545317460315,670,61,
DYE,4,0,1,61,0,explore_offset_q_aware,0.8716417910447761,89.7109063492063,44.85545317460315,670,61,
DYE,4,0,1,61,0,naive,0.7142857142857143,74.83179206349212,37.41589603174606,70,61,
DYE,4,1,1,120,0,anchor,0.9875,96.16435162738505,48.08217581369252,80,800,3.0
DYE,4,1,1,120,0,aware,1.0,100.62399603174596,50.31199801587298,11,120,
DYE,4,1,1,120,0,aware_on_anchor_rows,1.0,100.62399603174596,50.31199801587298,80,120,
DYE,4,1,1,120,0,explore_offset_q_aware,0.9875,100.62399603174596,50.31199801587298,80,120,
DYE,4,1,1,120,0,naive,0.9090909090909092,83.85503783068779,41.927518915343896,11,120,
DYE,4,2,1,121,0,anchor,1.0,101.61375520282184,50.80687760141092,70,810,3.0
DYE,4,2,1,121,0,aware,1.0,99.74237936507936,49.871189682539686,10,121,
DYE,4,2,1,121,0,aware_on_anchor_rows,1.0,99.74237936507936,49.871189682539686,70,121,
DYE,4,2,1,121,0,explore_offset_q_aware,1.0,99.74237936507936,49.871189682539686,70,121,
DYE,4,2,1,121,0,naive,0.3,77.2199851851852,38.6099925925926,10,121,
DYE,4,3,1,122,0,anchor,0.9666666666666668,101.93842742504408,50.96921371252204,60,820,3.0
DYE,4,3,1,122,0,aware,1.0,101.92008915343928,50.960044576719646,9,122,
DYE,4,3,1,122,0,aware_on_anchor_rows,1.0,101.92008915343928,50.960044576719646,60,122,
DYE,4,3,1,122,0,explore_offset_q_aware,0.9666666666666668,101.92008915343928,50.960044576719646,60,122,
DYE,4,3,1,122,0,naive,1.0,81.85498968253974,40.92749484126987,9,122,
DYE,4,4,1,125,0,anchor,,95.02058174603178,47.51029087301589,0,880,4.0
DYE,4,4,1,125,0,aware,1.0,105.1548997354497,52.57744986772485,6,125,
DYE,4,4,1,125,0,aware_on_anchor_rows,,105.1548997354497,52.57744986772485,0,125,
DYE,4,4,1,125,0,explore_offset_q_aware,,105.1548997354497,52.57744986772485,0,125,
DYE,4,4,1,125,0,naive,1.0,80.60060714285717,40.300303571428586,6,125,
DYE,4,5,1,124,2,anchor,,91.7034471781305,45.85172358906525,0,880,4.0
DYE,4,5,1,124,2,aware,1.0,101.77979350649346,50.88989675324673,5,124,
DYE,4,5,1,124,2,aware_on_anchor_rows,,101.77979350649346,50.88989675324673,0,124,
DYE,4,5,1,124,2,explore_offset_q_aware,,101.77979350649346,50.88989675324673,0,124,
DYE,4,5,1,124,2,naive,1.0,76.59554920634923,38.29777460317462,5,124,
DYE,4,6,1,124,2,anchor,,101.39241693121696,50.696208465608485,0,880,4.0
DYE,4,6,1,124,2,aware,1.0,96.84507063492065,48.42253531746032,5,124,
DYE,4,6,1,124,2,aware_on_anchor_rows,,96.84507063492065,48.42253531746032,0,124,
DYE,4,6,1,124,2,explore_offset_q_aware,,96.84507063492065,48.42253531746032,0,124,
DYE,4,6,1,124,2,naive,1.0,78.41692619047619,39.208463095238095,5,124,
DYE,4,7,1,126,0,anchor,,92.79584523809535,46.39792261904768,0,880,4.0
DYE,4,7,1,126,0,aware,1.0,92.68598968253968,46.34299484126984,5,126,
DYE,4,7,1,126,0,aware_on_anchor_rows,,92.68598968253968,46.34299484126984,0,126,
DYE,4,7,1,126,0,explore_offset_q_aware,,92.68598968253968,46.34299484126984,0,126,
DYE,4,7,1,126,0,naive,1.0,82.0709383597884,41.0354691798942,5,126,
DYE,4,8,2,125,0,anchor,,94.74950335097,47.374751675485,0,880,4.0
DYE,4,8,2,125,0,aware,1.0,103.57778888888888,51.788894444444445,6,125,
DYE,4,8,2,125,0,aware_on_anchor_rows,,103.57778888888888,51.788894444444445,0,125,
DYE,4,8,2,125,0,explore_offset_q_aware,,103.57778888888888,51.788894444444445,0,125,
DYE,4,8,2,125,0,naive,1.0,79.31788359788357,39.65894179894178,6,125,
DYE,4,9,2,127,0,anchor,,95.3954555635722,47.6977277817861,0,880,4.0
DYE,4,9,2,127,0,aware,1.0,102.72177962962962,51.36088981481481,4,127,
DYE,4,9,2,127,0,aware_on_anchor_rows,,102.72177962962962,51.36088981481481,0,127,
DYE,4,9,2,127,0,explore_offset_q_aware,,102.72177962962962,51.36088981481481,0,127,
DYE,4,9,2,127,0,naive,1.0,76.70919206349211,38.354596031746055,4,127,
ES1,0,0,1,681,0,anchor,1.0,1.0037463607422523,0.5018731803711262,930,5070,32.0
ES1,0,0,1,681,0,aware,1.0,1.2682975655948123,0.6341487827974062,96,681,
ES1,0,0,1,681,0,aware_on_anchor_rows,1.0,1.2682975655948123,0.6341487827974062,930,681,
ES1,0,0,1,681,0,explore_offset_q_aware,1.0,1.2682975655948123,0.6341487827974062,930,681,
ES1,0,0,1,681,0,naive,1.0,0.6464450496748286,0.3232225248374143,96,681,
ES1,0,1,4,701,0,anchor,1.0,1.01222510330154,0.5061125516507701,630,5370,30.0
ES1,0,1,4,701,0,aware,1.0,1.1397503551809756,0.5698751775904878,76,701,
ES1,0,1,4,701,0,aware_on_anchor_rows,1.0,1.1397503551809756,0.5698751775904878,630,701,
ES1,0,1,4,701,0,explore_offset_q_aware,1.0,1.1397503551809756,0.5698751775904878,630,701,
ES1,0,1,4,701,0,naive,0.9342105263157896,0.6315937900243442,0.3157968950121721,76,701,
ES1,0,2,6,701,0,anchor,0.6627118644067796,0.8716421524124612,0.4358210762062306,590,5410,30.0
ES1,0,2,6,701,0,aware,0.8421052631578947,1.2101263132180575,0.6050631566090288,76,701,
ES1,0,2,6,701,0,aware_on_anchor_rows,0.8271186440677966,1.2101263132180575,0.6050631566090288,590,701,
ES1,0,2,6,701,0,explore_offset_q_aware,0.8050847457627118,1.2101263132180575,0.6050631566090288,590,701,
ES1,0,2,6,701,0,naive,0.5789473684210527,0.5673546775819842,0.2836773387909921,76,701,
ES1,0,3,6,701,0,anchor,0.8879310344827587,0.9474527408331124,0.4737263704165562,580,5420,30.0
ES1,0,3,6,701,0,aware,0.9736842105263158,1.1708756482606075,0.5854378241303038,76,701,
ES1,0,3,6,701,0,aware_on_anchor_rows,1.0,1.1708756482606075,0.5854378241303038,580,701,
ES1,0,3,6,701,0,explore_offset_q_aware,0.946551724137931,1.1708756482606075,0.5854378241303038,580,701,
ES1,0,3,6,701,0,naive,0.7631578947368421,0.6703828208218017,0.3351914104109008,76,701,
ES1,0,4,6,701,0,anchor,0.7017543859649122,0.865544046114394,0.432772023057197,570,5430,30.0
ES1,0,4,6,701,0,aware,0.7105263157894737,1.0515639711477087,0.5257819855738544,76,701,
ES1,0,4,6,701,0,aware_on_anchor_rows,0.6894736842105263,1.0515639711477087,0.5257819855738544,570,701,
ES1,0,4,6,701,0,explore_offset_q_aware,0.8175438596491228,1.0515639711477087,0.5257819855738544,570,701,
ES1,0,4,6,701,0,naive,0.4736842105263157,0.5590543753119235,0.2795271876559617,76,701,
ES1,0,5,6,701,0,anchor,0.8127272727272727,0.9243350604142436,0.4621675302071217,550,5450,30.0
ES1,0,5,6,701,0,aware,0.9473684210526316,1.1885064018231697,0.5942532009115848,76,701,
ES1,0,5,6,701,0,aware_on_anchor_rows,0.94,1.1885064018231697,0.5942532009115848,550,701,
ES1,0,5,6,701,0,explore_offset_q_aware,0.9109090909090908,1.1885064018231697,0.5942532009115848,550,701,
ES1,0,5,6,701,0,naive,0.5789473684210527,0.5987711146833936,0.2993855573416968,76,701,
ES1,0,6,7,701,0,anchor,0.937037037037037,0.982023172705728,0.491011586352864,540,5460,29.0
ES1,0,6,7,701,0,aware,0.8947368421052632,1.1760933938252278,0.5880466969126139,76,701,
ES1,0,6,7,701,0,aware_on_anchor_rows,0.8740740740740741,1.1760933938252278,0.5880466969126139,540,701,
ES1,0,6,7,701,0,explore_offset_q_aware,0.9648148148148148,1.1760933938252278,0.5880466969126139,540,701,
ES1,0,6,7,701,0,naive,0.4473684210526316,0.611841744903443,0.3059208724517215,76,701,
ES1,0,7,6,702,0,anchor,1.0,0.9777845026347364,0.4888922513173681,520,5480,29.0
ES1,0,7,6,702,0,aware,0.8,1.0524913908988631,0.5262456954494317,75,702,
ES1,0,7,6,702,0,aware_on_anchor_rows,0.7980769230769231,1.0524913908988631,0.5262456954494317,520,702,
ES1,0,7,6,702,0,explore_offset_q_aware,1.0,1.0524913908988631,0.5262456954494317,520,702,
ES1,0,7,6,702,0,naive,0.5866666666666667,0.6100006203982336,0.3050003101991168,75,702,
ES1,0,8,6,702,0,anchor,0.9528301886792452,1.0228138321119034,0.5114069160559517,530,5470,29.0
ES1,0,8,6,702,0,aware,0.9733333333333334,1.210500865572385,0.6052504327861925,75,702,
ES1,0,8,6,702,0,aware_on_anchor_rows,0.9679245283018868,1.210500865572385,0.6052504327861925,530,702,
ES1,0,8,6,702,0,explore_offset_q_aware,0.9735849056603774,1.210500865572385,0.6052504327861925,530,702,
ES1,0,8,6,702,0,naive,0.7066666666666667,0.6089390305222162,0.3044695152611081,75,702,
ES1,0,9,6,702,0,anchor,0.8982142857142857,0.9572042974689772,0.4786021487344885,560,5440,28.0
ES1,0,9,6,702,0,aware,0.96,1.1924441351976904,0.5962220675988452,75,702,
ES1,0,9,6,702,0,aware_on_anchor_rows,0.9714285714285714,1.1924441351976904,0.5962220675988452,560,702,
ES1,0,9,6,702,0,explore_offset_q_aware,0.9410714285714286,1.1924441351976904,0.5962220675988452,560,702,
ES1,0,9,6,702,0,naive,0.7333333333333333,0.6500322629817346,0.3250161314908673,75,702,
ES1,1,0,1,681,0,anchor,1.0,1.0788485801297167,0.5394242900648584,930,5070,32.0
ES1,1,0,1,681,0,aware,1.0,1.208050027593071,0.6040250137965355,96,681,
ES1,1,0,1,681,0,aware_on_anchor_rows,1.0,1.208050027593071,0.6040250137965355,930,681,
ES1,1,0,1,681,0,explore_offset_q_aware,1.0,1.208050027593071,0.6040250137965355,930,681,
ES1,1,0,1,681,0,naive,1.0,0.6705264138160905,0.3352632069080452,96,681,
ES1,1,1,4,701,0,anchor,1.0,0.9550771383101396,0.4775385691550698,630,5370,30.0
ES1,1,1,4,701,0,aware,1.0,1.1393312439335816,0.5696656219667908,76,701,
ES1,1,1,4,701,0,aware_on_anchor_rows,1.0,1.1393312439335816,0.5696656219667908,630,701,
ES1,1,1,4,701,0,explore_offset_q_aware,1.0,1.1393312439335816,0.5696656219667908,630,701,
ES1,1,1,4,701,0,naive,0.9473684210526316,0.6517158445401279,0.3258579222700639,76,701,
ES1,1,2,6,701,0,anchor,0.8152542372881356,0.9488347950260928,0.4744173975130464,590,5410,30.0
ES1,1,2,6,701,0,aware,0.881578947368421,1.1547859981493085,0.5773929990746542,76,701,
ES1,1,2,6,701,0,aware_on_anchor_rows,0.8661016949152542,1.1547859981493085,0.5773929990746542,590,701,
ES1,1,2,6,701,0,explore_offset_q_aware,0.8898305084745762,1.1547859981493085,0.5773929990746542,590,701,
ES1,1,2,6,701,0,naive,0.3421052631578947,0.608651546797347,0.3043257733986735,76,701,
ES1,1,3,6,701,0,anchor,0.6275862068965518,0.8396363536227132,0.4198181768113566,580,5420,30.0
ES1,1,3,6,701,0,aware,0.7105263157894737,1.0562621846606208,0.5281310923303104,76,701,
ES1,1,3,6,701,0,aware_on_anchor_rows,0.743103448275862,1.0562621846606208,0.5281310923303104,580,701,
ES1,1,3,6,701,0,explore_offset_q_aware,0.7224137931034482,1.0562621846606208,0.5281310923303104,580,701,
ES1,1,3,6,701,0,naive,0.4605263157894737,0.5543436880010475,0.2771718440005237,76,701,
ES1,1,4,6,701,0,anchor,0.7157894736842105,0.8881017761368852,0.4440508880684426,570,5430,30.0
ES1,1,4,6,701,0,aware,0.75,1.056633835861806,0.5283169179309031,76,701,
ES1,1,4,6,701,0,aware_on_anchor_rows,0.6929824561403509,1.056633835861806,0.5283169179309031,570,701,
ES1,1,4,6,701,0,explore_offset_q_aware,0.7807017543859649,1.056633835861806,0.5283169179309031,570,701,
ES1,1,4,6,701,0,naive,0.5,0.5737578955140918,0.2868789477570459,76,701,
ES1,1,5,6,701,0,anchor,0.8272727272727273,0.9878269601431696,0.4939134800715847,550,5450,30.0
ES1,1,5,6,701,0,aware,0.9210526315789472,1.1672840852340558,0.5836420426170279,76,701,
ES1,1,5,6,701,0,aware_on_anchor_rows,0.9236363636363636,1.1672840852340558,0.5836420426170279,550,701,
ES1,1,5,6,701,0,explore_offset_q_aware,0.901818181818182,1.1672840852340558,0.5836420426170279,550,701,
ES1,1,5,6,701,0,naive,0.5131578947368421,0.5639689991117773,0.2819844995558886,76,701,
ES1,1,6,7,701,0,anchor,0.95,1.037718914126432,0.518859457063216,540,5460,29.0
ES1,1,6,7,701,0,aware,0.9342105263157896,1.1621290513597122,0.5810645256798561,76,701,
ES1,1,6,7,701,0,aware_on_anchor_rows,0.9185185185185184,1.1621290513597122,0.5810645256798561,540,701,
ES1,1,6,7,701,0,explore_offset_q_aware,0.9703703703703704,1.1621290513597122,0.5810645256798561,540,701,
ES1,1,6,7,701,0,naive,0.6842105263157895,0.6266083287383344,0.3133041643691672,76,701,
ES1,1,7,6,702,0,anchor,1.0,0.938839926228213,0.4694199631141065,520,5480,29.0
ES1,1,7,6,702,0,aware,0.7866666666666666,1.0723917551483524,0.5361958775741762,75,702,
ES1,1,7,6,702,0,aware_on_anchor_rows,0.7826923076923077,1.0723917551483524,0.5361958775741762,520,702,
ES1,1,7,6,702,0,explore_offset_q_aware,1.0,1.0723917551483524,0.5361958775741762,520,702,
ES1,1,7,6,702,0,naive,0.6,0.6542934711460804,0.3271467355730402,75,702,
ES1,1,8,6,702,0,anchor,0.8830188679245283,0.9914627867443504,0.4957313933721752,530,5470,29.0
ES1,1,8,6,702,0,aware,0.9333333333333332,1.1410098872959875,0.5705049436479939,75,702,
ES1,1,8,6,702,0,aware_on_anchor_rows,0.9283018867924528,1.1410098872959875,0.5705049436479939,530,702,
ES1,1,8,6,702,0,explore_offset_q_aware,0.9245283018867924,1.1410098872959875,0.5705049436479939,530,702,
ES1,1,8,6,702,0,naive,0.6533333333333333,0.6015056339195022,0.3007528169597511,75,702,
ES1,1,9,6,702,0,anchor,0.9964285714285714,0.9895972030886254,0.4947986015443127,560,5440,28.0
ES1,1,9,6,702,0,aware,1.0,1.2217651576772035,0.6108825788386019,75,702,
ES1,1,9,6,702,0,aware_on_anchor_rows,1.0,1.2217651576772035,0.6108825788386019,560,702,
ES1,1,9,6,702,0,explore_offset_q_aware,1.0,1.2217651576772035,0.6108825788386019,560,702,
ES1,1,9,6,702,0,naive,0.72,0.6355827978624067,0.3177913989312033,75,702,
ES1,2,0,1,681,0,anchor,1.0,1.0435079328289152,0.5217539664144576,930,5070,32.0
ES1,2,0,1,681,0,aware,1.0,1.225714567354386,0.612857283677193,96,681,
ES1,2,0,1,681,0,aware_on_anchor_rows,1.0,1.225714567354386,0.612857283677193,930,681,
ES1,2,0,1,681,0,explore_offset_q_aware,1.0,1.225714567354386,0.612857283677193,930,681,
ES1,2,0,1,681,0,naive,1.0,0.6243129098755462,0.3121564549377731,96,681,
ES1,2,1,4,701,0,anchor,1.0,1.015296172692806,0.507648086346403,630,5370,30.0
ES1,2,1,4,701,0,aware,1.0,1.1791744281137833,0.5895872140568916,76,701,
ES1,2,1,4,701,0,aware_on_anchor_rows,1.0,1.1791744281137833,0.5895872140568916,630,701,
ES1,2,1,4,701,0,explore_offset_q_aware,1.0,1.1791744281137833,0.5895872140568916,630,701,
ES1,2,1,4,701,0,naive,0.6973684210526315,0.6388064776850086,0.3194032388425043,76,701,
ES1,2,2,6,701,0,anchor,0.9338983050847458,0.9608057292087362,0.4804028646043681,590,5410,30.0
ES1,2,2,6,701,0,aware,0.9736842105263158,1.140378898719388,0.570189449359694,76,701,
ES1,2,2,6,701,0,aware_on_anchor_rows,1.0,1.140378898719388,0.570189449359694,590,701,
ES1,2,2,6,701,0,explore_offset_q_aware,0.9796610169491524,1.140378898719388,0.570189449359694,590,701,
ES1,2,2,6,701,0,naive,0.7631578947368421,0.649460362288055,0.3247301811440275,76,701,
ES1,2,3,6,701,0,anchor,0.6379310344827587,0.9031935689406672,0.4515967844703336,580,5420,30.0
ES1,2,3,6,701,0,aware,0.8157894736842105,1.2041305005493177,0.6020652502746588,76,701,
ES1,2,3,6,701,0,aware_on_anchor_rows,0.8224137931034483,1.2041305005493177,0.6020652502746588,580,701,
ES1,2,3,6,701,0,explore_offset_q_aware,0.7689655172413793,1.2041305005493177,0.6020652502746588,580,701,
ES1,2,3,6,701,0,naive,0.4868421052631579,0.5287522799722089,0.2643761399861044,76,701,
ES1,2,4,6,701,0,anchor,0.7526315789473684,0.8725910906388586,0.4362955453194293,570,5430,30.0
ES1,2,4,6,701,0,aware,0.6973684210526315,1.0107497039736897,0.5053748519868448,76,701,
ES1,2,4,6,701,0,aware_on_anchor_rows,0.6877192982456141,1.0107497039736897,0.5053748519868448,570,701,
ES1,2,4,6,701,0,explore_offset_q_aware,0.8368421052631579,1.0107497039736897,0.5053748519868448,570,701,
ES1,2,4,6,701,0,naive,0.5394736842105263,0.5632962973643565,0.2816481486821782,76,701,
ES1,2,5,6,701,0,anchor,0.7909090909090909,0.924697912157566,0.4623489560787829,550,5450,30.0
ES1,2,5,6,701,0,aware,0.9342105263157896,1.1201780922125386,0.5600890461062693,76,701,
ES1,2,5,6,701,0,aware_on_anchor_rows,0.9290909090909092,1.1201780922125386,0.5600890461062693,550,701,
ES1,2,5,6,701,0,explore_offset_q_aware,0.8854545454545455,1.1201780922125386,0.5600890461062693,550,701,
ES1,2,5,6,701,0,naive,0.6052631578947368,0.590929447298187,0.2954647236490935,76,701,
ES1,2,6,7,701,0,anchor,0.937037037037037,0.9746632244185536,0.4873316122092768,540,5460,29.0
ES1,2,6,7,701,0,aware,0.881578947368421,1.105234830516305,0.5526174152581524,76,701,
ES1,2,6,7,701,0,aware_on_anchor_rows,0.8592592592592593,1.105234830516305,0.5526174152581524,540,701,
ES1,2,6,7,701,0,explore_offset_q_aware,0.9537037037037036,1.105234830516305,0.5526174152581524,540,701,
ES1,2,6,7,701,0,naive,0.6578947368421053,0.6349534608708485,0.3174767304354242,76,701,
ES1,2,7,6,702,0,anchor,1.0,0.982050290502419,0.4910251452512095,520,5480,29.0
ES1,2,7,6,702,0,aware,0.84,1.09413709757413,0.547068548787065,75,702,
ES1,2,7,6,702,0,aware_on_anchor_rows,0.8173076923076923,1.09413709757413,0.547068548787065,520,702,
ES1,2,7,6,702,0,explore_offset_q_aware,1.0,1.09413709757413,0.547068548787065,520,702,
ES1,2,7,6,702,0,naive,0.72,0.6497204390502924,0.3248602195251462,75,702,
ES1,2,8,6,702,0,anchor,0.920754716981132,0.9502515190536128,0.4751257595268064,530,5470,29.0
ES1,2,8,6,702,0,aware,0.92,1.2140486429845394,0.6070243214922697,75,702,
ES1,2,8,6,702,0,aware_on_anchor_rows,0.9641509433962264,1.2140486429845394,0.6070243214922697,530,702,
ES1,2,8,6,702,0,explore_offset_q_aware,0.9547169811320756,1.2140486429845394,0.6070243214922697,530,702,
ES1,2,8,6,702,0,naive,0.52,0.5911682826074571,0.2955841413037285,75,702,
ES1,2,9,6,702,0,anchor,0.9821428571428572,1.01152283616699,0.505761418083495,560,5440,28.0
ES1,2,9,6,702,0,aware,0.9866666666666668,1.2672704664311245,0.6336352332155621,75,702,
ES1,2,9,6,702,0,aware_on_anchor_rows,1.0,1.2672704664311245,0.6336352332155621,560,702,
ES1,2,9,6,702,0,explore_offset_q_aware,0.9910714285714286,1.2672704664311245,0.6336352332155621,560,702,
ES1,2,9,6,702,0,naive,0.7866666666666666,0.6056162926786666,0.3028081463393333,75,702,
ES1,3,0,1,681,0,anchor,1.0,1.0606820548948304,0.5303410274474152,930,5070,32.0
ES1,3,0,1,681,0,aware,1.0,1.177961132467427,0.5889805662337135,96,681,
ES1,3,0,1,681,0,aware_on_anchor_rows,1.0,1.177961132467427,0.5889805662337135,930,681,
ES1,3,0,1,681,0,explore_offset_q_aware,1.0,1.177961132467427,0.5889805662337135,930,681,
ES1,3,0,1,681,0,naive,1.0,0.6799368361156821,0.339968418057841,96,681,
ES1,3,1,4,701,0,anchor,0.9984126984126984,0.9572042974689772,0.4786021487344885,630,5370,30.0
ES1,3,1,4,701,0,aware,1.0,1.1776400769412514,0.5888200384706257,76,701,
ES1,3,1,4,701,0,aware_on_anchor_rows,1.0,1.1776400769412514,0.5888200384706257,630,701,
ES1,3,1,4,701,0,explore_offset_q_aware,1.0,1.1776400769412514,0.5888200384706257,630,701,
ES1,3,1,4,701,0,naive,0.7631578947368421,0.6188545200712561,0.309427260035628,76,701,
ES1,3,2,6,701,0,anchor,0.6644067796610169,0.8738100107088504,0.4369050053544252,590,5410,30.0
ES1,3,2,6,701,0,aware,0.8421052631578947,1.1991894455968293,0.5995947227984146,76,701,
ES1,3,2,6,701,0,aware_on_anchor_rows,0.8372881355932204,1.1991894455968293,0.5995947227984146,590,701,
ES1,3,2,6,701,0,explore_offset_q_aware,0.7728813559322034,1.1991894455968293,0.5995947227984146,590,701,
ES1,3,2,6,701,0,naive,0.3421052631578947,0.555275498624658,0.277637749312329,76,701,
ES1,3,3,6,701,0,anchor,0.8724137931034482,0.92594558587172,0.4629727929358599,580,5420,30.0
ES1,3,3,6,701,0,aware,0.7894736842105263,1.043724953558529,0.5218624767792643,76,701,
ES1,3,3,6,701,0,aware_on_anchor_rows,0.8344827586206897,1.043724953558529,0.5218624767792643,580,701,
ES1,3,3,6,701,0,explore_offset_q_aware,0.896551724137931,1.043724953558529,0.5218624767792643,580,701,
ES1,3,3,6,701,0,naive,0.631578947368421,0.5910330274763522,0.2955165137381761,76,701,
ES1,3,4,6,701,0,anchor,0.712280701754386,0.8631864397498656,0.4315932198749328,570,5430,30.0
ES1,3,4,6,701,0,aware,0.75,1.0877491966380513,0.5438745983190256,76,701,
ES1,3,4,6,701,0,aware_on_anchor_rows,0.6929824561403509,1.0877491966380513,0.5438745983190256,570,701,
ES1,3,4,6,701,0,explore_offset_q_aware,0.7964912280701755,1.0877491966380513,0.5438745983190256,570,701,
ES1,3,4,6,701,0,naive,0.5394736842105263,0.5532914559967796,0.2766457279983898,76,701,
ES1,3,5,6,701,0,anchor,0.7509090909090909,0.8940415179756936,0.4470207589878468,550,5450,30.0
ES1,3,5,6,701,0,aware,0.9342105263157896,1.1840872464544834,0.5920436232272417,76,701,
ES1,3,5,6,701,0,aware_on_anchor_rows,0.9418181818181818,1.1840872464544834,0.5920436232272417,550,701,
ES1,3,5,6,701,0,explore_offset_q_aware,0.8836363636363637,1.1840872464544834,0.5920436232272417,550,701,
ES1,3,5,6,701,0,naive,0.5921052631578947,0.5684794933200403,0.2842397466600201,76,701,
ES1,3,6,7,701,0,anchor,0.95,1.0029055697564693,0.5014527848782346,540,5460,29.0
ES1,3,6,7,701,0,aware,0.8026315789473685,1.1059780651941131,0.5529890325970566,76,701,
ES1,3,6,7,701,0,aware_on_anchor_rows,0.7648148148148148,1.1059780651941131,0.5529890325970566,540,701,
ES1,3,6,7,701,0,explore_offset_q_aware,0.9685185185185186,1.1059780651941131,0.5529890325970566,540,701,
ES1,3,6,7,701,0,naive,0.631578947368421,0.6551478557323858,0.3275739278661929,76,701,
ES1,3,7,6,702,0,anchor,1.0,0.9572042974689772,0.4786021487344886,520,5480,29.0
ES1,3,7,6,702,0,aware,0.8533333333333334,1.088895830182362,0.544447915091181,75,702,
ES1,3,7,6,702,0,aware_on_anchor_rows,0.8153846153846154,1.088895830182362,0.544447915091181,520,702,
ES1,3,7,6,702,0,explore_offset_q_aware,1.0,1.088895830182362,0.544447915091181,520,702,
ES1,3,7,6,702,0,naive,0.6533333333333333,0.6317521237646249,0.3158760618823124,75,702,
ES1,3,8,6,702,0,anchor,0.9830188679245284,0.9676744565144864,0.4838372282572432,530,5470,29.0
ES1,3,8,6,702,0,aware,0.9866666666666668,1.1853858738971974,0.5926929369485987,75,702,
ES1,3,8,6,702,0,aware_on_anchor_rows,0.9924528301886792,1.1853858738971974,0.5926929369485987,530,702,
ES1,3,8,6,702,0,explore_offset_q_aware,0.9943396226415094,1.1853858738971974,0.5926929369485987,530,702,
ES1,3,8,6,702,0,naive,0.8133333333333334,0.6409700582364497,0.3204850291182248,75,702,
ES1,3,9,6,702,0,anchor,0.8928571428571429,0.9522504770298976,0.4761252385149488,560,5440,28.0
ES1,3,9,6,702,0,aware,0.8933333333333333,1.1192151855625276,0.5596075927812638,75,702,
ES1,3,9,6,702,0,aware_on_anchor_rows,0.9357142857142856,1.1192151855625276,0.5596075927812638,560,702,
ES1,3,9,6,702,0,explore_offset_q_aware,0.9410714285714286,1.1192151855625276,0.5596075927812638,560,702,
ES1,3,9,6,702,0,naive,0.5733333333333334,0.6050292220452809,0.3025146110226404,75,702,
ES1,4,0,1,681,0,anchor,1.0,1.026052398507716,0.513026199253858,930,5070,32.0
ES1,4,0,1,681,0,aware,1.0,1.2250345126682909,0.6125172563341454,96,681,
ES1,4,0,1,681,0,aware_on_anchor_rows,1.0,1.2250345126682909,0.6125172563341454,930,681,
ES1,4,0,1,681,0,explore_offset_q_aware,1.0,1.2250345126682909,0.6125172563341454,930,681,
ES1,4,0,1,681,0,naive,1.0,0.640854126766341,0.3204270633831705,96,681,
ES1,4,1,4,701,0,anchor,1.0,1.0354206496115914,0.5177103248057957,630,5370,30.0
ES1,4,1,4,701,0,aware,1.0,1.140720112937573,0.5703600564687865,76,701,
ES1,4,1,4,701,0,aware_on_anchor_rows,1.0,1.140720112937573,0.5703600564687865,630,701,
ES1,4,1,4,701,0,explore_offset_q_aware,1.0,1.140720112937573,0.5703600564687865,630,701,
ES1,4,1,4,701,0,naive,0.6973684210526315,0.6239112414687025,0.3119556207343512,76,701,
ES1,4,2,6,701,0,anchor,0.8864406779661017,0.9600528121172704,0.4800264060586352,590,5410,30.0
ES1,4,2,6,701,0,aware,0.8947368421052632,1.18343297796111,0.5917164889805551,76,701,
ES1,4,2,6,701,0,aware_on_anchor_rows,0.8745762711864407,1.18343297796111,0.5917164889805551,590,701,
ES1,4,2,6,701,0,explore_offset_q_aware,0.947457627118644,1.18343297796111,0.5917164889805551,590,701,
ES1,4,2,6,701,0,naive,0.4736842105263157,0.6215114802845827,0.3107557401422913,76,701,
ES1,4,3,6,701,0,anchor,0.6137931034482759,0.837544471013096,0.418772235506548,580,5420,30.0
ES1,4,3,6,701,0,aware,0.7763157894736842,1.1092641939053878,0.5546320969526939,76,701,
ES1,4,3,6,701,0,aware_on_anchor_rows,0.7758620689655172,1.1092641939053878,0.5546320969526939,580,701,
ES1,4,3,6,701,0,explore_offset_q_aware,0.7344827586206897,1.1092641939053878,0.5546320969526939,580,701,
ES1,4,3,6,701,0,naive,0.4868421052631579,0.5567506625477305,0.2783753312738652,76,701,
ES1,4,4,6,701,0,anchor,0.7456140350877193,0.8917676967026127,0.4458838483513063,570,5430,30.0
ES1,4,4,6,701,0,aware,0.6578947368421053,1.0721381100090843,0.5360690550045422,76,701,
ES1,4,4,6,701,0,aware_on_anchor_rows,0.6578947368421053,1.0721381100090843,0.5360690550045422,570,701,
ES1,4,4,6,701,0,explore_offset_q_aware,0.8192982456140351,1.0721381100090843,0.5360690550045422,570,701,
ES1,4,4,6,701,0,naive,0.2368421052631578,0.5504756351356255,0.2752378175678127,76,701,
ES1,4,5,6,701,0,anchor,0.7763636363636364,0.927078210052874,0.4635391050264369,550,5450,30.0
ES1,4,5,6,701,0,aware,0.9210526315789472,1.205507793176332,0.602753896588166,76,701,
ES1,4,5,6,701,0,aware_on_anchor_rows,0.9254545454545454,1.205507793176332,0.602753896588166,550,701,
ES1,4,5,6,701,0,explore_offset_q_aware,0.8909090909090909,1.205507793176332,0.602753896588166,550,701,
ES1,4,5,6,701,0,naive,0.5526315789473685,0.5715250254490583,0.2857625127245291,76,701,
ES1,4,6,7,701,0,anchor,0.9407407407407408,0.982247070849574,0.491123535424787,540,5460,29.0
ES1,4,6,7,701,0,aware,0.9210526315789472,1.1281680990840206,0.5640840495420103,76,701,
ES1,4,6,7,701,0,aware_on_anchor_rows,0.8962962962962963,1.1281680990840206,0.5640840495420103,540,701,
ES1,4,6,7,701,0,explore_offset_q_aware,0.9685185185185186,1.1281680990840206,0.5640840495420103,540,701,
ES1,4,6,7,701,0,naive,0.75,0.6378247541421569,0.3189123770710784,76,701,
ES1,4,7,6,702,0,anchor,1.0,0.9572042974689772,0.4786021487344886,520,5480,29.0
ES1,4,7,6,702,0,aware,0.8,1.0606307387330265,0.5303153693665132,75,702,
ES1,4,7,6,702,0,aware_on_anchor_rows,0.7980769230769231,1.0606307387330265,0.5303153693665132,520,702,
ES1,4,7,6,702,0,explore_offset_q_aware,1.0,1.0606307387330265,0.5303153693665132,520,702,
ES1,4,7,6,702,0,naive,0.5466666666666666,0.6485797450511992,0.3242898725255996,75,702,
ES1,4,8,6,702,0,anchor,0.9490566037735848,0.9474836619045428,0.4737418309522714,530,5470,29.0
ES1,4,8,6,702,0,aware,0.9866666666666668,1.1697289506378763,0.5848644753189383,75,702,
ES1,4,8,6,702,0,aware_on_anchor_rows,0.9849056603773584,1.1697289506378763,0.5848644753189383,530,702,
ES1,4,8,6,702,0,explore_offset_q_aware,0.9679245283018868,1.1697289506378763,0.5848644753189383,530,702,
ES1,4,8,6,702,0,naive,0.72,0.6258743185890294,0.3129371592945147,75,702,
ES1,4,9,6,702,0,anchor,0.9196428571428572,1.00090421105296,0.50045210552648,560,5440,28.0
ES1,4,9,6,702,0,aware,0.9466666666666668,1.1419814937389177,0.5709907468694588,75,702,
ES1,4,9,6,702,0,aware_on_anchor_rows,0.9517857142857142,1.1419814937389177,0.5709907468694588,560,702,
ES1,4,9,6,702,0,explore_offset_q_aware,0.9428571428571428,1.1419814937389177,0.5709907468694588,560,702,
ES1,4,9,6,702,0,naive,0.64,0.656241086104977,0.3281205430524885,75,702,
ES2,0,0,1,211,0,anchor,0.4830188679245283,0.6422399813962076,0.3211199906981038,530,1100,9.0
ES2,0,0,1,211,0,aware,0.3571428571428571,1.24255517751297,0.621277588756485,56,211,
ES2,0,0,1,211,0,aware_on_anchor_rows,0.3584905660377358,1.24255517751297,0.621277588756485,530,211,
ES2,0,0,1,211,0,explore_offset_q_aware,0.8,1.24255517751297,0.621277588756485,530,211,
ES2,0,0,1,211,0,naive,0.1428571428571428,0.6574589432501288,0.3287294716250644,56,211,
ES2,0,1,1,235,0,anchor,1.0,1.073944108396013,0.5369720541980065,290,1340,9.0
ES2,0,1,1,235,0,aware,0.96875,1.7318413486332194,0.8659206743166097,32,235,
ES2,0,1,1,235,0,aware_on_anchor_rows,0.9655172413793104,1.7318413486332194,0.8659206743166097,290,235,
ES2,0,1,1,235,0,explore_offset_q_aware,1.0,1.7318413486332194,0.8659206743166097,290,235,
ES2,0,1,1,235,0,naive,0.0,0.6415636664463653,0.3207818332231826,32,235,
ES2,0,2,1,242,0,anchor,1.0,1.1435689299037184,0.5717844649518592,220,1410,9.0
ES2,0,2,1,242,0,aware,1.0,1.7457540660465725,0.8728770330232862,25,242,
ES2,0,2,1,242,0,aware_on_anchor_rows,1.0,1.7457540660465725,0.8728770330232862,220,242,
ES2,0,2,1,242,0,explore_offset_q_aware,1.0,1.7457540660465725,0.8728770330232862,220,242,
ES2,0,2,1,242,0,naive,1.0,0.6437141422672865,0.3218570711336432,25,242,
ES2,0,3,2,245,0,anchor,0.92,1.1592692035427117,0.5796346017713558,150,1480,9.0
ES2,0,3,2,245,0,aware,1.0,1.7944355540653394,0.8972177770326697,22,245,
ES2,0,3,2,245,0,aware_on_anchor_rows,1.0,1.7944355540653394,0.8972177770326697,150,245,
ES2,0,3,2,245,0,explore_offset_q_aware,1.0,1.7944355540653394,0.8972177770326697,150,245,
ES2,0,3,2,245,0,naive,0.5,0.5765780518978856,0.2882890259489428,22,245,
ES2,0,4,4,244,0,anchor,1.0,1.1896971280297317,0.5948485640148659,100,1530,9.0
ES2,0,4,4,244,0,aware,1.0,1.774623255813113,0.8873116279065565,23,244,
ES2,0,4,4,244,0,aware_on_anchor_rows,1.0,1.774623255813113,0.8873116279065565,100,244,
ES2,0,4,4,244,0,explore_offset_q_aware,1.0,1.774623255813113,0.8873116279065565,100,244,
ES2,0,4,4,244,0,naive,0.6956521739130435,0.5966316545126782,0.2983158272563391,23,244,
ES2,0,5,3,246,0,anchor,1.0,1.1696069447971529,0.5848034723985763,90,1540,9.0
ES2,0,5,3,246,0,aware,0.9523809523809524,1.7783058068379294,0.8891529034189647,21,246,
ES2,0,5,3,246,0,aware_on_anchor_rows,1.0,1.7783058068379294,0.8891529034189647,90,246,
ES2,0,5,3,246,0,explore_offset_q_aware,1.0,1.7783058068379294,0.8891529034189647,90,246,
ES2,0,5,3,246,0,naive,0.5714285714285714,0.6156566889109509,0.3078283444554754,21,246,
ES2,0,6,4,245,0,anchor,1.0,1.0554594997264235,0.5277297498632118,80,1550,9.0
ES2,0,6,4,245,0,aware,1.0,1.7407366775106743,0.8703683387553371,22,245,
ES2,0,6,4,245,0,aware_on_anchor_rows,1.0,1.7407366775106743,0.8703683387553371,80,245,
ES2,0,6,4,245,0,explore_offset_q_aware,1.0,1.7407366775106743,0.8703683387553371,80,245,
ES2,0,6,4,245,0,naive,0.3181818181818182,0.6429073623687303,0.3214536811843651,22,245,
ES2,0,7,4,245,0,anchor,1.0,1.0424907836131994,0.5212453918065997,60,1570,9.0
ES2,0,7,4,245,0,aware,1.0,1.7801338839252887,0.8900669419626444,22,245,
ES2,0,7,4,245,0,aware_on_anchor_rows,1.0,1.7801338839252887,0.8900669419626444,60,245,
ES2,0,7,4,245,0,explore_offset_q_aware,1.0,1.7801338839252887,0.8900669419626444,60,245,
ES2,0,7,4,245,0,naive,0.5,0.6582408575788206,0.3291204287894103,22,245,
ES2,0,8,4,245,0,anchor,1.0,1.1100160273235735,0.5550080136617868,60,1570,9.0
ES2,0,8,4,245,0,aware,1.0,1.7365742333165972,0.8682871166582986,22,245,
ES2,0,8,4,245,0,aware_on_anchor_rows,1.0,1.7365742333165972,0.8682871166582986,60,245,
ES2,0,8,4,245,0,explore_offset_q_aware,1.0,1.7365742333165972,0.8682871166582986,60,245,
ES2,0,8,4,245,0,naive,0.4090909090909091,0.6012625939343366,0.3006312969671683,22,245,
ES2,0,9,4,245,0,anchor,1.0,1.0464166384333144,0.5232083192166572,50,1580,9.0
ES2,0,9,4,245,0,aware,1.0,2.0358848797928344,1.0179424398964172,22,245,
ES2,0,9,4,245,0,aware_on_anchor_rows,1.0,2.0358848797928344,1.0179424398964172,50,245,
ES2,0,9,4,245,0,explore_offset_q_aware,1.0,2.0358848797928344,1.0179424398964172,50,245,
ES2,0,9,4,245,0,naive,0.1818181818181818,0.5999181586010405,0.2999590793005202,22,245,
ES2,1,0,1,211,0,anchor,0.5150943396226415,0.6266667399841821,0.313333369992091,530,1100,9.0
ES2,1,0,1,211,0,aware,0.3571428571428571,1.294165192064118,0.647082596032059,56,211,
ES2,1,0,1,211,0,aware_on_anchor_rows,0.3547169811320754,1.294165192064118,0.647082596032059,530,211,
ES2,1,0,1,211,0,explore_offset_q_aware,0.8754716981132076,1.294165192064118,0.647082596032059,530,211,
ES2,1,0,1,211,0,naive,0.1428571428571428,0.6292278055203138,0.3146139027601569,56,211,
ES2,1,1,1,235,0,anchor,1.0,1.2291981508080936,0.6145990754040468,290,1340,9.0
ES2,1,1,1,235,0,aware,0.96875,1.7308915075797175,0.8654457537898588,32,235,
ES2,1,1,1,235,0,aware_on_anchor_rows,0.9689655172413794,1.7308915075797175,0.8654457537898588,290,235,
ES2,1,1,1,235,0,explore_offset_q_aware,1.0,1.7308915075797175,0.8654457537898588,290,235,
ES2,1,1,1,235,0,naive,0.0,0.6248987505992116,0.3124493752996058,32,235,
ES2,1,2,1,242,0,anchor,1.0,1.17485530444298,0.58742765222149,220,1410,9.0
ES2,1,2,1,242,0,aware,1.0,1.7693495558607903,0.8846747779303952,25,242,
ES2,1,2,1,242,0,aware_on_anchor_rows,1.0,1.7693495558607903,0.8846747779303952,220,242,
ES2,1,2,1,242,0,explore_offset_q_aware,1.0,1.7693495558607903,0.8846747779303952,220,242,
ES2,1,2,1,242,0,naive,1.0,0.6596787107782003,0.3298393553891001,25,242,
ES2,1,3,2,245,0,anchor,0.8666666666666667,1.0782121956526736,0.5391060978263368,150,1480,9.0
ES2,1,3,2,245,0,aware,1.0,1.7925622868095117,0.8962811434047557,22,245,
ES2,1,3,2,245,0,aware_on_anchor_rows,1.0,1.7925622868095117,0.8962811434047557,150,245,
ES2,1,3,2,245,0,explore_offset_q_aware,1.0,1.7925622868095117,0.8962811434047557,150,245,
ES2,1,3,2,245,0,naive,0.5,0.6073714822883325,0.3036857411441662,22,245,
ES2,1,4,4,244,0,anchor,1.0,1.1268561604731293,0.5634280802365647,100,1530,9.0
ES2,1,4,4,244,0,aware,1.0,1.7493972057240752,0.8746986028620376,23,244,
ES2,1,4,4,244,0,aware_on_anchor_rows,1.0,1.7493972057240752,0.8746986028620376,100,244,
ES2,1,4,4,244,0,explore_offset_q_aware,1.0,1.7493972057240752,0.8746986028620376,100,244,
ES2,1,4,4,244,0,naive,0.8260869565217391,0.6084813686007751,0.3042406843003875,23,244,
ES2,1,5,3,246,0,anchor,0.9888888888888888,1.0557060673285938,0.5278530336642969,90,1540,9.0
ES2,1,5,3,246,0,aware,1.0,1.8060574766785065,0.9030287383392532,21,246,
ES2,1,5,3,246,0,aware_on_anchor_rows,1.0,1.8060574766785065,0.9030287383392532,90,246,
ES2,1,5,3,246,0,explore_offset_q_aware,1.0,1.8060574766785065,0.9030287383392532,90,246,
ES2,1,5,3,246,0,naive,0.6190476190476191,0.5916810749437662,0.2958405374718831,21,246,
ES2,1,6,4,245,0,anchor,1.0,1.1031868469200357,0.5515934234600178,80,1550,9.0
ES2,1,6,4,245,0,aware,1.0,1.750747654891149,0.8753738274455745,22,245,
ES2,1,6,4,245,0,aware_on_anchor_rows,1.0,1.750747654891149,0.8753738274455745,80,245,
ES2,1,6,4,245,0,explore_offset_q_aware,1.0,1.750747654891149,0.8753738274455745,80,245,
ES2,1,6,4,245,0,naive,0.0909090909090909,0.5870982577491768,0.2935491288745884,22,245,
ES2,1,7,4,245,0,anchor,1.0,1.15768664174011,0.578843320870055,60,1570,9.0
ES2,1,7,4,245,0,aware,0.9545454545454546,1.717883117324206,0.858941558662103,22,245,
ES2,1,7,4,245,0,aware_on_anchor_rows,1.0,1.717883117324206,0.858941558662103,60,245,
ES2,1,7,4,245,0,explore_offset_q_aware,1.0,1.717883117324206,0.858941558662103,60,245,
ES2,1,7,4,245,0,naive,0.5454545454545454,0.6711569667299724,0.3355784833649862,22,245,
ES2,1,8,4,245,0,anchor,1.0,1.159173162906774,0.5795865814533869,60,1570,9.0
ES2,1,8,4,245,0,aware,1.0,1.807416640485932,0.903708320242966,22,245,
ES2,1,8,4,245,0,aware_on_anchor_rows,1.0,1.807416640485932,0.903708320242966,60,245,
ES2,1,8,4,245,0,explore_offset_q_aware,1.0,1.807416640485932,0.903708320242966,60,245,
ES2,1,8,4,245,0,naive,0.4545454545454545,0.608914245838339,0.3044571229191695,22,245,
ES2,1,9,4,245,0,anchor,1.0,1.0682549726982304,0.5341274863491152,50,1580,9.0
ES2,1,9,4,245,0,aware,1.0,2.12732185475468,1.06366092737734,22,245,
ES2,1,9,4,245,0,aware_on_anchor_rows,1.0,2.12732185475468,1.06366092737734,50,245,
ES2,1,9,4,245,0,explore_offset_q_aware,1.0,2.12732185475468,1.06366092737734,50,245,
ES2,1,9,4,245,0,naive,0.4545454545454545,0.6417776403616626,0.3208888201808313,22,245,
ES2,2,0,1,211,0,anchor,0.5113207547169811,0.6959883833805016,0.3479941916902508,530,1100,9.0
ES2,2,0,1,211,0,aware,0.3392857142857143,1.2727521632663166,0.6363760816331583,56,211,
ES2,2,0,1,211,0,aware_on_anchor_rows,0.3471698113207547,1.2727521632663166,0.6363760816331583,530,211,
ES2,2,0,1,211,0,explore_offset_q_aware,0.7773584905660378,1.2727521632663166,0.6363760816331583,530,211,
ES2,2,0,1,211,0,naive,0.1785714285714285,0.6535723539820752,0.3267861769910376,56,211,
ES2,2,1,1,235,0,anchor,1.0,1.0705284398441297,0.5352642199220647,290,1340,9.0
ES2,2,1,1,235,0,aware,0.96875,1.7089637732114378,0.8544818866057189,32,235,
ES2,2,1,1,235,0,aware_on_anchor_rows,0.9655172413793104,1.7089637732114378,0.8544818866057189,290,235,
ES2,2,1,1,235,0,explore_offset_q_aware,1.0,1.7089637732114378,0.8544818866057189,290,235,
ES2,2,1,1,235,0,naive,0.0,0.640768446789866,0.320384223394933,32,235,
ES2,2,2,1,242,0,anchor,1.0,1.2572872961913393,0.6286436480956696,220,1410,9.0
ES2,2,2,1,242,0,aware,1.0,1.7909067576588322,0.8954533788294161,25,242,
ES2,2,2,1,242,0,aware_on_anchor_rows,1.0,1.7909067576588322,0.8954533788294161,220,242,
ES2,2,2,1,242,0,explore_offset_q_aware,1.0,1.7909067576588322,0.8954533788294161,220,242,
ES2,2,2,1,242,0,naive,1.0,0.6366767137177067,0.3183383568588533,25,242,
ES2,2,3,2,245,0,anchor,0.9066666666666666,1.1687607746469006,0.5843803873234503,150,1480,9.0
ES2,2,3,2,245,0,aware,1.0,1.7906616128212471,0.8953308064106236,22,245,
ES2,2,3,2,245,0,aware_on_anchor_rows,1.0,1.7906616128212471,0.8953308064106236,150,245,
ES2,2,3,2,245,0,explore_offset_q_aware,1.0,1.7906616128212471,0.8953308064106236,150,245,
ES2,2,3,2,245,0,naive,0.5,0.6023091400414904,0.3011545700207452,22,245,
ES2,2,4,4,244,0,anchor,1.0,1.1324505487972278,0.5662252743986139,100,1530,9.0
ES2,2,4,4,244,0,aware,0.9565217391304348,1.7181971371157667,0.8590985685578834,23,244,
ES2,2,4,4,244,0,aware_on_anchor_rows,1.0,1.7181971371157667,0.8590985685578834,100,244,
ES2,2,4,4,244,0,explore_offset_q_aware,1.0,1.7181971371157667,0.8590985685578834,100,244,
ES2,2,4,4,244,0,naive,0.7391304347826086,0.6172695426521497,0.3086347713260748,23,244,
ES2,2,5,3,246,0,anchor,1.0,1.1760291964499088,0.5880145982249544,90,1540,9.0
ES2,2,5,3,246,0,aware,1.0,1.785758050748142,0.892879025374071,21,246,
ES2,2,5,3,246,0,aware_on_anchor_rows,1.0,1.785758050748142,0.892879025374071,90,246,
ES2,2,5,3,246,0,explore_offset_q_aware,1.0,1.785758050748142,0.892879025374071,90,246,
ES2,2,5,3,246,0,naive,0.7142857142857143,0.6552420740832514,0.3276210370416257,21,246,
ES2,2,6,4,245,0,anchor,1.0,1.1886893297925334,0.5943446648962667,80,1550,9.0
ES2,2,6,4,245,0,aware,0.9545454545454546,1.7064059351459315,0.8532029675729658,22,245,
ES2,2,6,4,245,0,aware_on_anchor_rows,0.9,1.7064059351459315,0.8532029675729658,80,245,
ES2,2,6,4,245,0,explore_offset_q_aware,1.0,1.7064059351459315,0.8532029675729658,80,245,
ES2,2,6,4,245,0,naive,0.5,0.6379433006375077,0.3189716503187538,22,245,
ES2,2,7,4,245,0,anchor,1.0,1.0927451237792476,0.5463725618896238,60,1570,9.0
ES2,2,7,4,245,0,aware,1.0,1.78703383795808,0.89351691897904,22,245,
ES2,2,7,4,245,0,aware_on_anchor_rows,1.0,1.78703383795808,0.89351691897904,60,245,
ES2,2,7,4,245,0,explore_offset_q_aware,1.0,1.78703383795808,0.89351691897904,60,245,
ES2,2,7,4,245,0,naive,0.4545454545454545,0.6304178825843136,0.3152089412921568,22,245,
ES2,2,8,4,245,0,anchor,1.0,1.1126864731432826,0.5563432365716413,60,1570,9.0
ES2,2,8,4,245,0,aware,1.0,1.7247890120108114,0.8623945060054057,22,245,
ES2,2,8,4,245,0,aware_on_anchor_rows,1.0,1.7247890120108114,0.8623945060054057,60,245,
ES2,2,8,4,245,0,explore_offset_q_aware,1.0,1.7247890120108114,0.8623945060054057,60,245,
ES2,2,8,4,245,0,naive,0.2272727272727272,0.6115671110153116,0.3057835555076558,22,245,
ES2,2,9,4,245,0,anchor,1.0,1.152376218330835,0.5761881091654175,50,1580,9.0
ES2,2,9,4,245,0,aware,1.0,2.0644936630477746,1.0322468315238873,22,245,
ES2,2,9,4,245,0,aware_on_anchor_rows,1.0,2.0644936630477746,1.0322468315238873,50,245,
ES2,2,9,4,245,0,explore_offset_q_aware,1.0,2.0644936630477746,1.0322468315238873,50,245,
ES2,2,9,4,245,0,naive,0.3636363636363636,0.6179275678425027,0.3089637839212513,22,245,
ES2,3,0,1,211,0,anchor,0.5056603773584906,0.6745673596574064,0.3372836798287032,530,1100,9.0
ES2,3,0,1,211,0,aware,0.3392857142857143,1.2130566181265596,0.6065283090632798,56,211,
ES2,3,0,1,211,0,aware_on_anchor_rows,0.3433962264150943,1.2130566181265596,0.6065283090632798,530,211,
ES2,3,0,1,211,0,explore_offset_q_aware,0.8037735849056604,1.2130566181265596,0.6065283090632798,530,211,
ES2,3,0,1,211,0,naive,0.2321428571428571,0.7148696389434557,0.3574348194717278,56,211,
ES2,3,1,1,235,0,anchor,1.0,1.1141597590436585,0.5570798795218291,290,1340,9.0
ES2,3,1,1,235,0,aware,0.96875,1.7300812295516188,0.8650406147758094,32,235,
ES2,3,1,1,235,0,aware_on_anchor_rows,0.9689655172413794,1.7300812295516188,0.8650406147758094,290,235,
ES2,3,1,1,235,0,explore_offset_q_aware,1.0,1.7300812295516188,0.8650406147758094,290,235,
ES2,3,1,1,235,0,naive,0.0,0.6562388257115259,0.3281194128557629,32,235,
ES2,3,2,1,242,0,anchor,1.0,1.149263082928477,0.5746315414642383,220,1410,9.0
ES2,3,2,1,242,0,aware,1.0,1.7756238548714205,0.8878119274357101,25,242,
ES2,3,2,1,242,0,aware_on_anchor_rows,1.0,1.7756238548714205,0.8878119274357101,220,242,
ES2,3,2,1,242,0,explore_offset_q_aware,1.0,1.7756238548714205,0.8878119274357101,220,242,
ES2,3,2,1,242,0,naive,1.0,0.6326828623516016,0.3163414311758008,25,242,
ES2,3,3,2,245,0,anchor,0.8733333333333333,1.0224723930774868,0.5112361965387434,150,1480,9.0
ES2,3,3,2,245,0,aware,1.0,1.7721375157955404,0.8860687578977702,22,245,
ES2,3,3,2,245,0,aware_on_anchor_rows,1.0,1.7721375157955404,0.8860687578977702,150,245,
ES2,3,3,2,245,0,explore_offset_q_aware,1.0,1.7721375157955404,0.8860687578977702,150,245,
ES2,3,3,2,245,0,naive,0.3181818181818182,0.5549055900395317,0.2774527950197658,22,245,
ES2,3,4,4,244,0,anchor,1.0,1.1614987662388354,0.5807493831194177,100,1530,9.0
ES2,3,4,4,244,0,aware,1.0,1.7878843283709616,0.8939421641854808,23,244,
ES2,3,4,4,244,0,aware_on_anchor_rows,1.0,1.7878843283709616,0.8939421641854808,100,244,
ES2,3,4,4,244,0,explore_offset_q_aware,1.0,1.7878843283709616,0.8939421641854808,100,244,
ES2,3,4,4,244,0,naive,0.4347826086956521,0.6412511759382493,0.3206255879691246,23,244,
ES2,3,5,3,246,0,anchor,0.9777777777777776,1.1413807028709593,0.5706903514354796,90,1540,9.0
ES2,3,5,3,246,0,aware,1.0,1.804461028735851,0.9022305143679256,21,246,
ES2,3,5,3,246,0,aware_on_anchor_rows,1.0,1.804461028735851,0.9022305143679256,90,246,
ES2,3,5,3,246,0,explore_offset_q_aware,1.0,1.804461028735851,0.9022305143679256,90,246,
ES2,3,5,3,246,0,naive,0.6190476190476191,0.5823596777841633,0.2911798388920816,21,246,
ES2,3,6,4,245,0,anchor,1.0,1.1190248714063988,0.5595124357031994,80,1550,9.0
ES2,3,6,4,245,0,aware,0.9545454545454546,1.6984867151387144,0.8492433575693572,22,245,
ES2,3,6,4,245,0,aware_on_anchor_rows,0.95,1.6984867151387144,0.8492433575693572,80,245,
ES2,3,6,4,245,0,explore_offset_q_aware,1.0,1.6984867151387144,0.8492433575693572,80,245,
ES2,3,6,4,245,0,naive,0.4545454545454545,0.644501708703678,0.322250854351839,22,245,
ES2,3,7,4,245,0,anchor,1.0,1.1333458115637909,0.5666729057818954,60,1570,9.0
ES2,3,7,4,245,0,aware,0.9545454545454546,1.733733373246685,0.8668666866233425,22,245,
ES2,3,7,4,245,0,aware_on_anchor_rows,1.0,1.733733373246685,0.8668666866233425,60,245,
ES2,3,7,4,245,0,explore_offset_q_aware,1.0,1.733733373246685,0.8668666866233425,60,245,
ES2,3,7,4,245,0,naive,0.5454545454545454,0.6505377448274832,0.3252688724137416,22,245,
ES2,3,8,4,245,0,anchor,1.0,1.192502826519611,0.5962514132598055,60,1570,9.0
ES2,3,8,4,245,0,aware,1.0,1.7504864951694057,0.8752432475847027,22,245,
ES2,3,8,4,245,0,aware_on_anchor_rows,1.0,1.7504864951694057,0.8752432475847027,60,245,
ES2,3,8,4,245,0,explore_offset_q_aware,1.0,1.7504864951694057,0.8752432475847027,60,245,
ES2,3,8,4,245,0,naive,0.6363636363636364,0.7145385692858532,0.3572692846429266,22,245,
ES2,3,9,4,245,0,anchor,1.0,1.1677929338963424,0.5838964669481712,50,1580,9.0
ES2,3,9,4,245,0,aware,1.0,2.028143008496245,1.0140715042481228,22,245,
ES2,3,9,4,245,0,aware_on_anchor_rows,1.0,2.028143008496245,1.0140715042481228,50,245,
ES2,3,9,4,245,0,explore_offset_q_aware,1.0,2.028143008496245,1.0140715042481228,50,245,
ES2,3,9,4,245,0,naive,0.3181818181818182,0.5848829403147637,0.2924414701573818,22,245,
ES2,4,0,1,211,0,anchor,0.5339622641509434,0.7237256213205129,0.3618628106602564,530,1100,9.0
ES2,4,0,1,211,0,aware,0.3392857142857143,1.299940662718252,0.6499703313591261,56,211,
ES2,4,0,1,211,0,aware_on_anchor_rows,0.3358490566037735,1.299940662718252,0.6499703313591261,530,211,
ES2,4,0,1,211,0,explore_offset_q_aware,0.7849056603773585,1.299940662718252,0.6499703313591261,530,211,
ES2,4,0,1,211,0,naive,0.1964285714285714,0.6688561756721478,0.3344280878360739,56,211,
ES2,4,1,1,235,0,anchor,1.0,1.083657833172544,0.541828916586272,290,1340,9.0
ES2,4,1,1,235,0,aware,0.96875,1.7176340977926523,0.8588170488963263,32,235,
ES2,4,1,1,235,0,aware_on_anchor_rows,0.9689655172413794,1.7176340977926523,0.8588170488963263,290,235,
ES2,4,1,1,235,0,explore_offset_q_aware,1.0,1.7176340977926523,0.8588170488963263,290,235,
ES2,4,1,1,235,0,naive,0.0625,0.6847244634804621,0.342362231740231,32,235,
ES2,4,2,1,242,0,anchor,1.0,1.2489057810289963,0.6244528905144983,220,1410,9.0
ES2,4,2,1,242,0,aware,1.0,1.789624346117118,0.894812173058559,25,242,
ES2,4,2,1,242,0,aware_on_anchor_rows,1.0,1.789624346117118,0.894812173058559,220,242,
ES2,4,2,1,242,0,explore_offset_q_aware,1.0,1.789624346117118,0.894812173058559,220,242,
ES2,4,2,1,242,0,naive,1.0,0.6743536485863073,0.3371768242931536,25,242,
ES2,4,3,2,245,0,anchor,0.84,1.0988811032775951,0.5494405516387976,150,1480,9.0
ES2,4,3,2,245,0,aware,1.0,1.7727347325161942,0.8863673662580971,22,245,
ES2,4,3,2,245,0,aware_on_anchor_rows,1.0,1.7727347325161942,0.8863673662580971,150,245,
ES2,4,3,2,245,0,explore_offset_q_aware,1.0,1.7727347325161942,0.8863673662580971,150,245,
ES2,4,3,2,245,0,naive,0.5,0.613851653790455,0.3069258268952275,22,245,
ES2,4,4,4,244,0,anchor,1.0,0.9924491203848862,0.4962245601924431,100,1530,9.0
ES2,4,4,4,244,0,aware,1.0,1.7687303269075452,0.8843651634537726,23,244,
ES2,4,4,4,244,0,aware_on_anchor_rows,1.0,1.7687303269075452,0.8843651634537726,100,244,
ES2,4,4,4,244,0,explore_offset_q_aware,1.0,1.7687303269075452,0.8843651634537726,100,244,
ES2,4,4,4,244,0,naive,0.4782608695652174,0.6203109637310225,0.3101554818655112,23,244,
ES2,4,5,3,246,0,anchor,1.0,1.1753355274385155,0.5876677637192578,90,1540,9.0
ES2,4,5,3,246,0,aware,0.9523809523809524,1.7741128952347376,0.8870564476173688,21,246,
ES2,4,5,3,246,0,aware_on_anchor_rows,1.0,1.7741128952347376,0.8870564476173688,90,246,
ES2,4,5,3,246,0,explore_offset_q_aware,1.0,1.7741128952347376,0.8870564476173688,90,246,
ES2,4,5,3,246,0,naive,0.5714285714285714,0.6097484936030764,0.3048742468015382,21,246,
ES2,4,6,4,245,0,anchor,1.0,0.9444379895840658,0.4722189947920329,80,1550,9.0
ES2,4,6,4,245,0,aware,0.9545454545454546,1.7073328098409537,0.8536664049204767,22,245,
ES2,4,6,4,245,0,aware_on_anchor_rows,0.9375,1.7073328098409537,0.8536664049204767,80,245,
ES2,4,6,4,245,0,explore_offset_q_aware,1.0,1.7073328098409537,0.8536664049204767,80,245,
ES2,4,6,4,245,0,naive,0.0454545454545454,0.6167881280935736,0.3083940640467868,22,245,
ES2,4,7,4,245,0,anchor,1.0,1.1613009259101748,0.5806504629550874,60,1570,9.0
ES2,4,7,4,245,0,aware,1.0,1.7532848724507604,0.8766424362253802,22,245,
ES2,4,7,4,245,0,aware_on_anchor_rows,1.0,1.7532848724507604,0.8766424362253802,60,245,
ES2,4,7,4,245,0,explore_offset_q_aware,1.0,1.7532848724507604,0.8766424362253802,60,245,
ES2,4,7,4,245,0,naive,0.6818181818181818,0.6409012830683753,0.3204506415341877,22,245,
ES2,4,8,4,245,0,anchor,1.0,1.0718684269653005,0.5359342134826502,60,1570,9.0
ES2,4,8,4,245,0,aware,1.0,1.806468936202906,0.903234468101453,22,245,
ES2,4,8,4,245,0,aware_on_anchor_rows,1.0,1.806468936202906,0.903234468101453,60,245,
ES2,4,8,4,245,0,explore_offset_q_aware,1.0,1.806468936202906,0.903234468101453,60,245,
ES2,4,8,4,245,0,naive,0.4545454545454545,0.6092419870694763,0.3046209935347381,22,245,
ES2,4,9,4,245,0,anchor,1.0,1.2355143529903194,0.6177571764951597,50,1580,9.0
ES2,4,9,4,245,0,aware,1.0,2.102087881450818,1.051043940725409,22,245,
ES2,4,9,4,245,0,aware_on_anchor_rows,1.0,2.102087881450818,1.051043940725409,50,245,
ES2,4,9,4,245,0,explore_offset_q_aware,1.0,2.102087881450818,1.051043940725409,50,245,
ES2,4,9,4,245,0,naive,0.4090909090909091,0.6316553989674203,0.3158276994837101,22,245,
IL_CELL,0,0,1,557,0,anchor,0.8842105263157894,22.259575358632155,11.129787679316076,1140,4400,18.0
IL_CELL,0,0,1,557,0,aware,0.9487179487179488,23.41864814814816,11.70932407407408,117,557,
IL_CELL,0,0,1,557,0,aware_on_anchor_rows,0.9473684210526316,23.41864814814816,11.70932407407408,1140,557,
IL_CELL,0,0,1,557,0,explore_offset_q_aware,0.8956140350877193,23.41864814814816,11.70932407407408,1140,557,
IL_CELL,0,0,1,557,0,naive,0.6581196581196581,14.58649422929452,7.293247114647261,117,557,
IL_CELL,0,1,1,590,0,anchor,0.7185185185185186,20.306045712640845,10.153022856320424,810,4730,18.0
IL_CELL,0,1,1,590,0,aware,0.8214285714285714,21.01428264974934,10.50714132487467,84,590,
IL_CELL,0,1,1,590,0,aware_on_anchor_rows,0.8234567901234567,21.01428264974934,10.50714132487467,810,590,
IL_CELL,0,1,1,590,0,explore_offset_q_aware,0.7432098765432099,21.01428264974934,10.50714132487467,810,590,
IL_CELL,0,1,1,590,0,naive,0.4761904761904761,11.997224342302657,5.998612171151328,84,590,
IL_CELL,0,2,1,615,0,anchor,0.8732142857142857,22.962385927398252,11.481192963699128,560,4980,18.0
IL_CELL,0,2,1,615,0,aware,0.7796610169491526,21.20561934389556,10.602809671947778,59,615,
IL_CELL,0,2,1,615,0,aware_on_anchor_rows,0.7839285714285714,21.20561934389556,10.602809671947778,560,615,
IL_CELL,0,2,1,615,0,explore_offset_q_aware,0.8553571428571428,21.20561934389556,10.602809671947778,560,615,
IL_CELL,0,2,1,615,0,naive,0.4745762711864407,14.116582221857934,7.058291110928967,59,615,
IL_CELL,0,3,3,614,0,anchor,0.8608695652173913,21.76008501179863,10.880042505899317,460,5080,18.0
IL_CELL,0,3,3,614,0,aware,0.95,22.393465975798627,11.196732987899312,60,614,
IL_CELL,0,3,3,614,0,aware_on_anchor_rows,0.9369565217391304,22.393465975798627,11.196732987899312,460,614,
IL_CELL,0,3,3,614,0,explore_offset_q_aware,0.8673913043478261,22.393465975798627,11.196732987899312,460,614,
IL_CELL,0,3,3,614,0,naive,0.6833333333333333,13.46580029639648,6.73290014819824,60,614,
IL_CELL,0,4,4,614,0,anchor,0.9829787234042552,23.27273939194326,11.63636969597163,470,5070,17.0
IL_CELL,0,4,4,614,0,aware,1.0,22.22410597921664,11.11205298960832,60,614,
IL_CELL,0,4,4,614,0,aware_on_anchor_rows,1.0,22.22410597921664,11.11205298960832,470,614,
IL_CELL,0,4,4,614,0,explore_offset_q_aware,0.9702127659574468,22.22410597921664,11.11205298960832,470,614,
IL_CELL,0,4,4,614,0,naive,0.9,14.173688275708106,7.086844137854053,60,614,
IL_CELL,0,5,5,614,0,anchor,0.9659090909090908,21.732179152206584,10.866089576103292,440,5100,16.0
IL_CELL,0,5,5,614,0,aware,0.9833333333333332,22.20484363380148,11.10242181690074,60,614,
IL_CELL,0,5,5,614,0,aware_on_anchor_rows,0.9795454545454544,22.20484363380148,11.10242181690074,440,614,
IL_CELL,0,5,5,614,0,explore_offset_q_aware,0.9704545454545456,22.20484363380148,11.10242181690074,440,614,
IL_CELL,0,5,5,614,0,naive,0.8333333333333334,13.642387024781598,6.821193512390799,60,614,
IL_CELL,0,6,4,616,0,anchor,0.9769230769230768,22.86242405086916,11.43121202543458,390,5150,17.0
IL_CELL,0,6,4,616,0,aware,0.8793103448275862,21.34111039338502,10.67055519669251,58,616,
IL_CELL,0,6,4,616,0,aware_on_anchor_rows,0.9743589743589745,21.34111039338502,10.67055519669251,390,616,
IL_CELL,0,6,4,616,0,explore_offset_q_aware,0.9717948717948718,21.34111039338502,10.67055519669251,390,616,
IL_CELL,0,6,4,616,0,naive,0.6896551724137931,13.388265328007236,6.694132664003618,58,616,
IL_CELL,0,7,5,611,4,anchor,0.9975,22.41423001276248,11.20711500638124,400,5100,17.0
IL_CELL,0,7,5,611,4,aware,0.9491525423728814,21.13367870280904,10.56683935140452,59,611,
IL_CELL,0,7,5,611,4,aware_on_anchor_rows,0.975,21.13367870280904,10.56683935140452,400,611,
IL_CELL,0,7,5,611,4,explore_offset_q_aware,0.995,21.13367870280904,10.56683935140452,400,611,
IL_CELL,0,7,5,611,4,naive,0.8305084745762712,14.272613478224244,7.136306739112122,59,611,
IL_CELL,0,8,4,616,0,anchor,1.0,22.31281455836638,11.15640727918319,450,5090,16.0
IL_CELL,0,8,4,616,0,aware,0.8793103448275862,20.66125357470804,10.33062678735402,58,616,
IL_CELL,0,8,4,616,0,aware_on_anchor_rows,0.8666666666666667,20.66125357470804,10.33062678735402,450,616,
IL_CELL,0,8,4,616,0,explore_offset_q_aware,1.0,20.66125357470804,10.33062678735402,450,616,
IL_CELL,0,8,4,616,0,naive,0.7586206896551724,14.00797724611129,7.003988623055645,58,616,
IL_CELL,0,9,5,612,3,anchor,1.0,21.99237593531828,10.99618796765914,420,5090,16.0
IL_CELL,0,9,5,612,3,aware,0.9661016949152542,20.69534071030837,10.347670355154186,59,612,
IL_CELL,0,9,5,612,3,aware_on_anchor_rows,0.9738095238095238,20.69534071030837,10.347670355154186,420,612,
IL_CELL,0,9,5,612,3,explore_offset_q_aware,0.9976190476190476,20.69534071030837,10.347670355154186,420,612,
IL_CELL,0,9,5,612,3,naive,0.9152542372881356,14.074499538290238,7.037249769145119,59,612,
IL_CELL,1,0,1,557,0,anchor,0.8640350877192983,21.302785216003045,10.651392608001522,1140,4400,18.0
IL_CELL,1,0,1,557,0,aware,0.9401709401709402,22.970976984127013,11.485488492063508,117,557,
IL_CELL,1,0,1,557,0,aware_on_anchor_rows,0.9403508771929824,22.970976984127013,11.485488492063508,1140,557,
IL_CELL,1,0,1,557,0,explore_offset_q_aware,0.8850877192982456,22.970976984127013,11.485488492063508,1140,557,
IL_CELL,1,0,1,557,0,naive,0.6068376068376068,13.36554384366586,6.682771921832931,117,557,
IL_CELL,1,1,1,590,0,anchor,0.7469135802469136,20.43952784368392,10.21976392184196,810,4730,18.0
IL_CELL,1,1,1,590,0,aware,0.8214285714285714,21.256454797010043,10.628227398505022,84,590,
IL_CELL,1,1,1,590,0,aware_on_anchor_rows,0.8222222222222222,21.256454797010043,10.628227398505022,810,590,
IL_CELL,1,1,1,590,0,explore_offset_q_aware,0.7641975308641975,21.256454797010043,10.628227398505022,810,590,
IL_CELL,1,1,1,590,0,naive,0.5,12.663962057600358,6.331981028800179,84,590,
IL_CELL,1,2,1,615,0,anchor,0.8696428571428572,20.7800952865182,10.390047643259098,560,4980,18.0
IL_CELL,1,2,1,615,0,aware,0.7627118644067796,21.62682285029948,10.813411425149738,59,615,
IL_CELL,1,2,1,615,0,aware_on_anchor_rows,0.7642857142857142,21.62682285029948,10.813411425149738,560,615,
IL_CELL,1,2,1,615,0,explore_offset_q_aware,0.8910714285714286,21.62682285029948,10.813411425149738,560,615,
IL_CELL,1,2,1,615,0,naive,0.4067796610169492,14.233908600867869,7.116954300433934,59,615,
IL_CELL,1,3,3,614,0,anchor,0.8760869565217392,21.59835118742715,10.799175593713574,460,5080,18.0
IL_CELL,1,3,3,614,0,aware,0.9666666666666668,22.670851454990864,11.335425727495432,60,614,
IL_CELL,1,3,3,614,0,aware_on_anchor_rows,0.9565217391304348,22.670851454990864,11.335425727495432,460,614,
IL_CELL,1,3,3,614,0,explore_offset_q_aware,0.8956521739130435,22.670851454990864,11.335425727495432,460,614,
IL_CELL,1,3,3,614,0,naive,0.7,13.923656016693018,6.961828008346509,60,614,
IL_CELL,1,4,4,614,0,anchor,0.9425531914893616,22.06512828672906,11.03256414336453,470,5070,17.0
IL_CELL,1,4,4,614,0,aware,0.9833333333333332,21.855994828301487,10.927997414150743,60,614,
IL_CELL,1,4,4,614,0,aware_on_anchor_rows,1.0,21.855994828301487,10.927997414150743,470,614,
IL_CELL,1,4,4,614,0,explore_offset_q_aware,0.9404255319148936,21.855994828301487,10.927997414150743,470,614,
IL_CELL,1,4,4,614,0,naive,0.7,13.787941086872976,6.893970543436488,60,614,
IL_CELL,1,5,5,614,0,anchor,0.9363636363636364,21.483999513328325,10.741999756664162,440,5100,16.0
IL_CELL,1,5,5,614,0,aware,0.9833333333333332,22.771224168942094,11.385612084471047,60,614,
IL_CELL,1,5,5,614,0,aware_on_anchor_rows,0.9863636363636364,22.771224168942094,11.385612084471047,440,614,
IL_CELL,1,5,5,614,0,explore_offset_q_aware,0.9477272727272728,22.771224168942094,11.385612084471047,440,614,
IL_CELL,1,5,5,614,0,naive,0.8666666666666667,14.619406809286012,7.309703404643006,60,614,
IL_CELL,1,6,4,616,0,anchor,0.9794871794871794,22.56136994994282,11.28068497497141,390,5150,17.0
IL_CELL,1,6,4,616,0,aware,0.896551724137931,21.901896181091423,10.950948090545712,58,616,
IL_CELL,1,6,4,616,0,aware_on_anchor_rows,0.982051282051282,21.901896181091423,10.950948090545712,390,616,
IL_CELL,1,6,4,616,0,explore_offset_q_aware,0.9794871794871794,21.901896181091423,10.950948090545712,390,616,
IL_CELL,1,6,4,616,0,naive,0.7758620689655172,13.93233440244839,6.966167201224195,58,616,
IL_CELL,1,7,5,611,4,anchor,1.0,22.153549661440312,11.076774830720156,400,5100,17.0
IL_CELL,1,7,5,611,4,aware,0.9322033898305084,21.283292385508624,10.641646192754312,59,611,
IL_CELL,1,7,5,611,4,aware_on_anchor_rows,0.98,21.283292385508624,10.641646192754312,400,611,
IL_CELL,1,7,5,611,4,explore_offset_q_aware,1.0,21.283292385508624,10.641646192754312,400,611,
IL_CELL,1,7,5,611,4,naive,0.8305084745762712,14.346417858806737,7.173208929403367,59,611,
IL_CELL,1,8,4,616,0,anchor,0.9955555555555556,20.81936341723179,10.409681708615896,450,5090,16.0
IL_CELL,1,8,4,616,0,aware,0.8793103448275862,20.456475370403638,10.228237685201815,58,616,
IL_CELL,1,8,4,616,0,aware_on_anchor_rows,0.8777777777777778,20.456475370403638,10.228237685201815,450,616,
IL_CELL,1,8,4,616,0,explore_offset_q_aware,0.9955555555555556,20.456475370403638,10.228237685201815,450,616,
IL_CELL,1,8,4,616,0,naive,0.7931034482758621,14.707346223274136,7.353673111637067,58,616,
IL_CELL,1,9,5,612,3,anchor,0.9857142857142858,22.24974746122198,11.12487373061099,420,5090,16.0
IL_CELL,1,9,5,612,3,aware,0.9661016949152542,21.8117400876746,10.905870043837298,59,612,
IL_CELL,1,9,5,612,3,aware_on_anchor_rows,0.9666666666666668,21.8117400876746,10.905870043837298,420,612,
IL_CELL,1,9,5,612,3,explore_offset_q_aware,0.9857142857142858,21.8117400876746,10.905870043837298,420,612,
IL_CELL,1,9,5,612,3,naive,0.9152542372881356,13.862102910605278,6.931051455302639,59,612,
IL_CELL,2,0,1,557,0,anchor,0.8912280701754386,20.11302323232324,10.056511616161618,1140,4400,18.0
IL_CELL,2,0,1,557,0,aware,0.9401709401709402,22.462349544450845,11.231174772225422,117,557,
IL_CELL,2,0,1,557,0,aware_on_anchor_rows,0.9403508771929824,22.462349544450845,11.231174772225422,1140,557,
IL_CELL,2,0,1,557,0,explore_offset_q_aware,0.9271929824561403,22.462349544450845,11.231174772225422,1140,557,
IL_CELL,2,0,1,557,0,naive,0.6324786324786325,13.617790109890104,6.808895054945052,117,557,
IL_CELL,2,1,1,590,0,anchor,0.6444444444444445,21.55969942413221,10.779849712066104,810,4730,18.0
IL_CELL,2,1,1,590,0,aware,0.8214285714285714,21.083315631542938,10.541657815771469,84,590,
IL_CELL,2,1,1,590,0,aware_on_anchor_rows,0.8246913580246914,21.083315631542938,10.541657815771469,810,590,
IL_CELL,2,1,1,590,0,explore_offset_q_aware,0.6345679012345679,21.083315631542938,10.541657815771469,810,590,
IL_CELL,2,1,1,590,0,naive,0.5238095238095238,12.251173112877048,6.125586556438524,84,590,
IL_CELL,2,2,1,615,0,anchor,0.9071428571428573,22.236597419933144,11.118298709966572,560,4980,18.0
IL_CELL,2,2,1,615,0,aware,0.711864406779661,21.111510243028192,10.555755121514096,59,615,
IL_CELL,2,2,1,615,0,aware_on_anchor_rows,0.7089285714285715,21.111510243028192,10.555755121514096,560,615,
IL_CELL,2,2,1,615,0,explore_offset_q_aware,0.8910714285714286,21.111510243028192,10.555755121514096,560,615,
IL_CELL,2,2,1,615,0,naive,0.3728813559322034,14.276056474090582,7.138028237045291,59,615,
IL_CELL,2,3,3,614,0,anchor,0.9195652173913044,22.437777888108503,11.218888944054251,460,5080,18.0
IL_CELL,2,3,3,614,0,aware,0.9333333333333332,21.62488965847252,10.81244482923626,60,614,
IL_CELL,2,3,3,614,0,aware_on_anchor_rows,0.9369565217391304,21.62488965847252,10.81244482923626,460,614,
IL_CELL,2,3,3,614,0,explore_offset_q_aware,0.9108695652173912,21.62488965847252,10.81244482923626,460,614,
IL_CELL,2,3,3,614,0,naive,0.6833333333333333,13.704966203205071,6.852483101602536,60,614,
IL_CELL,2,4,4,614,0,anchor,0.9744680851063828,21.83890505789481,10.919452528947405,470,5070,17.0
IL_CELL,2,4,4,614,0,aware,1.0,21.71671533044763,10.858357665223815,60,614,
IL_CELL,2,4,4,614,0,aware_on_anchor_rows,1.0,21.71671533044763,10.858357665223815,470,614,
IL_CELL,2,4,4,614,0,explore_offset_q_aware,0.9680851063829788,21.71671533044763,10.858357665223815,470,614,
IL_CELL,2,4,4,614,0,naive,0.85,14.10170329720458,7.05085164860229,60,614,
IL_CELL,2,5,5,614,0,anchor,0.9431818181818182,20.87921607971732,10.43960803985866,440,5100,16.0
IL_CELL,2,5,5,614,0,aware,0.9833333333333332,22.139477259023487,11.069738629511743,60,614,
IL_CELL,2,5,5,614,0,aware_on_anchor_rows,0.9818181818181818,22.139477259023487,11.069738629511743,440,614,
IL_CELL,2,5,5,614,0,explore_offset_q_aware,0.9477272727272728,22.139477259023487,11.069738629511743,440,614,
IL_CELL,2,5,5,614,0,naive,0.85,14.085189303393818,7.042594651696909,60,614,
IL_CELL,2,6,4,616,0,anchor,0.9769230769230768,21.81486556888328,10.90743278444164,390,5150,17.0
IL_CELL,2,6,4,616,0,aware,0.8793103448275862,21.95044685533122,10.97522342766561,58,616,
IL_CELL,2,6,4,616,0,aware_on_anchor_rows,0.982051282051282,21.95044685533122,10.97522342766561,390,616,
IL_CELL,2,6,4,616,0,explore_offset_q_aware,0.9769230769230768,21.95044685533122,10.97522342766561,390,616,
IL_CELL,2,6,4,616,0,naive,0.7068965517241379,13.797720829325437,6.8988604146627175,58,616,
IL_CELL,2,7,5,611,4,anchor,1.0,24.01879186826877,12.009395934134384,400,5100,17.0
IL_CELL,2,7,5,611,4,aware,1.0,22.50892565950051,11.254462829750254,59,611,
IL_CELL,2,7,5,611,4,aware_on_anchor_rows,1.0,22.50892565950051,11.254462829750254,400,611,
IL_CELL,2,7,5,611,4,explore_offset_q_aware,1.0,22.50892565950051,11.254462829750254,400,611,
IL_CELL,2,7,5,611,4,naive,0.8813559322033898,14.319876677338762,7.159938338669381,59,611,
IL_CELL,2,8,4,616,0,anchor,1.0,21.0310138507567,10.51550692537835,450,5090,16.0
IL_CELL,2,8,4,616,0,aware,0.8793103448275862,20.911842350133885,10.455921175066942,58,616,
IL_CELL,2,8,4,616,0,aware_on_anchor_rows,0.8777777777777778,20.911842350133885,10.455921175066942,450,616,
IL_CELL,2,8,4,616,0,explore_offset_q_aware,1.0,20.911842350133885,10.455921175066942,450,616,
IL_CELL,2,8,4,616,0,naive,0.7931034482758621,14.436949433911735,7.218474716955868,58,616,
IL_CELL,2,9,5,612,3,anchor,0.9809523809523808,21.332589228802878,10.666294614401435,420,5090,16.0
IL_CELL,2,9,5,612,3,aware,0.9491525423728814,20.60083486170753,10.300417430853765,59,612,
IL_CELL,2,9,5,612,3,aware_on_anchor_rows,0.9571428571428572,20.60083486170753,10.300417430853765,420,612,
IL_CELL,2,9,5,612,3,explore_offset_q_aware,0.9809523809523808,20.60083486170753,10.300417430853765,420,612,
IL_CELL,2,9,5,612,3,naive,0.8813559322033898,13.142320776265652,6.571160388132826,59,612,
IL_CELL,3,0,1,557,0,anchor,0.843859649122807,20.95881455026456,10.479407275132278,1140,4400,18.0
IL_CELL,3,0,1,557,0,aware,0.9401709401709402,22.42233072997776,11.21116536498888,117,557,
IL_CELL,3,0,1,557,0,aware_on_anchor_rows,0.9394736842105263,22.42233072997776,11.21116536498888,1140,557,
IL_CELL,3,0,1,557,0,explore_offset_q_aware,0.8710526315789474,22.42233072997776,11.21116536498888,1140,557,
IL_CELL,3,0,1,557,0,naive,0.6495726495726496,14.494942112571527,7.247471056285764,117,557,
IL_CELL,3,1,1,590,0,anchor,0.7135802469135802,20.02750658007928,10.013753290039638,810,4730,18.0
IL_CELL,3,1,1,590,0,aware,0.8095238095238095,21.375455712231773,10.687727856115886,84,590,
IL_CELL,3,1,1,590,0,aware_on_anchor_rows,0.808641975308642,21.375455712231773,10.687727856115886,810,590,
IL_CELL,3,1,1,590,0,explore_offset_q_aware,0.7469135802469136,21.375455712231773,10.687727856115886,810,590,
IL_CELL,3,1,1,590,0,naive,0.5238095238095238,12.83955889747108,6.41977944873554,84,590,
IL_CELL,3,2,1,615,0,anchor,0.8446428571428571,21.29352537030959,10.646762685154796,560,4980,18.0
IL_CELL,3,2,1,615,0,aware,0.6610169491525424,20.594669296638894,10.297334648319447,59,615,
IL_CELL,3,2,1,615,0,aware_on_anchor_rows,0.6571428571428571,20.594669296638894,10.297334648319447,560,615,
IL_CELL,3,2,1,615,0,explore_offset_q_aware,0.8321428571428572,20.594669296638894,10.297334648319447,560,615,
IL_CELL,3,2,1,615,0,naive,0.4576271186440678,15.598275839919989,7.799137919959994,59,615,
IL_CELL,3,3,3,614,0,anchor,0.8913043478260869,22.161743303886517,11.080871651943257,460,5080,18.0
IL_CELL,3,3,3,614,0,aware,0.9666666666666668,22.17165798488852,11.08582899244426,60,614,
IL_CELL,3,3,3,614,0,aware_on_anchor_rows,0.9565217391304348,22.17165798488852,11.08582899244426,460,614,
IL_CELL,3,3,3,614,0,explore_offset_q_aware,0.8913043478260869,22.17165798488852,11.08582899244426,460,614,
IL_CELL,3,3,3,614,0,naive,0.6833333333333333,13.370792289192565,6.6853961445962815,60,614,
IL_CELL,3,4,4,614,0,anchor,0.9744680851063828,21.7964769998665,10.89823849993325,470,5070,17.0
IL_CELL,3,4,4,614,0,aware,1.0,22.2245041510053,11.11225207550265,60,614,
IL_CELL,3,4,4,614,0,aware_on_anchor_rows,1.0,22.2245041510053,11.11225207550265,470,614,
IL_CELL,3,4,4,614,0,explore_offset_q_aware,0.9787234042553192,22.2245041510053,11.11225207550265,470,614,
IL_CELL,3,4,4,614,0,naive,0.85,13.999275069386336,6.999637534693169,60,614,
IL_CELL,3,5,5,614,0,anchor,0.9522727272727272,22.450382802609766,11.225191401304883,440,5100,16.0
IL_CELL,3,5,5,614,0,aware,0.9833333333333332,22.09276458724557,11.046382293622784,60,614,
IL_CELL,3,5,5,614,0,aware_on_anchor_rows,0.9818181818181818,22.09276458724557,11.046382293622784,440,614,
IL_CELL,3,5,5,614,0,explore_offset_q_aware,0.9454545454545454,22.09276458724557,11.046382293622784,440,614,
IL_CELL,3,5,5,614,0,naive,0.85,14.353508010072712,7.176754005036356,60,614,
IL_CELL,3,6,4,616,0,anchor,0.9769230769230768,22.28726631600506,11.14363315800253,390,5150,17.0
IL_CELL,3,6,4,616,0,aware,0.913793103448276,21.59917077093941,10.799585385469705,58,616,
IL_CELL,3,6,4,616,0,aware_on_anchor_rows,0.982051282051282,21.59917077093941,10.799585385469705,390,616,
IL_CELL,3,6,4,616,0,explore_offset_q_aware,0.9743589743589745,21.59917077093941,10.799585385469705,390,616,
IL_CELL,3,6,4,616,0,naive,0.7586206896551724,13.574012569191144,6.787006284595572,58,616,
IL_CELL,3,7,5,611,4,anchor,0.9975,20.63932851228933,10.319664256144666,400,5100,17.0
IL_CELL,3,7,5,611,4,aware,0.9152542372881356,21.136318340776928,10.568159170388464,59,611,
IL_CELL,3,7,5,611,4,aware_on_anchor_rows,0.975,21.136318340776928,10.568159170388464,400,611,
IL_CELL,3,7,5,611,4,explore_offset_q_aware,0.9975,21.136318340776928,10.568159170388464,400,611,
IL_CELL,3,7,5,611,4,naive,0.8135593220338984,13.944414974059598,6.972207487029799,59,611,
IL_CELL,3,8,4,616,0,anchor,1.0,22.43835949781452,11.219179748907258,450,5090,16.0
IL_CELL,3,8,4,616,0,aware,0.896551724137931,20.96464682851728,10.48232341425864,58,616,
IL_CELL,3,8,4,616,0,aware_on_anchor_rows,0.8911111111111111,20.96464682851728,10.48232341425864,450,616,
IL_CELL,3,8,4,616,0,explore_offset_q_aware,0.9977777777777778,20.96464682851728,10.48232341425864,450,616,
IL_CELL,3,8,4,616,0,naive,0.7586206896551724,13.95326147478198,6.976630737390989,58,616,
IL_CELL,3,9,5,612,3,anchor,1.0,22.536690298672465,11.268345149336232,420,5090,16.0
IL_CELL,3,9,5,612,3,aware,0.9661016949152542,21.517424151972456,10.758712075986228,59,612,
IL_CELL,3,9,5,612,3,aware_on_anchor_rows,0.9666666666666668,21.517424151972456,10.758712075986228,420,612,
IL_CELL,3,9,5,612,3,explore_offset_q_aware,0.9952380952380953,21.517424151972456,10.758712075986228,420,612,
IL_CELL,3,9,5,612,3,naive,0.9152542372881356,13.095882970642425,6.547941485321212,59,612,
IL_CELL,4,0,1,557,0,anchor,0.875438596491228,21.2228459515952,10.6114229757976,1140,4400,18.0
IL_CELL,4,0,1,557,0,aware,0.9487179487179488,22.20664185762861,11.103320928814307,117,557,
IL_CELL,4,0,1,557,0,aware_on_anchor_rows,0.9473684210526316,22.20664185762861,11.103320928814307,1140,557,
IL_CELL,4,0,1,557,0,explore_offset_q_aware,0.8894736842105263,22.20664185762861,11.103320928814307,1140,557,
IL_CELL,4,0,1,557,0,naive,0.7863247863247863,14.91450793650793,7.457253968253965,117,557,
IL_CELL,4,1,1,590,0,anchor,0.7061728395061728,19.18330307841201,9.591651539206005,810,4730,18.0
IL_CELL,4,1,1,590,0,aware,0.8214285714285714,21.311966174646017,10.655983087323008,84,590,
IL_CELL,4,1,1,590,0,aware_on_anchor_rows,0.8197530864197531,21.311966174646017,10.655983087323008,810,590,
IL_CELL,4,1,1,590,0,explore_offset_q_aware,0.7382716049382716,21.311966174646017,10.655983087323008,810,590,
IL_CELL,4,1,1,590,0,naive,0.5357142857142857,12.985058408948374,6.492529204474187,84,590,
IL_CELL,4,2,1,615,0,anchor,0.8678571428571429,21.50475112594112,10.75237556297056,560,4980,18.0
IL_CELL,4,2,1,615,0,aware,0.7627118644067796,21.134589734753668,10.567294867376834,59,615,
IL_CELL,4,2,1,615,0,aware_on_anchor_rows,0.7625,21.134589734753668,10.567294867376834,560,615,
IL_CELL,4,2,1,615,0,explore_offset_q_aware,0.8642857142857143,21.134589734753668,10.567294867376834,560,615,
IL_CELL,4,2,1,615,0,naive,0.4745762711864407,14.381081183140347,7.190540591570174,59,615,
IL_CELL,4,3,3,614,0,anchor,0.85,22.424764520051387,11.212382260025691,460,5080,18.0
IL_CELL,4,3,3,614,0,aware,0.9666666666666668,22.44996732590825,11.224983662954129,60,614,
IL_CELL,4,3,3,614,0,aware_on_anchor_rows,0.9565217391304348,22.44996732590825,11.224983662954129,460,614,
IL_CELL,4,3,3,614,0,explore_offset_q_aware,0.85,22.44996732590825,11.224983662954129,460,614,
IL_CELL,4,3,3,614,0,naive,0.6833333333333333,13.479331614901415,6.7396658074507085,60,614,
IL_CELL,4,4,4,614,0,anchor,0.9765957446808512,22.073805349491614,11.036902674745807,470,5070,17.0
IL_CELL,4,4,4,614,0,aware,0.9833333333333332,21.52309088680913,10.761545443404565,60,614,
IL_CELL,4,4,4,614,0,aware_on_anchor_rows,0.9829787234042552,21.52309088680913,10.761545443404565,470,614,
IL_CELL,4,4,4,614,0,explore_offset_q_aware,0.9638297872340426,21.52309088680913,10.761545443404565,470,614,
IL_CELL,4,4,4,614,0,naive,0.8,14.462262940798166,7.231131470399083,60,614,
IL_CELL,4,5,5,614,0,anchor,0.9363636363636364,20.983206478238,10.491603239118998,440,5100,16.0
IL_CELL,4,5,5,614,0,aware,0.9833333333333332,22.113345649379017,11.056672824689509,60,614,
IL_CELL,4,5,5,614,0,aware_on_anchor_rows,0.9818181818181818,22.113345649379017,11.056672824689509,440,614,
IL_CELL,4,5,5,614,0,explore_offset_q_aware,0.9363636363636364,22.113345649379017,11.056672824689509,440,614,
IL_CELL,4,5,5,614,0,naive,0.8166666666666667,14.098182090917462,7.049091045458731,60,614,
IL_CELL,4,6,4,616,0,anchor,0.9743589743589745,22.08643696017552,11.04321848008776,390,5150,17.0
IL_CELL,4,6,4,616,0,aware,0.9310344827586208,23.150740268369116,11.575370134184556,58,616,
IL_CELL,4,6,4,616,0,aware_on_anchor_rows,0.9743589743589745,23.150740268369116,11.575370134184556,390,616,
IL_CELL,4,6,4,616,0,explore_offset_q_aware,0.9743589743589745,23.150740268369116,11.575370134184556,390,616,
IL_CELL,4,6,4,616,0,naive,0.7758620689655172,13.261883135864611,6.630941567932306,58,616,
IL_CELL,4,7,5,611,4,anchor,0.9975,22.69581133855409,11.347905669277043,400,5100,17.0
IL_CELL,4,7,5,611,4,aware,0.9661016949152542,21.64522540921153,10.822612704605769,59,611,
IL_CELL,4,7,5,611,4,aware_on_anchor_rows,1.0,21.64522540921153,10.822612704605769,400,611,
IL_CELL,4,7,5,611,4,explore_offset_q_aware,0.995,21.64522540921153,10.822612704605769,400,611,
IL_CELL,4,7,5,611,4,naive,0.8813559322033898,14.537342484333228,7.268671242166613,59,611,
IL_CELL,4,8,4,616,0,anchor,1.0,23.150597975076565,11.575298987538282,450,5090,16.0
IL_CELL,4,8,4,616,0,aware,0.896551724137931,21.298844551250497,10.649422275625248,58,616,
IL_CELL,4,8,4,616,0,aware_on_anchor_rows,0.8911111111111111,21.298844551250497,10.649422275625248,450,616,
IL_CELL,4,8,4,616,0,explore_offset_q_aware,1.0,21.298844551250497,10.649422275625248,450,616,
IL_CELL,4,8,4,616,0,naive,0.7586206896551724,13.972552185172813,6.986276092586406,58,616,
IL_CELL,4,9,5,612,3,anchor,0.9952380952380953,22.632083255567704,11.316041627783852,420,5090,16.0
IL_CELL,4,9,5,612,3,aware,0.8983050847457628,20.22841906825018,10.11420953412509,59,612,
IL_CELL,4,9,5,612,3,aware_on_anchor_rows,0.9595238095238096,20.22841906825018,10.11420953412509,420,612,
IL_CELL,4,9,5,612,3,explore_offset_q_aware,0.9928571428571428,20.22841906825018,10.11420953412509,420,612,
IL_CELL,4,9,5,612,3,naive,0.864406779661017,13.855274935167047,6.927637467583524,59,612,
