dataset,seed,fold,source,n_rows,method,covered,n_eval,width,n_rows_sharing_anchor_material,coverage,variant
DES_ETA,0,0,http://pubs.acs.org/journal/acscii,1461,anchor,13183,14580,1.5630016104850477,333.0,0.9041838134430727,raw_seed0
DES_ETA,0,0,http://pubs.acs.org/journal/acscii,1461,aware_on_anchor_rows,14162,14580,2.1770840669661093,,0.9713305898491084,raw_seed0
DES_ETA,0,0,http://pubs.acs.org/journal/acscii,1461,explore_anchor_matdisjoint,13068,14247,1.6622327617894015,,0.9172457359444094,raw_seed0
DES_ETA,0,0,http://pubs.acs.org/journal/acscii,1461,explore_aware8_on_anchor_rows,14152,14580,2.170080277046775,,0.970644718792867,raw_seed0
DES_ETA,0,0,http://pubs.acs.org/journal/acscii,1461,explore_aware_on_matdisjoint_rows,13846,14247,2.1770840669661093,,0.9718537235909315,raw_seed0
DES_ETA,0,1,10.1016/j.fluid.2019.01.025,28,anchor,216,250,1.4998055434761393,152.0,0.864,raw_seed0
DES_ETA,0,1,10.1016/j.fluid.2019.01.025,28,aware_on_anchor_rows,187,250,1.814405756956168,,0.748,raw_seed0
DES_ETA,0,1,10.1016/j.fluid.2019.01.025,28,explore_anchor_matdisjoint,70,98,1.5443397636195408,,0.7142857142857143,raw_seed0
DES_ETA,0,1,10.1016/j.fluid.2019.01.025,28,explore_aware8_on_anchor_rows,187,250,1.8065685808184255,,0.748,raw_seed0
DES_ETA,0,1,10.1016/j.fluid.2019.01.025,28,explore_aware_on_matdisjoint_rows,77,98,1.814405756956168,,0.7857142857142857,raw_seed0
DES_ETA,0,1,10.1016/j.foodchem.2019.125752,8,anchor,46,50,1.4998055434761393,0.0,0.92,raw_seed0
DES_ETA,0,1,10.1016/j.foodchem.2019.125752,8,aware_on_anchor_rows,50,50,1.814405756956168,,1.0,raw_seed0
DES_ETA,0,1,10.1016/j.foodchem.2019.125752,8,explore_anchor_matdisjoint,47,50,1.5443397636195408,,0.94,raw_seed0
DES_ETA,0,1,10.1016/j.foodchem.2019.125752,8,explore_aware8_on_anchor_rows,50,50,1.8065685808184255,,1.0,raw_seed0
DES_ETA,0,1,10.1016/j.foodchem.2019.125752,8,explore_aware_on_matdisjoint_rows,50,50,1.814405756956168,,1.0,raw_seed0
DES_ETA,0,1,10.1016/j.jct.2018.12.017,43,anchor,367,400,1.4998055434761393,232.0,0.9175,raw_seed0
DES_ETA,0,1,10.1016/j.jct.2018.12.017,43,aware_on_anchor_rows,352,400,1.814405756956168,,0.88,raw_seed0
DES_ETA,0,1,10.1016/j.jct.2018.12.017,43,explore_anchor_matdisjoint,140,168,1.5443397636195408,,0.8333333333333334,raw_seed0
DES_ETA,0,1,10.1016/j.jct.2018.12.017,43,explore_aware8_on_anchor_rows,352,400,1.8065685808184255,,0.88,raw_seed0
DES_ETA,0,1,10.1016/j.jct.2018.12.017,43,explore_aware_on_matdisjoint_rows,128,168,1.814405756956168,,0.7619047619047619,raw_seed0
DES_ETA,0,1,10.1016/j.jct.2019.105883,15,anchor,120,120,1.4998055434761393,75.0,1.0,raw_seed0
DES_ETA,0,1,10.1016/j.jct.2019.105883,15,aware_on_anchor_rows,120,120,1.814405756956168,,1.0,raw_seed0
DES_ETA,0,1,10.1016/j.jct.2019.105883,15,explore_anchor_matdisjoint,45,45,1.5443397636195408,,1.0,raw_seed0
DES_ETA,0,1,10.1016/j.jct.2019.105883,15,explore_aware8_on_anchor_rows,120,120,1.8065685808184255,,1.0,raw_seed0
DES_ETA,0,1,10.1016/j.jct.2019.105883,15,explore_aware_on_matdisjoint_rows,45,45,1.814405756956168,,1.0,raw_seed0
DES_ETA,0,1,10.1016/j.molliq.2022.120420,337,anchor,3340,3340,1.4998055434761393,357.0,1.0,raw_seed0
DES_ETA,0,1,10.1016/j.molliq.2022.120420,337,aware_on_anchor_rows,3340,3340,1.814405756956168,,1.0,raw_seed0
DES_ETA,0,1,10.1016/j.molliq.2022.120420,337,explore_anchor_matdisjoint,2983,2983,1.5443397636195408,,1.0,raw_seed0
DES_ETA,0,1,10.1016/j.molliq.2022.120420,337,explore_aware8_on_anchor_rows,3340,3340,1.8065685808184255,,1.0,raw_seed0
DES_ETA,0,1,10.1016/j.molliq.2022.120420,337,explore_aware_on_matdisjoint_rows,2983,2983,1.814405756956168,,1.0,raw_seed0
DES_ETA,0,1,10.1021/acssuschemeng.8b03520,17,anchor,104,140,1.4998055434761393,0.0,0.7428571428571429,raw_seed0
DES_ETA,0,1,10.1021/acssuschemeng.8b03520,17,aware_on_anchor_rows,113,140,1.814405756956168,,0.8071428571428572,raw_seed0
DES_ETA,0,1,10.1021/acssuschemeng.8b03520,17,explore_anchor_matdisjoint,105,140,1.5443397636195408,,0.75,raw_seed0
DES_ETA,0,1,10.1021/acssuschemeng.8b03520,17,explore_aware8_on_anchor_rows,113,140,1.8065685808184255,,0.8071428571428572,raw_seed0
DES_ETA,0,1,10.1021/acssuschemeng.8b03520,17,explore_aware_on_matdisjoint_rows,113,140,1.814405756956168,,0.8071428571428572,raw_seed0
DES_ETA,0,1,10.1021/acssuschemeng.9b02845,24,anchor,210,210,1.4998055434761393,170.0,1.0,raw_seed0
DES_ETA,0,1,10.1021/acssuschemeng.9b02845,24,aware_on_anchor_rows,210,210,1.814405756956168,,1.0,raw_seed0
DES_ETA,0,1,10.1021/acssuschemeng.9b02845,24,explore_anchor_matdisjoint,40,40,1.5443397636195408,,1.0,raw_seed0
DES_ETA,0,1,10.1021/acssuschemeng.9b02845,24,explore_aware8_on_anchor_rows,210,210,1.8065685808184255,,1.0,raw_seed0
DES_ETA,0,1,10.1021/acssuschemeng.9b02845,24,explore_aware_on_matdisjoint_rows,40,40,1.814405756956168,,1.0,raw_seed0
DES_ETA,0,2,10.1002/ceat.201600475,11,anchor,80,80,1.404217638970352,51.0,1.0,raw_seed0
DES_ETA,0,2,10.1002/ceat.201600475,11,aware_on_anchor_rows,80,80,1.7752517092177538,,1.0,raw_seed0
DES_ETA,0,2,10.1002/ceat.201600475,11,explore_anchor_matdisjoint,29,29,1.4772693050881156,,1.0,raw_seed0
DES_ETA,0,2,10.1002/ceat.201600475,11,explore_aware8_on_anchor_rows,80,80,1.767097889849588,,1.0,raw_seed0
DES_ETA,0,2,10.1002/ceat.201600475,11,explore_aware_on_matdisjoint_rows,29,29,1.7752517092177538,,1.0,raw_seed0
DES_ETA,0,2,10.1016/j.jct.2013.05.041,20,anchor,170,170,1.404217638970352,160.0,1.0,raw_seed0
DES_ETA,0,2,10.1016/j.jct.2013.05.041,20,aware_on_anchor_rows,170,170,1.7752517092177538,,1.0,raw_seed0
DES_ETA,0,2,10.1016/j.jct.2013.05.041,20,explore_anchor_matdisjoint,10,10,1.4772693050881156,,1.0,raw_seed0
DES_ETA,0,2,10.1016/j.jct.2013.05.041,20,explore_aware8_on_anchor_rows,170,170,1.767097889849588,,1.0,raw_seed0
DES_ETA,0,2,10.1016/j.jct.2013.05.041,20,explore_aware_on_matdisjoint_rows,10,10,1.7752517092177538,,1.0,raw_seed0
DES_ETA,0,2,10.1016/j.molliq.2022.119560,27,anchor,240,240,1.404217638970352,168.0,1.0,raw_seed0
DES_ETA,0,2,10.1016/j.molliq.2022.119560,27,aware_on_anchor_rows,240,240,1.7752517092177538,,1.0,raw_seed0
DES_ETA,0,2,10.1016/j.molliq.2022.119560,27,explore_anchor_matdisjoint,72,72,1.4772693050881156,,1.0,raw_seed0
DES_ETA,0,2,10.1016/j.molliq.2022.119560,27,explore_aware8_on_anchor_rows,240,240,1.767097889849588,,1.0,raw_seed0
DES_ETA,0,2,10.1016/j.molliq.2022.119560,27,explore_aware_on_matdisjoint_rows,72,72,1.7752517092177538,,1.0,raw_seed0
DES_ETA,0,2,10.1016/j.molliq.2022.120660,15,anchor,110,120,1.404217638970352,0.0,0.9166666666666666,raw_seed0
DES_ETA,0,2,10.1016/j.molliq.2022.120660,15,aware_on_anchor_rows,93,120,1.7752517092177538,,0.775,raw_seed0
DES_ETA,0,2,10.1016/j.molliq.2022.120660,15,explore_anchor_matdisjoint,113,120,1.4772693050881156,,0.9416666666666667,raw_seed0
DES_ETA,0,2,10.1016/j.molliq.2022.120660,15,explore_aware8_on_anchor_rows,93,120,1.767097889849588,,0.775,raw_seed0
DES_ETA,0,2,10.1016/j.molliq.2022.120660,15,explore_aware_on_matdisjoint_rows,93,120,1.7752517092177538,,0.775,raw_seed0
DES_ETA,0,2,10.1016/j.seppur.2019.115703,43,anchor,400,400,1.404217638970352,227.0,1.0,raw_seed0
DES_ETA,0,2,10.1016/j.seppur.2019.115703,43,aware_on_anchor_rows,400,400,1.7752517092177538,,1.0,raw_seed0
DES_ETA,0,2,10.1016/j.seppur.2019.115703,43,explore_anchor_matdisjoint,173,173,1.4772693050881156,,1.0,raw_seed0
DES_ETA,0,2,10.1016/j.seppur.2019.115703,43,explore_aware8_on_anchor_rows,400,400,1.767097889849588,,1.0,raw_seed0
DES_ETA,0,2,10.1016/j.seppur.2019.115703,43,explore_aware_on_matdisjoint_rows,173,173,1.7752517092177538,,1.0,raw_seed0
DES_ETA,0,2,10.1021/acs.jced.6b00563,11,anchor,80,80,1.404217638970352,80.0,1.0,raw_seed0
DES_ETA,0,2,10.1021/acs.jced.6b00563,11,aware_on_anchor_rows,80,80,1.7752517092177538,,1.0,raw_seed0
DES_ETA,0,2,10.1021/acs.jced.6b00563,11,explore_anchor_matdisjoint,0,0,1.4772693050881156,,,raw_seed0
DES_ETA,0,2,10.1021/acs.jced.6b00563,11,explore_aware8_on_anchor_rows,80,80,1.767097889849588,,1.0,raw_seed0
DES_ETA,0,2,10.1021/acs.jced.6b00563,11,explore_aware_on_matdisjoint_rows,0,0,1.7752517092177538,,,raw_seed0
DES_ETA,0,2,10.1021/je100104v,32,anchor,247,290,1.404217638970352,119.0,0.8517241379310345,raw_seed0
DES_ETA,0,2,10.1021/je100104v,32,aware_on_anchor_rows,272,290,1.7752517092177538,,0.9379310344827586,raw_seed0
DES_ETA,0,2,10.1021/je100104v,32,explore_anchor_matdisjoint,151,171,1.4772693050881156,,0.8830409356725146,raw_seed0
DES_ETA,0,2,10.1021/je100104v,32,explore_aware8_on_anchor_rows,272,290,1.767097889849588,,0.9379310344827586,raw_seed0
DES_ETA,0,2,10.1021/je100104v,32,explore_aware_on_matdisjoint_rows,161,171,1.7752517092177538,,0.9415204678362573,raw_seed0
DES_ETA,0,2,10.1039/c6nj03140d,315,anchor,2400,3120,1.404217638970352,231.0,0.7692307692307693,raw_seed0
DES_ETA,0,2,10.1039/c6nj03140d,315,aware_on_anchor_rows,2797,3120,1.7752517092177538,,0.896474358974359,raw_seed0
DES_ETA,0,2,10.1039/c6nj03140d,315,explore_anchor_matdisjoint,2274,2889,1.4772693050881156,,0.7871235721703012,raw_seed0
DES_ETA,0,2,10.1039/c6nj03140d,315,explore_aware8_on_anchor_rows,2777,3120,1.767097889849588,,0.8900641025641025,raw_seed0
DES_ETA,0,2,10.1039/c6nj03140d,315,explore_aware_on_matdisjoint_rows,2597,2889,1.7752517092177538,,0.8989269643475251,raw_seed0
DES_ETA,0,3,10.1002/slct.201701223,16,anchor,86,130,1.492541533451167,74.0,0.6615384615384615,raw_seed0
DES_ETA,0,3,10.1002/slct.201701223,16,aware_on_anchor_rows,103,130,1.844446000914746,,0.7923076923076923,raw_seed0
DES_ETA,0,3,10.1002/slct.201701223,16,explore_anchor_matdisjoint,35,56,1.582359206561354,,0.625,raw_seed0
DES_ETA,0,3,10.1002/slct.201701223,16,explore_aware8_on_anchor_rows,103,130,1.822918187474216,,0.7923076923076923,raw_seed0
DES_ETA,0,3,10.1002/slct.201701223,16,explore_aware_on_matdisjoint_rows,41,56,1.844446000914746,,0.7321428571428571,raw_seed0
DES_ETA,0,3,10.1016/j.cep.2015.04.001,14,anchor,99,110,1.492541533451167,89.0,0.9,raw_seed0
DES_ETA,0,3,10.1016/j.cep.2015.04.001,14,aware_on_anchor_rows,78,110,1.844446000914746,,0.7090909090909091,raw_seed0
DES_ETA,0,3,10.1016/j.cep.2015.04.001,14,explore_anchor_matdisjoint,20,21,1.582359206561354,,0.9523809523809523,raw_seed0
DES_ETA,0,3,10.1016/j.cep.2015.04.001,14,explore_aware8_on_anchor_rows,78,110,1.822918187474216,,0.7090909090909091,raw_seed0
DES_ETA,0,3,10.1016/j.cep.2015.04.001,14,explore_aware_on_matdisjoint_rows,17,21,1.844446000914746,,0.8095238095238095,raw_seed0
DES_ETA,0,3,10.1016/j.molliq.2021.118393,38,anchor,278,350,1.492541533451167,125.0,0.7942857142857143,raw_seed0
DES_ETA,0,3,10.1016/j.molliq.2021.118393,38,aware_on_anchor_rows,304,350,1.844446000914746,,0.8685714285714285,raw_seed0
DES_ETA,0,3,10.1016/j.molliq.2021.118393,38,explore_anchor_matdisjoint,172,225,1.582359206561354,,0.7644444444444445,raw_seed0
DES_ETA,0,3,10.1016/j.molliq.2021.118393,38,explore_aware8_on_anchor_rows,304,350,1.822918187474216,,0.8685714285714285,raw_seed0
DES_ETA,0,3,10.1016/j.molliq.2021.118393,38,explore_aware_on_matdisjoint_rows,195,225,1.844446000914746,,0.8666666666666667,raw_seed0
DES_ETA,0,3,10.1021/acssuschemeng.9b03245,21,anchor,180,180,1.492541533451167,117.0,1.0,raw_seed0
DES_ETA,0,3,10.1021/acssuschemeng.9b03245,21,aware_on_anchor_rows,180,180,1.844446000914746,,1.0,raw_seed0
DES_ETA,0,3,10.1021/acssuschemeng.9b03245,21,explore_anchor_matdisjoint,63,63,1.582359206561354,,1.0,raw_seed0
DES_ETA,0,3,10.1021/acssuschemeng.9b03245,21,explore_aware8_on_anchor_rows,180,180,1.822918187474216,,1.0,raw_seed0
DES_ETA,0,3,10.1021/acssuschemeng.9b03245,21,explore_aware_on_matdisjoint_rows,63,63,1.844446000914746,,1.0,raw_seed0
DES_ETA,0,3,10.1021/sc500439w,62,anchor,562,590,1.492541533451167,243.0,0.9525423728813559,raw_seed0
DES_ETA,0,3,10.1021/sc500439w,62,aware_on_anchor_rows,581,590,1.844446000914746,,0.9847457627118644,raw_seed0
DES_ETA,0,3,10.1021/sc500439w,62,explore_anchor_matdisjoint,328,347,1.582359206561354,,0.9452449567723343,raw_seed0
DES_ETA,0,3,10.1021/sc500439w,62,explore_aware8_on_anchor_rows,581,590,1.822918187474216,,0.9847457627118644,raw_seed0
DES_ETA,0,3,10.1021/sc500439w,62,explore_aware_on_matdisjoint_rows,341,347,1.844446000914746,,0.9827089337175793,raw_seed0
DES_ETA,0,3,10.1039/d0cp01431a,27,anchor,201,240,1.492541533451167,0.0,0.8375,raw_seed0
DES_ETA,0,3,10.1039/d0cp01431a,27,aware_on_anchor_rows,213,240,1.844446000914746,,0.8875,raw_seed0
DES_ETA,0,3,10.1039/d0cp01431a,27,explore_anchor_matdisjoint,202,240,1.582359206561354,,0.8416666666666667,raw_seed0
DES_ETA,0,3,10.1039/d0cp01431a,27,explore_aware8_on_anchor_rows,213,240,1.822918187474216,,0.8875,raw_seed0
DES_ETA,0,3,10.1039/d0cp01431a,27,explore_aware_on_matdisjoint_rows,213,240,1.844446000914746,,0.8875,raw_seed0
DES_ETA,0,3,10.3390/molecules26144208,286,anchor,2828,2830,1.492541533451167,137.0,0.9992932862190813,raw_seed0
DES_ETA,0,3,10.3390/molecules26144208,286,aware_on_anchor_rows,2830,2830,1.844446000914746,,1.0,raw_seed0
DES_ETA,0,3,10.3390/molecules26144208,286,explore_anchor_matdisjoint,2693,2693,1.582359206561354,,1.0,raw_seed0
DES_ETA,0,3,10.3390/molecules26144208,286,explore_aware8_on_anchor_rows,2830,2830,1.822918187474216,,1.0,raw_seed0
DES_ETA,0,3,10.3390/molecules26144208,286,explore_aware_on_matdisjoint_rows,2693,2693,1.844446000914746,,1.0,raw_seed0
DES_ETA,0,4,10.1002/apj.1873,272,anchor,2411,2690,1.3639723931270176,199.0,0.8962825278810409,raw_seed0
DES_ETA,0,4,10.1002/apj.1873,272,aware_on_anchor_rows,2483,2690,1.758802930340825,,0.9230483271375465,raw_seed0
DES_ETA,0,4,10.1002/apj.1873,272,explore_anchor_matdisjoint,2231,2491,1.4083798754904744,,0.8956242472902449,raw_seed0
DES_ETA,0,4,10.1002/apj.1873,272,explore_aware8_on_anchor_rows,2463,2690,1.7289003793560502,,0.9156133828996282,raw_seed0
DES_ETA,0,4,10.1002/apj.1873,272,explore_aware_on_matdisjoint_rows,2294,2491,1.758802930340825,,0.920915295062224,raw_seed0
DES_ETA,0,4,10.1016/j.jct.2022.106999,30,anchor,270,270,1.3639723931270176,100.0,1.0,raw_seed0
DES_ETA,0,4,10.1016/j.jct.2022.106999,30,aware_on_anchor_rows,270,270,1.758802930340825,,1.0,raw_seed0
DES_ETA,0,4,10.1016/j.jct.2022.106999,30,explore_anchor_matdisjoint,170,170,1.4083798754904744,,1.0,raw_seed0
DES_ETA,0,4,10.1016/j.jct.2022.106999,30,explore_aware8_on_anchor_rows,270,270,1.7289003793560502,,1.0,raw_seed0
DES_ETA,0,4,10.1016/j.jct.2022.106999,30,explore_aware_on_matdisjoint_rows,170,170,1.758802930340825,,1.0,raw_seed0
DES_ETA,0,4,10.1016/j.molliq.2020.113761,18,anchor,106,150,1.3639723931270176,57.0,0.7066666666666667,raw_seed0
DES_ETA,0,4,10.1016/j.molliq.2020.113761,18,aware_on_anchor_rows,133,150,1.758802930340825,,0.8866666666666667,raw_seed0
DES_ETA,0,4,10.1016/j.molliq.2020.113761,18,explore_anchor_matdisjoint,63,93,1.4083798754904744,,0.6774193548387096,raw_seed0
DES_ETA,0,4,10.1016/j.molliq.2020.113761,18,explore_aware8_on_anchor_rows,125,150,1.7289003793560502,,0.8333333333333334,raw_seed0
DES_ETA,0,4,10.1016/j.molliq.2020.113761,18,explore_aware_on_matdisjoint_rows,82,93,1.758802930340825,,0.8817204301075269,raw_seed0
DES_ETA,0,4,10.1016/j.talanta.2022.124243,10,anchor,70,70,1.3639723931270176,0.0,1.0,raw_seed0
DES_ETA,0,4,10.1016/j.talanta.2022.124243,10,aware_on_anchor_rows,70,70,1.758802930340825,,1.0,raw_seed0
DES_ETA,0,4,10.1016/j.talanta.2022.124243,10,explore_anchor_matdisjoint,70,70,1.4083798754904744,,1.0,raw_seed0
DES_ETA,0,4,10.1016/j.talanta.2022.124243,10,explore_aware8_on_anchor_rows,70,70,1.7289003793560502,,1.0,raw_seed0
DES_ETA,0,4,10.1016/j.talanta.2022.124243,10,explore_aware_on_matdisjoint_rows,70,70,1.758802930340825,,1.0,raw_seed0
DES_ETA,0,4,10.1016/j.tca.2012.04.030,24,anchor,173,210,1.3639723931270176,123.0,0.8238095238095238,raw_seed0
DES_ETA,0,4,10.1016/j.tca.2012.04.030,24,aware_on_anchor_rows,183,210,1.758802930340825,,0.8714285714285714,raw_seed0
DES_ETA,0,4,10.1016/j.tca.2012.04.030,24,explore_anchor_matdisjoint,56,87,1.4083798754904744,,0.6436781609195402,raw_seed0
DES_ETA,0,4,10.1016/j.tca.2012.04.030,24,explore_aware8_on_anchor_rows,183,210,1.7289003793560502,,0.8714285714285714,raw_seed0
DES_ETA,0,4,10.1016/j.tca.2012.04.030,24,explore_aware_on_matdisjoint_rows,63,87,1.758802930340825,,0.7241379310344828,raw_seed0
DES_ETA,0,4,10.1021/acs.jced.0c00386,40,anchor,370,370,1.3639723931270176,183.0,1.0,raw_seed0
DES_ETA,0,4,10.1021/acs.jced.0c00386,40,aware_on_anchor_rows,370,370,1.758802930340825,,1.0,raw_seed0
DES_ETA,0,4,10.1021/acs.jced.0c00386,40,explore_anchor_matdisjoint,187,187,1.4083798754904744,,1.0,raw_seed0
DES_ETA,0,4,10.1021/acs.jced.0c00386,40,explore_aware8_on_anchor_rows,370,370,1.7289003793560502,,1.0,raw_seed0
DES_ETA,0,4,10.1021/acs.jced.0c00386,40,explore_aware_on_matdisjoint_rows,187,187,1.758802930340825,,1.0,raw_seed0
DES_ETA,0,4,10.1021/acs.jced.6b00680,65,anchor,527,620,1.3639723931270176,295.0,0.85,raw_seed0
DES_ETA,0,4,10.1021/acs.jced.6b00680,65,aware_on_anchor_rows,573,620,1.758802930340825,,0.9241935483870968,raw_seed0
DES_ETA,0,4,10.1021/acs.jced.6b00680,65,explore_anchor_matdisjoint,254,325,1.4083798754904744,,0.7815384615384615,raw_seed0
DES_ETA,0,4,10.1021/acs.jced.6b00680,65,explore_aware8_on_anchor_rows,563,620,1.7289003793560502,,0.9080645161290323,raw_seed0
DES_ETA,0,4,10.1021/acs.jced.6b00680,65,explore_aware_on_matdisjoint_rows,300,325,1.758802930340825,,0.9230769230769231,raw_seed0
DES_ETA,0,4,10.1021/acs.jced.7b00184,14,anchor,110,110,1.3639723931270176,54.0,1.0,raw_seed0
DES_ETA,0,4,10.1021/acs.jced.7b00184,14,aware_on_anchor_rows,110,110,1.758802930340825,,1.0,raw_seed0
DES_ETA,0,4,10.1021/acs.jced.7b00184,14,explore_anchor_matdisjoint,56,56,1.4083798754904744,,1.0,raw_seed0
DES_ETA,0,4,10.1021/acs.jced.7b00184,14,explore_aware8_on_anchor_rows,110,110,1.7289003793560502,,1.0,raw_seed0
DES_ETA,0,4,10.1021/acs.jced.7b00184,14,explore_aware_on_matdisjoint_rows,56,56,1.758802930340825,,1.0,raw_seed0
DES_ETA,0,5,10.1016/j.foodchem.2021.131930,63,anchor,600,600,1.4032937513035282,180.0,1.0,raw_seed0
DES_ETA,0,5,10.1016/j.foodchem.2021.131930,63,aware_on_anchor_rows,600,600,1.703071632141827,,1.0,raw_seed0
DES_ETA,0,5,10.1016/j.foodchem.2021.131930,63,explore_anchor_matdisjoint,420,420,1.471344400582045,,1.0,raw_seed0
DES_ETA,0,5,10.1016/j.foodchem.2021.131930,63,explore_aware8_on_anchor_rows,600,600,1.6881770130911504,,1.0,raw_seed0
DES_ETA,0,5,10.1016/j.foodchem.2021.131930,63,explore_aware_on_matdisjoint_rows,420,420,1.703071632141827,,1.0,raw_seed0
DES_ETA,0,5,10.1016/j.molliq.2022.120000,14,anchor,45,110,1.4032937513035282,0.0,0.4090909090909091,raw_seed0
DES_ETA,0,5,10.1016/j.molliq.2022.120000,14,aware_on_anchor_rows,44,110,1.703071632141827,,0.4,raw_seed0
DES_ETA,0,5,10.1016/j.molliq.2022.120000,14,explore_anchor_matdisjoint,46,110,1.471344400582045,,0.41818181818181815,raw_seed0
DES_ETA,0,5,10.1016/j.molliq.2022.120000,14,explore_aware8_on_anchor_rows,44,110,1.6881770130911504,,0.4,raw_seed0
DES_ETA,0,5,10.1016/j.molliq.2022.120000,14,explore_aware_on_matdisjoint_rows,44,110,1.703071632141827,,0.4,raw_seed0
DES_ETA,0,5,10.1016/j.molliq.2022.120056,9,anchor,60,60,1.4032937513035282,60.0,1.0,raw_seed0
DES_ETA,0,5,10.1016/j.molliq.2022.120056,9,aware_on_anchor_rows,60,60,1.703071632141827,,1.0,raw_seed0
DES_ETA,0,5,10.1016/j.molliq.2022.120056,9,explore_anchor_matdisjoint,0,0,1.471344400582045,,,raw_seed0
DES_ETA,0,5,10.1016/j.molliq.2022.120056,9,explore_aware8_on_anchor_rows,60,60,1.6881770130911504,,1.0,raw_seed0
DES_ETA,0,5,10.1016/j.molliq.2022.120056,9,explore_aware_on_matdisjoint_rows,0,0,1.703071632141827,,,raw_seed0
DES_ETA,0,5,10.1016/j.molliq.2023.121216,30,anchor,270,270,1.4032937513035282,240.0,1.0,raw_seed0
DES_ETA,0,5,10.1016/j.molliq.2023.121216,30,aware_on_anchor_rows,270,270,1.703071632141827,,1.0,raw_seed0
DES_ETA,0,5,10.1016/j.molliq.2023.121216,30,explore_anchor_matdisjoint,30,30,1.471344400582045,,1.0,raw_seed0
DES_ETA,0,5,10.1016/j.molliq.2023.121216,30,explore_aware8_on_anchor_rows,270,270,1.6881770130911504,,1.0,raw_seed0
DES_ETA,0,5,10.1016/j.molliq.2023.121216,30,explore_aware_on_matdisjoint_rows,30,30,1.703071632141827,,1.0,raw_seed0
DES_ETA,0,5,10.1021/acs.jced.6b00486,23,anchor,88,200,1.4032937513035282,126.0,0.44,raw_seed0
DES_ETA,0,5,10.1021/acs.jced.6b00486,23,aware_on_anchor_rows,87,200,1.703071632141827,,0.435,raw_seed0
DES_ETA,0,5,10.1021/acs.jced.6b00486,23,explore_anchor_matdisjoint,28,74,1.471344400582045,,0.3783783783783784,raw_seed0
DES_ETA,0,5,10.1021/acs.jced.6b00486,23,explore_aware8_on_anchor_rows,87,200,1.6881770130911504,,0.435,raw_seed0
DES_ETA,0,5,10.1021/acs.jced.6b00486,23,explore_aware_on_matdisjoint_rows,30,74,1.703071632141827,,0.40540540540540543,raw_seed0
DES_ETA,0,5,10.1021/acs.jced.7b01037,90,anchor,509,870,1.4032937513035282,630.0,0.5850574712643678,raw_seed0
DES_ETA,0,5,10.1021/acs.jced.7b01037,90,aware_on_anchor_rows,328,870,1.703071632141827,,0.37701149425287356,raw_seed0
DES_ETA,0,5,10.1021/acs.jced.7b01037,90,explore_anchor_matdisjoint,91,240,1.471344400582045,,0.37916666666666665,raw_seed0
DES_ETA,0,5,10.1021/acs.jced.7b01037,90,explore_aware8_on_anchor_rows,328,870,1.6881770130911504,,0.37701149425287356,raw_seed0
DES_ETA,0,5,10.1021/acs.jced.7b01037,90,explore_aware_on_matdisjoint_rows,72,240,1.703071632141827,,0.3,raw_seed0
DES_ETA,0,5,10.1021/acssuschemeng.7b04235,39,anchor,360,360,1.4032937513035282,230.0,1.0,raw_seed0
DES_ETA,0,5,10.1021/acssuschemeng.7b04235,39,aware_on_anchor_rows,360,360,1.703071632141827,,1.0,raw_seed0
DES_ETA,0,5,10.1021/acssuschemeng.7b04235,39,explore_anchor_matdisjoint,130,130,1.471344400582045,,1.0,raw_seed0
DES_ETA,0,5,10.1021/acssuschemeng.7b04235,39,explore_aware8_on_anchor_rows,360,360,1.6881770130911504,,1.0,raw_seed0
DES_ETA,0,5,10.1021/acssuschemeng.7b04235,39,explore_aware_on_matdisjoint_rows,130,130,1.703071632141827,,1.0,raw_seed0
DES_ETA,0,5,10.1021/acssuschemeng.8b01203,187,anchor,1840,1840,1.4032937513035282,394.0,1.0,raw_seed0
DES_ETA,0,5,10.1021/acssuschemeng.8b01203,187,aware_on_anchor_rows,1840,1840,1.703071632141827,,1.0,raw_seed0
DES_ETA,0,5,10.1021/acssuschemeng.8b01203,187,explore_anchor_matdisjoint,1446,1446,1.471344400582045,,1.0,raw_seed0
DES_ETA,0,5,10.1021/acssuschemeng.8b01203,187,explore_aware8_on_anchor_rows,1840,1840,1.6881770130911504,,1.0,raw_seed0
DES_ETA,0,5,10.1021/acssuschemeng.8b01203,187,explore_aware_on_matdisjoint_rows,1446,1446,1.703071632141827,,1.0,raw_seed0
DES_ETA,0,5,10.1021/acssuschemeng.8b02042,17,anchor,138,140,1.4032937513035282,123.0,0.9857142857142858,raw_seed0
DES_ETA,0,5,10.1021/acssuschemeng.8b02042,17,aware_on_anchor_rows,140,140,1.703071632141827,,1.0,raw_seed0
DES_ETA,0,5,10.1021/acssuschemeng.8b02042,17,explore_anchor_matdisjoint,17,17,1.471344400582045,,1.0,raw_seed0
DES_ETA,0,5,10.1021/acssuschemeng.8b02042,17,explore_aware8_on_anchor_rows,132,140,1.6881770130911504,,0.9428571428571428,raw_seed0
DES_ETA,0,5,10.1021/acssuschemeng.8b02042,17,explore_aware_on_matdisjoint_rows,17,17,1.703071632141827,,1.0,raw_seed0
DES_ETA,0,6,10.1016/j.chroma.2018.07.070,12,anchor,90,90,1.628778482640791,0.0,1.0,raw_seed0
DES_ETA,0,6,10.1016/j.chroma.2018.07.070,12,aware_on_anchor_rows,90,90,1.716427620721931,,1.0,raw_seed0
DES_ETA,0,6,10.1016/j.chroma.2018.07.070,12,explore_anchor_matdisjoint,90,90,1.722270800337632,,1.0,raw_seed0
DES_ETA,0,6,10.1016/j.chroma.2018.07.070,12,explore_aware8_on_anchor_rows,90,90,1.7126895954593842,,1.0,raw_seed0
DES_ETA,0,6,10.1016/j.chroma.2018.07.070,12,explore_aware_on_matdisjoint_rows,90,90,1.716427620721931,,1.0,raw_seed0
DES_ETA,0,6,10.1016/j.cjche.2020.07.004,19,anchor,126,160,1.628778482640791,0.0,0.7875,raw_seed0
DES_ETA,0,6,10.1016/j.cjche.2020.07.004,19,aware_on_anchor_rows,0,160,1.716427620721931,,0.0,raw_seed0
DES_ETA,0,6,10.1016/j.cjche.2020.07.004,19,explore_anchor_matdisjoint,133,160,1.722270800337632,,0.83125,raw_seed0
DES_ETA,0,6,10.1016/j.cjche.2020.07.004,19,explore_aware8_on_anchor_rows,0,160,1.7126895954593842,,0.0,raw_seed0
DES_ETA,0,6,10.1016/j.cjche.2020.07.004,19,explore_aware_on_matdisjoint_rows,0,160,1.716427620721931,,0.0,raw_seed0
DES_ETA,0,6,10.1016/j.jct.2021.106713,66,anchor,628,630,1.628778482640791,132.0,0.9968253968253968,raw_seed0
DES_ETA,0,6,10.1016/j.jct.2021.106713,66,aware_on_anchor_rows,606,630,1.716427620721931,,0.9619047619047619,raw_seed0
DES_ETA,0,6,10.1016/j.jct.2021.106713,66,explore_anchor_matdisjoint,497,498,1.722270800337632,,0.9979919678714859,raw_seed0
DES_ETA,0,6,10.1016/j.jct.2021.106713,66,explore_aware8_on_anchor_rows,596,630,1.7126895954593842,,0.946031746031746,raw_seed0
DES_ETA,0,6,10.1016/j.jct.2021.106713,66,explore_aware_on_matdisjoint_rows,483,498,1.716427620721931,,0.9698795180722891,raw_seed0
DES_ETA,0,6,10.1016/j.jhazmat.2021.127972,25,anchor,220,220,1.628778482640791,0.0,1.0,raw_seed0
DES_ETA,0,6,10.1016/j.jhazmat.2021.127972,25,aware_on_anchor_rows,220,220,1.716427620721931,,1.0,raw_seed0
DES_ETA,0,6,10.1016/j.jhazmat.2021.127972,25,explore_anchor_matdisjoint,220,220,1.722270800337632,,1.0,raw_seed0
DES_ETA,0,6,10.1016/j.jhazmat.2021.127972,25,explore_aware8_on_anchor_rows,220,220,1.7126895954593842,,1.0,raw_seed0
DES_ETA,0,6,10.1016/j.jhazmat.2021.127972,25,explore_aware_on_matdisjoint_rows,220,220,1.716427620721931,,1.0,raw_seed0
DES_ETA,0,6,10.1016/j.jtice.2015.12.020,48,anchor,440,450,1.628778482640791,116.0,0.9777777777777777,raw_seed0
DES_ETA,0,6,10.1016/j.jtice.2015.12.020,48,aware_on_anchor_rows,431,450,1.716427620721931,,0.9577777777777777,raw_seed0
DES_ETA,0,6,10.1016/j.jtice.2015.12.020,48,explore_anchor_matdisjoint,327,334,1.722270800337632,,0.9790419161676647,raw_seed0
DES_ETA,0,6,10.1016/j.jtice.2015.12.020,48,explore_aware8_on_anchor_rows,421,450,1.7126895954593842,,0.9355555555555556,raw_seed0
DES_ETA,0,6,10.1016/j.jtice.2015.12.020,48,explore_aware_on_matdisjoint_rows,320,334,1.716427620721931,,0.9580838323353293,raw_seed0
DES_ETA,0,6,10.1016/j.molliq.2016.10.115,90,anchor,870,870,1.628778482640791,250.0,1.0,raw_seed0
DES_ETA,0,6,10.1016/j.molliq.2016.10.115,90,aware_on_anchor_rows,870,870,1.716427620721931,,1.0,raw_seed0
DES_ETA,0,6,10.1016/j.molliq.2016.10.115,90,explore_anchor_matdisjoint,620,620,1.722270800337632,,1.0,raw_seed0
DES_ETA,0,6,10.1016/j.molliq.2016.10.115,90,explore_aware8_on_anchor_rows,870,870,1.7126895954593842,,1.0,raw_seed0
DES_ETA,0,6,10.1016/j.molliq.2016.10.115,90,explore_aware_on_matdisjoint_rows,620,620,1.716427620721931,,1.0,raw_seed0
DES_ETA,0,6,10.1016/j.molliq.2022.119392,9,anchor,43,60,1.628778482640791,0.0,0.7166666666666667,raw_seed0
DES_ETA,0,6,10.1016/j.molliq.2022.119392,9,aware_on_anchor_rows,28,60,1.716427620721931,,0.4666666666666667,raw_seed0
DES_ETA,0,6,10.1016/j.molliq.2022.119392,9,explore_anchor_matdisjoint,43,60,1.722270800337632,,0.7166666666666667,raw_seed0
DES_ETA,0,6,10.1016/j.molliq.2022.119392,9,explore_aware8_on_anchor_rows,28,60,1.7126895954593842,,0.4666666666666667,raw_seed0
DES_ETA,0,6,10.1016/j.molliq.2022.119392,9,explore_aware_on_matdisjoint_rows,28,60,1.716427620721931,,0.4666666666666667,raw_seed0
DES_ETA,0,6,10.1021/acs.jced.0c00715,153,anchor,1500,1500,1.628778482640791,231.0,1.0,raw_seed0
DES_ETA,0,6,10.1021/acs.jced.0c00715,153,aware_on_anchor_rows,1500,1500,1.716427620721931,,1.0,raw_seed0
DES_ETA,0,6,10.1021/acs.jced.0c00715,153,explore_anchor_matdisjoint,1269,1269,1.722270800337632,,1.0,raw_seed0
DES_ETA,0,6,10.1021/acs.jced.0c00715,153,explore_aware8_on_anchor_rows,1500,1500,1.7126895954593842,,1.0,raw_seed0
DES_ETA,0,6,10.1021/acs.jced.0c00715,153,explore_aware_on_matdisjoint_rows,1269,1269,1.716427620721931,,1.0,raw_seed0
DES_ETA,0,6,10.1021/acssuschemeng.1c01674,35,anchor,320,320,1.628778482640791,138.0,1.0,raw_seed0
DES_ETA,0,6,10.1021/acssuschemeng.1c01674,35,aware_on_anchor_rows,310,320,1.716427620721931,,0.96875,raw_seed0
DES_ETA,0,6,10.1021/acssuschemeng.1c01674,35,explore_anchor_matdisjoint,182,182,1.722270800337632,,1.0,raw_seed0
DES_ETA,0,6,10.1021/acssuschemeng.1c01674,35,explore_aware8_on_anchor_rows,310,320,1.7126895954593842,,0.96875,raw_seed0
DES_ETA,0,6,10.1021/acssuschemeng.1c01674,35,explore_aware_on_matdisjoint_rows,177,182,1.716427620721931,,0.9725274725274725,raw_seed0
DES_ETA,0,6,10.1021/acssuschemeng.5b00619,15,anchor,102,120,1.628778482640791,0.0,0.85,raw_seed0
DES_ETA,0,6,10.1021/acssuschemeng.5b00619,15,aware_on_anchor_rows,112,120,1.716427620721931,,0.9333333333333333,raw_seed0
DES_ETA,0,6,10.1021/acssuschemeng.5b00619,15,explore_anchor_matdisjoint,104,120,1.722270800337632,,0.8666666666666667,raw_seed0
DES_ETA,0,6,10.1021/acssuschemeng.5b00619,15,explore_aware8_on_anchor_rows,112,120,1.7126895954593842,,0.9333333333333333,raw_seed0
DES_ETA,0,6,10.1021/acssuschemeng.5b00619,15,explore_aware_on_matdisjoint_rows,112,120,1.716427620721931,,0.9333333333333333,raw_seed0
DES_ETA,0,7,10.1016/j.arabjc.2021.103512,45,anchor,284,420,1.5566561731837298,100.0,0.6761904761904762,raw_seed0
DES_ETA,0,7,10.1016/j.arabjc.2021.103512,45,aware_on_anchor_rows,348,420,1.8698311965950625,,0.8285714285714286,raw_seed0
DES_ETA,0,7,10.1016/j.arabjc.2021.103512,45,explore_anchor_matdisjoint,209,320,1.622376794064316,,0.653125,raw_seed0
DES_ETA,0,7,10.1016/j.arabjc.2021.103512,45,explore_aware8_on_anchor_rows,348,420,1.86877448411434,,0.8285714285714286,raw_seed0
DES_ETA,0,7,10.1016/j.arabjc.2021.103512,45,explore_aware_on_matdisjoint_rows,272,320,1.8698311965950625,,0.85,raw_seed0
DES_ETA,0,7,10.1016/j.arabjc.2022.104469,11,anchor,67,80,1.5566561731837298,0.0,0.8375,raw_seed0
DES_ETA,0,7,10.1016/j.arabjc.2022.104469,11,aware_on_anchor_rows,41,80,1.8698311965950625,,0.5125,raw_seed0
DES_ETA,0,7,10.1016/j.arabjc.2022.104469,11,explore_anchor_matdisjoint,69,80,1.622376794064316,,0.8625,raw_seed0
DES_ETA,0,7,10.1016/j.arabjc.2022.104469,11,explore_aware8_on_anchor_rows,41,80,1.86877448411434,,0.5125,raw_seed0
DES_ETA,0,7,10.1016/j.arabjc.2022.104469,11,explore_aware_on_matdisjoint_rows,41,80,1.8698311965950625,,0.5125,raw_seed0
DES_ETA,0,7,10.1016/j.cej.2018.10.077,15,anchor,99,120,1.5566561731837298,22.0,0.825,raw_seed0
DES_ETA,0,7,10.1016/j.cej.2018.10.077,15,aware_on_anchor_rows,113,120,1.8698311965950625,,0.9416666666666667,raw_seed0
DES_ETA,0,7,10.1016/j.cej.2018.10.077,15,explore_anchor_matdisjoint,78,98,1.622376794064316,,0.7959183673469388,raw_seed0
DES_ETA,0,7,10.1016/j.cej.2018.10.077,15,explore_aware8_on_anchor_rows,113,120,1.86877448411434,,0.9416666666666667,raw_seed0
DES_ETA,0,7,10.1016/j.cej.2018.10.077,15,explore_aware_on_matdisjoint_rows,91,98,1.8698311965950625,,0.9285714285714286,raw_seed0
DES_ETA,0,7,10.1016/j.fluid.2021.113290,90,anchor,870,870,1.5566561731837298,120.0,1.0,raw_seed0
DES_ETA,0,7,10.1016/j.fluid.2021.113290,90,aware_on_anchor_rows,870,870,1.8698311965950625,,1.0,raw_seed0
DES_ETA,0,7,10.1016/j.fluid.2021.113290,90,explore_anchor_matdisjoint,750,750,1.622376794064316,,1.0,raw_seed0
DES_ETA,0,7,10.1016/j.fluid.2021.113290,90,explore_aware8_on_anchor_rows,870,870,1.86877448411434,,1.0,raw_seed0
DES_ETA,0,7,10.1016/j.fluid.2021.113290,90,explore_aware_on_matdisjoint_rows,750,750,1.8698311965950625,,1.0,raw_seed0
DES_ETA,0,7,10.1016/j.molliq.2016.07.039,35,anchor,243,320,1.5566561731837298,100.0,0.759375,raw_seed0
DES_ETA,0,7,10.1016/j.molliq.2016.07.039,35,aware_on_anchor_rows,303,320,1.8698311965950625,,0.946875,raw_seed0
DES_ETA,0,7,10.1016/j.molliq.2016.07.039,35,explore_anchor_matdisjoint,171,220,1.622376794064316,,0.7772727272727272,raw_seed0
DES_ETA,0,7,10.1016/j.molliq.2016.07.039,35,explore_aware8_on_anchor_rows,303,320,1.86877448411434,,0.946875,raw_seed0
DES_ETA,0,7,10.1016/j.molliq.2016.07.039,35,explore_aware_on_matdisjoint_rows,207,220,1.8698311965950625,,0.9409090909090909,raw_seed0
DES_ETA,0,7,10.1016/j.molliq.2017.06.024,130,anchor,1270,1270,1.5566561731837298,533.0,1.0,raw_seed0
DES_ETA,0,7,10.1016/j.molliq.2017.06.024,130,aware_on_anchor_rows,1270,1270,1.8698311965950625,,1.0,raw_seed0
DES_ETA,0,7,10.1016/j.molliq.2017.06.024,130,explore_anchor_matdisjoint,737,737,1.622376794064316,,1.0,raw_seed0
DES_ETA,0,7,10.1016/j.molliq.2017.06.024,130,explore_aware8_on_anchor_rows,1270,1270,1.86877448411434,,1.0,raw_seed0
DES_ETA,0,7,10.1016/j.molliq.2017.06.024,130,explore_aware_on_matdisjoint_rows,737,737,1.8698311965950625,,1.0,raw_seed0
DES_ETA,0,7,10.1016/j.molliq.2022.119396,90,anchor,869,870,1.5566561731837298,222.0,0.9988505747126437,raw_seed0
DES_ETA,0,7,10.1016/j.molliq.2022.119396,90,aware_on_anchor_rows,870,870,1.8698311965950625,,1.0,raw_seed0
DES_ETA,0,7,10.1016/j.molliq.2022.119396,90,explore_anchor_matdisjoint,648,648,1.622376794064316,,1.0,raw_seed0
DES_ETA,0,7,10.1016/j.molliq.2022.119396,90,explore_aware8_on_anchor_rows,870,870,1.86877448411434,,1.0,raw_seed0
DES_ETA,0,7,10.1016/j.molliq.2022.119396,90,explore_aware_on_matdisjoint_rows,648,648,1.8698311965950625,,1.0,raw_seed0
DES_ETA,0,7,10.1021/acssuschemeng.8b05072,26,anchor,228,230,1.5566561731837298,118.0,0.991304347826087,raw_seed0
DES_ETA,0,7,10.1021/acssuschemeng.8b05072,26,aware_on_anchor_rows,230,230,1.8698311965950625,,1.0,raw_seed0
DES_ETA,0,7,10.1021/acssuschemeng.8b05072,26,explore_anchor_matdisjoint,112,112,1.622376794064316,,1.0,raw_seed0
DES_ETA,0,7,10.1021/acssuschemeng.8b05072,26,explore_aware8_on_anchor_rows,230,230,1.86877448411434,,1.0,raw_seed0
DES_ETA,0,7,10.1021/acssuschemeng.8b05072,26,explore_aware_on_matdisjoint_rows,112,112,1.8698311965950625,,1.0,raw_seed0
DES_ETA,0,7,10.1039/c2ra22990k,8,anchor,25,50,1.5566561731837298,0.0,0.5,raw_seed0
DES_ETA,0,7,10.1039/c2ra22990k,8,aware_on_anchor_rows,28,50,1.8698311965950625,,0.56,raw_seed0
DES_ETA,0,7,10.1039/c2ra22990k,8,explore_anchor_matdisjoint,26,50,1.622376794064316,,0.52,raw_seed0
DES_ETA,0,7,10.1039/c2ra22990k,8,explore_aware8_on_anchor_rows,28,50,1.86877448411434,,0.56,raw_seed0
DES_ETA,0,7,10.1039/c2ra22990k,8,explore_aware_on_matdisjoint_rows,28,50,1.8698311965950625,,0.56,raw_seed0
DES_ETA,0,7,10.1039/c6cc06105b,21,anchor,180,180,1.5566561731837298,131.0,1.0,raw_seed0
DES_ETA,0,7,10.1039/c6cc06105b,21,aware_on_anchor_rows,180,180,1.8698311965950625,,1.0,raw_seed0
DES_ETA,0,7,10.1039/c6cc06105b,21,explore_anchor_matdisjoint,49,49,1.622376794064316,,1.0,raw_seed0
DES_ETA,0,7,10.1039/c6cc06105b,21,explore_aware8_on_anchor_rows,180,180,1.86877448411434,,1.0,raw_seed0
DES_ETA,0,7,10.1039/c6cc06105b,21,explore_aware_on_matdisjoint_rows,49,49,1.8698311965950625,,1.0,raw_seed0
DES_ETA,0,8,10.1016/j.jmgm.2022.108319,25,anchor,220,220,1.4057338358072855,100.0,1.0,raw_seed0
DES_ETA,0,8,10.1016/j.jmgm.2022.108319,25,aware_on_anchor_rows,220,220,1.7201528445338303,,1.0,raw_seed0
DES_ETA,0,8,10.1016/j.jmgm.2022.108319,25,explore_anchor_matdisjoint,120,120,1.4397924932675588,,1.0,raw_seed0
DES_ETA,0,8,10.1016/j.jmgm.2022.108319,25,explore_aware8_on_anchor_rows,220,220,1.7077161642191618,,1.0,raw_seed0
DES_ETA,0,8,10.1016/j.jmgm.2022.108319,25,explore_aware_on_matdisjoint_rows,120,120,1.7201528445338303,,1.0,raw_seed0
DES_ETA,0,8,10.1016/j.molliq.2017.05.084,57,anchor,538,540,1.4057338358072855,346.0,0.9962962962962963,raw_seed0
DES_ETA,0,8,10.1016/j.molliq.2017.05.084,57,aware_on_anchor_rows,531,540,1.7201528445338303,,0.9833333333333333,raw_seed0
DES_ETA,0,8,10.1016/j.molliq.2017.05.084,57,explore_anchor_matdisjoint,192,194,1.4397924932675588,,0.9896907216494846,raw_seed0
DES_ETA,0,8,10.1016/j.molliq.2017.05.084,57,explore_aware8_on_anchor_rows,531,540,1.7077161642191618,,0.9833333333333333,raw_seed0
DES_ETA,0,8,10.1016/j.molliq.2017.05.084,57,explore_aware_on_matdisjoint_rows,188,194,1.7201528445338303,,0.9690721649484536,raw_seed0
DES_ETA,0,8,10.1016/j.molliq.2017.09.091,118,anchor,1150,1150,1.4057338358072855,145.0,1.0,raw_seed0
DES_ETA,0,8,10.1016/j.molliq.2017.09.091,118,aware_on_anchor_rows,677,1150,1.7201528445338303,,0.5886956521739131,raw_seed0
DES_ETA,0,8,10.1016/j.molliq.2017.09.091,118,explore_anchor_matdisjoint,1005,1005,1.4397924932675588,,1.0,raw_seed0
DES_ETA,0,8,10.1016/j.molliq.2017.09.091,118,explore_aware8_on_anchor_rows,667,1150,1.7077161642191618,,0.58,raw_seed0
DES_ETA,0,8,10.1016/j.molliq.2017.09.091,118,explore_aware_on_matdisjoint_rows,605,1005,1.7201528445338303,,0.6019900497512438,raw_seed0
DES_ETA,0,8,10.1016/j.molliq.2023.121258,78,anchor,750,750,1.4057338358072855,158.0,1.0,raw_seed0
DES_ETA,0,8,10.1016/j.molliq.2023.121258,78,aware_on_anchor_rows,750,750,1.7201528445338303,,1.0,raw_seed0
DES_ETA,0,8,10.1016/j.molliq.2023.121258,78,explore_anchor_matdisjoint,592,592,1.4397924932675588,,1.0,raw_seed0
DES_ETA,0,8,10.1016/j.molliq.2023.121258,78,explore_aware8_on_anchor_rows,750,750,1.7077161642191618,,1.0,raw_seed0
DES_ETA,0,8,10.1016/j.molliq.2023.121258,78,explore_aware_on_matdisjoint_rows,592,592,1.7201528445338303,,1.0,raw_seed0
DES_ETA,0,8,10.1016/j.seppur.2023.123281,15,anchor,120,120,1.4057338358072855,80.0,1.0,raw_seed0
DES_ETA,0,8,10.1016/j.seppur.2023.123281,15,aware_on_anchor_rows,120,120,1.7201528445338303,,1.0,raw_seed0
DES_ETA,0,8,10.1016/j.seppur.2023.123281,15,explore_anchor_matdisjoint,40,40,1.4397924932675588,,1.0,raw_seed0
DES_ETA,0,8,10.1016/j.seppur.2023.123281,15,explore_aware8_on_anchor_rows,120,120,1.7077161642191618,,1.0,raw_seed0
DES_ETA,0,8,10.1016/j.seppur.2023.123281,15,explore_aware_on_matdisjoint_rows,40,40,1.7201528445338303,,1.0,raw_seed0
DES_ETA,0,8,10.1021/acssuschemeng.5b00532,104,anchor,996,1010,1.4057338358072855,451.0,0.9861386138613861,raw_seed0
DES_ETA,0,8,10.1021/acssuschemeng.5b00532,104,aware_on_anchor_rows,1010,1010,1.7201528445338303,,1.0,raw_seed0
DES_ETA,0,8,10.1021/acssuschemeng.5b00532,104,explore_anchor_matdisjoint,550,559,1.4397924932675588,,0.9838998211091234,raw_seed0
DES_ETA,0,8,10.1021/acssuschemeng.5b00532,104,explore_aware8_on_anchor_rows,1010,1010,1.7077161642191618,,1.0,raw_seed0
DES_ETA,0,8,10.1021/acssuschemeng.5b00532,104,explore_aware_on_matdisjoint_rows,559,559,1.7201528445338303,,1.0,raw_seed0
DES_ETA,0,8,10.1021/acssuschemeng.8b04843,14,anchor,110,110,1.4057338358072855,101.0,1.0,raw_seed0
DES_ETA,0,8,10.1021/acssuschemeng.8b04843,14,aware_on_anchor_rows,110,110,1.7201528445338303,,1.0,raw_seed0
DES_ETA,0,8,10.1021/acssuschemeng.8b04843,14,explore_anchor_matdisjoint,9,9,1.4397924932675588,,1.0,raw_seed0
DES_ETA,0,8,10.1021/acssuschemeng.8b04843,14,explore_aware8_on_anchor_rows,110,110,1.7077161642191618,,1.0,raw_seed0
DES_ETA,0,8,10.1021/acssuschemeng.8b04843,14,explore_aware_on_matdisjoint_rows,9,9,1.7201528445338303,,1.0,raw_seed0
DES_ETA,0,8,10.1021/je300997v,35,anchor,320,320,1.4057338358072855,102.0,1.0,raw_seed0
DES_ETA,0,8,10.1021/je300997v,35,aware_on_anchor_rows,320,320,1.7201528445338303,,1.0,raw_seed0
DES_ETA,0,8,10.1021/je300997v,35,explore_anchor_matdisjoint,218,218,1.4397924932675588,,1.0,raw_seed0
DES_ETA,0,8,10.1021/je300997v,35,explore_aware8_on_anchor_rows,320,320,1.7077161642191618,,1.0,raw_seed0
DES_ETA,0,8,10.1021/je300997v,35,explore_aware_on_matdisjoint_rows,218,218,1.7201528445338303,,1.0,raw_seed0
DES_ETA,0,8,10.1039/c1ra00630d,18,anchor,107,150,1.4057338358072855,90.0,0.7133333333333334,raw_seed0
DES_ETA,0,8,10.1039/c1ra00630d,18,aware_on_anchor_rows,130,150,1.7201528445338303,,0.8666666666666667,raw_seed0
DES_ETA,0,8,10.1039/c1ra00630d,18,explore_anchor_matdisjoint,35,60,1.4397924932675588,,0.5833333333333334,raw_seed0
DES_ETA,0,8,10.1039/c1ra00630d,18,explore_aware8_on_anchor_rows,130,150,1.7077161642191618,,0.8666666666666667,raw_seed0
DES_ETA,0,8,10.1039/c1ra00630d,18,explore_aware_on_matdisjoint_rows,48,60,1.7201528445338303,,0.8,raw_seed0
DES_ETA,0,9,10.1016/j.cclet.2013.09.004,13,anchor,51,100,1.2160619827126953,0.0,0.51,raw_seed0
DES_ETA,0,9,10.1016/j.cclet.2013.09.004,13,aware_on_anchor_rows,56,100,1.4958257685817402,,0.56,raw_seed0
DES_ETA,0,9,10.1016/j.cclet.2013.09.004,13,explore_anchor_matdisjoint,55,100,1.2732400432135635,,0.55,raw_seed0
DES_ETA,0,9,10.1016/j.cclet.2013.09.004,13,explore_aware8_on_anchor_rows,56,100,1.4887826352138611,,0.56,raw_seed0
DES_ETA,0,9,10.1016/j.cclet.2013.09.004,13,explore_aware_on_matdisjoint_rows,56,100,1.4958257685817402,,0.56,raw_seed0
DES_ETA,0,9,10.1016/j.fluid.2014.01.028,117,anchor,498,1140,1.2160619827126953,213.0,0.4368421052631579,raw_seed0
DES_ETA,0,9,10.1016/j.fluid.2014.01.028,117,aware_on_anchor_rows,496,1140,1.4958257685817402,,0.43508771929824563,raw_seed0
DES_ETA,0,9,10.1016/j.fluid.2014.01.028,117,explore_anchor_matdisjoint,378,927,1.2732400432135635,,0.4077669902912621,raw_seed0
DES_ETA,0,9,10.1016/j.fluid.2014.01.028,117,explore_aware8_on_anchor_rows,496,1140,1.4887826352138611,,0.43508771929824563,raw_seed0
DES_ETA,0,9,10.1016/j.fluid.2014.01.028,117,explore_aware_on_matdisjoint_rows,399,927,1.4958257685817402,,0.43042071197411,raw_seed0
DES_ETA,0,9,10.1016/j.jcou.2022.102217,112,anchor,650,1090,1.2160619827126953,159.0,0.5963302752293578,raw_seed0
DES_ETA,0,9,10.1016/j.jcou.2022.102217,112,aware_on_anchor_rows,49,1090,1.4958257685817402,,0.044954128440366975,raw_seed0
DES_ETA,0,9,10.1016/j.jcou.2022.102217,112,explore_anchor_matdisjoint,567,931,1.2732400432135635,,0.6090225563909775,raw_seed0
DES_ETA,0,9,10.1016/j.jcou.2022.102217,112,explore_aware8_on_anchor_rows,49,1090,1.4887826352138611,,0.044954128440366975,raw_seed0
DES_ETA,0,9,10.1016/j.jcou.2022.102217,112,explore_aware_on_matdisjoint_rows,44,931,1.4958257685817402,,0.047261009667024706,raw_seed0
DES_ETA,0,9,10.1016/j.jiec.2022.04.015,35,anchor,213,320,1.2160619827126953,152.0,0.665625,raw_seed0
DES_ETA,0,9,10.1016/j.jiec.2022.04.015,35,aware_on_anchor_rows,280,320,1.4958257685817402,,0.875,raw_seed0
DES_ETA,0,9,10.1016/j.jiec.2022.04.015,35,explore_anchor_matdisjoint,120,168,1.2732400432135635,,0.7142857142857143,raw_seed0
DES_ETA,0,9,10.1016/j.jiec.2022.04.015,35,explore_aware8_on_anchor_rows,280,320,1.4887826352138611,,0.875,raw_seed0
DES_ETA,0,9,10.1016/j.jiec.2022.04.015,35,explore_aware_on_matdisjoint_rows,147,168,1.4958257685817402,,0.875,raw_seed0
DES_ETA,0,9,10.1016/j.jobe.2021.103056,8,anchor,27,50,1.2160619827126953,0.0,0.54,raw_seed0
DES_ETA,0,9,10.1016/j.jobe.2021.103056,8,aware_on_anchor_rows,43,50,1.4958257685817402,,0.86,raw_seed0
DES_ETA,0,9,10.1016/j.jobe.2021.103056,8,explore_anchor_matdisjoint,29,50,1.2732400432135635,,0.58,raw_seed0
DES_ETA,0,9,10.1016/j.jobe.2021.103056,8,explore_aware8_on_anchor_rows,43,50,1.4887826352138611,,0.86,raw_seed0
DES_ETA,0,9,10.1016/j.jobe.2021.103056,8,explore_aware_on_matdisjoint_rows,43,50,1.4958257685817402,,0.86,raw_seed0
DES_ETA,0,9,10.1016/j.jpha.2021.03.002,16,anchor,78,130,1.2160619827126953,0.0,0.6,raw_seed0
DES_ETA,0,9,10.1016/j.jpha.2021.03.002,16,aware_on_anchor_rows,110,130,1.4958257685817402,,0.8461538461538461,raw_seed0
DES_ETA,0,9,10.1016/j.jpha.2021.03.002,16,explore_anchor_matdisjoint,79,130,1.2732400432135635,,0.6076923076923076,raw_seed0
DES_ETA,0,9,10.1016/j.jpha.2021.03.002,16,explore_aware8_on_anchor_rows,110,130,1.4887826352138611,,0.8461538461538461,raw_seed0
DES_ETA,0,9,10.1016/j.jpha.2021.03.002,16,explore_aware_on_matdisjoint_rows,110,130,1.4958257685817402,,0.8461538461538461,raw_seed0
DES_ETA,0,9,10.1016/j.molliq.2016.02.062,48,anchor,399,450,1.2160619827126953,222.0,0.8866666666666667,raw_seed0
DES_ETA,0,9,10.1016/j.molliq.2016.02.062,48,aware_on_anchor_rows,395,450,1.4958257685817402,,0.8777777777777778,raw_seed0
DES_ETA,0,9,10.1016/j.molliq.2016.02.062,48,explore_anchor_matdisjoint,191,228,1.2732400432135635,,0.8377192982456141,raw_seed0
DES_ETA,0,9,10.1016/j.molliq.2016.02.062,48,explore_aware8_on_anchor_rows,395,450,1.4887826352138611,,0.8777777777777778,raw_seed0
DES_ETA,0,9,10.1016/j.molliq.2016.02.062,48,explore_aware_on_matdisjoint_rows,204,228,1.4958257685817402,,0.8947368421052632,raw_seed0
DES_ETA,0,9,10.1016/j.seppur.2020.116692,22,anchor,190,190,1.2160619827126953,157.0,1.0,raw_seed0
DES_ETA,0,9,10.1016/j.seppur.2020.116692,22,aware_on_anchor_rows,190,190,1.4958257685817402,,1.0,raw_seed0
DES_ETA,0,9,10.1016/j.seppur.2020.116692,22,explore_anchor_matdisjoint,33,33,1.2732400432135635,,1.0,raw_seed0
DES_ETA,0,9,10.1016/j.seppur.2020.116692,22,explore_aware8_on_anchor_rows,190,190,1.4887826352138611,,1.0,raw_seed0
DES_ETA,0,9,10.1016/j.seppur.2020.116692,22,explore_aware_on_matdisjoint_rows,33,33,1.4958257685817402,,1.0,raw_seed0
DES_ETA,0,9,10.1021/acs.iecr.7b02478,28,anchor,41,250,1.2160619827126953,145.0,0.164,raw_seed0
DES_ETA,0,9,10.1021/acs.iecr.7b02478,28,aware_on_anchor_rows,125,250,1.4958257685817402,,0.5,raw_seed0
DES_ETA,0,9,10.1021/acs.iecr.7b02478,28,explore_anchor_matdisjoint,7,105,1.2732400432135635,,0.06666666666666667,raw_seed0
DES_ETA,0,9,10.1021/acs.iecr.7b02478,28,explore_aware8_on_anchor_rows,125,250,1.4887826352138611,,0.5,raw_seed0
DES_ETA,0,9,10.1021/acs.iecr.7b02478,28,explore_aware_on_matdisjoint_rows,49,105,1.4958257685817402,,0.4666666666666667,raw_seed0
DES_ETA,0,9,10.1021/je5001796,72,anchor,470,690,1.2160619827126953,146.0,0.6811594202898551,raw_seed0
DES_ETA,0,9,10.1021/je5001796,72,aware_on_anchor_rows,307,690,1.4958257685817402,,0.4449275362318841,raw_seed0
DES_ETA,0,9,10.1021/je5001796,72,explore_anchor_matdisjoint,360,544,1.2732400432135635,,0.6617647058823529,raw_seed0
DES_ETA,0,9,10.1021/je5001796,72,explore_aware8_on_anchor_rows,307,690,1.4887826352138611,,0.4449275362318841,raw_seed0
DES_ETA,0,9,10.1021/je5001796,72,explore_aware_on_matdisjoint_rows,222,544,1.4958257685817402,,0.40808823529411764,raw_seed0
DES_MP,0,0,10.1016/j.fluid.2017.04.007,388,anchor,3758,3850,131.4297709300597,30.0,0.9761038961038961,raw_seed0
DES_MP,0,0,10.1016/j.fluid.2017.04.007,388,aware_on_anchor_rows,3790,3850,164.77224550218102,,0.9844155844155844,raw_seed0
DES_MP,0,0,10.1016/j.fluid.2017.04.007,388,explore_anchor_matdisjoint,3734,3820,132.914740878394,,0.9774869109947644,raw_seed0
DES_MP,0,0,10.1016/j.fluid.2017.04.007,388,explore_aware8_on_anchor_rows,3790,3850,164.43688028208385,,0.9844155844155844,raw_seed0
DES_MP,0,0,10.1016/j.fluid.2017.04.007,388,explore_aware_on_matdisjoint_rows,3760,3820,164.77224550218102,,0.9842931937172775,raw_seed0
DES_MP,0,1,10.1016/j.ijggc.2016.02.006,8,anchor,29,50,121.87624674605829,0.0,0.58,raw_seed0
DES_MP,0,1,10.1016/j.ijggc.2016.02.006,8,aware_on_anchor_rows,32,50,156.86422786628304,,0.64,raw_seed0
DES_MP,0,1,10.1016/j.ijggc.2016.02.006,8,explore_anchor_matdisjoint,29,50,122.9010199232072,,0.58,raw_seed0
DES_MP,0,1,10.1016/j.ijggc.2016.02.006,8,explore_aware8_on_anchor_rows,32,50,157.70566568137804,,0.64,raw_seed0
DES_MP,0,1,10.1016/j.ijggc.2016.02.006,8,explore_aware_on_matdisjoint_rows,32,50,156.86422786628304,,0.64,raw_seed0
DES_MP,0,1,10.1016/j.molliq.2018.02.049,8,anchor,43,50,121.87624674605829,24.0,0.86,raw_seed0
DES_MP,0,1,10.1016/j.molliq.2018.02.049,8,aware_on_anchor_rows,38,50,156.86422786628304,,0.76,raw_seed0
DES_MP,0,1,10.1016/j.molliq.2018.02.049,8,explore_anchor_matdisjoint,20,26,122.9010199232072,,0.7692307692307693,raw_seed0
DES_MP,0,1,10.1016/j.molliq.2018.02.049,8,explore_aware8_on_anchor_rows,38,50,157.70566568137804,,0.76,raw_seed0
DES_MP,0,1,10.1016/j.molliq.2018.02.049,8,explore_aware_on_matdisjoint_rows,18,26,156.86422786628304,,0.6923076923076923,raw_seed0
DES_MP,0,1,10.1016/j.tca.2011.10.010,12,anchor,90,90,121.87624674605829,8.0,1.0,raw_seed0
DES_MP,0,1,10.1016/j.tca.2011.10.010,12,aware_on_anchor_rows,90,90,156.86422786628304,,1.0,raw_seed0
DES_MP,0,1,10.1016/j.tca.2011.10.010,12,explore_anchor_matdisjoint,82,82,122.9010199232072,,1.0,raw_seed0
DES_MP,0,1,10.1016/j.tca.2011.10.010,12,explore_aware8_on_anchor_rows,90,90,157.70566568137804,,1.0,raw_seed0
DES_MP,0,1,10.1016/j.tca.2011.10.010,12,explore_aware_on_matdisjoint_rows,82,82,156.86422786628304,,1.0,raw_seed0
DES_MP,0,1,10.1021/acs.iecr.7b02382,278,anchor,2726,2750,121.87624674605829,30.0,0.9912727272727273,raw_seed0
DES_MP,0,1,10.1021/acs.iecr.7b02382,278,aware_on_anchor_rows,2750,2750,156.86422786628304,,1.0,raw_seed0
DES_MP,0,1,10.1021/acs.iecr.7b02382,278,explore_anchor_matdisjoint,2698,2720,122.9010199232072,,0.9919117647058824,raw_seed0
DES_MP,0,1,10.1021/acs.iecr.7b02382,278,explore_aware8_on_anchor_rows,2750,2750,157.70566568137804,,1.0,raw_seed0
DES_MP,0,1,10.1021/acs.iecr.7b02382,278,explore_aware_on_matdisjoint_rows,2720,2720,156.86422786628304,,1.0,raw_seed0
DES_MP,0,1,10.1021/je5002126,16,anchor,130,130,121.87624674605829,21.0,1.0,raw_seed0
DES_MP,0,1,10.1021/je5002126,16,aware_on_anchor_rows,130,130,156.86422786628304,,1.0,raw_seed0
DES_MP,0,1,10.1021/je5002126,16,explore_anchor_matdisjoint,109,109,122.9010199232072,,1.0,raw_seed0
DES_MP,0,1,10.1021/je5002126,16,explore_aware8_on_anchor_rows,130,130,157.70566568137804,,1.0,raw_seed0
DES_MP,0,1,10.1021/je5002126,16,explore_aware_on_matdisjoint_rows,109,109,156.86422786628304,,1.0,raw_seed0
DES_MP,0,2,10.1016/j.fluid.2017.03.011,12,anchor,90,90,129.04846109147934,22.0,1.0,raw_seed0
DES_MP,0,2,10.1016/j.fluid.2017.03.011,12,aware_on_anchor_rows,90,90,168.6915856767675,,1.0,raw_seed0
DES_MP,0,2,10.1016/j.fluid.2017.03.011,12,explore_anchor_matdisjoint,68,68,130.33474792052803,,1.0,raw_seed0
DES_MP,0,2,10.1016/j.fluid.2017.03.011,12,explore_aware8_on_anchor_rows,90,90,168.13821249029206,,1.0,raw_seed0
DES_MP,0,2,10.1016/j.fluid.2017.03.011,12,explore_aware_on_matdisjoint_rows,68,68,168.6915856767675,,1.0,raw_seed0
DES_MP,0,2,10.1021/acs.jpcb.0c02386,262,anchor,2536,2590,129.04846109147934,30.0,0.9791505791505791,raw_seed0
DES_MP,0,2,10.1021/acs.jpcb.0c02386,262,aware_on_anchor_rows,2590,2590,168.6915856767675,,1.0,raw_seed0
DES_MP,0,2,10.1021/acs.jpcb.0c02386,262,explore_anchor_matdisjoint,2510,2560,130.33474792052803,,0.98046875,raw_seed0
DES_MP,0,2,10.1021/acs.jpcb.0c02386,262,explore_aware8_on_anchor_rows,2590,2590,168.13821249029206,,1.0,raw_seed0
DES_MP,0,2,10.1021/acs.jpcb.0c02386,262,explore_aware_on_matdisjoint_rows,2560,2560,168.6915856767675,,1.0,raw_seed0
DES_MP,0,2,10.1021/ie500466g,8,anchor,50,50,129.04846109147934,0.0,1.0,raw_seed0
DES_MP,0,2,10.1021/ie500466g,8,aware_on_anchor_rows,50,50,168.6915856767675,,1.0,raw_seed0
DES_MP,0,2,10.1021/ie500466g,8,explore_anchor_matdisjoint,50,50,130.33474792052803,,1.0,raw_seed0
DES_MP,0,2,10.1021/ie500466g,8,explore_aware8_on_anchor_rows,50,50,168.13821249029206,,1.0,raw_seed0
DES_MP,0,2,10.1021/ie500466g,8,explore_aware_on_matdisjoint_rows,50,50,168.6915856767675,,1.0,raw_seed0
DES_MP,0,2,10.1039/c4ra10628h,16,anchor,62,130,129.04846109147934,30.0,0.47692307692307695,raw_seed0
DES_MP,0,2,10.1039/c4ra10628h,16,aware_on_anchor_rows,62,130,168.6915856767675,,0.47692307692307695,raw_seed0
DES_MP,0,2,10.1039/c4ra10628h,16,explore_anchor_matdisjoint,42,100,130.33474792052803,,0.42,raw_seed0
DES_MP,0,2,10.1039/c4ra10628h,16,explore_aware8_on_anchor_rows,62,130,168.13821249029206,,0.47692307692307695,raw_seed0
DES_MP,0,2,10.1039/c4ra10628h,16,explore_aware_on_matdisjoint_rows,44,100,168.6915856767675,,0.44,raw_seed0
DES_MP,0,2,10.3390/pr9050796,21,anchor,180,180,129.04846109147934,0.0,1.0,raw_seed0
DES_MP,0,2,10.3390/pr9050796,21,aware_on_anchor_rows,180,180,168.6915856767675,,1.0,raw_seed0
DES_MP,0,2,10.3390/pr9050796,21,explore_anchor_matdisjoint,180,180,130.33474792052803,,1.0,raw_seed0
DES_MP,0,2,10.3390/pr9050796,21,explore_aware8_on_anchor_rows,180,180,168.13821249029206,,1.0,raw_seed0
DES_MP,0,2,10.3390/pr9050796,21,explore_aware_on_matdisjoint_rows,180,180,168.6915856767675,,1.0,raw_seed0
DES_MP,0,3,10.1002/cssc.202001331,206,anchor,1252,2030,121.16002722927163,30.0,0.6167487684729064,raw_seed0
DES_MP,0,3,10.1002/cssc.202001331,206,aware_on_anchor_rows,1202,2030,157.4237226661299,,0.5921182266009852,raw_seed0
DES_MP,0,3,10.1002/cssc.202001331,206,explore_anchor_matdisjoint,1234,2000,122.4114705016901,,0.617,raw_seed0
DES_MP,0,3,10.1002/cssc.202001331,206,explore_aware8_on_anchor_rows,1202,2030,157.4237226661299,,0.5921182266009852,raw_seed0
DES_MP,0,3,10.1002/cssc.202001331,206,explore_aware_on_matdisjoint_rows,1184,2000,157.4237226661299,,0.592,raw_seed0
DES_MP,0,3,10.1016/j.microc.2019.104384,12,anchor,90,90,121.16002722927163,0.0,1.0,raw_seed0
DES_MP,0,3,10.1016/j.microc.2019.104384,12,aware_on_anchor_rows,90,90,157.4237226661299,,1.0,raw_seed0
DES_MP,0,3,10.1016/j.microc.2019.104384,12,explore_anchor_matdisjoint,90,90,122.4114705016901,,1.0,raw_seed0
DES_MP,0,3,10.1016/j.microc.2019.104384,12,explore_aware8_on_anchor_rows,90,90,157.4237226661299,,1.0,raw_seed0
DES_MP,0,3,10.1016/j.microc.2019.104384,12,explore_aware_on_matdisjoint_rows,90,90,157.4237226661299,,1.0,raw_seed0
DES_MP,0,3,10.1016/j.molliq.2021.115838,8,anchor,50,50,121.16002722927163,0.0,1.0,raw_seed0
DES_MP,0,3,10.1016/j.molliq.2021.115838,8,aware_on_anchor_rows,50,50,157.4237226661299,,1.0,raw_seed0
DES_MP,0,3,10.1016/j.molliq.2021.115838,8,explore_anchor_matdisjoint,50,50,122.4114705016901,,1.0,raw_seed0
DES_MP,0,3,10.1016/j.molliq.2021.115838,8,explore_aware8_on_anchor_rows,50,50,157.4237226661299,,1.0,raw_seed0
DES_MP,0,3,10.1016/j.molliq.2021.115838,8,explore_aware_on_matdisjoint_rows,50,50,157.4237226661299,,1.0,raw_seed0
DES_MP,0,3,10.1016/j.molliq.2021.117021,19,anchor,137,160,121.16002722927163,0.0,0.85625,raw_seed0
DES_MP,0,3,10.1016/j.molliq.2021.117021,19,aware_on_anchor_rows,151,160,157.4237226661299,,0.94375,raw_seed0
DES_MP,0,3,10.1016/j.molliq.2021.117021,19,explore_anchor_matdisjoint,137,160,122.4114705016901,,0.85625,raw_seed0
DES_MP,0,3,10.1016/j.molliq.2021.117021,19,explore_aware8_on_anchor_rows,151,160,157.4237226661299,,0.94375,raw_seed0
DES_MP,0,3,10.1016/j.molliq.2021.117021,19,explore_aware_on_matdisjoint_rows,151,160,157.4237226661299,,0.94375,raw_seed0
DES_MP,0,3,10.1021/acssuschemeng.0c08288,24,anchor,207,210,121.16002722927163,0.0,0.9857142857142858,raw_seed0
DES_MP,0,3,10.1021/acssuschemeng.0c08288,24,aware_on_anchor_rows,210,210,157.4237226661299,,1.0,raw_seed0
DES_MP,0,3,10.1021/acssuschemeng.0c08288,24,explore_anchor_matdisjoint,207,210,122.4114705016901,,0.9857142857142858,raw_seed0
DES_MP,0,3,10.1021/acssuschemeng.0c08288,24,explore_aware8_on_anchor_rows,210,210,157.4237226661299,,1.0,raw_seed0
DES_MP,0,3,10.1021/acssuschemeng.0c08288,24,explore_aware_on_matdisjoint_rows,210,210,157.4237226661299,,1.0,raw_seed0
DES_MP,0,3,10.1021/ja048266j,36,anchor,328,330,121.16002722927163,30.0,0.9939393939393939,raw_seed0
DES_MP,0,3,10.1021/ja048266j,36,aware_on_anchor_rows,330,330,157.4237226661299,,1.0,raw_seed0
DES_MP,0,3,10.1021/ja048266j,36,explore_anchor_matdisjoint,298,300,122.4114705016901,,0.9933333333333333,raw_seed0
DES_MP,0,3,10.1021/ja048266j,36,explore_aware8_on_anchor_rows,330,330,157.4237226661299,,1.0,raw_seed0
DES_MP,0,3,10.1021/ja048266j,36,explore_aware_on_matdisjoint_rows,300,300,157.4237226661299,,1.0,raw_seed0
DES_MP,0,3,10.1039/c1ra00630d,14,anchor,110,110,121.16002722927163,24.0,1.0,raw_seed0
DES_MP,0,3,10.1039/c1ra00630d,14,aware_on_anchor_rows,110,110,157.4237226661299,,1.0,raw_seed0
DES_MP,0,3,10.1039/c1ra00630d,14,explore_anchor_matdisjoint,86,86,122.4114705016901,,1.0,raw_seed0
DES_MP,0,3,10.1039/c1ra00630d,14,explore_aware8_on_anchor_rows,110,110,157.4237226661299,,1.0,raw_seed0
DES_MP,0,3,10.1039/c1ra00630d,14,explore_aware_on_matdisjoint_rows,86,86,157.4237226661299,,1.0,raw_seed0
DES_MP,0,4,10.1002/apj.1873,16,anchor,124,130,127.41442595742924,22.0,0.9538461538461539,raw_seed0
DES_MP,0,4,10.1002/apj.1873,16,aware_on_anchor_rows,130,130,161.0306484461908,,1.0,raw_seed0
DES_MP,0,4,10.1002/apj.1873,16,explore_anchor_matdisjoint,102,108,128.6108386511133,,0.9444444444444444,raw_seed0
DES_MP,0,4,10.1002/apj.1873,16,explore_aware8_on_anchor_rows,130,130,159.55473847478288,,1.0,raw_seed0
DES_MP,0,4,10.1002/apj.1873,16,explore_aware_on_matdisjoint_rows,108,108,161.0306484461908,,1.0,raw_seed0
DES_MP,0,4,10.1002/cphc.200500489,36,anchor,330,330,127.41442595742924,30.0,1.0,raw_seed0
DES_MP,0,4,10.1002/cphc.200500489,36,aware_on_anchor_rows,330,330,161.0306484461908,,1.0,raw_seed0
DES_MP,0,4,10.1002/cphc.200500489,36,explore_anchor_matdisjoint,300,300,128.6108386511133,,1.0,raw_seed0
DES_MP,0,4,10.1002/cphc.200500489,36,explore_aware8_on_anchor_rows,330,330,159.55473847478288,,1.0,raw_seed0
DES_MP,0,4,10.1002/cphc.200500489,36,explore_aware_on_matdisjoint_rows,300,300,161.0306484461908,,1.0,raw_seed0
DES_MP,0,4,10.1016/j.molliq.2014.08.004,24,anchor,210,210,127.41442595742924,26.0,1.0,raw_seed0
DES_MP,0,4,10.1016/j.molliq.2014.08.004,24,aware_on_anchor_rows,210,210,161.0306484461908,,1.0,raw_seed0
DES_MP,0,4,10.1016/j.molliq.2014.08.004,24,explore_anchor_matdisjoint,184,184,128.6108386511133,,1.0,raw_seed0
DES_MP,0,4,10.1016/j.molliq.2014.08.004,24,explore_aware8_on_anchor_rows,210,210,159.55473847478288,,1.0,raw_seed0
DES_MP,0,4,10.1016/j.molliq.2014.08.004,24,explore_aware_on_matdisjoint_rows,184,184,161.0306484461908,,1.0,raw_seed0
DES_MP,0,4,10.1016/j.molliq.2016.10.134,8,anchor,50,50,127.41442595742924,0.0,1.0,raw_seed0
DES_MP,0,4,10.1016/j.molliq.2016.10.134,8,aware_on_anchor_rows,39,50,161.0306484461908,,0.78,raw_seed0
DES_MP,0,4,10.1016/j.molliq.2016.10.134,8,explore_anchor_matdisjoint,50,50,128.6108386511133,,1.0,raw_seed0
DES_MP,0,4,10.1016/j.molliq.2016.10.134,8,explore_aware8_on_anchor_rows,39,50,159.55473847478288,,0.78,raw_seed0
DES_MP,0,4,10.1016/j.molliq.2016.10.134,8,explore_aware_on_matdisjoint_rows,39,50,161.0306484461908,,0.78,raw_seed0
DES_MP,0,4,10.1016/j.tca.2012.03.027,21,anchor,134,180,127.41442595742924,0.0,0.7444444444444445,raw_seed0
DES_MP,0,4,10.1016/j.tca.2012.03.027,21,aware_on_anchor_rows,103,180,161.0306484461908,,0.5722222222222222,raw_seed0
DES_MP,0,4,10.1016/j.tca.2012.03.027,21,explore_anchor_matdisjoint,134,180,128.6108386511133,,0.7444444444444445,raw_seed0
DES_MP,0,4,10.1016/j.tca.2012.03.027,21,explore_aware8_on_anchor_rows,103,180,159.55473847478288,,0.5722222222222222,raw_seed0
DES_MP,0,4,10.1016/j.tca.2012.03.027,21,explore_aware_on_matdisjoint_rows,103,180,161.0306484461908,,0.5722222222222222,raw_seed0
DES_MP,0,4,10.1021/acs.iecr.8b01249,202,anchor,1763,1990,127.41442595742924,30.0,0.885929648241206,raw_seed0
DES_MP,0,4,10.1021/acs.iecr.8b01249,202,aware_on_anchor_rows,1931,1990,161.0306484461908,,0.9703517587939698,raw_seed0
DES_MP,0,4,10.1021/acs.iecr.8b01249,202,explore_anchor_matdisjoint,1738,1960,128.6108386511133,,0.886734693877551,raw_seed0
DES_MP,0,4,10.1021/acs.iecr.8b01249,202,explore_aware8_on_anchor_rows,1912,1990,159.55473847478288,,0.9608040201005025,raw_seed0
DES_MP,0,4,10.1021/acs.iecr.8b01249,202,explore_aware_on_matdisjoint_rows,1902,1960,161.0306484461908,,0.9704081632653061,raw_seed0
DES_MP,0,4,10.1021/ef2004943,11,anchor,80,80,127.41442595742924,17.0,1.0,raw_seed0
DES_MP,0,4,10.1021/ef2004943,11,aware_on_anchor_rows,80,80,161.0306484461908,,1.0,raw_seed0
DES_MP,0,4,10.1021/ef2004943,11,explore_anchor_matdisjoint,63,63,128.6108386511133,,1.0,raw_seed0
DES_MP,0,4,10.1021/ef2004943,11,explore_aware8_on_anchor_rows,80,80,159.55473847478288,,1.0,raw_seed0
DES_MP,0,4,10.1021/ef2004943,11,explore_aware_on_matdisjoint_rows,63,63,161.0306484461908,,1.0,raw_seed0
DES_MP,0,4,10.1039/b106357j,8,anchor,50,50,127.41442595742924,0.0,1.0,raw_seed0
DES_MP,0,4,10.1039/b106357j,8,aware_on_anchor_rows,50,50,161.0306484461908,,1.0,raw_seed0
DES_MP,0,4,10.1039/b106357j,8,explore_anchor_matdisjoint,50,50,128.6108386511133,,1.0,raw_seed0
DES_MP,0,4,10.1039/b106357j,8,explore_aware8_on_anchor_rows,50,50,159.55473847478288,,1.0,raw_seed0
DES_MP,0,4,10.1039/b106357j,8,explore_aware_on_matdisjoint_rows,50,50,161.0306484461908,,1.0,raw_seed0
DES_MP,0,5,10.1016/j.fluid.2017.03.015,18,anchor,104,150,122.15208445165008,0.0,0.6933333333333334,raw_seed0
DES_MP,0,5,10.1016/j.fluid.2017.03.015,18,aware_on_anchor_rows,131,150,160.5971815552101,,0.8733333333333333,raw_seed0
DES_MP,0,5,10.1016/j.fluid.2017.03.015,18,explore_anchor_matdisjoint,107,150,123.37672997002066,,0.7133333333333334,raw_seed0
DES_MP,0,5,10.1016/j.fluid.2017.03.015,18,explore_aware8_on_anchor_rows,131,150,160.2438322638801,,0.8733333333333333,raw_seed0
DES_MP,0,5,10.1016/j.fluid.2017.03.015,18,explore_aware_on_matdisjoint_rows,131,150,160.5971815552101,,0.8733333333333333,raw_seed0
DES_MP,0,5,10.1016/j.hydromet.2022.105971,24,anchor,180,210,122.15208445165008,0.0,0.8571428571428571,raw_seed0
DES_MP,0,5,10.1016/j.hydromet.2022.105971,24,aware_on_anchor_rows,167,210,160.5971815552101,,0.7952380952380952,raw_seed0
DES_MP,0,5,10.1016/j.hydromet.2022.105971,24,explore_anchor_matdisjoint,181,210,123.37672997002066,,0.861904761904762,raw_seed0
DES_MP,0,5,10.1016/j.hydromet.2022.105971,24,explore_aware8_on_anchor_rows,167,210,160.2438322638801,,0.7952380952380952,raw_seed0
DES_MP,0,5,10.1016/j.hydromet.2022.105971,24,explore_aware_on_matdisjoint_rows,167,210,160.5971815552101,,0.7952380952380952,raw_seed0
DES_MP,0,5,10.1016/j.jtice.2015.12.020,9,anchor,60,60,122.15208445165008,0.0,1.0,raw_seed0
DES_MP,0,5,10.1016/j.jtice.2015.12.020,9,aware_on_anchor_rows,60,60,160.5971815552101,,1.0,raw_seed0
DES_MP,0,5,10.1016/j.jtice.2015.12.020,9,explore_anchor_matdisjoint,60,60,123.37672997002066,,1.0,raw_seed0
DES_MP,0,5,10.1016/j.jtice.2015.12.020,9,explore_aware8_on_anchor_rows,60,60,160.2438322638801,,1.0,raw_seed0
DES_MP,0,5,10.1016/j.jtice.2015.12.020,9,explore_aware_on_matdisjoint_rows,60,60,160.5971815552101,,1.0,raw_seed0
DES_MP,0,5,10.1016/j.molliq.2020.113667,38,anchor,350,350,122.15208445165008,2.0,1.0,raw_seed0
DES_MP,0,5,10.1016/j.molliq.2020.113667,38,aware_on_anchor_rows,350,350,160.5971815552101,,1.0,raw_seed0
DES_MP,0,5,10.1016/j.molliq.2020.113667,38,explore_anchor_matdisjoint,348,348,123.37672997002066,,1.0,raw_seed0
DES_MP,0,5,10.1016/j.molliq.2020.113667,38,explore_aware8_on_anchor_rows,350,350,160.2438322638801,,1.0,raw_seed0
DES_MP,0,5,10.1016/j.molliq.2020.113667,38,explore_aware_on_matdisjoint_rows,348,348,160.5971815552101,,1.0,raw_seed0
DES_MP,0,5,10.1016/s0168-3659(97)00153-3,12,anchor,89,90,122.15208445165008,0.0,0.9888888888888889,raw_seed0
DES_MP,0,5,10.1016/s0168-3659(97)00153-3,12,aware_on_anchor_rows,90,90,160.5971815552101,,1.0,raw_seed0
DES_MP,0,5,10.1016/s0168-3659(97)00153-3,12,explore_anchor_matdisjoint,90,90,123.37672997002066,,1.0,raw_seed0
DES_MP,0,5,10.1016/s0168-3659(97)00153-3,12,explore_aware8_on_anchor_rows,90,90,160.2438322638801,,1.0,raw_seed0
DES_MP,0,5,10.1016/s0168-3659(97)00153-3,12,explore_aware_on_matdisjoint_rows,90,90,160.5971815552101,,1.0,raw_seed0
DES_MP,0,5,10.1021/acssuschemeng.8b01203,137,anchor,1340,1340,122.15208445165008,26.0,1.0,raw_seed0
DES_MP,0,5,10.1021/acssuschemeng.8b01203,137,aware_on_anchor_rows,1340,1340,160.5971815552101,,1.0,raw_seed0
DES_MP,0,5,10.1021/acssuschemeng.8b01203,137,explore_anchor_matdisjoint,1314,1314,123.37672997002066,,1.0,raw_seed0
DES_MP,0,5,10.1021/acssuschemeng.8b01203,137,explore_aware8_on_anchor_rows,1340,1340,160.2438322638801,,1.0,raw_seed0
DES_MP,0,5,10.1021/acssuschemeng.8b01203,137,explore_aware_on_matdisjoint_rows,1314,1314,160.5971815552101,,1.0,raw_seed0
DES_MP,0,5,10.1021/je100104v,50,anchor,332,470,122.15208445165008,18.0,0.7063829787234043,raw_seed0
DES_MP,0,5,10.1021/je100104v,50,aware_on_anchor_rows,368,470,160.5971815552101,,0.7829787234042553,raw_seed0
DES_MP,0,5,10.1021/je100104v,50,explore_anchor_matdisjoint,316,452,123.37672997002066,,0.6991150442477876,raw_seed0
DES_MP,0,5,10.1021/je100104v,50,explore_aware8_on_anchor_rows,368,470,160.2438322638801,,0.7829787234042553,raw_seed0
DES_MP,0,5,10.1021/je100104v,50,explore_aware_on_matdisjoint_rows,352,452,160.5971815552101,,0.7787610619469026,raw_seed0
DES_MP,0,5,10.1039/b210714g,22,anchor,172,190,122.15208445165008,28.0,0.9052631578947369,raw_seed0
DES_MP,0,5,10.1039/b210714g,22,aware_on_anchor_rows,180,190,160.5971815552101,,0.9473684210526315,raw_seed0
DES_MP,0,5,10.1039/b210714g,22,explore_anchor_matdisjoint,144,162,123.37672997002066,,0.8888888888888888,raw_seed0
DES_MP,0,5,10.1039/b210714g,22,explore_aware8_on_anchor_rows,180,190,160.2438322638801,,0.9473684210526315,raw_seed0
DES_MP,0,5,10.1039/b210714g,22,explore_aware_on_matdisjoint_rows,152,162,160.5971815552101,,0.9382716049382716,raw_seed0
DES_MP,0,5,10.3923/jas.2010.3349.3354,8,anchor,50,50,122.15208445165008,22.0,1.0,raw_seed0
DES_MP,0,5,10.3923/jas.2010.3349.3354,8,aware_on_anchor_rows,50,50,160.5971815552101,,1.0,raw_seed0
DES_MP,0,5,10.3923/jas.2010.3349.3354,8,explore_anchor_matdisjoint,28,28,123.37672997002066,,1.0,raw_seed0
DES_MP,0,5,10.3923/jas.2010.3349.3354,8,explore_aware8_on_anchor_rows,50,50,160.2438322638801,,1.0,raw_seed0
DES_MP,0,5,10.3923/jas.2010.3349.3354,8,explore_aware_on_matdisjoint_rows,28,28,160.5971815552101,,1.0,raw_seed0
DES_MP,0,6,10.1002/anie.202110520,17,anchor,137,140,133.26784710094898,0.0,0.9785714285714285,raw_seed0
DES_MP,0,6,10.1002/anie.202110520,17,aware_on_anchor_rows,140,140,162.82261290561323,,1.0,raw_seed0
DES_MP,0,6,10.1002/anie.202110520,17,explore_anchor_matdisjoint,137,140,134.3472806680651,,0.9785714285714285,raw_seed0
DES_MP,0,6,10.1002/anie.202110520,17,explore_aware8_on_anchor_rows,140,140,162.64903799670367,,1.0,raw_seed0
DES_MP,0,6,10.1002/anie.202110520,17,explore_aware_on_matdisjoint_rows,140,140,162.82261290561323,,1.0,raw_seed0
DES_MP,0,6,10.1002/apj.1995,9,anchor,60,60,133.26784710094898,0.0,1.0,raw_seed0
DES_MP,0,6,10.1002/apj.1995,9,aware_on_anchor_rows,60,60,162.82261290561323,,1.0,raw_seed0
DES_MP,0,6,10.1002/apj.1995,9,explore_anchor_matdisjoint,60,60,134.3472806680651,,1.0,raw_seed0
DES_MP,0,6,10.1002/apj.1995,9,explore_aware8_on_anchor_rows,60,60,162.64903799670367,,1.0,raw_seed0
DES_MP,0,6,10.1002/apj.1995,9,explore_aware_on_matdisjoint_rows,60,60,162.82261290561323,,1.0,raw_seed0
DES_MP,0,6,10.1007/s10973-012-2831-3,32,anchor,290,290,133.26784710094898,28.0,1.0,raw_seed0
DES_MP,0,6,10.1007/s10973-012-2831-3,32,aware_on_anchor_rows,290,290,162.82261290561323,,1.0,raw_seed0
DES_MP,0,6,10.1007/s10973-012-2831-3,32,explore_anchor_matdisjoint,262,262,134.3472806680651,,1.0,raw_seed0
DES_MP,0,6,10.1007/s10973-012-2831-3,32,explore_aware8_on_anchor_rows,290,290,162.64903799670367,,1.0,raw_seed0
DES_MP,0,6,10.1007/s10973-012-2831-3,32,explore_aware_on_matdisjoint_rows,262,262,162.82261290561323,,1.0,raw_seed0
DES_MP,0,6,10.1016/j.cej.2018.10.077,8,anchor,50,50,133.26784710094898,0.0,1.0,raw_seed0
DES_MP,0,6,10.1016/j.cej.2018.10.077,8,aware_on_anchor_rows,41,50,162.82261290561323,,0.82,raw_seed0
DES_MP,0,6,10.1016/j.cej.2018.10.077,8,explore_anchor_matdisjoint,50,50,134.3472806680651,,1.0,raw_seed0
DES_MP,0,6,10.1016/j.cej.2018.10.077,8,explore_aware8_on_anchor_rows,41,50,162.64903799670367,,0.82,raw_seed0
DES_MP,0,6,10.1016/j.cej.2018.10.077,8,explore_aware_on_matdisjoint_rows,41,50,162.82261290561323,,0.82,raw_seed0
DES_MP,0,6,10.1016/j.gee.2020.11.020,51,anchor,474,480,133.26784710094898,3.0,0.9875,raw_seed0
DES_MP,0,6,10.1016/j.gee.2020.11.020,51,aware_on_anchor_rows,480,480,162.82261290561323,,1.0,raw_seed0
DES_MP,0,6,10.1016/j.gee.2020.11.020,51,explore_anchor_matdisjoint,471,477,134.3472806680651,,0.9874213836477987,raw_seed0
DES_MP,0,6,10.1016/j.gee.2020.11.020,51,explore_aware8_on_anchor_rows,480,480,162.64903799670367,,1.0,raw_seed0
DES_MP,0,6,10.1016/j.gee.2020.11.020,51,explore_aware_on_matdisjoint_rows,477,477,162.82261290561323,,1.0,raw_seed0
DES_MP,0,6,10.1016/j.jct.2015.04.021,12,anchor,90,90,133.26784710094898,28.0,1.0,raw_seed0
DES_MP,0,6,10.1016/j.jct.2015.04.021,12,aware_on_anchor_rows,90,90,162.82261290561323,,1.0,raw_seed0
DES_MP,0,6,10.1016/j.jct.2015.04.021,12,explore_anchor_matdisjoint,62,62,134.3472806680651,,1.0,raw_seed0
DES_MP,0,6,10.1016/j.jct.2015.04.021,12,explore_aware8_on_anchor_rows,90,90,162.64903799670367,,1.0,raw_seed0
DES_MP,0,6,10.1016/j.jct.2015.04.021,12,explore_aware_on_matdisjoint_rows,62,62,162.82261290561323,,1.0,raw_seed0
DES_MP,0,6,10.1021/acs.jpcb.0c01680,22,anchor,190,190,133.26784710094898,5.0,1.0,raw_seed0
DES_MP,0,6,10.1021/acs.jpcb.0c01680,22,aware_on_anchor_rows,171,190,162.82261290561323,,0.9,raw_seed0
DES_MP,0,6,10.1021/acs.jpcb.0c01680,22,explore_anchor_matdisjoint,185,185,134.3472806680651,,1.0,raw_seed0
DES_MP,0,6,10.1021/acs.jpcb.0c01680,22,explore_aware8_on_anchor_rows,162,190,162.64903799670367,,0.8526315789473684,raw_seed0
DES_MP,0,6,10.1021/acs.jpcb.0c01680,22,explore_aware_on_matdisjoint_rows,166,185,162.82261290561323,,0.8972972972972973,raw_seed0
DES_MP,0,6,10.1021/acssuschemeng.0c05518,39,anchor,287,360,133.26784710094898,0.0,0.7972222222222223,raw_seed0
DES_MP,0,6,10.1021/acssuschemeng.0c05518,39,aware_on_anchor_rows,261,360,162.82261290561323,,0.725,raw_seed0
DES_MP,0,6,10.1021/acssuschemeng.0c05518,39,explore_anchor_matdisjoint,287,360,134.3472806680651,,0.7972222222222223,raw_seed0
DES_MP,0,6,10.1021/acssuschemeng.0c05518,39,explore_aware8_on_anchor_rows,261,360,162.64903799670367,,0.725,raw_seed0
DES_MP,0,6,10.1021/acssuschemeng.0c05518,39,explore_aware_on_matdisjoint_rows,261,360,162.82261290561323,,0.725,raw_seed0
DES_MP,0,6,10.1021/je060146z,130,anchor,1270,1270,133.26784710094898,30.0,1.0,raw_seed0
DES_MP,0,6,10.1021/je060146z,130,aware_on_anchor_rows,1270,1270,162.82261290561323,,1.0,raw_seed0
DES_MP,0,6,10.1021/je060146z,130,explore_anchor_matdisjoint,1240,1240,134.3472806680651,,1.0,raw_seed0
DES_MP,0,6,10.1021/je060146z,130,explore_aware8_on_anchor_rows,1270,1270,162.64903799670367,,1.0,raw_seed0
DES_MP,0,6,10.1021/je060146z,130,explore_aware_on_matdisjoint_rows,1240,1240,162.82261290561323,,1.0,raw_seed0
DES_MP,0,7,10.1016/j.cattod.2021.05.018,8,anchor,36,50,117.79638158692494,0.0,0.72,raw_seed0
DES_MP,0,7,10.1016/j.cattod.2021.05.018,8,aware_on_anchor_rows,0,50,149.95568208854377,,0.0,raw_seed0
DES_MP,0,7,10.1016/j.cattod.2021.05.018,8,explore_anchor_matdisjoint,36,50,118.89381665576272,,0.72,raw_seed0
DES_MP,0,7,10.1016/j.cattod.2021.05.018,8,explore_aware8_on_anchor_rows,0,50,146.79155617953876,,0.0,raw_seed0
DES_MP,0,7,10.1016/j.cattod.2021.05.018,8,explore_aware_on_matdisjoint_rows,0,50,149.95568208854377,,0.0,raw_seed0
DES_MP,0,7,10.1016/j.fluid.2019.04.019,9,anchor,60,60,117.79638158692494,0.0,1.0,raw_seed0
DES_MP,0,7,10.1016/j.fluid.2019.04.019,9,aware_on_anchor_rows,0,60,149.95568208854377,,0.0,raw_seed0
DES_MP,0,7,10.1016/j.fluid.2019.04.019,9,explore_anchor_matdisjoint,60,60,118.89381665576272,,1.0,raw_seed0
DES_MP,0,7,10.1016/j.fluid.2019.04.019,9,explore_aware8_on_anchor_rows,0,60,146.79155617953876,,0.0,raw_seed0
DES_MP,0,7,10.1016/j.fluid.2019.04.019,9,explore_aware_on_matdisjoint_rows,0,60,149.95568208854377,,0.0,raw_seed0
DES_MP,0,7,10.1016/j.gee.2019.03.002,45,anchor,411,420,117.79638158692494,0.0,0.9785714285714285,raw_seed0
DES_MP,0,7,10.1016/j.gee.2019.03.002,45,aware_on_anchor_rows,420,420,149.95568208854377,,1.0,raw_seed0
DES_MP,0,7,10.1016/j.gee.2019.03.002,45,explore_anchor_matdisjoint,411,420,118.89381665576272,,0.9785714285714285,raw_seed0
DES_MP,0,7,10.1016/j.gee.2019.03.002,45,explore_aware8_on_anchor_rows,420,420,146.79155617953876,,1.0,raw_seed0
DES_MP,0,7,10.1016/j.gee.2019.03.002,45,explore_aware_on_matdisjoint_rows,420,420,149.95568208854377,,1.0,raw_seed0
DES_MP,0,7,10.1016/j.molliq.2008.07.009,24,anchor,210,210,117.79638158692494,26.0,1.0,raw_seed0
DES_MP,0,7,10.1016/j.molliq.2008.07.009,24,aware_on_anchor_rows,194,210,149.95568208854377,,0.9238095238095239,raw_seed0
DES_MP,0,7,10.1016/j.molliq.2008.07.009,24,explore_anchor_matdisjoint,184,184,118.89381665576272,,1.0,raw_seed0
DES_MP,0,7,10.1016/j.molliq.2008.07.009,24,explore_aware8_on_anchor_rows,194,210,146.79155617953876,,0.9238095238095239,raw_seed0
DES_MP,0,7,10.1016/j.molliq.2008.07.009,24,explore_aware_on_matdisjoint_rows,172,184,149.95568208854377,,0.9347826086956522,raw_seed0
DES_MP,0,7,10.1021/acssuschemeng.0c00559,78,anchor,684,750,117.79638158692494,0.0,0.912,raw_seed0
DES_MP,0,7,10.1021/acssuschemeng.0c00559,78,aware_on_anchor_rows,692,750,149.95568208854377,,0.9226666666666666,raw_seed0
DES_MP,0,7,10.1021/acssuschemeng.0c00559,78,explore_anchor_matdisjoint,688,750,118.89381665576272,,0.9173333333333333,raw_seed0
DES_MP,0,7,10.1021/acssuschemeng.0c00559,78,explore_aware8_on_anchor_rows,672,750,146.79155617953876,,0.896,raw_seed0
DES_MP,0,7,10.1021/acssuschemeng.0c00559,78,explore_aware_on_matdisjoint_rows,692,750,149.95568208854377,,0.9226666666666666,raw_seed0
DES_MP,0,7,10.1021/acssuschemeng.7b04235,18,anchor,150,150,117.79638158692494,22.0,1.0,raw_seed0
DES_MP,0,7,10.1021/acssuschemeng.7b04235,18,aware_on_anchor_rows,150,150,149.95568208854377,,1.0,raw_seed0
DES_MP,0,7,10.1021/acssuschemeng.7b04235,18,explore_anchor_matdisjoint,128,128,118.89381665576272,,1.0,raw_seed0
DES_MP,0,7,10.1021/acssuschemeng.7b04235,18,explore_aware8_on_anchor_rows,150,150,146.79155617953876,,1.0,raw_seed0
DES_MP,0,7,10.1021/acssuschemeng.7b04235,18,explore_aware_on_matdisjoint_rows,128,128,149.95568208854377,,1.0,raw_seed0
DES_MP,0,7,10.1021/acssuschemeng.8b02042,101,anchor,871,980,117.79638158692494,22.0,0.8887755102040816,raw_seed0
DES_MP,0,7,10.1021/acssuschemeng.8b02042,101,aware_on_anchor_rows,774,980,149.95568208854377,,0.789795918367347,raw_seed0
DES_MP,0,7,10.1021/acssuschemeng.8b02042,101,explore_anchor_matdisjoint,856,958,118.89381665576272,,0.8935281837160751,raw_seed0
DES_MP,0,7,10.1021/acssuschemeng.8b02042,101,explore_aware8_on_anchor_rows,774,980,146.79155617953876,,0.789795918367347,raw_seed0
DES_MP,0,7,10.1021/acssuschemeng.8b02042,101,explore_aware_on_matdisjoint_rows,757,958,149.95568208854377,,0.7901878914405011,raw_seed0
DES_MP,0,7,10.1039/c0ob01011a,13,anchor,100,100,117.79638158692494,0.0,1.0,raw_seed0
DES_MP,0,7,10.1039/c0ob01011a,13,aware_on_anchor_rows,100,100,149.95568208854377,,1.0,raw_seed0
DES_MP,0,7,10.1039/c0ob01011a,13,explore_anchor_matdisjoint,100,100,118.89381665576272,,1.0,raw_seed0
DES_MP,0,7,10.1039/c0ob01011a,13,explore_aware8_on_anchor_rows,100,100,146.79155617953876,,1.0,raw_seed0
DES_MP,0,7,10.1039/c0ob01011a,13,explore_aware_on_matdisjoint_rows,100,100,149.95568208854377,,1.0,raw_seed0
DES_MP,0,7,10.1039/c9cc04846d,22,anchor,159,190,117.79638158692494,26.0,0.8368421052631579,raw_seed0
DES_MP,0,7,10.1039/c9cc04846d,22,aware_on_anchor_rows,172,190,149.95568208854377,,0.9052631578947369,raw_seed0
DES_MP,0,7,10.1039/c9cc04846d,22,explore_anchor_matdisjoint,134,164,118.89381665576272,,0.8170731707317073,raw_seed0
DES_MP,0,7,10.1039/c9cc04846d,22,explore_aware8_on_anchor_rows,172,190,146.79155617953876,,0.9052631578947369,raw_seed0
DES_MP,0,7,10.1039/c9cc04846d,22,explore_aware_on_matdisjoint_rows,148,164,149.95568208854377,,0.9024390243902439,raw_seed0
DES_MP,0,8,10.1002/aic.17408,80,anchor,606,770,120.72686795382864,12.0,0.787012987012987,raw_seed0
DES_MP,0,8,10.1002/aic.17408,80,aware_on_anchor_rows,602,770,151.37254170483857,,0.7818181818181819,raw_seed0
DES_MP,0,8,10.1002/aic.17408,80,explore_anchor_matdisjoint,595,758,121.73421734497164,,0.7849604221635884,raw_seed0
DES_MP,0,8,10.1002/aic.17408,80,explore_aware8_on_anchor_rows,602,770,150.0385929278449,,0.7818181818181819,raw_seed0
DES_MP,0,8,10.1002/aic.17408,80,explore_aware_on_matdisjoint_rows,590,758,151.37254170483857,,0.7783641160949868,raw_seed0
DES_MP,0,8,10.1016/j.ijggc.2019.102839,18,anchor,150,150,120.72686795382864,26.0,1.0,raw_seed0
DES_MP,0,8,10.1016/j.ijggc.2019.102839,18,aware_on_anchor_rows,150,150,151.37254170483857,,1.0,raw_seed0
DES_MP,0,8,10.1016/j.ijggc.2019.102839,18,explore_anchor_matdisjoint,124,124,121.73421734497164,,1.0,raw_seed0
DES_MP,0,8,10.1016/j.ijggc.2019.102839,18,explore_aware8_on_anchor_rows,150,150,150.0385929278449,,1.0,raw_seed0
DES_MP,0,8,10.1016/j.ijggc.2019.102839,18,explore_aware_on_matdisjoint_rows,124,124,151.37254170483857,,1.0,raw_seed0
DES_MP,0,8,10.1016/j.jiec.2021.03.011,10,anchor,59,70,120.72686795382864,0.0,0.8428571428571429,raw_seed0
DES_MP,0,8,10.1016/j.jiec.2021.03.011,10,aware_on_anchor_rows,63,70,151.37254170483857,,0.9,raw_seed0
DES_MP,0,8,10.1016/j.jiec.2021.03.011,10,explore_anchor_matdisjoint,59,70,121.73421734497164,,0.8428571428571429,raw_seed0
DES_MP,0,8,10.1016/j.jiec.2021.03.011,10,explore_aware8_on_anchor_rows,63,70,150.0385929278449,,0.9,raw_seed0
DES_MP,0,8,10.1016/j.jiec.2021.03.011,10,explore_aware_on_matdisjoint_rows,63,70,151.37254170483857,,0.9,raw_seed0
DES_MP,0,8,10.1016/j.molliq.2019.112155,23,anchor,181,200,120.72686795382864,0.0,0.905,raw_seed0
DES_MP,0,8,10.1016/j.molliq.2019.112155,23,aware_on_anchor_rows,181,200,151.37254170483857,,0.905,raw_seed0
DES_MP,0,8,10.1016/j.molliq.2019.112155,23,explore_anchor_matdisjoint,182,200,121.73421734497164,,0.91,raw_seed0
DES_MP,0,8,10.1016/j.molliq.2019.112155,23,explore_aware8_on_anchor_rows,181,200,150.0385929278449,,0.905,raw_seed0
DES_MP,0,8,10.1016/j.molliq.2019.112155,23,explore_aware_on_matdisjoint_rows,181,200,151.37254170483857,,0.905,raw_seed0
DES_MP,0,8,10.1016/j.molliq.2020.114745,25,anchor,170,220,120.72686795382864,15.0,0.7727272727272727,raw_seed0
DES_MP,0,8,10.1016/j.molliq.2020.114745,25,aware_on_anchor_rows,141,220,151.37254170483857,,0.6409090909090909,raw_seed0
DES_MP,0,8,10.1016/j.molliq.2020.114745,25,explore_anchor_matdisjoint,157,205,121.73421734497164,,0.7658536585365854,raw_seed0
DES_MP,0,8,10.1016/j.molliq.2020.114745,25,explore_aware8_on_anchor_rows,132,220,150.0385929278449,,0.6,raw_seed0
DES_MP,0,8,10.1016/j.molliq.2020.114745,25,explore_aware_on_matdisjoint_rows,137,205,151.37254170483857,,0.6682926829268293,raw_seed0
DES_MP,0,8,10.1016/j.trac.2021.116187,13,anchor,72,100,120.72686795382864,0.0,0.72,raw_seed0
DES_MP,0,8,10.1016/j.trac.2021.116187,13,aware_on_anchor_rows,77,100,151.37254170483857,,0.77,raw_seed0
DES_MP,0,8,10.1016/j.trac.2021.116187,13,explore_anchor_matdisjoint,74,100,121.73421734497164,,0.74,raw_seed0
DES_MP,0,8,10.1016/j.trac.2021.116187,13,explore_aware8_on_anchor_rows,77,100,150.0385929278449,,0.77,raw_seed0
DES_MP,0,8,10.1016/j.trac.2021.116187,13,explore_aware_on_matdisjoint_rows,77,100,151.37254170483857,,0.77,raw_seed0
DES_MP,0,8,10.1021/je300997v,42,anchor,352,390,120.72686795382864,28.0,0.9025641025641026,raw_seed0
DES_MP,0,8,10.1021/je300997v,42,aware_on_anchor_rows,390,390,151.37254170483857,,1.0,raw_seed0
DES_MP,0,8,10.1021/je300997v,42,explore_anchor_matdisjoint,326,362,121.73421734497164,,0.9005524861878453,raw_seed0
DES_MP,0,8,10.1021/je300997v,42,explore_aware8_on_anchor_rows,390,390,150.0385929278449,,1.0,raw_seed0
DES_MP,0,8,10.1021/je300997v,42,explore_aware_on_matdisjoint_rows,362,362,151.37254170483857,,1.0,raw_seed0
DES_MP,0,8,10.1039/c4cp00057a,8,anchor,50,50,120.72686795382864,0.0,1.0,raw_seed0
DES_MP,0,8,10.1039/c4cp00057a,8,aware_on_anchor_rows,50,50,151.37254170483857,,1.0,raw_seed0
DES_MP,0,8,10.1039/c4cp00057a,8,explore_anchor_matdisjoint,50,50,121.73421734497164,,1.0,raw_seed0
DES_MP,0,8,10.1039/c4cp00057a,8,explore_aware8_on_anchor_rows,50,50,150.0385929278449,,1.0,raw_seed0
DES_MP,0,8,10.1039/c4cp00057a,8,explore_aware_on_matdisjoint_rows,50,50,151.37254170483857,,1.0,raw_seed0
DES_MP,0,8,10.3390/molecules25051077,99,anchor,960,960,120.72686795382864,18.0,1.0,raw_seed0
DES_MP,0,8,10.3390/molecules25051077,99,aware_on_anchor_rows,960,960,151.37254170483857,,1.0,raw_seed0
DES_MP,0,8,10.3390/molecules25051077,99,explore_anchor_matdisjoint,942,942,121.73421734497164,,1.0,raw_seed0
DES_MP,0,8,10.3390/molecules25051077,99,explore_aware8_on_anchor_rows,960,960,150.0385929278449,,1.0,raw_seed0
DES_MP,0,8,10.3390/molecules25051077,99,explore_aware_on_matdisjoint_rows,942,942,151.37254170483857,,1.0,raw_seed0
DES_MP,0,9,10.1002/adfm.202011102,8,anchor,43,50,111.55503948147393,0.0,0.86,raw_seed0
DES_MP,0,9,10.1002/adfm.202011102,8,aware_on_anchor_rows,20,50,141.94806675183668,,0.4,raw_seed0
DES_MP,0,9,10.1002/adfm.202011102,8,explore_anchor_matdisjoint,43,50,112.44604132001014,,0.86,raw_seed0
DES_MP,0,9,10.1002/adfm.202011102,8,explore_aware8_on_anchor_rows,20,50,141.04817999828686,,0.4,raw_seed0
DES_MP,0,9,10.1002/adfm.202011102,8,explore_aware_on_matdisjoint_rows,20,50,141.94806675183668,,0.4,raw_seed0
DES_MP,0,9,10.1016/j.chemphyslip.2009.05.004,87,anchor,840,840,111.55503948147393,28.0,1.0,raw_seed0
DES_MP,0,9,10.1016/j.chemphyslip.2009.05.004,87,aware_on_anchor_rows,840,840,141.94806675183668,,1.0,raw_seed0
DES_MP,0,9,10.1016/j.chemphyslip.2009.05.004,87,explore_anchor_matdisjoint,812,812,112.44604132001014,,1.0,raw_seed0
DES_MP,0,9,10.1016/j.chemphyslip.2009.05.004,87,explore_aware8_on_anchor_rows,840,840,141.04817999828686,,1.0,raw_seed0
DES_MP,0,9,10.1016/j.chemphyslip.2009.05.004,87,explore_aware_on_matdisjoint_rows,812,812,141.94806675183668,,1.0,raw_seed0
DES_MP,0,9,10.1016/j.fluid.2017.05.009,35,anchor,201,320,111.55503948147393,22.0,0.628125,raw_seed0
DES_MP,0,9,10.1016/j.fluid.2017.05.009,35,aware_on_anchor_rows,229,320,141.94806675183668,,0.715625,raw_seed0
DES_MP,0,9,10.1016/j.fluid.2017.05.009,35,explore_anchor_matdisjoint,186,298,112.44604132001014,,0.6241610738255033,raw_seed0
DES_MP,0,9,10.1016/j.fluid.2017.05.009,35,explore_aware8_on_anchor_rows,229,320,141.04817999828686,,0.715625,raw_seed0
DES_MP,0,9,10.1016/j.fluid.2017.05.009,35,explore_aware_on_matdisjoint_rows,216,298,141.94806675183668,,0.7248322147651006,raw_seed0
DES_MP,0,9,10.1016/j.fluid.2019.06.005,87,anchor,727,840,111.55503948147393,28.0,0.8654761904761905,raw_seed0
DES_MP,0,9,10.1016/j.fluid.2019.06.005,87,aware_on_anchor_rows,687,840,141.94806675183668,,0.8178571428571428,raw_seed0
DES_MP,0,9,10.1016/j.fluid.2019.06.005,87,explore_anchor_matdisjoint,705,812,112.44604132001014,,0.8682266009852216,raw_seed0
DES_MP,0,9,10.1016/j.fluid.2019.06.005,87,explore_aware8_on_anchor_rows,687,840,141.04817999828686,,0.8178571428571428,raw_seed0
DES_MP,0,9,10.1016/j.fluid.2019.06.005,87,explore_aware_on_matdisjoint_rows,664,812,141.94806675183668,,0.8177339901477833,raw_seed0
DES_MP,0,9,10.1016/j.molstruc.2017.11.064,17,anchor,84,140,111.55503948147393,0.0,0.6,raw_seed0
DES_MP,0,9,10.1016/j.molstruc.2017.11.064,17,aware_on_anchor_rows,63,140,141.94806675183668,,0.45,raw_seed0
DES_MP,0,9,10.1016/j.molstruc.2017.11.064,17,explore_anchor_matdisjoint,86,140,112.44604132001014,,0.6142857142857143,raw_seed0
DES_MP,0,9,10.1016/j.molstruc.2017.11.064,17,explore_aware8_on_anchor_rows,63,140,141.04817999828686,,0.45,raw_seed0
DES_MP,0,9,10.1016/j.molstruc.2017.11.064,17,explore_aware_on_matdisjoint_rows,63,140,141.94806675183668,,0.45,raw_seed0
DES_MP,0,9,10.1021/ic049931s,22,anchor,115,190,111.55503948147393,0.0,0.6052631578947368,raw_seed0
DES_MP,0,9,10.1021/ic049931s,22,aware_on_anchor_rows,148,190,141.94806675183668,,0.7789473684210526,raw_seed0
DES_MP,0,9,10.1021/ic049931s,22,explore_anchor_matdisjoint,116,190,112.44604132001014,,0.6105263157894737,raw_seed0
DES_MP,0,9,10.1021/ic049931s,22,explore_aware8_on_anchor_rows,148,190,141.04817999828686,,0.7789473684210526,raw_seed0
DES_MP,0,9,10.1021/ic049931s,22,explore_aware_on_matdisjoint_rows,148,190,141.94806675183668,,0.7789473684210526,raw_seed0
DES_MP,0,9,10.1021/jp412552v,45,anchor,247,420,111.55503948147393,0.0,0.5880952380952381,raw_seed0
DES_MP,0,9,10.1021/jp412552v,45,aware_on_anchor_rows,168,420,141.94806675183668,,0.4,raw_seed0
DES_MP,0,9,10.1021/jp412552v,45,explore_anchor_matdisjoint,252,420,112.44604132001014,,0.6,raw_seed0
DES_MP,0,9,10.1021/jp412552v,45,explore_aware8_on_anchor_rows,168,420,141.04817999828686,,0.4,raw_seed0
DES_MP,0,9,10.1021/jp412552v,45,explore_aware_on_matdisjoint_rows,168,420,141.94806675183668,,0.4,raw_seed0
DES_MP,0,9,10.1038/s41598-019-51472-7,12,anchor,90,90,111.55503948147393,26.0,1.0,raw_seed0
DES_MP,0,9,10.1038/s41598-019-51472-7,12,aware_on_anchor_rows,90,90,141.94806675183668,,1.0,raw_seed0
DES_MP,0,9,10.1038/s41598-019-51472-7,12,explore_anchor_matdisjoint,64,64,112.44604132001014,,1.0,raw_seed0
DES_MP,0,9,10.1038/s41598-019-51472-7,12,explore_aware8_on_anchor_rows,90,90,141.04817999828686,,1.0,raw_seed0
DES_MP,0,9,10.1038/s41598-019-51472-7,12,explore_aware_on_matdisjoint_rows,64,64,141.94806675183668,,1.0,raw_seed0
DES_MP,0,9,10.3390/molecules26144208,8,anchor,50,50,111.55503948147393,0.0,1.0,raw_seed0
DES_MP,0,9,10.3390/molecules26144208,8,aware_on_anchor_rows,50,50,141.94806675183668,,1.0,raw_seed0
DES_MP,0,9,10.3390/molecules26144208,8,explore_anchor_matdisjoint,50,50,112.44604132001014,,1.0,raw_seed0
DES_MP,0,9,10.3390/molecules26144208,8,explore_aware8_on_anchor_rows,50,50,141.04817999828686,,1.0,raw_seed0
DES_MP,0,9,10.3390/molecules26144208,8,explore_aware_on_matdisjoint_rows,50,50,141.94806675183668,,1.0,raw_seed0
DES_RHO,0,0,10.1002/aic.18095,2667,anchor,20001,26640,0.1530836649212855,277.0,0.7507882882882883,raw_seed0
DES_RHO,0,0,10.1002/aic.18095,2667,aware_on_anchor_rows,23594,26640,0.191581440754148,,0.8856606606606606,raw_seed0
DES_RHO,0,0,10.1002/aic.18095,2667,explore_anchor_matdisjoint,20165,26363,0.1589607030155348,,0.7648977733945302,raw_seed0
DES_RHO,0,0,10.1002/aic.18095,2667,explore_aware8_on_anchor_rows,23574,26640,0.1911958150623873,,0.8849099099099099,raw_seed0
DES_RHO,0,0,10.1002/aic.18095,2667,explore_aware_on_matdisjoint_rows,23343,26363,0.191581440754148,,0.8854455107537078,raw_seed0
DES_RHO,0,1,10.1016/j.molliq.2017.02.071,27,anchor,240,240,0.1829409086656499,4.0,1.0,raw_seed0
DES_RHO,0,1,10.1016/j.molliq.2017.02.071,27,aware_on_anchor_rows,240,240,0.1828195676680091,,1.0,raw_seed0
DES_RHO,0,1,10.1016/j.molliq.2017.02.071,27,explore_anchor_matdisjoint,236,236,0.1899132325765518,,1.0,raw_seed0
DES_RHO,0,1,10.1016/j.molliq.2017.02.071,27,explore_aware8_on_anchor_rows,240,240,0.1826747947433844,,1.0,raw_seed0
DES_RHO,0,1,10.1016/j.molliq.2017.02.071,27,explore_aware_on_matdisjoint_rows,236,236,0.1828195676680091,,1.0,raw_seed0
DES_RHO,0,1,10.1016/j.molliq.2022.120420,351,anchor,3480,3480,0.1829409086656499,201.0,1.0,raw_seed0
DES_RHO,0,1,10.1016/j.molliq.2022.120420,351,aware_on_anchor_rows,3480,3480,0.1828195676680091,,1.0,raw_seed0
DES_RHO,0,1,10.1016/j.molliq.2022.120420,351,explore_anchor_matdisjoint,3279,3279,0.1899132325765518,,1.0,raw_seed0
DES_RHO,0,1,10.1016/j.molliq.2022.120420,351,explore_aware8_on_anchor_rows,3480,3480,0.1826747947433844,,1.0,raw_seed0
DES_RHO,0,1,10.1016/j.molliq.2022.120420,351,explore_aware_on_matdisjoint_rows,3279,3279,0.1828195676680091,,1.0,raw_seed0
DES_RHO,0,1,10.1016/j.seppur.2020.116692,22,anchor,190,190,0.1829409086656499,168.0,1.0,raw_seed0
DES_RHO,0,1,10.1016/j.seppur.2020.116692,22,aware_on_anchor_rows,190,190,0.1828195676680091,,1.0,raw_seed0
DES_RHO,0,1,10.1016/j.seppur.2020.116692,22,explore_anchor_matdisjoint,22,22,0.1899132325765518,,1.0,raw_seed0
DES_RHO,0,1,10.1016/j.seppur.2020.116692,22,explore_aware8_on_anchor_rows,190,190,0.1826747947433844,,1.0,raw_seed0
DES_RHO,0,1,10.1016/j.seppur.2020.116692,22,explore_aware_on_matdisjoint_rows,22,22,0.1828195676680091,,1.0,raw_seed0
DES_RHO,0,1,10.1021/acs.jced.0c00579,16,anchor,130,130,0.1829409086656499,91.0,1.0,raw_seed0
DES_RHO,0,1,10.1021/acs.jced.0c00579,16,aware_on_anchor_rows,130,130,0.1828195676680091,,1.0,raw_seed0
DES_RHO,0,1,10.1021/acs.jced.0c00579,16,explore_anchor_matdisjoint,39,39,0.1899132325765518,,1.0,raw_seed0
DES_RHO,0,1,10.1021/acs.jced.0c00579,16,explore_aware8_on_anchor_rows,130,130,0.1826747947433844,,1.0,raw_seed0
DES_RHO,0,1,10.1021/acs.jced.0c00579,16,explore_aware_on_matdisjoint_rows,39,39,0.1828195676680091,,1.0,raw_seed0
DES_RHO,0,1,10.1021/je5001796,9,anchor,60,60,0.1829409086656499,8.0,1.0,raw_seed0
DES_RHO,0,1,10.1021/je5001796,9,aware_on_anchor_rows,60,60,0.1828195676680091,,1.0,raw_seed0
DES_RHO,0,1,10.1021/je5001796,9,explore_anchor_matdisjoint,52,52,0.1899132325765518,,1.0,raw_seed0
DES_RHO,0,1,10.1021/je5001796,9,explore_aware8_on_anchor_rows,60,60,0.1826747947433844,,1.0,raw_seed0
DES_RHO,0,1,10.1021/je5001796,9,explore_aware_on_matdisjoint_rows,52,52,0.1828195676680091,,1.0,raw_seed0
DES_RHO,0,1,10.1021/jp5089004,18,anchor,150,150,0.1829409086656499,77.0,1.0,raw_seed0
DES_RHO,0,1,10.1021/jp5089004,18,aware_on_anchor_rows,150,150,0.1828195676680091,,1.0,raw_seed0
DES_RHO,0,1,10.1021/jp5089004,18,explore_anchor_matdisjoint,73,73,0.1899132325765518,,1.0,raw_seed0
DES_RHO,0,1,10.1021/jp5089004,18,explore_aware8_on_anchor_rows,150,150,0.1826747947433844,,1.0,raw_seed0
DES_RHO,0,1,10.1021/jp5089004,18,explore_aware_on_matdisjoint_rows,73,73,0.1828195676680091,,1.0,raw_seed0
DES_RHO,0,1,10.1039/c3ra40303c,13,anchor,100,100,0.1829409086656499,15.0,1.0,raw_seed0
DES_RHO,0,1,10.1039/c3ra40303c,13,aware_on_anchor_rows,100,100,0.1828195676680091,,1.0,raw_seed0
DES_RHO,0,1,10.1039/c3ra40303c,13,explore_anchor_matdisjoint,85,85,0.1899132325765518,,1.0,raw_seed0
DES_RHO,0,1,10.1039/c3ra40303c,13,explore_aware8_on_anchor_rows,100,100,0.1826747947433844,,1.0,raw_seed0
DES_RHO,0,1,10.1039/c3ra40303c,13,explore_aware_on_matdisjoint_rows,85,85,0.1828195676680091,,1.0,raw_seed0
DES_RHO,0,2,10.1016/j.cclet.2013.09.004,9,anchor,10,60,0.1761374175741543,0.0,0.16666666666666666,raw_seed0
DES_RHO,0,2,10.1016/j.cclet.2013.09.004,9,aware_on_anchor_rows,24,60,0.1829620178500195,,0.4,raw_seed0
DES_RHO,0,2,10.1016/j.cclet.2013.09.004,9,explore_anchor_matdisjoint,10,60,0.1863547379569775,,0.16666666666666666,raw_seed0
DES_RHO,0,2,10.1016/j.cclet.2013.09.004,9,explore_aware8_on_anchor_rows,24,60,0.1829620178500195,,0.4,raw_seed0
DES_RHO,0,2,10.1016/j.cclet.2013.09.004,9,explore_aware_on_matdisjoint_rows,24,60,0.1829620178500195,,0.4,raw_seed0
DES_RHO,0,2,10.1016/j.fluid.2020.112752,36,anchor,330,330,0.1761374175741543,96.0,1.0,raw_seed0
DES_RHO,0,2,10.1016/j.fluid.2020.112752,36,aware_on_anchor_rows,330,330,0.1829620178500195,,1.0,raw_seed0
DES_RHO,0,2,10.1016/j.fluid.2020.112752,36,explore_anchor_matdisjoint,234,234,0.1863547379569775,,1.0,raw_seed0
DES_RHO,0,2,10.1016/j.fluid.2020.112752,36,explore_aware8_on_anchor_rows,330,330,0.1829620178500195,,1.0,raw_seed0
DES_RHO,0,2,10.1016/j.fluid.2020.112752,36,explore_aware_on_matdisjoint_rows,234,234,0.1829620178500195,,1.0,raw_seed0
DES_RHO,0,2,10.1016/j.ijggc.2016.02.006,8,anchor,50,50,0.1761374175741543,0.0,1.0,raw_seed0
DES_RHO,0,2,10.1016/j.ijggc.2016.02.006,8,aware_on_anchor_rows,50,50,0.1829620178500195,,1.0,raw_seed0
DES_RHO,0,2,10.1016/j.ijggc.2016.02.006,8,explore_anchor_matdisjoint,50,50,0.1863547379569775,,1.0,raw_seed0
DES_RHO,0,2,10.1016/j.ijggc.2016.02.006,8,explore_aware8_on_anchor_rows,50,50,0.1829620178500195,,1.0,raw_seed0
DES_RHO,0,2,10.1016/j.ijggc.2016.02.006,8,explore_aware_on_matdisjoint_rows,50,50,0.1829620178500195,,1.0,raw_seed0
DES_RHO,0,2,10.1016/j.jct.2013.05.041,20,anchor,170,170,0.1761374175741543,50.0,1.0,raw_seed0
DES_RHO,0,2,10.1016/j.jct.2013.05.041,20,aware_on_anchor_rows,170,170,0.1829620178500195,,1.0,raw_seed0
DES_RHO,0,2,10.1016/j.jct.2013.05.041,20,explore_anchor_matdisjoint,120,120,0.1863547379569775,,1.0,raw_seed0
DES_RHO,0,2,10.1016/j.jct.2013.05.041,20,explore_aware8_on_anchor_rows,170,170,0.1829620178500195,,1.0,raw_seed0
DES_RHO,0,2,10.1016/j.jct.2013.05.041,20,explore_aware_on_matdisjoint_rows,120,120,0.1829620178500195,,1.0,raw_seed0
DES_RHO,0,2,10.1016/j.jct.2015.04.021,24,anchor,210,210,0.1761374175741543,27.0,1.0,raw_seed0
DES_RHO,0,2,10.1016/j.jct.2015.04.021,24,aware_on_anchor_rows,210,210,0.1829620178500195,,1.0,raw_seed0
DES_RHO,0,2,10.1016/j.jct.2015.04.021,24,explore_anchor_matdisjoint,183,183,0.1863547379569775,,1.0,raw_seed0
DES_RHO,0,2,10.1016/j.jct.2015.04.021,24,explore_aware8_on_anchor_rows,210,210,0.1829620178500195,,1.0,raw_seed0
DES_RHO,0,2,10.1016/j.jct.2015.04.021,24,explore_aware_on_matdisjoint_rows,183,183,0.1829620178500195,,1.0,raw_seed0
DES_RHO,0,2,10.1016/j.jtice.2012.01.007,15,anchor,120,120,0.1761374175741543,5.0,1.0,raw_seed0
DES_RHO,0,2,10.1016/j.jtice.2012.01.007,15,aware_on_anchor_rows,120,120,0.1829620178500195,,1.0,raw_seed0
DES_RHO,0,2,10.1016/j.jtice.2012.01.007,15,explore_anchor_matdisjoint,115,115,0.1863547379569775,,1.0,raw_seed0
DES_RHO,0,2,10.1016/j.jtice.2012.01.007,15,explore_aware8_on_anchor_rows,120,120,0.1829620178500195,,1.0,raw_seed0
DES_RHO,0,2,10.1016/j.jtice.2012.01.007,15,explore_aware_on_matdisjoint_rows,115,115,0.1829620178500195,,1.0,raw_seed0
DES_RHO,0,2,10.1016/j.seppur.2019.115703,43,anchor,400,400,0.1761374175741543,128.0,1.0,raw_seed0
DES_RHO,0,2,10.1016/j.seppur.2019.115703,43,aware_on_anchor_rows,400,400,0.1829620178500195,,1.0,raw_seed0
DES_RHO,0,2,10.1016/j.seppur.2019.115703,43,explore_anchor_matdisjoint,272,272,0.1863547379569775,,1.0,raw_seed0
DES_RHO,0,2,10.1016/j.seppur.2019.115703,43,explore_aware8_on_anchor_rows,400,400,0.1829620178500195,,1.0,raw_seed0
DES_RHO,0,2,10.1016/j.seppur.2019.115703,43,explore_aware_on_matdisjoint_rows,272,272,0.1829620178500195,,1.0,raw_seed0
DES_RHO,0,2,10.1016/j.tca.2011.10.010,268,anchor,2650,2650,0.1761374175741543,208.0,1.0,raw_seed0
DES_RHO,0,2,10.1016/j.tca.2011.10.010,268,aware_on_anchor_rows,2650,2650,0.1829620178500195,,1.0,raw_seed0
DES_RHO,0,2,10.1016/j.tca.2011.10.010,268,explore_anchor_matdisjoint,2442,2442,0.1863547379569775,,1.0,raw_seed0
DES_RHO,0,2,10.1016/j.tca.2011.10.010,268,explore_aware8_on_anchor_rows,2650,2650,0.1829620178500195,,1.0,raw_seed0
DES_RHO,0,2,10.1016/j.tca.2011.10.010,268,explore_aware_on_matdisjoint_rows,2442,2442,0.1829620178500195,,1.0,raw_seed0
DES_RHO,0,2,10.1016/j.tca.2012.04.030,28,anchor,222,250,0.1761374175741543,13.0,0.888,raw_seed0
DES_RHO,0,2,10.1016/j.tca.2012.04.030,28,aware_on_anchor_rows,223,250,0.1829620178500195,,0.892,raw_seed0
DES_RHO,0,2,10.1016/j.tca.2012.04.030,28,explore_anchor_matdisjoint,212,237,0.1863547379569775,,0.8945147679324894,raw_seed0
DES_RHO,0,2,10.1016/j.tca.2012.04.030,28,explore_aware8_on_anchor_rows,223,250,0.1829620178500195,,0.892,raw_seed0
DES_RHO,0,2,10.1016/j.tca.2012.04.030,28,explore_aware_on_matdisjoint_rows,210,237,0.1829620178500195,,0.8860759493670886,raw_seed0
DES_RHO,0,2,10.1016/j.tca.2016.11.008,12,anchor,90,90,0.1761374175741543,11.0,1.0,raw_seed0
DES_RHO,0,2,10.1016/j.tca.2016.11.008,12,aware_on_anchor_rows,90,90,0.1829620178500195,,1.0,raw_seed0
DES_RHO,0,2,10.1016/j.tca.2016.11.008,12,explore_anchor_matdisjoint,79,79,0.1863547379569775,,1.0,raw_seed0
DES_RHO,0,2,10.1016/j.tca.2016.11.008,12,explore_aware8_on_anchor_rows,90,90,0.1829620178500195,,1.0,raw_seed0
DES_RHO,0,2,10.1016/j.tca.2016.11.008,12,explore_aware_on_matdisjoint_rows,79,79,0.1829620178500195,,1.0,raw_seed0
DES_RHO,0,3,10.1016/j.foodchem.2019.125752,8,anchor,39,50,0.1805664056262285,0.0,0.78,raw_seed0
DES_RHO,0,3,10.1016/j.foodchem.2019.125752,8,aware_on_anchor_rows,40,50,0.1813987018954339,,0.8,raw_seed0
DES_RHO,0,3,10.1016/j.foodchem.2019.125752,8,explore_anchor_matdisjoint,40,50,0.1879422254411801,,0.8,raw_seed0
DES_RHO,0,3,10.1016/j.foodchem.2019.125752,8,explore_aware8_on_anchor_rows,40,50,0.1814937250275294,,0.8,raw_seed0
DES_RHO,0,3,10.1016/j.foodchem.2019.125752,8,explore_aware_on_matdisjoint_rows,40,50,0.1813987018954339,,0.8,raw_seed0
DES_RHO,0,3,10.1016/j.molliq.2017.05.084,45,anchor,420,420,0.1805664056262285,154.0,1.0,raw_seed0
DES_RHO,0,3,10.1016/j.molliq.2017.05.084,45,aware_on_anchor_rows,420,420,0.1813987018954339,,1.0,raw_seed0
DES_RHO,0,3,10.1016/j.molliq.2017.05.084,45,explore_anchor_matdisjoint,266,266,0.1879422254411801,,1.0,raw_seed0
DES_RHO,0,3,10.1016/j.molliq.2017.05.084,45,explore_aware8_on_anchor_rows,420,420,0.1814937250275294,,1.0,raw_seed0
DES_RHO,0,3,10.1016/j.molliq.2017.05.084,45,explore_aware_on_matdisjoint_rows,266,266,0.1813987018954339,,1.0,raw_seed0
DES_RHO,0,3,10.1016/j.molliq.2021.117987,25,anchor,220,220,0.1805664056262285,5.0,1.0,raw_seed0
DES_RHO,0,3,10.1016/j.molliq.2021.117987,25,aware_on_anchor_rows,220,220,0.1813987018954339,,1.0,raw_seed0
DES_RHO,0,3,10.1016/j.molliq.2021.117987,25,explore_anchor_matdisjoint,215,215,0.1879422254411801,,1.0,raw_seed0
DES_RHO,0,3,10.1016/j.molliq.2021.117987,25,explore_aware8_on_anchor_rows,220,220,0.1814937250275294,,1.0,raw_seed0
DES_RHO,0,3,10.1016/j.molliq.2021.117987,25,explore_aware_on_matdisjoint_rows,215,215,0.1813987018954339,,1.0,raw_seed0
DES_RHO,0,3,10.1016/j.molliq.2022.119392,11,anchor,80,80,0.1805664056262285,7.0,1.0,raw_seed0
DES_RHO,0,3,10.1016/j.molliq.2022.119392,11,aware_on_anchor_rows,80,80,0.1813987018954339,,1.0,raw_seed0
DES_RHO,0,3,10.1016/j.molliq.2022.119392,11,explore_anchor_matdisjoint,73,73,0.1879422254411801,,1.0,raw_seed0
DES_RHO,0,3,10.1016/j.molliq.2022.119392,11,explore_aware8_on_anchor_rows,80,80,0.1814937250275294,,1.0,raw_seed0
DES_RHO,0,3,10.1016/j.molliq.2022.119392,11,explore_aware_on_matdisjoint_rows,73,73,0.1813987018954339,,1.0,raw_seed0
DES_RHO,0,3,10.1021/acssuschemeng.5b00619,14,anchor,110,110,0.1805664056262285,7.0,1.0,raw_seed0
DES_RHO,0,3,10.1021/acssuschemeng.5b00619,14,aware_on_anchor_rows,110,110,0.1813987018954339,,1.0,raw_seed0
DES_RHO,0,3,10.1021/acssuschemeng.5b00619,14,explore_anchor_matdisjoint,103,103,0.1879422254411801,,1.0,raw_seed0
DES_RHO,0,3,10.1021/acssuschemeng.5b00619,14,explore_aware8_on_anchor_rows,110,110,0.1814937250275294,,1.0,raw_seed0
DES_RHO,0,3,10.1021/acssuschemeng.5b00619,14,explore_aware_on_matdisjoint_rows,103,103,0.1813987018954339,,1.0,raw_seed0
DES_RHO,0,3,10.1021/acssuschemeng.8b01203,187,anchor,1840,1840,0.1805664056262285,402.0,1.0,raw_seed0
DES_RHO,0,3,10.1021/acssuschemeng.8b01203,187,aware_on_anchor_rows,1840,1840,0.1813987018954339,,1.0,raw_seed0
DES_RHO,0,3,10.1021/acssuschemeng.8b01203,187,explore_anchor_matdisjoint,1438,1438,0.1879422254411801,,1.0,raw_seed0
DES_RHO,0,3,10.1021/acssuschemeng.8b01203,187,explore_aware8_on_anchor_rows,1840,1840,0.1814937250275294,,1.0,raw_seed0
DES_RHO,0,3,10.1021/acssuschemeng.8b01203,187,explore_aware_on_matdisjoint_rows,1438,1438,0.1813987018954339,,1.0,raw_seed0
DES_RHO,0,3,10.1021/acssuschemeng.8b03520,17,anchor,138,140,0.1805664056262285,9.0,0.9857142857142858,raw_seed0
DES_RHO,0,3,10.1021/acssuschemeng.8b03520,17,aware_on_anchor_rows,140,140,0.1813987018954339,,1.0,raw_seed0
DES_RHO,0,3,10.1021/acssuschemeng.8b03520,17,explore_anchor_matdisjoint,130,131,0.1879422254411801,,0.9923664122137404,raw_seed0
DES_RHO,0,3,10.1021/acssuschemeng.8b03520,17,explore_aware8_on_anchor_rows,140,140,0.1814937250275294,,1.0,raw_seed0
DES_RHO,0,3,10.1021/acssuschemeng.8b03520,17,explore_aware_on_matdisjoint_rows,131,131,0.1813987018954339,,1.0,raw_seed0
DES_RHO,0,3,10.1021/je300997v,37,anchor,340,340,0.1805664056262285,21.0,1.0,raw_seed0
DES_RHO,0,3,10.1021/je300997v,37,aware_on_anchor_rows,340,340,0.1813987018954339,,1.0,raw_seed0
DES_RHO,0,3,10.1021/je300997v,37,explore_anchor_matdisjoint,319,319,0.1879422254411801,,1.0,raw_seed0
DES_RHO,0,3,10.1021/je300997v,37,explore_aware8_on_anchor_rows,340,340,0.1814937250275294,,1.0,raw_seed0
DES_RHO,0,3,10.1021/je300997v,37,explore_aware_on_matdisjoint_rows,319,319,0.1813987018954339,,1.0,raw_seed0
DES_RHO,0,3,10.1021/sc500439w,62,anchor,575,590,0.1805664056262285,35.0,0.9745762711864406,raw_seed0
DES_RHO,0,3,10.1021/sc500439w,62,aware_on_anchor_rows,570,590,0.1813987018954339,,0.9661016949152542,raw_seed0
DES_RHO,0,3,10.1021/sc500439w,62,explore_anchor_matdisjoint,542,555,0.1879422254411801,,0.9765765765765766,raw_seed0
DES_RHO,0,3,10.1021/sc500439w,62,explore_aware8_on_anchor_rows,570,590,0.1814937250275294,,0.9661016949152542,raw_seed0
DES_RHO,0,3,10.1021/sc500439w,62,explore_aware_on_matdisjoint_rows,535,555,0.1813987018954339,,0.963963963963964,raw_seed0
DES_RHO,0,3,10.1039/c6cc06105b,21,anchor,180,180,0.1805664056262285,67.0,1.0,raw_seed0
DES_RHO,0,3,10.1039/c6cc06105b,21,aware_on_anchor_rows,180,180,0.1813987018954339,,1.0,raw_seed0
DES_RHO,0,3,10.1039/c6cc06105b,21,explore_anchor_matdisjoint,113,113,0.1879422254411801,,1.0,raw_seed0
DES_RHO,0,3,10.1039/c6cc06105b,21,explore_aware8_on_anchor_rows,180,180,0.1814937250275294,,1.0,raw_seed0
DES_RHO,0,3,10.1039/c6cc06105b,21,explore_aware_on_matdisjoint_rows,113,113,0.1813987018954339,,1.0,raw_seed0
DES_RHO,0,3,api.semanticscholar.org/corpusid:92513446,31,anchor,272,280,0.1805664056262285,2.0,0.9714285714285714,raw_seed0
DES_RHO,0,3,api.semanticscholar.org/corpusid:92513446,31,aware_on_anchor_rows,272,280,0.1813987018954339,,0.9714285714285714,raw_seed0
DES_RHO,0,3,api.semanticscholar.org/corpusid:92513446,31,explore_anchor_matdisjoint,270,278,0.1879422254411801,,0.9712230215827338,raw_seed0
DES_RHO,0,3,api.semanticscholar.org/corpusid:92513446,31,explore_aware8_on_anchor_rows,272,280,0.1814937250275294,,0.9714285714285714,raw_seed0
DES_RHO,0,3,api.semanticscholar.org/corpusid:92513446,31,explore_aware_on_matdisjoint_rows,270,278,0.1813987018954339,,0.9712230215827338,raw_seed0
DES_RHO,0,4,10.1016/j.chemosphere.2019.125082,20,anchor,170,170,0.1845604572089835,32.0,1.0,raw_seed0
DES_RHO,0,4,10.1016/j.chemosphere.2019.125082,20,aware_on_anchor_rows,170,170,0.1906357903560693,,1.0,raw_seed0
DES_RHO,0,4,10.1016/j.chemosphere.2019.125082,20,explore_anchor_matdisjoint,138,138,0.1935234893614802,,1.0,raw_seed0
DES_RHO,0,4,10.1016/j.chemosphere.2019.125082,20,explore_aware8_on_anchor_rows,170,170,0.190855476719197,,1.0,raw_seed0
DES_RHO,0,4,10.1016/j.chemosphere.2019.125082,20,explore_aware_on_matdisjoint_rows,138,138,0.1906357903560693,,1.0,raw_seed0
DES_RHO,0,4,10.1016/j.chroma.2018.07.070,13,anchor,100,100,0.1845604572089835,0.0,1.0,raw_seed0
DES_RHO,0,4,10.1016/j.chroma.2018.07.070,13,aware_on_anchor_rows,100,100,0.1906357903560693,,1.0,raw_seed0
DES_RHO,0,4,10.1016/j.chroma.2018.07.070,13,explore_anchor_matdisjoint,100,100,0.1935234893614802,,1.0,raw_seed0
DES_RHO,0,4,10.1016/j.chroma.2018.07.070,13,explore_aware8_on_anchor_rows,100,100,0.190855476719197,,1.0,raw_seed0
DES_RHO,0,4,10.1016/j.chroma.2018.07.070,13,explore_aware_on_matdisjoint_rows,100,100,0.1906357903560693,,1.0,raw_seed0
DES_RHO,0,4,10.1016/j.jct.2017.05.020,66,anchor,630,630,0.1845604572089835,241.0,1.0,raw_seed0
DES_RHO,0,4,10.1016/j.jct.2017.05.020,66,aware_on_anchor_rows,630,630,0.1906357903560693,,1.0,raw_seed0
DES_RHO,0,4,10.1016/j.jct.2017.05.020,66,explore_anchor_matdisjoint,389,389,0.1935234893614802,,1.0,raw_seed0
DES_RHO,0,4,10.1016/j.jct.2017.05.020,66,explore_aware8_on_anchor_rows,630,630,0.190855476719197,,1.0,raw_seed0
DES_RHO,0,4,10.1016/j.jct.2017.05.020,66,explore_aware_on_matdisjoint_rows,389,389,0.1906357903560693,,1.0,raw_seed0
DES_RHO,0,4,10.1016/j.jct.2018.12.017,54,anchor,510,510,0.1845604572089835,106.0,1.0,raw_seed0
DES_RHO,0,4,10.1016/j.jct.2018.12.017,54,aware_on_anchor_rows,510,510,0.1906357903560693,,1.0,raw_seed0
DES_RHO,0,4,10.1016/j.jct.2018.12.017,54,explore_anchor_matdisjoint,404,404,0.1935234893614802,,1.0,raw_seed0
DES_RHO,0,4,10.1016/j.jct.2018.12.017,54,explore_aware8_on_anchor_rows,510,510,0.190855476719197,,1.0,raw_seed0
DES_RHO,0,4,10.1016/j.jct.2018.12.017,54,explore_aware_on_matdisjoint_rows,404,404,0.1906357903560693,,1.0,raw_seed0
DES_RHO,0,4,10.1016/j.molliq.2019.111916,35,anchor,320,320,0.1845604572089835,9.0,1.0,raw_seed0
DES_RHO,0,4,10.1016/j.molliq.2019.111916,35,aware_on_anchor_rows,320,320,0.1906357903560693,,1.0,raw_seed0
DES_RHO,0,4,10.1016/j.molliq.2019.111916,35,explore_anchor_matdisjoint,311,311,0.1935234893614802,,1.0,raw_seed0
DES_RHO,0,4,10.1016/j.molliq.2019.111916,35,explore_aware8_on_anchor_rows,320,320,0.190855476719197,,1.0,raw_seed0
DES_RHO,0,4,10.1016/j.molliq.2019.111916,35,explore_aware_on_matdisjoint_rows,311,311,0.1906357903560693,,1.0,raw_seed0
DES_RHO,0,4,10.1016/j.molliq.2022.119560,27,anchor,240,240,0.1845604572089835,147.0,1.0,raw_seed0
DES_RHO,0,4,10.1016/j.molliq.2022.119560,27,aware_on_anchor_rows,240,240,0.1906357903560693,,1.0,raw_seed0
DES_RHO,0,4,10.1016/j.molliq.2022.119560,27,explore_anchor_matdisjoint,93,93,0.1935234893614802,,1.0,raw_seed0
DES_RHO,0,4,10.1016/j.molliq.2022.119560,27,explore_aware8_on_anchor_rows,240,240,0.190855476719197,,1.0,raw_seed0
DES_RHO,0,4,10.1016/j.molliq.2022.119560,27,explore_aware_on_matdisjoint_rows,93,93,0.1906357903560693,,1.0,raw_seed0
DES_RHO,0,4,10.1021/acs.jced.0c00715,153,anchor,1500,1500,0.1845604572089835,101.0,1.0,raw_seed0
DES_RHO,0,4,10.1021/acs.jced.0c00715,153,aware_on_anchor_rows,1500,1500,0.1906357903560693,,1.0,raw_seed0
DES_RHO,0,4,10.1021/acs.jced.0c00715,153,explore_anchor_matdisjoint,1399,1399,0.1935234893614802,,1.0,raw_seed0
DES_RHO,0,4,10.1021/acs.jced.0c00715,153,explore_aware8_on_anchor_rows,1500,1500,0.190855476719197,,1.0,raw_seed0
DES_RHO,0,4,10.1021/acs.jced.0c00715,153,explore_aware_on_matdisjoint_rows,1399,1399,0.1906357903560693,,1.0,raw_seed0
DES_RHO,0,4,10.1021/acssuschemeng.7b04235,39,anchor,360,360,0.1845604572089835,221.0,1.0,raw_seed0
DES_RHO,0,4,10.1021/acssuschemeng.7b04235,39,aware_on_anchor_rows,360,360,0.1906357903560693,,1.0,raw_seed0
DES_RHO,0,4,10.1021/acssuschemeng.7b04235,39,explore_anchor_matdisjoint,139,139,0.1935234893614802,,1.0,raw_seed0
DES_RHO,0,4,10.1021/acssuschemeng.7b04235,39,explore_aware8_on_anchor_rows,360,360,0.190855476719197,,1.0,raw_seed0
DES_RHO,0,4,10.1021/acssuschemeng.7b04235,39,explore_aware_on_matdisjoint_rows,139,139,0.1906357903560693,,1.0,raw_seed0
DES_RHO,0,4,10.1021/acssuschemeng.9b05434,9,anchor,60,60,0.1845604572089835,12.0,1.0,raw_seed0
DES_RHO,0,4,10.1021/acssuschemeng.9b05434,9,aware_on_anchor_rows,60,60,0.1906357903560693,,1.0,raw_seed0
DES_RHO,0,4,10.1021/acssuschemeng.9b05434,9,explore_anchor_matdisjoint,48,48,0.1935234893614802,,1.0,raw_seed0
DES_RHO,0,4,10.1021/acssuschemeng.9b05434,9,explore_aware8_on_anchor_rows,60,60,0.190855476719197,,1.0,raw_seed0
DES_RHO,0,4,10.1021/acssuschemeng.9b05434,9,explore_aware_on_matdisjoint_rows,48,48,0.1906357903560693,,1.0,raw_seed0
DES_RHO,0,4,10.1021/je400884v,24,anchor,210,210,0.1845604572089835,7.0,1.0,raw_seed0
DES_RHO,0,4,10.1021/je400884v,24,aware_on_anchor_rows,210,210,0.1906357903560693,,1.0,raw_seed0
DES_RHO,0,4,10.1021/je400884v,24,explore_anchor_matdisjoint,203,203,0.1935234893614802,,1.0,raw_seed0
DES_RHO,0,4,10.1021/je400884v,24,explore_aware8_on_anchor_rows,210,210,0.190855476719197,,1.0,raw_seed0
DES_RHO,0,4,10.1021/je400884v,24,explore_aware_on_matdisjoint_rows,203,203,0.1906357903560693,,1.0,raw_seed0
DES_RHO,0,4,10.1039/c5cp03364k,15,anchor,120,120,0.1845604572089835,16.0,1.0,raw_seed0
DES_RHO,0,4,10.1039/c5cp03364k,15,aware_on_anchor_rows,120,120,0.1906357903560693,,1.0,raw_seed0
DES_RHO,0,4,10.1039/c5cp03364k,15,explore_anchor_matdisjoint,104,104,0.1935234893614802,,1.0,raw_seed0
DES_RHO,0,4,10.1039/c5cp03364k,15,explore_aware8_on_anchor_rows,120,120,0.190855476719197,,1.0,raw_seed0
DES_RHO,0,4,10.1039/c5cp03364k,15,explore_aware_on_matdisjoint_rows,104,104,0.1906357903560693,,1.0,raw_seed0
DES_RHO,0,4,10.1039/c5gc03080c,8,anchor,50,50,0.1845604572089835,46.0,1.0,raw_seed0
DES_RHO,0,4,10.1039/c5gc03080c,8,aware_on_anchor_rows,50,50,0.1906357903560693,,1.0,raw_seed0
DES_RHO,0,4,10.1039/c5gc03080c,8,explore_anchor_matdisjoint,4,4,0.1935234893614802,,1.0,raw_seed0
DES_RHO,0,4,10.1039/c5gc03080c,8,explore_aware8_on_anchor_rows,50,50,0.190855476719197,,1.0,raw_seed0
DES_RHO,0,4,10.1039/c5gc03080c,8,explore_aware_on_matdisjoint_rows,4,4,0.1906357903560693,,1.0,raw_seed0
DES_RHO,0,5,10.1016/j.cjche.2020.07.004,20,anchor,170,170,0.1826370783972013,56.0,1.0,raw_seed0
DES_RHO,0,5,10.1016/j.cjche.2020.07.004,20,aware_on_anchor_rows,170,170,0.1835119583608824,,1.0,raw_seed0
DES_RHO,0,5,10.1016/j.cjche.2020.07.004,20,explore_anchor_matdisjoint,114,114,0.1906772463596403,,1.0,raw_seed0
DES_RHO,0,5,10.1016/j.cjche.2020.07.004,20,explore_aware8_on_anchor_rows,170,170,0.183709502662773,,1.0,raw_seed0
DES_RHO,0,5,10.1016/j.cjche.2020.07.004,20,explore_aware_on_matdisjoint_rows,114,114,0.1835119583608824,,1.0,raw_seed0
DES_RHO,0,5,10.1016/j.fluid.2012.12.001,137,anchor,1322,1340,0.1826370783972013,144.0,0.9865671641791045,raw_seed0
DES_RHO,0,5,10.1016/j.fluid.2012.12.001,137,aware_on_anchor_rows,1320,1340,0.1835119583608824,,0.9850746268656716,raw_seed0
DES_RHO,0,5,10.1016/j.fluid.2012.12.001,137,explore_anchor_matdisjoint,1180,1196,0.1906772463596403,,0.9866220735785953,raw_seed0
DES_RHO,0,5,10.1016/j.fluid.2012.12.001,137,explore_aware8_on_anchor_rows,1320,1340,0.183709502662773,,0.9850746268656716,raw_seed0
DES_RHO,0,5,10.1016/j.fluid.2012.12.001,137,explore_aware_on_matdisjoint_rows,1176,1196,0.1835119583608824,,0.9832775919732442,raw_seed0
DES_RHO,0,5,10.1016/j.jct.2017.11.008,66,anchor,630,630,0.1826370783972013,256.0,1.0,raw_seed0
DES_RHO,0,5,10.1016/j.jct.2017.11.008,66,aware_on_anchor_rows,522,630,0.1835119583608824,,0.8285714285714286,raw_seed0
DES_RHO,0,5,10.1016/j.jct.2017.11.008,66,explore_anchor_matdisjoint,374,374,0.1906772463596403,,1.0,raw_seed0
DES_RHO,0,5,10.1016/j.jct.2017.11.008,66,explore_aware8_on_anchor_rows,522,630,0.183709502662773,,0.8285714285714286,raw_seed0
DES_RHO,0,5,10.1016/j.jct.2017.11.008,66,explore_aware_on_matdisjoint_rows,286,374,0.1835119583608824,,0.7647058823529411,raw_seed0
DES_RHO,0,5,10.1016/j.jct.2021.106578,43,anchor,400,400,0.1826370783972013,85.0,1.0,raw_seed0
DES_RHO,0,5,10.1016/j.jct.2021.106578,43,aware_on_anchor_rows,400,400,0.1835119583608824,,1.0,raw_seed0
DES_RHO,0,5,10.1016/j.jct.2021.106578,43,explore_anchor_matdisjoint,315,315,0.1906772463596403,,1.0,raw_seed0
DES_RHO,0,5,10.1016/j.jct.2021.106578,43,explore_aware8_on_anchor_rows,400,400,0.183709502662773,,1.0,raw_seed0
DES_RHO,0,5,10.1016/j.jct.2021.106578,43,explore_aware_on_matdisjoint_rows,315,315,0.1835119583608824,,1.0,raw_seed0
DES_RHO,0,5,10.1016/j.jmgm.2022.108319,25,anchor,200,220,0.1826370783972013,65.0,0.9090909090909091,raw_seed0
DES_RHO,0,5,10.1016/j.jmgm.2022.108319,25,aware_on_anchor_rows,203,220,0.1835119583608824,,0.9227272727272727,raw_seed0
DES_RHO,0,5,10.1016/j.jmgm.2022.108319,25,explore_anchor_matdisjoint,135,155,0.1906772463596403,,0.8709677419354839,raw_seed0
DES_RHO,0,5,10.1016/j.jmgm.2022.108319,25,explore_aware8_on_anchor_rows,203,220,0.183709502662773,,0.9227272727272727,raw_seed0
DES_RHO,0,5,10.1016/j.jmgm.2022.108319,25,explore_aware_on_matdisjoint_rows,138,155,0.1835119583608824,,0.8903225806451613,raw_seed0
DES_RHO,0,5,10.1016/j.molliq.2016.01.038,10,anchor,70,70,0.1826370783972013,0.0,1.0,raw_seed0
DES_RHO,0,5,10.1016/j.molliq.2016.01.038,10,aware_on_anchor_rows,70,70,0.1835119583608824,,1.0,raw_seed0
DES_RHO,0,5,10.1016/j.molliq.2016.01.038,10,explore_anchor_matdisjoint,70,70,0.1906772463596403,,1.0,raw_seed0
DES_RHO,0,5,10.1016/j.molliq.2016.01.038,10,explore_aware8_on_anchor_rows,70,70,0.183709502662773,,1.0,raw_seed0
DES_RHO,0,5,10.1016/j.molliq.2016.01.038,10,explore_aware_on_matdisjoint_rows,70,70,0.1835119583608824,,1.0,raw_seed0
DES_RHO,0,5,10.1016/j.molliq.2018.02.049,54,anchor,364,510,0.1826370783972013,139.0,0.7137254901960784,raw_seed0
DES_RHO,0,5,10.1016/j.molliq.2018.02.049,54,aware_on_anchor_rows,378,510,0.1835119583608824,,0.7411764705882353,raw_seed0
DES_RHO,0,5,10.1016/j.molliq.2018.02.049,54,explore_anchor_matdisjoint,278,371,0.1906772463596403,,0.7493261455525606,raw_seed0
DES_RHO,0,5,10.1016/j.molliq.2018.02.049,54,explore_aware8_on_anchor_rows,378,510,0.183709502662773,,0.7411764705882353,raw_seed0
DES_RHO,0,5,10.1016/j.molliq.2018.02.049,54,explore_aware_on_matdisjoint_rows,329,371,0.1835119583608824,,0.8867924528301887,raw_seed0
DES_RHO,0,5,10.1016/j.molliq.2019.01.053,14,anchor,110,110,0.1826370783972013,34.0,1.0,raw_seed0
DES_RHO,0,5,10.1016/j.molliq.2019.01.053,14,aware_on_anchor_rows,110,110,0.1835119583608824,,1.0,raw_seed0
DES_RHO,0,5,10.1016/j.molliq.2019.01.053,14,explore_anchor_matdisjoint,76,76,0.1906772463596403,,1.0,raw_seed0
DES_RHO,0,5,10.1016/j.molliq.2019.01.053,14,explore_aware8_on_anchor_rows,110,110,0.183709502662773,,1.0,raw_seed0
DES_RHO,0,5,10.1016/j.molliq.2019.01.053,14,explore_aware_on_matdisjoint_rows,76,76,0.1835119583608824,,1.0,raw_seed0
DES_RHO,0,5,10.1021/acs.jced.6b01013,36,anchor,330,330,0.1826370783972013,53.0,1.0,raw_seed0
DES_RHO,0,5,10.1021/acs.jced.6b01013,36,aware_on_anchor_rows,330,330,0.1835119583608824,,1.0,raw_seed0
DES_RHO,0,5,10.1021/acs.jced.6b01013,36,explore_anchor_matdisjoint,277,277,0.1906772463596403,,1.0,raw_seed0
DES_RHO,0,5,10.1021/acs.jced.6b01013,36,explore_aware8_on_anchor_rows,330,330,0.183709502662773,,1.0,raw_seed0
DES_RHO,0,5,10.1021/acs.jced.6b01013,36,explore_aware_on_matdisjoint_rows,277,277,0.1835119583608824,,1.0,raw_seed0
DES_RHO,0,5,10.1021/acs.jced.9b00237,8,anchor,50,50,0.1826370783972013,2.0,1.0,raw_seed0
DES_RHO,0,5,10.1021/acs.jced.9b00237,8,aware_on_anchor_rows,50,50,0.1835119583608824,,1.0,raw_seed0
DES_RHO,0,5,10.1021/acs.jced.9b00237,8,explore_anchor_matdisjoint,48,48,0.1906772463596403,,1.0,raw_seed0
DES_RHO,0,5,10.1021/acs.jced.9b00237,8,explore_aware8_on_anchor_rows,50,50,0.183709502662773,,1.0,raw_seed0
DES_RHO,0,5,10.1021/acs.jced.9b00237,8,explore_aware_on_matdisjoint_rows,48,48,0.1835119583608824,,1.0,raw_seed0
DES_RHO,0,5,10.1021/acssuschemeng.9b01102,28,anchor,240,250,0.1826370783972013,90.0,0.96,raw_seed0
DES_RHO,0,5,10.1021/acssuschemeng.9b01102,28,aware_on_anchor_rows,240,250,0.1835119583608824,,0.96,raw_seed0
DES_RHO,0,5,10.1021/acssuschemeng.9b01102,28,explore_anchor_matdisjoint,150,160,0.1906772463596403,,0.9375,raw_seed0
DES_RHO,0,5,10.1021/acssuschemeng.9b01102,28,explore_aware8_on_anchor_rows,240,250,0.183709502662773,,0.96,raw_seed0
DES_RHO,0,5,10.1021/acssuschemeng.9b01102,28,explore_aware_on_matdisjoint_rows,150,160,0.1835119583608824,,0.9375,raw_seed0
DES_RHO,0,5,10.3390/molecules24030636,17,anchor,140,140,0.1826370783972013,0.0,1.0,raw_seed0
DES_RHO,0,5,10.3390/molecules24030636,17,aware_on_anchor_rows,140,140,0.1835119583608824,,1.0,raw_seed0
DES_RHO,0,5,10.3390/molecules24030636,17,explore_anchor_matdisjoint,140,140,0.1906772463596403,,1.0,raw_seed0
DES_RHO,0,5,10.3390/molecules24030636,17,explore_aware8_on_anchor_rows,140,140,0.183709502662773,,1.0,raw_seed0
DES_RHO,0,5,10.3390/molecules24030636,17,explore_aware_on_matdisjoint_rows,140,140,0.1835119583608824,,1.0,raw_seed0
DES_RHO,0,6,10.1016/j.cej.2018.10.077,9,anchor,53,60,0.1831745314720175,36.0,0.8833333333333333,raw_seed0
DES_RHO,0,6,10.1016/j.cej.2018.10.077,9,aware_on_anchor_rows,53,60,0.1524726625234267,,0.8833333333333333,raw_seed0
DES_RHO,0,6,10.1016/j.cej.2018.10.077,9,explore_anchor_matdisjoint,17,24,0.1916944524531165,,0.7083333333333334,raw_seed0
DES_RHO,0,6,10.1016/j.cej.2018.10.077,9,explore_aware8_on_anchor_rows,53,60,0.1525649486647764,,0.8833333333333333,raw_seed0
DES_RHO,0,6,10.1016/j.cej.2018.10.077,9,explore_aware_on_matdisjoint_rows,17,24,0.1524726625234267,,0.7083333333333334,raw_seed0
DES_RHO,0,6,10.1016/j.cej.2020.125173,36,anchor,324,330,0.1831745314720175,77.0,0.9818181818181818,raw_seed0
DES_RHO,0,6,10.1016/j.cej.2020.125173,36,aware_on_anchor_rows,321,330,0.1524726625234267,,0.9727272727272728,raw_seed0
DES_RHO,0,6,10.1016/j.cej.2020.125173,36,explore_anchor_matdisjoint,248,253,0.1916944524531165,,0.9802371541501976,raw_seed0
DES_RHO,0,6,10.1016/j.cej.2020.125173,36,explore_aware8_on_anchor_rows,321,330,0.1525649486647764,,0.9727272727272728,raw_seed0
DES_RHO,0,6,10.1016/j.cej.2020.125173,36,explore_aware_on_matdisjoint_rows,244,253,0.1524726625234267,,0.9644268774703557,raw_seed0
DES_RHO,0,6,10.1016/j.fluid.2013.06.050,24,anchor,210,210,0.1831745314720175,5.0,1.0,raw_seed0
DES_RHO,0,6,10.1016/j.fluid.2013.06.050,24,aware_on_anchor_rows,210,210,0.1524726625234267,,1.0,raw_seed0
DES_RHO,0,6,10.1016/j.fluid.2013.06.050,24,explore_anchor_matdisjoint,205,205,0.1916944524531165,,1.0,raw_seed0
DES_RHO,0,6,10.1016/j.fluid.2013.06.050,24,explore_aware8_on_anchor_rows,210,210,0.1525649486647764,,1.0,raw_seed0
DES_RHO,0,6,10.1016/j.fluid.2013.06.050,24,explore_aware_on_matdisjoint_rows,205,205,0.1524726625234267,,1.0,raw_seed0
DES_RHO,0,6,10.1016/j.foodchem.2021.131930,10,anchor,60,70,0.1831745314720175,16.0,0.8571428571428571,raw_seed0
DES_RHO,0,6,10.1016/j.foodchem.2021.131930,10,aware_on_anchor_rows,63,70,0.1524726625234267,,0.9,raw_seed0
DES_RHO,0,6,10.1016/j.foodchem.2021.131930,10,explore_anchor_matdisjoint,46,54,0.1916944524531165,,0.8518518518518519,raw_seed0
DES_RHO,0,6,10.1016/j.foodchem.2021.131930,10,explore_aware8_on_anchor_rows,63,70,0.1525649486647764,,0.9,raw_seed0
DES_RHO,0,6,10.1016/j.foodchem.2021.131930,10,explore_aware_on_matdisjoint_rows,47,54,0.1524726625234267,,0.8703703703703703,raw_seed0
DES_RHO,0,6,10.1016/j.jiec.2022.04.015,34,anchor,310,310,0.1831745314720175,13.0,1.0,raw_seed0
DES_RHO,0,6,10.1016/j.jiec.2022.04.015,34,aware_on_anchor_rows,310,310,0.1524726625234267,,1.0,raw_seed0
DES_RHO,0,6,10.1016/j.jiec.2022.04.015,34,explore_anchor_matdisjoint,297,297,0.1916944524531165,,1.0,raw_seed0
DES_RHO,0,6,10.1016/j.jiec.2022.04.015,34,explore_aware8_on_anchor_rows,310,310,0.1525649486647764,,1.0,raw_seed0
DES_RHO,0,6,10.1016/j.jiec.2022.04.015,34,explore_aware_on_matdisjoint_rows,297,297,0.1524726625234267,,1.0,raw_seed0
DES_RHO,0,6,10.1016/j.molliq.2016.02.062,59,anchor,558,560,0.1831745314720175,55.0,0.9964285714285714,raw_seed0
DES_RHO,0,6,10.1016/j.molliq.2016.02.062,59,aware_on_anchor_rows,551,560,0.1524726625234267,,0.9839285714285714,raw_seed0
DES_RHO,0,6,10.1016/j.molliq.2016.02.062,59,explore_anchor_matdisjoint,505,505,0.1916944524531165,,1.0,raw_seed0
DES_RHO,0,6,10.1016/j.molliq.2016.02.062,59,explore_aware8_on_anchor_rows,551,560,0.1525649486647764,,0.9839285714285714,raw_seed0
DES_RHO,0,6,10.1016/j.molliq.2016.02.062,59,explore_aware_on_matdisjoint_rows,496,505,0.1524726625234267,,0.9821782178217822,raw_seed0
DES_RHO,0,6,10.1016/j.molliq.2017.09.091,117,anchor,1080,1140,0.1831745314720175,156.0,0.9473684210526315,raw_seed0
DES_RHO,0,6,10.1016/j.molliq.2017.09.091,117,aware_on_anchor_rows,574,1140,0.1524726625234267,,0.5035087719298246,raw_seed0
DES_RHO,0,6,10.1016/j.molliq.2017.09.091,117,explore_anchor_matdisjoint,937,984,0.1916944524531165,,0.9522357723577236,raw_seed0
DES_RHO,0,6,10.1016/j.molliq.2017.09.091,117,explore_aware8_on_anchor_rows,574,1140,0.1525649486647764,,0.5035087719298246,raw_seed0
DES_RHO,0,6,10.1016/j.molliq.2017.09.091,117,explore_aware_on_matdisjoint_rows,499,984,0.1524726625234267,,0.5071138211382114,raw_seed0
DES_RHO,0,6,10.1021/acssuschemeng.8b04843,16,anchor,130,130,0.1831745314720175,123.0,1.0,raw_seed0
DES_RHO,0,6,10.1021/acssuschemeng.8b04843,16,aware_on_anchor_rows,30,130,0.1524726625234267,,0.23076923076923078,raw_seed0
DES_RHO,0,6,10.1021/acssuschemeng.8b04843,16,explore_anchor_matdisjoint,7,7,0.1916944524531165,,1.0,raw_seed0
DES_RHO,0,6,10.1021/acssuschemeng.8b04843,16,explore_aware8_on_anchor_rows,30,130,0.1525649486647764,,0.23076923076923078,raw_seed0
DES_RHO,0,6,10.1021/acssuschemeng.8b04843,16,explore_aware_on_matdisjoint_rows,0,7,0.1524726625234267,,0.0,raw_seed0
DES_RHO,0,6,10.1021/acssuschemeng.9b03245,21,anchor,180,180,0.1831745314720175,131.0,1.0,raw_seed0
DES_RHO,0,6,10.1021/acssuschemeng.9b03245,21,aware_on_anchor_rows,0,180,0.1524726625234267,,0.0,raw_seed0
DES_RHO,0,6,10.1021/acssuschemeng.9b03245,21,explore_anchor_matdisjoint,49,49,0.1916944524531165,,1.0,raw_seed0
DES_RHO,0,6,10.1021/acssuschemeng.9b03245,21,explore_aware8_on_anchor_rows,0,180,0.1525649486647764,,0.0,raw_seed0
DES_RHO,0,6,10.1021/acssuschemeng.9b03245,21,explore_aware_on_matdisjoint_rows,0,49,0.1524726625234267,,0.0,raw_seed0
DES_RHO,0,6,10.1021/je100104v,14,anchor,110,110,0.1831745314720175,43.0,1.0,raw_seed0
DES_RHO,0,6,10.1021/je100104v,14,aware_on_anchor_rows,110,110,0.1524726625234267,,1.0,raw_seed0
DES_RHO,0,6,10.1021/je100104v,14,explore_anchor_matdisjoint,67,67,0.1916944524531165,,1.0,raw_seed0
DES_RHO,0,6,10.1021/je100104v,14,explore_aware8_on_anchor_rows,110,110,0.1525649486647764,,1.0,raw_seed0
DES_RHO,0,6,10.1021/je100104v,14,explore_aware_on_matdisjoint_rows,67,67,0.1524726625234267,,1.0,raw_seed0
DES_RHO,0,6,10.1021/je5002126,70,anchor,488,670,0.1831745314720175,173.0,0.7283582089552239,raw_seed0
DES_RHO,0,6,10.1021/je5002126,70,aware_on_anchor_rows,475,670,0.1524726625234267,,0.7089552238805971,raw_seed0
DES_RHO,0,6,10.1021/je5002126,70,explore_anchor_matdisjoint,340,497,0.1916944524531165,,0.6841046277665996,raw_seed0
DES_RHO,0,6,10.1021/je5002126,70,explore_aware8_on_anchor_rows,475,670,0.1525649486647764,,0.7089552238805971,raw_seed0
DES_RHO,0,6,10.1021/je5002126,70,explore_aware_on_matdisjoint_rows,339,497,0.1524726625234267,,0.682092555331992,raw_seed0
DES_RHO,0,6,10.1039/c5gc01451d,48,anchor,450,450,0.1831745314720175,103.0,1.0,raw_seed0
DES_RHO,0,6,10.1039/c5gc01451d,48,aware_on_anchor_rows,450,450,0.1524726625234267,,1.0,raw_seed0
DES_RHO,0,6,10.1039/c5gc01451d,48,explore_anchor_matdisjoint,347,347,0.1916944524531165,,1.0,raw_seed0
DES_RHO,0,6,10.1039/c5gc01451d,48,explore_aware8_on_anchor_rows,450,450,0.1525649486647764,,1.0,raw_seed0
DES_RHO,0,6,10.1039/c5gc01451d,48,explore_aware_on_matdisjoint_rows,347,347,0.1524726625234267,,1.0,raw_seed0
DES_RHO,0,7,10.1016/j.cep.2015.04.001,14,anchor,101,110,0.1759792285987996,42.0,0.9181818181818182,raw_seed0
DES_RHO,0,7,10.1016/j.cep.2015.04.001,14,aware_on_anchor_rows,95,110,0.1766701235534666,,0.8636363636363636,raw_seed0
DES_RHO,0,7,10.1016/j.cep.2015.04.001,14,explore_anchor_matdisjoint,59,68,0.1844014838468489,,0.8676470588235294,raw_seed0
DES_RHO,0,7,10.1016/j.cep.2015.04.001,14,explore_aware8_on_anchor_rows,95,110,0.1766701235534666,,0.8636363636363636,raw_seed0
DES_RHO,0,7,10.1016/j.cep.2015.04.001,14,explore_aware_on_matdisjoint_rows,53,68,0.1766701235534666,,0.7794117647058824,raw_seed0
DES_RHO,0,7,10.1016/j.jcou.2022.102217,112,anchor,618,1090,0.1759792285987996,119.0,0.5669724770642202,raw_seed0
DES_RHO,0,7,10.1016/j.jcou.2022.102217,112,aware_on_anchor_rows,787,1090,0.1766701235534666,,0.7220183486238532,raw_seed0
DES_RHO,0,7,10.1016/j.jcou.2022.102217,112,explore_anchor_matdisjoint,566,971,0.1844014838468489,,0.5829042224510813,raw_seed0
DES_RHO,0,7,10.1016/j.jcou.2022.102217,112,explore_aware8_on_anchor_rows,787,1090,0.1766701235534666,,0.7220183486238532,raw_seed0
DES_RHO,0,7,10.1016/j.jcou.2022.102217,112,explore_aware_on_matdisjoint_rows,697,971,0.1766701235534666,,0.717816683831102,raw_seed0
DES_RHO,0,7,10.1016/j.jct.2018.10.003,25,anchor,220,220,0.1759792285987996,89.0,1.0,raw_seed0
DES_RHO,0,7,10.1016/j.jct.2018.10.003,25,aware_on_anchor_rows,220,220,0.1766701235534666,,1.0,raw_seed0
DES_RHO,0,7,10.1016/j.jct.2018.10.003,25,explore_anchor_matdisjoint,131,131,0.1844014838468489,,1.0,raw_seed0
DES_RHO,0,7,10.1016/j.jct.2018.10.003,25,explore_aware8_on_anchor_rows,220,220,0.1766701235534666,,1.0,raw_seed0
DES_RHO,0,7,10.1016/j.jct.2018.10.003,25,explore_aware_on_matdisjoint_rows,131,131,0.1766701235534666,,1.0,raw_seed0
DES_RHO,0,7,10.1016/j.jobe.2021.103056,9,anchor,43,60,0.1759792285987996,0.0,0.7166666666666667,raw_seed0
DES_RHO,0,7,10.1016/j.jobe.2021.103056,9,aware_on_anchor_rows,46,60,0.1766701235534666,,0.7666666666666667,raw_seed0
DES_RHO,0,7,10.1016/j.jobe.2021.103056,9,explore_anchor_matdisjoint,44,60,0.1844014838468489,,0.7333333333333333,raw_seed0
DES_RHO,0,7,10.1016/j.jobe.2021.103056,9,explore_aware8_on_anchor_rows,46,60,0.1766701235534666,,0.7666666666666667,raw_seed0
DES_RHO,0,7,10.1016/j.jobe.2021.103056,9,explore_aware_on_matdisjoint_rows,46,60,0.1766701235534666,,0.7666666666666667,raw_seed0
DES_RHO,0,7,10.1016/j.jtice.2015.12.020,54,anchor,510,510,0.1759792285987996,126.0,1.0,raw_seed0
DES_RHO,0,7,10.1016/j.jtice.2015.12.020,54,aware_on_anchor_rows,510,510,0.1766701235534666,,1.0,raw_seed0
DES_RHO,0,7,10.1016/j.jtice.2015.12.020,54,explore_anchor_matdisjoint,384,384,0.1844014838468489,,1.0,raw_seed0
DES_RHO,0,7,10.1016/j.jtice.2015.12.020,54,explore_aware8_on_anchor_rows,510,510,0.1766701235534666,,1.0,raw_seed0
DES_RHO,0,7,10.1016/j.jtice.2015.12.020,54,explore_aware_on_matdisjoint_rows,384,384,0.1766701235534666,,1.0,raw_seed0
DES_RHO,0,7,10.1016/j.molliq.2016.07.039,77,anchor,430,740,0.1759792285987996,123.0,0.581081081081081,raw_seed0
DES_RHO,0,7,10.1016/j.molliq.2016.07.039,77,aware_on_anchor_rows,654,740,0.1766701235534666,,0.8837837837837837,raw_seed0
DES_RHO,0,7,10.1016/j.molliq.2016.07.039,77,explore_anchor_matdisjoint,365,617,0.1844014838468489,,0.5915721231766613,raw_seed0
DES_RHO,0,7,10.1016/j.molliq.2016.07.039,77,explore_aware8_on_anchor_rows,654,740,0.1766701235534666,,0.8837837837837837,raw_seed0
DES_RHO,0,7,10.1016/j.molliq.2016.07.039,77,explore_aware_on_matdisjoint_rows,563,617,0.1766701235534666,,0.9124797406807131,raw_seed0
DES_RHO,0,7,10.1016/j.molliq.2020.113127,36,anchor,330,330,0.1759792285987996,180.0,1.0,raw_seed0
DES_RHO,0,7,10.1016/j.molliq.2020.113127,36,aware_on_anchor_rows,330,330,0.1766701235534666,,1.0,raw_seed0
DES_RHO,0,7,10.1016/j.molliq.2020.113127,36,explore_anchor_matdisjoint,150,150,0.1844014838468489,,1.0,raw_seed0
DES_RHO,0,7,10.1016/j.molliq.2020.113127,36,explore_aware8_on_anchor_rows,330,330,0.1766701235534666,,1.0,raw_seed0
DES_RHO,0,7,10.1016/j.molliq.2020.113127,36,explore_aware_on_matdisjoint_rows,150,150,0.1766701235534666,,1.0,raw_seed0
DES_RHO,0,7,10.1016/j.molliq.2022.120266,52,anchor,490,490,0.1759792285987996,112.0,1.0,raw_seed0
DES_RHO,0,7,10.1016/j.molliq.2022.120266,52,aware_on_anchor_rows,490,490,0.1766701235534666,,1.0,raw_seed0
DES_RHO,0,7,10.1016/j.molliq.2022.120266,52,explore_anchor_matdisjoint,378,378,0.1844014838468489,,1.0,raw_seed0
DES_RHO,0,7,10.1016/j.molliq.2022.120266,52,explore_aware8_on_anchor_rows,490,490,0.1766701235534666,,1.0,raw_seed0
DES_RHO,0,7,10.1016/j.molliq.2022.120266,52,explore_aware_on_matdisjoint_rows,378,378,0.1766701235534666,,1.0,raw_seed0
DES_RHO,0,7,10.1021/acs.iecr.7b02478,28,anchor,250,250,0.1759792285987996,86.0,1.0,raw_seed0
DES_RHO,0,7,10.1021/acs.iecr.7b02478,28,aware_on_anchor_rows,250,250,0.1766701235534666,,1.0,raw_seed0
DES_RHO,0,7,10.1021/acs.iecr.7b02478,28,explore_anchor_matdisjoint,164,164,0.1844014838468489,,1.0,raw_seed0
DES_RHO,0,7,10.1021/acs.iecr.7b02478,28,explore_aware8_on_anchor_rows,250,250,0.1766701235534666,,1.0,raw_seed0
DES_RHO,0,7,10.1021/acs.iecr.7b02478,28,explore_aware_on_matdisjoint_rows,164,164,0.1766701235534666,,1.0,raw_seed0
DES_RHO,0,7,10.1021/acs.jced.6b00486,18,anchor,144,150,0.1759792285987996,115.0,0.96,raw_seed0
DES_RHO,0,7,10.1021/acs.jced.6b00486,18,aware_on_anchor_rows,99,150,0.1766701235534666,,0.66,raw_seed0
DES_RHO,0,7,10.1021/acs.jced.6b00486,18,explore_anchor_matdisjoint,32,35,0.1844014838468489,,0.9142857142857143,raw_seed0
DES_RHO,0,7,10.1021/acs.jced.6b00486,18,explore_aware8_on_anchor_rows,99,150,0.1766701235534666,,0.66,raw_seed0
DES_RHO,0,7,10.1021/acs.jced.6b00486,18,explore_aware_on_matdisjoint_rows,29,35,0.1766701235534666,,0.8285714285714286,raw_seed0
DES_RHO,0,7,10.1021/acssuschemeng.9b02845,21,anchor,180,180,0.1759792285987996,16.0,1.0,raw_seed0
DES_RHO,0,7,10.1021/acssuschemeng.9b02845,21,aware_on_anchor_rows,180,180,0.1766701235534666,,1.0,raw_seed0
DES_RHO,0,7,10.1021/acssuschemeng.9b02845,21,explore_anchor_matdisjoint,164,164,0.1844014838468489,,1.0,raw_seed0
DES_RHO,0,7,10.1021/acssuschemeng.9b02845,21,explore_aware8_on_anchor_rows,180,180,0.1766701235534666,,1.0,raw_seed0
DES_RHO,0,7,10.1021/acssuschemeng.9b02845,21,explore_aware_on_matdisjoint_rows,164,164,0.1766701235534666,,1.0,raw_seed0
DES_RHO,0,7,10.1021/jp0671998,12,anchor,90,90,0.1759792285987996,9.0,1.0,raw_seed0
DES_RHO,0,7,10.1021/jp0671998,12,aware_on_anchor_rows,90,90,0.1766701235534666,,1.0,raw_seed0
DES_RHO,0,7,10.1021/jp0671998,12,explore_anchor_matdisjoint,81,81,0.1844014838468489,,1.0,raw_seed0
DES_RHO,0,7,10.1021/jp0671998,12,explore_aware8_on_anchor_rows,90,90,0.1766701235534666,,1.0,raw_seed0
DES_RHO,0,7,10.1021/jp0671998,12,explore_aware_on_matdisjoint_rows,81,81,0.1766701235534666,,1.0,raw_seed0
DES_RHO,0,8,10.1016/j.jct.2019.105883,15,anchor,114,120,0.1635860223490357,22.0,0.95,raw_seed0
DES_RHO,0,8,10.1016/j.jct.2019.105883,15,aware_on_anchor_rows,113,120,0.1792617121742532,,0.9416666666666667,raw_seed0
DES_RHO,0,8,10.1016/j.jct.2019.105883,15,explore_anchor_matdisjoint,92,98,0.1710886409894854,,0.9387755102040817,raw_seed0
DES_RHO,0,8,10.1016/j.jct.2019.105883,15,explore_aware8_on_anchor_rows,113,120,0.1799438428109088,,0.9416666666666667,raw_seed0
DES_RHO,0,8,10.1016/j.jct.2019.105883,15,explore_aware_on_matdisjoint_rows,91,98,0.1792617121742532,,0.9285714285714286,raw_seed0
DES_RHO,0,8,10.1016/j.jct.2021.106713,77,anchor,740,740,0.1635860223490357,58.0,1.0,raw_seed0
DES_RHO,0,8,10.1016/j.jct.2021.106713,77,aware_on_anchor_rows,740,740,0.1792617121742532,,1.0,raw_seed0
DES_RHO,0,8,10.1016/j.jct.2021.106713,77,explore_anchor_matdisjoint,682,682,0.1710886409894854,,1.0,raw_seed0
DES_RHO,0,8,10.1016/j.jct.2021.106713,77,explore_aware8_on_anchor_rows,740,740,0.1799438428109088,,1.0,raw_seed0
DES_RHO,0,8,10.1016/j.jct.2021.106713,77,explore_aware_on_matdisjoint_rows,682,682,0.1792617121742532,,1.0,raw_seed0
DES_RHO,0,8,10.1016/j.molliq.2016.10.115,12,anchor,90,90,0.1635860223490357,13.0,1.0,raw_seed0
DES_RHO,0,8,10.1016/j.molliq.2016.10.115,12,aware_on_anchor_rows,90,90,0.1792617121742532,,1.0,raw_seed0
DES_RHO,0,8,10.1016/j.molliq.2016.10.115,12,explore_anchor_matdisjoint,77,77,0.1710886409894854,,1.0,raw_seed0
DES_RHO,0,8,10.1016/j.molliq.2016.10.115,12,explore_aware8_on_anchor_rows,90,90,0.1799438428109088,,1.0,raw_seed0
DES_RHO,0,8,10.1016/j.molliq.2016.10.115,12,explore_aware_on_matdisjoint_rows,77,77,0.1792617121742532,,1.0,raw_seed0
DES_RHO,0,8,10.1016/j.molliq.2017.04.052,39,anchor,262,360,0.1635860223490357,22.0,0.7277777777777777,raw_seed0
DES_RHO,0,8,10.1016/j.molliq.2017.04.052,39,aware_on_anchor_rows,332,360,0.1792617121742532,,0.9222222222222223,raw_seed0
DES_RHO,0,8,10.1016/j.molliq.2017.04.052,39,explore_anchor_matdisjoint,250,338,0.1710886409894854,,0.7396449704142012,raw_seed0
DES_RHO,0,8,10.1016/j.molliq.2017.04.052,39,explore_aware8_on_anchor_rows,332,360,0.1799438428109088,,0.9222222222222223,raw_seed0
DES_RHO,0,8,10.1016/j.molliq.2017.04.052,39,explore_aware_on_matdisjoint_rows,311,338,0.1792617121742532,,0.9201183431952663,raw_seed0
DES_RHO,0,8,10.1016/j.molliq.2018.02.085,63,anchor,590,600,0.1635860223490357,30.0,0.9833333333333333,raw_seed0
DES_RHO,0,8,10.1016/j.molliq.2018.02.085,63,aware_on_anchor_rows,590,600,0.1792617121742532,,0.9833333333333333,raw_seed0
DES_RHO,0,8,10.1016/j.molliq.2018.02.085,63,explore_anchor_matdisjoint,560,570,0.1710886409894854,,0.9824561403508771,raw_seed0
DES_RHO,0,8,10.1016/j.molliq.2018.02.085,63,explore_aware8_on_anchor_rows,590,600,0.1799438428109088,,0.9833333333333333,raw_seed0
DES_RHO,0,8,10.1016/j.molliq.2018.02.085,63,explore_aware_on_matdisjoint_rows,560,570,0.1792617121742532,,0.9824561403508771,raw_seed0
DES_RHO,0,8,10.1016/j.molliq.2020.112644,18,anchor,150,150,0.1635860223490357,84.0,1.0,raw_seed0
DES_RHO,0,8,10.1016/j.molliq.2020.112644,18,aware_on_anchor_rows,150,150,0.1792617121742532,,1.0,raw_seed0
DES_RHO,0,8,10.1016/j.molliq.2020.112644,18,explore_anchor_matdisjoint,66,66,0.1710886409894854,,1.0,raw_seed0
DES_RHO,0,8,10.1016/j.molliq.2020.112644,18,explore_aware8_on_anchor_rows,150,150,0.1799438428109088,,1.0,raw_seed0
DES_RHO,0,8,10.1016/j.molliq.2020.112644,18,explore_aware_on_matdisjoint_rows,66,66,0.1792617121742532,,1.0,raw_seed0
DES_RHO,0,8,10.1016/j.molliq.2022.119396,90,anchor,436,870,0.1635860223490357,163.0,0.5011494252873563,raw_seed0
DES_RHO,0,8,10.1016/j.molliq.2022.119396,90,aware_on_anchor_rows,518,870,0.1792617121742532,,0.5954022988505747,raw_seed0
DES_RHO,0,8,10.1016/j.molliq.2022.119396,90,explore_anchor_matdisjoint,339,707,0.1710886409894854,,0.4794908062234795,raw_seed0
DES_RHO,0,8,10.1016/j.molliq.2022.119396,90,explore_aware8_on_anchor_rows,528,870,0.1799438428109088,,0.6068965517241379,raw_seed0
DES_RHO,0,8,10.1016/j.molliq.2022.119396,90,explore_aware_on_matdisjoint_rows,417,707,0.1792617121742532,,0.5898161244695899,raw_seed0
DES_RHO,0,8,10.1016/j.talanta.2022.123373,8,anchor,47,50,0.1635860223490357,11.0,0.94,raw_seed0
DES_RHO,0,8,10.1016/j.talanta.2022.123373,8,aware_on_anchor_rows,50,50,0.1792617121742532,,1.0,raw_seed0
DES_RHO,0,8,10.1016/j.talanta.2022.123373,8,explore_anchor_matdisjoint,36,39,0.1710886409894854,,0.9230769230769231,raw_seed0
DES_RHO,0,8,10.1016/j.talanta.2022.123373,8,explore_aware8_on_anchor_rows,50,50,0.1799438428109088,,1.0,raw_seed0
DES_RHO,0,8,10.1016/j.talanta.2022.123373,8,explore_aware_on_matdisjoint_rows,39,39,0.1792617121742532,,1.0,raw_seed0
DES_RHO,0,8,10.1021/acs.iecr.5b02611,22,anchor,190,190,0.1635860223490357,168.0,1.0,raw_seed0
DES_RHO,0,8,10.1021/acs.iecr.5b02611,22,aware_on_anchor_rows,190,190,0.1792617121742532,,1.0,raw_seed0
DES_RHO,0,8,10.1021/acs.iecr.5b02611,22,explore_anchor_matdisjoint,22,22,0.1710886409894854,,1.0,raw_seed0
DES_RHO,0,8,10.1021/acs.iecr.5b02611,22,explore_aware8_on_anchor_rows,190,190,0.1799438428109088,,1.0,raw_seed0
DES_RHO,0,8,10.1021/acs.iecr.5b02611,22,explore_aware_on_matdisjoint_rows,22,22,0.1792617121742532,,1.0,raw_seed0
DES_RHO,0,8,10.1021/acssuschemeng.5b00532,52,anchor,443,490,0.1635860223490357,128.0,0.9040816326530612,raw_seed0
DES_RHO,0,8,10.1021/acssuschemeng.5b00532,52,aware_on_anchor_rows,432,490,0.1792617121742532,,0.8816326530612245,raw_seed0
DES_RHO,0,8,10.1021/acssuschemeng.5b00532,52,explore_anchor_matdisjoint,323,362,0.1710886409894854,,0.8922651933701657,raw_seed0
DES_RHO,0,8,10.1021/acssuschemeng.5b00532,52,explore_aware8_on_anchor_rows,432,490,0.1799438428109088,,0.8816326530612245,raw_seed0
DES_RHO,0,8,10.1021/acssuschemeng.5b00532,52,explore_aware_on_matdisjoint_rows,320,362,0.1792617121742532,,0.8839779005524862,raw_seed0
DES_RHO,0,8,10.1021/acssuschemeng.8b05072,26,anchor,222,230,0.1635860223490357,52.0,0.9652173913043478,raw_seed0
DES_RHO,0,8,10.1021/acssuschemeng.8b05072,26,aware_on_anchor_rows,230,230,0.1792617121742532,,1.0,raw_seed0
DES_RHO,0,8,10.1021/acssuschemeng.8b05072,26,explore_anchor_matdisjoint,172,178,0.1710886409894854,,0.9662921348314607,raw_seed0
DES_RHO,0,8,10.1021/acssuschemeng.8b05072,26,explore_aware8_on_anchor_rows,230,230,0.1799438428109088,,1.0,raw_seed0
DES_RHO,0,8,10.1021/acssuschemeng.8b05072,26,explore_aware_on_matdisjoint_rows,178,178,0.1792617121742532,,1.0,raw_seed0
DES_RHO,0,8,10.1039/c4ra10628h,35,anchor,319,320,0.1635860223490357,65.0,0.996875,raw_seed0
DES_RHO,0,8,10.1039/c4ra10628h,35,aware_on_anchor_rows,320,320,0.1792617121742532,,1.0,raw_seed0
DES_RHO,0,8,10.1039/c4ra10628h,35,explore_anchor_matdisjoint,255,255,0.1710886409894854,,1.0,raw_seed0
DES_RHO,0,8,10.1039/c4ra10628h,35,explore_aware8_on_anchor_rows,320,320,0.1799438428109088,,1.0,raw_seed0
DES_RHO,0,8,10.1039/c4ra10628h,35,explore_aware_on_matdisjoint_rows,255,255,0.1792617121742532,,1.0,raw_seed0
DES_RHO,0,9,10.1016/j.fluid.2017.03.008,84,anchor,810,810,0.1869133321321824,104.0,1.0,raw_seed0
DES_RHO,0,9,10.1016/j.fluid.2017.03.008,84,aware_on_anchor_rows,810,810,0.1737201924636835,,1.0,raw_seed0
DES_RHO,0,9,10.1016/j.fluid.2017.03.008,84,explore_anchor_matdisjoint,706,706,0.1949431263534301,,1.0,raw_seed0
DES_RHO,0,9,10.1016/j.fluid.2017.03.008,84,explore_aware8_on_anchor_rows,810,810,0.174242239281511,,1.0,raw_seed0
DES_RHO,0,9,10.1016/j.fluid.2017.03.008,84,explore_aware_on_matdisjoint_rows,706,706,0.1737201924636835,,1.0,raw_seed0
DES_RHO,0,9,10.1016/j.fluid.2019.02.010,64,anchor,610,610,0.1869133321321824,180.0,1.0,raw_seed0
DES_RHO,0,9,10.1016/j.fluid.2019.02.010,64,aware_on_anchor_rows,610,610,0.1737201924636835,,1.0,raw_seed0
DES_RHO,0,9,10.1016/j.fluid.2019.02.010,64,explore_anchor_matdisjoint,430,430,0.1949431263534301,,1.0,raw_seed0
DES_RHO,0,9,10.1016/j.fluid.2019.02.010,64,explore_aware8_on_anchor_rows,610,610,0.174242239281511,,1.0,raw_seed0
DES_RHO,0,9,10.1016/j.fluid.2019.02.010,64,explore_aware_on_matdisjoint_rows,430,430,0.1737201924636835,,1.0,raw_seed0
DES_RHO,0,9,10.1016/j.fluid.2022.113462,14,anchor,110,110,0.1869133321321824,10.0,1.0,raw_seed0
DES_RHO,0,9,10.1016/j.fluid.2022.113462,14,aware_on_anchor_rows,110,110,0.1737201924636835,,1.0,raw_seed0
DES_RHO,0,9,10.1016/j.fluid.2022.113462,14,explore_anchor_matdisjoint,100,100,0.1949431263534301,,1.0,raw_seed0
DES_RHO,0,9,10.1016/j.fluid.2022.113462,14,explore_aware8_on_anchor_rows,110,110,0.174242239281511,,1.0,raw_seed0
DES_RHO,0,9,10.1016/j.fluid.2022.113462,14,explore_aware_on_matdisjoint_rows,100,100,0.1737201924636835,,1.0,raw_seed0
DES_RHO,0,9,10.1016/j.foodchem.2022.134054,38,anchor,334,350,0.1869133321321824,36.0,0.9542857142857143,raw_seed0
DES_RHO,0,9,10.1016/j.foodchem.2022.134054,38,aware_on_anchor_rows,331,350,0.1737201924636835,,0.9457142857142857,raw_seed0
DES_RHO,0,9,10.1016/j.foodchem.2022.134054,38,explore_anchor_matdisjoint,299,314,0.1949431263534301,,0.9522292993630573,raw_seed0
DES_RHO,0,9,10.1016/j.foodchem.2022.134054,38,explore_aware8_on_anchor_rows,331,350,0.174242239281511,,0.9457142857142857,raw_seed0
DES_RHO,0,9,10.1016/j.foodchem.2022.134054,38,explore_aware_on_matdisjoint_rows,295,314,0.1737201924636835,,0.9394904458598726,raw_seed0
DES_RHO,0,9,10.1016/j.jct.2020.106051,12,anchor,90,90,0.1869133321321824,47.0,1.0,raw_seed0
DES_RHO,0,9,10.1016/j.jct.2020.106051,12,aware_on_anchor_rows,90,90,0.1737201924636835,,1.0,raw_seed0
DES_RHO,0,9,10.1016/j.jct.2020.106051,12,explore_anchor_matdisjoint,43,43,0.1949431263534301,,1.0,raw_seed0
DES_RHO,0,9,10.1016/j.jct.2020.106051,12,explore_aware8_on_anchor_rows,90,90,0.174242239281511,,1.0,raw_seed0
DES_RHO,0,9,10.1016/j.jct.2020.106051,12,explore_aware_on_matdisjoint_rows,43,43,0.1737201924636835,,1.0,raw_seed0
DES_RHO,0,9,10.1016/j.jhazmat.2021.127972,27,anchor,240,240,0.1869133321321824,12.0,1.0,raw_seed0
DES_RHO,0,9,10.1016/j.jhazmat.2021.127972,27,aware_on_anchor_rows,240,240,0.1737201924636835,,1.0,raw_seed0
DES_RHO,0,9,10.1016/j.jhazmat.2021.127972,27,explore_anchor_matdisjoint,228,228,0.1949431263534301,,1.0,raw_seed0
DES_RHO,0,9,10.1016/j.jhazmat.2021.127972,27,explore_aware8_on_anchor_rows,240,240,0.174242239281511,,1.0,raw_seed0
DES_RHO,0,9,10.1016/j.jhazmat.2021.127972,27,explore_aware_on_matdisjoint_rows,228,228,0.1737201924636835,,1.0,raw_seed0
DES_RHO,0,9,10.1016/j.microc.2022.107372,34,anchor,293,310,0.1869133321321824,27.0,0.9451612903225807,raw_seed0
DES_RHO,0,9,10.1016/j.microc.2022.107372,34,aware_on_anchor_rows,290,310,0.1737201924636835,,0.9354838709677419,raw_seed0
DES_RHO,0,9,10.1016/j.microc.2022.107372,34,explore_anchor_matdisjoint,268,283,0.1949431263534301,,0.9469964664310954,raw_seed0
DES_RHO,0,9,10.1016/j.microc.2022.107372,34,explore_aware8_on_anchor_rows,290,310,0.174242239281511,,0.9354838709677419,raw_seed0
DES_RHO,0,9,10.1016/j.microc.2022.107372,34,explore_aware_on_matdisjoint_rows,263,283,0.1737201924636835,,0.9293286219081273,raw_seed0
DES_RHO,0,9,10.1016/j.molliq.2020.113110,81,anchor,682,780,0.1869133321321824,191.0,0.8743589743589744,raw_seed0
DES_RHO,0,9,10.1016/j.molliq.2020.113110,81,aware_on_anchor_rows,444,780,0.1737201924636835,,0.5692307692307692,raw_seed0
DES_RHO,0,9,10.1016/j.molliq.2020.113110,81,explore_anchor_matdisjoint,510,589,0.1949431263534301,,0.865874363327674,raw_seed0
DES_RHO,0,9,10.1016/j.molliq.2020.113110,81,explore_aware8_on_anchor_rows,444,780,0.174242239281511,,0.5692307692307692,raw_seed0
DES_RHO,0,9,10.1016/j.molliq.2020.113110,81,explore_aware_on_matdisjoint_rows,341,589,0.1737201924636835,,0.5789473684210527,raw_seed0
DES_RHO,0,9,10.1016/j.molliq.2021.118393,54,anchor,488,510,0.1869133321321824,183.0,0.9568627450980393,raw_seed0
DES_RHO,0,9,10.1016/j.molliq.2021.118393,54,aware_on_anchor_rows,510,510,0.1737201924636835,,1.0,raw_seed0
DES_RHO,0,9,10.1016/j.molliq.2021.118393,54,explore_anchor_matdisjoint,309,327,0.1949431263534301,,0.944954128440367,raw_seed0
DES_RHO,0,9,10.1016/j.molliq.2021.118393,54,explore_aware8_on_anchor_rows,510,510,0.174242239281511,,1.0,raw_seed0
DES_RHO,0,9,10.1016/j.molliq.2021.118393,54,explore_aware_on_matdisjoint_rows,327,327,0.1737201924636835,,1.0,raw_seed0
DES_RHO,0,9,10.1016/j.molliq.2022.120056,9,anchor,60,60,0.1869133321321824,60.0,1.0,raw_seed0
DES_RHO,0,9,10.1016/j.molliq.2022.120056,9,aware_on_anchor_rows,60,60,0.1737201924636835,,1.0,raw_seed0
DES_RHO,0,9,10.1016/j.molliq.2022.120056,9,explore_anchor_matdisjoint,0,0,0.1949431263534301,,,raw_seed0
DES_RHO,0,9,10.1016/j.molliq.2022.120056,9,explore_aware8_on_anchor_rows,60,60,0.174242239281511,,1.0,raw_seed0
DES_RHO,0,9,10.1016/j.molliq.2022.120056,9,explore_aware_on_matdisjoint_rows,0,0,0.1737201924636835,,,raw_seed0
DES_RHO,0,9,10.1016/j.tca.2014.11.028,18,anchor,150,150,0.1869133321321824,7.0,1.0,raw_seed0
DES_RHO,0,9,10.1016/j.tca.2014.11.028,18,aware_on_anchor_rows,150,150,0.1737201924636835,,1.0,raw_seed0
DES_RHO,0,9,10.1016/j.tca.2014.11.028,18,explore_anchor_matdisjoint,143,143,0.1949431263534301,,1.0,raw_seed0
DES_RHO,0,9,10.1016/j.tca.2014.11.028,18,explore_aware8_on_anchor_rows,150,150,0.174242239281511,,1.0,raw_seed0
DES_RHO,0,9,10.1016/j.tca.2014.11.028,18,explore_aware_on_matdisjoint_rows,143,143,0.1737201924636835,,1.0,raw_seed0
DES_RHO,0,9,10.3866/pku.whxb201506111,22,anchor,184,190,0.1869133321321824,157.0,0.968421052631579,raw_seed0
DES_RHO,0,9,10.3866/pku.whxb201506111,22,aware_on_anchor_rows,100,190,0.1737201924636835,,0.5263157894736842,raw_seed0
DES_RHO,0,9,10.3866/pku.whxb201506111,22,explore_anchor_matdisjoint,32,33,0.1949431263534301,,0.9696969696969697,raw_seed0
DES_RHO,0,9,10.3866/pku.whxb201506111,22,explore_aware8_on_anchor_rows,100,190,0.174242239281511,,0.5263157894736842,raw_seed0
DES_RHO,0,9,10.3866/pku.whxb201506111,22,explore_aware_on_matdisjoint_rows,33,33,0.1737201924636835,,1.0,raw_seed0
DYE,0,0,Lab,70,anchor,514,670,74.5642318342152,0.0,0.7671641791044777,raw_seed0
DYE,0,0,Lab,70,aware_on_anchor_rows,546,670,93.42200502645498,,0.8149253731343283,raw_seed0
DYE,0,0,Lab,70,explore_anchor_matdisjoint,514,670,74.5642318342152,,0.7671641791044777,raw_seed0
DYE,0,0,Lab,70,explore_aware8_on_anchor_rows,591,670,98.70271666666666,,0.8820895522388059,raw_seed0
DYE,0,0,Lab,70,explore_aware_on_matdisjoint_rows,546,670,93.42200502645498,,0.8149253731343283,raw_seed0
DYE,0,1,[9],11,anchor,78,80,99.38210466570474,0.0,0.975,raw_seed0
DYE,0,1,[9],11,aware_on_anchor_rows,80,80,98.06145411255405,,1.0,raw_seed0
DYE,0,1,[9],11,explore_anchor_matdisjoint,78,80,99.38210466570474,,0.975,raw_seed0
DYE,0,1,[9],11,explore_aware8_on_anchor_rows,80,80,107.32576782106776,,1.0,raw_seed0
DYE,0,1,[9],11,explore_aware_on_matdisjoint_rows,80,80,98.06145411255405,,1.0,raw_seed0
DYE,0,2,[5],10,anchor,70,70,96.72523112874777,0.0,1.0,raw_seed0
DYE,0,2,[5],10,aware_on_anchor_rows,70,70,99.74541798941809,,1.0,raw_seed0
DYE,0,2,[5],10,explore_anchor_matdisjoint,70,70,96.72523112874777,,1.0,raw_seed0
DYE,0,2,[5],10,explore_aware8_on_anchor_rows,70,70,102.87433333333333,,1.0,raw_seed0
DYE,0,2,[5],10,explore_aware_on_matdisjoint_rows,70,70,99.74541798941809,,1.0,raw_seed0
DYE,0,3,[11],9,anchor,58,60,96.73859391534396,0.0,0.9666666666666667,raw_seed0
DYE,0,3,[11],9,aware_on_anchor_rows,60,60,100.82141851851851,,1.0,raw_seed0
DYE,0,3,[11],9,explore_anchor_matdisjoint,58,60,96.73859391534396,,0.9666666666666667,raw_seed0
DYE,0,3,[11],9,explore_aware8_on_anchor_rows,60,60,109.11275132275132,,1.0,raw_seed0
DYE,0,3,[11],9,explore_aware_on_matdisjoint_rows,60,60,100.82141851851851,,1.0,raw_seed0
ES1,0,0,10.1007/s11814-009-0309-1,96,anchor,930,930,1.003746360742252,930.0,1.0,raw_seed0
ES1,0,0,10.1007/s11814-009-0309-1,96,aware_on_anchor_rows,930,930,1.2682975655948123,,1.0,raw_seed0
ES1,0,0,10.1007/s11814-009-0309-1,96,explore_anchor_matdisjoint,0,0,1.2842760919466765,,,raw_seed0
ES1,0,0,10.1007/s11814-009-0309-1,96,explore_aware8_on_anchor_rows,930,930,1.2684559056760647,,1.0,raw_seed0
ES1,0,0,10.1007/s11814-009-0309-1,96,explore_aware_on_matdisjoint_rows,0,0,1.2682975655948123,,,raw_seed0
ES1,0,1,10.1007/bf03218855,55,anchor,520,520,1.012225103301541,520.0,1.0,raw_seed0
ES1,0,1,10.1007/bf03218855,55,aware_on_anchor_rows,520,520,1.1397503551809756,,1.0,raw_seed0
ES1,0,1,10.1007/bf03218855,55,explore_anchor_matdisjoint,0,0,1.5531613002493048,,,raw_seed0
ES1,0,1,10.1007/bf03218855,55,explore_aware8_on_anchor_rows,520,520,1.1397503551809756,,1.0,raw_seed0
ES1,0,1,10.1007/bf03218855,55,explore_aware_on_matdisjoint_rows,0,0,1.1397503551809756,,,raw_seed0
ES1,0,1,10.1016/j.jmrt.2023.01.007,9,anchor,60,60,1.012225103301541,60.0,1.0,raw_seed0
ES1,0,1,10.1016/j.jmrt.2023.01.007,9,aware_on_anchor_rows,60,60,1.1397503551809756,,1.0,raw_seed0
ES1,0,1,10.1016/j.jmrt.2023.01.007,9,explore_anchor_matdisjoint,0,0,1.5531613002493048,,,raw_seed0
ES1,0,1,10.1016/j.jmrt.2023.01.007,9,explore_aware8_on_anchor_rows,60,60,1.1397503551809756,,1.0,raw_seed0
ES1,0,1,10.1016/j.jmrt.2023.01.007,9,explore_aware_on_matdisjoint_rows,0,0,1.1397503551809756,,,raw_seed0
ES1,0,1,10.3390/nano11102514,8,anchor,50,50,1.012225103301541,50.0,1.0,raw_seed0
ES1,0,1,10.3390/nano11102514,8,aware_on_anchor_rows,50,50,1.1397503551809756,,1.0,raw_seed0
ES1,0,1,10.3390/nano11102514,8,explore_anchor_matdisjoint,0,0,1.5531613002493048,,,raw_seed0
ES1,0,1,10.3390/nano11102514,8,explore_aware8_on_anchor_rows,50,50,1.1397503551809756,,1.0,raw_seed0
ES1,0,1,10.3390/nano11102514,8,explore_aware_on_matdisjoint_rows,0,0,1.1397503551809756,,,raw_seed0
ES1,0,2,10.1002/app.42304,9,anchor,48,60,0.8716421524124612,54.0,0.8,raw_seed0
ES1,0,2,10.1002/app.42304,9,aware_on_anchor_rows,39,60,1.2101263132180575,,0.65,raw_seed0
ES1,0,2,10.1002/app.42304,9,explore_anchor_matdisjoint,6,6,1.772374544600698,,1.0,raw_seed0
ES1,0,2,10.1002/app.42304,9,explore_aware8_on_anchor_rows,39,60,1.1771634509082969,,0.65,raw_seed0
ES1,0,2,10.1002/app.42304,9,explore_aware_on_matdisjoint_rows,0,6,1.2101263132180575,,0.0,raw_seed0
ES1,0,2,10.1016/j.compositesb.2019.01.094,46,anchor,243,430,0.8716421524124612,430.0,0.5651162790697675,raw_seed0
ES1,0,2,10.1016/j.compositesb.2019.01.094,46,aware_on_anchor_rows,349,430,1.2101263132180575,,0.8116279069767441,raw_seed0
ES1,0,2,10.1016/j.compositesb.2019.01.094,46,explore_anchor_matdisjoint,0,0,1.772374544600698,,,raw_seed0
ES1,0,2,10.1016/j.compositesb.2019.01.094,46,explore_aware8_on_anchor_rows,341,430,1.1771634509082969,,0.7930232558139535,raw_seed0
ES1,0,2,10.1016/j.compositesb.2019.01.094,46,explore_aware_on_matdisjoint_rows,0,0,1.2101263132180575,,,raw_seed0
ES1,0,2,10.1016/j.mtsust.2022.100275,13,anchor,100,100,0.8716421524124612,100.0,1.0,raw_seed0
ES1,0,2,10.1016/j.mtsust.2022.100275,13,aware_on_anchor_rows,100,100,1.2101263132180575,,1.0,raw_seed0
ES1,0,2,10.1016/j.mtsust.2022.100275,13,explore_anchor_matdisjoint,0,0,1.772374544600698,,,raw_seed0
ES1,0,2,10.1016/j.mtsust.2022.100275,13,explore_aware8_on_anchor_rows,100,100,1.1771634509082969,,1.0,raw_seed0
ES1,0,2,10.1016/j.mtsust.2022.100275,13,explore_aware_on_matdisjoint_rows,0,0,1.2101263132180575,,,raw_seed0
ES1,0,3,10.1016/j.eurpolymj.2004.10.027,12,anchor,90,90,0.9474527408331116,90.0,1.0,raw_seed0
ES1,0,3,10.1016/j.eurpolymj.2004.10.027,12,aware_on_anchor_rows,90,90,1.1708756482606075,,1.0,raw_seed0
ES1,0,3,10.1016/j.eurpolymj.2004.10.027,12,explore_anchor_matdisjoint,0,0,1.4329401590584268,,,raw_seed0
ES1,0,3,10.1016/j.eurpolymj.2004.10.027,12,explore_aware8_on_anchor_rows,90,90,1.1604158741354045,,1.0,raw_seed0
ES1,0,3,10.1016/j.eurpolymj.2004.10.027,12,explore_aware_on_matdisjoint_rows,0,0,1.1708756482606075,,,raw_seed0
ES1,0,3,10.1016/j.memsci.2013.01.023,46,anchor,365,430,0.9474527408331116,430.0,0.8488372093023255,raw_seed0
ES1,0,3,10.1016/j.memsci.2013.01.023,46,aware_on_anchor_rows,430,430,1.1708756482606075,,1.0,raw_seed0
ES1,0,3,10.1016/j.memsci.2013.01.023,46,explore_anchor_matdisjoint,0,0,1.4329401590584268,,,raw_seed0
ES1,0,3,10.1016/j.memsci.2013.01.023,46,explore_aware8_on_anchor_rows,430,430,1.1604158741354045,,1.0,raw_seed0
ES1,0,3,10.1016/j.memsci.2013.01.023,46,explore_aware_on_matdisjoint_rows,0,0,1.1708756482606075,,,raw_seed0
ES1,0,3,10.3390/polym15030731,9,anchor,60,60,0.9474527408331116,60.0,1.0,raw_seed0
ES1,0,3,10.3390/polym15030731,9,aware_on_anchor_rows,60,60,1.1708756482606075,,1.0,raw_seed0
ES1,0,3,10.3390/polym15030731,9,explore_anchor_matdisjoint,0,0,1.4329401590584268,,,raw_seed0
ES1,0,3,10.3390/polym15030731,9,explore_aware8_on_anchor_rows,60,60,1.1604158741354045,,1.0,raw_seed0
ES1,0,3,10.3390/polym15030731,9,explore_aware_on_matdisjoint_rows,0,0,1.1708756482606075,,,raw_seed0
ES1,0,4,10.1007/s40204-017-0071-0,13,anchor,99,100,0.8655440461143936,100.0,0.99,raw_seed0
ES1,0,4,10.1007/s40204-017-0071-0,13,aware_on_anchor_rows,100,100,1.0515639711477096,,1.0,raw_seed0
ES1,0,4,10.1007/s40204-017-0071-0,13,explore_anchor_matdisjoint,0,0,1.4386247304800062,,,raw_seed0
ES1,0,4,10.1007/s40204-017-0071-0,13,explore_aware8_on_anchor_rows,100,100,1.027765791967174,,1.0,raw_seed0
ES1,0,4,10.1007/s40204-017-0071-0,13,explore_aware_on_matdisjoint_rows,0,0,1.0515639711477096,,,raw_seed0
ES1,0,4,10.1177/00219983221144696,44,anchor,241,410,0.8655440461143936,410.0,0.5878048780487805,raw_seed0
ES1,0,4,10.1177/00219983221144696,44,aware_on_anchor_rows,233,410,1.0515639711477096,,0.5682926829268292,raw_seed0
ES1,0,4,10.1177/00219983221144696,44,explore_anchor_matdisjoint,0,0,1.4386247304800062,,,raw_seed0
ES1,0,4,10.1177/00219983221144696,44,explore_aware8_on_anchor_rows,233,410,1.027765791967174,,0.5682926829268292,raw_seed0
ES1,0,4,10.1177/00219983221144696,44,explore_aware_on_matdisjoint_rows,0,0,1.0515639711477096,,,raw_seed0
ES1,0,4,https://www.researchgate.net/profile/dhananjay-pise/publication/277816900_study_of_process_parameters_affecting_the_diameter_and_morphology_of_electrospun_polyvinylidene_fluoride_pvdf_nanofibers/links/55751b5c08aeacff1ffcc4a8/study-of-process-parameters-affecting-the-diameter-and-morphology-of-electrospun-polyvinylidene-fluoride-pvdf-nanofibers.pdf,9,anchor,60,60,0.8655440461143936,60.0,1.0,raw_seed0
ES1,0,4,https://www.researchgate.net/profile/dhananjay-pise/publication/277816900_study_of_process_parameters_affecting_the_diameter_and_morphology_of_electrospun_polyvinylidene_fluoride_pvdf_nanofibers/links/55751b5c08aeacff1ffcc4a8/study-of-process-parameters-affecting-the-diameter-and-morphology-of-electrospun-polyvinylidene-fluoride-pvdf-nanofibers.pdf,9,aware_on_anchor_rows,60,60,1.0515639711477096,,1.0,raw_seed0
ES1,0,4,https://www.researchgate.net/profile/dhananjay-pise/publication/277816900_study_of_process_parameters_affecting_the_diameter_and_morphology_of_electrospun_polyvinylidene_fluoride_pvdf_nanofibers/links/55751b5c08aeacff1ffcc4a8/study-of-process-parameters-affecting-the-diameter-and-morphology-of-electrospun-polyvinylidene-fluoride-pvdf-nanofibers.pdf,9,explore_anchor_matdisjoint,0,0,1.4386247304800062,,,raw_seed0
ES1,0,4,https://www.researchgate.net/profile/dhananjay-pise/publication/277816900_study_of_process_parameters_affecting_the_diameter_and_morphology_of_electrospun_polyvinylidene_fluoride_pvdf_nanofibers/links/55751b5c08aeacff1ffcc4a8/study-of-process-parameters-affecting-the-diameter-and-morphology-of-electrospun-polyvinylidene-fluoride-pvdf-nanofibers.pdf,9,explore_aware8_on_anchor_rows,60,60,1.027765791967174,,1.0,raw_seed0
ES1,0,4,https://www.researchgate.net/profile/dhananjay-pise/publication/277816900_study_of_process_parameters_affecting_the_diameter_and_morphology_of_electrospun_polyvinylidene_fluoride_pvdf_nanofibers/links/55751b5c08aeacff1ffcc4a8/study-of-process-parameters-affecting-the-diameter-and-morphology-of-electrospun-polyvinylidene-fluoride-pvdf-nanofibers.pdf,9,explore_aware_on_matdisjoint_rows,0,0,1.0515639711477096,,,raw_seed0
ES1,0,5,10.1002/app.25464,16,anchor,88,130,0.9243350604142432,114.0,0.676923076923077,raw_seed0
ES1,0,5,10.1002/app.25464,16,aware_on_anchor_rows,107,130,1.1885064018231697,,0.823076923076923,raw_seed0
ES1,0,5,10.1002/app.25464,16,explore_anchor_matdisjoint,11,16,0.9799427595064688,,0.6875,raw_seed0
ES1,0,5,10.1002/app.25464,16,explore_aware8_on_anchor_rows,107,130,1.1788889817459678,,0.823076923076923,raw_seed0
ES1,0,5,10.1002/app.25464,16,explore_aware_on_matdisjoint_rows,13,16,1.1885064018231697,,0.8125,raw_seed0
ES1,0,5,10.1007/s12221-015-5263-4,38,anchor,289,350,0.9243350604142432,274.0,0.8257142857142857,raw_seed0
ES1,0,5,10.1007/s12221-015-5263-4,38,aware_on_anchor_rows,340,350,1.1885064018231697,,0.9714285714285714,raw_seed0
ES1,0,5,10.1007/s12221-015-5263-4,38,explore_anchor_matdisjoint,49,76,0.9799427595064688,,0.6447368421052632,raw_seed0
ES1,0,5,10.1007/s12221-015-5263-4,38,explore_aware8_on_anchor_rows,340,350,1.1788889817459678,,0.9714285714285714,raw_seed0
ES1,0,5,10.1007/s12221-015-5263-4,38,explore_aware_on_matdisjoint_rows,72,76,1.1885064018231697,,0.9473684210526315,raw_seed0
ES1,0,5,10.3390/polym15132813,10,anchor,70,70,0.9243350604142432,70.0,1.0,raw_seed0
ES1,0,5,10.3390/polym15132813,10,aware_on_anchor_rows,70,70,1.1885064018231697,,1.0,raw_seed0
ES1,0,5,10.3390/polym15132813,10,explore_anchor_matdisjoint,0,0,0.9799427595064688,,,raw_seed0
ES1,0,5,10.3390/polym15132813,10,explore_aware8_on_anchor_rows,70,70,1.1788889817459678,,1.0,raw_seed0
ES1,0,5,10.3390/polym15132813,10,explore_aware_on_matdisjoint_rows,0,0,1.1885064018231697,,,raw_seed0
ES1,0,6,10.1002/adv.21947,17,anchor,140,140,0.9820231727057288,140.0,1.0,raw_seed0
ES1,0,6,10.1002/adv.21947,17,aware_on_anchor_rows,140,140,1.1760933938252278,,1.0,raw_seed0
ES1,0,6,10.1002/adv.21947,17,explore_anchor_matdisjoint,0,0,1.4790973214294292,,,raw_seed0
ES1,0,6,10.1002/adv.21947,17,explore_aware8_on_anchor_rows,140,140,1.1454007199485805,,1.0,raw_seed0
ES1,0,6,10.1002/adv.21947,17,explore_aware_on_matdisjoint_rows,0,0,1.1760933938252278,,,raw_seed0
ES1,0,6,10.1016/j.polymer.2008.09.025,27,anchor,206,240,0.9820231727057288,240.0,0.8583333333333333,raw_seed0
ES1,0,6,10.1016/j.polymer.2008.09.025,27,aware_on_anchor_rows,172,240,1.1760933938252278,,0.7166666666666667,raw_seed0
ES1,0,6,10.1016/j.polymer.2008.09.025,27,explore_anchor_matdisjoint,0,0,1.4790973214294292,,,raw_seed0
ES1,0,6,10.1016/j.polymer.2008.09.025,27,explore_aware8_on_anchor_rows,164,240,1.1454007199485805,,0.6833333333333333,raw_seed0
ES1,0,6,10.1016/j.polymer.2008.09.025,27,explore_aware_on_matdisjoint_rows,0,0,1.1760933938252278,,,raw_seed0
ES1,0,6,10.1016/j.polymer.2020.123366,13,anchor,100,100,0.9820231727057288,100.0,1.0,raw_seed0
ES1,0,6,10.1016/j.polymer.2020.123366,13,aware_on_anchor_rows,100,100,1.1760933938252278,,1.0,raw_seed0
ES1,0,6,10.1016/j.polymer.2020.123366,13,explore_anchor_matdisjoint,0,0,1.4790973214294292,,,raw_seed0
ES1,0,6,10.1016/j.polymer.2020.123366,13,explore_aware8_on_anchor_rows,100,100,1.1454007199485805,,1.0,raw_seed0
ES1,0,6,10.1016/j.polymer.2020.123366,13,explore_aware_on_matdisjoint_rows,0,0,1.1760933938252278,,,raw_seed0
ES1,0,6,10.3139/217.3278,9,anchor,60,60,0.9820231727057288,60.0,1.0,raw_seed0
ES1,0,6,10.3139/217.3278,9,aware_on_anchor_rows,60,60,1.1760933938252278,,1.0,raw_seed0
ES1,0,6,10.3139/217.3278,9,explore_anchor_matdisjoint,0,0,1.4790973214294292,,,raw_seed0
ES1,0,6,10.3139/217.3278,9,explore_aware8_on_anchor_rows,60,60,1.1454007199485805,,1.0,raw_seed0
ES1,0,6,10.3139/217.3278,9,explore_aware_on_matdisjoint_rows,0,0,1.1760933938252278,,,raw_seed0
ES1,0,7,10.1002/app.36726,17,anchor,140,140,0.977784502634736,140.0,1.0,raw_seed0
ES1,0,7,10.1002/app.36726,17,aware_on_anchor_rows,140,140,1.0524913908988651,,1.0,raw_seed0
ES1,0,7,10.1002/app.36726,17,explore_anchor_matdisjoint,0,0,1.517703334913096,,,raw_seed0
ES1,0,7,10.1002/app.36726,17,explore_aware8_on_anchor_rows,140,140,0.9721906080820988,,1.0,raw_seed0
ES1,0,7,10.1002/app.36726,17,explore_aware_on_matdisjoint_rows,0,0,1.0524913908988651,,,raw_seed0
ES1,0,7,10.1002/polb.21380,12,anchor,90,90,0.977784502634736,81.0,1.0,raw_seed0
ES1,0,7,10.1002/polb.21380,12,aware_on_anchor_rows,90,90,1.0524913908988651,,1.0,raw_seed0
ES1,0,7,10.1002/polb.21380,12,explore_anchor_matdisjoint,9,9,1.517703334913096,,1.0,raw_seed0
ES1,0,7,10.1002/polb.21380,12,explore_aware8_on_anchor_rows,90,90,0.9721906080820988,,1.0,raw_seed0
ES1,0,7,10.1002/polb.21380,12,explore_aware_on_matdisjoint_rows,9,9,1.0524913908988651,,1.0,raw_seed0
ES1,0,7,10.1007/s00521-017-2996-6,13,anchor,100,100,0.977784502634736,100.0,1.0,raw_seed0
ES1,0,7,10.1007/s00521-017-2996-6,13,aware_on_anchor_rows,100,100,1.0524913908988651,,1.0,raw_seed0
ES1,0,7,10.1007/s00521-017-2996-6,13,explore_anchor_matdisjoint,0,0,1.517703334913096,,,raw_seed0
ES1,0,7,10.1007/s00521-017-2996-6,13,explore_aware8_on_anchor_rows,100,100,0.9721906080820988,,1.0,raw_seed0
ES1,0,7,10.1007/s00521-017-2996-6,13,explore_aware_on_matdisjoint_rows,0,0,1.0524913908988651,,,raw_seed0
ES1,0,7,10.3390/nano10061221,22,anchor,190,190,0.977784502634736,190.0,1.0,raw_seed0
ES1,0,7,10.3390/nano10061221,22,aware_on_anchor_rows,85,190,1.0524913908988651,,0.4473684210526316,raw_seed0
ES1,0,7,10.3390/nano10061221,22,explore_anchor_matdisjoint,0,0,1.517703334913096,,,raw_seed0
ES1,0,7,10.3390/nano10061221,22,explore_aware8_on_anchor_rows,44,190,0.9721906080820988,,0.23157894736842105,raw_seed0
ES1,0,7,10.3390/nano10061221,22,explore_aware_on_matdisjoint_rows,0,0,1.0524913908988651,,,raw_seed0
ES1,0,8,10.1007/s00521-014-1554-8,20,anchor,154,170,1.022813832111904,170.0,0.9058823529411765,raw_seed0
ES1,0,8,10.1007/s00521-014-1554-8,20,aware_on_anchor_rows,161,170,1.210500865572385,,0.9470588235294117,raw_seed0
ES1,0,8,10.1007/s00521-014-1554-8,20,explore_anchor_matdisjoint,0,0,1.4458979234789062,,,raw_seed0
ES1,0,8,10.1007/s00521-014-1554-8,20,explore_aware8_on_anchor_rows,161,170,1.2099437720887949,,0.9470588235294117,raw_seed0
ES1,0,8,10.1007/s00521-014-1554-8,20,explore_aware_on_matdisjoint_rows,0,0,1.210500865572385,,,raw_seed0
ES1,0,8,10.1016/j.jafr.2019.100015,15,anchor,120,120,1.022813832111904,120.0,1.0,raw_seed0
ES1,0,8,10.1016/j.jafr.2019.100015,15,aware_on_anchor_rows,120,120,1.210500865572385,,1.0,raw_seed0
ES1,0,8,10.1016/j.jafr.2019.100015,15,explore_anchor_matdisjoint,0,0,1.4458979234789062,,,raw_seed0
ES1,0,8,10.1016/j.jafr.2019.100015,15,explore_aware8_on_anchor_rows,120,120,1.2099437720887949,,1.0,raw_seed0
ES1,0,8,10.1016/j.jafr.2019.100015,15,explore_aware_on_matdisjoint_rows,0,0,1.210500865572385,,,raw_seed0
ES1,0,8,10.1080/1539445x.2010.495630,12,anchor,81,90,1.022813832111904,90.0,0.9,raw_seed0
ES1,0,8,10.1080/1539445x.2010.495630,12,aware_on_anchor_rows,82,90,1.210500865572385,,0.9111111111111111,raw_seed0
ES1,0,8,10.1080/1539445x.2010.495630,12,explore_anchor_matdisjoint,0,0,1.4458979234789062,,,raw_seed0
ES1,0,8,10.1080/1539445x.2010.495630,12,explore_aware8_on_anchor_rows,82,90,1.2099437720887949,,0.9111111111111111,raw_seed0
ES1,0,8,10.1080/1539445x.2010.495630,12,explore_aware_on_matdisjoint_rows,0,0,1.210500865572385,,,raw_seed0
ES1,0,8,https://www.sciencedirect.com/science/article/pii/s0927776511005522,18,anchor,150,150,1.022813832111904,142.0,1.0,raw_seed0
ES1,0,8,https://www.sciencedirect.com/science/article/pii/s0927776511005522,18,aware_on_anchor_rows,150,150,1.210500865572385,,1.0,raw_seed0
ES1,0,8,https://www.sciencedirect.com/science/article/pii/s0927776511005522,18,explore_anchor_matdisjoint,8,8,1.4458979234789062,,1.0,raw_seed0
ES1,0,8,https://www.sciencedirect.com/science/article/pii/s0927776511005522,18,explore_aware8_on_anchor_rows,150,150,1.2099437720887949,,1.0,raw_seed0
ES1,0,8,https://www.sciencedirect.com/science/article/pii/s0927776511005522,18,explore_aware_on_matdisjoint_rows,8,8,1.210500865572385,,1.0,raw_seed0
ES1,0,9,10.1002/app.32569,20,anchor,170,170,0.9572042974689772,170.0,1.0,raw_seed0
ES1,0,9,10.1002/app.32569,20,aware_on_anchor_rows,170,170,1.192444135197691,,1.0,raw_seed0
ES1,0,9,10.1002/app.32569,20,explore_anchor_matdisjoint,0,0,1.6361506224548965,,,raw_seed0
ES1,0,9,10.1002/app.32569,20,explore_aware8_on_anchor_rows,170,170,1.190893605778375,,1.0,raw_seed0
ES1,0,9,10.1002/app.32569,20,explore_aware_on_matdisjoint_rows,0,0,1.192444135197691,,,raw_seed0
ES1,0,9,10.1007/s10965-014-0571-8.,18,anchor,100,150,0.9572042974689772,150.0,0.6666666666666666,raw_seed0
ES1,0,9,10.1007/s10965-014-0571-8.,18,aware_on_anchor_rows,134,150,1.192444135197691,,0.8933333333333333,raw_seed0
ES1,0,9,10.1007/s10965-014-0571-8.,18,explore_anchor_matdisjoint,0,0,1.6361506224548965,,,raw_seed0
ES1,0,9,10.1007/s10965-014-0571-8.,18,explore_aware8_on_anchor_rows,134,150,1.190893605778375,,0.8933333333333333,raw_seed0
ES1,0,9,10.1007/s10965-014-0571-8.,18,explore_aware_on_matdisjoint_rows,0,0,1.192444135197691,,,raw_seed0
ES1,0,9,10.1016/j.molliq.2023.122819,10,anchor,63,70,0.9572042974689772,60.0,0.9,raw_seed0
ES1,0,9,10.1016/j.molliq.2023.122819,10,aware_on_anchor_rows,70,70,1.192444135197691,,1.0,raw_seed0
ES1,0,9,10.1016/j.molliq.2023.122819,10,explore_anchor_matdisjoint,10,10,1.6361506224548965,,1.0,raw_seed0
ES1,0,9,10.1016/j.molliq.2023.122819,10,explore_aware8_on_anchor_rows,70,70,1.190893605778375,,1.0,raw_seed0
ES1,0,9,10.1016/j.molliq.2023.122819,10,explore_aware_on_matdisjoint_rows,10,10,1.192444135197691,,1.0,raw_seed0
ES1,0,9,10.1016/j.polymer.2014.06.032,8,anchor,50,50,0.9572042974689772,50.0,1.0,raw_seed0
ES1,0,9,10.1016/j.polymer.2014.06.032,8,aware_on_anchor_rows,50,50,1.192444135197691,,1.0,raw_seed0
ES1,0,9,10.1016/j.polymer.2014.06.032,8,explore_anchor_matdisjoint,0,0,1.6361506224548965,,,raw_seed0
ES1,0,9,10.1016/j.polymer.2014.06.032,8,explore_aware8_on_anchor_rows,50,50,1.190893605778375,,1.0,raw_seed0
ES1,0,9,10.1016/j.polymer.2014.06.032,8,explore_aware_on_matdisjoint_rows,0,0,1.192444135197691,,,raw_seed0
ES1,0,9,10.1515/epoly-2022-8106,15,anchor,120,120,0.9572042974689772,120.0,1.0,raw_seed0
ES1,0,9,10.1515/epoly-2022-8106,15,aware_on_anchor_rows,120,120,1.192444135197691,,1.0,raw_seed0
ES1,0,9,10.1515/epoly-2022-8106,15,explore_anchor_matdisjoint,0,0,1.6361506224548965,,,raw_seed0
ES1,0,9,10.1515/epoly-2022-8106,15,explore_aware8_on_anchor_rows,120,120,1.190893605778375,,1.0,raw_seed0
ES1,0,9,10.1515/epoly-2022-8106,15,explore_aware_on_matdisjoint_rows,0,0,1.192444135197691,,,raw_seed0
ES2,0,0,10.1117/12.837918,56,anchor,256,530,0.6422399813962085,530.0,0.4830188679245283,raw_seed0
ES2,0,0,10.1117/12.837918,56,aware_on_anchor_rows,190,530,1.242555177512969,,0.3584905660377358,raw_seed0
ES2,0,0,10.1117/12.837918,56,explore_anchor_matdisjoint,0,0,0.632330554630173,,,raw_seed0
ES2,0,0,10.1117/12.837918,56,explore_aware8_on_anchor_rows,190,530,1.231430253071526,,0.3584905660377358,raw_seed0
ES2,0,0,10.1117/12.837918,56,explore_aware_on_matdisjoint_rows,0,0,1.242555177512969,,,raw_seed0
ES2,0,1,10.1088/1757-899x/230/1/012043,32,anchor,290,290,1.0739441083960128,290.0,1.0,raw_seed0
ES2,0,1,10.1088/1757-899x/230/1/012043,32,aware_on_anchor_rows,280,290,1.7318413486332205,,0.9655172413793104,raw_seed0
ES2,0,1,10.1088/1757-899x/230/1/012043,32,explore_anchor_matdisjoint,0,0,0.8696193714091437,,,raw_seed0
ES2,0,1,10.1088/1757-899x/230/1/012043,32,explore_aware8_on_anchor_rows,290,290,1.881294407457243,,1.0,raw_seed0
ES2,0,1,10.1088/1757-899x/230/1/012043,32,explore_aware_on_matdisjoint_rows,0,0,1.7318413486332205,,,raw_seed0
ES2,0,2,FERN lab experiment data ,25,anchor,220,220,1.1435689299037184,220.0,1.0,raw_seed0
ES2,0,2,FERN lab experiment data ,25,aware_on_anchor_rows,220,220,1.7457540660465725,,1.0,raw_seed0
ES2,0,2,FERN lab experiment data ,25,explore_anchor_matdisjoint,0,0,0.7973317502985012,,,raw_seed0
ES2,0,2,FERN lab experiment data ,25,explore_aware8_on_anchor_rows,220,220,1.9690327640064504,,1.0,raw_seed0
ES2,0,2,FERN lab experiment data ,25,explore_aware_on_matdisjoint_rows,0,0,1.7457540660465725,,,raw_seed0
ES2,0,3,10.1007/s10965-014-0571-8,18,anchor,138,150,1.1592692035427117,142.0,0.92,raw_seed0
ES2,0,3,10.1007/s10965-014-0571-8,18,aware_on_anchor_rows,150,150,1.7944355540653385,,1.0,raw_seed0
ES2,0,3,10.1007/s10965-014-0571-8,18,explore_anchor_matdisjoint,0,0,,,,raw_seed0
ES2,0,3,10.1007/s10965-014-0571-8,18,explore_aware8_on_anchor_rows,150,150,1.913462752656112,,1.0,raw_seed0
ES2,0,3,10.1007/s10965-014-0571-8,18,explore_aware_on_matdisjoint_rows,0,0,1.7944355540653385,,,raw_seed0
ES2,0,4,10.1007/s40204-017-0071-0,13,anchor,100,100,1.1896971280297308,100.0,1.0,raw_seed0
ES2,0,4,10.1007/s40204-017-0071-0,13,aware_on_anchor_rows,100,100,1.774623255813114,,1.0,raw_seed0
ES2,0,4,10.1007/s40204-017-0071-0,13,explore_anchor_matdisjoint,0,0,0.9152277348192752,,,raw_seed0
ES2,0,4,10.1007/s40204-017-0071-0,13,explore_aware8_on_anchor_rows,100,100,1.869923228504835,,1.0,raw_seed0
ES2,0,4,10.1007/s40204-017-0071-0,13,explore_aware_on_matdisjoint_rows,0,0,1.774623255813114,,,raw_seed0
ES2,0,5,10.1080/1539445x.2010.495630,12,anchor,90,90,1.1696069447971529,90.0,1.0,raw_seed0
ES2,0,5,10.1080/1539445x.2010.495630,12,aware_on_anchor_rows,90,90,1.7783058068379294,,1.0,raw_seed0
ES2,0,5,10.1080/1539445x.2010.495630,12,explore_anchor_matdisjoint,0,0,1.14984718117948,,,raw_seed0
ES2,0,5,10.1080/1539445x.2010.495630,12,explore_aware8_on_anchor_rows,90,90,1.8643213976738844,,1.0,raw_seed0
ES2,0,5,10.1080/1539445x.2010.495630,12,explore_aware_on_matdisjoint_rows,0,0,1.7783058068379294,,,raw_seed0
ES2,0,6,"K. Castkova, J. Kastyl, D. Sobola, J. Petrus, E. Stast-, Str",11,anchor,80,80,1.0554594997264248,80.0,1.0,raw_seed0
ES2,0,6,"K. Castkova, J. Kastyl, D. Sobola, J. Petrus, E. Stast-, Str",11,aware_on_anchor_rows,80,80,1.7407366775106743,,1.0,raw_seed0
ES2,0,6,"K. Castkova, J. Kastyl, D. Sobola, J. Petrus, E. Stast-, Str",11,explore_anchor_matdisjoint,0,0,0.8345791083328282,,,raw_seed0
ES2,0,6,"K. Castkova, J. Kastyl, D. Sobola, J. Petrus, E. Stast-, Str",11,explore_aware8_on_anchor_rows,80,80,1.922909625206727,,1.0,raw_seed0
ES2,0,6,"K. Castkova, J. Kastyl, D. Sobola, J. Petrus, E. Stast-, Str",11,explore_aware_on_matdisjoint_rows,0,0,1.7407366775106743,,,raw_seed0
ES2,0,7,"D.D. Pise, B.B. Ahuja, S.M. Shendokar, Study of Process Para",9,anchor,60,60,1.0424907836131998,60.0,1.0,raw_seed0
ES2,0,7,"D.D. Pise, B.B. Ahuja, S.M. Shendokar, Study of Process Para",9,aware_on_anchor_rows,60,60,1.7801338839252896,,1.0,raw_seed0
ES2,0,7,"D.D. Pise, B.B. Ahuja, S.M. Shendokar, Study of Process Para",9,explore_anchor_matdisjoint,0,0,0.6683637920651987,,,raw_seed0
ES2,0,7,"D.D. Pise, B.B. Ahuja, S.M. Shendokar, Study of Process Para",9,explore_aware8_on_anchor_rows,60,60,1.928578280932252,,1.0,raw_seed0
ES2,0,7,"D.D. Pise, B.B. Ahuja, S.M. Shendokar, Study of Process Para",9,explore_aware_on_matdisjoint_rows,0,0,1.7801338839252896,,,raw_seed0
ES2,0,8,10.1002/app.42304,9,anchor,60,60,1.1100160273235729,45.0,1.0,raw_seed0
ES2,0,8,10.1002/app.42304,9,aware_on_anchor_rows,60,60,1.7365742333165972,,1.0,raw_seed0
ES2,0,8,10.1002/app.42304,9,explore_anchor_matdisjoint,0,0,,,,raw_seed0
ES2,0,8,10.1002/app.42304,9,explore_aware8_on_anchor_rows,60,60,1.866234917173582,,1.0,raw_seed0
ES2,0,8,10.1002/app.42304,9,explore_aware_on_matdisjoint_rows,0,0,1.7365742333165972,,,raw_seed0
ES2,0,9,10.1007/s10853-013-7341-6,8,anchor,50,50,1.046416638433315,50.0,1.0,raw_seed0
ES2,0,9,10.1007/s10853-013-7341-6,8,aware_on_anchor_rows,50,50,2.0358848797928357,,1.0,raw_seed0
ES2,0,9,10.1007/s10853-013-7341-6,8,explore_anchor_matdisjoint,0,0,0.8688087963683526,,,raw_seed0
ES2,0,9,10.1007/s10853-013-7341-6,8,explore_aware8_on_anchor_rows,50,50,2.192615898631546,,1.0,raw_seed0
ES2,0,9,10.1007/s10853-013-7341-6,8,explore_aware_on_matdisjoint_rows,0,0,2.0358848797928357,,,raw_seed0
IL_CELL,0,0,"Green Chem., 2014, 16,1326",117,anchor,1008,1140,22.259575358632155,222.0,0.8842105263157894,raw_seed0
IL_CELL,0,0,"Green Chem., 2014, 16,1326",117,aware_on_anchor_rows,1080,1140,23.41864814814816,,0.9473684210526315,raw_seed0
IL_CELL,0,0,"Green Chem., 2014, 16,1326",117,explore_anchor_matdisjoint,806,918,22.476019239770597,,0.8779956427015251,raw_seed0
IL_CELL,0,0,"Green Chem., 2014, 16,1326",117,explore_aware8_on_anchor_rows,1080,1140,23.309487448074304,,0.9473684210526315,raw_seed0
IL_CELL,0,0,"Green Chem., 2014, 16,1326",117,explore_aware_on_matdisjoint_rows,870,918,23.41864814814816,,0.9477124183006536,raw_seed0
IL_CELL,0,1,"Macromolecules 2018, 51, 4158âˆ’4166",84,anchor,582,810,20.306045712640845,95.0,0.7185185185185186,raw_seed0
IL_CELL,0,1,"Macromolecules 2018, 51, 4158âˆ’4166",84,aware_on_anchor_rows,667,810,21.01428264974934,,0.8234567901234567,raw_seed0
IL_CELL,0,1,"Macromolecules 2018, 51, 4158âˆ’4166",84,explore_anchor_matdisjoint,516,715,20.38717454078803,,0.7216783216783217,raw_seed0
IL_CELL,0,1,"Macromolecules 2018, 51, 4158âˆ’4166",84,explore_aware8_on_anchor_rows,667,810,20.594777781265154,,0.8234567901234567,raw_seed0
IL_CELL,0,1,"Macromolecules 2018, 51, 4158âˆ’4166",84,explore_aware_on_matdisjoint_rows,584,715,21.01428264974934,,0.8167832167832167,raw_seed0
IL_CELL,0,2,"Macromolecules 2020, 53, 3284âˆ’3295",59,anchor,489,560,22.962385927398252,60.0,0.8732142857142857,raw_seed0
IL_CELL,0,2,"Macromolecules 2020, 53, 3284âˆ’3295",59,aware_on_anchor_rows,439,560,21.20561934389556,,0.7839285714285714,raw_seed0
IL_CELL,0,2,"Macromolecules 2020, 53, 3284âˆ’3295",59,explore_anchor_matdisjoint,433,500,22.6856501212848,,0.866,raw_seed0
IL_CELL,0,2,"Macromolecules 2020, 53, 3284âˆ’3295",59,explore_aware8_on_anchor_rows,431,560,20.828579070529475,,0.7696428571428572,raw_seed0
IL_CELL,0,2,"Macromolecules 2020, 53, 3284âˆ’3295",59,explore_aware_on_matdisjoint_rows,397,500,21.20561934389556,,0.794,raw_seed0
IL_CELL,0,3,Y. Zhang et al. / Carbohydrate Polymers 117 (2015) 666â€“672,49,anchor,396,460,21.76008501179863,145.0,0.8608695652173913,raw_seed0
IL_CELL,0,3,Y. Zhang et al. / Carbohydrate Polymers 117 (2015) 666â€“672,49,aware_on_anchor_rows,431,460,22.393465975798627,,0.9369565217391305,raw_seed0
IL_CELL,0,3,Y. Zhang et al. / Carbohydrate Polymers 117 (2015) 666â€“672,49,explore_anchor_matdisjoint,272,315,21.927630249523443,,0.8634920634920635,raw_seed0
IL_CELL,0,3,Y. Zhang et al. / Carbohydrate Polymers 117 (2015) 666â€“672,49,explore_aware8_on_anchor_rows,401,460,21.893962187671303,,0.8717391304347826,raw_seed0
IL_CELL,0,3,Y. Zhang et al. / Carbohydrate Polymers 117 (2015) 666â€“672,49,explore_aware_on_matdisjoint_rows,291,315,22.393465975798627,,0.9238095238095239,raw_seed0
IL_CELL,0,4,European Polymer Journal 92 (2017) 204â€“212,8,anchor,50,50,23.272739391943265,9.0,1.0,raw_seed0
IL_CELL,0,4,European Polymer Journal 92 (2017) 204â€“212,8,aware_on_anchor_rows,50,50,22.22410597921664,,1.0,raw_seed0
IL_CELL,0,4,European Polymer Journal 92 (2017) 204â€“212,8,explore_anchor_matdisjoint,41,41,23.286270502961536,,1.0,raw_seed0
IL_CELL,0,4,European Polymer Journal 92 (2017) 204â€“212,8,explore_aware8_on_anchor_rows,50,50,22.207756446959607,,1.0,raw_seed0
IL_CELL,0,4,European Polymer Journal 92 (2017) 204â€“212,8,explore_aware_on_matdisjoint_rows,41,41,22.22410597921664,,1.0,raw_seed0
IL_CELL,0,4,"RSC Adv., 2012, 2, 2476â€“2479",45,anchor,412,420,23.272739391943265,60.0,0.9809523809523809,raw_seed0
IL_CELL,0,4,"RSC Adv., 2012, 2, 2476â€“2479",45,aware_on_anchor_rows,420,420,22.22410597921664,,1.0,raw_seed0
IL_CELL,0,4,"RSC Adv., 2012, 2, 2476â€“2479",45,explore_anchor_matdisjoint,352,360,23.286270502961536,,0.9777777777777777,raw_seed0
IL_CELL,0,4,"RSC Adv., 2012, 2, 2476â€“2479",45,explore_aware8_on_anchor_rows,420,420,22.207756446959607,,1.0,raw_seed0
IL_CELL,0,4,"RSC Adv., 2012, 2, 2476â€“2479",45,explore_aware_on_matdisjoint_rows,360,360,22.22410597921664,,1.0,raw_seed0
IL_CELL,0,5,Baek et al. / Journal of Molecular Liquids 234 (2017) 111â€“116,12,anchor,85,90,21.732179152206584,0.0,0.9444444444444444,raw_seed0
IL_CELL,0,5,Baek et al. / Journal of Molecular Liquids 234 (2017) 111â€“116,12,aware_on_anchor_rows,81,90,22.20484363380148,,0.9,raw_seed0
IL_CELL,0,5,Baek et al. / Journal of Molecular Liquids 234 (2017) 111â€“116,12,explore_anchor_matdisjoint,85,90,21.888536817790065,,0.9444444444444444,raw_seed0
IL_CELL,0,5,Baek et al. / Journal of Molecular Liquids 234 (2017) 111â€“116,12,explore_aware8_on_anchor_rows,81,90,21.6249279227574,,0.9,raw_seed0
IL_CELL,0,5,Baek et al. / Journal of Molecular Liquids 234 (2017) 111â€“116,12,explore_aware_on_matdisjoint_rows,81,90,22.20484363380148,,0.9,raw_seed0
IL_CELL,0,5,"Green Chem., 2009,11, 417-424",33,anchor,290,300,21.732179152206584,0.0,0.9666666666666667,raw_seed0
IL_CELL,0,5,"Green Chem., 2009,11, 417-424",33,aware_on_anchor_rows,300,300,22.20484363380148,,1.0,raw_seed0
IL_CELL,0,5,"Green Chem., 2009,11, 417-424",33,explore_anchor_matdisjoint,291,300,21.888536817790065,,0.97,raw_seed0
IL_CELL,0,5,"Green Chem., 2009,11, 417-424",33,explore_aware8_on_anchor_rows,300,300,21.6249279227574,,1.0,raw_seed0
IL_CELL,0,5,"Green Chem., 2009,11, 417-424",33,explore_aware_on_matdisjoint_rows,300,300,22.20484363380148,,1.0,raw_seed0
IL_CELL,0,5,"Ind. Eng. Chem. Res. 2010, 49, 11809â€“11813",8,anchor,50,50,21.732179152206584,0.0,1.0,raw_seed0
IL_CELL,0,5,"Ind. Eng. Chem. Res. 2010, 49, 11809â€“11813",8,aware_on_anchor_rows,50,50,22.20484363380148,,1.0,raw_seed0
IL_CELL,0,5,"Ind. Eng. Chem. Res. 2010, 49, 11809â€“11813",8,explore_anchor_matdisjoint,50,50,21.888536817790065,,1.0,raw_seed0
IL_CELL,0,5,"Ind. Eng. Chem. Res. 2010, 49, 11809â€“11813",8,explore_aware8_on_anchor_rows,50,50,21.6249279227574,,1.0,raw_seed0
IL_CELL,0,5,"Ind. Eng. Chem. Res. 2010, 49, 11809â€“11813",8,explore_aware_on_matdisjoint_rows,50,50,22.20484363380148,,1.0,raw_seed0
IL_CELL,0,6,"Green Chem., 2010, 12, 268â€“275",32,anchor,289,290,22.86242405086916,78.0,0.996551724137931,raw_seed0
IL_CELL,0,6,"Green Chem., 2010, 12, 268â€“275",32,aware_on_anchor_rows,290,290,21.341110393385023,,1.0,raw_seed0
IL_CELL,0,6,"Green Chem., 2010, 12, 268â€“275",32,explore_anchor_matdisjoint,212,212,23.022593612042566,,1.0,raw_seed0
IL_CELL,0,6,"Green Chem., 2010, 12, 268â€“275",32,explore_aware8_on_anchor_rows,290,290,21.341110393385023,,1.0,raw_seed0
IL_CELL,0,6,"Green Chem., 2010, 12, 268â€“275",32,explore_aware_on_matdisjoint_rows,212,212,21.341110393385023,,1.0,raw_seed0
IL_CELL,0,6,"Sci China Chem, 2016, 59: 1421â€“1429",13,anchor,92,100,22.86242405086916,0.0,0.92,raw_seed0
IL_CELL,0,6,"Sci China Chem, 2016, 59: 1421â€“1429",13,aware_on_anchor_rows,90,100,21.341110393385023,,0.9,raw_seed0
IL_CELL,0,6,"Sci China Chem, 2016, 59: 1421â€“1429",13,explore_anchor_matdisjoint,92,100,23.022593612042566,,0.92,raw_seed0
IL_CELL,0,6,"Sci China Chem, 2016, 59: 1421â€“1429",13,explore_aware8_on_anchor_rows,90,100,21.341110393385023,,0.9,raw_seed0
IL_CELL,0,6,"Sci China Chem, 2016, 59: 1421â€“1429",13,explore_aware_on_matdisjoint_rows,90,100,21.341110393385023,,0.9,raw_seed0
IL_CELL,0,7,"Green Chem., 2008, 10, 696â€“705",31,anchor,279,280,22.414230012762477,0.0,0.9964285714285714,raw_seed0
IL_CELL,0,7,"Green Chem., 2008, 10, 696â€“705",31,aware_on_anchor_rows,270,280,21.13367870280904,,0.9642857142857143,raw_seed0
IL_CELL,0,7,"Green Chem., 2008, 10, 696â€“705",31,explore_anchor_matdisjoint,279,280,22.35571738034577,,0.9964285714285714,raw_seed0
IL_CELL,0,7,"Green Chem., 2008, 10, 696â€“705",31,explore_aware8_on_anchor_rows,270,280,20.71562719678376,,0.9642857142857143,raw_seed0
IL_CELL,0,7,"Green Chem., 2008, 10, 696â€“705",31,explore_aware_on_matdisjoint_rows,270,280,21.13367870280904,,0.9642857142857143,raw_seed0
IL_CELL,0,7,"Green Chem., 2012, 14, 304â€“307",15,anchor,120,120,22.414230012762477,0.0,1.0,raw_seed0
IL_CELL,0,7,"Green Chem., 2012, 14, 304â€“307",15,aware_on_anchor_rows,120,120,21.13367870280904,,1.0,raw_seed0
IL_CELL,0,7,"Green Chem., 2012, 14, 304â€“307",15,explore_anchor_matdisjoint,120,120,22.35571738034577,,1.0,raw_seed0
IL_CELL,0,7,"Green Chem., 2012, 14, 304â€“307",15,explore_aware8_on_anchor_rows,120,120,20.71562719678376,,1.0,raw_seed0
IL_CELL,0,7,"Green Chem., 2012, 14, 304â€“307",15,explore_aware_on_matdisjoint_rows,120,120,21.13367870280904,,1.0,raw_seed0
IL_CELL,0,8,"ChemSusChem 2012, 5, 388 â€“ 391",28,anchor,250,250,22.31281455836638,0.0,1.0,raw_seed0
IL_CELL,0,8,"ChemSusChem 2012, 5, 388 â€“ 391",28,aware_on_anchor_rows,250,250,20.66125357470804,,1.0,raw_seed0
IL_CELL,0,8,"ChemSusChem 2012, 5, 388 â€“ 391",28,explore_anchor_matdisjoint,250,250,22.33810146505155,,1.0,raw_seed0
IL_CELL,0,8,"ChemSusChem 2012, 5, 388 â€“ 391",28,explore_aware8_on_anchor_rows,250,250,20.21773626372676,,1.0,raw_seed0
IL_CELL,0,8,"ChemSusChem 2012, 5, 388 â€“ 391",28,explore_aware_on_matdisjoint_rows,250,250,20.66125357470804,,1.0,raw_seed0
IL_CELL,0,8,I. GrÃ¸ssereid et al. / Journal of Molecular Liquids 292 (2019) 111353,16,anchor,130,130,22.31281455836638,0.0,1.0,raw_seed0
IL_CELL,0,8,I. GrÃ¸ssereid et al. / Journal of Molecular Liquids 292 (2019) 111353,16,aware_on_anchor_rows,70,130,20.66125357470804,,0.5384615384615384,raw_seed0
IL_CELL,0,8,I. GrÃ¸ssereid et al. / Journal of Molecular Liquids 292 (2019) 111353,16,explore_anchor_matdisjoint,130,130,22.33810146505155,,1.0,raw_seed0
IL_CELL,0,8,I. GrÃ¸ssereid et al. / Journal of Molecular Liquids 292 (2019) 111353,16,explore_aware8_on_anchor_rows,60,130,20.21773626372676,,0.46153846153846156,raw_seed0
IL_CELL,0,8,I. GrÃ¸ssereid et al. / Journal of Molecular Liquids 292 (2019) 111353,16,explore_aware_on_matdisjoint_rows,70,130,20.66125357470804,,0.5384615384615384,raw_seed0
IL_CELL,0,8,"Phys. Chem. Chem. Phys., 2015, 17, 32276--32282",10,anchor,70,70,22.31281455836638,8.0,1.0,raw_seed0
IL_CELL,0,8,"Phys. Chem. Chem. Phys., 2015, 17, 32276--32282",10,aware_on_anchor_rows,70,70,20.66125357470804,,1.0,raw_seed0
IL_CELL,0,8,"Phys. Chem. Chem. Phys., 2015, 17, 32276--32282",10,explore_anchor_matdisjoint,62,62,22.33810146505155,,1.0,raw_seed0
IL_CELL,0,8,"Phys. Chem. Chem. Phys., 2015, 17, 32276--32282",10,explore_aware8_on_anchor_rows,70,70,20.21773626372676,,1.0,raw_seed0
IL_CELL,0,8,"Phys. Chem. Chem. Phys., 2015, 17, 32276--32282",10,explore_aware_on_matdisjoint_rows,62,62,20.66125357470804,,1.0,raw_seed0
IL_CELL,0,9,"Biotechnology and Bioengineering, Vol. 112, No. 1, January, 2015",21,anchor,180,180,21.99237593531828,2.0,1.0,raw_seed0
IL_CELL,0,9,"Biotechnology and Bioengineering, Vol. 112, No. 1, January, 2015",21,aware_on_anchor_rows,180,180,20.69534071030837,,1.0,raw_seed0
IL_CELL,0,9,"Biotechnology and Bioengineering, Vol. 112, No. 1, January, 2015",21,explore_anchor_matdisjoint,178,178,21.80429335263889,,1.0,raw_seed0
IL_CELL,0,9,"Biotechnology and Bioengineering, Vol. 112, No. 1, January, 2015",21,explore_aware8_on_anchor_rows,180,180,20.32087671803536,,1.0,raw_seed0
IL_CELL,0,9,"Biotechnology and Bioengineering, Vol. 112, No. 1, January, 2015",21,explore_aware_on_matdisjoint_rows,178,178,20.69534071030837,,1.0,raw_seed0
IL_CELL,0,9,Carbohydrate Polymers 229 (2020) 115594,11,anchor,80,80,21.99237593531828,0.0,1.0,raw_seed0
IL_CELL,0,9,Carbohydrate Polymers 229 (2020) 115594,11,aware_on_anchor_rows,69,80,20.69534071030837,,0.8625,raw_seed0
IL_CELL,0,9,Carbohydrate Polymers 229 (2020) 115594,11,explore_anchor_matdisjoint,80,80,21.80429335263889,,1.0,raw_seed0
IL_CELL,0,9,Carbohydrate Polymers 229 (2020) 115594,11,explore_aware8_on_anchor_rows,69,80,20.32087671803536,,0.8625,raw_seed0
IL_CELL,0,9,Carbohydrate Polymers 229 (2020) 115594,11,explore_aware_on_matdisjoint_rows,69,80,20.69534071030837,,0.8625,raw_seed0
IL_CELL,0,9,"RSC Adv., 2012, 2, 8429â€“8438",19,anchor,160,160,21.99237593531828,0.0,1.0,raw_seed0
IL_CELL,0,9,"RSC Adv., 2012, 2, 8429â€“8438",19,aware_on_anchor_rows,160,160,20.69534071030837,,1.0,raw_seed0
IL_CELL,0,9,"RSC Adv., 2012, 2, 8429â€“8438",19,explore_anchor_matdisjoint,160,160,21.80429335263889,,1.0,raw_seed0
IL_CELL,0,9,"RSC Adv., 2012, 2, 8429â€“8438",19,explore_aware8_on_anchor_rows,160,160,20.32087671803536,,1.0,raw_seed0
IL_CELL,0,9,"RSC Adv., 2012, 2, 8429â€“8438",19,explore_aware_on_matdisjoint_rows,160,160,20.69534071030837,,1.0,raw_seed0
DYE,0,0,Lab,70,anchor,514,670,74.56423183421524,0.0,0.7671641791044777,dedup
DYE,0,0,Lab,70,aware_on_anchor_rows,546,670,93.42200502645498,,0.8149253731343283,dedup
DYE,0,0,Lab,70,explore_anchor_matdisjoint,514,670,74.56423183421524,,0.7671641791044777,dedup
DYE,0,0,Lab,70,explore_aware8_on_anchor_rows,591,670,98.70271666666666,,0.8820895522388059,dedup
DYE,0,0,Lab,70,explore_aware_on_matdisjoint_rows,546,670,93.42200502645498,,0.8149253731343283,dedup
DYE,0,1,[9],11,anchor,78,80,99.3821046657048,0.0,0.975,dedup
DYE,0,1,[9],11,aware_on_anchor_rows,80,80,98.06145411255405,,1.0,dedup
DYE,0,1,[9],11,explore_anchor_matdisjoint,78,80,99.3821046657048,,0.975,dedup
DYE,0,1,[9],11,explore_aware8_on_anchor_rows,80,80,107.32576782106776,,1.0,dedup
DYE,0,1,[9],11,explore_aware_on_matdisjoint_rows,80,80,98.06145411255405,,1.0,dedup
DYE,0,2,[5],10,anchor,70,70,96.7252311287478,0.0,1.0,dedup
DYE,0,2,[5],10,aware_on_anchor_rows,70,70,99.74541798941809,,1.0,dedup
DYE,0,2,[5],10,explore_anchor_matdisjoint,70,70,96.7252311287478,,1.0,dedup
DYE,0,2,[5],10,explore_aware8_on_anchor_rows,70,70,102.87433333333333,,1.0,dedup
DYE,0,2,[5],10,explore_aware_on_matdisjoint_rows,70,70,99.74541798941809,,1.0,dedup
DYE,0,3,[11],9,anchor,58,60,96.73859391534398,0.0,0.9666666666666667,dedup
DYE,0,3,[11],9,aware_on_anchor_rows,60,60,100.82141851851851,,1.0,dedup
DYE,0,3,[11],9,explore_anchor_matdisjoint,58,60,96.73859391534398,,0.9666666666666667,dedup
DYE,0,3,[11],9,explore_aware8_on_anchor_rows,60,60,109.11275132275132,,1.0,dedup
DYE,0,3,[11],9,explore_aware_on_matdisjoint_rows,60,60,100.82141851851851,,1.0,dedup
DYE,1,0,Lab,70,anchor,438,670,65.78889188712517,0.0,0.6537313432835821,dedup
DYE,1,0,Lab,70,aware_on_anchor_rows,526,670,89.72963333333335,,0.7850746268656716,dedup
DYE,1,0,Lab,70,explore_anchor_matdisjoint,438,670,65.78889188712517,,0.6537313432835821,dedup
DYE,1,0,Lab,70,explore_aware8_on_anchor_rows,555,670,95.5009529100528,,0.8283582089552238,dedup
DYE,1,0,Lab,70,explore_aware_on_matdisjoint_rows,526,670,89.72963333333335,,0.7850746268656716,dedup
DYE,1,1,[9],11,anchor,75,80,94.9808516754852,0.0,0.9375,dedup
DYE,1,1,[9],11,aware_on_anchor_rows,80,80,101.94736084656094,,1.0,dedup
DYE,1,1,[9],11,explore_anchor_matdisjoint,75,80,94.9808516754852,,0.9375,dedup
DYE,1,1,[9],11,explore_aware8_on_anchor_rows,80,80,113.07787936507944,,1.0,dedup
DYE,1,1,[9],11,explore_aware_on_matdisjoint_rows,80,80,101.94736084656094,,1.0,dedup
DYE,1,2,[5],10,anchor,70,70,100.69494012345686,0.0,1.0,dedup
DYE,1,2,[5],10,aware_on_anchor_rows,70,70,101.2244373015872,,1.0,dedup
DYE,1,2,[5],10,explore_anchor_matdisjoint,70,70,100.69494012345686,,1.0,dedup
DYE,1,2,[5],10,explore_aware8_on_anchor_rows,70,70,103.010707142857,,1.0,dedup
DYE,1,2,[5],10,explore_aware_on_matdisjoint_rows,70,70,101.2244373015872,,1.0,dedup
DYE,1,3,[11],9,anchor,60,60,106.33480582010591,0.0,1.0,dedup
DYE,1,3,[11],9,aware_on_anchor_rows,60,60,102.34210873015886,,1.0,dedup
DYE,1,3,[11],9,explore_anchor_matdisjoint,60,60,106.33480582010591,,1.0,dedup
DYE,1,3,[11],9,explore_aware8_on_anchor_rows,60,60,109.6996809523809,,1.0,dedup
DYE,1,3,[11],9,explore_aware_on_matdisjoint_rows,60,60,102.34210873015886,,1.0,dedup
ES1,0,0,10.1007/s11814-009-0309-1,96,anchor,930,930,1.1403801721605866,930.0,1.0,dedup
ES1,0,0,10.1007/s11814-009-0309-1,96,aware_on_anchor_rows,930,930,1.1359823319927962,,1.0,dedup
ES1,0,0,10.1007/s11814-009-0309-1,96,explore_anchor_matdisjoint,0,0,1.5909068640029709,,,dedup
ES1,0,0,10.1007/s11814-009-0309-1,96,explore_aware8_on_anchor_rows,930,930,1.0832826221783671,,1.0,dedup
ES1,0,0,10.1007/s11814-009-0309-1,96,explore_aware_on_matdisjoint_rows,0,0,1.1359823319927962,,,dedup
ES1,0,1,10.1016/j.compositesb.2019.01.094,46,anchor,252,430,0.8019965226009163,430.0,0.586046511627907,dedup
ES1,0,1,10.1016/j.compositesb.2019.01.094,46,aware_on_anchor_rows,307,430,1.0301790122352696,,0.713953488372093,dedup
ES1,0,1,10.1016/j.compositesb.2019.01.094,46,explore_anchor_matdisjoint,0,0,1.79058690256917,,,dedup
ES1,0,1,10.1016/j.compositesb.2019.01.094,46,explore_aware8_on_anchor_rows,297,430,0.9857828579563144,,0.6906976744186046,dedup
ES1,0,1,10.1016/j.compositesb.2019.01.094,46,explore_aware_on_matdisjoint_rows,0,0,1.0301790122352696,,,dedup
ES1,0,2,10.1007/s12221-015-5263-4,38,anchor,267,350,0.9329736964165678,312.0,0.7628571428571429,dedup
ES1,0,2,10.1007/s12221-015-5263-4,38,aware_on_anchor_rows,306,350,0.9864222544584504,,0.8742857142857143,dedup
ES1,0,2,10.1007/s12221-015-5263-4,38,explore_anchor_matdisjoint,37,38,1.7016051713236937,,0.9736842105263158,dedup
ES1,0,2,10.1007/s12221-015-5263-4,38,explore_aware8_on_anchor_rows,296,350,0.949758039951063,,0.8457142857142858,dedup
ES1,0,2,10.1007/s12221-015-5263-4,38,explore_aware_on_matdisjoint_rows,33,38,0.9864222544584504,,0.868421052631579,dedup
ES1,0,2,10.3390/polym15030731,9,anchor,60,60,0.9329736964165678,60.0,1.0,dedup
ES1,0,2,10.3390/polym15030731,9,aware_on_anchor_rows,60,60,0.9864222544584504,,1.0,dedup
ES1,0,2,10.3390/polym15030731,9,explore_anchor_matdisjoint,0,0,1.7016051713236937,,,dedup
ES1,0,2,10.3390/polym15030731,9,explore_aware8_on_anchor_rows,60,60,0.949758039951063,,1.0,dedup
ES1,0,2,10.3390/polym15030731,9,explore_aware_on_matdisjoint_rows,0,0,0.9864222544584504,,,dedup
ES1,0,3,10.1002/app.42304,9,anchor,57,60,0.985690591519326,60.0,0.95,dedup
ES1,0,3,10.1002/app.42304,9,aware_on_anchor_rows,42,60,0.978334797894898,,0.7,dedup
ES1,0,3,10.1002/app.42304,9,explore_anchor_matdisjoint,0,0,1.7371498823624645,,,dedup
ES1,0,3,10.1002/app.42304,9,explore_aware8_on_anchor_rows,42,60,0.9229583999276328,,0.7,dedup
ES1,0,3,10.1002/app.42304,9,explore_aware_on_matdisjoint_rows,0,0,0.978334797894898,,,dedup
ES1,0,3,10.1002/polb.21380,12,anchor,90,90,0.985690591519326,78.0,1.0,dedup
ES1,0,3,10.1002/polb.21380,12,aware_on_anchor_rows,90,90,0.978334797894898,,1.0,dedup
ES1,0,3,10.1002/polb.21380,12,explore_anchor_matdisjoint,12,12,1.7371498823624645,,1.0,dedup
ES1,0,3,10.1002/polb.21380,12,explore_aware8_on_anchor_rows,90,90,0.9229583999276328,,1.0,dedup
ES1,0,3,10.1002/polb.21380,12,explore_aware_on_matdisjoint_rows,12,12,0.978334797894898,,1.0,dedup
ES1,0,3,10.1016/j.polymer.2008.09.025,26,anchor,201,230,0.985690591519326,230.0,0.8739130434782608,dedup
ES1,0,3,10.1016/j.polymer.2008.09.025,26,aware_on_anchor_rows,141,230,0.978334797894898,,0.6130434782608696,dedup
ES1,0,3,10.1016/j.polymer.2008.09.025,26,explore_anchor_matdisjoint,0,0,1.7371498823624645,,,dedup
ES1,0,3,10.1016/j.polymer.2008.09.025,26,explore_aware8_on_anchor_rows,115,230,0.9229583999276328,,0.5,dedup
ES1,0,3,10.1016/j.polymer.2008.09.025,26,explore_aware_on_matdisjoint_rows,0,0,0.978334797894898,,,dedup
ES1,0,4,10.1007/s00521-014-1554-8,20,anchor,153,170,1.0014078968100246,170.0,0.9,dedup
ES1,0,4,10.1007/s00521-014-1554-8,20,aware_on_anchor_rows,161,170,1.0675310272789336,,0.9470588235294117,dedup
ES1,0,4,10.1007/s00521-014-1554-8,20,explore_anchor_matdisjoint,0,0,1.693802226260508,,,dedup
ES1,0,4,10.1007/s00521-014-1554-8,20,explore_aware8_on_anchor_rows,161,170,1.0493548735598486,,0.9470588235294117,dedup
ES1,0,4,10.1007/s00521-014-1554-8,20,explore_aware_on_matdisjoint_rows,0,0,1.0675310272789336,,,dedup
ES1,0,4,10.1007/s40204-017-0071-0,13,anchor,100,100,1.0014078968100246,100.0,1.0,dedup
ES1,0,4,10.1007/s40204-017-0071-0,13,aware_on_anchor_rows,100,100,1.0675310272789336,,1.0,dedup
ES1,0,4,10.1007/s40204-017-0071-0,13,explore_anchor_matdisjoint,0,0,1.693802226260508,,,dedup
ES1,0,4,10.1007/s40204-017-0071-0,13,explore_aware8_on_anchor_rows,100,100,1.0493548735598486,,1.0,dedup
ES1,0,4,10.1007/s40204-017-0071-0,13,explore_aware_on_matdisjoint_rows,0,0,1.0675310272789336,,,dedup
ES1,0,4,10.3390/polym15132813,10,anchor,70,70,1.0014078968100246,70.0,1.0,dedup
ES1,0,4,10.3390/polym15132813,10,aware_on_anchor_rows,70,70,1.0675310272789336,,1.0,dedup
ES1,0,4,10.3390/polym15132813,10,explore_anchor_matdisjoint,0,0,1.693802226260508,,,dedup
ES1,0,4,10.3390/polym15132813,10,explore_aware8_on_anchor_rows,70,70,1.0493548735598486,,1.0,dedup
ES1,0,4,10.3390/polym15132813,10,explore_aware_on_matdisjoint_rows,0,0,1.0675310272789336,,,dedup
ES1,0,5,10.1002/app.32569,20,anchor,170,170,0.998469289166921,170.0,1.0,dedup
ES1,0,5,10.1002/app.32569,20,aware_on_anchor_rows,170,170,1.0962137128248317,,1.0,dedup
ES1,0,5,10.1002/app.32569,20,explore_anchor_matdisjoint,0,0,1.499938419417001,,,dedup
ES1,0,5,10.1002/app.32569,20,explore_aware8_on_anchor_rows,170,170,1.038217612887662,,1.0,dedup
ES1,0,5,10.1002/app.32569,20,explore_aware_on_matdisjoint_rows,0,0,1.0962137128248317,,,dedup
ES1,0,5,10.1016/j.eurpolymj.2004.10.027,12,anchor,90,90,0.998469289166921,90.0,1.0,dedup
ES1,0,5,10.1016/j.eurpolymj.2004.10.027,12,aware_on_anchor_rows,90,90,1.0962137128248317,,1.0,dedup
ES1,0,5,10.1016/j.eurpolymj.2004.10.027,12,explore_anchor_matdisjoint,0,0,1.499938419417001,,,dedup
ES1,0,5,10.1016/j.eurpolymj.2004.10.027,12,explore_aware8_on_anchor_rows,85,90,1.038217612887662,,0.9444444444444444,dedup
ES1,0,5,10.1016/j.eurpolymj.2004.10.027,12,explore_aware_on_matdisjoint_rows,0,0,1.0962137128248317,,,dedup
ES1,0,5,10.3390/nano10061221,11,anchor,80,80,0.998469289166921,80.0,1.0,dedup
ES1,0,5,10.3390/nano10061221,11,aware_on_anchor_rows,80,80,1.0962137128248317,,1.0,dedup
ES1,0,5,10.3390/nano10061221,11,explore_anchor_matdisjoint,0,0,1.499938419417001,,,dedup
ES1,0,5,10.3390/nano10061221,11,explore_aware8_on_anchor_rows,66,80,1.038217612887662,,0.825,dedup
ES1,0,5,10.3390/nano10061221,11,explore_aware_on_matdisjoint_rows,0,0,1.0962137128248317,,,dedup
ES1,0,6,10.1016/j.polymer.2014.06.032,8,anchor,50,50,0.9924217920196724,50.0,1.0,dedup
ES1,0,6,10.1016/j.polymer.2014.06.032,8,aware_on_anchor_rows,50,50,1.043206199157079,,1.0,dedup
ES1,0,6,10.1016/j.polymer.2014.06.032,8,explore_anchor_matdisjoint,0,0,1.531519463295106,,,dedup
ES1,0,6,10.1016/j.polymer.2014.06.032,8,explore_aware8_on_anchor_rows,50,50,1.0194644460918374,,1.0,dedup
ES1,0,6,10.1016/j.polymer.2014.06.032,8,explore_aware_on_matdisjoint_rows,0,0,1.043206199157079,,,dedup
ES1,0,6,10.1515/epoly-2022-8106,15,anchor,120,120,0.9924217920196724,120.0,1.0,dedup
ES1,0,6,10.1515/epoly-2022-8106,15,aware_on_anchor_rows,120,120,1.043206199157079,,1.0,dedup
ES1,0,6,10.1515/epoly-2022-8106,15,explore_anchor_matdisjoint,0,0,1.531519463295106,,,dedup
ES1,0,6,10.1515/epoly-2022-8106,15,explore_aware8_on_anchor_rows,120,120,1.0194644460918374,,1.0,dedup
ES1,0,6,10.1515/epoly-2022-8106,15,explore_aware_on_matdisjoint_rows,0,0,1.043206199157079,,,dedup
ES1,0,6,https://www.researchgate.net/profile/dhananjay-pise/publication/277816900_study_of_process_parameters_affecting_the_diameter_and_morphology_of_electrospun_polyvinylidene_fluoride_pvdf_nanofibers/links/55751b5c08aeacff1ffcc4a8/study-of-process-parameters-affecting-the-diameter-and-morphology-of-electrospun-polyvinylidene-fluoride-pvdf-nanofibers.pdf,9,anchor,60,60,0.9924217920196724,60.0,1.0,dedup
ES1,0,6,https://www.researchgate.net/profile/dhananjay-pise/publication/277816900_study_of_process_parameters_affecting_the_diameter_and_morphology_of_electrospun_polyvinylidene_fluoride_pvdf_nanofibers/links/55751b5c08aeacff1ffcc4a8/study-of-process-parameters-affecting-the-diameter-and-morphology-of-electrospun-polyvinylidene-fluoride-pvdf-nanofibers.pdf,9,aware_on_anchor_rows,60,60,1.043206199157079,,1.0,dedup
ES1,0,6,https://www.researchgate.net/profile/dhananjay-pise/publication/277816900_study_of_process_parameters_affecting_the_diameter_and_morphology_of_electrospun_polyvinylidene_fluoride_pvdf_nanofibers/links/55751b5c08aeacff1ffcc4a8/study-of-process-parameters-affecting-the-diameter-and-morphology-of-electrospun-polyvinylidene-fluoride-pvdf-nanofibers.pdf,9,explore_anchor_matdisjoint,0,0,1.531519463295106,,,dedup
ES1,0,6,https://www.researchgate.net/profile/dhananjay-pise/publication/277816900_study_of_process_parameters_affecting_the_diameter_and_morphology_of_electrospun_polyvinylidene_fluoride_pvdf_nanofibers/links/55751b5c08aeacff1ffcc4a8/study-of-process-parameters-affecting-the-diameter-and-morphology-of-electrospun-polyvinylidene-fluoride-pvdf-nanofibers.pdf,9,explore_aware8_on_anchor_rows,60,60,1.0194644460918374,,1.0,dedup
ES1,0,6,https://www.researchgate.net/profile/dhananjay-pise/publication/277816900_study_of_process_parameters_affecting_the_diameter_and_morphology_of_electrospun_polyvinylidene_fluoride_pvdf_nanofibers/links/55751b5c08aeacff1ffcc4a8/study-of-process-parameters-affecting-the-diameter-and-morphology-of-electrospun-polyvinylidene-fluoride-pvdf-nanofibers.pdf,9,explore_aware_on_matdisjoint_rows,0,0,1.043206199157079,,,dedup
ES1,0,6,https://www.sciencedirect.com/science/article/pii/s0927776511005522,18,anchor,150,150,0.9924217920196724,141.0,1.0,dedup
ES1,0,6,https://www.sciencedirect.com/science/article/pii/s0927776511005522,18,aware_on_anchor_rows,150,150,1.043206199157079,,1.0,dedup
ES1,0,6,https://www.sciencedirect.com/science/article/pii/s0927776511005522,18,explore_anchor_matdisjoint,9,9,1.531519463295106,,1.0,dedup
ES1,0,6,https://www.sciencedirect.com/science/article/pii/s0927776511005522,18,explore_aware8_on_anchor_rows,150,150,1.0194644460918374,,1.0,dedup
ES1,0,6,https://www.sciencedirect.com/science/article/pii/s0927776511005522,18,explore_aware_on_matdisjoint_rows,9,9,1.043206199157079,,1.0,dedup
ES1,0,7,10.1007/s00521-017-2996-6,13,anchor,100,100,0.9434613205232856,100.0,1.0,dedup
ES1,0,7,10.1007/s00521-017-2996-6,13,aware_on_anchor_rows,100,100,1.0343339166447365,,1.0,dedup
ES1,0,7,10.1007/s00521-017-2996-6,13,explore_anchor_matdisjoint,0,0,1.6686379804361733,,,dedup
ES1,0,7,10.1007/s00521-017-2996-6,13,explore_aware8_on_anchor_rows,100,100,1.0150053683566789,,1.0,dedup
ES1,0,7,10.1007/s00521-017-2996-6,13,explore_aware_on_matdisjoint_rows,0,0,1.0343339166447365,,,dedup
ES1,0,7,10.1007/s10965-014-0571-8.,18,anchor,100,150,0.9434613205232856,150.0,0.6666666666666666,dedup
ES1,0,7,10.1007/s10965-014-0571-8.,18,aware_on_anchor_rows,109,150,1.0343339166447365,,0.7266666666666667,dedup
ES1,0,7,10.1007/s10965-014-0571-8.,18,explore_anchor_matdisjoint,0,0,1.6686379804361733,,,dedup
ES1,0,7,10.1007/s10965-014-0571-8.,18,explore_aware8_on_anchor_rows,109,150,1.0150053683566789,,0.7266666666666667,dedup
ES1,0,7,10.1007/s10965-014-0571-8.,18,explore_aware_on_matdisjoint_rows,0,0,1.0343339166447365,,,dedup
ES1,0,7,10.1080/1539445x.2010.495630,12,anchor,80,90,0.9434613205232856,90.0,0.8888888888888888,dedup
ES1,0,7,10.1080/1539445x.2010.495630,12,aware_on_anchor_rows,84,90,1.0343339166447365,,0.9333333333333333,dedup
ES1,0,7,10.1080/1539445x.2010.495630,12,explore_anchor_matdisjoint,0,0,1.6686379804361733,,,dedup
ES1,0,7,10.1080/1539445x.2010.495630,12,explore_aware8_on_anchor_rows,84,90,1.0150053683566789,,0.9333333333333333,dedup
ES1,0,7,10.1080/1539445x.2010.495630,12,explore_aware_on_matdisjoint_rows,0,0,1.0343339166447365,,,dedup
ES1,0,8,10.1002/app.25464,16,anchor,88,130,0.9286612408618236,124.0,0.676923076923077,dedup
ES1,0,8,10.1002/app.25464,16,aware_on_anchor_rows,98,130,1.0333596237291287,,0.7538461538461538,dedup
ES1,0,8,10.1002/app.25464,16,explore_anchor_matdisjoint,3,6,1.4079569497868432,,0.5,dedup
ES1,0,8,10.1002/app.25464,16,explore_aware8_on_anchor_rows,98,130,0.9766918691656744,,0.7538461538461538,dedup
ES1,0,8,10.1002/app.25464,16,explore_aware_on_matdisjoint_rows,3,6,1.0333596237291287,,0.5,dedup
ES1,0,8,10.1002/app.36726,17,anchor,140,140,0.9286612408618236,140.0,1.0,dedup
ES1,0,8,10.1002/app.36726,17,aware_on_anchor_rows,140,140,1.0333596237291287,,1.0,dedup
ES1,0,8,10.1002/app.36726,17,explore_anchor_matdisjoint,0,0,1.4079569497868432,,,dedup
ES1,0,8,10.1002/app.36726,17,explore_aware8_on_anchor_rows,140,140,0.9766918691656744,,1.0,dedup
ES1,0,8,10.1002/app.36726,17,explore_aware_on_matdisjoint_rows,0,0,1.0333596237291287,,,dedup
ES1,0,8,10.1016/j.memsci.2013.01.023,8,anchor,37,50,0.9286612408618236,50.0,0.74,dedup
ES1,0,8,10.1016/j.memsci.2013.01.023,8,aware_on_anchor_rows,35,50,1.0333596237291287,,0.7,dedup
ES1,0,8,10.1016/j.memsci.2013.01.023,8,explore_anchor_matdisjoint,0,0,1.4079569497868432,,,dedup
ES1,0,8,10.1016/j.memsci.2013.01.023,8,explore_aware8_on_anchor_rows,35,50,0.9766918691656744,,0.7,dedup
ES1,0,8,10.1016/j.memsci.2013.01.023,8,explore_aware_on_matdisjoint_rows,0,0,1.0333596237291287,,,dedup
ES1,0,8,10.3139/217.3278,9,anchor,60,60,0.9286612408618236,60.0,1.0,dedup
ES1,0,8,10.3139/217.3278,9,aware_on_anchor_rows,60,60,1.0333596237291287,,1.0,dedup
ES1,0,8,10.3139/217.3278,9,explore_anchor_matdisjoint,0,0,1.4079569497868432,,,dedup
ES1,0,8,10.3139/217.3278,9,explore_aware8_on_anchor_rows,60,60,0.9766918691656744,,1.0,dedup
ES1,0,8,10.3139/217.3278,9,explore_aware_on_matdisjoint_rows,0,0,1.0333596237291287,,,dedup
ES1,0,9,10.1002/adv.21947,17,anchor,140,140,0.99265031877574,140.0,1.0,dedup
ES1,0,9,10.1002/adv.21947,17,aware_on_anchor_rows,140,140,1.102483562729173,,1.0,dedup
ES1,0,9,10.1002/adv.21947,17,explore_anchor_matdisjoint,0,0,1.6715145741676396,,,dedup
ES1,0,9,10.1002/adv.21947,17,explore_aware8_on_anchor_rows,140,140,1.05588425824936,,1.0,dedup
ES1,0,9,10.1002/adv.21947,17,explore_aware_on_matdisjoint_rows,0,0,1.102483562729173,,,dedup
ES1,0,9,10.1016/j.jafr.2019.100015,15,anchor,120,120,0.99265031877574,120.0,1.0,dedup
ES1,0,9,10.1016/j.jafr.2019.100015,15,aware_on_anchor_rows,120,120,1.102483562729173,,1.0,dedup
ES1,0,9,10.1016/j.jafr.2019.100015,15,explore_anchor_matdisjoint,0,0,1.6715145741676396,,,dedup
ES1,0,9,10.1016/j.jafr.2019.100015,15,explore_aware8_on_anchor_rows,112,120,1.05588425824936,,0.9333333333333333,dedup
ES1,0,9,10.1016/j.jafr.2019.100015,15,explore_aware_on_matdisjoint_rows,0,0,1.102483562729173,,,dedup
ES1,0,9,10.1016/j.molliq.2023.122819,10,anchor,60,70,0.99265031877574,60.0,0.8571428571428571,dedup
ES1,0,9,10.1016/j.molliq.2023.122819,10,aware_on_anchor_rows,70,70,1.102483562729173,,1.0,dedup
ES1,0,9,10.1016/j.molliq.2023.122819,10,explore_anchor_matdisjoint,10,10,1.6715145741676396,,1.0,dedup
ES1,0,9,10.1016/j.molliq.2023.122819,10,explore_aware8_on_anchor_rows,70,70,1.05588425824936,,1.0,dedup
ES1,0,9,10.1016/j.molliq.2023.122819,10,explore_aware_on_matdisjoint_rows,10,10,1.102483562729173,,1.0,dedup
ES1,0,9,10.3390/nano11102514,8,anchor,49,50,0.99265031877574,50.0,0.98,dedup
ES1,0,9,10.3390/nano11102514,8,aware_on_anchor_rows,50,50,1.102483562729173,,1.0,dedup
ES1,0,9,10.3390/nano11102514,8,explore_anchor_matdisjoint,0,0,1.6715145741676396,,,dedup
ES1,0,9,10.3390/nano11102514,8,explore_aware8_on_anchor_rows,50,50,1.05588425824936,,1.0,dedup
ES1,0,9,10.3390/nano11102514,8,explore_aware_on_matdisjoint_rows,0,0,1.102483562729173,,,dedup
ES1,1,0,10.1007/s11814-009-0309-1,96,anchor,930,930,1.1659506784772775,930.0,1.0,dedup
ES1,1,0,10.1007/s11814-009-0309-1,96,aware_on_anchor_rows,930,930,1.0977663008790293,,1.0,dedup
ES1,1,0,10.1007/s11814-009-0309-1,96,explore_anchor_matdisjoint,0,0,1.5286707704631248,,,dedup
ES1,1,0,10.1007/s11814-009-0309-1,96,explore_aware8_on_anchor_rows,930,930,1.06336171440085,,1.0,dedup
ES1,1,0,10.1007/s11814-009-0309-1,96,explore_aware_on_matdisjoint_rows,0,0,1.0977663008790293,,,dedup
ES1,1,1,10.1016/j.compositesb.2019.01.094,46,anchor,235,430,0.8349593113095134,430.0,0.5465116279069767,dedup
ES1,1,1,10.1016/j.compositesb.2019.01.094,46,aware_on_anchor_rows,300,430,1.0091240577895926,,0.6976744186046512,dedup
ES1,1,1,10.1016/j.compositesb.2019.01.094,46,explore_anchor_matdisjoint,0,0,1.657231469237497,,,dedup
ES1,1,1,10.1016/j.compositesb.2019.01.094,46,explore_aware8_on_anchor_rows,300,430,0.9773566540938824,,0.6976744186046512,dedup
ES1,1,1,10.1016/j.compositesb.2019.01.094,46,explore_aware_on_matdisjoint_rows,0,0,1.0091240577895926,,,dedup
ES1,1,2,10.1007/s12221-015-5263-4,38,anchor,278,350,0.96196514586259,293.0,0.7942857142857143,dedup
ES1,1,2,10.1007/s12221-015-5263-4,38,aware_on_anchor_rows,323,350,1.073374798334232,,0.9228571428571428,dedup
ES1,1,2,10.1007/s12221-015-5263-4,38,explore_anchor_matdisjoint,51,57,1.4790602768633356,,0.8947368421052632,dedup
ES1,1,2,10.1007/s12221-015-5263-4,38,explore_aware8_on_anchor_rows,296,350,0.9807103497558528,,0.8457142857142858,dedup
ES1,1,2,10.1007/s12221-015-5263-4,38,explore_aware_on_matdisjoint_rows,54,57,1.073374798334232,,0.9473684210526315,dedup
ES1,1,2,https://www.researchgate.net/profile/dhananjay-pise/publication/277816900_study_of_process_parameters_affecting_the_diameter_and_morphology_of_electrospun_polyvinylidene_fluoride_pvdf_nanofibers/links/55751b5c08aeacff1ffcc4a8/study-of-process-parameters-affecting-the-diameter-and-morphology-of-electrospun-polyvinylidene-fluoride-pvdf-nanofibers.pdf,9,anchor,60,60,0.96196514586259,60.0,1.0,dedup
ES1,1,2,https://www.researchgate.net/profile/dhananjay-pise/publication/277816900_study_of_process_parameters_affecting_the_diameter_and_morphology_of_electrospun_polyvinylidene_fluoride_pvdf_nanofibers/links/55751b5c08aeacff1ffcc4a8/study-of-process-parameters-affecting-the-diameter-and-morphology-of-electrospun-polyvinylidene-fluoride-pvdf-nanofibers.pdf,9,aware_on_anchor_rows,60,60,1.073374798334232,,1.0,dedup
ES1,1,2,https://www.researchgate.net/profile/dhananjay-pise/publication/277816900_study_of_process_parameters_affecting_the_diameter_and_morphology_of_electrospun_polyvinylidene_fluoride_pvdf_nanofibers/links/55751b5c08aeacff1ffcc4a8/study-of-process-parameters-affecting-the-diameter-and-morphology-of-electrospun-polyvinylidene-fluoride-pvdf-nanofibers.pdf,9,explore_anchor_matdisjoint,0,0,1.4790602768633356,,,dedup
ES1,1,2,https://www.researchgate.net/profile/dhananjay-pise/publication/277816900_study_of_process_parameters_affecting_the_diameter_and_morphology_of_electrospun_polyvinylidene_fluoride_pvdf_nanofibers/links/55751b5c08aeacff1ffcc4a8/study-of-process-parameters-affecting-the-diameter-and-morphology-of-electrospun-polyvinylidene-fluoride-pvdf-nanofibers.pdf,9,explore_aware8_on_anchor_rows,60,60,0.9807103497558528,,1.0,dedup
ES1,1,2,https://www.researchgate.net/profile/dhananjay-pise/publication/277816900_study_of_process_parameters_affecting_the_diameter_and_morphology_of_electrospun_polyvinylidene_fluoride_pvdf_nanofibers/links/55751b5c08aeacff1ffcc4a8/study-of-process-parameters-affecting-the-diameter-and-morphology-of-electrospun-polyvinylidene-fluoride-pvdf-nanofibers.pdf,9,explore_aware_on_matdisjoint_rows,0,0,1.073374798334232,,,dedup
ES1,1,3,10.1002/app.42304,9,anchor,54,60,0.9667583839898276,54.0,0.9,dedup
ES1,1,3,10.1002/app.42304,9,aware_on_anchor_rows,52,60,1.0022859508307658,,0.8666666666666667,dedup
ES1,1,3,10.1002/app.42304,9,explore_anchor_matdisjoint,6,6,1.6021903076215511,,1.0,dedup
ES1,1,3,10.1002/app.42304,9,explore_aware8_on_anchor_rows,52,60,0.9720612449243662,,0.8666666666666667,dedup
ES1,1,3,10.1002/app.42304,9,explore_aware_on_matdisjoint_rows,4,6,1.0022859508307658,,0.6666666666666666,dedup
ES1,1,3,10.1016/j.eurpolymj.2004.10.027,12,anchor,90,90,0.9667583839898276,90.0,1.0,dedup
ES1,1,3,10.1016/j.eurpolymj.2004.10.027,12,aware_on_anchor_rows,85,90,1.0022859508307658,,0.9444444444444444,dedup
ES1,1,3,10.1016/j.eurpolymj.2004.10.027,12,explore_anchor_matdisjoint,0,0,1.6021903076215511,,,dedup
ES1,1,3,10.1016/j.eurpolymj.2004.10.027,12,explore_aware8_on_anchor_rows,85,90,0.9720612449243662,,0.9444444444444444,dedup
ES1,1,3,10.1016/j.eurpolymj.2004.10.027,12,explore_aware_on_matdisjoint_rows,0,0,1.0022859508307658,,,dedup
ES1,1,3,10.1016/j.polymer.2008.09.025,26,anchor,192,230,0.9667583839898276,230.0,0.8347826086956521,dedup
ES1,1,3,10.1016/j.polymer.2008.09.025,26,aware_on_anchor_rows,144,230,1.0022859508307658,,0.6260869565217392,dedup
ES1,1,3,10.1016/j.polymer.2008.09.025,26,explore_anchor_matdisjoint,0,0,1.6021903076215511,,,dedup
ES1,1,3,10.1016/j.polymer.2008.09.025,26,explore_aware8_on_anchor_rows,125,230,0.9720612449243662,,0.5434782608695652,dedup
ES1,1,3,10.1016/j.polymer.2008.09.025,26,explore_aware_on_matdisjoint_rows,0,0,1.0022859508307658,,,dedup
ES1,1,4,10.1007/s00521-014-1554-8,20,anchor,155,170,0.96710034452497,170.0,0.9117647058823529,dedup
ES1,1,4,10.1007/s00521-014-1554-8,20,aware_on_anchor_rows,160,170,1.037680389075626,,0.9411764705882353,dedup
ES1,1,4,10.1007/s00521-014-1554-8,20,explore_anchor_matdisjoint,0,0,1.5723458767627565,,,dedup
ES1,1,4,10.1007/s00521-014-1554-8,20,explore_aware8_on_anchor_rows,160,170,0.99893426884658,,0.9411764705882353,dedup
ES1,1,4,10.1007/s00521-014-1554-8,20,explore_aware_on_matdisjoint_rows,0,0,1.037680389075626,,,dedup
ES1,1,4,10.1007/s40204-017-0071-0,13,anchor,100,100,0.96710034452497,100.0,1.0,dedup
ES1,1,4,10.1007/s40204-017-0071-0,13,aware_on_anchor_rows,100,100,1.037680389075626,,1.0,dedup
ES1,1,4,10.1007/s40204-017-0071-0,13,explore_anchor_matdisjoint,0,0,1.5723458767627565,,,dedup
ES1,1,4,10.1007/s40204-017-0071-0,13,explore_aware8_on_anchor_rows,100,100,0.99893426884658,,1.0,dedup
ES1,1,4,10.1007/s40204-017-0071-0,13,explore_aware_on_matdisjoint_rows,0,0,1.037680389075626,,,dedup
ES1,1,4,10.1016/j.molliq.2023.122819,10,anchor,59,70,0.96710034452497,58.0,0.8428571428571429,dedup
ES1,1,4,10.1016/j.molliq.2023.122819,10,aware_on_anchor_rows,70,70,1.037680389075626,,1.0,dedup
ES1,1,4,10.1016/j.molliq.2023.122819,10,explore_anchor_matdisjoint,12,12,1.5723458767627565,,1.0,dedup
ES1,1,4,10.1016/j.molliq.2023.122819,10,explore_aware8_on_anchor_rows,70,70,0.99893426884658,,1.0,dedup
ES1,1,4,10.1016/j.molliq.2023.122819,10,explore_aware_on_matdisjoint_rows,12,12,1.037680389075626,,1.0,dedup
ES1,1,5,10.1002/app.32569,20,anchor,170,170,1.025231690190089,170.0,1.0,dedup
ES1,1,5,10.1002/app.32569,20,aware_on_anchor_rows,170,170,1.0985136982728383,,1.0,dedup
ES1,1,5,10.1002/app.32569,20,explore_anchor_matdisjoint,0,0,1.5326714842214857,,,dedup
ES1,1,5,10.1002/app.32569,20,explore_aware8_on_anchor_rows,170,170,0.9996426319902209,,1.0,dedup
ES1,1,5,10.1002/app.32569,20,explore_aware_on_matdisjoint_rows,0,0,1.0985136982728383,,,dedup
ES1,1,5,10.1002/polb.21380,12,anchor,90,90,1.025231690190089,72.0,1.0,dedup
ES1,1,5,10.1002/polb.21380,12,aware_on_anchor_rows,90,90,1.0985136982728383,,1.0,dedup
ES1,1,5,10.1002/polb.21380,12,explore_anchor_matdisjoint,18,18,1.5326714842214857,,1.0,dedup
ES1,1,5,10.1002/polb.21380,12,explore_aware8_on_anchor_rows,90,90,0.9996426319902209,,1.0,dedup
ES1,1,5,10.1002/polb.21380,12,explore_aware_on_matdisjoint_rows,18,18,1.0985136982728383,,1.0,dedup
ES1,1,5,10.3390/nano10061221,11,anchor,80,80,1.025231690190089,80.0,1.0,dedup
ES1,1,5,10.3390/nano10061221,11,aware_on_anchor_rows,68,80,1.0985136982728383,,0.85,dedup
ES1,1,5,10.3390/nano10061221,11,explore_anchor_matdisjoint,0,0,1.5326714842214857,,,dedup
ES1,1,5,10.3390/nano10061221,11,explore_aware8_on_anchor_rows,61,80,0.9996426319902209,,0.7625,dedup
ES1,1,5,10.3390/nano10061221,11,explore_aware_on_matdisjoint_rows,0,0,1.0985136982728383,,,dedup
ES1,1,6,10.1007/s10965-014-0571-8.,18,anchor,102,150,0.9329605915754816,150.0,0.68,dedup
ES1,1,6,10.1007/s10965-014-0571-8.,18,aware_on_anchor_rows,111,150,1.0107308085238955,,0.74,dedup
ES1,1,6,10.1007/s10965-014-0571-8.,18,explore_anchor_matdisjoint,0,0,1.1868875921814033,,,dedup
ES1,1,6,10.1007/s10965-014-0571-8.,18,explore_aware8_on_anchor_rows,103,150,0.954099033105094,,0.6866666666666666,dedup
ES1,1,6,10.1007/s10965-014-0571-8.,18,explore_aware_on_matdisjoint_rows,0,0,1.0107308085238955,,,dedup
ES1,1,6,10.1016/j.jafr.2019.100015,15,anchor,120,120,0.9329605915754816,120.0,1.0,dedup
ES1,1,6,10.1016/j.jafr.2019.100015,15,aware_on_anchor_rows,110,120,1.0107308085238955,,0.9166666666666666,dedup
ES1,1,6,10.1016/j.jafr.2019.100015,15,explore_anchor_matdisjoint,0,0,1.1868875921814033,,,dedup
ES1,1,6,10.1016/j.jafr.2019.100015,15,explore_aware8_on_anchor_rows,110,120,0.954099033105094,,0.9166666666666666,dedup
ES1,1,6,10.1016/j.jafr.2019.100015,15,explore_aware_on_matdisjoint_rows,0,0,1.0107308085238955,,,dedup
ES1,1,6,10.1016/j.memsci.2013.01.023,8,anchor,31,50,0.9329605915754816,50.0,0.62,dedup
ES1,1,6,10.1016/j.memsci.2013.01.023,8,aware_on_anchor_rows,47,50,1.0107308085238955,,0.94,dedup
ES1,1,6,10.1016/j.memsci.2013.01.023,8,explore_anchor_matdisjoint,0,0,1.1868875921814033,,,dedup
ES1,1,6,10.1016/j.memsci.2013.01.023,8,explore_aware8_on_anchor_rows,47,50,0.954099033105094,,0.94,dedup
ES1,1,6,10.1016/j.memsci.2013.01.023,8,explore_aware_on_matdisjoint_rows,0,0,1.0107308085238955,,,dedup
ES1,1,6,10.3390/polym15030731,9,anchor,60,60,0.9329605915754816,60.0,1.0,dedup
ES1,1,6,10.3390/polym15030731,9,aware_on_anchor_rows,60,60,1.0107308085238955,,1.0,dedup
ES1,1,6,10.3390/polym15030731,9,explore_anchor_matdisjoint,0,0,1.1868875921814033,,,dedup
ES1,1,6,10.3390/polym15030731,9,explore_aware8_on_anchor_rows,60,60,0.954099033105094,,1.0,dedup
ES1,1,6,10.3390/polym15030731,9,explore_aware_on_matdisjoint_rows,0,0,1.0107308085238955,,,dedup
ES1,1,7,10.1007/s00521-017-2996-6,13,anchor,100,100,1.0098685596014596,100.0,1.0,dedup
ES1,1,7,10.1007/s00521-017-2996-6,13,aware_on_anchor_rows,100,100,1.101044955611055,,1.0,dedup
ES1,1,7,10.1007/s00521-017-2996-6,13,explore_anchor_matdisjoint,0,0,1.3911908453303263,,,dedup
ES1,1,7,10.1007/s00521-017-2996-6,13,explore_aware8_on_anchor_rows,100,100,1.0219561334231262,,1.0,dedup
ES1,1,7,10.1007/s00521-017-2996-6,13,explore_aware_on_matdisjoint_rows,0,0,1.101044955611055,,,dedup
ES1,1,7,10.1080/1539445x.2010.495630,12,anchor,80,90,1.0098685596014596,90.0,0.8888888888888888,dedup
ES1,1,7,10.1080/1539445x.2010.495630,12,aware_on_anchor_rows,90,90,1.101044955611055,,1.0,dedup
ES1,1,7,10.1080/1539445x.2010.495630,12,explore_anchor_matdisjoint,0,0,1.3911908453303263,,,dedup
ES1,1,7,10.1080/1539445x.2010.495630,12,explore_aware8_on_anchor_rows,90,90,1.0219561334231262,,1.0,dedup
ES1,1,7,10.1080/1539445x.2010.495630,12,explore_aware_on_matdisjoint_rows,0,0,1.101044955611055,,,dedup
ES1,1,7,https://www.sciencedirect.com/science/article/pii/s0927776511005522,18,anchor,150,150,1.0098685596014596,141.0,1.0,dedup
ES1,1,7,https://www.sciencedirect.com/science/article/pii/s0927776511005522,18,aware_on_anchor_rows,150,150,1.101044955611055,,1.0,dedup
ES1,1,7,https://www.sciencedirect.com/science/article/pii/s0927776511005522,18,explore_anchor_matdisjoint,9,9,1.3911908453303263,,1.0,dedup
ES1,1,7,https://www.sciencedirect.com/science/article/pii/s0927776511005522,18,explore_aware8_on_anchor_rows,150,150,1.0219561334231262,,1.0,dedup
ES1,1,7,https://www.sciencedirect.com/science/article/pii/s0927776511005522,18,explore_aware_on_matdisjoint_rows,9,9,1.101044955611055,,1.0,dedup
ES1,1,8,10.1002/adv.21947,17,anchor,140,140,1.019515016144001,140.0,1.0,dedup
ES1,1,8,10.1002/adv.21947,17,aware_on_anchor_rows,140,140,1.0778332625371023,,1.0,dedup
ES1,1,8,10.1002/adv.21947,17,explore_anchor_matdisjoint,0,0,1.6577141245766094,,,dedup
ES1,1,8,10.1002/adv.21947,17,explore_aware8_on_anchor_rows,131,140,1.0528406752626958,,0.9357142857142857,dedup
ES1,1,8,10.1002/adv.21947,17,explore_aware_on_matdisjoint_rows,0,0,1.0778332625371023,,,dedup
ES1,1,8,10.1002/app.25464,16,anchor,87,130,1.019515016144001,92.0,0.6692307692307692,dedup
ES1,1,8,10.1002/app.25464,16,aware_on_anchor_rows,97,130,1.0778332625371023,,0.7461538461538462,dedup
ES1,1,8,10.1002/app.25464,16,explore_anchor_matdisjoint,33,38,1.6577141245766094,,0.868421052631579,dedup
ES1,1,8,10.1002/app.25464,16,explore_aware8_on_anchor_rows,97,130,1.0528406752626958,,0.7461538461538462,dedup
ES1,1,8,10.1002/app.25464,16,explore_aware_on_matdisjoint_rows,27,38,1.0778332625371023,,0.7105263157894737,dedup
ES1,1,8,10.3139/217.3278,9,anchor,60,60,1.019515016144001,60.0,1.0,dedup
ES1,1,8,10.3139/217.3278,9,aware_on_anchor_rows,60,60,1.0778332625371023,,1.0,dedup
ES1,1,8,10.3139/217.3278,9,explore_anchor_matdisjoint,0,0,1.6577141245766094,,,dedup
ES1,1,8,10.3139/217.3278,9,explore_aware8_on_anchor_rows,60,60,1.0528406752626958,,1.0,dedup
ES1,1,8,10.3139/217.3278,9,explore_aware_on_matdisjoint_rows,0,0,1.0778332625371023,,,dedup
ES1,1,8,10.3390/nano11102514,8,anchor,49,50,1.019515016144001,50.0,0.98,dedup
ES1,1,8,10.3390/nano11102514,8,aware_on_anchor_rows,50,50,1.0778332625371023,,1.0,dedup
ES1,1,8,10.3390/nano11102514,8,explore_anchor_matdisjoint,0,0,1.6577141245766094,,,dedup
ES1,1,8,10.3390/nano11102514,8,explore_aware8_on_anchor_rows,50,50,1.0528406752626958,,1.0,dedup
ES1,1,8,10.3390/nano11102514,8,explore_aware_on_matdisjoint_rows,0,0,1.0778332625371023,,,dedup
ES1,1,9,10.1002/app.36726,17,anchor,140,140,1.015308883042947,140.0,1.0,dedup
ES1,1,9,10.1002/app.36726,17,aware_on_anchor_rows,140,140,1.048130928670694,,1.0,dedup
ES1,1,9,10.1002/app.36726,17,explore_anchor_matdisjoint,0,0,1.6412880155182843,,,dedup
ES1,1,9,10.1002/app.36726,17,explore_aware8_on_anchor_rows,140,140,1.004642892588964,,1.0,dedup
ES1,1,9,10.1002/app.36726,17,explore_aware_on_matdisjoint_rows,0,0,1.048130928670694,,,dedup
ES1,1,9,10.1016/j.polymer.2014.06.032,8,anchor,50,50,1.015308883042947,50.0,1.0,dedup
ES1,1,9,10.1016/j.polymer.2014.06.032,8,aware_on_anchor_rows,50,50,1.048130928670694,,1.0,dedup
ES1,1,9,10.1016/j.polymer.2014.06.032,8,explore_anchor_matdisjoint,0,0,1.6412880155182843,,,dedup
ES1,1,9,10.1016/j.polymer.2014.06.032,8,explore_aware8_on_anchor_rows,50,50,1.004642892588964,,1.0,dedup
ES1,1,9,10.1016/j.polymer.2014.06.032,8,explore_aware_on_matdisjoint_rows,0,0,1.048130928670694,,,dedup
ES1,1,9,10.1515/epoly-2022-8106,15,anchor,120,120,1.015308883042947,120.0,1.0,dedup
ES1,1,9,10.1515/epoly-2022-8106,15,aware_on_anchor_rows,120,120,1.048130928670694,,1.0,dedup
ES1,1,9,10.1515/epoly-2022-8106,15,explore_anchor_matdisjoint,0,0,1.6412880155182843,,,dedup
ES1,1,9,10.1515/epoly-2022-8106,15,explore_aware8_on_anchor_rows,120,120,1.004642892588964,,1.0,dedup
ES1,1,9,10.1515/epoly-2022-8106,15,explore_aware_on_matdisjoint_rows,0,0,1.048130928670694,,,dedup
ES1,1,9,10.3390/polym15132813,10,anchor,70,70,1.015308883042947,70.0,1.0,dedup
ES1,1,9,10.3390/polym15132813,10,aware_on_anchor_rows,70,70,1.048130928670694,,1.0,dedup
ES1,1,9,10.3390/polym15132813,10,explore_anchor_matdisjoint,0,0,1.6412880155182843,,,dedup
ES1,1,9,10.3390/polym15132813,10,explore_aware8_on_anchor_rows,70,70,1.004642892588964,,1.0,dedup
ES1,1,9,10.3390/polym15132813,10,explore_aware_on_matdisjoint_rows,0,0,1.048130928670694,,,dedup
ES1,2,0,10.1007/s11814-009-0309-1,96,anchor,930,930,1.0632252133768163,930.0,1.0,dedup
ES1,2,0,10.1007/s11814-009-0309-1,96,aware_on_anchor_rows,930,930,1.1003949461575149,,1.0,dedup
ES1,2,0,10.1007/s11814-009-0309-1,96,explore_anchor_matdisjoint,0,0,1.366146398278845,,,dedup
ES1,2,0,10.1007/s11814-009-0309-1,96,explore_aware8_on_anchor_rows,930,930,1.029512156750143,,1.0,dedup
ES1,2,0,10.1007/s11814-009-0309-1,96,explore_aware_on_matdisjoint_rows,0,0,1.1003949461575149,,,dedup
ES1,2,1,10.1016/j.compositesb.2019.01.094,46,anchor,225,430,0.8229879352962799,430.0,0.5232558139534884,dedup
ES1,2,1,10.1016/j.compositesb.2019.01.094,46,aware_on_anchor_rows,307,430,1.0444041582875396,,0.713953488372093,dedup
ES1,2,1,10.1016/j.compositesb.2019.01.094,46,explore_anchor_matdisjoint,0,0,1.7352370467665428,,,dedup
ES1,2,1,10.1016/j.compositesb.2019.01.094,46,explore_aware8_on_anchor_rows,278,430,0.9537297028161592,,0.6465116279069767,dedup
ES1,2,1,10.1016/j.compositesb.2019.01.094,46,explore_aware_on_matdisjoint_rows,0,0,1.0444041582875396,,,dedup
ES1,2,2,10.1002/app.42304,9,anchor,52,60,0.9089260286918152,57.0,0.8666666666666667,dedup
ES1,2,2,10.1002/app.42304,9,aware_on_anchor_rows,42,60,1.012165043273062,,0.7,dedup
ES1,2,2,10.1002/app.42304,9,explore_anchor_matdisjoint,3,3,1.3084821465790222,,1.0,dedup
ES1,2,2,10.1002/app.42304,9,explore_aware8_on_anchor_rows,42,60,0.960865653082684,,0.7,dedup
ES1,2,2,10.1002/app.42304,9,explore_aware_on_matdisjoint_rows,0,3,1.012165043273062,,0.0,dedup
ES1,2,2,10.1007/s12221-015-5263-4,38,anchor,249,350,0.9089260286918152,312.0,0.7114285714285714,dedup
ES1,2,2,10.1007/s12221-015-5263-4,38,aware_on_anchor_rows,314,350,1.012165043273062,,0.8971428571428571,dedup
ES1,2,2,10.1007/s12221-015-5263-4,38,explore_anchor_matdisjoint,33,38,1.3084821465790222,,0.868421052631579,dedup
ES1,2,2,10.1007/s12221-015-5263-4,38,explore_aware8_on_anchor_rows,304,350,0.960865653082684,,0.8685714285714285,dedup
ES1,2,2,10.1007/s12221-015-5263-4,38,explore_aware_on_matdisjoint_rows,36,38,1.012165043273062,,0.9473684210526315,dedup
ES1,2,3,10.1002/polb.21380,12,anchor,90,90,0.9466338033224098,78.0,1.0,dedup
ES1,2,3,10.1002/polb.21380,12,aware_on_anchor_rows,90,90,1.021899084245624,,1.0,dedup
ES1,2,3,10.1002/polb.21380,12,explore_anchor_matdisjoint,12,12,2.1605432135170184,,1.0,dedup
ES1,2,3,10.1002/polb.21380,12,explore_aware8_on_anchor_rows,90,90,0.9770188363914488,,1.0,dedup
ES1,2,3,10.1002/polb.21380,12,explore_aware_on_matdisjoint_rows,12,12,1.021899084245624,,1.0,dedup
ES1,2,3,10.1016/j.polymer.2008.09.025,26,anchor,189,230,0.9466338033224098,230.0,0.8217391304347826,dedup
ES1,2,3,10.1016/j.polymer.2008.09.025,26,aware_on_anchor_rows,174,230,1.021899084245624,,0.7565217391304347,dedup
ES1,2,3,10.1016/j.polymer.2008.09.025,26,explore_anchor_matdisjoint,0,0,2.1605432135170184,,,dedup
ES1,2,3,10.1016/j.polymer.2008.09.025,26,explore_aware8_on_anchor_rows,164,230,0.9770188363914488,,0.7130434782608696,dedup
ES1,2,3,10.1016/j.polymer.2008.09.025,26,explore_aware_on_matdisjoint_rows,0,0,1.021899084245624,,,dedup
ES1,2,3,10.3139/217.3278,9,anchor,60,60,0.9466338033224098,60.0,1.0,dedup
ES1,2,3,10.3139/217.3278,9,aware_on_anchor_rows,60,60,1.021899084245624,,1.0,dedup
ES1,2,3,10.3139/217.3278,9,explore_anchor_matdisjoint,0,0,2.1605432135170184,,,dedup
ES1,2,3,10.3139/217.3278,9,explore_aware8_on_anchor_rows,60,60,0.9770188363914488,,1.0,dedup
ES1,2,3,10.3139/217.3278,9,explore_aware_on_matdisjoint_rows,0,0,1.021899084245624,,,dedup
ES1,2,4,10.1002/app.32569,20,anchor,170,170,0.9410156739450476,170.0,1.0,dedup
ES1,2,4,10.1002/app.32569,20,aware_on_anchor_rows,170,170,1.0290461969004898,,1.0,dedup
ES1,2,4,10.1002/app.32569,20,explore_anchor_matdisjoint,0,0,1.2598459730688594,,,dedup
ES1,2,4,10.1002/app.32569,20,explore_aware8_on_anchor_rows,170,170,0.9912425760366848,,1.0,dedup
ES1,2,4,10.1002/app.32569,20,explore_aware_on_matdisjoint_rows,0,0,1.0290461969004898,,,dedup
ES1,2,4,10.1007/s40204-017-0071-0,13,anchor,100,100,0.9410156739450476,100.0,1.0,dedup
ES1,2,4,10.1007/s40204-017-0071-0,13,aware_on_anchor_rows,100,100,1.0290461969004898,,1.0,dedup
ES1,2,4,10.1007/s40204-017-0071-0,13,explore_anchor_matdisjoint,0,0,1.2598459730688594,,,dedup
ES1,2,4,10.1007/s40204-017-0071-0,13,explore_aware8_on_anchor_rows,100,100,0.9912425760366848,,1.0,dedup
ES1,2,4,10.1007/s40204-017-0071-0,13,explore_aware_on_matdisjoint_rows,0,0,1.0290461969004898,,,dedup
ES1,2,4,10.1016/j.molliq.2023.122819,10,anchor,60,70,0.9410156739450476,58.0,0.8571428571428571,dedup
ES1,2,4,10.1016/j.molliq.2023.122819,10,aware_on_anchor_rows,70,70,1.0290461969004898,,1.0,dedup
ES1,2,4,10.1016/j.molliq.2023.122819,10,explore_anchor_matdisjoint,12,12,1.2598459730688594,,1.0,dedup
ES1,2,4,10.1016/j.molliq.2023.122819,10,explore_aware8_on_anchor_rows,70,70,0.9912425760366848,,1.0,dedup
ES1,2,4,10.1016/j.molliq.2023.122819,10,explore_aware_on_matdisjoint_rows,12,12,1.0290461969004898,,1.0,dedup
ES1,2,5,10.1007/s00521-014-1554-8,20,anchor,154,170,0.9860164784405412,170.0,0.9058823529411765,dedup
ES1,2,5,10.1007/s00521-014-1554-8,20,aware_on_anchor_rows,161,170,1.04206970264858,,0.9470588235294117,dedup
ES1,2,5,10.1007/s00521-014-1554-8,20,explore_anchor_matdisjoint,0,0,1.538552844232671,,,dedup
ES1,2,5,10.1007/s00521-014-1554-8,20,explore_aware8_on_anchor_rows,161,170,0.9591484060296098,,0.9470588235294117,dedup
ES1,2,5,10.1007/s00521-014-1554-8,20,explore_aware_on_matdisjoint_rows,0,0,1.04206970264858,,,dedup
ES1,2,5,10.1080/1539445x.2010.495630,12,anchor,82,90,0.9860164784405412,90.0,0.9111111111111111,dedup
ES1,2,5,10.1080/1539445x.2010.495630,12,aware_on_anchor_rows,90,90,1.04206970264858,,1.0,dedup
ES1,2,5,10.1080/1539445x.2010.495630,12,explore_anchor_matdisjoint,0,0,1.538552844232671,,,dedup
ES1,2,5,10.1080/1539445x.2010.495630,12,explore_aware8_on_anchor_rows,90,90,0.9591484060296098,,1.0,dedup
ES1,2,5,10.1080/1539445x.2010.495630,12,explore_aware_on_matdisjoint_rows,0,0,1.04206970264858,,,dedup
ES1,2,5,10.3390/nano10061221,11,anchor,80,80,0.9860164784405412,80.0,1.0,dedup
ES1,2,5,10.3390/nano10061221,11,aware_on_anchor_rows,80,80,1.04206970264858,,1.0,dedup
ES1,2,5,10.3390/nano10061221,11,explore_anchor_matdisjoint,0,0,1.538552844232671,,,dedup
ES1,2,5,10.3390/nano10061221,11,explore_aware8_on_anchor_rows,80,80,0.9591484060296098,,1.0,dedup
ES1,2,5,10.3390/nano10061221,11,explore_aware_on_matdisjoint_rows,0,0,1.04206970264858,,,dedup
ES1,2,6,10.1007/s10965-014-0571-8.,18,anchor,111,150,0.9013026473369354,150.0,0.74,dedup
ES1,2,6,10.1007/s10965-014-0571-8.,18,aware_on_anchor_rows,109,150,0.9869341385085963,,0.7266666666666667,dedup
ES1,2,6,10.1007/s10965-014-0571-8.,18,explore_anchor_matdisjoint,0,0,1.287522144963687,,,dedup
ES1,2,6,10.1007/s10965-014-0571-8.,18,explore_aware8_on_anchor_rows,85,150,0.9258728037595754,,0.5666666666666667,dedup
ES1,2,6,10.1007/s10965-014-0571-8.,18,explore_aware_on_matdisjoint_rows,0,0,0.9869341385085963,,,dedup
ES1,2,6,10.1016/j.memsci.2013.01.023,8,anchor,32,50,0.9013026473369354,50.0,0.64,dedup
ES1,2,6,10.1016/j.memsci.2013.01.023,8,aware_on_anchor_rows,47,50,0.9869341385085963,,0.94,dedup
ES1,2,6,10.1016/j.memsci.2013.01.023,8,explore_anchor_matdisjoint,0,0,1.287522144963687,,,dedup
ES1,2,6,10.1016/j.memsci.2013.01.023,8,explore_aware8_on_anchor_rows,47,50,0.9258728037595754,,0.94,dedup
ES1,2,6,10.1016/j.memsci.2013.01.023,8,explore_aware_on_matdisjoint_rows,0,0,0.9869341385085963,,,dedup
ES1,2,6,10.1515/epoly-2022-8106,15,anchor,120,120,0.9013026473369354,120.0,1.0,dedup
ES1,2,6,10.1515/epoly-2022-8106,15,aware_on_anchor_rows,120,120,0.9869341385085963,,1.0,dedup
ES1,2,6,10.1515/epoly-2022-8106,15,explore_anchor_matdisjoint,0,0,1.287522144963687,,,dedup
ES1,2,6,10.1515/epoly-2022-8106,15,explore_aware8_on_anchor_rows,120,120,0.9258728037595754,,1.0,dedup
ES1,2,6,10.1515/epoly-2022-8106,15,explore_aware_on_matdisjoint_rows,0,0,0.9869341385085963,,,dedup
ES1,2,6,10.3390/polym15030731,9,anchor,60,60,0.9013026473369354,60.0,1.0,dedup
ES1,2,6,10.3390/polym15030731,9,aware_on_anchor_rows,60,60,0.9869341385085963,,1.0,dedup
ES1,2,6,10.3390/polym15030731,9,explore_anchor_matdisjoint,0,0,1.287522144963687,,,dedup
ES1,2,6,10.3390/polym15030731,9,explore_aware8_on_anchor_rows,60,60,0.9258728037595754,,1.0,dedup
ES1,2,6,10.3390/polym15030731,9,explore_aware_on_matdisjoint_rows,0,0,0.9869341385085963,,,dedup
ES1,2,7,10.1007/s00521-017-2996-6,13,anchor,100,100,0.9972027501212996,100.0,1.0,dedup
ES1,2,7,10.1007/s00521-017-2996-6,13,aware_on_anchor_rows,100,100,1.083849980626051,,1.0,dedup
ES1,2,7,10.1007/s00521-017-2996-6,13,explore_anchor_matdisjoint,0,0,1.5709731953716906,,,dedup
ES1,2,7,10.1007/s00521-017-2996-6,13,explore_aware8_on_anchor_rows,100,100,1.026039052328236,,1.0,dedup
ES1,2,7,10.1007/s00521-017-2996-6,13,explore_aware_on_matdisjoint_rows,0,0,1.083849980626051,,,dedup
ES1,2,7,10.1016/j.eurpolymj.2004.10.027,12,anchor,90,90,0.9972027501212996,90.0,1.0,dedup
ES1,2,7,10.1016/j.eurpolymj.2004.10.027,12,aware_on_anchor_rows,90,90,1.083849980626051,,1.0,dedup
ES1,2,7,10.1016/j.eurpolymj.2004.10.027,12,explore_anchor_matdisjoint,0,0,1.5709731953716906,,,dedup
ES1,2,7,10.1016/j.eurpolymj.2004.10.027,12,explore_aware8_on_anchor_rows,90,90,1.026039052328236,,1.0,dedup
ES1,2,7,10.1016/j.eurpolymj.2004.10.027,12,explore_aware_on_matdisjoint_rows,0,0,1.083849980626051,,,dedup
ES1,2,7,https://www.sciencedirect.com/science/article/pii/s0927776511005522,18,anchor,150,150,0.9972027501212996,143.0,1.0,dedup
ES1,2,7,https://www.sciencedirect.com/science/article/pii/s0927776511005522,18,aware_on_anchor_rows,150,150,1.083849980626051,,1.0,dedup
ES1,2,7,https://www.sciencedirect.com/science/article/pii/s0927776511005522,18,explore_anchor_matdisjoint,7,7,1.5709731953716906,,1.0,dedup
ES1,2,7,https://www.sciencedirect.com/science/article/pii/s0927776511005522,18,explore_aware8_on_anchor_rows,150,150,1.026039052328236,,1.0,dedup
ES1,2,7,https://www.sciencedirect.com/science/article/pii/s0927776511005522,18,explore_aware_on_matdisjoint_rows,7,7,1.083849980626051,,1.0,dedup
ES1,2,8,10.1002/app.25464,16,anchor,84,130,0.9587346646924864,108.0,0.6461538461538462,dedup
ES1,2,8,10.1002/app.25464,16,aware_on_anchor_rows,96,130,1.046248599204497,,0.7384615384615385,dedup
ES1,2,8,10.1002/app.25464,16,explore_anchor_matdisjoint,17,22,1.159697917300229,,0.7727272727272727,dedup
ES1,2,8,10.1002/app.25464,16,explore_aware8_on_anchor_rows,96,130,0.9826912255307922,,0.7384615384615385,dedup
ES1,2,8,10.1002/app.25464,16,explore_aware_on_matdisjoint_rows,15,22,1.046248599204497,,0.6818181818181818,dedup
ES1,2,8,10.1002/app.36726,17,anchor,140,140,0.9587346646924864,140.0,1.0,dedup
ES1,2,8,10.1002/app.36726,17,aware_on_anchor_rows,140,140,1.046248599204497,,1.0,dedup
ES1,2,8,10.1002/app.36726,17,explore_anchor_matdisjoint,0,0,1.159697917300229,,,dedup
ES1,2,8,10.1002/app.36726,17,explore_aware8_on_anchor_rows,140,140,0.9826912255307922,,1.0,dedup
ES1,2,8,10.1002/app.36726,17,explore_aware_on_matdisjoint_rows,0,0,1.046248599204497,,,dedup
ES1,2,8,10.3390/nano11102514,8,anchor,48,50,0.9587346646924864,50.0,0.96,dedup
ES1,2,8,10.3390/nano11102514,8,aware_on_anchor_rows,47,50,1.046248599204497,,0.94,dedup
ES1,2,8,10.3390/nano11102514,8,explore_anchor_matdisjoint,0,0,1.159697917300229,,,dedup
ES1,2,8,10.3390/nano11102514,8,explore_aware8_on_anchor_rows,47,50,0.9826912255307922,,0.94,dedup
ES1,2,8,10.3390/nano11102514,8,explore_aware_on_matdisjoint_rows,0,0,1.046248599204497,,,dedup
ES1,2,8,https://www.researchgate.net/profile/dhananjay-pise/publication/277816900_study_of_process_parameters_affecting_the_diameter_and_morphology_of_electrospun_polyvinylidene_fluoride_pvdf_nanofibers/links/55751b5c08aeacff1ffcc4a8/study-of-process-parameters-affecting-the-diameter-and-morphology-of-electrospun-polyvinylidene-fluoride-pvdf-nanofibers.pdf,9,anchor,60,60,0.9587346646924864,60.0,1.0,dedup
ES1,2,8,https://www.researchgate.net/profile/dhananjay-pise/publication/277816900_study_of_process_parameters_affecting_the_diameter_and_morphology_of_electrospun_polyvinylidene_fluoride_pvdf_nanofibers/links/55751b5c08aeacff1ffcc4a8/study-of-process-parameters-affecting-the-diameter-and-morphology-of-electrospun-polyvinylidene-fluoride-pvdf-nanofibers.pdf,9,aware_on_anchor_rows,60,60,1.046248599204497,,1.0,dedup
ES1,2,8,https://www.researchgate.net/profile/dhananjay-pise/publication/277816900_study_of_process_parameters_affecting_the_diameter_and_morphology_of_electrospun_polyvinylidene_fluoride_pvdf_nanofibers/links/55751b5c08aeacff1ffcc4a8/study-of-process-parameters-affecting-the-diameter-and-morphology-of-electrospun-polyvinylidene-fluoride-pvdf-nanofibers.pdf,9,explore_anchor_matdisjoint,0,0,1.159697917300229,,,dedup
ES1,2,8,https://www.researchgate.net/profile/dhananjay-pise/publication/277816900_study_of_process_parameters_affecting_the_diameter_and_morphology_of_electrospun_polyvinylidene_fluoride_pvdf_nanofibers/links/55751b5c08aeacff1ffcc4a8/study-of-process-parameters-affecting-the-diameter-and-morphology-of-electrospun-polyvinylidene-fluoride-pvdf-nanofibers.pdf,9,explore_aware8_on_anchor_rows,60,60,0.9826912255307922,,1.0,dedup
ES1,2,8,https://www.researchgate.net/profile/dhananjay-pise/publication/277816900_study_of_process_parameters_affecting_the_diameter_and_morphology_of_electrospun_polyvinylidene_fluoride_pvdf_nanofibers/links/55751b5c08aeacff1ffcc4a8/study-of-process-parameters-affecting-the-diameter-and-morphology-of-electrospun-polyvinylidene-fluoride-pvdf-nanofibers.pdf,9,explore_aware_on_matdisjoint_rows,0,0,1.046248599204497,,,dedup
ES1,2,9,10.1002/adv.21947,17,anchor,140,140,1.038355184271201,140.0,1.0,dedup
ES1,2,9,10.1002/adv.21947,17,aware_on_anchor_rows,140,140,1.061505067981169,,1.0,dedup
ES1,2,9,10.1002/adv.21947,17,explore_anchor_matdisjoint,0,0,1.3947003679768326,,,dedup
ES1,2,9,10.1002/adv.21947,17,explore_aware8_on_anchor_rows,140,140,1.01661583767293,,1.0,dedup
ES1,2,9,10.1002/adv.21947,17,explore_aware_on_matdisjoint_rows,0,0,1.061505067981169,,,dedup
ES1,2,9,10.1016/j.jafr.2019.100015,15,anchor,120,120,1.038355184271201,120.0,1.0,dedup
ES1,2,9,10.1016/j.jafr.2019.100015,15,aware_on_anchor_rows,112,120,1.061505067981169,,0.9333333333333333,dedup
ES1,2,9,10.1016/j.jafr.2019.100015,15,explore_anchor_matdisjoint,0,0,1.3947003679768326,,,dedup
ES1,2,9,10.1016/j.jafr.2019.100015,15,explore_aware8_on_anchor_rows,112,120,1.01661583767293,,0.9333333333333333,dedup
ES1,2,9,10.1016/j.jafr.2019.100015,15,explore_aware_on_matdisjoint_rows,0,0,1.061505067981169,,,dedup
ES1,2,9,10.1016/j.polymer.2014.06.032,8,anchor,50,50,1.038355184271201,50.0,1.0,dedup
ES1,2,9,10.1016/j.polymer.2014.06.032,8,aware_on_anchor_rows,50,50,1.061505067981169,,1.0,dedup
ES1,2,9,10.1016/j.polymer.2014.06.032,8,explore_anchor_matdisjoint,0,0,1.3947003679768326,,,dedup
ES1,2,9,10.1016/j.polymer.2014.06.032,8,explore_aware8_on_anchor_rows,50,50,1.01661583767293,,1.0,dedup
ES1,2,9,10.1016/j.polymer.2014.06.032,8,explore_aware_on_matdisjoint_rows,0,0,1.061505067981169,,,dedup
ES1,2,9,10.3390/polym15132813,10,anchor,70,70,1.038355184271201,70.0,1.0,dedup
ES1,2,9,10.3390/polym15132813,10,aware_on_anchor_rows,70,70,1.061505067981169,,1.0,dedup
ES1,2,9,10.3390/polym15132813,10,explore_anchor_matdisjoint,0,0,1.3947003679768326,,,dedup
ES1,2,9,10.3390/polym15132813,10,explore_aware8_on_anchor_rows,70,70,1.01661583767293,,1.0,dedup
ES1,2,9,10.3390/polym15132813,10,explore_aware_on_matdisjoint_rows,0,0,1.061505067981169,,,dedup
ES1,3,0,10.1007/s11814-009-0309-1,96,anchor,930,930,1.1054526466997543,930.0,1.0,dedup
ES1,3,0,10.1007/s11814-009-0309-1,96,aware_on_anchor_rows,930,930,1.1282504170832928,,1.0,dedup
ES1,3,0,10.1007/s11814-009-0309-1,96,explore_anchor_matdisjoint,0,0,1.343892820255999,,,dedup
ES1,3,0,10.1007/s11814-009-0309-1,96,explore_aware8_on_anchor_rows,930,930,1.0644513009391754,,1.0,dedup
ES1,3,0,10.1007/s11814-009-0309-1,96,explore_aware_on_matdisjoint_rows,0,0,1.1282504170832928,,,dedup
ES1,3,1,10.1016/j.compositesb.2019.01.094,46,anchor,230,430,0.8049822892302645,430.0,0.5348837209302325,dedup
ES1,3,1,10.1016/j.compositesb.2019.01.094,46,aware_on_anchor_rows,299,430,0.9933930051946662,,0.6953488372093023,dedup
ES1,3,1,10.1016/j.compositesb.2019.01.094,46,explore_anchor_matdisjoint,0,0,1.5922343692292291,,,dedup
ES1,3,1,10.1016/j.compositesb.2019.01.094,46,explore_aware8_on_anchor_rows,282,430,0.9360741403306498,,0.6558139534883721,dedup
ES1,3,1,10.1016/j.compositesb.2019.01.094,46,explore_aware_on_matdisjoint_rows,0,0,0.9933930051946662,,,dedup
ES1,3,2,10.1002/app.42304,9,anchor,56,60,0.9647963352309624,51.0,0.9333333333333333,dedup
ES1,3,2,10.1002/app.42304,9,aware_on_anchor_rows,53,60,1.033308200457815,,0.8833333333333333,dedup
ES1,3,2,10.1002/app.42304,9,explore_anchor_matdisjoint,9,9,1.2607754726607656,,1.0,dedup
ES1,3,2,10.1002/app.42304,9,explore_aware8_on_anchor_rows,38,60,0.9610405159640152,,0.6333333333333333,dedup
ES1,3,2,10.1002/app.42304,9,explore_aware_on_matdisjoint_rows,6,9,1.033308200457815,,0.6666666666666666,dedup
ES1,3,2,10.1007/s12221-015-5263-4,38,anchor,267,350,0.9647963352309624,274.0,0.7628571428571429,dedup
ES1,3,2,10.1007/s12221-015-5263-4,38,aware_on_anchor_rows,315,350,1.033308200457815,,0.9,dedup
ES1,3,2,10.1007/s12221-015-5263-4,38,explore_anchor_matdisjoint,55,76,1.2607754726607656,,0.7236842105263158,dedup
ES1,3,2,10.1007/s12221-015-5263-4,38,explore_aware8_on_anchor_rows,289,350,0.9610405159640152,,0.8257142857142857,dedup
ES1,3,2,10.1007/s12221-015-5263-4,38,explore_aware_on_matdisjoint_rows,72,76,1.033308200457815,,0.9473684210526315,dedup
ES1,3,3,10.1016/j.eurpolymj.2004.10.027,12,anchor,90,90,0.9339901863628386,90.0,1.0,dedup
ES1,3,3,10.1016/j.eurpolymj.2004.10.027,12,aware_on_anchor_rows,82,90,1.012411581598152,,0.9111111111111111,dedup
ES1,3,3,10.1016/j.eurpolymj.2004.10.027,12,explore_anchor_matdisjoint,0,0,1.7287766254998742,,,dedup
ES1,3,3,10.1016/j.eurpolymj.2004.10.027,12,explore_aware8_on_anchor_rows,82,90,0.9887844645542864,,0.9111111111111111,dedup
ES1,3,3,10.1016/j.eurpolymj.2004.10.027,12,explore_aware_on_matdisjoint_rows,0,0,1.012411581598152,,,dedup
ES1,3,3,10.1016/j.polymer.2008.09.025,26,anchor,188,230,0.9339901863628386,230.0,0.8173913043478261,dedup
ES1,3,3,10.1016/j.polymer.2008.09.025,26,aware_on_anchor_rows,150,230,1.012411581598152,,0.6521739130434783,dedup
ES1,3,3,10.1016/j.polymer.2008.09.025,26,explore_anchor_matdisjoint,0,0,1.7287766254998742,,,dedup
ES1,3,3,10.1016/j.polymer.2008.09.025,26,explore_aware8_on_anchor_rows,150,230,0.9887844645542864,,0.6521739130434783,dedup
ES1,3,3,10.1016/j.polymer.2008.09.025,26,explore_aware_on_matdisjoint_rows,0,0,1.012411581598152,,,dedup
ES1,3,3,10.3139/217.3278,9,anchor,60,60,0.9339901863628386,60.0,1.0,dedup
ES1,3,3,10.3139/217.3278,9,aware_on_anchor_rows,60,60,1.012411581598152,,1.0,dedup
ES1,3,3,10.3139/217.3278,9,explore_anchor_matdisjoint,0,0,1.7287766254998742,,,dedup
ES1,3,3,10.3139/217.3278,9,explore_aware8_on_anchor_rows,60,60,0.9887844645542864,,1.0,dedup
ES1,3,3,10.3139/217.3278,9,explore_aware_on_matdisjoint_rows,0,0,1.012411581598152,,,dedup
ES1,3,4,10.1002/app.32569,20,anchor,170,170,0.9925629146730778,170.0,1.0,dedup
ES1,3,4,10.1002/app.32569,20,aware_on_anchor_rows,170,170,1.0636912294692973,,1.0,dedup
ES1,3,4,10.1002/app.32569,20,explore_anchor_matdisjoint,0,0,1.3234165728095708,,,dedup
ES1,3,4,10.1002/app.32569,20,explore_aware8_on_anchor_rows,170,170,1.02223912273785,,1.0,dedup
ES1,3,4,10.1002/app.32569,20,explore_aware_on_matdisjoint_rows,0,0,1.0636912294692973,,,dedup
ES1,3,4,10.1007/s00521-017-2996-6,13,anchor,100,100,0.9925629146730778,100.0,1.0,dedup
ES1,3,4,10.1007/s00521-017-2996-6,13,aware_on_anchor_rows,100,100,1.0636912294692973,,1.0,dedup
ES1,3,4,10.1007/s00521-017-2996-6,13,explore_anchor_matdisjoint,0,0,1.3234165728095708,,,dedup
ES1,3,4,10.1007/s00521-017-2996-6,13,explore_aware8_on_anchor_rows,100,100,1.02223912273785,,1.0,dedup
ES1,3,4,10.1007/s00521-017-2996-6,13,explore_aware_on_matdisjoint_rows,0,0,1.0636912294692973,,,dedup
ES1,3,4,10.3390/polym15132813,10,anchor,70,70,0.9925629146730778,70.0,1.0,dedup
ES1,3,4,10.3390/polym15132813,10,aware_on_anchor_rows,70,70,1.0636912294692973,,1.0,dedup
ES1,3,4,10.3390/polym15132813,10,explore_anchor_matdisjoint,0,0,1.3234165728095708,,,dedup
ES1,3,4,10.3390/polym15132813,10,explore_aware8_on_anchor_rows,70,70,1.02223912273785,,1.0,dedup
ES1,3,4,10.3390/polym15132813,10,explore_aware_on_matdisjoint_rows,0,0,1.0636912294692973,,,dedup
ES1,3,5,10.1002/polb.21380,12,anchor,90,90,0.9914379992902784,81.0,1.0,dedup
ES1,3,5,10.1002/polb.21380,12,aware_on_anchor_rows,90,90,1.0483660732525406,,1.0,dedup
ES1,3,5,10.1002/polb.21380,12,explore_anchor_matdisjoint,9,9,1.4222998747835869,,1.0,dedup
ES1,3,5,10.1002/polb.21380,12,explore_aware8_on_anchor_rows,90,90,0.9879403121225154,,1.0,dedup
ES1,3,5,10.1002/polb.21380,12,explore_aware_on_matdisjoint_rows,9,9,1.0483660732525406,,1.0,dedup
ES1,3,5,10.1007/s00521-014-1554-8,20,anchor,156,170,0.9914379992902784,170.0,0.9176470588235294,dedup
ES1,3,5,10.1007/s00521-014-1554-8,20,aware_on_anchor_rows,170,170,1.0483660732525406,,1.0,dedup
ES1,3,5,10.1007/s00521-014-1554-8,20,explore_anchor_matdisjoint,0,0,1.4222998747835869,,,dedup
ES1,3,5,10.1007/s00521-014-1554-8,20,explore_aware8_on_anchor_rows,161,170,0.9879403121225154,,0.9470588235294117,dedup
ES1,3,5,10.1007/s00521-014-1554-8,20,explore_aware_on_matdisjoint_rows,0,0,1.0483660732525406,,,dedup
ES1,3,5,10.3390/nano10061221,11,anchor,80,80,0.9914379992902784,80.0,1.0,dedup
ES1,3,5,10.3390/nano10061221,11,aware_on_anchor_rows,60,80,1.0483660732525406,,0.75,dedup
ES1,3,5,10.3390/nano10061221,11,explore_anchor_matdisjoint,0,0,1.4222998747835869,,,dedup
ES1,3,5,10.3390/nano10061221,11,explore_aware8_on_anchor_rows,60,80,0.9879403121225154,,0.75,dedup
ES1,3,5,10.3390/nano10061221,11,explore_aware_on_matdisjoint_rows,0,0,1.0483660732525406,,,dedup
ES1,3,6,10.1016/j.jafr.2019.100015,15,anchor,120,120,1.016646366461191,120.0,1.0,dedup
ES1,3,6,10.1016/j.jafr.2019.100015,15,aware_on_anchor_rows,111,120,1.0441112354730402,,0.925,dedup
ES1,3,6,10.1016/j.jafr.2019.100015,15,explore_anchor_matdisjoint,0,0,1.5200054125279865,,,dedup
ES1,3,6,10.1016/j.jafr.2019.100015,15,explore_aware8_on_anchor_rows,101,120,1.0115808202592538,,0.8416666666666667,dedup
ES1,3,6,10.1016/j.jafr.2019.100015,15,explore_aware_on_matdisjoint_rows,0,0,1.0441112354730402,,,dedup
ES1,3,6,10.1016/j.polymer.2014.06.032,8,anchor,50,50,1.016646366461191,50.0,1.0,dedup
ES1,3,6,10.1016/j.polymer.2014.06.032,8,aware_on_anchor_rows,50,50,1.0441112354730402,,1.0,dedup
ES1,3,6,10.1016/j.polymer.2014.06.032,8,explore_anchor_matdisjoint,0,0,1.5200054125279865,,,dedup
ES1,3,6,10.1016/j.polymer.2014.06.032,8,explore_aware8_on_anchor_rows,50,50,1.0115808202592538,,1.0,dedup
ES1,3,6,10.1016/j.polymer.2014.06.032,8,explore_aware_on_matdisjoint_rows,0,0,1.0441112354730402,,,dedup
ES1,3,6,10.3390/polym15030731,9,anchor,60,60,1.016646366461191,60.0,1.0,dedup
ES1,3,6,10.3390/polym15030731,9,aware_on_anchor_rows,60,60,1.0441112354730402,,1.0,dedup
ES1,3,6,10.3390/polym15030731,9,explore_anchor_matdisjoint,0,0,1.5200054125279865,,,dedup
ES1,3,6,10.3390/polym15030731,9,explore_aware8_on_anchor_rows,60,60,1.0115808202592538,,1.0,dedup
ES1,3,6,10.3390/polym15030731,9,explore_aware_on_matdisjoint_rows,0,0,1.0441112354730402,,,dedup
ES1,3,6,https://www.sciencedirect.com/science/article/pii/s0927776511005522,18,anchor,150,150,1.016646366461191,142.0,1.0,dedup
ES1,3,6,https://www.sciencedirect.com/science/article/pii/s0927776511005522,18,aware_on_anchor_rows,150,150,1.0441112354730402,,1.0,dedup
ES1,3,6,https://www.sciencedirect.com/science/article/pii/s0927776511005522,18,explore_anchor_matdisjoint,8,8,1.5200054125279865,,1.0,dedup
ES1,3,6,https://www.sciencedirect.com/science/article/pii/s0927776511005522,18,explore_aware8_on_anchor_rows,150,150,1.0115808202592538,,1.0,dedup
ES1,3,6,https://www.sciencedirect.com/science/article/pii/s0927776511005522,18,explore_aware_on_matdisjoint_rows,8,8,1.0441112354730402,,1.0,dedup
ES1,3,7,10.1007/s10965-014-0571-8.,18,anchor,102,150,0.9707386868495196,150.0,0.68,dedup
ES1,3,7,10.1007/s10965-014-0571-8.,18,aware_on_anchor_rows,91,150,0.996632375436718,,0.6066666666666667,dedup
ES1,3,7,10.1007/s10965-014-0571-8.,18,explore_anchor_matdisjoint,0,0,1.4640678847593065,,,dedup
ES1,3,7,10.1007/s10965-014-0571-8.,18,explore_aware8_on_anchor_rows,91,150,0.9829388282265654,,0.6066666666666667,dedup
ES1,3,7,10.1007/s10965-014-0571-8.,18,explore_aware_on_matdisjoint_rows,0,0,0.996632375436718,,,dedup
ES1,3,7,10.1007/s40204-017-0071-0,13,anchor,100,100,0.9707386868495196,100.0,1.0,dedup
ES1,3,7,10.1007/s40204-017-0071-0,13,aware_on_anchor_rows,100,100,0.996632375436718,,1.0,dedup
ES1,3,7,10.1007/s40204-017-0071-0,13,explore_anchor_matdisjoint,0,0,1.4640678847593065,,,dedup
ES1,3,7,10.1007/s40204-017-0071-0,13,explore_aware8_on_anchor_rows,100,100,0.9829388282265654,,1.0,dedup
ES1,3,7,10.1007/s40204-017-0071-0,13,explore_aware_on_matdisjoint_rows,0,0,0.996632375436718,,,dedup
ES1,3,7,10.1080/1539445x.2010.495630,12,anchor,78,90,0.9707386868495196,90.0,0.8666666666666667,dedup
ES1,3,7,10.1080/1539445x.2010.495630,12,aware_on_anchor_rows,84,90,0.996632375436718,,0.9333333333333333,dedup
ES1,3,7,10.1080/1539445x.2010.495630,12,explore_anchor_matdisjoint,0,0,1.4640678847593065,,,dedup
ES1,3,7,10.1080/1539445x.2010.495630,12,explore_aware8_on_anchor_rows,84,90,0.9829388282265654,,0.9333333333333333,dedup
ES1,3,7,10.1080/1539445x.2010.495630,12,explore_aware_on_matdisjoint_rows,0,0,0.996632375436718,,,dedup
ES1,3,8,10.1002/app.25464,16,anchor,85,130,0.9717232734050512,124.0,0.6538461538461539,dedup
ES1,3,8,10.1002/app.25464,16,aware_on_anchor_rows,98,130,1.0493603608074649,,0.7538461538461538,dedup
ES1,3,8,10.1002/app.25464,16,explore_anchor_matdisjoint,4,6,1.396208867266955,,0.6666666666666666,dedup
ES1,3,8,10.1002/app.25464,16,explore_aware8_on_anchor_rows,98,130,1.0268396152057289,,0.7538461538461538,dedup
ES1,3,8,10.1002/app.25464,16,explore_aware_on_matdisjoint_rows,3,6,1.0493603608074649,,0.5,dedup
ES1,3,8,10.1002/app.36726,17,anchor,140,140,0.9717232734050512,140.0,1.0,dedup
ES1,3,8,10.1002/app.36726,17,aware_on_anchor_rows,140,140,1.0493603608074649,,1.0,dedup
ES1,3,8,10.1002/app.36726,17,explore_anchor_matdisjoint,0,0,1.396208867266955,,,dedup
ES1,3,8,10.1002/app.36726,17,explore_aware8_on_anchor_rows,140,140,1.0268396152057289,,1.0,dedup
ES1,3,8,10.1002/app.36726,17,explore_aware_on_matdisjoint_rows,0,0,1.0493603608074649,,,dedup
ES1,3,8,10.1016/j.memsci.2013.01.023,8,anchor,34,50,0.9717232734050512,50.0,0.68,dedup
ES1,3,8,10.1016/j.memsci.2013.01.023,8,aware_on_anchor_rows,44,50,1.0493603608074649,,0.88,dedup
ES1,3,8,10.1016/j.memsci.2013.01.023,8,explore_anchor_matdisjoint,0,0,1.396208867266955,,,dedup
ES1,3,8,10.1016/j.memsci.2013.01.023,8,explore_aware8_on_anchor_rows,44,50,1.0268396152057289,,0.88,dedup
ES1,3,8,10.1016/j.memsci.2013.01.023,8,explore_aware_on_matdisjoint_rows,0,0,1.0493603608074649,,,dedup
ES1,3,8,https://www.researchgate.net/profile/dhananjay-pise/publication/277816900_study_of_process_parameters_affecting_the_diameter_and_morphology_of_electrospun_polyvinylidene_fluoride_pvdf_nanofibers/links/55751b5c08aeacff1ffcc4a8/study-of-process-parameters-affecting-the-diameter-and-morphology-of-electrospun-polyvinylidene-fluoride-pvdf-nanofibers.pdf,9,anchor,60,60,0.9717232734050512,60.0,1.0,dedup
ES1,3,8,https://www.researchgate.net/profile/dhananjay-pise/publication/277816900_study_of_process_parameters_affecting_the_diameter_and_morphology_of_electrospun_polyvinylidene_fluoride_pvdf_nanofibers/links/55751b5c08aeacff1ffcc4a8/study-of-process-parameters-affecting-the-diameter-and-morphology-of-electrospun-polyvinylidene-fluoride-pvdf-nanofibers.pdf,9,aware_on_anchor_rows,60,60,1.0493603608074649,,1.0,dedup
ES1,3,8,https://www.researchgate.net/profile/dhananjay-pise/publication/277816900_study_of_process_parameters_affecting_the_diameter_and_morphology_of_electrospun_polyvinylidene_fluoride_pvdf_nanofibers/links/55751b5c08aeacff1ffcc4a8/study-of-process-parameters-affecting-the-diameter-and-morphology-of-electrospun-polyvinylidene-fluoride-pvdf-nanofibers.pdf,9,explore_anchor_matdisjoint,0,0,1.396208867266955,,,dedup
ES1,3,8,https://www.researchgate.net/profile/dhananjay-pise/publication/277816900_study_of_process_parameters_affecting_the_diameter_and_morphology_of_electrospun_polyvinylidene_fluoride_pvdf_nanofibers/links/55751b5c08aeacff1ffcc4a8/study-of-process-parameters-affecting-the-diameter-and-morphology-of-electrospun-polyvinylidene-fluoride-pvdf-nanofibers.pdf,9,explore_aware8_on_anchor_rows,60,60,1.0268396152057289,,1.0,dedup
ES1,3,8,https://www.researchgate.net/profile/dhananjay-pise/publication/277816900_study_of_process_parameters_affecting_the_diameter_and_morphology_of_electrospun_polyvinylidene_fluoride_pvdf_nanofibers/links/55751b5c08aeacff1ffcc4a8/study-of-process-parameters-affecting-the-diameter-and-morphology-of-electrospun-polyvinylidene-fluoride-pvdf-nanofibers.pdf,9,explore_aware_on_matdisjoint_rows,0,0,1.0493603608074649,,,dedup
ES1,3,9,10.1002/adv.21947,17,anchor,140,140,0.9680041613259398,140.0,1.0,dedup
ES1,3,9,10.1002/adv.21947,17,aware_on_anchor_rows,140,140,1.0540817734570664,,1.0,dedup
ES1,3,9,10.1002/adv.21947,17,explore_anchor_matdisjoint,0,0,1.657313330909297,,,dedup
ES1,3,9,10.1002/adv.21947,17,explore_aware8_on_anchor_rows,140,140,1.0357938670366664,,1.0,dedup
ES1,3,9,10.1002/adv.21947,17,explore_aware_on_matdisjoint_rows,0,0,1.0540817734570664,,,dedup
ES1,3,9,10.1016/j.molliq.2023.122819,10,anchor,60,70,0.9680041613259398,62.0,0.8571428571428571,dedup
ES1,3,9,10.1016/j.molliq.2023.122819,10,aware_on_anchor_rows,70,70,1.0540817734570664,,1.0,dedup
ES1,3,9,10.1016/j.molliq.2023.122819,10,explore_anchor_matdisjoint,8,8,1.657313330909297,,1.0,dedup
ES1,3,9,10.1016/j.molliq.2023.122819,10,explore_aware8_on_anchor_rows,70,70,1.0357938670366664,,1.0,dedup
ES1,3,9,10.1016/j.molliq.2023.122819,10,explore_aware_on_matdisjoint_rows,8,8,1.0540817734570664,,1.0,dedup
ES1,3,9,10.1515/epoly-2022-8106,15,anchor,120,120,0.9680041613259398,120.0,1.0,dedup
ES1,3,9,10.1515/epoly-2022-8106,15,aware_on_anchor_rows,120,120,1.0540817734570664,,1.0,dedup
ES1,3,9,10.1515/epoly-2022-8106,15,explore_anchor_matdisjoint,0,0,1.657313330909297,,,dedup
ES1,3,9,10.1515/epoly-2022-8106,15,explore_aware8_on_anchor_rows,120,120,1.0357938670366664,,1.0,dedup
ES1,3,9,10.1515/epoly-2022-8106,15,explore_aware_on_matdisjoint_rows,0,0,1.0540817734570664,,,dedup
ES1,3,9,10.3390/nano11102514,8,anchor,50,50,0.9680041613259398,50.0,1.0,dedup
ES1,3,9,10.3390/nano11102514,8,aware_on_anchor_rows,50,50,1.0540817734570664,,1.0,dedup
ES1,3,9,10.3390/nano11102514,8,explore_anchor_matdisjoint,0,0,1.657313330909297,,,dedup
ES1,3,9,10.3390/nano11102514,8,explore_aware8_on_anchor_rows,50,50,1.0357938670366664,,1.0,dedup
ES1,3,9,10.3390/nano11102514,8,explore_aware_on_matdisjoint_rows,0,0,1.0540817734570664,,,dedup
ES1,4,0,10.1007/s11814-009-0309-1,96,anchor,930,930,1.066709510402546,930.0,1.0,dedup
ES1,4,0,10.1007/s11814-009-0309-1,96,aware_on_anchor_rows,930,930,1.092696541656136,,1.0,dedup
ES1,4,0,10.1007/s11814-009-0309-1,96,explore_anchor_matdisjoint,0,0,1.5641125587737652,,,dedup
ES1,4,0,10.1007/s11814-009-0309-1,96,explore_aware8_on_anchor_rows,930,930,1.051732089830308,,1.0,dedup
ES1,4,0,10.1007/s11814-009-0309-1,96,explore_aware_on_matdisjoint_rows,0,0,1.092696541656136,,,dedup
ES1,4,1,10.1016/j.compositesb.2019.01.094,46,anchor,217,430,0.8200171944636813,430.0,0.5046511627906977,dedup
ES1,4,1,10.1016/j.compositesb.2019.01.094,46,aware_on_anchor_rows,300,430,1.0318084249414232,,0.6976744186046512,dedup
ES1,4,1,10.1016/j.compositesb.2019.01.094,46,explore_anchor_matdisjoint,0,0,1.808232033309784,,,dedup
ES1,4,1,10.1016/j.compositesb.2019.01.094,46,explore_aware8_on_anchor_rows,300,430,0.9907842709683649,,0.6976744186046512,dedup
ES1,4,1,10.1016/j.compositesb.2019.01.094,46,explore_aware_on_matdisjoint_rows,0,0,1.0318084249414232,,,dedup
ES1,4,2,10.1007/s12221-015-5263-4,38,anchor,261,350,0.9041399520991138,255.0,0.7457142857142857,dedup
ES1,4,2,10.1007/s12221-015-5263-4,38,aware_on_anchor_rows,315,350,1.0243184220770187,,0.9,dedup
ES1,4,2,10.1007/s12221-015-5263-4,38,explore_anchor_matdisjoint,75,95,1.2848802210384558,,0.7894736842105263,dedup
ES1,4,2,10.1007/s12221-015-5263-4,38,explore_aware8_on_anchor_rows,298,350,0.9267599731365888,,0.8514285714285714,dedup
ES1,4,2,10.1007/s12221-015-5263-4,38,explore_aware_on_matdisjoint_rows,84,95,1.0243184220770187,,0.8842105263157894,dedup
ES1,4,2,https://www.researchgate.net/profile/dhananjay-pise/publication/277816900_study_of_process_parameters_affecting_the_diameter_and_morphology_of_electrospun_polyvinylidene_fluoride_pvdf_nanofibers/links/55751b5c08aeacff1ffcc4a8/study-of-process-parameters-affecting-the-diameter-and-morphology-of-electrospun-polyvinylidene-fluoride-pvdf-nanofibers.pdf,9,anchor,60,60,0.9041399520991138,60.0,1.0,dedup
ES1,4,2,https://www.researchgate.net/profile/dhananjay-pise/publication/277816900_study_of_process_parameters_affecting_the_diameter_and_morphology_of_electrospun_polyvinylidene_fluoride_pvdf_nanofibers/links/55751b5c08aeacff1ffcc4a8/study-of-process-parameters-affecting-the-diameter-and-morphology-of-electrospun-polyvinylidene-fluoride-pvdf-nanofibers.pdf,9,aware_on_anchor_rows,60,60,1.0243184220770187,,1.0,dedup
ES1,4,2,https://www.researchgate.net/profile/dhananjay-pise/publication/277816900_study_of_process_parameters_affecting_the_diameter_and_morphology_of_electrospun_polyvinylidene_fluoride_pvdf_nanofibers/links/55751b5c08aeacff1ffcc4a8/study-of-process-parameters-affecting-the-diameter-and-morphology-of-electrospun-polyvinylidene-fluoride-pvdf-nanofibers.pdf,9,explore_anchor_matdisjoint,0,0,1.2848802210384558,,,dedup
ES1,4,2,https://www.researchgate.net/profile/dhananjay-pise/publication/277816900_study_of_process_parameters_affecting_the_diameter_and_morphology_of_electrospun_polyvinylidene_fluoride_pvdf_nanofibers/links/55751b5c08aeacff1ffcc4a8/study-of-process-parameters-affecting-the-diameter-and-morphology-of-electrospun-polyvinylidene-fluoride-pvdf-nanofibers.pdf,9,explore_aware8_on_anchor_rows,60,60,0.9267599731365888,,1.0,dedup
ES1,4,2,https://www.researchgate.net/profile/dhananjay-pise/publication/277816900_study_of_process_parameters_affecting_the_diameter_and_morphology_of_electrospun_polyvinylidene_fluoride_pvdf_nanofibers/links/55751b5c08aeacff1ffcc4a8/study-of-process-parameters-affecting-the-diameter-and-morphology-of-electrospun-polyvinylidene-fluoride-pvdf-nanofibers.pdf,9,explore_aware_on_matdisjoint_rows,0,0,1.0243184220770187,,,dedup
ES1,4,3,10.1002/polb.21380,12,anchor,90,90,1.0009133069385303,78.0,1.0,dedup
ES1,4,3,10.1002/polb.21380,12,aware_on_anchor_rows,90,90,1.0123845842960728,,1.0,dedup
ES1,4,3,10.1002/polb.21380,12,explore_anchor_matdisjoint,12,12,1.5766597358385857,,1.0,dedup
ES1,4,3,10.1002/polb.21380,12,explore_aware8_on_anchor_rows,90,90,0.9726206300969809,,1.0,dedup
ES1,4,3,10.1002/polb.21380,12,explore_aware_on_matdisjoint_rows,12,12,1.0123845842960728,,1.0,dedup
ES1,4,3,10.1016/j.polymer.2008.09.025,26,anchor,200,230,1.0009133069385303,230.0,0.8695652173913043,dedup
ES1,4,3,10.1016/j.polymer.2008.09.025,26,aware_on_anchor_rows,153,230,1.0123845842960728,,0.6652173913043479,dedup
ES1,4,3,10.1016/j.polymer.2008.09.025,26,explore_anchor_matdisjoint,0,0,1.5766597358385857,,,dedup
ES1,4,3,10.1016/j.polymer.2008.09.025,26,explore_aware8_on_anchor_rows,144,230,0.9726206300969809,,0.6260869565217392,dedup
ES1,4,3,10.1016/j.polymer.2008.09.025,26,explore_aware_on_matdisjoint_rows,0,0,1.0123845842960728,,,dedup
ES1,4,3,10.3139/217.3278,9,anchor,60,60,1.0009133069385303,60.0,1.0,dedup
ES1,4,3,10.3139/217.3278,9,aware_on_anchor_rows,60,60,1.0123845842960728,,1.0,dedup
ES1,4,3,10.3139/217.3278,9,explore_anchor_matdisjoint,0,0,1.5766597358385857,,,dedup
ES1,4,3,10.3139/217.3278,9,explore_aware8_on_anchor_rows,60,60,0.9726206300969809,,1.0,dedup
ES1,4,3,10.3139/217.3278,9,explore_aware_on_matdisjoint_rows,0,0,1.0123845842960728,,,dedup
ES1,4,4,10.1007/s00521-014-1554-8,20,anchor,153,170,0.9806775313351498,170.0,0.9,dedup
ES1,4,4,10.1007/s00521-014-1554-8,20,aware_on_anchor_rows,163,170,1.0902258204236626,,0.9588235294117647,dedup
ES1,4,4,10.1007/s00521-014-1554-8,20,explore_anchor_matdisjoint,0,0,1.3830425293209936,,,dedup
ES1,4,4,10.1007/s00521-014-1554-8,20,explore_aware8_on_anchor_rows,163,170,1.0277232923181785,,0.9588235294117647,dedup
ES1,4,4,10.1007/s00521-014-1554-8,20,explore_aware_on_matdisjoint_rows,0,0,1.0902258204236626,,,dedup
ES1,4,4,10.1007/s40204-017-0071-0,13,anchor,100,100,0.9806775313351498,100.0,1.0,dedup
ES1,4,4,10.1007/s40204-017-0071-0,13,aware_on_anchor_rows,100,100,1.0902258204236626,,1.0,dedup
ES1,4,4,10.1007/s40204-017-0071-0,13,explore_anchor_matdisjoint,0,0,1.3830425293209936,,,dedup
ES1,4,4,10.1007/s40204-017-0071-0,13,explore_aware8_on_anchor_rows,100,100,1.0277232923181785,,1.0,dedup
ES1,4,4,10.1007/s40204-017-0071-0,13,explore_aware_on_matdisjoint_rows,0,0,1.0902258204236626,,,dedup
ES1,4,4,10.1016/j.molliq.2023.122819,10,anchor,61,70,0.9806775313351498,58.0,0.8714285714285714,dedup
ES1,4,4,10.1016/j.molliq.2023.122819,10,aware_on_anchor_rows,70,70,1.0902258204236626,,1.0,dedup
ES1,4,4,10.1016/j.molliq.2023.122819,10,explore_anchor_matdisjoint,12,12,1.3830425293209936,,1.0,dedup
ES1,4,4,10.1016/j.molliq.2023.122819,10,explore_aware8_on_anchor_rows,70,70,1.0277232923181785,,1.0,dedup
ES1,4,4,10.1016/j.molliq.2023.122819,10,explore_aware_on_matdisjoint_rows,12,12,1.0902258204236626,,1.0,dedup
ES1,4,5,10.1002/app.32569,20,anchor,170,170,1.016912582574852,170.0,1.0,dedup
ES1,4,5,10.1002/app.32569,20,aware_on_anchor_rows,170,170,1.0229793966726084,,1.0,dedup
ES1,4,5,10.1002/app.32569,20,explore_anchor_matdisjoint,0,0,1.4342154233921491,,,dedup
ES1,4,5,10.1002/app.32569,20,explore_aware8_on_anchor_rows,170,170,0.9775353313050088,,1.0,dedup
ES1,4,5,10.1002/app.32569,20,explore_aware_on_matdisjoint_rows,0,0,1.0229793966726084,,,dedup
ES1,4,5,10.1016/j.eurpolymj.2004.10.027,12,anchor,90,90,1.016912582574852,90.0,1.0,dedup
ES1,4,5,10.1016/j.eurpolymj.2004.10.027,12,aware_on_anchor_rows,81,90,1.0229793966726084,,0.9,dedup
ES1,4,5,10.1016/j.eurpolymj.2004.10.027,12,explore_anchor_matdisjoint,0,0,1.4342154233921491,,,dedup
ES1,4,5,10.1016/j.eurpolymj.2004.10.027,12,explore_aware8_on_anchor_rows,81,90,0.9775353313050088,,0.9,dedup
ES1,4,5,10.1016/j.eurpolymj.2004.10.027,12,explore_aware_on_matdisjoint_rows,0,0,1.0229793966726084,,,dedup
ES1,4,5,10.3390/nano10061221,11,anchor,80,80,1.016912582574852,80.0,1.0,dedup
ES1,4,5,10.3390/nano10061221,11,aware_on_anchor_rows,74,80,1.0229793966726084,,0.925,dedup
ES1,4,5,10.3390/nano10061221,11,explore_anchor_matdisjoint,0,0,1.4342154233921491,,,dedup
ES1,4,5,10.3390/nano10061221,11,explore_aware8_on_anchor_rows,62,80,0.9775353313050088,,0.775,dedup
ES1,4,5,10.3390/nano10061221,11,explore_aware_on_matdisjoint_rows,0,0,1.0229793966726084,,,dedup
ES1,4,6,10.1002/app.42304,9,anchor,57,60,0.95116607393932,45.0,0.95,dedup
ES1,4,6,10.1002/app.42304,9,aware_on_anchor_rows,37,60,1.041558209786455,,0.6166666666666667,dedup
ES1,4,6,10.1002/app.42304,9,explore_anchor_matdisjoint,15,15,1.596039835212356,,1.0,dedup
ES1,4,6,10.1002/app.42304,9,explore_aware8_on_anchor_rows,37,60,0.9842519618237092,,0.6166666666666667,dedup
ES1,4,6,10.1002/app.42304,9,explore_aware_on_matdisjoint_rows,0,15,1.041558209786455,,0.0,dedup
ES1,4,6,10.1016/j.jafr.2019.100015,15,anchor,120,120,0.95116607393932,120.0,1.0,dedup
ES1,4,6,10.1016/j.jafr.2019.100015,15,aware_on_anchor_rows,110,120,1.041558209786455,,0.9166666666666666,dedup
ES1,4,6,10.1016/j.jafr.2019.100015,15,explore_anchor_matdisjoint,0,0,1.596039835212356,,,dedup
ES1,4,6,10.1016/j.jafr.2019.100015,15,explore_aware8_on_anchor_rows,103,120,0.9842519618237092,,0.8583333333333333,dedup
ES1,4,6,10.1016/j.jafr.2019.100015,15,explore_aware_on_matdisjoint_rows,0,0,1.041558209786455,,,dedup
ES1,4,6,10.1016/j.memsci.2013.01.023,8,anchor,33,50,0.95116607393932,50.0,0.66,dedup
ES1,4,6,10.1016/j.memsci.2013.01.023,8,aware_on_anchor_rows,45,50,1.041558209786455,,0.9,dedup
ES1,4,6,10.1016/j.memsci.2013.01.023,8,explore_anchor_matdisjoint,0,0,1.596039835212356,,,dedup
ES1,4,6,10.1016/j.memsci.2013.01.023,8,explore_aware8_on_anchor_rows,37,50,0.9842519618237092,,0.74,dedup
ES1,4,6,10.1016/j.memsci.2013.01.023,8,explore_aware_on_matdisjoint_rows,0,0,1.041558209786455,,,dedup
ES1,4,6,https://www.sciencedirect.com/science/article/pii/s0927776511005522,18,anchor,150,150,0.95116607393932,145.0,1.0,dedup
ES1,4,6,https://www.sciencedirect.com/science/article/pii/s0927776511005522,18,aware_on_anchor_rows,150,150,1.041558209786455,,1.0,dedup
ES1,4,6,https://www.sciencedirect.com/science/article/pii/s0927776511005522,18,explore_anchor_matdisjoint,5,5,1.596039835212356,,1.0,dedup
ES1,4,6,https://www.sciencedirect.com/science/article/pii/s0927776511005522,18,explore_aware8_on_anchor_rows,150,150,0.9842519618237092,,1.0,dedup
ES1,4,6,https://www.sciencedirect.com/science/article/pii/s0927776511005522,18,explore_aware_on_matdisjoint_rows,5,5,1.041558209786455,,1.0,dedup
ES1,4,7,10.1007/s00521-017-2996-6,13,anchor,100,100,0.8979131712658737,100.0,1.0,dedup
ES1,4,7,10.1007/s00521-017-2996-6,13,aware_on_anchor_rows,100,100,1.0482823941192816,,1.0,dedup
ES1,4,7,10.1007/s00521-017-2996-6,13,explore_anchor_matdisjoint,0,0,1.3249022992031885,,,dedup
ES1,4,7,10.1007/s00521-017-2996-6,13,explore_aware8_on_anchor_rows,100,100,1.020605487077237,,1.0,dedup
ES1,4,7,10.1007/s00521-017-2996-6,13,explore_aware_on_matdisjoint_rows,0,0,1.0482823941192816,,,dedup
ES1,4,7,10.1007/s10965-014-0571-8.,18,anchor,111,150,0.8979131712658737,150.0,0.74,dedup
ES1,4,7,10.1007/s10965-014-0571-8.,18,aware_on_anchor_rows,124,150,1.0482823941192816,,0.8266666666666667,dedup
ES1,4,7,10.1007/s10965-014-0571-8.,18,explore_anchor_matdisjoint,0,0,1.3249022992031885,,,dedup
ES1,4,7,10.1007/s10965-014-0571-8.,18,explore_aware8_on_anchor_rows,109,150,1.020605487077237,,0.7266666666666667,dedup
ES1,4,7,10.1007/s10965-014-0571-8.,18,explore_aware_on_matdisjoint_rows,0,0,1.0482823941192816,,,dedup
ES1,4,7,10.1080/1539445x.2010.495630,12,anchor,75,90,0.8979131712658737,90.0,0.8333333333333334,dedup
ES1,4,7,10.1080/1539445x.2010.495630,12,aware_on_anchor_rows,82,90,1.0482823941192816,,0.9111111111111111,dedup
ES1,4,7,10.1080/1539445x.2010.495630,12,explore_anchor_matdisjoint,0,0,1.3249022992031885,,,dedup
ES1,4,7,10.1080/1539445x.2010.495630,12,explore_aware8_on_anchor_rows,82,90,1.020605487077237,,0.9111111111111111,dedup
ES1,4,7,10.1080/1539445x.2010.495630,12,explore_aware_on_matdisjoint_rows,0,0,1.0482823941192816,,,dedup
ES1,4,8,10.1002/adv.21947,17,anchor,140,140,0.9545010409306648,140.0,1.0,dedup
ES1,4,8,10.1002/adv.21947,17,aware_on_anchor_rows,140,140,1.0731106728912465,,1.0,dedup
ES1,4,8,10.1002/adv.21947,17,explore_anchor_matdisjoint,0,0,1.4759289715701187,,,dedup
ES1,4,8,10.1002/adv.21947,17,explore_aware8_on_anchor_rows,137,140,1.027856367171169,,0.9785714285714285,dedup
ES1,4,8,10.1002/adv.21947,17,explore_aware_on_matdisjoint_rows,0,0,1.0731106728912465,,,dedup
ES1,4,8,10.1002/app.25464,16,anchor,85,130,0.9545010409306648,108.0,0.6538461538461539,dedup
ES1,4,8,10.1002/app.25464,16,aware_on_anchor_rows,97,130,1.0731106728912465,,0.7461538461538462,dedup
ES1,4,8,10.1002/app.25464,16,explore_anchor_matdisjoint,16,22,1.4759289715701187,,0.7272727272727273,dedup
ES1,4,8,10.1002/app.25464,16,explore_aware8_on_anchor_rows,97,130,1.027856367171169,,0.7461538461538462,dedup
ES1,4,8,10.1002/app.25464,16,explore_aware_on_matdisjoint_rows,15,22,1.0731106728912465,,0.6818181818181818,dedup
ES1,4,8,10.3390/nano11102514,8,anchor,48,50,0.9545010409306648,50.0,0.96,dedup
ES1,4,8,10.3390/nano11102514,8,aware_on_anchor_rows,50,50,1.0731106728912465,,1.0,dedup
ES1,4,8,10.3390/nano11102514,8,explore_anchor_matdisjoint,0,0,1.4759289715701187,,,dedup
ES1,4,8,10.3390/nano11102514,8,explore_aware8_on_anchor_rows,43,50,1.027856367171169,,0.86,dedup
ES1,4,8,10.3390/nano11102514,8,explore_aware_on_matdisjoint_rows,0,0,1.0731106728912465,,,dedup
ES1,4,8,10.3390/polym15030731,9,anchor,60,60,0.9545010409306648,60.0,1.0,dedup
ES1,4,8,10.3390/polym15030731,9,aware_on_anchor_rows,60,60,1.0731106728912465,,1.0,dedup
ES1,4,8,10.3390/polym15030731,9,explore_anchor_matdisjoint,0,0,1.4759289715701187,,,dedup
ES1,4,8,10.3390/polym15030731,9,explore_aware8_on_anchor_rows,60,60,1.027856367171169,,1.0,dedup
ES1,4,8,10.3390/polym15030731,9,explore_aware_on_matdisjoint_rows,0,0,1.0731106728912465,,,dedup
ES1,4,9,10.1002/app.36726,17,anchor,140,140,1.025947404812056,140.0,1.0,dedup
ES1,4,9,10.1002/app.36726,17,aware_on_anchor_rows,140,140,1.021175733983965,,1.0,dedup
ES1,4,9,10.1002/app.36726,17,explore_anchor_matdisjoint,0,0,1.7341223896796878,,,dedup
ES1,4,9,10.1002/app.36726,17,explore_aware8_on_anchor_rows,140,140,0.979444259075601,,1.0,dedup
ES1,4,9,10.1002/app.36726,17,explore_aware_on_matdisjoint_rows,0,0,1.021175733983965,,,dedup
ES1,4,9,10.1016/j.polymer.2014.06.032,8,anchor,50,50,1.025947404812056,50.0,1.0,dedup
ES1,4,9,10.1016/j.polymer.2014.06.032,8,aware_on_anchor_rows,50,50,1.021175733983965,,1.0,dedup
ES1,4,9,10.1016/j.polymer.2014.06.032,8,explore_anchor_matdisjoint,0,0,1.7341223896796878,,,dedup
ES1,4,9,10.1016/j.polymer.2014.06.032,8,explore_aware8_on_anchor_rows,50,50,0.979444259075601,,1.0,dedup
ES1,4,9,10.1016/j.polymer.2014.06.032,8,explore_aware_on_matdisjoint_rows,0,0,1.021175733983965,,,dedup
ES1,4,9,10.1515/epoly-2022-8106,15,anchor,120,120,1.025947404812056,120.0,1.0,dedup
ES1,4,9,10.1515/epoly-2022-8106,15,aware_on_anchor_rows,120,120,1.021175733983965,,1.0,dedup
ES1,4,9,10.1515/epoly-2022-8106,15,explore_anchor_matdisjoint,0,0,1.7341223896796878,,,dedup
ES1,4,9,10.1515/epoly-2022-8106,15,explore_aware8_on_anchor_rows,120,120,0.979444259075601,,1.0,dedup
ES1,4,9,10.1515/epoly-2022-8106,15,explore_aware_on_matdisjoint_rows,0,0,1.021175733983965,,,dedup
ES1,4,9,10.3390/polym15132813,10,anchor,70,70,1.025947404812056,70.0,1.0,dedup
ES1,4,9,10.3390/polym15132813,10,aware_on_anchor_rows,70,70,1.021175733983965,,1.0,dedup
ES1,4,9,10.3390/polym15132813,10,explore_anchor_matdisjoint,0,0,1.7341223896796878,,,dedup
ES1,4,9,10.3390/polym15132813,10,explore_aware8_on_anchor_rows,70,70,0.979444259075601,,1.0,dedup
ES1,4,9,10.3390/polym15132813,10,explore_aware_on_matdisjoint_rows,0,0,1.021175733983965,,,dedup
ES2,0,0,10.1117/12.837918,54,anchor,236,510,0.6119879862282233,510.0,0.4627450980392157,dedup
ES2,0,0,10.1117/12.837918,54,aware_on_anchor_rows,170,510,1.2627250609980667,,0.3333333333333333,dedup
ES2,0,0,10.1117/12.837918,54,explore_anchor_matdisjoint,0,0,0.6448712983764058,,,dedup
ES2,0,0,10.1117/12.837918,54,explore_aware8_on_anchor_rows,151,510,1.1682689868257905,,0.296078431372549,dedup
ES2,0,0,10.1117/12.837918,54,explore_aware_on_matdisjoint_rows,0,0,1.2627250609980667,,,dedup
ES2,0,1,10.1088/1757-899x/230/1/012043,30,anchor,270,270,1.065991814650982,270.0,1.0,dedup
ES2,0,1,10.1088/1757-899x/230/1/012043,30,aware_on_anchor_rows,261,270,1.7029953233264834,,0.9666666666666667,dedup
ES2,0,1,10.1088/1757-899x/230/1/012043,30,explore_anchor_matdisjoint,0,0,0.8009672304089531,,,dedup
ES2,0,1,10.1088/1757-899x/230/1/012043,30,explore_aware8_on_anchor_rows,270,270,1.893805757287056,,1.0,dedup
ES2,0,1,10.1088/1757-899x/230/1/012043,30,explore_aware_on_matdisjoint_rows,0,0,1.7029953233264834,,,dedup
ES2,0,2,FERN lab experiment data ,25,anchor,220,220,1.1638252281948451,220.0,1.0,dedup
ES2,0,2,FERN lab experiment data ,25,aware_on_anchor_rows,220,220,1.765783921139647,,1.0,dedup
ES2,0,2,FERN lab experiment data ,25,explore_anchor_matdisjoint,0,0,0.7219569873993706,,,dedup
ES2,0,2,FERN lab experiment data ,25,explore_aware8_on_anchor_rows,220,220,1.9807114474881065,,1.0,dedup
ES2,0,2,FERN lab experiment data ,25,explore_aware_on_matdisjoint_rows,0,0,1.765783921139647,,,dedup
ES2,0,3,10.1007/s10965-014-0571-8,18,anchor,140,150,1.1604265998890024,142.0,0.9333333333333333,dedup
ES2,0,3,10.1007/s10965-014-0571-8,18,aware_on_anchor_rows,150,150,1.7799830041403872,,1.0,dedup
ES2,0,3,10.1007/s10965-014-0571-8,18,explore_anchor_matdisjoint,0,0,,,,dedup
ES2,0,3,10.1007/s10965-014-0571-8,18,explore_aware8_on_anchor_rows,150,150,1.9054041336170384,,1.0,dedup
ES2,0,3,10.1007/s10965-014-0571-8,18,explore_aware_on_matdisjoint_rows,0,0,1.7799830041403872,,,dedup
ES2,0,4,10.1007/s40204-017-0071-0,13,anchor,100,100,1.0719905416552402,100.0,1.0,dedup
ES2,0,4,10.1007/s40204-017-0071-0,13,aware_on_anchor_rows,100,100,1.7678887472788958,,1.0,dedup
ES2,0,4,10.1007/s40204-017-0071-0,13,explore_anchor_matdisjoint,0,0,0.6285198732320009,,,dedup
ES2,0,4,10.1007/s40204-017-0071-0,13,explore_aware8_on_anchor_rows,100,100,1.9255189385076608,,1.0,dedup
ES2,0,4,10.1007/s40204-017-0071-0,13,explore_aware_on_matdisjoint_rows,0,0,1.7678887472788958,,,dedup
ES2,0,5,10.1080/1539445x.2010.495630,12,anchor,89,90,1.1428528981307169,90.0,0.9888888888888889,dedup
ES2,0,5,10.1080/1539445x.2010.495630,12,aware_on_anchor_rows,90,90,1.8423739461649191,,1.0,dedup
ES2,0,5,10.1080/1539445x.2010.495630,12,explore_anchor_matdisjoint,0,0,1.0717627979876243,,,dedup
ES2,0,5,10.1080/1539445x.2010.495630,12,explore_aware8_on_anchor_rows,90,90,1.9384128376784169,,1.0,dedup
ES2,0,5,10.1080/1539445x.2010.495630,12,explore_aware_on_matdisjoint_rows,0,0,1.8423739461649191,,,dedup
ES2,0,6,"K. Castkova, J. Kastyl, D. Sobola, J. Petrus, E. Stast-, Str",11,anchor,80,80,1.010491501194406,80.0,1.0,dedup
ES2,0,6,"K. Castkova, J. Kastyl, D. Sobola, J. Petrus, E. Stast-, Str",11,aware_on_anchor_rows,80,80,1.6895844336479555,,1.0,dedup
ES2,0,6,"K. Castkova, J. Kastyl, D. Sobola, J. Petrus, E. Stast-, Str",11,explore_anchor_matdisjoint,0,0,1.0253236374779218,,,dedup
ES2,0,6,"K. Castkova, J. Kastyl, D. Sobola, J. Petrus, E. Stast-, Str",11,explore_aware8_on_anchor_rows,80,80,1.8597047097313544,,1.0,dedup
ES2,0,6,"K. Castkova, J. Kastyl, D. Sobola, J. Petrus, E. Stast-, Str",11,explore_aware_on_matdisjoint_rows,0,0,1.6895844336479555,,,dedup
ES2,0,7,"D.D. Pise, B.B. Ahuja, S.M. Shendokar, Study of Process Para",9,anchor,60,60,1.0894948893904175,60.0,1.0,dedup
ES2,0,7,"D.D. Pise, B.B. Ahuja, S.M. Shendokar, Study of Process Para",9,aware_on_anchor_rows,60,60,1.748383412882732,,1.0,dedup
ES2,0,7,"D.D. Pise, B.B. Ahuja, S.M. Shendokar, Study of Process Para",9,explore_anchor_matdisjoint,0,0,1.095242124468061,,,dedup
ES2,0,7,"D.D. Pise, B.B. Ahuja, S.M. Shendokar, Study of Process Para",9,explore_aware8_on_anchor_rows,60,60,1.873821362478856,,1.0,dedup
ES2,0,7,"D.D. Pise, B.B. Ahuja, S.M. Shendokar, Study of Process Para",9,explore_aware_on_matdisjoint_rows,0,0,1.748383412882732,,,dedup
ES2,0,8,10.1002/app.42304,9,anchor,60,60,1.111012860821548,45.0,1.0,dedup
ES2,0,8,10.1002/app.42304,9,aware_on_anchor_rows,60,60,1.779825765149594,,1.0,dedup
ES2,0,8,10.1002/app.42304,9,explore_anchor_matdisjoint,0,0,,,,dedup
ES2,0,8,10.1002/app.42304,9,explore_aware8_on_anchor_rows,60,60,1.8821334412337545,,1.0,dedup
ES2,0,8,10.1002/app.42304,9,explore_aware_on_matdisjoint_rows,0,0,1.779825765149594,,,dedup
ES2,0,9,10.1007/s10853-013-7341-6,8,anchor,50,50,1.074082852255469,50.0,1.0,dedup
ES2,0,9,10.1007/s10853-013-7341-6,8,aware_on_anchor_rows,50,50,2.00606645833958,,1.0,dedup
ES2,0,9,10.1007/s10853-013-7341-6,8,explore_anchor_matdisjoint,0,0,0.7515636704141598,,,dedup
ES2,0,9,10.1007/s10853-013-7341-6,8,explore_aware8_on_anchor_rows,50,50,2.13313134026638,,1.0,dedup
ES2,0,9,10.1007/s10853-013-7341-6,8,explore_aware_on_matdisjoint_rows,0,0,2.00606645833958,,,dedup
ES2,1,0,10.1117/12.837918,54,anchor,256,510,0.6390598506587056,510.0,0.5019607843137255,dedup
ES2,1,0,10.1117/12.837918,54,aware_on_anchor_rows,159,510,1.252652030269355,,0.31176470588235294,dedup
ES2,1,0,10.1117/12.837918,54,explore_anchor_matdisjoint,0,0,0.7803639103534251,,,dedup
ES2,1,0,10.1117/12.837918,54,explore_aware8_on_anchor_rows,159,510,1.223620327539153,,0.31176470588235294,dedup
ES2,1,0,10.1117/12.837918,54,explore_aware_on_matdisjoint_rows,0,0,1.252652030269355,,,dedup
ES2,1,1,10.1088/1757-899x/230/1/012043,30,anchor,270,270,1.2157649538341666,270.0,1.0,dedup
ES2,1,1,10.1088/1757-899x/230/1/012043,30,aware_on_anchor_rows,261,270,1.6999927423081518,,0.9666666666666667,dedup
ES2,1,1,10.1088/1757-899x/230/1/012043,30,explore_anchor_matdisjoint,0,0,1.038791439533039,,,dedup
ES2,1,1,10.1088/1757-899x/230/1/012043,30,explore_aware8_on_anchor_rows,261,270,1.833685925262268,,0.9666666666666667,dedup
ES2,1,1,10.1088/1757-899x/230/1/012043,30,explore_aware_on_matdisjoint_rows,0,0,1.6999927423081518,,,dedup
ES2,1,2,FERN lab experiment data ,25,anchor,220,220,1.1642214803279982,220.0,1.0,dedup
ES2,1,2,FERN lab experiment data ,25,aware_on_anchor_rows,220,220,1.7850647243473503,,1.0,dedup
ES2,1,2,FERN lab experiment data ,25,explore_anchor_matdisjoint,0,0,1.0178557279705334,,,dedup
ES2,1,2,FERN lab experiment data ,25,explore_aware8_on_anchor_rows,220,220,2.019792511494157,,1.0,dedup
ES2,1,2,FERN lab experiment data ,25,explore_aware_on_matdisjoint_rows,0,0,1.7850647243473503,,,dedup
ES2,1,3,10.1007/s10965-014-0571-8,18,anchor,128,150,1.0777194462073147,144.0,0.8533333333333334,dedup
ES2,1,3,10.1007/s10965-014-0571-8,18,aware_on_anchor_rows,150,150,1.8072880999211645,,1.0,dedup
ES2,1,3,10.1007/s10965-014-0571-8,18,explore_anchor_matdisjoint,0,0,,,,dedup
ES2,1,3,10.1007/s10965-014-0571-8,18,explore_aware8_on_anchor_rows,150,150,1.9068804524325784,,1.0,dedup
ES2,1,3,10.1007/s10965-014-0571-8,18,explore_aware_on_matdisjoint_rows,0,0,1.8072880999211645,,,dedup
ES2,1,4,10.1007/s40204-017-0071-0,13,anchor,100,100,1.0877029846076236,100.0,1.0,dedup
ES2,1,4,10.1007/s40204-017-0071-0,13,aware_on_anchor_rows,100,100,1.7115255879376416,,1.0,dedup
ES2,1,4,10.1007/s40204-017-0071-0,13,explore_anchor_matdisjoint,0,0,0.7731849354645051,,,dedup
ES2,1,4,10.1007/s40204-017-0071-0,13,explore_aware8_on_anchor_rows,100,100,1.9377857323885397,,1.0,dedup
ES2,1,4,10.1007/s40204-017-0071-0,13,explore_aware_on_matdisjoint_rows,0,0,1.7115255879376416,,,dedup
ES2,1,5,10.1080/1539445x.2010.495630,12,anchor,89,90,1.0824629963683057,90.0,0.9888888888888889,dedup
ES2,1,5,10.1080/1539445x.2010.495630,12,aware_on_anchor_rows,90,90,1.843606554260856,,1.0,dedup
ES2,1,5,10.1080/1539445x.2010.495630,12,explore_anchor_matdisjoint,0,0,0.7435781106620044,,,dedup
ES2,1,5,10.1080/1539445x.2010.495630,12,explore_aware8_on_anchor_rows,90,90,1.954655070191436,,1.0,dedup
ES2,1,5,10.1080/1539445x.2010.495630,12,explore_aware_on_matdisjoint_rows,0,0,1.843606554260856,,,dedup
ES2,1,6,"K. Castkova, J. Kastyl, D. Sobola, J. Petrus, E. Stast-, Str",11,anchor,80,80,1.1025354498918678,80.0,1.0,dedup
ES2,1,6,"K. Castkova, J. Kastyl, D. Sobola, J. Petrus, E. Stast-, Str",11,aware_on_anchor_rows,70,80,1.7262766598993062,,0.875,dedup
ES2,1,6,"K. Castkova, J. Kastyl, D. Sobola, J. Petrus, E. Stast-, Str",11,explore_anchor_matdisjoint,0,0,1.13966841711431,,,dedup
ES2,1,6,"K. Castkova, J. Kastyl, D. Sobola, J. Petrus, E. Stast-, Str",11,explore_aware8_on_anchor_rows,80,80,1.9396676614355108,,1.0,dedup
ES2,1,6,"K. Castkova, J. Kastyl, D. Sobola, J. Petrus, E. Stast-, Str",11,explore_aware_on_matdisjoint_rows,0,0,1.7262766598993062,,,dedup
ES2,1,7,"D.D. Pise, B.B. Ahuja, S.M. Shendokar, Study of Process Para",9,anchor,60,60,1.130389776266325,60.0,1.0,dedup
ES2,1,7,"D.D. Pise, B.B. Ahuja, S.M. Shendokar, Study of Process Para",9,aware_on_anchor_rows,60,60,1.790053824731694,,1.0,dedup
ES2,1,7,"D.D. Pise, B.B. Ahuja, S.M. Shendokar, Study of Process Para",9,explore_anchor_matdisjoint,0,0,1.130389776266325,,,dedup
ES2,1,7,"D.D. Pise, B.B. Ahuja, S.M. Shendokar, Study of Process Para",9,explore_aware8_on_anchor_rows,60,60,1.913435752951691,,1.0,dedup
ES2,1,7,"D.D. Pise, B.B. Ahuja, S.M. Shendokar, Study of Process Para",9,explore_aware_on_matdisjoint_rows,0,0,1.790053824731694,,,dedup
ES2,1,8,10.1002/app.42304,9,anchor,60,60,1.1137549182781177,45.0,1.0,dedup
ES2,1,8,10.1002/app.42304,9,aware_on_anchor_rows,60,60,1.8098287783887173,,1.0,dedup
ES2,1,8,10.1002/app.42304,9,explore_anchor_matdisjoint,0,0,,,,dedup
ES2,1,8,10.1002/app.42304,9,explore_aware8_on_anchor_rows,60,60,1.8240560796235863,,1.0,dedup
ES2,1,8,10.1002/app.42304,9,explore_aware_on_matdisjoint_rows,0,0,1.8098287783887173,,,dedup
ES2,1,9,10.1007/s10853-013-7341-6,8,anchor,50,50,1.065796595545497,50.0,1.0,dedup
ES2,1,9,10.1007/s10853-013-7341-6,8,aware_on_anchor_rows,50,50,2.1325506547093083,,1.0,dedup
ES2,1,9,10.1007/s10853-013-7341-6,8,explore_anchor_matdisjoint,0,0,0.741364764935174,,,dedup
ES2,1,9,10.1007/s10853-013-7341-6,8,explore_aware8_on_anchor_rows,50,50,2.225990006924625,,1.0,dedup
ES2,1,9,10.1007/s10853-013-7341-6,8,explore_aware_on_matdisjoint_rows,0,0,2.1325506547093083,,,dedup
ES2,2,0,10.1117/12.837918,54,anchor,268,510,0.6694264662580054,510.0,0.5254901960784314,dedup
ES2,2,0,10.1117/12.837918,54,aware_on_anchor_rows,173,510,1.2702983373853165,,0.3392156862745098,dedup
ES2,2,0,10.1117/12.837918,54,explore_anchor_matdisjoint,0,0,1.0644056169493945,,,dedup
ES2,2,0,10.1117/12.837918,54,explore_aware8_on_anchor_rows,173,510,1.2702983373853165,,0.3392156862745098,dedup
ES2,2,0,10.1117/12.837918,54,explore_aware_on_matdisjoint_rows,0,0,1.2702983373853165,,,dedup
ES2,2,1,10.1088/1757-899x/230/1/012043,30,anchor,270,270,1.065086074646563,270.0,1.0,dedup
ES2,2,1,10.1088/1757-899x/230/1/012043,30,aware_on_anchor_rows,260,270,1.6928182895485486,,0.9629629629629629,dedup
ES2,2,1,10.1088/1757-899x/230/1/012043,30,explore_anchor_matdisjoint,0,0,0.9356258402550574,,,dedup
ES2,2,1,10.1088/1757-899x/230/1/012043,30,explore_aware8_on_anchor_rows,270,270,1.8806027678785493,,1.0,dedup
ES2,2,1,10.1088/1757-899x/230/1/012043,30,explore_aware_on_matdisjoint_rows,0,0,1.6928182895485486,,,dedup
ES2,2,2,FERN lab experiment data ,25,anchor,220,220,1.213604038466088,220.0,1.0,dedup
ES2,2,2,FERN lab experiment data ,25,aware_on_anchor_rows,220,220,1.757322411161808,,1.0,dedup
ES2,2,2,FERN lab experiment data ,25,explore_anchor_matdisjoint,0,0,0.8254208834232813,,,dedup
ES2,2,2,FERN lab experiment data ,25,explore_aware8_on_anchor_rows,220,220,1.996469194485325,,1.0,dedup
ES2,2,2,FERN lab experiment data ,25,explore_aware_on_matdisjoint_rows,0,0,1.757322411161808,,,dedup
ES2,2,3,10.1007/s10965-014-0571-8,18,anchor,130,150,1.1284808997043896,136.0,0.8666666666666667,dedup
ES2,2,3,10.1007/s10965-014-0571-8,18,aware_on_anchor_rows,150,150,1.792296584071905,,1.0,dedup
ES2,2,3,10.1007/s10965-014-0571-8,18,explore_anchor_matdisjoint,0,0,,,,dedup
ES2,2,3,10.1007/s10965-014-0571-8,18,explore_aware8_on_anchor_rows,150,150,1.8703369394151523,,1.0,dedup
ES2,2,3,10.1007/s10965-014-0571-8,18,explore_aware_on_matdisjoint_rows,0,0,1.792296584071905,,,dedup
ES2,2,4,10.1007/s40204-017-0071-0,13,anchor,100,100,1.118095846938689,100.0,1.0,dedup
ES2,2,4,10.1007/s40204-017-0071-0,13,aware_on_anchor_rows,100,100,1.7607188513335483,,1.0,dedup
ES2,2,4,10.1007/s40204-017-0071-0,13,explore_anchor_matdisjoint,0,0,0.7694027862813678,,,dedup
ES2,2,4,10.1007/s40204-017-0071-0,13,explore_aware8_on_anchor_rows,100,100,2.011422440581704,,1.0,dedup
ES2,2,4,10.1007/s40204-017-0071-0,13,explore_aware_on_matdisjoint_rows,0,0,1.7607188513335483,,,dedup
ES2,2,5,10.1080/1539445x.2010.495630,12,anchor,90,90,1.1549319877249655,90.0,1.0,dedup
ES2,2,5,10.1080/1539445x.2010.495630,12,aware_on_anchor_rows,90,90,1.7660983895650384,,1.0,dedup
ES2,2,5,10.1080/1539445x.2010.495630,12,explore_anchor_matdisjoint,0,0,1.1915383683101692,,,dedup
ES2,2,5,10.1080/1539445x.2010.495630,12,explore_aware8_on_anchor_rows,90,90,1.9050261346762625,,1.0,dedup
ES2,2,5,10.1080/1539445x.2010.495630,12,explore_aware_on_matdisjoint_rows,0,0,1.7660983895650384,,,dedup
ES2,2,6,"K. Castkova, J. Kastyl, D. Sobola, J. Petrus, E. Stast-, Str",11,anchor,80,80,1.1905761751589334,80.0,1.0,dedup
ES2,2,6,"K. Castkova, J. Kastyl, D. Sobola, J. Petrus, E. Stast-, Str",11,aware_on_anchor_rows,80,80,1.7339589632576065,,1.0,dedup
ES2,2,6,"K. Castkova, J. Kastyl, D. Sobola, J. Petrus, E. Stast-, Str",11,explore_anchor_matdisjoint,0,0,0.780385734580137,,,dedup
ES2,2,6,"K. Castkova, J. Kastyl, D. Sobola, J. Petrus, E. Stast-, Str",11,explore_aware8_on_anchor_rows,80,80,1.908902094983608,,1.0,dedup
ES2,2,6,"K. Castkova, J. Kastyl, D. Sobola, J. Petrus, E. Stast-, Str",11,explore_aware_on_matdisjoint_rows,0,0,1.7339589632576065,,,dedup
ES2,2,7,"D.D. Pise, B.B. Ahuja, S.M. Shendokar, Study of Process Para",9,anchor,60,60,1.1509027726222625,60.0,1.0,dedup
ES2,2,7,"D.D. Pise, B.B. Ahuja, S.M. Shendokar, Study of Process Para",9,aware_on_anchor_rows,60,60,1.763068657159943,,1.0,dedup
ES2,2,7,"D.D. Pise, B.B. Ahuja, S.M. Shendokar, Study of Process Para",9,explore_anchor_matdisjoint,0,0,0.7364416740270364,,,dedup
ES2,2,7,"D.D. Pise, B.B. Ahuja, S.M. Shendokar, Study of Process Para",9,explore_aware8_on_anchor_rows,60,60,1.8534435713983408,,1.0,dedup
ES2,2,7,"D.D. Pise, B.B. Ahuja, S.M. Shendokar, Study of Process Para",9,explore_aware_on_matdisjoint_rows,0,0,1.763068657159943,,,dedup
ES2,2,8,10.1002/app.42304,9,anchor,60,60,1.1323153591869588,48.0,1.0,dedup
ES2,2,8,10.1002/app.42304,9,aware_on_anchor_rows,60,60,1.7723820596003668,,1.0,dedup
ES2,2,8,10.1002/app.42304,9,explore_anchor_matdisjoint,0,0,,,,dedup
ES2,2,8,10.1002/app.42304,9,explore_aware8_on_anchor_rows,60,60,1.8320001378422608,,1.0,dedup
ES2,2,8,10.1002/app.42304,9,explore_aware_on_matdisjoint_rows,0,0,1.7723820596003668,,,dedup
ES2,2,9,10.1007/s10853-013-7341-6,8,anchor,50,50,1.1673766114037103,50.0,1.0,dedup
ES2,2,9,10.1007/s10853-013-7341-6,8,aware_on_anchor_rows,50,50,2.1240888968325637,,1.0,dedup
ES2,2,9,10.1007/s10853-013-7341-6,8,explore_anchor_matdisjoint,0,0,0.75695006824983,,,dedup
ES2,2,9,10.1007/s10853-013-7341-6,8,explore_aware8_on_anchor_rows,50,50,2.17856896029833,,1.0,dedup
ES2,2,9,10.1007/s10853-013-7341-6,8,explore_aware_on_matdisjoint_rows,0,0,2.1240888968325637,,,dedup
ES2,3,0,10.1117/12.837918,54,anchor,270,510,0.6794040066801805,510.0,0.5294117647058824,dedup
ES2,3,0,10.1117/12.837918,54,aware_on_anchor_rows,164,510,1.231795167451614,,0.3215686274509804,dedup
ES2,3,0,10.1117/12.837918,54,explore_anchor_matdisjoint,0,0,1.0679366686236964,,,dedup
ES2,3,0,10.1117/12.837918,54,explore_aware8_on_anchor_rows,164,510,1.2097968894291675,,0.3215686274509804,dedup
ES2,3,0,10.1117/12.837918,54,explore_aware_on_matdisjoint_rows,0,0,1.231795167451614,,,dedup
ES2,3,1,10.1088/1757-899x/230/1/012043,30,anchor,270,270,1.1282147882235931,270.0,1.0,dedup
ES2,3,1,10.1088/1757-899x/230/1/012043,30,aware_on_anchor_rows,261,270,1.7319778178895548,,0.9666666666666667,dedup
ES2,3,1,10.1088/1757-899x/230/1/012043,30,explore_anchor_matdisjoint,0,0,0.5934415390478782,,,dedup
ES2,3,1,10.1088/1757-899x/230/1/012043,30,explore_aware8_on_anchor_rows,261,270,1.8689983948569395,,0.9666666666666667,dedup
ES2,3,1,10.1088/1757-899x/230/1/012043,30,explore_aware_on_matdisjoint_rows,0,0,1.7319778178895548,,,dedup
ES2,3,2,FERN lab experiment data ,25,anchor,220,220,1.1543615031012315,220.0,1.0,dedup
ES2,3,2,FERN lab experiment data ,25,aware_on_anchor_rows,220,220,1.7936922948779117,,1.0,dedup
ES2,3,2,FERN lab experiment data ,25,explore_anchor_matdisjoint,0,0,0.8775100046398813,,,dedup
ES2,3,2,FERN lab experiment data ,25,explore_aware8_on_anchor_rows,220,220,2.04111685324904,,1.0,dedup
ES2,3,2,FERN lab experiment data ,25,explore_aware_on_matdisjoint_rows,0,0,1.7936922948779117,,,dedup
ES2,3,3,10.1007/s10965-014-0571-8,18,anchor,125,150,0.9960022134706792,134.0,0.8333333333333334,dedup
ES2,3,3,10.1007/s10965-014-0571-8,18,aware_on_anchor_rows,150,150,1.827670601762307,,1.0,dedup
ES2,3,3,10.1007/s10965-014-0571-8,18,explore_anchor_matdisjoint,0,0,,,,dedup
ES2,3,3,10.1007/s10965-014-0571-8,18,explore_aware8_on_anchor_rows,150,150,1.9190999700250968,,1.0,dedup
ES2,3,3,10.1007/s10965-014-0571-8,18,explore_aware_on_matdisjoint_rows,0,0,1.827670601762307,,,dedup
ES2,3,4,10.1007/s40204-017-0071-0,13,anchor,100,100,1.111360516973294,100.0,1.0,dedup
ES2,3,4,10.1007/s40204-017-0071-0,13,aware_on_anchor_rows,100,100,1.72543892675528,,1.0,dedup
ES2,3,4,10.1007/s40204-017-0071-0,13,explore_anchor_matdisjoint,0,0,0.7654909630374127,,,dedup
ES2,3,4,10.1007/s40204-017-0071-0,13,explore_aware8_on_anchor_rows,100,100,1.9118076857608253,,1.0,dedup
ES2,3,4,10.1007/s40204-017-0071-0,13,explore_aware_on_matdisjoint_rows,0,0,1.72543892675528,,,dedup
ES2,3,5,10.1080/1539445x.2010.495630,12,anchor,88,90,1.0606625936266376,90.0,0.9777777777777777,dedup
ES2,3,5,10.1080/1539445x.2010.495630,12,aware_on_anchor_rows,90,90,1.7865903917341184,,1.0,dedup
ES2,3,5,10.1080/1539445x.2010.495630,12,explore_anchor_matdisjoint,0,0,0.7934932446301147,,,dedup
ES2,3,5,10.1080/1539445x.2010.495630,12,explore_aware8_on_anchor_rows,90,90,1.959418624434838,,1.0,dedup
ES2,3,5,10.1080/1539445x.2010.495630,12,explore_aware_on_matdisjoint_rows,0,0,1.7865903917341184,,,dedup
ES2,3,6,"K. Castkova, J. Kastyl, D. Sobola, J. Petrus, E. Stast-, Str",11,anchor,80,80,1.161017426626933,80.0,1.0,dedup
ES2,3,6,"K. Castkova, J. Kastyl, D. Sobola, J. Petrus, E. Stast-, Str",11,aware_on_anchor_rows,76,80,1.7380840667966195,,0.95,dedup
ES2,3,6,"K. Castkova, J. Kastyl, D. Sobola, J. Petrus, E. Stast-, Str",11,explore_anchor_matdisjoint,0,0,0.5663218228572784,,,dedup
ES2,3,6,"K. Castkova, J. Kastyl, D. Sobola, J. Petrus, E. Stast-, Str",11,explore_aware8_on_anchor_rows,80,80,1.943300629180964,,1.0,dedup
ES2,3,6,"K. Castkova, J. Kastyl, D. Sobola, J. Petrus, E. Stast-, Str",11,explore_aware_on_matdisjoint_rows,0,0,1.7380840667966195,,,dedup
ES2,3,7,"D.D. Pise, B.B. Ahuja, S.M. Shendokar, Study of Process Para",9,anchor,60,60,1.155544554422563,60.0,1.0,dedup
ES2,3,7,"D.D. Pise, B.B. Ahuja, S.M. Shendokar, Study of Process Para",9,aware_on_anchor_rows,60,60,1.7966120138419308,,1.0,dedup
ES2,3,7,"D.D. Pise, B.B. Ahuja, S.M. Shendokar, Study of Process Para",9,explore_anchor_matdisjoint,0,0,1.107061269227016,,,dedup
ES2,3,7,"D.D. Pise, B.B. Ahuja, S.M. Shendokar, Study of Process Para",9,explore_aware8_on_anchor_rows,60,60,1.9031551989982205,,1.0,dedup
ES2,3,7,"D.D. Pise, B.B. Ahuja, S.M. Shendokar, Study of Process Para",9,explore_aware_on_matdisjoint_rows,0,0,1.7966120138419308,,,dedup
ES2,3,8,10.1002/app.42304,9,anchor,60,60,1.1275267649634635,42.0,1.0,dedup
ES2,3,8,10.1002/app.42304,9,aware_on_anchor_rows,60,60,1.762269841779882,,1.0,dedup
ES2,3,8,10.1002/app.42304,9,explore_anchor_matdisjoint,0,0,,,,dedup
ES2,3,8,10.1002/app.42304,9,explore_aware8_on_anchor_rows,60,60,1.8984105362228505,,1.0,dedup
ES2,3,8,10.1002/app.42304,9,explore_aware_on_matdisjoint_rows,0,0,1.762269841779882,,,dedup
ES2,3,9,10.1007/s10853-013-7341-6,8,anchor,50,50,1.1542083593911687,50.0,1.0,dedup
ES2,3,9,10.1007/s10853-013-7341-6,8,aware_on_anchor_rows,50,50,2.037834521611055,,1.0,dedup
ES2,3,9,10.1007/s10853-013-7341-6,8,explore_anchor_matdisjoint,0,0,0.9107749680339732,,,dedup
ES2,3,9,10.1007/s10853-013-7341-6,8,explore_aware8_on_anchor_rows,50,50,2.1544177848048776,,1.0,dedup
ES2,3,9,10.1007/s10853-013-7341-6,8,explore_aware_on_matdisjoint_rows,0,0,2.037834521611055,,,dedup
ES2,4,0,10.1117/12.837918,54,anchor,292,510,0.7312919565514044,510.0,0.5725490196078431,dedup
ES2,4,0,10.1117/12.837918,54,aware_on_anchor_rows,169,510,1.283419037020218,,0.33137254901960783,dedup
ES2,4,0,10.1117/12.837918,54,explore_anchor_matdisjoint,0,0,0.9717198369534206,,,dedup
ES2,4,0,10.1117/12.837918,54,explore_aware8_on_anchor_rows,159,510,1.2486708448813726,,0.31176470588235294,dedup
ES2,4,0,10.1117/12.837918,54,explore_aware_on_matdisjoint_rows,0,0,1.283419037020218,,,dedup
ES2,4,1,10.1088/1757-899x/230/1/012043,30,anchor,270,270,1.0763920080974856,270.0,1.0,dedup
ES2,4,1,10.1088/1757-899x/230/1/012043,30,aware_on_anchor_rows,261,270,1.7304035680505434,,0.9666666666666667,dedup
ES2,4,1,10.1088/1757-899x/230/1/012043,30,explore_anchor_matdisjoint,0,0,0.8159552730249717,,,dedup
ES2,4,1,10.1088/1757-899x/230/1/012043,30,explore_aware8_on_anchor_rows,270,270,1.8928531510564808,,1.0,dedup
ES2,4,1,10.1088/1757-899x/230/1/012043,30,explore_aware_on_matdisjoint_rows,0,0,1.7304035680505434,,,dedup
ES2,4,2,FERN lab experiment data ,25,anchor,220,220,1.184127046831449,220.0,1.0,dedup
ES2,4,2,FERN lab experiment data ,25,aware_on_anchor_rows,220,220,1.7882055535056054,,1.0,dedup
ES2,4,2,FERN lab experiment data ,25,explore_anchor_matdisjoint,0,0,1.0313255290890162,,,dedup
ES2,4,2,FERN lab experiment data ,25,explore_aware8_on_anchor_rows,220,220,2.0170073036599057,,1.0,dedup
ES2,4,2,FERN lab experiment data ,25,explore_aware_on_matdisjoint_rows,0,0,1.7882055535056054,,,dedup
ES2,4,3,10.1007/s10965-014-0571-8,18,anchor,128,150,1.0666949804400576,136.0,0.8533333333333334,dedup
ES2,4,3,10.1007/s10965-014-0571-8,18,aware_on_anchor_rows,150,150,1.7971504240663965,,1.0,dedup
ES2,4,3,10.1007/s10965-014-0571-8,18,explore_anchor_matdisjoint,5,14,0.2700541748344139,,0.35714285714285715,dedup
ES2,4,3,10.1007/s10965-014-0571-8,18,explore_aware8_on_anchor_rows,150,150,1.9008480255516145,,1.0,dedup
ES2,4,3,10.1007/s10965-014-0571-8,18,explore_aware_on_matdisjoint_rows,14,14,1.7971504240663965,,1.0,dedup
ES2,4,4,10.1007/s40204-017-0071-0,13,anchor,100,100,1.047478742797663,100.0,1.0,dedup
ES2,4,4,10.1007/s40204-017-0071-0,13,aware_on_anchor_rows,100,100,1.7848998000414005,,1.0,dedup
ES2,4,4,10.1007/s40204-017-0071-0,13,explore_anchor_matdisjoint,0,0,0.6569121287428413,,,dedup
ES2,4,4,10.1007/s40204-017-0071-0,13,explore_aware8_on_anchor_rows,100,100,1.9006353499314723,,1.0,dedup
ES2,4,4,10.1007/s40204-017-0071-0,13,explore_aware_on_matdisjoint_rows,0,0,1.7848998000414005,,,dedup
ES2,4,5,10.1080/1539445x.2010.495630,12,anchor,89,90,1.146953283444872,90.0,0.9888888888888889,dedup
ES2,4,5,10.1080/1539445x.2010.495630,12,aware_on_anchor_rows,90,90,1.848791434873084,,1.0,dedup
ES2,4,5,10.1080/1539445x.2010.495630,12,explore_anchor_matdisjoint,0,0,0.7078814695579098,,,dedup
ES2,4,5,10.1080/1539445x.2010.495630,12,explore_aware8_on_anchor_rows,90,90,1.933251654583125,,1.0,dedup
ES2,4,5,10.1080/1539445x.2010.495630,12,explore_aware_on_matdisjoint_rows,0,0,1.848791434873084,,,dedup
ES2,4,6,"K. Castkova, J. Kastyl, D. Sobola, J. Petrus, E. Stast-, Str",11,anchor,80,80,1.0526797555443346,80.0,1.0,dedup
ES2,4,6,"K. Castkova, J. Kastyl, D. Sobola, J. Petrus, E. Stast-, Str",11,aware_on_anchor_rows,80,80,1.7136021517049,,1.0,dedup
ES2,4,6,"K. Castkova, J. Kastyl, D. Sobola, J. Petrus, E. Stast-, Str",11,explore_anchor_matdisjoint,0,0,0.8071380369266877,,,dedup
ES2,4,6,"K. Castkova, J. Kastyl, D. Sobola, J. Petrus, E. Stast-, Str",11,explore_aware8_on_anchor_rows,80,80,1.9119812573778487,,1.0,dedup
ES2,4,6,"K. Castkova, J. Kastyl, D. Sobola, J. Petrus, E. Stast-, Str",11,explore_aware_on_matdisjoint_rows,0,0,1.7136021517049,,,dedup
ES2,4,7,"D.D. Pise, B.B. Ahuja, S.M. Shendokar, Study of Process Para",9,anchor,60,60,1.1136151564813417,60.0,1.0,dedup
ES2,4,7,"D.D. Pise, B.B. Ahuja, S.M. Shendokar, Study of Process Para",9,aware_on_anchor_rows,60,60,1.800014837998165,,1.0,dedup
ES2,4,7,"D.D. Pise, B.B. Ahuja, S.M. Shendokar, Study of Process Para",9,explore_anchor_matdisjoint,0,0,0.971951576754633,,,dedup
ES2,4,7,"D.D. Pise, B.B. Ahuja, S.M. Shendokar, Study of Process Para",9,explore_aware8_on_anchor_rows,60,60,1.9148549702640336,,1.0,dedup
ES2,4,7,"D.D. Pise, B.B. Ahuja, S.M. Shendokar, Study of Process Para",9,explore_aware_on_matdisjoint_rows,0,0,1.800014837998165,,,dedup
ES2,4,8,10.1002/app.42304,9,anchor,60,60,1.052184902524897,39.0,1.0,dedup
ES2,4,8,10.1002/app.42304,9,aware_on_anchor_rows,60,60,1.7988329782738282,,1.0,dedup
ES2,4,8,10.1002/app.42304,9,explore_anchor_matdisjoint,0,0,,,,dedup
ES2,4,8,10.1002/app.42304,9,explore_aware8_on_anchor_rows,60,60,1.8918102488384227,,1.0,dedup
ES2,4,8,10.1002/app.42304,9,explore_aware_on_matdisjoint_rows,0,0,1.7988329782738282,,,dedup
ES2,4,9,10.1007/s10853-013-7341-6,8,anchor,50,50,1.2238803202163286,50.0,1.0,dedup
ES2,4,9,10.1007/s10853-013-7341-6,8,aware_on_anchor_rows,50,50,2.0537108738653345,,1.0,dedup
ES2,4,9,10.1007/s10853-013-7341-6,8,explore_anchor_matdisjoint,0,0,0.7527456456919891,,,dedup
ES2,4,9,10.1007/s10853-013-7341-6,8,explore_aware8_on_anchor_rows,50,50,2.104990512950831,,1.0,dedup
ES2,4,9,10.1007/s10853-013-7341-6,8,explore_aware_on_matdisjoint_rows,0,0,2.0537108738653345,,,dedup
