dataset,seed,fold,n_test_sources,n_train,n_leak_removed,method,coverage,width,q,n,n_cal,n_cal_sources,n_rows_sharing_anchor_material,variant
DES_ETA,0,0,1,4075,253,anchor,0.9041838134430727,1.5630016104850477,0.7815008052425239,14580,37530,76.0,333.0,raw_seed0
DES_ETA,0,0,1,4075,253,aware_on_anchor_rows,0.9713305898491084,2.1770840669661093,1.088542033483055,14580,4075,,,raw_seed0
DES_ETA,0,0,1,4075,253,explore_anchor_matdisjoint,0.9172457359444094,1.6622327617894015,0.8311163808947009,14247,27532,76.0,,raw_seed0
DES_ETA,0,0,1,4075,253,explore_aware8_on_anchor_rows,0.970644718792867,2.170080277046775,1.0850401385233874,14580,4075,76.0,,raw_seed0
DES_ETA,0,0,1,4075,253,explore_aware_on_matdisjoint_rows,0.9718537235909316,2.1770840669661093,1.088542033483055,14247,4075,,,raw_seed0
DES_ETA,0,1,11,5301,7,anchor,0.9762749445676276,1.4998055434761393,0.7499027717380696,4510,49990,72.0,986.0,raw_seed0
DES_ETA,0,1,11,5301,7,aware_on_anchor_rows,0.96940133037694,1.814405756956168,0.907202878478084,4510,5301,,,raw_seed0
DES_ETA,0,1,11,5301,7,explore_anchor_matdisjoint,0.9733257661748014,1.5443397636195408,0.7721698818097704,3524,39837,72.0,,raw_seed0
DES_ETA,0,1,11,5301,7,explore_aware8_on_anchor_rows,0.96940133037694,1.8065685808184255,0.9032842904092128,4510,5301,72.0,,raw_seed0
DES_ETA,0,1,11,5301,7,explore_aware_on_matdisjoint_rows,0.9750283768444948,1.814405756956168,0.907202878478084,3524,5301,,,raw_seed0
DES_ETA,0,2,12,5303,5,anchor,0.8282222222222222,1.404217638970352,0.702108819485176,4500,50020,71.0,1036.0,raw_seed0
DES_ETA,0,2,12,5303,5,aware_on_anchor_rows,0.9182222222222224,1.7752517092177538,0.8876258546088769,4500,5303,,,raw_seed0
DES_ETA,0,2,12,5303,5,explore_anchor_matdisjoint,0.8146651270207852,1.4772693050881156,0.7386346525440578,3464,39888,71.0,,raw_seed0
DES_ETA,0,2,12,5303,5,explore_aware8_on_anchor_rows,0.9137777777777778,1.767097889849588,0.883548944924794,4500,5303,71.0,,raw_seed0
DES_ETA,0,2,12,5303,5,explore_aware_on_matdisjoint_rows,0.9050230946882216,1.7752517092177538,0.8876258546088769,3464,5303,,,raw_seed0
DES_ETA,0,3,12,5308,0,anchor,0.9557562076749436,1.492541533451167,0.7462707667255835,4430,50140,72.0,785.0,raw_seed0
DES_ETA,0,3,12,5308,0,aware_on_anchor_rows,0.9681715575620768,1.844446000914746,0.922223000457373,4430,5308,,,raw_seed0
DES_ETA,0,3,12,5308,0,explore_anchor_matdisjoint,0.9637860082304528,1.582359206561354,0.791179603280677,3645,40010,72.0,,raw_seed0
DES_ETA,0,3,12,5308,0,explore_aware8_on_anchor_rows,0.9681715575620768,1.822918187474216,0.911459093737108,4430,5308,72.0,,raw_seed0
DES_ETA,0,3,12,5308,0,explore_aware_on_matdisjoint_rows,0.9775034293552812,1.844446000914746,0.922223000457373,3645,5308,,,raw_seed0
DES_ETA,0,4,11,5306,2,anchor,0.899109131403118,1.3639723931270176,0.6819861965635088,4490,50060,71.0,1011.0,raw_seed0
DES_ETA,0,4,11,5306,2,aware_on_anchor_rows,0.933630289532294,1.758802930340825,0.8794014651704125,4490,5306,,,raw_seed0
DES_ETA,0,4,11,5306,2,explore_anchor_matdisjoint,0.8873239436619719,1.4083798754904744,0.7041899377452372,3479,40069,71.0,,raw_seed0
DES_ETA,0,4,11,5306,2,explore_aware8_on_anchor_rows,0.9251670378619152,1.7289003793560502,0.8644501896780251,4490,5306,71.0,,raw_seed0
DES_ETA,0,4,11,5306,2,explore_aware_on_matdisjoint_rows,0.9261281977579764,1.758802930340825,0.8794014651704125,3479,5306,,,raw_seed0
DES_ETA,0,5,13,5103,205,anchor,0.8786516853932584,1.4032937513035282,0.7016468756517641,4450,48070,70.0,1983.0,raw_seed0
DES_ETA,0,5,13,5103,205,aware_on_anchor_rows,0.8379775280898877,1.703071632141827,0.8515358160709137,4450,5103,,,raw_seed0
DES_ETA,0,5,13,5103,205,explore_anchor_matdisjoint,0.8950141872719902,1.471344400582045,0.7356722002910225,2467,39071,70.0,,raw_seed0
DES_ETA,0,5,13,5103,205,explore_aware8_on_anchor_rows,0.8361797752808989,1.6881770130911504,0.8440885065455752,4450,5103,70.0,,raw_seed0
DES_ETA,0,5,13,5103,205,explore_aware_on_matdisjoint_rows,0.8873125253344143,1.703071632141827,0.8515358160709137,2467,5103,,,raw_seed0
DES_ETA,0,6,14,5307,1,anchor,0.9816742081447964,1.628778482640791,0.8143892413203955,4420,50140,69.0,867.0,raw_seed0
DES_ETA,0,6,14,5307,1,aware_on_anchor_rows,0.9427601809954752,1.716427620721931,0.8582138103609653,4420,5307,,,raw_seed0
DES_ETA,0,6,14,5307,1,explore_anchor_matdisjoint,0.9808612440191388,1.722270800337632,0.8611354001688161,3553,39993,69.0,,raw_seed0
DES_ETA,0,6,14,5307,1,explore_aware8_on_anchor_rows,0.9382352941176472,1.7126895954593842,0.8563447977296921,4420,5307,69.0,,raw_seed0
DES_ETA,0,6,14,5307,1,explore_aware_on_matdisjoint_rows,0.9341401632423304,1.716427620721931,0.8582138103609653,3553,5307,,,raw_seed0
DES_ETA,0,7,13,5296,12,anchor,0.937641723356009,1.5566561731837298,0.7783280865918649,4410,50040,69.0,1346.0,raw_seed0
DES_ETA,0,7,13,5296,12,aware_on_anchor_rows,0.9643990929705216,1.8698311965950625,0.9349155982975312,4410,5296,,,raw_seed0
DES_ETA,0,7,13,5296,12,explore_anchor_matdisjoint,0.9298302872062664,1.622376794064316,0.811188397032158,3064,40378,69.0,,raw_seed0
DES_ETA,0,7,13,5296,12,explore_aware8_on_anchor_rows,0.9643990929705216,1.86877448411434,0.9343872420571698,4410,5296,69.0,,raw_seed0
DES_ETA,0,7,13,5296,12,explore_aware_on_matdisjoint_rows,0.9578981723237598,1.8698311965950625,0.9349155982975312,3064,5296,,,raw_seed0
DES_ETA,0,8,14,5306,2,anchor,0.9864988558352404,1.4057338358072855,0.7028669179036429,4370,50180,70.0,1573.0,raw_seed0
DES_ETA,0,8,14,5306,2,aware_on_anchor_rows,0.8851258581235698,1.7201528445338303,0.8600764222669153,4370,5306,,,raw_seed0
DES_ETA,0,8,14,5306,2,explore_anchor_matdisjoint,0.9871290668573472,1.4397924932675588,0.7198962466337794,2797,40718,70.0,,raw_seed0
DES_ETA,0,8,14,5306,2,explore_aware8_on_anchor_rows,0.882837528604119,1.7077161642191618,0.8538580821095809,4370,5306,70.0,,raw_seed0
DES_ETA,0,8,14,5306,2,explore_aware_on_matdisjoint_rows,0.8505541651769754,1.7201528445338303,0.8600764222669153,2797,5306,,,raw_seed0
DES_ETA,0,9,13,5284,25,anchor,0.5934240362811791,1.2160619827126953,0.6080309913563476,4410,49910,69.0,1194.0,raw_seed0
DES_ETA,0,9,13,5284,25,aware_on_anchor_rows,0.4650793650793651,1.4958257685817402,0.7479128842908701,4410,5284,,,raw_seed0
DES_ETA,0,9,13,5284,25,explore_anchor_matdisjoint,0.5656094527363185,1.2732400432135635,0.6366200216067818,3216,40251,69.0,,raw_seed0
DES_ETA,0,9,13,5284,25,explore_aware8_on_anchor_rows,0.4650793650793651,1.4887826352138611,0.7443913176069306,4410,5284,69.0,,raw_seed0
DES_ETA,0,9,13,5284,25,explore_aware_on_matdisjoint_rows,0.4064054726368159,1.4958257685817402,0.7479128842908701,3216,5284,,,raw_seed0
DES_MP,0,0,1,3002,0,anchor,0.976103896103896,131.4297709300597,65.71488546502985,3850,26710,70.0,30.0,raw_seed0
DES_MP,0,0,1,3002,0,aware_on_anchor_rows,0.9844155844155844,164.77224550218102,82.38612275109051,3850,3002,,,raw_seed0
DES_MP,0,0,1,3002,0,explore_anchor_matdisjoint,0.9774869109947644,132.914740878394,66.457370439197,3820,25835,70.0,,raw_seed0
DES_MP,0,0,1,3002,0,explore_aware8_on_anchor_rows,0.9844155844155844,164.43688028208385,82.21844014104192,3850,3002,70.0,,raw_seed0
DES_MP,0,0,1,3002,0,explore_aware_on_matdisjoint_rows,0.9842931937172776,164.77224550218102,82.38612275109051,3820,3002,,,raw_seed0
DES_MP,0,1,10,3056,0,anchor,0.9830618892508144,121.87624674605829,60.93812337302914,3070,27490,66.0,83.0,raw_seed0
DES_MP,0,1,10,3056,0,aware_on_anchor_rows,0.990228013029316,156.86422786628304,78.43211393314152,3070,3056,,,raw_seed0
DES_MP,0,1,10,3056,0,explore_anchor_matdisjoint,0.9835955808503516,122.9010199232072,61.45050996160359,2987,26675,66.0,,raw_seed0
DES_MP,0,1,10,3056,0,explore_aware8_on_anchor_rows,0.990228013029316,157.70566568137804,78.85283284068902,3070,3056,66.0,,raw_seed0
DES_MP,0,1,10,3056,0,explore_aware_on_matdisjoint_rows,0.991295614328758,156.86422786628304,78.43211393314152,2987,3056,,,raw_seed0
DES_MP,0,2,10,3056,0,anchor,0.9598684210526316,129.04846109147934,64.52423054573967,3040,27520,66.0,82.0,raw_seed0
DES_MP,0,2,10,3056,0,aware_on_anchor_rows,0.9776315789473684,168.6915856767675,84.34579283838374,3040,3056,,,raw_seed0
DES_MP,0,2,10,3056,0,explore_anchor_matdisjoint,0.9634888438133874,130.33474792052803,65.16737396026402,2958,26686,66.0,,raw_seed0
DES_MP,0,2,10,3056,0,explore_aware8_on_anchor_rows,0.9776315789473684,168.13821249029206,84.06910624514603,3040,3056,66.0,,raw_seed0
DES_MP,0,2,10,3056,0,explore_aware_on_matdisjoint_rows,0.9810682893847192,168.6915856767675,84.34579283838374,2958,3056,,,raw_seed0
DES_MP,0,3,12,3051,5,anchor,0.7295302013422819,121.16002722927163,60.580013614635824,2980,27540,64.0,84.0,raw_seed0
DES_MP,0,3,12,3051,5,aware_on_anchor_rows,0.7191275167785235,157.4237226661299,78.71186133306495,2980,3051,,,raw_seed0
DES_MP,0,3,12,3051,5,explore_anchor_matdisjoint,0.725828729281768,122.4114705016901,61.20573525084505,2896,26711,64.0,,raw_seed0
DES_MP,0,3,12,3051,5,explore_aware8_on_anchor_rows,0.7191275167785235,157.4237226661299,78.71186133306495,2980,3051,64.0,,raw_seed0
DES_MP,0,3,12,3051,5,explore_aware_on_matdisjoint_rows,0.7151243093922652,157.4237226661299,78.71186133306495,2896,3051,,,raw_seed0
DES_MP,0,4,12,3052,4,anchor,0.9076158940397352,127.41442595742924,63.70721297871462,3020,27480,62.0,125.0,raw_seed0
DES_MP,0,4,12,3052,4,aware_on_anchor_rows,0.9513245033112584,161.0306484461908,80.5153242230954,3020,3052,,,raw_seed0
DES_MP,0,4,12,3052,4,explore_anchor_matdisjoint,0.9053540587219344,128.6108386511133,64.30541932555666,2895,26690,62.0,,raw_seed0
DES_MP,0,4,12,3052,4,explore_aware8_on_anchor_rows,0.9450331125827814,159.55473847478288,79.77736923739144,3020,3052,62.0,,raw_seed0
DES_MP,0,4,12,3052,4,explore_aware_on_matdisjoint_rows,0.9495682210708116,161.0306484461908,80.5153242230954,2895,3052,,,raw_seed0
DES_MP,0,5,15,3055,1,anchor,0.9199312714776632,122.15208445165008,61.07604222582504,2910,27640,62.0,96.0,raw_seed0
DES_MP,0,5,15,3055,1,aware_on_anchor_rows,0.9402061855670104,160.5971815552101,80.29859077760506,2910,3055,,,raw_seed0
DES_MP,0,5,15,3055,1,explore_anchor_matdisjoint,0.9196872778962332,123.37672997002066,61.68836498501033,2814,26838,62.0,,raw_seed0
DES_MP,0,5,15,3055,1,explore_aware8_on_anchor_rows,0.9402061855670104,160.2438322638801,80.12191613194005,2910,3055,62.0,,raw_seed0
DES_MP,0,5,15,3055,1,explore_aware_on_matdisjoint_rows,0.9388770433546552,160.5971815552101,80.29859077760506,2814,3055,,,raw_seed0
DES_MP,0,6,13,3057,0,anchor,0.9720136518771332,133.26784710094898,66.63392355047449,2930,27630,62.0,94.0,raw_seed0
DES_MP,0,6,13,3057,0,aware_on_anchor_rows,0.956655290102389,162.82261290561323,81.41130645280663,2930,3057,,,raw_seed0
DES_MP,0,6,13,3057,0,explore_anchor_matdisjoint,0.9710860366713682,134.3472806680651,67.17364033403256,2836,26816,62.0,,raw_seed0
DES_MP,0,6,13,3057,0,explore_aware8_on_anchor_rows,0.9535836177474404,162.64903799670367,81.32451899835183,2930,3057,62.0,,raw_seed0
DES_MP,0,6,13,3057,0,explore_aware_on_matdisjoint_rows,0.9552186177715092,162.82261290561323,81.41130645280663,2836,3057,,,raw_seed0
DES_MP,0,7,14,3053,4,anchor,0.9213058419243986,117.79638158692494,58.89819079346247,2910,27640,62.0,96.0,raw_seed0
DES_MP,0,7,14,3053,4,aware_on_anchor_rows,0.8597938144329897,149.95568208854377,74.97784104427188,2910,3053,,,raw_seed0
DES_MP,0,7,14,3053,4,explore_anchor_matdisjoint,0.9228855721393034,118.89381665576272,59.44690832788136,2814,26835,62.0,,raw_seed0
DES_MP,0,7,14,3053,4,explore_aware8_on_anchor_rows,0.8529209621993127,146.79155617953876,73.39577808976938,2910,3053,62.0,,raw_seed0
DES_MP,0,7,14,3053,4,explore_aware_on_matdisjoint_rows,0.8589196872778962,149.95568208854377,74.97784104427188,2814,3053,,,raw_seed0
DES_MP,0,8,14,3052,5,anchor,0.8934707903780069,120.72686795382864,60.36343397691432,2910,27570,61.0,99.0,raw_seed0
DES_MP,0,8,14,3052,5,aware_on_anchor_rows,0.8982817869415808,151.37254170483857,75.68627085241928,2910,3052,,,raw_seed0
DES_MP,0,8,14,3052,5,explore_anchor_matdisjoint,0.8925649235147635,121.73421734497164,60.86710867248581,2811,26790,61.0,,raw_seed0
DES_MP,0,8,14,3052,5,explore_aware8_on_anchor_rows,0.8951890034364262,150.0385929278449,75.01929646392244,2910,3052,61.0,,raw_seed0
DES_MP,0,8,14,3052,5,explore_aware_on_matdisjoint_rows,0.8986125933831377,151.37254170483857,75.68627085241928,2811,3052,,,raw_seed0
DES_MP,0,9,14,3056,1,anchor,0.8153061224489796,111.55503948147393,55.77751974073696,2940,27610,62.0,104.0,raw_seed0
DES_MP,0,9,14,3056,1,aware_on_anchor_rows,0.7806122448979592,141.94806675183668,70.97403337591834,2940,3056,,,raw_seed0
DES_MP,0,9,14,3056,1,explore_anchor_matdisjoint,0.8159379407616361,112.44604132001014,56.22302066000507,2836,26818,62.0,,raw_seed0
DES_MP,0,9,14,3056,1,explore_aware8_on_anchor_rows,0.7806122448979592,141.04817999828686,70.52408999914343,2940,3056,62.0,,raw_seed0
DES_MP,0,9,14,3056,1,explore_aware_on_matdisjoint_rows,0.7775035260930888,141.94806675183668,70.97403337591834,2836,3056,,,raw_seed0
DES_RHO,0,0,1,2388,1882,anchor,0.7507882882882883,0.1530836649212855,0.0765418324606427,26640,19770,67.0,277.0,raw_seed0
DES_RHO,0,0,1,2388,1882,aware_on_anchor_rows,0.8856606606606606,0.191581440754148,0.095790720377074,26640,2388,,,raw_seed0
DES_RHO,0,0,1,2388,1882,explore_anchor_matdisjoint,0.7648977733945302,0.1589607030155348,0.0794803515077674,26363,15879,67.0,,raw_seed0
DES_RHO,0,0,1,2388,1882,explore_aware8_on_anchor_rows,0.8849099099099099,0.1911958150623873,0.0955979075311936,26640,2388,67.0,,raw_seed0
DES_RHO,0,0,1,2388,1882,explore_aware_on_matdisjoint_rows,0.8854455107537078,0.191581440754148,0.095790720377074,26363,2388,,,raw_seed0
DES_RHO,0,1,10,6398,65,anchor,1.0,0.1829409086656499,0.0914704543328249,4350,59930,94.0,564.0,raw_seed0
DES_RHO,0,1,10,6398,65,aware_on_anchor_rows,1.0,0.1828195676680091,0.0914097838340045,4350,6398,,,raw_seed0
DES_RHO,0,1,10,6398,65,explore_anchor_matdisjoint,1.0,0.1899132325765518,0.0949566162882759,3786,52924,94.0,,raw_seed0
DES_RHO,0,1,10,6398,65,explore_aware8_on_anchor_rows,1.0,0.1826747947433844,0.0913373973716922,4350,6398,94.0,,raw_seed0
DES_RHO,0,1,10,6398,65,explore_aware_on_matdisjoint_rows,1.0,0.1828195676680091,0.0914097838340045,3786,6398,,,raw_seed0
DES_RHO,0,2,13,6096,365,anchor,0.981986143187067,0.1761374175741543,0.0880687087870771,4330,56950,91.0,538.0,raw_seed0
DES_RHO,0,2,13,6096,365,aware_on_anchor_rows,0.9854503464203234,0.1829620178500195,0.0914810089250097,4330,6096,,,raw_seed0
DES_RHO,0,2,13,6096,365,explore_anchor_matdisjoint,0.9802215189873418,0.1863547379569775,0.0931773689784887,3792,49879,91.0,,raw_seed0
DES_RHO,0,2,13,6096,365,explore_aware8_on_anchor_rows,0.9854503464203234,0.1829620178500195,0.0914810089250097,4330,6096,91.0,,raw_seed0
DES_RHO,0,2,13,6096,365,explore_aware_on_matdisjoint_rows,0.9833860759493672,0.1829620178500195,0.0914810089250097,3792,6096,,,raw_seed0
DES_RHO,0,3,15,6120,342,anchor,0.991529411764706,0.1805664056262285,0.0902832028131142,4250,57250,90.0,709.0,raw_seed0
DES_RHO,0,3,15,6120,342,aware_on_anchor_rows,0.9910588235294118,0.1813987018954339,0.0906993509477169,4250,6120,,,raw_seed0
DES_RHO,0,3,15,6120,342,explore_anchor_matdisjoint,0.9909630048009036,0.1879422254411801,0.09397111272059,3541,50434,90.0,,raw_seed0
DES_RHO,0,3,15,6120,342,explore_aware8_on_anchor_rows,0.9910588235294118,0.1814937250275294,0.0907468625137647,4250,6120,90.0,,raw_seed0
DES_RHO,0,3,15,6120,342,explore_aware_on_matdisjoint_rows,0.9892685682010732,0.1813987018954339,0.0906993509477169,3541,6120,,,raw_seed0
DES_RHO,0,4,15,6205,258,anchor,1.0,0.1845604572089835,0.0922802286044917,4270,58080,89.0,938.0,raw_seed0
DES_RHO,0,4,15,6205,258,aware_on_anchor_rows,1.0,0.1906357903560693,0.0953178951780346,4270,6205,,,raw_seed0
DES_RHO,0,4,15,6205,258,explore_anchor_matdisjoint,1.0,0.1935234893614802,0.0967617446807401,3332,51541,89.0,,raw_seed0
DES_RHO,0,4,15,6205,258,explore_aware8_on_anchor_rows,1.0,0.190855476719197,0.0954277383595985,4270,6205,89.0,,raw_seed0
DES_RHO,0,4,15,6205,258,explore_aware_on_matdisjoint_rows,1.0,0.1906357903560693,0.0953178951780346,3332,6205,,,raw_seed0
DES_RHO,0,5,15,6291,173,anchor,0.9540284360189574,0.1826370783972013,0.0913185391986006,4220,58990,89.0,924.0,raw_seed0
DES_RHO,0,5,15,6291,173,aware_on_anchor_rows,0.9319905213270142,0.1835119583608824,0.0917559791804412,4220,6291,,,raw_seed0
DES_RHO,0,5,15,6291,173,explore_anchor_matdisjoint,0.9578276699029126,0.1906772463596403,0.0953386231798201,3296,52198,89.0,,raw_seed0
DES_RHO,0,5,15,6291,173,explore_aware8_on_anchor_rows,0.9319905213270142,0.183709502662773,0.0918547513313865,4220,6291,89.0,,raw_seed0
DES_RHO,0,5,15,6291,173,explore_aware_on_matdisjoint_rows,0.9462985436893204,0.1835119583608824,0.0917559791804412,3296,6291,,,raw_seed0
DES_RHO,0,6,15,6243,221,anchor,0.9367298578199053,0.1831745314720175,0.0915872657360087,4220,58490,89.0,931.0,raw_seed0
DES_RHO,0,6,15,6243,221,aware_on_anchor_rows,0.7457345971563981,0.1524726625234267,0.0762363312617133,4220,6243,,,raw_seed0
DES_RHO,0,6,15,6243,221,explore_anchor_matdisjoint,0.931894192763758,0.1916944524531165,0.0958472262265582,3289,51725,89.0,,raw_seed0
DES_RHO,0,6,15,6243,221,explore_aware8_on_anchor_rows,0.7457345971563981,0.1525649486647764,0.0762824743323882,4220,6243,89.0,,raw_seed0
DES_RHO,0,6,15,6243,221,explore_aware_on_matdisjoint_rows,0.7777439951352995,0.1524726625234267,0.0762363312617133,3289,6243,,,raw_seed0
DES_RHO,0,7,16,6238,224,anchor,0.8071090047393364,0.1759792285987996,0.0879896142993998,4220,58470,89.0,1017.0,raw_seed0
DES_RHO,0,7,16,6238,224,aware_on_anchor_rows,0.8888625592417062,0.1766701235534666,0.0883350617767333,4220,6238,,,raw_seed0
DES_RHO,0,7,16,6238,224,explore_anchor_matdisjoint,0.7861379956290977,0.1844014838468489,0.0922007419234244,3203,51918,89.0,,raw_seed0
DES_RHO,0,7,16,6238,224,explore_aware8_on_anchor_rows,0.8888625592417062,0.1766701235534666,0.0883350617767333,4220,6238,89.0,,raw_seed0
DES_RHO,0,7,16,6238,224,explore_aware_on_matdisjoint_rows,0.8866687480487043,0.1766701235534666,0.0883350617767333,3203,6238,,,raw_seed0
DES_RHO,0,8,16,6298,164,anchor,0.8558194774346793,0.1635860223490357,0.0817930111745178,4210,59080,89.0,816.0,raw_seed0
DES_RHO,0,8,16,6298,164,aware_on_anchor_rows,0.8919239904988123,0.1792617121742532,0.0896308560871266,4210,6298,,,raw_seed0
DES_RHO,0,8,16,6298,164,explore_anchor_matdisjoint,0.8467884502062463,0.1710886409894854,0.0855443204947427,3394,52237,89.0,,raw_seed0
DES_RHO,0,8,16,6298,164,explore_aware8_on_anchor_rows,0.8942992874109263,0.1799438428109088,0.0899719214054544,4210,6298,89.0,,raw_seed0
DES_RHO,0,8,16,6298,164,explore_aware_on_matdisjoint_rows,0.8892162639952857,0.1792617121742532,0.0896308560871266,3394,6298,,,raw_seed0
DES_RHO,0,9,16,6202,260,anchor,0.9622327790973872,0.1869133321321824,0.0934566660660912,4210,58110,89.0,1014.0,raw_seed0
DES_RHO,0,9,16,6202,260,aware_on_anchor_rows,0.8895486935866983,0.1737201924636835,0.0868600962318417,4210,6202,,,raw_seed0
DES_RHO,0,9,16,6202,260,explore_anchor_matdisjoint,0.9599499374217773,0.1949431263534301,0.097471563176715,3196,51624,89.0,,raw_seed0
DES_RHO,0,9,16,6202,260,explore_aware8_on_anchor_rows,0.8895486935866983,0.174242239281511,0.0871211196407555,4210,6202,89.0,,raw_seed0
DES_RHO,0,9,16,6202,260,explore_aware_on_matdisjoint_rows,0.9102002503128912,0.1737201924636835,0.0868600962318417,3196,6202,,,raw_seed0
DYE,0,0,1,61,0,anchor,0.7671641791044777,74.5642318342152,37.2821159171076,670,210,3.0,0.0,raw_seed0
DYE,0,0,1,61,0,aware_on_anchor_rows,0.8149253731343283,93.42200502645498,46.71100251322749,670,61,,,raw_seed0
DYE,0,0,1,61,0,explore_anchor_matdisjoint,0.7671641791044777,74.5642318342152,37.2821159171076,670,210,3.0,,raw_seed0
DYE,0,0,1,61,0,explore_aware8_on_anchor_rows,0.8820895522388059,98.70271666666666,49.35135833333333,670,61,3.0,,raw_seed0
DYE,0,0,1,61,0,explore_aware_on_matdisjoint_rows,0.8149253731343283,93.42200502645498,46.71100251322749,670,61,,,raw_seed0
DYE,0,1,1,120,0,anchor,0.975,99.38210466570474,49.69105233285237,80,800,3.0,0.0,raw_seed0
DYE,0,1,1,120,0,aware_on_anchor_rows,1.0,98.06145411255405,49.030727056277016,80,120,,,raw_seed0
DYE,0,1,1,120,0,explore_anchor_matdisjoint,0.975,99.38210466570474,49.69105233285237,80,800,3.0,,raw_seed0
DYE,0,1,1,120,0,explore_aware8_on_anchor_rows,1.0,107.32576782106776,53.662883910533886,80,120,3.0,,raw_seed0
DYE,0,1,1,120,0,explore_aware_on_matdisjoint_rows,1.0,98.06145411255405,49.030727056277016,80,120,,,raw_seed0
DYE,0,2,1,121,0,anchor,1.0,96.72523112874777,48.36261556437388,70,810,3.0,0.0,raw_seed0
DYE,0,2,1,121,0,aware_on_anchor_rows,1.0,99.74541798941809,49.87270899470904,70,121,,,raw_seed0
DYE,0,2,1,121,0,explore_anchor_matdisjoint,1.0,96.72523112874777,48.36261556437388,70,810,3.0,,raw_seed0
DYE,0,2,1,121,0,explore_aware8_on_anchor_rows,1.0,102.87433333333333,51.437166666666656,70,121,3.0,,raw_seed0
DYE,0,2,1,121,0,explore_aware_on_matdisjoint_rows,1.0,99.74541798941809,49.87270899470904,70,121,,,raw_seed0
DYE,0,3,1,122,0,anchor,0.9666666666666668,96.73859391534396,48.36929695767199,60,820,3.0,0.0,raw_seed0
DYE,0,3,1,122,0,aware_on_anchor_rows,1.0,100.82141851851851,50.41070925925926,60,122,,,raw_seed0
DYE,0,3,1,122,0,explore_anchor_matdisjoint,0.9666666666666668,96.73859391534396,48.36929695767199,60,820,3.0,,raw_seed0
DYE,0,3,1,122,0,explore_aware8_on_anchor_rows,1.0,109.11275132275132,54.55637566137566,60,122,3.0,,raw_seed0
DYE,0,3,1,122,0,explore_aware_on_matdisjoint_rows,1.0,100.82141851851851,50.41070925925926,60,122,,,raw_seed0
DYE,0,4,1,125,0,anchor,,101.52485024050026,50.76242512025013,0,880,4.0,0.0,raw_seed0
DYE,0,4,1,125,0,aware_on_anchor_rows,,101.90873386243372,50.95436693121686,0,125,,,raw_seed0
DYE,0,4,1,125,0,explore_anchor_matdisjoint,,101.52485024050026,50.76242512025013,0,880,4.0,,raw_seed0
DYE,0,4,1,125,0,explore_aware8_on_anchor_rows,,109.43100952380948,54.71550476190474,0,125,4.0,,raw_seed0
DYE,0,4,1,125,0,explore_aware_on_matdisjoint_rows,,101.90873386243372,50.95436693121686,0,125,,,raw_seed0
DYE,0,5,1,126,0,anchor,,100.94275843354178,50.47137921677089,0,880,4.0,0.0,raw_seed0
DYE,0,5,1,126,0,aware_on_anchor_rows,,91.26908686868684,45.63454343434341,0,126,,,raw_seed0
DYE,0,5,1,126,0,explore_anchor_matdisjoint,,100.94275843354178,50.47137921677089,0,880,4.0,,raw_seed0
DYE,0,5,1,126,0,explore_aware8_on_anchor_rows,,91.95854665704664,45.97927332852333,0,126,4.0,,raw_seed0
DYE,0,5,1,126,0,explore_aware_on_matdisjoint_rows,,91.26908686868684,45.63454343434341,0,126,,,raw_seed0
DYE,0,6,1,124,2,anchor,,88.91966181657838,44.45983090828919,0,880,4.0,0.0,raw_seed0
DYE,0,6,1,124,2,aware_on_anchor_rows,,100.60693968253965,50.303469841269816,0,124,,,raw_seed0
DYE,0,6,1,124,2,explore_anchor_matdisjoint,,88.91966181657838,44.45983090828919,0,880,4.0,,raw_seed0
DYE,0,6,1,124,2,explore_aware8_on_anchor_rows,,100.60693968253965,50.303469841269816,0,124,4.0,,raw_seed0
DYE,0,6,1,124,2,explore_aware_on_matdisjoint_rows,,100.60693968253965,50.303469841269816,0,124,,,raw_seed0
DYE,0,7,1,124,2,anchor,,105.59734594356254,52.79867297178127,0,880,4.0,0.0,raw_seed0
DYE,0,7,1,124,2,aware_on_anchor_rows,,98.34843511303497,49.17421755651748,0,124,,,raw_seed0
DYE,0,7,1,124,2,explore_anchor_matdisjoint,,105.59734594356254,52.79867297178127,0,880,4.0,,raw_seed0
DYE,0,7,1,124,2,explore_aware8_on_anchor_rows,,98.83556447811448,49.417782239057246,0,124,4.0,,raw_seed0
DYE,0,7,1,124,2,explore_aware_on_matdisjoint_rows,,98.34843511303497,49.17421755651748,0,124,,,raw_seed0
DYE,0,8,2,125,0,anchor,,94.37437619047614,47.18718809523807,0,880,4.0,0.0,raw_seed0
DYE,0,8,2,125,0,aware_on_anchor_rows,,96.93630767195776,48.46815383597888,0,125,,,raw_seed0
DYE,0,8,2,125,0,explore_anchor_matdisjoint,,94.37437619047614,47.18718809523807,0,880,4.0,,raw_seed0
DYE,0,8,2,125,0,explore_aware8_on_anchor_rows,,98.30669920634926,49.15334960317463,0,125,4.0,,raw_seed0
DYE,0,8,2,125,0,explore_aware_on_matdisjoint_rows,,96.93630767195776,48.46815383597888,0,125,,,raw_seed0
DYE,0,9,2,127,0,anchor,,105.7596186387686,52.87980931938429,0,880,4.0,0.0,raw_seed0
DYE,0,9,2,127,0,aware_on_anchor_rows,,102.33571507936507,51.16785753968254,0,127,,,raw_seed0
DYE,0,9,2,127,0,explore_anchor_matdisjoint,,105.7596186387686,52.87980931938429,0,880,4.0,,raw_seed0
DYE,0,9,2,127,0,explore_aware8_on_anchor_rows,,113.0640965608466,56.5320482804233,0,127,4.0,,raw_seed0
DYE,0,9,2,127,0,explore_aware_on_matdisjoint_rows,,102.33571507936507,51.16785753968254,0,127,,,raw_seed0
ES1,0,0,1,681,0,anchor,1.0,1.003746360742252,0.501873180371126,930,5070,32.0,930.0,raw_seed0
ES1,0,0,1,681,0,aware_on_anchor_rows,1.0,1.2682975655948123,0.6341487827974062,930,681,,,raw_seed0
ES1,0,0,1,681,0,explore_anchor_matdisjoint,,1.2842760919466765,0.6421380459733382,0,95,32.0,,raw_seed0
ES1,0,0,1,681,0,explore_aware8_on_anchor_rows,1.0,1.2684559056760647,0.6342279528380323,930,681,32.0,,raw_seed0
ES1,0,0,1,681,0,explore_aware_on_matdisjoint_rows,,1.2682975655948123,0.6341487827974062,0,681,,,raw_seed0
ES1,0,1,4,701,0,anchor,1.0,1.012225103301541,0.5061125516507705,630,5370,30.0,630.0,raw_seed0
ES1,0,1,4,701,0,aware_on_anchor_rows,1.0,1.1397503551809756,0.5698751775904878,630,701,,,raw_seed0
ES1,0,1,4,701,0,explore_anchor_matdisjoint,,1.5531613002493048,0.7765806501246524,0,77,30.0,,raw_seed0
ES1,0,1,4,701,0,explore_aware8_on_anchor_rows,1.0,1.1397503551809756,0.5698751775904878,630,701,30.0,,raw_seed0
ES1,0,1,4,701,0,explore_aware_on_matdisjoint_rows,,1.1397503551809756,0.5698751775904878,0,701,,,raw_seed0
ES1,0,2,6,701,0,anchor,0.6627118644067796,0.8716421524124612,0.4358210762062306,590,5410,30.0,584.0,raw_seed0
ES1,0,2,6,701,0,aware_on_anchor_rows,0.8271186440677966,1.2101263132180575,0.6050631566090288,590,701,,,raw_seed0
ES1,0,2,6,701,0,explore_anchor_matdisjoint,1.0,1.772374544600698,0.886187272300349,6,67,30.0,,raw_seed0
ES1,0,2,6,701,0,explore_aware8_on_anchor_rows,0.8135593220338984,1.1771634509082969,0.5885817254541483,590,701,30.0,,raw_seed0
ES1,0,2,6,701,0,explore_aware_on_matdisjoint_rows,0.0,1.2101263132180575,0.6050631566090288,6,701,,,raw_seed0
ES1,0,3,6,701,0,anchor,0.8879310344827587,0.9474527408331116,0.4737263704165557,580,5420,30.0,580.0,raw_seed0
ES1,0,3,6,701,0,aware_on_anchor_rows,1.0,1.1708756482606075,0.5854378241303038,580,701,,,raw_seed0
ES1,0,3,6,701,0,explore_anchor_matdisjoint,,1.4329401590584268,0.7164700795292134,0,127,30.0,,raw_seed0
ES1,0,3,6,701,0,explore_aware8_on_anchor_rows,1.0,1.1604158741354045,0.5802079370677022,580,701,30.0,,raw_seed0
ES1,0,3,6,701,0,explore_aware_on_matdisjoint_rows,,1.1708756482606075,0.5854378241303038,0,701,,,raw_seed0
ES1,0,4,6,701,0,anchor,0.7017543859649122,0.8655440461143936,0.4327720230571968,570,5430,30.0,570.0,raw_seed0
ES1,0,4,6,701,0,aware_on_anchor_rows,0.6894736842105263,1.0515639711477096,0.5257819855738548,570,701,,,raw_seed0
ES1,0,4,6,701,0,explore_anchor_matdisjoint,,1.4386247304800062,0.7193123652400031,0,91,30.0,,raw_seed0
ES1,0,4,6,701,0,explore_aware8_on_anchor_rows,0.6894736842105263,1.027765791967174,0.513882895983587,570,701,30.0,,raw_seed0
ES1,0,4,6,701,0,explore_aware_on_matdisjoint_rows,,1.0515639711477096,0.5257819855738548,0,701,,,raw_seed0
ES1,0,5,6,701,0,anchor,0.8127272727272727,0.9243350604142432,0.4621675302071216,550,5450,30.0,458.0,raw_seed0
ES1,0,5,6,701,0,aware_on_anchor_rows,0.94,1.1885064018231697,0.5942532009115848,550,701,,,raw_seed0
ES1,0,5,6,701,0,explore_anchor_matdisjoint,0.6521739130434783,0.9799427595064688,0.4899713797532343,92,22,30.0,,raw_seed0
ES1,0,5,6,701,0,explore_aware8_on_anchor_rows,0.94,1.1788889817459678,0.5894444908729839,550,701,30.0,,raw_seed0
ES1,0,5,6,701,0,explore_aware_on_matdisjoint_rows,0.9239130434782608,1.1885064018231697,0.5942532009115848,92,701,,,raw_seed0
ES1,0,6,7,701,0,anchor,0.937037037037037,0.9820231727057288,0.4910115863528644,540,5460,29.0,540.0,raw_seed0
ES1,0,6,7,701,0,aware_on_anchor_rows,0.8740740740740741,1.1760933938252278,0.5880466969126139,540,701,,,raw_seed0
ES1,0,6,7,701,0,explore_anchor_matdisjoint,,1.4790973214294292,0.7395486607147146,0,95,29.0,,raw_seed0
ES1,0,6,7,701,0,explore_aware8_on_anchor_rows,0.8592592592592593,1.1454007199485805,0.5727003599742901,540,701,29.0,,raw_seed0
ES1,0,6,7,701,0,explore_aware_on_matdisjoint_rows,,1.1760933938252278,0.5880466969126139,0,701,,,raw_seed0
ES1,0,7,6,702,0,anchor,1.0,0.977784502634736,0.4888922513173679,520,5480,29.0,511.0,raw_seed0
ES1,0,7,6,702,0,aware_on_anchor_rows,0.7980769230769231,1.0524913908988651,0.5262456954494326,520,702,,,raw_seed0
ES1,0,7,6,702,0,explore_anchor_matdisjoint,1.0,1.517703334913096,0.758851667456548,9,71,29.0,,raw_seed0
ES1,0,7,6,702,0,explore_aware8_on_anchor_rows,0.7192307692307692,0.9721906080820988,0.4860953040410494,520,702,29.0,,raw_seed0
ES1,0,7,6,702,0,explore_aware_on_matdisjoint_rows,1.0,1.0524913908988651,0.5262456954494326,9,702,,,raw_seed0
ES1,0,8,6,702,0,anchor,0.9528301886792452,1.022813832111904,0.511406916055952,530,5470,29.0,522.0,raw_seed0
ES1,0,8,6,702,0,aware_on_anchor_rows,0.9679245283018868,1.210500865572385,0.6052504327861925,530,702,,,raw_seed0
ES1,0,8,6,702,0,explore_anchor_matdisjoint,1.0,1.4458979234789062,0.7229489617394531,8,109,29.0,,raw_seed0
ES1,0,8,6,702,0,explore_aware8_on_anchor_rows,0.9679245283018868,1.2099437720887949,0.6049718860443973,530,702,29.0,,raw_seed0
ES1,0,8,6,702,0,explore_aware_on_matdisjoint_rows,1.0,1.210500865572385,0.6052504327861925,8,702,,,raw_seed0
ES1,0,9,6,702,0,anchor,0.8982142857142857,0.9572042974689772,0.4786021487344885,560,5440,28.0,550.0,raw_seed0
ES1,0,9,6,702,0,aware_on_anchor_rows,0.9714285714285714,1.192444135197691,0.5962220675988457,560,702,,,raw_seed0
ES1,0,9,6,702,0,explore_anchor_matdisjoint,1.0,1.6361506224548965,0.8180753112274483,10,55,28.0,,raw_seed0
ES1,0,9,6,702,0,explore_aware8_on_anchor_rows,0.9714285714285714,1.190893605778375,0.5954468028891875,560,702,28.0,,raw_seed0
ES1,0,9,6,702,0,explore_aware_on_matdisjoint_rows,1.0,1.192444135197691,0.5962220675988457,10,702,,,raw_seed0
ES2,0,0,1,211,0,anchor,0.4830188679245283,0.6422399813962085,0.3211199906981042,530,1100,9.0,530.0,raw_seed0
ES2,0,0,1,211,0,aware_on_anchor_rows,0.3584905660377358,1.242555177512969,0.6212775887564845,530,211,,,raw_seed0
ES2,0,0,1,211,0,explore_anchor_matdisjoint,,0.632330554630173,0.3161652773150865,0,43,9.0,,raw_seed0
ES2,0,0,1,211,0,explore_aware8_on_anchor_rows,0.3584905660377358,1.231430253071526,0.615715126535763,530,211,9.0,,raw_seed0
ES2,0,0,1,211,0,explore_aware_on_matdisjoint_rows,,1.242555177512969,0.6212775887564845,0,211,,,raw_seed0
ES2,0,1,1,235,0,anchor,1.0,1.0739441083960128,0.5369720541980064,290,1340,9.0,290.0,raw_seed0
ES2,0,1,1,235,0,aware_on_anchor_rows,0.9655172413793104,1.7318413486332205,0.8659206743166101,290,235,,,raw_seed0
ES2,0,1,1,235,0,explore_anchor_matdisjoint,,0.8696193714091437,0.4348096857045718,0,24,9.0,,raw_seed0
ES2,0,1,1,235,0,explore_aware8_on_anchor_rows,1.0,1.881294407457243,0.9406472037286217,290,235,9.0,,raw_seed0
ES2,0,1,1,235,0,explore_aware_on_matdisjoint_rows,,1.7318413486332205,0.8659206743166101,0,235,,,raw_seed0
ES2,0,2,1,242,0,anchor,1.0,1.1435689299037184,0.5717844649518592,220,1410,9.0,220.0,raw_seed0
ES2,0,2,1,242,0,aware_on_anchor_rows,1.0,1.7457540660465725,0.8728770330232862,220,242,,,raw_seed0
ES2,0,2,1,242,0,explore_anchor_matdisjoint,,0.7973317502985012,0.3986658751492506,0,39,9.0,,raw_seed0
ES2,0,2,1,242,0,explore_aware8_on_anchor_rows,1.0,1.9690327640064504,0.9845163820032252,220,242,9.0,,raw_seed0
ES2,0,2,1,242,0,explore_aware_on_matdisjoint_rows,,1.7457540660465725,0.8728770330232862,0,242,,,raw_seed0
ES2,0,3,2,245,0,anchor,0.92,1.1592692035427117,0.5796346017713558,150,1480,9.0,142.0,raw_seed0
ES2,0,3,2,245,0,aware_on_anchor_rows,1.0,1.7944355540653385,0.8972177770326693,150,245,,,raw_seed0
ES2,0,3,2,245,0,explore_anchor_matdisjoint,,,,0,18,9.0,,raw_seed0
ES2,0,3,2,245,0,explore_aware8_on_anchor_rows,1.0,1.913462752656112,0.956731376328056,150,245,9.0,,raw_seed0
ES2,0,3,2,245,0,explore_aware_on_matdisjoint_rows,,1.7944355540653385,0.8972177770326693,0,245,,,raw_seed0
ES2,0,4,4,244,0,anchor,1.0,1.1896971280297308,0.5948485640148654,100,1530,9.0,100.0,raw_seed0
ES2,0,4,4,244,0,aware_on_anchor_rows,1.0,1.774623255813114,0.8873116279065569,100,244,,,raw_seed0
ES2,0,4,4,244,0,explore_anchor_matdisjoint,,0.9152277348192752,0.4576138674096376,0,29,9.0,,raw_seed0
ES2,0,4,4,244,0,explore_aware8_on_anchor_rows,1.0,1.869923228504835,0.9349616142524176,100,244,9.0,,raw_seed0
ES2,0,4,4,244,0,explore_aware_on_matdisjoint_rows,,1.774623255813114,0.8873116279065569,0,244,,,raw_seed0
ES2,0,5,3,246,0,anchor,1.0,1.1696069447971529,0.5848034723985763,90,1540,9.0,90.0,raw_seed0
ES2,0,5,3,246,0,aware_on_anchor_rows,1.0,1.7783058068379294,0.8891529034189647,90,246,,,raw_seed0
ES2,0,5,3,246,0,explore_anchor_matdisjoint,,1.14984718117948,0.57492359058974,0,32,9.0,,raw_seed0
ES2,0,5,3,246,0,explore_aware8_on_anchor_rows,1.0,1.8643213976738844,0.9321606988369422,90,246,9.0,,raw_seed0
ES2,0,5,3,246,0,explore_aware_on_matdisjoint_rows,,1.7783058068379294,0.8891529034189647,0,246,,,raw_seed0
ES2,0,6,4,245,0,anchor,1.0,1.0554594997264248,0.5277297498632124,80,1550,9.0,80.0,raw_seed0
ES2,0,6,4,245,0,aware_on_anchor_rows,1.0,1.7407366775106743,0.8703683387553371,80,245,,,raw_seed0
ES2,0,6,4,245,0,explore_anchor_matdisjoint,,0.8345791083328282,0.4172895541664141,0,34,9.0,,raw_seed0
ES2,0,6,4,245,0,explore_aware8_on_anchor_rows,1.0,1.922909625206727,0.9614548126033636,80,245,9.0,,raw_seed0
ES2,0,6,4,245,0,explore_aware_on_matdisjoint_rows,,1.7407366775106743,0.8703683387553371,0,245,,,raw_seed0
ES2,0,7,4,245,0,anchor,1.0,1.0424907836131998,0.5212453918065999,60,1570,9.0,60.0,raw_seed0
ES2,0,7,4,245,0,aware_on_anchor_rows,1.0,1.7801338839252896,0.8900669419626448,60,245,,,raw_seed0
ES2,0,7,4,245,0,explore_anchor_matdisjoint,,0.6683637920651987,0.3341818960325993,0,37,9.0,,raw_seed0
ES2,0,7,4,245,0,explore_aware8_on_anchor_rows,1.0,1.928578280932252,0.9642891404661258,60,245,9.0,,raw_seed0
ES2,0,7,4,245,0,explore_aware_on_matdisjoint_rows,,1.7801338839252896,0.8900669419626448,0,245,,,raw_seed0
ES2,0,8,4,245,0,anchor,1.0,1.1100160273235729,0.5550080136617864,60,1570,9.0,45.0,raw_seed0
ES2,0,8,4,245,0,aware_on_anchor_rows,1.0,1.7365742333165972,0.8682871166582986,60,245,,,raw_seed0
ES2,0,8,4,245,0,explore_anchor_matdisjoint,,,,0,14,9.0,,raw_seed0
ES2,0,8,4,245,0,explore_aware8_on_anchor_rows,1.0,1.866234917173582,0.933117458586791,60,245,9.0,,raw_seed0
ES2,0,8,4,245,0,explore_aware_on_matdisjoint_rows,,1.7365742333165972,0.8682871166582986,0,245,,,raw_seed0
ES2,0,9,4,245,0,anchor,1.0,1.046416638433315,0.5232083192166574,50,1580,9.0,50.0,raw_seed0
ES2,0,9,4,245,0,aware_on_anchor_rows,1.0,2.0358848797928357,1.0179424398964176,50,245,,,raw_seed0
ES2,0,9,4,245,0,explore_anchor_matdisjoint,,0.8688087963683526,0.4344043981841763,0,36,9.0,,raw_seed0
ES2,0,9,4,245,0,explore_aware8_on_anchor_rows,1.0,2.192615898631546,1.096307949315773,50,245,9.0,,raw_seed0
ES2,0,9,4,245,0,explore_aware_on_matdisjoint_rows,,2.0358848797928357,1.0179424398964176,0,245,,,raw_seed0
IL_CELL,0,0,1,557,0,anchor,0.8842105263157894,22.259575358632155,11.129787679316076,1140,4400,18.0,222.0,raw_seed0
IL_CELL,0,0,1,557,0,aware_on_anchor_rows,0.9473684210526316,23.41864814814816,11.70932407407408,1140,557,,,raw_seed0
IL_CELL,0,0,1,557,0,explore_anchor_matdisjoint,0.8779956427015251,22.476019239770597,11.238009619885297,918,3928,18.0,,raw_seed0
IL_CELL,0,0,1,557,0,explore_aware8_on_anchor_rows,0.9473684210526316,23.309487448074304,11.654743724037152,1140,557,18.0,,raw_seed0
IL_CELL,0,0,1,557,0,explore_aware_on_matdisjoint_rows,0.9477124183006536,23.41864814814816,11.70932407407408,918,557,,,raw_seed0
IL_CELL,0,1,1,590,0,anchor,0.7185185185185186,20.306045712640845,10.153022856320424,810,4730,18.0,95.0,raw_seed0
IL_CELL,0,1,1,590,0,aware_on_anchor_rows,0.8234567901234567,21.01428264974934,10.50714132487467,810,590,,,raw_seed0
IL_CELL,0,1,1,590,0,explore_anchor_matdisjoint,0.7216783216783217,20.38717454078803,10.193587270394016,715,4180,18.0,,raw_seed0
IL_CELL,0,1,1,590,0,explore_aware8_on_anchor_rows,0.8234567901234567,20.594777781265154,10.297388890632575,810,590,18.0,,raw_seed0
IL_CELL,0,1,1,590,0,explore_aware_on_matdisjoint_rows,0.8167832167832167,21.01428264974934,10.50714132487467,715,590,,,raw_seed0
IL_CELL,0,2,1,615,0,anchor,0.8732142857142857,22.962385927398252,11.481192963699128,560,4980,18.0,60.0,raw_seed0
IL_CELL,0,2,1,615,0,aware_on_anchor_rows,0.7839285714285714,21.20561934389556,10.602809671947778,560,615,,,raw_seed0
IL_CELL,0,2,1,615,0,explore_anchor_matdisjoint,0.866,22.6856501212848,11.3428250606424,500,4316,18.0,,raw_seed0
IL_CELL,0,2,1,615,0,explore_aware8_on_anchor_rows,0.7696428571428572,20.828579070529475,10.414289535264738,560,615,18.0,,raw_seed0
IL_CELL,0,2,1,615,0,explore_aware_on_matdisjoint_rows,0.794,21.20561934389556,10.602809671947778,500,615,,,raw_seed0
IL_CELL,0,3,3,614,0,anchor,0.8608695652173913,21.76008501179863,10.880042505899317,460,5080,18.0,145.0,raw_seed0
IL_CELL,0,3,3,614,0,aware_on_anchor_rows,0.9369565217391304,22.393465975798627,11.196732987899312,460,614,,,raw_seed0
IL_CELL,0,3,3,614,0,explore_anchor_matdisjoint,0.8634920634920635,21.927630249523443,10.96381512476172,315,4540,18.0,,raw_seed0
IL_CELL,0,3,3,614,0,explore_aware8_on_anchor_rows,0.8717391304347826,21.893962187671303,10.946981093835651,460,614,18.0,,raw_seed0
IL_CELL,0,3,3,614,0,explore_aware_on_matdisjoint_rows,0.923809523809524,22.393465975798627,11.196732987899312,315,614,,,raw_seed0
IL_CELL,0,4,4,614,0,anchor,0.9829787234042552,23.272739391943265,11.636369695971633,470,5070,17.0,69.0,raw_seed0
IL_CELL,0,4,4,614,0,aware_on_anchor_rows,1.0,22.22410597921664,11.11205298960832,470,614,,,raw_seed0
IL_CELL,0,4,4,614,0,explore_anchor_matdisjoint,0.9800498753117208,23.286270502961536,11.643135251480768,401,4473,17.0,,raw_seed0
IL_CELL,0,4,4,614,0,explore_aware8_on_anchor_rows,1.0,22.207756446959607,11.103878223479803,470,614,17.0,,raw_seed0
IL_CELL,0,4,4,614,0,explore_aware_on_matdisjoint_rows,1.0,22.22410597921664,11.11205298960832,401,614,,,raw_seed0
IL_CELL,0,5,5,614,0,anchor,0.9659090909090908,21.732179152206584,10.866089576103292,440,5100,16.0,0.0,raw_seed0
IL_CELL,0,5,5,614,0,aware_on_anchor_rows,0.9795454545454544,22.20484363380148,11.10242181690074,440,614,,,raw_seed0
IL_CELL,0,5,5,614,0,explore_anchor_matdisjoint,0.968181818181818,21.888536817790065,10.944268408895033,440,4434,16.0,,raw_seed0
IL_CELL,0,5,5,614,0,explore_aware8_on_anchor_rows,0.9795454545454544,21.6249279227574,10.8124639613787,440,614,16.0,,raw_seed0
IL_CELL,0,5,5,614,0,explore_aware_on_matdisjoint_rows,0.9795454545454544,22.20484363380148,11.10242181690074,440,614,,,raw_seed0
IL_CELL,0,6,4,616,0,anchor,0.9769230769230768,22.86242405086916,11.43121202543458,390,5150,17.0,78.0,raw_seed0
IL_CELL,0,6,4,616,0,aware_on_anchor_rows,0.9743589743589745,21.341110393385023,10.670555196692511,390,616,,,raw_seed0
IL_CELL,0,6,4,616,0,explore_anchor_matdisjoint,0.9743589743589745,23.022593612042566,11.511296806021283,312,4549,17.0,,raw_seed0
IL_CELL,0,6,4,616,0,explore_aware8_on_anchor_rows,0.9743589743589745,21.341110393385023,10.670555196692511,390,616,17.0,,raw_seed0
IL_CELL,0,6,4,616,0,explore_aware_on_matdisjoint_rows,0.967948717948718,21.341110393385023,10.670555196692511,312,616,,,raw_seed0
IL_CELL,0,7,5,611,4,anchor,0.9975,22.414230012762477,11.207115006381237,400,5100,17.0,0.0,raw_seed0
IL_CELL,0,7,5,611,4,aware_on_anchor_rows,0.975,21.13367870280904,10.56683935140452,400,611,,,raw_seed0
IL_CELL,0,7,5,611,4,explore_anchor_matdisjoint,0.9975,22.35571738034577,11.177858690172885,400,4430,17.0,,raw_seed0
IL_CELL,0,7,5,611,4,explore_aware8_on_anchor_rows,0.975,20.71562719678376,10.357813598391878,400,611,17.0,,raw_seed0
IL_CELL,0,7,5,611,4,explore_aware_on_matdisjoint_rows,0.975,21.13367870280904,10.56683935140452,400,611,,,raw_seed0
IL_CELL,0,8,4,616,0,anchor,1.0,22.31281455836638,11.15640727918319,450,5090,16.0,8.0,raw_seed0
IL_CELL,0,8,4,616,0,aware_on_anchor_rows,0.8666666666666667,20.66125357470804,10.33062678735402,450,616,,,raw_seed0
IL_CELL,0,8,4,616,0,explore_anchor_matdisjoint,1.0,22.33810146505155,11.169050732525776,442,4402,16.0,,raw_seed0
IL_CELL,0,8,4,616,0,explore_aware8_on_anchor_rows,0.8444444444444444,20.21773626372676,10.10886813186338,450,616,16.0,,raw_seed0
IL_CELL,0,8,4,616,0,explore_aware_on_matdisjoint_rows,0.8642533936651584,20.66125357470804,10.33062678735402,442,616,,,raw_seed0
IL_CELL,0,9,5,612,3,anchor,1.0,21.99237593531828,10.99618796765914,420,5090,16.0,2.0,raw_seed0
IL_CELL,0,9,5,612,3,aware_on_anchor_rows,0.9738095238095238,20.69534071030837,10.347670355154186,420,612,,,raw_seed0
IL_CELL,0,9,5,612,3,explore_anchor_matdisjoint,1.0,21.80429335263889,10.902146676319443,418,4403,16.0,,raw_seed0
IL_CELL,0,9,5,612,3,explore_aware8_on_anchor_rows,0.9738095238095238,20.32087671803536,10.16043835901768,420,612,16.0,,raw_seed0
IL_CELL,0,9,5,612,3,explore_aware_on_matdisjoint_rows,0.9736842105263158,20.69534071030837,10.347670355154186,418,612,,,raw_seed0
DYE,0,0,1,61,0,anchor,0.7671641791044777,74.56423183421524,37.28211591710762,670,210,3.0,0.0,dedup
DYE,0,0,1,61,0,aware_on_anchor_rows,0.8149253731343283,93.42200502645498,46.71100251322749,670,61,,,dedup
DYE,0,0,1,61,0,explore_anchor_matdisjoint,0.7671641791044777,74.56423183421524,37.28211591710762,670,210,3.0,,dedup
DYE,0,0,1,61,0,explore_aware8_on_anchor_rows,0.8820895522388059,98.70271666666666,49.35135833333333,670,61,3.0,,dedup
DYE,0,0,1,61,0,explore_aware_on_matdisjoint_rows,0.8149253731343283,93.42200502645498,46.71100251322749,670,61,,,dedup
DYE,0,1,1,120,0,anchor,0.975,99.3821046657048,49.6910523328524,80,800,3.0,0.0,dedup
DYE,0,1,1,120,0,aware_on_anchor_rows,1.0,98.06145411255405,49.030727056277016,80,120,,,dedup
DYE,0,1,1,120,0,explore_anchor_matdisjoint,0.975,99.3821046657048,49.6910523328524,80,800,3.0,,dedup
DYE,0,1,1,120,0,explore_aware8_on_anchor_rows,1.0,107.32576782106776,53.662883910533886,80,120,3.0,,dedup
DYE,0,1,1,120,0,explore_aware_on_matdisjoint_rows,1.0,98.06145411255405,49.030727056277016,80,120,,,dedup
DYE,0,2,1,121,0,anchor,1.0,96.7252311287478,48.3626155643739,70,810,3.0,0.0,dedup
DYE,0,2,1,121,0,aware_on_anchor_rows,1.0,99.74541798941809,49.87270899470904,70,121,,,dedup
DYE,0,2,1,121,0,explore_anchor_matdisjoint,1.0,96.7252311287478,48.3626155643739,70,810,3.0,,dedup
DYE,0,2,1,121,0,explore_aware8_on_anchor_rows,1.0,102.87433333333333,51.437166666666656,70,121,3.0,,dedup
DYE,0,2,1,121,0,explore_aware_on_matdisjoint_rows,1.0,99.74541798941809,49.87270899470904,70,121,,,dedup
DYE,0,3,1,122,0,anchor,0.9666666666666668,96.73859391534398,48.36929695767199,60,820,3.0,0.0,dedup
DYE,0,3,1,122,0,aware_on_anchor_rows,1.0,100.82141851851851,50.41070925925926,60,122,,,dedup
DYE,0,3,1,122,0,explore_anchor_matdisjoint,0.9666666666666668,96.73859391534398,48.36929695767199,60,820,3.0,,dedup
DYE,0,3,1,122,0,explore_aware8_on_anchor_rows,1.0,109.11275132275132,54.55637566137566,60,122,3.0,,dedup
DYE,0,3,1,122,0,explore_aware_on_matdisjoint_rows,1.0,100.82141851851851,50.41070925925926,60,122,,,dedup
DYE,0,4,1,125,0,anchor,,101.52485024050029,50.762425120250136,0,880,4.0,0.0,dedup
DYE,0,4,1,125,0,aware_on_anchor_rows,,101.90873386243368,50.954366931216846,0,125,,,dedup
DYE,0,4,1,125,0,explore_anchor_matdisjoint,,101.52485024050029,50.762425120250136,0,880,4.0,,dedup
DYE,0,4,1,125,0,explore_aware8_on_anchor_rows,,109.43100952380948,54.71550476190474,0,125,4.0,,dedup
DYE,0,4,1,125,0,explore_aware_on_matdisjoint_rows,,101.90873386243368,50.954366931216846,0,125,,,dedup
DYE,0,5,1,126,0,anchor,,100.94275843354175,50.471379216770885,0,880,4.0,0.0,dedup
DYE,0,5,1,126,0,aware_on_anchor_rows,,91.26908686868684,45.63454343434341,0,126,,,dedup
DYE,0,5,1,126,0,explore_anchor_matdisjoint,,100.94275843354175,50.471379216770885,0,880,4.0,,dedup
DYE,0,5,1,126,0,explore_aware8_on_anchor_rows,,91.95854665704664,45.97927332852332,0,126,4.0,,dedup
DYE,0,5,1,126,0,explore_aware_on_matdisjoint_rows,,91.26908686868684,45.63454343434341,0,126,,,dedup
DYE,0,6,1,124,2,anchor,,88.9196618165784,44.4598309082892,0,880,4.0,0.0,dedup
DYE,0,6,1,124,2,aware_on_anchor_rows,,100.60693968253965,50.303469841269816,0,124,,,dedup
DYE,0,6,1,124,2,explore_anchor_matdisjoint,,88.9196618165784,44.4598309082892,0,880,4.0,,dedup
DYE,0,6,1,124,2,explore_aware8_on_anchor_rows,,100.60693968253965,50.303469841269816,0,124,4.0,,dedup
DYE,0,6,1,124,2,explore_aware_on_matdisjoint_rows,,100.60693968253965,50.303469841269816,0,124,,,dedup
DYE,0,7,1,124,2,anchor,,105.59734594356256,52.79867297178128,0,880,4.0,0.0,dedup
DYE,0,7,1,124,2,aware_on_anchor_rows,,98.34843511303497,49.17421755651748,0,124,,,dedup
DYE,0,7,1,124,2,explore_anchor_matdisjoint,,105.59734594356256,52.79867297178128,0,880,4.0,,dedup
DYE,0,7,1,124,2,explore_aware8_on_anchor_rows,,98.83556447811446,49.41778223905723,0,124,4.0,,dedup
DYE,0,7,1,124,2,explore_aware_on_matdisjoint_rows,,98.34843511303497,49.17421755651748,0,124,,,dedup
DYE,0,8,2,125,0,anchor,,94.37437619047614,47.18718809523807,0,880,4.0,0.0,dedup
DYE,0,8,2,125,0,aware_on_anchor_rows,,96.93630767195776,48.46815383597888,0,125,,,dedup
DYE,0,8,2,125,0,explore_anchor_matdisjoint,,94.37437619047614,47.18718809523807,0,880,4.0,,dedup
DYE,0,8,2,125,0,explore_aware8_on_anchor_rows,,98.30669920634926,49.15334960317463,0,125,4.0,,dedup
DYE,0,8,2,125,0,explore_aware_on_matdisjoint_rows,,96.93630767195776,48.46815383597888,0,125,,,dedup
DYE,0,9,2,127,0,anchor,,105.7596186387686,52.87980931938429,0,880,4.0,0.0,dedup
DYE,0,9,2,127,0,aware_on_anchor_rows,,102.33571507936507,51.16785753968254,0,127,,,dedup
DYE,0,9,2,127,0,explore_anchor_matdisjoint,,105.7596186387686,52.87980931938429,0,880,4.0,,dedup
DYE,0,9,2,127,0,explore_aware8_on_anchor_rows,,113.0640965608466,56.5320482804233,0,127,4.0,,dedup
DYE,0,9,2,127,0,explore_aware_on_matdisjoint_rows,,102.33571507936507,51.16785753968254,0,127,,,dedup
DYE,1,0,1,61,0,anchor,0.6537313432835821,65.78889188712517,32.89444594356259,670,210,3.0,0.0,dedup
DYE,1,0,1,61,0,aware_on_anchor_rows,0.7850746268656716,89.72963333333335,44.86481666666668,670,61,,,dedup
DYE,1,0,1,61,0,explore_anchor_matdisjoint,0.6537313432835821,65.78889188712517,32.89444594356259,670,210,3.0,,dedup
DYE,1,0,1,61,0,explore_aware8_on_anchor_rows,0.8283582089552238,95.5009529100528,47.7504764550264,670,61,3.0,,dedup
DYE,1,0,1,61,0,explore_aware_on_matdisjoint_rows,0.7850746268656716,89.72963333333335,44.86481666666668,670,61,,,dedup
DYE,1,1,1,120,0,anchor,0.9375,94.9808516754852,47.4904258377426,80,800,3.0,0.0,dedup
DYE,1,1,1,120,0,aware_on_anchor_rows,1.0,101.94736084656094,50.97368042328047,80,120,,,dedup
DYE,1,1,1,120,0,explore_anchor_matdisjoint,0.9375,94.9808516754852,47.4904258377426,80,800,3.0,,dedup
DYE,1,1,1,120,0,explore_aware8_on_anchor_rows,1.0,113.07787936507944,56.53893968253973,80,120,3.0,,dedup
DYE,1,1,1,120,0,explore_aware_on_matdisjoint_rows,1.0,101.94736084656094,50.97368042328047,80,120,,,dedup
DYE,1,2,1,121,0,anchor,1.0,100.69494012345686,50.34747006172843,70,810,3.0,0.0,dedup
DYE,1,2,1,121,0,aware_on_anchor_rows,1.0,101.2244373015872,50.6122186507936,70,121,,,dedup
DYE,1,2,1,121,0,explore_anchor_matdisjoint,1.0,100.69494012345686,50.34747006172843,70,810,3.0,,dedup
DYE,1,2,1,121,0,explore_aware8_on_anchor_rows,1.0,103.010707142857,51.5053535714285,70,121,3.0,,dedup
DYE,1,2,1,121,0,explore_aware_on_matdisjoint_rows,1.0,101.2244373015872,50.6122186507936,70,121,,,dedup
DYE,1,3,1,122,0,anchor,1.0,106.33480582010591,53.16740291005296,60,820,3.0,0.0,dedup
DYE,1,3,1,122,0,aware_on_anchor_rows,1.0,102.34210873015886,51.17105436507943,60,122,,,dedup
DYE,1,3,1,122,0,explore_anchor_matdisjoint,1.0,106.33480582010591,53.16740291005296,60,820,3.0,,dedup
DYE,1,3,1,122,0,explore_aware8_on_anchor_rows,1.0,109.6996809523809,54.84984047619045,60,122,3.0,,dedup
DYE,1,3,1,122,0,explore_aware_on_matdisjoint_rows,1.0,102.34210873015886,51.17105436507943,60,122,,,dedup
DYE,1,4,1,125,0,anchor,,99.6822412698413,49.84112063492065,0,880,4.0,0.0,dedup
DYE,1,4,1,125,0,aware_on_anchor_rows,,109.43564708994728,54.71782354497364,0,125,,,dedup
DYE,1,4,1,125,0,explore_anchor_matdisjoint,,99.6822412698413,49.84112063492065,0,880,4.0,,dedup
DYE,1,4,1,125,0,explore_aware8_on_anchor_rows,,111.89890317460328,55.94945158730164,0,125,4.0,,dedup
DYE,1,4,1,125,0,explore_aware_on_matdisjoint_rows,,109.43564708994728,54.71782354497364,0,125,,,dedup
DYE,1,5,1,124,2,anchor,,95.76669885361548,47.88334942680774,0,880,4.0,0.0,dedup
DYE,1,5,1,124,2,aware_on_anchor_rows,,96.76802486772488,48.38401243386244,0,124,,,dedup
DYE,1,5,1,124,2,explore_anchor_matdisjoint,,95.76669885361548,47.88334942680774,0,880,4.0,,dedup
DYE,1,5,1,124,2,explore_aware8_on_anchor_rows,,97.80326031746029,48.90163015873014,0,124,4.0,,dedup
DYE,1,5,1,124,2,explore_aware_on_matdisjoint_rows,,96.76802486772488,48.38401243386244,0,124,,,dedup
DYE,1,6,1,126,0,anchor,,95.82380485008822,47.91190242504411,0,880,4.0,0.0,dedup
DYE,1,6,1,126,0,aware_on_anchor_rows,,92.9027936507936,46.451396825396806,0,126,,,dedup
DYE,1,6,1,126,0,explore_anchor_matdisjoint,,95.82380485008822,47.91190242504411,0,880,4.0,,dedup
DYE,1,6,1,126,0,explore_aware8_on_anchor_rows,,95.43269310134316,47.71634655067158,0,126,4.0,,dedup
DYE,1,6,1,126,0,explore_aware_on_matdisjoint_rows,,92.9027936507936,46.451396825396806,0,126,,,dedup
DYE,1,7,1,124,2,anchor,,106.92847231533896,53.46423615766948,0,880,4.0,0.0,dedup
DYE,1,7,1,124,2,aware_on_anchor_rows,,101.77330775335776,50.88665387667888,0,124,,,dedup
DYE,1,7,1,124,2,explore_anchor_matdisjoint,,106.92847231533896,53.46423615766948,0,880,4.0,,dedup
DYE,1,7,1,124,2,explore_aware8_on_anchor_rows,,101.77330775335776,50.88665387667888,0,124,4.0,,dedup
DYE,1,7,1,124,2,explore_aware_on_matdisjoint_rows,,101.77330775335776,50.88665387667888,0,124,,,dedup
DYE,1,8,2,125,0,anchor,,96.73667142857148,48.36833571428574,0,880,4.0,0.0,dedup
DYE,1,8,2,125,0,aware_on_anchor_rows,,100.91621798941787,50.458108994708944,0,125,,,dedup
DYE,1,8,2,125,0,explore_anchor_matdisjoint,,96.73667142857148,48.36833571428574,0,880,4.0,,dedup
DYE,1,8,2,125,0,explore_aware8_on_anchor_rows,,110.4759801587302,55.23799007936511,0,125,4.0,,dedup
DYE,1,8,2,125,0,explore_aware_on_matdisjoint_rows,,100.91621798941787,50.458108994708944,0,125,,,dedup
DYE,1,9,2,127,0,anchor,,100.66994629629636,50.33497314814818,0,880,4.0,0.0,dedup
DYE,1,9,2,127,0,aware_on_anchor_rows,,100.39016529581542,50.19508264790771,0,127,,,dedup
DYE,1,9,2,127,0,explore_anchor_matdisjoint,,100.66994629629636,50.33497314814818,0,880,4.0,,dedup
DYE,1,9,2,127,0,explore_aware8_on_anchor_rows,,105.3499740740742,52.6749870370371,0,127,4.0,,dedup
DYE,1,9,2,127,0,explore_aware_on_matdisjoint_rows,,100.39016529581542,50.19508264790771,0,127,,,dedup
ES1,0,0,1,505,0,anchor,1.0,1.1403801721605866,0.5701900860802933,930,3380,27.0,930.0,dedup
ES1,0,0,1,505,0,aware_on_anchor_rows,1.0,1.1359823319927962,0.5679911659963981,930,505,,,dedup
ES1,0,0,1,505,0,explore_anchor_matdisjoint,,1.5909068640029709,0.7954534320014854,0,133,27.0,,dedup
ES1,0,0,1,505,0,explore_aware8_on_anchor_rows,1.0,1.0832826221783671,0.5416413110891836,930,505,27.0,,dedup
ES1,0,0,1,505,0,explore_aware_on_matdisjoint_rows,,1.1359823319927962,0.5679911659963981,0,505,,,dedup
ES1,0,1,5,544,0,anchor,0.586046511627907,0.8019965226009163,0.4009982613004581,430,3880,27.0,430.0,dedup
ES1,0,1,5,544,0,aware_on_anchor_rows,0.713953488372093,1.0301790122352696,0.5150895061176348,430,544,,,dedup
ES1,0,1,5,544,0,explore_anchor_matdisjoint,,1.79058690256917,0.8952934512845849,0,76,27.0,,dedup
ES1,0,1,5,544,0,explore_aware8_on_anchor_rows,0.6906976744186046,0.9857828579563144,0.4928914289781572,430,544,27.0,,dedup
ES1,0,1,5,544,0,explore_aware_on_matdisjoint_rows,,1.0301790122352696,0.5150895061176348,0,544,,,dedup
ES1,0,2,4,545,0,anchor,0.7975609756097561,0.9329736964165678,0.4664868482082839,410,3900,26.0,372.0,dedup
ES1,0,2,4,545,0,aware_on_anchor_rows,0.8926829268292683,0.9864222544584504,0.4932111272292252,410,545,,,dedup
ES1,0,2,4,545,0,explore_anchor_matdisjoint,0.9736842105263158,1.7016051713236937,0.8508025856618469,38,77,26.0,,dedup
ES1,0,2,4,545,0,explore_aware8_on_anchor_rows,0.8682926829268293,0.949758039951063,0.4748790199755315,410,545,26.0,,dedup
ES1,0,2,4,545,0,explore_aware_on_matdisjoint_rows,0.868421052631579,0.9864222544584504,0.4932111272292252,38,545,,,dedup
ES1,0,3,6,545,0,anchor,0.9157894736842104,0.985690591519326,0.4928452957596629,380,3930,25.0,368.0,dedup
ES1,0,3,6,545,0,aware_on_anchor_rows,0.718421052631579,0.978334797894898,0.489167398947449,380,545,,,dedup
ES1,0,3,6,545,0,explore_anchor_matdisjoint,1.0,1.7371498823624645,0.8685749411812322,12,78,25.0,,dedup
ES1,0,3,6,545,0,explore_aware8_on_anchor_rows,0.65,0.9229583999276328,0.4614791999638163,380,545,25.0,,dedup
ES1,0,3,6,545,0,explore_aware_on_matdisjoint_rows,1.0,0.978334797894898,0.489167398947449,12,545,,,dedup
ES1,0,4,6,545,0,anchor,0.95,1.0014078968100246,0.5007039484050123,340,3970,25.0,340.0,dedup
ES1,0,4,6,545,0,aware_on_anchor_rows,0.973529411764706,1.0675310272789336,0.5337655136394668,340,545,,,dedup
ES1,0,4,6,545,0,explore_anchor_matdisjoint,,1.693802226260508,0.8469011131302541,0,86,25.0,,dedup
ES1,0,4,6,545,0,explore_aware8_on_anchor_rows,0.973529411764706,1.0493548735598486,0.5246774367799243,340,545,25.0,,dedup
ES1,0,4,6,545,0,explore_aware_on_matdisjoint_rows,,1.0675310272789336,0.5337655136394668,0,545,,,dedup
ES1,0,5,6,545,0,anchor,1.0,0.998469289166921,0.4992346445834605,340,3970,25.0,340.0,dedup
ES1,0,5,6,545,0,aware_on_anchor_rows,1.0,1.0962137128248317,0.5481068564124159,340,545,,,dedup
ES1,0,5,6,545,0,explore_anchor_matdisjoint,,1.499938419417001,0.7499692097085005,0,66,25.0,,dedup
ES1,0,5,6,545,0,explore_aware8_on_anchor_rows,0.9441176470588236,1.038217612887662,0.519108806443831,340,545,25.0,,dedup
ES1,0,5,6,545,0,explore_aware_on_matdisjoint_rows,,1.0962137128248317,0.5481068564124159,0,545,,,dedup
ES1,0,6,6,545,0,anchor,1.0,0.9924217920196724,0.4962108960098361,380,3930,24.0,371.0,dedup
ES1,0,6,6,545,0,aware_on_anchor_rows,1.0,1.043206199157079,0.5216030995785395,380,545,,,dedup
ES1,0,6,6,545,0,explore_anchor_matdisjoint,1.0,1.531519463295106,0.7657597316475531,9,98,24.0,,dedup
ES1,0,6,6,545,0,explore_aware8_on_anchor_rows,1.0,1.0194644460918374,0.5097322230459187,380,545,24.0,,dedup
ES1,0,6,6,545,0,explore_aware_on_matdisjoint_rows,1.0,1.043206199157079,0.5216030995785395,9,545,,,dedup
ES1,0,7,6,545,0,anchor,0.8235294117647058,0.9434613205232856,0.4717306602616428,340,3970,25.0,340.0,dedup
ES1,0,7,6,545,0,aware_on_anchor_rows,0.861764705882353,1.0343339166447365,0.5171669583223681,340,545,,,dedup
ES1,0,7,6,545,0,explore_anchor_matdisjoint,,1.6686379804361733,0.8343189902180866,0,78,25.0,,dedup
ES1,0,7,6,545,0,explore_aware8_on_anchor_rows,0.861764705882353,1.0150053683566789,0.5075026841783394,340,545,25.0,,dedup
ES1,0,7,6,545,0,explore_aware_on_matdisjoint_rows,,1.0343339166447365,0.5171669583223681,0,545,,,dedup
ES1,0,8,7,545,0,anchor,0.8552631578947368,0.9286612408618236,0.4643306204309118,380,3930,24.0,374.0,dedup
ES1,0,8,7,545,0,aware_on_anchor_rows,0.8763157894736842,1.0333596237291287,0.5166798118645644,380,545,,,dedup
ES1,0,8,7,545,0,explore_anchor_matdisjoint,0.5,1.4079569497868432,0.7039784748934216,6,119,24.0,,dedup
ES1,0,8,7,545,0,explore_aware8_on_anchor_rows,0.8763157894736842,0.9766918691656744,0.4883459345828371,380,545,24.0,,dedup
ES1,0,8,7,545,0,explore_aware_on_matdisjoint_rows,0.5,1.0333596237291287,0.5166798118645644,6,545,,,dedup
ES1,0,9,7,545,0,anchor,0.9710526315789474,0.99265031877574,0.49632515938787,380,3930,24.0,370.0,dedup
ES1,0,9,7,545,0,aware_on_anchor_rows,1.0,1.102483562729173,0.5512417813645865,380,545,,,dedup
ES1,0,9,7,545,0,explore_anchor_matdisjoint,1.0,1.6715145741676396,0.8357572870838198,10,82,24.0,,dedup
ES1,0,9,7,545,0,explore_aware8_on_anchor_rows,0.9789473684210528,1.05588425824936,0.52794212912468,380,545,24.0,,dedup
ES1,0,9,7,545,0,explore_aware_on_matdisjoint_rows,1.0,1.102483562729173,0.5512417813645865,10,545,,,dedup
ES1,1,0,1,505,0,anchor,1.0,1.1659506784772775,0.5829753392386389,930,3380,27.0,930.0,dedup
ES1,1,0,1,505,0,aware_on_anchor_rows,1.0,1.0977663008790293,0.5488831504395146,930,505,,,dedup
ES1,1,0,1,505,0,explore_anchor_matdisjoint,,1.5286707704631248,0.7643353852315624,0,75,27.0,,dedup
ES1,1,0,1,505,0,explore_aware8_on_anchor_rows,1.0,1.06336171440085,0.531680857200425,930,505,27.0,,dedup
ES1,1,0,1,505,0,explore_aware_on_matdisjoint_rows,,1.0977663008790293,0.5488831504395146,0,505,,,dedup
ES1,1,1,5,544,0,anchor,0.5465116279069767,0.8349593113095134,0.4174796556547567,430,3880,27.0,430.0,dedup
ES1,1,1,5,544,0,aware_on_anchor_rows,0.6976744186046512,1.0091240577895926,0.5045620288947963,430,544,,,dedup
ES1,1,1,5,544,0,explore_anchor_matdisjoint,,1.657231469237497,0.8286157346187485,0,62,27.0,,dedup
ES1,1,1,5,544,0,explore_aware8_on_anchor_rows,0.6976744186046512,0.9773566540938824,0.4886783270469412,430,544,27.0,,dedup
ES1,1,1,5,544,0,explore_aware_on_matdisjoint_rows,,1.0091240577895926,0.5045620288947963,0,544,,,dedup
ES1,1,2,4,545,0,anchor,0.824390243902439,0.96196514586259,0.480982572931295,410,3900,26.0,353.0,dedup
ES1,1,2,4,545,0,aware_on_anchor_rows,0.9341463414634148,1.073374798334232,0.5366873991671159,410,545,,,dedup
ES1,1,2,4,545,0,explore_anchor_matdisjoint,0.8947368421052632,1.4790602768633356,0.7395301384316678,57,71,26.0,,dedup
ES1,1,2,4,545,0,explore_aware8_on_anchor_rows,0.8682926829268293,0.9807103497558528,0.4903551748779264,410,545,26.0,,dedup
ES1,1,2,4,545,0,explore_aware_on_matdisjoint_rows,0.9473684210526316,1.073374798334232,0.5366873991671159,57,545,,,dedup
ES1,1,3,6,545,0,anchor,0.8842105263157894,0.9667583839898276,0.4833791919949138,380,3930,25.0,374.0,dedup
ES1,1,3,6,545,0,aware_on_anchor_rows,0.7394736842105263,1.0022859508307658,0.5011429754153829,380,545,,,dedup
ES1,1,3,6,545,0,explore_anchor_matdisjoint,1.0,1.6021903076215511,0.8010951538107757,6,80,25.0,,dedup
ES1,1,3,6,545,0,explore_aware8_on_anchor_rows,0.6894736842105263,0.9720612449243662,0.4860306224621831,380,545,25.0,,dedup
ES1,1,3,6,545,0,explore_aware_on_matdisjoint_rows,0.6666666666666666,1.0022859508307658,0.5011429754153829,6,545,,,dedup
ES1,1,4,6,545,0,anchor,0.923529411764706,0.96710034452497,0.483550172262485,340,3970,25.0,328.0,dedup
ES1,1,4,6,545,0,aware_on_anchor_rows,0.9705882352941176,1.037680389075626,0.5188401945378129,340,545,,,dedup
ES1,1,4,6,545,0,explore_anchor_matdisjoint,1.0,1.5723458767627565,0.7861729383813781,12,106,25.0,,dedup
ES1,1,4,6,545,0,explore_aware8_on_anchor_rows,0.9705882352941176,0.99893426884658,0.4994671344232899,340,545,25.0,,dedup
ES1,1,4,6,545,0,explore_aware_on_matdisjoint_rows,1.0,1.037680389075626,0.5188401945378129,12,545,,,dedup
ES1,1,5,6,545,0,anchor,1.0,1.025231690190089,0.5126158450950445,340,3970,25.0,322.0,dedup
ES1,1,5,6,545,0,aware_on_anchor_rows,0.9647058823529412,1.0985136982728383,0.5492568491364191,340,545,,,dedup
ES1,1,5,6,545,0,explore_anchor_matdisjoint,1.0,1.5326714842214857,0.7663357421107427,18,113,25.0,,dedup
ES1,1,5,6,545,0,explore_aware8_on_anchor_rows,0.9441176470588236,0.9996426319902209,0.4998213159951103,340,545,25.0,,dedup
ES1,1,5,6,545,0,explore_aware_on_matdisjoint_rows,1.0,1.0985136982728383,0.5492568491364191,18,545,,,dedup
ES1,1,6,6,545,0,anchor,0.8236842105263158,0.9329605915754816,0.4664802957877407,380,3930,24.0,380.0,dedup
ES1,1,6,6,545,0,aware_on_anchor_rows,0.8631578947368421,1.0107308085238955,0.5053654042619478,380,545,,,dedup
ES1,1,6,6,545,0,explore_anchor_matdisjoint,,1.1868875921814033,0.5934437960907016,0,50,24.0,,dedup
ES1,1,6,6,545,0,explore_aware8_on_anchor_rows,0.8421052631578947,0.954099033105094,0.477049516552547,380,545,24.0,,dedup
ES1,1,6,6,545,0,explore_aware_on_matdisjoint_rows,,1.0107308085238955,0.5053654042619478,0,545,,,dedup
ES1,1,7,6,545,0,anchor,0.9705882352941176,1.0098685596014596,0.5049342798007298,340,3970,25.0,331.0,dedup
ES1,1,7,6,545,0,aware_on_anchor_rows,1.0,1.101044955611055,0.5505224778055275,340,545,,,dedup
ES1,1,7,6,545,0,explore_anchor_matdisjoint,1.0,1.3911908453303263,0.6955954226651632,9,51,25.0,,dedup
ES1,1,7,6,545,0,explore_aware8_on_anchor_rows,1.0,1.0219561334231262,0.5109780667115631,340,545,25.0,,dedup
ES1,1,7,6,545,0,explore_aware_on_matdisjoint_rows,1.0,1.101044955611055,0.5505224778055275,9,545,,,dedup
ES1,1,8,7,545,0,anchor,0.8842105263157894,1.019515016144001,0.5097575080720005,380,3930,24.0,342.0,dedup
ES1,1,8,7,545,0,aware_on_anchor_rows,0.913157894736842,1.0778332625371023,0.5389166312685512,380,545,,,dedup
ES1,1,8,7,545,0,explore_anchor_matdisjoint,0.868421052631579,1.6577141245766094,0.8288570622883047,38,81,24.0,,dedup
ES1,1,8,7,545,0,explore_aware8_on_anchor_rows,0.8894736842105263,1.0528406752626958,0.5264203376313479,380,545,24.0,,dedup
ES1,1,8,7,545,0,explore_aware_on_matdisjoint_rows,0.7105263157894737,1.0778332625371023,0.5389166312685512,38,545,,,dedup
ES1,1,9,7,545,0,anchor,1.0,1.015308883042947,0.5076544415214735,380,3930,24.0,380.0,dedup
ES1,1,9,7,545,0,aware_on_anchor_rows,1.0,1.048130928670694,0.5240654643353471,380,545,,,dedup
ES1,1,9,7,545,0,explore_anchor_matdisjoint,,1.6412880155182843,0.8206440077591421,0,60,24.0,,dedup
ES1,1,9,7,545,0,explore_aware8_on_anchor_rows,1.0,1.004642892588964,0.502321446294482,380,545,24.0,,dedup
ES1,1,9,7,545,0,explore_aware_on_matdisjoint_rows,,1.048130928670694,0.5240654643353471,0,545,,,dedup
ES1,2,0,1,505,0,anchor,1.0,1.0632252133768163,0.5316126066884083,930,3380,27.0,930.0,dedup
ES1,2,0,1,505,0,aware_on_anchor_rows,1.0,1.1003949461575149,0.5501974730787573,930,505,,,dedup
ES1,2,0,1,505,0,explore_anchor_matdisjoint,,1.366146398278845,0.6830731991394225,0,81,27.0,,dedup
ES1,2,0,1,505,0,explore_aware8_on_anchor_rows,1.0,1.029512156750143,0.5147560783750715,930,505,27.0,,dedup
ES1,2,0,1,505,0,explore_aware_on_matdisjoint_rows,,1.1003949461575149,0.5501974730787573,0,505,,,dedup
ES1,2,1,5,544,0,anchor,0.5232558139534884,0.8229879352962799,0.4114939676481399,430,3880,27.0,430.0,dedup
ES1,2,1,5,544,0,aware_on_anchor_rows,0.713953488372093,1.0444041582875396,0.5222020791437698,430,544,,,dedup
ES1,2,1,5,544,0,explore_anchor_matdisjoint,,1.7352370467665428,0.8676185233832714,0,116,27.0,,dedup
ES1,2,1,5,544,0,explore_aware8_on_anchor_rows,0.6465116279069767,0.9537297028161592,0.4768648514080795,430,544,27.0,,dedup
ES1,2,1,5,544,0,explore_aware_on_matdisjoint_rows,,1.0444041582875396,0.5222020791437698,0,544,,,dedup
ES1,2,2,4,545,0,anchor,0.7341463414634146,0.9089260286918152,0.4544630143459076,410,3900,26.0,369.0,dedup
ES1,2,2,4,545,0,aware_on_anchor_rows,0.8682926829268293,1.012165043273062,0.506082521636531,410,545,,,dedup
ES1,2,2,4,545,0,explore_anchor_matdisjoint,0.8780487804878049,1.3084821465790222,0.6542410732895111,41,46,26.0,,dedup
ES1,2,2,4,545,0,explore_aware8_on_anchor_rows,0.8439024390243902,0.960865653082684,0.480432826541342,410,545,26.0,,dedup
ES1,2,2,4,545,0,explore_aware_on_matdisjoint_rows,0.8780487804878049,1.012165043273062,0.506082521636531,41,545,,,dedup
ES1,2,3,6,545,0,anchor,0.8921052631578947,0.9466338033224098,0.4733169016612049,380,3930,25.0,368.0,dedup
ES1,2,3,6,545,0,aware_on_anchor_rows,0.8526315789473684,1.021899084245624,0.5109495421228121,380,545,,,dedup
ES1,2,3,6,545,0,explore_anchor_matdisjoint,1.0,2.1605432135170184,1.0802716067585092,12,42,25.0,,dedup
ES1,2,3,6,545,0,explore_aware8_on_anchor_rows,0.8263157894736842,0.9770188363914488,0.4885094181957243,380,545,25.0,,dedup
ES1,2,3,6,545,0,explore_aware_on_matdisjoint_rows,1.0,1.021899084245624,0.5109495421228121,12,545,,,dedup
ES1,2,4,6,545,0,anchor,0.9705882352941176,0.9410156739450476,0.4705078369725237,340,3970,25.0,328.0,dedup
ES1,2,4,6,545,0,aware_on_anchor_rows,1.0,1.0290461969004898,0.5145230984502449,340,545,,,dedup
ES1,2,4,6,545,0,explore_anchor_matdisjoint,1.0,1.2598459730688594,0.6299229865344297,12,97,25.0,,dedup
ES1,2,4,6,545,0,explore_aware8_on_anchor_rows,1.0,0.9912425760366848,0.4956212880183424,340,545,25.0,,dedup
ES1,2,4,6,545,0,explore_aware_on_matdisjoint_rows,1.0,1.0290461969004898,0.5145230984502449,12,545,,,dedup
ES1,2,5,6,545,0,anchor,0.9294117647058824,0.9860164784405412,0.4930082392202706,340,3970,25.0,340.0,dedup
ES1,2,5,6,545,0,aware_on_anchor_rows,0.973529411764706,1.04206970264858,0.52103485132429,340,545,,,dedup
ES1,2,5,6,545,0,explore_anchor_matdisjoint,,1.538552844232671,0.7692764221163355,0,105,25.0,,dedup
ES1,2,5,6,545,0,explore_aware8_on_anchor_rows,0.973529411764706,0.9591484060296098,0.4795742030148049,340,545,25.0,,dedup
ES1,2,5,6,545,0,explore_aware_on_matdisjoint_rows,,1.04206970264858,0.52103485132429,0,545,,,dedup
ES1,2,6,6,545,0,anchor,0.85,0.9013026473369354,0.4506513236684677,380,3930,24.0,380.0,dedup
ES1,2,6,6,545,0,aware_on_anchor_rows,0.8842105263157894,0.9869341385085963,0.4934670692542982,380,545,,,dedup
ES1,2,6,6,545,0,explore_anchor_matdisjoint,,1.287522144963687,0.6437610724818437,0,113,24.0,,dedup
ES1,2,6,6,545,0,explore_aware8_on_anchor_rows,0.8210526315789474,0.9258728037595754,0.4629364018797877,380,545,24.0,,dedup
ES1,2,6,6,545,0,explore_aware_on_matdisjoint_rows,,0.9869341385085963,0.4934670692542982,0,545,,,dedup
ES1,2,7,6,545,0,anchor,1.0,0.9972027501212996,0.4986013750606498,340,3970,25.0,333.0,dedup
ES1,2,7,6,545,0,aware_on_anchor_rows,1.0,1.083849980626051,0.5419249903130257,340,545,,,dedup
ES1,2,7,6,545,0,explore_anchor_matdisjoint,1.0,1.5709731953716906,0.7854865976858453,7,57,25.0,,dedup
ES1,2,7,6,545,0,explore_aware8_on_anchor_rows,1.0,1.026039052328236,0.513019526164118,340,545,25.0,,dedup
ES1,2,7,6,545,0,explore_aware_on_matdisjoint_rows,1.0,1.083849980626051,0.5419249903130257,7,545,,,dedup
ES1,2,8,7,545,0,anchor,0.8736842105263158,0.9587346646924864,0.4793673323462432,380,3930,24.0,358.0,dedup
ES1,2,8,7,545,0,aware_on_anchor_rows,0.9026315789473685,1.046248599204497,0.5231242996022485,380,545,,,dedup
ES1,2,8,7,545,0,explore_anchor_matdisjoint,0.7727272727272727,1.159697917300229,0.5798489586501145,22,35,24.0,,dedup
ES1,2,8,7,545,0,explore_aware8_on_anchor_rows,0.9026315789473685,0.9826912255307922,0.4913456127653961,380,545,24.0,,dedup
ES1,2,8,7,545,0,explore_aware_on_matdisjoint_rows,0.6818181818181818,1.046248599204497,0.5231242996022485,22,545,,,dedup
ES1,2,9,7,545,0,anchor,1.0,1.038355184271201,0.5191775921356007,380,3930,24.0,380.0,dedup
ES1,2,9,7,545,0,aware_on_anchor_rows,0.9789473684210528,1.061505067981169,0.5307525339905845,380,545,,,dedup
ES1,2,9,7,545,0,explore_anchor_matdisjoint,,1.3947003679768326,0.6973501839884163,0,99,24.0,,dedup
ES1,2,9,7,545,0,explore_aware8_on_anchor_rows,0.9789473684210528,1.01661583767293,0.508307918836465,380,545,24.0,,dedup
ES1,2,9,7,545,0,explore_aware_on_matdisjoint_rows,,1.061505067981169,0.5307525339905845,0,545,,,dedup
ES1,3,0,1,505,0,anchor,1.0,1.1054526466997543,0.5527263233498773,930,3380,27.0,930.0,dedup
ES1,3,0,1,505,0,aware_on_anchor_rows,1.0,1.1282504170832928,0.5641252085416464,930,505,,,dedup
ES1,3,0,1,505,0,explore_anchor_matdisjoint,,1.343892820255999,0.6719464101279995,0,55,27.0,,dedup
ES1,3,0,1,505,0,explore_aware8_on_anchor_rows,1.0,1.0644513009391754,0.5322256504695877,930,505,27.0,,dedup
ES1,3,0,1,505,0,explore_aware_on_matdisjoint_rows,,1.1282504170832928,0.5641252085416464,0,505,,,dedup
ES1,3,1,5,544,0,anchor,0.5348837209302325,0.8049822892302645,0.4024911446151322,430,3880,27.0,430.0,dedup
ES1,3,1,5,544,0,aware_on_anchor_rows,0.6953488372093023,0.9933930051946662,0.4966965025973331,430,544,,,dedup
ES1,3,1,5,544,0,explore_anchor_matdisjoint,,1.5922343692292291,0.7961171846146147,0,96,27.0,,dedup
ES1,3,1,5,544,0,explore_aware8_on_anchor_rows,0.6558139534883721,0.9360741403306498,0.4680370701653249,430,544,27.0,,dedup
ES1,3,1,5,544,0,explore_aware_on_matdisjoint_rows,,0.9933930051946662,0.4966965025973331,0,544,,,dedup
ES1,3,2,4,545,0,anchor,0.7878048780487805,0.9647963352309624,0.4823981676154812,410,3900,26.0,325.0,dedup
ES1,3,2,4,545,0,aware_on_anchor_rows,0.8975609756097561,1.033308200457815,0.5166541002289073,410,545,,,dedup
ES1,3,2,4,545,0,explore_anchor_matdisjoint,0.7529411764705882,1.2607754726607656,0.6303877363303828,85,42,26.0,,dedup
ES1,3,2,4,545,0,explore_aware8_on_anchor_rows,0.7975609756097561,0.9610405159640152,0.4805202579820076,410,545,26.0,,dedup
ES1,3,2,4,545,0,explore_aware_on_matdisjoint_rows,0.9176470588235294,1.033308200457815,0.5166541002289073,85,545,,,dedup
ES1,3,3,6,545,0,anchor,0.8894736842105263,0.9339901863628386,0.4669950931814193,380,3930,25.0,380.0,dedup
ES1,3,3,6,545,0,aware_on_anchor_rows,0.7684210526315789,1.012411581598152,0.506205790799076,380,545,,,dedup
ES1,3,3,6,545,0,explore_anchor_matdisjoint,,1.7287766254998742,0.8643883127499371,0,98,25.0,,dedup
ES1,3,3,6,545,0,explore_aware8_on_anchor_rows,0.7684210526315789,0.9887844645542864,0.4943922322771432,380,545,25.0,,dedup
ES1,3,3,6,545,0,explore_aware_on_matdisjoint_rows,,1.012411581598152,0.506205790799076,0,545,,,dedup
ES1,3,4,6,545,0,anchor,1.0,0.9925629146730778,0.4962814573365389,340,3970,25.0,340.0,dedup
ES1,3,4,6,545,0,aware_on_anchor_rows,1.0,1.0636912294692973,0.5318456147346486,340,545,,,dedup
ES1,3,4,6,545,0,explore_anchor_matdisjoint,,1.3234165728095708,0.6617082864047854,0,75,25.0,,dedup
ES1,3,4,6,545,0,explore_aware8_on_anchor_rows,1.0,1.02223912273785,0.511119561368925,340,545,25.0,,dedup
ES1,3,4,6,545,0,explore_aware_on_matdisjoint_rows,,1.0636912294692973,0.5318456147346486,0,545,,,dedup
ES1,3,5,6,545,0,anchor,0.9588235294117649,0.9914379992902784,0.4957189996451392,340,3970,25.0,331.0,dedup
ES1,3,5,6,545,0,aware_on_anchor_rows,0.9411764705882352,1.0483660732525406,0.5241830366262703,340,545,,,dedup
ES1,3,5,6,545,0,explore_anchor_matdisjoint,1.0,1.4222998747835869,0.7111499373917933,9,103,25.0,,dedup
ES1,3,5,6,545,0,explore_aware8_on_anchor_rows,0.9147058823529411,0.9879403121225154,0.4939701560612577,340,545,25.0,,dedup
ES1,3,5,6,545,0,explore_aware_on_matdisjoint_rows,1.0,1.0483660732525406,0.5241830366262703,9,545,,,dedup
ES1,3,6,6,545,0,anchor,1.0,1.016646366461191,0.5083231832305956,380,3930,24.0,372.0,dedup
ES1,3,6,6,545,0,aware_on_anchor_rows,0.9763157894736842,1.0441112354730402,0.5220556177365201,380,545,,,dedup
ES1,3,6,6,545,0,explore_anchor_matdisjoint,1.0,1.5200054125279865,0.7600027062639931,8,85,24.0,,dedup
ES1,3,6,6,545,0,explore_aware8_on_anchor_rows,0.95,1.0115808202592538,0.5057904101296269,380,545,24.0,,dedup
ES1,3,6,6,545,0,explore_aware_on_matdisjoint_rows,1.0,1.0441112354730402,0.5220556177365201,8,545,,,dedup
ES1,3,7,6,545,0,anchor,0.8235294117647058,0.9707386868495196,0.4853693434247598,340,3970,25.0,340.0,dedup
ES1,3,7,6,545,0,aware_on_anchor_rows,0.8088235294117647,0.996632375436718,0.498316187718359,340,545,,,dedup
ES1,3,7,6,545,0,explore_anchor_matdisjoint,,1.4640678847593065,0.7320339423796531,0,72,25.0,,dedup
ES1,3,7,6,545,0,explore_aware8_on_anchor_rows,0.8088235294117647,0.9829388282265654,0.4914694141132827,340,545,25.0,,dedup
ES1,3,7,6,545,0,explore_aware_on_matdisjoint_rows,,0.996632375436718,0.498316187718359,0,545,,,dedup
ES1,3,8,7,545,0,anchor,0.8394736842105263,0.9717232734050512,0.4858616367025256,380,3930,24.0,374.0,dedup
ES1,3,8,7,545,0,aware_on_anchor_rows,0.9,1.0493603608074649,0.5246801804037324,380,545,,,dedup
ES1,3,8,7,545,0,explore_anchor_matdisjoint,0.6666666666666666,1.396208867266955,0.6981044336334775,6,57,24.0,,dedup
ES1,3,8,7,545,0,explore_aware8_on_anchor_rows,0.9,1.0268396152057289,0.5134198076028644,380,545,24.0,,dedup
ES1,3,8,7,545,0,explore_aware_on_matdisjoint_rows,0.5,1.0493603608074649,0.5246801804037324,6,545,,,dedup
ES1,3,9,7,545,0,anchor,0.9736842105263158,0.9680041613259398,0.4840020806629699,380,3930,24.0,372.0,dedup
ES1,3,9,7,545,0,aware_on_anchor_rows,1.0,1.0540817734570664,0.5270408867285332,380,545,,,dedup
ES1,3,9,7,545,0,explore_anchor_matdisjoint,1.0,1.657313330909297,0.8286566654546483,8,82,24.0,,dedup
ES1,3,9,7,545,0,explore_aware8_on_anchor_rows,1.0,1.0357938670366664,0.5178969335183332,380,545,24.0,,dedup
ES1,3,9,7,545,0,explore_aware_on_matdisjoint_rows,1.0,1.0540817734570664,0.5270408867285332,8,545,,,dedup
ES1,4,0,1,505,0,anchor,1.0,1.066709510402546,0.533354755201273,930,3380,27.0,930.0,dedup
ES1,4,0,1,505,0,aware_on_anchor_rows,1.0,1.092696541656136,0.546348270828068,930,505,,,dedup
ES1,4,0,1,505,0,explore_anchor_matdisjoint,,1.5641125587737652,0.7820562793868826,0,98,27.0,,dedup
ES1,4,0,1,505,0,explore_aware8_on_anchor_rows,1.0,1.051732089830308,0.525866044915154,930,505,27.0,,dedup
ES1,4,0,1,505,0,explore_aware_on_matdisjoint_rows,,1.092696541656136,0.546348270828068,0,505,,,dedup
ES1,4,1,5,544,0,anchor,0.5046511627906977,0.8200171944636813,0.4100085972318406,430,3880,27.0,430.0,dedup
ES1,4,1,5,544,0,aware_on_anchor_rows,0.6976744186046512,1.0318084249414232,0.5159042124707116,430,544,,,dedup
ES1,4,1,5,544,0,explore_anchor_matdisjoint,,1.808232033309784,0.9041160166548918,0,79,27.0,,dedup
ES1,4,1,5,544,0,explore_aware8_on_anchor_rows,0.6976744186046512,0.9907842709683649,0.4953921354841823,430,544,27.0,,dedup
ES1,4,1,5,544,0,explore_aware_on_matdisjoint_rows,,1.0318084249414232,0.5159042124707116,0,544,,,dedup
ES1,4,2,4,545,0,anchor,0.7829268292682927,0.9041399520991138,0.4520699760495569,410,3900,26.0,315.0,dedup
ES1,4,2,4,545,0,aware_on_anchor_rows,0.9146341463414634,1.0243184220770187,0.5121592110385094,410,545,,,dedup
ES1,4,2,4,545,0,explore_anchor_matdisjoint,0.7894736842105263,1.2848802210384558,0.6424401105192279,95,57,26.0,,dedup
ES1,4,2,4,545,0,explore_aware8_on_anchor_rows,0.8731707317073171,0.9267599731365888,0.4633799865682944,410,545,26.0,,dedup
ES1,4,2,4,545,0,explore_aware_on_matdisjoint_rows,0.8842105263157894,1.0243184220770187,0.5121592110385094,95,545,,,dedup
ES1,4,3,6,545,0,anchor,0.9210526315789472,1.0009133069385303,0.5004566534692652,380,3930,25.0,368.0,dedup
ES1,4,3,6,545,0,aware_on_anchor_rows,0.7973684210526316,1.0123845842960728,0.5061922921480364,380,545,,,dedup
ES1,4,3,6,545,0,explore_anchor_matdisjoint,1.0,1.5766597358385857,0.7883298679192928,12,60,25.0,,dedup
ES1,4,3,6,545,0,explore_aware8_on_anchor_rows,0.7736842105263158,0.9726206300969809,0.4863103150484904,380,545,25.0,,dedup
ES1,4,3,6,545,0,explore_aware_on_matdisjoint_rows,1.0,1.0123845842960728,0.5061922921480364,12,545,,,dedup
ES1,4,4,6,545,0,anchor,0.923529411764706,0.9806775313351498,0.4903387656675749,340,3970,25.0,328.0,dedup
ES1,4,4,6,545,0,aware_on_anchor_rows,0.9794117647058824,1.0902258204236626,0.5451129102118313,340,545,,,dedup
ES1,4,4,6,545,0,explore_anchor_matdisjoint,1.0,1.3830425293209936,0.6915212646604968,12,68,25.0,,dedup
ES1,4,4,6,545,0,explore_aware8_on_anchor_rows,0.9794117647058824,1.0277232923181785,0.5138616461590892,340,545,25.0,,dedup
ES1,4,4,6,545,0,explore_aware_on_matdisjoint_rows,1.0,1.0902258204236626,0.5451129102118313,12,545,,,dedup
ES1,4,5,6,545,0,anchor,1.0,1.016912582574852,0.508456291287426,340,3970,25.0,340.0,dedup
ES1,4,5,6,545,0,aware_on_anchor_rows,0.9558823529411764,1.0229793966726084,0.5114896983363042,340,545,,,dedup
ES1,4,5,6,545,0,explore_anchor_matdisjoint,,1.4342154233921491,0.7171077116960746,0,94,25.0,,dedup
ES1,4,5,6,545,0,explore_aware8_on_anchor_rows,0.9205882352941176,0.9775353313050088,0.4887676656525044,340,545,25.0,,dedup
ES1,4,5,6,545,0,explore_aware_on_matdisjoint_rows,,1.0229793966726084,0.5114896983363042,0,545,,,dedup
ES1,4,6,6,545,0,anchor,0.9473684210526316,0.95116607393932,0.47558303696966,380,3930,24.0,360.0,dedup
ES1,4,6,6,545,0,aware_on_anchor_rows,0.9,1.041558209786455,0.5207791048932275,380,545,,,dedup
ES1,4,6,6,545,0,explore_anchor_matdisjoint,1.0,1.596039835212356,0.798019917606178,20,64,24.0,,dedup
ES1,4,6,6,545,0,explore_aware8_on_anchor_rows,0.8605263157894737,0.9842519618237092,0.4921259809118545,380,545,24.0,,dedup
ES1,4,6,6,545,0,explore_aware_on_matdisjoint_rows,0.25,1.041558209786455,0.5207791048932275,20,545,,,dedup
ES1,4,7,6,545,0,anchor,0.8411764705882353,0.8979131712658737,0.4489565856329368,340,3970,25.0,340.0,dedup
ES1,4,7,6,545,0,aware_on_anchor_rows,0.9,1.0482823941192816,0.5241411970596408,340,545,,,dedup
ES1,4,7,6,545,0,explore_anchor_matdisjoint,,1.3249022992031885,0.6624511496015942,0,123,25.0,,dedup
ES1,4,7,6,545,0,explore_aware8_on_anchor_rows,0.8558823529411764,1.020605487077237,0.5103027435386185,340,545,25.0,,dedup
ES1,4,7,6,545,0,explore_aware_on_matdisjoint_rows,,1.0482823941192816,0.5241411970596408,0,545,,,dedup
ES1,4,8,7,545,0,anchor,0.8763157894736842,0.9545010409306648,0.4772505204653324,380,3930,24.0,358.0,dedup
ES1,4,8,7,545,0,aware_on_anchor_rows,0.913157894736842,1.0731106728912465,0.5365553364456233,380,545,,,dedup
ES1,4,8,7,545,0,explore_anchor_matdisjoint,0.7272727272727273,1.4759289715701187,0.7379644857850594,22,74,24.0,,dedup
ES1,4,8,7,545,0,explore_aware8_on_anchor_rows,0.8868421052631579,1.027856367171169,0.5139281835855845,380,545,24.0,,dedup
ES1,4,8,7,545,0,explore_aware_on_matdisjoint_rows,0.6818181818181818,1.0731106728912465,0.5365553364456233,22,545,,,dedup
ES1,4,9,7,545,0,anchor,1.0,1.025947404812056,0.512973702406028,380,3930,24.0,380.0,dedup
ES1,4,9,7,545,0,aware_on_anchor_rows,1.0,1.021175733983965,0.5105878669919826,380,545,,,dedup
ES1,4,9,7,545,0,explore_anchor_matdisjoint,,1.7341223896796878,0.8670611948398439,0,108,24.0,,dedup
ES1,4,9,7,545,0,explore_aware8_on_anchor_rows,1.0,0.979444259075601,0.4897221295378005,380,545,24.0,,dedup
ES1,4,9,7,545,0,explore_aware_on_matdisjoint_rows,,1.021175733983965,0.5105878669919826,0,545,,,dedup
ES2,0,0,1,205,0,anchor,0.4627450980392157,0.6119879862282233,0.3059939931141116,510,1080,9.0,510.0,dedup
ES2,0,0,1,205,0,aware_on_anchor_rows,0.3333333333333333,1.2627250609980667,0.6313625304990333,510,205,,,dedup
ES2,0,0,1,205,0,explore_anchor_matdisjoint,,0.6448712983764058,0.3224356491882029,0,43,9.0,,dedup
ES2,0,0,1,205,0,explore_aware8_on_anchor_rows,0.296078431372549,1.1682689868257905,0.5841344934128951,510,205,9.0,,dedup
ES2,0,0,1,205,0,explore_aware_on_matdisjoint_rows,,1.2627250609980667,0.6313625304990333,0,205,,,dedup
ES2,0,1,1,229,0,anchor,1.0,1.065991814650982,0.532995907325491,270,1320,9.0,270.0,dedup
ES2,0,1,1,229,0,aware_on_anchor_rows,0.9666666666666668,1.7029953233264834,0.8514976616632417,270,229,,,dedup
ES2,0,1,1,229,0,explore_anchor_matdisjoint,,0.8009672304089531,0.4004836152044765,0,24,9.0,,dedup
ES2,0,1,1,229,0,explore_aware8_on_anchor_rows,1.0,1.893805757287056,0.946902878643528,270,229,9.0,,dedup
ES2,0,1,1,229,0,explore_aware_on_matdisjoint_rows,,1.7029953233264834,0.8514976616632417,0,229,,,dedup
ES2,0,2,1,234,0,anchor,1.0,1.1638252281948451,0.5819126140974226,220,1370,9.0,220.0,dedup
ES2,0,2,1,234,0,aware_on_anchor_rows,1.0,1.765783921139647,0.8828919605698236,220,234,,,dedup
ES2,0,2,1,234,0,explore_anchor_matdisjoint,,0.7219569873993706,0.3609784936996853,0,39,9.0,,dedup
ES2,0,2,1,234,0,explore_aware8_on_anchor_rows,1.0,1.9807114474881065,0.9903557237440532,220,234,9.0,,dedup
ES2,0,2,1,234,0,explore_aware_on_matdisjoint_rows,,1.765783921139647,0.8828919605698236,0,234,,,dedup
ES2,0,3,3,236,0,anchor,0.9333333333333332,1.1604265998890024,0.5802132999445012,150,1440,9.0,142.0,dedup
ES2,0,3,3,236,0,aware_on_anchor_rows,1.0,1.7799830041403872,0.8899915020701936,150,236,,,dedup
ES2,0,3,3,236,0,explore_anchor_matdisjoint,,,,0,18,9.0,,dedup
ES2,0,3,3,236,0,explore_aware8_on_anchor_rows,1.0,1.9054041336170384,0.9527020668085192,150,236,9.0,,dedup
ES2,0,3,3,236,0,explore_aware_on_matdisjoint_rows,,1.7799830041403872,0.8899915020701936,0,236,,,dedup
ES2,0,4,3,238,0,anchor,1.0,1.0719905416552402,0.5359952708276201,100,1490,9.0,100.0,dedup
ES2,0,4,3,238,0,aware_on_anchor_rows,1.0,1.7678887472788958,0.8839443736394479,100,238,,,dedup
ES2,0,4,3,238,0,explore_anchor_matdisjoint,,0.6285198732320009,0.3142599366160004,0,29,9.0,,dedup
ES2,0,4,3,238,0,explore_aware8_on_anchor_rows,1.0,1.9255189385076608,0.9627594692538306,100,238,9.0,,dedup
ES2,0,4,3,238,0,explore_aware_on_matdisjoint_rows,,1.7678887472788958,0.8839443736394479,0,238,,,dedup
ES2,0,5,3,238,0,anchor,0.9888888888888888,1.1428528981307169,0.5714264490653583,90,1500,9.0,90.0,dedup
ES2,0,5,3,238,0,aware_on_anchor_rows,1.0,1.8423739461649191,0.9211869730824596,90,238,,,dedup
ES2,0,5,3,238,0,explore_anchor_matdisjoint,,1.0717627979876243,0.5358813989938122,0,32,9.0,,dedup
ES2,0,5,3,238,0,explore_aware8_on_anchor_rows,1.0,1.9384128376784169,0.9692064188392084,90,238,9.0,,dedup
ES2,0,5,3,238,0,explore_aware_on_matdisjoint_rows,,1.8423739461649191,0.9211869730824596,0,238,,,dedup
ES2,0,6,4,237,0,anchor,1.0,1.010491501194406,0.505245750597203,80,1510,9.0,80.0,dedup
ES2,0,6,4,237,0,aware_on_anchor_rows,1.0,1.6895844336479555,0.8447922168239779,80,237,,,dedup
ES2,0,6,4,237,0,explore_anchor_matdisjoint,,1.0253236374779218,0.5126618187389609,0,34,9.0,,dedup
ES2,0,6,4,237,0,explore_aware8_on_anchor_rows,1.0,1.8597047097313544,0.9298523548656772,80,237,9.0,,dedup
ES2,0,6,4,237,0,explore_aware_on_matdisjoint_rows,,1.6895844336479555,0.8447922168239779,0,237,,,dedup
ES2,0,7,4,238,0,anchor,1.0,1.0894948893904175,0.5447474446952089,60,1530,9.0,60.0,dedup
ES2,0,7,4,238,0,aware_on_anchor_rows,1.0,1.748383412882732,0.874191706441366,60,238,,,dedup
ES2,0,7,4,238,0,explore_anchor_matdisjoint,,1.095242124468061,0.5476210622340305,0,37,9.0,,dedup
ES2,0,7,4,238,0,explore_aware8_on_anchor_rows,1.0,1.873821362478856,0.936910681239428,60,238,9.0,,dedup
ES2,0,7,4,238,0,explore_aware_on_matdisjoint_rows,,1.748383412882732,0.874191706441366,0,238,,,dedup
ES2,0,8,4,238,0,anchor,1.0,1.111012860821548,0.555506430410774,60,1530,9.0,45.0,dedup
ES2,0,8,4,238,0,aware_on_anchor_rows,1.0,1.779825765149594,0.8899128825747971,60,238,,,dedup
ES2,0,8,4,238,0,explore_anchor_matdisjoint,,,,0,14,9.0,,dedup
ES2,0,8,4,238,0,explore_aware8_on_anchor_rows,1.0,1.8821334412337545,0.9410667206168772,60,238,9.0,,dedup
ES2,0,8,4,238,0,explore_aware_on_matdisjoint_rows,,1.779825765149594,0.8899128825747971,0,238,,,dedup
ES2,0,9,4,238,0,anchor,1.0,1.074082852255469,0.5370414261277345,50,1540,9.0,50.0,dedup
ES2,0,9,4,238,0,aware_on_anchor_rows,1.0,2.00606645833958,1.00303322916979,50,238,,,dedup
ES2,0,9,4,238,0,explore_anchor_matdisjoint,,0.7515636704141598,0.3757818352070799,0,36,9.0,,dedup
ES2,0,9,4,238,0,explore_aware8_on_anchor_rows,1.0,2.13313134026638,1.06656567013319,50,238,9.0,,dedup
ES2,0,9,4,238,0,explore_aware_on_matdisjoint_rows,,2.00606645833958,1.00303322916979,0,238,,,dedup
ES2,1,0,1,205,0,anchor,0.5019607843137255,0.6390598506587056,0.3195299253293528,510,1080,9.0,510.0,dedup
ES2,1,0,1,205,0,aware_on_anchor_rows,0.3117647058823529,1.252652030269355,0.6263260151346774,510,205,,,dedup
ES2,1,0,1,205,0,explore_anchor_matdisjoint,,0.7803639103534251,0.3901819551767125,0,26,9.0,,dedup
ES2,1,0,1,205,0,explore_aware8_on_anchor_rows,0.3117647058823529,1.223620327539153,0.6118101637695765,510,205,9.0,,dedup
ES2,1,0,1,205,0,explore_aware_on_matdisjoint_rows,,1.252652030269355,0.6263260151346774,0,205,,,dedup
ES2,1,1,1,229,0,anchor,1.0,1.2157649538341666,0.6078824769170833,270,1320,9.0,270.0,dedup
ES2,1,1,1,229,0,aware_on_anchor_rows,0.9666666666666668,1.6999927423081518,0.8499963711540759,270,229,,,dedup
ES2,1,1,1,229,0,explore_anchor_matdisjoint,,1.038791439533039,0.5193957197665197,0,38,9.0,,dedup
ES2,1,1,1,229,0,explore_aware8_on_anchor_rows,0.9666666666666668,1.833685925262268,0.916842962631134,270,229,9.0,,dedup
ES2,1,1,1,229,0,explore_aware_on_matdisjoint_rows,,1.6999927423081518,0.8499963711540759,0,229,,,dedup
ES2,1,2,1,234,0,anchor,1.0,1.1642214803279982,0.5821107401639991,220,1370,9.0,220.0,dedup
ES2,1,2,1,234,0,aware_on_anchor_rows,1.0,1.7850647243473503,0.8925323621736752,220,234,,,dedup
ES2,1,2,1,234,0,explore_anchor_matdisjoint,,1.0178557279705334,0.5089278639852667,0,24,9.0,,dedup
ES2,1,2,1,234,0,explore_aware8_on_anchor_rows,1.0,2.019792511494157,1.0098962557470783,220,234,9.0,,dedup
ES2,1,2,1,234,0,explore_aware_on_matdisjoint_rows,,1.7850647243473503,0.8925323621736752,0,234,,,dedup
ES2,1,3,3,236,0,anchor,0.8533333333333334,1.0777194462073147,0.5388597231036574,150,1440,9.0,144.0,dedup
ES2,1,3,3,236,0,aware_on_anchor_rows,1.0,1.8072880999211645,0.9036440499605822,150,236,,,dedup
ES2,1,3,3,236,0,explore_anchor_matdisjoint,,,,0,9,9.0,,dedup
ES2,1,3,3,236,0,explore_aware8_on_anchor_rows,1.0,1.9068804524325784,0.9534402262162892,150,236,9.0,,dedup
ES2,1,3,3,236,0,explore_aware_on_matdisjoint_rows,,1.8072880999211645,0.9036440499605822,0,236,,,dedup
ES2,1,4,3,238,0,anchor,1.0,1.0877029846076236,0.5438514923038118,100,1490,9.0,100.0,dedup
ES2,1,4,3,238,0,aware_on_anchor_rows,1.0,1.7115255879376416,0.8557627939688208,100,238,,,dedup
ES2,1,4,3,238,0,explore_anchor_matdisjoint,,0.7731849354645051,0.3865924677322525,0,30,9.0,,dedup
ES2,1,4,3,238,0,explore_aware8_on_anchor_rows,1.0,1.9377857323885397,0.9688928661942696,100,238,9.0,,dedup
ES2,1,4,3,238,0,explore_aware_on_matdisjoint_rows,,1.7115255879376416,0.8557627939688208,0,238,,,dedup
ES2,1,5,3,238,0,anchor,0.9888888888888888,1.0824629963683057,0.5412314981841527,90,1500,9.0,90.0,dedup
ES2,1,5,3,238,0,aware_on_anchor_rows,1.0,1.843606554260856,0.921803277130428,90,238,,,dedup
ES2,1,5,3,238,0,explore_anchor_matdisjoint,,0.7435781106620044,0.3717890553310022,0,30,9.0,,dedup
ES2,1,5,3,238,0,explore_aware8_on_anchor_rows,1.0,1.954655070191436,0.977327535095718,90,238,9.0,,dedup
ES2,1,5,3,238,0,explore_aware_on_matdisjoint_rows,,1.843606554260856,0.921803277130428,0,238,,,dedup
ES2,1,6,4,237,0,anchor,1.0,1.1025354498918678,0.5512677249459339,80,1510,9.0,80.0,dedup
ES2,1,6,4,237,0,aware_on_anchor_rows,0.875,1.7262766598993062,0.8631383299496531,80,237,,,dedup
ES2,1,6,4,237,0,explore_anchor_matdisjoint,,1.13966841711431,0.5698342085571549,0,41,9.0,,dedup
ES2,1,6,4,237,0,explore_aware8_on_anchor_rows,1.0,1.9396676614355108,0.9698338307177554,80,237,9.0,,dedup
ES2,1,6,4,237,0,explore_aware_on_matdisjoint_rows,,1.7262766598993062,0.8631383299496531,0,237,,,dedup
ES2,1,7,4,238,0,anchor,1.0,1.130389776266325,0.5651948881331625,60,1530,9.0,60.0,dedup
ES2,1,7,4,238,0,aware_on_anchor_rows,1.0,1.790053824731694,0.895026912365847,60,238,,,dedup
ES2,1,7,4,238,0,explore_anchor_matdisjoint,,1.130389776266325,0.5651948881331625,0,27,9.0,,dedup
ES2,1,7,4,238,0,explore_aware8_on_anchor_rows,1.0,1.913435752951691,0.9567178764758456,60,238,9.0,,dedup
ES2,1,7,4,238,0,explore_aware_on_matdisjoint_rows,,1.790053824731694,0.895026912365847,0,238,,,dedup
ES2,1,8,4,238,0,anchor,1.0,1.1137549182781177,0.5568774591390588,60,1530,9.0,45.0,dedup
ES2,1,8,4,238,0,aware_on_anchor_rows,1.0,1.8098287783887173,0.9049143891943588,60,238,,,dedup
ES2,1,8,4,238,0,explore_anchor_matdisjoint,,,,0,18,9.0,,dedup
ES2,1,8,4,238,0,explore_aware8_on_anchor_rows,1.0,1.8240560796235863,0.9120280398117931,60,238,9.0,,dedup
ES2,1,8,4,238,0,explore_aware_on_matdisjoint_rows,,1.8098287783887173,0.9049143891943588,0,238,,,dedup
ES2,1,9,4,238,0,anchor,1.0,1.065796595545497,0.5328982977727487,50,1540,9.0,50.0,dedup
ES2,1,9,4,238,0,aware_on_anchor_rows,1.0,2.1325506547093083,1.066275327354654,50,238,,,dedup
ES2,1,9,4,238,0,explore_anchor_matdisjoint,,0.741364764935174,0.370682382467587,0,33,9.0,,dedup
ES2,1,9,4,238,0,explore_aware8_on_anchor_rows,1.0,2.225990006924625,1.1129950034623124,50,238,9.0,,dedup
ES2,1,9,4,238,0,explore_aware_on_matdisjoint_rows,,2.1325506547093083,1.066275327354654,0,238,,,dedup
ES2,2,0,1,205,0,anchor,0.5254901960784314,0.6694264662580054,0.3347132331290027,510,1080,9.0,510.0,dedup
ES2,2,0,1,205,0,aware_on_anchor_rows,0.3392156862745098,1.2702983373853165,0.6351491686926583,510,205,,,dedup
ES2,2,0,1,205,0,explore_anchor_matdisjoint,,1.0644056169493945,0.5322028084746971,0,29,9.0,,dedup
ES2,2,0,1,205,0,explore_aware8_on_anchor_rows,0.3392156862745098,1.2702983373853165,0.6351491686926583,510,205,9.0,,dedup
ES2,2,0,1,205,0,explore_aware_on_matdisjoint_rows,,1.2702983373853165,0.6351491686926583,0,205,,,dedup
ES2,2,1,1,229,0,anchor,1.0,1.065086074646563,0.5325430373232813,270,1320,9.0,270.0,dedup
ES2,2,1,1,229,0,aware_on_anchor_rows,0.9629629629629628,1.6928182895485486,0.8464091447742743,270,229,,,dedup
ES2,2,1,1,229,0,explore_anchor_matdisjoint,,0.9356258402550574,0.4678129201275287,0,26,9.0,,dedup
ES2,2,1,1,229,0,explore_aware8_on_anchor_rows,1.0,1.8806027678785493,0.9403013839392746,270,229,9.0,,dedup
ES2,2,1,1,229,0,explore_aware_on_matdisjoint_rows,,1.6928182895485486,0.8464091447742743,0,229,,,dedup
ES2,2,2,1,234,0,anchor,1.0,1.213604038466088,0.606802019233044,220,1370,9.0,220.0,dedup
ES2,2,2,1,234,0,aware_on_anchor_rows,1.0,1.757322411161808,0.878661205580904,220,234,,,dedup
ES2,2,2,1,234,0,explore_anchor_matdisjoint,,0.8254208834232813,0.4127104417116407,0,31,9.0,,dedup
ES2,2,2,1,234,0,explore_aware8_on_anchor_rows,1.0,1.996469194485325,0.9982345972426624,220,234,9.0,,dedup
ES2,2,2,1,234,0,explore_aware_on_matdisjoint_rows,,1.757322411161808,0.878661205580904,0,234,,,dedup
ES2,2,3,3,236,0,anchor,0.8666666666666667,1.1284808997043896,0.5642404498521948,150,1440,9.0,136.0,dedup
ES2,2,3,3,236,0,aware_on_anchor_rows,1.0,1.792296584071905,0.8961482920359525,150,236,,,dedup
ES2,2,3,3,236,0,explore_anchor_matdisjoint,,,,0,18,9.0,,dedup
ES2,2,3,3,236,0,explore_aware8_on_anchor_rows,1.0,1.8703369394151523,0.9351684697075762,150,236,9.0,,dedup
ES2,2,3,3,236,0,explore_aware_on_matdisjoint_rows,,1.792296584071905,0.8961482920359525,0,236,,,dedup
ES2,2,4,3,238,0,anchor,1.0,1.118095846938689,0.5590479234693445,100,1490,9.0,100.0,dedup
ES2,2,4,3,238,0,aware_on_anchor_rows,1.0,1.7607188513335483,0.8803594256667742,100,238,,,dedup
ES2,2,4,3,238,0,explore_anchor_matdisjoint,,0.7694027862813678,0.3847013931406839,0,34,9.0,,dedup
ES2,2,4,3,238,0,explore_aware8_on_anchor_rows,1.0,2.011422440581704,1.0057112202908518,100,238,9.0,,dedup
ES2,2,4,3,238,0,explore_aware_on_matdisjoint_rows,,1.7607188513335483,0.8803594256667742,0,238,,,dedup
ES2,2,5,3,238,0,anchor,1.0,1.1549319877249655,0.5774659938624828,90,1500,9.0,90.0,dedup
ES2,2,5,3,238,0,aware_on_anchor_rows,1.0,1.7660983895650384,0.8830491947825192,90,238,,,dedup
ES2,2,5,3,238,0,explore_anchor_matdisjoint,,1.1915383683101692,0.5957691841550846,0,28,9.0,,dedup
ES2,2,5,3,238,0,explore_aware8_on_anchor_rows,1.0,1.9050261346762625,0.9525130673381312,90,238,9.0,,dedup
ES2,2,5,3,238,0,explore_aware_on_matdisjoint_rows,,1.7660983895650384,0.8830491947825192,0,238,,,dedup
ES2,2,6,4,237,0,anchor,1.0,1.1905761751589334,0.5952880875794667,80,1510,9.0,80.0,dedup
ES2,2,6,4,237,0,aware_on_anchor_rows,1.0,1.7339589632576065,0.8669794816288032,80,237,,,dedup
ES2,2,6,4,237,0,explore_anchor_matdisjoint,,0.780385734580137,0.3901928672900685,0,32,9.0,,dedup
ES2,2,6,4,237,0,explore_aware8_on_anchor_rows,1.0,1.908902094983608,0.954451047491804,80,237,9.0,,dedup
ES2,2,6,4,237,0,explore_aware_on_matdisjoint_rows,,1.7339589632576065,0.8669794816288032,0,237,,,dedup
ES2,2,7,4,238,0,anchor,1.0,1.1509027726222625,0.5754513863111312,60,1530,9.0,60.0,dedup
ES2,2,7,4,238,0,aware_on_anchor_rows,1.0,1.763068657159943,0.8815343285799715,60,238,,,dedup
ES2,2,7,4,238,0,explore_anchor_matdisjoint,,0.7364416740270364,0.3682208370135182,0,40,9.0,,dedup
ES2,2,7,4,238,0,explore_aware8_on_anchor_rows,1.0,1.8534435713983408,0.9267217856991704,60,238,9.0,,dedup
ES2,2,7,4,238,0,explore_aware_on_matdisjoint_rows,,1.763068657159943,0.8815343285799715,0,238,,,dedup
ES2,2,8,4,238,0,anchor,1.0,1.1323153591869588,0.5661576795934794,60,1530,9.0,48.0,dedup
ES2,2,8,4,238,0,aware_on_anchor_rows,1.0,1.7723820596003668,0.8861910298001834,60,238,,,dedup
ES2,2,8,4,238,0,explore_anchor_matdisjoint,,,,0,16,9.0,,dedup
ES2,2,8,4,238,0,explore_aware8_on_anchor_rows,1.0,1.8320001378422608,0.9160000689211304,60,238,9.0,,dedup
ES2,2,8,4,238,0,explore_aware_on_matdisjoint_rows,,1.7723820596003668,0.8861910298001834,0,238,,,dedup
ES2,2,9,4,238,0,anchor,1.0,1.1673766114037103,0.5836883057018553,50,1540,9.0,50.0,dedup
ES2,2,9,4,238,0,aware_on_anchor_rows,1.0,2.1240888968325637,1.0620444484162817,50,238,,,dedup
ES2,2,9,4,238,0,explore_anchor_matdisjoint,,0.75695006824983,0.378475034124915,0,39,9.0,,dedup
ES2,2,9,4,238,0,explore_aware8_on_anchor_rows,1.0,2.17856896029833,1.089284480149165,50,238,9.0,,dedup
ES2,2,9,4,238,0,explore_aware_on_matdisjoint_rows,,2.1240888968325637,1.0620444484162817,0,238,,,dedup
ES2,3,0,1,205,0,anchor,0.5294117647058824,0.6794040066801805,0.3397020033400902,510,1080,9.0,510.0,dedup
ES2,3,0,1,205,0,aware_on_anchor_rows,0.3215686274509804,1.231795167451614,0.6158975837258069,510,205,,,dedup
ES2,3,0,1,205,0,explore_anchor_matdisjoint,,1.0679366686236964,0.5339683343118482,0,31,9.0,,dedup
ES2,3,0,1,205,0,explore_aware8_on_anchor_rows,0.3215686274509804,1.2097968894291675,0.6048984447145838,510,205,9.0,,dedup
ES2,3,0,1,205,0,explore_aware_on_matdisjoint_rows,,1.231795167451614,0.6158975837258069,0,205,,,dedup
ES2,3,1,1,229,0,anchor,1.0,1.1282147882235931,0.5641073941117966,270,1320,9.0,270.0,dedup
ES2,3,1,1,229,0,aware_on_anchor_rows,0.9666666666666668,1.7319778178895548,0.8659889089447774,270,229,,,dedup
ES2,3,1,1,229,0,explore_anchor_matdisjoint,,0.5934415390478782,0.2967207695239391,0,33,9.0,,dedup
ES2,3,1,1,229,0,explore_aware8_on_anchor_rows,0.9666666666666668,1.8689983948569395,0.9344991974284698,270,229,9.0,,dedup
ES2,3,1,1,229,0,explore_aware_on_matdisjoint_rows,,1.7319778178895548,0.8659889089447774,0,229,,,dedup
ES2,3,2,1,234,0,anchor,1.0,1.1543615031012315,0.5771807515506158,220,1370,9.0,220.0,dedup
ES2,3,2,1,234,0,aware_on_anchor_rows,1.0,1.7936922948779117,0.8968461474389557,220,234,,,dedup
ES2,3,2,1,234,0,explore_anchor_matdisjoint,,0.8775100046398813,0.4387550023199406,0,34,9.0,,dedup
ES2,3,2,1,234,0,explore_aware8_on_anchor_rows,1.0,2.04111685324904,1.02055842662452,220,234,9.0,,dedup
ES2,3,2,1,234,0,explore_aware_on_matdisjoint_rows,,1.7936922948779117,0.8968461474389557,0,234,,,dedup
ES2,3,3,3,236,0,anchor,0.8333333333333334,0.9960022134706792,0.4980011067353396,150,1440,9.0,134.0,dedup
ES2,3,3,3,236,0,aware_on_anchor_rows,1.0,1.827670601762307,0.9138353008811536,150,236,,,dedup
ES2,3,3,3,236,0,explore_anchor_matdisjoint,,,,0,15,9.0,,dedup
ES2,3,3,3,236,0,explore_aware8_on_anchor_rows,1.0,1.9190999700250968,0.9595499850125484,150,236,9.0,,dedup
ES2,3,3,3,236,0,explore_aware_on_matdisjoint_rows,,1.827670601762307,0.9138353008811536,0,236,,,dedup
ES2,3,4,3,238,0,anchor,1.0,1.111360516973294,0.5556802584866469,100,1490,9.0,100.0,dedup
ES2,3,4,3,238,0,aware_on_anchor_rows,1.0,1.72543892675528,0.86271946337764,100,238,,,dedup
ES2,3,4,3,238,0,explore_anchor_matdisjoint,,0.7654909630374127,0.3827454815187063,0,36,9.0,,dedup
ES2,3,4,3,238,0,explore_aware8_on_anchor_rows,1.0,1.9118076857608253,0.9559038428804127,100,238,9.0,,dedup
ES2,3,4,3,238,0,explore_aware_on_matdisjoint_rows,,1.72543892675528,0.86271946337764,0,238,,,dedup
ES2,3,5,3,238,0,anchor,0.9777777777777776,1.0606625936266376,0.5303312968133188,90,1500,9.0,90.0,dedup
ES2,3,5,3,238,0,aware_on_anchor_rows,1.0,1.7865903917341184,0.8932951958670592,90,238,,,dedup
ES2,3,5,3,238,0,explore_anchor_matdisjoint,,0.7934932446301147,0.3967466223150573,0,32,9.0,,dedup
ES2,3,5,3,238,0,explore_aware8_on_anchor_rows,1.0,1.959418624434838,0.979709312217419,90,238,9.0,,dedup
ES2,3,5,3,238,0,explore_aware_on_matdisjoint_rows,,1.7865903917341184,0.8932951958670592,0,238,,,dedup
ES2,3,6,4,237,0,anchor,1.0,1.161017426626933,0.5805087133134665,80,1510,9.0,80.0,dedup
ES2,3,6,4,237,0,aware_on_anchor_rows,0.95,1.7380840667966195,0.8690420333983098,80,237,,,dedup
ES2,3,6,4,237,0,explore_anchor_matdisjoint,,0.5663218228572784,0.2831609114286392,0,38,9.0,,dedup
ES2,3,6,4,237,0,explore_aware8_on_anchor_rows,1.0,1.943300629180964,0.971650314590482,80,237,9.0,,dedup
ES2,3,6,4,237,0,explore_aware_on_matdisjoint_rows,,1.7380840667966195,0.8690420333983098,0,237,,,dedup
ES2,3,7,4,238,0,anchor,1.0,1.155544554422563,0.5777722772112817,60,1530,9.0,60.0,dedup
ES2,3,7,4,238,0,aware_on_anchor_rows,1.0,1.7966120138419308,0.8983060069209654,60,238,,,dedup
ES2,3,7,4,238,0,explore_anchor_matdisjoint,,1.107061269227016,0.553530634613508,0,33,9.0,,dedup
ES2,3,7,4,238,0,explore_aware8_on_anchor_rows,1.0,1.9031551989982205,0.9515775994991102,60,238,9.0,,dedup
ES2,3,7,4,238,0,explore_aware_on_matdisjoint_rows,,1.7966120138419308,0.8983060069209654,0,238,,,dedup
ES2,3,8,4,238,0,anchor,1.0,1.1275267649634635,0.5637633824817319,60,1530,9.0,42.0,dedup
ES2,3,8,4,238,0,aware_on_anchor_rows,1.0,1.762269841779882,0.881134920889941,60,238,,,dedup
ES2,3,8,4,238,0,explore_anchor_matdisjoint,,,,0,18,9.0,,dedup
ES2,3,8,4,238,0,explore_aware8_on_anchor_rows,1.0,1.8984105362228505,0.9492052681114252,60,238,9.0,,dedup
ES2,3,8,4,238,0,explore_aware_on_matdisjoint_rows,,1.762269841779882,0.881134920889941,0,238,,,dedup
ES2,3,9,4,238,0,anchor,1.0,1.1542083593911687,0.5771041796955844,50,1540,9.0,50.0,dedup
ES2,3,9,4,238,0,aware_on_anchor_rows,1.0,2.037834521611055,1.0189172608055277,50,238,,,dedup
ES2,3,9,4,238,0,explore_anchor_matdisjoint,,0.9107749680339732,0.4553874840169865,0,37,9.0,,dedup
ES2,3,9,4,238,0,explore_aware8_on_anchor_rows,1.0,2.1544177848048776,1.0772088924024388,50,238,9.0,,dedup
ES2,3,9,4,238,0,explore_aware_on_matdisjoint_rows,,2.037834521611055,1.0189172608055277,0,238,,,dedup
ES2,4,0,1,205,0,anchor,0.5725490196078431,0.7312919565514044,0.3656459782757022,510,1080,9.0,510.0,dedup
ES2,4,0,1,205,0,aware_on_anchor_rows,0.3313725490196078,1.283419037020218,0.6417095185101089,510,205,,,dedup
ES2,4,0,1,205,0,explore_anchor_matdisjoint,,0.9717198369534206,0.4858599184767103,0,42,9.0,,dedup
ES2,4,0,1,205,0,explore_aware8_on_anchor_rows,0.3117647058823529,1.2486708448813726,0.6243354224406863,510,205,9.0,,dedup
ES2,4,0,1,205,0,explore_aware_on_matdisjoint_rows,,1.283419037020218,0.6417095185101089,0,205,,,dedup
ES2,4,1,1,229,0,anchor,1.0,1.0763920080974856,0.5381960040487428,270,1320,9.0,270.0,dedup
ES2,4,1,1,229,0,aware_on_anchor_rows,0.9666666666666668,1.7304035680505434,0.8652017840252717,270,229,,,dedup
ES2,4,1,1,229,0,explore_anchor_matdisjoint,,0.8159552730249717,0.4079776365124858,0,33,9.0,,dedup
ES2,4,1,1,229,0,explore_aware8_on_anchor_rows,1.0,1.8928531510564808,0.9464265755282406,270,229,9.0,,dedup
ES2,4,1,1,229,0,explore_aware_on_matdisjoint_rows,,1.7304035680505434,0.8652017840252717,0,229,,,dedup
ES2,4,2,1,234,0,anchor,1.0,1.184127046831449,0.5920635234157245,220,1370,9.0,220.0,dedup
ES2,4,2,1,234,0,aware_on_anchor_rows,1.0,1.7882055535056054,0.8941027767528027,220,234,,,dedup
ES2,4,2,1,234,0,explore_anchor_matdisjoint,,1.0313255290890162,0.5156627645445081,0,33,9.0,,dedup
ES2,4,2,1,234,0,explore_aware8_on_anchor_rows,1.0,2.0170073036599057,1.0085036518299528,220,234,9.0,,dedup
ES2,4,2,1,234,0,explore_aware_on_matdisjoint_rows,,1.7882055535056054,0.8941027767528027,0,234,,,dedup
ES2,4,3,3,236,0,anchor,0.8533333333333334,1.0666949804400576,0.5333474902200288,150,1440,9.0,136.0,dedup
ES2,4,3,3,236,0,aware_on_anchor_rows,1.0,1.7971504240663965,0.8985752120331982,150,236,,,dedup
ES2,4,3,3,236,0,explore_anchor_matdisjoint,0.3571428571428571,0.2700541748344139,0.1350270874172069,14,21,9.0,,dedup
ES2,4,3,3,236,0,explore_aware8_on_anchor_rows,1.0,1.9008480255516145,0.9504240127758072,150,236,9.0,,dedup
ES2,4,3,3,236,0,explore_aware_on_matdisjoint_rows,1.0,1.7971504240663965,0.8985752120331982,14,236,,,dedup
ES2,4,4,3,238,0,anchor,1.0,1.047478742797663,0.5237393713988315,100,1490,9.0,100.0,dedup
ES2,4,4,3,238,0,aware_on_anchor_rows,1.0,1.7848998000414005,0.8924499000207002,100,238,,,dedup
ES2,4,4,3,238,0,explore_anchor_matdisjoint,,0.6569121287428413,0.3284560643714206,0,26,9.0,,dedup
ES2,4,4,3,238,0,explore_aware8_on_anchor_rows,1.0,1.9006353499314723,0.9503176749657364,100,238,9.0,,dedup
ES2,4,4,3,238,0,explore_aware_on_matdisjoint_rows,,1.7848998000414005,0.8924499000207002,0,238,,,dedup
ES2,4,5,3,238,0,anchor,0.9888888888888888,1.146953283444872,0.573476641722436,90,1500,9.0,90.0,dedup
ES2,4,5,3,238,0,aware_on_anchor_rows,1.0,1.848791434873084,0.9243957174365418,90,238,,,dedup
ES2,4,5,3,238,0,explore_anchor_matdisjoint,,0.7078814695579098,0.3539407347789549,0,33,9.0,,dedup
ES2,4,5,3,238,0,explore_aware8_on_anchor_rows,1.0,1.933251654583125,0.9666258272915628,90,238,9.0,,dedup
ES2,4,5,3,238,0,explore_aware_on_matdisjoint_rows,,1.848791434873084,0.9243957174365418,0,238,,,dedup
ES2,4,6,4,237,0,anchor,1.0,1.0526797555443346,0.5263398777721673,80,1510,9.0,80.0,dedup
ES2,4,6,4,237,0,aware_on_anchor_rows,1.0,1.7136021517049,0.85680107585245,80,237,,,dedup
ES2,4,6,4,237,0,explore_anchor_matdisjoint,,0.8071380369266877,0.4035690184633438,0,44,9.0,,dedup
ES2,4,6,4,237,0,explore_aware8_on_anchor_rows,1.0,1.9119812573778487,0.9559906286889244,80,237,9.0,,dedup
ES2,4,6,4,237,0,explore_aware_on_matdisjoint_rows,,1.7136021517049,0.85680107585245,0,237,,,dedup
ES2,4,7,4,238,0,anchor,1.0,1.1136151564813417,0.5568075782406707,60,1530,9.0,60.0,dedup
ES2,4,7,4,238,0,aware_on_anchor_rows,1.0,1.800014837998165,0.9000074189990825,60,238,,,dedup
ES2,4,7,4,238,0,explore_anchor_matdisjoint,,0.971951576754633,0.4859757883773165,0,29,9.0,,dedup
ES2,4,7,4,238,0,explore_aware8_on_anchor_rows,1.0,1.9148549702640336,0.9574274851320168,60,238,9.0,,dedup
ES2,4,7,4,238,0,explore_aware_on_matdisjoint_rows,,1.800014837998165,0.9000074189990825,0,238,,,dedup
ES2,4,8,4,238,0,anchor,1.0,1.052184902524897,0.5260924512624485,60,1530,9.0,39.0,dedup
ES2,4,8,4,238,0,aware_on_anchor_rows,1.0,1.7988329782738282,0.8994164891369141,60,238,,,dedup
ES2,4,8,4,238,0,explore_anchor_matdisjoint,,,,0,10,9.0,,dedup
ES2,4,8,4,238,0,explore_aware8_on_anchor_rows,1.0,1.8918102488384227,0.9459051244192114,60,238,9.0,,dedup
ES2,4,8,4,238,0,explore_aware_on_matdisjoint_rows,,1.7988329782738282,0.8994164891369141,0,238,,,dedup
ES2,4,9,4,238,0,anchor,1.0,1.2238803202163286,0.6119401601081643,50,1540,9.0,50.0,dedup
ES2,4,9,4,238,0,aware_on_anchor_rows,1.0,2.0537108738653345,1.0268554369326672,50,238,,,dedup
ES2,4,9,4,238,0,explore_anchor_matdisjoint,,0.7527456456919891,0.3763728228459945,0,30,9.0,,dedup
ES2,4,9,4,238,0,explore_aware8_on_anchor_rows,1.0,2.104990512950831,1.0524952564754155,50,238,9.0,,dedup
ES2,4,9,4,238,0,explore_aware_on_matdisjoint_rows,,2.0537108738653345,1.0268554369326672,0,238,,,dedup
