dataset,seed,fold,source,n_rows,method,covered,n_eval,width,n_rows_sharing_anchor_material,coverage
DYE,0,0,Lab,70,anchor,514,670,74.56423183421524,0.0,0.7671641791044777
DYE,0,0,Lab,70,aware,57,70,93.42200502645498,,0.8142857142857143
DYE,0,0,Lab,70,aware_on_anchor_rows,546,670,93.42200502645498,,0.8149253731343283
DYE,0,0,Lab,70,explore_anchor_matdisjoint,514,670,74.56423183421524,,0.7671641791044777
DYE,0,0,Lab,70,explore_aware8_on_anchor_rows,591,670,98.70271666666666,,0.8820895522388059
DYE,0,0,Lab,70,explore_aware_on_matdisjoint_rows,546,670,93.42200502645498,,0.8149253731343283
DYE,0,0,Lab,70,explore_offset_q_aware,603,670,93.42200502645498,,0.9
DYE,0,0,Lab,70,naive,49,70,70.49667575757567,,0.7
DYE,0,1,[9],11,anchor,78,80,99.3821046657048,0.0,0.975
DYE,0,1,[9],11,aware,11,11,98.06145411255405,,1.0
DYE,0,1,[9],11,aware_on_anchor_rows,80,80,98.06145411255405,,1.0
DYE,0,1,[9],11,explore_anchor_matdisjoint,78,80,99.3821046657048,,0.975
DYE,0,1,[9],11,explore_aware8_on_anchor_rows,80,80,107.32576782106776,,1.0
DYE,0,1,[9],11,explore_aware_on_matdisjoint_rows,80,80,98.06145411255405,,1.0
DYE,0,1,[9],11,explore_offset_q_aware,78,80,98.06145411255405,,0.975
DYE,0,1,[9],11,naive,7,11,81.6948788359789,,0.6363636363636364
DYE,0,2,[5],10,anchor,70,70,96.7252311287478,0.0,1.0
DYE,0,2,[5],10,aware,10,10,99.74541798941809,,1.0
DYE,0,2,[5],10,aware_on_anchor_rows,70,70,99.74541798941809,,1.0
DYE,0,2,[5],10,explore_anchor_matdisjoint,70,70,96.7252311287478,,1.0
DYE,0,2,[5],10,explore_aware8_on_anchor_rows,70,70,102.87433333333333,,1.0
DYE,0,2,[5],10,explore_aware_on_matdisjoint_rows,70,70,99.74541798941809,,1.0
DYE,0,2,[5],10,explore_offset_q_aware,70,70,99.74541798941809,,1.0
DYE,0,2,[5],10,naive,4,10,77.35092804232806,,0.4
DYE,0,3,[11],9,anchor,58,60,96.73859391534398,0.0,0.9666666666666667
DYE,0,3,[11],9,aware,9,9,100.82141851851851,,1.0
DYE,0,3,[11],9,aware_on_anchor_rows,60,60,100.82141851851851,,1.0
DYE,0,3,[11],9,explore_anchor_matdisjoint,58,60,96.73859391534398,,0.9666666666666667
DYE,0,3,[11],9,explore_aware8_on_anchor_rows,60,60,109.11275132275132,,1.0
DYE,0,3,[11],9,explore_aware_on_matdisjoint_rows,60,60,100.82141851851851,,1.0
DYE,0,3,[11],9,explore_offset_q_aware,58,60,100.82141851851851,,0.9666666666666667
DYE,0,3,[11],9,naive,9,9,85.76290714285709,,1.0
DYE,0,4,[4],6,aware,6,6,101.90873386243368,,1.0
DYE,0,4,[4],6,naive,6,6,79.19360238095247,,1.0
DYE,0,5,[1],5,aware,5,5,91.26908686868684,,1.0
DYE,0,5,[1],5,naive,5,5,77.89269920634923,,1.0
DYE,0,6,[3],5,aware,5,5,100.60693968253965,,1.0
DYE,0,6,[3],5,naive,5,5,80.88026645021648,,1.0
DYE,0,7,[8],5,aware,5,5,98.34843511303497,,1.0
DYE,0,7,[8],5,naive,5,5,81.46476164021165,,1.0
DYE,0,8,[10],3,aware,3,3,96.93630767195776,,1.0
DYE,0,8,[10],3,naive,3,3,83.62739814814809,,1.0
DYE,0,8,[7],3,aware,3,3,96.93630767195776,,1.0
DYE,0,8,[7],3,naive,3,3,83.62739814814809,,1.0
DYE,0,9,[2],3,aware,3,3,102.33571507936507,,1.0
DYE,0,9,[2],3,naive,3,3,77.22685317460322,,1.0
DYE,0,9,[6],1,aware,1,1,102.33571507936507,,1.0
DYE,0,9,[6],1,naive,1,1,77.22685317460322,,1.0
DYE,1,0,Lab,70,anchor,438,670,65.78889188712517,0.0,0.6537313432835821
DYE,1,0,Lab,70,aware,55,70,89.72963333333335,,0.7857142857142857
DYE,1,0,Lab,70,aware_on_anchor_rows,526,670,89.72963333333335,,0.7850746268656716
DYE,1,0,Lab,70,explore_anchor_matdisjoint,438,670,65.78889188712517,,0.6537313432835821
DYE,1,0,Lab,70,explore_aware8_on_anchor_rows,555,670,95.5009529100528,,0.8283582089552238
DYE,1,0,Lab,70,explore_aware_on_matdisjoint_rows,526,670,89.72963333333335,,0.7850746268656716
DYE,1,0,Lab,70,explore_offset_q_aware,557,670,89.72963333333335,,0.8313432835820895
DYE,1,0,Lab,70,naive,50,70,77.0032833333334,,0.7142857142857143
DYE,1,1,[9],11,anchor,75,80,94.9808516754852,0.0,0.9375
DYE,1,1,[9],11,aware,11,11,101.94736084656094,,1.0
DYE,1,1,[9],11,aware_on_anchor_rows,80,80,101.94736084656094,,1.0
DYE,1,1,[9],11,explore_anchor_matdisjoint,75,80,94.9808516754852,,0.9375
DYE,1,1,[9],11,explore_aware8_on_anchor_rows,80,80,113.07787936507944,,1.0
DYE,1,1,[9],11,explore_aware_on_matdisjoint_rows,80,80,101.94736084656094,,1.0
DYE,1,1,[9],11,explore_offset_q_aware,79,80,101.94736084656094,,0.9875
DYE,1,1,[9],11,naive,7,11,74.27933253968266,,0.6363636363636364
DYE,1,2,[5],10,anchor,70,70,100.69494012345686,0.0,1.0
DYE,1,2,[5],10,aware,10,10,101.2244373015872,,1.0
DYE,1,2,[5],10,aware_on_anchor_rows,70,70,101.2244373015872,,1.0
DYE,1,2,[5],10,explore_anchor_matdisjoint,70,70,100.69494012345686,,1.0
DYE,1,2,[5],10,explore_aware8_on_anchor_rows,70,70,103.010707142857,,1.0
DYE,1,2,[5],10,explore_aware_on_matdisjoint_rows,70,70,101.2244373015872,,1.0
DYE,1,2,[5],10,explore_offset_q_aware,70,70,101.2244373015872,,1.0
DYE,1,2,[5],10,naive,3,10,76.84353174603172,,0.3
DYE,1,3,[11],9,anchor,60,60,106.33480582010591,0.0,1.0
DYE,1,3,[11],9,aware,9,9,102.34210873015886,,1.0
DYE,1,3,[11],9,aware_on_anchor_rows,60,60,102.34210873015886,,1.0
DYE,1,3,[11],9,explore_anchor_matdisjoint,60,60,106.33480582010591,,1.0
DYE,1,3,[11],9,explore_aware8_on_anchor_rows,60,60,109.6996809523809,,1.0
DYE,1,3,[11],9,explore_aware_on_matdisjoint_rows,60,60,102.34210873015886,,1.0
DYE,1,3,[11],9,explore_offset_q_aware,60,60,102.34210873015886,,1.0
DYE,1,3,[11],9,naive,9,9,79.4605238095238,,1.0
DYE,1,4,[4],6,aware,6,6,109.43564708994728,,1.0
DYE,1,4,[4],6,naive,6,6,76.01259838864847,,1.0
DYE,1,5,[8],5,aware,5,5,96.76802486772488,,1.0
DYE,1,5,[8],5,naive,5,5,87.80114126984122,,1.0
DYE,1,6,[1],5,aware,5,5,92.9027936507936,,1.0
DYE,1,6,[1],5,naive,5,5,83.8585587301587,,1.0
DYE,1,7,[3],5,aware,5,5,101.77330775335776,,1.0
DYE,1,7,[3],5,naive,5,5,85.21116031746028,,1.0
DYE,1,8,[2],3,aware,3,3,100.91621798941787,,1.0
DYE,1,8,[2],3,naive,3,3,75.9036693121694,,1.0
DYE,1,8,[7],3,aware,3,3,100.91621798941787,,1.0
DYE,1,8,[7],3,naive,3,3,75.9036693121694,,1.0
DYE,1,9,[10],3,aware,3,3,100.39016529581542,,1.0
DYE,1,9,[10],3,naive,3,3,80.69305,,1.0
DYE,1,9,[6],1,aware,1,1,100.39016529581542,,1.0
DYE,1,9,[6],1,naive,1,1,80.69305,,1.0
ES1,0,0,10.1007/s11814-009-0309-1,96,anchor,930,930,1.1403801721605866,930.0,1.0
ES1,0,0,10.1007/s11814-009-0309-1,96,aware,96,96,1.1359823319927962,,1.0
ES1,0,0,10.1007/s11814-009-0309-1,96,aware_on_anchor_rows,930,930,1.1359823319927962,,1.0
ES1,0,0,10.1007/s11814-009-0309-1,96,explore_anchor_matdisjoint,0,0,1.5909068640029709,,
ES1,0,0,10.1007/s11814-009-0309-1,96,explore_aware8_on_anchor_rows,930,930,1.0832826221783671,,1.0
ES1,0,0,10.1007/s11814-009-0309-1,96,explore_aware_on_matdisjoint_rows,0,0,1.1359823319927962,,
ES1,0,0,10.1007/s11814-009-0309-1,96,explore_offset_q_aware,930,930,1.1359823319927962,,1.0
ES1,0,0,10.1007/s11814-009-0309-1,96,naive,96,96,0.6850388170065109,,1.0
ES1,0,1,10.1002/app.21762,3,aware,3,3,1.0301790122352696,,1.0
ES1,0,1,10.1002/app.21762,3,naive,1,3,0.6160985476509815,,0.3333333333333333
ES1,0,1,10.1016/j.compositesb.2019.01.094,46,anchor,252,430,0.8019965226009163,430.0,0.586046511627907
ES1,0,1,10.1016/j.compositesb.2019.01.094,46,aware,33,46,1.0301790122352696,,0.717391304347826
ES1,0,1,10.1016/j.compositesb.2019.01.094,46,aware_on_anchor_rows,307,430,1.0301790122352696,,0.713953488372093
ES1,0,1,10.1016/j.compositesb.2019.01.094,46,explore_anchor_matdisjoint,0,0,1.79058690256917,,
ES1,0,1,10.1016/j.compositesb.2019.01.094,46,explore_aware8_on_anchor_rows,297,430,0.9857828579563144,,0.6906976744186046
ES1,0,1,10.1016/j.compositesb.2019.01.094,46,explore_aware_on_matdisjoint_rows,0,0,1.0301790122352696,,
ES1,0,1,10.1016/j.compositesb.2019.01.094,46,explore_offset_q_aware,301,430,1.0301790122352696,,0.7
ES1,0,1,10.1016/j.compositesb.2019.01.094,46,naive,21,46,0.6160985476509815,,0.45652173913043476
ES1,0,1,10.1016/j.materresbull.2022.112052,1,aware,0,1,1.0301790122352696,,0.0
ES1,0,1,10.1016/j.materresbull.2022.112052,1,naive,0,1,0.6160985476509815,,0.0
ES1,0,1,10.3390/nano12060962,6,aware,6,6,1.0301790122352696,,1.0
ES1,0,1,10.3390/nano12060962,6,naive,1,6,0.6160985476509815,,0.16666666666666666
ES1,0,1,10.3390/nano14131083,1,aware,1,1,1.0301790122352696,,1.0
ES1,0,1,10.3390/nano14131083,1,naive,1,1,0.6160985476509815,,1.0
ES1,0,2,10.1002/app.52131,6,aware,5,6,0.9864222544584504,,0.8333333333333334
ES1,0,2,10.1002/app.52131,6,naive,0,6,0.6543675922421661,,0.0
ES1,0,2,10.1007/s12221-015-5263-4,38,anchor,267,350,0.9329736964165678,312.0,0.7628571428571429
ES1,0,2,10.1007/s12221-015-5263-4,38,aware,33,38,0.9864222544584504,,0.868421052631579
ES1,0,2,10.1007/s12221-015-5263-4,38,aware_on_anchor_rows,306,350,0.9864222544584504,,0.8742857142857143
ES1,0,2,10.1007/s12221-015-5263-4,38,explore_anchor_matdisjoint,37,38,1.7016051713236937,,0.9736842105263158
ES1,0,2,10.1007/s12221-015-5263-4,38,explore_aware8_on_anchor_rows,296,350,0.949758039951063,,0.8457142857142858
ES1,0,2,10.1007/s12221-015-5263-4,38,explore_aware_on_matdisjoint_rows,33,38,0.9864222544584504,,0.868421052631579
ES1,0,2,10.1007/s12221-015-5263-4,38,explore_offset_q_aware,278,350,0.9864222544584504,,0.7942857142857143
ES1,0,2,10.1007/s12221-015-5263-4,38,naive,25,38,0.6543675922421661,,0.6578947368421053
ES1,0,2,10.1016/j.polymertesting.2019.106218,3,aware,0,3,0.9864222544584504,,0.0
ES1,0,2,10.1016/j.polymertesting.2019.106218,3,naive,0,3,0.6543675922421661,,0.0
ES1,0,2,10.3390/polym15030731,9,anchor,60,60,0.9329736964165678,60.0,1.0
ES1,0,2,10.3390/polym15030731,9,aware,9,9,0.9864222544584504,,1.0
ES1,0,2,10.3390/polym15030731,9,aware_on_anchor_rows,60,60,0.9864222544584504,,1.0
ES1,0,2,10.3390/polym15030731,9,explore_anchor_matdisjoint,0,0,1.7016051713236937,,
ES1,0,2,10.3390/polym15030731,9,explore_aware8_on_anchor_rows,60,60,0.949758039951063,,1.0
ES1,0,2,10.3390/polym15030731,9,explore_aware_on_matdisjoint_rows,0,0,0.9864222544584504,,
ES1,0,2,10.3390/polym15030731,9,explore_offset_q_aware,60,60,0.9864222544584504,,1.0
ES1,0,2,10.3390/polym15030731,9,naive,9,9,0.6543675922421661,,1.0
ES1,0,3,10.1002/app.42304,9,anchor,57,60,0.985690591519326,60.0,0.95
ES1,0,3,10.1002/app.42304,9,aware,6,9,0.978334797894898,,0.6666666666666666
ES1,0,3,10.1002/app.42304,9,aware_on_anchor_rows,42,60,0.978334797894898,,0.7
ES1,0,3,10.1002/app.42304,9,explore_anchor_matdisjoint,0,0,1.7371498823624645,,
ES1,0,3,10.1002/app.42304,9,explore_aware8_on_anchor_rows,42,60,0.9229583999276328,,0.7
ES1,0,3,10.1002/app.42304,9,explore_aware_on_matdisjoint_rows,0,0,0.978334797894898,,
ES1,0,3,10.1002/app.42304,9,explore_offset_q_aware,57,60,0.978334797894898,,0.95
ES1,0,3,10.1002/app.42304,9,naive,6,9,0.6494446616934928,,0.6666666666666666
ES1,0,3,10.1002/polb.21380,12,anchor,90,90,0.985690591519326,78.0,1.0
ES1,0,3,10.1002/polb.21380,12,aware,12,12,0.978334797894898,,1.0
ES1,0,3,10.1002/polb.21380,12,aware_on_anchor_rows,90,90,0.978334797894898,,1.0
ES1,0,3,10.1002/polb.21380,12,explore_anchor_matdisjoint,12,12,1.7371498823624645,,1.0
ES1,0,3,10.1002/polb.21380,12,explore_aware8_on_anchor_rows,90,90,0.9229583999276328,,1.0
ES1,0,3,10.1002/polb.21380,12,explore_aware_on_matdisjoint_rows,12,12,0.978334797894898,,1.0
ES1,0,3,10.1002/polb.21380,12,explore_offset_q_aware,90,90,0.978334797894898,,1.0
ES1,0,3,10.1002/polb.21380,12,naive,12,12,0.6494446616934928,,1.0
ES1,0,3,10.1016/j.matlet.2015.08.003,5,aware,2,5,0.978334797894898,,0.4
ES1,0,3,10.1016/j.matlet.2015.08.003,5,naive,1,5,0.6494446616934928,,0.2
ES1,0,3,10.1016/j.memsci.2018.06.050,3,aware,3,3,0.978334797894898,,1.0
ES1,0,3,10.1016/j.memsci.2018.06.050,3,naive,2,3,0.6494446616934928,,0.6666666666666666
ES1,0,3,10.1016/j.polymer.2008.09.025,26,anchor,201,230,0.985690591519326,230.0,0.8739130434782608
ES1,0,3,10.1016/j.polymer.2008.09.025,26,aware,16,26,0.978334797894898,,0.6153846153846154
ES1,0,3,10.1016/j.polymer.2008.09.025,26,aware_on_anchor_rows,141,230,0.978334797894898,,0.6130434782608696
ES1,0,3,10.1016/j.polymer.2008.09.025,26,explore_anchor_matdisjoint,0,0,1.7371498823624645,,
ES1,0,3,10.1016/j.polymer.2008.09.025,26,explore_aware8_on_anchor_rows,115,230,0.9229583999276328,,0.5
ES1,0,3,10.1016/j.polymer.2008.09.025,26,explore_aware_on_matdisjoint_rows,0,0,0.978334797894898,,
ES1,0,3,10.1016/j.polymer.2008.09.025,26,explore_offset_q_aware,200,230,0.978334797894898,,0.8695652173913043
ES1,0,3,10.1016/j.polymer.2008.09.025,26,naive,9,26,0.6494446616934928,,0.34615384615384615
ES1,0,3,ãâ https://doi.org/10.3390/ma8052718,1,aware,1,1,0.978334797894898,,1.0
ES1,0,3,ãâ https://doi.org/10.3390/ma8052718,1,naive,1,1,0.6494446616934928,,1.0
ES1,0,4,10.1007/s00521-014-1554-8,20,anchor,153,170,1.0014078968100246,170.0,0.9
ES1,0,4,10.1007/s00521-014-1554-8,20,aware,19,20,1.0675310272789336,,0.95
ES1,0,4,10.1007/s00521-014-1554-8,20,aware_on_anchor_rows,161,170,1.0675310272789336,,0.9470588235294117
ES1,0,4,10.1007/s00521-014-1554-8,20,explore_anchor_matdisjoint,0,0,1.693802226260508,,
ES1,0,4,10.1007/s00521-014-1554-8,20,explore_aware8_on_anchor_rows,161,170,1.0493548735598486,,0.9470588235294117
ES1,0,4,10.1007/s00521-014-1554-8,20,explore_aware_on_matdisjoint_rows,0,0,1.0675310272789336,,
ES1,0,4,10.1007/s00521-014-1554-8,20,explore_offset_q_aware,157,170,1.0675310272789336,,0.9235294117647059
ES1,0,4,10.1007/s00521-014-1554-8,20,naive,14,20,0.6511281209170718,,0.7
ES1,0,4,10.1007/s40204-017-0071-0,13,anchor,100,100,1.0014078968100246,100.0,1.0
ES1,0,4,10.1007/s40204-017-0071-0,13,aware,13,13,1.0675310272789336,,1.0
ES1,0,4,10.1007/s40204-017-0071-0,13,aware_on_anchor_rows,100,100,1.0675310272789336,,1.0
ES1,0,4,10.1007/s40204-017-0071-0,13,explore_anchor_matdisjoint,0,0,1.693802226260508,,
ES1,0,4,10.1007/s40204-017-0071-0,13,explore_aware8_on_anchor_rows,100,100,1.0493548735598486,,1.0
ES1,0,4,10.1007/s40204-017-0071-0,13,explore_aware_on_matdisjoint_rows,0,0,1.0675310272789336,,
ES1,0,4,10.1007/s40204-017-0071-0,13,explore_offset_q_aware,100,100,1.0675310272789336,,1.0
ES1,0,4,10.1007/s40204-017-0071-0,13,naive,13,13,0.6511281209170718,,1.0
ES1,0,4,10.1016/j.memsci.2022.120850,5,aware,3,5,1.0675310272789336,,0.6
ES1,0,4,10.1016/j.memsci.2022.120850,5,naive,2,5,0.6511281209170718,,0.4
ES1,0,4,10.1016/j.polymer.2020.123366,1,aware,1,1,1.0675310272789336,,1.0
ES1,0,4,10.1016/j.polymer.2020.123366,1,naive,0,1,0.6511281209170718,,0.0
ES1,0,4,10.1515/epoly-2014-0110,7,aware,7,7,1.0675310272789336,,1.0
ES1,0,4,10.1515/epoly-2014-0110,7,naive,3,7,0.6511281209170718,,0.42857142857142855
ES1,0,4,10.3390/polym15132813,10,anchor,70,70,1.0014078968100246,70.0,1.0
ES1,0,4,10.3390/polym15132813,10,aware,10,10,1.0675310272789336,,1.0
ES1,0,4,10.3390/polym15132813,10,aware_on_anchor_rows,70,70,1.0675310272789336,,1.0
ES1,0,4,10.3390/polym15132813,10,explore_anchor_matdisjoint,0,0,1.693802226260508,,
ES1,0,4,10.3390/polym15132813,10,explore_aware8_on_anchor_rows,70,70,1.0493548735598486,,1.0
ES1,0,4,10.3390/polym15132813,10,explore_aware_on_matdisjoint_rows,0,0,1.0675310272789336,,
ES1,0,4,10.3390/polym15132813,10,explore_offset_q_aware,70,70,1.0675310272789336,,1.0
ES1,0,4,10.3390/polym15132813,10,naive,10,10,0.6511281209170718,,1.0
ES1,0,5,10.1002/app.32569,20,anchor,170,170,0.998469289166921,170.0,1.0
ES1,0,5,10.1002/app.32569,20,aware,20,20,1.0962137128248317,,1.0
ES1,0,5,10.1002/app.32569,20,aware_on_anchor_rows,170,170,1.0962137128248317,,1.0
ES1,0,5,10.1002/app.32569,20,explore_anchor_matdisjoint,0,0,1.499938419417001,,
ES1,0,5,10.1002/app.32569,20,explore_aware8_on_anchor_rows,170,170,1.038217612887662,,1.0
ES1,0,5,10.1002/app.32569,20,explore_aware_on_matdisjoint_rows,0,0,1.0962137128248317,,
ES1,0,5,10.1002/app.32569,20,explore_offset_q_aware,170,170,1.0962137128248317,,1.0
ES1,0,5,10.1002/app.32569,20,naive,16,20,0.6784834917194447,,0.8
ES1,0,5,10.1007/bf03218855,6,aware,6,6,1.0962137128248317,,1.0
ES1,0,5,10.1007/bf03218855,6,naive,6,6,0.6784834917194447,,1.0
ES1,0,5,10.1016/j.eurpolymj.2004.10.027,12,anchor,90,90,0.998469289166921,90.0,1.0
ES1,0,5,10.1016/j.eurpolymj.2004.10.027,12,aware,12,12,1.0962137128248317,,1.0
ES1,0,5,10.1016/j.eurpolymj.2004.10.027,12,aware_on_anchor_rows,90,90,1.0962137128248317,,1.0
ES1,0,5,10.1016/j.eurpolymj.2004.10.027,12,explore_anchor_matdisjoint,0,0,1.499938419417001,,
ES1,0,5,10.1016/j.eurpolymj.2004.10.027,12,explore_aware8_on_anchor_rows,85,90,1.038217612887662,,0.9444444444444444
ES1,0,5,10.1016/j.eurpolymj.2004.10.027,12,explore_aware_on_matdisjoint_rows,0,0,1.0962137128248317,,
ES1,0,5,10.1016/j.eurpolymj.2004.10.027,12,explore_offset_q_aware,90,90,1.0962137128248317,,1.0
ES1,0,5,10.1016/j.eurpolymj.2004.10.027,12,naive,11,12,0.6784834917194447,,0.9166666666666666
ES1,0,5,10.1088/1748-6041/8/4/045007,5,aware,5,5,1.0962137128248317,,1.0
ES1,0,5,10.1088/1748-6041/8/4/045007,5,naive,1,5,0.6784834917194447,,0.2
ES1,0,5,10.3390/fib8100065,2,aware,2,2,1.0962137128248317,,1.0
ES1,0,5,10.3390/fib8100065,2,naive,1,2,0.6784834917194447,,0.5
ES1,0,5,10.3390/nano10061221,11,anchor,80,80,0.998469289166921,80.0,1.0
ES1,0,5,10.3390/nano10061221,11,aware,11,11,1.0962137128248317,,1.0
ES1,0,5,10.3390/nano10061221,11,aware_on_anchor_rows,80,80,1.0962137128248317,,1.0
ES1,0,5,10.3390/nano10061221,11,explore_anchor_matdisjoint,0,0,1.499938419417001,,
ES1,0,5,10.3390/nano10061221,11,explore_aware8_on_anchor_rows,66,80,1.038217612887662,,0.825
ES1,0,5,10.3390/nano10061221,11,explore_aware_on_matdisjoint_rows,0,0,1.0962137128248317,,
ES1,0,5,10.3390/nano10061221,11,explore_offset_q_aware,80,80,1.0962137128248317,,1.0
ES1,0,5,10.3390/nano10061221,11,naive,3,11,0.6784834917194447,,0.2727272727272727
ES1,0,6,10.1016/j.polymer.2014.06.032,8,anchor,50,50,0.9924217920196724,50.0,1.0
ES1,0,6,10.1016/j.polymer.2014.06.032,8,aware,8,8,1.043206199157079,,1.0
ES1,0,6,10.1016/j.polymer.2014.06.032,8,aware_on_anchor_rows,50,50,1.043206199157079,,1.0
ES1,0,6,10.1016/j.polymer.2014.06.032,8,explore_anchor_matdisjoint,0,0,1.531519463295106,,
ES1,0,6,10.1016/j.polymer.2014.06.032,8,explore_aware8_on_anchor_rows,50,50,1.0194644460918374,,1.0
ES1,0,6,10.1016/j.polymer.2014.06.032,8,explore_aware_on_matdisjoint_rows,0,0,1.043206199157079,,
ES1,0,6,10.1016/j.polymer.2014.06.032,8,explore_offset_q_aware,50,50,1.043206199157079,,1.0
ES1,0,6,10.1016/j.polymer.2014.06.032,8,naive,8,8,0.66754047152933,,1.0
ES1,0,6,10.1021/acsami.0c02578.,2,aware,2,2,1.043206199157079,,1.0
ES1,0,6,10.1021/acsami.0c02578.,2,naive,2,2,0.66754047152933,,1.0
ES1,0,6,10.1109/nano.2013.6720964,4,aware,2,4,1.043206199157079,,0.5
ES1,0,6,10.1109/nano.2013.6720964,4,naive,0,4,0.66754047152933,,0.0
ES1,0,6,10.1515/epoly-2022-8106,15,anchor,120,120,0.9924217920196724,120.0,1.0
ES1,0,6,10.1515/epoly-2022-8106,15,aware,15,15,1.043206199157079,,1.0
ES1,0,6,10.1515/epoly-2022-8106,15,aware_on_anchor_rows,120,120,1.043206199157079,,1.0
ES1,0,6,10.1515/epoly-2022-8106,15,explore_anchor_matdisjoint,0,0,1.531519463295106,,
ES1,0,6,10.1515/epoly-2022-8106,15,explore_aware8_on_anchor_rows,120,120,1.0194644460918374,,1.0
ES1,0,6,10.1515/epoly-2022-8106,15,explore_aware_on_matdisjoint_rows,0,0,1.043206199157079,,
ES1,0,6,10.1515/epoly-2022-8106,15,explore_offset_q_aware,120,120,1.043206199157079,,1.0
ES1,0,6,10.1515/epoly-2022-8106,15,naive,15,15,0.66754047152933,,1.0
ES1,0,6,https://www.researchgate.net/profile/dhananjay-pise/publication/277816900_study_of_process_parameters_affecting_the_diameter_and_morphology_of_electrospun_polyvinylidene_fluoride_pvdf_nanofibers/links/55751b5c08aeacff1ffcc4a8/study-of-process-parameters-affecting-the-diameter-and-morphology-of-electrospun-polyvinylidene-fluoride-pvdf-nanofibers.pdf,9,anchor,60,60,0.9924217920196724,60.0,1.0
ES1,0,6,https://www.researchgate.net/profile/dhananjay-pise/publication/277816900_study_of_process_parameters_affecting_the_diameter_and_morphology_of_electrospun_polyvinylidene_fluoride_pvdf_nanofibers/links/55751b5c08aeacff1ffcc4a8/study-of-process-parameters-affecting-the-diameter-and-morphology-of-electrospun-polyvinylidene-fluoride-pvdf-nanofibers.pdf,9,aware,9,9,1.043206199157079,,1.0
ES1,0,6,https://www.researchgate.net/profile/dhananjay-pise/publication/277816900_study_of_process_parameters_affecting_the_diameter_and_morphology_of_electrospun_polyvinylidene_fluoride_pvdf_nanofibers/links/55751b5c08aeacff1ffcc4a8/study-of-process-parameters-affecting-the-diameter-and-morphology-of-electrospun-polyvinylidene-fluoride-pvdf-nanofibers.pdf,9,aware_on_anchor_rows,60,60,1.043206199157079,,1.0
ES1,0,6,https://www.researchgate.net/profile/dhananjay-pise/publication/277816900_study_of_process_parameters_affecting_the_diameter_and_morphology_of_electrospun_polyvinylidene_fluoride_pvdf_nanofibers/links/55751b5c08aeacff1ffcc4a8/study-of-process-parameters-affecting-the-diameter-and-morphology-of-electrospun-polyvinylidene-fluoride-pvdf-nanofibers.pdf,9,explore_anchor_matdisjoint,0,0,1.531519463295106,,
ES1,0,6,https://www.researchgate.net/profile/dhananjay-pise/publication/277816900_study_of_process_parameters_affecting_the_diameter_and_morphology_of_electrospun_polyvinylidene_fluoride_pvdf_nanofibers/links/55751b5c08aeacff1ffcc4a8/study-of-process-parameters-affecting-the-diameter-and-morphology-of-electrospun-polyvinylidene-fluoride-pvdf-nanofibers.pdf,9,explore_aware8_on_anchor_rows,60,60,1.0194644460918374,,1.0
ES1,0,6,https://www.researchgate.net/profile/dhananjay-pise/publication/277816900_study_of_process_parameters_affecting_the_diameter_and_morphology_of_electrospun_polyvinylidene_fluoride_pvdf_nanofibers/links/55751b5c08aeacff1ffcc4a8/study-of-process-parameters-affecting-the-diameter-and-morphology-of-electrospun-polyvinylidene-fluoride-pvdf-nanofibers.pdf,9,explore_aware_on_matdisjoint_rows,0,0,1.043206199157079,,
ES1,0,6,https://www.researchgate.net/profile/dhananjay-pise/publication/277816900_study_of_process_parameters_affecting_the_diameter_and_morphology_of_electrospun_polyvinylidene_fluoride_pvdf_nanofibers/links/55751b5c08aeacff1ffcc4a8/study-of-process-parameters-affecting-the-diameter-and-morphology-of-electrospun-polyvinylidene-fluoride-pvdf-nanofibers.pdf,9,explore_offset_q_aware,60,60,1.043206199157079,,1.0
ES1,0,6,https://www.researchgate.net/profile/dhananjay-pise/publication/277816900_study_of_process_parameters_affecting_the_diameter_and_morphology_of_electrospun_polyvinylidene_fluoride_pvdf_nanofibers/links/55751b5c08aeacff1ffcc4a8/study-of-process-parameters-affecting-the-diameter-and-morphology-of-electrospun-polyvinylidene-fluoride-pvdf-nanofibers.pdf,9,naive,8,9,0.66754047152933,,0.8888888888888888
ES1,0,6,https://www.sciencedirect.com/science/article/pii/s0927776511005522,18,anchor,150,150,0.9924217920196724,141.0,1.0
ES1,0,6,https://www.sciencedirect.com/science/article/pii/s0927776511005522,18,aware,18,18,1.043206199157079,,1.0
ES1,0,6,https://www.sciencedirect.com/science/article/pii/s0927776511005522,18,aware_on_anchor_rows,150,150,1.043206199157079,,1.0
ES1,0,6,https://www.sciencedirect.com/science/article/pii/s0927776511005522,18,explore_anchor_matdisjoint,9,9,1.531519463295106,,1.0
ES1,0,6,https://www.sciencedirect.com/science/article/pii/s0927776511005522,18,explore_aware8_on_anchor_rows,150,150,1.0194644460918374,,1.0
ES1,0,6,https://www.sciencedirect.com/science/article/pii/s0927776511005522,18,explore_aware_on_matdisjoint_rows,9,9,1.043206199157079,,1.0
ES1,0,6,https://www.sciencedirect.com/science/article/pii/s0927776511005522,18,explore_offset_q_aware,150,150,1.043206199157079,,1.0
ES1,0,6,https://www.sciencedirect.com/science/article/pii/s0927776511005522,18,naive,17,18,0.66754047152933,,0.9444444444444444
ES1,0,7,10.1007/s00521-017-2996-6,13,anchor,100,100,0.9434613205232856,100.0,1.0
ES1,0,7,10.1007/s00521-017-2996-6,13,aware,13,13,1.0343339166447365,,1.0
ES1,0,7,10.1007/s00521-017-2996-6,13,aware_on_anchor_rows,100,100,1.0343339166447365,,1.0
ES1,0,7,10.1007/s00521-017-2996-6,13,explore_anchor_matdisjoint,0,0,1.6686379804361733,,
ES1,0,7,10.1007/s00521-017-2996-6,13,explore_aware8_on_anchor_rows,100,100,1.0150053683566789,,1.0
ES1,0,7,10.1007/s00521-017-2996-6,13,explore_aware_on_matdisjoint_rows,0,0,1.0343339166447365,,
ES1,0,7,10.1007/s00521-017-2996-6,13,explore_offset_q_aware,100,100,1.0343339166447365,,1.0
ES1,0,7,10.1007/s00521-017-2996-6,13,naive,13,13,0.623616648430783,,1.0
ES1,0,7,10.1007/s10965-014-0571-8.,18,anchor,100,150,0.9434613205232856,150.0,0.6666666666666666
ES1,0,7,10.1007/s10965-014-0571-8.,18,aware,13,18,1.0343339166447365,,0.7222222222222222
ES1,0,7,10.1007/s10965-014-0571-8.,18,aware_on_anchor_rows,109,150,1.0343339166447365,,0.7266666666666667
ES1,0,7,10.1007/s10965-014-0571-8.,18,explore_anchor_matdisjoint,0,0,1.6686379804361733,,
ES1,0,7,10.1007/s10965-014-0571-8.,18,explore_aware8_on_anchor_rows,109,150,1.0150053683566789,,0.7266666666666667
ES1,0,7,10.1007/s10965-014-0571-8.,18,explore_aware_on_matdisjoint_rows,0,0,1.0343339166447365,,
ES1,0,7,10.1007/s10965-014-0571-8.,18,explore_offset_q_aware,106,150,1.0343339166447365,,0.7066666666666667
ES1,0,7,10.1007/s10965-014-0571-8.,18,naive,6,18,0.623616648430783,,0.3333333333333333
ES1,0,7,10.1080/1539445x.2010.495630,12,anchor,80,90,0.9434613205232856,90.0,0.8888888888888888
ES1,0,7,10.1080/1539445x.2010.495630,12,aware,11,12,1.0343339166447365,,0.9166666666666666
ES1,0,7,10.1080/1539445x.2010.495630,12,aware_on_anchor_rows,84,90,1.0343339166447365,,0.9333333333333333
ES1,0,7,10.1080/1539445x.2010.495630,12,explore_anchor_matdisjoint,0,0,1.6686379804361733,,
ES1,0,7,10.1080/1539445x.2010.495630,12,explore_aware8_on_anchor_rows,84,90,1.0150053683566789,,0.9333333333333333
ES1,0,7,10.1080/1539445x.2010.495630,12,explore_aware_on_matdisjoint_rows,0,0,1.0343339166447365,,
ES1,0,7,10.1080/1539445x.2010.495630,12,explore_offset_q_aware,82,90,1.0343339166447365,,0.9111111111111111
ES1,0,7,10.1080/1539445x.2010.495630,12,naive,9,12,0.623616648430783,,0.75
ES1,0,7,10.1177/00219983221144696,5,aware,3,5,1.0343339166447365,,0.6
ES1,0,7,10.1177/00219983221144696,5,naive,2,5,0.623616648430783,,0.4
ES1,0,7,10.30684/etj.35.4a.5,6,aware,5,6,1.0343339166447365,,0.8333333333333334
ES1,0,7,10.30684/etj.35.4a.5,6,naive,4,6,0.623616648430783,,0.6666666666666666
ES1,0,7,10.3390/polym14030593,2,aware,2,2,1.0343339166447365,,1.0
ES1,0,7,10.3390/polym14030593,2,naive,2,2,0.623616648430783,,1.0
ES1,0,8,10.1002/app.25464,16,anchor,88,130,0.9286612408618236,124.0,0.676923076923077
ES1,0,8,10.1002/app.25464,16,aware,12,16,1.0333596237291287,,0.75
ES1,0,8,10.1002/app.25464,16,aware_on_anchor_rows,98,130,1.0333596237291287,,0.7538461538461538
ES1,0,8,10.1002/app.25464,16,explore_anchor_matdisjoint,3,6,1.4079569497868432,,0.5
ES1,0,8,10.1002/app.25464,16,explore_aware8_on_anchor_rows,98,130,0.9766918691656744,,0.7538461538461538
ES1,0,8,10.1002/app.25464,16,explore_aware_on_matdisjoint_rows,3,6,1.0333596237291287,,0.5
ES1,0,8,10.1002/app.25464,16,explore_offset_q_aware,93,130,1.0333596237291287,,0.7153846153846154
ES1,0,8,10.1002/app.25464,16,naive,7,16,0.6138737287544425,,0.4375
ES1,0,8,10.1002/app.36726,17,anchor,140,140,0.9286612408618236,140.0,1.0
ES1,0,8,10.1002/app.36726,17,aware,17,17,1.0333596237291287,,1.0
ES1,0,8,10.1002/app.36726,17,aware_on_anchor_rows,140,140,1.0333596237291287,,1.0
ES1,0,8,10.1002/app.36726,17,explore_anchor_matdisjoint,0,0,1.4079569497868432,,
ES1,0,8,10.1002/app.36726,17,explore_aware8_on_anchor_rows,140,140,0.9766918691656744,,1.0
ES1,0,8,10.1002/app.36726,17,explore_aware_on_matdisjoint_rows,0,0,1.0333596237291287,,
ES1,0,8,10.1002/app.36726,17,explore_offset_q_aware,140,140,1.0333596237291287,,1.0
ES1,0,8,10.1002/app.36726,17,naive,17,17,0.6138737287544425,,1.0
ES1,0,8,10.1002/marc.200700544,4,aware,3,4,1.0333596237291287,,0.75
ES1,0,8,10.1002/marc.200700544,4,naive,2,4,0.6138737287544425,,0.5
ES1,0,8,10.1016/j.jmrt.2023.01.007,1,aware,1,1,1.0333596237291287,,1.0
ES1,0,8,10.1016/j.jmrt.2023.01.007,1,naive,1,1,0.6138737287544425,,1.0
ES1,0,8,10.1016/j.memsci.2013.01.023,8,anchor,37,50,0.9286612408618236,50.0,0.74
ES1,0,8,10.1016/j.memsci.2013.01.023,8,aware,6,8,1.0333596237291287,,0.75
ES1,0,8,10.1016/j.memsci.2013.01.023,8,aware_on_anchor_rows,35,50,1.0333596237291287,,0.7
ES1,0,8,10.1016/j.memsci.2013.01.023,8,explore_anchor_matdisjoint,0,0,1.4079569497868432,,
ES1,0,8,10.1016/j.memsci.2013.01.023,8,explore_aware8_on_anchor_rows,35,50,0.9766918691656744,,0.7
ES1,0,8,10.1016/j.memsci.2013.01.023,8,explore_aware_on_matdisjoint_rows,0,0,1.0333596237291287,,
ES1,0,8,10.1016/j.memsci.2013.01.023,8,explore_offset_q_aware,39,50,1.0333596237291287,,0.78
ES1,0,8,10.1016/j.memsci.2013.01.023,8,naive,4,8,0.6138737287544425,,0.5
ES1,0,8,10.1016/j.mtsust.2022.100275,1,aware,1,1,1.0333596237291287,,1.0
ES1,0,8,10.1016/j.mtsust.2022.100275,1,naive,1,1,0.6138737287544425,,1.0
ES1,0,8,10.3139/217.3278,9,anchor,60,60,0.9286612408618236,60.0,1.0
ES1,0,8,10.3139/217.3278,9,aware,9,9,1.0333596237291287,,1.0
ES1,0,8,10.3139/217.3278,9,aware_on_anchor_rows,60,60,1.0333596237291287,,1.0
ES1,0,8,10.3139/217.3278,9,explore_anchor_matdisjoint,0,0,1.4079569497868432,,
ES1,0,8,10.3139/217.3278,9,explore_aware8_on_anchor_rows,60,60,0.9766918691656744,,1.0
ES1,0,8,10.3139/217.3278,9,explore_aware_on_matdisjoint_rows,0,0,1.0333596237291287,,
ES1,0,8,10.3139/217.3278,9,explore_offset_q_aware,60,60,1.0333596237291287,,1.0
ES1,0,8,10.3139/217.3278,9,naive,6,9,0.6138737287544425,,0.6666666666666666
ES1,0,9,10.1002/adv.21947,17,anchor,140,140,0.99265031877574,140.0,1.0
ES1,0,9,10.1002/adv.21947,17,aware,17,17,1.102483562729173,,1.0
ES1,0,9,10.1002/adv.21947,17,aware_on_anchor_rows,140,140,1.102483562729173,,1.0
ES1,0,9,10.1002/adv.21947,17,explore_anchor_matdisjoint,0,0,1.6715145741676396,,
ES1,0,9,10.1002/adv.21947,17,explore_aware8_on_anchor_rows,140,140,1.05588425824936,,1.0
ES1,0,9,10.1002/adv.21947,17,explore_aware_on_matdisjoint_rows,0,0,1.102483562729173,,
ES1,0,9,10.1002/adv.21947,17,explore_offset_q_aware,140,140,1.102483562729173,,1.0
ES1,0,9,10.1002/adv.21947,17,naive,14,17,0.6969303453008435,,0.8235294117647058
ES1,0,9,10.1002/jbm.b.33337,1,aware,1,1,1.102483562729173,,1.0
ES1,0,9,10.1002/jbm.b.33337,1,naive,1,1,0.6969303453008435,,1.0
ES1,0,9,10.1016/j.jafr.2019.100015,15,anchor,120,120,0.99265031877574,120.0,1.0
ES1,0,9,10.1016/j.jafr.2019.100015,15,aware,15,15,1.102483562729173,,1.0
ES1,0,9,10.1016/j.jafr.2019.100015,15,aware_on_anchor_rows,120,120,1.102483562729173,,1.0
ES1,0,9,10.1016/j.jafr.2019.100015,15,explore_anchor_matdisjoint,0,0,1.6715145741676396,,
ES1,0,9,10.1016/j.jafr.2019.100015,15,explore_aware8_on_anchor_rows,112,120,1.05588425824936,,0.9333333333333333
ES1,0,9,10.1016/j.jafr.2019.100015,15,explore_aware_on_matdisjoint_rows,0,0,1.102483562729173,,
ES1,0,9,10.1016/j.jafr.2019.100015,15,explore_offset_q_aware,120,120,1.102483562729173,,1.0
ES1,0,9,10.1016/j.jafr.2019.100015,15,naive,10,15,0.6969303453008435,,0.6666666666666666
ES1,0,9,10.1016/j.molliq.2023.122819,10,anchor,60,70,0.99265031877574,60.0,0.8571428571428571
ES1,0,9,10.1016/j.molliq.2023.122819,10,aware,10,10,1.102483562729173,,1.0
ES1,0,9,10.1016/j.molliq.2023.122819,10,aware_on_anchor_rows,70,70,1.102483562729173,,1.0
ES1,0,9,10.1016/j.molliq.2023.122819,10,explore_anchor_matdisjoint,10,10,1.6715145741676396,,1.0
ES1,0,9,10.1016/j.molliq.2023.122819,10,explore_aware8_on_anchor_rows,70,70,1.05588425824936,,1.0
ES1,0,9,10.1016/j.molliq.2023.122819,10,explore_aware_on_matdisjoint_rows,10,10,1.102483562729173,,1.0
ES1,0,9,10.1016/j.molliq.2023.122819,10,explore_offset_q_aware,65,70,1.102483562729173,,0.9285714285714286
ES1,0,9,10.1016/j.molliq.2023.122819,10,naive,7,10,0.6969303453008435,,0.7
ES1,0,9,10.1063/1.4994968,1,aware,1,1,1.102483562729173,,1.0
ES1,0,9,10.1063/1.4994968,1,naive,0,1,0.6969303453008435,,0.0
ES1,0,9,10.1515/epoly-2018-0037,4,aware,4,4,1.102483562729173,,1.0
ES1,0,9,10.1515/epoly-2018-0037,4,naive,2,4,0.6969303453008435,,0.5
ES1,0,9,10.3390/nano11102514,8,anchor,49,50,0.99265031877574,50.0,0.98
ES1,0,9,10.3390/nano11102514,8,aware,8,8,1.102483562729173,,1.0
ES1,0,9,10.3390/nano11102514,8,aware_on_anchor_rows,50,50,1.102483562729173,,1.0
ES1,0,9,10.3390/nano11102514,8,explore_anchor_matdisjoint,0,0,1.6715145741676396,,
ES1,0,9,10.3390/nano11102514,8,explore_aware8_on_anchor_rows,50,50,1.05588425824936,,1.0
ES1,0,9,10.3390/nano11102514,8,explore_aware_on_matdisjoint_rows,0,0,1.102483562729173,,
ES1,0,9,10.3390/nano11102514,8,explore_offset_q_aware,50,50,1.102483562729173,,1.0
ES1,0,9,10.3390/nano11102514,8,naive,5,8,0.6969303453008435,,0.625
ES1,1,0,10.1007/s11814-009-0309-1,96,anchor,930,930,1.1659506784772775,930.0,1.0
ES1,1,0,10.1007/s11814-009-0309-1,96,aware,96,96,1.0977663008790293,,1.0
ES1,1,0,10.1007/s11814-009-0309-1,96,aware_on_anchor_rows,930,930,1.0977663008790293,,1.0
ES1,1,0,10.1007/s11814-009-0309-1,96,explore_anchor_matdisjoint,0,0,1.5286707704631248,,
ES1,1,0,10.1007/s11814-009-0309-1,96,explore_aware8_on_anchor_rows,930,930,1.06336171440085,,1.0
ES1,1,0,10.1007/s11814-009-0309-1,96,explore_aware_on_matdisjoint_rows,0,0,1.0977663008790293,,
ES1,1,0,10.1007/s11814-009-0309-1,96,explore_offset_q_aware,930,930,1.0977663008790293,,1.0
ES1,1,0,10.1007/s11814-009-0309-1,96,naive,96,96,0.6924738668239483,,1.0
ES1,1,1,10.1002/jbm.b.33337,1,aware,1,1,1.0091240577895926,,1.0
ES1,1,1,10.1002/jbm.b.33337,1,naive,1,1,0.5967590749677063,,1.0
ES1,1,1,10.1016/j.compositesb.2019.01.094,46,anchor,235,430,0.8349593113095134,430.0,0.5465116279069767
ES1,1,1,10.1016/j.compositesb.2019.01.094,46,aware,32,46,1.0091240577895926,,0.6956521739130435
ES1,1,1,10.1016/j.compositesb.2019.01.094,46,aware_on_anchor_rows,300,430,1.0091240577895926,,0.6976744186046512
ES1,1,1,10.1016/j.compositesb.2019.01.094,46,explore_anchor_matdisjoint,0,0,1.657231469237497,,
ES1,1,1,10.1016/j.compositesb.2019.01.094,46,explore_aware8_on_anchor_rows,300,430,0.9773566540938824,,0.6976744186046512
ES1,1,1,10.1016/j.compositesb.2019.01.094,46,explore_aware_on_matdisjoint_rows,0,0,1.0091240577895926,,
ES1,1,1,10.1016/j.compositesb.2019.01.094,46,explore_offset_q_aware,271,430,1.0091240577895926,,0.6302325581395349
ES1,1,1,10.1016/j.compositesb.2019.01.094,46,naive,23,46,0.5967590749677063,,0.5
ES1,1,1,10.1016/j.materresbull.2022.112052,1,aware,0,1,1.0091240577895926,,0.0
ES1,1,1,10.1016/j.materresbull.2022.112052,1,naive,0,1,0.5967590749677063,,0.0
ES1,1,1,10.1016/j.polymertesting.2019.106218,3,aware,0,3,1.0091240577895926,,0.0
ES1,1,1,10.1016/j.polymertesting.2019.106218,3,naive,0,3,0.5967590749677063,,0.0
ES1,1,1,10.30684/etj.35.4a.5,6,aware,5,6,1.0091240577895926,,0.8333333333333334
ES1,1,1,10.30684/etj.35.4a.5,6,naive,4,6,0.5967590749677063,,0.6666666666666666
ES1,1,2,10.1002/app.21762,3,aware,3,3,1.073374798334232,,1.0
ES1,1,2,10.1002/app.21762,3,naive,3,3,0.7408419412103586,,1.0
ES1,1,2,10.1007/bf03218855,6,aware,6,6,1.073374798334232,,1.0
ES1,1,2,10.1007/bf03218855,6,naive,6,6,0.7408419412103586,,1.0
ES1,1,2,10.1007/s12221-015-5263-4,38,anchor,278,350,0.96196514586259,293.0,0.7942857142857143
ES1,1,2,10.1007/s12221-015-5263-4,38,aware,35,38,1.073374798334232,,0.9210526315789473
ES1,1,2,10.1007/s12221-015-5263-4,38,aware_on_anchor_rows,323,350,1.073374798334232,,0.9228571428571428
ES1,1,2,10.1007/s12221-015-5263-4,38,explore_anchor_matdisjoint,51,57,1.4790602768633356,,0.8947368421052632
ES1,1,2,10.1007/s12221-015-5263-4,38,explore_aware8_on_anchor_rows,296,350,0.9807103497558528,,0.8457142857142858
ES1,1,2,10.1007/s12221-015-5263-4,38,explore_aware_on_matdisjoint_rows,54,57,1.073374798334232,,0.9473684210526315
ES1,1,2,10.1007/s12221-015-5263-4,38,explore_offset_q_aware,298,350,1.073374798334232,,0.8514285714285714
ES1,1,2,10.1007/s12221-015-5263-4,38,naive,25,38,0.7408419412103586,,0.6578947368421053
ES1,1,2,https://www.researchgate.net/profile/dhananjay-pise/publication/277816900_study_of_process_parameters_affecting_the_diameter_and_morphology_of_electrospun_polyvinylidene_fluoride_pvdf_nanofibers/links/55751b5c08aeacff1ffcc4a8/study-of-process-parameters-affecting-the-diameter-and-morphology-of-electrospun-polyvinylidene-fluoride-pvdf-nanofibers.pdf,9,anchor,60,60,0.96196514586259,60.0,1.0
ES1,1,2,https://www.researchgate.net/profile/dhananjay-pise/publication/277816900_study_of_process_parameters_affecting_the_diameter_and_morphology_of_electrospun_polyvinylidene_fluoride_pvdf_nanofibers/links/55751b5c08aeacff1ffcc4a8/study-of-process-parameters-affecting-the-diameter-and-morphology-of-electrospun-polyvinylidene-fluoride-pvdf-nanofibers.pdf,9,aware,9,9,1.073374798334232,,1.0
ES1,1,2,https://www.researchgate.net/profile/dhananjay-pise/publication/277816900_study_of_process_parameters_affecting_the_diameter_and_morphology_of_electrospun_polyvinylidene_fluoride_pvdf_nanofibers/links/55751b5c08aeacff1ffcc4a8/study-of-process-parameters-affecting-the-diameter-and-morphology-of-electrospun-polyvinylidene-fluoride-pvdf-nanofibers.pdf,9,aware_on_anchor_rows,60,60,1.073374798334232,,1.0
ES1,1,2,https://www.researchgate.net/profile/dhananjay-pise/publication/277816900_study_of_process_parameters_affecting_the_diameter_and_morphology_of_electrospun_polyvinylidene_fluoride_pvdf_nanofibers/links/55751b5c08aeacff1ffcc4a8/study-of-process-parameters-affecting-the-diameter-and-morphology-of-electrospun-polyvinylidene-fluoride-pvdf-nanofibers.pdf,9,explore_anchor_matdisjoint,0,0,1.4790602768633356,,
ES1,1,2,https://www.researchgate.net/profile/dhananjay-pise/publication/277816900_study_of_process_parameters_affecting_the_diameter_and_morphology_of_electrospun_polyvinylidene_fluoride_pvdf_nanofibers/links/55751b5c08aeacff1ffcc4a8/study-of-process-parameters-affecting-the-diameter-and-morphology-of-electrospun-polyvinylidene-fluoride-pvdf-nanofibers.pdf,9,explore_aware8_on_anchor_rows,60,60,0.9807103497558528,,1.0
ES1,1,2,https://www.researchgate.net/profile/dhananjay-pise/publication/277816900_study_of_process_parameters_affecting_the_diameter_and_morphology_of_electrospun_polyvinylidene_fluoride_pvdf_nanofibers/links/55751b5c08aeacff1ffcc4a8/study-of-process-parameters-affecting-the-diameter-and-morphology-of-electrospun-polyvinylidene-fluoride-pvdf-nanofibers.pdf,9,explore_aware_on_matdisjoint_rows,0,0,1.073374798334232,,
ES1,1,2,https://www.researchgate.net/profile/dhananjay-pise/publication/277816900_study_of_process_parameters_affecting_the_diameter_and_morphology_of_electrospun_polyvinylidene_fluoride_pvdf_nanofibers/links/55751b5c08aeacff1ffcc4a8/study-of-process-parameters-affecting-the-diameter-and-morphology-of-electrospun-polyvinylidene-fluoride-pvdf-nanofibers.pdf,9,explore_offset_q_aware,60,60,1.073374798334232,,1.0
ES1,1,2,https://www.researchgate.net/profile/dhananjay-pise/publication/277816900_study_of_process_parameters_affecting_the_diameter_and_morphology_of_electrospun_polyvinylidene_fluoride_pvdf_nanofibers/links/55751b5c08aeacff1ffcc4a8/study-of-process-parameters-affecting-the-diameter-and-morphology-of-electrospun-polyvinylidene-fluoride-pvdf-nanofibers.pdf,9,naive,8,9,0.7408419412103586,,0.8888888888888888
ES1,1,3,10.1002/app.42304,9,anchor,54,60,0.9667583839898276,54.0,0.9
ES1,1,3,10.1002/app.42304,9,aware,8,9,1.0022859508307658,,0.8888888888888888
ES1,1,3,10.1002/app.42304,9,aware_on_anchor_rows,52,60,1.0022859508307658,,0.8666666666666667
ES1,1,3,10.1002/app.42304,9,explore_anchor_matdisjoint,6,6,1.6021903076215511,,1.0
ES1,1,3,10.1002/app.42304,9,explore_aware8_on_anchor_rows,52,60,0.9720612449243662,,0.8666666666666667
ES1,1,3,10.1002/app.42304,9,explore_aware_on_matdisjoint_rows,4,6,1.0022859508307658,,0.6666666666666666
ES1,1,3,10.1002/app.42304,9,explore_offset_q_aware,56,60,1.0022859508307658,,0.9333333333333333
ES1,1,3,10.1002/app.42304,9,naive,6,9,0.6464472262242493,,0.6666666666666666
ES1,1,3,10.1016/j.eurpolymj.2004.10.027,12,anchor,90,90,0.9667583839898276,90.0,1.0
ES1,1,3,10.1016/j.eurpolymj.2004.10.027,12,aware,11,12,1.0022859508307658,,0.9166666666666666
ES1,1,3,10.1016/j.eurpolymj.2004.10.027,12,aware_on_anchor_rows,85,90,1.0022859508307658,,0.9444444444444444
ES1,1,3,10.1016/j.eurpolymj.2004.10.027,12,explore_anchor_matdisjoint,0,0,1.6021903076215511,,
ES1,1,3,10.1016/j.eurpolymj.2004.10.027,12,explore_aware8_on_anchor_rows,85,90,0.9720612449243662,,0.9444444444444444
ES1,1,3,10.1016/j.eurpolymj.2004.10.027,12,explore_aware_on_matdisjoint_rows,0,0,1.0022859508307658,,
ES1,1,3,10.1016/j.eurpolymj.2004.10.027,12,explore_offset_q_aware,90,90,1.0022859508307658,,1.0
ES1,1,3,10.1016/j.eurpolymj.2004.10.027,12,naive,11,12,0.6464472262242493,,0.9166666666666666
ES1,1,3,10.1016/j.memsci.2018.06.050,3,aware,3,3,1.0022859508307658,,1.0
ES1,1,3,10.1016/j.memsci.2018.06.050,3,naive,3,3,0.6464472262242493,,1.0
ES1,1,3,10.1016/j.memsci.2022.120850,5,aware,3,5,1.0022859508307658,,0.6
ES1,1,3,10.1016/j.memsci.2022.120850,5,naive,2,5,0.6464472262242493,,0.4
ES1,1,3,10.1016/j.polymer.2008.09.025,26,anchor,192,230,0.9667583839898276,230.0,0.8347826086956521
ES1,1,3,10.1016/j.polymer.2008.09.025,26,aware,16,26,1.0022859508307658,,0.6153846153846154
ES1,1,3,10.1016/j.polymer.2008.09.025,26,aware_on_anchor_rows,144,230,1.0022859508307658,,0.6260869565217392
ES1,1,3,10.1016/j.polymer.2008.09.025,26,explore_anchor_matdisjoint,0,0,1.6021903076215511,,
ES1,1,3,10.1016/j.polymer.2008.09.025,26,explore_aware8_on_anchor_rows,125,230,0.9720612449243662,,0.5434782608695652
ES1,1,3,10.1016/j.polymer.2008.09.025,26,explore_aware_on_matdisjoint_rows,0,0,1.0022859508307658,,
ES1,1,3,10.1016/j.polymer.2008.09.025,26,explore_offset_q_aware,193,230,1.0022859508307658,,0.8391304347826087
ES1,1,3,10.1016/j.polymer.2008.09.025,26,naive,9,26,0.6464472262242493,,0.34615384615384615
ES1,1,3,ãâ https://doi.org/10.3390/ma8052718,1,aware,1,1,1.0022859508307658,,1.0
ES1,1,3,ãâ https://doi.org/10.3390/ma8052718,1,naive,1,1,0.6464472262242493,,1.0
ES1,1,4,10.1007/s00521-014-1554-8,20,anchor,155,170,0.96710034452497,170.0,0.9117647058823529
ES1,1,4,10.1007/s00521-014-1554-8,20,aware,19,20,1.037680389075626,,0.95
ES1,1,4,10.1007/s00521-014-1554-8,20,aware_on_anchor_rows,160,170,1.037680389075626,,0.9411764705882353
ES1,1,4,10.1007/s00521-014-1554-8,20,explore_anchor_matdisjoint,0,0,1.5723458767627565,,
ES1,1,4,10.1007/s00521-014-1554-8,20,explore_aware8_on_anchor_rows,160,170,0.99893426884658,,0.9411764705882353
ES1,1,4,10.1007/s00521-014-1554-8,20,explore_aware_on_matdisjoint_rows,0,0,1.037680389075626,,
ES1,1,4,10.1007/s00521-014-1554-8,20,explore_offset_q_aware,158,170,1.037680389075626,,0.9294117647058824
ES1,1,4,10.1007/s00521-014-1554-8,20,naive,14,20,0.626533162605095,,0.7
ES1,1,4,10.1007/s40204-017-0071-0,13,anchor,100,100,0.96710034452497,100.0,1.0
ES1,1,4,10.1007/s40204-017-0071-0,13,aware,13,13,1.037680389075626,,1.0
ES1,1,4,10.1007/s40204-017-0071-0,13,aware_on_anchor_rows,100,100,1.037680389075626,,1.0
ES1,1,4,10.1007/s40204-017-0071-0,13,explore_anchor_matdisjoint,0,0,1.5723458767627565,,
ES1,1,4,10.1007/s40204-017-0071-0,13,explore_aware8_on_anchor_rows,100,100,0.99893426884658,,1.0
ES1,1,4,10.1007/s40204-017-0071-0,13,explore_aware_on_matdisjoint_rows,0,0,1.037680389075626,,
ES1,1,4,10.1007/s40204-017-0071-0,13,explore_offset_q_aware,100,100,1.037680389075626,,1.0
ES1,1,4,10.1007/s40204-017-0071-0,13,naive,12,13,0.626533162605095,,0.9230769230769231
ES1,1,4,10.1016/j.molliq.2023.122819,10,anchor,59,70,0.96710034452497,58.0,0.8428571428571429
ES1,1,4,10.1016/j.molliq.2023.122819,10,aware,10,10,1.037680389075626,,1.0
ES1,1,4,10.1016/j.molliq.2023.122819,10,aware_on_anchor_rows,70,70,1.037680389075626,,1.0
ES1,1,4,10.1016/j.molliq.2023.122819,10,explore_anchor_matdisjoint,12,12,1.5723458767627565,,1.0
ES1,1,4,10.1016/j.molliq.2023.122819,10,explore_aware8_on_anchor_rows,70,70,0.99893426884658,,1.0
ES1,1,4,10.1016/j.molliq.2023.122819,10,explore_aware_on_matdisjoint_rows,12,12,1.037680389075626,,1.0
ES1,1,4,10.1016/j.molliq.2023.122819,10,explore_offset_q_aware,62,70,1.037680389075626,,0.8857142857142857
ES1,1,4,10.1016/j.molliq.2023.122819,10,naive,7,10,0.626533162605095,,0.7
ES1,1,4,10.1016/j.polymer.2020.123366,1,aware,1,1,1.037680389075626,,1.0
ES1,1,4,10.1016/j.polymer.2020.123366,1,naive,0,1,0.626533162605095,,0.0
ES1,1,4,10.1177/00219983221144696,5,aware,3,5,1.037680389075626,,0.6
ES1,1,4,10.1177/00219983221144696,5,naive,2,5,0.626533162605095,,0.4
ES1,1,4,10.1515/epoly-2014-0110,7,aware,7,7,1.037680389075626,,1.0
ES1,1,4,10.1515/epoly-2014-0110,7,naive,3,7,0.626533162605095,,0.42857142857142855
ES1,1,5,10.1002/app.32569,20,anchor,170,170,1.025231690190089,170.0,1.0
ES1,1,5,10.1002/app.32569,20,aware,20,20,1.0985136982728383,,1.0
ES1,1,5,10.1002/app.32569,20,aware_on_anchor_rows,170,170,1.0985136982728383,,1.0
ES1,1,5,10.1002/app.32569,20,explore_anchor_matdisjoint,0,0,1.5326714842214857,,
ES1,1,5,10.1002/app.32569,20,explore_aware8_on_anchor_rows,170,170,0.9996426319902209,,1.0
ES1,1,5,10.1002/app.32569,20,explore_aware_on_matdisjoint_rows,0,0,1.0985136982728383,,
ES1,1,5,10.1002/app.32569,20,explore_offset_q_aware,170,170,1.0985136982728383,,1.0
ES1,1,5,10.1002/app.32569,20,naive,15,20,0.6744481563728213,,0.75
ES1,1,5,10.1002/polb.21380,12,anchor,90,90,1.025231690190089,72.0,1.0
ES1,1,5,10.1002/polb.21380,12,aware,12,12,1.0985136982728383,,1.0
ES1,1,5,10.1002/polb.21380,12,aware_on_anchor_rows,90,90,1.0985136982728383,,1.0
ES1,1,5,10.1002/polb.21380,12,explore_anchor_matdisjoint,18,18,1.5326714842214857,,1.0
ES1,1,5,10.1002/polb.21380,12,explore_aware8_on_anchor_rows,90,90,0.9996426319902209,,1.0
ES1,1,5,10.1002/polb.21380,12,explore_aware_on_matdisjoint_rows,18,18,1.0985136982728383,,1.0
ES1,1,5,10.1002/polb.21380,12,explore_offset_q_aware,90,90,1.0985136982728383,,1.0
ES1,1,5,10.1002/polb.21380,12,naive,12,12,0.6744481563728213,,1.0
ES1,1,5,10.1021/acsami.0c02578.,2,aware,2,2,1.0985136982728383,,1.0
ES1,1,5,10.1021/acsami.0c02578.,2,naive,2,2,0.6744481563728213,,1.0
ES1,1,5,10.1088/1748-6041/8/4/045007,5,aware,5,5,1.0985136982728383,,1.0
ES1,1,5,10.1088/1748-6041/8/4/045007,5,naive,1,5,0.6744481563728213,,0.2
ES1,1,5,10.3390/nano10061221,11,anchor,80,80,1.025231690190089,80.0,1.0
ES1,1,5,10.3390/nano10061221,11,aware,9,11,1.0985136982728383,,0.8181818181818182
ES1,1,5,10.3390/nano10061221,11,aware_on_anchor_rows,68,80,1.0985136982728383,,0.85
ES1,1,5,10.3390/nano10061221,11,explore_anchor_matdisjoint,0,0,1.5326714842214857,,
ES1,1,5,10.3390/nano10061221,11,explore_aware8_on_anchor_rows,61,80,0.9996426319902209,,0.7625
ES1,1,5,10.3390/nano10061221,11,explore_aware_on_matdisjoint_rows,0,0,1.0985136982728383,,
ES1,1,5,10.3390/nano10061221,11,explore_offset_q_aware,80,80,1.0985136982728383,,1.0
ES1,1,5,10.3390/nano10061221,11,naive,3,11,0.6744481563728213,,0.2727272727272727
ES1,1,5,10.3390/nano12060962,6,aware,5,6,1.0985136982728383,,0.8333333333333334
ES1,1,5,10.3390/nano12060962,6,naive,3,6,0.6744481563728213,,0.5
ES1,1,6,10.1002/marc.200700544,4,aware,3,4,1.0107308085238955,,0.75
ES1,1,6,10.1002/marc.200700544,4,naive,2,4,0.6223364992303075,,0.5
ES1,1,6,10.1007/s10965-014-0571-8.,18,anchor,102,150,0.9329605915754816,150.0,0.68
ES1,1,6,10.1007/s10965-014-0571-8.,18,aware,13,18,1.0107308085238955,,0.7222222222222222
ES1,1,6,10.1007/s10965-014-0571-8.,18,aware_on_anchor_rows,111,150,1.0107308085238955,,0.74
ES1,1,6,10.1007/s10965-014-0571-8.,18,explore_anchor_matdisjoint,0,0,1.1868875921814033,,
ES1,1,6,10.1007/s10965-014-0571-8.,18,explore_aware8_on_anchor_rows,103,150,0.954099033105094,,0.6866666666666666
ES1,1,6,10.1007/s10965-014-0571-8.,18,explore_aware_on_matdisjoint_rows,0,0,1.0107308085238955,,
ES1,1,6,10.1007/s10965-014-0571-8.,18,explore_offset_q_aware,109,150,1.0107308085238955,,0.7266666666666667
ES1,1,6,10.1007/s10965-014-0571-8.,18,naive,5,18,0.6223364992303075,,0.2777777777777778
ES1,1,6,10.1016/j.jafr.2019.100015,15,anchor,120,120,0.9329605915754816,120.0,1.0
ES1,1,6,10.1016/j.jafr.2019.100015,15,aware,14,15,1.0107308085238955,,0.9333333333333333
ES1,1,6,10.1016/j.jafr.2019.100015,15,aware_on_anchor_rows,110,120,1.0107308085238955,,0.9166666666666666
ES1,1,6,10.1016/j.jafr.2019.100015,15,explore_anchor_matdisjoint,0,0,1.1868875921814033,,
ES1,1,6,10.1016/j.jafr.2019.100015,15,explore_aware8_on_anchor_rows,110,120,0.954099033105094,,0.9166666666666666
ES1,1,6,10.1016/j.jafr.2019.100015,15,explore_aware_on_matdisjoint_rows,0,0,1.0107308085238955,,
ES1,1,6,10.1016/j.jafr.2019.100015,15,explore_offset_q_aware,120,120,1.0107308085238955,,1.0
ES1,1,6,10.1016/j.jafr.2019.100015,15,naive,11,15,0.6223364992303075,,0.7333333333333333
ES1,1,6,10.1016/j.memsci.2013.01.023,8,anchor,31,50,0.9329605915754816,50.0,0.62
ES1,1,6,10.1016/j.memsci.2013.01.023,8,aware,7,8,1.0107308085238955,,0.875
ES1,1,6,10.1016/j.memsci.2013.01.023,8,aware_on_anchor_rows,47,50,1.0107308085238955,,0.94
ES1,1,6,10.1016/j.memsci.2013.01.023,8,explore_anchor_matdisjoint,0,0,1.1868875921814033,,
ES1,1,6,10.1016/j.memsci.2013.01.023,8,explore_aware8_on_anchor_rows,47,50,0.954099033105094,,0.94
ES1,1,6,10.1016/j.memsci.2013.01.023,8,explore_aware_on_matdisjoint_rows,0,0,1.0107308085238955,,
ES1,1,6,10.1016/j.memsci.2013.01.023,8,explore_offset_q_aware,33,50,1.0107308085238955,,0.66
ES1,1,6,10.1016/j.memsci.2013.01.023,8,naive,6,8,0.6223364992303075,,0.75
ES1,1,6,10.3390/polym14030593,2,aware,2,2,1.0107308085238955,,1.0
ES1,1,6,10.3390/polym14030593,2,naive,2,2,0.6223364992303075,,1.0
ES1,1,6,10.3390/polym15030731,9,anchor,60,60,0.9329605915754816,60.0,1.0
ES1,1,6,10.3390/polym15030731,9,aware,9,9,1.0107308085238955,,1.0
ES1,1,6,10.3390/polym15030731,9,aware_on_anchor_rows,60,60,1.0107308085238955,,1.0
ES1,1,6,10.3390/polym15030731,9,explore_anchor_matdisjoint,0,0,1.1868875921814033,,
ES1,1,6,10.3390/polym15030731,9,explore_aware8_on_anchor_rows,60,60,0.954099033105094,,1.0
ES1,1,6,10.3390/polym15030731,9,explore_aware_on_matdisjoint_rows,0,0,1.0107308085238955,,
ES1,1,6,10.3390/polym15030731,9,explore_offset_q_aware,60,60,1.0107308085238955,,1.0
ES1,1,6,10.3390/polym15030731,9,naive,9,9,0.6223364992303075,,1.0
ES1,1,7,10.1002/app.52131,6,aware,6,6,1.101044955611055,,1.0
ES1,1,7,10.1002/app.52131,6,naive,0,6,0.6720250027215924,,0.0
ES1,1,7,10.1007/s00521-017-2996-6,13,anchor,100,100,1.0098685596014596,100.0,1.0
ES1,1,7,10.1007/s00521-017-2996-6,13,aware,13,13,1.101044955611055,,1.0
ES1,1,7,10.1007/s00521-017-2996-6,13,aware_on_anchor_rows,100,100,1.101044955611055,,1.0
ES1,1,7,10.1007/s00521-017-2996-6,13,explore_anchor_matdisjoint,0,0,1.3911908453303263,,
ES1,1,7,10.1007/s00521-017-2996-6,13,explore_aware8_on_anchor_rows,100,100,1.0219561334231262,,1.0
ES1,1,7,10.1007/s00521-017-2996-6,13,explore_aware_on_matdisjoint_rows,0,0,1.101044955611055,,
ES1,1,7,10.1007/s00521-017-2996-6,13,explore_offset_q_aware,100,100,1.101044955611055,,1.0
ES1,1,7,10.1007/s00521-017-2996-6,13,naive,13,13,0.6720250027215924,,1.0
ES1,1,7,10.1016/j.matlet.2015.08.003,5,aware,3,5,1.101044955611055,,0.6
ES1,1,7,10.1016/j.matlet.2015.08.003,5,naive,1,5,0.6720250027215924,,0.2
ES1,1,7,10.1080/1539445x.2010.495630,12,anchor,80,90,1.0098685596014596,90.0,0.8888888888888888
ES1,1,7,10.1080/1539445x.2010.495630,12,aware,12,12,1.101044955611055,,1.0
ES1,1,7,10.1080/1539445x.2010.495630,12,aware_on_anchor_rows,90,90,1.101044955611055,,1.0
ES1,1,7,10.1080/1539445x.2010.495630,12,explore_anchor_matdisjoint,0,0,1.3911908453303263,,
ES1,1,7,10.1080/1539445x.2010.495630,12,explore_aware8_on_anchor_rows,90,90,1.0219561334231262,,1.0
ES1,1,7,10.1080/1539445x.2010.495630,12,explore_aware_on_matdisjoint_rows,0,0,1.101044955611055,,
ES1,1,7,10.1080/1539445x.2010.495630,12,explore_offset_q_aware,87,90,1.101044955611055,,0.9666666666666667
ES1,1,7,10.1080/1539445x.2010.495630,12,naive,9,12,0.6720250027215924,,0.75
ES1,1,7,10.3390/fib8100065,2,aware,2,2,1.101044955611055,,1.0
ES1,1,7,10.3390/fib8100065,2,naive,1,2,0.6720250027215924,,0.5
ES1,1,7,https://www.sciencedirect.com/science/article/pii/s0927776511005522,18,anchor,150,150,1.0098685596014596,141.0,1.0
ES1,1,7,https://www.sciencedirect.com/science/article/pii/s0927776511005522,18,aware,18,18,1.101044955611055,,1.0
ES1,1,7,https://www.sciencedirect.com/science/article/pii/s0927776511005522,18,aware_on_anchor_rows,150,150,1.101044955611055,,1.0
ES1,1,7,https://www.sciencedirect.com/science/article/pii/s0927776511005522,18,explore_anchor_matdisjoint,9,9,1.3911908453303263,,1.0
ES1,1,7,https://www.sciencedirect.com/science/article/pii/s0927776511005522,18,explore_aware8_on_anchor_rows,150,150,1.0219561334231262,,1.0
ES1,1,7,https://www.sciencedirect.com/science/article/pii/s0927776511005522,18,explore_aware_on_matdisjoint_rows,9,9,1.101044955611055,,1.0
ES1,1,7,https://www.sciencedirect.com/science/article/pii/s0927776511005522,18,explore_offset_q_aware,150,150,1.101044955611055,,1.0
ES1,1,7,https://www.sciencedirect.com/science/article/pii/s0927776511005522,18,naive,17,18,0.6720250027215924,,0.9444444444444444
ES1,1,8,10.1002/adv.21947,17,anchor,140,140,1.019515016144001,140.0,1.0
ES1,1,8,10.1002/adv.21947,17,aware,17,17,1.0778332625371023,,1.0
ES1,1,8,10.1002/adv.21947,17,aware_on_anchor_rows,140,140,1.0778332625371023,,1.0
ES1,1,8,10.1002/adv.21947,17,explore_anchor_matdisjoint,0,0,1.6577141245766094,,
ES1,1,8,10.1002/adv.21947,17,explore_aware8_on_anchor_rows,131,140,1.0528406752626958,,0.9357142857142857
ES1,1,8,10.1002/adv.21947,17,explore_aware_on_matdisjoint_rows,0,0,1.0778332625371023,,
ES1,1,8,10.1002/adv.21947,17,explore_offset_q_aware,140,140,1.0778332625371023,,1.0
ES1,1,8,10.1002/adv.21947,17,naive,13,17,0.6496049420146264,,0.7647058823529411
ES1,1,8,10.1002/app.25464,16,anchor,87,130,1.019515016144001,92.0,0.6692307692307692
ES1,1,8,10.1002/app.25464,16,aware,12,16,1.0778332625371023,,0.75
ES1,1,8,10.1002/app.25464,16,aware_on_anchor_rows,97,130,1.0778332625371023,,0.7461538461538462
ES1,1,8,10.1002/app.25464,16,explore_anchor_matdisjoint,33,38,1.6577141245766094,,0.868421052631579
ES1,1,8,10.1002/app.25464,16,explore_aware8_on_anchor_rows,97,130,1.0528406752626958,,0.7461538461538462
ES1,1,8,10.1002/app.25464,16,explore_aware_on_matdisjoint_rows,27,38,1.0778332625371023,,0.7105263157894737
ES1,1,8,10.1002/app.25464,16,explore_offset_q_aware,88,130,1.0778332625371023,,0.676923076923077
ES1,1,8,10.1002/app.25464,16,naive,8,16,0.6496049420146264,,0.5
ES1,1,8,10.1063/1.4994968,1,aware,1,1,1.0778332625371023,,1.0
ES1,1,8,10.1063/1.4994968,1,naive,0,1,0.6496049420146264,,0.0
ES1,1,8,10.1515/epoly-2018-0037,4,aware,4,4,1.0778332625371023,,1.0
ES1,1,8,10.1515/epoly-2018-0037,4,naive,4,4,0.6496049420146264,,1.0
ES1,1,8,10.3139/217.3278,9,anchor,60,60,1.019515016144001,60.0,1.0
ES1,1,8,10.3139/217.3278,9,aware,9,9,1.0778332625371023,,1.0
ES1,1,8,10.3139/217.3278,9,aware_on_anchor_rows,60,60,1.0778332625371023,,1.0
ES1,1,8,10.3139/217.3278,9,explore_anchor_matdisjoint,0,0,1.6577141245766094,,
ES1,1,8,10.3139/217.3278,9,explore_aware8_on_anchor_rows,60,60,1.0528406752626958,,1.0
ES1,1,8,10.3139/217.3278,9,explore_aware_on_matdisjoint_rows,0,0,1.0778332625371023,,
ES1,1,8,10.3139/217.3278,9,explore_offset_q_aware,60,60,1.0778332625371023,,1.0
ES1,1,8,10.3139/217.3278,9,naive,8,9,0.6496049420146264,,0.8888888888888888
ES1,1,8,10.3390/nano11102514,8,anchor,49,50,1.019515016144001,50.0,0.98
ES1,1,8,10.3390/nano11102514,8,aware,8,8,1.0778332625371023,,1.0
ES1,1,8,10.3390/nano11102514,8,aware_on_anchor_rows,50,50,1.0778332625371023,,1.0
ES1,1,8,10.3390/nano11102514,8,explore_anchor_matdisjoint,0,0,1.6577141245766094,,
ES1,1,8,10.3390/nano11102514,8,explore_aware8_on_anchor_rows,50,50,1.0528406752626958,,1.0
ES1,1,8,10.3390/nano11102514,8,explore_aware_on_matdisjoint_rows,0,0,1.0778332625371023,,
ES1,1,8,10.3390/nano11102514,8,explore_offset_q_aware,50,50,1.0778332625371023,,1.0
ES1,1,8,10.3390/nano11102514,8,naive,5,8,0.6496049420146264,,0.625
ES1,1,8,10.3390/nano14131083,1,aware,1,1,1.0778332625371023,,1.0
ES1,1,8,10.3390/nano14131083,1,naive,1,1,0.6496049420146264,,1.0
ES1,1,9,10.1002/app.36726,17,anchor,140,140,1.015308883042947,140.0,1.0
ES1,1,9,10.1002/app.36726,17,aware,17,17,1.048130928670694,,1.0
ES1,1,9,10.1002/app.36726,17,aware_on_anchor_rows,140,140,1.048130928670694,,1.0
ES1,1,9,10.1002/app.36726,17,explore_anchor_matdisjoint,0,0,1.6412880155182843,,
ES1,1,9,10.1002/app.36726,17,explore_aware8_on_anchor_rows,140,140,1.004642892588964,,1.0
ES1,1,9,10.1002/app.36726,17,explore_aware_on_matdisjoint_rows,0,0,1.048130928670694,,
ES1,1,9,10.1002/app.36726,17,explore_offset_q_aware,140,140,1.048130928670694,,1.0
ES1,1,9,10.1002/app.36726,17,naive,17,17,0.6799948589962113,,1.0
ES1,1,9,10.1016/j.jmrt.2023.01.007,1,aware,1,1,1.048130928670694,,1.0
ES1,1,9,10.1016/j.jmrt.2023.01.007,1,naive,1,1,0.6799948589962113,,1.0
ES1,1,9,10.1016/j.mtsust.2022.100275,1,aware,1,1,1.048130928670694,,1.0
ES1,1,9,10.1016/j.mtsust.2022.100275,1,naive,1,1,0.6799948589962113,,1.0
ES1,1,9,10.1016/j.polymer.2014.06.032,8,anchor,50,50,1.015308883042947,50.0,1.0
ES1,1,9,10.1016/j.polymer.2014.06.032,8,aware,8,8,1.048130928670694,,1.0
ES1,1,9,10.1016/j.polymer.2014.06.032,8,aware_on_anchor_rows,50,50,1.048130928670694,,1.0
ES1,1,9,10.1016/j.polymer.2014.06.032,8,explore_anchor_matdisjoint,0,0,1.6412880155182843,,
ES1,1,9,10.1016/j.polymer.2014.06.032,8,explore_aware8_on_anchor_rows,50,50,1.004642892588964,,1.0
ES1,1,9,10.1016/j.polymer.2014.06.032,8,explore_aware_on_matdisjoint_rows,0,0,1.048130928670694,,
ES1,1,9,10.1016/j.polymer.2014.06.032,8,explore_offset_q_aware,50,50,1.048130928670694,,1.0
ES1,1,9,10.1016/j.polymer.2014.06.032,8,naive,8,8,0.6799948589962113,,1.0
ES1,1,9,10.1109/nano.2013.6720964,4,aware,2,4,1.048130928670694,,0.5
ES1,1,9,10.1109/nano.2013.6720964,4,naive,0,4,0.6799948589962113,,0.0
ES1,1,9,10.1515/epoly-2022-8106,15,anchor,120,120,1.015308883042947,120.0,1.0
ES1,1,9,10.1515/epoly-2022-8106,15,aware,15,15,1.048130928670694,,1.0
ES1,1,9,10.1515/epoly-2022-8106,15,aware_on_anchor_rows,120,120,1.048130928670694,,1.0
ES1,1,9,10.1515/epoly-2022-8106,15,explore_anchor_matdisjoint,0,0,1.6412880155182843,,
ES1,1,9,10.1515/epoly-2022-8106,15,explore_aware8_on_anchor_rows,120,120,1.004642892588964,,1.0
ES1,1,9,10.1515/epoly-2022-8106,15,explore_aware_on_matdisjoint_rows,0,0,1.048130928670694,,
ES1,1,9,10.1515/epoly-2022-8106,15,explore_offset_q_aware,120,120,1.048130928670694,,1.0
ES1,1,9,10.1515/epoly-2022-8106,15,naive,15,15,0.6799948589962113,,1.0
ES1,1,9,10.3390/polym15132813,10,anchor,70,70,1.015308883042947,70.0,1.0
ES1,1,9,10.3390/polym15132813,10,aware,10,10,1.048130928670694,,1.0
ES1,1,9,10.3390/polym15132813,10,aware_on_anchor_rows,70,70,1.048130928670694,,1.0
ES1,1,9,10.3390/polym15132813,10,explore_anchor_matdisjoint,0,0,1.6412880155182843,,
ES1,1,9,10.3390/polym15132813,10,explore_aware8_on_anchor_rows,70,70,1.004642892588964,,1.0
ES1,1,9,10.3390/polym15132813,10,explore_aware_on_matdisjoint_rows,0,0,1.048130928670694,,
ES1,1,9,10.3390/polym15132813,10,explore_offset_q_aware,70,70,1.048130928670694,,1.0
ES1,1,9,10.3390/polym15132813,10,naive,10,10,0.6799948589962113,,1.0
ES1,2,0,10.1007/s11814-009-0309-1,96,anchor,930,930,1.0632252133768163,930.0,1.0
ES1,2,0,10.1007/s11814-009-0309-1,96,aware,96,96,1.1003949461575149,,1.0
ES1,2,0,10.1007/s11814-009-0309-1,96,aware_on_anchor_rows,930,930,1.1003949461575149,,1.0
ES1,2,0,10.1007/s11814-009-0309-1,96,explore_anchor_matdisjoint,0,0,1.366146398278845,,
ES1,2,0,10.1007/s11814-009-0309-1,96,explore_aware8_on_anchor_rows,930,930,1.029512156750143,,1.0
ES1,2,0,10.1007/s11814-009-0309-1,96,explore_aware_on_matdisjoint_rows,0,0,1.1003949461575149,,
ES1,2,0,10.1007/s11814-009-0309-1,96,explore_offset_q_aware,930,930,1.1003949461575149,,1.0
ES1,2,0,10.1007/s11814-009-0309-1,96,naive,96,96,0.7023442210106374,,1.0
ES1,2,1,10.1002/app.52131,6,aware,6,6,1.0444041582875396,,1.0
ES1,2,1,10.1002/app.52131,6,naive,0,6,0.6123098913533216,,0.0
ES1,2,1,10.1002/jbm.b.33337,1,aware,1,1,1.0444041582875396,,1.0
ES1,2,1,10.1002/jbm.b.33337,1,naive,1,1,0.6123098913533216,,1.0
ES1,2,1,10.1016/j.compositesb.2019.01.094,46,anchor,225,430,0.8229879352962799,430.0,0.5232558139534884
ES1,2,1,10.1016/j.compositesb.2019.01.094,46,aware,33,46,1.0444041582875396,,0.717391304347826
ES1,2,1,10.1016/j.compositesb.2019.01.094,46,aware_on_anchor_rows,307,430,1.0444041582875396,,0.713953488372093
ES1,2,1,10.1016/j.compositesb.2019.01.094,46,explore_anchor_matdisjoint,0,0,1.7352370467665428,,
ES1,2,1,10.1016/j.compositesb.2019.01.094,46,explore_aware8_on_anchor_rows,278,430,0.9537297028161592,,0.6465116279069767
ES1,2,1,10.1016/j.compositesb.2019.01.094,46,explore_aware_on_matdisjoint_rows,0,0,1.0444041582875396,,
ES1,2,1,10.1016/j.compositesb.2019.01.094,46,explore_offset_q_aware,272,430,1.0444041582875396,,0.6325581395348837
ES1,2,1,10.1016/j.compositesb.2019.01.094,46,naive,21,46,0.6123098913533216,,0.45652173913043476
ES1,2,1,10.1016/j.memsci.2018.06.050,3,aware,3,3,1.0444041582875396,,1.0
ES1,2,1,10.1016/j.memsci.2018.06.050,3,naive,3,3,0.6123098913533216,,1.0
ES1,2,1,10.3390/nano14131083,1,aware,1,1,1.0444041582875396,,1.0
ES1,2,1,10.3390/nano14131083,1,naive,1,1,0.6123098913533216,,1.0
ES1,2,2,10.1002/app.42304,9,anchor,52,60,0.9089260286918152,57.0,0.8666666666666667
ES1,2,2,10.1002/app.42304,9,aware,6,9,1.012165043273062,,0.6666666666666666
ES1,2,2,10.1002/app.42304,9,aware_on_anchor_rows,42,60,1.012165043273062,,0.7
ES1,2,2,10.1002/app.42304,9,explore_anchor_matdisjoint,3,3,1.3084821465790222,,1.0
ES1,2,2,10.1002/app.42304,9,explore_aware8_on_anchor_rows,42,60,0.960865653082684,,0.7
ES1,2,2,10.1002/app.42304,9,explore_aware_on_matdisjoint_rows,0,3,1.012165043273062,,0.0
ES1,2,2,10.1002/app.42304,9,explore_offset_q_aware,57,60,1.012165043273062,,0.95
ES1,2,2,10.1002/app.42304,9,naive,6,9,0.6433560120990087,,0.6666666666666666
ES1,2,2,10.1007/s12221-015-5263-4,38,anchor,249,350,0.9089260286918152,312.0,0.7114285714285714
ES1,2,2,10.1007/s12221-015-5263-4,38,aware,34,38,1.012165043273062,,0.8947368421052632
ES1,2,2,10.1007/s12221-015-5263-4,38,aware_on_anchor_rows,314,350,1.012165043273062,,0.8971428571428571
ES1,2,2,10.1007/s12221-015-5263-4,38,explore_anchor_matdisjoint,33,38,1.3084821465790222,,0.868421052631579
ES1,2,2,10.1007/s12221-015-5263-4,38,explore_aware8_on_anchor_rows,304,350,0.960865653082684,,0.8685714285714285
ES1,2,2,10.1007/s12221-015-5263-4,38,explore_aware_on_matdisjoint_rows,36,38,1.012165043273062,,0.9473684210526315
ES1,2,2,10.1007/s12221-015-5263-4,38,explore_offset_q_aware,275,350,1.012165043273062,,0.7857142857142857
ES1,2,2,10.1007/s12221-015-5263-4,38,naive,24,38,0.6433560120990087,,0.631578947368421
ES1,2,2,10.1016/j.polymertesting.2019.106218,3,aware,0,3,1.012165043273062,,0.0
ES1,2,2,10.1016/j.polymertesting.2019.106218,3,naive,0,3,0.6433560120990087,,0.0
ES1,2,2,10.3390/nano12060962,6,aware,5,6,1.012165043273062,,0.8333333333333334
ES1,2,2,10.3390/nano12060962,6,naive,1,6,0.6433560120990087,,0.16666666666666666
ES1,2,3,10.1002/app.21762,3,aware,3,3,1.021899084245624,,1.0
ES1,2,3,10.1002/app.21762,3,naive,1,3,0.6541135310533361,,0.3333333333333333
ES1,2,3,10.1002/polb.21380,12,anchor,90,90,0.9466338033224098,78.0,1.0
ES1,2,3,10.1002/polb.21380,12,aware,12,12,1.021899084245624,,1.0
ES1,2,3,10.1002/polb.21380,12,aware_on_anchor_rows,90,90,1.021899084245624,,1.0
ES1,2,3,10.1002/polb.21380,12,explore_anchor_matdisjoint,12,12,2.1605432135170184,,1.0
ES1,2,3,10.1002/polb.21380,12,explore_aware8_on_anchor_rows,90,90,0.9770188363914488,,1.0
ES1,2,3,10.1002/polb.21380,12,explore_aware_on_matdisjoint_rows,12,12,1.021899084245624,,1.0
ES1,2,3,10.1002/polb.21380,12,explore_offset_q_aware,90,90,1.021899084245624,,1.0
ES1,2,3,10.1002/polb.21380,12,naive,12,12,0.6541135310533361,,1.0
ES1,2,3,10.1016/j.materresbull.2022.112052,1,aware,0,1,1.021899084245624,,0.0
ES1,2,3,10.1016/j.materresbull.2022.112052,1,naive,0,1,0.6541135310533361,,0.0
ES1,2,3,10.1016/j.memsci.2022.120850,5,aware,3,5,1.021899084245624,,0.6
ES1,2,3,10.1016/j.memsci.2022.120850,5,naive,2,5,0.6541135310533361,,0.4
ES1,2,3,10.1016/j.polymer.2008.09.025,26,anchor,189,230,0.9466338033224098,230.0,0.8217391304347826
ES1,2,3,10.1016/j.polymer.2008.09.025,26,aware,20,26,1.021899084245624,,0.7692307692307693
ES1,2,3,10.1016/j.polymer.2008.09.025,26,aware_on_anchor_rows,174,230,1.021899084245624,,0.7565217391304347
ES1,2,3,10.1016/j.polymer.2008.09.025,26,explore_anchor_matdisjoint,0,0,2.1605432135170184,,
ES1,2,3,10.1016/j.polymer.2008.09.025,26,explore_aware8_on_anchor_rows,164,230,0.9770188363914488,,0.7130434782608696
ES1,2,3,10.1016/j.polymer.2008.09.025,26,explore_aware_on_matdisjoint_rows,0,0,1.021899084245624,,
ES1,2,3,10.1016/j.polymer.2008.09.025,26,explore_offset_q_aware,199,230,1.021899084245624,,0.8652173913043478
ES1,2,3,10.1016/j.polymer.2008.09.025,26,naive,10,26,0.6541135310533361,,0.38461538461538464
ES1,2,3,10.3139/217.3278,9,anchor,60,60,0.9466338033224098,60.0,1.0
ES1,2,3,10.3139/217.3278,9,aware,9,9,1.021899084245624,,1.0
ES1,2,3,10.3139/217.3278,9,aware_on_anchor_rows,60,60,1.021899084245624,,1.0
ES1,2,3,10.3139/217.3278,9,explore_anchor_matdisjoint,0,0,2.1605432135170184,,
ES1,2,3,10.3139/217.3278,9,explore_aware8_on_anchor_rows,60,60,0.9770188363914488,,1.0
ES1,2,3,10.3139/217.3278,9,explore_aware_on_matdisjoint_rows,0,0,1.021899084245624,,
ES1,2,3,10.3139/217.3278,9,explore_offset_q_aware,60,60,1.021899084245624,,1.0
ES1,2,3,10.3139/217.3278,9,naive,7,9,0.6541135310533361,,0.7777777777777778
ES1,2,4,10.1002/app.32569,20,anchor,170,170,0.9410156739450476,170.0,1.0
ES1,2,4,10.1002/app.32569,20,aware,20,20,1.0290461969004898,,1.0
ES1,2,4,10.1002/app.32569,20,aware_on_anchor_rows,170,170,1.0290461969004898,,1.0
ES1,2,4,10.1002/app.32569,20,explore_anchor_matdisjoint,0,0,1.2598459730688594,,
ES1,2,4,10.1002/app.32569,20,explore_aware8_on_anchor_rows,170,170,0.9912425760366848,,1.0
ES1,2,4,10.1002/app.32569,20,explore_aware_on_matdisjoint_rows,0,0,1.0290461969004898,,
ES1,2,4,10.1002/app.32569,20,explore_offset_q_aware,170,170,1.0290461969004898,,1.0
ES1,2,4,10.1002/app.32569,20,naive,16,20,0.6469525071963864,,0.8
ES1,2,4,10.1007/s40204-017-0071-0,13,anchor,100,100,0.9410156739450476,100.0,1.0
ES1,2,4,10.1007/s40204-017-0071-0,13,aware,13,13,1.0290461969004898,,1.0
ES1,2,4,10.1007/s40204-017-0071-0,13,aware_on_anchor_rows,100,100,1.0290461969004898,,1.0
ES1,2,4,10.1007/s40204-017-0071-0,13,explore_anchor_matdisjoint,0,0,1.2598459730688594,,
ES1,2,4,10.1007/s40204-017-0071-0,13,explore_aware8_on_anchor_rows,100,100,0.9912425760366848,,1.0
ES1,2,4,10.1007/s40204-017-0071-0,13,explore_aware_on_matdisjoint_rows,0,0,1.0290461969004898,,
ES1,2,4,10.1007/s40204-017-0071-0,13,explore_offset_q_aware,100,100,1.0290461969004898,,1.0
ES1,2,4,10.1007/s40204-017-0071-0,13,naive,12,13,0.6469525071963864,,0.9230769230769231
ES1,2,4,10.1016/j.molliq.2023.122819,10,anchor,60,70,0.9410156739450476,58.0,0.8571428571428571
ES1,2,4,10.1016/j.molliq.2023.122819,10,aware,10,10,1.0290461969004898,,1.0
ES1,2,4,10.1016/j.molliq.2023.122819,10,aware_on_anchor_rows,70,70,1.0290461969004898,,1.0
ES1,2,4,10.1016/j.molliq.2023.122819,10,explore_anchor_matdisjoint,12,12,1.2598459730688594,,1.0
ES1,2,4,10.1016/j.molliq.2023.122819,10,explore_aware8_on_anchor_rows,70,70,0.9912425760366848,,1.0
ES1,2,4,10.1016/j.molliq.2023.122819,10,explore_aware_on_matdisjoint_rows,12,12,1.0290461969004898,,1.0
ES1,2,4,10.1016/j.molliq.2023.122819,10,explore_offset_q_aware,64,70,1.0290461969004898,,0.9142857142857143
ES1,2,4,10.1016/j.molliq.2023.122819,10,naive,7,10,0.6469525071963864,,0.7
ES1,2,4,10.1063/1.4994968,1,aware,1,1,1.0290461969004898,,1.0
ES1,2,4,10.1063/1.4994968,1,naive,0,1,0.6469525071963864,,0.0
ES1,2,4,10.1088/1748-6041/8/4/045007,5,aware,4,5,1.0290461969004898,,0.8
ES1,2,4,10.1088/1748-6041/8/4/045007,5,naive,1,5,0.6469525071963864,,0.2
ES1,2,4,10.1515/epoly-2014-0110,7,aware,7,7,1.0290461969004898,,1.0
ES1,2,4,10.1515/epoly-2014-0110,7,naive,3,7,0.6469525071963864,,0.42857142857142855
ES1,2,5,10.1007/bf03218855,6,aware,6,6,1.04206970264858,,1.0
ES1,2,5,10.1007/bf03218855,6,naive,4,6,0.6648151361783512,,0.6666666666666666
ES1,2,5,10.1007/s00521-014-1554-8,20,anchor,154,170,0.9860164784405412,170.0,0.9058823529411765
ES1,2,5,10.1007/s00521-014-1554-8,20,aware,19,20,1.04206970264858,,0.95
ES1,2,5,10.1007/s00521-014-1554-8,20,aware_on_anchor_rows,161,170,1.04206970264858,,0.9470588235294117
ES1,2,5,10.1007/s00521-014-1554-8,20,explore_anchor_matdisjoint,0,0,1.538552844232671,,
ES1,2,5,10.1007/s00521-014-1554-8,20,explore_aware8_on_anchor_rows,161,170,0.9591484060296098,,0.9470588235294117
ES1,2,5,10.1007/s00521-014-1554-8,20,explore_aware_on_matdisjoint_rows,0,0,1.04206970264858,,
ES1,2,5,10.1007/s00521-014-1554-8,20,explore_offset_q_aware,156,170,1.04206970264858,,0.9176470588235294
ES1,2,5,10.1007/s00521-014-1554-8,20,naive,16,20,0.6648151361783512,,0.8
ES1,2,5,10.1016/j.matlet.2015.08.003,5,aware,3,5,1.04206970264858,,0.6
ES1,2,5,10.1016/j.matlet.2015.08.003,5,naive,2,5,0.6648151361783512,,0.4
ES1,2,5,10.1021/acsami.0c02578.,2,aware,2,2,1.04206970264858,,1.0
ES1,2,5,10.1021/acsami.0c02578.,2,naive,2,2,0.6648151361783512,,1.0
ES1,2,5,10.1080/1539445x.2010.495630,12,anchor,82,90,0.9860164784405412,90.0,0.9111111111111111
ES1,2,5,10.1080/1539445x.2010.495630,12,aware,12,12,1.04206970264858,,1.0
ES1,2,5,10.1080/1539445x.2010.495630,12,aware_on_anchor_rows,90,90,1.04206970264858,,1.0
ES1,2,5,10.1080/1539445x.2010.495630,12,explore_anchor_matdisjoint,0,0,1.538552844232671,,
ES1,2,5,10.1080/1539445x.2010.495630,12,explore_aware8_on_anchor_rows,90,90,0.9591484060296098,,1.0
ES1,2,5,10.1080/1539445x.2010.495630,12,explore_aware_on_matdisjoint_rows,0,0,1.04206970264858,,
ES1,2,5,10.1080/1539445x.2010.495630,12,explore_offset_q_aware,83,90,1.04206970264858,,0.9222222222222223
ES1,2,5,10.1080/1539445x.2010.495630,12,naive,10,12,0.6648151361783512,,0.8333333333333334
ES1,2,5,10.3390/nano10061221,11,anchor,80,80,0.9860164784405412,80.0,1.0
ES1,2,5,10.3390/nano10061221,11,aware,11,11,1.04206970264858,,1.0
ES1,2,5,10.3390/nano10061221,11,aware_on_anchor_rows,80,80,1.04206970264858,,1.0
ES1,2,5,10.3390/nano10061221,11,explore_anchor_matdisjoint,0,0,1.538552844232671,,
ES1,2,5,10.3390/nano10061221,11,explore_aware8_on_anchor_rows,80,80,0.9591484060296098,,1.0
ES1,2,5,10.3390/nano10061221,11,explore_aware_on_matdisjoint_rows,0,0,1.04206970264858,,
ES1,2,5,10.3390/nano10061221,11,explore_offset_q_aware,80,80,1.04206970264858,,1.0
ES1,2,5,10.3390/nano10061221,11,naive,4,11,0.6648151361783512,,0.36363636363636365
ES1,2,6,10.1007/s10965-014-0571-8.,18,anchor,111,150,0.9013026473369354,150.0,0.74
ES1,2,6,10.1007/s10965-014-0571-8.,18,aware,13,18,0.9869341385085963,,0.7222222222222222
ES1,2,6,10.1007/s10965-014-0571-8.,18,aware_on_anchor_rows,109,150,0.9869341385085963,,0.7266666666666667
ES1,2,6,10.1007/s10965-014-0571-8.,18,explore_anchor_matdisjoint,0,0,1.287522144963687,,
ES1,2,6,10.1007/s10965-014-0571-8.,18,explore_aware8_on_anchor_rows,85,150,0.9258728037595754,,0.5666666666666667
ES1,2,6,10.1007/s10965-014-0571-8.,18,explore_aware_on_matdisjoint_rows,0,0,0.9869341385085963,,
ES1,2,6,10.1007/s10965-014-0571-8.,18,explore_offset_q_aware,113,150,0.9869341385085963,,0.7533333333333333
ES1,2,6,10.1007/s10965-014-0571-8.,18,naive,6,18,0.6694363403217061,,0.3333333333333333
ES1,2,6,10.1016/j.memsci.2013.01.023,8,anchor,32,50,0.9013026473369354,50.0,0.64
ES1,2,6,10.1016/j.memsci.2013.01.023,8,aware,7,8,0.9869341385085963,,0.875
ES1,2,6,10.1016/j.memsci.2013.01.023,8,aware_on_anchor_rows,47,50,0.9869341385085963,,0.94
ES1,2,6,10.1016/j.memsci.2013.01.023,8,explore_anchor_matdisjoint,0,0,1.287522144963687,,
ES1,2,6,10.1016/j.memsci.2013.01.023,8,explore_aware8_on_anchor_rows,47,50,0.9258728037595754,,0.94
ES1,2,6,10.1016/j.memsci.2013.01.023,8,explore_aware_on_matdisjoint_rows,0,0,0.9869341385085963,,
ES1,2,6,10.1016/j.memsci.2013.01.023,8,explore_offset_q_aware,35,50,0.9869341385085963,,0.7
ES1,2,6,10.1016/j.memsci.2013.01.023,8,naive,6,8,0.6694363403217061,,0.75
ES1,2,6,10.1515/epoly-2018-0037,4,aware,4,4,0.9869341385085963,,1.0
ES1,2,6,10.1515/epoly-2018-0037,4,naive,2,4,0.6694363403217061,,0.5
ES1,2,6,10.1515/epoly-2022-8106,15,anchor,120,120,0.9013026473369354,120.0,1.0
ES1,2,6,10.1515/epoly-2022-8106,15,aware,15,15,0.9869341385085963,,1.0
ES1,2,6,10.1515/epoly-2022-8106,15,aware_on_anchor_rows,120,120,0.9869341385085963,,1.0
ES1,2,6,10.1515/epoly-2022-8106,15,explore_anchor_matdisjoint,0,0,1.287522144963687,,
ES1,2,6,10.1515/epoly-2022-8106,15,explore_aware8_on_anchor_rows,120,120,0.9258728037595754,,1.0
ES1,2,6,10.1515/epoly-2022-8106,15,explore_aware_on_matdisjoint_rows,0,0,0.9869341385085963,,
ES1,2,6,10.1515/epoly-2022-8106,15,explore_offset_q_aware,120,120,0.9869341385085963,,1.0
ES1,2,6,10.1515/epoly-2022-8106,15,naive,15,15,0.6694363403217061,,1.0
ES1,2,6,10.3390/fib8100065,2,aware,2,2,0.9869341385085963,,1.0
ES1,2,6,10.3390/fib8100065,2,naive,1,2,0.6694363403217061,,0.5
ES1,2,6,10.3390/polym15030731,9,anchor,60,60,0.9013026473369354,60.0,1.0
ES1,2,6,10.3390/polym15030731,9,aware,9,9,0.9869341385085963,,1.0
ES1,2,6,10.3390/polym15030731,9,aware_on_anchor_rows,60,60,0.9869341385085963,,1.0
ES1,2,6,10.3390/polym15030731,9,explore_anchor_matdisjoint,0,0,1.287522144963687,,
ES1,2,6,10.3390/polym15030731,9,explore_aware8_on_anchor_rows,60,60,0.9258728037595754,,1.0
ES1,2,6,10.3390/polym15030731,9,explore_aware_on_matdisjoint_rows,0,0,0.9869341385085963,,
ES1,2,6,10.3390/polym15030731,9,explore_offset_q_aware,60,60,0.9869341385085963,,1.0
ES1,2,6,10.3390/polym15030731,9,naive,9,9,0.6694363403217061,,1.0
ES1,2,7,10.1007/s00521-017-2996-6,13,anchor,100,100,0.9972027501212996,100.0,1.0
ES1,2,7,10.1007/s00521-017-2996-6,13,aware,13,13,1.083849980626051,,1.0
ES1,2,7,10.1007/s00521-017-2996-6,13,aware_on_anchor_rows,100,100,1.083849980626051,,1.0
ES1,2,7,10.1007/s00521-017-2996-6,13,explore_anchor_matdisjoint,0,0,1.5709731953716906,,
ES1,2,7,10.1007/s00521-017-2996-6,13,explore_aware8_on_anchor_rows,100,100,1.026039052328236,,1.0
ES1,2,7,10.1007/s00521-017-2996-6,13,explore_aware_on_matdisjoint_rows,0,0,1.083849980626051,,
ES1,2,7,10.1007/s00521-017-2996-6,13,explore_offset_q_aware,100,100,1.083849980626051,,1.0
ES1,2,7,10.1007/s00521-017-2996-6,13,naive,13,13,0.6311453166040799,,1.0
ES1,2,7,10.1016/j.eurpolymj.2004.10.027,12,anchor,90,90,0.9972027501212996,90.0,1.0
ES1,2,7,10.1016/j.eurpolymj.2004.10.027,12,aware,12,12,1.083849980626051,,1.0
ES1,2,7,10.1016/j.eurpolymj.2004.10.027,12,aware_on_anchor_rows,90,90,1.083849980626051,,1.0
ES1,2,7,10.1016/j.eurpolymj.2004.10.027,12,explore_anchor_matdisjoint,0,0,1.5709731953716906,,
ES1,2,7,10.1016/j.eurpolymj.2004.10.027,12,explore_aware8_on_anchor_rows,90,90,1.026039052328236,,1.0
ES1,2,7,10.1016/j.eurpolymj.2004.10.027,12,explore_aware_on_matdisjoint_rows,0,0,1.083849980626051,,
ES1,2,7,10.1016/j.eurpolymj.2004.10.027,12,explore_offset_q_aware,90,90,1.083849980626051,,1.0
ES1,2,7,10.1016/j.eurpolymj.2004.10.027,12,naive,11,12,0.6311453166040799,,0.9166666666666666
ES1,2,7,10.1177/00219983221144696,5,aware,3,5,1.083849980626051,,0.6
ES1,2,7,10.1177/00219983221144696,5,naive,2,5,0.6311453166040799,,0.4
ES1,2,7,10.30684/etj.35.4a.5,6,aware,6,6,1.083849980626051,,1.0
ES1,2,7,10.30684/etj.35.4a.5,6,naive,4,6,0.6311453166040799,,0.6666666666666666
ES1,2,7,10.3390/polym14030593,2,aware,2,2,1.083849980626051,,1.0
ES1,2,7,10.3390/polym14030593,2,naive,2,2,0.6311453166040799,,1.0
ES1,2,7,https://www.sciencedirect.com/science/article/pii/s0927776511005522,18,anchor,150,150,0.9972027501212996,143.0,1.0
ES1,2,7,https://www.sciencedirect.com/science/article/pii/s0927776511005522,18,aware,18,18,1.083849980626051,,1.0
ES1,2,7,https://www.sciencedirect.com/science/article/pii/s0927776511005522,18,aware_on_anchor_rows,150,150,1.083849980626051,,1.0
ES1,2,7,https://www.sciencedirect.com/science/article/pii/s0927776511005522,18,explore_anchor_matdisjoint,7,7,1.5709731953716906,,1.0
ES1,2,7,https://www.sciencedirect.com/science/article/pii/s0927776511005522,18,explore_aware8_on_anchor_rows,150,150,1.026039052328236,,1.0
ES1,2,7,https://www.sciencedirect.com/science/article/pii/s0927776511005522,18,explore_aware_on_matdisjoint_rows,7,7,1.083849980626051,,1.0
ES1,2,7,https://www.sciencedirect.com/science/article/pii/s0927776511005522,18,explore_offset_q_aware,150,150,1.083849980626051,,1.0
ES1,2,7,https://www.sciencedirect.com/science/article/pii/s0927776511005522,18,naive,11,18,0.6311453166040799,,0.6111111111111112
ES1,2,8,10.1002/app.25464,16,anchor,84,130,0.9587346646924864,108.0,0.6461538461538462
ES1,2,8,10.1002/app.25464,16,aware,12,16,1.046248599204497,,0.75
ES1,2,8,10.1002/app.25464,16,aware_on_anchor_rows,96,130,1.046248599204497,,0.7384615384615385
ES1,2,8,10.1002/app.25464,16,explore_anchor_matdisjoint,17,22,1.159697917300229,,0.7727272727272727
ES1,2,8,10.1002/app.25464,16,explore_aware8_on_anchor_rows,96,130,0.9826912255307922,,0.7384615384615385
ES1,2,8,10.1002/app.25464,16,explore_aware_on_matdisjoint_rows,15,22,1.046248599204497,,0.6818181818181818
ES1,2,8,10.1002/app.25464,16,explore_offset_q_aware,91,130,1.046248599204497,,0.7
ES1,2,8,10.1002/app.25464,16,naive,8,16,0.6500031762379646,,0.5
ES1,2,8,10.1002/app.36726,17,anchor,140,140,0.9587346646924864,140.0,1.0
ES1,2,8,10.1002/app.36726,17,aware,17,17,1.046248599204497,,1.0
ES1,2,8,10.1002/app.36726,17,aware_on_anchor_rows,140,140,1.046248599204497,,1.0
ES1,2,8,10.1002/app.36726,17,explore_anchor_matdisjoint,0,0,1.159697917300229,,
ES1,2,8,10.1002/app.36726,17,explore_aware8_on_anchor_rows,140,140,0.9826912255307922,,1.0
ES1,2,8,10.1002/app.36726,17,explore_aware_on_matdisjoint_rows,0,0,1.046248599204497,,
ES1,2,8,10.1002/app.36726,17,explore_offset_q_aware,140,140,1.046248599204497,,1.0
ES1,2,8,10.1002/app.36726,17,naive,17,17,0.6500031762379646,,1.0
ES1,2,8,10.1002/marc.200700544,4,aware,3,4,1.046248599204497,,0.75
ES1,2,8,10.1002/marc.200700544,4,naive,2,4,0.6500031762379646,,0.5
ES1,2,8,10.1016/j.jmrt.2023.01.007,1,aware,1,1,1.046248599204497,,1.0
ES1,2,8,10.1016/j.jmrt.2023.01.007,1,naive,1,1,0.6500031762379646,,1.0
ES1,2,8,10.3390/nano11102514,8,anchor,48,50,0.9587346646924864,50.0,0.96
ES1,2,8,10.3390/nano11102514,8,aware,7,8,1.046248599204497,,0.875
ES1,2,8,10.3390/nano11102514,8,aware_on_anchor_rows,47,50,1.046248599204497,,0.94
ES1,2,8,10.3390/nano11102514,8,explore_anchor_matdisjoint,0,0,1.159697917300229,,
ES1,2,8,10.3390/nano11102514,8,explore_aware8_on_anchor_rows,47,50,0.9826912255307922,,0.94
ES1,2,8,10.3390/nano11102514,8,explore_aware_on_matdisjoint_rows,0,0,1.046248599204497,,
ES1,2,8,10.3390/nano11102514,8,explore_offset_q_aware,48,50,1.046248599204497,,0.96
ES1,2,8,10.3390/nano11102514,8,naive,4,8,0.6500031762379646,,0.5
ES1,2,8,https://www.researchgate.net/profile/dhananjay-pise/publication/277816900_study_of_process_parameters_affecting_the_diameter_and_morphology_of_electrospun_polyvinylidene_fluoride_pvdf_nanofibers/links/55751b5c08aeacff1ffcc4a8/study-of-process-parameters-affecting-the-diameter-and-morphology-of-electrospun-polyvinylidene-fluoride-pvdf-nanofibers.pdf,9,anchor,60,60,0.9587346646924864,60.0,1.0
ES1,2,8,https://www.researchgate.net/profile/dhananjay-pise/publication/277816900_study_of_process_parameters_affecting_the_diameter_and_morphology_of_electrospun_polyvinylidene_fluoride_pvdf_nanofibers/links/55751b5c08aeacff1ffcc4a8/study-of-process-parameters-affecting-the-diameter-and-morphology-of-electrospun-polyvinylidene-fluoride-pvdf-nanofibers.pdf,9,aware,9,9,1.046248599204497,,1.0
ES1,2,8,https://www.researchgate.net/profile/dhananjay-pise/publication/277816900_study_of_process_parameters_affecting_the_diameter_and_morphology_of_electrospun_polyvinylidene_fluoride_pvdf_nanofibers/links/55751b5c08aeacff1ffcc4a8/study-of-process-parameters-affecting-the-diameter-and-morphology-of-electrospun-polyvinylidene-fluoride-pvdf-nanofibers.pdf,9,aware_on_anchor_rows,60,60,1.046248599204497,,1.0
ES1,2,8,https://www.researchgate.net/profile/dhananjay-pise/publication/277816900_study_of_process_parameters_affecting_the_diameter_and_morphology_of_electrospun_polyvinylidene_fluoride_pvdf_nanofibers/links/55751b5c08aeacff1ffcc4a8/study-of-process-parameters-affecting-the-diameter-and-morphology-of-electrospun-polyvinylidene-fluoride-pvdf-nanofibers.pdf,9,explore_anchor_matdisjoint,0,0,1.159697917300229,,
ES1,2,8,https://www.researchgate.net/profile/dhananjay-pise/publication/277816900_study_of_process_parameters_affecting_the_diameter_and_morphology_of_electrospun_polyvinylidene_fluoride_pvdf_nanofibers/links/55751b5c08aeacff1ffcc4a8/study-of-process-parameters-affecting-the-diameter-and-morphology-of-electrospun-polyvinylidene-fluoride-pvdf-nanofibers.pdf,9,explore_aware8_on_anchor_rows,60,60,0.9826912255307922,,1.0
ES1,2,8,https://www.researchgate.net/profile/dhananjay-pise/publication/277816900_study_of_process_parameters_affecting_the_diameter_and_morphology_of_electrospun_polyvinylidene_fluoride_pvdf_nanofibers/links/55751b5c08aeacff1ffcc4a8/study-of-process-parameters-affecting-the-diameter-and-morphology-of-electrospun-polyvinylidene-fluoride-pvdf-nanofibers.pdf,9,explore_aware_on_matdisjoint_rows,0,0,1.046248599204497,,
ES1,2,8,https://www.researchgate.net/profile/dhananjay-pise/publication/277816900_study_of_process_parameters_affecting_the_diameter_and_morphology_of_electrospun_polyvinylidene_fluoride_pvdf_nanofibers/links/55751b5c08aeacff1ffcc4a8/study-of-process-parameters-affecting-the-diameter-and-morphology-of-electrospun-polyvinylidene-fluoride-pvdf-nanofibers.pdf,9,explore_offset_q_aware,60,60,1.046248599204497,,1.0
ES1,2,8,https://www.researchgate.net/profile/dhananjay-pise/publication/277816900_study_of_process_parameters_affecting_the_diameter_and_morphology_of_electrospun_polyvinylidene_fluoride_pvdf_nanofibers/links/55751b5c08aeacff1ffcc4a8/study-of-process-parameters-affecting-the-diameter-and-morphology-of-electrospun-polyvinylidene-fluoride-pvdf-nanofibers.pdf,9,naive,8,9,0.6500031762379646,,0.8888888888888888
ES1,2,8,ãâ https://doi.org/10.3390/ma8052718,1,aware,1,1,1.046248599204497,,1.0
ES1,2,8,ãâ https://doi.org/10.3390/ma8052718,1,naive,1,1,0.6500031762379646,,1.0
ES1,2,9,10.1002/adv.21947,17,anchor,140,140,1.038355184271201,140.0,1.0
ES1,2,9,10.1002/adv.21947,17,aware,17,17,1.061505067981169,,1.0
ES1,2,9,10.1002/adv.21947,17,aware_on_anchor_rows,140,140,1.061505067981169,,1.0
ES1,2,9,10.1002/adv.21947,17,explore_anchor_matdisjoint,0,0,1.3947003679768326,,
ES1,2,9,10.1002/adv.21947,17,explore_aware8_on_anchor_rows,140,140,1.01661583767293,,1.0
ES1,2,9,10.1002/adv.21947,17,explore_aware_on_matdisjoint_rows,0,0,1.061505067981169,,
ES1,2,9,10.1002/adv.21947,17,explore_offset_q_aware,140,140,1.061505067981169,,1.0
ES1,2,9,10.1002/adv.21947,17,naive,14,17,0.6850127815262361,,0.8235294117647058
ES1,2,9,10.1016/j.jafr.2019.100015,15,anchor,120,120,1.038355184271201,120.0,1.0
ES1,2,9,10.1016/j.jafr.2019.100015,15,aware,14,15,1.061505067981169,,0.9333333333333333
ES1,2,9,10.1016/j.jafr.2019.100015,15,aware_on_anchor_rows,112,120,1.061505067981169,,0.9333333333333333
ES1,2,9,10.1016/j.jafr.2019.100015,15,explore_anchor_matdisjoint,0,0,1.3947003679768326,,
ES1,2,9,10.1016/j.jafr.2019.100015,15,explore_aware8_on_anchor_rows,112,120,1.01661583767293,,0.9333333333333333
ES1,2,9,10.1016/j.jafr.2019.100015,15,explore_aware_on_matdisjoint_rows,0,0,1.061505067981169,,
ES1,2,9,10.1016/j.jafr.2019.100015,15,explore_offset_q_aware,120,120,1.061505067981169,,1.0
ES1,2,9,10.1016/j.jafr.2019.100015,15,naive,11,15,0.6850127815262361,,0.7333333333333333
ES1,2,9,10.1016/j.mtsust.2022.100275,1,aware,1,1,1.061505067981169,,1.0
ES1,2,9,10.1016/j.mtsust.2022.100275,1,naive,1,1,0.6850127815262361,,1.0
ES1,2,9,10.1016/j.polymer.2014.06.032,8,anchor,50,50,1.038355184271201,50.0,1.0
ES1,2,9,10.1016/j.polymer.2014.06.032,8,aware,8,8,1.061505067981169,,1.0
ES1,2,9,10.1016/j.polymer.2014.06.032,8,aware_on_anchor_rows,50,50,1.061505067981169,,1.0
ES1,2,9,10.1016/j.polymer.2014.06.032,8,explore_anchor_matdisjoint,0,0,1.3947003679768326,,
ES1,2,9,10.1016/j.polymer.2014.06.032,8,explore_aware8_on_anchor_rows,50,50,1.01661583767293,,1.0
ES1,2,9,10.1016/j.polymer.2014.06.032,8,explore_aware_on_matdisjoint_rows,0,0,1.061505067981169,,
ES1,2,9,10.1016/j.polymer.2014.06.032,8,explore_offset_q_aware,50,50,1.061505067981169,,1.0
ES1,2,9,10.1016/j.polymer.2014.06.032,8,naive,8,8,0.6850127815262361,,1.0
ES1,2,9,10.1016/j.polymer.2020.123366,1,aware,1,1,1.061505067981169,,1.0
ES1,2,9,10.1016/j.polymer.2020.123366,1,naive,1,1,0.6850127815262361,,1.0
ES1,2,9,10.1109/nano.2013.6720964,4,aware,3,4,1.061505067981169,,0.75
ES1,2,9,10.1109/nano.2013.6720964,4,naive,0,4,0.6850127815262361,,0.0
ES1,2,9,10.3390/polym15132813,10,anchor,70,70,1.038355184271201,70.0,1.0
ES1,2,9,10.3390/polym15132813,10,aware,10,10,1.061505067981169,,1.0
ES1,2,9,10.3390/polym15132813,10,aware_on_anchor_rows,70,70,1.061505067981169,,1.0
ES1,2,9,10.3390/polym15132813,10,explore_anchor_matdisjoint,0,0,1.3947003679768326,,
ES1,2,9,10.3390/polym15132813,10,explore_aware8_on_anchor_rows,70,70,1.01661583767293,,1.0
ES1,2,9,10.3390/polym15132813,10,explore_aware_on_matdisjoint_rows,0,0,1.061505067981169,,
ES1,2,9,10.3390/polym15132813,10,explore_offset_q_aware,70,70,1.061505067981169,,1.0
ES1,2,9,10.3390/polym15132813,10,naive,10,10,0.6850127815262361,,1.0
ES1,3,0,10.1007/s11814-009-0309-1,96,anchor,930,930,1.1054526466997543,930.0,1.0
ES1,3,0,10.1007/s11814-009-0309-1,96,aware,96,96,1.1282504170832928,,1.0
ES1,3,0,10.1007/s11814-009-0309-1,96,aware_on_anchor_rows,930,930,1.1282504170832928,,1.0
ES1,3,0,10.1007/s11814-009-0309-1,96,explore_anchor_matdisjoint,0,0,1.343892820255999,,
ES1,3,0,10.1007/s11814-009-0309-1,96,explore_aware8_on_anchor_rows,930,930,1.0644513009391754,,1.0
ES1,3,0,10.1007/s11814-009-0309-1,96,explore_aware_on_matdisjoint_rows,0,0,1.1282504170832928,,
ES1,3,0,10.1007/s11814-009-0309-1,96,explore_offset_q_aware,930,930,1.1282504170832928,,1.0
ES1,3,0,10.1007/s11814-009-0309-1,96,naive,96,96,0.7220617980959556,,1.0
ES1,3,1,10.1002/jbm.b.33337,1,aware,1,1,0.9933930051946662,,1.0
ES1,3,1,10.1002/jbm.b.33337,1,naive,1,1,0.6120936387119853,,1.0
ES1,3,1,10.1007/bf03218855,6,aware,6,6,0.9933930051946662,,1.0
ES1,3,1,10.1007/bf03218855,6,naive,4,6,0.6120936387119853,,0.6666666666666666
ES1,3,1,10.1016/j.compositesb.2019.01.094,46,anchor,230,430,0.8049822892302645,430.0,0.5348837209302325
ES1,3,1,10.1016/j.compositesb.2019.01.094,46,aware,32,46,0.9933930051946662,,0.6956521739130435
ES1,3,1,10.1016/j.compositesb.2019.01.094,46,aware_on_anchor_rows,299,430,0.9933930051946662,,0.6953488372093023
ES1,3,1,10.1016/j.compositesb.2019.01.094,46,explore_anchor_matdisjoint,0,0,1.5922343692292291,,
ES1,3,1,10.1016/j.compositesb.2019.01.094,46,explore_aware8_on_anchor_rows,282,430,0.9360741403306498,,0.6558139534883721
ES1,3,1,10.1016/j.compositesb.2019.01.094,46,explore_aware_on_matdisjoint_rows,0,0,0.9933930051946662,,
ES1,3,1,10.1016/j.compositesb.2019.01.094,46,explore_offset_q_aware,265,430,0.9933930051946662,,0.6162790697674418
ES1,3,1,10.1016/j.compositesb.2019.01.094,46,naive,22,46,0.6120936387119853,,0.4782608695652174
ES1,3,1,10.1016/j.jmrt.2023.01.007,1,aware,1,1,0.9933930051946662,,1.0
ES1,3,1,10.1016/j.jmrt.2023.01.007,1,naive,1,1,0.6120936387119853,,1.0
ES1,3,1,10.1016/j.polymertesting.2019.106218,3,aware,0,3,0.9933930051946662,,0.0
ES1,3,1,10.1016/j.polymertesting.2019.106218,3,naive,0,3,0.6120936387119853,,0.0
ES1,3,2,10.1002/app.42304,9,anchor,56,60,0.9647963352309624,51.0,0.9333333333333333
ES1,3,2,10.1002/app.42304,9,aware,8,9,1.033308200457815,,0.8888888888888888
ES1,3,2,10.1002/app.42304,9,aware_on_anchor_rows,53,60,1.033308200457815,,0.8833333333333333
ES1,3,2,10.1002/app.42304,9,explore_anchor_matdisjoint,9,9,1.2607754726607656,,1.0
ES1,3,2,10.1002/app.42304,9,explore_aware8_on_anchor_rows,38,60,0.9610405159640152,,0.6333333333333333
ES1,3,2,10.1002/app.42304,9,explore_aware_on_matdisjoint_rows,6,9,1.033308200457815,,0.6666666666666666
ES1,3,2,10.1002/app.42304,9,explore_offset_q_aware,59,60,1.033308200457815,,0.9833333333333333
ES1,3,2,10.1002/app.42304,9,naive,6,9,0.6744066158477002,,0.6666666666666666
ES1,3,2,10.1002/app.52131,6,aware,6,6,1.033308200457815,,1.0
ES1,3,2,10.1002/app.52131,6,naive,0,6,0.6744066158477002,,0.0
ES1,3,2,10.1007/s12221-015-5263-4,38,anchor,267,350,0.9647963352309624,274.0,0.7628571428571429
ES1,3,2,10.1007/s12221-015-5263-4,38,aware,34,38,1.033308200457815,,0.8947368421052632
ES1,3,2,10.1007/s12221-015-5263-4,38,aware_on_anchor_rows,315,350,1.033308200457815,,0.9
ES1,3,2,10.1007/s12221-015-5263-4,38,explore_anchor_matdisjoint,55,76,1.2607754726607656,,0.7236842105263158
ES1,3,2,10.1007/s12221-015-5263-4,38,explore_aware8_on_anchor_rows,289,350,0.9610405159640152,,0.8257142857142857
ES1,3,2,10.1007/s12221-015-5263-4,38,explore_aware_on_matdisjoint_rows,72,76,1.033308200457815,,0.9473684210526315
ES1,3,2,10.1007/s12221-015-5263-4,38,explore_offset_q_aware,281,350,1.033308200457815,,0.8028571428571428
ES1,3,2,10.1007/s12221-015-5263-4,38,naive,24,38,0.6744066158477002,,0.631578947368421
ES1,3,2,10.1016/j.memsci.2018.06.050,3,aware,3,3,1.033308200457815,,1.0
ES1,3,2,10.1016/j.memsci.2018.06.050,3,naive,1,3,0.6744066158477002,,0.3333333333333333
ES1,3,3,10.1002/app.21762,3,aware,3,3,1.012411581598152,,1.0
ES1,3,3,10.1002/app.21762,3,naive,1,3,0.6808958418734772,,0.3333333333333333
ES1,3,3,10.1016/j.eurpolymj.2004.10.027,12,anchor,90,90,0.9339901863628386,90.0,1.0
ES1,3,3,10.1016/j.eurpolymj.2004.10.027,12,aware,11,12,1.012411581598152,,0.9166666666666666
ES1,3,3,10.1016/j.eurpolymj.2004.10.027,12,aware_on_anchor_rows,82,90,1.012411581598152,,0.9111111111111111
ES1,3,3,10.1016/j.eurpolymj.2004.10.027,12,explore_anchor_matdisjoint,0,0,1.7287766254998742,,
ES1,3,3,10.1016/j.eurpolymj.2004.10.027,12,explore_aware8_on_anchor_rows,82,90,0.9887844645542864,,0.9111111111111111
ES1,3,3,10.1016/j.eurpolymj.2004.10.027,12,explore_aware_on_matdisjoint_rows,0,0,1.012411581598152,,
ES1,3,3,10.1016/j.eurpolymj.2004.10.027,12,explore_offset_q_aware,90,90,1.012411581598152,,1.0
ES1,3,3,10.1016/j.eurpolymj.2004.10.027,12,naive,11,12,0.6808958418734772,,0.9166666666666666
ES1,3,3,10.1016/j.memsci.2022.120850,5,aware,3,5,1.012411581598152,,0.6
ES1,3,3,10.1016/j.memsci.2022.120850,5,naive,2,5,0.6808958418734772,,0.4
ES1,3,3,10.1016/j.mtsust.2022.100275,1,aware,1,1,1.012411581598152,,1.0
ES1,3,3,10.1016/j.mtsust.2022.100275,1,naive,1,1,0.6808958418734772,,1.0
ES1,3,3,10.1016/j.polymer.2008.09.025,26,anchor,188,230,0.9339901863628386,230.0,0.8173913043478261
ES1,3,3,10.1016/j.polymer.2008.09.025,26,aware,17,26,1.012411581598152,,0.6538461538461539
ES1,3,3,10.1016/j.polymer.2008.09.025,26,aware_on_anchor_rows,150,230,1.012411581598152,,0.6521739130434783
ES1,3,3,10.1016/j.polymer.2008.09.025,26,explore_anchor_matdisjoint,0,0,1.7287766254998742,,
ES1,3,3,10.1016/j.polymer.2008.09.025,26,explore_aware8_on_anchor_rows,150,230,0.9887844645542864,,0.6521739130434783
ES1,3,3,10.1016/j.polymer.2008.09.025,26,explore_aware_on_matdisjoint_rows,0,0,1.012411581598152,,
ES1,3,3,10.1016/j.polymer.2008.09.025,26,explore_offset_q_aware,195,230,1.012411581598152,,0.8478260869565217
ES1,3,3,10.1016/j.polymer.2008.09.025,26,naive,10,26,0.6808958418734772,,0.38461538461538464
ES1,3,3,10.3139/217.3278,9,anchor,60,60,0.9339901863628386,60.0,1.0
ES1,3,3,10.3139/217.3278,9,aware,9,9,1.012411581598152,,1.0
ES1,3,3,10.3139/217.3278,9,aware_on_anchor_rows,60,60,1.012411581598152,,1.0
ES1,3,3,10.3139/217.3278,9,explore_anchor_matdisjoint,0,0,1.7287766254998742,,
ES1,3,3,10.3139/217.3278,9,explore_aware8_on_anchor_rows,60,60,0.9887844645542864,,1.0
ES1,3,3,10.3139/217.3278,9,explore_aware_on_matdisjoint_rows,0,0,1.012411581598152,,
ES1,3,3,10.3139/217.3278,9,explore_offset_q_aware,60,60,1.012411581598152,,1.0
ES1,3,3,10.3139/217.3278,9,naive,7,9,0.6808958418734772,,0.7777777777777778
ES1,3,4,10.1002/app.32569,20,anchor,170,170,0.9925629146730778,170.0,1.0
ES1,3,4,10.1002/app.32569,20,aware,20,20,1.0636912294692973,,1.0
ES1,3,4,10.1002/app.32569,20,aware_on_anchor_rows,170,170,1.0636912294692973,,1.0
ES1,3,4,10.1002/app.32569,20,explore_anchor_matdisjoint,0,0,1.3234165728095708,,
ES1,3,4,10.1002/app.32569,20,explore_aware8_on_anchor_rows,170,170,1.02223912273785,,1.0
ES1,3,4,10.1002/app.32569,20,explore_aware_on_matdisjoint_rows,0,0,1.0636912294692973,,
ES1,3,4,10.1002/app.32569,20,explore_offset_q_aware,170,170,1.0636912294692973,,1.0
ES1,3,4,10.1002/app.32569,20,naive,16,20,0.6584675219320246,,0.8
ES1,3,4,10.1007/s00521-017-2996-6,13,anchor,100,100,0.9925629146730778,100.0,1.0
ES1,3,4,10.1007/s00521-017-2996-6,13,aware,13,13,1.0636912294692973,,1.0
ES1,3,4,10.1007/s00521-017-2996-6,13,aware_on_anchor_rows,100,100,1.0636912294692973,,1.0
ES1,3,4,10.1007/s00521-017-2996-6,13,explore_anchor_matdisjoint,0,0,1.3234165728095708,,
ES1,3,4,10.1007/s00521-017-2996-6,13,explore_aware8_on_anchor_rows,100,100,1.02223912273785,,1.0
ES1,3,4,10.1007/s00521-017-2996-6,13,explore_aware_on_matdisjoint_rows,0,0,1.0636912294692973,,
ES1,3,4,10.1007/s00521-017-2996-6,13,explore_offset_q_aware,100,100,1.0636912294692973,,1.0
ES1,3,4,10.1007/s00521-017-2996-6,13,naive,13,13,0.6584675219320246,,1.0
ES1,3,4,10.1063/1.4994968,1,aware,1,1,1.0636912294692973,,1.0
ES1,3,4,10.1063/1.4994968,1,naive,0,1,0.6584675219320246,,0.0
ES1,3,4,10.1088/1748-6041/8/4/045007,5,aware,4,5,1.0636912294692973,,0.8
ES1,3,4,10.1088/1748-6041/8/4/045007,5,naive,1,5,0.6584675219320246,,0.2
ES1,3,4,10.1515/epoly-2014-0110,7,aware,7,7,1.0636912294692973,,1.0
ES1,3,4,10.1515/epoly-2014-0110,7,naive,2,7,0.6584675219320246,,0.2857142857142857
ES1,3,4,10.3390/polym15132813,10,anchor,70,70,0.9925629146730778,70.0,1.0
ES1,3,4,10.3390/polym15132813,10,aware,10,10,1.0636912294692973,,1.0
ES1,3,4,10.3390/polym15132813,10,aware_on_anchor_rows,70,70,1.0636912294692973,,1.0
ES1,3,4,10.3390/polym15132813,10,explore_anchor_matdisjoint,0,0,1.3234165728095708,,
ES1,3,4,10.3390/polym15132813,10,explore_aware8_on_anchor_rows,70,70,1.02223912273785,,1.0
ES1,3,4,10.3390/polym15132813,10,explore_aware_on_matdisjoint_rows,0,0,1.0636912294692973,,
ES1,3,4,10.3390/polym15132813,10,explore_offset_q_aware,70,70,1.0636912294692973,,1.0
ES1,3,4,10.3390/polym15132813,10,naive,10,10,0.6584675219320246,,1.0
ES1,3,5,10.1002/polb.21380,12,anchor,90,90,0.9914379992902784,81.0,1.0
ES1,3,5,10.1002/polb.21380,12,aware,12,12,1.0483660732525406,,1.0
ES1,3,5,10.1002/polb.21380,12,aware_on_anchor_rows,90,90,1.0483660732525406,,1.0
ES1,3,5,10.1002/polb.21380,12,explore_anchor_matdisjoint,9,9,1.4222998747835869,,1.0
ES1,3,5,10.1002/polb.21380,12,explore_aware8_on_anchor_rows,90,90,0.9879403121225154,,1.0
ES1,3,5,10.1002/polb.21380,12,explore_aware_on_matdisjoint_rows,9,9,1.0483660732525406,,1.0
ES1,3,5,10.1002/polb.21380,12,explore_offset_q_aware,90,90,1.0483660732525406,,1.0
ES1,3,5,10.1002/polb.21380,12,naive,12,12,0.6639654832173001,,1.0
ES1,3,5,10.1007/s00521-014-1554-8,20,anchor,156,170,0.9914379992902784,170.0,0.9176470588235294
ES1,3,5,10.1007/s00521-014-1554-8,20,aware,20,20,1.0483660732525406,,1.0
ES1,3,5,10.1007/s00521-014-1554-8,20,aware_on_anchor_rows,170,170,1.0483660732525406,,1.0
ES1,3,5,10.1007/s00521-014-1554-8,20,explore_anchor_matdisjoint,0,0,1.4222998747835869,,
ES1,3,5,10.1007/s00521-014-1554-8,20,explore_aware8_on_anchor_rows,161,170,0.9879403121225154,,0.9470588235294117
ES1,3,5,10.1007/s00521-014-1554-8,20,explore_aware_on_matdisjoint_rows,0,0,1.0483660732525406,,
ES1,3,5,10.1007/s00521-014-1554-8,20,explore_offset_q_aware,159,170,1.0483660732525406,,0.9352941176470588
ES1,3,5,10.1007/s00521-014-1554-8,20,naive,18,20,0.6639654832173001,,0.9
ES1,3,5,10.1016/j.matlet.2015.08.003,5,aware,2,5,1.0483660732525406,,0.4
ES1,3,5,10.1016/j.matlet.2015.08.003,5,naive,2,5,0.6639654832173001,,0.4
ES1,3,5,10.1021/acsami.0c02578.,2,aware,2,2,1.0483660732525406,,1.0
ES1,3,5,10.1021/acsami.0c02578.,2,naive,2,2,0.6639654832173001,,1.0
ES1,3,5,10.3390/nano10061221,11,anchor,80,80,0.9914379992902784,80.0,1.0
ES1,3,5,10.3390/nano10061221,11,aware,8,11,1.0483660732525406,,0.7272727272727273
ES1,3,5,10.3390/nano10061221,11,aware_on_anchor_rows,60,80,1.0483660732525406,,0.75
ES1,3,5,10.3390/nano10061221,11,explore_anchor_matdisjoint,0,0,1.4222998747835869,,
ES1,3,5,10.3390/nano10061221,11,explore_aware8_on_anchor_rows,60,80,0.9879403121225154,,0.75
ES1,3,5,10.3390/nano10061221,11,explore_aware_on_matdisjoint_rows,0,0,1.0483660732525406,,
ES1,3,5,10.3390/nano10061221,11,explore_offset_q_aware,80,80,1.0483660732525406,,1.0
ES1,3,5,10.3390/nano10061221,11,naive,3,11,0.6639654832173001,,0.2727272727272727
ES1,3,5,10.3390/nano12060962,6,aware,5,6,1.0483660732525406,,0.8333333333333334
ES1,3,5,10.3390/nano12060962,6,naive,1,6,0.6639654832173001,,0.16666666666666666
ES1,3,6,10.1002/marc.200700544,4,aware,3,4,1.0441112354730402,,0.75
ES1,3,6,10.1002/marc.200700544,4,naive,3,4,0.6738135240566923,,0.75
ES1,3,6,10.1016/j.jafr.2019.100015,15,anchor,120,120,1.016646366461191,120.0,1.0
ES1,3,6,10.1016/j.jafr.2019.100015,15,aware,14,15,1.0441112354730402,,0.9333333333333333
ES1,3,6,10.1016/j.jafr.2019.100015,15,aware_on_anchor_rows,111,120,1.0441112354730402,,0.925
ES1,3,6,10.1016/j.jafr.2019.100015,15,explore_anchor_matdisjoint,0,0,1.5200054125279865,,
ES1,3,6,10.1016/j.jafr.2019.100015,15,explore_aware8_on_anchor_rows,101,120,1.0115808202592538,,0.8416666666666667
ES1,3,6,10.1016/j.jafr.2019.100015,15,explore_aware_on_matdisjoint_rows,0,0,1.0441112354730402,,
ES1,3,6,10.1016/j.jafr.2019.100015,15,explore_offset_q_aware,120,120,1.0441112354730402,,1.0
ES1,3,6,10.1016/j.jafr.2019.100015,15,naive,11,15,0.6738135240566923,,0.7333333333333333
ES1,3,6,10.1016/j.polymer.2014.06.032,8,anchor,50,50,1.016646366461191,50.0,1.0
ES1,3,6,10.1016/j.polymer.2014.06.032,8,aware,8,8,1.0441112354730402,,1.0
ES1,3,6,10.1016/j.polymer.2014.06.032,8,aware_on_anchor_rows,50,50,1.0441112354730402,,1.0
ES1,3,6,10.1016/j.polymer.2014.06.032,8,explore_anchor_matdisjoint,0,0,1.5200054125279865,,
ES1,3,6,10.1016/j.polymer.2014.06.032,8,explore_aware8_on_anchor_rows,50,50,1.0115808202592538,,1.0
ES1,3,6,10.1016/j.polymer.2014.06.032,8,explore_aware_on_matdisjoint_rows,0,0,1.0441112354730402,,
ES1,3,6,10.1016/j.polymer.2014.06.032,8,explore_offset_q_aware,50,50,1.0441112354730402,,1.0
ES1,3,6,10.1016/j.polymer.2014.06.032,8,naive,8,8,0.6738135240566923,,1.0
ES1,3,6,10.3390/polym14030593,2,aware,2,2,1.0441112354730402,,1.0
ES1,3,6,10.3390/polym14030593,2,naive,2,2,0.6738135240566923,,1.0
ES1,3,6,10.3390/polym15030731,9,anchor,60,60,1.016646366461191,60.0,1.0
ES1,3,6,10.3390/polym15030731,9,aware,9,9,1.0441112354730402,,1.0
ES1,3,6,10.3390/polym15030731,9,aware_on_anchor_rows,60,60,1.0441112354730402,,1.0
ES1,3,6,10.3390/polym15030731,9,explore_anchor_matdisjoint,0,0,1.5200054125279865,,
ES1,3,6,10.3390/polym15030731,9,explore_aware8_on_anchor_rows,60,60,1.0115808202592538,,1.0
ES1,3,6,10.3390/polym15030731,9,explore_aware_on_matdisjoint_rows,0,0,1.0441112354730402,,
ES1,3,6,10.3390/polym15030731,9,explore_offset_q_aware,60,60,1.0441112354730402,,1.0
ES1,3,6,10.3390/polym15030731,9,naive,9,9,0.6738135240566923,,1.0
ES1,3,6,https://www.sciencedirect.com/science/article/pii/s0927776511005522,18,anchor,150,150,1.016646366461191,142.0,1.0
ES1,3,6,https://www.sciencedirect.com/science/article/pii/s0927776511005522,18,aware,18,18,1.0441112354730402,,1.0
ES1,3,6,https://www.sciencedirect.com/science/article/pii/s0927776511005522,18,aware_on_anchor_rows,150,150,1.0441112354730402,,1.0
ES1,3,6,https://www.sciencedirect.com/science/article/pii/s0927776511005522,18,explore_anchor_matdisjoint,8,8,1.5200054125279865,,1.0
ES1,3,6,https://www.sciencedirect.com/science/article/pii/s0927776511005522,18,explore_aware8_on_anchor_rows,150,150,1.0115808202592538,,1.0
ES1,3,6,https://www.sciencedirect.com/science/article/pii/s0927776511005522,18,explore_aware_on_matdisjoint_rows,8,8,1.0441112354730402,,1.0
ES1,3,6,https://www.sciencedirect.com/science/article/pii/s0927776511005522,18,explore_offset_q_aware,150,150,1.0441112354730402,,1.0
ES1,3,6,https://www.sciencedirect.com/science/article/pii/s0927776511005522,18,naive,17,18,0.6738135240566923,,0.9444444444444444
ES1,3,7,10.1007/s10965-014-0571-8.,18,anchor,102,150,0.9707386868495196,150.0,0.68
ES1,3,7,10.1007/s10965-014-0571-8.,18,aware,11,18,0.996632375436718,,0.6111111111111112
ES1,3,7,10.1007/s10965-014-0571-8.,18,aware_on_anchor_rows,91,150,0.996632375436718,,0.6066666666666667
ES1,3,7,10.1007/s10965-014-0571-8.,18,explore_anchor_matdisjoint,0,0,1.4640678847593065,,
ES1,3,7,10.1007/s10965-014-0571-8.,18,explore_aware8_on_anchor_rows,91,150,0.9829388282265654,,0.6066666666666667
ES1,3,7,10.1007/s10965-014-0571-8.,18,explore_aware_on_matdisjoint_rows,0,0,0.996632375436718,,
ES1,3,7,10.1007/s10965-014-0571-8.,18,explore_offset_q_aware,104,150,0.996632375436718,,0.6933333333333334
ES1,3,7,10.1007/s10965-014-0571-8.,18,naive,5,18,0.6355514112109786,,0.2777777777777778
ES1,3,7,10.1007/s40204-017-0071-0,13,anchor,100,100,0.9707386868495196,100.0,1.0
ES1,3,7,10.1007/s40204-017-0071-0,13,aware,13,13,0.996632375436718,,1.0
ES1,3,7,10.1007/s40204-017-0071-0,13,aware_on_anchor_rows,100,100,0.996632375436718,,1.0
ES1,3,7,10.1007/s40204-017-0071-0,13,explore_anchor_matdisjoint,0,0,1.4640678847593065,,
ES1,3,7,10.1007/s40204-017-0071-0,13,explore_aware8_on_anchor_rows,100,100,0.9829388282265654,,1.0
ES1,3,7,10.1007/s40204-017-0071-0,13,explore_aware_on_matdisjoint_rows,0,0,0.996632375436718,,
ES1,3,7,10.1007/s40204-017-0071-0,13,explore_offset_q_aware,100,100,0.996632375436718,,1.0
ES1,3,7,10.1007/s40204-017-0071-0,13,naive,13,13,0.6355514112109786,,1.0
ES1,3,7,10.1080/1539445x.2010.495630,12,anchor,78,90,0.9707386868495196,90.0,0.8666666666666667
ES1,3,7,10.1080/1539445x.2010.495630,12,aware,11,12,0.996632375436718,,0.9166666666666666
ES1,3,7,10.1080/1539445x.2010.495630,12,aware_on_anchor_rows,84,90,0.996632375436718,,0.9333333333333333
ES1,3,7,10.1080/1539445x.2010.495630,12,explore_anchor_matdisjoint,0,0,1.4640678847593065,,
ES1,3,7,10.1080/1539445x.2010.495630,12,explore_aware8_on_anchor_rows,84,90,0.9829388282265654,,0.9333333333333333
ES1,3,7,10.1080/1539445x.2010.495630,12,explore_aware_on_matdisjoint_rows,0,0,0.996632375436718,,
ES1,3,7,10.1080/1539445x.2010.495630,12,explore_offset_q_aware,79,90,0.996632375436718,,0.8777777777777778
ES1,3,7,10.1080/1539445x.2010.495630,12,naive,9,12,0.6355514112109786,,0.75
ES1,3,7,10.1177/00219983221144696,5,aware,3,5,0.996632375436718,,0.6
ES1,3,7,10.1177/00219983221144696,5,naive,2,5,0.6355514112109786,,0.4
ES1,3,7,10.30684/etj.35.4a.5,6,aware,5,6,0.996632375436718,,0.8333333333333334
ES1,3,7,10.30684/etj.35.4a.5,6,naive,4,6,0.6355514112109786,,0.6666666666666666
ES1,3,7,10.3390/fib8100065,2,aware,2,2,0.996632375436718,,1.0
ES1,3,7,10.3390/fib8100065,2,naive,1,2,0.6355514112109786,,0.5
ES1,3,8,10.1002/app.25464,16,anchor,85,130,0.9717232734050512,124.0,0.6538461538461539
ES1,3,8,10.1002/app.25464,16,aware,12,16,1.0493603608074649,,0.75
ES1,3,8,10.1002/app.25464,16,aware_on_anchor_rows,98,130,1.0493603608074649,,0.7538461538461538
ES1,3,8,10.1002/app.25464,16,explore_anchor_matdisjoint,4,6,1.396208867266955,,0.6666666666666666
ES1,3,8,10.1002/app.25464,16,explore_aware8_on_anchor_rows,98,130,1.0268396152057289,,0.7538461538461538
ES1,3,8,10.1002/app.25464,16,explore_aware_on_matdisjoint_rows,3,6,1.0493603608074649,,0.5
ES1,3,8,10.1002/app.25464,16,explore_offset_q_aware,90,130,1.0493603608074649,,0.6923076923076923
ES1,3,8,10.1002/app.25464,16,naive,8,16,0.6373736219158612,,0.5
ES1,3,8,10.1002/app.36726,17,anchor,140,140,0.9717232734050512,140.0,1.0
ES1,3,8,10.1002/app.36726,17,aware,17,17,1.0493603608074649,,1.0
ES1,3,8,10.1002/app.36726,17,aware_on_anchor_rows,140,140,1.0493603608074649,,1.0
ES1,3,8,10.1002/app.36726,17,explore_anchor_matdisjoint,0,0,1.396208867266955,,
ES1,3,8,10.1002/app.36726,17,explore_aware8_on_anchor_rows,140,140,1.0268396152057289,,1.0
ES1,3,8,10.1002/app.36726,17,explore_aware_on_matdisjoint_rows,0,0,1.0493603608074649,,
ES1,3,8,10.1002/app.36726,17,explore_offset_q_aware,140,140,1.0493603608074649,,1.0
ES1,3,8,10.1002/app.36726,17,naive,17,17,0.6373736219158612,,1.0
ES1,3,8,10.1016/j.materresbull.2022.112052,1,aware,0,1,1.0493603608074649,,0.0
ES1,3,8,10.1016/j.materresbull.2022.112052,1,naive,0,1,0.6373736219158612,,0.0
ES1,3,8,10.1016/j.memsci.2013.01.023,8,anchor,34,50,0.9717232734050512,50.0,0.68
ES1,3,8,10.1016/j.memsci.2013.01.023,8,aware,7,8,1.0493603608074649,,0.875
ES1,3,8,10.1016/j.memsci.2013.01.023,8,aware_on_anchor_rows,44,50,1.0493603608074649,,0.88
ES1,3,8,10.1016/j.memsci.2013.01.023,8,explore_anchor_matdisjoint,0,0,1.396208867266955,,
ES1,3,8,10.1016/j.memsci.2013.01.023,8,explore_aware8_on_anchor_rows,44,50,1.0268396152057289,,0.88
ES1,3,8,10.1016/j.memsci.2013.01.023,8,explore_aware_on_matdisjoint_rows,0,0,1.0493603608074649,,
ES1,3,8,10.1016/j.memsci.2013.01.023,8,explore_offset_q_aware,37,50,1.0493603608074649,,0.74
ES1,3,8,10.1016/j.memsci.2013.01.023,8,naive,5,8,0.6373736219158612,,0.625
ES1,3,8,10.1109/nano.2013.6720964,4,aware,3,4,1.0493603608074649,,0.75
ES1,3,8,10.1109/nano.2013.6720964,4,naive,0,4,0.6373736219158612,,0.0
ES1,3,8,10.3390/nano14131083,1,aware,1,1,1.0493603608074649,,1.0
ES1,3,8,10.3390/nano14131083,1,naive,1,1,0.6373736219158612,,1.0
ES1,3,8,https://www.researchgate.net/profile/dhananjay-pise/publication/277816900_study_of_process_parameters_affecting_the_diameter_and_morphology_of_electrospun_polyvinylidene_fluoride_pvdf_nanofibers/links/55751b5c08aeacff1ffcc4a8/study-of-process-parameters-affecting-the-diameter-and-morphology-of-electrospun-polyvinylidene-fluoride-pvdf-nanofibers.pdf,9,anchor,60,60,0.9717232734050512,60.0,1.0
ES1,3,8,https://www.researchgate.net/profile/dhananjay-pise/publication/277816900_study_of_process_parameters_affecting_the_diameter_and_morphology_of_electrospun_polyvinylidene_fluoride_pvdf_nanofibers/links/55751b5c08aeacff1ffcc4a8/study-of-process-parameters-affecting-the-diameter-and-morphology-of-electrospun-polyvinylidene-fluoride-pvdf-nanofibers.pdf,9,aware,9,9,1.0493603608074649,,1.0
ES1,3,8,https://www.researchgate.net/profile/dhananjay-pise/publication/277816900_study_of_process_parameters_affecting_the_diameter_and_morphology_of_electrospun_polyvinylidene_fluoride_pvdf_nanofibers/links/55751b5c08aeacff1ffcc4a8/study-of-process-parameters-affecting-the-diameter-and-morphology-of-electrospun-polyvinylidene-fluoride-pvdf-nanofibers.pdf,9,aware_on_anchor_rows,60,60,1.0493603608074649,,1.0
ES1,3,8,https://www.researchgate.net/profile/dhananjay-pise/publication/277816900_study_of_process_parameters_affecting_the_diameter_and_morphology_of_electrospun_polyvinylidene_fluoride_pvdf_nanofibers/links/55751b5c08aeacff1ffcc4a8/study-of-process-parameters-affecting-the-diameter-and-morphology-of-electrospun-polyvinylidene-fluoride-pvdf-nanofibers.pdf,9,explore_anchor_matdisjoint,0,0,1.396208867266955,,
ES1,3,8,https://www.researchgate.net/profile/dhananjay-pise/publication/277816900_study_of_process_parameters_affecting_the_diameter_and_morphology_of_electrospun_polyvinylidene_fluoride_pvdf_nanofibers/links/55751b5c08aeacff1ffcc4a8/study-of-process-parameters-affecting-the-diameter-and-morphology-of-electrospun-polyvinylidene-fluoride-pvdf-nanofibers.pdf,9,explore_aware8_on_anchor_rows,60,60,1.0268396152057289,,1.0
ES1,3,8,https://www.researchgate.net/profile/dhananjay-pise/publication/277816900_study_of_process_parameters_affecting_the_diameter_and_morphology_of_electrospun_polyvinylidene_fluoride_pvdf_nanofibers/links/55751b5c08aeacff1ffcc4a8/study-of-process-parameters-affecting-the-diameter-and-morphology-of-electrospun-polyvinylidene-fluoride-pvdf-nanofibers.pdf,9,explore_aware_on_matdisjoint_rows,0,0,1.0493603608074649,,
ES1,3,8,https://www.researchgate.net/profile/dhananjay-pise/publication/277816900_study_of_process_parameters_affecting_the_diameter_and_morphology_of_electrospun_polyvinylidene_fluoride_pvdf_nanofibers/links/55751b5c08aeacff1ffcc4a8/study-of-process-parameters-affecting-the-diameter-and-morphology-of-electrospun-polyvinylidene-fluoride-pvdf-nanofibers.pdf,9,explore_offset_q_aware,60,60,1.0493603608074649,,1.0
ES1,3,8,https://www.researchgate.net/profile/dhananjay-pise/publication/277816900_study_of_process_parameters_affecting_the_diameter_and_morphology_of_electrospun_polyvinylidene_fluoride_pvdf_nanofibers/links/55751b5c08aeacff1ffcc4a8/study-of-process-parameters-affecting-the-diameter-and-morphology-of-electrospun-polyvinylidene-fluoride-pvdf-nanofibers.pdf,9,naive,8,9,0.6373736219158612,,0.8888888888888888
ES1,3,9,10.1002/adv.21947,17,anchor,140,140,0.9680041613259398,140.0,1.0
ES1,3,9,10.1002/adv.21947,17,aware,17,17,1.0540817734570664,,1.0
ES1,3,9,10.1002/adv.21947,17,aware_on_anchor_rows,140,140,1.0540817734570664,,1.0
ES1,3,9,10.1002/adv.21947,17,explore_anchor_matdisjoint,0,0,1.657313330909297,,
ES1,3,9,10.1002/adv.21947,17,explore_aware8_on_anchor_rows,140,140,1.0357938670366664,,1.0
ES1,3,9,10.1002/adv.21947,17,explore_aware_on_matdisjoint_rows,0,0,1.0540817734570664,,
ES1,3,9,10.1002/adv.21947,17,explore_offset_q_aware,140,140,1.0540817734570664,,1.0
ES1,3,9,10.1002/adv.21947,17,naive,14,17,0.6590175860474066,,0.8235294117647058
ES1,3,9,10.1016/j.molliq.2023.122819,10,anchor,60,70,0.9680041613259398,62.0,0.8571428571428571
ES1,3,9,10.1016/j.molliq.2023.122819,10,aware,10,10,1.0540817734570664,,1.0
ES1,3,9,10.1016/j.molliq.2023.122819,10,aware_on_anchor_rows,70,70,1.0540817734570664,,1.0
ES1,3,9,10.1016/j.molliq.2023.122819,10,explore_anchor_matdisjoint,8,8,1.657313330909297,,1.0
ES1,3,9,10.1016/j.molliq.2023.122819,10,explore_aware8_on_anchor_rows,70,70,1.0357938670366664,,1.0
ES1,3,9,10.1016/j.molliq.2023.122819,10,explore_aware_on_matdisjoint_rows,8,8,1.0540817734570664,,1.0
ES1,3,9,10.1016/j.molliq.2023.122819,10,explore_offset_q_aware,63,70,1.0540817734570664,,0.9
ES1,3,9,10.1016/j.molliq.2023.122819,10,naive,8,10,0.6590175860474066,,0.8
ES1,3,9,10.1016/j.polymer.2020.123366,1,aware,1,1,1.0540817734570664,,1.0
ES1,3,9,10.1016/j.polymer.2020.123366,1,naive,0,1,0.6590175860474066,,0.0
ES1,3,9,10.1515/epoly-2018-0037,4,aware,4,4,1.0540817734570664,,1.0
ES1,3,9,10.1515/epoly-2018-0037,4,naive,3,4,0.6590175860474066,,0.75
ES1,3,9,10.1515/epoly-2022-8106,15,anchor,120,120,0.9680041613259398,120.0,1.0
ES1,3,9,10.1515/epoly-2022-8106,15,aware,15,15,1.0540817734570664,,1.0
ES1,3,9,10.1515/epoly-2022-8106,15,aware_on_anchor_rows,120,120,1.0540817734570664,,1.0
ES1,3,9,10.1515/epoly-2022-8106,15,explore_anchor_matdisjoint,0,0,1.657313330909297,,
ES1,3,9,10.1515/epoly-2022-8106,15,explore_aware8_on_anchor_rows,120,120,1.0357938670366664,,1.0
ES1,3,9,10.1515/epoly-2022-8106,15,explore_aware_on_matdisjoint_rows,0,0,1.0540817734570664,,
ES1,3,9,10.1515/epoly-2022-8106,15,explore_offset_q_aware,120,120,1.0540817734570664,,1.0
ES1,3,9,10.1515/epoly-2022-8106,15,naive,15,15,0.6590175860474066,,1.0
ES1,3,9,10.3390/nano11102514,8,anchor,50,50,0.9680041613259398,50.0,1.0
ES1,3,9,10.3390/nano11102514,8,aware,8,8,1.0540817734570664,,1.0
ES1,3,9,10.3390/nano11102514,8,aware_on_anchor_rows,50,50,1.0540817734570664,,1.0
ES1,3,9,10.3390/nano11102514,8,explore_anchor_matdisjoint,0,0,1.657313330909297,,
ES1,3,9,10.3390/nano11102514,8,explore_aware8_on_anchor_rows,50,50,1.0357938670366664,,1.0
ES1,3,9,10.3390/nano11102514,8,explore_aware_on_matdisjoint_rows,0,0,1.0540817734570664,,
ES1,3,9,10.3390/nano11102514,8,explore_offset_q_aware,50,50,1.0540817734570664,,1.0
ES1,3,9,10.3390/nano11102514,8,naive,5,8,0.6590175860474066,,0.625
ES1,3,9,ãâ https://doi.org/10.3390/ma8052718,1,aware,1,1,1.0540817734570664,,1.0
ES1,3,9,ãâ https://doi.org/10.3390/ma8052718,1,naive,1,1,0.6590175860474066,,1.0
ES1,4,0,10.1007/s11814-009-0309-1,96,anchor,930,930,1.066709510402546,930.0,1.0
ES1,4,0,10.1007/s11814-009-0309-1,96,aware,96,96,1.092696541656136,,1.0
ES1,4,0,10.1007/s11814-009-0309-1,96,aware_on_anchor_rows,930,930,1.092696541656136,,1.0
ES1,4,0,10.1007/s11814-009-0309-1,96,explore_anchor_matdisjoint,0,0,1.5641125587737652,,
ES1,4,0,10.1007/s11814-009-0309-1,96,explore_aware8_on_anchor_rows,930,930,1.051732089830308,,1.0
ES1,4,0,10.1007/s11814-009-0309-1,96,explore_aware_on_matdisjoint_rows,0,0,1.092696541656136,,
ES1,4,0,10.1007/s11814-009-0309-1,96,explore_offset_q_aware,930,930,1.092696541656136,,1.0
ES1,4,0,10.1007/s11814-009-0309-1,96,naive,96,96,0.749840799099637,,1.0
ES1,4,1,10.1002/app.21762,3,aware,3,3,1.0318084249414232,,1.0
ES1,4,1,10.1002/app.21762,3,naive,1,3,0.5805563335893948,,0.3333333333333333
ES1,4,1,10.1016/j.compositesb.2019.01.094,46,anchor,217,430,0.8200171944636813,430.0,0.5046511627906977
ES1,4,1,10.1016/j.compositesb.2019.01.094,46,aware,32,46,1.0318084249414232,,0.6956521739130435
ES1,4,1,10.1016/j.compositesb.2019.01.094,46,aware_on_anchor_rows,300,430,1.0318084249414232,,0.6976744186046512
ES1,4,1,10.1016/j.compositesb.2019.01.094,46,explore_anchor_matdisjoint,0,0,1.808232033309784,,
ES1,4,1,10.1016/j.compositesb.2019.01.094,46,explore_aware8_on_anchor_rows,300,430,0.9907842709683649,,0.6976744186046512
ES1,4,1,10.1016/j.compositesb.2019.01.094,46,explore_aware_on_matdisjoint_rows,0,0,1.0318084249414232,,
ES1,4,1,10.1016/j.compositesb.2019.01.094,46,explore_offset_q_aware,260,430,1.0318084249414232,,0.6046511627906976
ES1,4,1,10.1016/j.compositesb.2019.01.094,46,naive,20,46,0.5805563335893948,,0.43478260869565216
ES1,4,1,10.1016/j.materresbull.2022.112052,1,aware,0,1,1.0318084249414232,,0.0
ES1,4,1,10.1016/j.materresbull.2022.112052,1,naive,0,1,0.5805563335893948,,0.0
ES1,4,1,10.30684/etj.35.4a.5,6,aware,5,6,1.0318084249414232,,0.8333333333333334
ES1,4,1,10.30684/etj.35.4a.5,6,naive,4,6,0.5805563335893948,,0.6666666666666666
ES1,4,1,ãâ https://doi.org/10.3390/ma8052718,1,aware,1,1,1.0318084249414232,,1.0
ES1,4,1,ãâ https://doi.org/10.3390/ma8052718,1,naive,1,1,0.5805563335893948,,1.0
ES1,4,2,10.1007/s12221-015-5263-4,38,anchor,261,350,0.9041399520991138,255.0,0.7457142857142857
ES1,4,2,10.1007/s12221-015-5263-4,38,aware,34,38,1.0243184220770187,,0.8947368421052632
ES1,4,2,10.1007/s12221-015-5263-4,38,aware_on_anchor_rows,315,350,1.0243184220770187,,0.9
ES1,4,2,10.1007/s12221-015-5263-4,38,explore_anchor_matdisjoint,75,95,1.2848802210384558,,0.7894736842105263
ES1,4,2,10.1007/s12221-015-5263-4,38,explore_aware8_on_anchor_rows,298,350,0.9267599731365888,,0.8514285714285714
ES1,4,2,10.1007/s12221-015-5263-4,38,explore_aware_on_matdisjoint_rows,84,95,1.0243184220770187,,0.8842105263157894
ES1,4,2,10.1007/s12221-015-5263-4,38,explore_offset_q_aware,281,350,1.0243184220770187,,0.8028571428571428
ES1,4,2,10.1007/s12221-015-5263-4,38,naive,25,38,0.6873841288628819,,0.6578947368421053
ES1,4,2,10.1016/j.polymertesting.2019.106218,3,aware,0,3,1.0243184220770187,,0.0
ES1,4,2,10.1016/j.polymertesting.2019.106218,3,naive,0,3,0.6873841288628819,,0.0
ES1,4,2,10.3390/nano12060962,6,aware,5,6,1.0243184220770187,,0.8333333333333334
ES1,4,2,10.3390/nano12060962,6,naive,2,6,0.6873841288628819,,0.3333333333333333
ES1,4,2,https://www.researchgate.net/profile/dhananjay-pise/publication/277816900_study_of_process_parameters_affecting_the_diameter_and_morphology_of_electrospun_polyvinylidene_fluoride_pvdf_nanofibers/links/55751b5c08aeacff1ffcc4a8/study-of-process-parameters-affecting-the-diameter-and-morphology-of-electrospun-polyvinylidene-fluoride-pvdf-nanofibers.pdf,9,anchor,60,60,0.9041399520991138,60.0,1.0
ES1,4,2,https://www.researchgate.net/profile/dhananjay-pise/publication/277816900_study_of_process_parameters_affecting_the_diameter_and_morphology_of_electrospun_polyvinylidene_fluoride_pvdf_nanofibers/links/55751b5c08aeacff1ffcc4a8/study-of-process-parameters-affecting-the-diameter-and-morphology-of-electrospun-polyvinylidene-fluoride-pvdf-nanofibers.pdf,9,aware,9,9,1.0243184220770187,,1.0
ES1,4,2,https://www.researchgate.net/profile/dhananjay-pise/publication/277816900_study_of_process_parameters_affecting_the_diameter_and_morphology_of_electrospun_polyvinylidene_fluoride_pvdf_nanofibers/links/55751b5c08aeacff1ffcc4a8/study-of-process-parameters-affecting-the-diameter-and-morphology-of-electrospun-polyvinylidene-fluoride-pvdf-nanofibers.pdf,9,aware_on_anchor_rows,60,60,1.0243184220770187,,1.0
ES1,4,2,https://www.researchgate.net/profile/dhananjay-pise/publication/277816900_study_of_process_parameters_affecting_the_diameter_and_morphology_of_electrospun_polyvinylidene_fluoride_pvdf_nanofibers/links/55751b5c08aeacff1ffcc4a8/study-of-process-parameters-affecting-the-diameter-and-morphology-of-electrospun-polyvinylidene-fluoride-pvdf-nanofibers.pdf,9,explore_anchor_matdisjoint,0,0,1.2848802210384558,,
ES1,4,2,https://www.researchgate.net/profile/dhananjay-pise/publication/277816900_study_of_process_parameters_affecting_the_diameter_and_morphology_of_electrospun_polyvinylidene_fluoride_pvdf_nanofibers/links/55751b5c08aeacff1ffcc4a8/study-of-process-parameters-affecting-the-diameter-and-morphology-of-electrospun-polyvinylidene-fluoride-pvdf-nanofibers.pdf,9,explore_aware8_on_anchor_rows,60,60,0.9267599731365888,,1.0
ES1,4,2,https://www.researchgate.net/profile/dhananjay-pise/publication/277816900_study_of_process_parameters_affecting_the_diameter_and_morphology_of_electrospun_polyvinylidene_fluoride_pvdf_nanofibers/links/55751b5c08aeacff1ffcc4a8/study-of-process-parameters-affecting-the-diameter-and-morphology-of-electrospun-polyvinylidene-fluoride-pvdf-nanofibers.pdf,9,explore_aware_on_matdisjoint_rows,0,0,1.0243184220770187,,
ES1,4,2,https://www.researchgate.net/profile/dhananjay-pise/publication/277816900_study_of_process_parameters_affecting_the_diameter_and_morphology_of_electrospun_polyvinylidene_fluoride_pvdf_nanofibers/links/55751b5c08aeacff1ffcc4a8/study-of-process-parameters-affecting-the-diameter-and-morphology-of-electrospun-polyvinylidene-fluoride-pvdf-nanofibers.pdf,9,explore_offset_q_aware,60,60,1.0243184220770187,,1.0
ES1,4,2,https://www.researchgate.net/profile/dhananjay-pise/publication/277816900_study_of_process_parameters_affecting_the_diameter_and_morphology_of_electrospun_polyvinylidene_fluoride_pvdf_nanofibers/links/55751b5c08aeacff1ffcc4a8/study-of-process-parameters-affecting-the-diameter-and-morphology-of-electrospun-polyvinylidene-fluoride-pvdf-nanofibers.pdf,9,naive,9,9,0.6873841288628819,,1.0
ES1,4,3,10.1002/polb.21380,12,anchor,90,90,1.0009133069385303,78.0,1.0
ES1,4,3,10.1002/polb.21380,12,aware,12,12,1.0123845842960728,,1.0
ES1,4,3,10.1002/polb.21380,12,aware_on_anchor_rows,90,90,1.0123845842960728,,1.0
ES1,4,3,10.1002/polb.21380,12,explore_anchor_matdisjoint,12,12,1.5766597358385857,,1.0
ES1,4,3,10.1002/polb.21380,12,explore_aware8_on_anchor_rows,90,90,0.9726206300969809,,1.0
ES1,4,3,10.1002/polb.21380,12,explore_aware_on_matdisjoint_rows,12,12,1.0123845842960728,,1.0
ES1,4,3,10.1002/polb.21380,12,explore_offset_q_aware,90,90,1.0123845842960728,,1.0
ES1,4,3,10.1002/polb.21380,12,naive,12,12,0.6834960829473138,,1.0
ES1,4,3,10.1016/j.memsci.2018.06.050,3,aware,3,3,1.0123845842960728,,1.0
ES1,4,3,10.1016/j.memsci.2018.06.050,3,naive,3,3,0.6834960829473138,,1.0
ES1,4,3,10.1016/j.polymer.2008.09.025,26,anchor,200,230,1.0009133069385303,230.0,0.8695652173913043
ES1,4,3,10.1016/j.polymer.2008.09.025,26,aware,17,26,1.0123845842960728,,0.6538461538461539
ES1,4,3,10.1016/j.polymer.2008.09.025,26,aware_on_anchor_rows,153,230,1.0123845842960728,,0.6652173913043479
ES1,4,3,10.1016/j.polymer.2008.09.025,26,explore_anchor_matdisjoint,0,0,1.5766597358385857,,
ES1,4,3,10.1016/j.polymer.2008.09.025,26,explore_aware8_on_anchor_rows,144,230,0.9726206300969809,,0.6260869565217392
ES1,4,3,10.1016/j.polymer.2008.09.025,26,explore_aware_on_matdisjoint_rows,0,0,1.0123845842960728,,
ES1,4,3,10.1016/j.polymer.2008.09.025,26,explore_offset_q_aware,200,230,1.0123845842960728,,0.8695652173913043
ES1,4,3,10.1016/j.polymer.2008.09.025,26,naive,10,26,0.6834960829473138,,0.38461538461538464
ES1,4,3,10.1063/1.4994968,1,aware,0,1,1.0123845842960728,,0.0
ES1,4,3,10.1063/1.4994968,1,naive,0,1,0.6834960829473138,,0.0
ES1,4,3,10.1177/00219983221144696,5,aware,3,5,1.0123845842960728,,0.6
ES1,4,3,10.1177/00219983221144696,5,naive,3,5,0.6834960829473138,,0.6
ES1,4,3,10.3139/217.3278,9,anchor,60,60,1.0009133069385303,60.0,1.0
ES1,4,3,10.3139/217.3278,9,aware,9,9,1.0123845842960728,,1.0
ES1,4,3,10.3139/217.3278,9,aware_on_anchor_rows,60,60,1.0123845842960728,,1.0
ES1,4,3,10.3139/217.3278,9,explore_anchor_matdisjoint,0,0,1.5766597358385857,,
ES1,4,3,10.3139/217.3278,9,explore_aware8_on_anchor_rows,60,60,0.9726206300969809,,1.0
ES1,4,3,10.3139/217.3278,9,explore_aware_on_matdisjoint_rows,0,0,1.0123845842960728,,
ES1,4,3,10.3139/217.3278,9,explore_offset_q_aware,60,60,1.0123845842960728,,1.0
ES1,4,3,10.3139/217.3278,9,naive,7,9,0.6834960829473138,,0.7777777777777778
ES1,4,4,10.1007/s00521-014-1554-8,20,anchor,153,170,0.9806775313351498,170.0,0.9
ES1,4,4,10.1007/s00521-014-1554-8,20,aware,19,20,1.0902258204236626,,0.95
ES1,4,4,10.1007/s00521-014-1554-8,20,aware_on_anchor_rows,163,170,1.0902258204236626,,0.9588235294117647
ES1,4,4,10.1007/s00521-014-1554-8,20,explore_anchor_matdisjoint,0,0,1.3830425293209936,,
ES1,4,4,10.1007/s00521-014-1554-8,20,explore_aware8_on_anchor_rows,163,170,1.0277232923181785,,0.9588235294117647
ES1,4,4,10.1007/s00521-014-1554-8,20,explore_aware_on_matdisjoint_rows,0,0,1.0902258204236626,,
ES1,4,4,10.1007/s00521-014-1554-8,20,explore_offset_q_aware,157,170,1.0902258204236626,,0.9235294117647059
ES1,4,4,10.1007/s00521-014-1554-8,20,naive,17,20,0.6506324977589291,,0.85
ES1,4,4,10.1007/s40204-017-0071-0,13,anchor,100,100,0.9806775313351498,100.0,1.0
ES1,4,4,10.1007/s40204-017-0071-0,13,aware,13,13,1.0902258204236626,,1.0
ES1,4,4,10.1007/s40204-017-0071-0,13,aware_on_anchor_rows,100,100,1.0902258204236626,,1.0
ES1,4,4,10.1007/s40204-017-0071-0,13,explore_anchor_matdisjoint,0,0,1.3830425293209936,,
ES1,4,4,10.1007/s40204-017-0071-0,13,explore_aware8_on_anchor_rows,100,100,1.0277232923181785,,1.0
ES1,4,4,10.1007/s40204-017-0071-0,13,explore_aware_on_matdisjoint_rows,0,0,1.0902258204236626,,
ES1,4,4,10.1007/s40204-017-0071-0,13,explore_offset_q_aware,100,100,1.0902258204236626,,1.0
ES1,4,4,10.1007/s40204-017-0071-0,13,naive,12,13,0.6506324977589291,,0.9230769230769231
ES1,4,4,10.1016/j.memsci.2022.120850,5,aware,3,5,1.0902258204236626,,0.6
ES1,4,4,10.1016/j.memsci.2022.120850,5,naive,2,5,0.6506324977589291,,0.4
ES1,4,4,10.1016/j.molliq.2023.122819,10,anchor,61,70,0.9806775313351498,58.0,0.8714285714285714
ES1,4,4,10.1016/j.molliq.2023.122819,10,aware,10,10,1.0902258204236626,,1.0
ES1,4,4,10.1016/j.molliq.2023.122819,10,aware_on_anchor_rows,70,70,1.0902258204236626,,1.0
ES1,4,4,10.1016/j.molliq.2023.122819,10,explore_anchor_matdisjoint,12,12,1.3830425293209936,,1.0
ES1,4,4,10.1016/j.molliq.2023.122819,10,explore_aware8_on_anchor_rows,70,70,1.0277232923181785,,1.0
ES1,4,4,10.1016/j.molliq.2023.122819,10,explore_aware_on_matdisjoint_rows,12,12,1.0902258204236626,,1.0
ES1,4,4,10.1016/j.molliq.2023.122819,10,explore_offset_q_aware,65,70,1.0902258204236626,,0.9285714285714286
ES1,4,4,10.1016/j.molliq.2023.122819,10,naive,7,10,0.6506324977589291,,0.7
ES1,4,4,10.1016/j.polymer.2020.123366,1,aware,1,1,1.0902258204236626,,1.0
ES1,4,4,10.1016/j.polymer.2020.123366,1,naive,0,1,0.6506324977589291,,0.0
ES1,4,4,10.1515/epoly-2014-0110,7,aware,7,7,1.0902258204236626,,1.0
ES1,4,4,10.1515/epoly-2014-0110,7,naive,3,7,0.6506324977589291,,0.42857142857142855
ES1,4,5,10.1002/app.32569,20,anchor,170,170,1.016912582574852,170.0,1.0
ES1,4,5,10.1002/app.32569,20,aware,20,20,1.0229793966726084,,1.0
ES1,4,5,10.1002/app.32569,20,aware_on_anchor_rows,170,170,1.0229793966726084,,1.0
ES1,4,5,10.1002/app.32569,20,explore_anchor_matdisjoint,0,0,1.4342154233921491,,
ES1,4,5,10.1002/app.32569,20,explore_aware8_on_anchor_rows,170,170,0.9775353313050088,,1.0
ES1,4,5,10.1002/app.32569,20,explore_aware_on_matdisjoint_rows,0,0,1.0229793966726084,,
ES1,4,5,10.1002/app.32569,20,explore_offset_q_aware,170,170,1.0229793966726084,,1.0
ES1,4,5,10.1002/app.32569,20,naive,15,20,0.6513789265132335,,0.75
ES1,4,5,10.1002/app.52131,6,aware,6,6,1.0229793966726084,,1.0
ES1,4,5,10.1002/app.52131,6,naive,0,6,0.6513789265132335,,0.0
ES1,4,5,10.1016/j.eurpolymj.2004.10.027,12,anchor,90,90,1.016912582574852,90.0,1.0
ES1,4,5,10.1016/j.eurpolymj.2004.10.027,12,aware,11,12,1.0229793966726084,,0.9166666666666666
ES1,4,5,10.1016/j.eurpolymj.2004.10.027,12,aware_on_anchor_rows,81,90,1.0229793966726084,,0.9
ES1,4,5,10.1016/j.eurpolymj.2004.10.027,12,explore_anchor_matdisjoint,0,0,1.4342154233921491,,
ES1,4,5,10.1016/j.eurpolymj.2004.10.027,12,explore_aware8_on_anchor_rows,81,90,0.9775353313050088,,0.9
ES1,4,5,10.1016/j.eurpolymj.2004.10.027,12,explore_aware_on_matdisjoint_rows,0,0,1.0229793966726084,,
ES1,4,5,10.1016/j.eurpolymj.2004.10.027,12,explore_offset_q_aware,90,90,1.0229793966726084,,1.0
ES1,4,5,10.1016/j.eurpolymj.2004.10.027,12,naive,10,12,0.6513789265132335,,0.8333333333333334
ES1,4,5,10.1016/j.matlet.2015.08.003,5,aware,2,5,1.0229793966726084,,0.4
ES1,4,5,10.1016/j.matlet.2015.08.003,5,naive,1,5,0.6513789265132335,,0.2
ES1,4,5,10.3390/fib8100065,2,aware,2,2,1.0229793966726084,,1.0
ES1,4,5,10.3390/fib8100065,2,naive,1,2,0.6513789265132335,,0.5
ES1,4,5,10.3390/nano10061221,11,anchor,80,80,1.016912582574852,80.0,1.0
ES1,4,5,10.3390/nano10061221,11,aware,10,11,1.0229793966726084,,0.9090909090909091
ES1,4,5,10.3390/nano10061221,11,aware_on_anchor_rows,74,80,1.0229793966726084,,0.925
ES1,4,5,10.3390/nano10061221,11,explore_anchor_matdisjoint,0,0,1.4342154233921491,,
ES1,4,5,10.3390/nano10061221,11,explore_aware8_on_anchor_rows,62,80,0.9775353313050088,,0.775
ES1,4,5,10.3390/nano10061221,11,explore_aware_on_matdisjoint_rows,0,0,1.0229793966726084,,
ES1,4,5,10.3390/nano10061221,11,explore_offset_q_aware,80,80,1.0229793966726084,,1.0
ES1,4,5,10.3390/nano10061221,11,naive,3,11,0.6513789265132335,,0.2727272727272727
ES1,4,6,10.1002/app.42304,9,anchor,57,60,0.95116607393932,45.0,0.95
ES1,4,6,10.1002/app.42304,9,aware,6,9,1.041558209786455,,0.6666666666666666
ES1,4,6,10.1002/app.42304,9,aware_on_anchor_rows,37,60,1.041558209786455,,0.6166666666666667
ES1,4,6,10.1002/app.42304,9,explore_anchor_matdisjoint,15,15,1.596039835212356,,1.0
ES1,4,6,10.1002/app.42304,9,explore_aware8_on_anchor_rows,37,60,0.9842519618237092,,0.6166666666666667
ES1,4,6,10.1002/app.42304,9,explore_aware_on_matdisjoint_rows,0,15,1.041558209786455,,0.0
ES1,4,6,10.1002/app.42304,9,explore_offset_q_aware,60,60,1.041558209786455,,1.0
ES1,4,6,10.1002/app.42304,9,naive,5,9,0.6461456527392864,,0.5555555555555556
ES1,4,6,10.1002/marc.200700544,4,aware,3,4,1.041558209786455,,0.75
ES1,4,6,10.1002/marc.200700544,4,naive,2,4,0.6461456527392864,,0.5
ES1,4,6,10.1016/j.jafr.2019.100015,15,anchor,120,120,0.95116607393932,120.0,1.0
ES1,4,6,10.1016/j.jafr.2019.100015,15,aware,14,15,1.041558209786455,,0.9333333333333333
ES1,4,6,10.1016/j.jafr.2019.100015,15,aware_on_anchor_rows,110,120,1.041558209786455,,0.9166666666666666
ES1,4,6,10.1016/j.jafr.2019.100015,15,explore_anchor_matdisjoint,0,0,1.596039835212356,,
ES1,4,6,10.1016/j.jafr.2019.100015,15,explore_aware8_on_anchor_rows,103,120,0.9842519618237092,,0.8583333333333333
ES1,4,6,10.1016/j.jafr.2019.100015,15,explore_aware_on_matdisjoint_rows,0,0,1.041558209786455,,
ES1,4,6,10.1016/j.jafr.2019.100015,15,explore_offset_q_aware,120,120,1.041558209786455,,1.0
ES1,4,6,10.1016/j.jafr.2019.100015,15,naive,10,15,0.6461456527392864,,0.6666666666666666
ES1,4,6,10.1016/j.memsci.2013.01.023,8,anchor,33,50,0.95116607393932,50.0,0.66
ES1,4,6,10.1016/j.memsci.2013.01.023,8,aware,7,8,1.041558209786455,,0.875
ES1,4,6,10.1016/j.memsci.2013.01.023,8,aware_on_anchor_rows,45,50,1.041558209786455,,0.9
ES1,4,6,10.1016/j.memsci.2013.01.023,8,explore_anchor_matdisjoint,0,0,1.596039835212356,,
ES1,4,6,10.1016/j.memsci.2013.01.023,8,explore_aware8_on_anchor_rows,37,50,0.9842519618237092,,0.74
ES1,4,6,10.1016/j.memsci.2013.01.023,8,explore_aware_on_matdisjoint_rows,0,0,1.041558209786455,,
ES1,4,6,10.1016/j.memsci.2013.01.023,8,explore_offset_q_aware,39,50,1.041558209786455,,0.78
ES1,4,6,10.1016/j.memsci.2013.01.023,8,naive,4,8,0.6461456527392864,,0.5
ES1,4,6,10.1021/acsami.0c02578.,2,aware,2,2,1.041558209786455,,1.0
ES1,4,6,10.1021/acsami.0c02578.,2,naive,2,2,0.6461456527392864,,1.0
ES1,4,6,https://www.sciencedirect.com/science/article/pii/s0927776511005522,18,anchor,150,150,0.95116607393932,145.0,1.0
ES1,4,6,https://www.sciencedirect.com/science/article/pii/s0927776511005522,18,aware,18,18,1.041558209786455,,1.0
ES1,4,6,https://www.sciencedirect.com/science/article/pii/s0927776511005522,18,aware_on_anchor_rows,150,150,1.041558209786455,,1.0
ES1,4,6,https://www.sciencedirect.com/science/article/pii/s0927776511005522,18,explore_anchor_matdisjoint,5,5,1.596039835212356,,1.0
ES1,4,6,https://www.sciencedirect.com/science/article/pii/s0927776511005522,18,explore_aware8_on_anchor_rows,150,150,0.9842519618237092,,1.0
ES1,4,6,https://www.sciencedirect.com/science/article/pii/s0927776511005522,18,explore_aware_on_matdisjoint_rows,5,5,1.041558209786455,,1.0
ES1,4,6,https://www.sciencedirect.com/science/article/pii/s0927776511005522,18,explore_offset_q_aware,150,150,1.041558209786455,,1.0
ES1,4,6,https://www.sciencedirect.com/science/article/pii/s0927776511005522,18,naive,13,18,0.6461456527392864,,0.7222222222222222
ES1,4,7,10.1007/bf03218855,6,aware,6,6,1.0482823941192816,,1.0
ES1,4,7,10.1007/bf03218855,6,naive,4,6,0.6444508714084582,,0.6666666666666666
ES1,4,7,10.1007/s00521-017-2996-6,13,anchor,100,100,0.8979131712658737,100.0,1.0
ES1,4,7,10.1007/s00521-017-2996-6,13,aware,13,13,1.0482823941192816,,1.0
ES1,4,7,10.1007/s00521-017-2996-6,13,aware_on_anchor_rows,100,100,1.0482823941192816,,1.0
ES1,4,7,10.1007/s00521-017-2996-6,13,explore_anchor_matdisjoint,0,0,1.3249022992031885,,
ES1,4,7,10.1007/s00521-017-2996-6,13,explore_aware8_on_anchor_rows,100,100,1.020605487077237,,1.0
ES1,4,7,10.1007/s00521-017-2996-6,13,explore_aware_on_matdisjoint_rows,0,0,1.0482823941192816,,
ES1,4,7,10.1007/s00521-017-2996-6,13,explore_offset_q_aware,100,100,1.0482823941192816,,1.0
ES1,4,7,10.1007/s00521-017-2996-6,13,naive,13,13,0.6444508714084582,,1.0
ES1,4,7,10.1007/s10965-014-0571-8.,18,anchor,111,150,0.8979131712658737,150.0,0.74
ES1,4,7,10.1007/s10965-014-0571-8.,18,aware,15,18,1.0482823941192816,,0.8333333333333334
ES1,4,7,10.1007/s10965-014-0571-8.,18,aware_on_anchor_rows,124,150,1.0482823941192816,,0.8266666666666667
ES1,4,7,10.1007/s10965-014-0571-8.,18,explore_anchor_matdisjoint,0,0,1.3249022992031885,,
ES1,4,7,10.1007/s10965-014-0571-8.,18,explore_aware8_on_anchor_rows,109,150,1.020605487077237,,0.7266666666666667
ES1,4,7,10.1007/s10965-014-0571-8.,18,explore_aware_on_matdisjoint_rows,0,0,1.0482823941192816,,
ES1,4,7,10.1007/s10965-014-0571-8.,18,explore_offset_q_aware,119,150,1.0482823941192816,,0.7933333333333333
ES1,4,7,10.1007/s10965-014-0571-8.,18,naive,7,18,0.6444508714084582,,0.3888888888888889
ES1,4,7,10.1080/1539445x.2010.495630,12,anchor,75,90,0.8979131712658737,90.0,0.8333333333333334
ES1,4,7,10.1080/1539445x.2010.495630,12,aware,11,12,1.0482823941192816,,0.9166666666666666
ES1,4,7,10.1080/1539445x.2010.495630,12,aware_on_anchor_rows,82,90,1.0482823941192816,,0.9111111111111111
ES1,4,7,10.1080/1539445x.2010.495630,12,explore_anchor_matdisjoint,0,0,1.3249022992031885,,
ES1,4,7,10.1080/1539445x.2010.495630,12,explore_aware8_on_anchor_rows,82,90,1.020605487077237,,0.9111111111111111
ES1,4,7,10.1080/1539445x.2010.495630,12,explore_aware_on_matdisjoint_rows,0,0,1.0482823941192816,,
ES1,4,7,10.1080/1539445x.2010.495630,12,explore_offset_q_aware,84,90,1.0482823941192816,,0.9333333333333333
ES1,4,7,10.1080/1539445x.2010.495630,12,naive,9,12,0.6444508714084582,,0.75
ES1,4,7,10.1088/1748-6041/8/4/045007,5,aware,5,5,1.0482823941192816,,1.0
ES1,4,7,10.1088/1748-6041/8/4/045007,5,naive,1,5,0.6444508714084582,,0.2
ES1,4,7,10.3390/polym14030593,2,aware,2,2,1.0482823941192816,,1.0
ES1,4,7,10.3390/polym14030593,2,naive,2,2,0.6444508714084582,,1.0
ES1,4,8,10.1002/adv.21947,17,anchor,140,140,0.9545010409306648,140.0,1.0
ES1,4,8,10.1002/adv.21947,17,aware,17,17,1.0731106728912465,,1.0
ES1,4,8,10.1002/adv.21947,17,aware_on_anchor_rows,140,140,1.0731106728912465,,1.0
ES1,4,8,10.1002/adv.21947,17,explore_anchor_matdisjoint,0,0,1.4759289715701187,,
ES1,4,8,10.1002/adv.21947,17,explore_aware8_on_anchor_rows,137,140,1.027856367171169,,0.9785714285714285
ES1,4,8,10.1002/adv.21947,17,explore_aware_on_matdisjoint_rows,0,0,1.0731106728912465,,
ES1,4,8,10.1002/adv.21947,17,explore_offset_q_aware,140,140,1.0731106728912465,,1.0
ES1,4,8,10.1002/adv.21947,17,naive,13,17,0.6290405160748476,,0.7647058823529411
ES1,4,8,10.1002/app.25464,16,anchor,85,130,0.9545010409306648,108.0,0.6538461538461539
ES1,4,8,10.1002/app.25464,16,aware,12,16,1.0731106728912465,,0.75
ES1,4,8,10.1002/app.25464,16,aware_on_anchor_rows,97,130,1.0731106728912465,,0.7461538461538462
ES1,4,8,10.1002/app.25464,16,explore_anchor_matdisjoint,16,22,1.4759289715701187,,0.7272727272727273
ES1,4,8,10.1002/app.25464,16,explore_aware8_on_anchor_rows,97,130,1.027856367171169,,0.7461538461538462
ES1,4,8,10.1002/app.25464,16,explore_aware_on_matdisjoint_rows,15,22,1.0731106728912465,,0.6818181818181818
ES1,4,8,10.1002/app.25464,16,explore_offset_q_aware,94,130,1.0731106728912465,,0.7230769230769231
ES1,4,8,10.1002/app.25464,16,naive,8,16,0.6290405160748476,,0.5
ES1,4,8,10.1016/j.jmrt.2023.01.007,1,aware,1,1,1.0731106728912465,,1.0
ES1,4,8,10.1016/j.jmrt.2023.01.007,1,naive,1,1,0.6290405160748476,,1.0
ES1,4,8,10.1016/j.mtsust.2022.100275,1,aware,1,1,1.0731106728912465,,1.0
ES1,4,8,10.1016/j.mtsust.2022.100275,1,naive,1,1,0.6290405160748476,,1.0
ES1,4,8,10.1515/epoly-2018-0037,4,aware,4,4,1.0731106728912465,,1.0
ES1,4,8,10.1515/epoly-2018-0037,4,naive,2,4,0.6290405160748476,,0.5
ES1,4,8,10.3390/nano11102514,8,anchor,48,50,0.9545010409306648,50.0,0.96
ES1,4,8,10.3390/nano11102514,8,aware,8,8,1.0731106728912465,,1.0
ES1,4,8,10.3390/nano11102514,8,aware_on_anchor_rows,50,50,1.0731106728912465,,1.0
ES1,4,8,10.3390/nano11102514,8,explore_anchor_matdisjoint,0,0,1.4759289715701187,,
ES1,4,8,10.3390/nano11102514,8,explore_aware8_on_anchor_rows,43,50,1.027856367171169,,0.86
ES1,4,8,10.3390/nano11102514,8,explore_aware_on_matdisjoint_rows,0,0,1.0731106728912465,,
ES1,4,8,10.3390/nano11102514,8,explore_offset_q_aware,50,50,1.0731106728912465,,1.0
ES1,4,8,10.3390/nano11102514,8,naive,4,8,0.6290405160748476,,0.5
ES1,4,8,10.3390/polym15030731,9,anchor,60,60,0.9545010409306648,60.0,1.0
ES1,4,8,10.3390/polym15030731,9,aware,9,9,1.0731106728912465,,1.0
ES1,4,8,10.3390/polym15030731,9,aware_on_anchor_rows,60,60,1.0731106728912465,,1.0
ES1,4,8,10.3390/polym15030731,9,explore_anchor_matdisjoint,0,0,1.4759289715701187,,
ES1,4,8,10.3390/polym15030731,9,explore_aware8_on_anchor_rows,60,60,1.027856367171169,,1.0
ES1,4,8,10.3390/polym15030731,9,explore_aware_on_matdisjoint_rows,0,0,1.0731106728912465,,
ES1,4,8,10.3390/polym15030731,9,explore_offset_q_aware,60,60,1.0731106728912465,,1.0
ES1,4,8,10.3390/polym15030731,9,naive,9,9,0.6290405160748476,,1.0
ES1,4,9,10.1002/app.36726,17,anchor,140,140,1.025947404812056,140.0,1.0
ES1,4,9,10.1002/app.36726,17,aware,17,17,1.021175733983965,,1.0
ES1,4,9,10.1002/app.36726,17,aware_on_anchor_rows,140,140,1.021175733983965,,1.0
ES1,4,9,10.1002/app.36726,17,explore_anchor_matdisjoint,0,0,1.7341223896796878,,
ES1,4,9,10.1002/app.36726,17,explore_aware8_on_anchor_rows,140,140,0.979444259075601,,1.0
ES1,4,9,10.1002/app.36726,17,explore_aware_on_matdisjoint_rows,0,0,1.021175733983965,,
ES1,4,9,10.1002/app.36726,17,explore_offset_q_aware,140,140,1.021175733983965,,1.0
ES1,4,9,10.1002/app.36726,17,naive,17,17,0.6962687769503684,,1.0
ES1,4,9,10.1002/jbm.b.33337,1,aware,1,1,1.021175733983965,,1.0
ES1,4,9,10.1002/jbm.b.33337,1,naive,1,1,0.6962687769503684,,1.0
ES1,4,9,10.1016/j.polymer.2014.06.032,8,anchor,50,50,1.025947404812056,50.0,1.0
ES1,4,9,10.1016/j.polymer.2014.06.032,8,aware,8,8,1.021175733983965,,1.0
ES1,4,9,10.1016/j.polymer.2014.06.032,8,aware_on_anchor_rows,50,50,1.021175733983965,,1.0
ES1,4,9,10.1016/j.polymer.2014.06.032,8,explore_anchor_matdisjoint,0,0,1.7341223896796878,,
ES1,4,9,10.1016/j.polymer.2014.06.032,8,explore_aware8_on_anchor_rows,50,50,0.979444259075601,,1.0
ES1,4,9,10.1016/j.polymer.2014.06.032,8,explore_aware_on_matdisjoint_rows,0,0,1.021175733983965,,
ES1,4,9,10.1016/j.polymer.2014.06.032,8,explore_offset_q_aware,50,50,1.021175733983965,,1.0
ES1,4,9,10.1016/j.polymer.2014.06.032,8,naive,8,8,0.6962687769503684,,1.0
ES1,4,9,10.1109/nano.2013.6720964,4,aware,2,4,1.021175733983965,,0.5
ES1,4,9,10.1109/nano.2013.6720964,4,naive,0,4,0.6962687769503684,,0.0
ES1,4,9,10.1515/epoly-2022-8106,15,anchor,120,120,1.025947404812056,120.0,1.0
ES1,4,9,10.1515/epoly-2022-8106,15,aware,15,15,1.021175733983965,,1.0
ES1,4,9,10.1515/epoly-2022-8106,15,aware_on_anchor_rows,120,120,1.021175733983965,,1.0
ES1,4,9,10.1515/epoly-2022-8106,15,explore_anchor_matdisjoint,0,0,1.7341223896796878,,
ES1,4,9,10.1515/epoly-2022-8106,15,explore_aware8_on_anchor_rows,120,120,0.979444259075601,,1.0
ES1,4,9,10.1515/epoly-2022-8106,15,explore_aware_on_matdisjoint_rows,0,0,1.021175733983965,,
ES1,4,9,10.1515/epoly-2022-8106,15,explore_offset_q_aware,120,120,1.021175733983965,,1.0
ES1,4,9,10.1515/epoly-2022-8106,15,naive,15,15,0.6962687769503684,,1.0
ES1,4,9,10.3390/nano14131083,1,aware,1,1,1.021175733983965,,1.0
ES1,4,9,10.3390/nano14131083,1,naive,1,1,0.6962687769503684,,1.0
ES1,4,9,10.3390/polym15132813,10,anchor,70,70,1.025947404812056,70.0,1.0
ES1,4,9,10.3390/polym15132813,10,aware,10,10,1.021175733983965,,1.0
ES1,4,9,10.3390/polym15132813,10,aware_on_anchor_rows,70,70,1.021175733983965,,1.0
ES1,4,9,10.3390/polym15132813,10,explore_anchor_matdisjoint,0,0,1.7341223896796878,,
ES1,4,9,10.3390/polym15132813,10,explore_aware8_on_anchor_rows,70,70,0.979444259075601,,1.0
ES1,4,9,10.3390/polym15132813,10,explore_aware_on_matdisjoint_rows,0,0,1.021175733983965,,
ES1,4,9,10.3390/polym15132813,10,explore_offset_q_aware,70,70,1.021175733983965,,1.0
ES1,4,9,10.3390/polym15132813,10,naive,10,10,0.6962687769503684,,1.0
ES2,0,0,10.1117/12.837918,54,anchor,236,510,0.6119879862282233,510.0,0.4627450980392157
ES2,0,0,10.1117/12.837918,54,aware,18,54,1.2627250609980667,,0.3333333333333333
ES2,0,0,10.1117/12.837918,54,aware_on_anchor_rows,170,510,1.2627250609980667,,0.3333333333333333
ES2,0,0,10.1117/12.837918,54,explore_anchor_matdisjoint,0,0,0.6448712983764058,,
ES2,0,0,10.1117/12.837918,54,explore_aware8_on_anchor_rows,151,510,1.1682689868257905,,0.296078431372549
ES2,0,0,10.1117/12.837918,54,explore_aware_on_matdisjoint_rows,0,0,1.2627250609980667,,
ES2,0,0,10.1117/12.837918,54,explore_offset_q_aware,412,510,1.2627250609980667,,0.807843137254902
ES2,0,0,10.1117/12.837918,54,naive,6,54,0.6528468138161725,,0.1111111111111111
ES2,0,1,10.1088/1757-899x/230/1/012043,30,anchor,270,270,1.065991814650982,270.0,1.0
ES2,0,1,10.1088/1757-899x/230/1/012043,30,aware,29,30,1.7029953233264834,,0.9666666666666667
ES2,0,1,10.1088/1757-899x/230/1/012043,30,aware_on_anchor_rows,261,270,1.7029953233264834,,0.9666666666666667
ES2,0,1,10.1088/1757-899x/230/1/012043,30,explore_anchor_matdisjoint,0,0,0.8009672304089531,,
ES2,0,1,10.1088/1757-899x/230/1/012043,30,explore_aware8_on_anchor_rows,270,270,1.893805757287056,,1.0
ES2,0,1,10.1088/1757-899x/230/1/012043,30,explore_aware_on_matdisjoint_rows,0,0,1.7029953233264834,,
ES2,0,1,10.1088/1757-899x/230/1/012043,30,explore_offset_q_aware,270,270,1.7029953233264834,,1.0
ES2,0,1,10.1088/1757-899x/230/1/012043,30,naive,1,30,0.6351119454398932,,0.03333333333333333
ES2,0,2,FERN lab experiment data ,25,anchor,220,220,1.1638252281948451,220.0,1.0
ES2,0,2,FERN lab experiment data ,25,aware,25,25,1.765783921139647,,1.0
ES2,0,2,FERN lab experiment data ,25,aware_on_anchor_rows,220,220,1.765783921139647,,1.0
ES2,0,2,FERN lab experiment data ,25,explore_anchor_matdisjoint,0,0,0.7219569873993706,,
ES2,0,2,FERN lab experiment data ,25,explore_aware8_on_anchor_rows,220,220,1.9807114474881065,,1.0
ES2,0,2,FERN lab experiment data ,25,explore_aware_on_matdisjoint_rows,0,0,1.765783921139647,,
ES2,0,2,FERN lab experiment data ,25,explore_offset_q_aware,220,220,1.765783921139647,,1.0
ES2,0,2,FERN lab experiment data ,25,naive,25,25,0.7203517655566838,,1.0
ES2,0,3,10.1007/s10965-014-0571-8,18,anchor,140,150,1.1604265998890024,142.0,0.9333333333333333
ES2,0,3,10.1007/s10965-014-0571-8,18,aware,18,18,1.7799830041403872,,1.0
ES2,0,3,10.1007/s10965-014-0571-8,18,aware_on_anchor_rows,150,150,1.7799830041403872,,1.0
ES2,0,3,10.1007/s10965-014-0571-8,18,explore_anchor_matdisjoint,0,0,,,
ES2,0,3,10.1007/s10965-014-0571-8,18,explore_aware8_on_anchor_rows,150,150,1.9054041336170384,,1.0
ES2,0,3,10.1007/s10965-014-0571-8,18,explore_aware_on_matdisjoint_rows,0,0,1.7799830041403872,,
ES2,0,3,10.1007/s10965-014-0571-8,18,explore_offset_q_aware,150,150,1.7799830041403872,,1.0
ES2,0,3,10.1007/s10965-014-0571-8,18,naive,7,18,0.634146790258582,,0.3888888888888889
ES2,0,3,10.1016/j.polymertesting.2019.106218,3,aware,3,3,1.7799830041403872,,1.0
ES2,0,3,10.1016/j.polymertesting.2019.106218,3,naive,0,3,0.634146790258582,,0.0
ES2,0,3,10.4236/msa.2010.14036,2,aware,2,2,1.7799830041403872,,1.0
ES2,0,3,10.4236/msa.2010.14036,2,naive,1,2,0.634146790258582,,0.5
ES2,0,4,10.1007/s40204-017-0071-0,13,anchor,100,100,1.0719905416552402,100.0,1.0
ES2,0,4,10.1007/s40204-017-0071-0,13,aware,13,13,1.7678887472788958,,1.0
ES2,0,4,10.1007/s40204-017-0071-0,13,aware_on_anchor_rows,100,100,1.7678887472788958,,1.0
ES2,0,4,10.1007/s40204-017-0071-0,13,explore_anchor_matdisjoint,0,0,0.6285198732320009,,
ES2,0,4,10.1007/s40204-017-0071-0,13,explore_aware8_on_anchor_rows,100,100,1.9255189385076608,,1.0
ES2,0,4,10.1007/s40204-017-0071-0,13,explore_aware_on_matdisjoint_rows,0,0,1.7678887472788958,,
ES2,0,4,10.1007/s40204-017-0071-0,13,explore_offset_q_aware,100,100,1.7678887472788958,,1.0
ES2,0,4,10.1007/s40204-017-0071-0,13,naive,13,13,0.6303137621436257,,1.0
ES2,0,4,10.1016/j.memsci.2013.11.056,5,aware,5,5,1.7678887472788958,,1.0
ES2,0,4,10.1016/j.memsci.2013.11.056,5,naive,0,5,0.6303137621436257,,0.0
ES2,0,4,10.1016/j.memsci.2018.06.050,3,aware,3,3,1.7678887472788958,,1.0
ES2,0,4,10.1016/j.memsci.2018.06.050,3,naive,1,3,0.6303137621436257,,0.3333333333333333
ES2,0,5,10.1080/10236660802190963,5,aware,5,5,1.8423739461649191,,1.0
ES2,0,5,10.1080/10236660802190963,5,naive,5,5,0.6292546042458773,,1.0
ES2,0,5,10.1080/1539445x.2010.495630,12,anchor,89,90,1.1428528981307169,90.0,0.9888888888888889
ES2,0,5,10.1080/1539445x.2010.495630,12,aware,12,12,1.8423739461649191,,1.0
ES2,0,5,10.1080/1539445x.2010.495630,12,aware_on_anchor_rows,90,90,1.8423739461649191,,1.0
ES2,0,5,10.1080/1539445x.2010.495630,12,explore_anchor_matdisjoint,0,0,1.0717627979876243,,
ES2,0,5,10.1080/1539445x.2010.495630,12,explore_aware8_on_anchor_rows,90,90,1.9384128376784169,,1.0
ES2,0,5,10.1080/1539445x.2010.495630,12,explore_aware_on_matdisjoint_rows,0,0,1.8423739461649191,,
ES2,0,5,10.1080/1539445x.2010.495630,12,explore_offset_q_aware,90,90,1.8423739461649191,,1.0
ES2,0,5,10.1080/1539445x.2010.495630,12,naive,10,12,0.6292546042458773,,0.8333333333333334
ES2,0,5,10.1109/-no.2013.6720964,4,aware,4,4,1.8423739461649191,,1.0
ES2,0,5,10.1109/-no.2013.6720964,4,naive,4,4,0.6292546042458773,,1.0
ES2,0,6,10.1016/j.matlet.2015.08.003,5,aware,3,5,1.6895844336479555,,0.6
ES2,0,6,10.1016/j.matlet.2015.08.003,5,naive,1,5,0.6990311818533326,,0.2
ES2,0,6,10.1021/acsami.0c02578,2,aware,2,2,1.6895844336479555,,1.0
ES2,0,6,10.1021/acsami.0c02578,2,naive,2,2,0.6990311818533326,,1.0
ES2,0,6,10.1515/epoly.2008.8.1.1758,4,aware,4,4,1.6895844336479555,,1.0
ES2,0,6,10.1515/epoly.2008.8.1.1758,4,naive,4,4,0.6990311818533326,,1.0
ES2,0,6,"K. Castkova, J. Kastyl, D. Sobola, J. Petrus, E. Stast-, Str",11,anchor,80,80,1.010491501194406,80.0,1.0
ES2,0,6,"K. Castkova, J. Kastyl, D. Sobola, J. Petrus, E. Stast-, Str",11,aware,11,11,1.6895844336479555,,1.0
ES2,0,6,"K. Castkova, J. Kastyl, D. Sobola, J. Petrus, E. Stast-, Str",11,aware_on_anchor_rows,80,80,1.6895844336479555,,1.0
ES2,0,6,"K. Castkova, J. Kastyl, D. Sobola, J. Petrus, E. Stast-, Str",11,explore_anchor_matdisjoint,0,0,1.0253236374779218,,
ES2,0,6,"K. Castkova, J. Kastyl, D. Sobola, J. Petrus, E. Stast-, Str",11,explore_aware8_on_anchor_rows,80,80,1.8597047097313544,,1.0
ES2,0,6,"K. Castkova, J. Kastyl, D. Sobola, J. Petrus, E. Stast-, Str",11,explore_aware_on_matdisjoint_rows,0,0,1.6895844336479555,,
ES2,0,6,"K. Castkova, J. Kastyl, D. Sobola, J. Petrus, E. Stast-, Str",11,explore_offset_q_aware,80,80,1.6895844336479555,,1.0
ES2,0,6,"K. Castkova, J. Kastyl, D. Sobola, J. Petrus, E. Stast-, Str",11,naive,0,11,0.6990311818533326,,0.0
ES2,0,7,10.1002/marc.200700544,4,aware,4,4,1.748383412882732,,1.0
ES2,0,7,10.1002/marc.200700544,4,naive,3,4,0.6716456514145799,,0.75
ES2,0,7,10.1002/pi.4314,6,aware,6,6,1.748383412882732,,1.0
ES2,0,7,10.1002/pi.4314,6,naive,0,6,0.6716456514145799,,0.0
ES2,0,7,10.3390/fib8100065,2,aware,2,2,1.748383412882732,,1.0
ES2,0,7,10.3390/fib8100065,2,naive,2,2,0.6716456514145799,,1.0
ES2,0,7,"D.D. Pise, B.B. Ahuja, S.M. Shendokar, Study of Process Para",9,anchor,60,60,1.0894948893904175,60.0,1.0
ES2,0,7,"D.D. Pise, B.B. Ahuja, S.M. Shendokar, Study of Process Para",9,aware,9,9,1.748383412882732,,1.0
ES2,0,7,"D.D. Pise, B.B. Ahuja, S.M. Shendokar, Study of Process Para",9,aware_on_anchor_rows,60,60,1.748383412882732,,1.0
ES2,0,7,"D.D. Pise, B.B. Ahuja, S.M. Shendokar, Study of Process Para",9,explore_anchor_matdisjoint,0,0,1.095242124468061,,
ES2,0,7,"D.D. Pise, B.B. Ahuja, S.M. Shendokar, Study of Process Para",9,explore_aware8_on_anchor_rows,60,60,1.873821362478856,,1.0
ES2,0,7,"D.D. Pise, B.B. Ahuja, S.M. Shendokar, Study of Process Para",9,explore_aware_on_matdisjoint_rows,0,0,1.748383412882732,,
ES2,0,7,"D.D. Pise, B.B. Ahuja, S.M. Shendokar, Study of Process Para",9,explore_offset_q_aware,60,60,1.748383412882732,,1.0
ES2,0,7,"D.D. Pise, B.B. Ahuja, S.M. Shendokar, Study of Process Para",9,naive,8,9,0.6716456514145799,,0.8888888888888888
ES2,0,8,10.1002/app.21762,3,aware,3,3,1.779825765149594,,1.0
ES2,0,8,10.1002/app.21762,3,naive,3,3,0.6388092928107181,,1.0
ES2,0,8,10.1002/app.42304,9,anchor,60,60,1.111012860821548,45.0,1.0
ES2,0,8,10.1002/app.42304,9,aware,9,9,1.779825765149594,,1.0
ES2,0,8,10.1002/app.42304,9,aware_on_anchor_rows,60,60,1.779825765149594,,1.0
ES2,0,8,10.1002/app.42304,9,explore_anchor_matdisjoint,0,0,,,
ES2,0,8,10.1002/app.42304,9,explore_aware8_on_anchor_rows,60,60,1.8821334412337545,,1.0
ES2,0,8,10.1002/app.42304,9,explore_aware_on_matdisjoint_rows,0,0,1.779825765149594,,
ES2,0,8,10.1002/app.42304,9,explore_offset_q_aware,60,60,1.779825765149594,,1.0
ES2,0,8,10.1002/app.42304,9,naive,5,9,0.6388092928107181,,0.5555555555555556
ES2,0,8,10.1016/j.mseb.2006.03.035,4,aware,4,4,1.779825765149594,,1.0
ES2,0,8,10.1016/j.mseb.2006.03.035,4,naive,4,4,0.6388092928107181,,1.0
ES2,0,8,10.1088/1748-6041/8/4/045007,5,aware,5,5,1.779825765149594,,1.0
ES2,0,8,10.1088/1748-6041/8/4/045007,5,naive,1,5,0.6388092928107181,,0.2
ES2,0,9,10.1007/s10853-013-7341-6,8,anchor,50,50,1.074082852255469,50.0,1.0
ES2,0,9,10.1007/s10853-013-7341-6,8,aware,8,8,2.00606645833958,,1.0
ES2,0,9,10.1007/s10853-013-7341-6,8,aware_on_anchor_rows,50,50,2.00606645833958,,1.0
ES2,0,9,10.1007/s10853-013-7341-6,8,explore_anchor_matdisjoint,0,0,0.7515636704141598,,
ES2,0,9,10.1007/s10853-013-7341-6,8,explore_aware8_on_anchor_rows,50,50,2.13313134026638,,1.0
ES2,0,9,10.1007/s10853-013-7341-6,8,explore_aware_on_matdisjoint_rows,0,0,2.00606645833958,,
ES2,0,9,10.1007/s10853-013-7341-6,8,explore_offset_q_aware,50,50,2.00606645833958,,1.0
ES2,0,9,10.1007/s10853-013-7341-6,8,naive,4,8,0.6515391097112371,,0.5
ES2,0,9,10.1016/j.memsci.2013.01.023,3,aware,3,3,2.00606645833958,,1.0
ES2,0,9,10.1016/j.memsci.2013.01.023,3,naive,0,3,0.6515391097112371,,0.0
ES2,0,9,10.1021/cm060223+,6,aware,6,6,2.00606645833958,,1.0
ES2,0,9,10.1021/cm060223+,6,naive,1,6,0.6515391097112371,,0.16666666666666666
ES2,0,9,10.1515/epoly-2018-0037,4,aware,4,4,2.00606645833958,,1.0
ES2,0,9,10.1515/epoly-2018-0037,4,naive,1,4,0.6515391097112371,,0.25
ES2,1,0,10.1117/12.837918,54,anchor,256,510,0.6390598506587056,510.0,0.5019607843137255
ES2,1,0,10.1117/12.837918,54,aware,17,54,1.252652030269355,,0.3148148148148148
ES2,1,0,10.1117/12.837918,54,aware_on_anchor_rows,159,510,1.252652030269355,,0.31176470588235294
ES2,1,0,10.1117/12.837918,54,explore_anchor_matdisjoint,0,0,0.7803639103534251,,
ES2,1,0,10.1117/12.837918,54,explore_aware8_on_anchor_rows,159,510,1.223620327539153,,0.31176470588235294
ES2,1,0,10.1117/12.837918,54,explore_aware_on_matdisjoint_rows,0,0,1.252652030269355,,
ES2,1,0,10.1117/12.837918,54,explore_offset_q_aware,421,510,1.252652030269355,,0.8254901960784313
ES2,1,0,10.1117/12.837918,54,naive,6,54,0.6271430565322254,,0.1111111111111111
ES2,1,1,10.1088/1757-899x/230/1/012043,30,anchor,270,270,1.2157649538341666,270.0,1.0
ES2,1,1,10.1088/1757-899x/230/1/012043,30,aware,29,30,1.6999927423081518,,0.9666666666666667
ES2,1,1,10.1088/1757-899x/230/1/012043,30,aware_on_anchor_rows,261,270,1.6999927423081518,,0.9666666666666667
ES2,1,1,10.1088/1757-899x/230/1/012043,30,explore_anchor_matdisjoint,0,0,1.038791439533039,,
ES2,1,1,10.1088/1757-899x/230/1/012043,30,explore_aware8_on_anchor_rows,261,270,1.833685925262268,,0.9666666666666667
ES2,1,1,10.1088/1757-899x/230/1/012043,30,explore_aware_on_matdisjoint_rows,0,0,1.6999927423081518,,
ES2,1,1,10.1088/1757-899x/230/1/012043,30,explore_offset_q_aware,270,270,1.6999927423081518,,1.0
ES2,1,1,10.1088/1757-899x/230/1/012043,30,naive,2,30,0.6993087450785618,,0.06666666666666667
ES2,1,2,FERN lab experiment data ,25,anchor,220,220,1.1642214803279982,220.0,1.0
ES2,1,2,FERN lab experiment data ,25,aware,25,25,1.7850647243473503,,1.0
ES2,1,2,FERN lab experiment data ,25,aware_on_anchor_rows,220,220,1.7850647243473503,,1.0
ES2,1,2,FERN lab experiment data ,25,explore_anchor_matdisjoint,0,0,1.0178557279705334,,
ES2,1,2,FERN lab experiment data ,25,explore_aware8_on_anchor_rows,220,220,2.019792511494157,,1.0
ES2,1,2,FERN lab experiment data ,25,explore_aware_on_matdisjoint_rows,0,0,1.7850647243473503,,
ES2,1,2,FERN lab experiment data ,25,explore_offset_q_aware,220,220,1.7850647243473503,,1.0
ES2,1,2,FERN lab experiment data ,25,naive,25,25,0.6684200787822636,,1.0
ES2,1,3,10.1007/s10965-014-0571-8,18,anchor,128,150,1.0777194462073147,144.0,0.8533333333333334
ES2,1,3,10.1007/s10965-014-0571-8,18,aware,18,18,1.8072880999211645,,1.0
ES2,1,3,10.1007/s10965-014-0571-8,18,aware_on_anchor_rows,150,150,1.8072880999211645,,1.0
ES2,1,3,10.1007/s10965-014-0571-8,18,explore_anchor_matdisjoint,0,0,,,
ES2,1,3,10.1007/s10965-014-0571-8,18,explore_aware8_on_anchor_rows,150,150,1.9068804524325784,,1.0
ES2,1,3,10.1007/s10965-014-0571-8,18,explore_aware_on_matdisjoint_rows,0,0,1.8072880999211645,,
ES2,1,3,10.1007/s10965-014-0571-8,18,explore_offset_q_aware,150,150,1.8072880999211645,,1.0
ES2,1,3,10.1007/s10965-014-0571-8,18,naive,7,18,0.6715370530920635,,0.3888888888888889
ES2,1,3,10.1016/j.memsci.2018.06.050,3,aware,3,3,1.8072880999211645,,1.0
ES2,1,3,10.1016/j.memsci.2018.06.050,3,naive,2,3,0.6715370530920635,,0.6666666666666666
ES2,1,3,10.3390/fib8100065,2,aware,2,2,1.8072880999211645,,1.0
ES2,1,3,10.3390/fib8100065,2,naive,2,2,0.6715370530920635,,1.0
ES2,1,4,10.1007/s40204-017-0071-0,13,anchor,100,100,1.0877029846076236,100.0,1.0
ES2,1,4,10.1007/s40204-017-0071-0,13,aware,13,13,1.7115255879376416,,1.0
ES2,1,4,10.1007/s40204-017-0071-0,13,aware_on_anchor_rows,100,100,1.7115255879376416,,1.0
ES2,1,4,10.1007/s40204-017-0071-0,13,explore_anchor_matdisjoint,0,0,0.7731849354645051,,
ES2,1,4,10.1007/s40204-017-0071-0,13,explore_aware8_on_anchor_rows,100,100,1.9377857323885397,,1.0
ES2,1,4,10.1007/s40204-017-0071-0,13,explore_aware_on_matdisjoint_rows,0,0,1.7115255879376416,,
ES2,1,4,10.1007/s40204-017-0071-0,13,explore_offset_q_aware,100,100,1.7115255879376416,,1.0
ES2,1,4,10.1007/s40204-017-0071-0,13,naive,13,13,0.6495931365539156,,1.0
ES2,1,4,10.1016/j.matlet.2015.08.003,5,aware,4,5,1.7115255879376416,,0.8
ES2,1,4,10.1016/j.matlet.2015.08.003,5,naive,1,5,0.6495931365539156,,0.2
ES2,1,4,10.1016/j.memsci.2013.01.023,3,aware,3,3,1.7115255879376416,,1.0
ES2,1,4,10.1016/j.memsci.2013.01.023,3,naive,0,3,0.6495931365539156,,0.0
ES2,1,5,10.1080/10236660802190963,5,aware,5,5,1.843606554260856,,1.0
ES2,1,5,10.1080/10236660802190963,5,naive,5,5,0.6425787225056725,,1.0
ES2,1,5,10.1080/1539445x.2010.495630,12,anchor,89,90,1.0824629963683057,90.0,0.9888888888888889
ES2,1,5,10.1080/1539445x.2010.495630,12,aware,12,12,1.843606554260856,,1.0
ES2,1,5,10.1080/1539445x.2010.495630,12,aware_on_anchor_rows,90,90,1.843606554260856,,1.0
ES2,1,5,10.1080/1539445x.2010.495630,12,explore_anchor_matdisjoint,0,0,0.7435781106620044,,
ES2,1,5,10.1080/1539445x.2010.495630,12,explore_aware8_on_anchor_rows,90,90,1.954655070191436,,1.0
ES2,1,5,10.1080/1539445x.2010.495630,12,explore_aware_on_matdisjoint_rows,0,0,1.843606554260856,,
ES2,1,5,10.1080/1539445x.2010.495630,12,explore_offset_q_aware,90,90,1.843606554260856,,1.0
ES2,1,5,10.1080/1539445x.2010.495630,12,naive,10,12,0.6425787225056725,,0.8333333333333334
ES2,1,5,10.1109/-no.2013.6720964,4,aware,4,4,1.843606554260856,,1.0
ES2,1,5,10.1109/-no.2013.6720964,4,naive,4,4,0.6425787225056725,,1.0
ES2,1,6,10.1002/marc.200700544,4,aware,4,4,1.7262766598993062,,1.0
ES2,1,6,10.1002/marc.200700544,4,naive,4,4,0.6827645838916148,,1.0
ES2,1,6,10.1016/j.memsci.2013.11.056,5,aware,5,5,1.7262766598993062,,1.0
ES2,1,6,10.1016/j.memsci.2013.11.056,5,naive,0,5,0.6827645838916148,,0.0
ES2,1,6,10.1021/acsami.0c02578,2,aware,2,2,1.7262766598993062,,1.0
ES2,1,6,10.1021/acsami.0c02578,2,naive,2,2,0.6827645838916148,,1.0
ES2,1,6,"K. Castkova, J. Kastyl, D. Sobola, J. Petrus, E. Stast-, Str",11,anchor,80,80,1.1025354498918678,80.0,1.0
ES2,1,6,"K. Castkova, J. Kastyl, D. Sobola, J. Petrus, E. Stast-, Str",11,aware,10,11,1.7262766598993062,,0.9090909090909091
ES2,1,6,"K. Castkova, J. Kastyl, D. Sobola, J. Petrus, E. Stast-, Str",11,aware_on_anchor_rows,70,80,1.7262766598993062,,0.875
ES2,1,6,"K. Castkova, J. Kastyl, D. Sobola, J. Petrus, E. Stast-, Str",11,explore_anchor_matdisjoint,0,0,1.13966841711431,,
ES2,1,6,"K. Castkova, J. Kastyl, D. Sobola, J. Petrus, E. Stast-, Str",11,explore_aware8_on_anchor_rows,80,80,1.9396676614355108,,1.0
ES2,1,6,"K. Castkova, J. Kastyl, D. Sobola, J. Petrus, E. Stast-, Str",11,explore_aware_on_matdisjoint_rows,0,0,1.7262766598993062,,
ES2,1,6,"K. Castkova, J. Kastyl, D. Sobola, J. Petrus, E. Stast-, Str",11,explore_offset_q_aware,80,80,1.7262766598993062,,1.0
ES2,1,6,"K. Castkova, J. Kastyl, D. Sobola, J. Petrus, E. Stast-, Str",11,naive,0,11,0.6827645838916148,,0.0
ES2,1,7,10.1021/cm060223+,6,aware,6,6,1.790053824731694,,1.0
ES2,1,7,10.1021/cm060223+,6,naive,1,6,0.639709385015105,,0.16666666666666666
ES2,1,7,10.1515/epoly-2018-0037,4,aware,4,4,1.790053824731694,,1.0
ES2,1,7,10.1515/epoly-2018-0037,4,naive,0,4,0.639709385015105,,0.0
ES2,1,7,10.4236/msa.2010.14036,2,aware,2,2,1.790053824731694,,1.0
ES2,1,7,10.4236/msa.2010.14036,2,naive,1,2,0.639709385015105,,0.5
ES2,1,7,"D.D. Pise, B.B. Ahuja, S.M. Shendokar, Study of Process Para",9,anchor,60,60,1.130389776266325,60.0,1.0
ES2,1,7,"D.D. Pise, B.B. Ahuja, S.M. Shendokar, Study of Process Para",9,aware,9,9,1.790053824731694,,1.0
ES2,1,7,"D.D. Pise, B.B. Ahuja, S.M. Shendokar, Study of Process Para",9,aware_on_anchor_rows,60,60,1.790053824731694,,1.0
ES2,1,7,"D.D. Pise, B.B. Ahuja, S.M. Shendokar, Study of Process Para",9,explore_anchor_matdisjoint,0,0,1.130389776266325,,
ES2,1,7,"D.D. Pise, B.B. Ahuja, S.M. Shendokar, Study of Process Para",9,explore_aware8_on_anchor_rows,60,60,1.913435752951691,,1.0
ES2,1,7,"D.D. Pise, B.B. Ahuja, S.M. Shendokar, Study of Process Para",9,explore_aware_on_matdisjoint_rows,0,0,1.790053824731694,,
ES2,1,7,"D.D. Pise, B.B. Ahuja, S.M. Shendokar, Study of Process Para",9,explore_offset_q_aware,60,60,1.790053824731694,,1.0
ES2,1,7,"D.D. Pise, B.B. Ahuja, S.M. Shendokar, Study of Process Para",9,naive,8,9,0.639709385015105,,0.8888888888888888
ES2,1,8,10.1002/app.42304,9,anchor,60,60,1.1137549182781177,45.0,1.0
ES2,1,8,10.1002/app.42304,9,aware,9,9,1.8098287783887173,,1.0
ES2,1,8,10.1002/app.42304,9,aware_on_anchor_rows,60,60,1.8098287783887173,,1.0
ES2,1,8,10.1002/app.42304,9,explore_anchor_matdisjoint,0,0,,,
ES2,1,8,10.1002/app.42304,9,explore_aware8_on_anchor_rows,60,60,1.8240560796235863,,1.0
ES2,1,8,10.1002/app.42304,9,explore_aware_on_matdisjoint_rows,0,0,1.8098287783887173,,
ES2,1,8,10.1002/app.42304,9,explore_offset_q_aware,60,60,1.8098287783887173,,1.0
ES2,1,8,10.1002/app.42304,9,naive,4,9,0.6391985067482717,,0.4444444444444444
ES2,1,8,10.1016/j.mseb.2006.03.035,4,aware,4,4,1.8098287783887173,,1.0
ES2,1,8,10.1016/j.mseb.2006.03.035,4,naive,4,4,0.6391985067482717,,1.0
ES2,1,8,10.1016/j.polymertesting.2019.106218,3,aware,3,3,1.8098287783887173,,1.0
ES2,1,8,10.1016/j.polymertesting.2019.106218,3,naive,0,3,0.6391985067482717,,0.0
ES2,1,8,10.1088/1748-6041/8/4/045007,5,aware,5,5,1.8098287783887173,,1.0
ES2,1,8,10.1088/1748-6041/8/4/045007,5,naive,1,5,0.6391985067482717,,0.2
ES2,1,9,10.1002/app.21762,3,aware,3,3,2.1325506547093083,,1.0
ES2,1,9,10.1002/app.21762,3,naive,3,3,0.6862921629143166,,1.0
ES2,1,9,10.1002/pi.4314,6,aware,6,6,2.1325506547093083,,1.0
ES2,1,9,10.1002/pi.4314,6,naive,0,6,0.6862921629143166,,0.0
ES2,1,9,10.1007/s10853-013-7341-6,8,anchor,50,50,1.065796595545497,50.0,1.0
ES2,1,9,10.1007/s10853-013-7341-6,8,aware,8,8,2.1325506547093083,,1.0
ES2,1,9,10.1007/s10853-013-7341-6,8,aware_on_anchor_rows,50,50,2.1325506547093083,,1.0
ES2,1,9,10.1007/s10853-013-7341-6,8,explore_anchor_matdisjoint,0,0,0.741364764935174,,
ES2,1,9,10.1007/s10853-013-7341-6,8,explore_aware8_on_anchor_rows,50,50,2.225990006924625,,1.0
ES2,1,9,10.1007/s10853-013-7341-6,8,explore_aware_on_matdisjoint_rows,0,0,2.1325506547093083,,
ES2,1,9,10.1007/s10853-013-7341-6,8,explore_offset_q_aware,50,50,2.1325506547093083,,1.0
ES2,1,9,10.1007/s10853-013-7341-6,8,naive,5,8,0.6862921629143166,,0.625
ES2,1,9,10.1515/epoly.2008.8.1.1758,4,aware,4,4,2.1325506547093083,,1.0
ES2,1,9,10.1515/epoly.2008.8.1.1758,4,naive,4,4,0.6862921629143166,,1.0
ES2,2,0,10.1117/12.837918,54,anchor,268,510,0.6694264662580054,510.0,0.5254901960784314
ES2,2,0,10.1117/12.837918,54,aware,18,54,1.2702983373853165,,0.3333333333333333
ES2,2,0,10.1117/12.837918,54,aware_on_anchor_rows,173,510,1.2702983373853165,,0.3392156862745098
ES2,2,0,10.1117/12.837918,54,explore_anchor_matdisjoint,0,0,1.0644056169493945,,
ES2,2,0,10.1117/12.837918,54,explore_aware8_on_anchor_rows,173,510,1.2702983373853165,,0.3392156862745098
ES2,2,0,10.1117/12.837918,54,explore_aware_on_matdisjoint_rows,0,0,1.2702983373853165,,
ES2,2,0,10.1117/12.837918,54,explore_offset_q_aware,409,510,1.2702983373853165,,0.8019607843137255
ES2,2,0,10.1117/12.837918,54,naive,11,54,0.6954527305436491,,0.2037037037037037
ES2,2,1,10.1088/1757-899x/230/1/012043,30,anchor,270,270,1.065086074646563,270.0,1.0
ES2,2,1,10.1088/1757-899x/230/1/012043,30,aware,29,30,1.6928182895485486,,0.9666666666666667
ES2,2,1,10.1088/1757-899x/230/1/012043,30,aware_on_anchor_rows,260,270,1.6928182895485486,,0.9629629629629629
ES2,2,1,10.1088/1757-899x/230/1/012043,30,explore_anchor_matdisjoint,0,0,0.9356258402550574,,
ES2,2,1,10.1088/1757-899x/230/1/012043,30,explore_aware8_on_anchor_rows,270,270,1.8806027678785493,,1.0
ES2,2,1,10.1088/1757-899x/230/1/012043,30,explore_aware_on_matdisjoint_rows,0,0,1.6928182895485486,,
ES2,2,1,10.1088/1757-899x/230/1/012043,30,explore_offset_q_aware,270,270,1.6928182895485486,,1.0
ES2,2,1,10.1088/1757-899x/230/1/012043,30,naive,1,30,0.6553501701566731,,0.03333333333333333
ES2,2,2,FERN lab experiment data ,25,anchor,220,220,1.213604038466088,220.0,1.0
ES2,2,2,FERN lab experiment data ,25,aware,25,25,1.757322411161808,,1.0
ES2,2,2,FERN lab experiment data ,25,aware_on_anchor_rows,220,220,1.757322411161808,,1.0
ES2,2,2,FERN lab experiment data ,25,explore_anchor_matdisjoint,0,0,0.8254208834232813,,
ES2,2,2,FERN lab experiment data ,25,explore_aware8_on_anchor_rows,220,220,1.996469194485325,,1.0
ES2,2,2,FERN lab experiment data ,25,explore_aware_on_matdisjoint_rows,0,0,1.757322411161808,,
ES2,2,2,FERN lab experiment data ,25,explore_offset_q_aware,220,220,1.757322411161808,,1.0
ES2,2,2,FERN lab experiment data ,25,naive,25,25,0.7198716682029351,,1.0
ES2,2,3,10.1007/s10965-014-0571-8,18,anchor,130,150,1.1284808997043896,136.0,0.8666666666666667
ES2,2,3,10.1007/s10965-014-0571-8,18,aware,18,18,1.792296584071905,,1.0
ES2,2,3,10.1007/s10965-014-0571-8,18,aware_on_anchor_rows,150,150,1.792296584071905,,1.0
ES2,2,3,10.1007/s10965-014-0571-8,18,explore_anchor_matdisjoint,0,0,,,
ES2,2,3,10.1007/s10965-014-0571-8,18,explore_aware8_on_anchor_rows,150,150,1.8703369394151523,,1.0
ES2,2,3,10.1007/s10965-014-0571-8,18,explore_aware_on_matdisjoint_rows,0,0,1.792296584071905,,
ES2,2,3,10.1007/s10965-014-0571-8,18,explore_offset_q_aware,150,150,1.792296584071905,,1.0
ES2,2,3,10.1007/s10965-014-0571-8,18,naive,10,18,0.7410387944786709,,0.5555555555555556
ES2,2,3,10.1016/j.memsci.2013.01.023,3,aware,3,3,1.792296584071905,,1.0
ES2,2,3,10.1016/j.memsci.2013.01.023,3,naive,0,3,0.7410387944786709,,0.0
ES2,2,3,10.3390/fib8100065,2,aware,2,2,1.792296584071905,,1.0
ES2,2,3,10.3390/fib8100065,2,naive,2,2,0.7410387944786709,,1.0
ES2,2,4,10.1002/app.21762,3,aware,3,3,1.7607188513335483,,1.0
ES2,2,4,10.1002/app.21762,3,naive,3,3,0.7090825225161379,,1.0
ES2,2,4,10.1007/s40204-017-0071-0,13,anchor,100,100,1.118095846938689,100.0,1.0
ES2,2,4,10.1007/s40204-017-0071-0,13,aware,13,13,1.7607188513335483,,1.0
ES2,2,4,10.1007/s40204-017-0071-0,13,aware_on_anchor_rows,100,100,1.7607188513335483,,1.0
ES2,2,4,10.1007/s40204-017-0071-0,13,explore_anchor_matdisjoint,0,0,0.7694027862813678,,
ES2,2,4,10.1007/s40204-017-0071-0,13,explore_aware8_on_anchor_rows,100,100,2.011422440581704,,1.0
ES2,2,4,10.1007/s40204-017-0071-0,13,explore_aware_on_matdisjoint_rows,0,0,1.7607188513335483,,
ES2,2,4,10.1007/s40204-017-0071-0,13,explore_offset_q_aware,100,100,1.7607188513335483,,1.0
ES2,2,4,10.1007/s40204-017-0071-0,13,naive,11,13,0.7090825225161379,,0.8461538461538461
ES2,2,4,10.1016/j.memsci.2013.11.056,5,aware,5,5,1.7607188513335483,,1.0
ES2,2,4,10.1016/j.memsci.2013.11.056,5,naive,0,5,0.7090825225161379,,0.0
ES2,2,5,10.1016/j.matlet.2015.08.003,5,aware,4,5,1.7660983895650384,,0.8
ES2,2,5,10.1016/j.matlet.2015.08.003,5,naive,1,5,0.6823553346760605,,0.2
ES2,2,5,10.1016/j.mseb.2006.03.035,4,aware,4,4,1.7660983895650384,,1.0
ES2,2,5,10.1016/j.mseb.2006.03.035,4,naive,4,4,0.6823553346760605,,1.0
ES2,2,5,10.1080/1539445x.2010.495630,12,anchor,90,90,1.1549319877249655,90.0,1.0
ES2,2,5,10.1080/1539445x.2010.495630,12,aware,12,12,1.7660983895650384,,1.0
ES2,2,5,10.1080/1539445x.2010.495630,12,aware_on_anchor_rows,90,90,1.7660983895650384,,1.0
ES2,2,5,10.1080/1539445x.2010.495630,12,explore_anchor_matdisjoint,0,0,1.1915383683101692,,
ES2,2,5,10.1080/1539445x.2010.495630,12,explore_aware8_on_anchor_rows,90,90,1.9050261346762625,,1.0
ES2,2,5,10.1080/1539445x.2010.495630,12,explore_aware_on_matdisjoint_rows,0,0,1.7660983895650384,,
ES2,2,5,10.1080/1539445x.2010.495630,12,explore_offset_q_aware,90,90,1.7660983895650384,,1.0
ES2,2,5,10.1080/1539445x.2010.495630,12,naive,8,12,0.6823553346760605,,0.6666666666666666
ES2,2,6,10.1088/1748-6041/8/4/045007,5,aware,5,5,1.7339589632576065,,1.0
ES2,2,6,10.1088/1748-6041/8/4/045007,5,naive,1,5,0.7065219914673415,,0.2
ES2,2,6,10.1109/-no.2013.6720964,4,aware,4,4,1.7339589632576065,,1.0
ES2,2,6,10.1109/-no.2013.6720964,4,naive,4,4,0.7065219914673415,,1.0
ES2,2,6,10.4236/msa.2010.14036,2,aware,2,2,1.7339589632576065,,1.0
ES2,2,6,10.4236/msa.2010.14036,2,naive,1,2,0.7065219914673415,,0.5
ES2,2,6,"K. Castkova, J. Kastyl, D. Sobola, J. Petrus, E. Stast-, Str",11,anchor,80,80,1.1905761751589334,80.0,1.0
ES2,2,6,"K. Castkova, J. Kastyl, D. Sobola, J. Petrus, E. Stast-, Str",11,aware,11,11,1.7339589632576065,,1.0
ES2,2,6,"K. Castkova, J. Kastyl, D. Sobola, J. Petrus, E. Stast-, Str",11,aware_on_anchor_rows,80,80,1.7339589632576065,,1.0
ES2,2,6,"K. Castkova, J. Kastyl, D. Sobola, J. Petrus, E. Stast-, Str",11,explore_anchor_matdisjoint,0,0,0.780385734580137,,
ES2,2,6,"K. Castkova, J. Kastyl, D. Sobola, J. Petrus, E. Stast-, Str",11,explore_aware8_on_anchor_rows,80,80,1.908902094983608,,1.0
ES2,2,6,"K. Castkova, J. Kastyl, D. Sobola, J. Petrus, E. Stast-, Str",11,explore_aware_on_matdisjoint_rows,0,0,1.7339589632576065,,
ES2,2,6,"K. Castkova, J. Kastyl, D. Sobola, J. Petrus, E. Stast-, Str",11,explore_offset_q_aware,80,80,1.7339589632576065,,1.0
ES2,2,6,"K. Castkova, J. Kastyl, D. Sobola, J. Petrus, E. Stast-, Str",11,naive,0,11,0.7065219914673415,,0.0
ES2,2,7,10.1002/marc.200700544,4,aware,4,4,1.763068657159943,,1.0
ES2,2,7,10.1002/marc.200700544,4,naive,3,4,0.6946796068712278,,0.75
ES2,2,7,10.1002/pi.4314,6,aware,6,6,1.763068657159943,,1.0
ES2,2,7,10.1002/pi.4314,6,naive,0,6,0.6946796068712278,,0.0
ES2,2,7,10.1021/acsami.0c02578,2,aware,2,2,1.763068657159943,,1.0
ES2,2,7,10.1021/acsami.0c02578,2,naive,2,2,0.6946796068712278,,1.0
ES2,2,7,"D.D. Pise, B.B. Ahuja, S.M. Shendokar, Study of Process Para",9,anchor,60,60,1.1509027726222625,60.0,1.0
ES2,2,7,"D.D. Pise, B.B. Ahuja, S.M. Shendokar, Study of Process Para",9,aware,9,9,1.763068657159943,,1.0
ES2,2,7,"D.D. Pise, B.B. Ahuja, S.M. Shendokar, Study of Process Para",9,aware_on_anchor_rows,60,60,1.763068657159943,,1.0
ES2,2,7,"D.D. Pise, B.B. Ahuja, S.M. Shendokar, Study of Process Para",9,explore_anchor_matdisjoint,0,0,0.7364416740270364,,
ES2,2,7,"D.D. Pise, B.B. Ahuja, S.M. Shendokar, Study of Process Para",9,explore_aware8_on_anchor_rows,60,60,1.8534435713983408,,1.0
ES2,2,7,"D.D. Pise, B.B. Ahuja, S.M. Shendokar, Study of Process Para",9,explore_aware_on_matdisjoint_rows,0,0,1.763068657159943,,
ES2,2,7,"D.D. Pise, B.B. Ahuja, S.M. Shendokar, Study of Process Para",9,explore_offset_q_aware,60,60,1.763068657159943,,1.0
ES2,2,7,"D.D. Pise, B.B. Ahuja, S.M. Shendokar, Study of Process Para",9,naive,8,9,0.6946796068712278,,0.8888888888888888
ES2,2,8,10.1002/app.42304,9,anchor,60,60,1.1323153591869588,48.0,1.0
ES2,2,8,10.1002/app.42304,9,aware,9,9,1.7723820596003668,,1.0
ES2,2,8,10.1002/app.42304,9,aware_on_anchor_rows,60,60,1.7723820596003668,,1.0
ES2,2,8,10.1002/app.42304,9,explore_anchor_matdisjoint,0,0,,,
ES2,2,8,10.1002/app.42304,9,explore_aware8_on_anchor_rows,60,60,1.8320001378422608,,1.0
ES2,2,8,10.1002/app.42304,9,explore_aware_on_matdisjoint_rows,0,0,1.7723820596003668,,
ES2,2,8,10.1002/app.42304,9,explore_offset_q_aware,60,60,1.7723820596003668,,1.0
ES2,2,8,10.1002/app.42304,9,naive,6,9,0.6420190088183064,,0.6666666666666666
ES2,2,8,10.1016/j.memsci.2018.06.050,3,aware,3,3,1.7723820596003668,,1.0
ES2,2,8,10.1016/j.memsci.2018.06.050,3,naive,1,3,0.6420190088183064,,0.3333333333333333
ES2,2,8,10.1080/10236660802190963,5,aware,5,5,1.7723820596003668,,1.0
ES2,2,8,10.1080/10236660802190963,5,naive,5,5,0.6420190088183064,,1.0
ES2,2,8,10.1515/epoly-2018-0037,4,aware,4,4,1.7723820596003668,,1.0
ES2,2,8,10.1515/epoly-2018-0037,4,naive,0,4,0.6420190088183064,,0.0
ES2,2,9,10.1007/s10853-013-7341-6,8,anchor,50,50,1.1673766114037103,50.0,1.0
ES2,2,9,10.1007/s10853-013-7341-6,8,aware,8,8,2.1240888968325637,,1.0
ES2,2,9,10.1007/s10853-013-7341-6,8,aware_on_anchor_rows,50,50,2.1240888968325637,,1.0
ES2,2,9,10.1007/s10853-013-7341-6,8,explore_anchor_matdisjoint,0,0,0.75695006824983,,
ES2,2,9,10.1007/s10853-013-7341-6,8,explore_aware8_on_anchor_rows,50,50,2.17856896029833,,1.0
ES2,2,9,10.1007/s10853-013-7341-6,8,explore_aware_on_matdisjoint_rows,0,0,2.1240888968325637,,
ES2,2,9,10.1007/s10853-013-7341-6,8,explore_offset_q_aware,50,50,2.1240888968325637,,1.0
ES2,2,9,10.1007/s10853-013-7341-6,8,naive,6,8,0.7835768408897943,,0.75
ES2,2,9,10.1016/j.polymertesting.2019.106218,3,aware,3,3,2.1240888968325637,,1.0
ES2,2,9,10.1016/j.polymertesting.2019.106218,3,naive,0,3,0.7835768408897943,,0.0
ES2,2,9,10.1021/cm060223+,6,aware,6,6,2.1240888968325637,,1.0
ES2,2,9,10.1021/cm060223+,6,naive,3,6,0.7835768408897943,,0.5
ES2,2,9,10.1515/epoly.2008.8.1.1758,4,aware,4,4,2.1240888968325637,,1.0
ES2,2,9,10.1515/epoly.2008.8.1.1758,4,naive,4,4,0.7835768408897943,,1.0
ES2,3,0,10.1117/12.837918,54,anchor,270,510,0.6794040066801805,510.0,0.5294117647058824
ES2,3,0,10.1117/12.837918,54,aware,17,54,1.231795167451614,,0.3148148148148148
ES2,3,0,10.1117/12.837918,54,aware_on_anchor_rows,164,510,1.231795167451614,,0.3215686274509804
ES2,3,0,10.1117/12.837918,54,explore_anchor_matdisjoint,0,0,1.0679366686236964,,
ES2,3,0,10.1117/12.837918,54,explore_aware8_on_anchor_rows,164,510,1.2097968894291675,,0.3215686274509804
ES2,3,0,10.1117/12.837918,54,explore_aware_on_matdisjoint_rows,0,0,1.231795167451614,,
ES2,3,0,10.1117/12.837918,54,explore_offset_q_aware,424,510,1.231795167451614,,0.8313725490196079
ES2,3,0,10.1117/12.837918,54,naive,12,54,0.7367835234240387,,0.2222222222222222
ES2,3,1,10.1088/1757-899x/230/1/012043,30,anchor,270,270,1.1282147882235931,270.0,1.0
ES2,3,1,10.1088/1757-899x/230/1/012043,30,aware,29,30,1.7319778178895548,,0.9666666666666667
ES2,3,1,10.1088/1757-899x/230/1/012043,30,aware_on_anchor_rows,261,270,1.7319778178895548,,0.9666666666666667
ES2,3,1,10.1088/1757-899x/230/1/012043,30,explore_anchor_matdisjoint,0,0,0.5934415390478782,,
ES2,3,1,10.1088/1757-899x/230/1/012043,30,explore_aware8_on_anchor_rows,261,270,1.8689983948569395,,0.9666666666666667
ES2,3,1,10.1088/1757-899x/230/1/012043,30,explore_aware_on_matdisjoint_rows,0,0,1.7319778178895548,,
ES2,3,1,10.1088/1757-899x/230/1/012043,30,explore_offset_q_aware,270,270,1.7319778178895548,,1.0
ES2,3,1,10.1088/1757-899x/230/1/012043,30,naive,0,30,0.6113276662958511,,0.0
ES2,3,2,FERN lab experiment data ,25,anchor,220,220,1.1543615031012315,220.0,1.0
ES2,3,2,FERN lab experiment data ,25,aware,25,25,1.7936922948779117,,1.0
ES2,3,2,FERN lab experiment data ,25,aware_on_anchor_rows,220,220,1.7936922948779117,,1.0
ES2,3,2,FERN lab experiment data ,25,explore_anchor_matdisjoint,0,0,0.8775100046398813,,
ES2,3,2,FERN lab experiment data ,25,explore_aware8_on_anchor_rows,220,220,2.04111685324904,,1.0
ES2,3,2,FERN lab experiment data ,25,explore_aware_on_matdisjoint_rows,0,0,1.7936922948779117,,
ES2,3,2,FERN lab experiment data ,25,explore_offset_q_aware,220,220,1.7936922948779117,,1.0
ES2,3,2,FERN lab experiment data ,25,naive,25,25,0.6681523519601846,,1.0
ES2,3,3,10.1007/s10965-014-0571-8,18,anchor,125,150,0.9960022134706792,134.0,0.8333333333333334
ES2,3,3,10.1007/s10965-014-0571-8,18,aware,18,18,1.827670601762307,,1.0
ES2,3,3,10.1007/s10965-014-0571-8,18,aware_on_anchor_rows,150,150,1.827670601762307,,1.0
ES2,3,3,10.1007/s10965-014-0571-8,18,explore_anchor_matdisjoint,0,0,,,
ES2,3,3,10.1007/s10965-014-0571-8,18,explore_aware8_on_anchor_rows,150,150,1.9190999700250968,,1.0
ES2,3,3,10.1007/s10965-014-0571-8,18,explore_aware_on_matdisjoint_rows,0,0,1.827670601762307,,
ES2,3,3,10.1007/s10965-014-0571-8,18,explore_offset_q_aware,150,150,1.827670601762307,,1.0
ES2,3,3,10.1007/s10965-014-0571-8,18,naive,5,18,0.5302130479240548,,0.2777777777777778
ES2,3,3,10.1016/j.polymertesting.2019.106218,3,aware,3,3,1.827670601762307,,1.0
ES2,3,3,10.1016/j.polymertesting.2019.106218,3,naive,0,3,0.5302130479240548,,0.0
ES2,3,3,10.3390/fib8100065,2,aware,2,2,1.827670601762307,,1.0
ES2,3,3,10.3390/fib8100065,2,naive,2,2,0.5302130479240548,,1.0
ES2,3,4,10.1007/s40204-017-0071-0,13,anchor,100,100,1.111360516973294,100.0,1.0
ES2,3,4,10.1007/s40204-017-0071-0,13,aware,13,13,1.72543892675528,,1.0
ES2,3,4,10.1007/s40204-017-0071-0,13,aware_on_anchor_rows,100,100,1.72543892675528,,1.0
ES2,3,4,10.1007/s40204-017-0071-0,13,explore_anchor_matdisjoint,0,0,0.7654909630374127,,
ES2,3,4,10.1007/s40204-017-0071-0,13,explore_aware8_on_anchor_rows,100,100,1.9118076857608253,,1.0
ES2,3,4,10.1007/s40204-017-0071-0,13,explore_aware_on_matdisjoint_rows,0,0,1.72543892675528,,
ES2,3,4,10.1007/s40204-017-0071-0,13,explore_offset_q_aware,100,100,1.72543892675528,,1.0
ES2,3,4,10.1007/s40204-017-0071-0,13,naive,13,13,0.6682553632276829,,1.0
ES2,3,4,10.1016/j.matlet.2015.08.003,5,aware,4,5,1.72543892675528,,0.8
ES2,3,4,10.1016/j.matlet.2015.08.003,5,naive,1,5,0.6682553632276829,,0.2
ES2,3,4,10.1016/j.memsci.2013.01.023,3,aware,3,3,1.72543892675528,,1.0
ES2,3,4,10.1016/j.memsci.2013.01.023,3,naive,0,3,0.6682553632276829,,0.0
ES2,3,5,10.1080/1539445x.2010.495630,12,anchor,88,90,1.0606625936266376,90.0,0.9777777777777777
ES2,3,5,10.1080/1539445x.2010.495630,12,aware,12,12,1.7865903917341184,,1.0
ES2,3,5,10.1080/1539445x.2010.495630,12,aware_on_anchor_rows,90,90,1.7865903917341184,,1.0
ES2,3,5,10.1080/1539445x.2010.495630,12,explore_anchor_matdisjoint,0,0,0.7934932446301147,,
ES2,3,5,10.1080/1539445x.2010.495630,12,explore_aware8_on_anchor_rows,90,90,1.959418624434838,,1.0
ES2,3,5,10.1080/1539445x.2010.495630,12,explore_aware_on_matdisjoint_rows,0,0,1.7865903917341184,,
ES2,3,5,10.1080/1539445x.2010.495630,12,explore_offset_q_aware,90,90,1.7865903917341184,,1.0
ES2,3,5,10.1080/1539445x.2010.495630,12,naive,9,12,0.5827284959696515,,0.75
ES2,3,5,10.1088/1748-6041/8/4/045007,5,aware,5,5,1.7865903917341184,,1.0
ES2,3,5,10.1088/1748-6041/8/4/045007,5,naive,1,5,0.5827284959696515,,0.2
ES2,3,5,10.1515/epoly-2018-0037,4,aware,4,4,1.7865903917341184,,1.0
ES2,3,5,10.1515/epoly-2018-0037,4,naive,0,4,0.5827284959696515,,0.0
ES2,3,6,10.1002/marc.200700544,4,aware,4,4,1.7380840667966195,,1.0
ES2,3,6,10.1002/marc.200700544,4,naive,3,4,0.6113302455021117,,0.75
ES2,3,6,10.1016/j.memsci.2013.11.056,5,aware,5,5,1.7380840667966195,,1.0
ES2,3,6,10.1016/j.memsci.2013.11.056,5,naive,0,5,0.6113302455021117,,0.0
ES2,3,6,10.4236/msa.2010.14036,2,aware,2,2,1.7380840667966195,,1.0
ES2,3,6,10.4236/msa.2010.14036,2,naive,1,2,0.6113302455021117,,0.5
ES2,3,6,"K. Castkova, J. Kastyl, D. Sobola, J. Petrus, E. Stast-, Str",11,anchor,80,80,1.161017426626933,80.0,1.0
ES2,3,6,"K. Castkova, J. Kastyl, D. Sobola, J. Petrus, E. Stast-, Str",11,aware,10,11,1.7380840667966195,,0.9090909090909091
ES2,3,6,"K. Castkova, J. Kastyl, D. Sobola, J. Petrus, E. Stast-, Str",11,aware_on_anchor_rows,76,80,1.7380840667966195,,0.95
ES2,3,6,"K. Castkova, J. Kastyl, D. Sobola, J. Petrus, E. Stast-, Str",11,explore_anchor_matdisjoint,0,0,0.5663218228572784,,
ES2,3,6,"K. Castkova, J. Kastyl, D. Sobola, J. Petrus, E. Stast-, Str",11,explore_aware8_on_anchor_rows,80,80,1.943300629180964,,1.0
ES2,3,6,"K. Castkova, J. Kastyl, D. Sobola, J. Petrus, E. Stast-, Str",11,explore_aware_on_matdisjoint_rows,0,0,1.7380840667966195,,
ES2,3,6,"K. Castkova, J. Kastyl, D. Sobola, J. Petrus, E. Stast-, Str",11,explore_offset_q_aware,80,80,1.7380840667966195,,1.0
ES2,3,6,"K. Castkova, J. Kastyl, D. Sobola, J. Petrus, E. Stast-, Str",11,naive,0,11,0.6113302455021117,,0.0
ES2,3,7,10.1002/pi.4314,6,aware,6,6,1.7966120138419308,,1.0
ES2,3,7,10.1002/pi.4314,6,naive,0,6,0.6590073136573862,,0.0
ES2,3,7,10.1016/j.mseb.2006.03.035,4,aware,4,4,1.7966120138419308,,1.0
ES2,3,7,10.1016/j.mseb.2006.03.035,4,naive,4,4,0.6590073136573862,,1.0
ES2,3,7,10.1021/acsami.0c02578,2,aware,2,2,1.7966120138419308,,1.0
ES2,3,7,10.1021/acsami.0c02578,2,naive,2,2,0.6590073136573862,,1.0
ES2,3,7,"D.D. Pise, B.B. Ahuja, S.M. Shendokar, Study of Process Para",9,anchor,60,60,1.155544554422563,60.0,1.0
ES2,3,7,"D.D. Pise, B.B. Ahuja, S.M. Shendokar, Study of Process Para",9,aware,9,9,1.7966120138419308,,1.0
ES2,3,7,"D.D. Pise, B.B. Ahuja, S.M. Shendokar, Study of Process Para",9,aware_on_anchor_rows,60,60,1.7966120138419308,,1.0
ES2,3,7,"D.D. Pise, B.B. Ahuja, S.M. Shendokar, Study of Process Para",9,explore_anchor_matdisjoint,0,0,1.107061269227016,,
ES2,3,7,"D.D. Pise, B.B. Ahuja, S.M. Shendokar, Study of Process Para",9,explore_aware8_on_anchor_rows,60,60,1.9031551989982205,,1.0
ES2,3,7,"D.D. Pise, B.B. Ahuja, S.M. Shendokar, Study of Process Para",9,explore_aware_on_matdisjoint_rows,0,0,1.7966120138419308,,
ES2,3,7,"D.D. Pise, B.B. Ahuja, S.M. Shendokar, Study of Process Para",9,explore_offset_q_aware,60,60,1.7966120138419308,,1.0
ES2,3,7,"D.D. Pise, B.B. Ahuja, S.M. Shendokar, Study of Process Para",9,naive,9,9,0.6590073136573862,,1.0
ES2,3,8,10.1002/app.21762,3,aware,3,3,1.762269841779882,,1.0
ES2,3,8,10.1002/app.21762,3,naive,3,3,0.6646778551460191,,1.0
ES2,3,8,10.1002/app.42304,9,anchor,60,60,1.1275267649634635,42.0,1.0
ES2,3,8,10.1002/app.42304,9,aware,9,9,1.762269841779882,,1.0
ES2,3,8,10.1002/app.42304,9,aware_on_anchor_rows,60,60,1.762269841779882,,1.0
ES2,3,8,10.1002/app.42304,9,explore_anchor_matdisjoint,0,0,,,
ES2,3,8,10.1002/app.42304,9,explore_aware8_on_anchor_rows,60,60,1.8984105362228505,,1.0
ES2,3,8,10.1002/app.42304,9,explore_aware_on_matdisjoint_rows,0,0,1.762269841779882,,
ES2,3,8,10.1002/app.42304,9,explore_offset_q_aware,60,60,1.762269841779882,,1.0
ES2,3,8,10.1002/app.42304,9,naive,7,9,0.6646778551460191,,0.7777777777777778
ES2,3,8,10.1080/10236660802190963,5,aware,5,5,1.762269841779882,,1.0
ES2,3,8,10.1080/10236660802190963,5,naive,5,5,0.6646778551460191,,1.0
ES2,3,8,10.1109/-no.2013.6720964,4,aware,4,4,1.762269841779882,,1.0
ES2,3,8,10.1109/-no.2013.6720964,4,naive,4,4,0.6646778551460191,,1.0
ES2,3,9,10.1007/s10853-013-7341-6,8,anchor,50,50,1.1542083593911687,50.0,1.0
ES2,3,9,10.1007/s10853-013-7341-6,8,aware,8,8,2.037834521611055,,1.0
ES2,3,9,10.1007/s10853-013-7341-6,8,aware_on_anchor_rows,50,50,2.037834521611055,,1.0
ES2,3,9,10.1007/s10853-013-7341-6,8,explore_anchor_matdisjoint,0,0,0.9107749680339732,,
ES2,3,9,10.1007/s10853-013-7341-6,8,explore_aware8_on_anchor_rows,50,50,2.1544177848048776,,1.0
ES2,3,9,10.1007/s10853-013-7341-6,8,explore_aware_on_matdisjoint_rows,0,0,2.037834521611055,,
ES2,3,9,10.1007/s10853-013-7341-6,8,explore_offset_q_aware,50,50,2.037834521611055,,1.0
ES2,3,9,10.1007/s10853-013-7341-6,8,naive,2,8,0.5637627319899021,,0.25
ES2,3,9,10.1016/j.memsci.2018.06.050,3,aware,3,3,2.037834521611055,,1.0
ES2,3,9,10.1016/j.memsci.2018.06.050,3,naive,1,3,0.5637627319899021,,0.3333333333333333
ES2,3,9,10.1021/cm060223+,6,aware,6,6,2.037834521611055,,1.0
ES2,3,9,10.1021/cm060223+,6,naive,1,6,0.5637627319899021,,0.16666666666666666
ES2,3,9,10.1515/epoly.2008.8.1.1758,4,aware,4,4,2.037834521611055,,1.0
ES2,3,9,10.1515/epoly.2008.8.1.1758,4,naive,4,4,0.5637627319899021,,1.0
ES2,4,0,10.1117/12.837918,54,anchor,292,510,0.7312919565514044,510.0,0.5725490196078431
ES2,4,0,10.1117/12.837918,54,aware,18,54,1.283419037020218,,0.3333333333333333
ES2,4,0,10.1117/12.837918,54,aware_on_anchor_rows,169,510,1.283419037020218,,0.33137254901960783
ES2,4,0,10.1117/12.837918,54,explore_anchor_matdisjoint,0,0,0.9717198369534206,,
ES2,4,0,10.1117/12.837918,54,explore_aware8_on_anchor_rows,159,510,1.2486708448813726,,0.31176470588235294
ES2,4,0,10.1117/12.837918,54,explore_aware_on_matdisjoint_rows,0,0,1.283419037020218,,
ES2,4,0,10.1117/12.837918,54,explore_offset_q_aware,422,510,1.283419037020218,,0.8274509803921568
ES2,4,0,10.1117/12.837918,54,naive,13,54,0.7710666626779807,,0.24074074074074073
ES2,4,1,10.1088/1757-899x/230/1/012043,30,anchor,270,270,1.0763920080974856,270.0,1.0
ES2,4,1,10.1088/1757-899x/230/1/012043,30,aware,29,30,1.7304035680505434,,0.9666666666666667
ES2,4,1,10.1088/1757-899x/230/1/012043,30,aware_on_anchor_rows,261,270,1.7304035680505434,,0.9666666666666667
ES2,4,1,10.1088/1757-899x/230/1/012043,30,explore_anchor_matdisjoint,0,0,0.8159552730249717,,
ES2,4,1,10.1088/1757-899x/230/1/012043,30,explore_aware8_on_anchor_rows,270,270,1.8928531510564808,,1.0
ES2,4,1,10.1088/1757-899x/230/1/012043,30,explore_aware_on_matdisjoint_rows,0,0,1.7304035680505434,,
ES2,4,1,10.1088/1757-899x/230/1/012043,30,explore_offset_q_aware,270,270,1.7304035680505434,,1.0
ES2,4,1,10.1088/1757-899x/230/1/012043,30,naive,2,30,0.6634031588811826,,0.06666666666666667
ES2,4,2,FERN lab experiment data ,25,anchor,220,220,1.184127046831449,220.0,1.0
ES2,4,2,FERN lab experiment data ,25,aware,25,25,1.7882055535056054,,1.0
ES2,4,2,FERN lab experiment data ,25,aware_on_anchor_rows,220,220,1.7882055535056054,,1.0
ES2,4,2,FERN lab experiment data ,25,explore_anchor_matdisjoint,0,0,1.0313255290890162,,
ES2,4,2,FERN lab experiment data ,25,explore_aware8_on_anchor_rows,220,220,2.0170073036599057,,1.0
ES2,4,2,FERN lab experiment data ,25,explore_aware_on_matdisjoint_rows,0,0,1.7882055535056054,,
ES2,4,2,FERN lab experiment data ,25,explore_offset_q_aware,220,220,1.7882055535056054,,1.0
ES2,4,2,FERN lab experiment data ,25,naive,25,25,0.6668303567270311,,1.0
ES2,4,3,10.1007/s10965-014-0571-8,18,anchor,128,150,1.0666949804400576,136.0,0.8533333333333334
ES2,4,3,10.1007/s10965-014-0571-8,18,aware,18,18,1.7971504240663965,,1.0
ES2,4,3,10.1007/s10965-014-0571-8,18,aware_on_anchor_rows,150,150,1.7971504240663965,,1.0
ES2,4,3,10.1007/s10965-014-0571-8,18,explore_anchor_matdisjoint,5,14,0.2700541748344139,,0.35714285714285715
ES2,4,3,10.1007/s10965-014-0571-8,18,explore_aware8_on_anchor_rows,150,150,1.9008480255516145,,1.0
ES2,4,3,10.1007/s10965-014-0571-8,18,explore_aware_on_matdisjoint_rows,14,14,1.7971504240663965,,1.0
ES2,4,3,10.1007/s10965-014-0571-8,18,explore_offset_q_aware,150,150,1.7971504240663965,,1.0
ES2,4,3,10.1007/s10965-014-0571-8,18,naive,7,18,0.6113326855091428,,0.3888888888888889
ES2,4,3,10.1016/j.memsci.2018.06.050,3,aware,3,3,1.7971504240663965,,1.0
ES2,4,3,10.1016/j.memsci.2018.06.050,3,naive,2,3,0.6113326855091428,,0.6666666666666666
ES2,4,3,10.1021/acsami.0c02578,2,aware,2,2,1.7971504240663965,,1.0
ES2,4,3,10.1021/acsami.0c02578,2,naive,2,2,0.6113326855091428,,1.0
ES2,4,4,10.1007/s40204-017-0071-0,13,anchor,100,100,1.047478742797663,100.0,1.0
ES2,4,4,10.1007/s40204-017-0071-0,13,aware,13,13,1.7848998000414005,,1.0
ES2,4,4,10.1007/s40204-017-0071-0,13,aware_on_anchor_rows,100,100,1.7848998000414005,,1.0
ES2,4,4,10.1007/s40204-017-0071-0,13,explore_anchor_matdisjoint,0,0,0.6569121287428413,,
ES2,4,4,10.1007/s40204-017-0071-0,13,explore_aware8_on_anchor_rows,100,100,1.9006353499314723,,1.0
ES2,4,4,10.1007/s40204-017-0071-0,13,explore_aware_on_matdisjoint_rows,0,0,1.7848998000414005,,
ES2,4,4,10.1007/s40204-017-0071-0,13,explore_offset_q_aware,100,100,1.7848998000414005,,1.0
ES2,4,4,10.1007/s40204-017-0071-0,13,naive,10,13,0.6214551367408827,,0.7692307692307693
ES2,4,4,10.1016/j.polymertesting.2019.106218,3,aware,3,3,1.7848998000414005,,1.0
ES2,4,4,10.1016/j.polymertesting.2019.106218,3,naive,0,3,0.6214551367408827,,0.0
ES2,4,4,10.1080/10236660802190963,5,aware,5,5,1.7848998000414005,,1.0
ES2,4,4,10.1080/10236660802190963,5,naive,5,5,0.6214551367408827,,1.0
ES2,4,5,10.1016/j.mseb.2006.03.035,4,aware,4,4,1.848791434873084,,1.0
ES2,4,5,10.1016/j.mseb.2006.03.035,4,naive,2,4,0.602711281826402,,0.5
ES2,4,5,10.1080/1539445x.2010.495630,12,anchor,89,90,1.146953283444872,90.0,0.9888888888888889
ES2,4,5,10.1080/1539445x.2010.495630,12,aware,12,12,1.848791434873084,,1.0
ES2,4,5,10.1080/1539445x.2010.495630,12,aware_on_anchor_rows,90,90,1.848791434873084,,1.0
ES2,4,5,10.1080/1539445x.2010.495630,12,explore_anchor_matdisjoint,0,0,0.7078814695579098,,
ES2,4,5,10.1080/1539445x.2010.495630,12,explore_aware8_on_anchor_rows,90,90,1.933251654583125,,1.0
ES2,4,5,10.1080/1539445x.2010.495630,12,explore_aware_on_matdisjoint_rows,0,0,1.848791434873084,,
ES2,4,5,10.1080/1539445x.2010.495630,12,explore_offset_q_aware,90,90,1.848791434873084,,1.0
ES2,4,5,10.1080/1539445x.2010.495630,12,naive,10,12,0.602711281826402,,0.8333333333333334
ES2,4,5,10.1088/1748-6041/8/4/045007,5,aware,5,5,1.848791434873084,,1.0
ES2,4,5,10.1088/1748-6041/8/4/045007,5,naive,1,5,0.602711281826402,,0.2
ES2,4,6,10.1016/j.matlet.2015.08.003,5,aware,4,5,1.7136021517049,,0.8
ES2,4,6,10.1016/j.matlet.2015.08.003,5,naive,1,5,0.6531463352782607,,0.2
ES2,4,6,10.1515/epoly.2008.8.1.1758,4,aware,4,4,1.7136021517049,,1.0
ES2,4,6,10.1515/epoly.2008.8.1.1758,4,naive,4,4,0.6531463352782607,,1.0
ES2,4,6,10.4236/msa.2010.14036,2,aware,2,2,1.7136021517049,,1.0
ES2,4,6,10.4236/msa.2010.14036,2,naive,1,2,0.6531463352782607,,0.5
ES2,4,6,"K. Castkova, J. Kastyl, D. Sobola, J. Petrus, E. Stast-, Str",11,anchor,80,80,1.0526797555443346,80.0,1.0
ES2,4,6,"K. Castkova, J. Kastyl, D. Sobola, J. Petrus, E. Stast-, Str",11,aware,11,11,1.7136021517049,,1.0
ES2,4,6,"K. Castkova, J. Kastyl, D. Sobola, J. Petrus, E. Stast-, Str",11,aware_on_anchor_rows,80,80,1.7136021517049,,1.0
ES2,4,6,"K. Castkova, J. Kastyl, D. Sobola, J. Petrus, E. Stast-, Str",11,explore_anchor_matdisjoint,0,0,0.8071380369266877,,
ES2,4,6,"K. Castkova, J. Kastyl, D. Sobola, J. Petrus, E. Stast-, Str",11,explore_aware8_on_anchor_rows,80,80,1.9119812573778487,,1.0
ES2,4,6,"K. Castkova, J. Kastyl, D. Sobola, J. Petrus, E. Stast-, Str",11,explore_aware_on_matdisjoint_rows,0,0,1.7136021517049,,
ES2,4,6,"K. Castkova, J. Kastyl, D. Sobola, J. Petrus, E. Stast-, Str",11,explore_offset_q_aware,80,80,1.7136021517049,,1.0
ES2,4,6,"K. Castkova, J. Kastyl, D. Sobola, J. Petrus, E. Stast-, Str",11,naive,0,11,0.6531463352782607,,0.0
ES2,4,7,10.1021/cm060223+,6,aware,6,6,1.800014837998165,,1.0
ES2,4,7,10.1021/cm060223+,6,naive,1,6,0.6068838795266451,,0.16666666666666666
ES2,4,7,10.1515/epoly-2018-0037,4,aware,4,4,1.800014837998165,,1.0
ES2,4,7,10.1515/epoly-2018-0037,4,naive,0,4,0.6068838795266451,,0.0
ES2,4,7,10.3390/fib8100065,2,aware,2,2,1.800014837998165,,1.0
ES2,4,7,10.3390/fib8100065,2,naive,1,2,0.6068838795266451,,0.5
ES2,4,7,"D.D. Pise, B.B. Ahuja, S.M. Shendokar, Study of Process Para",9,anchor,60,60,1.1136151564813417,60.0,1.0
ES2,4,7,"D.D. Pise, B.B. Ahuja, S.M. Shendokar, Study of Process Para",9,aware,9,9,1.800014837998165,,1.0
ES2,4,7,"D.D. Pise, B.B. Ahuja, S.M. Shendokar, Study of Process Para",9,aware_on_anchor_rows,60,60,1.800014837998165,,1.0
ES2,4,7,"D.D. Pise, B.B. Ahuja, S.M. Shendokar, Study of Process Para",9,explore_anchor_matdisjoint,0,0,0.971951576754633,,
ES2,4,7,"D.D. Pise, B.B. Ahuja, S.M. Shendokar, Study of Process Para",9,explore_aware8_on_anchor_rows,60,60,1.9148549702640336,,1.0
ES2,4,7,"D.D. Pise, B.B. Ahuja, S.M. Shendokar, Study of Process Para",9,explore_aware_on_matdisjoint_rows,0,0,1.800014837998165,,
ES2,4,7,"D.D. Pise, B.B. Ahuja, S.M. Shendokar, Study of Process Para",9,explore_offset_q_aware,60,60,1.800014837998165,,1.0
ES2,4,7,"D.D. Pise, B.B. Ahuja, S.M. Shendokar, Study of Process Para",9,naive,7,9,0.6068838795266451,,0.7777777777777778
ES2,4,8,10.1002/app.21762,3,aware,3,3,1.7988329782738282,,1.0
ES2,4,8,10.1002/app.21762,3,naive,3,3,0.598845370795519,,1.0
ES2,4,8,10.1002/app.42304,9,anchor,60,60,1.052184902524897,39.0,1.0
ES2,4,8,10.1002/app.42304,9,aware,9,9,1.7988329782738282,,1.0
ES2,4,8,10.1002/app.42304,9,aware_on_anchor_rows,60,60,1.7988329782738282,,1.0
ES2,4,8,10.1002/app.42304,9,explore_anchor_matdisjoint,0,0,,,
ES2,4,8,10.1002/app.42304,9,explore_aware8_on_anchor_rows,60,60,1.8918102488384227,,1.0
ES2,4,8,10.1002/app.42304,9,explore_aware_on_matdisjoint_rows,0,0,1.7988329782738282,,
ES2,4,8,10.1002/app.42304,9,explore_offset_q_aware,60,60,1.7988329782738282,,1.0
ES2,4,8,10.1002/app.42304,9,naive,6,9,0.598845370795519,,0.6666666666666666
ES2,4,8,10.1002/marc.200700544,4,aware,4,4,1.7988329782738282,,1.0
ES2,4,8,10.1002/marc.200700544,4,naive,3,4,0.598845370795519,,0.75
ES2,4,8,10.1016/j.memsci.2013.11.056,5,aware,5,5,1.7988329782738282,,1.0
ES2,4,8,10.1016/j.memsci.2013.11.056,5,naive,0,5,0.598845370795519,,0.0
ES2,4,9,10.1002/pi.4314,6,aware,6,6,2.0537108738653345,,1.0
ES2,4,9,10.1002/pi.4314,6,naive,0,6,0.6164467408680507,,0.0
ES2,4,9,10.1007/s10853-013-7341-6,8,anchor,50,50,1.2238803202163286,50.0,1.0
ES2,4,9,10.1007/s10853-013-7341-6,8,aware,8,8,2.0537108738653345,,1.0
ES2,4,9,10.1007/s10853-013-7341-6,8,aware_on_anchor_rows,50,50,2.0537108738653345,,1.0
ES2,4,9,10.1007/s10853-013-7341-6,8,explore_anchor_matdisjoint,0,0,0.7527456456919891,,
ES2,4,9,10.1007/s10853-013-7341-6,8,explore_aware8_on_anchor_rows,50,50,2.104990512950831,,1.0
ES2,4,9,10.1007/s10853-013-7341-6,8,explore_aware_on_matdisjoint_rows,0,0,2.0537108738653345,,
ES2,4,9,10.1007/s10853-013-7341-6,8,explore_offset_q_aware,50,50,2.0537108738653345,,1.0
ES2,4,9,10.1007/s10853-013-7341-6,8,naive,2,8,0.6164467408680507,,0.25
ES2,4,9,10.1016/j.memsci.2013.01.023,3,aware,3,3,2.0537108738653345,,1.0
ES2,4,9,10.1016/j.memsci.2013.01.023,3,naive,0,3,0.6164467408680507,,0.0
ES2,4,9,10.1109/-no.2013.6720964,4,aware,4,4,2.0537108738653345,,1.0
ES2,4,9,10.1109/-no.2013.6720964,4,naive,4,4,0.6164467408680507,,1.0
