dataset,seed,fold,source,n_rows,method,covered,n_eval,width,coverage
DES_ETA,0,0,http://pubs.acs.org/journal/acscii,1461,anchor,13183,14580,1.5630016104850477,0.9041838134430727
DES_ETA,0,0,http://pubs.acs.org/journal/acscii,1461,aware,1419,1461,2.1770840669661093,0.971252566735113
DES_ETA,0,0,http://pubs.acs.org/journal/acscii,1461,aware_on_anchor_rows,14162,14580,2.1770840669661093,0.9713305898491084
DES_ETA,0,0,http://pubs.acs.org/journal/acscii,1461,explore_offset_q_aware,14031,14580,2.1770840669661093,0.9623456790123457
DES_ETA,0,0,http://pubs.acs.org/journal/acscii,1461,naive,1019,1461,0.6402798848703051,0.6974674880219028
DES_ETA,0,1,10.1002/chem.200400127,4,aware,4,4,1.814405756956168,1.0
DES_ETA,0,1,10.1002/chem.200400127,4,naive,0,4,0.6204673399531782,0.0
DES_ETA,0,1,10.1016/j.fluid.2019.01.025,28,anchor,216,250,1.4998055434761406,0.864
DES_ETA,0,1,10.1016/j.fluid.2019.01.025,28,aware,21,28,1.814405756956168,0.75
DES_ETA,0,1,10.1016/j.fluid.2019.01.025,28,aware_on_anchor_rows,187,250,1.814405756956168,0.748
DES_ETA,0,1,10.1016/j.fluid.2019.01.025,28,explore_offset_q_aware,238,250,1.814405756956168,0.952
DES_ETA,0,1,10.1016/j.fluid.2019.01.025,28,naive,8,28,0.6204673399531782,0.2857142857142857
DES_ETA,0,1,10.1016/j.foodchem.2019.125752,8,anchor,46,50,1.4998055434761406,0.92
DES_ETA,0,1,10.1016/j.foodchem.2019.125752,8,aware,8,8,1.814405756956168,1.0
DES_ETA,0,1,10.1016/j.foodchem.2019.125752,8,aware_on_anchor_rows,50,50,1.814405756956168,1.0
DES_ETA,0,1,10.1016/j.foodchem.2019.125752,8,explore_offset_q_aware,50,50,1.814405756956168,1.0
DES_ETA,0,1,10.1016/j.foodchem.2019.125752,8,naive,6,8,0.6204673399531782,0.75
DES_ETA,0,1,10.1016/j.jct.2018.12.017,43,anchor,367,400,1.4998055434761406,0.9175
DES_ETA,0,1,10.1016/j.jct.2018.12.017,43,aware,38,43,1.814405756956168,0.8837209302325582
DES_ETA,0,1,10.1016/j.jct.2018.12.017,43,aware_on_anchor_rows,352,400,1.814405756956168,0.88
DES_ETA,0,1,10.1016/j.jct.2018.12.017,43,explore_offset_q_aware,384,400,1.814405756956168,0.96
DES_ETA,0,1,10.1016/j.jct.2018.12.017,43,naive,26,43,0.6204673399531782,0.6046511627906976
DES_ETA,0,1,10.1016/j.jct.2019.105883,15,anchor,120,120,1.4998055434761406,1.0
DES_ETA,0,1,10.1016/j.jct.2019.105883,15,aware,15,15,1.814405756956168,1.0
DES_ETA,0,1,10.1016/j.jct.2019.105883,15,aware_on_anchor_rows,120,120,1.814405756956168,1.0
DES_ETA,0,1,10.1016/j.jct.2019.105883,15,explore_offset_q_aware,120,120,1.814405756956168,1.0
DES_ETA,0,1,10.1016/j.jct.2019.105883,15,naive,15,15,0.6204673399531782,1.0
DES_ETA,0,1,10.1016/j.molliq.2022.120420,337,anchor,3340,3340,1.4998055434761406,1.0
DES_ETA,0,1,10.1016/j.molliq.2022.120420,337,aware,337,337,1.814405756956168,1.0
DES_ETA,0,1,10.1016/j.molliq.2022.120420,337,aware_on_anchor_rows,3340,3340,1.814405756956168,1.0
DES_ETA,0,1,10.1016/j.molliq.2022.120420,337,explore_offset_q_aware,3340,3340,1.814405756956168,1.0
DES_ETA,0,1,10.1016/j.molliq.2022.120420,337,naive,314,337,0.6204673399531782,0.9317507418397626
DES_ETA,0,1,10.1021/acs.jced.9b00246,1,aware,1,1,1.814405756956168,1.0
DES_ETA,0,1,10.1021/acs.jced.9b00246,1,naive,1,1,0.6204673399531782,1.0
DES_ETA,0,1,10.1021/acs.jced.9b00259,1,aware,1,1,1.814405756956168,1.0
DES_ETA,0,1,10.1021/acs.jced.9b00259,1,naive,1,1,0.6204673399531782,1.0
DES_ETA,0,1,10.1021/acssuschemeng.8b03520,17,anchor,104,140,1.4998055434761406,0.7428571428571429
DES_ETA,0,1,10.1021/acssuschemeng.8b03520,17,aware,14,17,1.814405756956168,0.8235294117647058
DES_ETA,0,1,10.1021/acssuschemeng.8b03520,17,aware_on_anchor_rows,113,140,1.814405756956168,0.8071428571428572
DES_ETA,0,1,10.1021/acssuschemeng.8b03520,17,explore_offset_q_aware,110,140,1.814405756956168,0.7857142857142857
DES_ETA,0,1,10.1021/acssuschemeng.8b03520,17,naive,10,17,0.6204673399531782,0.5882352941176471
DES_ETA,0,1,10.1021/acssuschemeng.9b02845,24,anchor,210,210,1.4998055434761406,1.0
DES_ETA,0,1,10.1021/acssuschemeng.9b02845,24,aware,24,24,1.814405756956168,1.0
DES_ETA,0,1,10.1021/acssuschemeng.9b02845,24,aware_on_anchor_rows,210,210,1.814405756956168,1.0
DES_ETA,0,1,10.1021/acssuschemeng.9b02845,24,explore_offset_q_aware,210,210,1.814405756956168,1.0
DES_ETA,0,1,10.1021/acssuschemeng.9b02845,24,naive,21,24,0.6204673399531782,0.875
DES_ETA,0,1,10.1039/d0gc00793e,3,aware,3,3,1.814405756956168,1.0
DES_ETA,0,1,10.1039/d0gc00793e,3,naive,2,3,0.6204673399531782,0.6666666666666666
DES_ETA,0,2,10.1002/ceat.201600475,11,anchor,80,80,1.404217638970352,1.0
DES_ETA,0,2,10.1002/ceat.201600475,11,aware,11,11,1.7752517092177538,1.0
DES_ETA,0,2,10.1002/ceat.201600475,11,aware_on_anchor_rows,80,80,1.7752517092177538,1.0
DES_ETA,0,2,10.1002/ceat.201600475,11,explore_offset_q_aware,80,80,1.7752517092177538,1.0
DES_ETA,0,2,10.1002/ceat.201600475,11,naive,7,11,0.5505084010124692,0.6363636363636364
DES_ETA,0,2,10.1016/j.jct.2013.05.041,20,anchor,170,170,1.404217638970352,1.0
DES_ETA,0,2,10.1016/j.jct.2013.05.041,20,aware,20,20,1.7752517092177538,1.0
DES_ETA,0,2,10.1016/j.jct.2013.05.041,20,aware_on_anchor_rows,170,170,1.7752517092177538,1.0
DES_ETA,0,2,10.1016/j.jct.2013.05.041,20,explore_offset_q_aware,170,170,1.7752517092177538,1.0
DES_ETA,0,2,10.1016/j.jct.2013.05.041,20,naive,18,20,0.5505084010124692,0.9
DES_ETA,0,2,10.1016/j.molliq.2022.119560,27,anchor,240,240,1.404217638970352,1.0
DES_ETA,0,2,10.1016/j.molliq.2022.119560,27,aware,27,27,1.7752517092177538,1.0
DES_ETA,0,2,10.1016/j.molliq.2022.119560,27,aware_on_anchor_rows,240,240,1.7752517092177538,1.0
DES_ETA,0,2,10.1016/j.molliq.2022.119560,27,explore_offset_q_aware,240,240,1.7752517092177538,1.0
DES_ETA,0,2,10.1016/j.molliq.2022.119560,27,naive,0,27,0.5505084010124692,0.0
DES_ETA,0,2,10.1016/j.molliq.2022.120660,15,anchor,110,120,1.404217638970352,0.9166666666666666
DES_ETA,0,2,10.1016/j.molliq.2022.120660,15,aware,12,15,1.7752517092177538,0.8
DES_ETA,0,2,10.1016/j.molliq.2022.120660,15,aware_on_anchor_rows,93,120,1.7752517092177538,0.775
DES_ETA,0,2,10.1016/j.molliq.2022.120660,15,explore_offset_q_aware,118,120,1.7752517092177538,0.9833333333333333
DES_ETA,0,2,10.1016/j.molliq.2022.120660,15,naive,3,15,0.5505084010124692,0.2
DES_ETA,0,2,10.1016/j.seppur.2019.115703,43,anchor,400,400,1.404217638970352,1.0
DES_ETA,0,2,10.1016/j.seppur.2019.115703,43,aware,43,43,1.7752517092177538,1.0
DES_ETA,0,2,10.1016/j.seppur.2019.115703,43,aware_on_anchor_rows,400,400,1.7752517092177538,1.0
DES_ETA,0,2,10.1016/j.seppur.2019.115703,43,explore_offset_q_aware,400,400,1.7752517092177538,1.0
DES_ETA,0,2,10.1016/j.seppur.2019.115703,43,naive,43,43,0.5505084010124692,1.0
DES_ETA,0,2,10.1021/acs.jced.6b00563,11,anchor,80,80,1.404217638970352,1.0
DES_ETA,0,2,10.1021/acs.jced.6b00563,11,aware,11,11,1.7752517092177538,1.0
DES_ETA,0,2,10.1021/acs.jced.6b00563,11,aware_on_anchor_rows,80,80,1.7752517092177538,1.0
DES_ETA,0,2,10.1021/acs.jced.6b00563,11,explore_offset_q_aware,80,80,1.7752517092177538,1.0
DES_ETA,0,2,10.1021/acs.jced.6b00563,11,naive,7,11,0.5505084010124692,0.6363636363636364
DES_ETA,0,2,10.1021/acs.jced.9b00252,1,aware,1,1,1.7752517092177538,1.0
DES_ETA,0,2,10.1021/acs.jced.9b00252,1,naive,1,1,0.5505084010124692,1.0
DES_ETA,0,2,10.1021/acs.jced.9b00254,1,aware,1,1,1.7752517092177538,1.0
DES_ETA,0,2,10.1021/acs.jced.9b00254,1,naive,1,1,0.5505084010124692,1.0
DES_ETA,0,2,10.1021/acs.jced.9b00255,1,aware,1,1,1.7752517092177538,1.0
DES_ETA,0,2,10.1021/acs.jced.9b00255,1,naive,1,1,0.5505084010124692,1.0
DES_ETA,0,2,10.1021/je100104v,32,anchor,247,290,1.404217638970352,0.8517241379310345
DES_ETA,0,2,10.1021/je100104v,32,aware,30,32,1.7752517092177538,0.9375
DES_ETA,0,2,10.1021/je100104v,32,aware_on_anchor_rows,272,290,1.7752517092177538,0.9379310344827586
DES_ETA,0,2,10.1021/je100104v,32,explore_offset_q_aware,270,290,1.7752517092177538,0.9310344827586207
DES_ETA,0,2,10.1021/je100104v,32,naive,19,32,0.5505084010124692,0.59375
DES_ETA,0,2,10.1039/c6nj03140d,315,anchor,2400,3120,1.404217638970352,0.7692307692307693
DES_ETA,0,2,10.1039/c6nj03140d,315,aware,282,315,1.7752517092177538,0.8952380952380953
DES_ETA,0,2,10.1039/c6nj03140d,315,aware_on_anchor_rows,2797,3120,1.7752517092177538,0.896474358974359
DES_ETA,0,2,10.1039/c6nj03140d,315,explore_offset_q_aware,2716,3120,1.7752517092177538,0.8705128205128205
DES_ETA,0,2,10.1039/c6nj03140d,315,naive,148,315,0.5505084010124692,0.46984126984126984
DES_ETA,0,2,10.1080/01496395.2016.1247864,4,aware,3,4,1.7752517092177538,0.75
DES_ETA,0,2,10.1080/01496395.2016.1247864,4,naive,0,4,0.5505084010124692,0.0
DES_ETA,0,3,10.1002/slct.201701223,16,anchor,86,130,1.4925415334511671,0.6615384615384615
DES_ETA,0,3,10.1002/slct.201701223,16,aware,13,16,1.844446000914746,0.8125
DES_ETA,0,3,10.1002/slct.201701223,16,aware_on_anchor_rows,103,130,1.844446000914746,0.7923076923076923
DES_ETA,0,3,10.1002/slct.201701223,16,explore_offset_q_aware,100,130,1.844446000914746,0.7692307692307693
DES_ETA,0,3,10.1002/slct.201701223,16,naive,4,16,0.6130951727160037,0.25
DES_ETA,0,3,10.1016/j.cep.2015.04.001,14,anchor,99,110,1.4925415334511671,0.9
DES_ETA,0,3,10.1016/j.cep.2015.04.001,14,aware,10,14,1.844446000914746,0.7142857142857143
DES_ETA,0,3,10.1016/j.cep.2015.04.001,14,aware_on_anchor_rows,78,110,1.844446000914746,0.7090909090909091
DES_ETA,0,3,10.1016/j.cep.2015.04.001,14,explore_offset_q_aware,109,110,1.844446000914746,0.990909090909091
DES_ETA,0,3,10.1016/j.cep.2015.04.001,14,naive,2,14,0.6130951727160037,0.14285714285714285
DES_ETA,0,3,10.1016/j.crgsc.2022.100285,7,aware,7,7,1.844446000914746,1.0
DES_ETA,0,3,10.1016/j.crgsc.2022.100285,7,naive,4,7,0.6130951727160037,0.5714285714285714
DES_ETA,0,3,10.1016/j.molliq.2021.118393,38,anchor,278,350,1.4925415334511671,0.7942857142857143
DES_ETA,0,3,10.1016/j.molliq.2021.118393,38,aware,33,38,1.844446000914746,0.868421052631579
DES_ETA,0,3,10.1016/j.molliq.2021.118393,38,aware_on_anchor_rows,304,350,1.844446000914746,0.8685714285714285
DES_ETA,0,3,10.1016/j.molliq.2021.118393,38,explore_offset_q_aware,314,350,1.844446000914746,0.8971428571428571
DES_ETA,0,3,10.1016/j.molliq.2021.118393,38,naive,23,38,0.6130951727160037,0.6052631578947368
DES_ETA,0,3,10.1021/acs.jced.9b00249,1,aware,1,1,1.844446000914746,1.0
DES_ETA,0,3,10.1021/acs.jced.9b00249,1,naive,1,1,0.6130951727160037,1.0
DES_ETA,0,3,10.1021/acs.jced.9b00256,1,aware,1,1,1.844446000914746,1.0
DES_ETA,0,3,10.1021/acs.jced.9b00256,1,naive,1,1,0.6130951727160037,1.0
DES_ETA,0,3,10.1021/acs.jced.9b00260,1,aware,1,1,1.844446000914746,1.0
DES_ETA,0,3,10.1021/acs.jced.9b00260,1,naive,1,1,0.6130951727160037,1.0
DES_ETA,0,3,10.1021/acssuschemeng.0c04215,7,aware,6,7,1.844446000914746,0.8571428571428571
DES_ETA,0,3,10.1021/acssuschemeng.0c04215,7,naive,5,7,0.6130951727160037,0.7142857142857143
DES_ETA,0,3,10.1021/acssuschemeng.9b03245,21,anchor,180,180,1.4925415334511671,1.0
DES_ETA,0,3,10.1021/acssuschemeng.9b03245,21,aware,21,21,1.844446000914746,1.0
DES_ETA,0,3,10.1021/acssuschemeng.9b03245,21,aware_on_anchor_rows,180,180,1.844446000914746,1.0
DES_ETA,0,3,10.1021/acssuschemeng.9b03245,21,explore_offset_q_aware,180,180,1.844446000914746,1.0
DES_ETA,0,3,10.1021/acssuschemeng.9b03245,21,naive,8,21,0.6130951727160037,0.38095238095238093
DES_ETA,0,3,10.1021/sc500439w,62,anchor,562,590,1.4925415334511671,0.9525423728813559
DES_ETA,0,3,10.1021/sc500439w,62,aware,61,62,1.844446000914746,0.9838709677419355
DES_ETA,0,3,10.1021/sc500439w,62,aware_on_anchor_rows,581,590,1.844446000914746,0.9847457627118644
DES_ETA,0,3,10.1021/sc500439w,62,explore_offset_q_aware,577,590,1.844446000914746,0.9779661016949153
DES_ETA,0,3,10.1021/sc500439w,62,naive,53,62,0.6130951727160037,0.8548387096774194
DES_ETA,0,3,10.1039/d0cp01431a,27,anchor,201,240,1.4925415334511671,0.8375
DES_ETA,0,3,10.1039/d0cp01431a,27,aware,24,27,1.844446000914746,0.8888888888888888
DES_ETA,0,3,10.1039/d0cp01431a,27,aware_on_anchor_rows,213,240,1.844446000914746,0.8875
DES_ETA,0,3,10.1039/d0cp01431a,27,explore_offset_q_aware,218,240,1.844446000914746,0.9083333333333333
DES_ETA,0,3,10.1039/d0cp01431a,27,naive,12,27,0.6130951727160037,0.4444444444444444
DES_ETA,0,3,10.3390/molecules26144208,286,anchor,2828,2830,1.4925415334511671,0.9992932862190813
DES_ETA,0,3,10.3390/molecules26144208,286,aware,286,286,1.844446000914746,1.0
DES_ETA,0,3,10.3390/molecules26144208,286,aware_on_anchor_rows,2830,2830,1.844446000914746,1.0
DES_ETA,0,3,10.3390/molecules26144208,286,explore_offset_q_aware,2830,2830,1.844446000914746,1.0
DES_ETA,0,3,10.3390/molecules26144208,286,naive,267,286,0.6130951727160037,0.9335664335664335
DES_ETA,0,4,10.1002/apj.1873,272,anchor,2411,2690,1.3639723931270185,0.8962825278810409
DES_ETA,0,4,10.1002/apj.1873,272,aware,251,272,1.758802930340826,0.9227941176470589
DES_ETA,0,4,10.1002/apj.1873,272,aware_on_anchor_rows,2483,2690,1.758802930340826,0.9230483271375465
DES_ETA,0,4,10.1002/apj.1873,272,explore_offset_q_aware,2504,2690,1.758802930340826,0.9308550185873606
DES_ETA,0,4,10.1002/apj.1873,272,naive,226,272,0.60184647902466,0.8308823529411765
DES_ETA,0,4,10.1016/j.jct.2022.106999,30,anchor,270,270,1.3639723931270185,1.0
DES_ETA,0,4,10.1016/j.jct.2022.106999,30,aware,30,30,1.758802930340826,1.0
DES_ETA,0,4,10.1016/j.jct.2022.106999,30,aware_on_anchor_rows,270,270,1.758802930340826,1.0
DES_ETA,0,4,10.1016/j.jct.2022.106999,30,explore_offset_q_aware,270,270,1.758802930340826,1.0
DES_ETA,0,4,10.1016/j.jct.2022.106999,30,naive,24,30,0.60184647902466,0.8
DES_ETA,0,4,10.1016/j.jhazmat.2022.129835,3,aware,3,3,1.758802930340826,1.0
DES_ETA,0,4,10.1016/j.jhazmat.2022.129835,3,naive,1,3,0.60184647902466,0.3333333333333333
DES_ETA,0,4,10.1016/j.molliq.2012.11.025,4,aware,4,4,1.758802930340826,1.0
DES_ETA,0,4,10.1016/j.molliq.2012.11.025,4,naive,0,4,0.60184647902466,0.0
DES_ETA,0,4,10.1016/j.molliq.2020.113761,18,anchor,106,150,1.3639723931270185,0.7066666666666667
DES_ETA,0,4,10.1016/j.molliq.2020.113761,18,aware,16,18,1.758802930340826,0.8888888888888888
DES_ETA,0,4,10.1016/j.molliq.2020.113761,18,aware_on_anchor_rows,133,150,1.758802930340826,0.8866666666666667
DES_ETA,0,4,10.1016/j.molliq.2020.113761,18,explore_offset_q_aware,128,150,1.758802930340826,0.8533333333333334
DES_ETA,0,4,10.1016/j.molliq.2020.113761,18,naive,7,18,0.60184647902466,0.3888888888888889
DES_ETA,0,4,10.1016/j.talanta.2022.124243,10,anchor,70,70,1.3639723931270185,1.0
DES_ETA,0,4,10.1016/j.talanta.2022.124243,10,aware,10,10,1.758802930340826,1.0
DES_ETA,0,4,10.1016/j.talanta.2022.124243,10,aware_on_anchor_rows,70,70,1.758802930340826,1.0
DES_ETA,0,4,10.1016/j.talanta.2022.124243,10,explore_offset_q_aware,70,70,1.758802930340826,1.0
DES_ETA,0,4,10.1016/j.talanta.2022.124243,10,naive,8,10,0.60184647902466,0.8
DES_ETA,0,4,10.1016/j.tca.2012.04.030,24,anchor,173,210,1.3639723931270185,0.8238095238095238
DES_ETA,0,4,10.1016/j.tca.2012.04.030,24,aware,21,24,1.758802930340826,0.875
DES_ETA,0,4,10.1016/j.tca.2012.04.030,24,aware_on_anchor_rows,183,210,1.758802930340826,0.8714285714285714
DES_ETA,0,4,10.1016/j.tca.2012.04.030,24,explore_offset_q_aware,187,210,1.758802930340826,0.8904761904761904
DES_ETA,0,4,10.1016/j.tca.2012.04.030,24,naive,17,24,0.60184647902466,0.7083333333333334
DES_ETA,0,4,10.1021/acs.jced.0c00386,40,anchor,370,370,1.3639723931270185,1.0
DES_ETA,0,4,10.1021/acs.jced.0c00386,40,aware,40,40,1.758802930340826,1.0
DES_ETA,0,4,10.1021/acs.jced.0c00386,40,aware_on_anchor_rows,370,370,1.758802930340826,1.0
DES_ETA,0,4,10.1021/acs.jced.0c00386,40,explore_offset_q_aware,370,370,1.758802930340826,1.0
DES_ETA,0,4,10.1021/acs.jced.0c00386,40,naive,40,40,0.60184647902466,1.0
DES_ETA,0,4,10.1021/acs.jced.6b00680,65,anchor,527,620,1.3639723931270185,0.85
DES_ETA,0,4,10.1021/acs.jced.6b00680,65,aware,60,65,1.758802930340826,0.9230769230769231
DES_ETA,0,4,10.1021/acs.jced.6b00680,65,aware_on_anchor_rows,573,620,1.758802930340826,0.9241935483870968
DES_ETA,0,4,10.1021/acs.jced.6b00680,65,explore_offset_q_aware,591,620,1.758802930340826,0.9532258064516129
DES_ETA,0,4,10.1021/acs.jced.6b00680,65,naive,44,65,0.60184647902466,0.676923076923077
DES_ETA,0,4,10.1021/acs.jced.7b00184,14,anchor,110,110,1.3639723931270185,1.0
DES_ETA,0,4,10.1021/acs.jced.7b00184,14,aware,14,14,1.758802930340826,1.0
DES_ETA,0,4,10.1021/acs.jced.7b00184,14,aware_on_anchor_rows,110,110,1.758802930340826,1.0
DES_ETA,0,4,10.1021/acs.jced.7b00184,14,explore_offset_q_aware,110,110,1.758802930340826,1.0
DES_ETA,0,4,10.1021/acs.jced.7b00184,14,naive,14,14,0.60184647902466,1.0
DES_ETA,0,4,10.1021/acs.jced.9b00257,1,aware,1,1,1.758802930340826,1.0
DES_ETA,0,4,10.1021/acs.jced.9b00257,1,naive,1,1,0.60184647902466,1.0
DES_ETA,0,5,10.1016/j.foodchem.2021.131930,63,anchor,600,600,1.4032937513035302,1.0
DES_ETA,0,5,10.1016/j.foodchem.2021.131930,63,aware,63,63,1.703071632141827,1.0
DES_ETA,0,5,10.1016/j.foodchem.2021.131930,63,aware_on_anchor_rows,600,600,1.703071632141827,1.0
DES_ETA,0,5,10.1016/j.foodchem.2021.131930,63,explore_offset_q_aware,600,600,1.703071632141827,1.0
DES_ETA,0,5,10.1016/j.foodchem.2021.131930,63,naive,59,63,0.6236527866326302,0.9365079365079365
DES_ETA,0,5,10.1016/j.foodchem.2022.133379,4,aware,4,4,1.703071632141827,1.0
DES_ETA,0,5,10.1016/j.foodchem.2022.133379,4,naive,3,4,0.6236527866326302,0.75
DES_ETA,0,5,10.1016/j.molliq.2022.120000,14,anchor,45,110,1.4032937513035302,0.4090909090909091
DES_ETA,0,5,10.1016/j.molliq.2022.120000,14,aware,6,14,1.703071632141827,0.42857142857142855
DES_ETA,0,5,10.1016/j.molliq.2022.120000,14,aware_on_anchor_rows,44,110,1.703071632141827,0.4
DES_ETA,0,5,10.1016/j.molliq.2022.120000,14,explore_offset_q_aware,54,110,1.703071632141827,0.4909090909090909
DES_ETA,0,5,10.1016/j.molliq.2022.120000,14,naive,4,14,0.6236527866326302,0.2857142857142857
DES_ETA,0,5,10.1016/j.molliq.2022.120056,9,anchor,60,60,1.4032937513035302,1.0
DES_ETA,0,5,10.1016/j.molliq.2022.120056,9,aware,9,9,1.703071632141827,1.0
DES_ETA,0,5,10.1016/j.molliq.2022.120056,9,aware_on_anchor_rows,60,60,1.703071632141827,1.0
DES_ETA,0,5,10.1016/j.molliq.2022.120056,9,explore_offset_q_aware,60,60,1.703071632141827,1.0
DES_ETA,0,5,10.1016/j.molliq.2022.120056,9,naive,4,9,0.6236527866326302,0.4444444444444444
DES_ETA,0,5,10.1016/j.molliq.2023.121216,30,anchor,270,270,1.4032937513035302,1.0
DES_ETA,0,5,10.1016/j.molliq.2023.121216,30,aware,30,30,1.703071632141827,1.0
DES_ETA,0,5,10.1016/j.molliq.2023.121216,30,aware_on_anchor_rows,270,270,1.703071632141827,1.0
DES_ETA,0,5,10.1016/j.molliq.2023.121216,30,explore_offset_q_aware,270,270,1.703071632141827,1.0
DES_ETA,0,5,10.1016/j.molliq.2023.121216,30,naive,28,30,0.6236527866326302,0.9333333333333333
DES_ETA,0,5,10.1016/j.seppur.2020.117211,3,aware,3,3,1.703071632141827,1.0
DES_ETA,0,5,10.1016/j.seppur.2020.117211,3,naive,3,3,0.6236527866326302,1.0
DES_ETA,0,5,10.1021/acs.jced.0c00579,1,aware,1,1,1.703071632141827,1.0
DES_ETA,0,5,10.1021/acs.jced.0c00579,1,naive,0,1,0.6236527866326302,0.0
DES_ETA,0,5,10.1021/acs.jced.6b00486,23,anchor,88,200,1.4032937513035302,0.44
DES_ETA,0,5,10.1021/acs.jced.6b00486,23,aware,10,23,1.703071632141827,0.43478260869565216
DES_ETA,0,5,10.1021/acs.jced.6b00486,23,aware_on_anchor_rows,87,200,1.703071632141827,0.435
DES_ETA,0,5,10.1021/acs.jced.6b00486,23,explore_offset_q_aware,107,200,1.703071632141827,0.535
DES_ETA,0,5,10.1021/acs.jced.6b00486,23,naive,9,23,0.6236527866326302,0.391304347826087
DES_ETA,0,5,10.1021/acs.jced.7b01037,90,anchor,509,870,1.4032937513035302,0.5850574712643678
DES_ETA,0,5,10.1021/acs.jced.7b01037,90,aware,34,90,1.703071632141827,0.37777777777777777
DES_ETA,0,5,10.1021/acs.jced.7b01037,90,aware_on_anchor_rows,328,870,1.703071632141827,0.37701149425287356
DES_ETA,0,5,10.1021/acs.jced.7b01037,90,explore_offset_q_aware,593,870,1.703071632141827,0.6816091954022988
DES_ETA,0,5,10.1021/acs.jced.7b01037,90,naive,5,90,0.6236527866326302,0.05555555555555555
DES_ETA,0,5,10.1021/acs.jced.9b00250,1,aware,1,1,1.703071632141827,1.0
DES_ETA,0,5,10.1021/acs.jced.9b00250,1,naive,1,1,0.6236527866326302,1.0
DES_ETA,0,5,10.1021/acssuschemeng.7b04235,39,anchor,360,360,1.4032937513035302,1.0
DES_ETA,0,5,10.1021/acssuschemeng.7b04235,39,aware,39,39,1.703071632141827,1.0
DES_ETA,0,5,10.1021/acssuschemeng.7b04235,39,aware_on_anchor_rows,360,360,1.703071632141827,1.0
DES_ETA,0,5,10.1021/acssuschemeng.7b04235,39,explore_offset_q_aware,360,360,1.703071632141827,1.0
DES_ETA,0,5,10.1021/acssuschemeng.7b04235,39,naive,39,39,0.6236527866326302,1.0
DES_ETA,0,5,10.1021/acssuschemeng.8b01203,187,anchor,1840,1840,1.4032937513035302,1.0
DES_ETA,0,5,10.1021/acssuschemeng.8b01203,187,aware,187,187,1.703071632141827,1.0
DES_ETA,0,5,10.1021/acssuschemeng.8b01203,187,aware_on_anchor_rows,1840,1840,1.703071632141827,1.0
DES_ETA,0,5,10.1021/acssuschemeng.8b01203,187,explore_offset_q_aware,1840,1840,1.703071632141827,1.0
DES_ETA,0,5,10.1021/acssuschemeng.8b01203,187,naive,128,187,0.6236527866326302,0.6844919786096256
DES_ETA,0,5,10.1021/acssuschemeng.8b02042,17,anchor,138,140,1.4032937513035302,0.9857142857142858
DES_ETA,0,5,10.1021/acssuschemeng.8b02042,17,aware,17,17,1.703071632141827,1.0
DES_ETA,0,5,10.1021/acssuschemeng.8b02042,17,aware_on_anchor_rows,140,140,1.703071632141827,1.0
DES_ETA,0,5,10.1021/acssuschemeng.8b02042,17,explore_offset_q_aware,140,140,1.703071632141827,1.0
DES_ETA,0,5,10.1021/acssuschemeng.8b02042,17,naive,3,17,0.6236527866326302,0.17647058823529413
DES_ETA,0,6,10.1016/j.cej.2020.125173,4,aware,4,4,1.716427620721931,1.0
DES_ETA,0,6,10.1016/j.cej.2020.125173,4,naive,3,4,0.5873342928931551,0.75
DES_ETA,0,6,10.1016/j.chroma.2018.07.070,12,anchor,90,90,1.6287784826407916,1.0
DES_ETA,0,6,10.1016/j.chroma.2018.07.070,12,aware,12,12,1.716427620721931,1.0
DES_ETA,0,6,10.1016/j.chroma.2018.07.070,12,aware_on_anchor_rows,90,90,1.716427620721931,1.0
DES_ETA,0,6,10.1016/j.chroma.2018.07.070,12,explore_offset_q_aware,90,90,1.716427620721931,1.0
DES_ETA,0,6,10.1016/j.chroma.2018.07.070,12,naive,12,12,0.5873342928931551,1.0
DES_ETA,0,6,10.1016/j.cjche.2020.07.004,19,anchor,126,160,1.6287784826407916,0.7875
DES_ETA,0,6,10.1016/j.cjche.2020.07.004,19,aware,0,19,1.716427620721931,0.0
DES_ETA,0,6,10.1016/j.cjche.2020.07.004,19,aware_on_anchor_rows,0,160,1.716427620721931,0.0
DES_ETA,0,6,10.1016/j.cjche.2020.07.004,19,explore_offset_q_aware,133,160,1.716427620721931,0.83125
DES_ETA,0,6,10.1016/j.cjche.2020.07.004,19,naive,0,19,0.5873342928931551,0.0
DES_ETA,0,6,10.1016/j.jct.2021.106713,66,anchor,628,630,1.6287784826407916,0.9968253968253968
DES_ETA,0,6,10.1016/j.jct.2021.106713,66,aware,63,66,1.716427620721931,0.9545454545454546
DES_ETA,0,6,10.1016/j.jct.2021.106713,66,aware_on_anchor_rows,606,630,1.716427620721931,0.9619047619047619
DES_ETA,0,6,10.1016/j.jct.2021.106713,66,explore_offset_q_aware,629,630,1.716427620721931,0.9984126984126984
DES_ETA,0,6,10.1016/j.jct.2021.106713,66,naive,26,66,0.5873342928931551,0.3939393939393939
DES_ETA,0,6,10.1016/j.jhazmat.2021.127972,25,anchor,220,220,1.6287784826407916,1.0
DES_ETA,0,6,10.1016/j.jhazmat.2021.127972,25,aware,25,25,1.716427620721931,1.0
DES_ETA,0,6,10.1016/j.jhazmat.2021.127972,25,aware_on_anchor_rows,220,220,1.716427620721931,1.0
DES_ETA,0,6,10.1016/j.jhazmat.2021.127972,25,explore_offset_q_aware,220,220,1.716427620721931,1.0
DES_ETA,0,6,10.1016/j.jhazmat.2021.127972,25,naive,19,25,0.5873342928931551,0.76
DES_ETA,0,6,10.1016/j.jtice.2015.12.020,48,anchor,440,450,1.6287784826407916,0.9777777777777777
DES_ETA,0,6,10.1016/j.jtice.2015.12.020,48,aware,46,48,1.716427620721931,0.9583333333333334
DES_ETA,0,6,10.1016/j.jtice.2015.12.020,48,aware_on_anchor_rows,431,450,1.716427620721931,0.9577777777777777
DES_ETA,0,6,10.1016/j.jtice.2015.12.020,48,explore_offset_q_aware,442,450,1.716427620721931,0.9822222222222222
DES_ETA,0,6,10.1016/j.jtice.2015.12.020,48,naive,23,48,0.5873342928931551,0.4791666666666667
DES_ETA,0,6,10.1016/j.molliq.2016.10.115,90,anchor,870,870,1.6287784826407916,1.0
DES_ETA,0,6,10.1016/j.molliq.2016.10.115,90,aware,90,90,1.716427620721931,1.0
DES_ETA,0,6,10.1016/j.molliq.2016.10.115,90,aware_on_anchor_rows,870,870,1.716427620721931,1.0
DES_ETA,0,6,10.1016/j.molliq.2016.10.115,90,explore_offset_q_aware,870,870,1.716427620721931,1.0
DES_ETA,0,6,10.1016/j.molliq.2016.10.115,90,naive,31,90,0.5873342928931551,0.34444444444444444
DES_ETA,0,6,10.1016/j.molliq.2022.119392,9,anchor,43,60,1.6287784826407916,0.7166666666666667
DES_ETA,0,6,10.1016/j.molliq.2022.119392,9,aware,4,9,1.716427620721931,0.4444444444444444
DES_ETA,0,6,10.1016/j.molliq.2022.119392,9,aware_on_anchor_rows,28,60,1.716427620721931,0.4666666666666667
DES_ETA,0,6,10.1016/j.molliq.2022.119392,9,explore_offset_q_aware,43,60,1.716427620721931,0.7166666666666667
DES_ETA,0,6,10.1016/j.molliq.2022.119392,9,naive,2,9,0.5873342928931551,0.2222222222222222
DES_ETA,0,6,10.1021/acs.jced.0c00715,153,anchor,1500,1500,1.6287784826407916,1.0
DES_ETA,0,6,10.1021/acs.jced.0c00715,153,aware,153,153,1.716427620721931,1.0
DES_ETA,0,6,10.1021/acs.jced.0c00715,153,aware_on_anchor_rows,1500,1500,1.716427620721931,1.0
DES_ETA,0,6,10.1021/acs.jced.0c00715,153,explore_offset_q_aware,1500,1500,1.716427620721931,1.0
DES_ETA,0,6,10.1021/acs.jced.0c00715,153,naive,153,153,0.5873342928931551,1.0
DES_ETA,0,6,10.1021/acs.jced.9b00248,1,aware,1,1,1.716427620721931,1.0
DES_ETA,0,6,10.1021/acs.jced.9b00248,1,naive,1,1,0.5873342928931551,1.0
DES_ETA,0,6,10.1021/acs.jced.9b00258,1,aware,1,1,1.716427620721931,1.0
DES_ETA,0,6,10.1021/acs.jced.9b00258,1,naive,1,1,0.5873342928931551,1.0
DES_ETA,0,6,10.1021/acs.jpcb.0c03876,3,aware,2,3,1.716427620721931,0.6666666666666666
DES_ETA,0,6,10.1021/acs.jpcb.0c03876,3,naive,2,3,0.5873342928931551,0.6666666666666666
DES_ETA,0,6,10.1021/acssuschemeng.1c01674,35,anchor,320,320,1.6287784826407916,1.0
DES_ETA,0,6,10.1021/acssuschemeng.1c01674,35,aware,34,35,1.716427620721931,0.9714285714285714
DES_ETA,0,6,10.1021/acssuschemeng.1c01674,35,aware_on_anchor_rows,310,320,1.716427620721931,0.96875
DES_ETA,0,6,10.1021/acssuschemeng.1c01674,35,explore_offset_q_aware,320,320,1.716427620721931,1.0
DES_ETA,0,6,10.1021/acssuschemeng.1c01674,35,naive,0,35,0.5873342928931551,0.0
DES_ETA,0,6,10.1021/acssuschemeng.5b00619,15,anchor,102,120,1.6287784826407916,0.85
DES_ETA,0,6,10.1021/acssuschemeng.5b00619,15,aware,14,15,1.716427620721931,0.9333333333333333
DES_ETA,0,6,10.1021/acssuschemeng.5b00619,15,aware_on_anchor_rows,112,120,1.716427620721931,0.9333333333333333
DES_ETA,0,6,10.1021/acssuschemeng.5b00619,15,explore_offset_q_aware,104,120,1.716427620721931,0.8666666666666667
DES_ETA,0,6,10.1021/acssuschemeng.5b00619,15,naive,8,15,0.5873342928931551,0.5333333333333333
DES_ETA,0,7,10.1002/cphc.200500489,6,aware,4,6,1.8698311965950616,0.6666666666666666
DES_ETA,0,7,10.1002/cphc.200500489,6,naive,4,6,0.5911196409653936,0.6666666666666666
DES_ETA,0,7,10.1016/j.arabjc.2021.103512,45,anchor,284,420,1.5566561731837316,0.6761904761904762
DES_ETA,0,7,10.1016/j.arabjc.2021.103512,45,aware,37,45,1.8698311965950616,0.8222222222222222
DES_ETA,0,7,10.1016/j.arabjc.2021.103512,45,aware_on_anchor_rows,348,420,1.8698311965950616,0.8285714285714286
DES_ETA,0,7,10.1016/j.arabjc.2021.103512,45,explore_offset_q_aware,346,420,1.8698311965950616,0.8238095238095238
DES_ETA,0,7,10.1016/j.arabjc.2021.103512,45,naive,21,45,0.5911196409653936,0.4666666666666667
DES_ETA,0,7,10.1016/j.arabjc.2022.104469,11,anchor,67,80,1.5566561731837316,0.8375
DES_ETA,0,7,10.1016/j.arabjc.2022.104469,11,aware,5,11,1.8698311965950616,0.45454545454545453
DES_ETA,0,7,10.1016/j.arabjc.2022.104469,11,aware_on_anchor_rows,41,80,1.8698311965950616,0.5125
DES_ETA,0,7,10.1016/j.arabjc.2022.104469,11,explore_offset_q_aware,76,80,1.8698311965950616,0.95
DES_ETA,0,7,10.1016/j.arabjc.2022.104469,11,naive,1,11,0.5911196409653936,0.09090909090909091
DES_ETA,0,7,10.1016/j.cej.2018.10.077,15,anchor,99,120,1.5566561731837316,0.825
DES_ETA,0,7,10.1016/j.cej.2018.10.077,15,aware,14,15,1.8698311965950616,0.9333333333333333
DES_ETA,0,7,10.1016/j.cej.2018.10.077,15,aware_on_anchor_rows,113,120,1.8698311965950616,0.9416666666666667
DES_ETA,0,7,10.1016/j.cej.2018.10.077,15,explore_offset_q_aware,108,120,1.8698311965950616,0.9
DES_ETA,0,7,10.1016/j.cej.2018.10.077,15,naive,7,15,0.5911196409653936,0.4666666666666667
DES_ETA,0,7,10.1016/j.fluid.2021.113290,90,anchor,870,870,1.5566561731837316,1.0
DES_ETA,0,7,10.1016/j.fluid.2021.113290,90,aware,90,90,1.8698311965950616,1.0
DES_ETA,0,7,10.1016/j.fluid.2021.113290,90,aware_on_anchor_rows,870,870,1.8698311965950616,1.0
DES_ETA,0,7,10.1016/j.fluid.2021.113290,90,explore_offset_q_aware,870,870,1.8698311965950616,1.0
DES_ETA,0,7,10.1016/j.fluid.2021.113290,90,naive,43,90,0.5911196409653936,0.4777777777777778
DES_ETA,0,7,10.1016/j.jclepro.2022.133589,1,aware,1,1,1.8698311965950616,1.0
DES_ETA,0,7,10.1016/j.jclepro.2022.133589,1,naive,1,1,0.5911196409653936,1.0
DES_ETA,0,7,10.1016/j.molliq.2016.07.039,35,anchor,243,320,1.5566561731837316,0.759375
DES_ETA,0,7,10.1016/j.molliq.2016.07.039,35,aware,33,35,1.8698311965950616,0.9428571428571428
DES_ETA,0,7,10.1016/j.molliq.2016.07.039,35,aware_on_anchor_rows,303,320,1.8698311965950616,0.946875
DES_ETA,0,7,10.1016/j.molliq.2016.07.039,35,explore_offset_q_aware,246,320,1.8698311965950616,0.76875
DES_ETA,0,7,10.1016/j.molliq.2016.07.039,35,naive,18,35,0.5911196409653936,0.5142857142857142
DES_ETA,0,7,10.1016/j.molliq.2017.06.024,130,anchor,1270,1270,1.5566561731837316,1.0
DES_ETA,0,7,10.1016/j.molliq.2017.06.024,130,aware,130,130,1.8698311965950616,1.0
DES_ETA,0,7,10.1016/j.molliq.2017.06.024,130,aware_on_anchor_rows,1270,1270,1.8698311965950616,1.0
DES_ETA,0,7,10.1016/j.molliq.2017.06.024,130,explore_offset_q_aware,1270,1270,1.8698311965950616,1.0
DES_ETA,0,7,10.1016/j.molliq.2017.06.024,130,naive,118,130,0.5911196409653936,0.9076923076923077
DES_ETA,0,7,10.1016/j.molliq.2022.119396,90,anchor,869,870,1.5566561731837316,0.9988505747126437
DES_ETA,0,7,10.1016/j.molliq.2022.119396,90,aware,90,90,1.8698311965950616,1.0
DES_ETA,0,7,10.1016/j.molliq.2022.119396,90,aware_on_anchor_rows,870,870,1.8698311965950616,1.0
DES_ETA,0,7,10.1016/j.molliq.2022.119396,90,explore_offset_q_aware,870,870,1.8698311965950616,1.0
DES_ETA,0,7,10.1016/j.molliq.2022.119396,90,naive,41,90,0.5911196409653936,0.45555555555555555
DES_ETA,0,7,10.1016/j.molliq.2022.120521,3,aware,2,3,1.8698311965950616,0.6666666666666666
DES_ETA,0,7,10.1016/j.molliq.2022.120521,3,naive,0,3,0.5911196409653936,0.0
DES_ETA,0,7,10.1021/acssuschemeng.8b05072,26,anchor,228,230,1.5566561731837316,0.991304347826087
DES_ETA,0,7,10.1021/acssuschemeng.8b05072,26,aware,26,26,1.8698311965950616,1.0
DES_ETA,0,7,10.1021/acssuschemeng.8b05072,26,aware_on_anchor_rows,230,230,1.8698311965950616,1.0
DES_ETA,0,7,10.1021/acssuschemeng.8b05072,26,explore_offset_q_aware,230,230,1.8698311965950616,1.0
DES_ETA,0,7,10.1021/acssuschemeng.8b05072,26,naive,20,26,0.5911196409653936,0.7692307692307693
DES_ETA,0,7,10.1039/c2ra22990k,8,anchor,25,50,1.5566561731837316,0.5
DES_ETA,0,7,10.1039/c2ra22990k,8,aware,5,8,1.8698311965950616,0.625
DES_ETA,0,7,10.1039/c2ra22990k,8,aware_on_anchor_rows,28,50,1.8698311965950616,0.56
DES_ETA,0,7,10.1039/c2ra22990k,8,explore_offset_q_aware,29,50,1.8698311965950616,0.58
DES_ETA,0,7,10.1039/c2ra22990k,8,naive,3,8,0.5911196409653936,0.375
DES_ETA,0,7,10.1039/c6cc06105b,21,anchor,180,180,1.5566561731837316,1.0
DES_ETA,0,7,10.1039/c6cc06105b,21,aware,21,21,1.8698311965950616,1.0
DES_ETA,0,7,10.1039/c6cc06105b,21,aware_on_anchor_rows,180,180,1.8698311965950616,1.0
DES_ETA,0,7,10.1039/c6cc06105b,21,explore_offset_q_aware,180,180,1.8698311965950616,1.0
DES_ETA,0,7,10.1039/c6cc06105b,21,naive,21,21,0.5911196409653936,1.0
DES_ETA,0,8,10.1016/j.foodchem.2018.09.048,6,aware,6,6,1.7201528445338297,1.0
DES_ETA,0,8,10.1016/j.foodchem.2018.09.048,6,naive,5,6,0.6229995742731007,0.8333333333333334
DES_ETA,0,8,10.1016/j.ijggc.2016.02.006,7,aware,7,7,1.7201528445338297,1.0
DES_ETA,0,8,10.1016/j.ijggc.2016.02.006,7,naive,4,7,0.6229995742731007,0.5714285714285714
DES_ETA,0,8,10.1016/j.jmgm.2022.108319,25,anchor,220,220,1.4057338358072855,1.0
DES_ETA,0,8,10.1016/j.jmgm.2022.108319,25,aware,25,25,1.7201528445338297,1.0
DES_ETA,0,8,10.1016/j.jmgm.2022.108319,25,aware_on_anchor_rows,220,220,1.7201528445338297,1.0
DES_ETA,0,8,10.1016/j.jmgm.2022.108319,25,explore_offset_q_aware,220,220,1.7201528445338297,1.0
DES_ETA,0,8,10.1016/j.jmgm.2022.108319,25,naive,0,25,0.6229995742731007,0.0
DES_ETA,0,8,10.1016/j.molliq.2017.05.084,57,anchor,538,540,1.4057338358072855,0.9962962962962963
DES_ETA,0,8,10.1016/j.molliq.2017.05.084,57,aware,56,57,1.7201528445338297,0.9824561403508771
DES_ETA,0,8,10.1016/j.molliq.2017.05.084,57,aware_on_anchor_rows,531,540,1.7201528445338297,0.9833333333333333
DES_ETA,0,8,10.1016/j.molliq.2017.05.084,57,explore_offset_q_aware,540,540,1.7201528445338297,1.0
DES_ETA,0,8,10.1016/j.molliq.2017.05.084,57,naive,29,57,0.6229995742731007,0.5087719298245614
DES_ETA,0,8,10.1016/j.molliq.2017.09.091,118,anchor,1150,1150,1.4057338358072855,1.0
DES_ETA,0,8,10.1016/j.molliq.2017.09.091,118,aware,69,118,1.7201528445338297,0.5847457627118644
DES_ETA,0,8,10.1016/j.molliq.2017.09.091,118,aware_on_anchor_rows,677,1150,1.7201528445338297,0.5886956521739131
DES_ETA,0,8,10.1016/j.molliq.2017.09.091,118,explore_offset_q_aware,1150,1150,1.7201528445338297,1.0
DES_ETA,0,8,10.1016/j.molliq.2017.09.091,118,naive,0,118,0.6229995742731007,0.0
DES_ETA,0,8,10.1016/j.molliq.2023.121258,78,anchor,750,750,1.4057338358072855,1.0
DES_ETA,0,8,10.1016/j.molliq.2023.121258,78,aware,78,78,1.7201528445338297,1.0
DES_ETA,0,8,10.1016/j.molliq.2023.121258,78,aware_on_anchor_rows,750,750,1.7201528445338297,1.0
DES_ETA,0,8,10.1016/j.molliq.2023.121258,78,explore_offset_q_aware,750,750,1.7201528445338297,1.0
DES_ETA,0,8,10.1016/j.molliq.2023.121258,78,naive,49,78,0.6229995742731007,0.6282051282051282
DES_ETA,0,8,10.1016/j.seppur.2023.123281,15,anchor,120,120,1.4057338358072855,1.0
DES_ETA,0,8,10.1016/j.seppur.2023.123281,15,aware,15,15,1.7201528445338297,1.0
DES_ETA,0,8,10.1016/j.seppur.2023.123281,15,aware_on_anchor_rows,120,120,1.7201528445338297,1.0
DES_ETA,0,8,10.1016/j.seppur.2023.123281,15,explore_offset_q_aware,120,120,1.7201528445338297,1.0
DES_ETA,0,8,10.1016/j.seppur.2023.123281,15,naive,5,15,0.6229995742731007,0.3333333333333333
DES_ETA,0,8,10.1021/acs.jced.9b00247,1,aware,1,1,1.7201528445338297,1.0
DES_ETA,0,8,10.1021/acs.jced.9b00247,1,naive,1,1,0.6229995742731007,1.0
DES_ETA,0,8,10.1021/acs.jced.9b00253,1,aware,1,1,1.7201528445338297,1.0
DES_ETA,0,8,10.1021/acs.jced.9b00253,1,naive,1,1,0.6229995742731007,1.0
DES_ETA,0,8,10.1021/acssuschemeng.5b00532,104,anchor,996,1010,1.4057338358072855,0.9861386138613861
DES_ETA,0,8,10.1021/acssuschemeng.5b00532,104,aware,104,104,1.7201528445338297,1.0
DES_ETA,0,8,10.1021/acssuschemeng.5b00532,104,aware_on_anchor_rows,1010,1010,1.7201528445338297,1.0
DES_ETA,0,8,10.1021/acssuschemeng.5b00532,104,explore_offset_q_aware,1010,1010,1.7201528445338297,1.0
DES_ETA,0,8,10.1021/acssuschemeng.5b00532,104,naive,36,104,0.6229995742731007,0.34615384615384615
DES_ETA,0,8,10.1021/acssuschemeng.8b04843,14,anchor,110,110,1.4057338358072855,1.0
DES_ETA,0,8,10.1021/acssuschemeng.8b04843,14,aware,14,14,1.7201528445338297,1.0
DES_ETA,0,8,10.1021/acssuschemeng.8b04843,14,aware_on_anchor_rows,110,110,1.7201528445338297,1.0
DES_ETA,0,8,10.1021/acssuschemeng.8b04843,14,explore_offset_q_aware,110,110,1.7201528445338297,1.0
DES_ETA,0,8,10.1021/acssuschemeng.8b04843,14,naive,12,14,0.6229995742731007,0.8571428571428571
DES_ETA,0,8,10.1021/acssuschemeng.8b05548,2,aware,2,2,1.7201528445338297,1.0
DES_ETA,0,8,10.1021/acssuschemeng.8b05548,2,naive,2,2,0.6229995742731007,1.0
DES_ETA,0,8,10.1021/je300997v,35,anchor,320,320,1.4057338358072855,1.0
DES_ETA,0,8,10.1021/je300997v,35,aware,35,35,1.7201528445338297,1.0
DES_ETA,0,8,10.1021/je300997v,35,aware_on_anchor_rows,320,320,1.7201528445338297,1.0
DES_ETA,0,8,10.1021/je300997v,35,explore_offset_q_aware,320,320,1.7201528445338297,1.0
DES_ETA,0,8,10.1021/je300997v,35,naive,35,35,0.6229995742731007,1.0
DES_ETA,0,8,10.1039/c1ra00630d,18,anchor,107,150,1.4057338358072855,0.7133333333333334
DES_ETA,0,8,10.1039/c1ra00630d,18,aware,16,18,1.7201528445338297,0.8888888888888888
DES_ETA,0,8,10.1039/c1ra00630d,18,aware_on_anchor_rows,130,150,1.7201528445338297,0.8666666666666667
DES_ETA,0,8,10.1039/c1ra00630d,18,explore_offset_q_aware,116,150,1.7201528445338297,0.7733333333333333
DES_ETA,0,8,10.1039/c1ra00630d,18,naive,9,18,0.6229995742731007,0.5
DES_ETA,0,9,10.1007/978-3-030-25135-2_4,3,aware,1,3,1.4958257685817398,0.3333333333333333
DES_ETA,0,9,10.1007/978-3-030-25135-2_4,3,naive,0,3,0.5606005212067662,0.0
DES_ETA,0,9,10.1016/j.cclet.2013.09.004,13,anchor,51,100,1.2160619827126944,0.51
DES_ETA,0,9,10.1016/j.cclet.2013.09.004,13,aware,7,13,1.4958257685817398,0.5384615384615384
DES_ETA,0,9,10.1016/j.cclet.2013.09.004,13,aware_on_anchor_rows,56,100,1.4958257685817398,0.56
DES_ETA,0,9,10.1016/j.cclet.2013.09.004,13,explore_offset_q_aware,63,100,1.4958257685817398,0.63
DES_ETA,0,9,10.1016/j.cclet.2013.09.004,13,naive,4,13,0.5606005212067662,0.3076923076923077
DES_ETA,0,9,10.1016/j.fluid.2014.01.028,117,anchor,498,1140,1.2160619827126944,0.4368421052631579
DES_ETA,0,9,10.1016/j.fluid.2014.01.028,117,aware,51,117,1.4958257685817398,0.4358974358974359
DES_ETA,0,9,10.1016/j.fluid.2014.01.028,117,aware_on_anchor_rows,496,1140,1.4958257685817398,0.43508771929824563
DES_ETA,0,9,10.1016/j.fluid.2014.01.028,117,explore_offset_q_aware,622,1140,1.4958257685817398,0.5456140350877193
DES_ETA,0,9,10.1016/j.fluid.2014.01.028,117,naive,29,117,0.5606005212067662,0.24786324786324787
DES_ETA,0,9,10.1016/j.jcou.2022.102217,112,anchor,650,1090,1.2160619827126944,0.5963302752293578
DES_ETA,0,9,10.1016/j.jcou.2022.102217,112,aware,5,112,1.4958257685817398,0.044642857142857144
DES_ETA,0,9,10.1016/j.jcou.2022.102217,112,aware_on_anchor_rows,49,1090,1.4958257685817398,0.044954128440366975
DES_ETA,0,9,10.1016/j.jcou.2022.102217,112,explore_offset_q_aware,755,1090,1.4958257685817398,0.6926605504587156
DES_ETA,0,9,10.1016/j.jcou.2022.102217,112,naive,0,112,0.5606005212067662,0.0
DES_ETA,0,9,10.1016/j.jiec.2022.04.015,35,anchor,213,320,1.2160619827126944,0.665625
DES_ETA,0,9,10.1016/j.jiec.2022.04.015,35,aware,31,35,1.4958257685817398,0.8857142857142857
DES_ETA,0,9,10.1016/j.jiec.2022.04.015,35,aware_on_anchor_rows,280,320,1.4958257685817398,0.875
DES_ETA,0,9,10.1016/j.jiec.2022.04.015,35,explore_offset_q_aware,258,320,1.4958257685817398,0.80625
DES_ETA,0,9,10.1016/j.jiec.2022.04.015,35,naive,3,35,0.5606005212067662,0.08571428571428572
DES_ETA,0,9,10.1016/j.jobe.2021.103056,8,anchor,27,50,1.2160619827126944,0.54
DES_ETA,0,9,10.1016/j.jobe.2021.103056,8,aware,7,8,1.4958257685817398,0.875
DES_ETA,0,9,10.1016/j.jobe.2021.103056,8,aware_on_anchor_rows,43,50,1.4958257685817398,0.86
DES_ETA,0,9,10.1016/j.jobe.2021.103056,8,explore_offset_q_aware,34,50,1.4958257685817398,0.68
DES_ETA,0,9,10.1016/j.jobe.2021.103056,8,naive,2,8,0.5606005212067662,0.25
DES_ETA,0,9,10.1016/j.jpha.2021.03.002,16,anchor,78,130,1.2160619827126944,0.6
DES_ETA,0,9,10.1016/j.jpha.2021.03.002,16,aware,13,16,1.4958257685817398,0.8125
DES_ETA,0,9,10.1016/j.jpha.2021.03.002,16,aware_on_anchor_rows,110,130,1.4958257685817398,0.8461538461538461
DES_ETA,0,9,10.1016/j.jpha.2021.03.002,16,explore_offset_q_aware,92,130,1.4958257685817398,0.7076923076923077
DES_ETA,0,9,10.1016/j.jpha.2021.03.002,16,naive,8,16,0.5606005212067662,0.5
DES_ETA,0,9,10.1016/j.molliq.2016.02.062,48,anchor,399,450,1.2160619827126944,0.8866666666666667
DES_ETA,0,9,10.1016/j.molliq.2016.02.062,48,aware,42,48,1.4958257685817398,0.875
DES_ETA,0,9,10.1016/j.molliq.2016.02.062,48,aware_on_anchor_rows,395,450,1.4958257685817398,0.8777777777777778
DES_ETA,0,9,10.1016/j.molliq.2016.02.062,48,explore_offset_q_aware,428,450,1.4958257685817398,0.9511111111111111
DES_ETA,0,9,10.1016/j.molliq.2016.02.062,48,naive,22,48,0.5606005212067662,0.4583333333333333
DES_ETA,0,9,10.1016/j.seppur.2020.116692,22,anchor,190,190,1.2160619827126944,1.0
DES_ETA,0,9,10.1016/j.seppur.2020.116692,22,aware,22,22,1.4958257685817398,1.0
DES_ETA,0,9,10.1016/j.seppur.2020.116692,22,aware_on_anchor_rows,190,190,1.4958257685817398,1.0
DES_ETA,0,9,10.1016/j.seppur.2020.116692,22,explore_offset_q_aware,190,190,1.4958257685817398,1.0
DES_ETA,0,9,10.1016/j.seppur.2020.116692,22,naive,22,22,0.5606005212067662,1.0
DES_ETA,0,9,10.1021/acs.iecr.7b02478,28,anchor,41,250,1.2160619827126944,0.164
DES_ETA,0,9,10.1021/acs.iecr.7b02478,28,aware,14,28,1.4958257685817398,0.5
DES_ETA,0,9,10.1021/acs.iecr.7b02478,28,aware_on_anchor_rows,125,250,1.4958257685817398,0.5
DES_ETA,0,9,10.1021/acs.iecr.7b02478,28,explore_offset_q_aware,63,250,1.4958257685817398,0.252
DES_ETA,0,9,10.1021/acs.iecr.7b02478,28,naive,9,28,0.5606005212067662,0.32142857142857145
DES_ETA,0,9,10.1021/acs.jced.9b00251,1,aware,1,1,1.4958257685817398,1.0
DES_ETA,0,9,10.1021/acs.jced.9b00251,1,naive,0,1,0.5606005212067662,0.0
DES_ETA,0,9,10.1021/je5001796,72,anchor,470,690,1.2160619827126944,0.6811594202898551
DES_ETA,0,9,10.1021/je5001796,72,aware,32,72,1.4958257685817398,0.4444444444444444
DES_ETA,0,9,10.1021/je5001796,72,aware_on_anchor_rows,307,690,1.4958257685817398,0.4449275362318841
DES_ETA,0,9,10.1021/je5001796,72,explore_offset_q_aware,553,690,1.4958257685817398,0.8014492753623188
DES_ETA,0,9,10.1021/je5001796,72,naive,10,72,0.5606005212067662,0.1388888888888889
DES_ETA,0,9,10.13140/rg.2.2.13424.10245,5,aware,0,5,1.4958257685817398,0.0
DES_ETA,0,9,10.13140/rg.2.2.13424.10245,5,naive,0,5,0.5606005212067662,0.0
DES_ETA,1,0,http://pubs.acs.org/journal/acscii,1461,anchor,13589,14580,1.6679185052495311,0.9320301783264746
DES_ETA,1,0,http://pubs.acs.org/journal/acscii,1461,aware,1416,1461,2.09297355992152,0.9691991786447639
DES_ETA,1,0,http://pubs.acs.org/journal/acscii,1461,aware_on_anchor_rows,14131,14580,2.09297355992152,0.96920438957476
DES_ETA,1,0,http://pubs.acs.org/journal/acscii,1461,explore_offset_q_aware,14052,14580,2.09297355992152,0.9637860082304527
DES_ETA,1,0,http://pubs.acs.org/journal/acscii,1461,naive,1034,1461,0.6658917555588177,0.7077344284736482
DES_ETA,1,1,10.1016/j.cej.2018.10.077,15,anchor,120,120,1.399389637461153,1.0
DES_ETA,1,1,10.1016/j.cej.2018.10.077,15,aware,15,15,1.681667975217204,1.0
DES_ETA,1,1,10.1016/j.cej.2018.10.077,15,aware_on_anchor_rows,120,120,1.681667975217204,1.0
DES_ETA,1,1,10.1016/j.cej.2018.10.077,15,explore_offset_q_aware,120,120,1.681667975217204,1.0
DES_ETA,1,1,10.1016/j.cej.2018.10.077,15,naive,13,15,0.5974348561737992,0.8666666666666667
DES_ETA,1,1,10.1016/j.foodchem.2019.125752,8,anchor,47,50,1.399389637461153,0.94
DES_ETA,1,1,10.1016/j.foodchem.2019.125752,8,aware,8,8,1.681667975217204,1.0
DES_ETA,1,1,10.1016/j.foodchem.2019.125752,8,aware_on_anchor_rows,50,50,1.681667975217204,1.0
DES_ETA,1,1,10.1016/j.foodchem.2019.125752,8,explore_offset_q_aware,50,50,1.681667975217204,1.0
DES_ETA,1,1,10.1016/j.foodchem.2019.125752,8,naive,6,8,0.5974348561737992,0.75
DES_ETA,1,1,10.1016/j.foodchem.2022.133379,4,aware,4,4,1.681667975217204,1.0
DES_ETA,1,1,10.1016/j.foodchem.2022.133379,4,naive,2,4,0.5974348561737992,0.5
DES_ETA,1,1,10.1016/j.molliq.2022.120420,337,anchor,3340,3340,1.399389637461153,1.0
DES_ETA,1,1,10.1016/j.molliq.2022.120420,337,aware,337,337,1.681667975217204,1.0
DES_ETA,1,1,10.1016/j.molliq.2022.120420,337,aware_on_anchor_rows,3340,3340,1.681667975217204,1.0
DES_ETA,1,1,10.1016/j.molliq.2022.120420,337,explore_offset_q_aware,3340,3340,1.681667975217204,1.0
DES_ETA,1,1,10.1016/j.molliq.2022.120420,337,naive,308,337,0.5974348561737992,0.913946587537092
DES_ETA,1,1,10.1016/j.seppur.2019.115703,43,anchor,400,400,1.399389637461153,1.0
DES_ETA,1,1,10.1016/j.seppur.2019.115703,43,aware,43,43,1.681667975217204,1.0
DES_ETA,1,1,10.1016/j.seppur.2019.115703,43,aware_on_anchor_rows,400,400,1.681667975217204,1.0
DES_ETA,1,1,10.1016/j.seppur.2019.115703,43,explore_offset_q_aware,400,400,1.681667975217204,1.0
DES_ETA,1,1,10.1016/j.seppur.2019.115703,43,naive,43,43,0.5974348561737992,1.0
DES_ETA,1,1,10.1016/j.tca.2012.04.030,24,anchor,203,210,1.399389637461153,0.9666666666666667
DES_ETA,1,1,10.1016/j.tca.2012.04.030,24,aware,21,24,1.681667975217204,0.875
DES_ETA,1,1,10.1016/j.tca.2012.04.030,24,aware_on_anchor_rows,185,210,1.681667975217204,0.8809523809523809
DES_ETA,1,1,10.1016/j.tca.2012.04.030,24,explore_offset_q_aware,208,210,1.681667975217204,0.9904761904761905
DES_ETA,1,1,10.1016/j.tca.2012.04.030,24,naive,7,24,0.5974348561737992,0.2916666666666667
DES_ETA,1,1,10.1021/acs.iecr.7b02478,28,anchor,73,250,1.399389637461153,0.292
DES_ETA,1,1,10.1021/acs.iecr.7b02478,28,aware,14,28,1.681667975217204,0.5
DES_ETA,1,1,10.1021/acs.iecr.7b02478,28,aware_on_anchor_rows,126,250,1.681667975217204,0.504
DES_ETA,1,1,10.1021/acs.iecr.7b02478,28,explore_offset_q_aware,95,250,1.681667975217204,0.38
DES_ETA,1,1,10.1021/acs.iecr.7b02478,28,naive,7,28,0.5974348561737992,0.25
DES_ETA,1,1,10.1021/acs.jced.0c00579,1,aware,1,1,1.681667975217204,1.0
DES_ETA,1,1,10.1021/acs.jced.0c00579,1,naive,0,1,0.5974348561737992,0.0
DES_ETA,1,1,10.1021/acs.jced.9b00260,1,aware,1,1,1.681667975217204,1.0
DES_ETA,1,1,10.1021/acs.jced.9b00260,1,naive,1,1,0.5974348561737992,1.0
DES_ETA,1,1,10.1021/acs.jpcb.0c03876,3,aware,2,3,1.681667975217204,0.6666666666666666
DES_ETA,1,1,10.1021/acs.jpcb.0c03876,3,naive,2,3,0.5974348561737992,0.6666666666666666
DES_ETA,1,1,10.1021/acssuschemeng.8b02042,17,anchor,134,140,1.399389637461153,0.9571428571428572
DES_ETA,1,1,10.1021/acssuschemeng.8b02042,17,aware,9,17,1.681667975217204,0.5294117647058824
DES_ETA,1,1,10.1021/acssuschemeng.8b02042,17,aware_on_anchor_rows,74,140,1.681667975217204,0.5285714285714286
DES_ETA,1,1,10.1021/acssuschemeng.8b02042,17,explore_offset_q_aware,137,140,1.681667975217204,0.9785714285714285
DES_ETA,1,1,10.1021/acssuschemeng.8b02042,17,naive,2,17,0.5974348561737992,0.11764705882352941
DES_ETA,1,2,10.1002/ceat.201600475,11,anchor,80,80,1.3163517542665255,1.0
DES_ETA,1,2,10.1002/ceat.201600475,11,aware,11,11,1.764194551596589,1.0
DES_ETA,1,2,10.1002/ceat.201600475,11,aware_on_anchor_rows,80,80,1.764194551596589,1.0
DES_ETA,1,2,10.1002/ceat.201600475,11,explore_offset_q_aware,80,80,1.764194551596589,1.0
DES_ETA,1,2,10.1002/ceat.201600475,11,naive,7,11,0.5614427296693565,0.6363636363636364
DES_ETA,1,2,10.1016/j.jct.2013.05.041,20,anchor,170,170,1.3163517542665255,1.0
DES_ETA,1,2,10.1016/j.jct.2013.05.041,20,aware,20,20,1.764194551596589,1.0
DES_ETA,1,2,10.1016/j.jct.2013.05.041,20,aware_on_anchor_rows,170,170,1.764194551596589,1.0
DES_ETA,1,2,10.1016/j.jct.2013.05.041,20,explore_offset_q_aware,170,170,1.764194551596589,1.0
DES_ETA,1,2,10.1016/j.jct.2013.05.041,20,naive,19,20,0.5614427296693565,0.95
DES_ETA,1,2,10.1016/j.jct.2018.12.017,43,anchor,332,400,1.3163517542665255,0.83
DES_ETA,1,2,10.1016/j.jct.2018.12.017,43,aware,36,43,1.764194551596589,0.8372093023255814
DES_ETA,1,2,10.1016/j.jct.2018.12.017,43,aware_on_anchor_rows,333,400,1.764194551596589,0.8325
DES_ETA,1,2,10.1016/j.jct.2018.12.017,43,explore_offset_q_aware,376,400,1.764194551596589,0.94
DES_ETA,1,2,10.1016/j.jct.2018.12.017,43,naive,26,43,0.5614427296693565,0.6046511627906976
DES_ETA,1,2,10.1016/j.molliq.2022.119560,27,anchor,240,240,1.3163517542665255,1.0
DES_ETA,1,2,10.1016/j.molliq.2022.119560,27,aware,27,27,1.764194551596589,1.0
DES_ETA,1,2,10.1016/j.molliq.2022.119560,27,aware_on_anchor_rows,240,240,1.764194551596589,1.0
DES_ETA,1,2,10.1016/j.molliq.2022.119560,27,explore_offset_q_aware,240,240,1.764194551596589,1.0
DES_ETA,1,2,10.1016/j.molliq.2022.119560,27,naive,7,27,0.5614427296693565,0.25925925925925924
DES_ETA,1,2,10.1021/acs.jced.6b00563,11,anchor,80,80,1.3163517542665255,1.0
DES_ETA,1,2,10.1021/acs.jced.6b00563,11,aware,11,11,1.764194551596589,1.0
DES_ETA,1,2,10.1021/acs.jced.6b00563,11,aware_on_anchor_rows,80,80,1.764194551596589,1.0
DES_ETA,1,2,10.1021/acs.jced.6b00563,11,explore_offset_q_aware,80,80,1.764194551596589,1.0
DES_ETA,1,2,10.1021/acs.jced.6b00563,11,naive,6,11,0.5614427296693565,0.5454545454545454
DES_ETA,1,2,10.1021/acs.jced.9b00246,1,aware,1,1,1.764194551596589,1.0
DES_ETA,1,2,10.1021/acs.jced.9b00246,1,naive,1,1,0.5614427296693565,1.0
DES_ETA,1,2,10.1021/acs.jced.9b00252,1,aware,1,1,1.764194551596589,1.0
DES_ETA,1,2,10.1021/acs.jced.9b00252,1,naive,1,1,0.5614427296693565,1.0
DES_ETA,1,2,10.1021/acs.jced.9b00254,1,aware,1,1,1.764194551596589,1.0
DES_ETA,1,2,10.1021/acs.jced.9b00254,1,naive,1,1,0.5614427296693565,1.0
DES_ETA,1,2,10.1021/acssuschemeng.5b00619,15,anchor,84,120,1.3163517542665255,0.7
DES_ETA,1,2,10.1021/acssuschemeng.5b00619,15,aware,14,15,1.764194551596589,0.9333333333333333
DES_ETA,1,2,10.1021/acssuschemeng.5b00619,15,aware_on_anchor_rows,112,120,1.764194551596589,0.9333333333333333
DES_ETA,1,2,10.1021/acssuschemeng.5b00619,15,explore_offset_q_aware,102,120,1.764194551596589,0.85
DES_ETA,1,2,10.1021/acssuschemeng.5b00619,15,naive,6,15,0.5614427296693565,0.4
DES_ETA,1,2,10.1021/je100104v,32,anchor,234,290,1.3163517542665255,0.8068965517241379
DES_ETA,1,2,10.1021/je100104v,32,aware,30,32,1.764194551596589,0.9375
DES_ETA,1,2,10.1021/je100104v,32,aware_on_anchor_rows,273,290,1.764194551596589,0.9413793103448276
DES_ETA,1,2,10.1021/je100104v,32,explore_offset_q_aware,260,290,1.764194551596589,0.896551724137931
DES_ETA,1,2,10.1021/je100104v,32,naive,20,32,0.5614427296693565,0.625
DES_ETA,1,2,10.1039/c6nj03140d,315,anchor,2403,3120,1.3163517542665255,0.7701923076923077
DES_ETA,1,2,10.1039/c6nj03140d,315,aware,287,315,1.764194551596589,0.9111111111111111
DES_ETA,1,2,10.1039/c6nj03140d,315,aware_on_anchor_rows,2843,3120,1.764194551596589,0.9112179487179487
DES_ETA,1,2,10.1039/c6nj03140d,315,explore_offset_q_aware,2734,3120,1.764194551596589,0.8762820512820513
DES_ETA,1,2,10.1039/c6nj03140d,315,naive,146,315,0.5614427296693565,0.4634920634920635
DES_ETA,1,2,10.1080/01496395.2016.1247864,4,aware,2,4,1.764194551596589,0.5
DES_ETA,1,2,10.1080/01496395.2016.1247864,4,naive,0,4,0.5614427296693565,0.0
DES_ETA,1,3,10.1002/slct.201701223,16,anchor,86,130,1.45919459920221,0.6615384615384615
DES_ETA,1,3,10.1002/slct.201701223,16,aware,13,16,1.8603718966163925,0.8125
DES_ETA,1,3,10.1002/slct.201701223,16,aware_on_anchor_rows,106,130,1.8603718966163925,0.8153846153846154
DES_ETA,1,3,10.1002/slct.201701223,16,explore_offset_q_aware,110,130,1.8603718966163925,0.8461538461538461
DES_ETA,1,3,10.1002/slct.201701223,16,naive,5,16,0.6053906578456645,0.3125
DES_ETA,1,3,10.1016/j.cep.2015.04.001,14,anchor,88,110,1.45919459920221,0.8
DES_ETA,1,3,10.1016/j.cep.2015.04.001,14,aware,10,14,1.8603718966163925,0.7142857142857143
DES_ETA,1,3,10.1016/j.cep.2015.04.001,14,aware_on_anchor_rows,76,110,1.8603718966163925,0.6909090909090909
DES_ETA,1,3,10.1016/j.cep.2015.04.001,14,explore_offset_q_aware,104,110,1.8603718966163925,0.9454545454545454
DES_ETA,1,3,10.1016/j.cep.2015.04.001,14,naive,2,14,0.6053906578456645,0.14285714285714285
DES_ETA,1,3,10.1016/j.crgsc.2022.100285,7,aware,7,7,1.8603718966163925,1.0
DES_ETA,1,3,10.1016/j.crgsc.2022.100285,7,naive,4,7,0.6053906578456645,0.5714285714285714
DES_ETA,1,3,10.1016/j.ijggc.2016.02.006,7,aware,7,7,1.8603718966163925,1.0
DES_ETA,1,3,10.1016/j.ijggc.2016.02.006,7,naive,4,7,0.6053906578456645,0.5714285714285714
DES_ETA,1,3,10.1016/j.molliq.2021.118393,38,anchor,292,350,1.45919459920221,0.8342857142857143
DES_ETA,1,3,10.1016/j.molliq.2021.118393,38,aware,33,38,1.8603718966163925,0.868421052631579
DES_ETA,1,3,10.1016/j.molliq.2021.118393,38,aware_on_anchor_rows,301,350,1.8603718966163925,0.86
DES_ETA,1,3,10.1016/j.molliq.2021.118393,38,explore_offset_q_aware,308,350,1.8603718966163925,0.88
DES_ETA,1,3,10.1016/j.molliq.2021.118393,38,naive,23,38,0.6053906578456645,0.6052631578947368
DES_ETA,1,3,10.1021/acs.jced.9b00247,1,aware,1,1,1.8603718966163925,1.0
DES_ETA,1,3,10.1021/acs.jced.9b00247,1,naive,1,1,0.6053906578456645,1.0
DES_ETA,1,3,10.1021/acs.jced.9b00251,1,aware,1,1,1.8603718966163925,1.0
DES_ETA,1,3,10.1021/acs.jced.9b00251,1,naive,0,1,0.6053906578456645,0.0
DES_ETA,1,3,10.1021/acs.jced.9b00259,1,aware,1,1,1.8603718966163925,1.0
DES_ETA,1,3,10.1021/acs.jced.9b00259,1,naive,1,1,0.6053906578456645,1.0
DES_ETA,1,3,10.1021/acssuschemeng.9b03245,21,anchor,175,180,1.45919459920221,0.9722222222222222
DES_ETA,1,3,10.1021/acssuschemeng.9b03245,21,aware,21,21,1.8603718966163925,1.0
DES_ETA,1,3,10.1021/acssuschemeng.9b03245,21,aware_on_anchor_rows,180,180,1.8603718966163925,1.0
DES_ETA,1,3,10.1021/acssuschemeng.9b03245,21,explore_offset_q_aware,180,180,1.8603718966163925,1.0
DES_ETA,1,3,10.1021/acssuschemeng.9b03245,21,naive,8,21,0.6053906578456645,0.38095238095238093
DES_ETA,1,3,10.1021/sc500439w,62,anchor,568,590,1.45919459920221,0.9627118644067797
DES_ETA,1,3,10.1021/sc500439w,62,aware,61,62,1.8603718966163925,0.9838709677419355
DES_ETA,1,3,10.1021/sc500439w,62,aware_on_anchor_rows,580,590,1.8603718966163925,0.9830508474576272
DES_ETA,1,3,10.1021/sc500439w,62,explore_offset_q_aware,578,590,1.8603718966163925,0.9796610169491525
DES_ETA,1,3,10.1021/sc500439w,62,naive,51,62,0.6053906578456645,0.8225806451612904
DES_ETA,1,3,10.1039/d0cp01431a,27,anchor,200,240,1.45919459920221,0.8333333333333334
DES_ETA,1,3,10.1039/d0cp01431a,27,aware,24,27,1.8603718966163925,0.8888888888888888
DES_ETA,1,3,10.1039/d0cp01431a,27,aware_on_anchor_rows,213,240,1.8603718966163925,0.8875
DES_ETA,1,3,10.1039/d0cp01431a,27,explore_offset_q_aware,228,240,1.8603718966163925,0.95
DES_ETA,1,3,10.1039/d0cp01431a,27,naive,12,27,0.6053906578456645,0.4444444444444444
DES_ETA,1,3,10.3390/molecules26144208,286,anchor,2829,2830,1.45919459920221,0.9996466431095407
DES_ETA,1,3,10.3390/molecules26144208,286,aware,286,286,1.8603718966163925,1.0
DES_ETA,1,3,10.3390/molecules26144208,286,aware_on_anchor_rows,2830,2830,1.8603718966163925,1.0
DES_ETA,1,3,10.3390/molecules26144208,286,explore_offset_q_aware,2830,2830,1.8603718966163925,1.0
DES_ETA,1,3,10.3390/molecules26144208,286,naive,267,286,0.6053906578456645,0.9335664335664335
DES_ETA,1,4,10.1002/apj.1873,272,anchor,2408,2690,1.3934816251711792,0.8951672862453531
DES_ETA,1,4,10.1002/apj.1873,272,aware,250,272,1.666874281022008,0.9191176470588235
DES_ETA,1,4,10.1002/apj.1873,272,aware_on_anchor_rows,2475,2690,1.666874281022008,0.9200743494423792
DES_ETA,1,4,10.1002/apj.1873,272,explore_offset_q_aware,2504,2690,1.666874281022008,0.9308550185873606
DES_ETA,1,4,10.1002/apj.1873,272,naive,224,272,0.611411245066507,0.8235294117647058
DES_ETA,1,4,10.1016/j.cej.2020.125173,4,aware,4,4,1.666874281022008,1.0
DES_ETA,1,4,10.1016/j.cej.2020.125173,4,naive,4,4,0.611411245066507,1.0
DES_ETA,1,4,10.1016/j.jct.2022.106999,30,anchor,270,270,1.3934816251711792,1.0
DES_ETA,1,4,10.1016/j.jct.2022.106999,30,aware,30,30,1.666874281022008,1.0
DES_ETA,1,4,10.1016/j.jct.2022.106999,30,aware_on_anchor_rows,270,270,1.666874281022008,1.0
DES_ETA,1,4,10.1016/j.jct.2022.106999,30,explore_offset_q_aware,270,270,1.666874281022008,1.0
DES_ETA,1,4,10.1016/j.jct.2022.106999,30,naive,24,30,0.611411245066507,0.8
DES_ETA,1,4,10.1016/j.molliq.2022.120521,3,aware,0,3,1.666874281022008,0.0
DES_ETA,1,4,10.1016/j.molliq.2022.120521,3,naive,0,3,0.611411245066507,0.0
DES_ETA,1,4,10.1016/j.talanta.2022.124243,10,anchor,68,70,1.3934816251711792,0.9714285714285714
DES_ETA,1,4,10.1016/j.talanta.2022.124243,10,aware,10,10,1.666874281022008,1.0
DES_ETA,1,4,10.1016/j.talanta.2022.124243,10,aware_on_anchor_rows,70,70,1.666874281022008,1.0
DES_ETA,1,4,10.1016/j.talanta.2022.124243,10,explore_offset_q_aware,70,70,1.666874281022008,1.0
DES_ETA,1,4,10.1016/j.talanta.2022.124243,10,naive,8,10,0.611411245066507,0.8
DES_ETA,1,4,10.1021/acs.jced.0c00386,40,anchor,370,370,1.3934816251711792,1.0
DES_ETA,1,4,10.1021/acs.jced.0c00386,40,aware,40,40,1.666874281022008,1.0
DES_ETA,1,4,10.1021/acs.jced.0c00386,40,aware_on_anchor_rows,370,370,1.666874281022008,1.0
DES_ETA,1,4,10.1021/acs.jced.0c00386,40,explore_offset_q_aware,370,370,1.666874281022008,1.0
DES_ETA,1,4,10.1021/acs.jced.0c00386,40,naive,40,40,0.611411245066507,1.0
DES_ETA,1,4,10.1021/acs.jced.6b00680,65,anchor,544,620,1.3934816251711792,0.8774193548387097
DES_ETA,1,4,10.1021/acs.jced.6b00680,65,aware,60,65,1.666874281022008,0.9230769230769231
DES_ETA,1,4,10.1021/acs.jced.6b00680,65,aware_on_anchor_rows,574,620,1.666874281022008,0.9258064516129032
DES_ETA,1,4,10.1021/acs.jced.6b00680,65,explore_offset_q_aware,593,620,1.666874281022008,0.9564516129032258
DES_ETA,1,4,10.1021/acs.jced.6b00680,65,naive,33,65,0.611411245066507,0.5076923076923077
DES_ETA,1,4,10.1021/acs.jced.7b00184,14,anchor,110,110,1.3934816251711792,1.0
DES_ETA,1,4,10.1021/acs.jced.7b00184,14,aware,14,14,1.666874281022008,1.0
DES_ETA,1,4,10.1021/acs.jced.7b00184,14,aware_on_anchor_rows,110,110,1.666874281022008,1.0
DES_ETA,1,4,10.1021/acs.jced.7b00184,14,explore_offset_q_aware,110,110,1.666874281022008,1.0
DES_ETA,1,4,10.1021/acs.jced.7b00184,14,naive,14,14,0.611411245066507,1.0
DES_ETA,1,4,10.1021/acs.jced.9b00249,1,aware,1,1,1.666874281022008,1.0
DES_ETA,1,4,10.1021/acs.jced.9b00249,1,naive,1,1,0.611411245066507,1.0
DES_ETA,1,4,10.1021/acssuschemeng.9b02845,24,anchor,210,210,1.3934816251711792,1.0
DES_ETA,1,4,10.1021/acssuschemeng.9b02845,24,aware,24,24,1.666874281022008,1.0
DES_ETA,1,4,10.1021/acssuschemeng.9b02845,24,aware_on_anchor_rows,210,210,1.666874281022008,1.0
DES_ETA,1,4,10.1021/acssuschemeng.9b02845,24,explore_offset_q_aware,210,210,1.666874281022008,1.0
DES_ETA,1,4,10.1021/acssuschemeng.9b02845,24,naive,12,24,0.611411245066507,0.5
DES_ETA,1,4,10.1039/c1ra00630d,18,anchor,105,150,1.3934816251711792,0.7
DES_ETA,1,4,10.1039/c1ra00630d,18,aware,15,18,1.666874281022008,0.8333333333333334
DES_ETA,1,4,10.1039/c1ra00630d,18,aware_on_anchor_rows,127,150,1.666874281022008,0.8466666666666667
DES_ETA,1,4,10.1039/c1ra00630d,18,explore_offset_q_aware,110,150,1.666874281022008,0.7333333333333333
DES_ETA,1,4,10.1039/c1ra00630d,18,naive,8,18,0.611411245066507,0.4444444444444444
DES_ETA,1,5,10.1007/978-3-030-25135-2_4,3,aware,1,3,1.7939526805433492,0.3333333333333333
DES_ETA,1,5,10.1007/978-3-030-25135-2_4,3,naive,0,3,0.6195413754393551,0.0
DES_ETA,1,5,10.1016/j.fluid.2021.113290,90,anchor,870,870,1.4633697358015736,1.0
DES_ETA,1,5,10.1016/j.fluid.2021.113290,90,aware,88,90,1.7939526805433492,0.9777777777777777
DES_ETA,1,5,10.1016/j.fluid.2021.113290,90,aware_on_anchor_rows,851,870,1.7939526805433492,0.9781609195402299
DES_ETA,1,5,10.1016/j.fluid.2021.113290,90,explore_offset_q_aware,870,870,1.7939526805433492,1.0
DES_ETA,1,5,10.1016/j.fluid.2021.113290,90,naive,38,90,0.6195413754393551,0.4222222222222222
DES_ETA,1,5,10.1016/j.foodchem.2021.131930,63,anchor,600,600,1.4633697358015736,1.0
DES_ETA,1,5,10.1016/j.foodchem.2021.131930,63,aware,63,63,1.7939526805433492,1.0
DES_ETA,1,5,10.1016/j.foodchem.2021.131930,63,aware_on_anchor_rows,600,600,1.7939526805433492,1.0
DES_ETA,1,5,10.1016/j.foodchem.2021.131930,63,explore_offset_q_aware,600,600,1.7939526805433492,1.0
DES_ETA,1,5,10.1016/j.foodchem.2021.131930,63,naive,57,63,0.6195413754393551,0.9047619047619048
DES_ETA,1,5,10.1016/j.jclepro.2022.133589,1,aware,1,1,1.7939526805433492,1.0
DES_ETA,1,5,10.1016/j.jclepro.2022.133589,1,naive,1,1,0.6195413754393551,1.0
DES_ETA,1,5,10.1016/j.molliq.2012.11.025,4,aware,4,4,1.7939526805433492,1.0
DES_ETA,1,5,10.1016/j.molliq.2012.11.025,4,naive,0,4,0.6195413754393551,0.0
DES_ETA,1,5,10.1016/j.molliq.2022.119392,9,anchor,31,60,1.4633697358015736,0.5166666666666667
DES_ETA,1,5,10.1016/j.molliq.2022.119392,9,aware,6,9,1.7939526805433492,0.6666666666666666
DES_ETA,1,5,10.1016/j.molliq.2022.119392,9,aware_on_anchor_rows,36,60,1.7939526805433492,0.6
DES_ETA,1,5,10.1016/j.molliq.2022.119392,9,explore_offset_q_aware,41,60,1.7939526805433492,0.6833333333333333
DES_ETA,1,5,10.1016/j.molliq.2022.119392,9,naive,3,9,0.6195413754393551,0.3333333333333333
DES_ETA,1,5,10.1016/j.molliq.2022.120000,14,anchor,47,110,1.4633697358015736,0.42727272727272725
DES_ETA,1,5,10.1016/j.molliq.2022.120000,14,aware,6,14,1.7939526805433492,0.42857142857142855
DES_ETA,1,5,10.1016/j.molliq.2022.120000,14,aware_on_anchor_rows,48,110,1.7939526805433492,0.43636363636363634
DES_ETA,1,5,10.1016/j.molliq.2022.120000,14,explore_offset_q_aware,61,110,1.7939526805433492,0.5545454545454546
DES_ETA,1,5,10.1016/j.molliq.2022.120000,14,naive,4,14,0.6195413754393551,0.2857142857142857
DES_ETA,1,5,10.1016/j.molliq.2023.121216,30,anchor,270,270,1.4633697358015736,1.0
DES_ETA,1,5,10.1016/j.molliq.2023.121216,30,aware,30,30,1.7939526805433492,1.0
DES_ETA,1,5,10.1016/j.molliq.2023.121216,30,aware_on_anchor_rows,270,270,1.7939526805433492,1.0
DES_ETA,1,5,10.1016/j.molliq.2023.121216,30,explore_offset_q_aware,270,270,1.7939526805433492,1.0
DES_ETA,1,5,10.1016/j.molliq.2023.121216,30,naive,27,30,0.6195413754393551,0.9
DES_ETA,1,5,10.1021/acs.jced.6b00486,23,anchor,95,200,1.4633697358015736,0.475
DES_ETA,1,5,10.1021/acs.jced.6b00486,23,aware,13,23,1.7939526805433492,0.5652173913043478
DES_ETA,1,5,10.1021/acs.jced.6b00486,23,aware_on_anchor_rows,115,200,1.7939526805433492,0.575
DES_ETA,1,5,10.1021/acs.jced.6b00486,23,explore_offset_q_aware,114,200,1.7939526805433492,0.57
DES_ETA,1,5,10.1021/acs.jced.6b00486,23,naive,9,23,0.6195413754393551,0.391304347826087
DES_ETA,1,5,10.1021/acs.jced.9b00248,1,aware,1,1,1.7939526805433492,1.0
DES_ETA,1,5,10.1021/acs.jced.9b00248,1,naive,1,1,0.6195413754393551,1.0
DES_ETA,1,5,10.1021/acssuschemeng.7b04235,39,anchor,360,360,1.4633697358015736,1.0
DES_ETA,1,5,10.1021/acssuschemeng.7b04235,39,aware,39,39,1.7939526805433492,1.0
DES_ETA,1,5,10.1021/acssuschemeng.7b04235,39,aware_on_anchor_rows,360,360,1.7939526805433492,1.0
DES_ETA,1,5,10.1021/acssuschemeng.7b04235,39,explore_offset_q_aware,360,360,1.7939526805433492,1.0
DES_ETA,1,5,10.1021/acssuschemeng.7b04235,39,naive,39,39,0.6195413754393551,1.0
DES_ETA,1,5,10.1021/acssuschemeng.8b01203,187,anchor,1840,1840,1.4633697358015736,1.0
DES_ETA,1,5,10.1021/acssuschemeng.8b01203,187,aware,187,187,1.7939526805433492,1.0
DES_ETA,1,5,10.1021/acssuschemeng.8b01203,187,aware_on_anchor_rows,1840,1840,1.7939526805433492,1.0
DES_ETA,1,5,10.1021/acssuschemeng.8b01203,187,explore_offset_q_aware,1840,1840,1.7939526805433492,1.0
DES_ETA,1,5,10.1021/acssuschemeng.8b01203,187,naive,161,187,0.6195413754393551,0.8609625668449198
DES_ETA,1,5,10.1021/acssuschemeng.8b03520,17,anchor,62,140,1.4633697358015736,0.44285714285714284
DES_ETA,1,5,10.1021/acssuschemeng.8b03520,17,aware,14,17,1.7939526805433492,0.8235294117647058
DES_ETA,1,5,10.1021/acssuschemeng.8b03520,17,aware_on_anchor_rows,118,140,1.7939526805433492,0.8428571428571429
DES_ETA,1,5,10.1021/acssuschemeng.8b03520,17,explore_offset_q_aware,81,140,1.7939526805433492,0.5785714285714286
DES_ETA,1,5,10.1021/acssuschemeng.8b03520,17,naive,10,17,0.6195413754393551,0.5882352941176471
DES_ETA,1,6,10.1002/chem.200400127,4,aware,3,4,1.6186828548448116,0.75
DES_ETA,1,6,10.1002/chem.200400127,4,naive,0,4,0.6110052894394586,0.0
DES_ETA,1,6,10.1016/j.chroma.2018.07.070,12,anchor,90,90,1.5584825613928324,1.0
DES_ETA,1,6,10.1016/j.chroma.2018.07.070,12,aware,12,12,1.6186828548448116,1.0
DES_ETA,1,6,10.1016/j.chroma.2018.07.070,12,aware_on_anchor_rows,90,90,1.6186828548448116,1.0
DES_ETA,1,6,10.1016/j.chroma.2018.07.070,12,explore_offset_q_aware,90,90,1.6186828548448116,1.0
DES_ETA,1,6,10.1016/j.chroma.2018.07.070,12,naive,12,12,0.6110052894394586,1.0
DES_ETA,1,6,10.1016/j.cjche.2020.07.004,19,anchor,130,160,1.5584825613928324,0.8125
DES_ETA,1,6,10.1016/j.cjche.2020.07.004,19,aware,0,19,1.6186828548448116,0.0
DES_ETA,1,6,10.1016/j.cjche.2020.07.004,19,aware_on_anchor_rows,0,160,1.6186828548448116,0.0
DES_ETA,1,6,10.1016/j.cjche.2020.07.004,19,explore_offset_q_aware,130,160,1.6186828548448116,0.8125
DES_ETA,1,6,10.1016/j.cjche.2020.07.004,19,naive,0,19,0.6110052894394586,0.0
DES_ETA,1,6,10.1016/j.jct.2021.106713,66,anchor,615,630,1.5584825613928324,0.9761904761904762
DES_ETA,1,6,10.1016/j.jct.2021.106713,66,aware,59,66,1.6186828548448116,0.8939393939393939
DES_ETA,1,6,10.1016/j.jct.2021.106713,66,aware_on_anchor_rows,563,630,1.6186828548448116,0.8936507936507937
DES_ETA,1,6,10.1016/j.jct.2021.106713,66,explore_offset_q_aware,620,630,1.6186828548448116,0.9841269841269841
DES_ETA,1,6,10.1016/j.jct.2021.106713,66,naive,25,66,0.6110052894394586,0.3787878787878788
DES_ETA,1,6,10.1016/j.jmgm.2022.108319,25,anchor,220,220,1.5584825613928324,1.0
DES_ETA,1,6,10.1016/j.jmgm.2022.108319,25,aware,25,25,1.6186828548448116,1.0
DES_ETA,1,6,10.1016/j.jmgm.2022.108319,25,aware_on_anchor_rows,220,220,1.6186828548448116,1.0
DES_ETA,1,6,10.1016/j.jmgm.2022.108319,25,explore_offset_q_aware,220,220,1.6186828548448116,1.0
DES_ETA,1,6,10.1016/j.jmgm.2022.108319,25,naive,0,25,0.6110052894394586,0.0
DES_ETA,1,6,10.1016/j.jtice.2015.12.020,48,anchor,440,450,1.5584825613928324,0.9777777777777777
DES_ETA,1,6,10.1016/j.jtice.2015.12.020,48,aware,46,48,1.6186828548448116,0.9583333333333334
DES_ETA,1,6,10.1016/j.jtice.2015.12.020,48,aware_on_anchor_rows,431,450,1.6186828548448116,0.9577777777777777
DES_ETA,1,6,10.1016/j.jtice.2015.12.020,48,explore_offset_q_aware,442,450,1.6186828548448116,0.9822222222222222
DES_ETA,1,6,10.1016/j.jtice.2015.12.020,48,naive,23,48,0.6110052894394586,0.4791666666666667
DES_ETA,1,6,10.1016/j.molliq.2022.120056,9,anchor,60,60,1.5584825613928324,1.0
DES_ETA,1,6,10.1016/j.molliq.2022.120056,9,aware,9,9,1.6186828548448116,1.0
DES_ETA,1,6,10.1016/j.molliq.2022.120056,9,aware_on_anchor_rows,60,60,1.6186828548448116,1.0
DES_ETA,1,6,10.1016/j.molliq.2022.120056,9,explore_offset_q_aware,60,60,1.6186828548448116,1.0
DES_ETA,1,6,10.1016/j.molliq.2022.120056,9,naive,9,9,0.6110052894394586,1.0
DES_ETA,1,6,10.1016/j.molliq.2022.120660,15,anchor,109,120,1.5584825613928324,0.9083333333333333
DES_ETA,1,6,10.1016/j.molliq.2022.120660,15,aware,15,15,1.6186828548448116,1.0
DES_ETA,1,6,10.1016/j.molliq.2022.120660,15,aware_on_anchor_rows,120,120,1.6186828548448116,1.0
DES_ETA,1,6,10.1016/j.molliq.2022.120660,15,explore_offset_q_aware,110,120,1.6186828548448116,0.9166666666666666
DES_ETA,1,6,10.1016/j.molliq.2022.120660,15,naive,6,15,0.6110052894394586,0.4
DES_ETA,1,6,10.1016/j.seppur.2020.117211,3,aware,3,3,1.6186828548448116,1.0
DES_ETA,1,6,10.1016/j.seppur.2020.117211,3,naive,3,3,0.6110052894394586,1.0
DES_ETA,1,6,10.1021/acs.jced.0c00715,153,anchor,1500,1500,1.5584825613928324,1.0
DES_ETA,1,6,10.1021/acs.jced.0c00715,153,aware,153,153,1.6186828548448116,1.0
DES_ETA,1,6,10.1021/acs.jced.0c00715,153,aware_on_anchor_rows,1500,1500,1.6186828548448116,1.0
DES_ETA,1,6,10.1021/acs.jced.0c00715,153,explore_offset_q_aware,1500,1500,1.6186828548448116,1.0
DES_ETA,1,6,10.1021/acs.jced.0c00715,153,naive,153,153,0.6110052894394586,1.0
DES_ETA,1,6,10.1021/acs.jced.7b01037,90,anchor,563,870,1.5584825613928324,0.6471264367816092
DES_ETA,1,6,10.1021/acs.jced.7b01037,90,aware,30,90,1.6186828548448116,0.3333333333333333
DES_ETA,1,6,10.1021/acs.jced.7b01037,90,aware_on_anchor_rows,292,870,1.6186828548448116,0.335632183908046
DES_ETA,1,6,10.1021/acs.jced.7b01037,90,explore_offset_q_aware,586,870,1.6186828548448116,0.6735632183908046
DES_ETA,1,6,10.1021/acs.jced.7b01037,90,naive,2,90,0.6110052894394586,0.022222222222222223
DES_ETA,1,6,10.1021/acs.jced.9b00255,1,aware,1,1,1.6186828548448116,1.0
DES_ETA,1,6,10.1021/acs.jced.9b00255,1,naive,1,1,0.6110052894394586,1.0
DES_ETA,1,6,10.1021/acs.jced.9b00257,1,aware,1,1,1.6186828548448116,1.0
DES_ETA,1,6,10.1021/acs.jced.9b00257,1,naive,1,1,0.6110052894394586,1.0
DES_ETA,1,6,10.1021/acssuschemeng.1c01674,35,anchor,320,320,1.5584825613928324,1.0
DES_ETA,1,6,10.1021/acssuschemeng.1c01674,35,aware,34,35,1.6186828548448116,0.9714285714285714
DES_ETA,1,6,10.1021/acssuschemeng.1c01674,35,aware_on_anchor_rows,310,320,1.6186828548448116,0.96875
DES_ETA,1,6,10.1021/acssuschemeng.1c01674,35,explore_offset_q_aware,320,320,1.6186828548448116,1.0
DES_ETA,1,6,10.1021/acssuschemeng.1c01674,35,naive,1,35,0.6110052894394586,0.02857142857142857
DES_ETA,1,7,10.1002/cphc.200500489,6,aware,4,6,1.84032369669138,0.6666666666666666
DES_ETA,1,7,10.1002/cphc.200500489,6,naive,4,6,0.6177438305339824,0.6666666666666666
DES_ETA,1,7,10.1016/j.arabjc.2021.103512,45,anchor,308,420,1.4373359532845047,0.7333333333333333
DES_ETA,1,7,10.1016/j.arabjc.2021.103512,45,aware,38,45,1.84032369669138,0.8444444444444444
DES_ETA,1,7,10.1016/j.arabjc.2021.103512,45,aware_on_anchor_rows,354,420,1.84032369669138,0.8428571428571429
DES_ETA,1,7,10.1016/j.arabjc.2021.103512,45,explore_offset_q_aware,340,420,1.84032369669138,0.8095238095238095
DES_ETA,1,7,10.1016/j.arabjc.2021.103512,45,naive,27,45,0.6177438305339824,0.6
DES_ETA,1,7,10.1016/j.arabjc.2022.104469,11,anchor,71,80,1.4373359532845047,0.8875
DES_ETA,1,7,10.1016/j.arabjc.2022.104469,11,aware,5,11,1.84032369669138,0.45454545454545453
DES_ETA,1,7,10.1016/j.arabjc.2022.104469,11,aware_on_anchor_rows,36,80,1.84032369669138,0.45
DES_ETA,1,7,10.1016/j.arabjc.2022.104469,11,explore_offset_q_aware,77,80,1.84032369669138,0.9625
DES_ETA,1,7,10.1016/j.arabjc.2022.104469,11,naive,1,11,0.6177438305339824,0.09090909090909091
DES_ETA,1,7,10.1016/j.jhazmat.2022.129835,3,aware,3,3,1.84032369669138,1.0
DES_ETA,1,7,10.1016/j.jhazmat.2022.129835,3,naive,2,3,0.6177438305339824,0.6666666666666666
DES_ETA,1,7,10.1016/j.jobe.2021.103056,8,anchor,29,50,1.4373359532845047,0.58
DES_ETA,1,7,10.1016/j.jobe.2021.103056,8,aware,7,8,1.84032369669138,0.875
DES_ETA,1,7,10.1016/j.jobe.2021.103056,8,aware_on_anchor_rows,42,50,1.84032369669138,0.84
DES_ETA,1,7,10.1016/j.jobe.2021.103056,8,explore_offset_q_aware,37,50,1.84032369669138,0.74
DES_ETA,1,7,10.1016/j.jobe.2021.103056,8,naive,3,8,0.6177438305339824,0.375
DES_ETA,1,7,10.1016/j.molliq.2016.07.039,35,anchor,240,320,1.4373359532845047,0.75
DES_ETA,1,7,10.1016/j.molliq.2016.07.039,35,aware,33,35,1.84032369669138,0.9428571428571428
DES_ETA,1,7,10.1016/j.molliq.2016.07.039,35,aware_on_anchor_rows,303,320,1.84032369669138,0.946875
DES_ETA,1,7,10.1016/j.molliq.2016.07.039,35,explore_offset_q_aware,243,320,1.84032369669138,0.759375
DES_ETA,1,7,10.1016/j.molliq.2016.07.039,35,naive,18,35,0.6177438305339824,0.5142857142857142
DES_ETA,1,7,10.1016/j.molliq.2016.10.115,90,anchor,870,870,1.4373359532845047,1.0
DES_ETA,1,7,10.1016/j.molliq.2016.10.115,90,aware,90,90,1.84032369669138,1.0
DES_ETA,1,7,10.1016/j.molliq.2016.10.115,90,aware_on_anchor_rows,870,870,1.84032369669138,1.0
DES_ETA,1,7,10.1016/j.molliq.2016.10.115,90,explore_offset_q_aware,870,870,1.84032369669138,1.0
DES_ETA,1,7,10.1016/j.molliq.2016.10.115,90,naive,38,90,0.6177438305339824,0.4222222222222222
DES_ETA,1,7,10.1016/j.molliq.2017.06.024,130,anchor,1270,1270,1.4373359532845047,1.0
DES_ETA,1,7,10.1016/j.molliq.2017.06.024,130,aware,130,130,1.84032369669138,1.0
DES_ETA,1,7,10.1016/j.molliq.2017.06.024,130,aware_on_anchor_rows,1270,1270,1.84032369669138,1.0
DES_ETA,1,7,10.1016/j.molliq.2017.06.024,130,explore_offset_q_aware,1270,1270,1.84032369669138,1.0
DES_ETA,1,7,10.1016/j.molliq.2017.06.024,130,naive,124,130,0.6177438305339824,0.9538461538461539
DES_ETA,1,7,10.1016/j.molliq.2022.119396,90,anchor,868,870,1.4373359532845047,0.9977011494252873
DES_ETA,1,7,10.1016/j.molliq.2022.119396,90,aware,90,90,1.84032369669138,1.0
DES_ETA,1,7,10.1016/j.molliq.2022.119396,90,aware_on_anchor_rows,870,870,1.84032369669138,1.0
DES_ETA,1,7,10.1016/j.molliq.2022.119396,90,explore_offset_q_aware,870,870,1.84032369669138,1.0
DES_ETA,1,7,10.1016/j.molliq.2022.119396,90,naive,45,90,0.6177438305339824,0.5
DES_ETA,1,7,10.1016/j.seppur.2023.123281,15,anchor,120,120,1.4373359532845047,1.0
DES_ETA,1,7,10.1016/j.seppur.2023.123281,15,aware,15,15,1.84032369669138,1.0
DES_ETA,1,7,10.1016/j.seppur.2023.123281,15,aware_on_anchor_rows,120,120,1.84032369669138,1.0
DES_ETA,1,7,10.1016/j.seppur.2023.123281,15,explore_offset_q_aware,120,120,1.84032369669138,1.0
DES_ETA,1,7,10.1016/j.seppur.2023.123281,15,naive,5,15,0.6177438305339824,0.3333333333333333
DES_ETA,1,7,10.1021/acs.jced.9b00258,1,aware,1,1,1.84032369669138,1.0
DES_ETA,1,7,10.1021/acs.jced.9b00258,1,naive,1,1,0.6177438305339824,1.0
DES_ETA,1,7,10.1021/acssuschemeng.8b05072,26,anchor,224,230,1.4373359532845047,0.9739130434782609
DES_ETA,1,7,10.1021/acssuschemeng.8b05072,26,aware,26,26,1.84032369669138,1.0
DES_ETA,1,7,10.1021/acssuschemeng.8b05072,26,aware_on_anchor_rows,230,230,1.84032369669138,1.0
DES_ETA,1,7,10.1021/acssuschemeng.8b05072,26,explore_offset_q_aware,230,230,1.84032369669138,1.0
DES_ETA,1,7,10.1021/acssuschemeng.8b05072,26,naive,19,26,0.6177438305339824,0.7307692307692307
DES_ETA,1,7,10.1039/c6cc06105b,21,anchor,180,180,1.4373359532845047,1.0
DES_ETA,1,7,10.1039/c6cc06105b,21,aware,21,21,1.84032369669138,1.0
DES_ETA,1,7,10.1039/c6cc06105b,21,aware_on_anchor_rows,180,180,1.84032369669138,1.0
DES_ETA,1,7,10.1039/c6cc06105b,21,explore_offset_q_aware,180,180,1.84032369669138,1.0
DES_ETA,1,7,10.1039/c6cc06105b,21,naive,21,21,0.6177438305339824,1.0
DES_ETA,1,8,10.1016/j.foodchem.2018.09.048,6,aware,6,6,1.7556058415516351,1.0
DES_ETA,1,8,10.1016/j.foodchem.2018.09.048,6,naive,5,6,0.6069045298527866,0.8333333333333334
DES_ETA,1,8,10.1016/j.jct.2019.105883,15,anchor,120,120,1.496107373763051,1.0
DES_ETA,1,8,10.1016/j.jct.2019.105883,15,aware,15,15,1.7556058415516351,1.0
DES_ETA,1,8,10.1016/j.jct.2019.105883,15,aware_on_anchor_rows,120,120,1.7556058415516351,1.0
DES_ETA,1,8,10.1016/j.jct.2019.105883,15,explore_offset_q_aware,120,120,1.7556058415516351,1.0
DES_ETA,1,8,10.1016/j.jct.2019.105883,15,naive,15,15,0.6069045298527866,1.0
DES_ETA,1,8,10.1016/j.jhazmat.2021.127972,25,anchor,220,220,1.496107373763051,1.0
DES_ETA,1,8,10.1016/j.jhazmat.2021.127972,25,aware,25,25,1.7556058415516351,1.0
DES_ETA,1,8,10.1016/j.jhazmat.2021.127972,25,aware_on_anchor_rows,220,220,1.7556058415516351,1.0
DES_ETA,1,8,10.1016/j.jhazmat.2021.127972,25,explore_offset_q_aware,220,220,1.7556058415516351,1.0
DES_ETA,1,8,10.1016/j.jhazmat.2021.127972,25,naive,19,25,0.6069045298527866,0.76
DES_ETA,1,8,10.1016/j.jiec.2022.04.015,35,anchor,228,320,1.496107373763051,0.7125
DES_ETA,1,8,10.1016/j.jiec.2022.04.015,35,aware,32,35,1.7556058415516351,0.9142857142857143
DES_ETA,1,8,10.1016/j.jiec.2022.04.015,35,aware_on_anchor_rows,296,320,1.7556058415516351,0.925
DES_ETA,1,8,10.1016/j.jiec.2022.04.015,35,explore_offset_q_aware,254,320,1.7556058415516351,0.79375
DES_ETA,1,8,10.1016/j.jiec.2022.04.015,35,naive,8,35,0.6069045298527866,0.22857142857142856
DES_ETA,1,8,10.1016/j.molliq.2017.05.084,57,anchor,540,540,1.496107373763051,1.0
DES_ETA,1,8,10.1016/j.molliq.2017.05.084,57,aware,56,57,1.7556058415516351,0.9824561403508771
DES_ETA,1,8,10.1016/j.molliq.2017.05.084,57,aware_on_anchor_rows,530,540,1.7556058415516351,0.9814814814814815
DES_ETA,1,8,10.1016/j.molliq.2017.05.084,57,explore_offset_q_aware,540,540,1.7556058415516351,1.0
DES_ETA,1,8,10.1016/j.molliq.2017.05.084,57,naive,27,57,0.6069045298527866,0.47368421052631576
DES_ETA,1,8,10.1016/j.molliq.2017.09.091,118,anchor,1150,1150,1.496107373763051,1.0
DES_ETA,1,8,10.1016/j.molliq.2017.09.091,118,aware,53,118,1.7556058415516351,0.4491525423728814
DES_ETA,1,8,10.1016/j.molliq.2017.09.091,118,aware_on_anchor_rows,519,1150,1.7556058415516351,0.45130434782608697
DES_ETA,1,8,10.1016/j.molliq.2017.09.091,118,explore_offset_q_aware,1150,1150,1.7556058415516351,1.0
DES_ETA,1,8,10.1016/j.molliq.2017.09.091,118,naive,0,118,0.6069045298527866,0.0
DES_ETA,1,8,10.1016/j.molliq.2020.113761,18,anchor,107,150,1.496107373763051,0.7133333333333334
DES_ETA,1,8,10.1016/j.molliq.2020.113761,18,aware,16,18,1.7556058415516351,0.8888888888888888
DES_ETA,1,8,10.1016/j.molliq.2020.113761,18,aware_on_anchor_rows,133,150,1.7556058415516351,0.8866666666666667
DES_ETA,1,8,10.1016/j.molliq.2020.113761,18,explore_offset_q_aware,116,150,1.7556058415516351,0.7733333333333333
DES_ETA,1,8,10.1016/j.molliq.2020.113761,18,naive,7,18,0.6069045298527866,0.3888888888888889
DES_ETA,1,8,10.1016/j.molliq.2023.121258,78,anchor,750,750,1.496107373763051,1.0
DES_ETA,1,8,10.1016/j.molliq.2023.121258,78,aware,78,78,1.7556058415516351,1.0
DES_ETA,1,8,10.1016/j.molliq.2023.121258,78,aware_on_anchor_rows,750,750,1.7556058415516351,1.0
DES_ETA,1,8,10.1016/j.molliq.2023.121258,78,explore_offset_q_aware,750,750,1.7556058415516351,1.0
DES_ETA,1,8,10.1016/j.molliq.2023.121258,78,naive,50,78,0.6069045298527866,0.6410256410256411
DES_ETA,1,8,10.1021/acs.jced.9b00250,1,aware,1,1,1.7556058415516351,1.0
DES_ETA,1,8,10.1021/acs.jced.9b00250,1,naive,1,1,0.6069045298527866,1.0
DES_ETA,1,8,10.1021/acs.jced.9b00253,1,aware,1,1,1.7556058415516351,1.0
DES_ETA,1,8,10.1021/acs.jced.9b00253,1,naive,1,1,0.6069045298527866,1.0
DES_ETA,1,8,10.1021/acssuschemeng.0c04215,7,aware,5,7,1.7556058415516351,0.7142857142857143
DES_ETA,1,8,10.1021/acssuschemeng.0c04215,7,naive,5,7,0.6069045298527866,0.7142857142857143
DES_ETA,1,8,10.1021/acssuschemeng.5b00532,104,anchor,982,1010,1.496107373763051,0.9722772277227723
DES_ETA,1,8,10.1021/acssuschemeng.5b00532,104,aware,104,104,1.7556058415516351,1.0
DES_ETA,1,8,10.1021/acssuschemeng.5b00532,104,aware_on_anchor_rows,1010,1010,1.7556058415516351,1.0
DES_ETA,1,8,10.1021/acssuschemeng.5b00532,104,explore_offset_q_aware,1001,1010,1.7556058415516351,0.9910891089108911
DES_ETA,1,8,10.1021/acssuschemeng.5b00532,104,naive,36,104,0.6069045298527866,0.34615384615384615
DES_ETA,1,8,10.1021/acssuschemeng.8b04843,14,anchor,110,110,1.496107373763051,1.0
DES_ETA,1,8,10.1021/acssuschemeng.8b04843,14,aware,14,14,1.7556058415516351,1.0
DES_ETA,1,8,10.1021/acssuschemeng.8b04843,14,aware_on_anchor_rows,110,110,1.7556058415516351,1.0
DES_ETA,1,8,10.1021/acssuschemeng.8b04843,14,explore_offset_q_aware,110,110,1.7556058415516351,1.0
DES_ETA,1,8,10.1021/acssuschemeng.8b04843,14,naive,12,14,0.6069045298527866,0.8571428571428571
DES_ETA,1,8,10.1021/acssuschemeng.8b05548,2,aware,2,2,1.7556058415516351,1.0
DES_ETA,1,8,10.1021/acssuschemeng.8b05548,2,naive,2,2,0.6069045298527866,1.0
DES_ETA,1,9,10.1016/j.cclet.2013.09.004,13,anchor,40,100,1.2603324926663002,0.4
DES_ETA,1,9,10.1016/j.cclet.2013.09.004,13,aware,6,13,1.5502250931640025,0.46153846153846156
DES_ETA,1,9,10.1016/j.cclet.2013.09.004,13,aware_on_anchor_rows,48,100,1.5502250931640025,0.48
DES_ETA,1,9,10.1016/j.cclet.2013.09.004,13,explore_offset_q_aware,52,100,1.5502250931640025,0.52
DES_ETA,1,9,10.1016/j.cclet.2013.09.004,13,naive,2,13,0.560792653086601,0.15384615384615385
DES_ETA,1,9,10.1016/j.fluid.2014.01.028,117,anchor,609,1140,1.2603324926663002,0.5342105263157895
DES_ETA,1,9,10.1016/j.fluid.2014.01.028,117,aware,58,117,1.5502250931640025,0.49572649572649574
DES_ETA,1,9,10.1016/j.fluid.2014.01.028,117,aware_on_anchor_rows,561,1140,1.5502250931640025,0.4921052631578947
DES_ETA,1,9,10.1016/j.fluid.2014.01.028,117,explore_offset_q_aware,744,1140,1.5502250931640025,0.6526315789473685
DES_ETA,1,9,10.1016/j.fluid.2014.01.028,117,naive,34,117,0.560792653086601,0.2905982905982906
DES_ETA,1,9,10.1016/j.fluid.2019.01.025,28,anchor,132,250,1.2603324926663002,0.528
DES_ETA,1,9,10.1016/j.fluid.2019.01.025,28,aware,15,28,1.5502250931640025,0.5357142857142857
DES_ETA,1,9,10.1016/j.fluid.2019.01.025,28,aware_on_anchor_rows,136,250,1.5502250931640025,0.544
DES_ETA,1,9,10.1016/j.fluid.2019.01.025,28,explore_offset_q_aware,158,250,1.5502250931640025,0.632
DES_ETA,1,9,10.1016/j.fluid.2019.01.025,28,naive,6,28,0.560792653086601,0.21428571428571427
DES_ETA,1,9,10.1016/j.jcou.2022.102217,112,anchor,669,1090,1.2603324926663002,0.6137614678899083
DES_ETA,1,9,10.1016/j.jcou.2022.102217,112,aware,5,112,1.5502250931640025,0.044642857142857144
DES_ETA,1,9,10.1016/j.jcou.2022.102217,112,aware_on_anchor_rows,50,1090,1.5502250931640025,0.045871559633027525
DES_ETA,1,9,10.1016/j.jcou.2022.102217,112,explore_offset_q_aware,776,1090,1.5502250931640025,0.7119266055045872
DES_ETA,1,9,10.1016/j.jcou.2022.102217,112,naive,0,112,0.560792653086601,0.0
DES_ETA,1,9,10.1016/j.jpha.2021.03.002,16,anchor,90,130,1.2603324926663002,0.6923076923076923
DES_ETA,1,9,10.1016/j.jpha.2021.03.002,16,aware,13,16,1.5502250931640025,0.8125
DES_ETA,1,9,10.1016/j.jpha.2021.03.002,16,aware_on_anchor_rows,105,130,1.5502250931640025,0.8076923076923077
DES_ETA,1,9,10.1016/j.jpha.2021.03.002,16,explore_offset_q_aware,94,130,1.5502250931640025,0.7230769230769231
DES_ETA,1,9,10.1016/j.jpha.2021.03.002,16,naive,9,16,0.560792653086601,0.5625
DES_ETA,1,9,10.1016/j.molliq.2016.02.062,48,anchor,400,450,1.2603324926663002,0.8888888888888888
DES_ETA,1,9,10.1016/j.molliq.2016.02.062,48,aware,42,48,1.5502250931640025,0.875
DES_ETA,1,9,10.1016/j.molliq.2016.02.062,48,aware_on_anchor_rows,395,450,1.5502250931640025,0.8777777777777778
DES_ETA,1,9,10.1016/j.molliq.2016.02.062,48,explore_offset_q_aware,430,450,1.5502250931640025,0.9555555555555556
DES_ETA,1,9,10.1016/j.molliq.2016.02.062,48,naive,21,48,0.560792653086601,0.4375
DES_ETA,1,9,10.1016/j.seppur.2020.116692,22,anchor,190,190,1.2603324926663002,1.0
DES_ETA,1,9,10.1016/j.seppur.2020.116692,22,aware,22,22,1.5502250931640025,1.0
DES_ETA,1,9,10.1016/j.seppur.2020.116692,22,aware_on_anchor_rows,190,190,1.5502250931640025,1.0
DES_ETA,1,9,10.1016/j.seppur.2020.116692,22,explore_offset_q_aware,190,190,1.5502250931640025,1.0
DES_ETA,1,9,10.1016/j.seppur.2020.116692,22,naive,22,22,0.560792653086601,1.0
DES_ETA,1,9,10.1021/acs.jced.9b00256,1,aware,1,1,1.5502250931640025,1.0
DES_ETA,1,9,10.1021/acs.jced.9b00256,1,naive,1,1,0.560792653086601,1.0
DES_ETA,1,9,10.1021/je300997v,35,anchor,320,320,1.2603324926663002,1.0
DES_ETA,1,9,10.1021/je300997v,35,aware,35,35,1.5502250931640025,1.0
DES_ETA,1,9,10.1021/je300997v,35,aware_on_anchor_rows,320,320,1.5502250931640025,1.0
DES_ETA,1,9,10.1021/je300997v,35,explore_offset_q_aware,320,320,1.5502250931640025,1.0
DES_ETA,1,9,10.1021/je300997v,35,naive,35,35,0.560792653086601,1.0
DES_ETA,1,9,10.1021/je5001796,72,anchor,560,690,1.2603324926663002,0.8115942028985508
DES_ETA,1,9,10.1021/je5001796,72,aware,42,72,1.5502250931640025,0.5833333333333334
DES_ETA,1,9,10.1021/je5001796,72,aware_on_anchor_rows,402,690,1.5502250931640025,0.5826086956521739
DES_ETA,1,9,10.1021/je5001796,72,explore_offset_q_aware,605,690,1.5502250931640025,0.8768115942028986
DES_ETA,1,9,10.1021/je5001796,72,naive,10,72,0.560792653086601,0.1388888888888889
DES_ETA,1,9,10.1039/c2ra22990k,8,anchor,29,50,1.2603324926663002,0.58
DES_ETA,1,9,10.1039/c2ra22990k,8,aware,7,8,1.5502250931640025,0.875
DES_ETA,1,9,10.1039/c2ra22990k,8,aware_on_anchor_rows,43,50,1.5502250931640025,0.86
DES_ETA,1,9,10.1039/c2ra22990k,8,explore_offset_q_aware,37,50,1.5502250931640025,0.74
DES_ETA,1,9,10.1039/c2ra22990k,8,naive,3,8,0.560792653086601,0.375
DES_ETA,1,9,10.1039/d0gc00793e,3,aware,3,3,1.5502250931640025,1.0
DES_ETA,1,9,10.1039/d0gc00793e,3,naive,2,3,0.560792653086601,0.6666666666666666
DES_ETA,1,9,10.13140/rg.2.2.13424.10245,5,aware,0,5,1.5502250931640025,0.0
DES_ETA,1,9,10.13140/rg.2.2.13424.10245,5,naive,0,5,0.560792653086601,0.0
DES_ETA,2,0,http://pubs.acs.org/journal/acscii,1461,anchor,12890,14580,1.5720287022702244,0.8840877914951989
DES_ETA,2,0,http://pubs.acs.org/journal/acscii,1461,aware,1424,1461,2.142381557051496,0.974674880219028
DES_ETA,2,0,http://pubs.acs.org/journal/acscii,1461,aware_on_anchor_rows,14211,14580,2.142381557051496,0.9746913580246913
DES_ETA,2,0,http://pubs.acs.org/journal/acscii,1461,explore_offset_q_aware,13898,14580,2.142381557051496,0.9532235939643348
DES_ETA,2,0,http://pubs.acs.org/journal/acscii,1461,naive,1000,1461,0.6291384486104628,0.6844626967830253
DES_ETA,2,1,10.1002/chem.200400127,4,aware,3,4,1.6707112795976586,0.75
DES_ETA,2,1,10.1002/chem.200400127,4,naive,0,4,0.6030302111439099,0.0
DES_ETA,2,1,10.1016/j.fluid.2019.01.025,28,anchor,246,250,1.4570789921762597,0.984
DES_ETA,2,1,10.1016/j.fluid.2019.01.025,28,aware,21,28,1.6707112795976586,0.75
DES_ETA,2,1,10.1016/j.fluid.2019.01.025,28,aware_on_anchor_rows,190,250,1.6707112795976586,0.76
DES_ETA,2,1,10.1016/j.fluid.2019.01.025,28,explore_offset_q_aware,249,250,1.6707112795976586,0.996
DES_ETA,2,1,10.1016/j.fluid.2019.01.025,28,naive,8,28,0.6030302111439099,0.2857142857142857
DES_ETA,2,1,10.1016/j.jct.2018.12.017,43,anchor,351,400,1.4570789921762597,0.8775
DES_ETA,2,1,10.1016/j.jct.2018.12.017,43,aware,35,43,1.6707112795976586,0.813953488372093
DES_ETA,2,1,10.1016/j.jct.2018.12.017,43,aware_on_anchor_rows,324,400,1.6707112795976586,0.81
DES_ETA,2,1,10.1016/j.jct.2018.12.017,43,explore_offset_q_aware,369,400,1.6707112795976586,0.9225
DES_ETA,2,1,10.1016/j.jct.2018.12.017,43,naive,24,43,0.6030302111439099,0.5581395348837209
DES_ETA,2,1,10.1016/j.jct.2019.105883,15,anchor,120,120,1.4570789921762597,1.0
DES_ETA,2,1,10.1016/j.jct.2019.105883,15,aware,15,15,1.6707112795976586,1.0
DES_ETA,2,1,10.1016/j.jct.2019.105883,15,aware_on_anchor_rows,120,120,1.6707112795976586,1.0
DES_ETA,2,1,10.1016/j.jct.2019.105883,15,explore_offset_q_aware,120,120,1.6707112795976586,1.0
DES_ETA,2,1,10.1016/j.jct.2019.105883,15,naive,14,15,0.6030302111439099,0.9333333333333333
DES_ETA,2,1,10.1016/j.molliq.2022.120420,337,anchor,3340,3340,1.4570789921762597,1.0
DES_ETA,2,1,10.1016/j.molliq.2022.120420,337,aware,337,337,1.6707112795976586,1.0
DES_ETA,2,1,10.1016/j.molliq.2022.120420,337,aware_on_anchor_rows,3340,3340,1.6707112795976586,1.0
DES_ETA,2,1,10.1016/j.molliq.2022.120420,337,explore_offset_q_aware,3340,3340,1.6707112795976586,1.0
DES_ETA,2,1,10.1016/j.molliq.2022.120420,337,naive,314,337,0.6030302111439099,0.9317507418397626
DES_ETA,2,1,10.1016/j.seppur.2020.117211,3,aware,3,3,1.6707112795976586,1.0
DES_ETA,2,1,10.1016/j.seppur.2020.117211,3,naive,3,3,0.6030302111439099,1.0
DES_ETA,2,1,10.1016/j.tca.2012.04.030,24,anchor,205,210,1.4570789921762597,0.9761904761904762
DES_ETA,2,1,10.1016/j.tca.2012.04.030,24,aware,21,24,1.6707112795976586,0.875
DES_ETA,2,1,10.1016/j.tca.2012.04.030,24,aware_on_anchor_rows,182,210,1.6707112795976586,0.8666666666666667
DES_ETA,2,1,10.1016/j.tca.2012.04.030,24,explore_offset_q_aware,209,210,1.6707112795976586,0.9952380952380953
DES_ETA,2,1,10.1016/j.tca.2012.04.030,24,naive,7,24,0.6030302111439099,0.2916666666666667
DES_ETA,2,1,10.1021/acs.jced.0c00579,1,aware,1,1,1.6707112795976586,1.0
DES_ETA,2,1,10.1021/acs.jced.0c00579,1,naive,0,1,0.6030302111439099,0.0
DES_ETA,2,1,10.1021/acs.jced.9b00259,1,aware,1,1,1.6707112795976586,1.0
DES_ETA,2,1,10.1021/acs.jced.9b00259,1,naive,1,1,0.6030302111439099,1.0
DES_ETA,2,1,10.1021/acssuschemeng.8b02042,17,anchor,138,140,1.4570789921762597,0.9857142857142858
DES_ETA,2,1,10.1021/acssuschemeng.8b02042,17,aware,9,17,1.6707112795976586,0.5294117647058824
DES_ETA,2,1,10.1021/acssuschemeng.8b02042,17,aware_on_anchor_rows,71,140,1.6707112795976586,0.5071428571428571
DES_ETA,2,1,10.1021/acssuschemeng.8b02042,17,explore_offset_q_aware,139,140,1.6707112795976586,0.9928571428571429
DES_ETA,2,1,10.1021/acssuschemeng.8b02042,17,naive,2,17,0.6030302111439099,0.11764705882352941
DES_ETA,2,1,10.1039/c2ra22990k,8,anchor,32,50,1.4570789921762597,0.64
DES_ETA,2,1,10.1039/c2ra22990k,8,aware,6,8,1.6707112795976586,0.75
DES_ETA,2,1,10.1039/c2ra22990k,8,aware_on_anchor_rows,37,50,1.6707112795976586,0.74
DES_ETA,2,1,10.1039/c2ra22990k,8,explore_offset_q_aware,34,50,1.6707112795976586,0.68
DES_ETA,2,1,10.1039/c2ra22990k,8,naive,3,8,0.6030302111439099,0.375
DES_ETA,2,2,10.1002/ceat.201600475,11,anchor,80,80,1.299633940499677,1.0
DES_ETA,2,2,10.1002/ceat.201600475,11,aware,11,11,1.803213252988472,1.0
DES_ETA,2,2,10.1002/ceat.201600475,11,aware_on_anchor_rows,80,80,1.803213252988472,1.0
DES_ETA,2,2,10.1002/ceat.201600475,11,explore_offset_q_aware,80,80,1.803213252988472,1.0
DES_ETA,2,2,10.1002/ceat.201600475,11,naive,8,11,0.5775117679946411,0.7272727272727273
DES_ETA,2,2,10.1016/j.cej.2018.10.077,15,anchor,120,120,1.299633940499677,1.0
DES_ETA,2,2,10.1016/j.cej.2018.10.077,15,aware,15,15,1.803213252988472,1.0
DES_ETA,2,2,10.1016/j.cej.2018.10.077,15,aware_on_anchor_rows,120,120,1.803213252988472,1.0
DES_ETA,2,2,10.1016/j.cej.2018.10.077,15,explore_offset_q_aware,120,120,1.803213252988472,1.0
DES_ETA,2,2,10.1016/j.cej.2018.10.077,15,naive,11,15,0.5775117679946411,0.7333333333333333
DES_ETA,2,2,10.1016/j.jct.2013.05.041,20,anchor,170,170,1.299633940499677,1.0
DES_ETA,2,2,10.1016/j.jct.2013.05.041,20,aware,20,20,1.803213252988472,1.0
DES_ETA,2,2,10.1016/j.jct.2013.05.041,20,aware_on_anchor_rows,170,170,1.803213252988472,1.0
DES_ETA,2,2,10.1016/j.jct.2013.05.041,20,explore_offset_q_aware,170,170,1.803213252988472,1.0
DES_ETA,2,2,10.1016/j.jct.2013.05.041,20,naive,19,20,0.5775117679946411,0.95
DES_ETA,2,2,10.1016/j.molliq.2012.11.025,4,aware,4,4,1.803213252988472,1.0
DES_ETA,2,2,10.1016/j.molliq.2012.11.025,4,naive,0,4,0.5775117679946411,0.0
DES_ETA,2,2,10.1016/j.molliq.2022.119560,27,anchor,240,240,1.299633940499677,1.0
DES_ETA,2,2,10.1016/j.molliq.2022.119560,27,aware,27,27,1.803213252988472,1.0
DES_ETA,2,2,10.1016/j.molliq.2022.119560,27,aware_on_anchor_rows,240,240,1.803213252988472,1.0
DES_ETA,2,2,10.1016/j.molliq.2022.119560,27,explore_offset_q_aware,240,240,1.803213252988472,1.0
DES_ETA,2,2,10.1016/j.molliq.2022.119560,27,naive,6,27,0.5775117679946411,0.2222222222222222
DES_ETA,2,2,10.1016/j.seppur.2019.115703,43,anchor,400,400,1.299633940499677,1.0
DES_ETA,2,2,10.1016/j.seppur.2019.115703,43,aware,43,43,1.803213252988472,1.0
DES_ETA,2,2,10.1016/j.seppur.2019.115703,43,aware_on_anchor_rows,400,400,1.803213252988472,1.0
DES_ETA,2,2,10.1016/j.seppur.2019.115703,43,explore_offset_q_aware,400,400,1.803213252988472,1.0
DES_ETA,2,2,10.1016/j.seppur.2019.115703,43,naive,43,43,0.5775117679946411,1.0
DES_ETA,2,2,10.1021/acs.jced.6b00563,11,anchor,80,80,1.299633940499677,1.0
DES_ETA,2,2,10.1021/acs.jced.6b00563,11,aware,11,11,1.803213252988472,1.0
DES_ETA,2,2,10.1021/acs.jced.6b00563,11,aware_on_anchor_rows,80,80,1.803213252988472,1.0
DES_ETA,2,2,10.1021/acs.jced.6b00563,11,explore_offset_q_aware,80,80,1.803213252988472,1.0
DES_ETA,2,2,10.1021/acs.jced.6b00563,11,naive,7,11,0.5775117679946411,0.6363636363636364
DES_ETA,2,2,10.1021/acs.jced.9b00250,1,aware,1,1,1.803213252988472,1.0
DES_ETA,2,2,10.1021/acs.jced.9b00250,1,naive,1,1,0.5775117679946411,1.0
DES_ETA,2,2,10.1021/acs.jced.9b00253,1,aware,1,1,1.803213252988472,1.0
DES_ETA,2,2,10.1021/acs.jced.9b00253,1,naive,1,1,0.5775117679946411,1.0
DES_ETA,2,2,10.1021/acs.jced.9b00260,1,aware,1,1,1.803213252988472,1.0
DES_ETA,2,2,10.1021/acs.jced.9b00260,1,naive,1,1,0.5775117679946411,1.0
DES_ETA,2,2,10.1021/je100104v,32,anchor,238,290,1.299633940499677,0.8206896551724138
DES_ETA,2,2,10.1021/je100104v,32,aware,30,32,1.803213252988472,0.9375
DES_ETA,2,2,10.1021/je100104v,32,aware_on_anchor_rows,272,290,1.803213252988472,0.9379310344827586
DES_ETA,2,2,10.1021/je100104v,32,explore_offset_q_aware,267,290,1.803213252988472,0.9206896551724137
DES_ETA,2,2,10.1021/je100104v,32,naive,20,32,0.5775117679946411,0.625
DES_ETA,2,2,10.1039/c6nj03140d,315,anchor,2401,3120,1.299633940499677,0.7695512820512821
DES_ETA,2,2,10.1039/c6nj03140d,315,aware,287,315,1.803213252988472,0.9111111111111111
DES_ETA,2,2,10.1039/c6nj03140d,315,aware_on_anchor_rows,2840,3120,1.803213252988472,0.9102564102564102
DES_ETA,2,2,10.1039/c6nj03140d,315,explore_offset_q_aware,2799,3120,1.803213252988472,0.8971153846153846
DES_ETA,2,2,10.1039/c6nj03140d,315,naive,163,315,0.5775117679946411,0.5174603174603175
DES_ETA,2,3,10.1002/slct.201701223,16,anchor,85,130,1.4853544590118204,0.6538461538461539
DES_ETA,2,3,10.1002/slct.201701223,16,aware,13,16,1.8238443933370831,0.8125
DES_ETA,2,3,10.1002/slct.201701223,16,aware_on_anchor_rows,106,130,1.8238443933370831,0.8153846153846154
DES_ETA,2,3,10.1002/slct.201701223,16,explore_offset_q_aware,97,130,1.8238443933370831,0.7461538461538462
DES_ETA,2,3,10.1002/slct.201701223,16,naive,3,16,0.608515570085157,0.1875
DES_ETA,2,3,10.1016/j.crgsc.2022.100285,7,aware,7,7,1.8238443933370831,1.0
DES_ETA,2,3,10.1016/j.crgsc.2022.100285,7,naive,3,7,0.608515570085157,0.42857142857142855
DES_ETA,2,3,10.1016/j.jclepro.2022.133589,1,aware,1,1,1.8238443933370831,1.0
DES_ETA,2,3,10.1016/j.jclepro.2022.133589,1,naive,1,1,0.608515570085157,1.0
DES_ETA,2,3,10.1016/j.molliq.2021.118393,38,anchor,284,350,1.4853544590118204,0.8114285714285714
DES_ETA,2,3,10.1016/j.molliq.2021.118393,38,aware,33,38,1.8238443933370831,0.868421052631579
DES_ETA,2,3,10.1016/j.molliq.2021.118393,38,aware_on_anchor_rows,304,350,1.8238443933370831,0.8685714285714285
DES_ETA,2,3,10.1016/j.molliq.2021.118393,38,explore_offset_q_aware,308,350,1.8238443933370831,0.88
DES_ETA,2,3,10.1016/j.molliq.2021.118393,38,naive,23,38,0.608515570085157,0.6052631578947368
DES_ETA,2,3,10.1021/acs.jced.7b00184,14,anchor,110,110,1.4853544590118204,1.0
DES_ETA,2,3,10.1021/acs.jced.7b00184,14,aware,14,14,1.8238443933370831,1.0
DES_ETA,2,3,10.1021/acs.jced.7b00184,14,aware_on_anchor_rows,110,110,1.8238443933370831,1.0
DES_ETA,2,3,10.1021/acs.jced.7b00184,14,explore_offset_q_aware,110,110,1.8238443933370831,1.0
DES_ETA,2,3,10.1021/acs.jced.7b00184,14,naive,14,14,0.608515570085157,1.0
DES_ETA,2,3,10.1021/acs.jced.9b00247,1,aware,1,1,1.8238443933370831,1.0
DES_ETA,2,3,10.1021/acs.jced.9b00247,1,naive,1,1,0.608515570085157,1.0
DES_ETA,2,3,10.1021/acs.jced.9b00249,1,aware,1,1,1.8238443933370831,1.0
DES_ETA,2,3,10.1021/acs.jced.9b00249,1,naive,1,1,0.608515570085157,1.0
DES_ETA,2,3,10.1021/acssuschemeng.0c04215,7,aware,6,7,1.8238443933370831,0.8571428571428571
DES_ETA,2,3,10.1021/acssuschemeng.0c04215,7,naive,5,7,0.608515570085157,0.7142857142857143
DES_ETA,2,3,10.1021/sc500439w,62,anchor,570,590,1.4853544590118204,0.9661016949152542
DES_ETA,2,3,10.1021/sc500439w,62,aware,61,62,1.8238443933370831,0.9838709677419355
DES_ETA,2,3,10.1021/sc500439w,62,aware_on_anchor_rows,580,590,1.8238443933370831,0.9830508474576272
DES_ETA,2,3,10.1021/sc500439w,62,explore_offset_q_aware,577,590,1.8238443933370831,0.9779661016949153
DES_ETA,2,3,10.1021/sc500439w,62,naive,51,62,0.608515570085157,0.8225806451612904
DES_ETA,2,3,10.1039/c6cc06105b,21,anchor,180,180,1.4853544590118204,1.0
DES_ETA,2,3,10.1039/c6cc06105b,21,aware,21,21,1.8238443933370831,1.0
DES_ETA,2,3,10.1039/c6cc06105b,21,aware_on_anchor_rows,180,180,1.8238443933370831,1.0
DES_ETA,2,3,10.1039/c6cc06105b,21,explore_offset_q_aware,180,180,1.8238443933370831,1.0
DES_ETA,2,3,10.1039/c6cc06105b,21,naive,21,21,0.608515570085157,1.0
DES_ETA,2,3,10.1039/d0cp01431a,27,anchor,192,240,1.4853544590118204,0.8
DES_ETA,2,3,10.1039/d0cp01431a,27,aware,25,27,1.8238443933370831,0.9259259259259259
DES_ETA,2,3,10.1039/d0cp01431a,27,aware_on_anchor_rows,224,240,1.8238443933370831,0.9333333333333333
DES_ETA,2,3,10.1039/d0cp01431a,27,explore_offset_q_aware,218,240,1.8238443933370831,0.9083333333333333
DES_ETA,2,3,10.1039/d0cp01431a,27,naive,12,27,0.608515570085157,0.4444444444444444
DES_ETA,2,3,10.3390/molecules26144208,286,anchor,2824,2830,1.4853544590118204,0.9978798586572438
DES_ETA,2,3,10.3390/molecules26144208,286,aware,286,286,1.8238443933370831,1.0
DES_ETA,2,3,10.3390/molecules26144208,286,aware_on_anchor_rows,2830,2830,1.8238443933370831,1.0
DES_ETA,2,3,10.3390/molecules26144208,286,explore_offset_q_aware,2830,2830,1.8238443933370831,1.0
DES_ETA,2,3,10.3390/molecules26144208,286,naive,265,286,0.608515570085157,0.9265734265734266
DES_ETA,2,4,10.1002/apj.1873,272,anchor,2463,2690,1.5547456385684433,0.9156133828996282
DES_ETA,2,4,10.1002/apj.1873,272,aware,252,272,1.799276638949927,0.9264705882352942
DES_ETA,2,4,10.1002/apj.1873,272,aware_on_anchor_rows,2492,2690,1.799276638949927,0.9263940520446097
DES_ETA,2,4,10.1002/apj.1873,272,explore_offset_q_aware,2501,2690,1.799276638949927,0.9297397769516729
DES_ETA,2,4,10.1002/apj.1873,272,naive,227,272,0.6241585305442168,0.8345588235294118
DES_ETA,2,4,10.1016/j.molliq.2020.113761,18,anchor,108,150,1.5547456385684433,0.72
DES_ETA,2,4,10.1016/j.molliq.2020.113761,18,aware,17,18,1.799276638949927,0.9444444444444444
DES_ETA,2,4,10.1016/j.molliq.2020.113761,18,aware_on_anchor_rows,140,150,1.799276638949927,0.9333333333333333
DES_ETA,2,4,10.1016/j.molliq.2020.113761,18,explore_offset_q_aware,118,150,1.799276638949927,0.7866666666666666
DES_ETA,2,4,10.1016/j.molliq.2020.113761,18,naive,7,18,0.6241585305442168,0.3888888888888889
DES_ETA,2,4,10.1016/j.molliq.2023.121216,30,anchor,270,270,1.5547456385684433,1.0
DES_ETA,2,4,10.1016/j.molliq.2023.121216,30,aware,30,30,1.799276638949927,1.0
DES_ETA,2,4,10.1016/j.molliq.2023.121216,30,aware_on_anchor_rows,270,270,1.799276638949927,1.0
DES_ETA,2,4,10.1016/j.molliq.2023.121216,30,explore_offset_q_aware,270,270,1.799276638949927,1.0
DES_ETA,2,4,10.1016/j.molliq.2023.121216,30,naive,28,30,0.6241585305442168,0.9333333333333333
DES_ETA,2,4,10.1016/j.talanta.2022.124243,10,anchor,70,70,1.5547456385684433,1.0
DES_ETA,2,4,10.1016/j.talanta.2022.124243,10,aware,10,10,1.799276638949927,1.0
DES_ETA,2,4,10.1016/j.talanta.2022.124243,10,aware_on_anchor_rows,70,70,1.799276638949927,1.0
DES_ETA,2,4,10.1016/j.talanta.2022.124243,10,explore_offset_q_aware,70,70,1.799276638949927,1.0
DES_ETA,2,4,10.1016/j.talanta.2022.124243,10,naive,8,10,0.6241585305442168,0.8
DES_ETA,2,4,10.1021/acs.jced.0c00386,40,anchor,370,370,1.5547456385684433,1.0
DES_ETA,2,4,10.1021/acs.jced.0c00386,40,aware,40,40,1.799276638949927,1.0
DES_ETA,2,4,10.1021/acs.jced.0c00386,40,aware_on_anchor_rows,370,370,1.799276638949927,1.0
DES_ETA,2,4,10.1021/acs.jced.0c00386,40,explore_offset_q_aware,370,370,1.799276638949927,1.0
DES_ETA,2,4,10.1021/acs.jced.0c00386,40,naive,40,40,0.6241585305442168,1.0
DES_ETA,2,4,10.1021/acs.jced.6b00680,65,anchor,586,620,1.5547456385684433,0.9451612903225807
DES_ETA,2,4,10.1021/acs.jced.6b00680,65,aware,61,65,1.799276638949927,0.9384615384615385
DES_ETA,2,4,10.1021/acs.jced.6b00680,65,aware_on_anchor_rows,583,620,1.799276638949927,0.9403225806451613
DES_ETA,2,4,10.1021/acs.jced.6b00680,65,explore_offset_q_aware,605,620,1.799276638949927,0.9758064516129032
DES_ETA,2,4,10.1021/acs.jced.6b00680,65,naive,41,65,0.6241585305442168,0.6307692307692307
DES_ETA,2,4,10.1021/acs.jced.9b00256,1,aware,1,1,1.799276638949927,1.0
DES_ETA,2,4,10.1021/acs.jced.9b00256,1,naive,1,1,0.6241585305442168,1.0
DES_ETA,2,4,10.1021/acs.jpcb.0c03876,3,aware,2,3,1.799276638949927,0.6666666666666666
DES_ETA,2,4,10.1021/acs.jpcb.0c03876,3,naive,2,3,0.6241585305442168,0.6666666666666666
DES_ETA,2,4,10.1021/acssuschemeng.8b04843,14,anchor,110,110,1.5547456385684433,1.0
DES_ETA,2,4,10.1021/acssuschemeng.8b04843,14,aware,14,14,1.799276638949927,1.0
DES_ETA,2,4,10.1021/acssuschemeng.8b04843,14,aware_on_anchor_rows,110,110,1.799276638949927,1.0
DES_ETA,2,4,10.1021/acssuschemeng.8b04843,14,explore_offset_q_aware,110,110,1.799276638949927,1.0
DES_ETA,2,4,10.1021/acssuschemeng.8b04843,14,naive,14,14,0.6241585305442168,1.0
DES_ETA,2,4,10.1021/acssuschemeng.9b02845,24,anchor,210,210,1.5547456385684433,1.0
DES_ETA,2,4,10.1021/acssuschemeng.9b02845,24,aware,24,24,1.799276638949927,1.0
DES_ETA,2,4,10.1021/acssuschemeng.9b02845,24,aware_on_anchor_rows,210,210,1.799276638949927,1.0
DES_ETA,2,4,10.1021/acssuschemeng.9b02845,24,explore_offset_q_aware,210,210,1.799276638949927,1.0
DES_ETA,2,4,10.1021/acssuschemeng.9b02845,24,naive,16,24,0.6241585305442168,0.6666666666666666
DES_ETA,2,4,10.1080/01496395.2016.1247864,4,aware,4,4,1.799276638949927,1.0
DES_ETA,2,4,10.1080/01496395.2016.1247864,4,naive,0,4,0.6241585305442168,0.0
DES_ETA,2,5,10.1016/j.cej.2020.125173,4,aware,4,4,1.7921576496379932,1.0
DES_ETA,2,5,10.1016/j.cej.2020.125173,4,naive,3,4,0.6180877520570824,0.75
DES_ETA,2,5,10.1016/j.fluid.2021.113290,90,anchor,870,870,1.4603557525564586,1.0
DES_ETA,2,5,10.1016/j.fluid.2021.113290,90,aware,90,90,1.7921576496379932,1.0
DES_ETA,2,5,10.1016/j.fluid.2021.113290,90,aware_on_anchor_rows,870,870,1.7921576496379932,1.0
DES_ETA,2,5,10.1016/j.fluid.2021.113290,90,explore_offset_q_aware,870,870,1.7921576496379932,1.0
DES_ETA,2,5,10.1016/j.fluid.2021.113290,90,naive,38,90,0.6180877520570824,0.4222222222222222
DES_ETA,2,5,10.1016/j.foodchem.2021.131930,63,anchor,600,600,1.4603557525564586,1.0
DES_ETA,2,5,10.1016/j.foodchem.2021.131930,63,aware,63,63,1.7921576496379932,1.0
DES_ETA,2,5,10.1016/j.foodchem.2021.131930,63,aware_on_anchor_rows,600,600,1.7921576496379932,1.0
DES_ETA,2,5,10.1016/j.foodchem.2021.131930,63,explore_offset_q_aware,600,600,1.7921576496379932,1.0
DES_ETA,2,5,10.1016/j.foodchem.2021.131930,63,naive,55,63,0.6180877520570824,0.873015873015873
DES_ETA,2,5,10.1016/j.jct.2022.106999,30,anchor,270,270,1.4603557525564586,1.0
DES_ETA,2,5,10.1016/j.jct.2022.106999,30,aware,30,30,1.7921576496379932,1.0
DES_ETA,2,5,10.1016/j.jct.2022.106999,30,aware_on_anchor_rows,270,270,1.7921576496379932,1.0
DES_ETA,2,5,10.1016/j.jct.2022.106999,30,explore_offset_q_aware,270,270,1.7921576496379932,1.0
DES_ETA,2,5,10.1016/j.jct.2022.106999,30,naive,22,30,0.6180877520570824,0.7333333333333333
DES_ETA,2,5,10.1016/j.molliq.2022.119392,9,anchor,34,60,1.4603557525564586,0.5666666666666667
DES_ETA,2,5,10.1016/j.molliq.2022.119392,9,aware,6,9,1.7921576496379932,0.6666666666666666
DES_ETA,2,5,10.1016/j.molliq.2022.119392,9,aware_on_anchor_rows,36,60,1.7921576496379932,0.6
DES_ETA,2,5,10.1016/j.molliq.2022.119392,9,explore_offset_q_aware,38,60,1.7921576496379932,0.6333333333333333
DES_ETA,2,5,10.1016/j.molliq.2022.119392,9,naive,3,9,0.6180877520570824,0.3333333333333333
DES_ETA,2,5,10.1016/j.molliq.2022.120000,14,anchor,46,110,1.4603557525564586,0.41818181818181815
DES_ETA,2,5,10.1016/j.molliq.2022.120000,14,aware,6,14,1.7921576496379932,0.42857142857142855
DES_ETA,2,5,10.1016/j.molliq.2022.120000,14,aware_on_anchor_rows,48,110,1.7921576496379932,0.43636363636363634
DES_ETA,2,5,10.1016/j.molliq.2022.120000,14,explore_offset_q_aware,59,110,1.7921576496379932,0.5363636363636364
DES_ETA,2,5,10.1016/j.molliq.2022.120000,14,naive,5,14,0.6180877520570824,0.35714285714285715
DES_ETA,2,5,10.1021/acs.jced.6b00486,23,anchor,93,200,1.4603557525564586,0.465
DES_ETA,2,5,10.1021/acs.jced.6b00486,23,aware,11,23,1.7921576496379932,0.4782608695652174
DES_ETA,2,5,10.1021/acs.jced.6b00486,23,aware_on_anchor_rows,95,200,1.7921576496379932,0.475
DES_ETA,2,5,10.1021/acs.jced.6b00486,23,explore_offset_q_aware,117,200,1.7921576496379932,0.585
DES_ETA,2,5,10.1021/acs.jced.6b00486,23,naive,9,23,0.6180877520570824,0.391304347826087
DES_ETA,2,5,10.1021/acs.jced.9b00252,1,aware,1,1,1.7921576496379932,1.0
DES_ETA,2,5,10.1021/acs.jced.9b00252,1,naive,1,1,0.6180877520570824,1.0
DES_ETA,2,5,10.1021/acs.jced.9b00254,1,aware,1,1,1.7921576496379932,1.0
DES_ETA,2,5,10.1021/acs.jced.9b00254,1,naive,1,1,0.6180877520570824,1.0
DES_ETA,2,5,10.1021/acssuschemeng.7b04235,39,anchor,360,360,1.4603557525564586,1.0
DES_ETA,2,5,10.1021/acssuschemeng.7b04235,39,aware,39,39,1.7921576496379932,1.0
DES_ETA,2,5,10.1021/acssuschemeng.7b04235,39,aware_on_anchor_rows,360,360,1.7921576496379932,1.0
DES_ETA,2,5,10.1021/acssuschemeng.7b04235,39,explore_offset_q_aware,360,360,1.7921576496379932,1.0
DES_ETA,2,5,10.1021/acssuschemeng.7b04235,39,naive,39,39,0.6180877520570824,1.0
DES_ETA,2,5,10.1021/acssuschemeng.8b01203,187,anchor,1840,1840,1.4603557525564586,1.0
DES_ETA,2,5,10.1021/acssuschemeng.8b01203,187,aware,187,187,1.7921576496379932,1.0
DES_ETA,2,5,10.1021/acssuschemeng.8b01203,187,aware_on_anchor_rows,1840,1840,1.7921576496379932,1.0
DES_ETA,2,5,10.1021/acssuschemeng.8b01203,187,explore_offset_q_aware,1840,1840,1.7921576496379932,1.0
DES_ETA,2,5,10.1021/acssuschemeng.8b01203,187,naive,150,187,0.6180877520570824,0.8021390374331551
DES_ETA,2,5,10.1021/acssuschemeng.8b03520,17,anchor,86,140,1.4603557525564586,0.6142857142857143
DES_ETA,2,5,10.1021/acssuschemeng.8b03520,17,aware,14,17,1.7921576496379932,0.8235294117647058
DES_ETA,2,5,10.1021/acssuschemeng.8b03520,17,aware_on_anchor_rows,114,140,1.7921576496379932,0.8142857142857143
DES_ETA,2,5,10.1021/acssuschemeng.8b03520,17,explore_offset_q_aware,97,140,1.7921576496379932,0.6928571428571428
DES_ETA,2,5,10.1021/acssuschemeng.8b03520,17,naive,10,17,0.6180877520570824,0.5882352941176471
DES_ETA,2,5,10.1039/d0gc00793e,3,aware,3,3,1.7921576496379932,1.0
DES_ETA,2,5,10.1039/d0gc00793e,3,naive,2,3,0.6180877520570824,0.6666666666666666
DES_ETA,2,6,10.1016/j.chroma.2018.07.070,12,anchor,90,90,1.4671629232075076,1.0
DES_ETA,2,6,10.1016/j.chroma.2018.07.070,12,aware,12,12,1.860017903335223,1.0
DES_ETA,2,6,10.1016/j.chroma.2018.07.070,12,aware_on_anchor_rows,90,90,1.860017903335223,1.0
DES_ETA,2,6,10.1016/j.chroma.2018.07.070,12,explore_offset_q_aware,90,90,1.860017903335223,1.0
DES_ETA,2,6,10.1016/j.chroma.2018.07.070,12,naive,12,12,0.6118958131473109,1.0
DES_ETA,2,6,10.1016/j.cjche.2020.07.004,19,anchor,116,160,1.4671629232075076,0.725
DES_ETA,2,6,10.1016/j.cjche.2020.07.004,19,aware,0,19,1.860017903335223,0.0
DES_ETA,2,6,10.1016/j.cjche.2020.07.004,19,aware_on_anchor_rows,0,160,1.860017903335223,0.0
DES_ETA,2,6,10.1016/j.cjche.2020.07.004,19,explore_offset_q_aware,129,160,1.860017903335223,0.80625
DES_ETA,2,6,10.1016/j.cjche.2020.07.004,19,naive,0,19,0.6118958131473109,0.0
DES_ETA,2,6,10.1016/j.foodchem.2022.133379,4,aware,4,4,1.860017903335223,1.0
DES_ETA,2,6,10.1016/j.foodchem.2022.133379,4,naive,2,4,0.6118958131473109,0.5
DES_ETA,2,6,10.1016/j.jct.2021.106713,66,anchor,607,630,1.4671629232075076,0.9634920634920635
DES_ETA,2,6,10.1016/j.jct.2021.106713,66,aware,64,66,1.860017903335223,0.9696969696969697
DES_ETA,2,6,10.1016/j.jct.2021.106713,66,aware_on_anchor_rows,613,630,1.860017903335223,0.973015873015873
DES_ETA,2,6,10.1016/j.jct.2021.106713,66,explore_offset_q_aware,630,630,1.860017903335223,1.0
DES_ETA,2,6,10.1016/j.jct.2021.106713,66,naive,29,66,0.6118958131473109,0.4393939393939394
DES_ETA,2,6,10.1016/j.jhazmat.2021.127972,25,anchor,220,220,1.4671629232075076,1.0
DES_ETA,2,6,10.1016/j.jhazmat.2021.127972,25,aware,25,25,1.860017903335223,1.0
DES_ETA,2,6,10.1016/j.jhazmat.2021.127972,25,aware_on_anchor_rows,220,220,1.860017903335223,1.0
DES_ETA,2,6,10.1016/j.jhazmat.2021.127972,25,explore_offset_q_aware,220,220,1.860017903335223,1.0
DES_ETA,2,6,10.1016/j.jhazmat.2021.127972,25,naive,19,25,0.6118958131473109,0.76
DES_ETA,2,6,10.1016/j.jhazmat.2022.129835,3,aware,3,3,1.860017903335223,1.0
DES_ETA,2,6,10.1016/j.jhazmat.2022.129835,3,naive,2,3,0.6118958131473109,0.6666666666666666
DES_ETA,2,6,10.1016/j.molliq.2016.02.062,48,anchor,425,450,1.4671629232075076,0.9444444444444444
DES_ETA,2,6,10.1016/j.molliq.2016.02.062,48,aware,45,48,1.860017903335223,0.9375
DES_ETA,2,6,10.1016/j.molliq.2016.02.062,48,aware_on_anchor_rows,422,450,1.860017903335223,0.9377777777777778
DES_ETA,2,6,10.1016/j.molliq.2016.02.062,48,explore_offset_q_aware,444,450,1.860017903335223,0.9866666666666667
DES_ETA,2,6,10.1016/j.molliq.2016.02.062,48,naive,20,48,0.6118958131473109,0.4166666666666667
DES_ETA,2,6,10.1016/j.molliq.2022.119396,90,anchor,869,870,1.4671629232075076,0.9988505747126437
DES_ETA,2,6,10.1016/j.molliq.2022.119396,90,aware,90,90,1.860017903335223,1.0
DES_ETA,2,6,10.1016/j.molliq.2022.119396,90,aware_on_anchor_rows,870,870,1.860017903335223,1.0
DES_ETA,2,6,10.1016/j.molliq.2022.119396,90,explore_offset_q_aware,870,870,1.860017903335223,1.0
DES_ETA,2,6,10.1016/j.molliq.2022.119396,90,naive,40,90,0.6118958131473109,0.4444444444444444
DES_ETA,2,6,10.1016/j.molliq.2022.120056,9,anchor,60,60,1.4671629232075076,1.0
DES_ETA,2,6,10.1016/j.molliq.2022.120056,9,aware,9,9,1.860017903335223,1.0
DES_ETA,2,6,10.1016/j.molliq.2022.120056,9,aware_on_anchor_rows,60,60,1.860017903335223,1.0
DES_ETA,2,6,10.1016/j.molliq.2022.120056,9,explore_offset_q_aware,60,60,1.860017903335223,1.0
DES_ETA,2,6,10.1016/j.molliq.2022.120056,9,naive,9,9,0.6118958131473109,1.0
DES_ETA,2,6,10.1016/j.seppur.2023.123281,15,anchor,120,120,1.4671629232075076,1.0
DES_ETA,2,6,10.1016/j.seppur.2023.123281,15,aware,15,15,1.860017903335223,1.0
DES_ETA,2,6,10.1016/j.seppur.2023.123281,15,aware_on_anchor_rows,120,120,1.860017903335223,1.0
DES_ETA,2,6,10.1016/j.seppur.2023.123281,15,explore_offset_q_aware,120,120,1.860017903335223,1.0
DES_ETA,2,6,10.1016/j.seppur.2023.123281,15,naive,5,15,0.6118958131473109,0.3333333333333333
DES_ETA,2,6,10.1021/acs.jced.0c00715,153,anchor,1500,1500,1.4671629232075076,1.0
DES_ETA,2,6,10.1021/acs.jced.0c00715,153,aware,153,153,1.860017903335223,1.0
DES_ETA,2,6,10.1021/acs.jced.0c00715,153,aware_on_anchor_rows,1500,1500,1.860017903335223,1.0
DES_ETA,2,6,10.1021/acs.jced.0c00715,153,explore_offset_q_aware,1500,1500,1.860017903335223,1.0
DES_ETA,2,6,10.1021/acs.jced.0c00715,153,naive,153,153,0.6118958131473109,1.0
DES_ETA,2,6,10.1021/acs.jced.9b00248,1,aware,1,1,1.860017903335223,1.0
DES_ETA,2,6,10.1021/acs.jced.9b00248,1,naive,1,1,0.6118958131473109,1.0
DES_ETA,2,6,10.1021/acs.jced.9b00255,1,aware,1,1,1.860017903335223,1.0
DES_ETA,2,6,10.1021/acs.jced.9b00255,1,naive,1,1,0.6118958131473109,1.0
DES_ETA,2,6,10.1021/je300997v,35,anchor,320,320,1.4671629232075076,1.0
DES_ETA,2,6,10.1021/je300997v,35,aware,35,35,1.860017903335223,1.0
DES_ETA,2,6,10.1021/je300997v,35,aware_on_anchor_rows,320,320,1.860017903335223,1.0
DES_ETA,2,6,10.1021/je300997v,35,explore_offset_q_aware,320,320,1.860017903335223,1.0
DES_ETA,2,6,10.1021/je300997v,35,naive,35,35,0.6118958131473109,1.0
DES_ETA,2,7,10.1016/j.arabjc.2021.103512,45,anchor,295,420,1.3486001067735758,0.7023809523809523
DES_ETA,2,7,10.1016/j.arabjc.2021.103512,45,aware,39,45,1.683842165240505,0.8666666666666667
DES_ETA,2,7,10.1016/j.arabjc.2021.103512,45,aware_on_anchor_rows,364,420,1.683842165240505,0.8666666666666667
DES_ETA,2,7,10.1016/j.arabjc.2021.103512,45,explore_offset_q_aware,341,420,1.683842165240505,0.8119047619047619
DES_ETA,2,7,10.1016/j.arabjc.2021.103512,45,naive,29,45,0.5980937142862857,0.6444444444444445
DES_ETA,2,7,10.1016/j.arabjc.2022.104469,11,anchor,66,80,1.3486001067735758,0.825
DES_ETA,2,7,10.1016/j.arabjc.2022.104469,11,aware,3,11,1.683842165240505,0.2727272727272727
DES_ETA,2,7,10.1016/j.arabjc.2022.104469,11,aware_on_anchor_rows,21,80,1.683842165240505,0.2625
DES_ETA,2,7,10.1016/j.arabjc.2022.104469,11,explore_offset_q_aware,71,80,1.683842165240505,0.8875
DES_ETA,2,7,10.1016/j.arabjc.2022.104469,11,naive,1,11,0.5980937142862857,0.09090909090909091
DES_ETA,2,7,10.1016/j.foodchem.2018.09.048,6,aware,6,6,1.683842165240505,1.0
DES_ETA,2,7,10.1016/j.foodchem.2018.09.048,6,naive,5,6,0.5980937142862857,0.8333333333333334
DES_ETA,2,7,10.1016/j.foodchem.2019.125752,8,anchor,47,50,1.3486001067735758,0.94
DES_ETA,2,7,10.1016/j.foodchem.2019.125752,8,aware,8,8,1.683842165240505,1.0
DES_ETA,2,7,10.1016/j.foodchem.2019.125752,8,aware_on_anchor_rows,50,50,1.683842165240505,1.0
DES_ETA,2,7,10.1016/j.foodchem.2019.125752,8,explore_offset_q_aware,50,50,1.683842165240505,1.0
DES_ETA,2,7,10.1016/j.foodchem.2019.125752,8,naive,6,8,0.5980937142862857,0.75
DES_ETA,2,7,10.1016/j.molliq.2016.07.039,35,anchor,270,320,1.3486001067735758,0.84375
DES_ETA,2,7,10.1016/j.molliq.2016.07.039,35,aware,33,35,1.683842165240505,0.9428571428571428
DES_ETA,2,7,10.1016/j.molliq.2016.07.039,35,aware_on_anchor_rows,301,320,1.683842165240505,0.940625
DES_ETA,2,7,10.1016/j.molliq.2016.07.039,35,explore_offset_q_aware,273,320,1.683842165240505,0.853125
DES_ETA,2,7,10.1016/j.molliq.2016.07.039,35,naive,18,35,0.5980937142862857,0.5142857142857142
DES_ETA,2,7,10.1016/j.molliq.2016.10.115,90,anchor,870,870,1.3486001067735758,1.0
DES_ETA,2,7,10.1016/j.molliq.2016.10.115,90,aware,90,90,1.683842165240505,1.0
DES_ETA,2,7,10.1016/j.molliq.2016.10.115,90,aware_on_anchor_rows,870,870,1.683842165240505,1.0
DES_ETA,2,7,10.1016/j.molliq.2016.10.115,90,explore_offset_q_aware,870,870,1.683842165240505,1.0
DES_ETA,2,7,10.1016/j.molliq.2016.10.115,90,naive,37,90,0.5980937142862857,0.4111111111111111
DES_ETA,2,7,10.1016/j.molliq.2017.06.024,130,anchor,1270,1270,1.3486001067735758,1.0
DES_ETA,2,7,10.1016/j.molliq.2017.06.024,130,aware,130,130,1.683842165240505,1.0
DES_ETA,2,7,10.1016/j.molliq.2017.06.024,130,aware_on_anchor_rows,1270,1270,1.683842165240505,1.0
DES_ETA,2,7,10.1016/j.molliq.2017.06.024,130,explore_offset_q_aware,1270,1270,1.683842165240505,1.0
DES_ETA,2,7,10.1016/j.molliq.2017.06.024,130,naive,120,130,0.5980937142862857,0.9230769230769231
DES_ETA,2,7,10.1016/j.molliq.2022.120521,3,aware,0,3,1.683842165240505,0.0
DES_ETA,2,7,10.1016/j.molliq.2022.120521,3,naive,0,3,0.5980937142862857,0.0
DES_ETA,2,7,10.1016/j.molliq.2022.120660,15,anchor,111,120,1.3486001067735758,0.925
DES_ETA,2,7,10.1016/j.molliq.2022.120660,15,aware,14,15,1.683842165240505,0.9333333333333333
DES_ETA,2,7,10.1016/j.molliq.2022.120660,15,aware_on_anchor_rows,110,120,1.683842165240505,0.9166666666666666
DES_ETA,2,7,10.1016/j.molliq.2022.120660,15,explore_offset_q_aware,118,120,1.683842165240505,0.9833333333333333
DES_ETA,2,7,10.1016/j.molliq.2022.120660,15,naive,4,15,0.5980937142862857,0.26666666666666666
DES_ETA,2,7,10.1021/acs.jced.7b01037,90,anchor,469,870,1.3486001067735758,0.539080459770115
DES_ETA,2,7,10.1021/acs.jced.7b01037,90,aware,42,90,1.683842165240505,0.4666666666666667
DES_ETA,2,7,10.1021/acs.jced.7b01037,90,aware_on_anchor_rows,407,870,1.683842165240505,0.46781609195402296
DES_ETA,2,7,10.1021/acs.jced.7b01037,90,explore_offset_q_aware,557,870,1.683842165240505,0.6402298850574712
DES_ETA,2,7,10.1021/acs.jced.7b01037,90,naive,10,90,0.5980937142862857,0.1111111111111111
DES_ETA,2,7,10.1021/acs.jced.9b00251,1,aware,1,1,1.683842165240505,1.0
DES_ETA,2,7,10.1021/acs.jced.9b00251,1,naive,0,1,0.5980937142862857,0.0
DES_ETA,2,7,10.1021/acssuschemeng.8b05072,26,anchor,223,230,1.3486001067735758,0.9695652173913043
DES_ETA,2,7,10.1021/acssuschemeng.8b05072,26,aware,25,26,1.683842165240505,0.9615384615384616
DES_ETA,2,7,10.1021/acssuschemeng.8b05072,26,aware_on_anchor_rows,220,230,1.683842165240505,0.9565217391304348
DES_ETA,2,7,10.1021/acssuschemeng.8b05072,26,explore_offset_q_aware,229,230,1.683842165240505,0.9956521739130435
DES_ETA,2,7,10.1021/acssuschemeng.8b05072,26,naive,21,26,0.5980937142862857,0.8076923076923077
DES_ETA,2,7,10.1021/acssuschemeng.9b03245,21,anchor,176,180,1.3486001067735758,0.9777777777777777
DES_ETA,2,7,10.1021/acssuschemeng.9b03245,21,aware,18,21,1.683842165240505,0.8571428571428571
DES_ETA,2,7,10.1021/acssuschemeng.9b03245,21,aware_on_anchor_rows,153,180,1.683842165240505,0.85
DES_ETA,2,7,10.1021/acssuschemeng.9b03245,21,explore_offset_q_aware,180,180,1.683842165240505,1.0
DES_ETA,2,7,10.1021/acssuschemeng.9b03245,21,naive,8,21,0.5980937142862857,0.38095238095238093
DES_ETA,2,8,10.1002/cphc.200500489,6,aware,4,6,1.650280101280177,0.6666666666666666
DES_ETA,2,8,10.1002/cphc.200500489,6,naive,4,6,0.6024176345086518,0.6666666666666666
DES_ETA,2,8,10.1016/j.cep.2015.04.001,14,anchor,89,110,1.3511804930279157,0.8090909090909091
DES_ETA,2,8,10.1016/j.cep.2015.04.001,14,aware,10,14,1.650280101280177,0.7142857142857143
DES_ETA,2,8,10.1016/j.cep.2015.04.001,14,aware_on_anchor_rows,77,110,1.650280101280177,0.7
DES_ETA,2,8,10.1016/j.cep.2015.04.001,14,explore_offset_q_aware,104,110,1.650280101280177,0.9454545454545454
DES_ETA,2,8,10.1016/j.cep.2015.04.001,14,naive,2,14,0.6024176345086518,0.14285714285714285
DES_ETA,2,8,10.1016/j.ijggc.2016.02.006,7,aware,7,7,1.650280101280177,1.0
DES_ETA,2,8,10.1016/j.ijggc.2016.02.006,7,naive,4,7,0.6024176345086518,0.5714285714285714
DES_ETA,2,8,10.1016/j.jmgm.2022.108319,25,anchor,220,220,1.3511804930279157,1.0
DES_ETA,2,8,10.1016/j.jmgm.2022.108319,25,aware,25,25,1.650280101280177,1.0
DES_ETA,2,8,10.1016/j.jmgm.2022.108319,25,aware_on_anchor_rows,220,220,1.650280101280177,1.0
DES_ETA,2,8,10.1016/j.jmgm.2022.108319,25,explore_offset_q_aware,220,220,1.650280101280177,1.0
DES_ETA,2,8,10.1016/j.jmgm.2022.108319,25,naive,0,25,0.6024176345086518,0.0
DES_ETA,2,8,10.1016/j.molliq.2017.05.084,57,anchor,537,540,1.3511804930279157,0.9944444444444445
DES_ETA,2,8,10.1016/j.molliq.2017.05.084,57,aware,56,57,1.650280101280177,0.9824561403508771
DES_ETA,2,8,10.1016/j.molliq.2017.05.084,57,aware_on_anchor_rows,531,540,1.650280101280177,0.9833333333333333
DES_ETA,2,8,10.1016/j.molliq.2017.05.084,57,explore_offset_q_aware,540,540,1.650280101280177,1.0
DES_ETA,2,8,10.1016/j.molliq.2017.05.084,57,naive,34,57,0.6024176345086518,0.5964912280701754
DES_ETA,2,8,10.1016/j.molliq.2017.09.091,118,anchor,1150,1150,1.3511804930279157,1.0
DES_ETA,2,8,10.1016/j.molliq.2017.09.091,118,aware,79,118,1.650280101280177,0.6694915254237288
DES_ETA,2,8,10.1016/j.molliq.2017.09.091,118,aware_on_anchor_rows,766,1150,1.650280101280177,0.6660869565217391
DES_ETA,2,8,10.1016/j.molliq.2017.09.091,118,explore_offset_q_aware,1150,1150,1.650280101280177,1.0
DES_ETA,2,8,10.1016/j.molliq.2017.09.091,118,naive,0,118,0.6024176345086518,0.0
DES_ETA,2,8,10.1016/j.molliq.2023.121258,78,anchor,750,750,1.3511804930279157,1.0
DES_ETA,2,8,10.1016/j.molliq.2023.121258,78,aware,78,78,1.650280101280177,1.0
DES_ETA,2,8,10.1016/j.molliq.2023.121258,78,aware_on_anchor_rows,750,750,1.650280101280177,1.0
DES_ETA,2,8,10.1016/j.molliq.2023.121258,78,explore_offset_q_aware,750,750,1.650280101280177,1.0
DES_ETA,2,8,10.1016/j.molliq.2023.121258,78,naive,61,78,0.6024176345086518,0.782051282051282
DES_ETA,2,8,10.1021/acs.jced.9b00246,1,aware,1,1,1.650280101280177,1.0
DES_ETA,2,8,10.1021/acs.jced.9b00246,1,naive,1,1,0.6024176345086518,1.0
DES_ETA,2,8,10.1021/acs.jced.9b00257,1,aware,1,1,1.650280101280177,1.0
DES_ETA,2,8,10.1021/acs.jced.9b00257,1,naive,1,1,0.6024176345086518,1.0
DES_ETA,2,8,10.1021/acssuschemeng.1c01674,35,anchor,320,320,1.3511804930279157,1.0
DES_ETA,2,8,10.1021/acssuschemeng.1c01674,35,aware,35,35,1.650280101280177,1.0
DES_ETA,2,8,10.1021/acssuschemeng.1c01674,35,aware_on_anchor_rows,320,320,1.650280101280177,1.0
DES_ETA,2,8,10.1021/acssuschemeng.1c01674,35,explore_offset_q_aware,320,320,1.650280101280177,1.0
DES_ETA,2,8,10.1021/acssuschemeng.1c01674,35,naive,0,35,0.6024176345086518,0.0
DES_ETA,2,8,10.1021/acssuschemeng.5b00532,104,anchor,956,1010,1.3511804930279157,0.9465346534653465
DES_ETA,2,8,10.1021/acssuschemeng.5b00532,104,aware,104,104,1.650280101280177,1.0
DES_ETA,2,8,10.1021/acssuschemeng.5b00532,104,aware_on_anchor_rows,1010,1010,1.650280101280177,1.0
DES_ETA,2,8,10.1021/acssuschemeng.5b00532,104,explore_offset_q_aware,996,1010,1.650280101280177,0.9861386138613861
DES_ETA,2,8,10.1021/acssuschemeng.5b00532,104,naive,35,104,0.6024176345086518,0.33653846153846156
DES_ETA,2,8,10.1021/acssuschemeng.5b00619,15,anchor,98,120,1.3511804930279157,0.8166666666666667
DES_ETA,2,8,10.1021/acssuschemeng.5b00619,15,aware,14,15,1.650280101280177,0.9333333333333333
DES_ETA,2,8,10.1021/acssuschemeng.5b00619,15,aware_on_anchor_rows,110,120,1.650280101280177,0.9166666666666666
DES_ETA,2,8,10.1021/acssuschemeng.5b00619,15,explore_offset_q_aware,109,120,1.650280101280177,0.9083333333333333
DES_ETA,2,8,10.1021/acssuschemeng.5b00619,15,naive,5,15,0.6024176345086518,0.3333333333333333
DES_ETA,2,8,10.1021/acssuschemeng.8b05548,2,aware,2,2,1.650280101280177,1.0
DES_ETA,2,8,10.1021/acssuschemeng.8b05548,2,naive,2,2,0.6024176345086518,1.0
DES_ETA,2,8,10.1039/c1ra00630d,18,anchor,86,150,1.3511804930279157,0.5733333333333334
DES_ETA,2,8,10.1039/c1ra00630d,18,aware,15,18,1.650280101280177,0.8333333333333334
DES_ETA,2,8,10.1039/c1ra00630d,18,aware_on_anchor_rows,131,150,1.650280101280177,0.8733333333333333
DES_ETA,2,8,10.1039/c1ra00630d,18,explore_offset_q_aware,99,150,1.650280101280177,0.66
DES_ETA,2,8,10.1039/c1ra00630d,18,naive,9,18,0.6024176345086518,0.5
DES_ETA,2,9,10.1007/978-3-030-25135-2_4,3,aware,1,3,1.522823195816664,0.3333333333333333
DES_ETA,2,9,10.1007/978-3-030-25135-2_4,3,naive,0,3,0.5490736071020641,0.0
DES_ETA,2,9,10.1016/j.cclet.2013.09.004,13,anchor,52,100,1.3300615402320586,0.52
DES_ETA,2,9,10.1016/j.cclet.2013.09.004,13,aware,7,13,1.522823195816664,0.5384615384615384
DES_ETA,2,9,10.1016/j.cclet.2013.09.004,13,aware_on_anchor_rows,52,100,1.522823195816664,0.52
DES_ETA,2,9,10.1016/j.cclet.2013.09.004,13,explore_offset_q_aware,61,100,1.522823195816664,0.61
DES_ETA,2,9,10.1016/j.cclet.2013.09.004,13,naive,4,13,0.5490736071020641,0.3076923076923077
DES_ETA,2,9,10.1016/j.fluid.2014.01.028,117,anchor,566,1140,1.3300615402320586,0.4964912280701754
DES_ETA,2,9,10.1016/j.fluid.2014.01.028,117,aware,51,117,1.522823195816664,0.4358974358974359
DES_ETA,2,9,10.1016/j.fluid.2014.01.028,117,aware_on_anchor_rows,498,1140,1.522823195816664,0.4368421052631579
DES_ETA,2,9,10.1016/j.fluid.2014.01.028,117,explore_offset_q_aware,643,1140,1.522823195816664,0.5640350877192982
DES_ETA,2,9,10.1016/j.fluid.2014.01.028,117,naive,28,117,0.5490736071020641,0.23931623931623933
DES_ETA,2,9,10.1016/j.jcou.2022.102217,112,anchor,700,1090,1.3300615402320586,0.6422018348623854
DES_ETA,2,9,10.1016/j.jcou.2022.102217,112,aware,5,112,1.522823195816664,0.044642857142857144
DES_ETA,2,9,10.1016/j.jcou.2022.102217,112,aware_on_anchor_rows,48,1090,1.522823195816664,0.044036697247706424
DES_ETA,2,9,10.1016/j.jcou.2022.102217,112,explore_offset_q_aware,771,1090,1.522823195816664,0.7073394495412844
DES_ETA,2,9,10.1016/j.jcou.2022.102217,112,naive,1,112,0.5490736071020641,0.008928571428571428
DES_ETA,2,9,10.1016/j.jiec.2022.04.015,35,anchor,228,320,1.3300615402320586,0.7125
DES_ETA,2,9,10.1016/j.jiec.2022.04.015,35,aware,28,35,1.522823195816664,0.8
DES_ETA,2,9,10.1016/j.jiec.2022.04.015,35,aware_on_anchor_rows,257,320,1.522823195816664,0.803125
DES_ETA,2,9,10.1016/j.jiec.2022.04.015,35,explore_offset_q_aware,261,320,1.522823195816664,0.815625
DES_ETA,2,9,10.1016/j.jiec.2022.04.015,35,naive,3,35,0.5490736071020641,0.08571428571428572
DES_ETA,2,9,10.1016/j.jobe.2021.103056,8,anchor,33,50,1.3300615402320586,0.66
DES_ETA,2,9,10.1016/j.jobe.2021.103056,8,aware,7,8,1.522823195816664,0.875
DES_ETA,2,9,10.1016/j.jobe.2021.103056,8,aware_on_anchor_rows,44,50,1.522823195816664,0.88
DES_ETA,2,9,10.1016/j.jobe.2021.103056,8,explore_offset_q_aware,38,50,1.522823195816664,0.76
DES_ETA,2,9,10.1016/j.jobe.2021.103056,8,naive,2,8,0.5490736071020641,0.25
DES_ETA,2,9,10.1016/j.jpha.2021.03.002,16,anchor,94,130,1.3300615402320586,0.7230769230769231
DES_ETA,2,9,10.1016/j.jpha.2021.03.002,16,aware,13,16,1.522823195816664,0.8125
DES_ETA,2,9,10.1016/j.jpha.2021.03.002,16,aware_on_anchor_rows,104,130,1.522823195816664,0.8
DES_ETA,2,9,10.1016/j.jpha.2021.03.002,16,explore_offset_q_aware,98,130,1.522823195816664,0.7538461538461538
DES_ETA,2,9,10.1016/j.jpha.2021.03.002,16,naive,8,16,0.5490736071020641,0.5
DES_ETA,2,9,10.1016/j.jtice.2015.12.020,48,anchor,426,450,1.3300615402320586,0.9466666666666667
DES_ETA,2,9,10.1016/j.jtice.2015.12.020,48,aware,46,48,1.522823195816664,0.9583333333333334
DES_ETA,2,9,10.1016/j.jtice.2015.12.020,48,aware_on_anchor_rows,431,450,1.522823195816664,0.9577777777777777
DES_ETA,2,9,10.1016/j.jtice.2015.12.020,48,explore_offset_q_aware,441,450,1.522823195816664,0.98
DES_ETA,2,9,10.1016/j.jtice.2015.12.020,48,naive,23,48,0.5490736071020641,0.4791666666666667
DES_ETA,2,9,10.1016/j.seppur.2020.116692,22,anchor,190,190,1.3300615402320586,1.0
DES_ETA,2,9,10.1016/j.seppur.2020.116692,22,aware,22,22,1.522823195816664,1.0
DES_ETA,2,9,10.1016/j.seppur.2020.116692,22,aware_on_anchor_rows,190,190,1.522823195816664,1.0
DES_ETA,2,9,10.1016/j.seppur.2020.116692,22,explore_offset_q_aware,190,190,1.522823195816664,1.0
DES_ETA,2,9,10.1016/j.seppur.2020.116692,22,naive,22,22,0.5490736071020641,1.0
DES_ETA,2,9,10.1021/acs.iecr.7b02478,28,anchor,74,250,1.3300615402320586,0.296
DES_ETA,2,9,10.1021/acs.iecr.7b02478,28,aware,14,28,1.522823195816664,0.5
DES_ETA,2,9,10.1021/acs.iecr.7b02478,28,aware_on_anchor_rows,120,250,1.522823195816664,0.48
DES_ETA,2,9,10.1021/acs.iecr.7b02478,28,explore_offset_q_aware,86,250,1.522823195816664,0.344
DES_ETA,2,9,10.1021/acs.iecr.7b02478,28,naive,7,28,0.5490736071020641,0.25
DES_ETA,2,9,10.1021/acs.jced.9b00258,1,aware,1,1,1.522823195816664,1.0
DES_ETA,2,9,10.1021/acs.jced.9b00258,1,naive,1,1,0.5490736071020641,1.0
DES_ETA,2,9,10.1021/je5001796,72,anchor,510,690,1.3300615402320586,0.7391304347826086
DES_ETA,2,9,10.1021/je5001796,72,aware,25,72,1.522823195816664,0.3472222222222222
DES_ETA,2,9,10.1021/je5001796,72,aware_on_anchor_rows,239,690,1.522823195816664,0.3463768115942029
DES_ETA,2,9,10.1021/je5001796,72,explore_offset_q_aware,553,690,1.522823195816664,0.8014492753623188
DES_ETA,2,9,10.1021/je5001796,72,naive,1,72,0.5490736071020641,0.013888888888888888
DES_ETA,2,9,10.13140/rg.2.2.13424.10245,5,aware,0,5,1.522823195816664,0.0
DES_ETA,2,9,10.13140/rg.2.2.13424.10245,5,naive,0,5,0.5490736071020641,0.0
DES_ETA,3,0,http://pubs.acs.org/journal/acscii,1461,anchor,13234,14580,1.5501401824337475,0.907681755829904
DES_ETA,3,0,http://pubs.acs.org/journal/acscii,1461,aware,1414,1461,2.149219067428304,0.9678302532511978
DES_ETA,3,0,http://pubs.acs.org/journal/acscii,1461,aware_on_anchor_rows,14111,14580,2.149219067428304,0.967832647462277
DES_ETA,3,0,http://pubs.acs.org/journal/acscii,1461,explore_offset_q_aware,14051,14580,2.149219067428304,0.9637174211248285
DES_ETA,3,0,http://pubs.acs.org/journal/acscii,1461,naive,1014,1461,0.6405825839487937,0.6940451745379876
DES_ETA,3,1,10.1016/j.cej.2018.10.077,15,anchor,105,120,1.4475157712597784,0.875
DES_ETA,3,1,10.1016/j.cej.2018.10.077,15,aware,14,15,1.7834380543370911,0.9333333333333333
DES_ETA,3,1,10.1016/j.cej.2018.10.077,15,aware_on_anchor_rows,114,120,1.7834380543370911,0.95
DES_ETA,3,1,10.1016/j.cej.2018.10.077,15,explore_offset_q_aware,110,120,1.7834380543370911,0.9166666666666666
DES_ETA,3,1,10.1016/j.cej.2018.10.077,15,naive,12,15,0.6101337149524708,0.8
DES_ETA,3,1,10.1016/j.fluid.2019.01.025,28,anchor,235,250,1.4475157712597784,0.94
DES_ETA,3,1,10.1016/j.fluid.2019.01.025,28,aware,21,28,1.7834380543370911,0.75
DES_ETA,3,1,10.1016/j.fluid.2019.01.025,28,aware_on_anchor_rows,186,250,1.7834380543370911,0.744
DES_ETA,3,1,10.1016/j.fluid.2019.01.025,28,explore_offset_q_aware,250,250,1.7834380543370911,1.0
DES_ETA,3,1,10.1016/j.fluid.2019.01.025,28,naive,8,28,0.6101337149524708,0.2857142857142857
DES_ETA,3,1,10.1016/j.foodchem.2022.133379,4,aware,4,4,1.7834380543370911,1.0
DES_ETA,3,1,10.1016/j.foodchem.2022.133379,4,naive,2,4,0.6101337149524708,0.5
DES_ETA,3,1,10.1016/j.jclepro.2022.133589,1,aware,1,1,1.7834380543370911,1.0
DES_ETA,3,1,10.1016/j.jclepro.2022.133589,1,naive,1,1,0.6101337149524708,1.0
DES_ETA,3,1,10.1016/j.jct.2018.12.017,43,anchor,349,400,1.4475157712597784,0.8725
DES_ETA,3,1,10.1016/j.jct.2018.12.017,43,aware,36,43,1.7834380543370911,0.8372093023255814
DES_ETA,3,1,10.1016/j.jct.2018.12.017,43,aware_on_anchor_rows,335,400,1.7834380543370911,0.8375
DES_ETA,3,1,10.1016/j.jct.2018.12.017,43,explore_offset_q_aware,379,400,1.7834380543370911,0.9475
DES_ETA,3,1,10.1016/j.jct.2018.12.017,43,naive,25,43,0.6101337149524708,0.5813953488372093
DES_ETA,3,1,10.1016/j.molliq.2022.120420,337,anchor,3340,3340,1.4475157712597784,1.0
DES_ETA,3,1,10.1016/j.molliq.2022.120420,337,aware,337,337,1.7834380543370911,1.0
DES_ETA,3,1,10.1016/j.molliq.2022.120420,337,aware_on_anchor_rows,3340,3340,1.7834380543370911,1.0
DES_ETA,3,1,10.1016/j.molliq.2022.120420,337,explore_offset_q_aware,3340,3340,1.7834380543370911,1.0
DES_ETA,3,1,10.1016/j.molliq.2022.120420,337,naive,314,337,0.6101337149524708,0.9317507418397626
DES_ETA,3,1,10.1021/acs.jced.9b00246,1,aware,1,1,1.7834380543370911,1.0
DES_ETA,3,1,10.1021/acs.jced.9b00246,1,naive,1,1,0.6101337149524708,1.0
DES_ETA,3,1,10.1021/acssuschemeng.8b03520,17,anchor,96,140,1.4475157712597784,0.6857142857142857
DES_ETA,3,1,10.1021/acssuschemeng.8b03520,17,aware,14,17,1.7834380543370911,0.8235294117647058
DES_ETA,3,1,10.1021/acssuschemeng.8b03520,17,aware_on_anchor_rows,113,140,1.7834380543370911,0.8071428571428572
DES_ETA,3,1,10.1021/acssuschemeng.8b03520,17,explore_offset_q_aware,103,140,1.7834380543370911,0.7357142857142858
DES_ETA,3,1,10.1021/acssuschemeng.8b03520,17,naive,10,17,0.6101337149524708,0.5882352941176471
DES_ETA,3,1,10.1021/acssuschemeng.9b02845,24,anchor,210,210,1.4475157712597784,1.0
DES_ETA,3,1,10.1021/acssuschemeng.9b02845,24,aware,24,24,1.7834380543370911,1.0
DES_ETA,3,1,10.1021/acssuschemeng.9b02845,24,aware_on_anchor_rows,210,210,1.7834380543370911,1.0
DES_ETA,3,1,10.1021/acssuschemeng.9b02845,24,explore_offset_q_aware,210,210,1.7834380543370911,1.0
DES_ETA,3,1,10.1021/acssuschemeng.9b02845,24,naive,20,24,0.6101337149524708,0.8333333333333334
DES_ETA,3,1,10.1039/c2ra22990k,8,anchor,25,50,1.4475157712597784,0.5
DES_ETA,3,1,10.1039/c2ra22990k,8,aware,5,8,1.7834380543370911,0.625
DES_ETA,3,1,10.1039/c2ra22990k,8,aware_on_anchor_rows,31,50,1.7834380543370911,0.62
DES_ETA,3,1,10.1039/c2ra22990k,8,explore_offset_q_aware,28,50,1.7834380543370911,0.56
DES_ETA,3,1,10.1039/c2ra22990k,8,naive,4,8,0.6101337149524708,0.5
DES_ETA,3,1,10.1039/d0gc00793e,3,aware,3,3,1.7834380543370911,1.0
DES_ETA,3,1,10.1039/d0gc00793e,3,naive,2,3,0.6101337149524708,0.6666666666666666
DES_ETA,3,2,10.1002/chem.200400127,4,aware,4,4,1.856457140356623,1.0
DES_ETA,3,2,10.1002/chem.200400127,4,naive,1,4,0.5544182377230689,0.25
DES_ETA,3,2,10.1016/j.arabjc.2022.104469,11,anchor,65,80,1.3030291599175077,0.8125
DES_ETA,3,2,10.1016/j.arabjc.2022.104469,11,aware,5,11,1.856457140356623,0.45454545454545453
DES_ETA,3,2,10.1016/j.arabjc.2022.104469,11,aware_on_anchor_rows,36,80,1.856457140356623,0.45
DES_ETA,3,2,10.1016/j.arabjc.2022.104469,11,explore_offset_q_aware,72,80,1.856457140356623,0.9
DES_ETA,3,2,10.1016/j.arabjc.2022.104469,11,naive,1,11,0.5544182377230689,0.09090909090909091
DES_ETA,3,2,10.1016/j.jct.2013.05.041,20,anchor,170,170,1.3030291599175077,1.0
DES_ETA,3,2,10.1016/j.jct.2013.05.041,20,aware,20,20,1.856457140356623,1.0
DES_ETA,3,2,10.1016/j.jct.2013.05.041,20,aware_on_anchor_rows,170,170,1.856457140356623,1.0
DES_ETA,3,2,10.1016/j.jct.2013.05.041,20,explore_offset_q_aware,170,170,1.856457140356623,1.0
DES_ETA,3,2,10.1016/j.jct.2013.05.041,20,naive,18,20,0.5544182377230689,0.9
DES_ETA,3,2,10.1016/j.molliq.2022.120660,15,anchor,104,120,1.3030291599175077,0.8666666666666667
DES_ETA,3,2,10.1016/j.molliq.2022.120660,15,aware,12,15,1.856457140356623,0.8
DES_ETA,3,2,10.1016/j.molliq.2022.120660,15,aware_on_anchor_rows,96,120,1.856457140356623,0.8
DES_ETA,3,2,10.1016/j.molliq.2022.120660,15,explore_offset_q_aware,119,120,1.856457140356623,0.9916666666666667
DES_ETA,3,2,10.1016/j.molliq.2022.120660,15,naive,3,15,0.5544182377230689,0.2
DES_ETA,3,2,10.1016/j.seppur.2019.115703,43,anchor,400,400,1.3030291599175077,1.0
DES_ETA,3,2,10.1016/j.seppur.2019.115703,43,aware,43,43,1.856457140356623,1.0
DES_ETA,3,2,10.1016/j.seppur.2019.115703,43,aware_on_anchor_rows,400,400,1.856457140356623,1.0
DES_ETA,3,2,10.1016/j.seppur.2019.115703,43,explore_offset_q_aware,400,400,1.856457140356623,1.0
DES_ETA,3,2,10.1016/j.seppur.2019.115703,43,naive,43,43,0.5544182377230689,1.0
DES_ETA,3,2,10.1021/acs.jced.6b00563,11,anchor,80,80,1.3030291599175077,1.0
DES_ETA,3,2,10.1021/acs.jced.6b00563,11,aware,11,11,1.856457140356623,1.0
DES_ETA,3,2,10.1021/acs.jced.6b00563,11,aware_on_anchor_rows,80,80,1.856457140356623,1.0
DES_ETA,3,2,10.1021/acs.jced.6b00563,11,explore_offset_q_aware,80,80,1.856457140356623,1.0
DES_ETA,3,2,10.1021/acs.jced.6b00563,11,naive,8,11,0.5544182377230689,0.7272727272727273
DES_ETA,3,2,10.1021/acs.jced.9b00247,1,aware,1,1,1.856457140356623,1.0
DES_ETA,3,2,10.1021/acs.jced.9b00247,1,naive,1,1,0.5544182377230689,1.0
DES_ETA,3,2,10.1021/acs.jced.9b00253,1,aware,1,1,1.856457140356623,1.0
DES_ETA,3,2,10.1021/acs.jced.9b00253,1,naive,1,1,0.5544182377230689,1.0
DES_ETA,3,2,10.1021/acs.jced.9b00255,1,aware,1,1,1.856457140356623,1.0
DES_ETA,3,2,10.1021/acs.jced.9b00255,1,naive,1,1,0.5544182377230689,1.0
DES_ETA,3,2,10.1021/je100104v,32,anchor,240,290,1.3030291599175077,0.8275862068965517
DES_ETA,3,2,10.1021/je100104v,32,aware,30,32,1.856457140356623,0.9375
DES_ETA,3,2,10.1021/je100104v,32,aware_on_anchor_rows,272,290,1.856457140356623,0.9379310344827586
DES_ETA,3,2,10.1021/je100104v,32,explore_offset_q_aware,267,290,1.856457140356623,0.9206896551724137
DES_ETA,3,2,10.1021/je100104v,32,naive,20,32,0.5544182377230689,0.625
DES_ETA,3,2,10.1039/c6nj03140d,315,anchor,2080,3120,1.3030291599175077,0.6666666666666666
DES_ETA,3,2,10.1039/c6nj03140d,315,aware,290,315,1.856457140356623,0.9206349206349206
DES_ETA,3,2,10.1039/c6nj03140d,315,aware_on_anchor_rows,2876,3120,1.856457140356623,0.9217948717948717
DES_ETA,3,2,10.1039/c6nj03140d,315,explore_offset_q_aware,2601,3120,1.856457140356623,0.8336538461538462
DES_ETA,3,2,10.1039/c6nj03140d,315,naive,148,315,0.5544182377230689,0.46984126984126984
DES_ETA,3,2,10.1039/d0cp01431a,27,anchor,175,240,1.3030291599175077,0.7291666666666666
DES_ETA,3,2,10.1039/d0cp01431a,27,aware,24,27,1.856457140356623,0.8888888888888888
DES_ETA,3,2,10.1039/d0cp01431a,27,aware_on_anchor_rows,215,240,1.856457140356623,0.8958333333333334
DES_ETA,3,2,10.1039/d0cp01431a,27,explore_offset_q_aware,221,240,1.856457140356623,0.9208333333333333
DES_ETA,3,2,10.1039/d0cp01431a,27,naive,13,27,0.5544182377230689,0.48148148148148145
DES_ETA,3,3,10.1002/slct.201701223,16,anchor,83,130,1.516263188727383,0.6384615384615384
DES_ETA,3,3,10.1002/slct.201701223,16,aware,13,16,1.881438489900804,0.8125
DES_ETA,3,3,10.1002/slct.201701223,16,aware_on_anchor_rows,105,130,1.881438489900804,0.8076923076923077
DES_ETA,3,3,10.1002/slct.201701223,16,explore_offset_q_aware,96,130,1.881438489900804,0.7384615384615385
DES_ETA,3,3,10.1002/slct.201701223,16,naive,4,16,0.6219628444668626,0.25
DES_ETA,3,3,10.1016/j.crgsc.2022.100285,7,aware,7,7,1.881438489900804,1.0
DES_ETA,3,3,10.1016/j.crgsc.2022.100285,7,naive,5,7,0.6219628444668626,0.7142857142857143
DES_ETA,3,3,10.1016/j.ijggc.2016.02.006,7,aware,7,7,1.881438489900804,1.0
DES_ETA,3,3,10.1016/j.ijggc.2016.02.006,7,naive,5,7,0.6219628444668626,0.7142857142857143
DES_ETA,3,3,10.1016/j.molliq.2021.118393,38,anchor,292,350,1.516263188727383,0.8342857142857143
DES_ETA,3,3,10.1016/j.molliq.2021.118393,38,aware,34,38,1.881438489900804,0.8947368421052632
DES_ETA,3,3,10.1016/j.molliq.2021.118393,38,aware_on_anchor_rows,313,350,1.881438489900804,0.8942857142857142
DES_ETA,3,3,10.1016/j.molliq.2021.118393,38,explore_offset_q_aware,315,350,1.881438489900804,0.9
DES_ETA,3,3,10.1016/j.molliq.2021.118393,38,naive,23,38,0.6219628444668626,0.6052631578947368
DES_ETA,3,3,10.1016/j.molliq.2022.119560,27,anchor,240,240,1.516263188727383,1.0
DES_ETA,3,3,10.1016/j.molliq.2022.119560,27,aware,27,27,1.881438489900804,1.0
DES_ETA,3,3,10.1016/j.molliq.2022.119560,27,aware_on_anchor_rows,240,240,1.881438489900804,1.0
DES_ETA,3,3,10.1016/j.molliq.2022.119560,27,explore_offset_q_aware,240,240,1.881438489900804,1.0
DES_ETA,3,3,10.1016/j.molliq.2022.119560,27,naive,9,27,0.6219628444668626,0.3333333333333333
DES_ETA,3,3,10.1021/acs.jced.9b00248,1,aware,1,1,1.881438489900804,1.0
DES_ETA,3,3,10.1021/acs.jced.9b00248,1,naive,1,1,0.6219628444668626,1.0
DES_ETA,3,3,10.1021/acs.jced.9b00258,1,aware,1,1,1.881438489900804,1.0
DES_ETA,3,3,10.1021/acs.jced.9b00258,1,naive,1,1,0.6219628444668626,1.0
DES_ETA,3,3,10.1021/acs.jced.9b00259,1,aware,1,1,1.881438489900804,1.0
DES_ETA,3,3,10.1021/acs.jced.9b00259,1,naive,1,1,0.6219628444668626,1.0
DES_ETA,3,3,10.1021/acssuschemeng.8b04843,14,anchor,110,110,1.516263188727383,1.0
DES_ETA,3,3,10.1021/acssuschemeng.8b04843,14,aware,14,14,1.881438489900804,1.0
DES_ETA,3,3,10.1021/acssuschemeng.8b04843,14,aware_on_anchor_rows,110,110,1.881438489900804,1.0
DES_ETA,3,3,10.1021/acssuschemeng.8b04843,14,explore_offset_q_aware,110,110,1.881438489900804,1.0
DES_ETA,3,3,10.1021/acssuschemeng.8b04843,14,naive,10,14,0.6219628444668626,0.7142857142857143
DES_ETA,3,3,10.1021/sc500439w,62,anchor,565,590,1.516263188727383,0.9576271186440678
DES_ETA,3,3,10.1021/sc500439w,62,aware,61,62,1.881438489900804,0.9838709677419355
DES_ETA,3,3,10.1021/sc500439w,62,aware_on_anchor_rows,580,590,1.881438489900804,0.9830508474576272
DES_ETA,3,3,10.1021/sc500439w,62,explore_offset_q_aware,575,590,1.881438489900804,0.9745762711864406
DES_ETA,3,3,10.1021/sc500439w,62,naive,53,62,0.6219628444668626,0.8548387096774194
DES_ETA,3,3,10.1039/c6cc06105b,21,anchor,180,180,1.516263188727383,1.0
DES_ETA,3,3,10.1039/c6cc06105b,21,aware,21,21,1.881438489900804,1.0
DES_ETA,3,3,10.1039/c6cc06105b,21,aware_on_anchor_rows,180,180,1.881438489900804,1.0
DES_ETA,3,3,10.1039/c6cc06105b,21,explore_offset_q_aware,180,180,1.881438489900804,1.0
DES_ETA,3,3,10.1039/c6cc06105b,21,naive,21,21,0.6219628444668626,1.0
DES_ETA,3,3,10.3390/molecules26144208,286,anchor,2828,2830,1.516263188727383,0.9992932862190813
DES_ETA,3,3,10.3390/molecules26144208,286,aware,286,286,1.881438489900804,1.0
DES_ETA,3,3,10.3390/molecules26144208,286,aware_on_anchor_rows,2830,2830,1.881438489900804,1.0
DES_ETA,3,3,10.3390/molecules26144208,286,explore_offset_q_aware,2830,2830,1.881438489900804,1.0
DES_ETA,3,3,10.3390/molecules26144208,286,naive,266,286,0.6219628444668626,0.9300699300699301
DES_ETA,3,4,10.1002/apj.1873,272,anchor,2427,2690,1.5821789854945134,0.9022304832713754
DES_ETA,3,4,10.1002/apj.1873,272,aware,252,272,1.7715639635115203,0.9264705882352942
DES_ETA,3,4,10.1002/apj.1873,272,aware_on_anchor_rows,2496,2690,1.7715639635115203,0.9278810408921933
DES_ETA,3,4,10.1002/apj.1873,272,explore_offset_q_aware,2532,2690,1.7715639635115203,0.9412639405204462
DES_ETA,3,4,10.1002/apj.1873,272,naive,227,272,0.6142460240508789,0.8345588235294118
DES_ETA,3,4,10.1016/j.molliq.2012.11.025,4,aware,4,4,1.7715639635115203,1.0
DES_ETA,3,4,10.1016/j.molliq.2012.11.025,4,naive,0,4,0.6142460240508789,0.0
DES_ETA,3,4,10.1016/j.molliq.2020.113761,18,anchor,107,150,1.5821789854945134,0.7133333333333334
DES_ETA,3,4,10.1016/j.molliq.2020.113761,18,aware,16,18,1.7715639635115203,0.8888888888888888
DES_ETA,3,4,10.1016/j.molliq.2020.113761,18,aware_on_anchor_rows,135,150,1.7715639635115203,0.9
DES_ETA,3,4,10.1016/j.molliq.2020.113761,18,explore_offset_q_aware,118,150,1.7715639635115203,0.7866666666666666
DES_ETA,3,4,10.1016/j.molliq.2020.113761,18,naive,7,18,0.6142460240508789,0.3888888888888889
DES_ETA,3,4,10.1016/j.molliq.2023.121216,30,anchor,270,270,1.5821789854945134,1.0
DES_ETA,3,4,10.1016/j.molliq.2023.121216,30,aware,30,30,1.7715639635115203,1.0
DES_ETA,3,4,10.1016/j.molliq.2023.121216,30,aware_on_anchor_rows,270,270,1.7715639635115203,1.0
DES_ETA,3,4,10.1016/j.molliq.2023.121216,30,explore_offset_q_aware,270,270,1.7715639635115203,1.0
DES_ETA,3,4,10.1016/j.molliq.2023.121216,30,naive,28,30,0.6142460240508789,0.9333333333333333
DES_ETA,3,4,10.1016/j.talanta.2022.124243,10,anchor,70,70,1.5821789854945134,1.0
DES_ETA,3,4,10.1016/j.talanta.2022.124243,10,aware,10,10,1.7715639635115203,1.0
DES_ETA,3,4,10.1016/j.talanta.2022.124243,10,aware_on_anchor_rows,70,70,1.7715639635115203,1.0
DES_ETA,3,4,10.1016/j.talanta.2022.124243,10,explore_offset_q_aware,70,70,1.7715639635115203,1.0
DES_ETA,3,4,10.1016/j.talanta.2022.124243,10,naive,8,10,0.6142460240508789,0.8
DES_ETA,3,4,10.1016/j.tca.2012.04.030,24,anchor,189,210,1.5821789854945134,0.9
DES_ETA,3,4,10.1016/j.tca.2012.04.030,24,aware,21,24,1.7715639635115203,0.875
DES_ETA,3,4,10.1016/j.tca.2012.04.030,24,aware_on_anchor_rows,182,210,1.7715639635115203,0.8666666666666667
DES_ETA,3,4,10.1016/j.tca.2012.04.030,24,explore_offset_q_aware,195,210,1.7715639635115203,0.9285714285714286
DES_ETA,3,4,10.1016/j.tca.2012.04.030,24,naive,17,24,0.6142460240508789,0.7083333333333334
DES_ETA,3,4,10.1021/acs.jced.0c00386,40,anchor,370,370,1.5821789854945134,1.0
DES_ETA,3,4,10.1021/acs.jced.0c00386,40,aware,40,40,1.7715639635115203,1.0
DES_ETA,3,4,10.1021/acs.jced.0c00386,40,aware_on_anchor_rows,370,370,1.7715639635115203,1.0
DES_ETA,3,4,10.1021/acs.jced.0c00386,40,explore_offset_q_aware,370,370,1.7715639635115203,1.0
DES_ETA,3,4,10.1021/acs.jced.0c00386,40,naive,40,40,0.6142460240508789,1.0
DES_ETA,3,4,10.1021/acs.jced.6b00680,65,anchor,541,620,1.5821789854945134,0.8725806451612903
DES_ETA,3,4,10.1021/acs.jced.6b00680,65,aware,59,65,1.7715639635115203,0.9076923076923077
DES_ETA,3,4,10.1021/acs.jced.6b00680,65,aware_on_anchor_rows,563,620,1.7715639635115203,0.9080645161290323
DES_ETA,3,4,10.1021/acs.jced.6b00680,65,explore_offset_q_aware,571,620,1.7715639635115203,0.9209677419354839
DES_ETA,3,4,10.1021/acs.jced.6b00680,65,naive,38,65,0.6142460240508789,0.5846153846153846
DES_ETA,3,4,10.1021/acs.jced.7b00184,14,anchor,110,110,1.5821789854945134,1.0
DES_ETA,3,4,10.1021/acs.jced.7b00184,14,aware,14,14,1.7715639635115203,1.0
DES_ETA,3,4,10.1021/acs.jced.7b00184,14,aware_on_anchor_rows,110,110,1.7715639635115203,1.0
DES_ETA,3,4,10.1021/acs.jced.7b00184,14,explore_offset_q_aware,110,110,1.7715639635115203,1.0
DES_ETA,3,4,10.1021/acs.jced.7b00184,14,naive,14,14,0.6142460240508789,1.0
DES_ETA,3,4,10.1021/acs.jced.9b00251,1,aware,1,1,1.7715639635115203,1.0
DES_ETA,3,4,10.1021/acs.jced.9b00251,1,naive,0,1,0.6142460240508789,0.0
DES_ETA,3,4,10.1021/acs.jpcb.0c03876,3,aware,2,3,1.7715639635115203,0.6666666666666666
DES_ETA,3,4,10.1021/acs.jpcb.0c03876,3,naive,2,3,0.6142460240508789,0.6666666666666666
DES_ETA,3,5,10.1016/j.cep.2015.04.001,14,anchor,101,110,1.6390505160633952,0.9181818181818182
DES_ETA,3,5,10.1016/j.cep.2015.04.001,14,aware,10,14,1.8600126109899924,0.7142857142857143
DES_ETA,3,5,10.1016/j.cep.2015.04.001,14,aware_on_anchor_rows,81,110,1.8600126109899924,0.7363636363636363
DES_ETA,3,5,10.1016/j.cep.2015.04.001,14,explore_offset_q_aware,110,110,1.8600126109899924,1.0
DES_ETA,3,5,10.1016/j.cep.2015.04.001,14,naive,2,14,0.6123337818479975,0.14285714285714285
DES_ETA,3,5,10.1016/j.foodchem.2021.131930,63,anchor,600,600,1.6390505160633952,1.0
DES_ETA,3,5,10.1016/j.foodchem.2021.131930,63,aware,63,63,1.8600126109899924,1.0
DES_ETA,3,5,10.1016/j.foodchem.2021.131930,63,aware_on_anchor_rows,600,600,1.8600126109899924,1.0
DES_ETA,3,5,10.1016/j.foodchem.2021.131930,63,explore_offset_q_aware,600,600,1.8600126109899924,1.0
DES_ETA,3,5,10.1016/j.foodchem.2021.131930,63,naive,58,63,0.6123337818479975,0.9206349206349206
DES_ETA,3,5,10.1016/j.jct.2022.106999,30,anchor,270,270,1.6390505160633952,1.0
DES_ETA,3,5,10.1016/j.jct.2022.106999,30,aware,30,30,1.8600126109899924,1.0
DES_ETA,3,5,10.1016/j.jct.2022.106999,30,aware_on_anchor_rows,270,270,1.8600126109899924,1.0
DES_ETA,3,5,10.1016/j.jct.2022.106999,30,explore_offset_q_aware,270,270,1.8600126109899924,1.0
DES_ETA,3,5,10.1016/j.jct.2022.106999,30,naive,21,30,0.6123337818479975,0.7
DES_ETA,3,5,10.1016/j.molliq.2022.119396,90,anchor,870,870,1.6390505160633952,1.0
DES_ETA,3,5,10.1016/j.molliq.2022.119396,90,aware,90,90,1.8600126109899924,1.0
DES_ETA,3,5,10.1016/j.molliq.2022.119396,90,aware_on_anchor_rows,870,870,1.8600126109899924,1.0
DES_ETA,3,5,10.1016/j.molliq.2022.119396,90,explore_offset_q_aware,870,870,1.8600126109899924,1.0
DES_ETA,3,5,10.1016/j.molliq.2022.119396,90,naive,36,90,0.6123337818479975,0.4
DES_ETA,3,5,10.1016/j.molliq.2022.120056,9,anchor,60,60,1.6390505160633952,1.0
DES_ETA,3,5,10.1016/j.molliq.2022.120056,9,aware,9,9,1.8600126109899924,1.0
DES_ETA,3,5,10.1016/j.molliq.2022.120056,9,aware_on_anchor_rows,60,60,1.8600126109899924,1.0
DES_ETA,3,5,10.1016/j.molliq.2022.120056,9,explore_offset_q_aware,60,60,1.8600126109899924,1.0
DES_ETA,3,5,10.1016/j.molliq.2022.120056,9,naive,5,9,0.6123337818479975,0.5555555555555556
DES_ETA,3,5,10.1016/j.seppur.2020.117211,3,aware,3,3,1.8600126109899924,1.0
DES_ETA,3,5,10.1016/j.seppur.2020.117211,3,naive,3,3,0.6123337818479975,1.0
DES_ETA,3,5,10.1021/acs.jced.6b00486,23,anchor,103,200,1.6390505160633952,0.515
DES_ETA,3,5,10.1021/acs.jced.6b00486,23,aware,12,23,1.8600126109899924,0.5217391304347826
DES_ETA,3,5,10.1021/acs.jced.6b00486,23,aware_on_anchor_rows,101,200,1.8600126109899924,0.505
DES_ETA,3,5,10.1021/acs.jced.6b00486,23,explore_offset_q_aware,111,200,1.8600126109899924,0.555
DES_ETA,3,5,10.1021/acs.jced.6b00486,23,naive,8,23,0.6123337818479975,0.34782608695652173
DES_ETA,3,5,10.1021/acs.jced.9b00254,1,aware,1,1,1.8600126109899924,1.0
DES_ETA,3,5,10.1021/acs.jced.9b00254,1,naive,1,1,0.6123337818479975,1.0
DES_ETA,3,5,10.1021/acs.jced.9b00257,1,aware,1,1,1.8600126109899924,1.0
DES_ETA,3,5,10.1021/acs.jced.9b00257,1,naive,1,1,0.6123337818479975,1.0
DES_ETA,3,5,10.1021/acssuschemeng.7b04235,39,anchor,360,360,1.6390505160633952,1.0
DES_ETA,3,5,10.1021/acssuschemeng.7b04235,39,aware,39,39,1.8600126109899924,1.0
DES_ETA,3,5,10.1021/acssuschemeng.7b04235,39,aware_on_anchor_rows,360,360,1.8600126109899924,1.0
DES_ETA,3,5,10.1021/acssuschemeng.7b04235,39,explore_offset_q_aware,360,360,1.8600126109899924,1.0
DES_ETA,3,5,10.1021/acssuschemeng.7b04235,39,naive,39,39,0.6123337818479975,1.0
DES_ETA,3,5,10.1021/acssuschemeng.8b01203,187,anchor,1840,1840,1.6390505160633952,1.0
DES_ETA,3,5,10.1021/acssuschemeng.8b01203,187,aware,187,187,1.8600126109899924,1.0
DES_ETA,3,5,10.1021/acssuschemeng.8b01203,187,aware_on_anchor_rows,1840,1840,1.8600126109899924,1.0
DES_ETA,3,5,10.1021/acssuschemeng.8b01203,187,explore_offset_q_aware,1840,1840,1.8600126109899924,1.0
DES_ETA,3,5,10.1021/acssuschemeng.8b01203,187,naive,137,187,0.6123337818479975,0.732620320855615
DES_ETA,3,5,10.1021/acssuschemeng.8b02042,17,anchor,140,140,1.6390505160633952,1.0
DES_ETA,3,5,10.1021/acssuschemeng.8b02042,17,aware,17,17,1.8600126109899924,1.0
DES_ETA,3,5,10.1021/acssuschemeng.8b02042,17,aware_on_anchor_rows,140,140,1.8600126109899924,1.0
DES_ETA,3,5,10.1021/acssuschemeng.8b02042,17,explore_offset_q_aware,140,140,1.8600126109899924,1.0
DES_ETA,3,5,10.1021/acssuschemeng.8b02042,17,naive,3,17,0.6123337818479975,0.17647058823529413
DES_ETA,3,5,10.1080/01496395.2016.1247864,4,aware,4,4,1.8600126109899924,1.0
DES_ETA,3,5,10.1080/01496395.2016.1247864,4,naive,0,4,0.6123337818479975,0.0
DES_ETA,3,6,10.1016/j.cej.2020.125173,4,aware,4,4,1.807112618881055,1.0
DES_ETA,3,6,10.1016/j.cej.2020.125173,4,naive,3,4,0.58917984228989,0.75
DES_ETA,3,6,10.1016/j.chroma.2018.07.070,12,anchor,90,90,1.4710851775393303,1.0
DES_ETA,3,6,10.1016/j.chroma.2018.07.070,12,aware,12,12,1.807112618881055,1.0
DES_ETA,3,6,10.1016/j.chroma.2018.07.070,12,aware_on_anchor_rows,90,90,1.807112618881055,1.0
DES_ETA,3,6,10.1016/j.chroma.2018.07.070,12,explore_offset_q_aware,90,90,1.807112618881055,1.0
DES_ETA,3,6,10.1016/j.chroma.2018.07.070,12,naive,12,12,0.58917984228989,1.0
DES_ETA,3,6,10.1016/j.cjche.2020.07.004,19,anchor,118,160,1.4710851775393303,0.7375
DES_ETA,3,6,10.1016/j.cjche.2020.07.004,19,aware,0,19,1.807112618881055,0.0
DES_ETA,3,6,10.1016/j.cjche.2020.07.004,19,aware_on_anchor_rows,0,160,1.807112618881055,0.0
DES_ETA,3,6,10.1016/j.cjche.2020.07.004,19,explore_offset_q_aware,133,160,1.807112618881055,0.83125
DES_ETA,3,6,10.1016/j.cjche.2020.07.004,19,naive,0,19,0.58917984228989,0.0
DES_ETA,3,6,10.1016/j.jct.2021.106713,66,anchor,626,630,1.4710851775393303,0.9936507936507937
DES_ETA,3,6,10.1016/j.jct.2021.106713,66,aware,63,66,1.807112618881055,0.9545454545454546
DES_ETA,3,6,10.1016/j.jct.2021.106713,66,aware_on_anchor_rows,601,630,1.807112618881055,0.953968253968254
DES_ETA,3,6,10.1016/j.jct.2021.106713,66,explore_offset_q_aware,630,630,1.807112618881055,1.0
DES_ETA,3,6,10.1016/j.jct.2021.106713,66,naive,24,66,0.58917984228989,0.36363636363636365
DES_ETA,3,6,10.1016/j.jiec.2022.04.015,35,anchor,268,320,1.4710851775393303,0.8375
DES_ETA,3,6,10.1016/j.jiec.2022.04.015,35,aware,32,35,1.807112618881055,0.9142857142857143
DES_ETA,3,6,10.1016/j.jiec.2022.04.015,35,aware_on_anchor_rows,293,320,1.807112618881055,0.915625
DES_ETA,3,6,10.1016/j.jiec.2022.04.015,35,explore_offset_q_aware,277,320,1.807112618881055,0.865625
DES_ETA,3,6,10.1016/j.jiec.2022.04.015,35,naive,13,35,0.58917984228989,0.37142857142857144
DES_ETA,3,6,10.1016/j.jmgm.2022.108319,25,anchor,220,220,1.4710851775393303,1.0
DES_ETA,3,6,10.1016/j.jmgm.2022.108319,25,aware,25,25,1.807112618881055,1.0
DES_ETA,3,6,10.1016/j.jmgm.2022.108319,25,aware_on_anchor_rows,220,220,1.807112618881055,1.0
DES_ETA,3,6,10.1016/j.jmgm.2022.108319,25,explore_offset_q_aware,220,220,1.807112618881055,1.0
DES_ETA,3,6,10.1016/j.jmgm.2022.108319,25,naive,0,25,0.58917984228989,0.0
DES_ETA,3,6,10.1016/j.molliq.2016.02.062,48,anchor,432,450,1.4710851775393303,0.96
DES_ETA,3,6,10.1016/j.molliq.2016.02.062,48,aware,45,48,1.807112618881055,0.9375
DES_ETA,3,6,10.1016/j.molliq.2016.02.062,48,aware_on_anchor_rows,422,450,1.807112618881055,0.9377777777777778
DES_ETA,3,6,10.1016/j.molliq.2016.02.062,48,explore_offset_q_aware,445,450,1.807112618881055,0.9888888888888889
DES_ETA,3,6,10.1016/j.molliq.2016.02.062,48,naive,23,48,0.58917984228989,0.4791666666666667
DES_ETA,3,6,10.1016/j.molliq.2016.10.115,90,anchor,870,870,1.4710851775393303,1.0
DES_ETA,3,6,10.1016/j.molliq.2016.10.115,90,aware,90,90,1.807112618881055,1.0
DES_ETA,3,6,10.1016/j.molliq.2016.10.115,90,aware_on_anchor_rows,870,870,1.807112618881055,1.0
DES_ETA,3,6,10.1016/j.molliq.2016.10.115,90,explore_offset_q_aware,870,870,1.807112618881055,1.0
DES_ETA,3,6,10.1016/j.molliq.2016.10.115,90,naive,31,90,0.58917984228989,0.34444444444444444
DES_ETA,3,6,10.1016/j.molliq.2022.119392,9,anchor,38,60,1.4710851775393303,0.6333333333333333
DES_ETA,3,6,10.1016/j.molliq.2022.119392,9,aware,7,9,1.807112618881055,0.7777777777777778
DES_ETA,3,6,10.1016/j.molliq.2022.119392,9,aware_on_anchor_rows,48,60,1.807112618881055,0.8
DES_ETA,3,6,10.1016/j.molliq.2022.119392,9,explore_offset_q_aware,47,60,1.807112618881055,0.7833333333333333
DES_ETA,3,6,10.1016/j.molliq.2022.119392,9,naive,3,9,0.58917984228989,0.3333333333333333
DES_ETA,3,6,10.1016/j.molliq.2022.120521,3,aware,0,3,1.807112618881055,0.0
DES_ETA,3,6,10.1016/j.molliq.2022.120521,3,naive,0,3,0.58917984228989,0.0
DES_ETA,3,6,10.1021/acs.jced.0c00579,1,aware,1,1,1.807112618881055,1.0
DES_ETA,3,6,10.1021/acs.jced.0c00579,1,naive,0,1,0.58917984228989,0.0
DES_ETA,3,6,10.1021/acs.jced.0c00715,153,anchor,1500,1500,1.4710851775393303,1.0
DES_ETA,3,6,10.1021/acs.jced.0c00715,153,aware,153,153,1.807112618881055,1.0
DES_ETA,3,6,10.1021/acs.jced.0c00715,153,aware_on_anchor_rows,1500,1500,1.807112618881055,1.0
DES_ETA,3,6,10.1021/acs.jced.0c00715,153,explore_offset_q_aware,1500,1500,1.807112618881055,1.0
DES_ETA,3,6,10.1021/acs.jced.0c00715,153,naive,153,153,0.58917984228989,1.0
DES_ETA,3,6,10.1021/acs.jced.9b00252,1,aware,1,1,1.807112618881055,1.0
DES_ETA,3,6,10.1021/acs.jced.9b00252,1,naive,1,1,0.58917984228989,1.0
DES_ETA,3,6,10.1021/acssuschemeng.5b00619,15,anchor,103,120,1.4710851775393303,0.8583333333333333
DES_ETA,3,6,10.1021/acssuschemeng.5b00619,15,aware,14,15,1.807112618881055,0.9333333333333333
DES_ETA,3,6,10.1021/acssuschemeng.5b00619,15,aware_on_anchor_rows,113,120,1.807112618881055,0.9416666666666667
DES_ETA,3,6,10.1021/acssuschemeng.5b00619,15,explore_offset_q_aware,112,120,1.807112618881055,0.9333333333333333
DES_ETA,3,6,10.1021/acssuschemeng.5b00619,15,naive,8,15,0.58917984228989,0.5333333333333333
DES_ETA,3,7,10.1002/ceat.201600475,11,anchor,80,80,1.3353732899562207,1.0
DES_ETA,3,7,10.1002/ceat.201600475,11,aware,11,11,1.737586039871183,1.0
DES_ETA,3,7,10.1002/ceat.201600475,11,aware_on_anchor_rows,80,80,1.737586039871183,1.0
DES_ETA,3,7,10.1002/ceat.201600475,11,explore_offset_q_aware,80,80,1.737586039871183,1.0
DES_ETA,3,7,10.1002/ceat.201600475,11,naive,7,11,0.6024156718329143,0.6363636363636364
DES_ETA,3,7,10.1007/978-3-030-25135-2_4,3,aware,1,3,1.737586039871183,0.3333333333333333
DES_ETA,3,7,10.1007/978-3-030-25135-2_4,3,naive,0,3,0.6024156718329143,0.0
DES_ETA,3,7,10.1016/j.arabjc.2021.103512,45,anchor,354,420,1.3353732899562207,0.8428571428571429
DES_ETA,3,7,10.1016/j.arabjc.2021.103512,45,aware,41,45,1.737586039871183,0.9111111111111111
DES_ETA,3,7,10.1016/j.arabjc.2021.103512,45,aware_on_anchor_rows,382,420,1.737586039871183,0.9095238095238095
DES_ETA,3,7,10.1016/j.arabjc.2021.103512,45,explore_offset_q_aware,389,420,1.737586039871183,0.9261904761904762
DES_ETA,3,7,10.1016/j.arabjc.2021.103512,45,naive,23,45,0.6024156718329143,0.5111111111111111
DES_ETA,3,7,10.1016/j.fluid.2021.113290,90,anchor,869,870,1.3353732899562207,0.9988505747126437
DES_ETA,3,7,10.1016/j.fluid.2021.113290,90,aware,90,90,1.737586039871183,1.0
DES_ETA,3,7,10.1016/j.fluid.2021.113290,90,aware_on_anchor_rows,870,870,1.737586039871183,1.0
DES_ETA,3,7,10.1016/j.fluid.2021.113290,90,explore_offset_q_aware,870,870,1.737586039871183,1.0
DES_ETA,3,7,10.1016/j.fluid.2021.113290,90,naive,44,90,0.6024156718329143,0.4888888888888889
DES_ETA,3,7,10.1016/j.foodchem.2018.09.048,6,aware,6,6,1.737586039871183,1.0
DES_ETA,3,7,10.1016/j.foodchem.2018.09.048,6,naive,4,6,0.6024156718329143,0.6666666666666666
DES_ETA,3,7,10.1016/j.jobe.2021.103056,8,anchor,24,50,1.3353732899562207,0.48
DES_ETA,3,7,10.1016/j.jobe.2021.103056,8,aware,6,8,1.737586039871183,0.75
DES_ETA,3,7,10.1016/j.jobe.2021.103056,8,aware_on_anchor_rows,37,50,1.737586039871183,0.74
DES_ETA,3,7,10.1016/j.jobe.2021.103056,8,explore_offset_q_aware,37,50,1.737586039871183,0.74
DES_ETA,3,7,10.1016/j.jobe.2021.103056,8,naive,2,8,0.6024156718329143,0.25
DES_ETA,3,7,10.1016/j.molliq.2016.07.039,35,anchor,183,320,1.3353732899562207,0.571875
DES_ETA,3,7,10.1016/j.molliq.2016.07.039,35,aware,33,35,1.737586039871183,0.9428571428571428
DES_ETA,3,7,10.1016/j.molliq.2016.07.039,35,aware_on_anchor_rows,304,320,1.737586039871183,0.95
DES_ETA,3,7,10.1016/j.molliq.2016.07.039,35,explore_offset_q_aware,199,320,1.737586039871183,0.621875
DES_ETA,3,7,10.1016/j.molliq.2016.07.039,35,naive,18,35,0.6024156718329143,0.5142857142857142
DES_ETA,3,7,10.1016/j.molliq.2017.06.024,130,anchor,1270,1270,1.3353732899562207,1.0
DES_ETA,3,7,10.1016/j.molliq.2017.06.024,130,aware,130,130,1.737586039871183,1.0
DES_ETA,3,7,10.1016/j.molliq.2017.06.024,130,aware_on_anchor_rows,1270,1270,1.737586039871183,1.0
DES_ETA,3,7,10.1016/j.molliq.2017.06.024,130,explore_offset_q_aware,1270,1270,1.737586039871183,1.0
DES_ETA,3,7,10.1016/j.molliq.2017.06.024,130,naive,124,130,0.6024156718329143,0.9538461538461539
DES_ETA,3,7,10.1016/j.seppur.2023.123281,15,anchor,120,120,1.3353732899562207,1.0
DES_ETA,3,7,10.1016/j.seppur.2023.123281,15,aware,15,15,1.737586039871183,1.0
DES_ETA,3,7,10.1016/j.seppur.2023.123281,15,aware_on_anchor_rows,120,120,1.737586039871183,1.0
DES_ETA,3,7,10.1016/j.seppur.2023.123281,15,explore_offset_q_aware,120,120,1.737586039871183,1.0
DES_ETA,3,7,10.1016/j.seppur.2023.123281,15,naive,5,15,0.6024156718329143,0.3333333333333333
DES_ETA,3,7,10.1021/acs.jced.7b01037,90,anchor,523,870,1.3353732899562207,0.6011494252873564
DES_ETA,3,7,10.1021/acs.jced.7b01037,90,aware,40,90,1.737586039871183,0.4444444444444444
DES_ETA,3,7,10.1021/acs.jced.7b01037,90,aware_on_anchor_rows,389,870,1.737586039871183,0.4471264367816092
DES_ETA,3,7,10.1021/acs.jced.7b01037,90,explore_offset_q_aware,668,870,1.737586039871183,0.767816091954023
DES_ETA,3,7,10.1021/acs.jced.7b01037,90,naive,3,90,0.6024156718329143,0.03333333333333333
DES_ETA,3,7,10.1021/acs.jced.9b00256,1,aware,1,1,1.737586039871183,1.0
DES_ETA,3,7,10.1021/acs.jced.9b00256,1,naive,1,1,0.6024156718329143,1.0
DES_ETA,3,7,10.1021/acssuschemeng.8b05072,26,anchor,219,230,1.3353732899562207,0.9521739130434783
DES_ETA,3,7,10.1021/acssuschemeng.8b05072,26,aware,26,26,1.737586039871183,1.0
DES_ETA,3,7,10.1021/acssuschemeng.8b05072,26,aware_on_anchor_rows,230,230,1.737586039871183,1.0
DES_ETA,3,7,10.1021/acssuschemeng.8b05072,26,explore_offset_q_aware,226,230,1.737586039871183,0.9826086956521739
DES_ETA,3,7,10.1021/acssuschemeng.8b05072,26,naive,21,26,0.6024156718329143,0.8076923076923077
DES_ETA,3,7,10.1021/acssuschemeng.9b03245,21,anchor,174,180,1.3353732899562207,0.9666666666666667
DES_ETA,3,7,10.1021/acssuschemeng.9b03245,21,aware,19,21,1.737586039871183,0.9047619047619048
DES_ETA,3,7,10.1021/acssuschemeng.9b03245,21,aware_on_anchor_rows,163,180,1.737586039871183,0.9055555555555556
DES_ETA,3,7,10.1021/acssuschemeng.9b03245,21,explore_offset_q_aware,180,180,1.737586039871183,1.0
DES_ETA,3,7,10.1021/acssuschemeng.9b03245,21,naive,7,21,0.6024156718329143,0.3333333333333333
DES_ETA,3,8,10.1002/cphc.200500489,6,aware,4,6,1.6653049672373277,0.6666666666666666
DES_ETA,3,8,10.1002/cphc.200500489,6,naive,3,6,0.6009275747285785,0.5
DES_ETA,3,8,10.1016/j.jct.2019.105883,15,anchor,120,120,1.4630628207140022,1.0
DES_ETA,3,8,10.1016/j.jct.2019.105883,15,aware,15,15,1.6653049672373277,1.0
DES_ETA,3,8,10.1016/j.jct.2019.105883,15,aware_on_anchor_rows,120,120,1.6653049672373277,1.0
DES_ETA,3,8,10.1016/j.jct.2019.105883,15,explore_offset_q_aware,120,120,1.6653049672373277,1.0
DES_ETA,3,8,10.1016/j.jct.2019.105883,15,naive,14,15,0.6009275747285785,0.9333333333333333
DES_ETA,3,8,10.1016/j.jhazmat.2021.127972,25,anchor,220,220,1.4630628207140022,1.0
DES_ETA,3,8,10.1016/j.jhazmat.2021.127972,25,aware,25,25,1.6653049672373277,1.0
DES_ETA,3,8,10.1016/j.jhazmat.2021.127972,25,aware_on_anchor_rows,220,220,1.6653049672373277,1.0
DES_ETA,3,8,10.1016/j.jhazmat.2021.127972,25,explore_offset_q_aware,220,220,1.6653049672373277,1.0
DES_ETA,3,8,10.1016/j.jhazmat.2021.127972,25,naive,19,25,0.6009275747285785,0.76
DES_ETA,3,8,10.1016/j.molliq.2017.05.084,57,anchor,540,540,1.4630628207140022,1.0
DES_ETA,3,8,10.1016/j.molliq.2017.05.084,57,aware,55,57,1.6653049672373277,0.9649122807017544
DES_ETA,3,8,10.1016/j.molliq.2017.05.084,57,aware_on_anchor_rows,521,540,1.6653049672373277,0.9648148148148148
DES_ETA,3,8,10.1016/j.molliq.2017.05.084,57,explore_offset_q_aware,540,540,1.6653049672373277,1.0
DES_ETA,3,8,10.1016/j.molliq.2017.05.084,57,naive,28,57,0.6009275747285785,0.49122807017543857
DES_ETA,3,8,10.1016/j.molliq.2017.09.091,118,anchor,1150,1150,1.4630628207140022,1.0
DES_ETA,3,8,10.1016/j.molliq.2017.09.091,118,aware,77,118,1.6653049672373277,0.652542372881356
DES_ETA,3,8,10.1016/j.molliq.2017.09.091,118,aware_on_anchor_rows,755,1150,1.6653049672373277,0.6565217391304348
DES_ETA,3,8,10.1016/j.molliq.2017.09.091,118,explore_offset_q_aware,1150,1150,1.6653049672373277,1.0
DES_ETA,3,8,10.1016/j.molliq.2017.09.091,118,naive,0,118,0.6009275747285785,0.0
DES_ETA,3,8,10.1016/j.molliq.2022.120000,14,anchor,46,110,1.4630628207140022,0.41818181818181815
DES_ETA,3,8,10.1016/j.molliq.2022.120000,14,aware,6,14,1.6653049672373277,0.42857142857142855
DES_ETA,3,8,10.1016/j.molliq.2022.120000,14,aware_on_anchor_rows,49,110,1.6653049672373277,0.44545454545454544
DES_ETA,3,8,10.1016/j.molliq.2022.120000,14,explore_offset_q_aware,53,110,1.6653049672373277,0.4818181818181818
DES_ETA,3,8,10.1016/j.molliq.2022.120000,14,naive,4,14,0.6009275747285785,0.2857142857142857
DES_ETA,3,8,10.1016/j.molliq.2023.121258,78,anchor,750,750,1.4630628207140022,1.0
DES_ETA,3,8,10.1016/j.molliq.2023.121258,78,aware,78,78,1.6653049672373277,1.0
DES_ETA,3,8,10.1016/j.molliq.2023.121258,78,aware_on_anchor_rows,750,750,1.6653049672373277,1.0
DES_ETA,3,8,10.1016/j.molliq.2023.121258,78,explore_offset_q_aware,750,750,1.6653049672373277,1.0
DES_ETA,3,8,10.1016/j.molliq.2023.121258,78,naive,60,78,0.6009275747285785,0.7692307692307693
DES_ETA,3,8,10.1021/acs.jced.9b00249,1,aware,1,1,1.6653049672373277,1.0
DES_ETA,3,8,10.1021/acs.jced.9b00249,1,naive,1,1,0.6009275747285785,1.0
DES_ETA,3,8,10.1021/acs.jced.9b00260,1,aware,1,1,1.6653049672373277,1.0
DES_ETA,3,8,10.1021/acs.jced.9b00260,1,naive,1,1,0.6009275747285785,1.0
DES_ETA,3,8,10.1021/acssuschemeng.0c04215,7,aware,6,7,1.6653049672373277,0.8571428571428571
DES_ETA,3,8,10.1021/acssuschemeng.0c04215,7,naive,5,7,0.6009275747285785,0.7142857142857143
DES_ETA,3,8,10.1021/acssuschemeng.1c01674,35,anchor,320,320,1.4630628207140022,1.0
DES_ETA,3,8,10.1021/acssuschemeng.1c01674,35,aware,35,35,1.6653049672373277,1.0
DES_ETA,3,8,10.1021/acssuschemeng.1c01674,35,aware_on_anchor_rows,320,320,1.6653049672373277,1.0
DES_ETA,3,8,10.1021/acssuschemeng.1c01674,35,explore_offset_q_aware,320,320,1.6653049672373277,1.0
DES_ETA,3,8,10.1021/acssuschemeng.1c01674,35,naive,0,35,0.6009275747285785,0.0
DES_ETA,3,8,10.1021/acssuschemeng.5b00532,104,anchor,986,1010,1.4630628207140022,0.9762376237623762
DES_ETA,3,8,10.1021/acssuschemeng.5b00532,104,aware,104,104,1.6653049672373277,1.0
DES_ETA,3,8,10.1021/acssuschemeng.5b00532,104,aware_on_anchor_rows,1010,1010,1.6653049672373277,1.0
DES_ETA,3,8,10.1021/acssuschemeng.5b00532,104,explore_offset_q_aware,1000,1010,1.6653049672373277,0.9900990099009901
DES_ETA,3,8,10.1021/acssuschemeng.5b00532,104,naive,35,104,0.6009275747285785,0.33653846153846156
DES_ETA,3,8,10.1021/acssuschemeng.8b05548,2,aware,2,2,1.6653049672373277,1.0
DES_ETA,3,8,10.1021/acssuschemeng.8b05548,2,naive,2,2,0.6009275747285785,1.0
DES_ETA,3,8,10.1039/c1ra00630d,18,anchor,98,150,1.4630628207140022,0.6533333333333333
DES_ETA,3,8,10.1039/c1ra00630d,18,aware,15,18,1.6653049672373277,0.8333333333333334
DES_ETA,3,8,10.1039/c1ra00630d,18,aware_on_anchor_rows,125,150,1.6653049672373277,0.8333333333333334
DES_ETA,3,8,10.1039/c1ra00630d,18,explore_offset_q_aware,104,150,1.6653049672373277,0.6933333333333334
DES_ETA,3,8,10.1039/c1ra00630d,18,naive,8,18,0.6009275747285785,0.4444444444444444
DES_ETA,3,9,10.1016/j.cclet.2013.09.004,13,anchor,45,100,1.297244215112597,0.45
DES_ETA,3,9,10.1016/j.cclet.2013.09.004,13,aware,8,13,1.512770209094672,0.6153846153846154
DES_ETA,3,9,10.1016/j.cclet.2013.09.004,13,aware_on_anchor_rows,62,100,1.512770209094672,0.62
DES_ETA,3,9,10.1016/j.cclet.2013.09.004,13,explore_offset_q_aware,54,100,1.512770209094672,0.54
DES_ETA,3,9,10.1016/j.cclet.2013.09.004,13,naive,2,13,0.5558002551204533,0.15384615384615385
DES_ETA,3,9,10.1016/j.fluid.2014.01.028,117,anchor,659,1140,1.297244215112597,0.5780701754385965
DES_ETA,3,9,10.1016/j.fluid.2014.01.028,117,aware,56,117,1.512770209094672,0.47863247863247865
DES_ETA,3,9,10.1016/j.fluid.2014.01.028,117,aware_on_anchor_rows,544,1140,1.512770209094672,0.47719298245614034
DES_ETA,3,9,10.1016/j.fluid.2014.01.028,117,explore_offset_q_aware,754,1140,1.512770209094672,0.6614035087719298
DES_ETA,3,9,10.1016/j.fluid.2014.01.028,117,naive,33,117,0.5558002551204533,0.28205128205128205
DES_ETA,3,9,10.1016/j.foodchem.2019.125752,8,anchor,42,50,1.297244215112597,0.84
DES_ETA,3,9,10.1016/j.foodchem.2019.125752,8,aware,8,8,1.512770209094672,1.0
DES_ETA,3,9,10.1016/j.foodchem.2019.125752,8,aware_on_anchor_rows,50,50,1.512770209094672,1.0
DES_ETA,3,9,10.1016/j.foodchem.2019.125752,8,explore_offset_q_aware,47,50,1.512770209094672,0.94
DES_ETA,3,9,10.1016/j.foodchem.2019.125752,8,naive,6,8,0.5558002551204533,0.75
DES_ETA,3,9,10.1016/j.jcou.2022.102217,112,anchor,709,1090,1.297244215112597,0.6504587155963303
DES_ETA,3,9,10.1016/j.jcou.2022.102217,112,aware,5,112,1.512770209094672,0.044642857142857144
DES_ETA,3,9,10.1016/j.jcou.2022.102217,112,aware_on_anchor_rows,49,1090,1.512770209094672,0.044954128440366975
DES_ETA,3,9,10.1016/j.jcou.2022.102217,112,explore_offset_q_aware,784,1090,1.512770209094672,0.7192660550458716
DES_ETA,3,9,10.1016/j.jcou.2022.102217,112,naive,1,112,0.5558002551204533,0.008928571428571428
DES_ETA,3,9,10.1016/j.jhazmat.2022.129835,3,aware,3,3,1.512770209094672,1.0
DES_ETA,3,9,10.1016/j.jhazmat.2022.129835,3,naive,2,3,0.5558002551204533,0.6666666666666666
DES_ETA,3,9,10.1016/j.jpha.2021.03.002,16,anchor,84,130,1.297244215112597,0.6461538461538462
DES_ETA,3,9,10.1016/j.jpha.2021.03.002,16,aware,13,16,1.512770209094672,0.8125
DES_ETA,3,9,10.1016/j.jpha.2021.03.002,16,aware_on_anchor_rows,107,130,1.512770209094672,0.823076923076923
DES_ETA,3,9,10.1016/j.jpha.2021.03.002,16,explore_offset_q_aware,93,130,1.512770209094672,0.7153846153846154
DES_ETA,3,9,10.1016/j.jpha.2021.03.002,16,naive,9,16,0.5558002551204533,0.5625
DES_ETA,3,9,10.1016/j.jtice.2015.12.020,48,anchor,430,450,1.297244215112597,0.9555555555555556
DES_ETA,3,9,10.1016/j.jtice.2015.12.020,48,aware,46,48,1.512770209094672,0.9583333333333334
DES_ETA,3,9,10.1016/j.jtice.2015.12.020,48,aware_on_anchor_rows,431,450,1.512770209094672,0.9577777777777777
DES_ETA,3,9,10.1016/j.jtice.2015.12.020,48,explore_offset_q_aware,444,450,1.512770209094672,0.9866666666666667
DES_ETA,3,9,10.1016/j.jtice.2015.12.020,48,naive,23,48,0.5558002551204533,0.4791666666666667
DES_ETA,3,9,10.1016/j.seppur.2020.116692,22,anchor,190,190,1.297244215112597,1.0
DES_ETA,3,9,10.1016/j.seppur.2020.116692,22,aware,22,22,1.512770209094672,1.0
DES_ETA,3,9,10.1016/j.seppur.2020.116692,22,aware_on_anchor_rows,190,190,1.512770209094672,1.0
DES_ETA,3,9,10.1016/j.seppur.2020.116692,22,explore_offset_q_aware,190,190,1.512770209094672,1.0
DES_ETA,3,9,10.1016/j.seppur.2020.116692,22,naive,22,22,0.5558002551204533,1.0
DES_ETA,3,9,10.1021/acs.iecr.7b02478,28,anchor,72,250,1.297244215112597,0.288
DES_ETA,3,9,10.1021/acs.iecr.7b02478,28,aware,14,28,1.512770209094672,0.5
DES_ETA,3,9,10.1021/acs.iecr.7b02478,28,aware_on_anchor_rows,125,250,1.512770209094672,0.5
DES_ETA,3,9,10.1021/acs.iecr.7b02478,28,explore_offset_q_aware,84,250,1.512770209094672,0.336
DES_ETA,3,9,10.1021/acs.iecr.7b02478,28,naive,8,28,0.5558002551204533,0.2857142857142857
DES_ETA,3,9,10.1021/acs.jced.9b00250,1,aware,1,1,1.512770209094672,1.0
DES_ETA,3,9,10.1021/acs.jced.9b00250,1,naive,1,1,0.5558002551204533,1.0
DES_ETA,3,9,10.1021/je300997v,35,anchor,320,320,1.297244215112597,1.0
DES_ETA,3,9,10.1021/je300997v,35,aware,35,35,1.512770209094672,1.0
DES_ETA,3,9,10.1021/je300997v,35,aware_on_anchor_rows,320,320,1.512770209094672,1.0
DES_ETA,3,9,10.1021/je300997v,35,explore_offset_q_aware,320,320,1.512770209094672,1.0
DES_ETA,3,9,10.1021/je300997v,35,naive,35,35,0.5558002551204533,1.0
DES_ETA,3,9,10.1021/je5001796,72,anchor,614,690,1.297244215112597,0.8898550724637682
DES_ETA,3,9,10.1021/je5001796,72,aware,36,72,1.512770209094672,0.5
DES_ETA,3,9,10.1021/je5001796,72,aware_on_anchor_rows,351,690,1.512770209094672,0.508695652173913
DES_ETA,3,9,10.1021/je5001796,72,explore_offset_q_aware,645,690,1.512770209094672,0.9347826086956522
DES_ETA,3,9,10.1021/je5001796,72,naive,4,72,0.5558002551204533,0.05555555555555555
DES_ETA,3,9,10.13140/rg.2.2.13424.10245,5,aware,0,5,1.512770209094672,0.0
DES_ETA,3,9,10.13140/rg.2.2.13424.10245,5,naive,0,5,0.5558002551204533,0.0
DES_ETA,4,0,http://pubs.acs.org/journal/acscii,1461,anchor,13391,14580,1.6405026103218745,0.9184499314128943
DES_ETA,4,0,http://pubs.acs.org/journal/acscii,1461,aware,1412,1461,2.0757719727726154,0.9664613278576317
DES_ETA,4,0,http://pubs.acs.org/journal/acscii,1461,aware_on_anchor_rows,14090,14580,2.0757719727726154,0.96639231824417
DES_ETA,4,0,http://pubs.acs.org/journal/acscii,1461,explore_offset_q_aware,13938,14580,2.0757719727726154,0.9559670781893004
DES_ETA,4,0,http://pubs.acs.org/journal/acscii,1461,naive,1030,1461,0.6569767246664613,0.7049965776865161
DES_ETA,4,1,10.1016/j.fluid.2019.01.025,28,anchor,224,250,1.409825228163041,0.896
DES_ETA,4,1,10.1016/j.fluid.2019.01.025,28,aware,21,28,1.841440756630365,0.75
DES_ETA,4,1,10.1016/j.fluid.2019.01.025,28,aware_on_anchor_rows,190,250,1.841440756630365,0.76
DES_ETA,4,1,10.1016/j.fluid.2019.01.025,28,explore_offset_q_aware,249,250,1.841440756630365,0.996
DES_ETA,4,1,10.1016/j.fluid.2019.01.025,28,naive,7,28,0.6120166957993645,0.25
DES_ETA,4,1,10.1016/j.foodchem.2022.133379,4,aware,4,4,1.841440756630365,1.0
DES_ETA,4,1,10.1016/j.foodchem.2022.133379,4,naive,2,4,0.6120166957993645,0.5
DES_ETA,4,1,10.1016/j.jct.2018.12.017,43,anchor,343,400,1.409825228163041,0.8575
DES_ETA,4,1,10.1016/j.jct.2018.12.017,43,aware,39,43,1.841440756630365,0.9069767441860465
DES_ETA,4,1,10.1016/j.jct.2018.12.017,43,aware_on_anchor_rows,360,400,1.841440756630365,0.9
DES_ETA,4,1,10.1016/j.jct.2018.12.017,43,explore_offset_q_aware,374,400,1.841440756630365,0.935
DES_ETA,4,1,10.1016/j.jct.2018.12.017,43,naive,24,43,0.6120166957993645,0.5581395348837209
DES_ETA,4,1,10.1016/j.jct.2019.105883,15,anchor,120,120,1.409825228163041,1.0
DES_ETA,4,1,10.1016/j.jct.2019.105883,15,aware,15,15,1.841440756630365,1.0
DES_ETA,4,1,10.1016/j.jct.2019.105883,15,aware_on_anchor_rows,120,120,1.841440756630365,1.0
DES_ETA,4,1,10.1016/j.jct.2019.105883,15,explore_offset_q_aware,120,120,1.841440756630365,1.0
DES_ETA,4,1,10.1016/j.jct.2019.105883,15,naive,14,15,0.6120166957993645,0.9333333333333333
DES_ETA,4,1,10.1016/j.jobe.2021.103056,8,anchor,25,50,1.409825228163041,0.5
DES_ETA,4,1,10.1016/j.jobe.2021.103056,8,aware,7,8,1.841440756630365,0.875
DES_ETA,4,1,10.1016/j.jobe.2021.103056,8,aware_on_anchor_rows,43,50,1.841440756630365,0.86
DES_ETA,4,1,10.1016/j.jobe.2021.103056,8,explore_offset_q_aware,32,50,1.841440756630365,0.64
DES_ETA,4,1,10.1016/j.jobe.2021.103056,8,naive,2,8,0.6120166957993645,0.25
DES_ETA,4,1,10.1016/j.molliq.2022.120420,337,anchor,3339,3340,1.409825228163041,0.9997005988023953
DES_ETA,4,1,10.1016/j.molliq.2022.120420,337,aware,337,337,1.841440756630365,1.0
DES_ETA,4,1,10.1016/j.molliq.2022.120420,337,aware_on_anchor_rows,3340,3340,1.841440756630365,1.0
DES_ETA,4,1,10.1016/j.molliq.2022.120420,337,explore_offset_q_aware,3340,3340,1.841440756630365,1.0
DES_ETA,4,1,10.1016/j.molliq.2022.120420,337,naive,315,337,0.6120166957993645,0.9347181008902077
DES_ETA,4,1,10.1021/acs.jced.0c00579,1,aware,1,1,1.841440756630365,1.0
DES_ETA,4,1,10.1021/acs.jced.0c00579,1,naive,0,1,0.6120166957993645,0.0
DES_ETA,4,1,10.1021/acs.jced.9b00254,1,aware,1,1,1.841440756630365,1.0
DES_ETA,4,1,10.1021/acs.jced.9b00254,1,naive,1,1,0.6120166957993645,1.0
DES_ETA,4,1,10.1021/acssuschemeng.8b03520,17,anchor,89,140,1.409825228163041,0.6357142857142857
DES_ETA,4,1,10.1021/acssuschemeng.8b03520,17,aware,14,17,1.841440756630365,0.8235294117647058
DES_ETA,4,1,10.1021/acssuschemeng.8b03520,17,aware_on_anchor_rows,114,140,1.841440756630365,0.8142857142857143
DES_ETA,4,1,10.1021/acssuschemeng.8b03520,17,explore_offset_q_aware,97,140,1.841440756630365,0.6928571428571428
DES_ETA,4,1,10.1021/acssuschemeng.8b03520,17,naive,9,17,0.6120166957993645,0.5294117647058824
DES_ETA,4,1,10.1021/acssuschemeng.9b02845,24,anchor,210,210,1.409825228163041,1.0
DES_ETA,4,1,10.1021/acssuschemeng.9b02845,24,aware,24,24,1.841440756630365,1.0
DES_ETA,4,1,10.1021/acssuschemeng.9b02845,24,aware_on_anchor_rows,210,210,1.841440756630365,1.0
DES_ETA,4,1,10.1021/acssuschemeng.9b02845,24,explore_offset_q_aware,210,210,1.841440756630365,1.0
DES_ETA,4,1,10.1021/acssuschemeng.9b02845,24,naive,15,24,0.6120166957993645,0.625
DES_ETA,4,1,10.1039/d0gc00793e,3,aware,3,3,1.841440756630365,1.0
DES_ETA,4,1,10.1039/d0gc00793e,3,naive,2,3,0.6120166957993645,0.6666666666666666
DES_ETA,4,2,10.1016/j.arabjc.2022.104469,11,anchor,67,80,1.3633367900713491,0.8375
DES_ETA,4,2,10.1016/j.arabjc.2022.104469,11,aware,7,11,1.9078400972395133,0.6363636363636364
DES_ETA,4,2,10.1016/j.arabjc.2022.104469,11,aware_on_anchor_rows,51,80,1.9078400972395133,0.6375
DES_ETA,4,2,10.1016/j.arabjc.2022.104469,11,explore_offset_q_aware,76,80,1.9078400972395133,0.95
DES_ETA,4,2,10.1016/j.arabjc.2022.104469,11,naive,0,11,0.5807806594698226,0.0
DES_ETA,4,2,10.1016/j.cej.2020.125173,4,aware,4,4,1.9078400972395133,1.0
DES_ETA,4,2,10.1016/j.cej.2020.125173,4,naive,3,4,0.5807806594698226,0.75
DES_ETA,4,2,10.1016/j.jct.2013.05.041,20,anchor,170,170,1.3633367900713491,1.0
DES_ETA,4,2,10.1016/j.jct.2013.05.041,20,aware,20,20,1.9078400972395133,1.0
DES_ETA,4,2,10.1016/j.jct.2013.05.041,20,aware_on_anchor_rows,170,170,1.9078400972395133,1.0
DES_ETA,4,2,10.1016/j.jct.2013.05.041,20,explore_offset_q_aware,170,170,1.9078400972395133,1.0
DES_ETA,4,2,10.1016/j.jct.2013.05.041,20,naive,17,20,0.5807806594698226,0.85
DES_ETA,4,2,10.1016/j.molliq.2022.119560,27,anchor,240,240,1.3633367900713491,1.0
DES_ETA,4,2,10.1016/j.molliq.2022.119560,27,aware,27,27,1.9078400972395133,1.0
DES_ETA,4,2,10.1016/j.molliq.2022.119560,27,aware_on_anchor_rows,240,240,1.9078400972395133,1.0
DES_ETA,4,2,10.1016/j.molliq.2022.119560,27,explore_offset_q_aware,240,240,1.9078400972395133,1.0
DES_ETA,4,2,10.1016/j.molliq.2022.119560,27,naive,9,27,0.5807806594698226,0.3333333333333333
DES_ETA,4,2,10.1016/j.seppur.2019.115703,43,anchor,400,400,1.3633367900713491,1.0
DES_ETA,4,2,10.1016/j.seppur.2019.115703,43,aware,43,43,1.9078400972395133,1.0
DES_ETA,4,2,10.1016/j.seppur.2019.115703,43,aware_on_anchor_rows,400,400,1.9078400972395133,1.0
DES_ETA,4,2,10.1016/j.seppur.2019.115703,43,explore_offset_q_aware,400,400,1.9078400972395133,1.0
DES_ETA,4,2,10.1016/j.seppur.2019.115703,43,naive,43,43,0.5807806594698226,1.0
DES_ETA,4,2,10.1016/j.seppur.2023.123281,15,anchor,120,120,1.3633367900713491,1.0
DES_ETA,4,2,10.1016/j.seppur.2023.123281,15,aware,15,15,1.9078400972395133,1.0
DES_ETA,4,2,10.1016/j.seppur.2023.123281,15,aware_on_anchor_rows,120,120,1.9078400972395133,1.0
DES_ETA,4,2,10.1016/j.seppur.2023.123281,15,explore_offset_q_aware,120,120,1.9078400972395133,1.0
DES_ETA,4,2,10.1016/j.seppur.2023.123281,15,naive,2,15,0.5807806594698226,0.13333333333333333
DES_ETA,4,2,10.1021/acs.jced.6b00563,11,anchor,80,80,1.3633367900713491,1.0
DES_ETA,4,2,10.1021/acs.jced.6b00563,11,aware,11,11,1.9078400972395133,1.0
DES_ETA,4,2,10.1021/acs.jced.6b00563,11,aware_on_anchor_rows,80,80,1.9078400972395133,1.0
DES_ETA,4,2,10.1021/acs.jced.6b00563,11,explore_offset_q_aware,80,80,1.9078400972395133,1.0
DES_ETA,4,2,10.1021/acs.jced.6b00563,11,naive,7,11,0.5807806594698226,0.6363636363636364
DES_ETA,4,2,10.1021/acs.jced.9b00246,1,aware,1,1,1.9078400972395133,1.0
DES_ETA,4,2,10.1021/acs.jced.9b00246,1,naive,1,1,0.5807806594698226,1.0
DES_ETA,4,2,10.1021/acs.jced.9b00249,1,aware,1,1,1.9078400972395133,1.0
DES_ETA,4,2,10.1021/acs.jced.9b00249,1,naive,1,1,0.5807806594698226,1.0
DES_ETA,4,2,10.1021/acs.jced.9b00256,1,aware,1,1,1.9078400972395133,1.0
DES_ETA,4,2,10.1021/acs.jced.9b00256,1,naive,1,1,0.5807806594698226,1.0
DES_ETA,4,2,10.1021/je100104v,32,anchor,247,290,1.3633367900713491,0.8517241379310345
DES_ETA,4,2,10.1021/je100104v,32,aware,30,32,1.9078400972395133,0.9375
DES_ETA,4,2,10.1021/je100104v,32,aware_on_anchor_rows,271,290,1.9078400972395133,0.9344827586206896
DES_ETA,4,2,10.1021/je100104v,32,explore_offset_q_aware,270,290,1.9078400972395133,0.9310344827586207
DES_ETA,4,2,10.1021/je100104v,32,naive,20,32,0.5807806594698226,0.625
DES_ETA,4,2,10.1039/c6nj03140d,315,anchor,2352,3120,1.3633367900713491,0.7538461538461538
DES_ETA,4,2,10.1039/c6nj03140d,315,aware,296,315,1.9078400972395133,0.9396825396825397
DES_ETA,4,2,10.1039/c6nj03140d,315,aware_on_anchor_rows,2931,3120,1.9078400972395133,0.9394230769230769
DES_ETA,4,2,10.1039/c6nj03140d,315,explore_offset_q_aware,2784,3120,1.9078400972395133,0.8923076923076924
DES_ETA,4,2,10.1039/c6nj03140d,315,naive,158,315,0.5807806594698226,0.5015873015873016
DES_ETA,4,3,10.1016/j.crgsc.2022.100285,7,aware,7,7,1.9815325925154523,1.0
DES_ETA,4,3,10.1016/j.crgsc.2022.100285,7,naive,4,7,0.6046970958614271,0.5714285714285714
DES_ETA,4,3,10.1016/j.ijggc.2016.02.006,7,aware,7,7,1.9815325925154523,1.0
DES_ETA,4,3,10.1016/j.ijggc.2016.02.006,7,naive,5,7,0.6046970958614271,0.7142857142857143
DES_ETA,4,3,10.1016/j.jpha.2021.03.002,16,anchor,108,130,1.4308029948549188,0.8307692307692308
DES_ETA,4,3,10.1016/j.jpha.2021.03.002,16,aware,16,16,1.9815325925154523,1.0
DES_ETA,4,3,10.1016/j.jpha.2021.03.002,16,aware_on_anchor_rows,130,130,1.9815325925154523,1.0
DES_ETA,4,3,10.1016/j.jpha.2021.03.002,16,explore_offset_q_aware,124,130,1.9815325925154523,0.9538461538461539
DES_ETA,4,3,10.1016/j.jpha.2021.03.002,16,naive,7,16,0.6046970958614271,0.4375
DES_ETA,4,3,10.1016/j.molliq.2021.118393,38,anchor,297,350,1.4308029948549188,0.8485714285714285
DES_ETA,4,3,10.1016/j.molliq.2021.118393,38,aware,33,38,1.9815325925154523,0.868421052631579
DES_ETA,4,3,10.1016/j.molliq.2021.118393,38,aware_on_anchor_rows,302,350,1.9815325925154523,0.8628571428571429
DES_ETA,4,3,10.1016/j.molliq.2021.118393,38,explore_offset_q_aware,334,350,1.9815325925154523,0.9542857142857143
DES_ETA,4,3,10.1016/j.molliq.2021.118393,38,naive,23,38,0.6046970958614271,0.6052631578947368
DES_ETA,4,3,10.1016/j.molliq.2022.120000,14,anchor,48,110,1.4308029948549188,0.43636363636363634
DES_ETA,4,3,10.1016/j.molliq.2022.120000,14,aware,7,14,1.9815325925154523,0.5
DES_ETA,4,3,10.1016/j.molliq.2022.120000,14,aware_on_anchor_rows,55,110,1.9815325925154523,0.5
DES_ETA,4,3,10.1016/j.molliq.2022.120000,14,explore_offset_q_aware,70,110,1.9815325925154523,0.6363636363636364
DES_ETA,4,3,10.1016/j.molliq.2022.120000,14,naive,4,14,0.6046970958614271,0.2857142857142857
DES_ETA,4,3,10.1021/acs.jced.9b00251,1,aware,1,1,1.9815325925154523,1.0
DES_ETA,4,3,10.1021/acs.jced.9b00251,1,naive,0,1,0.6046970958614271,0.0
DES_ETA,4,3,10.1021/acs.jced.9b00252,1,aware,1,1,1.9815325925154523,1.0
DES_ETA,4,3,10.1021/acs.jced.9b00252,1,naive,1,1,0.6046970958614271,1.0
DES_ETA,4,3,10.1021/acs.jced.9b00255,1,aware,1,1,1.9815325925154523,1.0
DES_ETA,4,3,10.1021/acs.jced.9b00255,1,naive,1,1,0.6046970958614271,1.0
DES_ETA,4,3,10.1021/acssuschemeng.9b03245,21,anchor,180,180,1.4308029948549188,1.0
DES_ETA,4,3,10.1021/acssuschemeng.9b03245,21,aware,21,21,1.9815325925154523,1.0
DES_ETA,4,3,10.1021/acssuschemeng.9b03245,21,aware_on_anchor_rows,180,180,1.9815325925154523,1.0
DES_ETA,4,3,10.1021/acssuschemeng.9b03245,21,explore_offset_q_aware,180,180,1.9815325925154523,1.0
DES_ETA,4,3,10.1021/acssuschemeng.9b03245,21,naive,7,21,0.6046970958614271,0.3333333333333333
DES_ETA,4,3,10.1021/sc500439w,62,anchor,567,590,1.4308029948549188,0.9610169491525423
DES_ETA,4,3,10.1021/sc500439w,62,aware,62,62,1.9815325925154523,1.0
DES_ETA,4,3,10.1021/sc500439w,62,aware_on_anchor_rows,590,590,1.9815325925154523,1.0
DES_ETA,4,3,10.1021/sc500439w,62,explore_offset_q_aware,584,590,1.9815325925154523,0.9898305084745763
DES_ETA,4,3,10.1021/sc500439w,62,naive,52,62,0.6046970958614271,0.8387096774193549
DES_ETA,4,3,10.1039/d0cp01431a,27,anchor,190,240,1.4308029948549188,0.7916666666666666
DES_ETA,4,3,10.1039/d0cp01431a,27,aware,25,27,1.9815325925154523,0.9259259259259259
DES_ETA,4,3,10.1039/d0cp01431a,27,aware_on_anchor_rows,222,240,1.9815325925154523,0.925
DES_ETA,4,3,10.1039/d0cp01431a,27,explore_offset_q_aware,221,240,1.9815325925154523,0.9208333333333333
DES_ETA,4,3,10.1039/d0cp01431a,27,naive,13,27,0.6046970958614271,0.48148148148148145
DES_ETA,4,3,10.3390/molecules26144208,286,anchor,2826,2830,1.4308029948549188,0.9985865724381625
DES_ETA,4,3,10.3390/molecules26144208,286,aware,286,286,1.9815325925154523,1.0
DES_ETA,4,3,10.3390/molecules26144208,286,aware_on_anchor_rows,2830,2830,1.9815325925154523,1.0
DES_ETA,4,3,10.3390/molecules26144208,286,explore_offset_q_aware,2830,2830,1.9815325925154523,1.0
DES_ETA,4,3,10.3390/molecules26144208,286,naive,259,286,0.6046970958614271,0.9055944055944056
DES_ETA,4,4,10.1002/apj.1873,272,anchor,2421,2690,1.3746918204429728,0.9
DES_ETA,4,4,10.1002/apj.1873,272,aware,251,272,1.6877054300045629,0.9227941176470589
DES_ETA,4,4,10.1002/apj.1873,272,aware_on_anchor_rows,2484,2690,1.6877054300045629,0.9234200743494424
DES_ETA,4,4,10.1002/apj.1873,272,explore_offset_q_aware,2500,2690,1.6877054300045629,0.929368029739777
DES_ETA,4,4,10.1002/apj.1873,272,naive,228,272,0.6224633492844576,0.8382352941176471
DES_ETA,4,4,10.1007/978-3-030-25135-2_4,3,aware,1,3,1.6877054300045629,0.3333333333333333
DES_ETA,4,4,10.1007/978-3-030-25135-2_4,3,naive,0,3,0.6224633492844576,0.0
DES_ETA,4,4,10.1016/j.molliq.2012.11.025,4,aware,4,4,1.6877054300045629,1.0
DES_ETA,4,4,10.1016/j.molliq.2012.11.025,4,naive,0,4,0.6224633492844576,0.0
DES_ETA,4,4,10.1016/j.molliq.2023.121216,30,anchor,270,270,1.3746918204429728,1.0
DES_ETA,4,4,10.1016/j.molliq.2023.121216,30,aware,30,30,1.6877054300045629,1.0
DES_ETA,4,4,10.1016/j.molliq.2023.121216,30,aware_on_anchor_rows,270,270,1.6877054300045629,1.0
DES_ETA,4,4,10.1016/j.molliq.2023.121216,30,explore_offset_q_aware,270,270,1.6877054300045629,1.0
DES_ETA,4,4,10.1016/j.molliq.2023.121216,30,naive,27,30,0.6224633492844576,0.9
DES_ETA,4,4,10.1016/j.talanta.2022.124243,10,anchor,69,70,1.3746918204429728,0.9857142857142858
DES_ETA,4,4,10.1016/j.talanta.2022.124243,10,aware,10,10,1.6877054300045629,1.0
DES_ETA,4,4,10.1016/j.talanta.2022.124243,10,aware_on_anchor_rows,70,70,1.6877054300045629,1.0
DES_ETA,4,4,10.1016/j.talanta.2022.124243,10,explore_offset_q_aware,70,70,1.6877054300045629,1.0
DES_ETA,4,4,10.1016/j.talanta.2022.124243,10,naive,8,10,0.6224633492844576,0.8
DES_ETA,4,4,10.1016/j.tca.2012.04.030,24,anchor,186,210,1.3746918204429728,0.8857142857142857
DES_ETA,4,4,10.1016/j.tca.2012.04.030,24,aware,21,24,1.6877054300045629,0.875
DES_ETA,4,4,10.1016/j.tca.2012.04.030,24,aware_on_anchor_rows,185,210,1.6877054300045629,0.8809523809523809
DES_ETA,4,4,10.1016/j.tca.2012.04.030,24,explore_offset_q_aware,194,210,1.6877054300045629,0.9238095238095239
DES_ETA,4,4,10.1016/j.tca.2012.04.030,24,naive,17,24,0.6224633492844576,0.7083333333333334
DES_ETA,4,4,10.1021/acs.jced.0c00386,40,anchor,370,370,1.3746918204429728,1.0
DES_ETA,4,4,10.1021/acs.jced.0c00386,40,aware,40,40,1.6877054300045629,1.0
DES_ETA,4,4,10.1021/acs.jced.0c00386,40,aware_on_anchor_rows,370,370,1.6877054300045629,1.0
DES_ETA,4,4,10.1021/acs.jced.0c00386,40,explore_offset_q_aware,370,370,1.6877054300045629,1.0
DES_ETA,4,4,10.1021/acs.jced.0c00386,40,naive,40,40,0.6224633492844576,1.0
DES_ETA,4,4,10.1021/acs.jced.6b00680,65,anchor,473,620,1.3746918204429728,0.7629032258064516
DES_ETA,4,4,10.1021/acs.jced.6b00680,65,aware,59,65,1.6877054300045629,0.9076923076923077
DES_ETA,4,4,10.1021/acs.jced.6b00680,65,aware_on_anchor_rows,564,620,1.6877054300045629,0.9096774193548387
DES_ETA,4,4,10.1021/acs.jced.6b00680,65,explore_offset_q_aware,551,620,1.6877054300045629,0.8887096774193548
DES_ETA,4,4,10.1021/acs.jced.6b00680,65,naive,36,65,0.6224633492844576,0.5538461538461539
DES_ETA,4,4,10.1021/acs.jced.9b00250,1,aware,1,1,1.6877054300045629,1.0
DES_ETA,4,4,10.1021/acs.jced.9b00250,1,naive,1,1,0.6224633492844576,1.0
DES_ETA,4,4,10.1021/acssuschemeng.8b04843,14,anchor,110,110,1.3746918204429728,1.0
DES_ETA,4,4,10.1021/acssuschemeng.8b04843,14,aware,14,14,1.6877054300045629,1.0
DES_ETA,4,4,10.1021/acssuschemeng.8b04843,14,aware_on_anchor_rows,110,110,1.6877054300045629,1.0
DES_ETA,4,4,10.1021/acssuschemeng.8b04843,14,explore_offset_q_aware,110,110,1.6877054300045629,1.0
DES_ETA,4,4,10.1021/acssuschemeng.8b04843,14,naive,14,14,0.6224633492844576,1.0
DES_ETA,4,4,10.1039/c1ra00630d,18,anchor,72,150,1.3746918204429728,0.48
DES_ETA,4,4,10.1039/c1ra00630d,18,aware,15,18,1.6877054300045629,0.8333333333333334
DES_ETA,4,4,10.1039/c1ra00630d,18,aware_on_anchor_rows,128,150,1.6877054300045629,0.8533333333333334
DES_ETA,4,4,10.1039/c1ra00630d,18,explore_offset_q_aware,91,150,1.6877054300045629,0.6066666666666667
DES_ETA,4,4,10.1039/c1ra00630d,18,naive,8,18,0.6224633492844576,0.4444444444444444
DES_ETA,4,5,10.1016/j.cep.2015.04.001,14,anchor,102,110,1.5850415508081317,0.9272727272727272
DES_ETA,4,5,10.1016/j.cep.2015.04.001,14,aware,10,14,1.9181028177547548,0.7142857142857143
DES_ETA,4,5,10.1016/j.cep.2015.04.001,14,aware_on_anchor_rows,80,110,1.9181028177547548,0.7272727272727273
DES_ETA,4,5,10.1016/j.cep.2015.04.001,14,explore_offset_q_aware,107,110,1.9181028177547548,0.9727272727272728
DES_ETA,4,5,10.1016/j.cep.2015.04.001,14,naive,2,14,0.6147244157071121,0.14285714285714285
DES_ETA,4,5,10.1016/j.foodchem.2021.131930,63,anchor,600,600,1.5850415508081317,1.0
DES_ETA,4,5,10.1016/j.foodchem.2021.131930,63,aware,63,63,1.9181028177547548,1.0
DES_ETA,4,5,10.1016/j.foodchem.2021.131930,63,aware_on_anchor_rows,600,600,1.9181028177547548,1.0
DES_ETA,4,5,10.1016/j.foodchem.2021.131930,63,explore_offset_q_aware,600,600,1.9181028177547548,1.0
DES_ETA,4,5,10.1016/j.foodchem.2021.131930,63,naive,59,63,0.6147244157071121,0.9365079365079365
DES_ETA,4,5,10.1016/j.jct.2022.106999,30,anchor,270,270,1.5850415508081317,1.0
DES_ETA,4,5,10.1016/j.jct.2022.106999,30,aware,30,30,1.9181028177547548,1.0
DES_ETA,4,5,10.1016/j.jct.2022.106999,30,aware_on_anchor_rows,270,270,1.9181028177547548,1.0
DES_ETA,4,5,10.1016/j.jct.2022.106999,30,explore_offset_q_aware,270,270,1.9181028177547548,1.0
DES_ETA,4,5,10.1016/j.jct.2022.106999,30,naive,23,30,0.6147244157071121,0.7666666666666667
DES_ETA,4,5,10.1016/j.molliq.2022.119396,90,anchor,869,870,1.5850415508081317,0.9988505747126437
DES_ETA,4,5,10.1016/j.molliq.2022.119396,90,aware,90,90,1.9181028177547548,1.0
DES_ETA,4,5,10.1016/j.molliq.2022.119396,90,aware_on_anchor_rows,870,870,1.9181028177547548,1.0
DES_ETA,4,5,10.1016/j.molliq.2022.119396,90,explore_offset_q_aware,870,870,1.9181028177547548,1.0
DES_ETA,4,5,10.1016/j.molliq.2022.119396,90,naive,34,90,0.6147244157071121,0.37777777777777777
DES_ETA,4,5,10.1016/j.molliq.2022.120056,9,anchor,60,60,1.5850415508081317,1.0
DES_ETA,4,5,10.1016/j.molliq.2022.120056,9,aware,9,9,1.9181028177547548,1.0
DES_ETA,4,5,10.1016/j.molliq.2022.120056,9,aware_on_anchor_rows,60,60,1.9181028177547548,1.0
DES_ETA,4,5,10.1016/j.molliq.2022.120056,9,explore_offset_q_aware,60,60,1.9181028177547548,1.0
DES_ETA,4,5,10.1016/j.molliq.2022.120056,9,naive,5,9,0.6147244157071121,0.5555555555555556
DES_ETA,4,5,10.1016/j.molliq.2022.120521,3,aware,1,3,1.9181028177547548,0.3333333333333333
DES_ETA,4,5,10.1016/j.molliq.2022.120521,3,naive,0,3,0.6147244157071121,0.0
DES_ETA,4,5,10.1021/acs.jced.6b00486,23,anchor,101,200,1.5850415508081317,0.505
DES_ETA,4,5,10.1021/acs.jced.6b00486,23,aware,11,23,1.9181028177547548,0.4782608695652174
DES_ETA,4,5,10.1021/acs.jced.6b00486,23,aware_on_anchor_rows,99,200,1.9181028177547548,0.495
DES_ETA,4,5,10.1021/acs.jced.6b00486,23,explore_offset_q_aware,116,200,1.9181028177547548,0.58
DES_ETA,4,5,10.1021/acs.jced.6b00486,23,naive,8,23,0.6147244157071121,0.34782608695652173
DES_ETA,4,5,10.1021/acs.jced.9b00248,1,aware,1,1,1.9181028177547548,1.0
DES_ETA,4,5,10.1021/acs.jced.9b00248,1,naive,1,1,0.6147244157071121,1.0
DES_ETA,4,5,10.1021/acs.jced.9b00257,1,aware,1,1,1.9181028177547548,1.0
DES_ETA,4,5,10.1021/acs.jced.9b00257,1,naive,1,1,0.6147244157071121,1.0
DES_ETA,4,5,10.1021/acssuschemeng.7b04235,39,anchor,360,360,1.5850415508081317,1.0
DES_ETA,4,5,10.1021/acssuschemeng.7b04235,39,aware,39,39,1.9181028177547548,1.0
DES_ETA,4,5,10.1021/acssuschemeng.7b04235,39,aware_on_anchor_rows,360,360,1.9181028177547548,1.0
DES_ETA,4,5,10.1021/acssuschemeng.7b04235,39,explore_offset_q_aware,360,360,1.9181028177547548,1.0
DES_ETA,4,5,10.1021/acssuschemeng.7b04235,39,naive,39,39,0.6147244157071121,1.0
DES_ETA,4,5,10.1021/acssuschemeng.8b01203,187,anchor,1840,1840,1.5850415508081317,1.0
DES_ETA,4,5,10.1021/acssuschemeng.8b01203,187,aware,187,187,1.9181028177547548,1.0
DES_ETA,4,5,10.1021/acssuschemeng.8b01203,187,aware_on_anchor_rows,1840,1840,1.9181028177547548,1.0
DES_ETA,4,5,10.1021/acssuschemeng.8b01203,187,explore_offset_q_aware,1840,1840,1.9181028177547548,1.0
DES_ETA,4,5,10.1021/acssuschemeng.8b01203,187,naive,131,187,0.6147244157071121,0.7005347593582888
DES_ETA,4,5,10.1021/acssuschemeng.8b02042,17,anchor,140,140,1.5850415508081317,1.0
DES_ETA,4,5,10.1021/acssuschemeng.8b02042,17,aware,17,17,1.9181028177547548,1.0
DES_ETA,4,5,10.1021/acssuschemeng.8b02042,17,aware_on_anchor_rows,140,140,1.9181028177547548,1.0
DES_ETA,4,5,10.1021/acssuschemeng.8b02042,17,explore_offset_q_aware,140,140,1.9181028177547548,1.0
DES_ETA,4,5,10.1021/acssuschemeng.8b02042,17,naive,3,17,0.6147244157071121,0.17647058823529413
DES_ETA,4,5,10.1080/01496395.2016.1247864,4,aware,4,4,1.9181028177547548,1.0
DES_ETA,4,5,10.1080/01496395.2016.1247864,4,naive,0,4,0.6147244157071121,0.0
DES_ETA,4,6,10.1002/chem.200400127,4,aware,4,4,1.7689153043071952,1.0
DES_ETA,4,6,10.1002/chem.200400127,4,naive,0,4,0.6014307437893556,0.0
DES_ETA,4,6,10.1016/j.chroma.2018.07.070,12,anchor,90,90,1.470886869631881,1.0
DES_ETA,4,6,10.1016/j.chroma.2018.07.070,12,aware,12,12,1.7689153043071952,1.0
DES_ETA,4,6,10.1016/j.chroma.2018.07.070,12,aware_on_anchor_rows,90,90,1.7689153043071952,1.0
DES_ETA,4,6,10.1016/j.chroma.2018.07.070,12,explore_offset_q_aware,90,90,1.7689153043071952,1.0
DES_ETA,4,6,10.1016/j.chroma.2018.07.070,12,naive,12,12,0.6014307437893556,1.0
DES_ETA,4,6,10.1016/j.cjche.2020.07.004,19,anchor,105,160,1.470886869631881,0.65625
DES_ETA,4,6,10.1016/j.cjche.2020.07.004,19,aware,0,19,1.7689153043071952,0.0
DES_ETA,4,6,10.1016/j.cjche.2020.07.004,19,aware_on_anchor_rows,0,160,1.7689153043071952,0.0
DES_ETA,4,6,10.1016/j.cjche.2020.07.004,19,explore_offset_q_aware,116,160,1.7689153043071952,0.725
DES_ETA,4,6,10.1016/j.cjche.2020.07.004,19,naive,0,19,0.6014307437893556,0.0
DES_ETA,4,6,10.1016/j.fluid.2021.113290,90,anchor,870,870,1.470886869631881,1.0
DES_ETA,4,6,10.1016/j.fluid.2021.113290,90,aware,90,90,1.7689153043071952,1.0
DES_ETA,4,6,10.1016/j.fluid.2021.113290,90,aware_on_anchor_rows,870,870,1.7689153043071952,1.0
DES_ETA,4,6,10.1016/j.fluid.2021.113290,90,explore_offset_q_aware,870,870,1.7689153043071952,1.0
DES_ETA,4,6,10.1016/j.fluid.2021.113290,90,naive,43,90,0.6014307437893556,0.4777777777777778
DES_ETA,4,6,10.1016/j.jct.2021.106713,66,anchor,610,630,1.470886869631881,0.9682539682539683
DES_ETA,4,6,10.1016/j.jct.2021.106713,66,aware,62,66,1.7689153043071952,0.9393939393939394
DES_ETA,4,6,10.1016/j.jct.2021.106713,66,aware_on_anchor_rows,592,630,1.7689153043071952,0.9396825396825397
DES_ETA,4,6,10.1016/j.jct.2021.106713,66,explore_offset_q_aware,626,630,1.7689153043071952,0.9936507936507937
DES_ETA,4,6,10.1016/j.jct.2021.106713,66,naive,25,66,0.6014307437893556,0.3787878787878788
DES_ETA,4,6,10.1016/j.jhazmat.2021.127972,25,anchor,220,220,1.470886869631881,1.0
DES_ETA,4,6,10.1016/j.jhazmat.2021.127972,25,aware,25,25,1.7689153043071952,1.0
DES_ETA,4,6,10.1016/j.jhazmat.2021.127972,25,aware_on_anchor_rows,220,220,1.7689153043071952,1.0
DES_ETA,4,6,10.1016/j.jhazmat.2021.127972,25,explore_offset_q_aware,220,220,1.7689153043071952,1.0
DES_ETA,4,6,10.1016/j.jhazmat.2021.127972,25,naive,19,25,0.6014307437893556,0.76
DES_ETA,4,6,10.1016/j.molliq.2016.02.062,48,anchor,424,450,1.470886869631881,0.9422222222222222
DES_ETA,4,6,10.1016/j.molliq.2016.02.062,48,aware,44,48,1.7689153043071952,0.9166666666666666
DES_ETA,4,6,10.1016/j.molliq.2016.02.062,48,aware_on_anchor_rows,411,450,1.7689153043071952,0.9133333333333333
DES_ETA,4,6,10.1016/j.molliq.2016.02.062,48,explore_offset_q_aware,446,450,1.7689153043071952,0.9911111111111112
DES_ETA,4,6,10.1016/j.molliq.2016.02.062,48,naive,21,48,0.6014307437893556,0.4375
DES_ETA,4,6,10.1016/j.molliq.2022.119392,9,anchor,41,60,1.470886869631881,0.6833333333333333
DES_ETA,4,6,10.1016/j.molliq.2022.119392,9,aware,7,9,1.7689153043071952,0.7777777777777778
DES_ETA,4,6,10.1016/j.molliq.2022.119392,9,aware_on_anchor_rows,45,60,1.7689153043071952,0.75
DES_ETA,4,6,10.1016/j.molliq.2022.119392,9,explore_offset_q_aware,48,60,1.7689153043071952,0.8
DES_ETA,4,6,10.1016/j.molliq.2022.119392,9,naive,3,9,0.6014307437893556,0.3333333333333333
DES_ETA,4,6,10.1016/j.seppur.2020.117211,3,aware,3,3,1.7689153043071952,1.0
DES_ETA,4,6,10.1016/j.seppur.2020.117211,3,naive,3,3,0.6014307437893556,1.0
DES_ETA,4,6,10.1021/acs.jced.0c00715,153,anchor,1500,1500,1.470886869631881,1.0
DES_ETA,4,6,10.1021/acs.jced.0c00715,153,aware,153,153,1.7689153043071952,1.0
DES_ETA,4,6,10.1021/acs.jced.0c00715,153,aware_on_anchor_rows,1500,1500,1.7689153043071952,1.0
DES_ETA,4,6,10.1021/acs.jced.0c00715,153,explore_offset_q_aware,1500,1500,1.7689153043071952,1.0
DES_ETA,4,6,10.1021/acs.jced.0c00715,153,naive,153,153,0.6014307437893556,1.0
DES_ETA,4,6,10.1021/acs.jced.9b00259,1,aware,1,1,1.7689153043071952,1.0
DES_ETA,4,6,10.1021/acs.jced.9b00259,1,naive,1,1,0.6014307437893556,1.0
DES_ETA,4,6,10.1021/acs.jced.9b00260,1,aware,1,1,1.7689153043071952,1.0
DES_ETA,4,6,10.1021/acs.jced.9b00260,1,naive,1,1,0.6014307437893556,1.0
DES_ETA,4,6,10.1021/acssuschemeng.5b00619,15,anchor,97,120,1.470886869631881,0.8083333333333333
DES_ETA,4,6,10.1021/acssuschemeng.5b00619,15,aware,14,15,1.7689153043071952,0.9333333333333333
DES_ETA,4,6,10.1021/acssuschemeng.5b00619,15,aware_on_anchor_rows,114,120,1.7689153043071952,0.95
DES_ETA,4,6,10.1021/acssuschemeng.5b00619,15,explore_offset_q_aware,109,120,1.7689153043071952,0.9083333333333333
DES_ETA,4,6,10.1021/acssuschemeng.5b00619,15,naive,6,15,0.6014307437893556,0.4
DES_ETA,4,6,10.1021/je300997v,35,anchor,320,320,1.470886869631881,1.0
DES_ETA,4,6,10.1021/je300997v,35,aware,35,35,1.7689153043071952,1.0
DES_ETA,4,6,10.1021/je300997v,35,aware_on_anchor_rows,320,320,1.7689153043071952,1.0
DES_ETA,4,6,10.1021/je300997v,35,explore_offset_q_aware,320,320,1.7689153043071952,1.0
DES_ETA,4,6,10.1021/je300997v,35,naive,35,35,0.6014307437893556,1.0
DES_ETA,4,7,10.1002/ceat.201600475,11,anchor,80,80,1.3501915187021034,1.0
DES_ETA,4,7,10.1002/ceat.201600475,11,aware,11,11,1.7196521428560851,1.0
DES_ETA,4,7,10.1002/ceat.201600475,11,aware_on_anchor_rows,80,80,1.7196521428560851,1.0
DES_ETA,4,7,10.1002/ceat.201600475,11,explore_offset_q_aware,80,80,1.7196521428560851,1.0
DES_ETA,4,7,10.1002/ceat.201600475,11,naive,9,11,0.5994528033177629,0.8181818181818182
DES_ETA,4,7,10.1016/j.arabjc.2021.103512,45,anchor,374,420,1.3501915187021034,0.8904761904761904
DES_ETA,4,7,10.1016/j.arabjc.2021.103512,45,aware,41,45,1.7196521428560851,0.9111111111111111
DES_ETA,4,7,10.1016/j.arabjc.2021.103512,45,aware_on_anchor_rows,384,420,1.7196521428560851,0.9142857142857143
DES_ETA,4,7,10.1016/j.arabjc.2021.103512,45,explore_offset_q_aware,402,420,1.7196521428560851,0.9571428571428572
DES_ETA,4,7,10.1016/j.arabjc.2021.103512,45,naive,29,45,0.5994528033177629,0.6444444444444445
DES_ETA,4,7,10.1016/j.cej.2018.10.077,15,anchor,120,120,1.3501915187021034,1.0
DES_ETA,4,7,10.1016/j.cej.2018.10.077,15,aware,15,15,1.7196521428560851,1.0
DES_ETA,4,7,10.1016/j.cej.2018.10.077,15,aware_on_anchor_rows,120,120,1.7196521428560851,1.0
DES_ETA,4,7,10.1016/j.cej.2018.10.077,15,explore_offset_q_aware,120,120,1.7196521428560851,1.0
DES_ETA,4,7,10.1016/j.cej.2018.10.077,15,naive,12,15,0.5994528033177629,0.8
DES_ETA,4,7,10.1016/j.foodchem.2018.09.048,6,aware,6,6,1.7196521428560851,1.0
DES_ETA,4,7,10.1016/j.foodchem.2018.09.048,6,naive,5,6,0.5994528033177629,0.8333333333333334
DES_ETA,4,7,10.1016/j.foodchem.2019.125752,8,anchor,45,50,1.3501915187021034,0.9
DES_ETA,4,7,10.1016/j.foodchem.2019.125752,8,aware,8,8,1.7196521428560851,1.0
DES_ETA,4,7,10.1016/j.foodchem.2019.125752,8,aware_on_anchor_rows,50,50,1.7196521428560851,1.0
DES_ETA,4,7,10.1016/j.foodchem.2019.125752,8,explore_offset_q_aware,50,50,1.7196521428560851,1.0
DES_ETA,4,7,10.1016/j.foodchem.2019.125752,8,naive,6,8,0.5994528033177629,0.75
DES_ETA,4,7,10.1016/j.jhazmat.2022.129835,3,aware,3,3,1.7196521428560851,1.0
DES_ETA,4,7,10.1016/j.jhazmat.2022.129835,3,naive,1,3,0.5994528033177629,0.3333333333333333
DES_ETA,4,7,10.1016/j.molliq.2016.07.039,35,anchor,270,320,1.3501915187021034,0.84375
DES_ETA,4,7,10.1016/j.molliq.2016.07.039,35,aware,33,35,1.7196521428560851,0.9428571428571428
DES_ETA,4,7,10.1016/j.molliq.2016.07.039,35,aware_on_anchor_rows,301,320,1.7196521428560851,0.940625
DES_ETA,4,7,10.1016/j.molliq.2016.07.039,35,explore_offset_q_aware,270,320,1.7196521428560851,0.84375
DES_ETA,4,7,10.1016/j.molliq.2016.07.039,35,naive,17,35,0.5994528033177629,0.4857142857142857
DES_ETA,4,7,10.1016/j.molliq.2016.10.115,90,anchor,870,870,1.3501915187021034,1.0
DES_ETA,4,7,10.1016/j.molliq.2016.10.115,90,aware,90,90,1.7196521428560851,1.0
DES_ETA,4,7,10.1016/j.molliq.2016.10.115,90,aware_on_anchor_rows,870,870,1.7196521428560851,1.0
DES_ETA,4,7,10.1016/j.molliq.2016.10.115,90,explore_offset_q_aware,870,870,1.7196521428560851,1.0
DES_ETA,4,7,10.1016/j.molliq.2016.10.115,90,naive,37,90,0.5994528033177629,0.4111111111111111
DES_ETA,4,7,10.1016/j.molliq.2017.06.024,130,anchor,1270,1270,1.3501915187021034,1.0
DES_ETA,4,7,10.1016/j.molliq.2017.06.024,130,aware,130,130,1.7196521428560851,1.0
DES_ETA,4,7,10.1016/j.molliq.2017.06.024,130,aware_on_anchor_rows,1270,1270,1.7196521428560851,1.0
DES_ETA,4,7,10.1016/j.molliq.2017.06.024,130,explore_offset_q_aware,1270,1270,1.7196521428560851,1.0
DES_ETA,4,7,10.1016/j.molliq.2017.06.024,130,naive,120,130,0.5994528033177629,0.9230769230769231
DES_ETA,4,7,10.1021/acs.jced.7b01037,90,anchor,525,870,1.3501915187021034,0.603448275862069
DES_ETA,4,7,10.1021/acs.jced.7b01037,90,aware,41,90,1.7196521428560851,0.45555555555555555
DES_ETA,4,7,10.1021/acs.jced.7b01037,90,aware_on_anchor_rows,392,870,1.7196521428560851,0.45057471264367815
DES_ETA,4,7,10.1021/acs.jced.7b01037,90,explore_offset_q_aware,654,870,1.7196521428560851,0.7517241379310344
DES_ETA,4,7,10.1021/acs.jced.7b01037,90,naive,12,90,0.5994528033177629,0.13333333333333333
DES_ETA,4,7,10.1021/acs.jced.9b00253,1,aware,1,1,1.7196521428560851,1.0
DES_ETA,4,7,10.1021/acs.jced.9b00253,1,naive,1,1,0.5994528033177629,1.0
DES_ETA,4,7,10.1021/acssuschemeng.8b05072,26,anchor,223,230,1.3501915187021034,0.9695652173913043
DES_ETA,4,7,10.1021/acssuschemeng.8b05072,26,aware,26,26,1.7196521428560851,1.0
DES_ETA,4,7,10.1021/acssuschemeng.8b05072,26,aware_on_anchor_rows,230,230,1.7196521428560851,1.0
DES_ETA,4,7,10.1021/acssuschemeng.8b05072,26,explore_offset_q_aware,228,230,1.7196521428560851,0.991304347826087
DES_ETA,4,7,10.1021/acssuschemeng.8b05072,26,naive,20,26,0.5994528033177629,0.7692307692307693
DES_ETA,4,7,10.1039/c6cc06105b,21,anchor,180,180,1.3501915187021034,1.0
DES_ETA,4,7,10.1039/c6cc06105b,21,aware,21,21,1.7196521428560851,1.0
DES_ETA,4,7,10.1039/c6cc06105b,21,aware_on_anchor_rows,180,180,1.7196521428560851,1.0
DES_ETA,4,7,10.1039/c6cc06105b,21,explore_offset_q_aware,180,180,1.7196521428560851,1.0
DES_ETA,4,7,10.1039/c6cc06105b,21,naive,21,21,0.5994528033177629,1.0
DES_ETA,4,8,10.1002/cphc.200500489,6,aware,4,6,1.786147172230895,0.6666666666666666
DES_ETA,4,8,10.1002/cphc.200500489,6,naive,4,6,0.6115189794609464,0.6666666666666666
DES_ETA,4,8,10.1016/j.jclepro.2022.133589,1,aware,1,1,1.786147172230895,1.0
DES_ETA,4,8,10.1016/j.jclepro.2022.133589,1,naive,1,1,0.6115189794609464,1.0
DES_ETA,4,8,10.1016/j.jmgm.2022.108319,25,anchor,220,220,1.4587511325153282,1.0
DES_ETA,4,8,10.1016/j.jmgm.2022.108319,25,aware,25,25,1.786147172230895,1.0
DES_ETA,4,8,10.1016/j.jmgm.2022.108319,25,aware_on_anchor_rows,220,220,1.786147172230895,1.0
DES_ETA,4,8,10.1016/j.jmgm.2022.108319,25,explore_offset_q_aware,220,220,1.786147172230895,1.0
DES_ETA,4,8,10.1016/j.jmgm.2022.108319,25,naive,0,25,0.6115189794609464,0.0
DES_ETA,4,8,10.1016/j.molliq.2017.05.084,57,anchor,540,540,1.4587511325153282,1.0
DES_ETA,4,8,10.1016/j.molliq.2017.05.084,57,aware,57,57,1.786147172230895,1.0
DES_ETA,4,8,10.1016/j.molliq.2017.05.084,57,aware_on_anchor_rows,540,540,1.786147172230895,1.0
DES_ETA,4,8,10.1016/j.molliq.2017.05.084,57,explore_offset_q_aware,540,540,1.786147172230895,1.0
DES_ETA,4,8,10.1016/j.molliq.2017.05.084,57,naive,33,57,0.6115189794609464,0.5789473684210527
DES_ETA,4,8,10.1016/j.molliq.2017.09.091,118,anchor,1150,1150,1.4587511325153282,1.0
DES_ETA,4,8,10.1016/j.molliq.2017.09.091,118,aware,65,118,1.786147172230895,0.5508474576271186
DES_ETA,4,8,10.1016/j.molliq.2017.09.091,118,aware_on_anchor_rows,632,1150,1.786147172230895,0.5495652173913044
DES_ETA,4,8,10.1016/j.molliq.2017.09.091,118,explore_offset_q_aware,1150,1150,1.786147172230895,1.0
DES_ETA,4,8,10.1016/j.molliq.2017.09.091,118,naive,0,118,0.6115189794609464,0.0
DES_ETA,4,8,10.1016/j.molliq.2020.113761,18,anchor,104,150,1.4587511325153282,0.6933333333333334
DES_ETA,4,8,10.1016/j.molliq.2020.113761,18,aware,16,18,1.786147172230895,0.8888888888888888
DES_ETA,4,8,10.1016/j.molliq.2020.113761,18,aware_on_anchor_rows,136,150,1.786147172230895,0.9066666666666666
DES_ETA,4,8,10.1016/j.molliq.2020.113761,18,explore_offset_q_aware,122,150,1.786147172230895,0.8133333333333334
DES_ETA,4,8,10.1016/j.molliq.2020.113761,18,naive,6,18,0.6115189794609464,0.3333333333333333
DES_ETA,4,8,10.1016/j.molliq.2022.120660,15,anchor,109,120,1.4587511325153282,0.9083333333333333
DES_ETA,4,8,10.1016/j.molliq.2022.120660,15,aware,14,15,1.786147172230895,0.9333333333333333
DES_ETA,4,8,10.1016/j.molliq.2022.120660,15,aware_on_anchor_rows,111,120,1.786147172230895,0.925
DES_ETA,4,8,10.1016/j.molliq.2022.120660,15,explore_offset_q_aware,116,120,1.786147172230895,0.9666666666666667
DES_ETA,4,8,10.1016/j.molliq.2022.120660,15,naive,4,15,0.6115189794609464,0.26666666666666666
DES_ETA,4,8,10.1016/j.molliq.2023.121258,78,anchor,750,750,1.4587511325153282,1.0
DES_ETA,4,8,10.1016/j.molliq.2023.121258,78,aware,78,78,1.786147172230895,1.0
DES_ETA,4,8,10.1016/j.molliq.2023.121258,78,aware_on_anchor_rows,750,750,1.786147172230895,1.0
DES_ETA,4,8,10.1016/j.molliq.2023.121258,78,explore_offset_q_aware,750,750,1.786147172230895,1.0
DES_ETA,4,8,10.1016/j.molliq.2023.121258,78,naive,57,78,0.6115189794609464,0.7307692307692307
DES_ETA,4,8,10.1021/acs.jced.7b00184,14,anchor,110,110,1.4587511325153282,1.0
DES_ETA,4,8,10.1021/acs.jced.7b00184,14,aware,14,14,1.786147172230895,1.0
DES_ETA,4,8,10.1021/acs.jced.7b00184,14,aware_on_anchor_rows,110,110,1.786147172230895,1.0
DES_ETA,4,8,10.1021/acs.jced.7b00184,14,explore_offset_q_aware,110,110,1.786147172230895,1.0
DES_ETA,4,8,10.1021/acs.jced.7b00184,14,naive,13,14,0.6115189794609464,0.9285714285714286
DES_ETA,4,8,10.1021/acs.jced.9b00247,1,aware,1,1,1.786147172230895,1.0
DES_ETA,4,8,10.1021/acs.jced.9b00247,1,naive,1,1,0.6115189794609464,1.0
DES_ETA,4,8,10.1021/acssuschemeng.0c04215,7,aware,6,7,1.786147172230895,0.8571428571428571
DES_ETA,4,8,10.1021/acssuschemeng.0c04215,7,naive,5,7,0.6115189794609464,0.7142857142857143
DES_ETA,4,8,10.1021/acssuschemeng.1c01674,35,anchor,320,320,1.4587511325153282,1.0
DES_ETA,4,8,10.1021/acssuschemeng.1c01674,35,aware,35,35,1.786147172230895,1.0
DES_ETA,4,8,10.1021/acssuschemeng.1c01674,35,aware_on_anchor_rows,320,320,1.786147172230895,1.0
DES_ETA,4,8,10.1021/acssuschemeng.1c01674,35,explore_offset_q_aware,320,320,1.786147172230895,1.0
DES_ETA,4,8,10.1021/acssuschemeng.1c01674,35,naive,0,35,0.6115189794609464,0.0
DES_ETA,4,8,10.1021/acssuschemeng.5b00532,104,anchor,955,1010,1.4587511325153282,0.9455445544554455
DES_ETA,4,8,10.1021/acssuschemeng.5b00532,104,aware,104,104,1.786147172230895,1.0
DES_ETA,4,8,10.1021/acssuschemeng.5b00532,104,aware_on_anchor_rows,1010,1010,1.786147172230895,1.0
DES_ETA,4,8,10.1021/acssuschemeng.5b00532,104,explore_offset_q_aware,997,1010,1.786147172230895,0.9871287128712871
DES_ETA,4,8,10.1021/acssuschemeng.5b00532,104,naive,35,104,0.6115189794609464,0.33653846153846156
DES_ETA,4,8,10.1021/acssuschemeng.8b05548,2,aware,2,2,1.786147172230895,1.0
DES_ETA,4,8,10.1021/acssuschemeng.8b05548,2,naive,2,2,0.6115189794609464,1.0
DES_ETA,4,9,10.1002/slct.201701223,16,anchor,62,130,1.266221194364711,0.47692307692307695
DES_ETA,4,9,10.1002/slct.201701223,16,aware,10,16,1.5515500933186814,0.625
DES_ETA,4,9,10.1002/slct.201701223,16,aware_on_anchor_rows,88,130,1.5515500933186814,0.676923076923077
DES_ETA,4,9,10.1002/slct.201701223,16,explore_offset_q_aware,80,130,1.5515500933186814,0.6153846153846154
DES_ETA,4,9,10.1002/slct.201701223,16,naive,3,16,0.5479894862566903,0.1875
DES_ETA,4,9,10.1016/j.cclet.2013.09.004,13,anchor,46,100,1.266221194364711,0.46
DES_ETA,4,9,10.1016/j.cclet.2013.09.004,13,aware,8,13,1.5515500933186814,0.6153846153846154
DES_ETA,4,9,10.1016/j.cclet.2013.09.004,13,aware_on_anchor_rows,60,100,1.5515500933186814,0.6
DES_ETA,4,9,10.1016/j.cclet.2013.09.004,13,explore_offset_q_aware,58,100,1.5515500933186814,0.58
DES_ETA,4,9,10.1016/j.cclet.2013.09.004,13,naive,2,13,0.5479894862566903,0.15384615384615385
DES_ETA,4,9,10.1016/j.fluid.2014.01.028,117,anchor,553,1140,1.266221194364711,0.4850877192982456
DES_ETA,4,9,10.1016/j.fluid.2014.01.028,117,aware,51,117,1.5515500933186814,0.4358974358974359
DES_ETA,4,9,10.1016/j.fluid.2014.01.028,117,aware_on_anchor_rows,503,1140,1.5515500933186814,0.4412280701754386
DES_ETA,4,9,10.1016/j.fluid.2014.01.028,117,explore_offset_q_aware,676,1140,1.5515500933186814,0.5929824561403508
DES_ETA,4,9,10.1016/j.fluid.2014.01.028,117,naive,30,117,0.5479894862566903,0.2564102564102564
DES_ETA,4,9,10.1016/j.jcou.2022.102217,112,anchor,682,1090,1.266221194364711,0.6256880733944954
DES_ETA,4,9,10.1016/j.jcou.2022.102217,112,aware,5,112,1.5515500933186814,0.044642857142857144
DES_ETA,4,9,10.1016/j.jcou.2022.102217,112,aware_on_anchor_rows,49,1090,1.5515500933186814,0.044954128440366975
DES_ETA,4,9,10.1016/j.jcou.2022.102217,112,explore_offset_q_aware,792,1090,1.5515500933186814,0.726605504587156
DES_ETA,4,9,10.1016/j.jcou.2022.102217,112,naive,1,112,0.5479894862566903,0.008928571428571428
DES_ETA,4,9,10.1016/j.jiec.2022.04.015,35,anchor,202,320,1.266221194364711,0.63125
DES_ETA,4,9,10.1016/j.jiec.2022.04.015,35,aware,30,35,1.5515500933186814,0.8571428571428571
DES_ETA,4,9,10.1016/j.jiec.2022.04.015,35,aware_on_anchor_rows,275,320,1.5515500933186814,0.859375
DES_ETA,4,9,10.1016/j.jiec.2022.04.015,35,explore_offset_q_aware,259,320,1.5515500933186814,0.809375
DES_ETA,4,9,10.1016/j.jiec.2022.04.015,35,naive,3,35,0.5479894862566903,0.08571428571428572
DES_ETA,4,9,10.1016/j.jtice.2015.12.020,48,anchor,409,450,1.266221194364711,0.9088888888888889
DES_ETA,4,9,10.1016/j.jtice.2015.12.020,48,aware,46,48,1.5515500933186814,0.9583333333333334
DES_ETA,4,9,10.1016/j.jtice.2015.12.020,48,aware_on_anchor_rows,431,450,1.5515500933186814,0.9577777777777777
DES_ETA,4,9,10.1016/j.jtice.2015.12.020,48,explore_offset_q_aware,435,450,1.5515500933186814,0.9666666666666667
DES_ETA,4,9,10.1016/j.jtice.2015.12.020,48,naive,23,48,0.5479894862566903,0.4791666666666667
DES_ETA,4,9,10.1016/j.seppur.2020.116692,22,anchor,190,190,1.266221194364711,1.0
DES_ETA,4,9,10.1016/j.seppur.2020.116692,22,aware,22,22,1.5515500933186814,1.0
DES_ETA,4,9,10.1016/j.seppur.2020.116692,22,aware_on_anchor_rows,190,190,1.5515500933186814,1.0
DES_ETA,4,9,10.1016/j.seppur.2020.116692,22,explore_offset_q_aware,190,190,1.5515500933186814,1.0
DES_ETA,4,9,10.1016/j.seppur.2020.116692,22,naive,22,22,0.5479894862566903,1.0
DES_ETA,4,9,10.1021/acs.iecr.7b02478,28,anchor,82,250,1.266221194364711,0.328
DES_ETA,4,9,10.1021/acs.iecr.7b02478,28,aware,14,28,1.5515500933186814,0.5
DES_ETA,4,9,10.1021/acs.iecr.7b02478,28,aware_on_anchor_rows,126,250,1.5515500933186814,0.504
DES_ETA,4,9,10.1021/acs.iecr.7b02478,28,explore_offset_q_aware,90,250,1.5515500933186814,0.36
DES_ETA,4,9,10.1021/acs.iecr.7b02478,28,naive,7,28,0.5479894862566903,0.25
DES_ETA,4,9,10.1021/acs.jced.9b00258,1,aware,1,1,1.5515500933186814,1.0
DES_ETA,4,9,10.1021/acs.jced.9b00258,1,naive,1,1,0.5479894862566903,1.0
DES_ETA,4,9,10.1021/acs.jpcb.0c03876,3,aware,1,3,1.5515500933186814,0.3333333333333333
DES_ETA,4,9,10.1021/acs.jpcb.0c03876,3,naive,0,3,0.5479894862566903,0.0
DES_ETA,4,9,10.1021/je5001796,72,anchor,469,690,1.266221194364711,0.6797101449275362
DES_ETA,4,9,10.1021/je5001796,72,aware,18,72,1.5515500933186814,0.25
DES_ETA,4,9,10.1021/je5001796,72,aware_on_anchor_rows,169,690,1.5515500933186814,0.24492753623188407
DES_ETA,4,9,10.1021/je5001796,72,explore_offset_q_aware,538,690,1.5515500933186814,0.7797101449275362
DES_ETA,4,9,10.1021/je5001796,72,naive,0,72,0.5479894862566903,0.0
DES_ETA,4,9,10.1039/c2ra22990k,8,anchor,30,50,1.266221194364711,0.6
DES_ETA,4,9,10.1039/c2ra22990k,8,aware,6,8,1.5515500933186814,0.75
DES_ETA,4,9,10.1039/c2ra22990k,8,aware_on_anchor_rows,38,50,1.5515500933186814,0.76
DES_ETA,4,9,10.1039/c2ra22990k,8,explore_offset_q_aware,35,50,1.5515500933186814,0.7
DES_ETA,4,9,10.1039/c2ra22990k,8,naive,3,8,0.5479894862566903,0.375
DES_ETA,4,9,10.13140/rg.2.2.13424.10245,5,aware,0,5,1.5515500933186814,0.0
DES_ETA,4,9,10.13140/rg.2.2.13424.10245,5,naive,0,5,0.5479894862566903,0.0
DES_MP,0,0,10.1016/j.fluid.2017.04.007,388,anchor,3758,3850,131.42977093005985,0.9761038961038961
DES_MP,0,0,10.1016/j.fluid.2017.04.007,388,aware,382,388,164.7722455021809,0.9845360824742269
DES_MP,0,0,10.1016/j.fluid.2017.04.007,388,aware_on_anchor_rows,3790,3850,164.7722455021809,0.9844155844155844
DES_MP,0,0,10.1016/j.fluid.2017.04.007,388,explore_offset_q_aware,3832,3850,164.7722455021809,0.9953246753246753
DES_MP,0,0,10.1016/j.fluid.2017.04.007,388,naive,292,388,58.21492030686818,0.7525773195876289
DES_MP,0,1,10.1002/aic.17420,1,aware,1,1,156.86422786628304,1.0
DES_MP,0,1,10.1002/aic.17420,1,naive,1,1,57.074067987183525,1.0
DES_MP,0,1,10.1016/j.chroma.2017.09.044,2,aware,2,2,156.86422786628304,1.0
DES_MP,0,1,10.1016/j.chroma.2017.09.044,2,naive,2,2,57.074067987183525,1.0
DES_MP,0,1,10.1016/j.fluid.2013.06.050,3,aware,3,3,156.86422786628304,1.0
DES_MP,0,1,10.1016/j.fluid.2013.06.050,3,naive,2,3,57.074067987183525,0.6666666666666666
DES_MP,0,1,10.1016/j.ijggc.2016.02.006,8,anchor,29,50,121.87624674605811,0.58
DES_MP,0,1,10.1016/j.ijggc.2016.02.006,8,aware,5,8,156.86422786628304,0.625
DES_MP,0,1,10.1016/j.ijggc.2016.02.006,8,aware_on_anchor_rows,32,50,156.86422786628304,0.64
DES_MP,0,1,10.1016/j.ijggc.2016.02.006,8,explore_offset_q_aware,36,50,156.86422786628304,0.72
DES_MP,0,1,10.1016/j.ijggc.2016.02.006,8,naive,2,8,57.074067987183525,0.25
DES_MP,0,1,10.1016/j.molliq.2018.02.049,8,anchor,43,50,121.87624674605811,0.86
DES_MP,0,1,10.1016/j.molliq.2018.02.049,8,aware,6,8,156.86422786628304,0.75
DES_MP,0,1,10.1016/j.molliq.2018.02.049,8,aware_on_anchor_rows,38,50,156.86422786628304,0.76
DES_MP,0,1,10.1016/j.molliq.2018.02.049,8,explore_offset_q_aware,48,50,156.86422786628304,0.96
DES_MP,0,1,10.1016/j.molliq.2018.02.049,8,naive,2,8,57.074067987183525,0.25
DES_MP,0,1,10.1016/j.solmat.2016.06.004,5,aware,4,5,156.86422786628304,0.8
DES_MP,0,1,10.1016/j.solmat.2016.06.004,5,naive,1,5,57.074067987183525,0.2
DES_MP,0,1,10.1016/j.tca.2011.10.010,12,anchor,90,90,121.87624674605811,1.0
DES_MP,0,1,10.1016/j.tca.2011.10.010,12,aware,12,12,156.86422786628304,1.0
DES_MP,0,1,10.1016/j.tca.2011.10.010,12,aware_on_anchor_rows,90,90,156.86422786628304,1.0
DES_MP,0,1,10.1016/j.tca.2011.10.010,12,explore_offset_q_aware,90,90,156.86422786628304,1.0
DES_MP,0,1,10.1016/j.tca.2011.10.010,12,naive,5,12,57.074067987183525,0.4166666666666667
DES_MP,0,1,10.1021/acs.iecr.0c04551,1,aware,1,1,156.86422786628304,1.0
DES_MP,0,1,10.1021/acs.iecr.0c04551,1,naive,1,1,57.074067987183525,1.0
DES_MP,0,1,10.1021/acs.iecr.7b02382,278,anchor,2726,2750,121.87624674605811,0.9912727272727273
DES_MP,0,1,10.1021/acs.iecr.7b02382,278,aware,278,278,156.86422786628304,1.0
DES_MP,0,1,10.1021/acs.iecr.7b02382,278,aware_on_anchor_rows,2750,2750,156.86422786628304,1.0
DES_MP,0,1,10.1021/acs.iecr.7b02382,278,explore_offset_q_aware,2748,2750,156.86422786628304,0.9992727272727273
DES_MP,0,1,10.1021/acs.iecr.7b02382,278,naive,234,278,57.074067987183525,0.841726618705036
DES_MP,0,1,10.1021/je5002126,16,anchor,130,130,121.87624674605811,1.0
DES_MP,0,1,10.1021/je5002126,16,aware,16,16,156.86422786628304,1.0
DES_MP,0,1,10.1021/je5002126,16,aware_on_anchor_rows,130,130,156.86422786628304,1.0
DES_MP,0,1,10.1021/je5002126,16,explore_offset_q_aware,130,130,156.86422786628304,1.0
DES_MP,0,1,10.1021/je5002126,16,naive,15,16,57.074067987183525,0.9375
DES_MP,0,2,10.1002/aic.17412,1,aware,1,1,168.6915856767675,1.0
DES_MP,0,2,10.1002/aic.17412,1,naive,1,1,57.25687689560368,1.0
DES_MP,0,2,10.1002/chem.200601738,6,aware,6,6,168.6915856767675,1.0
DES_MP,0,2,10.1002/chem.200601738,6,naive,4,6,57.25687689560368,0.6666666666666666
DES_MP,0,2,10.1016/j.fluid.2017.03.011,12,anchor,90,90,129.04846109147928,1.0
DES_MP,0,2,10.1016/j.fluid.2017.03.011,12,aware,12,12,168.6915856767675,1.0
DES_MP,0,2,10.1016/j.fluid.2017.03.011,12,aware_on_anchor_rows,90,90,168.6915856767675,1.0
DES_MP,0,2,10.1016/j.fluid.2017.03.011,12,explore_offset_q_aware,90,90,168.6915856767675,1.0
DES_MP,0,2,10.1016/j.fluid.2017.03.011,12,naive,0,12,57.25687689560368,0.0
DES_MP,0,2,10.1016/j.foodcont.2023.109625,5,aware,5,5,168.6915856767675,1.0
DES_MP,0,2,10.1016/j.foodcont.2023.109625,5,naive,4,5,57.25687689560368,0.8
DES_MP,0,2,10.1016/j.tca.2009.08.016,2,aware,2,2,168.6915856767675,1.0
DES_MP,0,2,10.1016/j.tca.2009.08.016,2,naive,2,2,57.25687689560368,1.0
DES_MP,0,2,10.1021/acs.jpcb.0c02386,262,anchor,2536,2590,129.04846109147928,0.9791505791505791
DES_MP,0,2,10.1021/acs.jpcb.0c02386,262,aware,262,262,168.6915856767675,1.0
DES_MP,0,2,10.1021/acs.jpcb.0c02386,262,aware_on_anchor_rows,2590,2590,168.6915856767675,1.0
DES_MP,0,2,10.1021/acs.jpcb.0c02386,262,explore_offset_q_aware,2586,2590,168.6915856767675,0.9984555984555985
DES_MP,0,2,10.1021/acs.jpcb.0c02386,262,naive,206,262,57.25687689560368,0.7862595419847328
DES_MP,0,2,10.1021/acssuschemeng.0c08289,1,aware,1,1,168.6915856767675,1.0
DES_MP,0,2,10.1021/acssuschemeng.0c08289,1,naive,0,1,57.25687689560368,0.0
DES_MP,0,2,10.1021/ie500466g,8,anchor,50,50,129.04846109147928,1.0
DES_MP,0,2,10.1021/ie500466g,8,aware,8,8,168.6915856767675,1.0
DES_MP,0,2,10.1021/ie500466g,8,aware_on_anchor_rows,50,50,168.6915856767675,1.0
DES_MP,0,2,10.1021/ie500466g,8,explore_offset_q_aware,50,50,168.6915856767675,1.0
DES_MP,0,2,10.1021/ie500466g,8,naive,4,8,57.25687689560368,0.5
DES_MP,0,2,10.1039/c4ra10628h,16,anchor,62,130,129.04846109147928,0.47692307692307695
DES_MP,0,2,10.1039/c4ra10628h,16,aware,8,16,168.6915856767675,0.5
DES_MP,0,2,10.1039/c4ra10628h,16,aware_on_anchor_rows,62,130,168.6915856767675,0.47692307692307695
DES_MP,0,2,10.1039/c4ra10628h,16,explore_offset_q_aware,97,130,168.6915856767675,0.7461538461538462
DES_MP,0,2,10.1039/c4ra10628h,16,naive,4,16,57.25687689560368,0.25
DES_MP,0,2,10.3390/pr9050796,21,anchor,180,180,129.04846109147928,1.0
DES_MP,0,2,10.3390/pr9050796,21,aware,21,21,168.6915856767675,1.0
DES_MP,0,2,10.3390/pr9050796,21,aware_on_anchor_rows,180,180,168.6915856767675,1.0
DES_MP,0,2,10.3390/pr9050796,21,explore_offset_q_aware,180,180,168.6915856767675,1.0
DES_MP,0,2,10.3390/pr9050796,21,naive,21,21,57.25687689560368,1.0
DES_MP,0,3,10.1002/aic.17409,1,aware,1,1,157.4237226661299,1.0
DES_MP,0,3,10.1002/aic.17409,1,naive,1,1,56.53104818841723,1.0
DES_MP,0,3,10.1002/aic.17414,1,aware,1,1,157.4237226661299,1.0
DES_MP,0,3,10.1002/aic.17414,1,naive,1,1,56.53104818841723,1.0
DES_MP,0,3,10.1002/cssc.202001331,206,anchor,1252,2030,121.16002722927163,0.6167487684729064
DES_MP,0,3,10.1002/cssc.202001331,206,aware,122,206,157.4237226661299,0.5922330097087378
DES_MP,0,3,10.1002/cssc.202001331,206,aware_on_anchor_rows,1202,2030,157.4237226661299,0.5921182266009852
DES_MP,0,3,10.1002/cssc.202001331,206,explore_offset_q_aware,1504,2030,157.4237226661299,0.7408866995073892
DES_MP,0,3,10.1002/cssc.202001331,206,naive,60,206,56.53104818841723,0.2912621359223301
DES_MP,0,3,10.1002/jps.2600600908,5,aware,3,5,157.4237226661299,0.6
DES_MP,0,3,10.1002/jps.2600600908,5,naive,1,5,56.53104818841723,0.2
DES_MP,0,3,10.1016/j.microc.2019.104384,12,anchor,90,90,121.16002722927163,1.0
DES_MP,0,3,10.1016/j.microc.2019.104384,12,aware,12,12,157.4237226661299,1.0
DES_MP,0,3,10.1016/j.microc.2019.104384,12,aware_on_anchor_rows,90,90,157.4237226661299,1.0
DES_MP,0,3,10.1016/j.microc.2019.104384,12,explore_offset_q_aware,90,90,157.4237226661299,1.0
DES_MP,0,3,10.1016/j.microc.2019.104384,12,naive,3,12,56.53104818841723,0.25
DES_MP,0,3,10.1016/j.molliq.2015.11.032,2,aware,2,2,157.4237226661299,1.0
DES_MP,0,3,10.1016/j.molliq.2015.11.032,2,naive,2,2,56.53104818841723,1.0
DES_MP,0,3,10.1016/j.molliq.2020.113727,6,aware,3,6,157.4237226661299,0.5
DES_MP,0,3,10.1016/j.molliq.2020.113727,6,naive,3,6,56.53104818841723,0.5
DES_MP,0,3,10.1016/j.molliq.2021.115838,8,anchor,50,50,121.16002722927163,1.0
DES_MP,0,3,10.1016/j.molliq.2021.115838,8,aware,8,8,157.4237226661299,1.0
DES_MP,0,3,10.1016/j.molliq.2021.115838,8,aware_on_anchor_rows,50,50,157.4237226661299,1.0
DES_MP,0,3,10.1016/j.molliq.2021.115838,8,explore_offset_q_aware,50,50,157.4237226661299,1.0
DES_MP,0,3,10.1016/j.molliq.2021.115838,8,naive,8,8,56.53104818841723,1.0
DES_MP,0,3,10.1016/j.molliq.2021.117021,19,anchor,137,160,121.16002722927163,0.85625
DES_MP,0,3,10.1016/j.molliq.2021.117021,19,aware,18,19,157.4237226661299,0.9473684210526315
DES_MP,0,3,10.1016/j.molliq.2021.117021,19,aware_on_anchor_rows,151,160,157.4237226661299,0.94375
DES_MP,0,3,10.1016/j.molliq.2021.117021,19,explore_offset_q_aware,146,160,157.4237226661299,0.9125
DES_MP,0,3,10.1016/j.molliq.2021.117021,19,naive,13,19,56.53104818841723,0.6842105263157895
DES_MP,0,3,10.1021/acssuschemeng.0c08288,24,anchor,207,210,121.16002722927163,0.9857142857142858
DES_MP,0,3,10.1021/acssuschemeng.0c08288,24,aware,24,24,157.4237226661299,1.0
DES_MP,0,3,10.1021/acssuschemeng.0c08288,24,aware_on_anchor_rows,210,210,157.4237226661299,1.0
DES_MP,0,3,10.1021/acssuschemeng.0c08288,24,explore_offset_q_aware,210,210,157.4237226661299,1.0
DES_MP,0,3,10.1021/acssuschemeng.0c08288,24,naive,15,24,56.53104818841723,0.625
DES_MP,0,3,10.1021/ja048266j,36,anchor,328,330,121.16002722927163,0.9939393939393939
DES_MP,0,3,10.1021/ja048266j,36,aware,36,36,157.4237226661299,1.0
DES_MP,0,3,10.1021/ja048266j,36,aware_on_anchor_rows,330,330,157.4237226661299,1.0
DES_MP,0,3,10.1021/ja048266j,36,explore_offset_q_aware,330,330,157.4237226661299,1.0
DES_MP,0,3,10.1021/ja048266j,36,naive,18,36,56.53104818841723,0.5
DES_MP,0,3,10.1039/c1ra00630d,14,anchor,110,110,121.16002722927163,1.0
DES_MP,0,3,10.1039/c1ra00630d,14,aware,14,14,157.4237226661299,1.0
DES_MP,0,3,10.1039/c1ra00630d,14,aware_on_anchor_rows,110,110,157.4237226661299,1.0
DES_MP,0,3,10.1039/c1ra00630d,14,explore_offset_q_aware,110,110,157.4237226661299,1.0
DES_MP,0,3,10.1039/c1ra00630d,14,naive,10,14,56.53104818841723,0.7142857142857143
DES_MP,0,4,10.1002/apj.1873,16,anchor,124,130,127.41442595742924,0.9538461538461539
DES_MP,0,4,10.1002/apj.1873,16,aware,16,16,161.0306484461908,1.0
DES_MP,0,4,10.1002/apj.1873,16,aware_on_anchor_rows,130,130,161.0306484461908,1.0
DES_MP,0,4,10.1002/apj.1873,16,explore_offset_q_aware,130,130,161.0306484461908,1.0
DES_MP,0,4,10.1002/apj.1873,16,naive,10,16,58.50454798584758,0.625
DES_MP,0,4,10.1002/cphc.200500489,36,anchor,330,330,127.41442595742924,1.0
DES_MP,0,4,10.1002/cphc.200500489,36,aware,36,36,161.0306484461908,1.0
DES_MP,0,4,10.1002/cphc.200500489,36,aware_on_anchor_rows,330,330,161.0306484461908,1.0
DES_MP,0,4,10.1002/cphc.200500489,36,explore_offset_q_aware,330,330,161.0306484461908,1.0
DES_MP,0,4,10.1002/cphc.200500489,36,naive,30,36,58.50454798584758,0.8333333333333334
DES_MP,0,4,10.1016/j.cej.2023.141335,1,aware,1,1,161.0306484461908,1.0
DES_MP,0,4,10.1016/j.cej.2023.141335,1,naive,1,1,58.50454798584758,1.0
DES_MP,0,4,10.1016/j.cplett.2015.06.017,1,aware,1,1,161.0306484461908,1.0
DES_MP,0,4,10.1016/j.cplett.2015.06.017,1,naive,0,1,58.50454798584758,0.0
DES_MP,0,4,10.1016/j.molliq.2014.08.004,24,anchor,210,210,127.41442595742924,1.0
DES_MP,0,4,10.1016/j.molliq.2014.08.004,24,aware,24,24,161.0306484461908,1.0
DES_MP,0,4,10.1016/j.molliq.2014.08.004,24,aware_on_anchor_rows,210,210,161.0306484461908,1.0
DES_MP,0,4,10.1016/j.molliq.2014.08.004,24,explore_offset_q_aware,210,210,161.0306484461908,1.0
DES_MP,0,4,10.1016/j.molliq.2014.08.004,24,naive,22,24,58.50454798584758,0.9166666666666666
DES_MP,0,4,10.1016/j.molliq.2016.10.134,8,anchor,50,50,127.41442595742924,1.0
DES_MP,0,4,10.1016/j.molliq.2016.10.134,8,aware,6,8,161.0306484461908,0.75
DES_MP,0,4,10.1016/j.molliq.2016.10.134,8,aware_on_anchor_rows,39,50,161.0306484461908,0.78
DES_MP,0,4,10.1016/j.molliq.2016.10.134,8,explore_offset_q_aware,50,50,161.0306484461908,1.0
DES_MP,0,4,10.1016/j.molliq.2016.10.134,8,naive,0,8,58.50454798584758,0.0
DES_MP,0,4,10.1016/j.molliq.2020.114495,3,aware,3,3,161.0306484461908,1.0
DES_MP,0,4,10.1016/j.molliq.2020.114495,3,naive,1,3,58.50454798584758,0.3333333333333333
DES_MP,0,4,10.1016/j.tca.2012.03.027,21,anchor,134,180,127.41442595742924,0.7444444444444445
DES_MP,0,4,10.1016/j.tca.2012.03.027,21,aware,12,21,161.0306484461908,0.5714285714285714
DES_MP,0,4,10.1016/j.tca.2012.03.027,21,aware_on_anchor_rows,103,180,161.0306484461908,0.5722222222222222
DES_MP,0,4,10.1016/j.tca.2012.03.027,21,explore_offset_q_aware,160,180,161.0306484461908,0.8888888888888888
DES_MP,0,4,10.1016/j.tca.2012.03.027,21,naive,2,21,58.50454798584758,0.09523809523809523
DES_MP,0,4,10.1021/acs.iecr.8b01249,202,anchor,1763,1990,127.41442595742924,0.885929648241206
DES_MP,0,4,10.1021/acs.iecr.8b01249,202,aware,196,202,161.0306484461908,0.9702970297029703
DES_MP,0,4,10.1021/acs.iecr.8b01249,202,aware_on_anchor_rows,1931,1990,161.0306484461908,0.9703517587939698
DES_MP,0,4,10.1021/acs.iecr.8b01249,202,explore_offset_q_aware,1915,1990,161.0306484461908,0.9623115577889447
DES_MP,0,4,10.1021/acs.iecr.8b01249,202,naive,78,202,58.50454798584758,0.38613861386138615
DES_MP,0,4,10.1021/ef2004943,11,anchor,80,80,127.41442595742924,1.0
DES_MP,0,4,10.1021/ef2004943,11,aware,11,11,161.0306484461908,1.0
DES_MP,0,4,10.1021/ef2004943,11,aware_on_anchor_rows,80,80,161.0306484461908,1.0
DES_MP,0,4,10.1021/ef2004943,11,explore_offset_q_aware,80,80,161.0306484461908,1.0
DES_MP,0,4,10.1021/ef2004943,11,naive,11,11,58.50454798584758,1.0
DES_MP,0,4,10.1039/b106357j,8,anchor,50,50,127.41442595742924,1.0
DES_MP,0,4,10.1039/b106357j,8,aware,8,8,161.0306484461908,1.0
DES_MP,0,4,10.1039/b106357j,8,aware_on_anchor_rows,50,50,161.0306484461908,1.0
DES_MP,0,4,10.1039/b106357j,8,explore_offset_q_aware,50,50,161.0306484461908,1.0
DES_MP,0,4,10.1039/b106357j,8,naive,7,8,58.50454798584758,0.875
DES_MP,0,4,10.1039/c2ra22990k,3,aware,3,3,161.0306484461908,1.0
DES_MP,0,4,10.1039/c2ra22990k,3,naive,2,3,58.50454798584758,0.6666666666666666
DES_MP,0,5,10.1002/aic.17413,1,aware,1,1,160.59718155521023,1.0
DES_MP,0,5,10.1002/aic.17413,1,naive,1,1,57.39574989824996,1.0
DES_MP,0,5,10.1002/aic.17416,1,aware,1,1,160.59718155521023,1.0
DES_MP,0,5,10.1002/aic.17416,1,naive,1,1,57.39574989824996,1.0
DES_MP,0,5,10.1002/aic.17417,1,aware,1,1,160.59718155521023,1.0
DES_MP,0,5,10.1002/aic.17417,1,naive,1,1,57.39574989824996,1.0
DES_MP,0,5,10.1002/open.202100137,1,aware,1,1,160.59718155521023,1.0
DES_MP,0,5,10.1002/open.202100137,1,naive,0,1,57.39574989824996,0.0
DES_MP,0,5,10.1016/j.fluid.2017.03.008,7,aware,7,7,160.59718155521023,1.0
DES_MP,0,5,10.1016/j.fluid.2017.03.008,7,naive,7,7,57.39574989824996,1.0
DES_MP,0,5,10.1016/j.fluid.2017.03.015,18,anchor,104,150,122.15208445165004,0.6933333333333334
DES_MP,0,5,10.1016/j.fluid.2017.03.015,18,aware,16,18,160.59718155521023,0.8888888888888888
DES_MP,0,5,10.1016/j.fluid.2017.03.015,18,aware_on_anchor_rows,131,150,160.59718155521023,0.8733333333333333
DES_MP,0,5,10.1016/j.fluid.2017.03.015,18,explore_offset_q_aware,134,150,160.59718155521023,0.8933333333333333
DES_MP,0,5,10.1016/j.fluid.2017.03.015,18,naive,2,18,57.39574989824996,0.1111111111111111
DES_MP,0,5,10.1016/j.hydromet.2022.105971,24,anchor,180,210,122.15208445165004,0.8571428571428571
DES_MP,0,5,10.1016/j.hydromet.2022.105971,24,aware,19,24,160.59718155521023,0.7916666666666666
DES_MP,0,5,10.1016/j.hydromet.2022.105971,24,aware_on_anchor_rows,167,210,160.59718155521023,0.7952380952380952
DES_MP,0,5,10.1016/j.hydromet.2022.105971,24,explore_offset_q_aware,203,210,160.59718155521023,0.9666666666666667
DES_MP,0,5,10.1016/j.hydromet.2022.105971,24,naive,8,24,57.39574989824996,0.3333333333333333
DES_MP,0,5,10.1016/j.jtice.2015.12.020,9,anchor,60,60,122.15208445165004,1.0
DES_MP,0,5,10.1016/j.jtice.2015.12.020,9,aware,9,9,160.59718155521023,1.0
DES_MP,0,5,10.1016/j.jtice.2015.12.020,9,aware_on_anchor_rows,60,60,160.59718155521023,1.0
DES_MP,0,5,10.1016/j.jtice.2015.12.020,9,explore_offset_q_aware,60,60,160.59718155521023,1.0
DES_MP,0,5,10.1016/j.jtice.2015.12.020,9,naive,0,9,57.39574989824996,0.0
DES_MP,0,5,10.1016/j.molliq.2020.113667,38,anchor,350,350,122.15208445165004,1.0
DES_MP,0,5,10.1016/j.molliq.2020.113667,38,aware,38,38,160.59718155521023,1.0
DES_MP,0,5,10.1016/j.molliq.2020.113667,38,aware_on_anchor_rows,350,350,160.59718155521023,1.0
DES_MP,0,5,10.1016/j.molliq.2020.113667,38,explore_offset_q_aware,350,350,160.59718155521023,1.0
DES_MP,0,5,10.1016/j.molliq.2020.113667,38,naive,34,38,57.39574989824996,0.8947368421052632
DES_MP,0,5,10.1016/s0168-3659(97)00153-3,12,anchor,89,90,122.15208445165004,0.9888888888888889
DES_MP,0,5,10.1016/s0168-3659(97)00153-3,12,aware,12,12,160.59718155521023,1.0
DES_MP,0,5,10.1016/s0168-3659(97)00153-3,12,aware_on_anchor_rows,90,90,160.59718155521023,1.0
DES_MP,0,5,10.1016/s0168-3659(97)00153-3,12,explore_offset_q_aware,90,90,160.59718155521023,1.0
DES_MP,0,5,10.1016/s0168-3659(97)00153-3,12,naive,11,12,57.39574989824996,0.9166666666666666
DES_MP,0,5,10.1021/acssuschemeng.8b01203,137,anchor,1340,1340,122.15208445165004,1.0
DES_MP,0,5,10.1021/acssuschemeng.8b01203,137,aware,137,137,160.59718155521023,1.0
DES_MP,0,5,10.1021/acssuschemeng.8b01203,137,aware_on_anchor_rows,1340,1340,160.59718155521023,1.0
DES_MP,0,5,10.1021/acssuschemeng.8b01203,137,explore_offset_q_aware,1340,1340,160.59718155521023,1.0
DES_MP,0,5,10.1021/acssuschemeng.8b01203,137,naive,131,137,57.39574989824996,0.9562043795620438
DES_MP,0,5,10.1021/je100104v,50,anchor,332,470,122.15208445165004,0.7063829787234043
DES_MP,0,5,10.1021/je100104v,50,aware,39,50,160.59718155521023,0.78
DES_MP,0,5,10.1021/je100104v,50,aware_on_anchor_rows,368,470,160.59718155521023,0.7829787234042553
DES_MP,0,5,10.1021/je100104v,50,explore_offset_q_aware,376,470,160.59718155521023,0.8
DES_MP,0,5,10.1021/je100104v,50,naive,9,50,57.39574989824996,0.18
DES_MP,0,5,10.1039/b210714g,22,anchor,172,190,122.15208445165004,0.9052631578947369
DES_MP,0,5,10.1039/b210714g,22,aware,21,22,160.59718155521023,0.9545454545454546
DES_MP,0,5,10.1039/b210714g,22,aware_on_anchor_rows,180,190,160.59718155521023,0.9473684210526315
DES_MP,0,5,10.1039/b210714g,22,explore_offset_q_aware,181,190,160.59718155521023,0.9526315789473684
DES_MP,0,5,10.1039/b210714g,22,naive,13,22,57.39574989824996,0.5909090909090909
DES_MP,0,5,10.3390/app11041601,5,aware,5,5,160.59718155521023,1.0
DES_MP,0,5,10.3390/app11041601,5,naive,3,5,57.39574989824996,0.6
DES_MP,0,5,10.3923/jas.2010.3349.3354,8,anchor,50,50,122.15208445165004,1.0
DES_MP,0,5,10.3923/jas.2010.3349.3354,8,aware,8,8,160.59718155521023,1.0
DES_MP,0,5,10.3923/jas.2010.3349.3354,8,aware_on_anchor_rows,50,50,160.59718155521023,1.0
DES_MP,0,5,10.3923/jas.2010.3349.3354,8,explore_offset_q_aware,50,50,160.59718155521023,1.0
DES_MP,0,5,10.3923/jas.2010.3349.3354,8,naive,4,8,57.39574989824996,0.5
DES_MP,0,6,10.1002/aic.17415,1,aware,1,1,162.82261290561323,1.0
DES_MP,0,6,10.1002/aic.17415,1,naive,1,1,55.60742388193262,1.0
DES_MP,0,6,10.1002/anie.202110520,17,anchor,137,140,133.26784710094913,0.9785714285714285
DES_MP,0,6,10.1002/anie.202110520,17,aware,17,17,162.82261290561323,1.0
DES_MP,0,6,10.1002/anie.202110520,17,aware_on_anchor_rows,140,140,162.82261290561323,1.0
DES_MP,0,6,10.1002/anie.202110520,17,explore_offset_q_aware,140,140,162.82261290561323,1.0
DES_MP,0,6,10.1002/anie.202110520,17,naive,13,17,55.60742388193262,0.7647058823529411
DES_MP,0,6,10.1002/apj.1995,9,anchor,60,60,133.26784710094913,1.0
DES_MP,0,6,10.1002/apj.1995,9,aware,9,9,162.82261290561323,1.0
DES_MP,0,6,10.1002/apj.1995,9,aware_on_anchor_rows,60,60,162.82261290561323,1.0
DES_MP,0,6,10.1002/apj.1995,9,explore_offset_q_aware,60,60,162.82261290561323,1.0
DES_MP,0,6,10.1002/apj.1995,9,naive,9,9,55.60742388193262,1.0
DES_MP,0,6,10.1007/s10973-012-2831-3,32,anchor,290,290,133.26784710094913,1.0
DES_MP,0,6,10.1007/s10973-012-2831-3,32,aware,32,32,162.82261290561323,1.0
DES_MP,0,6,10.1007/s10973-012-2831-3,32,aware_on_anchor_rows,290,290,162.82261290561323,1.0
DES_MP,0,6,10.1007/s10973-012-2831-3,32,explore_offset_q_aware,290,290,162.82261290561323,1.0
DES_MP,0,6,10.1007/s10973-012-2831-3,32,naive,20,32,55.60742388193262,0.625
DES_MP,0,6,10.1016/j.cej.2018.10.077,8,anchor,50,50,133.26784710094913,1.0
DES_MP,0,6,10.1016/j.cej.2018.10.077,8,aware,7,8,162.82261290561323,0.875
DES_MP,0,6,10.1016/j.cej.2018.10.077,8,aware_on_anchor_rows,41,50,162.82261290561323,0.82
DES_MP,0,6,10.1016/j.cej.2018.10.077,8,explore_offset_q_aware,50,50,162.82261290561323,1.0
DES_MP,0,6,10.1016/j.cej.2018.10.077,8,naive,2,8,55.60742388193262,0.25
DES_MP,0,6,10.1016/j.fluid.2020.112752,4,aware,3,4,162.82261290561323,0.75
DES_MP,0,6,10.1016/j.fluid.2020.112752,4,naive,1,4,55.60742388193262,0.25
DES_MP,0,6,10.1016/j.gee.2020.11.020,51,anchor,474,480,133.26784710094913,0.9875
DES_MP,0,6,10.1016/j.gee.2020.11.020,51,aware,51,51,162.82261290561323,1.0
DES_MP,0,6,10.1016/j.gee.2020.11.020,51,aware_on_anchor_rows,480,480,162.82261290561323,1.0
DES_MP,0,6,10.1016/j.gee.2020.11.020,51,explore_offset_q_aware,479,480,162.82261290561323,0.9979166666666667
DES_MP,0,6,10.1016/j.gee.2020.11.020,51,naive,20,51,55.60742388193262,0.39215686274509803
DES_MP,0,6,10.1016/j.jct.2015.04.021,12,anchor,90,90,133.26784710094913,1.0
DES_MP,0,6,10.1016/j.jct.2015.04.021,12,aware,12,12,162.82261290561323,1.0
DES_MP,0,6,10.1016/j.jct.2015.04.021,12,aware_on_anchor_rows,90,90,162.82261290561323,1.0
DES_MP,0,6,10.1016/j.jct.2015.04.021,12,explore_offset_q_aware,90,90,162.82261290561323,1.0
DES_MP,0,6,10.1016/j.jct.2015.04.021,12,naive,0,12,55.60742388193262,0.0
DES_MP,0,6,10.1021/acs.jpcb.0c01680,22,anchor,190,190,133.26784710094913,1.0
DES_MP,0,6,10.1021/acs.jpcb.0c01680,22,aware,20,22,162.82261290561323,0.9090909090909091
DES_MP,0,6,10.1021/acs.jpcb.0c01680,22,aware_on_anchor_rows,171,190,162.82261290561323,0.9
DES_MP,0,6,10.1021/acs.jpcb.0c01680,22,explore_offset_q_aware,190,190,162.82261290561323,1.0
DES_MP,0,6,10.1021/acs.jpcb.0c01680,22,naive,8,22,55.60742388193262,0.36363636363636365
DES_MP,0,6,10.1021/acssuschemeng.0c05518,39,anchor,287,360,133.26784710094913,0.7972222222222223
DES_MP,0,6,10.1021/acssuschemeng.0c05518,39,aware,28,39,162.82261290561323,0.717948717948718
DES_MP,0,6,10.1021/acssuschemeng.0c05518,39,aware_on_anchor_rows,261,360,162.82261290561323,0.725
DES_MP,0,6,10.1021/acssuschemeng.0c05518,39,explore_offset_q_aware,319,360,162.82261290561323,0.8861111111111111
DES_MP,0,6,10.1021/acssuschemeng.0c05518,39,naive,7,39,55.60742388193262,0.1794871794871795
DES_MP,0,6,10.1021/je060146z,130,anchor,1270,1270,133.26784710094913,1.0
DES_MP,0,6,10.1021/je060146z,130,aware,130,130,162.82261290561323,1.0
DES_MP,0,6,10.1021/je060146z,130,aware_on_anchor_rows,1270,1270,162.82261290561323,1.0
DES_MP,0,6,10.1021/je060146z,130,explore_offset_q_aware,1270,1270,162.82261290561323,1.0
DES_MP,0,6,10.1021/je060146z,130,naive,130,130,55.60742388193262,1.0
DES_MP,0,6,10.1080/10837450.2020.1735414,3,aware,3,3,162.82261290561323,1.0
DES_MP,0,6,10.1080/10837450.2020.1735414,3,naive,3,3,55.60742388193262,1.0
DES_MP,0,6,10.1149/1945-7111/ab68d3,5,aware,5,5,162.82261290561323,1.0
DES_MP,0,6,10.1149/1945-7111/ab68d3,5,naive,2,5,55.60742388193262,0.4
DES_MP,0,7,10.1002/aic.17411,1,aware,1,1,149.95568208854377,1.0
DES_MP,0,7,10.1002/aic.17411,1,naive,1,1,54.1057533026048,1.0
DES_MP,0,7,10.1002/aic.17421,1,aware,1,1,149.95568208854377,1.0
DES_MP,0,7,10.1002/aic.17421,1,naive,1,1,54.1057533026048,1.0
DES_MP,0,7,10.1016/j.cattod.2021.05.018,8,anchor,36,50,117.7963815869249,0.72
DES_MP,0,7,10.1016/j.cattod.2021.05.018,8,aware,0,8,149.95568208854377,0.0
DES_MP,0,7,10.1016/j.cattod.2021.05.018,8,aware_on_anchor_rows,0,50,149.95568208854377,0.0
DES_MP,0,7,10.1016/j.cattod.2021.05.018,8,explore_offset_q_aware,42,50,149.95568208854377,0.84
DES_MP,0,7,10.1016/j.cattod.2021.05.018,8,naive,0,8,54.1057533026048,0.0
DES_MP,0,7,10.1016/j.fluid.2019.04.019,9,anchor,60,60,117.7963815869249,1.0
DES_MP,0,7,10.1016/j.fluid.2019.04.019,9,aware,0,9,149.95568208854377,0.0
DES_MP,0,7,10.1016/j.fluid.2019.04.019,9,aware_on_anchor_rows,0,60,149.95568208854377,0.0
DES_MP,0,7,10.1016/j.fluid.2019.04.019,9,explore_offset_q_aware,60,60,149.95568208854377,1.0
DES_MP,0,7,10.1016/j.fluid.2019.04.019,9,naive,0,9,54.1057533026048,0.0
DES_MP,0,7,10.1016/j.gee.2019.03.002,45,anchor,411,420,117.7963815869249,0.9785714285714285
DES_MP,0,7,10.1016/j.gee.2019.03.002,45,aware,45,45,149.95568208854377,1.0
DES_MP,0,7,10.1016/j.gee.2019.03.002,45,aware_on_anchor_rows,420,420,149.95568208854377,1.0
DES_MP,0,7,10.1016/j.gee.2019.03.002,45,explore_offset_q_aware,419,420,149.95568208854377,0.9976190476190476
DES_MP,0,7,10.1016/j.gee.2019.03.002,45,naive,39,45,54.1057533026048,0.8666666666666667
DES_MP,0,7,10.1016/j.molliq.2008.07.009,24,anchor,210,210,117.7963815869249,1.0
DES_MP,0,7,10.1016/j.molliq.2008.07.009,24,aware,22,24,149.95568208854377,0.9166666666666666
DES_MP,0,7,10.1016/j.molliq.2008.07.009,24,aware_on_anchor_rows,194,210,149.95568208854377,0.9238095238095239
DES_MP,0,7,10.1016/j.molliq.2008.07.009,24,explore_offset_q_aware,210,210,149.95568208854377,1.0
DES_MP,0,7,10.1016/j.molliq.2008.07.009,24,naive,10,24,54.1057533026048,0.4166666666666667
DES_MP,0,7,10.1016/j.molliq.2015.01.025,4,aware,4,4,149.95568208854377,1.0
DES_MP,0,7,10.1016/j.molliq.2015.01.025,4,naive,4,4,54.1057533026048,1.0
DES_MP,0,7,10.1016/j.molliq.2018.12.032,2,aware,2,2,149.95568208854377,1.0
DES_MP,0,7,10.1016/j.molliq.2018.12.032,2,naive,2,2,54.1057533026048,1.0
DES_MP,0,7,10.1021/acssuschemeng.0c00559,78,anchor,684,750,117.7963815869249,0.912
DES_MP,0,7,10.1021/acssuschemeng.0c00559,78,aware,72,78,149.95568208854377,0.9230769230769231
DES_MP,0,7,10.1021/acssuschemeng.0c00559,78,aware_on_anchor_rows,692,750,149.95568208854377,0.9226666666666666
DES_MP,0,7,10.1021/acssuschemeng.0c00559,78,explore_offset_q_aware,725,750,149.95568208854377,0.9666666666666667
DES_MP,0,7,10.1021/acssuschemeng.0c00559,78,naive,55,78,54.1057533026048,0.7051282051282052
DES_MP,0,7,10.1021/acssuschemeng.7b04235,18,anchor,150,150,117.7963815869249,1.0
DES_MP,0,7,10.1021/acssuschemeng.7b04235,18,aware,18,18,149.95568208854377,1.0
DES_MP,0,7,10.1021/acssuschemeng.7b04235,18,aware_on_anchor_rows,150,150,149.95568208854377,1.0
DES_MP,0,7,10.1021/acssuschemeng.7b04235,18,explore_offset_q_aware,150,150,149.95568208854377,1.0
DES_MP,0,7,10.1021/acssuschemeng.7b04235,18,naive,18,18,54.1057533026048,1.0
DES_MP,0,7,10.1021/acssuschemeng.8b02042,101,anchor,871,980,117.7963815869249,0.8887755102040816
DES_MP,0,7,10.1021/acssuschemeng.8b02042,101,aware,80,101,149.95568208854377,0.7920792079207921
DES_MP,0,7,10.1021/acssuschemeng.8b02042,101,aware_on_anchor_rows,774,980,149.95568208854377,0.789795918367347
DES_MP,0,7,10.1021/acssuschemeng.8b02042,101,explore_offset_q_aware,936,980,149.95568208854377,0.9551020408163265
DES_MP,0,7,10.1021/acssuschemeng.8b02042,101,naive,20,101,54.1057533026048,0.19801980198019803
DES_MP,0,7,10.1039/c0ob01011a,13,anchor,100,100,117.7963815869249,1.0
DES_MP,0,7,10.1039/c0ob01011a,13,aware,13,13,149.95568208854377,1.0
DES_MP,0,7,10.1039/c0ob01011a,13,aware_on_anchor_rows,100,100,149.95568208854377,1.0
DES_MP,0,7,10.1039/c0ob01011a,13,explore_offset_q_aware,100,100,149.95568208854377,1.0
DES_MP,0,7,10.1039/c0ob01011a,13,naive,9,13,54.1057533026048,0.6923076923076923
DES_MP,0,7,10.1039/c5gc01451d,7,aware,7,7,149.95568208854377,1.0
DES_MP,0,7,10.1039/c5gc01451d,7,naive,5,7,54.1057533026048,0.7142857142857143
DES_MP,0,7,10.1039/c9cc04846d,22,anchor,159,190,117.7963815869249,0.8368421052631579
DES_MP,0,7,10.1039/c9cc04846d,22,aware,20,22,149.95568208854377,0.9090909090909091
DES_MP,0,7,10.1039/c9cc04846d,22,aware_on_anchor_rows,172,190,149.95568208854377,0.9052631578947369
DES_MP,0,7,10.1039/c9cc04846d,22,explore_offset_q_aware,168,190,149.95568208854377,0.8842105263157894
DES_MP,0,7,10.1039/c9cc04846d,22,naive,18,22,54.1057533026048,0.8181818181818182
DES_MP,0,8,10.1002/aic.17408,80,anchor,606,770,120.72686795382874,0.787012987012987
DES_MP,0,8,10.1002/aic.17408,80,aware,63,80,151.37254170483857,0.7875
DES_MP,0,8,10.1002/aic.17408,80,aware_on_anchor_rows,602,770,151.37254170483857,0.7818181818181819
DES_MP,0,8,10.1002/aic.17408,80,explore_offset_q_aware,684,770,151.37254170483857,0.8883116883116883
DES_MP,0,8,10.1002/aic.17408,80,naive,35,80,54.74190037451956,0.4375
DES_MP,0,8,10.1002/aic.17410,1,aware,1,1,151.37254170483857,1.0
DES_MP,0,8,10.1002/aic.17410,1,naive,1,1,54.74190037451956,1.0
DES_MP,0,8,10.1002/aic.17418,1,aware,1,1,151.37254170483857,1.0
DES_MP,0,8,10.1002/aic.17418,1,naive,1,1,54.74190037451956,1.0
DES_MP,0,8,10.1016/j.chroma.2018.07.070,3,aware,3,3,151.37254170483857,1.0
DES_MP,0,8,10.1016/j.chroma.2018.07.070,3,naive,3,3,54.74190037451956,1.0
DES_MP,0,8,10.1016/j.ijggc.2019.102839,18,anchor,150,150,120.72686795382874,1.0
DES_MP,0,8,10.1016/j.ijggc.2019.102839,18,aware,18,18,151.37254170483857,1.0
DES_MP,0,8,10.1016/j.ijggc.2019.102839,18,aware_on_anchor_rows,150,150,151.37254170483857,1.0
DES_MP,0,8,10.1016/j.ijggc.2019.102839,18,explore_offset_q_aware,150,150,151.37254170483857,1.0
DES_MP,0,8,10.1016/j.ijggc.2019.102839,18,naive,6,18,54.74190037451956,0.3333333333333333
DES_MP,0,8,10.1016/j.jiec.2021.03.011,10,anchor,59,70,120.72686795382874,0.8428571428571429
DES_MP,0,8,10.1016/j.jiec.2021.03.011,10,aware,9,10,151.37254170483857,0.9
DES_MP,0,8,10.1016/j.jiec.2021.03.011,10,aware_on_anchor_rows,63,70,151.37254170483857,0.9
DES_MP,0,8,10.1016/j.jiec.2021.03.011,10,explore_offset_q_aware,66,70,151.37254170483857,0.9428571428571428
DES_MP,0,8,10.1016/j.jiec.2021.03.011,10,naive,6,10,54.74190037451956,0.6
DES_MP,0,8,10.1016/j.molliq.2019.112155,23,anchor,181,200,120.72686795382874,0.905
DES_MP,0,8,10.1016/j.molliq.2019.112155,23,aware,21,23,151.37254170483857,0.9130434782608695
DES_MP,0,8,10.1016/j.molliq.2019.112155,23,aware_on_anchor_rows,181,200,151.37254170483857,0.905
DES_MP,0,8,10.1016/j.molliq.2019.112155,23,explore_offset_q_aware,186,200,151.37254170483857,0.93
DES_MP,0,8,10.1016/j.molliq.2019.112155,23,naive,15,23,54.74190037451956,0.6521739130434783
DES_MP,0,8,10.1016/j.molliq.2020.114745,25,anchor,170,220,120.72686795382874,0.7727272727272727
DES_MP,0,8,10.1016/j.molliq.2020.114745,25,aware,16,25,151.37254170483857,0.64
DES_MP,0,8,10.1016/j.molliq.2020.114745,25,aware_on_anchor_rows,141,220,151.37254170483857,0.6409090909090909
DES_MP,0,8,10.1016/j.molliq.2020.114745,25,explore_offset_q_aware,206,220,151.37254170483857,0.9363636363636364
DES_MP,0,8,10.1016/j.molliq.2020.114745,25,naive,10,25,54.74190037451956,0.4
DES_MP,0,8,10.1016/j.trac.2021.116187,13,anchor,72,100,120.72686795382874,0.72
DES_MP,0,8,10.1016/j.trac.2021.116187,13,aware,10,13,151.37254170483857,0.7692307692307693
DES_MP,0,8,10.1016/j.trac.2021.116187,13,aware_on_anchor_rows,77,100,151.37254170483857,0.77
DES_MP,0,8,10.1016/j.trac.2021.116187,13,explore_offset_q_aware,86,100,151.37254170483857,0.86
DES_MP,0,8,10.1016/j.trac.2021.116187,13,naive,7,13,54.74190037451956,0.5384615384615384
DES_MP,0,8,10.1021/je300997v,42,anchor,352,390,120.72686795382874,0.9025641025641026
DES_MP,0,8,10.1021/je300997v,42,aware,42,42,151.37254170483857,1.0
DES_MP,0,8,10.1021/je300997v,42,aware_on_anchor_rows,390,390,151.37254170483857,1.0
DES_MP,0,8,10.1021/je300997v,42,explore_offset_q_aware,380,390,151.37254170483857,0.9743589743589743
DES_MP,0,8,10.1021/je300997v,42,naive,18,42,54.74190037451956,0.42857142857142855
DES_MP,0,8,10.1021/js9701465,7,aware,4,7,151.37254170483857,0.5714285714285714
DES_MP,0,8,10.1021/js9701465,7,naive,2,7,54.74190037451956,0.2857142857142857
DES_MP,0,8,10.1039/c3cp53406e,3,aware,3,3,151.37254170483857,1.0
DES_MP,0,8,10.1039/c3cp53406e,3,naive,2,3,54.74190037451956,0.6666666666666666
DES_MP,0,8,10.1039/c4cp00057a,8,anchor,50,50,120.72686795382874,1.0
DES_MP,0,8,10.1039/c4cp00057a,8,aware,8,8,151.37254170483857,1.0
DES_MP,0,8,10.1039/c4cp00057a,8,aware_on_anchor_rows,50,50,151.37254170483857,1.0
DES_MP,0,8,10.1039/c4cp00057a,8,explore_offset_q_aware,50,50,151.37254170483857,1.0
DES_MP,0,8,10.1039/c4cp00057a,8,naive,8,8,54.74190037451956,1.0
DES_MP,0,8,10.3390/molecules25051077,99,anchor,960,960,120.72686795382874,1.0
DES_MP,0,8,10.3390/molecules25051077,99,aware,99,99,151.37254170483857,1.0
DES_MP,0,8,10.3390/molecules25051077,99,aware_on_anchor_rows,960,960,151.37254170483857,1.0
DES_MP,0,8,10.3390/molecules25051077,99,explore_offset_q_aware,960,960,151.37254170483857,1.0
DES_MP,0,8,10.3390/molecules25051077,99,naive,97,99,54.74190037451956,0.9797979797979798
DES_MP,0,9,10.1002/9783527818488,5,aware,3,5,141.94806675183668,0.6
DES_MP,0,9,10.1002/9783527818488,5,naive,1,5,52.73516474689313,0.2
DES_MP,0,9,10.1002/adfm.202011102,8,anchor,43,50,111.55503948147404,0.86
DES_MP,0,9,10.1002/adfm.202011102,8,aware,4,8,141.94806675183668,0.5
DES_MP,0,9,10.1002/adfm.202011102,8,aware_on_anchor_rows,20,50,141.94806675183668,0.4
DES_MP,0,9,10.1002/adfm.202011102,8,explore_offset_q_aware,48,50,141.94806675183668,0.96
DES_MP,0,9,10.1002/adfm.202011102,8,naive,1,8,52.73516474689313,0.125
DES_MP,0,9,10.1002/aic.17419,1,aware,1,1,141.94806675183668,1.0
DES_MP,0,9,10.1002/aic.17419,1,naive,1,1,52.73516474689313,1.0
DES_MP,0,9,10.1016/j.cej.2020.125173,3,aware,2,3,141.94806675183668,0.6666666666666666
DES_MP,0,9,10.1016/j.cej.2020.125173,3,naive,0,3,52.73516474689313,0.0
DES_MP,0,9,10.1016/j.chemphyslip.2009.05.004,87,anchor,840,840,111.55503948147404,1.0
DES_MP,0,9,10.1016/j.chemphyslip.2009.05.004,87,aware,87,87,141.94806675183668,1.0
DES_MP,0,9,10.1016/j.chemphyslip.2009.05.004,87,aware_on_anchor_rows,840,840,141.94806675183668,1.0
DES_MP,0,9,10.1016/j.chemphyslip.2009.05.004,87,explore_offset_q_aware,840,840,141.94806675183668,1.0
DES_MP,0,9,10.1016/j.chemphyslip.2009.05.004,87,naive,87,87,52.73516474689313,1.0
DES_MP,0,9,10.1016/j.fluid.2017.05.009,35,anchor,201,320,111.55503948147404,0.628125
DES_MP,0,9,10.1016/j.fluid.2017.05.009,35,aware,25,35,141.94806675183668,0.7142857142857143
DES_MP,0,9,10.1016/j.fluid.2017.05.009,35,aware_on_anchor_rows,229,320,141.94806675183668,0.715625
DES_MP,0,9,10.1016/j.fluid.2017.05.009,35,explore_offset_q_aware,236,320,141.94806675183668,0.7375
DES_MP,0,9,10.1016/j.fluid.2017.05.009,35,naive,12,35,52.73516474689313,0.34285714285714286
DES_MP,0,9,10.1016/j.fluid.2019.06.005,87,anchor,727,840,111.55503948147404,0.8654761904761905
DES_MP,0,9,10.1016/j.fluid.2019.06.005,87,aware,71,87,141.94806675183668,0.8160919540229885
DES_MP,0,9,10.1016/j.fluid.2019.06.005,87,aware_on_anchor_rows,687,840,141.94806675183668,0.8178571428571428
DES_MP,0,9,10.1016/j.fluid.2019.06.005,87,explore_offset_q_aware,799,840,141.94806675183668,0.9511904761904761
DES_MP,0,9,10.1016/j.fluid.2019.06.005,87,naive,31,87,52.73516474689313,0.3563218390804598
DES_MP,0,9,10.1016/j.jece.2020.104786,1,aware,1,1,141.94806675183668,1.0
DES_MP,0,9,10.1016/j.jece.2020.104786,1,naive,1,1,52.73516474689313,1.0
DES_MP,0,9,10.1016/j.molstruc.2017.11.064,17,anchor,84,140,111.55503948147404,0.6
DES_MP,0,9,10.1016/j.molstruc.2017.11.064,17,aware,8,17,141.94806675183668,0.47058823529411764
DES_MP,0,9,10.1016/j.molstruc.2017.11.064,17,aware_on_anchor_rows,63,140,141.94806675183668,0.45
DES_MP,0,9,10.1016/j.molstruc.2017.11.064,17,explore_offset_q_aware,101,140,141.94806675183668,0.7214285714285714
DES_MP,0,9,10.1016/j.molstruc.2017.11.064,17,naive,3,17,52.73516474689313,0.17647058823529413
DES_MP,0,9,10.1021/acs.energyfuels.6b00471,2,aware,2,2,141.94806675183668,1.0
DES_MP,0,9,10.1021/acs.energyfuels.6b00471,2,naive,2,2,52.73516474689313,1.0
DES_MP,0,9,10.1021/ic049931s,22,anchor,115,190,111.55503948147404,0.6052631578947368
DES_MP,0,9,10.1021/ic049931s,22,aware,17,22,141.94806675183668,0.7727272727272727
DES_MP,0,9,10.1021/ic049931s,22,aware_on_anchor_rows,148,190,141.94806675183668,0.7789473684210526
DES_MP,0,9,10.1021/ic049931s,22,explore_offset_q_aware,144,190,141.94806675183668,0.7578947368421053
DES_MP,0,9,10.1021/ic049931s,22,naive,6,22,52.73516474689313,0.2727272727272727
DES_MP,0,9,10.1021/jp412552v,45,anchor,247,420,111.55503948147404,0.5880952380952381
DES_MP,0,9,10.1021/jp412552v,45,aware,18,45,141.94806675183668,0.4
DES_MP,0,9,10.1021/jp412552v,45,aware_on_anchor_rows,168,420,141.94806675183668,0.4
DES_MP,0,9,10.1021/jp412552v,45,explore_offset_q_aware,299,420,141.94806675183668,0.7119047619047619
DES_MP,0,9,10.1021/jp412552v,45,naive,4,45,52.73516474689313,0.08888888888888889
DES_MP,0,9,10.1038/s41598-019-51472-7,12,anchor,90,90,111.55503948147404,1.0
DES_MP,0,9,10.1038/s41598-019-51472-7,12,aware,12,12,141.94806675183668,1.0
DES_MP,0,9,10.1038/s41598-019-51472-7,12,aware_on_anchor_rows,90,90,141.94806675183668,1.0
DES_MP,0,9,10.1038/s41598-019-51472-7,12,explore_offset_q_aware,90,90,141.94806675183668,1.0
DES_MP,0,9,10.1038/s41598-019-51472-7,12,naive,12,12,52.73516474689313,1.0
DES_MP,0,9,10.3390/molecules26144208,8,anchor,50,50,111.55503948147404,1.0
DES_MP,0,9,10.3390/molecules26144208,8,aware,8,8,141.94806675183668,1.0
DES_MP,0,9,10.3390/molecules26144208,8,aware_on_anchor_rows,50,50,141.94806675183668,1.0
DES_MP,0,9,10.3390/molecules26144208,8,explore_offset_q_aware,50,50,141.94806675183668,1.0
DES_MP,0,9,10.3390/molecules26144208,8,naive,8,8,52.73516474689313,1.0
DES_MP,1,0,10.1016/j.fluid.2017.04.007,388,anchor,3724,3850,129.12156503613014,0.9672727272727273
DES_MP,1,0,10.1016/j.fluid.2017.04.007,388,aware,382,388,165.68051018944436,0.9845360824742269
DES_MP,1,0,10.1016/j.fluid.2017.04.007,388,aware_on_anchor_rows,3790,3850,165.68051018944436,0.9844155844155844
DES_MP,1,0,10.1016/j.fluid.2017.04.007,388,explore_offset_q_aware,3824,3850,165.68051018944436,0.9932467532467533
DES_MP,1,0,10.1016/j.fluid.2017.04.007,388,naive,288,388,58.9348721323945,0.7422680412371134
DES_MP,1,1,10.1002/aic.17413,1,aware,1,1,160.50010499946353,1.0
DES_MP,1,1,10.1002/aic.17413,1,naive,1,1,58.698838524234816,1.0
DES_MP,1,1,10.1002/aic.17415,1,aware,1,1,160.50010499946353,1.0
DES_MP,1,1,10.1002/aic.17415,1,naive,1,1,58.698838524234816,1.0
DES_MP,1,1,10.1002/apj.1873,16,anchor,130,130,125.42653229801428,1.0
DES_MP,1,1,10.1002/apj.1873,16,aware,16,16,160.50010499946353,1.0
DES_MP,1,1,10.1002/apj.1873,16,aware_on_anchor_rows,130,130,160.50010499946353,1.0
DES_MP,1,1,10.1002/apj.1873,16,explore_offset_q_aware,130,130,160.50010499946353,1.0
DES_MP,1,1,10.1002/apj.1873,16,naive,8,16,58.698838524234816,0.5
DES_MP,1,1,10.1016/j.chroma.2018.07.070,3,aware,3,3,160.50010499946353,1.0
DES_MP,1,1,10.1016/j.chroma.2018.07.070,3,naive,3,3,58.698838524234816,1.0
DES_MP,1,1,10.1016/j.jct.2015.04.021,12,anchor,90,90,125.42653229801428,1.0
DES_MP,1,1,10.1016/j.jct.2015.04.021,12,aware,12,12,160.50010499946353,1.0
DES_MP,1,1,10.1016/j.jct.2015.04.021,12,aware_on_anchor_rows,90,90,160.50010499946353,1.0
DES_MP,1,1,10.1016/j.jct.2015.04.021,12,explore_offset_q_aware,90,90,160.50010499946353,1.0
DES_MP,1,1,10.1016/j.jct.2015.04.021,12,naive,0,12,58.698838524234816,0.0
DES_MP,1,1,10.1016/j.solmat.2016.06.004,5,aware,4,5,160.50010499946353,0.8
DES_MP,1,1,10.1016/j.solmat.2016.06.004,5,naive,1,5,58.698838524234816,0.2
DES_MP,1,1,10.1021/acs.energyfuels.6b00471,2,aware,2,2,160.50010499946353,1.0
DES_MP,1,1,10.1021/acs.energyfuels.6b00471,2,naive,2,2,58.698838524234816,1.0
DES_MP,1,1,10.1021/acs.iecr.7b02382,278,anchor,2726,2750,125.42653229801428,0.9912727272727273
DES_MP,1,1,10.1021/acs.iecr.7b02382,278,aware,278,278,160.50010499946353,1.0
DES_MP,1,1,10.1021/acs.iecr.7b02382,278,aware_on_anchor_rows,2750,2750,160.50010499946353,1.0
DES_MP,1,1,10.1021/acs.iecr.7b02382,278,explore_offset_q_aware,2750,2750,160.50010499946353,1.0
DES_MP,1,1,10.1021/acs.iecr.7b02382,278,naive,234,278,58.698838524234816,0.841726618705036
DES_MP,1,1,10.1021/ie500466g,8,anchor,41,50,125.42653229801428,0.82
DES_MP,1,1,10.1021/ie500466g,8,aware,8,8,160.50010499946353,1.0
DES_MP,1,1,10.1021/ie500466g,8,aware_on_anchor_rows,50,50,160.50010499946353,1.0
DES_MP,1,1,10.1021/ie500466g,8,explore_offset_q_aware,48,50,160.50010499946353,0.96
DES_MP,1,1,10.1021/ie500466g,8,naive,4,8,58.698838524234816,0.5
DES_MP,1,1,10.1039/b106357j,8,anchor,50,50,125.42653229801428,1.0
DES_MP,1,1,10.1039/b106357j,8,aware,8,8,160.50010499946353,1.0
DES_MP,1,1,10.1039/b106357j,8,aware_on_anchor_rows,50,50,160.50010499946353,1.0
DES_MP,1,1,10.1039/b106357j,8,explore_offset_q_aware,50,50,160.50010499946353,1.0
DES_MP,1,1,10.1039/b106357j,8,naive,7,8,58.698838524234816,0.875
DES_MP,1,2,10.1002/aic.17410,1,aware,1,1,170.38645272547876,1.0
DES_MP,1,2,10.1002/aic.17410,1,naive,1,1,57.65399528398291,1.0
DES_MP,1,2,10.1002/aic.17411,1,aware,1,1,170.38645272547876,1.0
DES_MP,1,2,10.1002/aic.17411,1,naive,1,1,57.65399528398291,1.0
DES_MP,1,2,10.1002/chem.200601738,6,aware,6,6,170.38645272547876,1.0
DES_MP,1,2,10.1002/chem.200601738,6,naive,3,6,57.65399528398291,0.5
DES_MP,1,2,10.1016/j.chroma.2017.09.044,2,aware,2,2,170.38645272547876,1.0
DES_MP,1,2,10.1016/j.chroma.2017.09.044,2,naive,2,2,57.65399528398291,1.0
DES_MP,1,2,10.1016/j.microc.2019.104384,12,anchor,90,90,133.2394195313679,1.0
DES_MP,1,2,10.1016/j.microc.2019.104384,12,aware,12,12,170.38645272547876,1.0
DES_MP,1,2,10.1016/j.microc.2019.104384,12,aware_on_anchor_rows,90,90,170.38645272547876,1.0
DES_MP,1,2,10.1016/j.microc.2019.104384,12,explore_offset_q_aware,90,90,170.38645272547876,1.0
DES_MP,1,2,10.1016/j.microc.2019.104384,12,naive,2,12,57.65399528398291,0.16666666666666666
DES_MP,1,2,10.1016/j.molliq.2016.10.134,8,anchor,49,50,133.2394195313679,0.98
DES_MP,1,2,10.1016/j.molliq.2016.10.134,8,aware,7,8,170.38645272547876,0.875
DES_MP,1,2,10.1016/j.molliq.2016.10.134,8,aware_on_anchor_rows,44,50,170.38645272547876,0.88
DES_MP,1,2,10.1016/j.molliq.2016.10.134,8,explore_offset_q_aware,50,50,170.38645272547876,1.0
DES_MP,1,2,10.1016/j.molliq.2016.10.134,8,naive,2,8,57.65399528398291,0.25
DES_MP,1,2,10.1021/acs.jpcb.0c02386,262,anchor,2560,2590,133.2394195313679,0.9884169884169884
DES_MP,1,2,10.1021/acs.jpcb.0c02386,262,aware,262,262,170.38645272547876,1.0
DES_MP,1,2,10.1021/acs.jpcb.0c02386,262,aware_on_anchor_rows,2590,2590,170.38645272547876,1.0
DES_MP,1,2,10.1021/acs.jpcb.0c02386,262,explore_offset_q_aware,2582,2590,170.38645272547876,0.9969111969111969
DES_MP,1,2,10.1021/acs.jpcb.0c02386,262,naive,206,262,57.65399528398291,0.7862595419847328
DES_MP,1,2,10.1039/c4ra10628h,16,anchor,69,130,133.2394195313679,0.5307692307692308
DES_MP,1,2,10.1039/c4ra10628h,16,aware,8,16,170.38645272547876,0.5
DES_MP,1,2,10.1039/c4ra10628h,16,aware_on_anchor_rows,61,130,170.38645272547876,0.46923076923076923
DES_MP,1,2,10.1039/c4ra10628h,16,explore_offset_q_aware,83,130,170.38645272547876,0.6384615384615384
DES_MP,1,2,10.1039/c4ra10628h,16,naive,4,16,57.65399528398291,0.25
DES_MP,1,2,10.1149/1945-7111/ab68d3,5,aware,5,5,170.38645272547876,1.0
DES_MP,1,2,10.1149/1945-7111/ab68d3,5,naive,3,5,57.65399528398291,0.6
DES_MP,1,2,10.3390/pr9050796,21,anchor,180,180,133.2394195313679,1.0
DES_MP,1,2,10.3390/pr9050796,21,aware,21,21,170.38645272547876,1.0
DES_MP,1,2,10.3390/pr9050796,21,aware_on_anchor_rows,180,180,170.38645272547876,1.0
DES_MP,1,2,10.3390/pr9050796,21,explore_offset_q_aware,180,180,170.38645272547876,1.0
DES_MP,1,2,10.3390/pr9050796,21,naive,21,21,57.65399528398291,1.0
DES_MP,1,3,10.1002/9783527818488,5,aware,3,5,155.55873190352656,0.6
DES_MP,1,3,10.1002/9783527818488,5,naive,1,5,53.43597907572814,0.2
DES_MP,1,3,10.1002/adfm.202011102,8,anchor,42,50,119.74498923639548,0.84
DES_MP,1,3,10.1002/adfm.202011102,8,aware,5,8,155.55873190352656,0.625
DES_MP,1,3,10.1002/adfm.202011102,8,aware_on_anchor_rows,27,50,155.55873190352656,0.54
DES_MP,1,3,10.1002/adfm.202011102,8,explore_offset_q_aware,49,50,155.55873190352656,0.98
DES_MP,1,3,10.1002/adfm.202011102,8,naive,1,8,53.43597907572814,0.125
DES_MP,1,3,10.1002/aic.17412,1,aware,1,1,155.55873190352656,1.0
DES_MP,1,3,10.1002/aic.17412,1,naive,1,1,53.43597907572814,1.0
DES_MP,1,3,10.1002/cssc.202001331,206,anchor,1174,2030,119.74498923639548,0.5783251231527093
DES_MP,1,3,10.1002/cssc.202001331,206,aware,112,206,155.55873190352656,0.5436893203883495
DES_MP,1,3,10.1002/cssc.202001331,206,aware_on_anchor_rows,1098,2030,155.55873190352656,0.5408866995073892
DES_MP,1,3,10.1002/cssc.202001331,206,explore_offset_q_aware,1407,2030,155.55873190352656,0.6931034482758621
DES_MP,1,3,10.1002/cssc.202001331,206,naive,60,206,53.43597907572814,0.2912621359223301
DES_MP,1,3,10.1016/j.hydromet.2022.105971,24,anchor,184,210,119.74498923639548,0.8761904761904762
DES_MP,1,3,10.1016/j.hydromet.2022.105971,24,aware,20,24,155.55873190352656,0.8333333333333334
DES_MP,1,3,10.1016/j.hydromet.2022.105971,24,aware_on_anchor_rows,172,210,155.55873190352656,0.819047619047619
DES_MP,1,3,10.1016/j.hydromet.2022.105971,24,explore_offset_q_aware,205,210,155.55873190352656,0.9761904761904762
DES_MP,1,3,10.1016/j.hydromet.2022.105971,24,naive,9,24,53.43597907572814,0.375
DES_MP,1,3,10.1016/j.molliq.2020.113727,6,aware,3,6,155.55873190352656,0.5
DES_MP,1,3,10.1016/j.molliq.2020.113727,6,naive,3,6,53.43597907572814,0.5
DES_MP,1,3,10.1016/j.molliq.2021.117021,19,anchor,131,160,119.74498923639548,0.81875
DES_MP,1,3,10.1016/j.molliq.2021.117021,19,aware,18,19,155.55873190352656,0.9473684210526315
DES_MP,1,3,10.1016/j.molliq.2021.117021,19,aware_on_anchor_rows,152,160,155.55873190352656,0.95
DES_MP,1,3,10.1016/j.molliq.2021.117021,19,explore_offset_q_aware,145,160,155.55873190352656,0.90625
DES_MP,1,3,10.1016/j.molliq.2021.117021,19,naive,11,19,53.43597907572814,0.5789473684210527
DES_MP,1,3,10.1016/j.tca.2009.08.016,2,aware,2,2,155.55873190352656,1.0
DES_MP,1,3,10.1016/j.tca.2009.08.016,2,naive,2,2,53.43597907572814,1.0
DES_MP,1,3,10.1016/s0168-3659(97)00153-3,12,anchor,89,90,119.74498923639548,0.9888888888888889
DES_MP,1,3,10.1016/s0168-3659(97)00153-3,12,aware,12,12,155.55873190352656,1.0
DES_MP,1,3,10.1016/s0168-3659(97)00153-3,12,aware_on_anchor_rows,90,90,155.55873190352656,1.0
DES_MP,1,3,10.1016/s0168-3659(97)00153-3,12,explore_offset_q_aware,90,90,155.55873190352656,1.0
DES_MP,1,3,10.1016/s0168-3659(97)00153-3,12,naive,10,12,53.43597907572814,0.8333333333333334
DES_MP,1,3,10.1021/acssuschemeng.0c08289,1,aware,1,1,155.55873190352656,1.0
DES_MP,1,3,10.1021/acssuschemeng.0c08289,1,naive,0,1,53.43597907572814,0.0
DES_MP,1,3,10.1021/ja048266j,36,anchor,326,330,119.74498923639548,0.9878787878787879
DES_MP,1,3,10.1021/ja048266j,36,aware,36,36,155.55873190352656,1.0
DES_MP,1,3,10.1021/ja048266j,36,aware_on_anchor_rows,330,330,155.55873190352656,1.0
DES_MP,1,3,10.1021/ja048266j,36,explore_offset_q_aware,330,330,155.55873190352656,1.0
DES_MP,1,3,10.1021/ja048266j,36,naive,16,36,53.43597907572814,0.4444444444444444
DES_MP,1,3,10.1039/c1ra00630d,14,anchor,110,110,119.74498923639548,1.0
DES_MP,1,3,10.1039/c1ra00630d,14,aware,14,14,155.55873190352656,1.0
DES_MP,1,3,10.1039/c1ra00630d,14,aware_on_anchor_rows,110,110,155.55873190352656,1.0
DES_MP,1,3,10.1039/c1ra00630d,14,explore_offset_q_aware,110,110,155.55873190352656,1.0
DES_MP,1,3,10.1039/c1ra00630d,14,naive,10,14,53.43597907572814,0.7142857142857143
DES_MP,1,4,10.1002/cphc.200500489,36,anchor,330,330,126.161109939782,1.0
DES_MP,1,4,10.1002/cphc.200500489,36,aware,36,36,161.01912776527195,1.0
DES_MP,1,4,10.1002/cphc.200500489,36,aware_on_anchor_rows,330,330,161.01912776527195,1.0
DES_MP,1,4,10.1002/cphc.200500489,36,explore_offset_q_aware,330,330,161.01912776527195,1.0
DES_MP,1,4,10.1002/cphc.200500489,36,naive,36,36,56.27785949381803,1.0
DES_MP,1,4,10.1016/j.cattod.2021.05.018,8,anchor,40,50,126.161109939782,0.8
DES_MP,1,4,10.1016/j.cattod.2021.05.018,8,aware,0,8,161.01912776527195,0.0
DES_MP,1,4,10.1016/j.cattod.2021.05.018,8,aware_on_anchor_rows,0,50,161.01912776527195,0.0
DES_MP,1,4,10.1016/j.cattod.2021.05.018,8,explore_offset_q_aware,47,50,161.01912776527195,0.94
DES_MP,1,4,10.1016/j.cattod.2021.05.018,8,naive,0,8,56.27785949381803,0.0
DES_MP,1,4,10.1016/j.cej.2023.141335,1,aware,1,1,161.01912776527195,1.0
DES_MP,1,4,10.1016/j.cej.2023.141335,1,naive,1,1,56.27785949381803,1.0
DES_MP,1,4,10.1016/j.cplett.2015.06.017,1,aware,1,1,161.01912776527195,1.0
DES_MP,1,4,10.1016/j.cplett.2015.06.017,1,naive,0,1,56.27785949381803,0.0
DES_MP,1,4,10.1016/j.molliq.2008.07.009,24,anchor,210,210,126.161109939782,1.0
DES_MP,1,4,10.1016/j.molliq.2008.07.009,24,aware,24,24,161.01912776527195,1.0
DES_MP,1,4,10.1016/j.molliq.2008.07.009,24,aware_on_anchor_rows,210,210,161.01912776527195,1.0
DES_MP,1,4,10.1016/j.molliq.2008.07.009,24,explore_offset_q_aware,210,210,161.01912776527195,1.0
DES_MP,1,4,10.1016/j.molliq.2008.07.009,24,naive,18,24,56.27785949381803,0.75
DES_MP,1,4,10.1016/j.tca.2012.03.027,21,anchor,132,180,126.161109939782,0.7333333333333333
DES_MP,1,4,10.1016/j.tca.2012.03.027,21,aware,12,21,161.01912776527195,0.5714285714285714
DES_MP,1,4,10.1016/j.tca.2012.03.027,21,aware_on_anchor_rows,101,180,161.01912776527195,0.5611111111111111
DES_MP,1,4,10.1016/j.tca.2012.03.027,21,explore_offset_q_aware,156,180,161.01912776527195,0.8666666666666667
DES_MP,1,4,10.1016/j.tca.2012.03.027,21,naive,2,21,56.27785949381803,0.09523809523809523
DES_MP,1,4,10.1021/acs.iecr.8b01249,202,anchor,1735,1990,126.161109939782,0.871859296482412
DES_MP,1,4,10.1021/acs.iecr.8b01249,202,aware,192,202,161.01912776527195,0.9504950495049505
DES_MP,1,4,10.1021/acs.iecr.8b01249,202,aware_on_anchor_rows,1891,1990,161.01912776527195,0.950251256281407
DES_MP,1,4,10.1021/acs.iecr.8b01249,202,explore_offset_q_aware,1892,1990,161.01912776527195,0.9507537688442211
DES_MP,1,4,10.1021/acs.iecr.8b01249,202,naive,80,202,56.27785949381803,0.39603960396039606
DES_MP,1,4,10.1021/ef2004943,11,anchor,80,80,126.161109939782,1.0
DES_MP,1,4,10.1021/ef2004943,11,aware,11,11,161.01912776527195,1.0
DES_MP,1,4,10.1021/ef2004943,11,aware_on_anchor_rows,80,80,161.01912776527195,1.0
DES_MP,1,4,10.1021/ef2004943,11,explore_offset_q_aware,80,80,161.01912776527195,1.0
DES_MP,1,4,10.1021/ef2004943,11,naive,11,11,56.27785949381803,1.0
DES_MP,1,4,10.1021/je5002126,16,anchor,130,130,126.161109939782,1.0
DES_MP,1,4,10.1021/je5002126,16,aware,16,16,161.01912776527195,1.0
DES_MP,1,4,10.1021/je5002126,16,aware_on_anchor_rows,130,130,161.01912776527195,1.0
DES_MP,1,4,10.1021/je5002126,16,explore_offset_q_aware,130,130,161.01912776527195,1.0
DES_MP,1,4,10.1021/je5002126,16,naive,12,16,56.27785949381803,0.75
DES_MP,1,4,10.1039/c2ra22990k,3,aware,3,3,161.01912776527195,1.0
DES_MP,1,4,10.1039/c2ra22990k,3,naive,1,3,56.27785949381803,0.3333333333333333
DES_MP,1,4,10.1039/c3cp53406e,3,aware,3,3,161.01912776527195,1.0
DES_MP,1,4,10.1039/c3cp53406e,3,naive,2,3,56.27785949381803,0.6666666666666666
DES_MP,1,4,10.3923/jas.2010.3349.3354,8,anchor,50,50,126.161109939782,1.0
DES_MP,1,4,10.3923/jas.2010.3349.3354,8,aware,8,8,161.01912776527195,1.0
DES_MP,1,4,10.3923/jas.2010.3349.3354,8,aware_on_anchor_rows,50,50,161.01912776527195,1.0
DES_MP,1,4,10.3923/jas.2010.3349.3354,8,explore_offset_q_aware,50,50,161.01912776527195,1.0
DES_MP,1,4,10.3923/jas.2010.3349.3354,8,naive,2,8,56.27785949381803,0.25
DES_MP,1,5,10.1002/aic.17418,1,aware,1,1,161.22302408122056,1.0
DES_MP,1,5,10.1002/aic.17418,1,naive,1,1,57.74795446524428,1.0
DES_MP,1,5,10.1002/aic.17420,1,aware,1,1,161.22302408122056,1.0
DES_MP,1,5,10.1002/aic.17420,1,naive,1,1,57.74795446524428,1.0
DES_MP,1,5,10.1002/apj.1995,9,anchor,60,60,129.9267600953241,1.0
DES_MP,1,5,10.1002/apj.1995,9,aware,9,9,161.22302408122056,1.0
DES_MP,1,5,10.1002/apj.1995,9,aware_on_anchor_rows,60,60,161.22302408122056,1.0
DES_MP,1,5,10.1002/apj.1995,9,explore_offset_q_aware,60,60,161.22302408122056,1.0
DES_MP,1,5,10.1002/apj.1995,9,naive,9,9,57.74795446524428,1.0
DES_MP,1,5,10.1016/j.fluid.2017.03.008,7,aware,7,7,161.22302408122056,1.0
DES_MP,1,5,10.1016/j.fluid.2017.03.008,7,naive,7,7,57.74795446524428,1.0
DES_MP,1,5,10.1016/j.foodcont.2023.109625,5,aware,5,5,161.22302408122056,1.0
DES_MP,1,5,10.1016/j.foodcont.2023.109625,5,naive,3,5,57.74795446524428,0.6
DES_MP,1,5,10.1016/j.jece.2020.104786,1,aware,1,1,161.22302408122056,1.0
DES_MP,1,5,10.1016/j.jece.2020.104786,1,naive,1,1,57.74795446524428,1.0
DES_MP,1,5,10.1016/j.molliq.2020.113667,38,anchor,350,350,129.9267600953241,1.0
DES_MP,1,5,10.1016/j.molliq.2020.113667,38,aware,38,38,161.22302408122056,1.0
DES_MP,1,5,10.1016/j.molliq.2020.113667,38,aware_on_anchor_rows,350,350,161.22302408122056,1.0
DES_MP,1,5,10.1016/j.molliq.2020.113667,38,explore_offset_q_aware,350,350,161.22302408122056,1.0
DES_MP,1,5,10.1016/j.molliq.2020.113667,38,naive,35,38,57.74795446524428,0.9210526315789473
DES_MP,1,5,10.1016/j.tca.2011.10.010,12,anchor,90,90,129.9267600953241,1.0
DES_MP,1,5,10.1016/j.tca.2011.10.010,12,aware,12,12,161.22302408122056,1.0
DES_MP,1,5,10.1016/j.tca.2011.10.010,12,aware_on_anchor_rows,90,90,161.22302408122056,1.0
DES_MP,1,5,10.1016/j.tca.2011.10.010,12,explore_offset_q_aware,90,90,161.22302408122056,1.0
DES_MP,1,5,10.1016/j.tca.2011.10.010,12,naive,5,12,57.74795446524428,0.4166666666666667
DES_MP,1,5,10.1021/acs.iecr.0c04551,1,aware,1,1,161.22302408122056,1.0
DES_MP,1,5,10.1021/acs.iecr.0c04551,1,naive,1,1,57.74795446524428,1.0
DES_MP,1,5,10.1021/acssuschemeng.0c08288,24,anchor,206,210,129.9267600953241,0.9809523809523809
DES_MP,1,5,10.1021/acssuschemeng.0c08288,24,aware,24,24,161.22302408122056,1.0
DES_MP,1,5,10.1021/acssuschemeng.0c08288,24,aware_on_anchor_rows,210,210,161.22302408122056,1.0
DES_MP,1,5,10.1021/acssuschemeng.0c08288,24,explore_offset_q_aware,210,210,161.22302408122056,1.0
DES_MP,1,5,10.1021/acssuschemeng.0c08288,24,naive,16,24,57.74795446524428,0.6666666666666666
DES_MP,1,5,10.1021/acssuschemeng.7b04235,18,anchor,150,150,129.9267600953241,1.0
DES_MP,1,5,10.1021/acssuschemeng.7b04235,18,aware,18,18,161.22302408122056,1.0
DES_MP,1,5,10.1021/acssuschemeng.7b04235,18,aware_on_anchor_rows,150,150,161.22302408122056,1.0
DES_MP,1,5,10.1021/acssuschemeng.7b04235,18,explore_offset_q_aware,150,150,161.22302408122056,1.0
DES_MP,1,5,10.1021/acssuschemeng.7b04235,18,naive,18,18,57.74795446524428,1.0
DES_MP,1,5,10.1021/acssuschemeng.8b01203,137,anchor,1340,1340,129.9267600953241,1.0
DES_MP,1,5,10.1021/acssuschemeng.8b01203,137,aware,137,137,161.22302408122056,1.0
DES_MP,1,5,10.1021/acssuschemeng.8b01203,137,aware_on_anchor_rows,1340,1340,161.22302408122056,1.0
DES_MP,1,5,10.1021/acssuschemeng.8b01203,137,explore_offset_q_aware,1340,1340,161.22302408122056,1.0
DES_MP,1,5,10.1021/acssuschemeng.8b01203,137,naive,135,137,57.74795446524428,0.9854014598540146
DES_MP,1,5,10.1021/je100104v,50,anchor,346,470,129.9267600953241,0.7361702127659574
DES_MP,1,5,10.1021/je100104v,50,aware,39,50,161.22302408122056,0.78
DES_MP,1,5,10.1021/je100104v,50,aware_on_anchor_rows,364,470,161.22302408122056,0.774468085106383
DES_MP,1,5,10.1021/je100104v,50,explore_offset_q_aware,388,470,161.22302408122056,0.825531914893617
DES_MP,1,5,10.1021/je100104v,50,naive,16,50,57.74795446524428,0.32
DES_MP,1,5,10.1039/c9cc04846d,22,anchor,168,190,129.9267600953241,0.8842105263157894
DES_MP,1,5,10.1039/c9cc04846d,22,aware,20,22,161.22302408122056,0.9090909090909091
DES_MP,1,5,10.1039/c9cc04846d,22,aware_on_anchor_rows,172,190,161.22302408122056,0.9052631578947369
DES_MP,1,5,10.1039/c9cc04846d,22,explore_offset_q_aware,172,190,161.22302408122056,0.9052631578947369
DES_MP,1,5,10.1039/c9cc04846d,22,naive,18,22,57.74795446524428,0.8181818181818182
DES_MP,1,5,10.3390/molecules26144208,8,anchor,50,50,129.9267600953241,1.0
DES_MP,1,5,10.3390/molecules26144208,8,aware,8,8,161.22302408122056,1.0
DES_MP,1,5,10.3390/molecules26144208,8,aware_on_anchor_rows,50,50,161.22302408122056,1.0
DES_MP,1,5,10.3390/molecules26144208,8,explore_offset_q_aware,50,50,161.22302408122056,1.0
DES_MP,1,5,10.3390/molecules26144208,8,naive,8,8,57.74795446524428,1.0
DES_MP,1,6,10.1002/aic.17417,1,aware,1,1,163.43340825882603,1.0
DES_MP,1,6,10.1002/aic.17417,1,naive,1,1,57.395797663410974,1.0
DES_MP,1,6,10.1007/s10973-012-2831-3,32,anchor,290,290,127.41170646078326,1.0
DES_MP,1,6,10.1007/s10973-012-2831-3,32,aware,32,32,163.43340825882603,1.0
DES_MP,1,6,10.1007/s10973-012-2831-3,32,aware_on_anchor_rows,290,290,163.43340825882603,1.0
DES_MP,1,6,10.1007/s10973-012-2831-3,32,explore_offset_q_aware,290,290,163.43340825882603,1.0
DES_MP,1,6,10.1007/s10973-012-2831-3,32,naive,20,32,57.395797663410974,0.625
DES_MP,1,6,10.1016/j.fluid.2017.03.011,12,anchor,90,90,127.41170646078326,1.0
DES_MP,1,6,10.1016/j.fluid.2017.03.011,12,aware,12,12,163.43340825882603,1.0
DES_MP,1,6,10.1016/j.fluid.2017.03.011,12,aware_on_anchor_rows,90,90,163.43340825882603,1.0
DES_MP,1,6,10.1016/j.fluid.2017.03.011,12,explore_offset_q_aware,90,90,163.43340825882603,1.0
DES_MP,1,6,10.1016/j.fluid.2017.03.011,12,naive,0,12,57.395797663410974,0.0
DES_MP,1,6,10.1016/j.gee.2020.11.020,51,anchor,479,480,127.41170646078326,0.9979166666666667
DES_MP,1,6,10.1016/j.gee.2020.11.020,51,aware,51,51,163.43340825882603,1.0
DES_MP,1,6,10.1016/j.gee.2020.11.020,51,aware_on_anchor_rows,480,480,163.43340825882603,1.0
DES_MP,1,6,10.1016/j.gee.2020.11.020,51,explore_offset_q_aware,480,480,163.43340825882603,1.0
DES_MP,1,6,10.1016/j.gee.2020.11.020,51,naive,25,51,57.395797663410974,0.49019607843137253
DES_MP,1,6,10.1016/j.jtice.2015.12.020,9,anchor,60,60,127.41170646078326,1.0
DES_MP,1,6,10.1016/j.jtice.2015.12.020,9,aware,9,9,163.43340825882603,1.0
DES_MP,1,6,10.1016/j.jtice.2015.12.020,9,aware_on_anchor_rows,60,60,163.43340825882603,1.0
DES_MP,1,6,10.1016/j.jtice.2015.12.020,9,explore_offset_q_aware,60,60,163.43340825882603,1.0
DES_MP,1,6,10.1016/j.jtice.2015.12.020,9,naive,1,9,57.395797663410974,0.1111111111111111
DES_MP,1,6,10.1016/j.molliq.2015.01.025,4,aware,4,4,163.43340825882603,1.0
DES_MP,1,6,10.1016/j.molliq.2015.01.025,4,naive,2,4,57.395797663410974,0.5
DES_MP,1,6,10.1016/j.molliq.2020.114495,3,aware,3,3,163.43340825882603,1.0
DES_MP,1,6,10.1016/j.molliq.2020.114495,3,naive,3,3,57.395797663410974,1.0
DES_MP,1,6,10.1016/j.molstruc.2017.11.064,17,anchor,105,140,127.41170646078326,0.75
DES_MP,1,6,10.1016/j.molstruc.2017.11.064,17,aware,10,17,163.43340825882603,0.5882352941176471
DES_MP,1,6,10.1016/j.molstruc.2017.11.064,17,aware_on_anchor_rows,79,140,163.43340825882603,0.5642857142857143
DES_MP,1,6,10.1016/j.molstruc.2017.11.064,17,explore_offset_q_aware,116,140,163.43340825882603,0.8285714285714286
DES_MP,1,6,10.1016/j.molstruc.2017.11.064,17,naive,2,17,57.395797663410974,0.11764705882352941
DES_MP,1,6,10.1021/acs.jpcb.0c01680,22,anchor,190,190,127.41170646078326,1.0
DES_MP,1,6,10.1021/acs.jpcb.0c01680,22,aware,20,22,163.43340825882603,0.9090909090909091
DES_MP,1,6,10.1021/acs.jpcb.0c01680,22,aware_on_anchor_rows,173,190,163.43340825882603,0.9105263157894737
DES_MP,1,6,10.1021/acs.jpcb.0c01680,22,explore_offset_q_aware,190,190,163.43340825882603,1.0
DES_MP,1,6,10.1021/acs.jpcb.0c01680,22,naive,9,22,57.395797663410974,0.4090909090909091
DES_MP,1,6,10.1021/acssuschemeng.0c05518,39,anchor,273,360,127.41170646078326,0.7583333333333333
DES_MP,1,6,10.1021/acssuschemeng.0c05518,39,aware,24,39,163.43340825882603,0.6153846153846154
DES_MP,1,6,10.1021/acssuschemeng.0c05518,39,aware_on_anchor_rows,223,360,163.43340825882603,0.6194444444444445
DES_MP,1,6,10.1021/acssuschemeng.0c05518,39,explore_offset_q_aware,308,360,163.43340825882603,0.8555555555555555
DES_MP,1,6,10.1021/acssuschemeng.0c05518,39,naive,7,39,57.395797663410974,0.1794871794871795
DES_MP,1,6,10.1021/je060146z,130,anchor,1270,1270,127.41170646078326,1.0
DES_MP,1,6,10.1021/je060146z,130,aware,130,130,163.43340825882603,1.0
DES_MP,1,6,10.1021/je060146z,130,aware_on_anchor_rows,1270,1270,163.43340825882603,1.0
DES_MP,1,6,10.1021/je060146z,130,explore_offset_q_aware,1270,1270,163.43340825882603,1.0
DES_MP,1,6,10.1021/je060146z,130,naive,130,130,57.395797663410974,1.0
DES_MP,1,6,10.1039/c4cp00057a,8,anchor,50,50,127.41170646078326,1.0
DES_MP,1,6,10.1039/c4cp00057a,8,aware,8,8,163.43340825882603,1.0
DES_MP,1,6,10.1039/c4cp00057a,8,aware_on_anchor_rows,50,50,163.43340825882603,1.0
DES_MP,1,6,10.1039/c4cp00057a,8,explore_offset_q_aware,50,50,163.43340825882603,1.0
DES_MP,1,6,10.1039/c4cp00057a,8,naive,8,8,57.395797663410974,1.0
DES_MP,1,6,10.3390/app11041601,5,aware,5,5,163.43340825882603,1.0
DES_MP,1,6,10.3390/app11041601,5,naive,3,5,57.395797663410974,0.6
DES_MP,1,7,10.1002/aic.17421,1,aware,1,1,139.9024447568512,1.0
DES_MP,1,7,10.1002/aic.17421,1,naive,1,1,54.26452112875688,1.0
DES_MP,1,7,10.1002/open.202100137,1,aware,1,1,139.9024447568512,1.0
DES_MP,1,7,10.1002/open.202100137,1,naive,0,1,54.26452112875688,0.0
DES_MP,1,7,10.1016/j.cej.2018.10.077,8,anchor,50,50,116.53045428106388,1.0
DES_MP,1,7,10.1016/j.cej.2018.10.077,8,aware,5,8,139.9024447568512,0.625
DES_MP,1,7,10.1016/j.cej.2018.10.077,8,aware_on_anchor_rows,34,50,139.9024447568512,0.68
DES_MP,1,7,10.1016/j.cej.2018.10.077,8,explore_offset_q_aware,50,50,139.9024447568512,1.0
DES_MP,1,7,10.1016/j.cej.2018.10.077,8,naive,2,8,54.26452112875688,0.25
DES_MP,1,7,10.1016/j.fluid.2017.03.015,18,anchor,108,150,116.53045428106388,0.72
DES_MP,1,7,10.1016/j.fluid.2017.03.015,18,aware,14,18,139.9024447568512,0.7777777777777778
DES_MP,1,7,10.1016/j.fluid.2017.03.015,18,aware_on_anchor_rows,117,150,139.9024447568512,0.78
DES_MP,1,7,10.1016/j.fluid.2017.03.015,18,explore_offset_q_aware,132,150,139.9024447568512,0.88
DES_MP,1,7,10.1016/j.fluid.2017.03.015,18,naive,10,18,54.26452112875688,0.5555555555555556
DES_MP,1,7,10.1016/j.fluid.2019.04.019,9,anchor,60,60,116.53045428106388,1.0
DES_MP,1,7,10.1016/j.fluid.2019.04.019,9,aware,0,9,139.9024447568512,0.0
DES_MP,1,7,10.1016/j.fluid.2019.04.019,9,aware_on_anchor_rows,0,60,139.9024447568512,0.0
DES_MP,1,7,10.1016/j.fluid.2019.04.019,9,explore_offset_q_aware,60,60,139.9024447568512,1.0
DES_MP,1,7,10.1016/j.fluid.2019.04.019,9,naive,0,9,54.26452112875688,0.0
DES_MP,1,7,10.1016/j.fluid.2020.112752,4,aware,3,4,139.9024447568512,0.75
DES_MP,1,7,10.1016/j.fluid.2020.112752,4,naive,0,4,54.26452112875688,0.0
DES_MP,1,7,10.1016/j.molliq.2014.08.004,24,anchor,210,210,116.53045428106388,1.0
DES_MP,1,7,10.1016/j.molliq.2014.08.004,24,aware,24,24,139.9024447568512,1.0
DES_MP,1,7,10.1016/j.molliq.2014.08.004,24,aware_on_anchor_rows,210,210,139.9024447568512,1.0
DES_MP,1,7,10.1016/j.molliq.2014.08.004,24,explore_offset_q_aware,210,210,139.9024447568512,1.0
DES_MP,1,7,10.1016/j.molliq.2014.08.004,24,naive,20,24,54.26452112875688,0.8333333333333334
DES_MP,1,7,10.1016/j.molliq.2015.11.032,2,aware,2,2,139.9024447568512,1.0
DES_MP,1,7,10.1016/j.molliq.2015.11.032,2,naive,2,2,54.26452112875688,1.0
DES_MP,1,7,10.1021/acssuschemeng.0c00559,78,anchor,624,750,116.53045428106388,0.832
DES_MP,1,7,10.1021/acssuschemeng.0c00559,78,aware,71,78,139.9024447568512,0.9102564102564102
DES_MP,1,7,10.1021/acssuschemeng.0c00559,78,aware_on_anchor_rows,684,750,139.9024447568512,0.912
DES_MP,1,7,10.1021/acssuschemeng.0c00559,78,explore_offset_q_aware,675,750,139.9024447568512,0.9
DES_MP,1,7,10.1021/acssuschemeng.0c00559,78,naive,55,78,54.26452112875688,0.7051282051282052
DES_MP,1,7,10.1021/acssuschemeng.8b02042,101,anchor,903,980,116.53045428106388,0.9214285714285714
DES_MP,1,7,10.1021/acssuschemeng.8b02042,101,aware,76,101,139.9024447568512,0.7524752475247525
DES_MP,1,7,10.1021/acssuschemeng.8b02042,101,aware_on_anchor_rows,739,980,139.9024447568512,0.7540816326530613
DES_MP,1,7,10.1021/acssuschemeng.8b02042,101,explore_offset_q_aware,929,980,139.9024447568512,0.9479591836734694
DES_MP,1,7,10.1021/acssuschemeng.8b02042,101,naive,14,101,54.26452112875688,0.13861386138613863
DES_MP,1,7,10.1021/ic049931s,22,anchor,145,190,116.53045428106388,0.7631578947368421
DES_MP,1,7,10.1021/ic049931s,22,aware,19,22,139.9024447568512,0.8636363636363636
DES_MP,1,7,10.1021/ic049931s,22,aware_on_anchor_rows,164,190,139.9024447568512,0.8631578947368421
DES_MP,1,7,10.1021/ic049931s,22,explore_offset_q_aware,159,190,139.9024447568512,0.8368421052631579
DES_MP,1,7,10.1021/ic049931s,22,naive,8,22,54.26452112875688,0.36363636363636365
DES_MP,1,7,10.1021/jp412552v,45,anchor,270,420,116.53045428106388,0.6428571428571429
DES_MP,1,7,10.1021/jp412552v,45,aware,23,45,139.9024447568512,0.5111111111111111
DES_MP,1,7,10.1021/jp412552v,45,aware_on_anchor_rows,214,420,139.9024447568512,0.5095238095238095
DES_MP,1,7,10.1021/jp412552v,45,explore_offset_q_aware,314,420,139.9024447568512,0.7476190476190476
DES_MP,1,7,10.1021/jp412552v,45,naive,4,45,54.26452112875688,0.08888888888888889
DES_MP,1,7,10.1039/c0ob01011a,13,anchor,96,100,116.53045428106388,0.96
DES_MP,1,7,10.1039/c0ob01011a,13,aware,13,13,139.9024447568512,1.0
DES_MP,1,7,10.1039/c0ob01011a,13,aware_on_anchor_rows,100,100,139.9024447568512,1.0
DES_MP,1,7,10.1039/c0ob01011a,13,explore_offset_q_aware,100,100,139.9024447568512,1.0
DES_MP,1,7,10.1039/c0ob01011a,13,naive,5,13,54.26452112875688,0.38461538461538464
DES_MP,1,7,10.1039/c5gc01451d,7,aware,7,7,139.9024447568512,1.0
DES_MP,1,7,10.1039/c5gc01451d,7,naive,5,7,54.26452112875688,0.7142857142857143
DES_MP,1,8,10.1002/aic.17408,80,anchor,602,770,122.65233450370094,0.7818181818181819
DES_MP,1,8,10.1002/aic.17408,80,aware,63,80,151.62299310992597,0.7875
DES_MP,1,8,10.1002/aic.17408,80,aware_on_anchor_rows,607,770,151.62299310992597,0.7883116883116883
DES_MP,1,8,10.1002/aic.17408,80,explore_offset_q_aware,693,770,151.62299310992597,0.9
DES_MP,1,8,10.1002/aic.17408,80,naive,35,80,53.85019277777735,0.4375
DES_MP,1,8,10.1002/aic.17414,1,aware,1,1,151.62299310992597,1.0
DES_MP,1,8,10.1002/aic.17414,1,naive,1,1,53.85019277777735,1.0
DES_MP,1,8,10.1002/aic.17419,1,aware,1,1,151.62299310992597,1.0
DES_MP,1,8,10.1002/aic.17419,1,naive,1,1,53.85019277777735,1.0
DES_MP,1,8,10.1016/j.cej.2020.125173,3,aware,2,3,151.62299310992597,0.6666666666666666
DES_MP,1,8,10.1016/j.cej.2020.125173,3,naive,0,3,53.85019277777735,0.0
DES_MP,1,8,10.1016/j.fluid.2013.06.050,3,aware,3,3,151.62299310992597,1.0
DES_MP,1,8,10.1016/j.fluid.2013.06.050,3,naive,2,3,53.85019277777735,0.6666666666666666
DES_MP,1,8,10.1016/j.ijggc.2019.102839,18,anchor,150,150,122.65233450370094,1.0
DES_MP,1,8,10.1016/j.ijggc.2019.102839,18,aware,18,18,151.62299310992597,1.0
DES_MP,1,8,10.1016/j.ijggc.2019.102839,18,aware_on_anchor_rows,150,150,151.62299310992597,1.0
DES_MP,1,8,10.1016/j.ijggc.2019.102839,18,explore_offset_q_aware,150,150,151.62299310992597,1.0
DES_MP,1,8,10.1016/j.ijggc.2019.102839,18,naive,4,18,53.85019277777735,0.2222222222222222
DES_MP,1,8,10.1016/j.jiec.2021.03.011,10,anchor,64,70,122.65233450370094,0.9142857142857143
DES_MP,1,8,10.1016/j.jiec.2021.03.011,10,aware,9,10,151.62299310992597,0.9
DES_MP,1,8,10.1016/j.jiec.2021.03.011,10,aware_on_anchor_rows,61,70,151.62299310992597,0.8714285714285714
DES_MP,1,8,10.1016/j.jiec.2021.03.011,10,explore_offset_q_aware,70,70,151.62299310992597,1.0
DES_MP,1,8,10.1016/j.jiec.2021.03.011,10,naive,6,10,53.85019277777735,0.6
DES_MP,1,8,10.1016/j.molliq.2018.02.049,8,anchor,44,50,122.65233450370094,0.88
DES_MP,1,8,10.1016/j.molliq.2018.02.049,8,aware,8,8,151.62299310992597,1.0
DES_MP,1,8,10.1016/j.molliq.2018.02.049,8,aware_on_anchor_rows,50,50,151.62299310992597,1.0
DES_MP,1,8,10.1016/j.molliq.2018.02.049,8,explore_offset_q_aware,50,50,151.62299310992597,1.0
DES_MP,1,8,10.1016/j.molliq.2018.02.049,8,naive,2,8,53.85019277777735,0.25
DES_MP,1,8,10.1016/j.molliq.2019.112155,23,anchor,178,200,122.65233450370094,0.89
DES_MP,1,8,10.1016/j.molliq.2019.112155,23,aware,20,23,151.62299310992597,0.8695652173913043
DES_MP,1,8,10.1016/j.molliq.2019.112155,23,aware_on_anchor_rows,175,200,151.62299310992597,0.875
DES_MP,1,8,10.1016/j.molliq.2019.112155,23,explore_offset_q_aware,185,200,151.62299310992597,0.925
DES_MP,1,8,10.1016/j.molliq.2019.112155,23,naive,11,23,53.85019277777735,0.4782608695652174
DES_MP,1,8,10.1016/j.molliq.2020.114745,25,anchor,162,220,122.65233450370094,0.7363636363636363
DES_MP,1,8,10.1016/j.molliq.2020.114745,25,aware,16,25,151.62299310992597,0.64
DES_MP,1,8,10.1016/j.molliq.2020.114745,25,aware_on_anchor_rows,139,220,151.62299310992597,0.6318181818181818
DES_MP,1,8,10.1016/j.molliq.2020.114745,25,explore_offset_q_aware,193,220,151.62299310992597,0.8772727272727273
DES_MP,1,8,10.1016/j.molliq.2020.114745,25,naive,10,25,53.85019277777735,0.4
DES_MP,1,8,10.1016/j.trac.2021.116187,13,anchor,72,100,122.65233450370094,0.72
DES_MP,1,8,10.1016/j.trac.2021.116187,13,aware,10,13,151.62299310992597,0.7692307692307693
DES_MP,1,8,10.1016/j.trac.2021.116187,13,aware_on_anchor_rows,75,100,151.62299310992597,0.75
DES_MP,1,8,10.1016/j.trac.2021.116187,13,explore_offset_q_aware,95,100,151.62299310992597,0.95
DES_MP,1,8,10.1016/j.trac.2021.116187,13,naive,7,13,53.85019277777735,0.5384615384615384
DES_MP,1,8,10.1021/je300997v,42,anchor,374,390,122.65233450370094,0.958974358974359
DES_MP,1,8,10.1021/je300997v,42,aware,42,42,151.62299310992597,1.0
DES_MP,1,8,10.1021/je300997v,42,aware_on_anchor_rows,390,390,151.62299310992597,1.0
DES_MP,1,8,10.1021/je300997v,42,explore_offset_q_aware,390,390,151.62299310992597,1.0
DES_MP,1,8,10.1021/je300997v,42,naive,16,42,53.85019277777735,0.38095238095238093
DES_MP,1,8,10.1021/js9701465,7,aware,4,7,151.62299310992597,0.5714285714285714
DES_MP,1,8,10.1021/js9701465,7,naive,1,7,53.85019277777735,0.14285714285714285
DES_MP,1,8,10.3390/molecules25051077,99,anchor,960,960,122.65233450370094,1.0
DES_MP,1,8,10.3390/molecules25051077,99,aware,99,99,151.62299310992597,1.0
DES_MP,1,8,10.3390/molecules25051077,99,aware_on_anchor_rows,960,960,151.62299310992597,1.0
DES_MP,1,8,10.3390/molecules25051077,99,explore_offset_q_aware,960,960,151.62299310992597,1.0
DES_MP,1,8,10.3390/molecules25051077,99,naive,95,99,53.85019277777735,0.9595959595959596
DES_MP,1,9,10.1002/aic.17409,1,aware,1,1,151.1836599266466,1.0
DES_MP,1,9,10.1002/aic.17409,1,naive,1,1,51.62683458837466,1.0
DES_MP,1,9,10.1002/aic.17416,1,aware,1,1,151.1836599266466,1.0
DES_MP,1,9,10.1002/aic.17416,1,naive,1,1,51.62683458837466,1.0
DES_MP,1,9,10.1002/anie.202110520,17,anchor,127,140,117.1652980985742,0.9071428571428571
DES_MP,1,9,10.1002/anie.202110520,17,aware,17,17,151.1836599266466,1.0
DES_MP,1,9,10.1002/anie.202110520,17,aware_on_anchor_rows,140,140,151.1836599266466,1.0
DES_MP,1,9,10.1002/anie.202110520,17,explore_offset_q_aware,138,140,151.1836599266466,0.9857142857142858
DES_MP,1,9,10.1002/anie.202110520,17,naive,13,17,51.62683458837466,0.7647058823529411
DES_MP,1,9,10.1002/jps.2600600908,5,aware,3,5,151.1836599266466,0.6
DES_MP,1,9,10.1002/jps.2600600908,5,naive,1,5,51.62683458837466,0.2
DES_MP,1,9,10.1016/j.chemphyslip.2009.05.004,87,anchor,840,840,117.1652980985742,1.0
DES_MP,1,9,10.1016/j.chemphyslip.2009.05.004,87,aware,87,87,151.1836599266466,1.0
DES_MP,1,9,10.1016/j.chemphyslip.2009.05.004,87,aware_on_anchor_rows,840,840,151.1836599266466,1.0
DES_MP,1,9,10.1016/j.chemphyslip.2009.05.004,87,explore_offset_q_aware,840,840,151.1836599266466,1.0
DES_MP,1,9,10.1016/j.chemphyslip.2009.05.004,87,naive,87,87,51.62683458837466,1.0
DES_MP,1,9,10.1016/j.fluid.2017.05.009,35,anchor,195,320,117.1652980985742,0.609375
DES_MP,1,9,10.1016/j.fluid.2017.05.009,35,aware,25,35,151.1836599266466,0.7142857142857143
DES_MP,1,9,10.1016/j.fluid.2017.05.009,35,aware_on_anchor_rows,228,320,151.1836599266466,0.7125
DES_MP,1,9,10.1016/j.fluid.2017.05.009,35,explore_offset_q_aware,235,320,151.1836599266466,0.734375
DES_MP,1,9,10.1016/j.fluid.2017.05.009,35,naive,16,35,51.62683458837466,0.45714285714285713
DES_MP,1,9,10.1016/j.fluid.2019.06.005,87,anchor,730,840,117.1652980985742,0.8690476190476191
DES_MP,1,9,10.1016/j.fluid.2019.06.005,87,aware,77,87,151.1836599266466,0.8850574712643678
DES_MP,1,9,10.1016/j.fluid.2019.06.005,87,aware_on_anchor_rows,742,840,151.1836599266466,0.8833333333333333
DES_MP,1,9,10.1016/j.fluid.2019.06.005,87,explore_offset_q_aware,804,840,151.1836599266466,0.9571428571428572
DES_MP,1,9,10.1016/j.fluid.2019.06.005,87,naive,23,87,51.62683458837466,0.26436781609195403
DES_MP,1,9,10.1016/j.gee.2019.03.002,45,anchor,409,420,117.1652980985742,0.9738095238095238
DES_MP,1,9,10.1016/j.gee.2019.03.002,45,aware,45,45,151.1836599266466,1.0
DES_MP,1,9,10.1016/j.gee.2019.03.002,45,aware_on_anchor_rows,420,420,151.1836599266466,1.0
DES_MP,1,9,10.1016/j.gee.2019.03.002,45,explore_offset_q_aware,420,420,151.1836599266466,1.0
DES_MP,1,9,10.1016/j.gee.2019.03.002,45,naive,31,45,51.62683458837466,0.6888888888888889
DES_MP,1,9,10.1016/j.ijggc.2016.02.006,8,anchor,25,50,117.1652980985742,0.5
DES_MP,1,9,10.1016/j.ijggc.2016.02.006,8,aware,5,8,151.1836599266466,0.625
DES_MP,1,9,10.1016/j.ijggc.2016.02.006,8,aware_on_anchor_rows,31,50,151.1836599266466,0.62
DES_MP,1,9,10.1016/j.ijggc.2016.02.006,8,explore_offset_q_aware,38,50,151.1836599266466,0.76
DES_MP,1,9,10.1016/j.ijggc.2016.02.006,8,naive,2,8,51.62683458837466,0.25
DES_MP,1,9,10.1016/j.molliq.2018.12.032,2,aware,2,2,151.1836599266466,1.0
DES_MP,1,9,10.1016/j.molliq.2018.12.032,2,naive,2,2,51.62683458837466,1.0
DES_MP,1,9,10.1016/j.molliq.2021.115838,8,anchor,50,50,117.1652980985742,1.0
DES_MP,1,9,10.1016/j.molliq.2021.115838,8,aware,8,8,151.1836599266466,1.0
DES_MP,1,9,10.1016/j.molliq.2021.115838,8,aware_on_anchor_rows,50,50,151.1836599266466,1.0
DES_MP,1,9,10.1016/j.molliq.2021.115838,8,explore_offset_q_aware,50,50,151.1836599266466,1.0
DES_MP,1,9,10.1016/j.molliq.2021.115838,8,naive,7,8,51.62683458837466,0.875
DES_MP,1,9,10.1038/s41598-019-51472-7,12,anchor,90,90,117.1652980985742,1.0
DES_MP,1,9,10.1038/s41598-019-51472-7,12,aware,12,12,151.1836599266466,1.0
DES_MP,1,9,10.1038/s41598-019-51472-7,12,aware_on_anchor_rows,90,90,151.1836599266466,1.0
DES_MP,1,9,10.1038/s41598-019-51472-7,12,explore_offset_q_aware,90,90,151.1836599266466,1.0
DES_MP,1,9,10.1038/s41598-019-51472-7,12,naive,12,12,51.62683458837466,1.0
DES_MP,1,9,10.1039/b210714g,22,anchor,172,190,117.1652980985742,0.9052631578947369
DES_MP,1,9,10.1039/b210714g,22,aware,21,22,151.1836599266466,0.9545454545454546
DES_MP,1,9,10.1039/b210714g,22,aware_on_anchor_rows,181,190,151.1836599266466,0.9526315789473684
DES_MP,1,9,10.1039/b210714g,22,explore_offset_q_aware,179,190,151.1836599266466,0.9421052631578948
DES_MP,1,9,10.1039/b210714g,22,naive,15,22,51.62683458837466,0.6818181818181818
DES_MP,1,9,10.1080/10837450.2020.1735414,3,aware,3,3,151.1836599266466,1.0
DES_MP,1,9,10.1080/10837450.2020.1735414,3,naive,3,3,51.62683458837466,1.0
DES_MP,2,0,10.1016/j.fluid.2017.04.007,388,anchor,3742,3850,130.33067938984843,0.9719480519480519
DES_MP,2,0,10.1016/j.fluid.2017.04.007,388,aware,382,388,164.88009580027233,0.9845360824742269
DES_MP,2,0,10.1016/j.fluid.2017.04.007,388,aware_on_anchor_rows,3792,3850,164.88009580027233,0.9849350649350649
DES_MP,2,0,10.1016/j.fluid.2017.04.007,388,explore_offset_q_aware,3824,3850,164.88009580027233,0.9932467532467533
DES_MP,2,0,10.1016/j.fluid.2017.04.007,388,naive,290,388,58.27887716286034,0.7474226804123711
DES_MP,2,1,10.1002/aic.17410,1,aware,1,1,158.47943515183374,1.0
DES_MP,2,1,10.1002/aic.17410,1,naive,1,1,55.51445283020598,1.0
DES_MP,2,1,10.1002/aic.17413,1,aware,1,1,158.47943515183374,1.0
DES_MP,2,1,10.1002/aic.17413,1,naive,1,1,55.51445283020598,1.0
DES_MP,2,1,10.1016/j.chroma.2017.09.044,2,aware,2,2,158.47943515183374,1.0
DES_MP,2,1,10.1016/j.chroma.2017.09.044,2,naive,2,2,55.51445283020598,1.0
DES_MP,2,1,10.1016/j.fluid.2013.06.050,3,aware,3,3,158.47943515183374,1.0
DES_MP,2,1,10.1016/j.fluid.2013.06.050,3,naive,3,3,55.51445283020598,1.0
DES_MP,2,1,10.1016/j.fluid.2017.03.011,12,anchor,90,90,122.26060180900625,1.0
DES_MP,2,1,10.1016/j.fluid.2017.03.011,12,aware,10,12,158.47943515183374,0.8333333333333334
DES_MP,2,1,10.1016/j.fluid.2017.03.011,12,aware_on_anchor_rows,76,90,158.47943515183374,0.8444444444444444
DES_MP,2,1,10.1016/j.fluid.2017.03.011,12,explore_offset_q_aware,90,90,158.47943515183374,1.0
DES_MP,2,1,10.1016/j.fluid.2017.03.011,12,naive,0,12,55.51445283020598,0.0
DES_MP,2,1,10.1016/j.molliq.2018.02.049,8,anchor,50,50,122.26060180900625,1.0
DES_MP,2,1,10.1016/j.molliq.2018.02.049,8,aware,6,8,158.47943515183374,0.75
DES_MP,2,1,10.1016/j.molliq.2018.02.049,8,aware_on_anchor_rows,41,50,158.47943515183374,0.82
DES_MP,2,1,10.1016/j.molliq.2018.02.049,8,explore_offset_q_aware,50,50,158.47943515183374,1.0
DES_MP,2,1,10.1016/j.molliq.2018.02.049,8,naive,0,8,55.51445283020598,0.0
DES_MP,2,1,10.1016/j.molliq.2021.115838,8,anchor,50,50,122.26060180900625,1.0
DES_MP,2,1,10.1016/j.molliq.2021.115838,8,aware,8,8,158.47943515183374,1.0
DES_MP,2,1,10.1016/j.molliq.2021.115838,8,aware_on_anchor_rows,50,50,158.47943515183374,1.0
DES_MP,2,1,10.1016/j.molliq.2021.115838,8,explore_offset_q_aware,50,50,158.47943515183374,1.0
DES_MP,2,1,10.1016/j.molliq.2021.115838,8,naive,7,8,55.51445283020598,0.875
DES_MP,2,1,10.1021/acs.iecr.7b02382,278,anchor,2736,2750,122.26060180900625,0.9949090909090909
DES_MP,2,1,10.1021/acs.iecr.7b02382,278,aware,278,278,158.47943515183374,1.0
DES_MP,2,1,10.1021/acs.iecr.7b02382,278,aware_on_anchor_rows,2750,2750,158.47943515183374,1.0
DES_MP,2,1,10.1021/acs.iecr.7b02382,278,explore_offset_q_aware,2750,2750,158.47943515183374,1.0
DES_MP,2,1,10.1021/acs.iecr.7b02382,278,naive,230,278,55.51445283020598,0.8273381294964028
DES_MP,2,1,10.1039/c4ra10628h,16,anchor,65,130,122.26060180900625,0.5
DES_MP,2,1,10.1039/c4ra10628h,16,aware,8,16,158.47943515183374,0.5
DES_MP,2,1,10.1039/c4ra10628h,16,aware_on_anchor_rows,65,130,158.47943515183374,0.5
DES_MP,2,1,10.1039/c4ra10628h,16,explore_offset_q_aware,87,130,158.47943515183374,0.6692307692307692
DES_MP,2,1,10.1039/c4ra10628h,16,naive,4,16,55.51445283020598,0.25
DES_MP,2,1,10.1149/1945-7111/ab68d3,5,aware,5,5,158.47943515183374,1.0
DES_MP,2,1,10.1149/1945-7111/ab68d3,5,naive,3,5,55.51445283020598,0.6
DES_MP,2,2,10.1002/9783527818488,5,aware,3,5,166.62787371636023,0.6
DES_MP,2,2,10.1002/9783527818488,5,naive,1,5,58.56138246183559,0.2
DES_MP,2,2,10.1002/aic.17411,1,aware,1,1,166.62787371636023,1.0
DES_MP,2,2,10.1002/aic.17411,1,naive,1,1,58.56138246183559,1.0
DES_MP,2,2,10.1002/aic.17415,1,aware,1,1,166.62787371636023,1.0
DES_MP,2,2,10.1002/aic.17415,1,naive,1,1,58.56138246183559,1.0
DES_MP,2,2,10.1002/apj.1873,16,anchor,130,130,138.5171285181258,1.0
DES_MP,2,2,10.1002/apj.1873,16,aware,16,16,166.62787371636023,1.0
DES_MP,2,2,10.1002/apj.1873,16,aware_on_anchor_rows,130,130,166.62787371636023,1.0
DES_MP,2,2,10.1002/apj.1873,16,explore_offset_q_aware,130,130,166.62787371636023,1.0
DES_MP,2,2,10.1002/apj.1873,16,naive,8,16,58.56138246183559,0.5
DES_MP,2,2,10.1002/chem.200601738,6,aware,6,6,166.62787371636023,1.0
DES_MP,2,2,10.1002/chem.200601738,6,naive,3,6,58.56138246183559,0.5
DES_MP,2,2,10.1021/acs.energyfuels.6b00471,2,aware,2,2,166.62787371636023,1.0
DES_MP,2,2,10.1021/acs.energyfuels.6b00471,2,naive,2,2,58.56138246183559,1.0
DES_MP,2,2,10.1021/acs.jpcb.0c02386,262,anchor,2558,2590,138.5171285181258,0.9876447876447877
DES_MP,2,2,10.1021/acs.jpcb.0c02386,262,aware,262,262,166.62787371636023,1.0
DES_MP,2,2,10.1021/acs.jpcb.0c02386,262,aware_on_anchor_rows,2590,2590,166.62787371636023,1.0
DES_MP,2,2,10.1021/acs.jpcb.0c02386,262,explore_offset_q_aware,2582,2590,166.62787371636023,0.9969111969111969
DES_MP,2,2,10.1021/acs.jpcb.0c02386,262,naive,204,262,58.56138246183559,0.7786259541984732
DES_MP,2,2,10.1038/s41598-019-51472-7,12,anchor,90,90,138.5171285181258,1.0
DES_MP,2,2,10.1038/s41598-019-51472-7,12,aware,12,12,166.62787371636023,1.0
DES_MP,2,2,10.1038/s41598-019-51472-7,12,aware_on_anchor_rows,90,90,166.62787371636023,1.0
DES_MP,2,2,10.1038/s41598-019-51472-7,12,explore_offset_q_aware,90,90,166.62787371636023,1.0
DES_MP,2,2,10.1038/s41598-019-51472-7,12,naive,12,12,58.56138246183559,1.0
DES_MP,2,2,10.1039/b106357j,8,anchor,50,50,138.5171285181258,1.0
DES_MP,2,2,10.1039/b106357j,8,aware,8,8,166.62787371636023,1.0
DES_MP,2,2,10.1039/b106357j,8,aware_on_anchor_rows,50,50,166.62787371636023,1.0
DES_MP,2,2,10.1039/b106357j,8,explore_offset_q_aware,50,50,166.62787371636023,1.0
DES_MP,2,2,10.1039/b106357j,8,naive,7,8,58.56138246183559,0.875
DES_MP,2,2,10.3390/pr9050796,21,anchor,180,180,138.5171285181258,1.0
DES_MP,2,2,10.3390/pr9050796,21,aware,21,21,166.62787371636023,1.0
DES_MP,2,2,10.3390/pr9050796,21,aware_on_anchor_rows,180,180,166.62787371636023,1.0
DES_MP,2,2,10.3390/pr9050796,21,explore_offset_q_aware,180,180,166.62787371636023,1.0
DES_MP,2,2,10.3390/pr9050796,21,naive,21,21,58.56138246183559,1.0
DES_MP,2,3,10.1002/aic.17417,1,aware,1,1,153.53917306652636,1.0
DES_MP,2,3,10.1002/aic.17417,1,naive,1,1,55.02767629002176,1.0
DES_MP,2,3,10.1002/cphc.200500489,36,anchor,326,330,115.2605044344931,0.9878787878787879
DES_MP,2,3,10.1002/cphc.200500489,36,aware,36,36,153.53917306652636,1.0
DES_MP,2,3,10.1002/cphc.200500489,36,aware_on_anchor_rows,330,330,153.53917306652636,1.0
DES_MP,2,3,10.1002/cphc.200500489,36,explore_offset_q_aware,330,330,153.53917306652636,1.0
DES_MP,2,3,10.1002/cphc.200500489,36,naive,30,36,55.02767629002176,0.8333333333333334
DES_MP,2,3,10.1002/cssc.202001331,206,anchor,1117,2030,115.2605044344931,0.5502463054187192
DES_MP,2,3,10.1002/cssc.202001331,206,aware,118,206,153.53917306652636,0.5728155339805825
DES_MP,2,3,10.1002/cssc.202001331,206,aware_on_anchor_rows,1164,2030,153.53917306652636,0.5733990147783251
DES_MP,2,3,10.1002/cssc.202001331,206,explore_offset_q_aware,1415,2030,153.53917306652636,0.6970443349753694
DES_MP,2,3,10.1002/cssc.202001331,206,naive,64,206,55.02767629002176,0.3106796116504854
DES_MP,2,3,10.1016/j.microc.2019.104384,12,anchor,90,90,115.2605044344931,1.0
DES_MP,2,3,10.1016/j.microc.2019.104384,12,aware,12,12,153.53917306652636,1.0
DES_MP,2,3,10.1016/j.microc.2019.104384,12,aware_on_anchor_rows,90,90,153.53917306652636,1.0
DES_MP,2,3,10.1016/j.microc.2019.104384,12,explore_offset_q_aware,90,90,153.53917306652636,1.0
DES_MP,2,3,10.1016/j.microc.2019.104384,12,naive,3,12,55.02767629002176,0.25
DES_MP,2,3,10.1016/j.molliq.2015.11.032,2,aware,2,2,153.53917306652636,1.0
DES_MP,2,3,10.1016/j.molliq.2015.11.032,2,naive,2,2,55.02767629002176,1.0
DES_MP,2,3,10.1016/j.molliq.2020.113727,6,aware,3,6,153.53917306652636,0.5
DES_MP,2,3,10.1016/j.molliq.2020.113727,6,naive,3,6,55.02767629002176,0.5
DES_MP,2,3,10.1016/j.molliq.2021.117021,19,anchor,130,160,115.2605044344931,0.8125
DES_MP,2,3,10.1016/j.molliq.2021.117021,19,aware,18,19,153.53917306652636,0.9473684210526315
DES_MP,2,3,10.1016/j.molliq.2021.117021,19,aware_on_anchor_rows,151,160,153.53917306652636,0.94375
DES_MP,2,3,10.1016/j.molliq.2021.117021,19,explore_offset_q_aware,146,160,153.53917306652636,0.9125
DES_MP,2,3,10.1016/j.molliq.2021.117021,19,naive,14,19,55.02767629002176,0.7368421052631579
DES_MP,2,3,10.1016/j.solmat.2016.06.004,5,aware,2,5,153.53917306652636,0.4
DES_MP,2,3,10.1016/j.solmat.2016.06.004,5,naive,1,5,55.02767629002176,0.2
DES_MP,2,3,10.1021/acssuschemeng.0c08288,24,anchor,201,210,115.2605044344931,0.9571428571428572
DES_MP,2,3,10.1021/acssuschemeng.0c08288,24,aware,24,24,153.53917306652636,1.0
DES_MP,2,3,10.1021/acssuschemeng.0c08288,24,aware_on_anchor_rows,210,210,153.53917306652636,1.0
DES_MP,2,3,10.1021/acssuschemeng.0c08288,24,explore_offset_q_aware,210,210,153.53917306652636,1.0
DES_MP,2,3,10.1021/acssuschemeng.0c08288,24,naive,15,24,55.02767629002176,0.625
DES_MP,2,3,10.1021/acssuschemeng.0c08289,1,aware,1,1,153.53917306652636,1.0
DES_MP,2,3,10.1021/acssuschemeng.0c08289,1,naive,0,1,55.02767629002176,0.0
DES_MP,2,3,10.1039/c1ra00630d,14,anchor,110,110,115.2605044344931,1.0
DES_MP,2,3,10.1039/c1ra00630d,14,aware,14,14,153.53917306652636,1.0
DES_MP,2,3,10.1039/c1ra00630d,14,aware_on_anchor_rows,110,110,153.53917306652636,1.0
DES_MP,2,3,10.1039/c1ra00630d,14,explore_offset_q_aware,110,110,153.53917306652636,1.0
DES_MP,2,3,10.1039/c1ra00630d,14,naive,10,14,55.02767629002176,0.7142857142857143
DES_MP,2,3,10.1039/c4cp00057a,8,anchor,50,50,115.2605044344931,1.0
DES_MP,2,3,10.1039/c4cp00057a,8,aware,8,8,153.53917306652636,1.0
DES_MP,2,3,10.1039/c4cp00057a,8,aware_on_anchor_rows,50,50,153.53917306652636,1.0
DES_MP,2,3,10.1039/c4cp00057a,8,explore_offset_q_aware,50,50,153.53917306652636,1.0
DES_MP,2,3,10.1039/c4cp00057a,8,naive,8,8,55.02767629002176,1.0
DES_MP,2,4,10.1002/aic.17418,1,aware,1,1,159.1484600155053,1.0
DES_MP,2,4,10.1002/aic.17418,1,naive,1,1,57.0845736419696,1.0
DES_MP,2,4,10.1016/j.chroma.2018.07.070,3,aware,3,3,159.1484600155053,1.0
DES_MP,2,4,10.1016/j.chroma.2018.07.070,3,naive,3,3,57.0845736419696,1.0
DES_MP,2,4,10.1016/j.cplett.2015.06.017,1,aware,1,1,159.1484600155053,1.0
DES_MP,2,4,10.1016/j.cplett.2015.06.017,1,naive,0,1,57.0845736419696,0.0
DES_MP,2,4,10.1016/j.hydromet.2022.105971,24,anchor,197,210,123.48196963087705,0.9380952380952381
DES_MP,2,4,10.1016/j.hydromet.2022.105971,24,aware,19,24,159.1484600155053,0.7916666666666666
DES_MP,2,4,10.1016/j.hydromet.2022.105971,24,aware_on_anchor_rows,167,210,159.1484600155053,0.7952380952380952
DES_MP,2,4,10.1016/j.hydromet.2022.105971,24,explore_offset_q_aware,209,210,159.1484600155053,0.9952380952380953
DES_MP,2,4,10.1016/j.hydromet.2022.105971,24,naive,7,24,57.0845736419696,0.2916666666666667
DES_MP,2,4,10.1016/j.tca.2012.03.027,21,anchor,142,180,123.48196963087705,0.7888888888888889
DES_MP,2,4,10.1016/j.tca.2012.03.027,21,aware,12,21,159.1484600155053,0.5714285714285714
DES_MP,2,4,10.1016/j.tca.2012.03.027,21,aware_on_anchor_rows,102,180,159.1484600155053,0.5666666666666667
DES_MP,2,4,10.1016/j.tca.2012.03.027,21,explore_offset_q_aware,166,180,159.1484600155053,0.9222222222222223
DES_MP,2,4,10.1016/j.tca.2012.03.027,21,naive,2,21,57.0845736419696,0.09523809523809523
DES_MP,2,4,10.1021/acs.iecr.8b01249,202,anchor,1608,1990,123.48196963087705,0.8080402010050252
DES_MP,2,4,10.1021/acs.iecr.8b01249,202,aware,186,202,159.1484600155053,0.9207920792079208
DES_MP,2,4,10.1021/acs.iecr.8b01249,202,aware_on_anchor_rows,1833,1990,159.1484600155053,0.921105527638191
DES_MP,2,4,10.1021/acs.iecr.8b01249,202,explore_offset_q_aware,1838,1990,159.1484600155053,0.9236180904522613
DES_MP,2,4,10.1021/acs.iecr.8b01249,202,naive,76,202,57.0845736419696,0.37623762376237624
DES_MP,2,4,10.1021/ef2004943,11,anchor,80,80,123.48196963087705,1.0
DES_MP,2,4,10.1021/ef2004943,11,aware,11,11,159.1484600155053,1.0
DES_MP,2,4,10.1021/ef2004943,11,aware_on_anchor_rows,80,80,159.1484600155053,1.0
DES_MP,2,4,10.1021/ef2004943,11,explore_offset_q_aware,80,80,159.1484600155053,1.0
DES_MP,2,4,10.1021/ef2004943,11,naive,11,11,57.0845736419696,1.0
DES_MP,2,4,10.1021/ie500466g,8,anchor,40,50,123.48196963087705,0.8
DES_MP,2,4,10.1021/ie500466g,8,aware,8,8,159.1484600155053,1.0
DES_MP,2,4,10.1021/ie500466g,8,aware_on_anchor_rows,50,50,159.1484600155053,1.0
DES_MP,2,4,10.1021/ie500466g,8,explore_offset_q_aware,48,50,159.1484600155053,0.96
DES_MP,2,4,10.1021/ie500466g,8,naive,2,8,57.0845736419696,0.25
DES_MP,2,4,10.1021/ja048266j,36,anchor,326,330,123.48196963087705,0.9878787878787879
DES_MP,2,4,10.1021/ja048266j,36,aware,36,36,159.1484600155053,1.0
DES_MP,2,4,10.1021/ja048266j,36,aware_on_anchor_rows,330,330,159.1484600155053,1.0
DES_MP,2,4,10.1021/ja048266j,36,explore_offset_q_aware,330,330,159.1484600155053,1.0
DES_MP,2,4,10.1021/ja048266j,36,naive,22,36,57.0845736419696,0.6111111111111112
DES_MP,2,4,10.1021/je5002126,16,anchor,130,130,123.48196963087705,1.0
DES_MP,2,4,10.1021/je5002126,16,aware,16,16,159.1484600155053,1.0
DES_MP,2,4,10.1021/je5002126,16,aware_on_anchor_rows,130,130,159.1484600155053,1.0
DES_MP,2,4,10.1021/je5002126,16,explore_offset_q_aware,130,130,159.1484600155053,1.0
DES_MP,2,4,10.1021/je5002126,16,naive,14,16,57.0845736419696,0.875
DES_MP,2,4,10.1039/c3cp53406e,3,aware,3,3,159.1484600155053,1.0
DES_MP,2,4,10.1039/c3cp53406e,3,naive,2,3,57.0845736419696,0.6666666666666666
DES_MP,2,4,10.3923/jas.2010.3349.3354,8,anchor,50,50,123.48196963087705,1.0
DES_MP,2,4,10.3923/jas.2010.3349.3354,8,aware,8,8,159.1484600155053,1.0
DES_MP,2,4,10.3923/jas.2010.3349.3354,8,aware_on_anchor_rows,50,50,159.1484600155053,1.0
DES_MP,2,4,10.3923/jas.2010.3349.3354,8,explore_offset_q_aware,50,50,159.1484600155053,1.0
DES_MP,2,4,10.3923/jas.2010.3349.3354,8,naive,4,8,57.0845736419696,0.5
DES_MP,2,5,10.1002/aic.17416,1,aware,1,1,160.68421964742754,1.0
DES_MP,2,5,10.1002/aic.17416,1,naive,1,1,57.116468659677366,1.0
DES_MP,2,5,10.1002/aic.17419,1,aware,1,1,160.68421964742754,1.0
DES_MP,2,5,10.1002/aic.17419,1,naive,1,1,57.116468659677366,1.0
DES_MP,2,5,10.1002/aic.17420,1,aware,1,1,160.68421964742754,1.0
DES_MP,2,5,10.1002/aic.17420,1,naive,1,1,57.116468659677366,1.0
DES_MP,2,5,10.1002/apj.1995,9,anchor,60,60,121.83452967710184,1.0
DES_MP,2,5,10.1002/apj.1995,9,aware,9,9,160.68421964742754,1.0
DES_MP,2,5,10.1002/apj.1995,9,aware_on_anchor_rows,60,60,160.68421964742754,1.0
DES_MP,2,5,10.1002/apj.1995,9,explore_offset_q_aware,60,60,160.68421964742754,1.0
DES_MP,2,5,10.1002/apj.1995,9,naive,9,9,57.116468659677366,1.0
DES_MP,2,5,10.1002/open.202100137,1,aware,1,1,160.68421964742754,1.0
DES_MP,2,5,10.1002/open.202100137,1,naive,0,1,57.116468659677366,0.0
DES_MP,2,5,10.1016/j.cattod.2021.05.018,8,anchor,44,50,121.83452967710184,0.88
DES_MP,2,5,10.1016/j.cattod.2021.05.018,8,aware,0,8,160.68421964742754,0.0
DES_MP,2,5,10.1016/j.cattod.2021.05.018,8,aware_on_anchor_rows,0,50,160.68421964742754,0.0
DES_MP,2,5,10.1016/j.cattod.2021.05.018,8,explore_offset_q_aware,49,50,160.68421964742754,0.98
DES_MP,2,5,10.1016/j.cattod.2021.05.018,8,naive,0,8,57.116468659677366,0.0
DES_MP,2,5,10.1016/j.molliq.2008.07.009,24,anchor,210,210,121.83452967710184,1.0
DES_MP,2,5,10.1016/j.molliq.2008.07.009,24,aware,24,24,160.68421964742754,1.0
DES_MP,2,5,10.1016/j.molliq.2008.07.009,24,aware_on_anchor_rows,210,210,160.68421964742754,1.0
DES_MP,2,5,10.1016/j.molliq.2008.07.009,24,explore_offset_q_aware,210,210,160.68421964742754,1.0
DES_MP,2,5,10.1016/j.molliq.2008.07.009,24,naive,10,24,57.116468659677366,0.4166666666666667
DES_MP,2,5,10.1016/j.molliq.2020.113667,38,anchor,350,350,121.83452967710184,1.0
DES_MP,2,5,10.1016/j.molliq.2020.113667,38,aware,38,38,160.68421964742754,1.0
DES_MP,2,5,10.1016/j.molliq.2020.113667,38,aware_on_anchor_rows,350,350,160.68421964742754,1.0
DES_MP,2,5,10.1016/j.molliq.2020.113667,38,explore_offset_q_aware,350,350,160.68421964742754,1.0
DES_MP,2,5,10.1016/j.molliq.2020.113667,38,naive,34,38,57.116468659677366,0.8947368421052632
DES_MP,2,5,10.1016/s0168-3659(97)00153-3,12,anchor,87,90,121.83452967710184,0.9666666666666667
DES_MP,2,5,10.1016/s0168-3659(97)00153-3,12,aware,12,12,160.68421964742754,1.0
DES_MP,2,5,10.1016/s0168-3659(97)00153-3,12,aware_on_anchor_rows,90,90,160.68421964742754,1.0
DES_MP,2,5,10.1016/s0168-3659(97)00153-3,12,explore_offset_q_aware,90,90,160.68421964742754,1.0
DES_MP,2,5,10.1016/s0168-3659(97)00153-3,12,naive,7,12,57.116468659677366,0.5833333333333334
DES_MP,2,5,10.1021/acssuschemeng.7b04235,18,anchor,150,150,121.83452967710184,1.0
DES_MP,2,5,10.1021/acssuschemeng.7b04235,18,aware,18,18,160.68421964742754,1.0
DES_MP,2,5,10.1021/acssuschemeng.7b04235,18,aware_on_anchor_rows,150,150,160.68421964742754,1.0
DES_MP,2,5,10.1021/acssuschemeng.7b04235,18,explore_offset_q_aware,150,150,160.68421964742754,1.0
DES_MP,2,5,10.1021/acssuschemeng.7b04235,18,naive,18,18,57.116468659677366,1.0
DES_MP,2,5,10.1021/acssuschemeng.8b01203,137,anchor,1340,1340,121.83452967710184,1.0
DES_MP,2,5,10.1021/acssuschemeng.8b01203,137,aware,137,137,160.68421964742754,1.0
DES_MP,2,5,10.1021/acssuschemeng.8b01203,137,aware_on_anchor_rows,1340,1340,160.68421964742754,1.0
DES_MP,2,5,10.1021/acssuschemeng.8b01203,137,explore_offset_q_aware,1340,1340,160.68421964742754,1.0
DES_MP,2,5,10.1021/acssuschemeng.8b01203,137,naive,136,137,57.116468659677366,0.9927007299270073
DES_MP,2,5,10.1021/ic049931s,22,anchor,120,190,121.83452967710184,0.631578947368421
DES_MP,2,5,10.1021/ic049931s,22,aware,20,22,160.68421964742754,0.9090909090909091
DES_MP,2,5,10.1021/ic049931s,22,aware_on_anchor_rows,174,190,160.68421964742754,0.9157894736842105
DES_MP,2,5,10.1021/ic049931s,22,explore_offset_q_aware,153,190,160.68421964742754,0.8052631578947368
DES_MP,2,5,10.1021/ic049931s,22,naive,6,22,57.116468659677366,0.2727272727272727
DES_MP,2,5,10.1021/je100104v,50,anchor,315,470,121.83452967710184,0.6702127659574468
DES_MP,2,5,10.1021/je100104v,50,aware,39,50,160.68421964742754,0.78
DES_MP,2,5,10.1021/je100104v,50,aware_on_anchor_rows,371,470,160.68421964742754,0.7893617021276595
DES_MP,2,5,10.1021/je100104v,50,explore_offset_q_aware,381,470,160.68421964742754,0.8106382978723404
DES_MP,2,5,10.1021/je100104v,50,naive,8,50,57.116468659677366,0.16
DES_MP,2,5,10.1021/js9701465,7,aware,3,7,160.68421964742754,0.42857142857142855
DES_MP,2,5,10.1021/js9701465,7,naive,1,7,57.116468659677366,0.14285714285714285
DES_MP,2,5,10.3390/app11041601,5,aware,5,5,160.68421964742754,1.0
DES_MP,2,5,10.3390/app11041601,5,naive,3,5,57.116468659677366,0.6
DES_MP,2,6,10.1002/aic.17421,1,aware,1,1,165.65678404146627,1.0
DES_MP,2,6,10.1002/aic.17421,1,naive,1,1,53.17637908417623,1.0
DES_MP,2,6,10.1002/anie.202110520,17,anchor,131,140,133.52307519528603,0.9357142857142857
DES_MP,2,6,10.1002/anie.202110520,17,aware,17,17,165.65678404146627,1.0
DES_MP,2,6,10.1002/anie.202110520,17,aware_on_anchor_rows,140,140,165.65678404146627,1.0
DES_MP,2,6,10.1002/anie.202110520,17,explore_offset_q_aware,140,140,165.65678404146627,1.0
DES_MP,2,6,10.1002/anie.202110520,17,naive,13,17,53.17637908417623,0.7647058823529411
DES_MP,2,6,10.1002/jps.2600600908,5,aware,3,5,165.65678404146627,0.6
DES_MP,2,6,10.1002/jps.2600600908,5,naive,1,5,53.17637908417623,0.2
DES_MP,2,6,10.1007/s10973-012-2831-3,32,anchor,290,290,133.52307519528603,1.0
DES_MP,2,6,10.1007/s10973-012-2831-3,32,aware,32,32,165.65678404146627,1.0
DES_MP,2,6,10.1007/s10973-012-2831-3,32,aware_on_anchor_rows,290,290,165.65678404146627,1.0
DES_MP,2,6,10.1007/s10973-012-2831-3,32,explore_offset_q_aware,290,290,165.65678404146627,1.0
DES_MP,2,6,10.1007/s10973-012-2831-3,32,naive,18,32,53.17637908417623,0.5625
DES_MP,2,6,10.1016/j.cej.2018.10.077,8,anchor,50,50,133.52307519528603,1.0
DES_MP,2,6,10.1016/j.cej.2018.10.077,8,aware,6,8,165.65678404146627,0.75
DES_MP,2,6,10.1016/j.cej.2018.10.077,8,aware_on_anchor_rows,37,50,165.65678404146627,0.74
DES_MP,2,6,10.1016/j.cej.2018.10.077,8,explore_offset_q_aware,50,50,165.65678404146627,1.0
DES_MP,2,6,10.1016/j.cej.2018.10.077,8,naive,3,8,53.17637908417623,0.375
DES_MP,2,6,10.1016/j.gee.2020.11.020,51,anchor,473,480,133.52307519528603,0.9854166666666667
DES_MP,2,6,10.1016/j.gee.2020.11.020,51,aware,51,51,165.65678404146627,1.0
DES_MP,2,6,10.1016/j.gee.2020.11.020,51,aware_on_anchor_rows,480,480,165.65678404146627,1.0
DES_MP,2,6,10.1016/j.gee.2020.11.020,51,explore_offset_q_aware,478,480,165.65678404146627,0.9958333333333333
DES_MP,2,6,10.1016/j.gee.2020.11.020,51,naive,32,51,53.17637908417623,0.6274509803921569
DES_MP,2,6,10.1016/j.jct.2015.04.021,12,anchor,90,90,133.52307519528603,1.0
DES_MP,2,6,10.1016/j.jct.2015.04.021,12,aware,12,12,165.65678404146627,1.0
DES_MP,2,6,10.1016/j.jct.2015.04.021,12,aware_on_anchor_rows,90,90,165.65678404146627,1.0
DES_MP,2,6,10.1016/j.jct.2015.04.021,12,explore_offset_q_aware,90,90,165.65678404146627,1.0
DES_MP,2,6,10.1016/j.jct.2015.04.021,12,naive,0,12,53.17637908417623,0.0
DES_MP,2,6,10.1016/j.jtice.2015.12.020,9,anchor,60,60,133.52307519528603,1.0
DES_MP,2,6,10.1016/j.jtice.2015.12.020,9,aware,9,9,165.65678404146627,1.0
DES_MP,2,6,10.1016/j.jtice.2015.12.020,9,aware_on_anchor_rows,60,60,165.65678404146627,1.0
DES_MP,2,6,10.1016/j.jtice.2015.12.020,9,explore_offset_q_aware,60,60,165.65678404146627,1.0
DES_MP,2,6,10.1016/j.jtice.2015.12.020,9,naive,3,9,53.17637908417623,0.3333333333333333
DES_MP,2,6,10.1016/j.molliq.2015.01.025,4,aware,4,4,165.65678404146627,1.0
DES_MP,2,6,10.1016/j.molliq.2015.01.025,4,naive,3,4,53.17637908417623,0.75
DES_MP,2,6,10.1021/acssuschemeng.0c05518,39,anchor,290,360,133.52307519528603,0.8055555555555556
DES_MP,2,6,10.1021/acssuschemeng.0c05518,39,aware,28,39,165.65678404146627,0.717948717948718
DES_MP,2,6,10.1021/acssuschemeng.0c05518,39,aware_on_anchor_rows,262,360,165.65678404146627,0.7277777777777777
DES_MP,2,6,10.1021/acssuschemeng.0c05518,39,explore_offset_q_aware,318,360,165.65678404146627,0.8833333333333333
DES_MP,2,6,10.1021/acssuschemeng.0c05518,39,naive,8,39,53.17637908417623,0.20512820512820512
DES_MP,2,6,10.1021/je060146z,130,anchor,1270,1270,133.52307519528603,1.0
DES_MP,2,6,10.1021/je060146z,130,aware,130,130,165.65678404146627,1.0
DES_MP,2,6,10.1021/je060146z,130,aware_on_anchor_rows,1270,1270,165.65678404146627,1.0
DES_MP,2,6,10.1021/je060146z,130,explore_offset_q_aware,1270,1270,165.65678404146627,1.0
DES_MP,2,6,10.1021/je060146z,130,naive,130,130,53.17637908417623,1.0
DES_MP,2,6,10.1039/b210714g,22,anchor,158,190,133.52307519528603,0.8315789473684211
DES_MP,2,6,10.1039/b210714g,22,aware,21,22,165.65678404146627,0.9545454545454546
DES_MP,2,6,10.1039/b210714g,22,aware_on_anchor_rows,182,190,165.65678404146627,0.9578947368421052
DES_MP,2,6,10.1039/b210714g,22,explore_offset_q_aware,185,190,165.65678404146627,0.9736842105263158
DES_MP,2,6,10.1039/b210714g,22,naive,13,22,53.17637908417623,0.5909090909090909
DES_MP,2,6,10.1080/10837450.2020.1735414,3,aware,3,3,165.65678404146627,1.0
DES_MP,2,6,10.1080/10837450.2020.1735414,3,naive,3,3,53.17637908417623,1.0
DES_MP,2,7,10.1016/j.cej.2023.141335,1,aware,1,1,143.89061457142884,1.0
DES_MP,2,7,10.1016/j.cej.2023.141335,1,naive,1,1,51.09258892791297,1.0
DES_MP,2,7,10.1016/j.fluid.2017.03.015,18,anchor,84,150,113.09596905100614,0.56
DES_MP,2,7,10.1016/j.fluid.2017.03.015,18,aware,14,18,143.89061457142884,0.7777777777777778
DES_MP,2,7,10.1016/j.fluid.2017.03.015,18,aware_on_anchor_rows,122,150,143.89061457142884,0.8133333333333334
DES_MP,2,7,10.1016/j.fluid.2017.03.015,18,explore_offset_q_aware,116,150,143.89061457142884,0.7733333333333333
DES_MP,2,7,10.1016/j.fluid.2017.03.015,18,naive,10,18,51.09258892791297,0.5555555555555556
DES_MP,2,7,10.1016/j.fluid.2019.04.019,9,anchor,60,60,113.09596905100614,1.0
DES_MP,2,7,10.1016/j.fluid.2019.04.019,9,aware,0,9,143.89061457142884,0.0
DES_MP,2,7,10.1016/j.fluid.2019.04.019,9,aware_on_anchor_rows,0,60,143.89061457142884,0.0
DES_MP,2,7,10.1016/j.fluid.2019.04.019,9,explore_offset_q_aware,60,60,143.89061457142884,1.0
DES_MP,2,7,10.1016/j.fluid.2019.04.019,9,naive,0,9,51.09258892791297,0.0
DES_MP,2,7,10.1016/j.fluid.2020.112752,4,aware,3,4,143.89061457142884,0.75
DES_MP,2,7,10.1016/j.fluid.2020.112752,4,naive,0,4,51.09258892791297,0.0
DES_MP,2,7,10.1016/j.molliq.2014.08.004,24,anchor,210,210,113.09596905100614,1.0
DES_MP,2,7,10.1016/j.molliq.2014.08.004,24,aware,24,24,143.89061457142884,1.0
DES_MP,2,7,10.1016/j.molliq.2014.08.004,24,aware_on_anchor_rows,210,210,143.89061457142884,1.0
DES_MP,2,7,10.1016/j.molliq.2014.08.004,24,explore_offset_q_aware,210,210,143.89061457142884,1.0
DES_MP,2,7,10.1016/j.molliq.2014.08.004,24,naive,20,24,51.09258892791297,0.8333333333333334
DES_MP,2,7,10.1016/j.tca.2009.08.016,2,aware,2,2,143.89061457142884,1.0
DES_MP,2,7,10.1016/j.tca.2009.08.016,2,naive,2,2,51.09258892791297,1.0
DES_MP,2,7,10.1021/acs.iecr.0c04551,1,aware,1,1,143.89061457142884,1.0
DES_MP,2,7,10.1021/acs.iecr.0c04551,1,naive,1,1,51.09258892791297,1.0
DES_MP,2,7,10.1021/acssuschemeng.0c00559,78,anchor,660,750,113.09596905100614,0.88
DES_MP,2,7,10.1021/acssuschemeng.0c00559,78,aware,71,78,143.89061457142884,0.9102564102564102
DES_MP,2,7,10.1021/acssuschemeng.0c00559,78,aware_on_anchor_rows,686,750,143.89061457142884,0.9146666666666666
DES_MP,2,7,10.1021/acssuschemeng.0c00559,78,explore_offset_q_aware,726,750,143.89061457142884,0.968
DES_MP,2,7,10.1021/acssuschemeng.0c00559,78,naive,54,78,51.09258892791297,0.6923076923076923
DES_MP,2,7,10.1021/acssuschemeng.8b02042,101,anchor,883,980,113.09596905100614,0.9010204081632653
DES_MP,2,7,10.1021/acssuschemeng.8b02042,101,aware,78,101,143.89061457142884,0.7722772277227723
DES_MP,2,7,10.1021/acssuschemeng.8b02042,101,aware_on_anchor_rows,757,980,143.89061457142884,0.7724489795918368
DES_MP,2,7,10.1021/acssuschemeng.8b02042,101,explore_offset_q_aware,923,980,143.89061457142884,0.9418367346938775
DES_MP,2,7,10.1021/acssuschemeng.8b02042,101,naive,13,101,51.09258892791297,0.12871287128712872
DES_MP,2,7,10.1021/jp412552v,45,anchor,269,420,113.09596905100614,0.6404761904761904
DES_MP,2,7,10.1021/jp412552v,45,aware,23,45,143.89061457142884,0.5111111111111111
DES_MP,2,7,10.1021/jp412552v,45,aware_on_anchor_rows,217,420,143.89061457142884,0.5166666666666667
DES_MP,2,7,10.1021/jp412552v,45,explore_offset_q_aware,321,420,143.89061457142884,0.7642857142857142
DES_MP,2,7,10.1021/jp412552v,45,naive,6,45,51.09258892791297,0.13333333333333333
DES_MP,2,7,10.1039/c0ob01011a,13,anchor,98,100,113.09596905100614,0.98
DES_MP,2,7,10.1039/c0ob01011a,13,aware,13,13,143.89061457142884,1.0
DES_MP,2,7,10.1039/c0ob01011a,13,aware_on_anchor_rows,100,100,143.89061457142884,1.0
DES_MP,2,7,10.1039/c0ob01011a,13,explore_offset_q_aware,100,100,143.89061457142884,1.0
DES_MP,2,7,10.1039/c0ob01011a,13,naive,9,13,51.09258892791297,0.6923076923076923
DES_MP,2,7,10.1039/c5gc01451d,7,aware,7,7,143.89061457142884,1.0
DES_MP,2,7,10.1039/c5gc01451d,7,naive,5,7,51.09258892791297,0.7142857142857143
DES_MP,2,7,10.1039/c9cc04846d,22,anchor,160,190,113.09596905100614,0.8421052631578947
DES_MP,2,7,10.1039/c9cc04846d,22,aware,20,22,143.89061457142884,0.9090909090909091
DES_MP,2,7,10.1039/c9cc04846d,22,aware_on_anchor_rows,172,190,143.89061457142884,0.9052631578947369
DES_MP,2,7,10.1039/c9cc04846d,22,explore_offset_q_aware,170,190,143.89061457142884,0.8947368421052632
DES_MP,2,7,10.1039/c9cc04846d,22,naive,18,22,51.09258892791297,0.8181818181818182
DES_MP,2,7,10.3390/molecules26144208,8,anchor,50,50,113.09596905100614,1.0
DES_MP,2,7,10.3390/molecules26144208,8,aware,8,8,143.89061457142884,1.0
DES_MP,2,7,10.3390/molecules26144208,8,aware_on_anchor_rows,50,50,143.89061457142884,1.0
DES_MP,2,7,10.3390/molecules26144208,8,explore_offset_q_aware,50,50,143.89061457142884,1.0
DES_MP,2,7,10.3390/molecules26144208,8,naive,8,8,51.09258892791297,1.0
DES_MP,2,8,10.1002/adfm.202011102,8,anchor,39,50,128.13401183842018,0.78
DES_MP,2,8,10.1002/adfm.202011102,8,aware,4,8,153.3456648597887,0.5
DES_MP,2,8,10.1002/adfm.202011102,8,aware_on_anchor_rows,25,50,153.3456648597887,0.5
DES_MP,2,8,10.1002/adfm.202011102,8,explore_offset_q_aware,46,50,153.3456648597887,0.92
DES_MP,2,8,10.1002/adfm.202011102,8,naive,1,8,50.791693856701954,0.125
DES_MP,2,8,10.1002/aic.17408,80,anchor,646,770,128.13401183842018,0.8389610389610389
DES_MP,2,8,10.1002/aic.17408,80,aware,63,80,153.3456648597887,0.7875
DES_MP,2,8,10.1002/aic.17408,80,aware_on_anchor_rows,607,770,153.3456648597887,0.7883116883116883
DES_MP,2,8,10.1002/aic.17408,80,explore_offset_q_aware,696,770,153.3456648597887,0.9038961038961039
DES_MP,2,8,10.1002/aic.17408,80,naive,35,80,50.791693856701954,0.4375
DES_MP,2,8,10.1002/aic.17412,1,aware,1,1,153.3456648597887,1.0
DES_MP,2,8,10.1002/aic.17412,1,naive,1,1,50.791693856701954,1.0
DES_MP,2,8,10.1002/aic.17414,1,aware,1,1,153.3456648597887,1.0
DES_MP,2,8,10.1002/aic.17414,1,naive,1,1,50.791693856701954,1.0
DES_MP,2,8,10.1016/j.cej.2020.125173,3,aware,2,3,153.3456648597887,0.6666666666666666
DES_MP,2,8,10.1016/j.cej.2020.125173,3,naive,0,3,50.791693856701954,0.0
DES_MP,2,8,10.1016/j.fluid.2017.03.008,7,aware,7,7,153.3456648597887,1.0
DES_MP,2,8,10.1016/j.fluid.2017.03.008,7,naive,7,7,50.791693856701954,1.0
DES_MP,2,8,10.1016/j.ijggc.2019.102839,18,anchor,150,150,128.13401183842018,1.0
DES_MP,2,8,10.1016/j.ijggc.2019.102839,18,aware,18,18,153.3456648597887,1.0
DES_MP,2,8,10.1016/j.ijggc.2019.102839,18,aware_on_anchor_rows,150,150,153.3456648597887,1.0
DES_MP,2,8,10.1016/j.ijggc.2019.102839,18,explore_offset_q_aware,150,150,153.3456648597887,1.0
DES_MP,2,8,10.1016/j.ijggc.2019.102839,18,naive,4,18,50.791693856701954,0.2222222222222222
DES_MP,2,8,10.1016/j.jiec.2021.03.011,10,anchor,65,70,128.13401183842018,0.9285714285714286
DES_MP,2,8,10.1016/j.jiec.2021.03.011,10,aware,9,10,153.3456648597887,0.9
DES_MP,2,8,10.1016/j.jiec.2021.03.011,10,aware_on_anchor_rows,62,70,153.3456648597887,0.8857142857142857
DES_MP,2,8,10.1016/j.jiec.2021.03.011,10,explore_offset_q_aware,67,70,153.3456648597887,0.9571428571428572
DES_MP,2,8,10.1016/j.jiec.2021.03.011,10,naive,6,10,50.791693856701954,0.6
DES_MP,2,8,10.1016/j.molliq.2019.112155,23,anchor,182,200,128.13401183842018,0.91
DES_MP,2,8,10.1016/j.molliq.2019.112155,23,aware,21,23,153.3456648597887,0.9130434782608695
DES_MP,2,8,10.1016/j.molliq.2019.112155,23,aware_on_anchor_rows,182,200,153.3456648597887,0.91
DES_MP,2,8,10.1016/j.molliq.2019.112155,23,explore_offset_q_aware,185,200,153.3456648597887,0.925
DES_MP,2,8,10.1016/j.molliq.2019.112155,23,naive,10,23,50.791693856701954,0.43478260869565216
DES_MP,2,8,10.1016/j.molliq.2020.114745,25,anchor,144,220,128.13401183842018,0.6545454545454545
DES_MP,2,8,10.1016/j.molliq.2020.114745,25,aware,16,25,153.3456648597887,0.64
DES_MP,2,8,10.1016/j.molliq.2020.114745,25,aware_on_anchor_rows,143,220,153.3456648597887,0.65
DES_MP,2,8,10.1016/j.molliq.2020.114745,25,explore_offset_q_aware,165,220,153.3456648597887,0.75
DES_MP,2,8,10.1016/j.molliq.2020.114745,25,naive,10,25,50.791693856701954,0.4
DES_MP,2,8,10.1016/j.trac.2021.116187,13,anchor,75,100,128.13401183842018,0.75
DES_MP,2,8,10.1016/j.trac.2021.116187,13,aware,9,13,153.3456648597887,0.6923076923076923
DES_MP,2,8,10.1016/j.trac.2021.116187,13,aware_on_anchor_rows,68,100,153.3456648597887,0.68
DES_MP,2,8,10.1016/j.trac.2021.116187,13,explore_offset_q_aware,92,100,153.3456648597887,0.92
DES_MP,2,8,10.1016/j.trac.2021.116187,13,naive,7,13,50.791693856701954,0.5384615384615384
DES_MP,2,8,10.1021/je300997v,42,anchor,362,390,128.13401183842018,0.9282051282051282
DES_MP,2,8,10.1021/je300997v,42,aware,42,42,153.3456648597887,1.0
DES_MP,2,8,10.1021/je300997v,42,aware_on_anchor_rows,390,390,153.3456648597887,1.0
DES_MP,2,8,10.1021/je300997v,42,explore_offset_q_aware,386,390,153.3456648597887,0.9897435897435898
DES_MP,2,8,10.1021/je300997v,42,naive,14,42,50.791693856701954,0.3333333333333333
DES_MP,2,8,10.1039/c2ra22990k,3,aware,3,3,153.3456648597887,1.0
DES_MP,2,8,10.1039/c2ra22990k,3,naive,1,3,50.791693856701954,0.3333333333333333
DES_MP,2,8,10.3390/molecules25051077,99,anchor,960,960,128.13401183842018,1.0
DES_MP,2,8,10.3390/molecules25051077,99,aware,99,99,153.3456648597887,1.0
DES_MP,2,8,10.3390/molecules25051077,99,aware_on_anchor_rows,960,960,153.3456648597887,1.0
DES_MP,2,8,10.3390/molecules25051077,99,explore_offset_q_aware,960,960,153.3456648597887,1.0
DES_MP,2,8,10.3390/molecules25051077,99,naive,96,99,50.791693856701954,0.9696969696969697
DES_MP,2,9,10.1002/aic.17409,1,aware,1,1,148.98286389740815,1.0
DES_MP,2,9,10.1002/aic.17409,1,naive,1,1,52.29741083572162,1.0
DES_MP,2,9,10.1016/j.chemphyslip.2009.05.004,87,anchor,840,840,112.9246355854582,1.0
DES_MP,2,9,10.1016/j.chemphyslip.2009.05.004,87,aware,87,87,148.98286389740815,1.0
DES_MP,2,9,10.1016/j.chemphyslip.2009.05.004,87,aware_on_anchor_rows,840,840,148.98286389740815,1.0
DES_MP,2,9,10.1016/j.chemphyslip.2009.05.004,87,explore_offset_q_aware,840,840,148.98286389740815,1.0
DES_MP,2,9,10.1016/j.chemphyslip.2009.05.004,87,naive,87,87,52.29741083572162,1.0
DES_MP,2,9,10.1016/j.fluid.2017.05.009,35,anchor,211,320,112.9246355854582,0.659375
DES_MP,2,9,10.1016/j.fluid.2017.05.009,35,aware,25,35,148.98286389740815,0.7142857142857143
DES_MP,2,9,10.1016/j.fluid.2017.05.009,35,aware_on_anchor_rows,228,320,148.98286389740815,0.7125
DES_MP,2,9,10.1016/j.fluid.2017.05.009,35,explore_offset_q_aware,255,320,148.98286389740815,0.796875
DES_MP,2,9,10.1016/j.fluid.2017.05.009,35,naive,16,35,52.29741083572162,0.45714285714285713
DES_MP,2,9,10.1016/j.fluid.2019.06.005,87,anchor,698,840,112.9246355854582,0.830952380952381
DES_MP,2,9,10.1016/j.fluid.2019.06.005,87,aware,73,87,148.98286389740815,0.8390804597701149
DES_MP,2,9,10.1016/j.fluid.2019.06.005,87,aware_on_anchor_rows,706,840,148.98286389740815,0.8404761904761905
DES_MP,2,9,10.1016/j.fluid.2019.06.005,87,explore_offset_q_aware,791,840,148.98286389740815,0.9416666666666667
DES_MP,2,9,10.1016/j.fluid.2019.06.005,87,naive,23,87,52.29741083572162,0.26436781609195403
DES_MP,2,9,10.1016/j.foodcont.2023.109625,5,aware,5,5,148.98286389740815,1.0
DES_MP,2,9,10.1016/j.foodcont.2023.109625,5,naive,3,5,52.29741083572162,0.6
DES_MP,2,9,10.1016/j.gee.2019.03.002,45,anchor,408,420,112.9246355854582,0.9714285714285714
DES_MP,2,9,10.1016/j.gee.2019.03.002,45,aware,45,45,148.98286389740815,1.0
DES_MP,2,9,10.1016/j.gee.2019.03.002,45,aware_on_anchor_rows,420,420,148.98286389740815,1.0
DES_MP,2,9,10.1016/j.gee.2019.03.002,45,explore_offset_q_aware,419,420,148.98286389740815,0.9976190476190476
DES_MP,2,9,10.1016/j.gee.2019.03.002,45,naive,36,45,52.29741083572162,0.8
DES_MP,2,9,10.1016/j.ijggc.2016.02.006,8,anchor,30,50,112.9246355854582,0.6
DES_MP,2,9,10.1016/j.ijggc.2016.02.006,8,aware,5,8,148.98286389740815,0.625
DES_MP,2,9,10.1016/j.ijggc.2016.02.006,8,aware_on_anchor_rows,33,50,148.98286389740815,0.66
DES_MP,2,9,10.1016/j.ijggc.2016.02.006,8,explore_offset_q_aware,35,50,148.98286389740815,0.7
DES_MP,2,9,10.1016/j.ijggc.2016.02.006,8,naive,2,8,52.29741083572162,0.25
DES_MP,2,9,10.1016/j.jece.2020.104786,1,aware,1,1,148.98286389740815,1.0
DES_MP,2,9,10.1016/j.jece.2020.104786,1,naive,1,1,52.29741083572162,1.0
DES_MP,2,9,10.1016/j.molliq.2016.10.134,8,anchor,47,50,112.9246355854582,0.94
DES_MP,2,9,10.1016/j.molliq.2016.10.134,8,aware,0,8,148.98286389740815,0.0
DES_MP,2,9,10.1016/j.molliq.2016.10.134,8,aware_on_anchor_rows,0,50,148.98286389740815,0.0
DES_MP,2,9,10.1016/j.molliq.2016.10.134,8,explore_offset_q_aware,50,50,148.98286389740815,1.0
DES_MP,2,9,10.1016/j.molliq.2016.10.134,8,naive,0,8,52.29741083572162,0.0
DES_MP,2,9,10.1016/j.molliq.2018.12.032,2,aware,2,2,148.98286389740815,1.0
DES_MP,2,9,10.1016/j.molliq.2018.12.032,2,naive,2,2,52.29741083572162,1.0
DES_MP,2,9,10.1016/j.molliq.2020.114495,3,aware,3,3,148.98286389740815,1.0
DES_MP,2,9,10.1016/j.molliq.2020.114495,3,naive,3,3,52.29741083572162,1.0
DES_MP,2,9,10.1016/j.molstruc.2017.11.064,17,anchor,87,140,112.9246355854582,0.6214285714285714
DES_MP,2,9,10.1016/j.molstruc.2017.11.064,17,aware,6,17,148.98286389740815,0.35294117647058826
DES_MP,2,9,10.1016/j.molstruc.2017.11.064,17,aware_on_anchor_rows,51,140,148.98286389740815,0.36428571428571427
DES_MP,2,9,10.1016/j.molstruc.2017.11.064,17,explore_offset_q_aware,106,140,148.98286389740815,0.7571428571428571
DES_MP,2,9,10.1016/j.molstruc.2017.11.064,17,naive,2,17,52.29741083572162,0.11764705882352941
DES_MP,2,9,10.1016/j.tca.2011.10.010,12,anchor,90,90,112.9246355854582,1.0
DES_MP,2,9,10.1016/j.tca.2011.10.010,12,aware,12,12,148.98286389740815,1.0
DES_MP,2,9,10.1016/j.tca.2011.10.010,12,aware_on_anchor_rows,90,90,148.98286389740815,1.0
DES_MP,2,9,10.1016/j.tca.2011.10.010,12,explore_offset_q_aware,90,90,148.98286389740815,1.0
DES_MP,2,9,10.1016/j.tca.2011.10.010,12,naive,2,12,52.29741083572162,0.16666666666666666
DES_MP,2,9,10.1021/acs.jpcb.0c01680,22,anchor,184,190,112.9246355854582,0.968421052631579
DES_MP,2,9,10.1021/acs.jpcb.0c01680,22,aware,22,22,148.98286389740815,1.0
DES_MP,2,9,10.1021/acs.jpcb.0c01680,22,aware_on_anchor_rows,190,190,148.98286389740815,1.0
DES_MP,2,9,10.1021/acs.jpcb.0c01680,22,explore_offset_q_aware,190,190,148.98286389740815,1.0
DES_MP,2,9,10.1021/acs.jpcb.0c01680,22,naive,18,22,52.29741083572162,0.8181818181818182
DES_MP,3,0,10.1016/j.fluid.2017.04.007,388,anchor,3758,3850,127.6843050330846,0.9761038961038961
DES_MP,3,0,10.1016/j.fluid.2017.04.007,388,aware,382,388,163.1323296731606,0.9845360824742269
DES_MP,3,0,10.1016/j.fluid.2017.04.007,388,aware_on_anchor_rows,3790,3850,163.1323296731606,0.9844155844155844
DES_MP,3,0,10.1016/j.fluid.2017.04.007,388,explore_offset_q_aware,3830,3850,163.1323296731606,0.9948051948051948
DES_MP,3,0,10.1016/j.fluid.2017.04.007,388,naive,286,388,59.165865572930045,0.7371134020618557
DES_MP,3,1,10.1002/aic.17415,1,aware,1,1,156.9053787482071,1.0
DES_MP,3,1,10.1002/aic.17415,1,naive,1,1,58.7132894932239,1.0
DES_MP,3,1,10.1002/apj.1873,16,anchor,130,130,129.74305026054412,1.0
DES_MP,3,1,10.1002/apj.1873,16,aware,16,16,156.9053787482071,1.0
DES_MP,3,1,10.1002/apj.1873,16,aware_on_anchor_rows,130,130,156.9053787482071,1.0
DES_MP,3,1,10.1002/apj.1873,16,explore_offset_q_aware,130,130,156.9053787482071,1.0
DES_MP,3,1,10.1002/apj.1873,16,naive,8,16,58.7132894932239,0.5
DES_MP,3,1,10.1002/open.202100137,1,aware,1,1,156.9053787482071,1.0
DES_MP,3,1,10.1002/open.202100137,1,naive,0,1,58.7132894932239,0.0
DES_MP,3,1,10.1016/j.fluid.2013.06.050,3,aware,3,3,156.9053787482071,1.0
DES_MP,3,1,10.1016/j.fluid.2013.06.050,3,naive,3,3,58.7132894932239,1.0
DES_MP,3,1,10.1016/j.microc.2019.104384,12,anchor,90,90,129.74305026054412,1.0
DES_MP,3,1,10.1016/j.microc.2019.104384,12,aware,12,12,156.9053787482071,1.0
DES_MP,3,1,10.1016/j.microc.2019.104384,12,aware_on_anchor_rows,90,90,156.9053787482071,1.0
DES_MP,3,1,10.1016/j.microc.2019.104384,12,explore_offset_q_aware,90,90,156.9053787482071,1.0
DES_MP,3,1,10.1016/j.microc.2019.104384,12,naive,2,12,58.7132894932239,0.16666666666666666
DES_MP,3,1,10.1016/j.molliq.2016.10.134,8,anchor,46,50,129.74305026054412,0.92
DES_MP,3,1,10.1016/j.molliq.2016.10.134,8,aware,4,8,156.9053787482071,0.5
DES_MP,3,1,10.1016/j.molliq.2016.10.134,8,aware_on_anchor_rows,25,50,156.9053787482071,0.5
DES_MP,3,1,10.1016/j.molliq.2016.10.134,8,explore_offset_q_aware,50,50,156.9053787482071,1.0
DES_MP,3,1,10.1016/j.molliq.2016.10.134,8,naive,1,8,58.7132894932239,0.125
DES_MP,3,1,10.1016/j.molliq.2018.02.049,8,anchor,38,50,129.74305026054412,0.76
DES_MP,3,1,10.1016/j.molliq.2018.02.049,8,aware,8,8,156.9053787482071,1.0
DES_MP,3,1,10.1016/j.molliq.2018.02.049,8,aware_on_anchor_rows,50,50,156.9053787482071,1.0
DES_MP,3,1,10.1016/j.molliq.2018.02.049,8,explore_offset_q_aware,46,50,156.9053787482071,0.92
DES_MP,3,1,10.1016/j.molliq.2018.02.049,8,naive,2,8,58.7132894932239,0.25
DES_MP,3,1,10.1016/j.molliq.2018.12.032,2,aware,2,2,156.9053787482071,1.0
DES_MP,3,1,10.1016/j.molliq.2018.12.032,2,naive,2,2,58.7132894932239,1.0
DES_MP,3,1,10.1021/acs.iecr.7b02382,278,anchor,2738,2750,129.74305026054412,0.9956363636363637
DES_MP,3,1,10.1021/acs.iecr.7b02382,278,aware,278,278,156.9053787482071,1.0
DES_MP,3,1,10.1021/acs.iecr.7b02382,278,aware_on_anchor_rows,2750,2750,156.9053787482071,1.0
DES_MP,3,1,10.1021/acs.iecr.7b02382,278,explore_offset_q_aware,2750,2750,156.9053787482071,1.0
DES_MP,3,1,10.1021/acs.iecr.7b02382,278,naive,240,278,58.7132894932239,0.8633093525179856
DES_MP,3,1,10.1149/1945-7111/ab68d3,5,aware,5,5,156.9053787482071,1.0
DES_MP,3,1,10.1149/1945-7111/ab68d3,5,naive,3,5,58.7132894932239,0.6
DES_MP,3,2,10.1002/aic.17411,1,aware,1,1,168.67032311611683,1.0
DES_MP,3,2,10.1002/aic.17411,1,naive,1,1,56.96074059692273,1.0
DES_MP,3,2,10.1002/aic.17414,1,aware,1,1,168.67032311611683,1.0
DES_MP,3,2,10.1002/aic.17414,1,naive,1,1,56.96074059692273,1.0
DES_MP,3,2,10.1002/jps.2600600908,5,aware,3,5,168.67032311611683,0.6
DES_MP,3,2,10.1002/jps.2600600908,5,naive,0,5,56.96074059692273,0.0
DES_MP,3,2,10.1016/j.molliq.2015.11.032,2,aware,2,2,168.67032311611683,1.0
DES_MP,3,2,10.1016/j.molliq.2015.11.032,2,naive,2,2,56.96074059692273,1.0
DES_MP,3,2,10.1016/j.molliq.2020.113727,6,aware,4,6,168.67032311611683,0.6666666666666666
DES_MP,3,2,10.1016/j.molliq.2020.113727,6,naive,2,6,56.96074059692273,0.3333333333333333
DES_MP,3,2,10.1016/j.tca.2011.10.010,12,anchor,90,90,133.12013841791327,1.0
DES_MP,3,2,10.1016/j.tca.2011.10.010,12,aware,12,12,168.67032311611683,1.0
DES_MP,3,2,10.1016/j.tca.2011.10.010,12,aware_on_anchor_rows,90,90,168.67032311611683,1.0
DES_MP,3,2,10.1016/j.tca.2011.10.010,12,explore_offset_q_aware,90,90,168.67032311611683,1.0
DES_MP,3,2,10.1016/j.tca.2011.10.010,12,naive,5,12,56.96074059692273,0.4166666666666667
DES_MP,3,2,10.1016/j.tca.2012.03.027,21,anchor,132,180,133.12013841791327,0.7333333333333333
DES_MP,3,2,10.1016/j.tca.2012.03.027,21,aware,12,21,168.67032311611683,0.5714285714285714
DES_MP,3,2,10.1016/j.tca.2012.03.027,21,aware_on_anchor_rows,109,180,168.67032311611683,0.6055555555555555
DES_MP,3,2,10.1016/j.tca.2012.03.027,21,explore_offset_q_aware,166,180,168.67032311611683,0.9222222222222223
DES_MP,3,2,10.1016/j.tca.2012.03.027,21,naive,2,21,56.96074059692273,0.09523809523809523
DES_MP,3,2,10.1021/acs.jpcb.0c02386,262,anchor,2552,2590,133.12013841791327,0.9853281853281853
DES_MP,3,2,10.1021/acs.jpcb.0c02386,262,aware,262,262,168.67032311611683,1.0
DES_MP,3,2,10.1021/acs.jpcb.0c02386,262,aware_on_anchor_rows,2590,2590,168.67032311611683,1.0
DES_MP,3,2,10.1021/acs.jpcb.0c02386,262,explore_offset_q_aware,2588,2590,168.67032311611683,0.9992277992277993
DES_MP,3,2,10.1021/acs.jpcb.0c02386,262,naive,208,262,56.96074059692273,0.7938931297709924
DES_MP,3,2,10.1021/je5002126,16,anchor,130,130,133.12013841791327,1.0
DES_MP,3,2,10.1021/je5002126,16,aware,16,16,168.67032311611683,1.0
DES_MP,3,2,10.1021/je5002126,16,aware_on_anchor_rows,130,130,168.67032311611683,1.0
DES_MP,3,2,10.1021/je5002126,16,explore_offset_q_aware,130,130,168.67032311611683,1.0
DES_MP,3,2,10.1021/je5002126,16,naive,10,16,56.96074059692273,0.625
DES_MP,3,2,10.3923/jas.2010.3349.3354,8,anchor,50,50,133.12013841791327,1.0
DES_MP,3,2,10.3923/jas.2010.3349.3354,8,aware,8,8,168.67032311611683,1.0
DES_MP,3,2,10.3923/jas.2010.3349.3354,8,aware_on_anchor_rows,50,50,168.67032311611683,1.0
DES_MP,3,2,10.3923/jas.2010.3349.3354,8,explore_offset_q_aware,50,50,168.67032311611683,1.0
DES_MP,3,2,10.3923/jas.2010.3349.3354,8,naive,4,8,56.96074059692273,0.5
DES_MP,3,3,10.1002/aic.17410,1,aware,1,1,158.55050442857112,1.0
DES_MP,3,3,10.1002/aic.17410,1,naive,1,1,55.92966244056038,1.0
DES_MP,3,3,10.1002/aic.17413,1,aware,1,1,158.55050442857112,1.0
DES_MP,3,3,10.1002/aic.17413,1,naive,1,1,55.92966244056038,1.0
DES_MP,3,3,10.1002/chem.200601738,6,aware,6,6,158.55050442857112,1.0
DES_MP,3,3,10.1002/chem.200601738,6,naive,4,6,55.92966244056038,0.6666666666666666
DES_MP,3,3,10.1002/cphc.200500489,36,anchor,330,330,115.6040600407104,1.0
DES_MP,3,3,10.1002/cphc.200500489,36,aware,36,36,158.55050442857112,1.0
DES_MP,3,3,10.1002/cphc.200500489,36,aware_on_anchor_rows,330,330,158.55050442857112,1.0
DES_MP,3,3,10.1002/cphc.200500489,36,explore_offset_q_aware,330,330,158.55050442857112,1.0
DES_MP,3,3,10.1002/cphc.200500489,36,naive,30,36,55.92966244056038,0.8333333333333334
DES_MP,3,3,10.1002/cssc.202001331,206,anchor,1195,2030,115.6040600407104,0.5886699507389163
DES_MP,3,3,10.1002/cssc.202001331,206,aware,124,206,158.55050442857112,0.6019417475728155
DES_MP,3,3,10.1002/cssc.202001331,206,aware_on_anchor_rows,1220,2030,158.55050442857112,0.6009852216748769
DES_MP,3,3,10.1002/cssc.202001331,206,explore_offset_q_aware,1520,2030,158.55050442857112,0.7487684729064039
DES_MP,3,3,10.1002/cssc.202001331,206,naive,64,206,55.92966244056038,0.3106796116504854
DES_MP,3,3,10.1016/j.chroma.2017.09.044,2,aware,2,2,158.55050442857112,1.0
DES_MP,3,3,10.1016/j.chroma.2017.09.044,2,naive,2,2,55.92966244056038,1.0
DES_MP,3,3,10.1016/j.molliq.2008.07.009,24,anchor,196,210,115.6040600407104,0.9333333333333333
DES_MP,3,3,10.1016/j.molliq.2008.07.009,24,aware,22,24,158.55050442857112,0.9166666666666666
DES_MP,3,3,10.1016/j.molliq.2008.07.009,24,aware_on_anchor_rows,191,210,158.55050442857112,0.9095238095238095
DES_MP,3,3,10.1016/j.molliq.2008.07.009,24,explore_offset_q_aware,210,210,158.55050442857112,1.0
DES_MP,3,3,10.1016/j.molliq.2008.07.009,24,naive,16,24,55.92966244056038,0.6666666666666666
DES_MP,3,3,10.1016/j.molliq.2021.115838,8,anchor,50,50,115.6040600407104,1.0
DES_MP,3,3,10.1016/j.molliq.2021.115838,8,aware,8,8,158.55050442857112,1.0
DES_MP,3,3,10.1016/j.molliq.2021.115838,8,aware_on_anchor_rows,50,50,158.55050442857112,1.0
DES_MP,3,3,10.1016/j.molliq.2021.115838,8,explore_offset_q_aware,50,50,158.55050442857112,1.0
DES_MP,3,3,10.1016/j.molliq.2021.115838,8,naive,8,8,55.92966244056038,1.0
DES_MP,3,3,10.1016/j.molliq.2021.117021,19,anchor,128,160,115.6040600407104,0.8
DES_MP,3,3,10.1016/j.molliq.2021.117021,19,aware,18,19,158.55050442857112,0.9473684210526315
DES_MP,3,3,10.1016/j.molliq.2021.117021,19,aware_on_anchor_rows,151,160,158.55050442857112,0.94375
DES_MP,3,3,10.1016/j.molliq.2021.117021,19,explore_offset_q_aware,144,160,158.55050442857112,0.9
DES_MP,3,3,10.1016/j.molliq.2021.117021,19,naive,11,19,55.92966244056038,0.5789473684210527
DES_MP,3,3,10.1016/s0168-3659(97)00153-3,12,anchor,85,90,115.6040600407104,0.9444444444444444
DES_MP,3,3,10.1016/s0168-3659(97)00153-3,12,aware,12,12,158.55050442857112,1.0
DES_MP,3,3,10.1016/s0168-3659(97)00153-3,12,aware_on_anchor_rows,90,90,158.55050442857112,1.0
DES_MP,3,3,10.1016/s0168-3659(97)00153-3,12,explore_offset_q_aware,90,90,158.55050442857112,1.0
DES_MP,3,3,10.1016/s0168-3659(97)00153-3,12,naive,11,12,55.92966244056038,0.9166666666666666
DES_MP,3,3,10.1039/c1ra00630d,14,anchor,110,110,115.6040600407104,1.0
DES_MP,3,3,10.1039/c1ra00630d,14,aware,14,14,158.55050442857112,1.0
DES_MP,3,3,10.1039/c1ra00630d,14,aware_on_anchor_rows,110,110,158.55050442857112,1.0
DES_MP,3,3,10.1039/c1ra00630d,14,explore_offset_q_aware,110,110,158.55050442857112,1.0
DES_MP,3,3,10.1039/c1ra00630d,14,naive,10,14,55.92966244056038,0.7142857142857143
DES_MP,3,3,10.3390/app11041601,5,aware,5,5,158.55050442857112,1.0
DES_MP,3,3,10.3390/app11041601,5,naive,2,5,55.92966244056038,0.4
DES_MP,3,4,10.1002/aic.17409,1,aware,1,1,161.71462554425216,1.0
DES_MP,3,4,10.1002/aic.17409,1,naive,1,1,59.50301314333774,1.0
DES_MP,3,4,10.1002/aic.17421,1,aware,1,1,161.71462554425216,1.0
DES_MP,3,4,10.1002/aic.17421,1,naive,1,1,59.50301314333774,1.0
DES_MP,3,4,10.1016/j.ijggc.2016.02.006,8,anchor,37,50,128.333162836995,0.74
DES_MP,3,4,10.1016/j.ijggc.2016.02.006,8,aware,5,8,161.71462554425216,0.625
DES_MP,3,4,10.1016/j.ijggc.2016.02.006,8,aware_on_anchor_rows,35,50,161.71462554425216,0.7
DES_MP,3,4,10.1016/j.ijggc.2016.02.006,8,explore_offset_q_aware,44,50,161.71462554425216,0.88
DES_MP,3,4,10.1016/j.ijggc.2016.02.006,8,naive,2,8,59.50301314333774,0.25
DES_MP,3,4,10.1016/j.molliq.2020.114495,3,aware,3,3,161.71462554425216,1.0
DES_MP,3,4,10.1016/j.molliq.2020.114495,3,naive,1,3,59.50301314333774,0.3333333333333333
DES_MP,3,4,10.1021/acs.iecr.8b01249,202,anchor,1890,1990,128.333162836995,0.949748743718593
DES_MP,3,4,10.1021/acs.iecr.8b01249,202,aware,194,202,161.71462554425216,0.9603960396039604
DES_MP,3,4,10.1021/acs.iecr.8b01249,202,aware_on_anchor_rows,1911,1990,161.71462554425216,0.9603015075376884
DES_MP,3,4,10.1021/acs.iecr.8b01249,202,explore_offset_q_aware,1978,1990,161.71462554425216,0.9939698492462311
DES_MP,3,4,10.1021/acs.iecr.8b01249,202,naive,92,202,59.50301314333774,0.45544554455445546
DES_MP,3,4,10.1021/acssuschemeng.0c08288,24,anchor,210,210,128.333162836995,1.0
DES_MP,3,4,10.1021/acssuschemeng.0c08288,24,aware,24,24,161.71462554425216,1.0
DES_MP,3,4,10.1021/acssuschemeng.0c08288,24,aware_on_anchor_rows,210,210,161.71462554425216,1.0
DES_MP,3,4,10.1021/acssuschemeng.0c08288,24,explore_offset_q_aware,210,210,161.71462554425216,1.0
DES_MP,3,4,10.1021/acssuschemeng.0c08288,24,naive,18,24,59.50301314333774,0.75
DES_MP,3,4,10.1021/ef2004943,11,anchor,80,80,128.333162836995,1.0
DES_MP,3,4,10.1021/ef2004943,11,aware,11,11,161.71462554425216,1.0
DES_MP,3,4,10.1021/ef2004943,11,aware_on_anchor_rows,80,80,161.71462554425216,1.0
DES_MP,3,4,10.1021/ef2004943,11,explore_offset_q_aware,80,80,161.71462554425216,1.0
DES_MP,3,4,10.1021/ef2004943,11,naive,11,11,59.50301314333774,1.0
DES_MP,3,4,10.1021/ja048266j,36,anchor,328,330,128.333162836995,0.9939393939393939
DES_MP,3,4,10.1021/ja048266j,36,aware,36,36,161.71462554425216,1.0
DES_MP,3,4,10.1021/ja048266j,36,aware_on_anchor_rows,330,330,161.71462554425216,1.0
DES_MP,3,4,10.1021/ja048266j,36,explore_offset_q_aware,330,330,161.71462554425216,1.0
DES_MP,3,4,10.1021/ja048266j,36,naive,24,36,59.50301314333774,0.6666666666666666
DES_MP,3,4,10.1039/c4ra10628h,16,anchor,85,130,128.333162836995,0.6538461538461539
DES_MP,3,4,10.1039/c4ra10628h,16,aware,8,16,161.71462554425216,0.5
DES_MP,3,4,10.1039/c4ra10628h,16,aware_on_anchor_rows,68,130,161.71462554425216,0.5230769230769231
DES_MP,3,4,10.1039/c4ra10628h,16,explore_offset_q_aware,108,130,161.71462554425216,0.8307692307692308
DES_MP,3,4,10.1039/c4ra10628h,16,naive,6,16,59.50301314333774,0.375
DES_MP,3,4,10.1080/10837450.2020.1735414,3,aware,3,3,161.71462554425216,1.0
DES_MP,3,4,10.1080/10837450.2020.1735414,3,naive,3,3,59.50301314333774,1.0
DES_MP,3,4,10.3390/molecules26144208,8,anchor,50,50,128.333162836995,1.0
DES_MP,3,4,10.3390/molecules26144208,8,aware,8,8,161.71462554425216,1.0
DES_MP,3,4,10.3390/molecules26144208,8,aware_on_anchor_rows,50,50,161.71462554425216,1.0
DES_MP,3,4,10.3390/molecules26144208,8,explore_offset_q_aware,50,50,161.71462554425216,1.0
DES_MP,3,4,10.3390/molecules26144208,8,naive,8,8,59.50301314333774,1.0
DES_MP,3,4,10.3390/pr9050796,21,anchor,180,180,128.333162836995,1.0
DES_MP,3,4,10.3390/pr9050796,21,aware,21,21,161.71462554425216,1.0
DES_MP,3,4,10.3390/pr9050796,21,aware_on_anchor_rows,180,180,161.71462554425216,1.0
DES_MP,3,4,10.3390/pr9050796,21,explore_offset_q_aware,180,180,161.71462554425216,1.0
DES_MP,3,4,10.3390/pr9050796,21,naive,21,21,59.50301314333774,1.0
DES_MP,3,5,10.1002/9783527818488,5,aware,4,5,154.8501000449736,0.8
DES_MP,3,5,10.1002/9783527818488,5,naive,1,5,56.454774313299936,0.2
DES_MP,3,5,10.1002/aic.17412,1,aware,1,1,154.8501000449736,1.0
DES_MP,3,5,10.1002/aic.17412,1,naive,1,1,56.454774313299936,1.0
DES_MP,3,5,10.1002/aic.17417,1,aware,1,1,154.8501000449736,1.0
DES_MP,3,5,10.1002/aic.17417,1,naive,1,1,56.454774313299936,1.0
DES_MP,3,5,10.1016/j.cej.2023.141335,1,aware,1,1,154.8501000449736,1.0
DES_MP,3,5,10.1016/j.cej.2023.141335,1,naive,1,1,56.454774313299936,1.0
DES_MP,3,5,10.1016/j.cplett.2015.06.017,1,aware,1,1,154.8501000449736,1.0
DES_MP,3,5,10.1016/j.cplett.2015.06.017,1,naive,0,1,56.454774313299936,0.0
DES_MP,3,5,10.1016/j.fluid.2017.03.008,7,aware,7,7,154.8501000449736,1.0
DES_MP,3,5,10.1016/j.fluid.2017.03.008,7,naive,7,7,56.454774313299936,1.0
DES_MP,3,5,10.1016/j.ijggc.2019.102839,18,anchor,150,150,121.71573262876484,1.0
DES_MP,3,5,10.1016/j.ijggc.2019.102839,18,aware,18,18,154.8501000449736,1.0
DES_MP,3,5,10.1016/j.ijggc.2019.102839,18,aware_on_anchor_rows,150,150,154.8501000449736,1.0
DES_MP,3,5,10.1016/j.ijggc.2019.102839,18,explore_offset_q_aware,150,150,154.8501000449736,1.0
DES_MP,3,5,10.1016/j.ijggc.2019.102839,18,naive,16,18,56.454774313299936,0.8888888888888888
DES_MP,3,5,10.1016/j.jct.2015.04.021,12,anchor,90,90,121.71573262876484,1.0
DES_MP,3,5,10.1016/j.jct.2015.04.021,12,aware,12,12,154.8501000449736,1.0
DES_MP,3,5,10.1016/j.jct.2015.04.021,12,aware_on_anchor_rows,90,90,154.8501000449736,1.0
DES_MP,3,5,10.1016/j.jct.2015.04.021,12,explore_offset_q_aware,90,90,154.8501000449736,1.0
DES_MP,3,5,10.1016/j.jct.2015.04.021,12,naive,0,12,56.454774313299936,0.0
DES_MP,3,5,10.1016/j.jtice.2015.12.020,9,anchor,60,60,121.71573262876484,1.0
DES_MP,3,5,10.1016/j.jtice.2015.12.020,9,aware,9,9,154.8501000449736,1.0
DES_MP,3,5,10.1016/j.jtice.2015.12.020,9,aware_on_anchor_rows,60,60,154.8501000449736,1.0
DES_MP,3,5,10.1016/j.jtice.2015.12.020,9,explore_offset_q_aware,60,60,154.8501000449736,1.0
DES_MP,3,5,10.1016/j.jtice.2015.12.020,9,naive,0,9,56.454774313299936,0.0
DES_MP,3,5,10.1016/j.molliq.2014.08.004,24,anchor,210,210,121.71573262876484,1.0
DES_MP,3,5,10.1016/j.molliq.2014.08.004,24,aware,24,24,154.8501000449736,1.0
DES_MP,3,5,10.1016/j.molliq.2014.08.004,24,aware_on_anchor_rows,210,210,154.8501000449736,1.0
DES_MP,3,5,10.1016/j.molliq.2014.08.004,24,explore_offset_q_aware,210,210,154.8501000449736,1.0
DES_MP,3,5,10.1016/j.molliq.2014.08.004,24,naive,22,24,56.454774313299936,0.9166666666666666
DES_MP,3,5,10.1016/j.molliq.2020.113667,38,anchor,350,350,121.71573262876484,1.0
DES_MP,3,5,10.1016/j.molliq.2020.113667,38,aware,38,38,154.8501000449736,1.0
DES_MP,3,5,10.1016/j.molliq.2020.113667,38,aware_on_anchor_rows,350,350,154.8501000449736,1.0
DES_MP,3,5,10.1016/j.molliq.2020.113667,38,explore_offset_q_aware,350,350,154.8501000449736,1.0
DES_MP,3,5,10.1016/j.molliq.2020.113667,38,naive,34,38,56.454774313299936,0.8947368421052632
DES_MP,3,5,10.1021/acssuschemeng.8b01203,137,anchor,1340,1340,121.71573262876484,1.0
DES_MP,3,5,10.1021/acssuschemeng.8b01203,137,aware,137,137,154.8501000449736,1.0
DES_MP,3,5,10.1021/acssuschemeng.8b01203,137,aware_on_anchor_rows,1340,1340,154.8501000449736,1.0
DES_MP,3,5,10.1021/acssuschemeng.8b01203,137,explore_offset_q_aware,1340,1340,154.8501000449736,1.0
DES_MP,3,5,10.1021/acssuschemeng.8b01203,137,naive,137,137,56.454774313299936,1.0
DES_MP,3,5,10.1021/ie500466g,8,anchor,35,50,121.71573262876484,0.7
DES_MP,3,5,10.1021/ie500466g,8,aware,8,8,154.8501000449736,1.0
DES_MP,3,5,10.1021/ie500466g,8,aware_on_anchor_rows,50,50,154.8501000449736,1.0
DES_MP,3,5,10.1021/ie500466g,8,explore_offset_q_aware,47,50,154.8501000449736,0.94
DES_MP,3,5,10.1021/ie500466g,8,naive,2,8,56.454774313299936,0.25
DES_MP,3,5,10.1021/je100104v,50,anchor,336,470,121.71573262876484,0.7148936170212766
DES_MP,3,5,10.1021/je100104v,50,aware,38,50,154.8501000449736,0.76
DES_MP,3,5,10.1021/je100104v,50,aware_on_anchor_rows,362,470,154.8501000449736,0.7702127659574468
DES_MP,3,5,10.1021/je100104v,50,explore_offset_q_aware,380,470,154.8501000449736,0.8085106382978723
DES_MP,3,5,10.1021/je100104v,50,naive,12,50,56.454774313299936,0.24
DES_MP,3,5,10.1039/b210714g,22,anchor,162,190,121.71573262876484,0.8526315789473684
DES_MP,3,5,10.1039/b210714g,22,aware,21,22,154.8501000449736,0.9545454545454546
DES_MP,3,5,10.1039/b210714g,22,aware_on_anchor_rows,183,190,154.8501000449736,0.9631578947368421
DES_MP,3,5,10.1039/b210714g,22,explore_offset_q_aware,171,190,154.8501000449736,0.9
DES_MP,3,5,10.1039/b210714g,22,naive,13,22,56.454774313299936,0.5909090909090909
DES_MP,3,6,10.1002/aic.17419,1,aware,1,1,155.9945955762175,1.0
DES_MP,3,6,10.1002/aic.17419,1,naive,1,1,52.96118874203592,1.0
DES_MP,3,6,10.1007/s10973-012-2831-3,32,anchor,290,290,124.6706961357986,1.0
DES_MP,3,6,10.1007/s10973-012-2831-3,32,aware,32,32,155.9945955762175,1.0
DES_MP,3,6,10.1007/s10973-012-2831-3,32,aware_on_anchor_rows,290,290,155.9945955762175,1.0
DES_MP,3,6,10.1007/s10973-012-2831-3,32,explore_offset_q_aware,290,290,155.9945955762175,1.0
DES_MP,3,6,10.1007/s10973-012-2831-3,32,naive,20,32,52.96118874203592,0.625
DES_MP,3,6,10.1016/j.cej.2018.10.077,8,anchor,48,50,124.6706961357986,0.96
DES_MP,3,6,10.1016/j.cej.2018.10.077,8,aware,7,8,155.9945955762175,0.875
DES_MP,3,6,10.1016/j.cej.2018.10.077,8,aware_on_anchor_rows,43,50,155.9945955762175,0.86
DES_MP,3,6,10.1016/j.cej.2018.10.077,8,explore_offset_q_aware,50,50,155.9945955762175,1.0
DES_MP,3,6,10.1016/j.cej.2018.10.077,8,naive,2,8,52.96118874203592,0.25
DES_MP,3,6,10.1016/j.fluid.2017.03.011,12,anchor,90,90,124.6706961357986,1.0
DES_MP,3,6,10.1016/j.fluid.2017.03.011,12,aware,12,12,155.9945955762175,1.0
DES_MP,3,6,10.1016/j.fluid.2017.03.011,12,aware_on_anchor_rows,90,90,155.9945955762175,1.0
DES_MP,3,6,10.1016/j.fluid.2017.03.011,12,explore_offset_q_aware,90,90,155.9945955762175,1.0
DES_MP,3,6,10.1016/j.fluid.2017.03.011,12,naive,0,12,52.96118874203592,0.0
DES_MP,3,6,10.1016/j.fluid.2019.04.019,9,anchor,60,60,124.6706961357986,1.0
DES_MP,3,6,10.1016/j.fluid.2019.04.019,9,aware,0,9,155.9945955762175,0.0
DES_MP,3,6,10.1016/j.fluid.2019.04.019,9,aware_on_anchor_rows,0,60,155.9945955762175,0.0
DES_MP,3,6,10.1016/j.fluid.2019.04.019,9,explore_offset_q_aware,60,60,155.9945955762175,1.0
DES_MP,3,6,10.1016/j.fluid.2019.04.019,9,naive,0,9,52.96118874203592,0.0
DES_MP,3,6,10.1016/j.fluid.2020.112752,4,aware,3,4,155.9945955762175,0.75
DES_MP,3,6,10.1016/j.fluid.2020.112752,4,naive,0,4,52.96118874203592,0.0
DES_MP,3,6,10.1016/j.gee.2020.11.020,51,anchor,477,480,124.6706961357986,0.99375
DES_MP,3,6,10.1016/j.gee.2020.11.020,51,aware,51,51,155.9945955762175,1.0
DES_MP,3,6,10.1016/j.gee.2020.11.020,51,aware_on_anchor_rows,480,480,155.9945955762175,1.0
DES_MP,3,6,10.1016/j.gee.2020.11.020,51,explore_offset_q_aware,480,480,155.9945955762175,1.0
DES_MP,3,6,10.1016/j.gee.2020.11.020,51,naive,35,51,52.96118874203592,0.6862745098039216
DES_MP,3,6,10.1016/j.molstruc.2017.11.064,17,anchor,100,140,124.6706961357986,0.7142857142857143
DES_MP,3,6,10.1016/j.molstruc.2017.11.064,17,aware,10,17,155.9945955762175,0.5882352941176471
DES_MP,3,6,10.1016/j.molstruc.2017.11.064,17,aware_on_anchor_rows,82,140,155.9945955762175,0.5857142857142857
DES_MP,3,6,10.1016/j.molstruc.2017.11.064,17,explore_offset_q_aware,114,140,155.9945955762175,0.8142857142857143
DES_MP,3,6,10.1016/j.molstruc.2017.11.064,17,naive,1,17,52.96118874203592,0.058823529411764705
DES_MP,3,6,10.1016/j.solmat.2016.06.004,5,aware,2,5,155.9945955762175,0.4
DES_MP,3,6,10.1016/j.solmat.2016.06.004,5,naive,1,5,52.96118874203592,0.2
DES_MP,3,6,10.1021/acssuschemeng.0c05518,39,anchor,232,360,124.6706961357986,0.6444444444444445
DES_MP,3,6,10.1021/acssuschemeng.0c05518,39,aware,22,39,155.9945955762175,0.5641025641025641
DES_MP,3,6,10.1021/acssuschemeng.0c05518,39,aware_on_anchor_rows,205,360,155.9945955762175,0.5694444444444444
DES_MP,3,6,10.1021/acssuschemeng.0c05518,39,explore_offset_q_aware,273,360,155.9945955762175,0.7583333333333333
DES_MP,3,6,10.1021/acssuschemeng.0c05518,39,naive,8,39,52.96118874203592,0.20512820512820512
DES_MP,3,6,10.1021/je060146z,130,anchor,1270,1270,124.6706961357986,1.0
DES_MP,3,6,10.1021/je060146z,130,aware,130,130,155.9945955762175,1.0
DES_MP,3,6,10.1021/je060146z,130,aware_on_anchor_rows,1270,1270,155.9945955762175,1.0
DES_MP,3,6,10.1021/je060146z,130,explore_offset_q_aware,1270,1270,155.9945955762175,1.0
DES_MP,3,6,10.1021/je060146z,130,naive,130,130,52.96118874203592,1.0
DES_MP,3,6,10.1039/c2ra22990k,3,aware,3,3,155.9945955762175,1.0
DES_MP,3,6,10.1039/c2ra22990k,3,naive,2,3,52.96118874203592,0.6666666666666666
DES_MP,3,6,10.1039/c9cc04846d,22,anchor,162,190,124.6706961357986,0.8526315789473684
DES_MP,3,6,10.1039/c9cc04846d,22,aware,20,22,155.9945955762175,0.9090909090909091
DES_MP,3,6,10.1039/c9cc04846d,22,aware_on_anchor_rows,171,190,155.9945955762175,0.9
DES_MP,3,6,10.1039/c9cc04846d,22,explore_offset_q_aware,171,190,155.9945955762175,0.9
DES_MP,3,6,10.1039/c9cc04846d,22,naive,18,22,52.96118874203592,0.8181818181818182
DES_MP,3,7,10.1002/aic.17416,1,aware,1,1,153.97001377667755,1.0
DES_MP,3,7,10.1002/aic.17416,1,naive,1,1,54.43960743686057,1.0
DES_MP,3,7,10.1002/aic.17418,1,aware,1,1,153.97001377667755,1.0
DES_MP,3,7,10.1002/aic.17418,1,naive,1,1,54.43960743686057,1.0
DES_MP,3,7,10.1002/apj.1995,9,anchor,60,60,113.6403810225388,1.0
DES_MP,3,7,10.1002/apj.1995,9,aware,9,9,153.97001377667755,1.0
DES_MP,3,7,10.1002/apj.1995,9,aware_on_anchor_rows,60,60,153.97001377667755,1.0
DES_MP,3,7,10.1002/apj.1995,9,explore_offset_q_aware,60,60,153.97001377667755,1.0
DES_MP,3,7,10.1002/apj.1995,9,naive,6,9,54.43960743686057,0.6666666666666666
DES_MP,3,7,10.1016/j.fluid.2017.03.015,18,anchor,91,150,113.6403810225388,0.6066666666666667
DES_MP,3,7,10.1016/j.fluid.2017.03.015,18,aware,18,18,153.97001377667755,1.0
DES_MP,3,7,10.1016/j.fluid.2017.03.015,18,aware_on_anchor_rows,150,150,153.97001377667755,1.0
DES_MP,3,7,10.1016/j.fluid.2017.03.015,18,explore_offset_q_aware,124,150,153.97001377667755,0.8266666666666667
DES_MP,3,7,10.1016/j.fluid.2017.03.015,18,naive,2,18,54.43960743686057,0.1111111111111111
DES_MP,3,7,10.1016/j.gee.2019.03.002,45,anchor,405,420,113.6403810225388,0.9642857142857143
DES_MP,3,7,10.1016/j.gee.2019.03.002,45,aware,44,45,153.97001377667755,0.9777777777777777
DES_MP,3,7,10.1016/j.gee.2019.03.002,45,aware_on_anchor_rows,411,420,153.97001377667755,0.9785714285714285
DES_MP,3,7,10.1016/j.gee.2019.03.002,45,explore_offset_q_aware,415,420,153.97001377667755,0.9880952380952381
DES_MP,3,7,10.1016/j.gee.2019.03.002,45,naive,39,45,54.43960743686057,0.8666666666666667
DES_MP,3,7,10.1016/j.hydromet.2022.105971,24,anchor,197,210,113.6403810225388,0.9380952380952381
DES_MP,3,7,10.1016/j.hydromet.2022.105971,24,aware,20,24,153.97001377667755,0.8333333333333334
DES_MP,3,7,10.1016/j.hydromet.2022.105971,24,aware_on_anchor_rows,171,210,153.97001377667755,0.8142857142857143
DES_MP,3,7,10.1016/j.hydromet.2022.105971,24,explore_offset_q_aware,210,210,153.97001377667755,1.0
DES_MP,3,7,10.1016/j.hydromet.2022.105971,24,naive,5,24,54.43960743686057,0.20833333333333334
DES_MP,3,7,10.1016/j.molliq.2015.01.025,4,aware,4,4,153.97001377667755,1.0
DES_MP,3,7,10.1016/j.molliq.2015.01.025,4,naive,3,4,54.43960743686057,0.75
DES_MP,3,7,10.1016/j.tca.2009.08.016,2,aware,2,2,153.97001377667755,1.0
DES_MP,3,7,10.1016/j.tca.2009.08.016,2,naive,2,2,54.43960743686057,1.0
DES_MP,3,7,10.1016/j.trac.2021.116187,13,anchor,60,100,113.6403810225388,0.6
DES_MP,3,7,10.1016/j.trac.2021.116187,13,aware,8,13,153.97001377667755,0.6153846153846154
DES_MP,3,7,10.1016/j.trac.2021.116187,13,aware_on_anchor_rows,60,100,153.97001377667755,0.6
DES_MP,3,7,10.1016/j.trac.2021.116187,13,explore_offset_q_aware,82,100,153.97001377667755,0.82
DES_MP,3,7,10.1016/j.trac.2021.116187,13,naive,5,13,54.43960743686057,0.38461538461538464
DES_MP,3,7,10.1021/acs.jpcb.0c01680,22,anchor,188,190,113.6403810225388,0.9894736842105263
DES_MP,3,7,10.1021/acs.jpcb.0c01680,22,aware,22,22,153.97001377667755,1.0
DES_MP,3,7,10.1021/acs.jpcb.0c01680,22,aware_on_anchor_rows,190,190,153.97001377667755,1.0
DES_MP,3,7,10.1021/acs.jpcb.0c01680,22,explore_offset_q_aware,189,190,153.97001377667755,0.9947368421052631
DES_MP,3,7,10.1021/acs.jpcb.0c01680,22,naive,17,22,54.43960743686057,0.7727272727272727
DES_MP,3,7,10.1021/acssuschemeng.0c00559,78,anchor,659,750,113.6403810225388,0.8786666666666667
DES_MP,3,7,10.1021/acssuschemeng.0c00559,78,aware,70,78,153.97001377667755,0.8974358974358975
DES_MP,3,7,10.1021/acssuschemeng.0c00559,78,aware_on_anchor_rows,670,750,153.97001377667755,0.8933333333333333
DES_MP,3,7,10.1021/acssuschemeng.0c00559,78,explore_offset_q_aware,733,750,153.97001377667755,0.9773333333333334
DES_MP,3,7,10.1021/acssuschemeng.0c00559,78,naive,52,78,54.43960743686057,0.6666666666666666
DES_MP,3,7,10.1021/acssuschemeng.8b02042,101,anchor,858,980,113.6403810225388,0.8755102040816326
DES_MP,3,7,10.1021/acssuschemeng.8b02042,101,aware,81,101,153.97001377667755,0.801980198019802
DES_MP,3,7,10.1021/acssuschemeng.8b02042,101,aware_on_anchor_rows,788,980,153.97001377667755,0.8040816326530612
DES_MP,3,7,10.1021/acssuschemeng.8b02042,101,explore_offset_q_aware,937,980,153.97001377667755,0.9561224489795919
DES_MP,3,7,10.1021/acssuschemeng.8b02042,101,naive,22,101,54.43960743686057,0.21782178217821782
DES_MP,3,7,10.1039/b106357j,8,anchor,43,50,113.6403810225388,0.86
DES_MP,3,7,10.1039/b106357j,8,aware,7,8,153.97001377667755,0.875
DES_MP,3,7,10.1039/b106357j,8,aware_on_anchor_rows,44,50,153.97001377667755,0.88
DES_MP,3,7,10.1039/b106357j,8,explore_offset_q_aware,47,50,153.97001377667755,0.94
DES_MP,3,7,10.1039/b106357j,8,naive,6,8,54.43960743686057,0.75
DES_MP,3,7,10.1039/c5gc01451d,7,aware,7,7,153.97001377667755,1.0
DES_MP,3,7,10.1039/c5gc01451d,7,naive,2,7,54.43960743686057,0.2857142857142857
DES_MP,3,8,10.1002/aic.17408,80,anchor,630,770,126.45459084990392,0.8181818181818182
DES_MP,3,8,10.1002/aic.17408,80,aware,62,80,149.3261501538633,0.775
DES_MP,3,8,10.1002/aic.17408,80,aware_on_anchor_rows,597,770,149.3261501538633,0.7753246753246753
DES_MP,3,8,10.1002/aic.17408,80,explore_offset_q_aware,679,770,149.3261501538633,0.8818181818181818
DES_MP,3,8,10.1002/aic.17408,80,naive,34,80,52.58048753174592,0.425
DES_MP,3,8,10.1016/j.cattod.2021.05.018,8,anchor,44,50,126.45459084990392,0.88
DES_MP,3,8,10.1016/j.cattod.2021.05.018,8,aware,0,8,149.3261501538633,0.0
DES_MP,3,8,10.1016/j.cattod.2021.05.018,8,aware_on_anchor_rows,0,50,149.3261501538633,0.0
DES_MP,3,8,10.1016/j.cattod.2021.05.018,8,explore_offset_q_aware,46,50,149.3261501538633,0.92
DES_MP,3,8,10.1016/j.cattod.2021.05.018,8,naive,0,8,52.58048753174592,0.0
DES_MP,3,8,10.1016/j.chroma.2018.07.070,3,aware,3,3,149.3261501538633,1.0
DES_MP,3,8,10.1016/j.chroma.2018.07.070,3,naive,3,3,52.58048753174592,1.0
DES_MP,3,8,10.1016/j.jiec.2021.03.011,10,anchor,55,70,126.45459084990392,0.7857142857142857
DES_MP,3,8,10.1016/j.jiec.2021.03.011,10,aware,9,10,149.3261501538633,0.9
DES_MP,3,8,10.1016/j.jiec.2021.03.011,10,aware_on_anchor_rows,61,70,149.3261501538633,0.8714285714285714
DES_MP,3,8,10.1016/j.jiec.2021.03.011,10,explore_offset_q_aware,64,70,149.3261501538633,0.9142857142857143
DES_MP,3,8,10.1016/j.jiec.2021.03.011,10,naive,6,10,52.58048753174592,0.6
DES_MP,3,8,10.1016/j.molliq.2019.112155,23,anchor,180,200,126.45459084990392,0.9
DES_MP,3,8,10.1016/j.molliq.2019.112155,23,aware,20,23,149.3261501538633,0.8695652173913043
DES_MP,3,8,10.1016/j.molliq.2019.112155,23,aware_on_anchor_rows,178,200,149.3261501538633,0.89
DES_MP,3,8,10.1016/j.molliq.2019.112155,23,explore_offset_q_aware,186,200,149.3261501538633,0.93
DES_MP,3,8,10.1016/j.molliq.2019.112155,23,naive,8,23,52.58048753174592,0.34782608695652173
DES_MP,3,8,10.1016/j.molliq.2020.114745,25,anchor,185,220,126.45459084990392,0.8409090909090909
DES_MP,3,8,10.1016/j.molliq.2020.114745,25,aware,16,25,149.3261501538633,0.64
DES_MP,3,8,10.1016/j.molliq.2020.114745,25,aware_on_anchor_rows,138,220,149.3261501538633,0.6272727272727273
DES_MP,3,8,10.1016/j.molliq.2020.114745,25,explore_offset_q_aware,199,220,149.3261501538633,0.9045454545454545
DES_MP,3,8,10.1016/j.molliq.2020.114745,25,naive,10,25,52.58048753174592,0.4
DES_MP,3,8,10.1021/acs.iecr.0c04551,1,aware,1,1,149.3261501538633,1.0
DES_MP,3,8,10.1021/acs.iecr.0c04551,1,naive,1,1,52.58048753174592,1.0
DES_MP,3,8,10.1021/acssuschemeng.0c08289,1,aware,1,1,149.3261501538633,1.0
DES_MP,3,8,10.1021/acssuschemeng.0c08289,1,naive,0,1,52.58048753174592,0.0
DES_MP,3,8,10.1021/acssuschemeng.7b04235,18,anchor,150,150,126.45459084990392,1.0
DES_MP,3,8,10.1021/acssuschemeng.7b04235,18,aware,18,18,149.3261501538633,1.0
DES_MP,3,8,10.1021/acssuschemeng.7b04235,18,aware_on_anchor_rows,150,150,149.3261501538633,1.0
DES_MP,3,8,10.1021/acssuschemeng.7b04235,18,explore_offset_q_aware,150,150,149.3261501538633,1.0
DES_MP,3,8,10.1021/acssuschemeng.7b04235,18,naive,18,18,52.58048753174592,1.0
DES_MP,3,8,10.1021/je300997v,42,anchor,360,390,126.45459084990392,0.9230769230769231
DES_MP,3,8,10.1021/je300997v,42,aware,42,42,149.3261501538633,1.0
DES_MP,3,8,10.1021/je300997v,42,aware_on_anchor_rows,390,390,149.3261501538633,1.0
DES_MP,3,8,10.1021/je300997v,42,explore_offset_q_aware,376,390,149.3261501538633,0.9641025641025641
DES_MP,3,8,10.1021/je300997v,42,naive,14,42,52.58048753174592,0.3333333333333333
DES_MP,3,8,10.1021/js9701465,7,aware,3,7,149.3261501538633,0.42857142857142855
DES_MP,3,8,10.1021/js9701465,7,naive,1,7,52.58048753174592,0.14285714285714285
DES_MP,3,8,10.1039/c0ob01011a,13,anchor,97,100,126.45459084990392,0.97
DES_MP,3,8,10.1039/c0ob01011a,13,aware,13,13,149.3261501538633,1.0
DES_MP,3,8,10.1039/c0ob01011a,13,aware_on_anchor_rows,100,100,149.3261501538633,1.0
DES_MP,3,8,10.1039/c0ob01011a,13,explore_offset_q_aware,100,100,149.3261501538633,1.0
DES_MP,3,8,10.1039/c0ob01011a,13,naive,9,13,52.58048753174592,0.6923076923076923
DES_MP,3,8,10.1039/c3cp53406e,3,aware,3,3,149.3261501538633,1.0
DES_MP,3,8,10.1039/c3cp53406e,3,naive,2,3,52.58048753174592,0.6666666666666666
DES_MP,3,8,10.3390/molecules25051077,99,anchor,960,960,126.45459084990392,1.0
DES_MP,3,8,10.3390/molecules25051077,99,aware,99,99,149.3261501538633,1.0
DES_MP,3,8,10.3390/molecules25051077,99,aware_on_anchor_rows,960,960,149.3261501538633,1.0
DES_MP,3,8,10.3390/molecules25051077,99,explore_offset_q_aware,960,960,149.3261501538633,1.0
DES_MP,3,8,10.3390/molecules25051077,99,naive,97,99,52.58048753174592,0.9797979797979798
DES_MP,3,9,10.1002/adfm.202011102,8,anchor,43,50,114.74919861050408,0.86
DES_MP,3,9,10.1002/adfm.202011102,8,aware,4,8,143.2072126304437,0.5
DES_MP,3,9,10.1002/adfm.202011102,8,aware_on_anchor_rows,26,50,143.2072126304437,0.52
DES_MP,3,9,10.1002/adfm.202011102,8,explore_offset_q_aware,47,50,143.2072126304437,0.94
DES_MP,3,9,10.1002/adfm.202011102,8,naive,1,8,52.78837176120192,0.125
DES_MP,3,9,10.1002/aic.17420,1,aware,1,1,143.2072126304437,1.0
DES_MP,3,9,10.1002/aic.17420,1,naive,1,1,52.78837176120192,1.0
DES_MP,3,9,10.1002/anie.202110520,17,anchor,128,140,114.74919861050408,0.9142857142857143
DES_MP,3,9,10.1002/anie.202110520,17,aware,17,17,143.2072126304437,1.0
DES_MP,3,9,10.1002/anie.202110520,17,aware_on_anchor_rows,140,140,143.2072126304437,1.0
DES_MP,3,9,10.1002/anie.202110520,17,explore_offset_q_aware,137,140,143.2072126304437,0.9785714285714285
DES_MP,3,9,10.1002/anie.202110520,17,naive,15,17,52.78837176120192,0.8823529411764706
DES_MP,3,9,10.1016/j.cej.2020.125173,3,aware,2,3,143.2072126304437,0.6666666666666666
DES_MP,3,9,10.1016/j.cej.2020.125173,3,naive,0,3,52.78837176120192,0.0
DES_MP,3,9,10.1016/j.chemphyslip.2009.05.004,87,anchor,840,840,114.74919861050408,1.0
DES_MP,3,9,10.1016/j.chemphyslip.2009.05.004,87,aware,87,87,143.2072126304437,1.0
DES_MP,3,9,10.1016/j.chemphyslip.2009.05.004,87,aware_on_anchor_rows,840,840,143.2072126304437,1.0
DES_MP,3,9,10.1016/j.chemphyslip.2009.05.004,87,explore_offset_q_aware,840,840,143.2072126304437,1.0
DES_MP,3,9,10.1016/j.chemphyslip.2009.05.004,87,naive,87,87,52.78837176120192,1.0
DES_MP,3,9,10.1016/j.fluid.2017.05.009,35,anchor,203,320,114.74919861050408,0.634375
DES_MP,3,9,10.1016/j.fluid.2017.05.009,35,aware,25,35,143.2072126304437,0.7142857142857143
DES_MP,3,9,10.1016/j.fluid.2017.05.009,35,aware_on_anchor_rows,226,320,143.2072126304437,0.70625
DES_MP,3,9,10.1016/j.fluid.2017.05.009,35,explore_offset_q_aware,228,320,143.2072126304437,0.7125
DES_MP,3,9,10.1016/j.fluid.2017.05.009,35,naive,12,35,52.78837176120192,0.34285714285714286
DES_MP,3,9,10.1016/j.fluid.2019.06.005,87,anchor,728,840,114.74919861050408,0.8666666666666667
DES_MP,3,9,10.1016/j.fluid.2019.06.005,87,aware,71,87,143.2072126304437,0.8160919540229885
DES_MP,3,9,10.1016/j.fluid.2019.06.005,87,aware_on_anchor_rows,689,840,143.2072126304437,0.8202380952380952
DES_MP,3,9,10.1016/j.fluid.2019.06.005,87,explore_offset_q_aware,796,840,143.2072126304437,0.9476190476190476
DES_MP,3,9,10.1016/j.fluid.2019.06.005,87,naive,27,87,52.78837176120192,0.3103448275862069
DES_MP,3,9,10.1016/j.foodcont.2023.109625,5,aware,5,5,143.2072126304437,1.0
DES_MP,3,9,10.1016/j.foodcont.2023.109625,5,naive,3,5,52.78837176120192,0.6
DES_MP,3,9,10.1016/j.jece.2020.104786,1,aware,1,1,143.2072126304437,1.0
DES_MP,3,9,10.1016/j.jece.2020.104786,1,naive,1,1,52.78837176120192,1.0
DES_MP,3,9,10.1021/acs.energyfuels.6b00471,2,aware,2,2,143.2072126304437,1.0
DES_MP,3,9,10.1021/acs.energyfuels.6b00471,2,naive,2,2,52.78837176120192,1.0
DES_MP,3,9,10.1021/ic049931s,22,anchor,119,190,114.74919861050408,0.6263157894736842
DES_MP,3,9,10.1021/ic049931s,22,aware,17,22,143.2072126304437,0.7727272727272727
DES_MP,3,9,10.1021/ic049931s,22,aware_on_anchor_rows,146,190,143.2072126304437,0.7684210526315789
DES_MP,3,9,10.1021/ic049931s,22,explore_offset_q_aware,144,190,143.2072126304437,0.7578947368421053
DES_MP,3,9,10.1021/ic049931s,22,naive,6,22,52.78837176120192,0.2727272727272727
DES_MP,3,9,10.1021/jp412552v,45,anchor,228,420,114.74919861050408,0.5428571428571428
DES_MP,3,9,10.1021/jp412552v,45,aware,18,45,143.2072126304437,0.4
DES_MP,3,9,10.1021/jp412552v,45,aware_on_anchor_rows,170,420,143.2072126304437,0.40476190476190477
DES_MP,3,9,10.1021/jp412552v,45,explore_offset_q_aware,277,420,143.2072126304437,0.6595238095238095
DES_MP,3,9,10.1021/jp412552v,45,naive,4,45,52.78837176120192,0.08888888888888889
DES_MP,3,9,10.1038/s41598-019-51472-7,12,anchor,90,90,114.74919861050408,1.0
DES_MP,3,9,10.1038/s41598-019-51472-7,12,aware,12,12,143.2072126304437,1.0
DES_MP,3,9,10.1038/s41598-019-51472-7,12,aware_on_anchor_rows,90,90,143.2072126304437,1.0
DES_MP,3,9,10.1038/s41598-019-51472-7,12,explore_offset_q_aware,90,90,143.2072126304437,1.0
DES_MP,3,9,10.1038/s41598-019-51472-7,12,naive,12,12,52.78837176120192,1.0
DES_MP,3,9,10.1039/c4cp00057a,8,anchor,50,50,114.74919861050408,1.0
DES_MP,3,9,10.1039/c4cp00057a,8,aware,8,8,143.2072126304437,1.0
DES_MP,3,9,10.1039/c4cp00057a,8,aware_on_anchor_rows,50,50,143.2072126304437,1.0
DES_MP,3,9,10.1039/c4cp00057a,8,explore_offset_q_aware,50,50,143.2072126304437,1.0
DES_MP,3,9,10.1039/c4cp00057a,8,naive,8,8,52.78837176120192,1.0
DES_MP,4,0,10.1016/j.fluid.2017.04.007,388,anchor,3750,3850,129.17993487069168,0.974025974025974
DES_MP,4,0,10.1016/j.fluid.2017.04.007,388,aware,382,388,167.2848697483662,0.9845360824742269
DES_MP,4,0,10.1016/j.fluid.2017.04.007,388,aware_on_anchor_rows,3790,3850,167.2848697483662,0.9844155844155844
DES_MP,4,0,10.1016/j.fluid.2017.04.007,388,explore_offset_q_aware,3828,3850,167.2848697483662,0.9942857142857143
DES_MP,4,0,10.1016/j.fluid.2017.04.007,388,naive,290,388,58.35531909259191,0.7474226804123711
DES_MP,4,1,10.1002/aic.17409,1,aware,1,1,157.5456854813575,1.0
DES_MP,4,1,10.1002/aic.17409,1,naive,1,1,58.32337577905344,1.0
DES_MP,4,1,10.1016/j.cattod.2021.05.018,8,anchor,39,50,126.67553441418174,0.78
DES_MP,4,1,10.1016/j.cattod.2021.05.018,8,aware,0,8,157.5456854813575,0.0
DES_MP,4,1,10.1016/j.cattod.2021.05.018,8,aware_on_anchor_rows,0,50,157.5456854813575,0.0
DES_MP,4,1,10.1016/j.cattod.2021.05.018,8,explore_offset_q_aware,48,50,157.5456854813575,0.96
DES_MP,4,1,10.1016/j.cattod.2021.05.018,8,naive,0,8,58.32337577905344,0.0
DES_MP,4,1,10.1016/j.cej.2023.141335,1,aware,1,1,157.5456854813575,1.0
DES_MP,4,1,10.1016/j.cej.2023.141335,1,naive,1,1,58.32337577905344,1.0
DES_MP,4,1,10.1016/j.foodcont.2023.109625,5,aware,5,5,157.5456854813575,1.0
DES_MP,4,1,10.1016/j.foodcont.2023.109625,5,naive,3,5,58.32337577905344,0.6
DES_MP,4,1,10.1016/j.ijggc.2016.02.006,8,anchor,27,50,126.67553441418174,0.54
DES_MP,4,1,10.1016/j.ijggc.2016.02.006,8,aware,5,8,157.5456854813575,0.625
DES_MP,4,1,10.1016/j.ijggc.2016.02.006,8,aware_on_anchor_rows,29,50,157.5456854813575,0.58
DES_MP,4,1,10.1016/j.ijggc.2016.02.006,8,explore_offset_q_aware,33,50,157.5456854813575,0.66
DES_MP,4,1,10.1016/j.ijggc.2016.02.006,8,naive,2,8,58.32337577905344,0.25
DES_MP,4,1,10.1016/j.microc.2019.104384,12,anchor,90,90,126.67553441418174,1.0
DES_MP,4,1,10.1016/j.microc.2019.104384,12,aware,11,12,157.5456854813575,0.9166666666666666
DES_MP,4,1,10.1016/j.microc.2019.104384,12,aware_on_anchor_rows,83,90,157.5456854813575,0.9222222222222223
DES_MP,4,1,10.1016/j.microc.2019.104384,12,explore_offset_q_aware,90,90,157.5456854813575,1.0
DES_MP,4,1,10.1016/j.microc.2019.104384,12,naive,2,12,58.32337577905344,0.16666666666666666
DES_MP,4,1,10.1016/j.molliq.2015.11.032,2,aware,2,2,157.5456854813575,1.0
DES_MP,4,1,10.1016/j.molliq.2015.11.032,2,naive,2,2,58.32337577905344,1.0
DES_MP,4,1,10.1021/acs.iecr.7b02382,278,anchor,2724,2750,126.67553441418174,0.9905454545454545
DES_MP,4,1,10.1021/acs.iecr.7b02382,278,aware,278,278,157.5456854813575,1.0
DES_MP,4,1,10.1021/acs.iecr.7b02382,278,aware_on_anchor_rows,2750,2750,157.5456854813575,1.0
DES_MP,4,1,10.1021/acs.iecr.7b02382,278,explore_offset_q_aware,2750,2750,157.5456854813575,1.0
DES_MP,4,1,10.1021/acs.iecr.7b02382,278,naive,238,278,58.32337577905344,0.8561151079136691
DES_MP,4,1,10.1021/je5002126,16,anchor,130,130,126.67553441418174,1.0
DES_MP,4,1,10.1021/je5002126,16,aware,16,16,157.5456854813575,1.0
DES_MP,4,1,10.1021/je5002126,16,aware_on_anchor_rows,130,130,157.5456854813575,1.0
DES_MP,4,1,10.1021/je5002126,16,explore_offset_q_aware,130,130,157.5456854813575,1.0
DES_MP,4,1,10.1021/je5002126,16,naive,8,16,58.32337577905344,0.5
DES_MP,4,1,10.1080/10837450.2020.1735414,3,aware,3,3,157.5456854813575,1.0
DES_MP,4,1,10.1080/10837450.2020.1735414,3,naive,3,3,58.32337577905344,1.0
DES_MP,4,2,10.1002/aic.17410,1,aware,1,1,163.70211872744966,1.0
DES_MP,4,2,10.1002/aic.17410,1,naive,1,1,57.58115458077202,1.0
DES_MP,4,2,10.1002/chem.200601738,6,aware,6,6,163.70211872744966,1.0
DES_MP,4,2,10.1002/chem.200601738,6,naive,3,6,57.58115458077202,0.5
DES_MP,4,2,10.1016/j.jece.2020.104786,1,aware,1,1,163.70211872744966,1.0
DES_MP,4,2,10.1016/j.jece.2020.104786,1,naive,1,1,57.58115458077202,1.0
DES_MP,4,2,10.1016/j.solmat.2016.06.004,5,aware,2,5,163.70211872744966,0.4
DES_MP,4,2,10.1016/j.solmat.2016.06.004,5,naive,1,5,57.58115458077202,0.2
DES_MP,4,2,10.1016/j.tca.2009.08.016,2,aware,2,2,163.70211872744966,1.0
DES_MP,4,2,10.1016/j.tca.2009.08.016,2,naive,2,2,57.58115458077202,1.0
DES_MP,4,2,10.1016/j.tca.2012.03.027,21,anchor,124,180,128.42747205576302,0.6888888888888889
DES_MP,4,2,10.1016/j.tca.2012.03.027,21,aware,12,21,163.70211872744966,0.5714285714285714
DES_MP,4,2,10.1016/j.tca.2012.03.027,21,aware_on_anchor_rows,104,180,163.70211872744966,0.5777777777777777
DES_MP,4,2,10.1016/j.tca.2012.03.027,21,explore_offset_q_aware,157,180,163.70211872744966,0.8722222222222222
DES_MP,4,2,10.1016/j.tca.2012.03.027,21,naive,2,21,57.58115458077202,0.09523809523809523
DES_MP,4,2,10.1021/acs.jpcb.0c02386,262,anchor,2540,2590,128.42747205576302,0.9806949806949807
DES_MP,4,2,10.1021/acs.jpcb.0c02386,262,aware,262,262,163.70211872744966,1.0
DES_MP,4,2,10.1021/acs.jpcb.0c02386,262,aware_on_anchor_rows,2590,2590,163.70211872744966,1.0
DES_MP,4,2,10.1021/acs.jpcb.0c02386,262,explore_offset_q_aware,2580,2590,163.70211872744966,0.9961389961389961
DES_MP,4,2,10.1021/acs.jpcb.0c02386,262,naive,206,262,57.58115458077202,0.7862595419847328
DES_MP,4,2,10.1038/s41598-019-51472-7,12,anchor,90,90,128.42747205576302,1.0
DES_MP,4,2,10.1038/s41598-019-51472-7,12,aware,12,12,163.70211872744966,1.0
DES_MP,4,2,10.1038/s41598-019-51472-7,12,aware_on_anchor_rows,90,90,163.70211872744966,1.0
DES_MP,4,2,10.1038/s41598-019-51472-7,12,explore_offset_q_aware,90,90,163.70211872744966,1.0
DES_MP,4,2,10.1038/s41598-019-51472-7,12,naive,12,12,57.58115458077202,1.0
DES_MP,4,2,10.1039/c4cp00057a,8,anchor,50,50,128.42747205576302,1.0
DES_MP,4,2,10.1039/c4cp00057a,8,aware,8,8,163.70211872744966,1.0
DES_MP,4,2,10.1039/c4cp00057a,8,aware_on_anchor_rows,50,50,163.70211872744966,1.0
DES_MP,4,2,10.1039/c4cp00057a,8,explore_offset_q_aware,50,50,163.70211872744966,1.0
DES_MP,4,2,10.1039/c4cp00057a,8,naive,8,8,57.58115458077202,1.0
DES_MP,4,2,10.1039/c4ra10628h,16,anchor,77,130,128.42747205576302,0.5923076923076923
DES_MP,4,2,10.1039/c4ra10628h,16,aware,8,16,163.70211872744966,0.5
DES_MP,4,2,10.1039/c4ra10628h,16,aware_on_anchor_rows,67,130,163.70211872744966,0.5153846153846153
DES_MP,4,2,10.1039/c4ra10628h,16,explore_offset_q_aware,93,130,163.70211872744966,0.7153846153846154
DES_MP,4,2,10.1039/c4ra10628h,16,naive,4,16,57.58115458077202,0.25
DES_MP,4,3,10.1002/aic.17420,1,aware,1,1,153.57079090909144,1.0
DES_MP,4,3,10.1002/aic.17420,1,naive,1,1,56.44213780158714,1.0
DES_MP,4,3,10.1002/cssc.202001331,206,anchor,1212,2030,120.49405171641544,0.5970443349753695
DES_MP,4,3,10.1002/cssc.202001331,206,aware,116,206,153.57079090909144,0.5631067961165048
DES_MP,4,3,10.1002/cssc.202001331,206,aware_on_anchor_rows,1145,2030,153.57079090909144,0.5640394088669951
DES_MP,4,3,10.1002/cssc.202001331,206,explore_offset_q_aware,1458,2030,153.57079090909144,0.7182266009852217
DES_MP,4,3,10.1002/cssc.202001331,206,naive,64,206,56.44213780158714,0.3106796116504854
DES_MP,4,3,10.1002/open.202100137,1,aware,1,1,153.57079090909144,1.0
DES_MP,4,3,10.1002/open.202100137,1,naive,0,1,56.44213780158714,0.0
DES_MP,4,3,10.1016/j.hydromet.2022.105971,24,anchor,178,210,120.49405171641544,0.8476190476190476
DES_MP,4,3,10.1016/j.hydromet.2022.105971,24,aware,20,24,153.57079090909144,0.8333333333333334
DES_MP,4,3,10.1016/j.hydromet.2022.105971,24,aware_on_anchor_rows,173,210,153.57079090909144,0.8238095238095238
DES_MP,4,3,10.1016/j.hydromet.2022.105971,24,explore_offset_q_aware,193,210,153.57079090909144,0.919047619047619
DES_MP,4,3,10.1016/j.hydromet.2022.105971,24,naive,9,24,56.44213780158714,0.375
DES_MP,4,3,10.1016/j.jct.2015.04.021,12,anchor,90,90,120.49405171641544,1.0
DES_MP,4,3,10.1016/j.jct.2015.04.021,12,aware,12,12,153.57079090909144,1.0
DES_MP,4,3,10.1016/j.jct.2015.04.021,12,aware_on_anchor_rows,90,90,153.57079090909144,1.0
DES_MP,4,3,10.1016/j.jct.2015.04.021,12,explore_offset_q_aware,90,90,153.57079090909144,1.0
DES_MP,4,3,10.1016/j.jct.2015.04.021,12,naive,0,12,56.44213780158714,0.0
DES_MP,4,3,10.1016/j.molliq.2018.02.049,8,anchor,50,50,120.49405171641544,1.0
DES_MP,4,3,10.1016/j.molliq.2018.02.049,8,aware,8,8,153.57079090909144,1.0
DES_MP,4,3,10.1016/j.molliq.2018.02.049,8,aware_on_anchor_rows,50,50,153.57079090909144,1.0
DES_MP,4,3,10.1016/j.molliq.2018.02.049,8,explore_offset_q_aware,50,50,153.57079090909144,1.0
DES_MP,4,3,10.1016/j.molliq.2018.02.049,8,naive,6,8,56.44213780158714,0.75
DES_MP,4,3,10.1016/j.molliq.2018.12.032,2,aware,2,2,153.57079090909144,1.0
DES_MP,4,3,10.1016/j.molliq.2018.12.032,2,naive,2,2,56.44213780158714,1.0
DES_MP,4,3,10.1016/j.molliq.2020.113727,6,aware,3,6,153.57079090909144,0.5
DES_MP,4,3,10.1016/j.molliq.2020.113727,6,naive,3,6,56.44213780158714,0.5
DES_MP,4,3,10.1016/j.molliq.2021.117021,19,anchor,136,160,120.49405171641544,0.85
DES_MP,4,3,10.1016/j.molliq.2021.117021,19,aware,18,19,153.57079090909144,0.9473684210526315
DES_MP,4,3,10.1016/j.molliq.2021.117021,19,aware_on_anchor_rows,153,160,153.57079090909144,0.95625
DES_MP,4,3,10.1016/j.molliq.2021.117021,19,explore_offset_q_aware,145,160,153.57079090909144,0.90625
DES_MP,4,3,10.1016/j.molliq.2021.117021,19,naive,11,19,56.44213780158714,0.5789473684210527
DES_MP,4,3,10.1021/ja048266j,36,anchor,322,330,120.49405171641544,0.9757575757575757
DES_MP,4,3,10.1021/ja048266j,36,aware,36,36,153.57079090909144,1.0
DES_MP,4,3,10.1021/ja048266j,36,aware_on_anchor_rows,330,330,153.57079090909144,1.0
DES_MP,4,3,10.1021/ja048266j,36,explore_offset_q_aware,330,330,153.57079090909144,1.0
DES_MP,4,3,10.1021/ja048266j,36,naive,16,36,56.44213780158714,0.4444444444444444
DES_MP,4,3,10.1039/c1ra00630d,14,anchor,110,110,120.49405171641544,1.0
DES_MP,4,3,10.1039/c1ra00630d,14,aware,14,14,153.57079090909144,1.0
DES_MP,4,3,10.1039/c1ra00630d,14,aware_on_anchor_rows,110,110,153.57079090909144,1.0
DES_MP,4,3,10.1039/c1ra00630d,14,explore_offset_q_aware,110,110,153.57079090909144,1.0
DES_MP,4,3,10.1039/c1ra00630d,14,naive,10,14,56.44213780158714,0.7142857142857143
DES_MP,4,3,10.3390/app11041601,5,aware,5,5,153.57079090909144,1.0
DES_MP,4,3,10.3390/app11041601,5,naive,2,5,56.44213780158714,0.4
DES_MP,4,4,10.1002/aic.17414,1,aware,1,1,165.4605438148144,1.0
DES_MP,4,4,10.1002/aic.17414,1,naive,1,1,57.99947570923575,1.0
DES_MP,4,4,10.1002/aic.17416,1,aware,1,1,165.4605438148144,1.0
DES_MP,4,4,10.1002/aic.17416,1,naive,1,1,57.99947570923575,1.0
DES_MP,4,4,10.1002/apj.1873,16,anchor,130,130,134.44811787065152,1.0
DES_MP,4,4,10.1002/apj.1873,16,aware,16,16,165.4605438148144,1.0
DES_MP,4,4,10.1002/apj.1873,16,aware_on_anchor_rows,130,130,165.4605438148144,1.0
DES_MP,4,4,10.1002/apj.1873,16,explore_offset_q_aware,130,130,165.4605438148144,1.0
DES_MP,4,4,10.1002/apj.1873,16,naive,10,16,57.99947570923575,0.625
DES_MP,4,4,10.1002/cphc.200500489,36,anchor,330,330,134.44811787065152,1.0
DES_MP,4,4,10.1002/cphc.200500489,36,aware,36,36,165.4605438148144,1.0
DES_MP,4,4,10.1002/cphc.200500489,36,aware_on_anchor_rows,330,330,165.4605438148144,1.0
DES_MP,4,4,10.1002/cphc.200500489,36,explore_offset_q_aware,330,330,165.4605438148144,1.0
DES_MP,4,4,10.1002/cphc.200500489,36,naive,34,36,57.99947570923575,0.9444444444444444
DES_MP,4,4,10.1016/j.molliq.2016.10.134,8,anchor,44,50,134.44811787065152,0.88
DES_MP,4,4,10.1016/j.molliq.2016.10.134,8,aware,6,8,165.4605438148144,0.75
DES_MP,4,4,10.1016/j.molliq.2016.10.134,8,aware_on_anchor_rows,39,50,165.4605438148144,0.78
DES_MP,4,4,10.1016/j.molliq.2016.10.134,8,explore_offset_q_aware,50,50,165.4605438148144,1.0
DES_MP,4,4,10.1016/j.molliq.2016.10.134,8,naive,2,8,57.99947570923575,0.25
DES_MP,4,4,10.1016/j.molliq.2020.114495,3,aware,3,3,165.4605438148144,1.0
DES_MP,4,4,10.1016/j.molliq.2020.114495,3,naive,0,3,57.99947570923575,0.0
DES_MP,4,4,10.1021/acs.iecr.8b01249,202,anchor,1744,1990,134.44811787065152,0.8763819095477386
DES_MP,4,4,10.1021/acs.iecr.8b01249,202,aware,194,202,165.4605438148144,0.9603960396039604
DES_MP,4,4,10.1021/acs.iecr.8b01249,202,aware_on_anchor_rows,1914,1990,165.4605438148144,0.9618090452261306
DES_MP,4,4,10.1021/acs.iecr.8b01249,202,explore_offset_q_aware,1893,1990,165.4605438148144,0.9512562814070352
DES_MP,4,4,10.1021/acs.iecr.8b01249,202,naive,80,202,57.99947570923575,0.39603960396039606
DES_MP,4,4,10.1021/acssuschemeng.0c08288,24,anchor,208,210,134.44811787065152,0.9904761904761905
DES_MP,4,4,10.1021/acssuschemeng.0c08288,24,aware,24,24,165.4605438148144,1.0
DES_MP,4,4,10.1021/acssuschemeng.0c08288,24,aware_on_anchor_rows,210,210,165.4605438148144,1.0
DES_MP,4,4,10.1021/acssuschemeng.0c08288,24,explore_offset_q_aware,210,210,165.4605438148144,1.0
DES_MP,4,4,10.1021/acssuschemeng.0c08288,24,naive,20,24,57.99947570923575,0.8333333333333334
DES_MP,4,4,10.1021/ef2004943,11,anchor,80,80,134.44811787065152,1.0
DES_MP,4,4,10.1021/ef2004943,11,aware,11,11,165.4605438148144,1.0
DES_MP,4,4,10.1021/ef2004943,11,aware_on_anchor_rows,80,80,165.4605438148144,1.0
DES_MP,4,4,10.1021/ef2004943,11,explore_offset_q_aware,80,80,165.4605438148144,1.0
DES_MP,4,4,10.1021/ef2004943,11,naive,11,11,57.99947570923575,1.0
DES_MP,4,4,10.1039/c2ra22990k,3,aware,3,3,165.4605438148144,1.0
DES_MP,4,4,10.1039/c2ra22990k,3,naive,1,3,57.99947570923575,0.3333333333333333
DES_MP,4,4,10.3390/pr9050796,21,anchor,180,180,134.44811787065152,1.0
DES_MP,4,4,10.3390/pr9050796,21,aware,21,21,165.4605438148144,1.0
DES_MP,4,4,10.3390/pr9050796,21,aware_on_anchor_rows,180,180,165.4605438148144,1.0
DES_MP,4,4,10.3390/pr9050796,21,explore_offset_q_aware,180,180,165.4605438148144,1.0
DES_MP,4,4,10.3390/pr9050796,21,naive,21,21,57.99947570923575,1.0
DES_MP,4,4,10.3923/jas.2010.3349.3354,8,anchor,50,50,134.44811787065152,1.0
DES_MP,4,4,10.3923/jas.2010.3349.3354,8,aware,8,8,165.4605438148144,1.0
DES_MP,4,4,10.3923/jas.2010.3349.3354,8,aware_on_anchor_rows,50,50,165.4605438148144,1.0
DES_MP,4,4,10.3923/jas.2010.3349.3354,8,explore_offset_q_aware,50,50,165.4605438148144,1.0
DES_MP,4,4,10.3923/jas.2010.3349.3354,8,naive,2,8,57.99947570923575,0.25
DES_MP,4,5,10.1002/9783527818488,5,aware,3,5,156.557136783847,0.6
DES_MP,4,5,10.1002/9783527818488,5,naive,1,5,57.53736388191419,0.2
DES_MP,4,5,10.1002/adfm.202011102,8,anchor,41,50,119.07064750043146,0.82
DES_MP,4,5,10.1002/adfm.202011102,8,aware,4,8,156.557136783847,0.5
DES_MP,4,5,10.1002/adfm.202011102,8,aware_on_anchor_rows,28,50,156.557136783847,0.56
DES_MP,4,5,10.1002/adfm.202011102,8,explore_offset_q_aware,48,50,156.557136783847,0.96
DES_MP,4,5,10.1002/adfm.202011102,8,naive,1,8,57.53736388191419,0.125
DES_MP,4,5,10.1002/aic.17411,1,aware,1,1,156.557136783847,1.0
DES_MP,4,5,10.1002/aic.17411,1,naive,1,1,57.53736388191419,1.0
DES_MP,4,5,10.1002/aic.17413,1,aware,1,1,156.557136783847,1.0
DES_MP,4,5,10.1002/aic.17413,1,naive,1,1,57.53736388191419,1.0
DES_MP,4,5,10.1002/aic.17417,1,aware,1,1,156.557136783847,1.0
DES_MP,4,5,10.1002/aic.17417,1,naive,1,1,57.53736388191419,1.0
DES_MP,4,5,10.1002/aic.17418,1,aware,1,1,156.557136783847,1.0
DES_MP,4,5,10.1002/aic.17418,1,naive,1,1,57.53736388191419,1.0
DES_MP,4,5,10.1016/j.fluid.2017.03.011,12,anchor,90,90,119.07064750043146,1.0
DES_MP,4,5,10.1016/j.fluid.2017.03.011,12,aware,12,12,156.557136783847,1.0
DES_MP,4,5,10.1016/j.fluid.2017.03.011,12,aware_on_anchor_rows,90,90,156.557136783847,1.0
DES_MP,4,5,10.1016/j.fluid.2017.03.011,12,explore_offset_q_aware,90,90,156.557136783847,1.0
DES_MP,4,5,10.1016/j.fluid.2017.03.011,12,naive,2,12,57.53736388191419,0.16666666666666666
DES_MP,4,5,10.1016/j.fluid.2019.04.019,9,anchor,60,60,119.07064750043146,1.0
DES_MP,4,5,10.1016/j.fluid.2019.04.019,9,aware,0,9,156.557136783847,0.0
DES_MP,4,5,10.1016/j.fluid.2019.04.019,9,aware_on_anchor_rows,0,60,156.557136783847,0.0
DES_MP,4,5,10.1016/j.fluid.2019.04.019,9,explore_offset_q_aware,60,60,156.557136783847,1.0
DES_MP,4,5,10.1016/j.fluid.2019.04.019,9,naive,0,9,57.53736388191419,0.0
DES_MP,4,5,10.1016/j.molliq.2014.08.004,24,anchor,210,210,119.07064750043146,1.0
DES_MP,4,5,10.1016/j.molliq.2014.08.004,24,aware,24,24,156.557136783847,1.0
DES_MP,4,5,10.1016/j.molliq.2014.08.004,24,aware_on_anchor_rows,210,210,156.557136783847,1.0
DES_MP,4,5,10.1016/j.molliq.2014.08.004,24,explore_offset_q_aware,210,210,156.557136783847,1.0
DES_MP,4,5,10.1016/j.molliq.2014.08.004,24,naive,22,24,57.53736388191419,0.9166666666666666
DES_MP,4,5,10.1016/j.molliq.2020.113667,38,anchor,350,350,119.07064750043146,1.0
DES_MP,4,5,10.1016/j.molliq.2020.113667,38,aware,38,38,156.557136783847,1.0
DES_MP,4,5,10.1016/j.molliq.2020.113667,38,aware_on_anchor_rows,350,350,156.557136783847,1.0
DES_MP,4,5,10.1016/j.molliq.2020.113667,38,explore_offset_q_aware,350,350,156.557136783847,1.0
DES_MP,4,5,10.1016/j.molliq.2020.113667,38,naive,35,38,57.53736388191419,0.9210526315789473
DES_MP,4,5,10.1021/acs.jpcb.0c01680,22,anchor,181,190,119.07064750043146,0.9526315789473684
DES_MP,4,5,10.1021/acs.jpcb.0c01680,22,aware,22,22,156.557136783847,1.0
DES_MP,4,5,10.1021/acs.jpcb.0c01680,22,aware_on_anchor_rows,190,190,156.557136783847,1.0
DES_MP,4,5,10.1021/acs.jpcb.0c01680,22,explore_offset_q_aware,190,190,156.557136783847,1.0
DES_MP,4,5,10.1021/acs.jpcb.0c01680,22,naive,18,22,57.53736388191419,0.8181818181818182
DES_MP,4,5,10.1021/acssuschemeng.7b04235,18,anchor,150,150,119.07064750043146,1.0
DES_MP,4,5,10.1021/acssuschemeng.7b04235,18,aware,18,18,156.557136783847,1.0
DES_MP,4,5,10.1021/acssuschemeng.7b04235,18,aware_on_anchor_rows,150,150,156.557136783847,1.0
DES_MP,4,5,10.1021/acssuschemeng.7b04235,18,explore_offset_q_aware,150,150,156.557136783847,1.0
DES_MP,4,5,10.1021/acssuschemeng.7b04235,18,naive,18,18,57.53736388191419,1.0
DES_MP,4,5,10.1021/acssuschemeng.8b01203,137,anchor,1340,1340,119.07064750043146,1.0
DES_MP,4,5,10.1021/acssuschemeng.8b01203,137,aware,137,137,156.557136783847,1.0
DES_MP,4,5,10.1021/acssuschemeng.8b01203,137,aware_on_anchor_rows,1340,1340,156.557136783847,1.0
DES_MP,4,5,10.1021/acssuschemeng.8b01203,137,explore_offset_q_aware,1340,1340,156.557136783847,1.0
DES_MP,4,5,10.1021/acssuschemeng.8b01203,137,naive,131,137,57.53736388191419,0.9562043795620438
DES_MP,4,5,10.1021/je100104v,50,anchor,337,470,119.07064750043146,0.7170212765957447
DES_MP,4,5,10.1021/je100104v,50,aware,40,50,156.557136783847,0.8
DES_MP,4,5,10.1021/je100104v,50,aware_on_anchor_rows,376,470,156.557136783847,0.8
DES_MP,4,5,10.1021/je100104v,50,explore_offset_q_aware,394,470,156.557136783847,0.8382978723404255
DES_MP,4,5,10.1021/je100104v,50,naive,16,50,57.53736388191419,0.32
DES_MP,4,5,10.1039/c5gc01451d,7,aware,7,7,156.557136783847,1.0
DES_MP,4,5,10.1039/c5gc01451d,7,naive,5,7,57.53736388191419,0.7142857142857143
DES_MP,4,6,10.1002/aic.17412,1,aware,1,1,165.60155910165395,1.0
DES_MP,4,6,10.1002/aic.17412,1,naive,1,1,55.16593364061748,1.0
DES_MP,4,6,10.1002/anie.202110520,17,anchor,131,140,129.4520189036759,0.9357142857142857
DES_MP,4,6,10.1002/anie.202110520,17,aware,17,17,165.60155910165395,1.0
DES_MP,4,6,10.1002/anie.202110520,17,aware_on_anchor_rows,140,140,165.60155910165395,1.0
DES_MP,4,6,10.1002/anie.202110520,17,explore_offset_q_aware,139,140,165.60155910165395,0.9928571428571429
DES_MP,4,6,10.1002/anie.202110520,17,naive,10,17,55.16593364061748,0.5882352941176471
DES_MP,4,6,10.1002/apj.1995,9,anchor,60,60,129.4520189036759,1.0
DES_MP,4,6,10.1002/apj.1995,9,aware,9,9,165.60155910165395,1.0
DES_MP,4,6,10.1002/apj.1995,9,aware_on_anchor_rows,60,60,165.60155910165395,1.0
DES_MP,4,6,10.1002/apj.1995,9,explore_offset_q_aware,60,60,165.60155910165395,1.0
DES_MP,4,6,10.1002/apj.1995,9,naive,9,9,55.16593364061748,1.0
DES_MP,4,6,10.1007/s10973-012-2831-3,32,anchor,290,290,129.4520189036759,1.0
DES_MP,4,6,10.1007/s10973-012-2831-3,32,aware,32,32,165.60155910165395,1.0
DES_MP,4,6,10.1007/s10973-012-2831-3,32,aware_on_anchor_rows,290,290,165.60155910165395,1.0
DES_MP,4,6,10.1007/s10973-012-2831-3,32,explore_offset_q_aware,290,290,165.60155910165395,1.0
DES_MP,4,6,10.1007/s10973-012-2831-3,32,naive,20,32,55.16593364061748,0.625
DES_MP,4,6,10.1016/j.cej.2018.10.077,8,anchor,48,50,129.4520189036759,0.96
DES_MP,4,6,10.1016/j.cej.2018.10.077,8,aware,6,8,165.60155910165395,0.75
DES_MP,4,6,10.1016/j.cej.2018.10.077,8,aware_on_anchor_rows,37,50,165.60155910165395,0.74
DES_MP,4,6,10.1016/j.cej.2018.10.077,8,explore_offset_q_aware,50,50,165.60155910165395,1.0
DES_MP,4,6,10.1016/j.cej.2018.10.077,8,naive,2,8,55.16593364061748,0.25
DES_MP,4,6,10.1016/j.chroma.2018.07.070,3,aware,3,3,165.60155910165395,1.0
DES_MP,4,6,10.1016/j.chroma.2018.07.070,3,naive,3,3,55.16593364061748,1.0
DES_MP,4,6,10.1016/j.gee.2020.11.020,51,anchor,480,480,129.4520189036759,1.0
DES_MP,4,6,10.1016/j.gee.2020.11.020,51,aware,51,51,165.60155910165395,1.0
DES_MP,4,6,10.1016/j.gee.2020.11.020,51,aware_on_anchor_rows,480,480,165.60155910165395,1.0
DES_MP,4,6,10.1016/j.gee.2020.11.020,51,explore_offset_q_aware,480,480,165.60155910165395,1.0
DES_MP,4,6,10.1016/j.gee.2020.11.020,51,naive,33,51,55.16593364061748,0.6470588235294118
DES_MP,4,6,10.1016/j.molliq.2015.01.025,4,aware,4,4,165.60155910165395,1.0
DES_MP,4,6,10.1016/j.molliq.2015.01.025,4,naive,3,4,55.16593364061748,0.75
DES_MP,4,6,10.1016/j.tca.2011.10.010,12,anchor,90,90,129.4520189036759,1.0
DES_MP,4,6,10.1016/j.tca.2011.10.010,12,aware,10,12,165.60155910165395,0.8333333333333334
DES_MP,4,6,10.1016/j.tca.2011.10.010,12,aware_on_anchor_rows,72,90,165.60155910165395,0.8
DES_MP,4,6,10.1016/j.tca.2011.10.010,12,explore_offset_q_aware,90,90,165.60155910165395,1.0
DES_MP,4,6,10.1016/j.tca.2011.10.010,12,naive,3,12,55.16593364061748,0.25
DES_MP,4,6,10.1021/acssuschemeng.0c05518,39,anchor,271,360,129.4520189036759,0.7527777777777778
DES_MP,4,6,10.1021/acssuschemeng.0c05518,39,aware,28,39,165.60155910165395,0.717948717948718
DES_MP,4,6,10.1021/acssuschemeng.0c05518,39,aware_on_anchor_rows,262,360,165.60155910165395,0.7277777777777777
DES_MP,4,6,10.1021/acssuschemeng.0c05518,39,explore_offset_q_aware,312,360,165.60155910165395,0.8666666666666667
DES_MP,4,6,10.1021/acssuschemeng.0c05518,39,naive,8,39,55.16593364061748,0.20512820512820512
DES_MP,4,6,10.1021/je060146z,130,anchor,1270,1270,129.4520189036759,1.0
DES_MP,4,6,10.1021/je060146z,130,aware,130,130,165.60155910165395,1.0
DES_MP,4,6,10.1021/je060146z,130,aware_on_anchor_rows,1270,1270,165.60155910165395,1.0
DES_MP,4,6,10.1021/je060146z,130,explore_offset_q_aware,1270,1270,165.60155910165395,1.0
DES_MP,4,6,10.1021/je060146z,130,naive,130,130,55.16593364061748,1.0
DES_MP,4,6,10.1039/b210714g,22,anchor,157,190,129.4520189036759,0.8263157894736842
DES_MP,4,6,10.1039/b210714g,22,aware,21,22,165.60155910165395,0.9545454545454546
DES_MP,4,6,10.1039/b210714g,22,aware_on_anchor_rows,183,190,165.60155910165395,0.9631578947368421
DES_MP,4,6,10.1039/b210714g,22,explore_offset_q_aware,180,190,165.60155910165395,0.9473684210526315
DES_MP,4,6,10.1039/b210714g,22,naive,13,22,55.16593364061748,0.5909090909090909
DES_MP,4,6,10.1149/1945-7111/ab68d3,5,aware,5,5,165.60155910165395,1.0
DES_MP,4,6,10.1149/1945-7111/ab68d3,5,naive,3,5,55.16593364061748,0.6
DES_MP,4,7,10.1002/aic.17421,1,aware,1,1,146.87334181527774,1.0
DES_MP,4,7,10.1002/aic.17421,1,naive,1,1,53.80322332496871,1.0
DES_MP,4,7,10.1016/j.chroma.2017.09.044,2,aware,2,2,146.87334181527774,1.0
DES_MP,4,7,10.1016/j.chroma.2017.09.044,2,naive,2,2,53.80322332496871,1.0
DES_MP,4,7,10.1016/j.fluid.2020.112752,4,aware,3,4,146.87334181527774,0.75
DES_MP,4,7,10.1016/j.fluid.2020.112752,4,naive,1,4,53.80322332496871,0.25
DES_MP,4,7,10.1016/j.ijggc.2019.102839,18,anchor,150,150,117.366439402204,1.0
DES_MP,4,7,10.1016/j.ijggc.2019.102839,18,aware,18,18,146.87334181527774,1.0
DES_MP,4,7,10.1016/j.ijggc.2019.102839,18,aware_on_anchor_rows,150,150,146.87334181527774,1.0
DES_MP,4,7,10.1016/j.ijggc.2019.102839,18,explore_offset_q_aware,150,150,146.87334181527774,1.0
DES_MP,4,7,10.1016/j.ijggc.2019.102839,18,naive,8,18,53.80322332496871,0.4444444444444444
DES_MP,4,7,10.1016/j.jtice.2015.12.020,9,anchor,60,60,117.366439402204,1.0
DES_MP,4,7,10.1016/j.jtice.2015.12.020,9,aware,9,9,146.87334181527774,1.0
DES_MP,4,7,10.1016/j.jtice.2015.12.020,9,aware_on_anchor_rows,60,60,146.87334181527774,1.0
DES_MP,4,7,10.1016/j.jtice.2015.12.020,9,explore_offset_q_aware,60,60,146.87334181527774,1.0
DES_MP,4,7,10.1016/j.jtice.2015.12.020,9,naive,0,9,53.80322332496871,0.0
DES_MP,4,7,10.1016/j.molliq.2008.07.009,24,anchor,206,210,117.366439402204,0.9809523809523809
DES_MP,4,7,10.1016/j.molliq.2008.07.009,24,aware,22,24,146.87334181527774,0.9166666666666666
DES_MP,4,7,10.1016/j.molliq.2008.07.009,24,aware_on_anchor_rows,191,210,146.87334181527774,0.9095238095238095
DES_MP,4,7,10.1016/j.molliq.2008.07.009,24,explore_offset_q_aware,210,210,146.87334181527774,1.0
DES_MP,4,7,10.1016/j.molliq.2008.07.009,24,naive,10,24,53.80322332496871,0.4166666666666667
DES_MP,4,7,10.1021/acssuschemeng.0c00559,78,anchor,666,750,117.366439402204,0.888
DES_MP,4,7,10.1021/acssuschemeng.0c00559,78,aware,71,78,146.87334181527774,0.9102564102564102
DES_MP,4,7,10.1021/acssuschemeng.0c00559,78,aware_on_anchor_rows,682,750,146.87334181527774,0.9093333333333333
DES_MP,4,7,10.1021/acssuschemeng.0c00559,78,explore_offset_q_aware,710,750,146.87334181527774,0.9466666666666667
DES_MP,4,7,10.1021/acssuschemeng.0c00559,78,naive,57,78,53.80322332496871,0.7307692307692307
DES_MP,4,7,10.1021/acssuschemeng.0c08289,1,aware,1,1,146.87334181527774,1.0
DES_MP,4,7,10.1021/acssuschemeng.0c08289,1,naive,0,1,53.80322332496871,0.0
DES_MP,4,7,10.1021/acssuschemeng.8b02042,101,anchor,894,980,117.366439402204,0.9122448979591836
DES_MP,4,7,10.1021/acssuschemeng.8b02042,101,aware,81,101,146.87334181527774,0.801980198019802
DES_MP,4,7,10.1021/acssuschemeng.8b02042,101,aware_on_anchor_rows,785,980,146.87334181527774,0.8010204081632653
DES_MP,4,7,10.1021/acssuschemeng.8b02042,101,explore_offset_q_aware,932,980,146.87334181527774,0.9510204081632653
DES_MP,4,7,10.1021/acssuschemeng.8b02042,101,naive,15,101,53.80322332496871,0.1485148514851485
DES_MP,4,7,10.1021/ie500466g,8,anchor,33,50,117.366439402204,0.66
DES_MP,4,7,10.1021/ie500466g,8,aware,8,8,146.87334181527774,1.0
DES_MP,4,7,10.1021/ie500466g,8,aware_on_anchor_rows,50,50,146.87334181527774,1.0
DES_MP,4,7,10.1021/ie500466g,8,explore_offset_q_aware,47,50,146.87334181527774,0.94
DES_MP,4,7,10.1021/ie500466g,8,naive,2,8,53.80322332496871,0.25
DES_MP,4,7,10.1021/jp412552v,45,anchor,210,420,117.366439402204,0.5
DES_MP,4,7,10.1021/jp412552v,45,aware,16,45,146.87334181527774,0.35555555555555557
DES_MP,4,7,10.1021/jp412552v,45,aware_on_anchor_rows,144,420,146.87334181527774,0.34285714285714286
DES_MP,4,7,10.1021/jp412552v,45,explore_offset_q_aware,252,420,146.87334181527774,0.6
DES_MP,4,7,10.1021/jp412552v,45,naive,5,45,53.80322332496871,0.1111111111111111
DES_MP,4,7,10.1021/js9701465,7,aware,4,7,146.87334181527774,0.5714285714285714
DES_MP,4,7,10.1021/js9701465,7,naive,2,7,53.80322332496871,0.2857142857142857
DES_MP,4,7,10.1039/c0ob01011a,13,anchor,100,100,117.366439402204,1.0
DES_MP,4,7,10.1039/c0ob01011a,13,aware,13,13,146.87334181527774,1.0
DES_MP,4,7,10.1039/c0ob01011a,13,aware_on_anchor_rows,100,100,146.87334181527774,1.0
DES_MP,4,7,10.1039/c0ob01011a,13,explore_offset_q_aware,100,100,146.87334181527774,1.0
DES_MP,4,7,10.1039/c0ob01011a,13,naive,9,13,53.80322332496871,0.6923076923076923
DES_MP,4,7,10.1039/c9cc04846d,22,anchor,166,190,117.366439402204,0.8736842105263158
DES_MP,4,7,10.1039/c9cc04846d,22,aware,20,22,146.87334181527774,0.9090909090909091
DES_MP,4,7,10.1039/c9cc04846d,22,aware_on_anchor_rows,170,190,146.87334181527774,0.8947368421052632
DES_MP,4,7,10.1039/c9cc04846d,22,explore_offset_q_aware,170,190,146.87334181527774,0.8947368421052632
DES_MP,4,7,10.1039/c9cc04846d,22,naive,18,22,53.80322332496871,0.8181818181818182
DES_MP,4,8,10.1002/aic.17408,80,anchor,639,770,124.199807685909,0.8298701298701299
DES_MP,4,8,10.1002/aic.17408,80,aware,63,80,150.21050782395366,0.7875
DES_MP,4,8,10.1002/aic.17408,80,aware_on_anchor_rows,606,770,150.21050782395366,0.787012987012987
DES_MP,4,8,10.1002/aic.17408,80,explore_offset_q_aware,702,770,150.21050782395366,0.9116883116883117
DES_MP,4,8,10.1002/aic.17408,80,naive,35,80,51.4166136036406,0.4375
DES_MP,4,8,10.1002/aic.17415,1,aware,1,1,150.21050782395366,1.0
DES_MP,4,8,10.1002/aic.17415,1,naive,1,1,51.4166136036406,1.0
DES_MP,4,8,10.1002/aic.17419,1,aware,1,1,150.21050782395366,1.0
DES_MP,4,8,10.1002/aic.17419,1,naive,1,1,51.4166136036406,1.0
DES_MP,4,8,10.1016/j.fluid.2013.06.050,3,aware,3,3,150.21050782395366,1.0
DES_MP,4,8,10.1016/j.fluid.2013.06.050,3,naive,2,3,51.4166136036406,0.6666666666666666
DES_MP,4,8,10.1016/j.fluid.2017.03.008,7,aware,7,7,150.21050782395366,1.0
DES_MP,4,8,10.1016/j.fluid.2017.03.008,7,naive,7,7,51.4166136036406,1.0
DES_MP,4,8,10.1016/j.fluid.2017.03.015,18,anchor,97,150,124.199807685909,0.6466666666666666
DES_MP,4,8,10.1016/j.fluid.2017.03.015,18,aware,18,18,150.21050782395366,1.0
DES_MP,4,8,10.1016/j.fluid.2017.03.015,18,aware_on_anchor_rows,150,150,150.21050782395366,1.0
DES_MP,4,8,10.1016/j.fluid.2017.03.015,18,explore_offset_q_aware,116,150,150.21050782395366,0.7733333333333333
DES_MP,4,8,10.1016/j.fluid.2017.03.015,18,naive,2,18,51.4166136036406,0.1111111111111111
DES_MP,4,8,10.1016/j.jiec.2021.03.011,10,anchor,56,70,124.199807685909,0.8
DES_MP,4,8,10.1016/j.jiec.2021.03.011,10,aware,9,10,150.21050782395366,0.9
DES_MP,4,8,10.1016/j.jiec.2021.03.011,10,aware_on_anchor_rows,64,70,150.21050782395366,0.9142857142857143
DES_MP,4,8,10.1016/j.jiec.2021.03.011,10,explore_offset_q_aware,62,70,150.21050782395366,0.8857142857142857
DES_MP,4,8,10.1016/j.jiec.2021.03.011,10,naive,6,10,51.4166136036406,0.6
DES_MP,4,8,10.1016/j.molliq.2019.112155,23,anchor,183,200,124.199807685909,0.915
DES_MP,4,8,10.1016/j.molliq.2019.112155,23,aware,21,23,150.21050782395366,0.9130434782608695
DES_MP,4,8,10.1016/j.molliq.2019.112155,23,aware_on_anchor_rows,182,200,150.21050782395366,0.91
DES_MP,4,8,10.1016/j.molliq.2019.112155,23,explore_offset_q_aware,185,200,150.21050782395366,0.925
DES_MP,4,8,10.1016/j.molliq.2019.112155,23,naive,15,23,51.4166136036406,0.6521739130434783
DES_MP,4,8,10.1016/j.molliq.2020.114745,25,anchor,174,220,124.199807685909,0.7909090909090909
DES_MP,4,8,10.1016/j.molliq.2020.114745,25,aware,16,25,150.21050782395366,0.64
DES_MP,4,8,10.1016/j.molliq.2020.114745,25,aware_on_anchor_rows,143,220,150.21050782395366,0.65
DES_MP,4,8,10.1016/j.molliq.2020.114745,25,explore_offset_q_aware,195,220,150.21050782395366,0.8863636363636364
DES_MP,4,8,10.1016/j.molliq.2020.114745,25,naive,10,25,51.4166136036406,0.4
DES_MP,4,8,10.1016/j.trac.2021.116187,13,anchor,78,100,124.199807685909,0.78
DES_MP,4,8,10.1016/j.trac.2021.116187,13,aware,10,13,150.21050782395366,0.7692307692307693
DES_MP,4,8,10.1016/j.trac.2021.116187,13,aware_on_anchor_rows,79,100,150.21050782395366,0.79
DES_MP,4,8,10.1016/j.trac.2021.116187,13,explore_offset_q_aware,92,100,150.21050782395366,0.92
DES_MP,4,8,10.1016/j.trac.2021.116187,13,naive,7,13,51.4166136036406,0.5384615384615384
DES_MP,4,8,10.1021/je300997v,42,anchor,360,390,124.199807685909,0.9230769230769231
DES_MP,4,8,10.1021/je300997v,42,aware,42,42,150.21050782395366,1.0
DES_MP,4,8,10.1021/je300997v,42,aware_on_anchor_rows,390,390,150.21050782395366,1.0
DES_MP,4,8,10.1021/je300997v,42,explore_offset_q_aware,390,390,150.21050782395366,1.0
DES_MP,4,8,10.1021/je300997v,42,naive,12,42,51.4166136036406,0.2857142857142857
DES_MP,4,8,10.1039/c3cp53406e,3,aware,3,3,150.21050782395366,1.0
DES_MP,4,8,10.1039/c3cp53406e,3,naive,2,3,51.4166136036406,0.6666666666666666
DES_MP,4,8,10.3390/molecules25051077,99,anchor,960,960,124.199807685909,1.0
DES_MP,4,8,10.3390/molecules25051077,99,aware,99,99,150.21050782395366,1.0
DES_MP,4,8,10.3390/molecules25051077,99,aware_on_anchor_rows,960,960,150.21050782395366,1.0
DES_MP,4,8,10.3390/molecules25051077,99,explore_offset_q_aware,960,960,150.21050782395366,1.0
DES_MP,4,8,10.3390/molecules25051077,99,naive,99,99,51.4166136036406,1.0
DES_MP,4,8,10.3390/molecules26144208,8,anchor,50,50,124.199807685909,1.0
DES_MP,4,8,10.3390/molecules26144208,8,aware,8,8,150.21050782395366,1.0
DES_MP,4,8,10.3390/molecules26144208,8,aware_on_anchor_rows,50,50,150.21050782395366,1.0
DES_MP,4,8,10.3390/molecules26144208,8,explore_offset_q_aware,50,50,150.21050782395366,1.0
DES_MP,4,8,10.3390/molecules26144208,8,naive,7,8,51.4166136036406,0.875
DES_MP,4,9,10.1002/jps.2600600908,5,aware,3,5,151.17576248653188,0.6
DES_MP,4,9,10.1002/jps.2600600908,5,naive,0,5,52.2057138742756,0.0
DES_MP,4,9,10.1016/j.cej.2020.125173,3,aware,2,3,151.17576248653188,0.6666666666666666
DES_MP,4,9,10.1016/j.cej.2020.125173,3,naive,0,3,52.2057138742756,0.0
DES_MP,4,9,10.1016/j.chemphyslip.2009.05.004,87,anchor,840,840,115.98340443483175,1.0
DES_MP,4,9,10.1016/j.chemphyslip.2009.05.004,87,aware,87,87,151.17576248653188,1.0
DES_MP,4,9,10.1016/j.chemphyslip.2009.05.004,87,aware_on_anchor_rows,840,840,151.17576248653188,1.0
DES_MP,4,9,10.1016/j.chemphyslip.2009.05.004,87,explore_offset_q_aware,840,840,151.17576248653188,1.0
DES_MP,4,9,10.1016/j.chemphyslip.2009.05.004,87,naive,87,87,52.2057138742756,1.0
DES_MP,4,9,10.1016/j.cplett.2015.06.017,1,aware,1,1,151.17576248653188,1.0
DES_MP,4,9,10.1016/j.cplett.2015.06.017,1,naive,0,1,52.2057138742756,0.0
DES_MP,4,9,10.1016/j.fluid.2017.05.009,35,anchor,219,320,115.98340443483175,0.684375
DES_MP,4,9,10.1016/j.fluid.2017.05.009,35,aware,27,35,151.17576248653188,0.7714285714285715
DES_MP,4,9,10.1016/j.fluid.2017.05.009,35,aware_on_anchor_rows,247,320,151.17576248653188,0.771875
DES_MP,4,9,10.1016/j.fluid.2017.05.009,35,explore_offset_q_aware,257,320,151.17576248653188,0.803125
DES_MP,4,9,10.1016/j.fluid.2017.05.009,35,naive,15,35,52.2057138742756,0.42857142857142855
DES_MP,4,9,10.1016/j.fluid.2019.06.005,87,anchor,734,840,115.98340443483175,0.8738095238095238
DES_MP,4,9,10.1016/j.fluid.2019.06.005,87,aware,77,87,151.17576248653188,0.8850574712643678
DES_MP,4,9,10.1016/j.fluid.2019.06.005,87,aware_on_anchor_rows,744,840,151.17576248653188,0.8857142857142857
DES_MP,4,9,10.1016/j.fluid.2019.06.005,87,explore_offset_q_aware,802,840,151.17576248653188,0.9547619047619048
DES_MP,4,9,10.1016/j.fluid.2019.06.005,87,naive,21,87,52.2057138742756,0.2413793103448276
DES_MP,4,9,10.1016/j.gee.2019.03.002,45,anchor,412,420,115.98340443483175,0.9809523809523809
DES_MP,4,9,10.1016/j.gee.2019.03.002,45,aware,45,45,151.17576248653188,1.0
DES_MP,4,9,10.1016/j.gee.2019.03.002,45,aware_on_anchor_rows,420,420,151.17576248653188,1.0
DES_MP,4,9,10.1016/j.gee.2019.03.002,45,explore_offset_q_aware,420,420,151.17576248653188,1.0
DES_MP,4,9,10.1016/j.gee.2019.03.002,45,naive,33,45,52.2057138742756,0.7333333333333333
DES_MP,4,9,10.1016/j.molliq.2021.115838,8,anchor,50,50,115.98340443483175,1.0
DES_MP,4,9,10.1016/j.molliq.2021.115838,8,aware,8,8,151.17576248653188,1.0
DES_MP,4,9,10.1016/j.molliq.2021.115838,8,aware_on_anchor_rows,50,50,151.17576248653188,1.0
DES_MP,4,9,10.1016/j.molliq.2021.115838,8,explore_offset_q_aware,50,50,151.17576248653188,1.0
DES_MP,4,9,10.1016/j.molliq.2021.115838,8,naive,7,8,52.2057138742756,0.875
DES_MP,4,9,10.1016/j.molstruc.2017.11.064,17,anchor,95,140,115.98340443483175,0.6785714285714286
DES_MP,4,9,10.1016/j.molstruc.2017.11.064,17,aware,11,17,151.17576248653188,0.6470588235294118
DES_MP,4,9,10.1016/j.molstruc.2017.11.064,17,aware_on_anchor_rows,94,140,151.17576248653188,0.6714285714285714
DES_MP,4,9,10.1016/j.molstruc.2017.11.064,17,explore_offset_q_aware,111,140,151.17576248653188,0.7928571428571428
DES_MP,4,9,10.1016/j.molstruc.2017.11.064,17,naive,4,17,52.2057138742756,0.23529411764705882
DES_MP,4,9,10.1016/s0168-3659(97)00153-3,12,anchor,89,90,115.98340443483175,0.9888888888888889
DES_MP,4,9,10.1016/s0168-3659(97)00153-3,12,aware,12,12,151.17576248653188,1.0
DES_MP,4,9,10.1016/s0168-3659(97)00153-3,12,aware_on_anchor_rows,90,90,151.17576248653188,1.0
DES_MP,4,9,10.1016/s0168-3659(97)00153-3,12,explore_offset_q_aware,90,90,151.17576248653188,1.0
DES_MP,4,9,10.1016/s0168-3659(97)00153-3,12,naive,11,12,52.2057138742756,0.9166666666666666
DES_MP,4,9,10.1021/acs.energyfuels.6b00471,2,aware,2,2,151.17576248653188,1.0
DES_MP,4,9,10.1021/acs.energyfuels.6b00471,2,naive,2,2,52.2057138742756,1.0
DES_MP,4,9,10.1021/acs.iecr.0c04551,1,aware,1,1,151.17576248653188,1.0
DES_MP,4,9,10.1021/acs.iecr.0c04551,1,naive,1,1,52.2057138742756,1.0
DES_MP,4,9,10.1021/ic049931s,22,anchor,118,190,115.98340443483175,0.6210526315789474
DES_MP,4,9,10.1021/ic049931s,22,aware,18,22,151.17576248653188,0.8181818181818182
DES_MP,4,9,10.1021/ic049931s,22,aware_on_anchor_rows,156,190,151.17576248653188,0.8210526315789474
DES_MP,4,9,10.1021/ic049931s,22,explore_offset_q_aware,139,190,151.17576248653188,0.7315789473684211
DES_MP,4,9,10.1021/ic049931s,22,naive,5,22,52.2057138742756,0.22727272727272727
DES_MP,4,9,10.1039/b106357j,8,anchor,50,50,115.98340443483175,1.0
DES_MP,4,9,10.1039/b106357j,8,aware,8,8,151.17576248653188,1.0
DES_MP,4,9,10.1039/b106357j,8,aware_on_anchor_rows,50,50,151.17576248653188,1.0
DES_MP,4,9,10.1039/b106357j,8,explore_offset_q_aware,50,50,151.17576248653188,1.0
DES_MP,4,9,10.1039/b106357j,8,naive,6,8,52.2057138742756,0.75
DES_RHO,0,0,10.1002/aic.18095,2667,anchor,20001,26640,0.1530836649212845,0.7507882882882883
DES_RHO,0,0,10.1002/aic.18095,2667,aware,2362,2667,0.1915814407541476,0.885639295088114
DES_RHO,0,0,10.1002/aic.18095,2667,aware_on_anchor_rows,23594,26640,0.1915814407541476,0.8856606606606606
DES_RHO,0,0,10.1002/aic.18095,2667,explore_offset_q_aware,22348,26640,0.1915814407541476,0.8388888888888889
DES_RHO,0,0,10.1002/aic.18095,2667,naive,1220,2667,0.0498107001550507,0.4574428196475441
DES_RHO,0,1,10.1016/j.chroma.2018.12.063,5,aware,5,5,0.1828195676680091,1.0
DES_RHO,0,1,10.1016/j.chroma.2018.12.063,5,naive,0,5,0.0299761171027466,0.0
DES_RHO,0,1,10.1016/j.fluid.2014.01.028,7,aware,7,7,0.1828195676680091,1.0
DES_RHO,0,1,10.1016/j.fluid.2014.01.028,7,naive,7,7,0.0299761171027466,1.0
DES_RHO,0,1,10.1016/j.molliq.2017.02.071,27,anchor,240,240,0.1829409086656492,1.0
DES_RHO,0,1,10.1016/j.molliq.2017.02.071,27,aware,27,27,0.1828195676680091,1.0
DES_RHO,0,1,10.1016/j.molliq.2017.02.071,27,aware_on_anchor_rows,240,240,0.1828195676680091,1.0
DES_RHO,0,1,10.1016/j.molliq.2017.02.071,27,explore_offset_q_aware,240,240,0.1828195676680091,1.0
DES_RHO,0,1,10.1016/j.molliq.2017.02.071,27,naive,25,27,0.0299761171027466,0.9259259259259259
DES_RHO,0,1,10.1016/j.molliq.2022.120420,351,anchor,3480,3480,0.1829409086656492,1.0
DES_RHO,0,1,10.1016/j.molliq.2022.120420,351,aware,351,351,0.1828195676680091,1.0
DES_RHO,0,1,10.1016/j.molliq.2022.120420,351,aware_on_anchor_rows,3480,3480,0.1828195676680091,1.0
DES_RHO,0,1,10.1016/j.molliq.2022.120420,351,explore_offset_q_aware,3480,3480,0.1828195676680091,1.0
DES_RHO,0,1,10.1016/j.molliq.2022.120420,351,naive,335,351,0.0299761171027466,0.9544159544159544
DES_RHO,0,1,10.1016/j.seppur.2020.116692,22,anchor,190,190,0.1829409086656492,1.0
DES_RHO,0,1,10.1016/j.seppur.2020.116692,22,aware,22,22,0.1828195676680091,1.0
DES_RHO,0,1,10.1016/j.seppur.2020.116692,22,aware_on_anchor_rows,190,190,0.1828195676680091,1.0
DES_RHO,0,1,10.1016/j.seppur.2020.116692,22,explore_offset_q_aware,190,190,0.1828195676680091,1.0
DES_RHO,0,1,10.1016/j.seppur.2020.116692,22,naive,15,22,0.0299761171027466,0.6818181818181818
DES_RHO,0,1,10.1021/acs.jced.0c00579,16,anchor,130,130,0.1829409086656492,1.0
DES_RHO,0,1,10.1021/acs.jced.0c00579,16,aware,16,16,0.1828195676680091,1.0
DES_RHO,0,1,10.1021/acs.jced.0c00579,16,aware_on_anchor_rows,130,130,0.1828195676680091,1.0
DES_RHO,0,1,10.1021/acs.jced.0c00579,16,explore_offset_q_aware,130,130,0.1828195676680091,1.0
DES_RHO,0,1,10.1021/acs.jced.0c00579,16,naive,12,16,0.0299761171027466,0.75
DES_RHO,0,1,10.1021/je5001796,9,anchor,60,60,0.1829409086656492,1.0
DES_RHO,0,1,10.1021/je5001796,9,aware,9,9,0.1828195676680091,1.0
DES_RHO,0,1,10.1021/je5001796,9,aware_on_anchor_rows,60,60,0.1828195676680091,1.0
DES_RHO,0,1,10.1021/je5001796,9,explore_offset_q_aware,60,60,0.1828195676680091,1.0
DES_RHO,0,1,10.1021/je5001796,9,naive,8,9,0.0299761171027466,0.8888888888888888
DES_RHO,0,1,10.1021/jp5089004,18,anchor,150,150,0.1829409086656492,1.0
DES_RHO,0,1,10.1021/jp5089004,18,aware,18,18,0.1828195676680091,1.0
DES_RHO,0,1,10.1021/jp5089004,18,aware_on_anchor_rows,150,150,0.1828195676680091,1.0
DES_RHO,0,1,10.1021/jp5089004,18,explore_offset_q_aware,150,150,0.1828195676680091,1.0
DES_RHO,0,1,10.1021/jp5089004,18,naive,8,18,0.0299761171027466,0.4444444444444444
DES_RHO,0,1,10.1039/c3ra40303c,13,anchor,100,100,0.1829409086656492,1.0
DES_RHO,0,1,10.1039/c3ra40303c,13,aware,13,13,0.1828195676680091,1.0
DES_RHO,0,1,10.1039/c3ra40303c,13,aware_on_anchor_rows,100,100,0.1828195676680091,1.0
DES_RHO,0,1,10.1039/c3ra40303c,13,explore_offset_q_aware,100,100,0.1828195676680091,1.0
DES_RHO,0,1,10.1039/c3ra40303c,13,naive,13,13,0.0299761171027466,1.0
DES_RHO,0,1,10.1080/01496395.2016.1247864,6,aware,6,6,0.1828195676680091,1.0
DES_RHO,0,1,10.1080/01496395.2016.1247864,6,naive,5,6,0.0299761171027466,0.8333333333333334
DES_RHO,0,2,10.1016/j.cclet.2013.09.004,9,anchor,10,60,0.1761374175741539,0.16666666666666666
DES_RHO,0,2,10.1016/j.cclet.2013.09.004,9,aware,4,9,0.1829620178500195,0.4444444444444444
DES_RHO,0,2,10.1016/j.cclet.2013.09.004,9,aware_on_anchor_rows,24,60,0.1829620178500195,0.4
DES_RHO,0,2,10.1016/j.cclet.2013.09.004,9,explore_offset_q_aware,10,60,0.1829620178500195,0.16666666666666666
DES_RHO,0,2,10.1016/j.cclet.2013.09.004,9,naive,0,9,0.0300983555523228,0.0
DES_RHO,0,2,10.1016/j.fluid.2014.08.017,3,aware,3,3,0.1829620178500195,1.0
DES_RHO,0,2,10.1016/j.fluid.2014.08.017,3,naive,1,3,0.0300983555523228,0.3333333333333333
DES_RHO,0,2,10.1016/j.fluid.2020.112752,36,anchor,330,330,0.1761374175741539,1.0
DES_RHO,0,2,10.1016/j.fluid.2020.112752,36,aware,36,36,0.1829620178500195,1.0
DES_RHO,0,2,10.1016/j.fluid.2020.112752,36,aware_on_anchor_rows,330,330,0.1829620178500195,1.0
DES_RHO,0,2,10.1016/j.fluid.2020.112752,36,explore_offset_q_aware,330,330,0.1829620178500195,1.0
DES_RHO,0,2,10.1016/j.fluid.2020.112752,36,naive,12,36,0.0300983555523228,0.3333333333333333
DES_RHO,0,2,10.1016/j.ijggc.2016.02.006,8,anchor,50,50,0.1761374175741539,1.0
DES_RHO,0,2,10.1016/j.ijggc.2016.02.006,8,aware,8,8,0.1829620178500195,1.0
DES_RHO,0,2,10.1016/j.ijggc.2016.02.006,8,aware_on_anchor_rows,50,50,0.1829620178500195,1.0
DES_RHO,0,2,10.1016/j.ijggc.2016.02.006,8,explore_offset_q_aware,50,50,0.1829620178500195,1.0
DES_RHO,0,2,10.1016/j.ijggc.2016.02.006,8,naive,6,8,0.0300983555523228,0.75
DES_RHO,0,2,10.1016/j.ijggc.2019.102839,4,aware,4,4,0.1829620178500195,1.0
DES_RHO,0,2,10.1016/j.ijggc.2019.102839,4,naive,2,4,0.0300983555523228,0.5
DES_RHO,0,2,10.1016/j.jct.2013.05.041,20,anchor,170,170,0.1761374175741539,1.0
DES_RHO,0,2,10.1016/j.jct.2013.05.041,20,aware,20,20,0.1829620178500195,1.0
DES_RHO,0,2,10.1016/j.jct.2013.05.041,20,aware_on_anchor_rows,170,170,0.1829620178500195,1.0
DES_RHO,0,2,10.1016/j.jct.2013.05.041,20,explore_offset_q_aware,170,170,0.1829620178500195,1.0
DES_RHO,0,2,10.1016/j.jct.2013.05.041,20,naive,19,20,0.0300983555523228,0.95
DES_RHO,0,2,10.1016/j.jct.2015.04.021,24,anchor,210,210,0.1761374175741539,1.0
DES_RHO,0,2,10.1016/j.jct.2015.04.021,24,aware,24,24,0.1829620178500195,1.0
DES_RHO,0,2,10.1016/j.jct.2015.04.021,24,aware_on_anchor_rows,210,210,0.1829620178500195,1.0
DES_RHO,0,2,10.1016/j.jct.2015.04.021,24,explore_offset_q_aware,210,210,0.1829620178500195,1.0
DES_RHO,0,2,10.1016/j.jct.2015.04.021,24,naive,22,24,0.0300983555523228,0.9166666666666666
DES_RHO,0,2,10.1016/j.jhazmat.2022.129835,6,aware,6,6,0.1829620178500195,1.0
DES_RHO,0,2,10.1016/j.jhazmat.2022.129835,6,naive,4,6,0.0300983555523228,0.6666666666666666
DES_RHO,0,2,10.1016/j.jtice.2012.01.007,15,anchor,120,120,0.1761374175741539,1.0
DES_RHO,0,2,10.1016/j.jtice.2012.01.007,15,aware,15,15,0.1829620178500195,1.0
DES_RHO,0,2,10.1016/j.jtice.2012.01.007,15,aware_on_anchor_rows,120,120,0.1829620178500195,1.0
DES_RHO,0,2,10.1016/j.jtice.2012.01.007,15,explore_offset_q_aware,120,120,0.1829620178500195,1.0
DES_RHO,0,2,10.1016/j.jtice.2012.01.007,15,naive,14,15,0.0300983555523228,0.9333333333333333
DES_RHO,0,2,10.1016/j.seppur.2019.115703,43,anchor,400,400,0.1761374175741539,1.0
DES_RHO,0,2,10.1016/j.seppur.2019.115703,43,aware,43,43,0.1829620178500195,1.0
DES_RHO,0,2,10.1016/j.seppur.2019.115703,43,aware_on_anchor_rows,400,400,0.1829620178500195,1.0
DES_RHO,0,2,10.1016/j.seppur.2019.115703,43,explore_offset_q_aware,400,400,0.1829620178500195,1.0
DES_RHO,0,2,10.1016/j.seppur.2019.115703,43,naive,43,43,0.0300983555523228,1.0
DES_RHO,0,2,10.1016/j.tca.2011.10.010,268,anchor,2650,2650,0.1761374175741539,1.0
DES_RHO,0,2,10.1016/j.tca.2011.10.010,268,aware,268,268,0.1829620178500195,1.0
DES_RHO,0,2,10.1016/j.tca.2011.10.010,268,aware_on_anchor_rows,2650,2650,0.1829620178500195,1.0
DES_RHO,0,2,10.1016/j.tca.2011.10.010,268,explore_offset_q_aware,2650,2650,0.1829620178500195,1.0
DES_RHO,0,2,10.1016/j.tca.2011.10.010,268,naive,230,268,0.0300983555523228,0.8582089552238806
DES_RHO,0,2,10.1016/j.tca.2012.04.030,28,anchor,222,250,0.1761374175741539,0.888
DES_RHO,0,2,10.1016/j.tca.2012.04.030,28,aware,25,28,0.1829620178500195,0.8928571428571429
DES_RHO,0,2,10.1016/j.tca.2012.04.030,28,aware_on_anchor_rows,223,250,0.1829620178500195,0.892
DES_RHO,0,2,10.1016/j.tca.2012.04.030,28,explore_offset_q_aware,224,250,0.1829620178500195,0.896
DES_RHO,0,2,10.1016/j.tca.2012.04.030,28,naive,20,28,0.0300983555523228,0.7142857142857143
DES_RHO,0,2,10.1016/j.tca.2016.11.008,12,anchor,90,90,0.1761374175741539,1.0
DES_RHO,0,2,10.1016/j.tca.2016.11.008,12,aware,12,12,0.1829620178500195,1.0
DES_RHO,0,2,10.1016/j.tca.2016.11.008,12,aware_on_anchor_rows,90,90,0.1829620178500195,1.0
DES_RHO,0,2,10.1016/j.tca.2016.11.008,12,explore_offset_q_aware,90,90,0.1829620178500195,1.0
DES_RHO,0,2,10.1016/j.tca.2016.11.008,12,naive,9,12,0.0300983555523228,0.75
DES_RHO,0,3,10.1016/j.bioelechem.2022.108207,3,aware,3,3,0.1813987018954335,1.0
DES_RHO,0,3,10.1016/j.bioelechem.2022.108207,3,naive,3,3,0.029979492080332,1.0
DES_RHO,0,3,10.1016/j.foodchem.2019.125752,8,anchor,39,50,0.1805664056262289,0.78
DES_RHO,0,3,10.1016/j.foodchem.2019.125752,8,aware,6,8,0.1813987018954335,0.75
DES_RHO,0,3,10.1016/j.foodchem.2019.125752,8,aware_on_anchor_rows,40,50,0.1813987018954335,0.8
DES_RHO,0,3,10.1016/j.foodchem.2019.125752,8,explore_offset_q_aware,39,50,0.1813987018954335,0.78
DES_RHO,0,3,10.1016/j.foodchem.2019.125752,8,naive,4,8,0.029979492080332,0.5
DES_RHO,0,3,10.1016/j.jct.2013.08.029,5,aware,5,5,0.1813987018954335,1.0
DES_RHO,0,3,10.1016/j.jct.2013.08.029,5,naive,5,5,0.029979492080332,1.0
DES_RHO,0,3,10.1016/j.molliq.2017.05.084,45,anchor,420,420,0.1805664056262289,1.0
DES_RHO,0,3,10.1016/j.molliq.2017.05.084,45,aware,45,45,0.1813987018954335,1.0
DES_RHO,0,3,10.1016/j.molliq.2017.05.084,45,aware_on_anchor_rows,420,420,0.1813987018954335,1.0
DES_RHO,0,3,10.1016/j.molliq.2017.05.084,45,explore_offset_q_aware,420,420,0.1813987018954335,1.0
DES_RHO,0,3,10.1016/j.molliq.2017.05.084,45,naive,24,45,0.029979492080332,0.5333333333333333
DES_RHO,0,3,10.1016/j.molliq.2021.117987,25,anchor,220,220,0.1805664056262289,1.0
DES_RHO,0,3,10.1016/j.molliq.2021.117987,25,aware,25,25,0.1813987018954335,1.0
DES_RHO,0,3,10.1016/j.molliq.2021.117987,25,aware_on_anchor_rows,220,220,0.1813987018954335,1.0
DES_RHO,0,3,10.1016/j.molliq.2021.117987,25,explore_offset_q_aware,220,220,0.1813987018954335,1.0
DES_RHO,0,3,10.1016/j.molliq.2021.117987,25,naive,14,25,0.029979492080332,0.56
DES_RHO,0,3,10.1016/j.molliq.2022.119392,11,anchor,80,80,0.1805664056262289,1.0
DES_RHO,0,3,10.1016/j.molliq.2022.119392,11,aware,11,11,0.1813987018954335,1.0
DES_RHO,0,3,10.1016/j.molliq.2022.119392,11,aware_on_anchor_rows,80,80,0.1813987018954335,1.0
DES_RHO,0,3,10.1016/j.molliq.2022.119392,11,explore_offset_q_aware,80,80,0.1813987018954335,1.0
DES_RHO,0,3,10.1016/j.molliq.2022.119392,11,naive,11,11,0.029979492080332,1.0
DES_RHO,0,3,10.1021/acssuschemeng.5b00619,14,anchor,110,110,0.1805664056262289,1.0
DES_RHO,0,3,10.1021/acssuschemeng.5b00619,14,aware,14,14,0.1813987018954335,1.0
DES_RHO,0,3,10.1021/acssuschemeng.5b00619,14,aware_on_anchor_rows,110,110,0.1813987018954335,1.0
DES_RHO,0,3,10.1021/acssuschemeng.5b00619,14,explore_offset_q_aware,110,110,0.1813987018954335,1.0
DES_RHO,0,3,10.1021/acssuschemeng.5b00619,14,naive,13,14,0.029979492080332,0.9285714285714286
DES_RHO,0,3,10.1021/acssuschemeng.8b01203,187,anchor,1840,1840,0.1805664056262289,1.0
DES_RHO,0,3,10.1021/acssuschemeng.8b01203,187,aware,187,187,0.1813987018954335,1.0
DES_RHO,0,3,10.1021/acssuschemeng.8b01203,187,aware_on_anchor_rows,1840,1840,0.1813987018954335,1.0
DES_RHO,0,3,10.1021/acssuschemeng.8b01203,187,explore_offset_q_aware,1840,1840,0.1813987018954335,1.0
DES_RHO,0,3,10.1021/acssuschemeng.8b01203,187,naive,144,187,0.029979492080332,0.7700534759358288
DES_RHO,0,3,10.1021/acssuschemeng.8b03520,17,anchor,138,140,0.1805664056262289,0.9857142857142858
DES_RHO,0,3,10.1021/acssuschemeng.8b03520,17,aware,17,17,0.1813987018954335,1.0
DES_RHO,0,3,10.1021/acssuschemeng.8b03520,17,aware_on_anchor_rows,140,140,0.1813987018954335,1.0
DES_RHO,0,3,10.1021/acssuschemeng.8b03520,17,explore_offset_q_aware,138,140,0.1813987018954335,0.9857142857142858
DES_RHO,0,3,10.1021/acssuschemeng.8b03520,17,naive,13,17,0.029979492080332,0.7647058823529411
DES_RHO,0,3,10.1021/acssuschemeng.8b05548,2,aware,1,2,0.1813987018954335,0.5
DES_RHO,0,3,10.1021/acssuschemeng.8b05548,2,naive,1,2,0.029979492080332,0.5
DES_RHO,0,3,10.1021/je300997v,37,anchor,340,340,0.1805664056262289,1.0
DES_RHO,0,3,10.1021/je300997v,37,aware,37,37,0.1813987018954335,1.0
DES_RHO,0,3,10.1021/je300997v,37,aware_on_anchor_rows,340,340,0.1813987018954335,1.0
DES_RHO,0,3,10.1021/je300997v,37,explore_offset_q_aware,340,340,0.1813987018954335,1.0
DES_RHO,0,3,10.1021/je300997v,37,naive,35,37,0.029979492080332,0.9459459459459459
DES_RHO,0,3,10.1021/sc500439w,62,anchor,575,590,0.1805664056262289,0.9745762711864406
DES_RHO,0,3,10.1021/sc500439w,62,aware,60,62,0.1813987018954335,0.967741935483871
DES_RHO,0,3,10.1021/sc500439w,62,aware_on_anchor_rows,570,590,0.1813987018954335,0.9661016949152542
DES_RHO,0,3,10.1021/sc500439w,62,explore_offset_q_aware,575,590,0.1813987018954335,0.9745762711864406
DES_RHO,0,3,10.1021/sc500439w,62,naive,50,62,0.029979492080332,0.8064516129032258
DES_RHO,0,3,10.1039/c6cc06105b,21,anchor,180,180,0.1805664056262289,1.0
DES_RHO,0,3,10.1039/c6cc06105b,21,aware,21,21,0.1813987018954335,1.0
DES_RHO,0,3,10.1039/c6cc06105b,21,aware_on_anchor_rows,180,180,0.1813987018954335,1.0
DES_RHO,0,3,10.1039/c6cc06105b,21,explore_offset_q_aware,180,180,0.1813987018954335,1.0
DES_RHO,0,3,10.1039/c6cc06105b,21,naive,19,21,0.029979492080332,0.9047619047619048
DES_RHO,0,3,10.3390/separations6010009,7,aware,7,7,0.1813987018954335,1.0
DES_RHO,0,3,10.3390/separations6010009,7,naive,5,7,0.029979492080332,0.7142857142857143
DES_RHO,0,3,api.semanticscholar.org/corpusid:92513446,31,anchor,272,280,0.1805664056262289,0.9714285714285714
DES_RHO,0,3,api.semanticscholar.org/corpusid:92513446,31,aware,30,31,0.1813987018954335,0.967741935483871
DES_RHO,0,3,api.semanticscholar.org/corpusid:92513446,31,aware_on_anchor_rows,272,280,0.1813987018954335,0.9714285714285714
DES_RHO,0,3,api.semanticscholar.org/corpusid:92513446,31,explore_offset_q_aware,272,280,0.1813987018954335,0.9714285714285714
DES_RHO,0,3,api.semanticscholar.org/corpusid:92513446,31,naive,30,31,0.029979492080332,0.967741935483871
DES_RHO,0,4,10.1016/j.biortech.2020.122897,6,aware,6,6,0.1906357903560693,1.0
DES_RHO,0,4,10.1016/j.biortech.2020.122897,6,naive,4,6,0.0311968302168401,0.6666666666666666
DES_RHO,0,4,10.1016/j.chemosphere.2019.125082,20,anchor,170,170,0.1845604572089836,1.0
DES_RHO,0,4,10.1016/j.chemosphere.2019.125082,20,aware,20,20,0.1906357903560693,1.0
DES_RHO,0,4,10.1016/j.chemosphere.2019.125082,20,aware_on_anchor_rows,170,170,0.1906357903560693,1.0
DES_RHO,0,4,10.1016/j.chemosphere.2019.125082,20,explore_offset_q_aware,170,170,0.1906357903560693,1.0
DES_RHO,0,4,10.1016/j.chemosphere.2019.125082,20,naive,8,20,0.0311968302168401,0.4
DES_RHO,0,4,10.1016/j.chroma.2018.07.070,13,anchor,100,100,0.1845604572089836,1.0
DES_RHO,0,4,10.1016/j.chroma.2018.07.070,13,aware,13,13,0.1906357903560693,1.0
DES_RHO,0,4,10.1016/j.chroma.2018.07.070,13,aware_on_anchor_rows,100,100,0.1906357903560693,1.0
DES_RHO,0,4,10.1016/j.chroma.2018.07.070,13,explore_offset_q_aware,100,100,0.1906357903560693,1.0
DES_RHO,0,4,10.1016/j.chroma.2018.07.070,13,naive,4,13,0.0311968302168401,0.3076923076923077
DES_RHO,0,4,10.1016/j.jct.2017.05.020,66,anchor,630,630,0.1845604572089836,1.0
DES_RHO,0,4,10.1016/j.jct.2017.05.020,66,aware,66,66,0.1906357903560693,1.0
DES_RHO,0,4,10.1016/j.jct.2017.05.020,66,aware_on_anchor_rows,630,630,0.1906357903560693,1.0
DES_RHO,0,4,10.1016/j.jct.2017.05.020,66,explore_offset_q_aware,630,630,0.1906357903560693,1.0
DES_RHO,0,4,10.1016/j.jct.2017.05.020,66,naive,44,66,0.0311968302168401,0.6666666666666666
DES_RHO,0,4,10.1016/j.jct.2018.12.017,54,anchor,510,510,0.1845604572089836,1.0
DES_RHO,0,4,10.1016/j.jct.2018.12.017,54,aware,54,54,0.1906357903560693,1.0
DES_RHO,0,4,10.1016/j.jct.2018.12.017,54,aware_on_anchor_rows,510,510,0.1906357903560693,1.0
DES_RHO,0,4,10.1016/j.jct.2018.12.017,54,explore_offset_q_aware,510,510,0.1906357903560693,1.0
DES_RHO,0,4,10.1016/j.jct.2018.12.017,54,naive,37,54,0.0311968302168401,0.6851851851851852
DES_RHO,0,4,10.1016/j.molliq.2019.111916,35,anchor,320,320,0.1845604572089836,1.0
DES_RHO,0,4,10.1016/j.molliq.2019.111916,35,aware,35,35,0.1906357903560693,1.0
DES_RHO,0,4,10.1016/j.molliq.2019.111916,35,aware_on_anchor_rows,320,320,0.1906357903560693,1.0
DES_RHO,0,4,10.1016/j.molliq.2019.111916,35,explore_offset_q_aware,320,320,0.1906357903560693,1.0
DES_RHO,0,4,10.1016/j.molliq.2019.111916,35,naive,30,35,0.0311968302168401,0.8571428571428571
DES_RHO,0,4,10.1016/j.molliq.2021.117717,1,aware,1,1,0.1906357903560693,1.0
DES_RHO,0,4,10.1016/j.molliq.2021.117717,1,naive,0,1,0.0311968302168401,0.0
DES_RHO,0,4,10.1016/j.molliq.2022.119560,27,anchor,240,240,0.1845604572089836,1.0
DES_RHO,0,4,10.1016/j.molliq.2022.119560,27,aware,27,27,0.1906357903560693,1.0
DES_RHO,0,4,10.1016/j.molliq.2022.119560,27,aware_on_anchor_rows,240,240,0.1906357903560693,1.0
DES_RHO,0,4,10.1016/j.molliq.2022.119560,27,explore_offset_q_aware,240,240,0.1906357903560693,1.0
DES_RHO,0,4,10.1016/j.molliq.2022.119560,27,naive,8,27,0.0311968302168401,0.2962962962962963
DES_RHO,0,4,10.1016/j.seppur.2019.115707,4,aware,4,4,0.1906357903560693,1.0
DES_RHO,0,4,10.1016/j.seppur.2019.115707,4,naive,4,4,0.0311968302168401,1.0
DES_RHO,0,4,10.1021/acs.jced.0c00715,153,anchor,1500,1500,0.1845604572089836,1.0
DES_RHO,0,4,10.1021/acs.jced.0c00715,153,aware,153,153,0.1906357903560693,1.0
DES_RHO,0,4,10.1021/acs.jced.0c00715,153,aware_on_anchor_rows,1500,1500,0.1906357903560693,1.0
DES_RHO,0,4,10.1021/acs.jced.0c00715,153,explore_offset_q_aware,1500,1500,0.1906357903560693,1.0
DES_RHO,0,4,10.1021/acs.jced.0c00715,153,naive,148,153,0.0311968302168401,0.9673202614379085
DES_RHO,0,4,10.1021/acssuschemeng.7b04235,39,anchor,360,360,0.1845604572089836,1.0
DES_RHO,0,4,10.1021/acssuschemeng.7b04235,39,aware,39,39,0.1906357903560693,1.0
DES_RHO,0,4,10.1021/acssuschemeng.7b04235,39,aware_on_anchor_rows,360,360,0.1906357903560693,1.0
DES_RHO,0,4,10.1021/acssuschemeng.7b04235,39,explore_offset_q_aware,360,360,0.1906357903560693,1.0
DES_RHO,0,4,10.1021/acssuschemeng.7b04235,39,naive,39,39,0.0311968302168401,1.0
DES_RHO,0,4,10.1021/acssuschemeng.9b05434,9,anchor,60,60,0.1845604572089836,1.0
DES_RHO,0,4,10.1021/acssuschemeng.9b05434,9,aware,9,9,0.1906357903560693,1.0
DES_RHO,0,4,10.1021/acssuschemeng.9b05434,9,aware_on_anchor_rows,60,60,0.1906357903560693,1.0
DES_RHO,0,4,10.1021/acssuschemeng.9b05434,9,explore_offset_q_aware,60,60,0.1906357903560693,1.0
DES_RHO,0,4,10.1021/acssuschemeng.9b05434,9,naive,9,9,0.0311968302168401,1.0
DES_RHO,0,4,10.1021/je400884v,24,anchor,210,210,0.1845604572089836,1.0
DES_RHO,0,4,10.1021/je400884v,24,aware,24,24,0.1906357903560693,1.0
DES_RHO,0,4,10.1021/je400884v,24,aware_on_anchor_rows,210,210,0.1906357903560693,1.0
DES_RHO,0,4,10.1021/je400884v,24,explore_offset_q_aware,210,210,0.1906357903560693,1.0
DES_RHO,0,4,10.1021/je400884v,24,naive,23,24,0.0311968302168401,0.9583333333333334
DES_RHO,0,4,10.1039/c5cp03364k,15,anchor,120,120,0.1845604572089836,1.0
DES_RHO,0,4,10.1039/c5cp03364k,15,aware,15,15,0.1906357903560693,1.0
DES_RHO,0,4,10.1039/c5cp03364k,15,aware_on_anchor_rows,120,120,0.1906357903560693,1.0
DES_RHO,0,4,10.1039/c5cp03364k,15,explore_offset_q_aware,120,120,0.1906357903560693,1.0
DES_RHO,0,4,10.1039/c5cp03364k,15,naive,13,15,0.0311968302168401,0.8666666666666667
DES_RHO,0,4,10.1039/c5gc03080c,8,anchor,50,50,0.1845604572089836,1.0
DES_RHO,0,4,10.1039/c5gc03080c,8,aware,8,8,0.1906357903560693,1.0
DES_RHO,0,4,10.1039/c5gc03080c,8,aware_on_anchor_rows,50,50,0.1906357903560693,1.0
DES_RHO,0,4,10.1039/c5gc03080c,8,explore_offset_q_aware,50,50,0.1906357903560693,1.0
DES_RHO,0,4,10.1039/c5gc03080c,8,naive,0,8,0.0311968302168401,0.0
DES_RHO,0,5,10.1016/j.cjche.2020.07.004,20,anchor,170,170,0.1826370783972013,1.0
DES_RHO,0,5,10.1016/j.cjche.2020.07.004,20,aware,20,20,0.1835119583608824,1.0
DES_RHO,0,5,10.1016/j.cjche.2020.07.004,20,aware_on_anchor_rows,170,170,0.1835119583608824,1.0
DES_RHO,0,5,10.1016/j.cjche.2020.07.004,20,explore_offset_q_aware,170,170,0.1835119583608824,1.0
DES_RHO,0,5,10.1016/j.cjche.2020.07.004,20,naive,17,20,0.030324942505302,0.85
DES_RHO,0,5,10.1016/j.fluid.2012.12.001,137,anchor,1322,1340,0.1826370783972013,0.9865671641791045
DES_RHO,0,5,10.1016/j.fluid.2012.12.001,137,aware,135,137,0.1835119583608824,0.9854014598540146
DES_RHO,0,5,10.1016/j.fluid.2012.12.001,137,aware_on_anchor_rows,1320,1340,0.1835119583608824,0.9850746268656716
DES_RHO,0,5,10.1016/j.fluid.2012.12.001,137,explore_offset_q_aware,1322,1340,0.1835119583608824,0.9865671641791045
DES_RHO,0,5,10.1016/j.fluid.2012.12.001,137,naive,120,137,0.030324942505302,0.8759124087591241
DES_RHO,0,5,10.1016/j.foodchem.2018.09.048,6,aware,6,6,0.1835119583608824,1.0
DES_RHO,0,5,10.1016/j.foodchem.2018.09.048,6,naive,4,6,0.030324942505302,0.6666666666666666
DES_RHO,0,5,10.1016/j.jct.2017.11.008,66,anchor,630,630,0.1826370783972013,1.0
DES_RHO,0,5,10.1016/j.jct.2017.11.008,66,aware,55,66,0.1835119583608824,0.8333333333333334
DES_RHO,0,5,10.1016/j.jct.2017.11.008,66,aware_on_anchor_rows,522,630,0.1835119583608824,0.8285714285714286
DES_RHO,0,5,10.1016/j.jct.2017.11.008,66,explore_offset_q_aware,630,630,0.1835119583608824,1.0
DES_RHO,0,5,10.1016/j.jct.2017.11.008,66,naive,0,66,0.030324942505302,0.0
DES_RHO,0,5,10.1016/j.jct.2021.106578,43,anchor,400,400,0.1826370783972013,1.0
DES_RHO,0,5,10.1016/j.jct.2021.106578,43,aware,43,43,0.1835119583608824,1.0
DES_RHO,0,5,10.1016/j.jct.2021.106578,43,aware_on_anchor_rows,400,400,0.1835119583608824,1.0
DES_RHO,0,5,10.1016/j.jct.2021.106578,43,explore_offset_q_aware,400,400,0.1835119583608824,1.0
DES_RHO,0,5,10.1016/j.jct.2021.106578,43,naive,37,43,0.030324942505302,0.8604651162790697
DES_RHO,0,5,10.1016/j.jmgm.2022.108319,25,anchor,200,220,0.1826370783972013,0.9090909090909091
DES_RHO,0,5,10.1016/j.jmgm.2022.108319,25,aware,23,25,0.1835119583608824,0.92
DES_RHO,0,5,10.1016/j.jmgm.2022.108319,25,aware_on_anchor_rows,203,220,0.1835119583608824,0.9227272727272727
DES_RHO,0,5,10.1016/j.jmgm.2022.108319,25,explore_offset_q_aware,200,220,0.1835119583608824,0.9090909090909091
DES_RHO,0,5,10.1016/j.jmgm.2022.108319,25,naive,11,25,0.030324942505302,0.44
DES_RHO,0,5,10.1016/j.molliq.2016.01.038,10,anchor,70,70,0.1826370783972013,1.0
DES_RHO,0,5,10.1016/j.molliq.2016.01.038,10,aware,10,10,0.1835119583608824,1.0
DES_RHO,0,5,10.1016/j.molliq.2016.01.038,10,aware_on_anchor_rows,70,70,0.1835119583608824,1.0
DES_RHO,0,5,10.1016/j.molliq.2016.01.038,10,explore_offset_q_aware,70,70,0.1835119583608824,1.0
DES_RHO,0,5,10.1016/j.molliq.2016.01.038,10,naive,10,10,0.030324942505302,1.0
DES_RHO,0,5,10.1016/j.molliq.2018.02.049,54,anchor,364,510,0.1826370783972013,0.7137254901960784
DES_RHO,0,5,10.1016/j.molliq.2018.02.049,54,aware,40,54,0.1835119583608824,0.7407407407407407
DES_RHO,0,5,10.1016/j.molliq.2018.02.049,54,aware_on_anchor_rows,378,510,0.1835119583608824,0.7411764705882353
DES_RHO,0,5,10.1016/j.molliq.2018.02.049,54,explore_offset_q_aware,365,510,0.1835119583608824,0.7156862745098039
DES_RHO,0,5,10.1016/j.molliq.2018.02.049,54,naive,23,54,0.030324942505302,0.42592592592592593
DES_RHO,0,5,10.1016/j.molliq.2019.01.053,14,anchor,110,110,0.1826370783972013,1.0
DES_RHO,0,5,10.1016/j.molliq.2019.01.053,14,aware,14,14,0.1835119583608824,1.0
DES_RHO,0,5,10.1016/j.molliq.2019.01.053,14,aware_on_anchor_rows,110,110,0.1835119583608824,1.0
DES_RHO,0,5,10.1016/j.molliq.2019.01.053,14,explore_offset_q_aware,110,110,0.1835119583608824,1.0
DES_RHO,0,5,10.1016/j.molliq.2019.01.053,14,naive,10,14,0.030324942505302,0.7142857142857143
DES_RHO,0,5,10.1021/acs.jced.6b01013,36,anchor,330,330,0.1826370783972013,1.0
DES_RHO,0,5,10.1021/acs.jced.6b01013,36,aware,36,36,0.1835119583608824,1.0
DES_RHO,0,5,10.1021/acs.jced.6b01013,36,aware_on_anchor_rows,330,330,0.1835119583608824,1.0
DES_RHO,0,5,10.1021/acs.jced.6b01013,36,explore_offset_q_aware,330,330,0.1835119583608824,1.0
DES_RHO,0,5,10.1021/acs.jced.6b01013,36,naive,32,36,0.030324942505302,0.8888888888888888
DES_RHO,0,5,10.1021/acs.jced.9b00237,8,anchor,50,50,0.1826370783972013,1.0
DES_RHO,0,5,10.1021/acs.jced.9b00237,8,aware,8,8,0.1835119583608824,1.0
DES_RHO,0,5,10.1021/acs.jced.9b00237,8,aware_on_anchor_rows,50,50,0.1835119583608824,1.0
DES_RHO,0,5,10.1021/acs.jced.9b00237,8,explore_offset_q_aware,50,50,0.1835119583608824,1.0
DES_RHO,0,5,10.1021/acs.jced.9b00237,8,naive,7,8,0.030324942505302,0.875
DES_RHO,0,5,10.1021/acssuschemeng.9b01102,28,anchor,240,250,0.1826370783972013,0.96
DES_RHO,0,5,10.1021/acssuschemeng.9b01102,28,aware,27,28,0.1835119583608824,0.9642857142857143
DES_RHO,0,5,10.1021/acssuschemeng.9b01102,28,aware_on_anchor_rows,240,250,0.1835119583608824,0.96
DES_RHO,0,5,10.1021/acssuschemeng.9b01102,28,explore_offset_q_aware,240,250,0.1835119583608824,0.96
DES_RHO,0,5,10.1021/acssuschemeng.9b01102,28,naive,13,28,0.030324942505302,0.4642857142857143
DES_RHO,0,5,10.1039/c1cp22554e,4,aware,4,4,0.1835119583608824,1.0
DES_RHO,0,5,10.1039/c1cp22554e,4,naive,3,4,0.030324942505302,0.75
DES_RHO,0,5,10.1039/c2ra22990k,5,aware,4,5,0.1835119583608824,0.8
DES_RHO,0,5,10.1039/c2ra22990k,5,naive,0,5,0.030324942505302,0.0
DES_RHO,0,5,10.3390/molecules24030636,17,anchor,140,140,0.1826370783972013,1.0
DES_RHO,0,5,10.3390/molecules24030636,17,aware,17,17,0.1835119583608824,1.0
DES_RHO,0,5,10.3390/molecules24030636,17,aware_on_anchor_rows,140,140,0.1835119583608824,1.0
DES_RHO,0,5,10.3390/molecules24030636,17,explore_offset_q_aware,140,140,0.1835119583608824,1.0
DES_RHO,0,5,10.3390/molecules24030636,17,naive,17,17,0.030324942505302,1.0
DES_RHO,0,6,10.1002/cphc.200500489,6,aware,6,6,0.1524726625234267,1.0
DES_RHO,0,6,10.1002/cphc.200500489,6,naive,4,6,0.0282852316382227,0.6666666666666666
DES_RHO,0,6,10.1016/j.cej.2018.10.077,9,anchor,53,60,0.1831745314720175,0.8833333333333333
DES_RHO,0,6,10.1016/j.cej.2018.10.077,9,aware,8,9,0.1524726625234267,0.8888888888888888
DES_RHO,0,6,10.1016/j.cej.2018.10.077,9,aware_on_anchor_rows,53,60,0.1524726625234267,0.8833333333333333
DES_RHO,0,6,10.1016/j.cej.2018.10.077,9,explore_offset_q_aware,53,60,0.1524726625234267,0.8833333333333333
DES_RHO,0,6,10.1016/j.cej.2018.10.077,9,naive,6,9,0.0282852316382227,0.6666666666666666
DES_RHO,0,6,10.1016/j.cej.2020.125173,36,anchor,324,330,0.1831745314720175,0.9818181818181818
DES_RHO,0,6,10.1016/j.cej.2020.125173,36,aware,35,36,0.1524726625234267,0.9722222222222222
DES_RHO,0,6,10.1016/j.cej.2020.125173,36,aware_on_anchor_rows,321,330,0.1524726625234267,0.9727272727272728
DES_RHO,0,6,10.1016/j.cej.2020.125173,36,explore_offset_q_aware,321,330,0.1524726625234267,0.9727272727272728
DES_RHO,0,6,10.1016/j.cej.2020.125173,36,naive,16,36,0.0282852316382227,0.4444444444444444
DES_RHO,0,6,10.1016/j.fluid.2013.06.050,24,anchor,210,210,0.1831745314720175,1.0
DES_RHO,0,6,10.1016/j.fluid.2013.06.050,24,aware,24,24,0.1524726625234267,1.0
DES_RHO,0,6,10.1016/j.fluid.2013.06.050,24,aware_on_anchor_rows,210,210,0.1524726625234267,1.0
DES_RHO,0,6,10.1016/j.fluid.2013.06.050,24,explore_offset_q_aware,210,210,0.1524726625234267,1.0
DES_RHO,0,6,10.1016/j.fluid.2013.06.050,24,naive,22,24,0.0282852316382227,0.9166666666666666
DES_RHO,0,6,10.1016/j.foodchem.2021.131930,10,anchor,60,70,0.1831745314720175,0.8571428571428571
DES_RHO,0,6,10.1016/j.foodchem.2021.131930,10,aware,9,10,0.1524726625234267,0.9
DES_RHO,0,6,10.1016/j.foodchem.2021.131930,10,aware_on_anchor_rows,63,70,0.1524726625234267,0.9
DES_RHO,0,6,10.1016/j.foodchem.2021.131930,10,explore_offset_q_aware,53,70,0.1524726625234267,0.7571428571428571
DES_RHO,0,6,10.1016/j.foodchem.2021.131930,10,naive,5,10,0.0282852316382227,0.5
DES_RHO,0,6,10.1016/j.jiec.2022.04.015,34,anchor,310,310,0.1831745314720175,1.0
DES_RHO,0,6,10.1016/j.jiec.2022.04.015,34,aware,34,34,0.1524726625234267,1.0
DES_RHO,0,6,10.1016/j.jiec.2022.04.015,34,aware_on_anchor_rows,310,310,0.1524726625234267,1.0
DES_RHO,0,6,10.1016/j.jiec.2022.04.015,34,explore_offset_q_aware,308,310,0.1524726625234267,0.9935483870967742
DES_RHO,0,6,10.1016/j.jiec.2022.04.015,34,naive,29,34,0.0282852316382227,0.8529411764705882
DES_RHO,0,6,10.1016/j.molliq.2016.02.062,59,anchor,558,560,0.1831745314720175,0.9964285714285714
DES_RHO,0,6,10.1016/j.molliq.2016.02.062,59,aware,58,59,0.1524726625234267,0.9830508474576272
DES_RHO,0,6,10.1016/j.molliq.2016.02.062,59,aware_on_anchor_rows,551,560,0.1524726625234267,0.9839285714285714
DES_RHO,0,6,10.1016/j.molliq.2016.02.062,59,explore_offset_q_aware,552,560,0.1524726625234267,0.9857142857142858
DES_RHO,0,6,10.1016/j.molliq.2016.02.062,59,naive,56,59,0.0282852316382227,0.9491525423728814
DES_RHO,0,6,10.1016/j.molliq.2017.09.091,117,anchor,1080,1140,0.1831745314720175,0.9473684210526315
DES_RHO,0,6,10.1016/j.molliq.2017.09.091,117,aware,59,117,0.1524726625234267,0.5042735042735043
DES_RHO,0,6,10.1016/j.molliq.2017.09.091,117,aware_on_anchor_rows,574,1140,0.1524726625234267,0.5035087719298246
DES_RHO,0,6,10.1016/j.molliq.2017.09.091,117,explore_offset_q_aware,997,1140,0.1524726625234267,0.874561403508772
DES_RHO,0,6,10.1016/j.molliq.2017.09.091,117,naive,13,117,0.0282852316382227,0.1111111111111111
DES_RHO,0,6,10.1016/j.molliq.2018.12.096,4,aware,4,4,0.1524726625234267,1.0
DES_RHO,0,6,10.1016/j.molliq.2018.12.096,4,naive,4,4,0.0282852316382227,1.0
DES_RHO,0,6,10.1021/acs.energyfuels.6b00471,5,aware,3,5,0.1524726625234267,0.6
DES_RHO,0,6,10.1021/acs.energyfuels.6b00471,5,naive,2,5,0.0282852316382227,0.4
DES_RHO,0,6,10.1021/acssuschemeng.8b04843,16,anchor,130,130,0.1831745314720175,1.0
DES_RHO,0,6,10.1021/acssuschemeng.8b04843,16,aware,4,16,0.1524726625234267,0.25
DES_RHO,0,6,10.1021/acssuschemeng.8b04843,16,aware_on_anchor_rows,30,130,0.1524726625234267,0.23076923076923078
DES_RHO,0,6,10.1021/acssuschemeng.8b04843,16,explore_offset_q_aware,130,130,0.1524726625234267,1.0
DES_RHO,0,6,10.1021/acssuschemeng.8b04843,16,naive,0,16,0.0282852316382227,0.0
DES_RHO,0,6,10.1021/acssuschemeng.9b03245,21,anchor,180,180,0.1831745314720175,1.0
DES_RHO,0,6,10.1021/acssuschemeng.9b03245,21,aware,0,21,0.1524726625234267,0.0
DES_RHO,0,6,10.1021/acssuschemeng.9b03245,21,aware_on_anchor_rows,0,180,0.1524726625234267,0.0
DES_RHO,0,6,10.1021/acssuschemeng.9b03245,21,explore_offset_q_aware,180,180,0.1524726625234267,1.0
DES_RHO,0,6,10.1021/acssuschemeng.9b03245,21,naive,0,21,0.0282852316382227,0.0
DES_RHO,0,6,10.1021/je100104v,14,anchor,110,110,0.1831745314720175,1.0
DES_RHO,0,6,10.1021/je100104v,14,aware,14,14,0.1524726625234267,1.0
DES_RHO,0,6,10.1021/je100104v,14,aware_on_anchor_rows,110,110,0.1524726625234267,1.0
DES_RHO,0,6,10.1021/je100104v,14,explore_offset_q_aware,110,110,0.1524726625234267,1.0
DES_RHO,0,6,10.1021/je100104v,14,naive,14,14,0.0282852316382227,1.0
DES_RHO,0,6,10.1021/je5002126,70,anchor,488,670,0.1831745314720175,0.7283582089552239
DES_RHO,0,6,10.1021/je5002126,70,aware,50,70,0.1524726625234267,0.7142857142857143
DES_RHO,0,6,10.1021/je5002126,70,aware_on_anchor_rows,475,670,0.1524726625234267,0.7089552238805971
DES_RHO,0,6,10.1021/je5002126,70,explore_offset_q_aware,456,670,0.1524726625234267,0.6805970149253732
DES_RHO,0,6,10.1021/je5002126,70,naive,0,70,0.0282852316382227,0.0
DES_RHO,0,6,10.1039/c5gc01451d,48,anchor,450,450,0.1831745314720175,1.0
DES_RHO,0,6,10.1039/c5gc01451d,48,aware,48,48,0.1524726625234267,1.0
DES_RHO,0,6,10.1039/c5gc01451d,48,aware_on_anchor_rows,450,450,0.1524726625234267,1.0
DES_RHO,0,6,10.1039/c5gc01451d,48,explore_offset_q_aware,449,450,0.1524726625234267,0.9977777777777778
DES_RHO,0,6,10.1039/c5gc01451d,48,naive,12,48,0.0282852316382227,0.25
DES_RHO,0,7,10.1016/j.cep.2015.04.001,14,anchor,101,110,0.1759792285987995,0.9181818181818182
DES_RHO,0,7,10.1016/j.cep.2015.04.001,14,aware,12,14,0.1766701235534666,0.8571428571428571
DES_RHO,0,7,10.1016/j.cep.2015.04.001,14,aware_on_anchor_rows,95,110,0.1766701235534666,0.8636363636363636
DES_RHO,0,7,10.1016/j.cep.2015.04.001,14,explore_offset_q_aware,101,110,0.1766701235534666,0.9181818181818182
DES_RHO,0,7,10.1016/j.cep.2015.04.001,14,naive,4,14,0.0301868108081639,0.2857142857142857
DES_RHO,0,7,10.1016/j.jcis.2017.01.109,3,aware,2,3,0.1766701235534666,0.6666666666666666
DES_RHO,0,7,10.1016/j.jcis.2017.01.109,3,naive,2,3,0.0301868108081639,0.6666666666666666
DES_RHO,0,7,10.1016/j.jcou.2022.102217,112,anchor,618,1090,0.1759792285987995,0.5669724770642202
DES_RHO,0,7,10.1016/j.jcou.2022.102217,112,aware,81,112,0.1766701235534666,0.7232142857142857
DES_RHO,0,7,10.1016/j.jcou.2022.102217,112,aware_on_anchor_rows,787,1090,0.1766701235534666,0.7220183486238532
DES_RHO,0,7,10.1016/j.jcou.2022.102217,112,explore_offset_q_aware,619,1090,0.1766701235534666,0.5678899082568807
DES_RHO,0,7,10.1016/j.jcou.2022.102217,112,naive,18,112,0.0301868108081639,0.16071428571428573
DES_RHO,0,7,10.1016/j.jct.2016.08.015,3,aware,3,3,0.1766701235534666,1.0
DES_RHO,0,7,10.1016/j.jct.2016.08.015,3,naive,2,3,0.0301868108081639,0.6666666666666666
DES_RHO,0,7,10.1016/j.jct.2018.10.003,25,anchor,220,220,0.1759792285987995,1.0
DES_RHO,0,7,10.1016/j.jct.2018.10.003,25,aware,25,25,0.1766701235534666,1.0
DES_RHO,0,7,10.1016/j.jct.2018.10.003,25,aware_on_anchor_rows,220,220,0.1766701235534666,1.0
DES_RHO,0,7,10.1016/j.jct.2018.10.003,25,explore_offset_q_aware,220,220,0.1766701235534666,1.0
DES_RHO,0,7,10.1016/j.jct.2018.10.003,25,naive,5,25,0.0301868108081639,0.2
DES_RHO,0,7,10.1016/j.jobe.2021.103056,9,anchor,43,60,0.1759792285987995,0.7166666666666667
DES_RHO,0,7,10.1016/j.jobe.2021.103056,9,aware,7,9,0.1766701235534666,0.7777777777777778
DES_RHO,0,7,10.1016/j.jobe.2021.103056,9,aware_on_anchor_rows,46,60,0.1766701235534666,0.7666666666666667
DES_RHO,0,7,10.1016/j.jobe.2021.103056,9,explore_offset_q_aware,43,60,0.1766701235534666,0.7166666666666667
DES_RHO,0,7,10.1016/j.jobe.2021.103056,9,naive,4,9,0.0301868108081639,0.4444444444444444
DES_RHO,0,7,10.1016/j.jtice.2015.12.020,54,anchor,510,510,0.1759792285987995,1.0
DES_RHO,0,7,10.1016/j.jtice.2015.12.020,54,aware,54,54,0.1766701235534666,1.0
DES_RHO,0,7,10.1016/j.jtice.2015.12.020,54,aware_on_anchor_rows,510,510,0.1766701235534666,1.0
DES_RHO,0,7,10.1016/j.jtice.2015.12.020,54,explore_offset_q_aware,510,510,0.1766701235534666,1.0
DES_RHO,0,7,10.1016/j.jtice.2015.12.020,54,naive,44,54,0.0301868108081639,0.8148148148148148
DES_RHO,0,7,10.1016/j.molliq.2016.07.039,77,anchor,430,740,0.1759792285987995,0.581081081081081
DES_RHO,0,7,10.1016/j.molliq.2016.07.039,77,aware,68,77,0.1766701235534666,0.8831168831168831
DES_RHO,0,7,10.1016/j.molliq.2016.07.039,77,aware_on_anchor_rows,654,740,0.1766701235534666,0.8837837837837837
DES_RHO,0,7,10.1016/j.molliq.2016.07.039,77,explore_offset_q_aware,430,740,0.1766701235534666,0.581081081081081
DES_RHO,0,7,10.1016/j.molliq.2016.07.039,77,naive,42,77,0.0301868108081639,0.5454545454545454
DES_RHO,0,7,10.1016/j.molliq.2020.113127,36,anchor,330,330,0.1759792285987995,1.0
DES_RHO,0,7,10.1016/j.molliq.2020.113127,36,aware,36,36,0.1766701235534666,1.0
DES_RHO,0,7,10.1016/j.molliq.2020.113127,36,aware_on_anchor_rows,330,330,0.1766701235534666,1.0
DES_RHO,0,7,10.1016/j.molliq.2020.113127,36,explore_offset_q_aware,330,330,0.1766701235534666,1.0
DES_RHO,0,7,10.1016/j.molliq.2020.113127,36,naive,19,36,0.0301868108081639,0.5277777777777778
DES_RHO,0,7,10.1016/j.molliq.2022.120266,52,anchor,490,490,0.1759792285987995,1.0
DES_RHO,0,7,10.1016/j.molliq.2022.120266,52,aware,52,52,0.1766701235534666,1.0
DES_RHO,0,7,10.1016/j.molliq.2022.120266,52,aware_on_anchor_rows,490,490,0.1766701235534666,1.0
DES_RHO,0,7,10.1016/j.molliq.2022.120266,52,explore_offset_q_aware,490,490,0.1766701235534666,1.0
DES_RHO,0,7,10.1016/j.molliq.2022.120266,52,naive,46,52,0.0301868108081639,0.8846153846153846
DES_RHO,0,7,10.1021/acs.iecr.7b02478,28,anchor,250,250,0.1759792285987995,1.0
DES_RHO,0,7,10.1021/acs.iecr.7b02478,28,aware,28,28,0.1766701235534666,1.0
DES_RHO,0,7,10.1021/acs.iecr.7b02478,28,aware_on_anchor_rows,250,250,0.1766701235534666,1.0
DES_RHO,0,7,10.1021/acs.iecr.7b02478,28,explore_offset_q_aware,250,250,0.1766701235534666,1.0
DES_RHO,0,7,10.1021/acs.iecr.7b02478,28,naive,28,28,0.0301868108081639,1.0
DES_RHO,0,7,10.1021/acs.jced.6b00486,18,anchor,144,150,0.1759792285987995,0.96
DES_RHO,0,7,10.1021/acs.jced.6b00486,18,aware,12,18,0.1766701235534666,0.6666666666666666
DES_RHO,0,7,10.1021/acs.jced.6b00486,18,aware_on_anchor_rows,99,150,0.1766701235534666,0.66
DES_RHO,0,7,10.1021/acs.jced.6b00486,18,explore_offset_q_aware,145,150,0.1766701235534666,0.9666666666666667
DES_RHO,0,7,10.1021/acs.jced.6b00486,18,naive,8,18,0.0301868108081639,0.4444444444444444
DES_RHO,0,7,10.1021/acssuschemeng.9b02845,21,anchor,180,180,0.1759792285987995,1.0
DES_RHO,0,7,10.1021/acssuschemeng.9b02845,21,aware,21,21,0.1766701235534666,1.0
DES_RHO,0,7,10.1021/acssuschemeng.9b02845,21,aware_on_anchor_rows,180,180,0.1766701235534666,1.0
DES_RHO,0,7,10.1021/acssuschemeng.9b02845,21,explore_offset_q_aware,180,180,0.1766701235534666,1.0
DES_RHO,0,7,10.1021/acssuschemeng.9b02845,21,naive,20,21,0.0301868108081639,0.9523809523809523
DES_RHO,0,7,10.1021/je500320c,6,aware,6,6,0.1766701235534666,1.0
DES_RHO,0,7,10.1021/je500320c,6,naive,6,6,0.0301868108081639,1.0
DES_RHO,0,7,10.1021/jp0671998,12,anchor,90,90,0.1759792285987995,1.0
DES_RHO,0,7,10.1021/jp0671998,12,aware,12,12,0.1766701235534666,1.0
DES_RHO,0,7,10.1021/jp0671998,12,aware_on_anchor_rows,90,90,0.1766701235534666,1.0
DES_RHO,0,7,10.1021/jp0671998,12,explore_offset_q_aware,90,90,0.1766701235534666,1.0
DES_RHO,0,7,10.1021/jp0671998,12,naive,12,12,0.0301868108081639,1.0
DES_RHO,0,7,10.13140/rg.2.2.13424.10245,5,aware,4,5,0.1766701235534666,0.8
DES_RHO,0,7,10.13140/rg.2.2.13424.10245,5,naive,2,5,0.0301868108081639,0.4
DES_RHO,0,8,10.1016/j.ctta.2022.100088,5,aware,0,5,0.1792617121742532,0.0
DES_RHO,0,8,10.1016/j.ctta.2022.100088,5,naive,0,5,0.0271730872059658,0.0
DES_RHO,0,8,10.1016/j.jct.2019.105883,15,anchor,114,120,0.1635860223490354,0.95
DES_RHO,0,8,10.1016/j.jct.2019.105883,15,aware,14,15,0.1792617121742532,0.9333333333333333
DES_RHO,0,8,10.1016/j.jct.2019.105883,15,aware_on_anchor_rows,113,120,0.1792617121742532,0.9416666666666667
DES_RHO,0,8,10.1016/j.jct.2019.105883,15,explore_offset_q_aware,116,120,0.1792617121742532,0.9666666666666667
DES_RHO,0,8,10.1016/j.jct.2019.105883,15,naive,9,15,0.0271730872059658,0.6
DES_RHO,0,8,10.1016/j.jct.2021.106713,77,anchor,740,740,0.1635860223490354,1.0
DES_RHO,0,8,10.1016/j.jct.2021.106713,77,aware,77,77,0.1792617121742532,1.0
DES_RHO,0,8,10.1016/j.jct.2021.106713,77,aware_on_anchor_rows,740,740,0.1792617121742532,1.0
DES_RHO,0,8,10.1016/j.jct.2021.106713,77,explore_offset_q_aware,740,740,0.1792617121742532,1.0
DES_RHO,0,8,10.1016/j.jct.2021.106713,77,naive,52,77,0.0271730872059658,0.6753246753246753
DES_RHO,0,8,10.1016/j.molliq.2016.10.115,12,anchor,90,90,0.1635860223490354,1.0
DES_RHO,0,8,10.1016/j.molliq.2016.10.115,12,aware,12,12,0.1792617121742532,1.0
DES_RHO,0,8,10.1016/j.molliq.2016.10.115,12,aware_on_anchor_rows,90,90,0.1792617121742532,1.0
DES_RHO,0,8,10.1016/j.molliq.2016.10.115,12,explore_offset_q_aware,90,90,0.1792617121742532,1.0
DES_RHO,0,8,10.1016/j.molliq.2016.10.115,12,naive,10,12,0.0271730872059658,0.8333333333333334
DES_RHO,0,8,10.1016/j.molliq.2017.04.052,39,anchor,262,360,0.1635860223490354,0.7277777777777777
DES_RHO,0,8,10.1016/j.molliq.2017.04.052,39,aware,36,39,0.1792617121742532,0.9230769230769231
DES_RHO,0,8,10.1016/j.molliq.2017.04.052,39,aware_on_anchor_rows,332,360,0.1792617121742532,0.9222222222222223
DES_RHO,0,8,10.1016/j.molliq.2017.04.052,39,explore_offset_q_aware,274,360,0.1792617121742532,0.7611111111111111
DES_RHO,0,8,10.1016/j.molliq.2017.04.052,39,naive,21,39,0.0271730872059658,0.5384615384615384
DES_RHO,0,8,10.1016/j.molliq.2018.02.085,63,anchor,590,600,0.1635860223490354,0.9833333333333333
DES_RHO,0,8,10.1016/j.molliq.2018.02.085,63,aware,62,63,0.1792617121742532,0.9841269841269841
DES_RHO,0,8,10.1016/j.molliq.2018.02.085,63,aware_on_anchor_rows,590,600,0.1792617121742532,0.9833333333333333
DES_RHO,0,8,10.1016/j.molliq.2018.02.085,63,explore_offset_q_aware,590,600,0.1792617121742532,0.9833333333333333
DES_RHO,0,8,10.1016/j.molliq.2018.02.085,63,naive,56,63,0.0271730872059658,0.8888888888888888
DES_RHO,0,8,10.1016/j.molliq.2020.112644,18,anchor,150,150,0.1635860223490354,1.0
DES_RHO,0,8,10.1016/j.molliq.2020.112644,18,aware,18,18,0.1792617121742532,1.0
DES_RHO,0,8,10.1016/j.molliq.2020.112644,18,aware_on_anchor_rows,150,150,0.1792617121742532,1.0
DES_RHO,0,8,10.1016/j.molliq.2020.112644,18,explore_offset_q_aware,150,150,0.1792617121742532,1.0
DES_RHO,0,8,10.1016/j.molliq.2020.112644,18,naive,2,18,0.0271730872059658,0.1111111111111111
DES_RHO,0,8,10.1016/j.molliq.2022.119396,90,anchor,436,870,0.1635860223490354,0.5011494252873563
DES_RHO,0,8,10.1016/j.molliq.2022.119396,90,aware,54,90,0.1792617121742532,0.6
DES_RHO,0,8,10.1016/j.molliq.2022.119396,90,aware_on_anchor_rows,518,870,0.1792617121742532,0.5954022988505747
DES_RHO,0,8,10.1016/j.molliq.2022.119396,90,explore_offset_q_aware,469,870,0.1792617121742532,0.539080459770115
DES_RHO,0,8,10.1016/j.molliq.2022.119396,90,naive,18,90,0.0271730872059658,0.2
DES_RHO,0,8,10.1016/j.seppur.2020.117211,3,aware,3,3,0.1792617121742532,1.0
DES_RHO,0,8,10.1016/j.seppur.2020.117211,3,naive,1,3,0.0271730872059658,0.3333333333333333
DES_RHO,0,8,10.1016/j.talanta.2022.123373,8,anchor,47,50,0.1635860223490354,0.94
DES_RHO,0,8,10.1016/j.talanta.2022.123373,8,aware,8,8,0.1792617121742532,1.0
DES_RHO,0,8,10.1016/j.talanta.2022.123373,8,aware_on_anchor_rows,50,50,0.1792617121742532,1.0
DES_RHO,0,8,10.1016/j.talanta.2022.123373,8,explore_offset_q_aware,48,50,0.1792617121742532,0.96
DES_RHO,0,8,10.1016/j.talanta.2022.123373,8,naive,2,8,0.0271730872059658,0.25
DES_RHO,0,8,10.1021/acs.iecr.5b02611,22,anchor,190,190,0.1635860223490354,1.0
DES_RHO,0,8,10.1021/acs.iecr.5b02611,22,aware,22,22,0.1792617121742532,1.0
DES_RHO,0,8,10.1021/acs.iecr.5b02611,22,aware_on_anchor_rows,190,190,0.1792617121742532,1.0
DES_RHO,0,8,10.1021/acs.iecr.5b02611,22,explore_offset_q_aware,190,190,0.1792617121742532,1.0
DES_RHO,0,8,10.1021/acs.iecr.5b02611,22,naive,0,22,0.0271730872059658,0.0
DES_RHO,0,8,10.1021/acssuschemeng.0c04215,7,aware,6,7,0.1792617121742532,0.8571428571428571
DES_RHO,0,8,10.1021/acssuschemeng.0c04215,7,naive,1,7,0.0271730872059658,0.14285714285714285
DES_RHO,0,8,10.1021/acssuschemeng.5b00532,52,anchor,443,490,0.1635860223490354,0.9040816326530612
DES_RHO,0,8,10.1021/acssuschemeng.5b00532,52,aware,46,52,0.1792617121742532,0.8846153846153846
DES_RHO,0,8,10.1021/acssuschemeng.5b00532,52,aware_on_anchor_rows,432,490,0.1792617121742532,0.8816326530612245
DES_RHO,0,8,10.1021/acssuschemeng.5b00532,52,explore_offset_q_aware,464,490,0.1792617121742532,0.9469387755102041
DES_RHO,0,8,10.1021/acssuschemeng.5b00532,52,naive,36,52,0.0271730872059658,0.6923076923076923
DES_RHO,0,8,10.1021/acssuschemeng.8b05072,26,anchor,222,230,0.1635860223490354,0.9652173913043478
DES_RHO,0,8,10.1021/acssuschemeng.8b05072,26,aware,26,26,0.1792617121742532,1.0
DES_RHO,0,8,10.1021/acssuschemeng.8b05072,26,aware_on_anchor_rows,230,230,0.1792617121742532,1.0
DES_RHO,0,8,10.1021/acssuschemeng.8b05072,26,explore_offset_q_aware,226,230,0.1792617121742532,0.9826086956521739
DES_RHO,0,8,10.1021/acssuschemeng.8b05072,26,naive,11,26,0.0271730872059658,0.4230769230769231
DES_RHO,0,8,10.1021/acssuschemeng.9b00044,3,aware,3,3,0.1792617121742532,1.0
DES_RHO,0,8,10.1021/acssuschemeng.9b00044,3,naive,2,3,0.0271730872059658,0.6666666666666666
DES_RHO,0,8,10.1039/c4ra10628h,35,anchor,319,320,0.1635860223490354,0.996875
DES_RHO,0,8,10.1039/c4ra10628h,35,aware,35,35,0.1792617121742532,1.0
DES_RHO,0,8,10.1039/c4ra10628h,35,aware_on_anchor_rows,320,320,0.1792617121742532,1.0
DES_RHO,0,8,10.1039/c4ra10628h,35,explore_offset_q_aware,320,320,0.1792617121742532,1.0
DES_RHO,0,8,10.1039/c4ra10628h,35,naive,20,35,0.0271730872059658,0.5714285714285714
DES_RHO,0,9,10.1016/j.fluid.2017.03.008,84,anchor,810,810,0.1869133321321825,1.0
DES_RHO,0,9,10.1016/j.fluid.2017.03.008,84,aware,84,84,0.1737201924636839,1.0
DES_RHO,0,9,10.1016/j.fluid.2017.03.008,84,aware_on_anchor_rows,810,810,0.1737201924636839,1.0
DES_RHO,0,9,10.1016/j.fluid.2017.03.008,84,explore_offset_q_aware,810,810,0.1737201924636839,1.0
DES_RHO,0,9,10.1016/j.fluid.2017.03.008,84,naive,67,84,0.0302974961260467,0.7976190476190477
DES_RHO,0,9,10.1016/j.fluid.2018.05.008,5,aware,5,5,0.1737201924636839,1.0
DES_RHO,0,9,10.1016/j.fluid.2018.05.008,5,naive,4,5,0.0302974961260467,0.8
DES_RHO,0,9,10.1016/j.fluid.2019.02.010,64,anchor,610,610,0.1869133321321825,1.0
DES_RHO,0,9,10.1016/j.fluid.2019.02.010,64,aware,64,64,0.1737201924636839,1.0
DES_RHO,0,9,10.1016/j.fluid.2019.02.010,64,aware_on_anchor_rows,610,610,0.1737201924636839,1.0
DES_RHO,0,9,10.1016/j.fluid.2019.02.010,64,explore_offset_q_aware,610,610,0.1737201924636839,1.0
DES_RHO,0,9,10.1016/j.fluid.2019.02.010,64,naive,62,64,0.0302974961260467,0.96875
DES_RHO,0,9,10.1016/j.fluid.2022.113462,14,anchor,110,110,0.1869133321321825,1.0
DES_RHO,0,9,10.1016/j.fluid.2022.113462,14,aware,14,14,0.1737201924636839,1.0
DES_RHO,0,9,10.1016/j.fluid.2022.113462,14,aware_on_anchor_rows,110,110,0.1737201924636839,1.0
DES_RHO,0,9,10.1016/j.fluid.2022.113462,14,explore_offset_q_aware,110,110,0.1737201924636839,1.0
DES_RHO,0,9,10.1016/j.fluid.2022.113462,14,naive,13,14,0.0302974961260467,0.9285714285714286
DES_RHO,0,9,10.1016/j.foodchem.2022.133379,7,aware,6,7,0.1737201924636839,0.8571428571428571
DES_RHO,0,9,10.1016/j.foodchem.2022.133379,7,naive,5,7,0.0302974961260467,0.7142857142857143
DES_RHO,0,9,10.1016/j.foodchem.2022.134054,38,anchor,334,350,0.1869133321321825,0.9542857142857143
DES_RHO,0,9,10.1016/j.foodchem.2022.134054,38,aware,36,38,0.1737201924636839,0.9473684210526315
DES_RHO,0,9,10.1016/j.foodchem.2022.134054,38,aware_on_anchor_rows,331,350,0.1737201924636839,0.9457142857142857
DES_RHO,0,9,10.1016/j.foodchem.2022.134054,38,explore_offset_q_aware,331,350,0.1737201924636839,0.9457142857142857
DES_RHO,0,9,10.1016/j.foodchem.2022.134054,38,naive,34,38,0.0302974961260467,0.8947368421052632
DES_RHO,0,9,10.1016/j.jclepro.2022.133589,3,aware,3,3,0.1737201924636839,1.0
DES_RHO,0,9,10.1016/j.jclepro.2022.133589,3,naive,3,3,0.0302974961260467,1.0
DES_RHO,0,9,10.1016/j.jct.2020.106051,12,anchor,90,90,0.1869133321321825,1.0
DES_RHO,0,9,10.1016/j.jct.2020.106051,12,aware,12,12,0.1737201924636839,1.0
DES_RHO,0,9,10.1016/j.jct.2020.106051,12,aware_on_anchor_rows,90,90,0.1737201924636839,1.0
DES_RHO,0,9,10.1016/j.jct.2020.106051,12,explore_offset_q_aware,90,90,0.1737201924636839,1.0
DES_RHO,0,9,10.1016/j.jct.2020.106051,12,naive,12,12,0.0302974961260467,1.0
DES_RHO,0,9,10.1016/j.jhazmat.2021.127972,27,anchor,240,240,0.1869133321321825,1.0
DES_RHO,0,9,10.1016/j.jhazmat.2021.127972,27,aware,27,27,0.1737201924636839,1.0
DES_RHO,0,9,10.1016/j.jhazmat.2021.127972,27,aware_on_anchor_rows,240,240,0.1737201924636839,1.0
DES_RHO,0,9,10.1016/j.jhazmat.2021.127972,27,explore_offset_q_aware,240,240,0.1737201924636839,1.0
DES_RHO,0,9,10.1016/j.jhazmat.2021.127972,27,naive,18,27,0.0302974961260467,0.6666666666666666
DES_RHO,0,9,10.1016/j.microc.2022.107372,34,anchor,293,310,0.1869133321321825,0.9451612903225807
DES_RHO,0,9,10.1016/j.microc.2022.107372,34,aware,32,34,0.1737201924636839,0.9411764705882353
DES_RHO,0,9,10.1016/j.microc.2022.107372,34,aware_on_anchor_rows,290,310,0.1737201924636839,0.9354838709677419
DES_RHO,0,9,10.1016/j.microc.2022.107372,34,explore_offset_q_aware,291,310,0.1737201924636839,0.9387096774193548
DES_RHO,0,9,10.1016/j.microc.2022.107372,34,naive,16,34,0.0302974961260467,0.47058823529411764
DES_RHO,0,9,10.1016/j.molliq.2020.113110,81,anchor,682,780,0.1869133321321825,0.8743589743589744
DES_RHO,0,9,10.1016/j.molliq.2020.113110,81,aware,46,81,0.1737201924636839,0.5679012345679012
DES_RHO,0,9,10.1016/j.molliq.2020.113110,81,aware_on_anchor_rows,444,780,0.1737201924636839,0.5692307692307692
DES_RHO,0,9,10.1016/j.molliq.2020.113110,81,explore_offset_q_aware,641,780,0.1737201924636839,0.8217948717948718
DES_RHO,0,9,10.1016/j.molliq.2020.113110,81,naive,9,81,0.0302974961260467,0.1111111111111111
DES_RHO,0,9,10.1016/j.molliq.2021.118393,54,anchor,488,510,0.1869133321321825,0.9568627450980393
DES_RHO,0,9,10.1016/j.molliq.2021.118393,54,aware,54,54,0.1737201924636839,1.0
DES_RHO,0,9,10.1016/j.molliq.2021.118393,54,aware_on_anchor_rows,510,510,0.1737201924636839,1.0
DES_RHO,0,9,10.1016/j.molliq.2021.118393,54,explore_offset_q_aware,471,510,0.1737201924636839,0.9235294117647059
DES_RHO,0,9,10.1016/j.molliq.2021.118393,54,naive,8,54,0.0302974961260467,0.14814814814814814
DES_RHO,0,9,10.1016/j.molliq.2022.120056,9,anchor,60,60,0.1869133321321825,1.0
DES_RHO,0,9,10.1016/j.molliq.2022.120056,9,aware,9,9,0.1737201924636839,1.0
DES_RHO,0,9,10.1016/j.molliq.2022.120056,9,aware_on_anchor_rows,60,60,0.1737201924636839,1.0
DES_RHO,0,9,10.1016/j.molliq.2022.120056,9,explore_offset_q_aware,60,60,0.1737201924636839,1.0
DES_RHO,0,9,10.1016/j.molliq.2022.120056,9,naive,1,9,0.0302974961260467,0.1111111111111111
DES_RHO,0,9,10.1016/j.tca.2014.11.028,18,anchor,150,150,0.1869133321321825,1.0
DES_RHO,0,9,10.1016/j.tca.2014.11.028,18,aware,18,18,0.1737201924636839,1.0
DES_RHO,0,9,10.1016/j.tca.2014.11.028,18,aware_on_anchor_rows,150,150,0.1737201924636839,1.0
DES_RHO,0,9,10.1016/j.tca.2014.11.028,18,explore_offset_q_aware,150,150,0.1737201924636839,1.0
DES_RHO,0,9,10.1016/j.tca.2014.11.028,18,naive,17,18,0.0302974961260467,0.9444444444444444
DES_RHO,0,9,10.1021/acs.jpcb.0c03876,3,aware,3,3,0.1737201924636839,1.0
DES_RHO,0,9,10.1021/acs.jpcb.0c03876,3,naive,2,3,0.0302974961260467,0.6666666666666666
DES_RHO,0,9,10.3866/pku.whxb201506111,22,anchor,184,190,0.1869133321321825,0.968421052631579
DES_RHO,0,9,10.3866/pku.whxb201506111,22,aware,11,22,0.1737201924636839,0.5
DES_RHO,0,9,10.3866/pku.whxb201506111,22,aware_on_anchor_rows,100,190,0.1737201924636839,0.5263157894736842
DES_RHO,0,9,10.3866/pku.whxb201506111,22,explore_offset_q_aware,163,190,0.1737201924636839,0.8578947368421053
DES_RHO,0,9,10.3866/pku.whxb201506111,22,naive,11,22,0.0302974961260467,0.5
DES_RHO,1,0,10.1002/aic.18095,2667,anchor,22529,26640,0.1748063640337991,0.8456831831831831
DES_RHO,1,0,10.1002/aic.18095,2667,aware,2443,2667,0.2160600972353155,0.916010498687664
DES_RHO,1,0,10.1002/aic.18095,2667,aware_on_anchor_rows,24401,26640,0.2160600972353155,0.9159534534534535
DES_RHO,1,0,10.1002/aic.18095,2667,explore_offset_q_aware,24109,26640,0.2160600972353155,0.9049924924924925
DES_RHO,1,0,10.1002/aic.18095,2667,naive,1221,2667,0.0481187196510237,0.4578177727784027
DES_RHO,1,1,10.1016/j.fluid.2014.01.028,7,aware,7,7,0.1831066257217179,1.0
DES_RHO,1,1,10.1016/j.fluid.2014.01.028,7,naive,7,7,0.0299058210451264,1.0
DES_RHO,1,1,10.1016/j.jhazmat.2022.129835,6,aware,6,6,0.1831066257217179,1.0
DES_RHO,1,1,10.1016/j.jhazmat.2022.129835,6,naive,4,6,0.0299058210451264,0.6666666666666666
DES_RHO,1,1,10.1016/j.molliq.2020.112644,18,anchor,150,150,0.193578194170087,1.0
DES_RHO,1,1,10.1016/j.molliq.2020.112644,18,aware,18,18,0.1831066257217179,1.0
DES_RHO,1,1,10.1016/j.molliq.2020.112644,18,aware_on_anchor_rows,150,150,0.1831066257217179,1.0
DES_RHO,1,1,10.1016/j.molliq.2020.112644,18,explore_offset_q_aware,150,150,0.1831066257217179,1.0
DES_RHO,1,1,10.1016/j.molliq.2020.112644,18,naive,8,18,0.0299058210451264,0.4444444444444444
DES_RHO,1,1,10.1016/j.molliq.2022.119560,27,anchor,240,240,0.193578194170087,1.0
DES_RHO,1,1,10.1016/j.molliq.2022.119560,27,aware,26,27,0.1831066257217179,0.9629629629629629
DES_RHO,1,1,10.1016/j.molliq.2022.119560,27,aware_on_anchor_rows,231,240,0.1831066257217179,0.9625
DES_RHO,1,1,10.1016/j.molliq.2022.119560,27,explore_offset_q_aware,240,240,0.1831066257217179,1.0
DES_RHO,1,1,10.1016/j.molliq.2022.119560,27,naive,16,27,0.0299058210451264,0.5925925925925926
DES_RHO,1,1,10.1016/j.molliq.2022.120056,9,anchor,60,60,0.193578194170087,1.0
DES_RHO,1,1,10.1016/j.molliq.2022.120056,9,aware,9,9,0.1831066257217179,1.0
DES_RHO,1,1,10.1016/j.molliq.2022.120056,9,aware_on_anchor_rows,60,60,0.1831066257217179,1.0
DES_RHO,1,1,10.1016/j.molliq.2022.120056,9,explore_offset_q_aware,60,60,0.1831066257217179,1.0
DES_RHO,1,1,10.1016/j.molliq.2022.120056,9,naive,3,9,0.0299058210451264,0.3333333333333333
DES_RHO,1,1,10.1016/j.molliq.2022.120420,351,anchor,3480,3480,0.193578194170087,1.0
DES_RHO,1,1,10.1016/j.molliq.2022.120420,351,aware,351,351,0.1831066257217179,1.0
DES_RHO,1,1,10.1016/j.molliq.2022.120420,351,aware_on_anchor_rows,3480,3480,0.1831066257217179,1.0
DES_RHO,1,1,10.1016/j.molliq.2022.120420,351,explore_offset_q_aware,3480,3480,0.1831066257217179,1.0
DES_RHO,1,1,10.1016/j.molliq.2022.120420,351,naive,330,351,0.0299058210451264,0.9401709401709402
DES_RHO,1,1,10.1016/j.seppur.2020.116692,22,anchor,190,190,0.193578194170087,1.0
DES_RHO,1,1,10.1016/j.seppur.2020.116692,22,aware,22,22,0.1831066257217179,1.0
DES_RHO,1,1,10.1016/j.seppur.2020.116692,22,aware_on_anchor_rows,190,190,0.1831066257217179,1.0
DES_RHO,1,1,10.1016/j.seppur.2020.116692,22,explore_offset_q_aware,190,190,0.1831066257217179,1.0
DES_RHO,1,1,10.1016/j.seppur.2020.116692,22,naive,17,22,0.0299058210451264,0.7727272727272727
DES_RHO,1,1,10.1021/acs.energyfuels.6b00471,5,aware,3,5,0.1831066257217179,0.6
DES_RHO,1,1,10.1021/acs.energyfuels.6b00471,5,naive,2,5,0.0299058210451264,0.4
DES_RHO,1,1,10.1021/acssuschemeng.8b04843,16,anchor,130,130,0.193578194170087,1.0
DES_RHO,1,1,10.1021/acssuschemeng.8b04843,16,aware,10,16,0.1831066257217179,0.625
DES_RHO,1,1,10.1021/acssuschemeng.8b04843,16,aware_on_anchor_rows,81,130,0.1831066257217179,0.6230769230769231
DES_RHO,1,1,10.1021/acssuschemeng.8b04843,16,explore_offset_q_aware,130,130,0.1831066257217179,1.0
DES_RHO,1,1,10.1021/acssuschemeng.8b04843,16,naive,0,16,0.0299058210451264,0.0
DES_RHO,1,1,10.1039/c3ra40303c,13,anchor,100,100,0.193578194170087,1.0
DES_RHO,1,1,10.1039/c3ra40303c,13,aware,13,13,0.1831066257217179,1.0
DES_RHO,1,1,10.1039/c3ra40303c,13,aware_on_anchor_rows,100,100,0.1831066257217179,1.0
DES_RHO,1,1,10.1039/c3ra40303c,13,explore_offset_q_aware,100,100,0.1831066257217179,1.0
DES_RHO,1,1,10.1039/c3ra40303c,13,naive,13,13,0.0299058210451264,1.0
DES_RHO,1,2,10.1002/cphc.200500489,6,aware,6,6,0.1750539841122136,1.0
DES_RHO,1,2,10.1002/cphc.200500489,6,naive,5,6,0.0298880640438747,0.8333333333333334
DES_RHO,1,2,10.1016/j.cej.2020.125173,36,anchor,328,330,0.1802220810675802,0.9939393939393939
DES_RHO,1,2,10.1016/j.cej.2020.125173,36,aware,35,36,0.1750539841122136,0.9722222222222222
DES_RHO,1,2,10.1016/j.cej.2020.125173,36,aware_on_anchor_rows,321,330,0.1750539841122136,0.9727272727272728
DES_RHO,1,2,10.1016/j.cej.2020.125173,36,explore_offset_q_aware,326,330,0.1750539841122136,0.9878787878787879
DES_RHO,1,2,10.1016/j.cej.2020.125173,36,naive,15,36,0.0298880640438747,0.4166666666666667
DES_RHO,1,2,10.1016/j.chemosphere.2019.125082,20,anchor,170,170,0.1802220810675802,1.0
DES_RHO,1,2,10.1016/j.chemosphere.2019.125082,20,aware,20,20,0.1750539841122136,1.0
DES_RHO,1,2,10.1016/j.chemosphere.2019.125082,20,aware_on_anchor_rows,170,170,0.1750539841122136,1.0
DES_RHO,1,2,10.1016/j.chemosphere.2019.125082,20,explore_offset_q_aware,170,170,0.1750539841122136,1.0
DES_RHO,1,2,10.1016/j.chemosphere.2019.125082,20,naive,8,20,0.0298880640438747,0.4
DES_RHO,1,2,10.1016/j.jcis.2017.01.109,3,aware,2,3,0.1750539841122136,0.6666666666666666
DES_RHO,1,2,10.1016/j.jcis.2017.01.109,3,naive,1,3,0.0298880640438747,0.3333333333333333
DES_RHO,1,2,10.1016/j.jct.2019.105883,15,anchor,120,120,0.1802220810675802,1.0
DES_RHO,1,2,10.1016/j.jct.2019.105883,15,aware,14,15,0.1750539841122136,0.9333333333333333
DES_RHO,1,2,10.1016/j.jct.2019.105883,15,aware_on_anchor_rows,112,120,0.1750539841122136,0.9333333333333333
DES_RHO,1,2,10.1016/j.jct.2019.105883,15,explore_offset_q_aware,119,120,0.1750539841122136,0.9916666666666667
DES_RHO,1,2,10.1016/j.jct.2019.105883,15,naive,9,15,0.0298880640438747,0.6
DES_RHO,1,2,10.1016/j.jct.2021.106578,43,anchor,400,400,0.1802220810675802,1.0
DES_RHO,1,2,10.1016/j.jct.2021.106578,43,aware,43,43,0.1750539841122136,1.0
DES_RHO,1,2,10.1016/j.jct.2021.106578,43,aware_on_anchor_rows,400,400,0.1750539841122136,1.0
DES_RHO,1,2,10.1016/j.jct.2021.106578,43,explore_offset_q_aware,400,400,0.1750539841122136,1.0
DES_RHO,1,2,10.1016/j.jct.2021.106578,43,naive,35,43,0.0298880640438747,0.813953488372093
DES_RHO,1,2,10.1016/j.jobe.2021.103056,9,anchor,36,60,0.1802220810675802,0.6
DES_RHO,1,2,10.1016/j.jobe.2021.103056,9,aware,7,9,0.1750539841122136,0.7777777777777778
DES_RHO,1,2,10.1016/j.jobe.2021.103056,9,aware_on_anchor_rows,47,60,0.1750539841122136,0.7833333333333333
DES_RHO,1,2,10.1016/j.jobe.2021.103056,9,explore_offset_q_aware,36,60,0.1750539841122136,0.6
DES_RHO,1,2,10.1016/j.jobe.2021.103056,9,naive,4,9,0.0298880640438747,0.4444444444444444
DES_RHO,1,2,10.1016/j.tca.2011.10.010,268,anchor,2650,2650,0.1802220810675802,1.0
DES_RHO,1,2,10.1016/j.tca.2011.10.010,268,aware,268,268,0.1750539841122136,1.0
DES_RHO,1,2,10.1016/j.tca.2011.10.010,268,aware_on_anchor_rows,2650,2650,0.1750539841122136,1.0
DES_RHO,1,2,10.1016/j.tca.2011.10.010,268,explore_offset_q_aware,2650,2650,0.1750539841122136,1.0
DES_RHO,1,2,10.1016/j.tca.2011.10.010,268,naive,233,268,0.0298880640438747,0.8694029850746269
DES_RHO,1,2,10.1021/acssuschemeng.9b01102,28,anchor,237,250,0.1802220810675802,0.948
DES_RHO,1,2,10.1021/acssuschemeng.9b01102,28,aware,27,28,0.1750539841122136,0.9642857142857143
DES_RHO,1,2,10.1021/acssuschemeng.9b01102,28,aware_on_anchor_rows,241,250,0.1750539841122136,0.964
DES_RHO,1,2,10.1021/acssuschemeng.9b01102,28,explore_offset_q_aware,234,250,0.1750539841122136,0.936
DES_RHO,1,2,10.1021/acssuschemeng.9b01102,28,naive,9,28,0.0298880640438747,0.32142857142857145
DES_RHO,1,2,10.1021/je400884v,24,anchor,210,210,0.1802220810675802,1.0
DES_RHO,1,2,10.1021/je400884v,24,aware,24,24,0.1750539841122136,1.0
DES_RHO,1,2,10.1021/je400884v,24,aware_on_anchor_rows,210,210,0.1750539841122136,1.0
DES_RHO,1,2,10.1021/je400884v,24,explore_offset_q_aware,210,210,0.1750539841122136,1.0
DES_RHO,1,2,10.1021/je400884v,24,naive,23,24,0.0298880640438747,0.9583333333333334
DES_RHO,1,2,10.1021/jp0671998,12,anchor,90,90,0.1802220810675802,1.0
DES_RHO,1,2,10.1021/jp0671998,12,aware,12,12,0.1750539841122136,1.0
DES_RHO,1,2,10.1021/jp0671998,12,aware_on_anchor_rows,90,90,0.1750539841122136,1.0
DES_RHO,1,2,10.1021/jp0671998,12,explore_offset_q_aware,90,90,0.1750539841122136,1.0
DES_RHO,1,2,10.1021/jp0671998,12,naive,12,12,0.0298880640438747,1.0
DES_RHO,1,2,10.1039/c1cp22554e,4,aware,4,4,0.1750539841122136,1.0
DES_RHO,1,2,10.1039/c1cp22554e,4,naive,3,4,0.0298880640438747,0.75
DES_RHO,1,2,10.1039/c5gc03080c,8,anchor,50,50,0.1802220810675802,1.0
DES_RHO,1,2,10.1039/c5gc03080c,8,aware,8,8,0.1750539841122136,1.0
DES_RHO,1,2,10.1039/c5gc03080c,8,aware_on_anchor_rows,50,50,0.1750539841122136,1.0
DES_RHO,1,2,10.1039/c5gc03080c,8,explore_offset_q_aware,50,50,0.1750539841122136,1.0
DES_RHO,1,2,10.1039/c5gc03080c,8,naive,0,8,0.0298880640438747,0.0
DES_RHO,1,3,10.1016/j.fluid.2014.08.017,3,aware,3,3,0.1834315778988964,1.0
DES_RHO,1,3,10.1016/j.fluid.2014.08.017,3,naive,1,3,0.030456297405097,0.3333333333333333
DES_RHO,1,3,10.1016/j.ijggc.2016.02.006,8,anchor,50,50,0.1998959343121544,1.0
DES_RHO,1,3,10.1016/j.ijggc.2016.02.006,8,aware,8,8,0.1834315778988964,1.0
DES_RHO,1,3,10.1016/j.ijggc.2016.02.006,8,aware_on_anchor_rows,50,50,0.1834315778988964,1.0
DES_RHO,1,3,10.1016/j.ijggc.2016.02.006,8,explore_offset_q_aware,50,50,0.1834315778988964,1.0
DES_RHO,1,3,10.1016/j.ijggc.2016.02.006,8,naive,6,8,0.030456297405097,0.75
DES_RHO,1,3,10.1016/j.jct.2013.08.029,5,aware,5,5,0.1834315778988964,1.0
DES_RHO,1,3,10.1016/j.jct.2013.08.029,5,naive,5,5,0.030456297405097,1.0
DES_RHO,1,3,10.1016/j.jct.2018.10.003,25,anchor,220,220,0.1998959343121544,1.0
DES_RHO,1,3,10.1016/j.jct.2018.10.003,25,aware,25,25,0.1834315778988964,1.0
DES_RHO,1,3,10.1016/j.jct.2018.10.003,25,aware_on_anchor_rows,220,220,0.1834315778988964,1.0
DES_RHO,1,3,10.1016/j.jct.2018.10.003,25,explore_offset_q_aware,220,220,0.1834315778988964,1.0
DES_RHO,1,3,10.1016/j.jct.2018.10.003,25,naive,7,25,0.030456297405097,0.28
DES_RHO,1,3,10.1016/j.molliq.2017.05.084,45,anchor,420,420,0.1998959343121544,1.0
DES_RHO,1,3,10.1016/j.molliq.2017.05.084,45,aware,45,45,0.1834315778988964,1.0
DES_RHO,1,3,10.1016/j.molliq.2017.05.084,45,aware_on_anchor_rows,420,420,0.1834315778988964,1.0
DES_RHO,1,3,10.1016/j.molliq.2017.05.084,45,explore_offset_q_aware,420,420,0.1834315778988964,1.0
DES_RHO,1,3,10.1016/j.molliq.2017.05.084,45,naive,24,45,0.030456297405097,0.5333333333333333
DES_RHO,1,3,10.1016/j.molliq.2022.119392,11,anchor,80,80,0.1998959343121544,1.0
DES_RHO,1,3,10.1016/j.molliq.2022.119392,11,aware,11,11,0.1834315778988964,1.0
DES_RHO,1,3,10.1016/j.molliq.2022.119392,11,aware_on_anchor_rows,80,80,0.1834315778988964,1.0
DES_RHO,1,3,10.1016/j.molliq.2022.119392,11,explore_offset_q_aware,80,80,0.1834315778988964,1.0
DES_RHO,1,3,10.1016/j.molliq.2022.119392,11,naive,11,11,0.030456297405097,1.0
DES_RHO,1,3,10.1021/acssuschemeng.8b01203,187,anchor,1840,1840,0.1998959343121544,1.0
DES_RHO,1,3,10.1021/acssuschemeng.8b01203,187,aware,187,187,0.1834315778988964,1.0
DES_RHO,1,3,10.1021/acssuschemeng.8b01203,187,aware_on_anchor_rows,1840,1840,0.1834315778988964,1.0
DES_RHO,1,3,10.1021/acssuschemeng.8b01203,187,explore_offset_q_aware,1840,1840,0.1834315778988964,1.0
DES_RHO,1,3,10.1021/acssuschemeng.8b01203,187,naive,135,187,0.030456297405097,0.7219251336898396
DES_RHO,1,3,10.1021/acssuschemeng.8b03520,17,anchor,140,140,0.1998959343121544,1.0
DES_RHO,1,3,10.1021/acssuschemeng.8b03520,17,aware,17,17,0.1834315778988964,1.0
DES_RHO,1,3,10.1021/acssuschemeng.8b03520,17,aware_on_anchor_rows,140,140,0.1834315778988964,1.0
DES_RHO,1,3,10.1021/acssuschemeng.8b03520,17,explore_offset_q_aware,139,140,0.1834315778988964,0.9928571428571429
DES_RHO,1,3,10.1021/acssuschemeng.8b03520,17,naive,13,17,0.030456297405097,0.7647058823529411
DES_RHO,1,3,10.1021/acssuschemeng.8b05548,2,aware,1,2,0.1834315778988964,0.5
DES_RHO,1,3,10.1021/acssuschemeng.8b05548,2,naive,1,2,0.030456297405097,0.5
DES_RHO,1,3,10.1021/je100104v,14,anchor,110,110,0.1998959343121544,1.0
DES_RHO,1,3,10.1021/je100104v,14,aware,14,14,0.1834315778988964,1.0
DES_RHO,1,3,10.1021/je100104v,14,aware_on_anchor_rows,110,110,0.1834315778988964,1.0
DES_RHO,1,3,10.1021/je100104v,14,explore_offset_q_aware,110,110,0.1834315778988964,1.0
DES_RHO,1,3,10.1021/je100104v,14,naive,9,14,0.030456297405097,0.6428571428571429
DES_RHO,1,3,10.1021/je300997v,37,anchor,340,340,0.1998959343121544,1.0
DES_RHO,1,3,10.1021/je300997v,37,aware,37,37,0.1834315778988964,1.0
DES_RHO,1,3,10.1021/je300997v,37,aware_on_anchor_rows,340,340,0.1834315778988964,1.0
DES_RHO,1,3,10.1021/je300997v,37,explore_offset_q_aware,340,340,0.1834315778988964,1.0
DES_RHO,1,3,10.1021/je300997v,37,naive,35,37,0.030456297405097,0.9459459459459459
DES_RHO,1,3,10.1021/sc500439w,62,anchor,578,590,0.1998959343121544,0.9796610169491525
DES_RHO,1,3,10.1021/sc500439w,62,aware,61,62,0.1834315778988964,0.9838709677419355
DES_RHO,1,3,10.1021/sc500439w,62,aware_on_anchor_rows,580,590,0.1834315778988964,0.9830508474576272
DES_RHO,1,3,10.1021/sc500439w,62,explore_offset_q_aware,577,590,0.1834315778988964,0.9779661016949153
DES_RHO,1,3,10.1021/sc500439w,62,naive,49,62,0.030456297405097,0.7903225806451613
DES_RHO,1,3,10.1039/c6cc06105b,21,anchor,180,180,0.1998959343121544,1.0
DES_RHO,1,3,10.1039/c6cc06105b,21,aware,21,21,0.1834315778988964,1.0
DES_RHO,1,3,10.1039/c6cc06105b,21,aware_on_anchor_rows,180,180,0.1834315778988964,1.0
DES_RHO,1,3,10.1039/c6cc06105b,21,explore_offset_q_aware,180,180,0.1834315778988964,1.0
DES_RHO,1,3,10.1039/c6cc06105b,21,naive,19,21,0.030456297405097,0.9047619047619048
DES_RHO,1,3,10.3390/separations6010009,7,aware,7,7,0.1834315778988964,1.0
DES_RHO,1,3,10.3390/separations6010009,7,naive,6,7,0.030456297405097,0.8571428571428571
DES_RHO,1,3,api.semanticscholar.org/corpusid:92513446,31,anchor,270,280,0.1998959343121544,0.9642857142857143
DES_RHO,1,3,api.semanticscholar.org/corpusid:92513446,31,aware,30,31,0.1834315778988964,0.967741935483871
DES_RHO,1,3,api.semanticscholar.org/corpusid:92513446,31,aware_on_anchor_rows,270,280,0.1834315778988964,0.9642857142857143
DES_RHO,1,3,api.semanticscholar.org/corpusid:92513446,31,explore_offset_q_aware,270,280,0.1834315778988964,0.9642857142857143
DES_RHO,1,3,api.semanticscholar.org/corpusid:92513446,31,naive,30,31,0.030456297405097,0.967741935483871
DES_RHO,1,4,10.1016/j.biortech.2020.122897,6,aware,6,6,0.174247382484673,1.0
DES_RHO,1,4,10.1016/j.biortech.2020.122897,6,naive,4,6,0.0291140327672336,0.6666666666666666
DES_RHO,1,4,10.1016/j.cej.2018.10.077,9,anchor,52,60,0.1805096675793938,0.8666666666666667
DES_RHO,1,4,10.1016/j.cej.2018.10.077,9,aware,8,9,0.174247382484673,0.8888888888888888
DES_RHO,1,4,10.1016/j.cej.2018.10.077,9,aware_on_anchor_rows,52,60,0.174247382484673,0.8666666666666667
DES_RHO,1,4,10.1016/j.cej.2018.10.077,9,explore_offset_q_aware,52,60,0.174247382484673,0.8666666666666667
DES_RHO,1,4,10.1016/j.cej.2018.10.077,9,naive,2,9,0.0291140327672336,0.2222222222222222
DES_RHO,1,4,10.1016/j.chroma.2018.07.070,13,anchor,100,100,0.1805096675793938,1.0
DES_RHO,1,4,10.1016/j.chroma.2018.07.070,13,aware,13,13,0.174247382484673,1.0
DES_RHO,1,4,10.1016/j.chroma.2018.07.070,13,aware_on_anchor_rows,100,100,0.174247382484673,1.0
DES_RHO,1,4,10.1016/j.chroma.2018.07.070,13,explore_offset_q_aware,100,100,0.174247382484673,1.0
DES_RHO,1,4,10.1016/j.chroma.2018.07.070,13,naive,4,13,0.0291140327672336,0.3076923076923077
DES_RHO,1,4,10.1016/j.cjche.2020.07.004,20,anchor,170,170,0.1805096675793938,1.0
DES_RHO,1,4,10.1016/j.cjche.2020.07.004,20,aware,20,20,0.174247382484673,1.0
DES_RHO,1,4,10.1016/j.cjche.2020.07.004,20,aware_on_anchor_rows,170,170,0.174247382484673,1.0
DES_RHO,1,4,10.1016/j.cjche.2020.07.004,20,explore_offset_q_aware,170,170,0.174247382484673,1.0
DES_RHO,1,4,10.1016/j.cjche.2020.07.004,20,naive,16,20,0.0291140327672336,0.8
DES_RHO,1,4,10.1016/j.jct.2015.04.021,24,anchor,210,210,0.1805096675793938,1.0
DES_RHO,1,4,10.1016/j.jct.2015.04.021,24,aware,24,24,0.174247382484673,1.0
DES_RHO,1,4,10.1016/j.jct.2015.04.021,24,aware_on_anchor_rows,210,210,0.174247382484673,1.0
DES_RHO,1,4,10.1016/j.jct.2015.04.021,24,explore_offset_q_aware,210,210,0.174247382484673,1.0
DES_RHO,1,4,10.1016/j.jct.2015.04.021,24,naive,19,24,0.0291140327672336,0.7916666666666666
DES_RHO,1,4,10.1016/j.jct.2017.05.020,66,anchor,630,630,0.1805096675793938,1.0
DES_RHO,1,4,10.1016/j.jct.2017.05.020,66,aware,66,66,0.174247382484673,1.0
DES_RHO,1,4,10.1016/j.jct.2017.05.020,66,aware_on_anchor_rows,630,630,0.174247382484673,1.0
DES_RHO,1,4,10.1016/j.jct.2017.05.020,66,explore_offset_q_aware,630,630,0.174247382484673,1.0
DES_RHO,1,4,10.1016/j.jct.2017.05.020,66,naive,40,66,0.0291140327672336,0.6060606060606061
DES_RHO,1,4,10.1016/j.jhazmat.2021.127972,27,anchor,240,240,0.1805096675793938,1.0
DES_RHO,1,4,10.1016/j.jhazmat.2021.127972,27,aware,27,27,0.174247382484673,1.0
DES_RHO,1,4,10.1016/j.jhazmat.2021.127972,27,aware_on_anchor_rows,240,240,0.174247382484673,1.0
DES_RHO,1,4,10.1016/j.jhazmat.2021.127972,27,explore_offset_q_aware,240,240,0.174247382484673,1.0
DES_RHO,1,4,10.1016/j.jhazmat.2021.127972,27,naive,23,27,0.0291140327672336,0.8518518518518519
DES_RHO,1,4,10.1016/j.molliq.2017.04.052,39,anchor,307,360,0.1805096675793938,0.8527777777777777
DES_RHO,1,4,10.1016/j.molliq.2017.04.052,39,aware,36,39,0.174247382484673,0.9230769230769231
DES_RHO,1,4,10.1016/j.molliq.2017.04.052,39,aware_on_anchor_rows,331,360,0.174247382484673,0.9194444444444444
DES_RHO,1,4,10.1016/j.molliq.2017.04.052,39,explore_offset_q_aware,303,360,0.174247382484673,0.8416666666666667
DES_RHO,1,4,10.1016/j.molliq.2017.04.052,39,naive,25,39,0.0291140327672336,0.6410256410256411
DES_RHO,1,4,10.1016/j.molliq.2018.02.049,54,anchor,379,510,0.1805096675793938,0.7431372549019608
DES_RHO,1,4,10.1016/j.molliq.2018.02.049,54,aware,33,54,0.174247382484673,0.6111111111111112
DES_RHO,1,4,10.1016/j.molliq.2018.02.049,54,aware_on_anchor_rows,314,510,0.174247382484673,0.615686274509804
DES_RHO,1,4,10.1016/j.molliq.2018.02.049,54,explore_offset_q_aware,368,510,0.174247382484673,0.7215686274509804
DES_RHO,1,4,10.1016/j.molliq.2018.02.049,54,naive,22,54,0.0291140327672336,0.4074074074074074
DES_RHO,1,4,10.1016/j.molliq.2018.12.096,4,aware,4,4,0.174247382484673,1.0
DES_RHO,1,4,10.1016/j.molliq.2018.12.096,4,naive,4,4,0.0291140327672336,1.0
DES_RHO,1,4,10.1016/j.molliq.2019.111916,35,anchor,320,320,0.1805096675793938,1.0
DES_RHO,1,4,10.1016/j.molliq.2019.111916,35,aware,35,35,0.174247382484673,1.0
DES_RHO,1,4,10.1016/j.molliq.2019.111916,35,aware_on_anchor_rows,320,320,0.174247382484673,1.0
DES_RHO,1,4,10.1016/j.molliq.2019.111916,35,explore_offset_q_aware,320,320,0.174247382484673,1.0
DES_RHO,1,4,10.1016/j.molliq.2019.111916,35,naive,30,35,0.0291140327672336,0.8571428571428571
DES_RHO,1,4,10.1016/j.molliq.2021.117717,1,aware,1,1,0.174247382484673,1.0
DES_RHO,1,4,10.1016/j.molliq.2021.117717,1,naive,1,1,0.0291140327672336,1.0
DES_RHO,1,4,10.1021/acs.jced.0c00715,153,anchor,1500,1500,0.1805096675793938,1.0
DES_RHO,1,4,10.1021/acs.jced.0c00715,153,aware,153,153,0.174247382484673,1.0
DES_RHO,1,4,10.1021/acs.jced.0c00715,153,aware_on_anchor_rows,1500,1500,0.174247382484673,1.0
DES_RHO,1,4,10.1021/acs.jced.0c00715,153,explore_offset_q_aware,1500,1500,0.174247382484673,1.0
DES_RHO,1,4,10.1021/acs.jced.0c00715,153,naive,147,153,0.0291140327672336,0.9607843137254902
DES_RHO,1,4,10.1021/acs.jced.9b00237,8,anchor,50,50,0.1805096675793938,1.0
DES_RHO,1,4,10.1021/acs.jced.9b00237,8,aware,8,8,0.174247382484673,1.0
DES_RHO,1,4,10.1021/acs.jced.9b00237,8,aware_on_anchor_rows,50,50,0.174247382484673,1.0
DES_RHO,1,4,10.1021/acs.jced.9b00237,8,explore_offset_q_aware,50,50,0.174247382484673,1.0
DES_RHO,1,4,10.1021/acs.jced.9b00237,8,naive,7,8,0.0291140327672336,0.875
DES_RHO,1,4,10.1039/c5cp03364k,15,anchor,120,120,0.1805096675793938,1.0
DES_RHO,1,4,10.1039/c5cp03364k,15,aware,15,15,0.174247382484673,1.0
DES_RHO,1,4,10.1039/c5cp03364k,15,aware_on_anchor_rows,120,120,0.174247382484673,1.0
DES_RHO,1,4,10.1039/c5cp03364k,15,explore_offset_q_aware,120,120,0.174247382484673,1.0
DES_RHO,1,4,10.1039/c5cp03364k,15,naive,13,15,0.0291140327672336,0.8666666666666667
DES_RHO,1,5,10.1016/j.chroma.2018.12.063,5,aware,5,5,0.1807706787878806,1.0
DES_RHO,1,5,10.1016/j.chroma.2018.12.063,5,naive,1,5,0.029916343185969,0.2
DES_RHO,1,5,10.1016/j.fluid.2012.12.001,137,anchor,1328,1340,0.2138255479383379,0.991044776119403
DES_RHO,1,5,10.1016/j.fluid.2012.12.001,137,aware,135,137,0.1807706787878806,0.9854014598540146
DES_RHO,1,5,10.1016/j.fluid.2012.12.001,137,aware_on_anchor_rows,1320,1340,0.1807706787878806,0.9850746268656716
DES_RHO,1,5,10.1016/j.fluid.2012.12.001,137,explore_offset_q_aware,1322,1340,0.1807706787878806,0.9865671641791045
DES_RHO,1,5,10.1016/j.fluid.2012.12.001,137,naive,122,137,0.029916343185969,0.8905109489051095
DES_RHO,1,5,10.1016/j.fluid.2020.112752,36,anchor,330,330,0.2138255479383379,1.0
DES_RHO,1,5,10.1016/j.fluid.2020.112752,36,aware,36,36,0.1807706787878806,1.0
DES_RHO,1,5,10.1016/j.fluid.2020.112752,36,aware_on_anchor_rows,330,330,0.1807706787878806,1.0
DES_RHO,1,5,10.1016/j.fluid.2020.112752,36,explore_offset_q_aware,330,330,0.1807706787878806,1.0
DES_RHO,1,5,10.1016/j.fluid.2020.112752,36,naive,11,36,0.029916343185969,0.3055555555555556
DES_RHO,1,5,10.1016/j.foodchem.2019.125752,8,anchor,44,50,0.2138255479383379,0.88
DES_RHO,1,5,10.1016/j.foodchem.2019.125752,8,aware,6,8,0.1807706787878806,0.75
DES_RHO,1,5,10.1016/j.foodchem.2019.125752,8,aware_on_anchor_rows,37,50,0.1807706787878806,0.74
DES_RHO,1,5,10.1016/j.foodchem.2019.125752,8,explore_offset_q_aware,40,50,0.1807706787878806,0.8
DES_RHO,1,5,10.1016/j.foodchem.2019.125752,8,naive,4,8,0.029916343185969,0.5
DES_RHO,1,5,10.1016/j.foodchem.2021.131930,10,anchor,62,70,0.2138255479383379,0.8857142857142857
DES_RHO,1,5,10.1016/j.foodchem.2021.131930,10,aware,9,10,0.1807706787878806,0.9
DES_RHO,1,5,10.1016/j.foodchem.2021.131930,10,aware_on_anchor_rows,62,70,0.1807706787878806,0.8857142857142857
DES_RHO,1,5,10.1016/j.foodchem.2021.131930,10,explore_offset_q_aware,62,70,0.1807706787878806,0.8857142857142857
DES_RHO,1,5,10.1016/j.foodchem.2021.131930,10,naive,5,10,0.029916343185969,0.5
DES_RHO,1,5,10.1016/j.jct.2013.05.041,20,anchor,170,170,0.2138255479383379,1.0
DES_RHO,1,5,10.1016/j.jct.2013.05.041,20,aware,20,20,0.1807706787878806,1.0
DES_RHO,1,5,10.1016/j.jct.2013.05.041,20,aware_on_anchor_rows,170,170,0.1807706787878806,1.0
DES_RHO,1,5,10.1016/j.jct.2013.05.041,20,explore_offset_q_aware,170,170,0.1807706787878806,1.0
DES_RHO,1,5,10.1016/j.jct.2013.05.041,20,naive,20,20,0.029916343185969,1.0
DES_RHO,1,5,10.1016/j.jct.2017.11.008,66,anchor,630,630,0.2138255479383379,1.0
DES_RHO,1,5,10.1016/j.jct.2017.11.008,66,aware,66,66,0.1807706787878806,1.0
DES_RHO,1,5,10.1016/j.jct.2017.11.008,66,aware_on_anchor_rows,630,630,0.1807706787878806,1.0
DES_RHO,1,5,10.1016/j.jct.2017.11.008,66,explore_offset_q_aware,630,630,0.1807706787878806,1.0
DES_RHO,1,5,10.1016/j.jct.2017.11.008,66,naive,6,66,0.029916343185969,0.09090909090909091
DES_RHO,1,5,10.1016/j.jct.2018.12.017,54,anchor,510,510,0.2138255479383379,1.0
DES_RHO,1,5,10.1016/j.jct.2018.12.017,54,aware,54,54,0.1807706787878806,1.0
DES_RHO,1,5,10.1016/j.jct.2018.12.017,54,aware_on_anchor_rows,510,510,0.1807706787878806,1.0
DES_RHO,1,5,10.1016/j.jct.2018.12.017,54,explore_offset_q_aware,510,510,0.1807706787878806,1.0
DES_RHO,1,5,10.1016/j.jct.2018.12.017,54,naive,36,54,0.029916343185969,0.6666666666666666
DES_RHO,1,5,10.1016/j.molliq.2021.117987,25,anchor,220,220,0.2138255479383379,1.0
DES_RHO,1,5,10.1016/j.molliq.2021.117987,25,aware,25,25,0.1807706787878806,1.0
DES_RHO,1,5,10.1016/j.molliq.2021.117987,25,aware_on_anchor_rows,220,220,0.1807706787878806,1.0
DES_RHO,1,5,10.1016/j.molliq.2021.117987,25,explore_offset_q_aware,220,220,0.1807706787878806,1.0
DES_RHO,1,5,10.1016/j.molliq.2021.117987,25,naive,14,25,0.029916343185969,0.56
DES_RHO,1,5,10.1016/j.seppur.2019.115703,43,anchor,400,400,0.2138255479383379,1.0
DES_RHO,1,5,10.1016/j.seppur.2019.115703,43,aware,43,43,0.1807706787878806,1.0
DES_RHO,1,5,10.1016/j.seppur.2019.115703,43,aware_on_anchor_rows,400,400,0.1807706787878806,1.0
DES_RHO,1,5,10.1016/j.seppur.2019.115703,43,explore_offset_q_aware,400,400,0.1807706787878806,1.0
DES_RHO,1,5,10.1016/j.seppur.2019.115703,43,naive,43,43,0.029916343185969,1.0
DES_RHO,1,5,10.1016/j.seppur.2019.115707,4,aware,4,4,0.1807706787878806,1.0
DES_RHO,1,5,10.1016/j.seppur.2019.115707,4,naive,4,4,0.029916343185969,1.0
DES_RHO,1,5,10.1016/j.tca.2012.04.030,28,anchor,238,250,0.2138255479383379,0.952
DES_RHO,1,5,10.1016/j.tca.2012.04.030,28,aware,25,28,0.1807706787878806,0.8928571428571429
DES_RHO,1,5,10.1016/j.tca.2012.04.030,28,aware_on_anchor_rows,226,250,0.1807706787878806,0.904
DES_RHO,1,5,10.1016/j.tca.2012.04.030,28,explore_offset_q_aware,233,250,0.1807706787878806,0.932
DES_RHO,1,5,10.1016/j.tca.2012.04.030,28,naive,19,28,0.029916343185969,0.6785714285714286
DES_RHO,1,5,10.1021/acssuschemeng.5b00619,14,anchor,110,110,0.2138255479383379,1.0
DES_RHO,1,5,10.1021/acssuschemeng.5b00619,14,aware,14,14,0.1807706787878806,1.0
DES_RHO,1,5,10.1021/acssuschemeng.5b00619,14,aware_on_anchor_rows,110,110,0.1807706787878806,1.0
DES_RHO,1,5,10.1021/acssuschemeng.5b00619,14,explore_offset_q_aware,110,110,0.1807706787878806,1.0
DES_RHO,1,5,10.1021/acssuschemeng.5b00619,14,naive,11,14,0.029916343185969,0.7857142857142857
DES_RHO,1,5,10.1021/je500320c,6,aware,6,6,0.1807706787878806,1.0
DES_RHO,1,5,10.1021/je500320c,6,naive,6,6,0.029916343185969,1.0
DES_RHO,1,5,10.3390/molecules24030636,17,anchor,140,140,0.2138255479383379,1.0
DES_RHO,1,5,10.3390/molecules24030636,17,aware,17,17,0.1807706787878806,1.0
DES_RHO,1,5,10.3390/molecules24030636,17,aware_on_anchor_rows,140,140,0.1807706787878806,1.0
DES_RHO,1,5,10.3390/molecules24030636,17,explore_offset_q_aware,140,140,0.1807706787878806,1.0
DES_RHO,1,5,10.3390/molecules24030636,17,naive,17,17,0.029916343185969,1.0
DES_RHO,1,6,10.1016/j.cep.2015.04.001,14,anchor,109,110,0.1796730777284802,0.990909090909091
DES_RHO,1,6,10.1016/j.cep.2015.04.001,14,aware,14,14,0.1589538655545861,1.0
DES_RHO,1,6,10.1016/j.cep.2015.04.001,14,aware_on_anchor_rows,110,110,0.1589538655545861,1.0
DES_RHO,1,6,10.1016/j.cep.2015.04.001,14,explore_offset_q_aware,109,110,0.1589538655545861,0.990909090909091
DES_RHO,1,6,10.1016/j.cep.2015.04.001,14,naive,4,14,0.0277877037916574,0.2857142857142857
DES_RHO,1,6,10.1016/j.fluid.2013.06.050,24,anchor,210,210,0.1796730777284802,1.0
DES_RHO,1,6,10.1016/j.fluid.2013.06.050,24,aware,24,24,0.1589538655545861,1.0
DES_RHO,1,6,10.1016/j.fluid.2013.06.050,24,aware_on_anchor_rows,210,210,0.1589538655545861,1.0
DES_RHO,1,6,10.1016/j.fluid.2013.06.050,24,explore_offset_q_aware,210,210,0.1589538655545861,1.0
DES_RHO,1,6,10.1016/j.fluid.2013.06.050,24,naive,22,24,0.0277877037916574,0.9166666666666666
DES_RHO,1,6,10.1016/j.ijggc.2019.102839,4,aware,4,4,0.1589538655545861,1.0
DES_RHO,1,6,10.1016/j.ijggc.2019.102839,4,naive,3,4,0.0277877037916574,0.75
DES_RHO,1,6,10.1016/j.jiec.2022.04.015,34,anchor,310,310,0.1796730777284802,1.0
DES_RHO,1,6,10.1016/j.jiec.2022.04.015,34,aware,34,34,0.1589538655545861,1.0
DES_RHO,1,6,10.1016/j.jiec.2022.04.015,34,aware_on_anchor_rows,310,310,0.1589538655545861,1.0
DES_RHO,1,6,10.1016/j.jiec.2022.04.015,34,explore_offset_q_aware,309,310,0.1589538655545861,0.9967741935483871
DES_RHO,1,6,10.1016/j.jiec.2022.04.015,34,naive,28,34,0.0277877037916574,0.8235294117647058
DES_RHO,1,6,10.1016/j.molliq.2016.01.038,10,anchor,70,70,0.1796730777284802,1.0
DES_RHO,1,6,10.1016/j.molliq.2016.01.038,10,aware,10,10,0.1589538655545861,1.0
DES_RHO,1,6,10.1016/j.molliq.2016.01.038,10,aware_on_anchor_rows,70,70,0.1589538655545861,1.0
DES_RHO,1,6,10.1016/j.molliq.2016.01.038,10,explore_offset_q_aware,70,70,0.1589538655545861,1.0
DES_RHO,1,6,10.1016/j.molliq.2016.01.038,10,naive,9,10,0.0277877037916574,0.9
DES_RHO,1,6,10.1016/j.molliq.2016.02.062,59,anchor,551,560,0.1796730777284802,0.9839285714285714
DES_RHO,1,6,10.1016/j.molliq.2016.02.062,59,aware,58,59,0.1589538655545861,0.9830508474576272
DES_RHO,1,6,10.1016/j.molliq.2016.02.062,59,aware_on_anchor_rows,550,560,0.1589538655545861,0.9821428571428571
DES_RHO,1,6,10.1016/j.molliq.2016.02.062,59,explore_offset_q_aware,550,560,0.1589538655545861,0.9821428571428571
DES_RHO,1,6,10.1016/j.molliq.2016.02.062,59,naive,57,59,0.0277877037916574,0.9661016949152542
DES_RHO,1,6,10.1016/j.molliq.2017.09.091,117,anchor,988,1140,0.1796730777284802,0.8666666666666667
DES_RHO,1,6,10.1016/j.molliq.2017.09.091,117,aware,71,117,0.1589538655545861,0.6068376068376068
DES_RHO,1,6,10.1016/j.molliq.2017.09.091,117,aware_on_anchor_rows,694,1140,0.1589538655545861,0.6087719298245614
DES_RHO,1,6,10.1016/j.molliq.2017.09.091,117,explore_offset_q_aware,937,1140,0.1589538655545861,0.8219298245614035
DES_RHO,1,6,10.1016/j.molliq.2017.09.091,117,naive,15,117,0.0277877037916574,0.1282051282051282
DES_RHO,1,6,10.1021/acs.jced.0c00579,16,anchor,130,130,0.1796730777284802,1.0
DES_RHO,1,6,10.1021/acs.jced.0c00579,16,aware,16,16,0.1589538655545861,1.0
DES_RHO,1,6,10.1021/acs.jced.0c00579,16,aware_on_anchor_rows,130,130,0.1589538655545861,1.0
DES_RHO,1,6,10.1021/acs.jced.0c00579,16,explore_offset_q_aware,130,130,0.1589538655545861,1.0
DES_RHO,1,6,10.1021/acs.jced.0c00579,16,naive,15,16,0.0277877037916574,0.9375
DES_RHO,1,6,10.1021/acs.jced.6b01013,36,anchor,330,330,0.1796730777284802,1.0
DES_RHO,1,6,10.1021/acs.jced.6b01013,36,aware,36,36,0.1589538655545861,1.0
DES_RHO,1,6,10.1021/acs.jced.6b01013,36,aware_on_anchor_rows,330,330,0.1589538655545861,1.0
DES_RHO,1,6,10.1021/acs.jced.6b01013,36,explore_offset_q_aware,330,330,0.1589538655545861,1.0
DES_RHO,1,6,10.1021/acs.jced.6b01013,36,naive,32,36,0.0277877037916574,0.8888888888888888
DES_RHO,1,6,10.1021/acssuschemeng.9b03245,21,anchor,180,180,0.1796730777284802,1.0
DES_RHO,1,6,10.1021/acssuschemeng.9b03245,21,aware,1,21,0.1589538655545861,0.047619047619047616
DES_RHO,1,6,10.1021/acssuschemeng.9b03245,21,aware_on_anchor_rows,7,180,0.1589538655545861,0.03888888888888889
DES_RHO,1,6,10.1021/acssuschemeng.9b03245,21,explore_offset_q_aware,180,180,0.1589538655545861,1.0
DES_RHO,1,6,10.1021/acssuschemeng.9b03245,21,naive,0,21,0.0277877037916574,0.0
DES_RHO,1,6,10.1021/je5001796,9,anchor,60,60,0.1796730777284802,1.0
DES_RHO,1,6,10.1021/je5001796,9,aware,9,9,0.1589538655545861,1.0
DES_RHO,1,6,10.1021/je5001796,9,aware_on_anchor_rows,60,60,0.1589538655545861,1.0
DES_RHO,1,6,10.1021/je5001796,9,explore_offset_q_aware,60,60,0.1589538655545861,1.0
DES_RHO,1,6,10.1021/je5001796,9,naive,8,9,0.0277877037916574,0.8888888888888888
DES_RHO,1,6,10.1021/je5002126,70,anchor,493,670,0.1796730777284802,0.735820895522388
DES_RHO,1,6,10.1021/je5002126,70,aware,50,70,0.1589538655545861,0.7142857142857143
DES_RHO,1,6,10.1021/je5002126,70,aware_on_anchor_rows,479,670,0.1589538655545861,0.7149253731343284
DES_RHO,1,6,10.1021/je5002126,70,explore_offset_q_aware,457,670,0.1589538655545861,0.682089552238806
DES_RHO,1,6,10.1021/je5002126,70,naive,0,70,0.0277877037916574,0.0
DES_RHO,1,6,10.1039/c2ra22990k,5,aware,4,5,0.1589538655545861,0.8
DES_RHO,1,6,10.1039/c2ra22990k,5,naive,0,5,0.0277877037916574,0.0
DES_RHO,1,6,10.1039/c5gc01451d,48,anchor,450,450,0.1796730777284802,1.0
DES_RHO,1,6,10.1039/c5gc01451d,48,aware,48,48,0.1589538655545861,1.0
DES_RHO,1,6,10.1039/c5gc01451d,48,aware_on_anchor_rows,450,450,0.1589538655545861,1.0
DES_RHO,1,6,10.1039/c5gc01451d,48,explore_offset_q_aware,450,450,0.1589538655545861,1.0
DES_RHO,1,6,10.1039/c5gc01451d,48,naive,14,48,0.0277877037916574,0.2916666666666667
DES_RHO,1,6,10.1080/01496395.2016.1247864,6,aware,6,6,0.1589538655545861,1.0
DES_RHO,1,6,10.1080/01496395.2016.1247864,6,naive,5,6,0.0277877037916574,0.8333333333333334
DES_RHO,1,7,10.1016/j.cclet.2013.09.004,9,anchor,11,60,0.1857417355697628,0.18333333333333332
DES_RHO,1,7,10.1016/j.cclet.2013.09.004,9,aware,4,9,0.175777022995514,0.4444444444444444
DES_RHO,1,7,10.1016/j.cclet.2013.09.004,9,aware_on_anchor_rows,30,60,0.175777022995514,0.5
DES_RHO,1,7,10.1016/j.cclet.2013.09.004,9,explore_offset_q_aware,11,60,0.175777022995514,0.18333333333333332
DES_RHO,1,7,10.1016/j.cclet.2013.09.004,9,naive,1,9,0.0288247555464149,0.1111111111111111
DES_RHO,1,7,10.1016/j.foodchem.2018.09.048,6,aware,6,6,0.175777022995514,1.0
DES_RHO,1,7,10.1016/j.foodchem.2018.09.048,6,naive,3,6,0.0288247555464149,0.5
DES_RHO,1,7,10.1016/j.jclepro.2022.133589,3,aware,3,3,0.175777022995514,1.0
DES_RHO,1,7,10.1016/j.jclepro.2022.133589,3,naive,3,3,0.0288247555464149,1.0
DES_RHO,1,7,10.1016/j.jcou.2022.102217,112,anchor,671,1090,0.1857417355697628,0.6155963302752293
DES_RHO,1,7,10.1016/j.jcou.2022.102217,112,aware,81,112,0.175777022995514,0.7232142857142857
DES_RHO,1,7,10.1016/j.jcou.2022.102217,112,aware_on_anchor_rows,787,1090,0.175777022995514,0.7220183486238532
DES_RHO,1,7,10.1016/j.jcou.2022.102217,112,explore_offset_q_aware,658,1090,0.175777022995514,0.6036697247706422
DES_RHO,1,7,10.1016/j.jcou.2022.102217,112,naive,17,112,0.0288247555464149,0.15178571428571427
DES_RHO,1,7,10.1016/j.jct.2021.106713,77,anchor,740,740,0.1857417355697628,1.0
DES_RHO,1,7,10.1016/j.jct.2021.106713,77,aware,77,77,0.175777022995514,1.0
DES_RHO,1,7,10.1016/j.jct.2021.106713,77,aware_on_anchor_rows,740,740,0.175777022995514,1.0
DES_RHO,1,7,10.1016/j.jct.2021.106713,77,explore_offset_q_aware,740,740,0.175777022995514,1.0
DES_RHO,1,7,10.1016/j.jct.2021.106713,77,naive,61,77,0.0288247555464149,0.7922077922077922
DES_RHO,1,7,10.1016/j.jmgm.2022.108319,25,anchor,192,220,0.1857417355697628,0.8727272727272727
DES_RHO,1,7,10.1016/j.jmgm.2022.108319,25,aware,20,25,0.175777022995514,0.8
DES_RHO,1,7,10.1016/j.jmgm.2022.108319,25,aware_on_anchor_rows,176,220,0.175777022995514,0.8
DES_RHO,1,7,10.1016/j.jmgm.2022.108319,25,explore_offset_q_aware,190,220,0.175777022995514,0.8636363636363636
DES_RHO,1,7,10.1016/j.jmgm.2022.108319,25,naive,13,25,0.0288247555464149,0.52
DES_RHO,1,7,10.1016/j.molliq.2016.10.115,12,anchor,90,90,0.1857417355697628,1.0
DES_RHO,1,7,10.1016/j.molliq.2016.10.115,12,aware,12,12,0.175777022995514,1.0
DES_RHO,1,7,10.1016/j.molliq.2016.10.115,12,aware_on_anchor_rows,90,90,0.175777022995514,1.0
DES_RHO,1,7,10.1016/j.molliq.2016.10.115,12,explore_offset_q_aware,90,90,0.175777022995514,1.0
DES_RHO,1,7,10.1016/j.molliq.2016.10.115,12,naive,10,12,0.0288247555464149,0.8333333333333334
DES_RHO,1,7,10.1016/j.molliq.2019.01.053,14,anchor,110,110,0.1857417355697628,1.0
DES_RHO,1,7,10.1016/j.molliq.2019.01.053,14,aware,14,14,0.175777022995514,1.0
DES_RHO,1,7,10.1016/j.molliq.2019.01.053,14,aware_on_anchor_rows,110,110,0.175777022995514,1.0
DES_RHO,1,7,10.1016/j.molliq.2019.01.053,14,explore_offset_q_aware,110,110,0.175777022995514,1.0
DES_RHO,1,7,10.1016/j.molliq.2019.01.053,14,naive,10,14,0.0288247555464149,0.7142857142857143
DES_RHO,1,7,10.1016/j.molliq.2020.113127,36,anchor,330,330,0.1857417355697628,1.0
DES_RHO,1,7,10.1016/j.molliq.2020.113127,36,aware,36,36,0.175777022995514,1.0
DES_RHO,1,7,10.1016/j.molliq.2020.113127,36,aware_on_anchor_rows,330,330,0.175777022995514,1.0
DES_RHO,1,7,10.1016/j.molliq.2020.113127,36,explore_offset_q_aware,330,330,0.175777022995514,1.0
DES_RHO,1,7,10.1016/j.molliq.2020.113127,36,naive,16,36,0.0288247555464149,0.4444444444444444
DES_RHO,1,7,10.1016/j.molliq.2021.118393,54,anchor,461,510,0.1857417355697628,0.903921568627451
DES_RHO,1,7,10.1016/j.molliq.2021.118393,54,aware,45,54,0.175777022995514,0.8333333333333334
DES_RHO,1,7,10.1016/j.molliq.2021.118393,54,aware_on_anchor_rows,424,510,0.175777022995514,0.8313725490196079
DES_RHO,1,7,10.1016/j.molliq.2021.118393,54,explore_offset_q_aware,443,510,0.175777022995514,0.8686274509803922
DES_RHO,1,7,10.1016/j.molliq.2021.118393,54,naive,14,54,0.0288247555464149,0.25925925925925924
DES_RHO,1,7,10.1016/j.seppur.2020.117211,3,aware,3,3,0.175777022995514,1.0
DES_RHO,1,7,10.1016/j.seppur.2020.117211,3,naive,1,3,0.0288247555464149,0.3333333333333333
DES_RHO,1,7,10.1021/acs.iecr.7b02478,28,anchor,250,250,0.1857417355697628,1.0
DES_RHO,1,7,10.1021/acs.iecr.7b02478,28,aware,28,28,0.175777022995514,1.0
DES_RHO,1,7,10.1021/acs.iecr.7b02478,28,aware_on_anchor_rows,250,250,0.175777022995514,1.0
DES_RHO,1,7,10.1021/acs.iecr.7b02478,28,explore_offset_q_aware,250,250,0.175777022995514,1.0
DES_RHO,1,7,10.1021/acs.iecr.7b02478,28,naive,28,28,0.0288247555464149,1.0
DES_RHO,1,7,10.1021/acssuschemeng.5b00532,52,anchor,490,490,0.1857417355697628,1.0
DES_RHO,1,7,10.1021/acssuschemeng.5b00532,52,aware,52,52,0.175777022995514,1.0
DES_RHO,1,7,10.1021/acssuschemeng.5b00532,52,aware_on_anchor_rows,490,490,0.175777022995514,1.0
DES_RHO,1,7,10.1021/acssuschemeng.5b00532,52,explore_offset_q_aware,490,490,0.175777022995514,1.0
DES_RHO,1,7,10.1021/acssuschemeng.5b00532,52,naive,36,52,0.0288247555464149,0.6923076923076923
DES_RHO,1,7,10.1021/acssuschemeng.9b02845,21,anchor,180,180,0.1857417355697628,1.0
DES_RHO,1,7,10.1021/acssuschemeng.9b02845,21,aware,21,21,0.175777022995514,1.0
DES_RHO,1,7,10.1021/acssuschemeng.9b02845,21,aware_on_anchor_rows,180,180,0.175777022995514,1.0
DES_RHO,1,7,10.1021/acssuschemeng.9b02845,21,explore_offset_q_aware,180,180,0.175777022995514,1.0
DES_RHO,1,7,10.1021/acssuschemeng.9b02845,21,naive,20,21,0.0288247555464149,0.9523809523809523
DES_RHO,1,7,10.1021/jp5089004,18,anchor,150,150,0.1857417355697628,1.0
DES_RHO,1,7,10.1021/jp5089004,18,aware,18,18,0.175777022995514,1.0
DES_RHO,1,7,10.1021/jp5089004,18,aware_on_anchor_rows,150,150,0.175777022995514,1.0
DES_RHO,1,7,10.1021/jp5089004,18,explore_offset_q_aware,150,150,0.175777022995514,1.0
DES_RHO,1,7,10.1021/jp5089004,18,naive,6,18,0.0288247555464149,0.3333333333333333
DES_RHO,1,7,10.13140/rg.2.2.13424.10245,5,aware,5,5,0.175777022995514,1.0
DES_RHO,1,7,10.13140/rg.2.2.13424.10245,5,naive,2,5,0.0288247555464149,0.4
DES_RHO,1,8,10.1016/j.fluid.2018.05.008,5,aware,5,5,0.1824277003313739,1.0
DES_RHO,1,8,10.1016/j.fluid.2018.05.008,5,naive,5,5,0.0284108492810855,1.0
DES_RHO,1,8,10.1016/j.jtice.2012.01.007,15,anchor,120,120,0.1887716413021956,1.0
DES_RHO,1,8,10.1016/j.jtice.2012.01.007,15,aware,15,15,0.1824277003313739,1.0
DES_RHO,1,8,10.1016/j.jtice.2012.01.007,15,aware_on_anchor_rows,120,120,0.1824277003313739,1.0
DES_RHO,1,8,10.1016/j.jtice.2012.01.007,15,explore_offset_q_aware,120,120,0.1824277003313739,1.0
DES_RHO,1,8,10.1016/j.jtice.2012.01.007,15,naive,14,15,0.0284108492810855,0.9333333333333333
DES_RHO,1,8,10.1016/j.molliq.2016.07.039,77,anchor,462,740,0.1887716413021956,0.6243243243243243
DES_RHO,1,8,10.1016/j.molliq.2016.07.039,77,aware,68,77,0.1824277003313739,0.8831168831168831
DES_RHO,1,8,10.1016/j.molliq.2016.07.039,77,aware_on_anchor_rows,654,740,0.1824277003313739,0.8837837837837837
DES_RHO,1,8,10.1016/j.molliq.2016.07.039,77,explore_offset_q_aware,452,740,0.1824277003313739,0.6108108108108108
DES_RHO,1,8,10.1016/j.molliq.2016.07.039,77,naive,38,77,0.0284108492810855,0.4935064935064935
DES_RHO,1,8,10.1016/j.molliq.2018.02.085,63,anchor,590,600,0.1887716413021956,0.9833333333333333
DES_RHO,1,8,10.1016/j.molliq.2018.02.085,63,aware,62,63,0.1824277003313739,0.9841269841269841
DES_RHO,1,8,10.1016/j.molliq.2018.02.085,63,aware_on_anchor_rows,590,600,0.1824277003313739,0.9833333333333333
DES_RHO,1,8,10.1016/j.molliq.2018.02.085,63,explore_offset_q_aware,590,600,0.1824277003313739,0.9833333333333333
DES_RHO,1,8,10.1016/j.molliq.2018.02.085,63,naive,59,63,0.0284108492810855,0.9365079365079365
DES_RHO,1,8,10.1016/j.molliq.2022.119396,90,anchor,515,870,0.1887716413021956,0.5919540229885057
DES_RHO,1,8,10.1016/j.molliq.2022.119396,90,aware,55,90,0.1824277003313739,0.6111111111111112
DES_RHO,1,8,10.1016/j.molliq.2022.119396,90,aware_on_anchor_rows,532,870,0.1824277003313739,0.6114942528735632
DES_RHO,1,8,10.1016/j.molliq.2022.119396,90,explore_offset_q_aware,499,870,0.1824277003313739,0.5735632183908046
DES_RHO,1,8,10.1016/j.molliq.2022.119396,90,naive,18,90,0.0284108492810855,0.2
DES_RHO,1,8,10.1016/j.molliq.2022.120266,52,anchor,490,490,0.1887716413021956,1.0
DES_RHO,1,8,10.1016/j.molliq.2022.120266,52,aware,52,52,0.1824277003313739,1.0
DES_RHO,1,8,10.1016/j.molliq.2022.120266,52,aware_on_anchor_rows,490,490,0.1824277003313739,1.0
DES_RHO,1,8,10.1016/j.molliq.2022.120266,52,explore_offset_q_aware,490,490,0.1824277003313739,1.0
DES_RHO,1,8,10.1016/j.molliq.2022.120266,52,naive,46,52,0.0284108492810855,0.8846153846153846
DES_RHO,1,8,10.1016/j.talanta.2022.123373,8,anchor,50,50,0.1887716413021956,1.0
DES_RHO,1,8,10.1016/j.talanta.2022.123373,8,aware,8,8,0.1824277003313739,1.0
DES_RHO,1,8,10.1016/j.talanta.2022.123373,8,aware_on_anchor_rows,50,50,0.1824277003313739,1.0
DES_RHO,1,8,10.1016/j.talanta.2022.123373,8,explore_offset_q_aware,50,50,0.1824277003313739,1.0
DES_RHO,1,8,10.1016/j.talanta.2022.123373,8,naive,7,8,0.0284108492810855,0.875
DES_RHO,1,8,10.1016/j.tca.2016.11.008,12,anchor,90,90,0.1887716413021956,1.0
DES_RHO,1,8,10.1016/j.tca.2016.11.008,12,aware,12,12,0.1824277003313739,1.0
DES_RHO,1,8,10.1016/j.tca.2016.11.008,12,aware_on_anchor_rows,90,90,0.1824277003313739,1.0
DES_RHO,1,8,10.1016/j.tca.2016.11.008,12,explore_offset_q_aware,90,90,0.1824277003313739,1.0
DES_RHO,1,8,10.1016/j.tca.2016.11.008,12,naive,9,12,0.0284108492810855,0.75
DES_RHO,1,8,10.1021/acs.jced.6b00486,18,anchor,125,150,0.1887716413021956,0.8333333333333334
DES_RHO,1,8,10.1021/acs.jced.6b00486,18,aware,11,18,0.1824277003313739,0.6111111111111112
DES_RHO,1,8,10.1021/acs.jced.6b00486,18,aware_on_anchor_rows,91,150,0.1824277003313739,0.6066666666666667
DES_RHO,1,8,10.1021/acs.jced.6b00486,18,explore_offset_q_aware,122,150,0.1824277003313739,0.8133333333333334
DES_RHO,1,8,10.1021/acs.jced.6b00486,18,naive,8,18,0.0284108492810855,0.4444444444444444
DES_RHO,1,8,10.1021/acs.jpcb.0c03876,3,aware,3,3,0.1824277003313739,1.0
DES_RHO,1,8,10.1021/acs.jpcb.0c03876,3,naive,2,3,0.0284108492810855,0.6666666666666666
DES_RHO,1,8,10.1021/acssuschemeng.0c04215,7,aware,6,7,0.1824277003313739,0.8571428571428571
DES_RHO,1,8,10.1021/acssuschemeng.0c04215,7,naive,1,7,0.0284108492810855,0.14285714285714285
DES_RHO,1,8,10.1021/acssuschemeng.7b04235,39,anchor,360,360,0.1887716413021956,1.0
DES_RHO,1,8,10.1021/acssuschemeng.7b04235,39,aware,39,39,0.1824277003313739,1.0
DES_RHO,1,8,10.1021/acssuschemeng.7b04235,39,aware_on_anchor_rows,360,360,0.1824277003313739,1.0
DES_RHO,1,8,10.1021/acssuschemeng.7b04235,39,explore_offset_q_aware,360,360,0.1824277003313739,1.0
DES_RHO,1,8,10.1021/acssuschemeng.7b04235,39,naive,39,39,0.0284108492810855,1.0
DES_RHO,1,8,10.1021/acssuschemeng.8b05072,26,anchor,230,230,0.1887716413021956,1.0
DES_RHO,1,8,10.1021/acssuschemeng.8b05072,26,aware,26,26,0.1824277003313739,1.0
DES_RHO,1,8,10.1021/acssuschemeng.8b05072,26,aware_on_anchor_rows,230,230,0.1824277003313739,1.0
DES_RHO,1,8,10.1021/acssuschemeng.8b05072,26,explore_offset_q_aware,230,230,0.1824277003313739,1.0
DES_RHO,1,8,10.1021/acssuschemeng.8b05072,26,naive,23,26,0.0284108492810855,0.8846153846153846
DES_RHO,1,8,10.1021/acssuschemeng.9b00044,3,aware,3,3,0.1824277003313739,1.0
DES_RHO,1,8,10.1021/acssuschemeng.9b00044,3,naive,2,3,0.0284108492810855,0.6666666666666666
DES_RHO,1,8,10.1039/c4ra10628h,35,anchor,320,320,0.1887716413021956,1.0
DES_RHO,1,8,10.1039/c4ra10628h,35,aware,35,35,0.1824277003313739,1.0
DES_RHO,1,8,10.1039/c4ra10628h,35,aware_on_anchor_rows,320,320,0.1824277003313739,1.0
DES_RHO,1,8,10.1039/c4ra10628h,35,explore_offset_q_aware,320,320,0.1824277003313739,1.0
DES_RHO,1,8,10.1039/c4ra10628h,35,naive,21,35,0.0284108492810855,0.6
DES_RHO,1,8,10.3866/pku.whxb201506111,22,anchor,163,190,0.1887716413021956,0.8578947368421053
DES_RHO,1,8,10.3866/pku.whxb201506111,22,aware,11,22,0.1824277003313739,0.5
DES_RHO,1,8,10.3866/pku.whxb201506111,22,aware_on_anchor_rows,94,190,0.1824277003313739,0.49473684210526314
DES_RHO,1,8,10.3866/pku.whxb201506111,22,explore_offset_q_aware,160,190,0.1824277003313739,0.8421052631578947
DES_RHO,1,8,10.3866/pku.whxb201506111,22,naive,11,22,0.0284108492810855,0.5
DES_RHO,1,9,10.1016/j.bioelechem.2022.108207,3,aware,3,3,0.1798079177744962,1.0
DES_RHO,1,9,10.1016/j.bioelechem.2022.108207,3,naive,3,3,0.0297612644808191,1.0
DES_RHO,1,9,10.1016/j.ctta.2022.100088,5,aware,0,5,0.1798079177744962,0.0
DES_RHO,1,9,10.1016/j.ctta.2022.100088,5,naive,0,5,0.0297612644808191,0.0
DES_RHO,1,9,10.1016/j.fluid.2017.03.008,84,anchor,810,810,0.1854851275358493,1.0
DES_RHO,1,9,10.1016/j.fluid.2017.03.008,84,aware,84,84,0.1798079177744962,1.0
DES_RHO,1,9,10.1016/j.fluid.2017.03.008,84,aware_on_anchor_rows,810,810,0.1798079177744962,1.0
DES_RHO,1,9,10.1016/j.fluid.2017.03.008,84,explore_offset_q_aware,810,810,0.1798079177744962,1.0
DES_RHO,1,9,10.1016/j.fluid.2017.03.008,84,naive,67,84,0.0297612644808191,0.7976190476190477
DES_RHO,1,9,10.1016/j.fluid.2019.02.010,64,anchor,610,610,0.1854851275358493,1.0
DES_RHO,1,9,10.1016/j.fluid.2019.02.010,64,aware,64,64,0.1798079177744962,1.0
DES_RHO,1,9,10.1016/j.fluid.2019.02.010,64,aware_on_anchor_rows,610,610,0.1798079177744962,1.0
DES_RHO,1,9,10.1016/j.fluid.2019.02.010,64,explore_offset_q_aware,610,610,0.1798079177744962,1.0
DES_RHO,1,9,10.1016/j.fluid.2019.02.010,64,naive,62,64,0.0297612644808191,0.96875
DES_RHO,1,9,10.1016/j.fluid.2022.113462,14,anchor,110,110,0.1854851275358493,1.0
DES_RHO,1,9,10.1016/j.fluid.2022.113462,14,aware,14,14,0.1798079177744962,1.0
DES_RHO,1,9,10.1016/j.fluid.2022.113462,14,aware_on_anchor_rows,110,110,0.1798079177744962,1.0
DES_RHO,1,9,10.1016/j.fluid.2022.113462,14,explore_offset_q_aware,110,110,0.1798079177744962,1.0
DES_RHO,1,9,10.1016/j.fluid.2022.113462,14,naive,13,14,0.0297612644808191,0.9285714285714286
DES_RHO,1,9,10.1016/j.foodchem.2022.133379,7,aware,6,7,0.1798079177744962,0.8571428571428571
DES_RHO,1,9,10.1016/j.foodchem.2022.133379,7,naive,5,7,0.0297612644808191,0.7142857142857143
DES_RHO,1,9,10.1016/j.foodchem.2022.134054,38,anchor,301,350,0.1854851275358493,0.86
DES_RHO,1,9,10.1016/j.foodchem.2022.134054,38,aware,36,38,0.1798079177744962,0.9473684210526315
DES_RHO,1,9,10.1016/j.foodchem.2022.134054,38,aware_on_anchor_rows,333,350,0.1798079177744962,0.9514285714285714
DES_RHO,1,9,10.1016/j.foodchem.2022.134054,38,explore_offset_q_aware,300,350,0.1798079177744962,0.8571428571428571
DES_RHO,1,9,10.1016/j.foodchem.2022.134054,38,naive,33,38,0.0297612644808191,0.868421052631579
DES_RHO,1,9,10.1016/j.jct.2016.08.015,3,aware,3,3,0.1798079177744962,1.0
DES_RHO,1,9,10.1016/j.jct.2016.08.015,3,naive,3,3,0.0297612644808191,1.0
DES_RHO,1,9,10.1016/j.jct.2020.106051,12,anchor,90,90,0.1854851275358493,1.0
DES_RHO,1,9,10.1016/j.jct.2020.106051,12,aware,12,12,0.1798079177744962,1.0
DES_RHO,1,9,10.1016/j.jct.2020.106051,12,aware_on_anchor_rows,90,90,0.1798079177744962,1.0
DES_RHO,1,9,10.1016/j.jct.2020.106051,12,explore_offset_q_aware,90,90,0.1798079177744962,1.0
DES_RHO,1,9,10.1016/j.jct.2020.106051,12,naive,12,12,0.0297612644808191,1.0
DES_RHO,1,9,10.1016/j.jtice.2015.12.020,54,anchor,510,510,0.1854851275358493,1.0
DES_RHO,1,9,10.1016/j.jtice.2015.12.020,54,aware,54,54,0.1798079177744962,1.0
DES_RHO,1,9,10.1016/j.jtice.2015.12.020,54,aware_on_anchor_rows,510,510,0.1798079177744962,1.0
DES_RHO,1,9,10.1016/j.jtice.2015.12.020,54,explore_offset_q_aware,510,510,0.1798079177744962,1.0
DES_RHO,1,9,10.1016/j.jtice.2015.12.020,54,naive,39,54,0.0297612644808191,0.7222222222222222
DES_RHO,1,9,10.1016/j.microc.2022.107372,34,anchor,297,310,0.1854851275358493,0.9580645161290322
DES_RHO,1,9,10.1016/j.microc.2022.107372,34,aware,33,34,0.1798079177744962,0.9705882352941176
DES_RHO,1,9,10.1016/j.microc.2022.107372,34,aware_on_anchor_rows,301,310,0.1798079177744962,0.9709677419354839
DES_RHO,1,9,10.1016/j.microc.2022.107372,34,explore_offset_q_aware,296,310,0.1798079177744962,0.9548387096774194
DES_RHO,1,9,10.1016/j.microc.2022.107372,34,naive,20,34,0.0297612644808191,0.5882352941176471
DES_RHO,1,9,10.1016/j.molliq.2017.02.071,27,anchor,240,240,0.1854851275358493,1.0
DES_RHO,1,9,10.1016/j.molliq.2017.02.071,27,aware,27,27,0.1798079177744962,1.0
DES_RHO,1,9,10.1016/j.molliq.2017.02.071,27,aware_on_anchor_rows,240,240,0.1798079177744962,1.0
DES_RHO,1,9,10.1016/j.molliq.2017.02.071,27,explore_offset_q_aware,240,240,0.1798079177744962,1.0
DES_RHO,1,9,10.1016/j.molliq.2017.02.071,27,naive,25,27,0.0297612644808191,0.9259259259259259
DES_RHO,1,9,10.1016/j.molliq.2020.113110,81,anchor,726,780,0.1854851275358493,0.9307692307692308
DES_RHO,1,9,10.1016/j.molliq.2020.113110,81,aware,54,81,0.1798079177744962,0.6666666666666666
DES_RHO,1,9,10.1016/j.molliq.2020.113110,81,aware_on_anchor_rows,520,780,0.1798079177744962,0.6666666666666666
DES_RHO,1,9,10.1016/j.molliq.2020.113110,81,explore_offset_q_aware,716,780,0.1798079177744962,0.9179487179487179
DES_RHO,1,9,10.1016/j.molliq.2020.113110,81,naive,11,81,0.0297612644808191,0.13580246913580246
DES_RHO,1,9,10.1016/j.tca.2014.11.028,18,anchor,150,150,0.1854851275358493,1.0
DES_RHO,1,9,10.1016/j.tca.2014.11.028,18,aware,18,18,0.1798079177744962,1.0
DES_RHO,1,9,10.1016/j.tca.2014.11.028,18,aware_on_anchor_rows,150,150,0.1798079177744962,1.0
DES_RHO,1,9,10.1016/j.tca.2014.11.028,18,explore_offset_q_aware,150,150,0.1798079177744962,1.0
DES_RHO,1,9,10.1016/j.tca.2014.11.028,18,naive,16,18,0.0297612644808191,0.8888888888888888
DES_RHO,1,9,10.1021/acs.iecr.5b02611,22,anchor,190,190,0.1854851275358493,1.0
DES_RHO,1,9,10.1021/acs.iecr.5b02611,22,aware,22,22,0.1798079177744962,1.0
DES_RHO,1,9,10.1021/acs.iecr.5b02611,22,aware_on_anchor_rows,190,190,0.1798079177744962,1.0
DES_RHO,1,9,10.1021/acs.iecr.5b02611,22,explore_offset_q_aware,190,190,0.1798079177744962,1.0
DES_RHO,1,9,10.1021/acs.iecr.5b02611,22,naive,0,22,0.0297612644808191,0.0
DES_RHO,1,9,10.1021/acssuschemeng.9b05434,9,anchor,60,60,0.1854851275358493,1.0
DES_RHO,1,9,10.1021/acssuschemeng.9b05434,9,aware,9,9,0.1798079177744962,1.0
DES_RHO,1,9,10.1021/acssuschemeng.9b05434,9,aware_on_anchor_rows,60,60,0.1798079177744962,1.0
DES_RHO,1,9,10.1021/acssuschemeng.9b05434,9,explore_offset_q_aware,60,60,0.1798079177744962,1.0
DES_RHO,1,9,10.1021/acssuschemeng.9b05434,9,naive,9,9,0.0297612644808191,1.0
DES_RHO,2,0,10.1002/aic.18095,2667,anchor,22528,26640,0.1713019551115829,0.8456456456456456
DES_RHO,2,0,10.1002/aic.18095,2667,aware,2412,2667,0.1976892762996658,0.9043869516310461
DES_RHO,2,0,10.1002/aic.18095,2667,aware_on_anchor_rows,24091,26640,0.1976892762996658,0.9043168168168169
DES_RHO,2,0,10.1002/aic.18095,2667,explore_offset_q_aware,23629,26640,0.1976892762996658,0.8869744744744745
DES_RHO,2,0,10.1002/aic.18095,2667,naive,1200,2667,0.0472351044647743,0.4499437570303712
DES_RHO,2,1,10.1016/j.cclet.2013.09.004,9,anchor,8,60,0.1818932883496978,0.13333333333333333
DES_RHO,2,1,10.1016/j.cclet.2013.09.004,9,aware,4,9,0.1891364410509965,0.4444444444444444
DES_RHO,2,1,10.1016/j.cclet.2013.09.004,9,aware_on_anchor_rows,25,60,0.1891364410509965,0.4166666666666667
DES_RHO,2,1,10.1016/j.cclet.2013.09.004,9,explore_offset_q_aware,8,60,0.1891364410509965,0.13333333333333333
DES_RHO,2,1,10.1016/j.cclet.2013.09.004,9,naive,0,9,0.0293045764397148,0.0
DES_RHO,2,1,10.1016/j.foodchem.2018.09.048,6,aware,6,6,0.1891364410509965,1.0
DES_RHO,2,1,10.1016/j.foodchem.2018.09.048,6,naive,5,6,0.0293045764397148,0.8333333333333334
DES_RHO,2,1,10.1016/j.molliq.2022.119560,27,anchor,240,240,0.1818932883496978,1.0
DES_RHO,2,1,10.1016/j.molliq.2022.119560,27,aware,26,27,0.1891364410509965,0.9629629629629629
DES_RHO,2,1,10.1016/j.molliq.2022.119560,27,aware_on_anchor_rows,230,240,0.1891364410509965,0.9583333333333334
DES_RHO,2,1,10.1016/j.molliq.2022.119560,27,explore_offset_q_aware,240,240,0.1891364410509965,1.0
DES_RHO,2,1,10.1016/j.molliq.2022.119560,27,naive,16,27,0.0293045764397148,0.5925925925925926
DES_RHO,2,1,10.1016/j.molliq.2022.120420,351,anchor,3480,3480,0.1818932883496978,1.0
DES_RHO,2,1,10.1016/j.molliq.2022.120420,351,aware,351,351,0.1891364410509965,1.0
DES_RHO,2,1,10.1016/j.molliq.2022.120420,351,aware_on_anchor_rows,3480,3480,0.1891364410509965,1.0
DES_RHO,2,1,10.1016/j.molliq.2022.120420,351,explore_offset_q_aware,3480,3480,0.1891364410509965,1.0
DES_RHO,2,1,10.1016/j.molliq.2022.120420,351,naive,329,351,0.0293045764397148,0.9373219373219374
DES_RHO,2,1,10.1016/j.tca.2014.11.028,18,anchor,150,150,0.1818932883496978,1.0
DES_RHO,2,1,10.1016/j.tca.2014.11.028,18,aware,18,18,0.1891364410509965,1.0
DES_RHO,2,1,10.1016/j.tca.2014.11.028,18,aware_on_anchor_rows,150,150,0.1891364410509965,1.0
DES_RHO,2,1,10.1016/j.tca.2014.11.028,18,explore_offset_q_aware,150,150,0.1891364410509965,1.0
DES_RHO,2,1,10.1016/j.tca.2014.11.028,18,naive,17,18,0.0293045764397148,0.9444444444444444
DES_RHO,2,1,10.1021/acs.iecr.5b02611,22,anchor,190,190,0.1818932883496978,1.0
DES_RHO,2,1,10.1021/acs.iecr.5b02611,22,aware,22,22,0.1891364410509965,1.0
DES_RHO,2,1,10.1021/acs.iecr.5b02611,22,aware_on_anchor_rows,190,190,0.1891364410509965,1.0
DES_RHO,2,1,10.1021/acs.iecr.5b02611,22,explore_offset_q_aware,190,190,0.1891364410509965,1.0
DES_RHO,2,1,10.1021/acs.iecr.5b02611,22,naive,13,22,0.0293045764397148,0.5909090909090909
DES_RHO,2,1,10.1021/acs.jced.0c00579,16,anchor,130,130,0.1818932883496978,1.0
DES_RHO,2,1,10.1021/acs.jced.0c00579,16,aware,16,16,0.1891364410509965,1.0
DES_RHO,2,1,10.1021/acs.jced.0c00579,16,aware_on_anchor_rows,130,130,0.1891364410509965,1.0
DES_RHO,2,1,10.1021/acs.jced.0c00579,16,explore_offset_q_aware,130,130,0.1891364410509965,1.0
DES_RHO,2,1,10.1021/acs.jced.0c00579,16,naive,11,16,0.0293045764397148,0.6875
DES_RHO,2,1,10.1021/acssuschemeng.0c04215,7,aware,6,7,0.1891364410509965,0.8571428571428571
DES_RHO,2,1,10.1021/acssuschemeng.0c04215,7,naive,1,7,0.0293045764397148,0.14285714285714285
DES_RHO,2,1,10.1039/c2ra22990k,5,aware,4,5,0.1891364410509965,0.8
DES_RHO,2,1,10.1039/c2ra22990k,5,naive,0,5,0.0293045764397148,0.0
DES_RHO,2,1,10.1039/c3ra40303c,13,anchor,100,100,0.1818932883496978,1.0
DES_RHO,2,1,10.1039/c3ra40303c,13,aware,13,13,0.1891364410509965,1.0
DES_RHO,2,1,10.1039/c3ra40303c,13,aware_on_anchor_rows,100,100,0.1891364410509965,1.0
DES_RHO,2,1,10.1039/c3ra40303c,13,explore_offset_q_aware,100,100,0.1891364410509965,1.0
DES_RHO,2,1,10.1039/c3ra40303c,13,naive,13,13,0.0293045764397148,1.0
DES_RHO,2,2,10.1016/j.cej.2018.10.077,9,anchor,58,60,0.1778711178163161,0.9666666666666667
DES_RHO,2,2,10.1016/j.cej.2018.10.077,9,aware,8,9,0.1811117418765322,0.8888888888888888
DES_RHO,2,2,10.1016/j.cej.2018.10.077,9,aware_on_anchor_rows,58,60,0.1811117418765322,0.9666666666666667
DES_RHO,2,2,10.1016/j.cej.2018.10.077,9,explore_offset_q_aware,58,60,0.1811117418765322,0.9666666666666667
DES_RHO,2,2,10.1016/j.cej.2018.10.077,9,naive,2,9,0.0297421569437372,0.2222222222222222
DES_RHO,2,2,10.1016/j.fluid.2020.112752,36,anchor,330,330,0.1778711178163161,1.0
DES_RHO,2,2,10.1016/j.fluid.2020.112752,36,aware,36,36,0.1811117418765322,1.0
DES_RHO,2,2,10.1016/j.fluid.2020.112752,36,aware_on_anchor_rows,330,330,0.1811117418765322,1.0
DES_RHO,2,2,10.1016/j.fluid.2020.112752,36,explore_offset_q_aware,330,330,0.1811117418765322,1.0
DES_RHO,2,2,10.1016/j.fluid.2020.112752,36,naive,12,36,0.0297421569437372,0.3333333333333333
DES_RHO,2,2,10.1016/j.foodchem.2019.125752,8,anchor,40,50,0.1778711178163161,0.8
DES_RHO,2,2,10.1016/j.foodchem.2019.125752,8,aware,6,8,0.1811117418765322,0.75
DES_RHO,2,2,10.1016/j.foodchem.2019.125752,8,aware_on_anchor_rows,39,50,0.1811117418765322,0.78
DES_RHO,2,2,10.1016/j.foodchem.2019.125752,8,explore_offset_q_aware,41,50,0.1811117418765322,0.82
DES_RHO,2,2,10.1016/j.foodchem.2019.125752,8,naive,4,8,0.0297421569437372,0.5
DES_RHO,2,2,10.1016/j.jct.2013.05.041,20,anchor,170,170,0.1778711178163161,1.0
DES_RHO,2,2,10.1016/j.jct.2013.05.041,20,aware,20,20,0.1811117418765322,1.0
DES_RHO,2,2,10.1016/j.jct.2013.05.041,20,aware_on_anchor_rows,170,170,0.1811117418765322,1.0
DES_RHO,2,2,10.1016/j.jct.2013.05.041,20,explore_offset_q_aware,170,170,0.1811117418765322,1.0
DES_RHO,2,2,10.1016/j.jct.2013.05.041,20,naive,17,20,0.0297421569437372,0.85
DES_RHO,2,2,10.1016/j.jct.2015.04.021,24,anchor,210,210,0.1778711178163161,1.0
DES_RHO,2,2,10.1016/j.jct.2015.04.021,24,aware,24,24,0.1811117418765322,1.0
DES_RHO,2,2,10.1016/j.jct.2015.04.021,24,aware_on_anchor_rows,210,210,0.1811117418765322,1.0
DES_RHO,2,2,10.1016/j.jct.2015.04.021,24,explore_offset_q_aware,210,210,0.1811117418765322,1.0
DES_RHO,2,2,10.1016/j.jct.2015.04.021,24,naive,22,24,0.0297421569437372,0.9166666666666666
DES_RHO,2,2,10.1016/j.jtice.2012.01.007,15,anchor,120,120,0.1778711178163161,1.0
DES_RHO,2,2,10.1016/j.jtice.2012.01.007,15,aware,15,15,0.1811117418765322,1.0
DES_RHO,2,2,10.1016/j.jtice.2012.01.007,15,aware_on_anchor_rows,120,120,0.1811117418765322,1.0
DES_RHO,2,2,10.1016/j.jtice.2012.01.007,15,explore_offset_q_aware,120,120,0.1811117418765322,1.0
DES_RHO,2,2,10.1016/j.jtice.2012.01.007,15,naive,14,15,0.0297421569437372,0.9333333333333333
DES_RHO,2,2,10.1016/j.seppur.2019.115703,43,anchor,400,400,0.1778711178163161,1.0
DES_RHO,2,2,10.1016/j.seppur.2019.115703,43,aware,43,43,0.1811117418765322,1.0
DES_RHO,2,2,10.1016/j.seppur.2019.115703,43,aware_on_anchor_rows,400,400,0.1811117418765322,1.0
DES_RHO,2,2,10.1016/j.seppur.2019.115703,43,explore_offset_q_aware,400,400,0.1811117418765322,1.0
DES_RHO,2,2,10.1016/j.seppur.2019.115703,43,naive,43,43,0.0297421569437372,1.0
DES_RHO,2,2,10.1016/j.seppur.2019.115707,4,aware,4,4,0.1811117418765322,1.0
DES_RHO,2,2,10.1016/j.seppur.2019.115707,4,naive,4,4,0.0297421569437372,1.0
DES_RHO,2,2,10.1016/j.seppur.2020.117211,3,aware,3,3,0.1811117418765322,1.0
DES_RHO,2,2,10.1016/j.seppur.2020.117211,3,naive,2,3,0.0297421569437372,0.6666666666666666
DES_RHO,2,2,10.1016/j.tca.2011.10.010,268,anchor,2650,2650,0.1778711178163161,1.0
DES_RHO,2,2,10.1016/j.tca.2011.10.010,268,aware,268,268,0.1811117418765322,1.0
DES_RHO,2,2,10.1016/j.tca.2011.10.010,268,aware_on_anchor_rows,2650,2650,0.1811117418765322,1.0
DES_RHO,2,2,10.1016/j.tca.2011.10.010,268,explore_offset_q_aware,2650,2650,0.1811117418765322,1.0
DES_RHO,2,2,10.1016/j.tca.2011.10.010,268,naive,223,268,0.0297421569437372,0.832089552238806
DES_RHO,2,2,10.1016/j.tca.2016.11.008,12,anchor,90,90,0.1778711178163161,1.0
DES_RHO,2,2,10.1016/j.tca.2016.11.008,12,aware,12,12,0.1811117418765322,1.0
DES_RHO,2,2,10.1016/j.tca.2016.11.008,12,aware_on_anchor_rows,90,90,0.1811117418765322,1.0
DES_RHO,2,2,10.1016/j.tca.2016.11.008,12,explore_offset_q_aware,90,90,0.1811117418765322,1.0
DES_RHO,2,2,10.1016/j.tca.2016.11.008,12,naive,9,12,0.0297421569437372,0.75
DES_RHO,2,2,10.1021/acs.iecr.7b02478,28,anchor,250,250,0.1778711178163161,1.0
DES_RHO,2,2,10.1021/acs.iecr.7b02478,28,aware,28,28,0.1811117418765322,1.0
DES_RHO,2,2,10.1021/acs.iecr.7b02478,28,aware_on_anchor_rows,250,250,0.1811117418765322,1.0
DES_RHO,2,2,10.1021/acs.iecr.7b02478,28,explore_offset_q_aware,250,250,0.1811117418765322,1.0
DES_RHO,2,2,10.1021/acs.iecr.7b02478,28,naive,28,28,0.0297421569437372,1.0
DES_RHO,2,2,10.1021/je500320c,6,aware,6,6,0.1811117418765322,1.0
DES_RHO,2,2,10.1021/je500320c,6,naive,6,6,0.0297421569437372,1.0
DES_RHO,2,3,10.1016/j.cep.2015.04.001,14,anchor,110,110,0.1921988887590894,1.0
DES_RHO,2,3,10.1016/j.cep.2015.04.001,14,aware,14,14,0.1714082031731403,1.0
DES_RHO,2,3,10.1016/j.cep.2015.04.001,14,aware_on_anchor_rows,110,110,0.1714082031731403,1.0
DES_RHO,2,3,10.1016/j.cep.2015.04.001,14,explore_offset_q_aware,109,110,0.1714082031731403,0.990909090909091
DES_RHO,2,3,10.1016/j.cep.2015.04.001,14,naive,4,14,0.0296624113028056,0.2857142857142857
DES_RHO,2,3,10.1016/j.fluid.2014.01.028,7,aware,7,7,0.1714082031731403,1.0
DES_RHO,2,3,10.1016/j.fluid.2014.01.028,7,naive,7,7,0.0296624113028056,1.0
DES_RHO,2,3,10.1016/j.fluid.2018.05.008,5,aware,5,5,0.1714082031731403,1.0
DES_RHO,2,3,10.1016/j.fluid.2018.05.008,5,naive,4,5,0.0296624113028056,0.8
DES_RHO,2,3,10.1016/j.jcis.2017.01.109,3,aware,2,3,0.1714082031731403,0.6666666666666666
DES_RHO,2,3,10.1016/j.jcis.2017.01.109,3,naive,2,3,0.0296624113028056,0.6666666666666666
DES_RHO,2,3,10.1016/j.molliq.2017.05.084,45,anchor,420,420,0.1921988887590894,1.0
DES_RHO,2,3,10.1016/j.molliq.2017.05.084,45,aware,45,45,0.1714082031731403,1.0
DES_RHO,2,3,10.1016/j.molliq.2017.05.084,45,aware_on_anchor_rows,420,420,0.1714082031731403,1.0
DES_RHO,2,3,10.1016/j.molliq.2017.05.084,45,explore_offset_q_aware,420,420,0.1714082031731403,1.0
DES_RHO,2,3,10.1016/j.molliq.2017.05.084,45,naive,20,45,0.0296624113028056,0.4444444444444444
DES_RHO,2,3,10.1016/j.molliq.2021.117987,25,anchor,220,220,0.1921988887590894,1.0
DES_RHO,2,3,10.1016/j.molliq.2021.117987,25,aware,25,25,0.1714082031731403,1.0
DES_RHO,2,3,10.1016/j.molliq.2021.117987,25,aware_on_anchor_rows,220,220,0.1714082031731403,1.0
DES_RHO,2,3,10.1016/j.molliq.2021.117987,25,explore_offset_q_aware,220,220,0.1714082031731403,1.0
DES_RHO,2,3,10.1016/j.molliq.2021.117987,25,naive,14,25,0.0296624113028056,0.56
DES_RHO,2,3,10.1016/j.molliq.2022.119392,11,anchor,80,80,0.1921988887590894,1.0
DES_RHO,2,3,10.1016/j.molliq.2022.119392,11,aware,11,11,0.1714082031731403,1.0
DES_RHO,2,3,10.1016/j.molliq.2022.119392,11,aware_on_anchor_rows,80,80,0.1714082031731403,1.0
DES_RHO,2,3,10.1016/j.molliq.2022.119392,11,explore_offset_q_aware,80,80,0.1714082031731403,1.0
DES_RHO,2,3,10.1016/j.molliq.2022.119392,11,naive,11,11,0.0296624113028056,1.0
DES_RHO,2,3,10.1021/acs.jced.9b00237,8,anchor,50,50,0.1921988887590894,1.0
DES_RHO,2,3,10.1021/acs.jced.9b00237,8,aware,8,8,0.1714082031731403,1.0
DES_RHO,2,3,10.1021/acs.jced.9b00237,8,aware_on_anchor_rows,50,50,0.1714082031731403,1.0
DES_RHO,2,3,10.1021/acs.jced.9b00237,8,explore_offset_q_aware,50,50,0.1714082031731403,1.0
DES_RHO,2,3,10.1021/acs.jced.9b00237,8,naive,7,8,0.0296624113028056,0.875
DES_RHO,2,3,10.1021/acssuschemeng.8b01203,187,anchor,1840,1840,0.1921988887590894,1.0
DES_RHO,2,3,10.1021/acssuschemeng.8b01203,187,aware,187,187,0.1714082031731403,1.0
DES_RHO,2,3,10.1021/acssuschemeng.8b01203,187,aware_on_anchor_rows,1840,1840,0.1714082031731403,1.0
DES_RHO,2,3,10.1021/acssuschemeng.8b01203,187,explore_offset_q_aware,1840,1840,0.1714082031731403,1.0
DES_RHO,2,3,10.1021/acssuschemeng.8b01203,187,naive,141,187,0.0296624113028056,0.7540106951871658
DES_RHO,2,3,10.1021/acssuschemeng.8b05548,2,aware,1,2,0.1714082031731403,0.5
DES_RHO,2,3,10.1021/acssuschemeng.8b05548,2,naive,1,2,0.0296624113028056,0.5
DES_RHO,2,3,10.1021/acssuschemeng.9b03245,21,anchor,180,180,0.1921988887590894,1.0
DES_RHO,2,3,10.1021/acssuschemeng.9b03245,21,aware,2,21,0.1714082031731403,0.09523809523809523
DES_RHO,2,3,10.1021/acssuschemeng.9b03245,21,aware_on_anchor_rows,19,180,0.1714082031731403,0.10555555555555556
DES_RHO,2,3,10.1021/acssuschemeng.9b03245,21,explore_offset_q_aware,180,180,0.1714082031731403,1.0
DES_RHO,2,3,10.1021/acssuschemeng.9b03245,21,naive,0,21,0.0296624113028056,0.0
DES_RHO,2,3,10.1021/je300997v,37,anchor,340,340,0.1921988887590894,1.0
DES_RHO,2,3,10.1021/je300997v,37,aware,37,37,0.1714082031731403,1.0
DES_RHO,2,3,10.1021/je300997v,37,aware_on_anchor_rows,340,340,0.1714082031731403,1.0
DES_RHO,2,3,10.1021/je300997v,37,explore_offset_q_aware,340,340,0.1714082031731403,1.0
DES_RHO,2,3,10.1021/je300997v,37,naive,35,37,0.0296624113028056,0.9459459459459459
DES_RHO,2,3,10.1021/sc500439w,62,anchor,583,590,0.1921988887590894,0.988135593220339
DES_RHO,2,3,10.1021/sc500439w,62,aware,60,62,0.1714082031731403,0.967741935483871
DES_RHO,2,3,10.1021/sc500439w,62,aware_on_anchor_rows,571,590,0.1714082031731403,0.9677966101694915
DES_RHO,2,3,10.1021/sc500439w,62,explore_offset_q_aware,577,590,0.1714082031731403,0.9779661016949153
DES_RHO,2,3,10.1021/sc500439w,62,naive,49,62,0.0296624113028056,0.7903225806451613
DES_RHO,2,3,10.3390/molecules24030636,17,anchor,140,140,0.1921988887590894,1.0
DES_RHO,2,3,10.3390/molecules24030636,17,aware,17,17,0.1714082031731403,1.0
DES_RHO,2,3,10.3390/molecules24030636,17,aware_on_anchor_rows,140,140,0.1714082031731403,1.0
DES_RHO,2,3,10.3390/molecules24030636,17,explore_offset_q_aware,140,140,0.1714082031731403,1.0
DES_RHO,2,3,10.3390/molecules24030636,17,naive,17,17,0.0296624113028056,1.0
DES_RHO,2,3,api.semanticscholar.org/corpusid:92513446,31,anchor,273,280,0.1921988887590894,0.975
DES_RHO,2,3,api.semanticscholar.org/corpusid:92513446,31,aware,30,31,0.1714082031731403,0.967741935483871
DES_RHO,2,3,api.semanticscholar.org/corpusid:92513446,31,aware_on_anchor_rows,273,280,0.1714082031731403,0.975
DES_RHO,2,3,api.semanticscholar.org/corpusid:92513446,31,explore_offset_q_aware,273,280,0.1714082031731403,0.975
DES_RHO,2,3,api.semanticscholar.org/corpusid:92513446,31,naive,29,31,0.0296624113028056,0.9354838709677419
DES_RHO,2,4,10.1016/j.chroma.2018.07.070,13,anchor,100,100,0.1879377423628823,1.0
DES_RHO,2,4,10.1016/j.chroma.2018.07.070,13,aware,13,13,0.1820804203358319,1.0
DES_RHO,2,4,10.1016/j.chroma.2018.07.070,13,aware_on_anchor_rows,100,100,0.1820804203358319,1.0
DES_RHO,2,4,10.1016/j.chroma.2018.07.070,13,explore_offset_q_aware,100,100,0.1820804203358319,1.0
DES_RHO,2,4,10.1016/j.chroma.2018.07.070,13,naive,3,13,0.0297023674036904,0.23076923076923078
DES_RHO,2,4,10.1016/j.cjche.2020.07.004,20,anchor,170,170,0.1879377423628823,1.0
DES_RHO,2,4,10.1016/j.cjche.2020.07.004,20,aware,20,20,0.1820804203358319,1.0
DES_RHO,2,4,10.1016/j.cjche.2020.07.004,20,aware_on_anchor_rows,170,170,0.1820804203358319,1.0
DES_RHO,2,4,10.1016/j.cjche.2020.07.004,20,explore_offset_q_aware,170,170,0.1820804203358319,1.0
DES_RHO,2,4,10.1016/j.cjche.2020.07.004,20,naive,8,20,0.0297023674036904,0.4
DES_RHO,2,4,10.1016/j.fluid.2013.06.050,24,anchor,210,210,0.1879377423628823,1.0
DES_RHO,2,4,10.1016/j.fluid.2013.06.050,24,aware,24,24,0.1820804203358319,1.0
DES_RHO,2,4,10.1016/j.fluid.2013.06.050,24,aware_on_anchor_rows,210,210,0.1820804203358319,1.0
DES_RHO,2,4,10.1016/j.fluid.2013.06.050,24,explore_offset_q_aware,210,210,0.1820804203358319,1.0
DES_RHO,2,4,10.1016/j.fluid.2013.06.050,24,naive,22,24,0.0297023674036904,0.9166666666666666
DES_RHO,2,4,10.1016/j.ijggc.2019.102839,4,aware,4,4,0.1820804203358319,1.0
DES_RHO,2,4,10.1016/j.ijggc.2019.102839,4,naive,2,4,0.0297023674036904,0.5
DES_RHO,2,4,10.1016/j.jct.2017.11.008,66,anchor,630,630,0.1879377423628823,1.0
DES_RHO,2,4,10.1016/j.jct.2017.11.008,66,aware,60,66,0.1820804203358319,0.9090909090909091
DES_RHO,2,4,10.1016/j.jct.2017.11.008,66,aware_on_anchor_rows,575,630,0.1820804203358319,0.9126984126984127
DES_RHO,2,4,10.1016/j.jct.2017.11.008,66,explore_offset_q_aware,630,630,0.1820804203358319,1.0
DES_RHO,2,4,10.1016/j.jct.2017.11.008,66,naive,0,66,0.0297023674036904,0.0
DES_RHO,2,4,10.1016/j.jct.2019.105883,15,anchor,115,120,0.1879377423628823,0.9583333333333334
DES_RHO,2,4,10.1016/j.jct.2019.105883,15,aware,14,15,0.1820804203358319,0.9333333333333333
DES_RHO,2,4,10.1016/j.jct.2019.105883,15,aware_on_anchor_rows,113,120,0.1820804203358319,0.9416666666666667
DES_RHO,2,4,10.1016/j.jct.2019.105883,15,explore_offset_q_aware,114,120,0.1820804203358319,0.95
DES_RHO,2,4,10.1016/j.jct.2019.105883,15,naive,7,15,0.0297023674036904,0.4666666666666667
DES_RHO,2,4,10.1016/j.jhazmat.2022.129835,6,aware,6,6,0.1820804203358319,1.0
DES_RHO,2,4,10.1016/j.jhazmat.2022.129835,6,naive,4,6,0.0297023674036904,0.6666666666666666
DES_RHO,2,4,10.1016/j.jtice.2015.12.020,54,anchor,510,510,0.1879377423628823,1.0
DES_RHO,2,4,10.1016/j.jtice.2015.12.020,54,aware,54,54,0.1820804203358319,1.0
DES_RHO,2,4,10.1016/j.jtice.2015.12.020,54,aware_on_anchor_rows,510,510,0.1820804203358319,1.0
DES_RHO,2,4,10.1016/j.jtice.2015.12.020,54,explore_offset_q_aware,510,510,0.1820804203358319,1.0
DES_RHO,2,4,10.1016/j.jtice.2015.12.020,54,naive,43,54,0.0297023674036904,0.7962962962962963
DES_RHO,2,4,10.1016/j.molliq.2017.02.071,27,anchor,240,240,0.1879377423628823,1.0
DES_RHO,2,4,10.1016/j.molliq.2017.02.071,27,aware,27,27,0.1820804203358319,1.0
DES_RHO,2,4,10.1016/j.molliq.2017.02.071,27,aware_on_anchor_rows,240,240,0.1820804203358319,1.0
DES_RHO,2,4,10.1016/j.molliq.2017.02.071,27,explore_offset_q_aware,240,240,0.1820804203358319,1.0
DES_RHO,2,4,10.1016/j.molliq.2017.02.071,27,naive,24,27,0.0297023674036904,0.8888888888888888
DES_RHO,2,4,10.1016/j.molliq.2021.117717,1,aware,1,1,0.1820804203358319,1.0
DES_RHO,2,4,10.1016/j.molliq.2021.117717,1,naive,0,1,0.0297023674036904,0.0
DES_RHO,2,4,10.1016/j.molliq.2022.120056,9,anchor,60,60,0.1879377423628823,1.0
DES_RHO,2,4,10.1016/j.molliq.2022.120056,9,aware,9,9,0.1820804203358319,1.0
DES_RHO,2,4,10.1016/j.molliq.2022.120056,9,aware_on_anchor_rows,60,60,0.1820804203358319,1.0
DES_RHO,2,4,10.1016/j.molliq.2022.120056,9,explore_offset_q_aware,60,60,0.1820804203358319,1.0
DES_RHO,2,4,10.1016/j.molliq.2022.120056,9,naive,5,9,0.0297023674036904,0.5555555555555556
DES_RHO,2,4,10.1016/j.talanta.2022.123373,8,anchor,50,50,0.1879377423628823,1.0
DES_RHO,2,4,10.1016/j.talanta.2022.123373,8,aware,8,8,0.1820804203358319,1.0
DES_RHO,2,4,10.1016/j.talanta.2022.123373,8,aware_on_anchor_rows,50,50,0.1820804203358319,1.0
DES_RHO,2,4,10.1016/j.talanta.2022.123373,8,explore_offset_q_aware,50,50,0.1820804203358319,1.0
DES_RHO,2,4,10.1016/j.talanta.2022.123373,8,naive,7,8,0.0297023674036904,0.875
DES_RHO,2,4,10.1021/acs.jced.0c00715,153,anchor,1500,1500,0.1879377423628823,1.0
DES_RHO,2,4,10.1021/acs.jced.0c00715,153,aware,153,153,0.1820804203358319,1.0
DES_RHO,2,4,10.1021/acs.jced.0c00715,153,aware_on_anchor_rows,1500,1500,0.1820804203358319,1.0
DES_RHO,2,4,10.1021/acs.jced.0c00715,153,explore_offset_q_aware,1500,1500,0.1820804203358319,1.0
DES_RHO,2,4,10.1021/acs.jced.0c00715,153,naive,146,153,0.0297023674036904,0.954248366013072
DES_RHO,2,4,10.1021/acssuschemeng.7b04235,39,anchor,360,360,0.1879377423628823,1.0
DES_RHO,2,4,10.1021/acssuschemeng.7b04235,39,aware,39,39,0.1820804203358319,1.0
DES_RHO,2,4,10.1021/acssuschemeng.7b04235,39,aware_on_anchor_rows,360,360,0.1820804203358319,1.0
DES_RHO,2,4,10.1021/acssuschemeng.7b04235,39,explore_offset_q_aware,360,360,0.1820804203358319,1.0
DES_RHO,2,4,10.1021/acssuschemeng.7b04235,39,naive,39,39,0.0297023674036904,1.0
DES_RHO,2,4,10.1039/c4ra10628h,35,anchor,320,320,0.1879377423628823,1.0
DES_RHO,2,4,10.1039/c4ra10628h,35,aware,35,35,0.1820804203358319,1.0
DES_RHO,2,4,10.1039/c4ra10628h,35,aware_on_anchor_rows,320,320,0.1820804203358319,1.0
DES_RHO,2,4,10.1039/c4ra10628h,35,explore_offset_q_aware,320,320,0.1820804203358319,1.0
DES_RHO,2,4,10.1039/c4ra10628h,35,naive,21,35,0.0297023674036904,0.6
DES_RHO,2,5,10.1002/cphc.200500489,6,aware,6,6,0.1798352912291947,1.0
DES_RHO,2,5,10.1002/cphc.200500489,6,naive,5,6,0.0294009423846062,0.8333333333333334
DES_RHO,2,5,10.1016/j.cej.2020.125173,36,anchor,328,330,0.1878314210158948,0.9939393939393939
DES_RHO,2,5,10.1016/j.cej.2020.125173,36,aware,36,36,0.1798352912291947,1.0
DES_RHO,2,5,10.1016/j.cej.2020.125173,36,aware_on_anchor_rows,330,330,0.1798352912291947,1.0
DES_RHO,2,5,10.1016/j.cej.2020.125173,36,explore_offset_q_aware,326,330,0.1798352912291947,0.9878787878787879
DES_RHO,2,5,10.1016/j.cej.2020.125173,36,naive,17,36,0.0294009423846062,0.4722222222222222
DES_RHO,2,5,10.1016/j.chemosphere.2019.125082,20,anchor,170,170,0.1878314210158948,1.0
DES_RHO,2,5,10.1016/j.chemosphere.2019.125082,20,aware,20,20,0.1798352912291947,1.0
DES_RHO,2,5,10.1016/j.chemosphere.2019.125082,20,aware_on_anchor_rows,170,170,0.1798352912291947,1.0
DES_RHO,2,5,10.1016/j.chemosphere.2019.125082,20,explore_offset_q_aware,170,170,0.1798352912291947,1.0
DES_RHO,2,5,10.1016/j.chemosphere.2019.125082,20,naive,7,20,0.0294009423846062,0.35
DES_RHO,2,5,10.1016/j.chroma.2018.12.063,5,aware,5,5,0.1798352912291947,1.0
DES_RHO,2,5,10.1016/j.chroma.2018.12.063,5,naive,0,5,0.0294009423846062,0.0
DES_RHO,2,5,10.1016/j.fluid.2012.12.001,137,anchor,1324,1340,0.1878314210158948,0.9880597014925373
DES_RHO,2,5,10.1016/j.fluid.2012.12.001,137,aware,135,137,0.1798352912291947,0.9854014598540146
DES_RHO,2,5,10.1016/j.fluid.2012.12.001,137,aware_on_anchor_rows,1321,1340,0.1798352912291947,0.985820895522388
DES_RHO,2,5,10.1016/j.fluid.2012.12.001,137,explore_offset_q_aware,1323,1340,0.1798352912291947,0.9873134328358208
DES_RHO,2,5,10.1016/j.fluid.2012.12.001,137,naive,122,137,0.0294009423846062,0.8905109489051095
DES_RHO,2,5,10.1016/j.ijggc.2016.02.006,8,anchor,50,50,0.1878314210158948,1.0
DES_RHO,2,5,10.1016/j.ijggc.2016.02.006,8,aware,8,8,0.1798352912291947,1.0
DES_RHO,2,5,10.1016/j.ijggc.2016.02.006,8,aware_on_anchor_rows,50,50,0.1798352912291947,1.0
DES_RHO,2,5,10.1016/j.ijggc.2016.02.006,8,explore_offset_q_aware,50,50,0.1798352912291947,1.0
DES_RHO,2,5,10.1016/j.ijggc.2016.02.006,8,naive,6,8,0.0294009423846062,0.75
DES_RHO,2,5,10.1016/j.jct.2017.05.020,66,anchor,630,630,0.1878314210158948,1.0
DES_RHO,2,5,10.1016/j.jct.2017.05.020,66,aware,66,66,0.1798352912291947,1.0
DES_RHO,2,5,10.1016/j.jct.2017.05.020,66,aware_on_anchor_rows,630,630,0.1798352912291947,1.0
DES_RHO,2,5,10.1016/j.jct.2017.05.020,66,explore_offset_q_aware,630,630,0.1798352912291947,1.0
DES_RHO,2,5,10.1016/j.jct.2017.05.020,66,naive,41,66,0.0294009423846062,0.6212121212121212
DES_RHO,2,5,10.1016/j.jct.2021.106578,43,anchor,400,400,0.1878314210158948,1.0
DES_RHO,2,5,10.1016/j.jct.2021.106578,43,aware,43,43,0.1798352912291947,1.0
DES_RHO,2,5,10.1016/j.jct.2021.106578,43,aware_on_anchor_rows,400,400,0.1798352912291947,1.0
DES_RHO,2,5,10.1016/j.jct.2021.106578,43,explore_offset_q_aware,400,400,0.1798352912291947,1.0
DES_RHO,2,5,10.1016/j.jct.2021.106578,43,naive,35,43,0.0294009423846062,0.813953488372093
DES_RHO,2,5,10.1016/j.jmgm.2022.108319,25,anchor,196,220,0.1878314210158948,0.8909090909090909
DES_RHO,2,5,10.1016/j.jmgm.2022.108319,25,aware,23,25,0.1798352912291947,0.92
DES_RHO,2,5,10.1016/j.jmgm.2022.108319,25,aware_on_anchor_rows,203,220,0.1798352912291947,0.9227272727272727
DES_RHO,2,5,10.1016/j.jmgm.2022.108319,25,explore_offset_q_aware,195,220,0.1798352912291947,0.8863636363636364
DES_RHO,2,5,10.1016/j.jmgm.2022.108319,25,naive,15,25,0.0294009423846062,0.6
DES_RHO,2,5,10.1016/j.molliq.2016.01.038,10,anchor,70,70,0.1878314210158948,1.0
DES_RHO,2,5,10.1016/j.molliq.2016.01.038,10,aware,10,10,0.1798352912291947,1.0
DES_RHO,2,5,10.1016/j.molliq.2016.01.038,10,aware_on_anchor_rows,70,70,0.1798352912291947,1.0
DES_RHO,2,5,10.1016/j.molliq.2016.01.038,10,explore_offset_q_aware,70,70,0.1798352912291947,1.0
DES_RHO,2,5,10.1016/j.molliq.2016.01.038,10,naive,10,10,0.0294009423846062,1.0
DES_RHO,2,5,10.1016/j.molliq.2018.02.049,54,anchor,387,510,0.1878314210158948,0.7588235294117647
DES_RHO,2,5,10.1016/j.molliq.2018.02.049,54,aware,40,54,0.1798352912291947,0.7407407407407407
DES_RHO,2,5,10.1016/j.molliq.2018.02.049,54,aware_on_anchor_rows,375,510,0.1798352912291947,0.7352941176470589
DES_RHO,2,5,10.1016/j.molliq.2018.02.049,54,explore_offset_q_aware,383,510,0.1798352912291947,0.7509803921568627
DES_RHO,2,5,10.1016/j.molliq.2018.02.049,54,naive,22,54,0.0294009423846062,0.4074074074074074
DES_RHO,2,5,10.1016/j.molliq.2018.12.096,4,aware,4,4,0.1798352912291947,1.0
DES_RHO,2,5,10.1016/j.molliq.2018.12.096,4,naive,4,4,0.0294009423846062,1.0
DES_RHO,2,5,10.1016/j.molliq.2019.01.053,14,anchor,110,110,0.1878314210158948,1.0
DES_RHO,2,5,10.1016/j.molliq.2019.01.053,14,aware,14,14,0.1798352912291947,1.0
DES_RHO,2,5,10.1016/j.molliq.2019.01.053,14,aware_on_anchor_rows,110,110,0.1798352912291947,1.0
DES_RHO,2,5,10.1016/j.molliq.2019.01.053,14,explore_offset_q_aware,110,110,0.1798352912291947,1.0
DES_RHO,2,5,10.1016/j.molliq.2019.01.053,14,naive,10,14,0.0294009423846062,0.7142857142857143
DES_RHO,2,5,10.1021/acssuschemeng.8b03520,17,anchor,140,140,0.1878314210158948,1.0
DES_RHO,2,5,10.1021/acssuschemeng.8b03520,17,aware,17,17,0.1798352912291947,1.0
DES_RHO,2,5,10.1021/acssuschemeng.8b03520,17,aware_on_anchor_rows,140,140,0.1798352912291947,1.0
DES_RHO,2,5,10.1021/acssuschemeng.8b03520,17,explore_offset_q_aware,138,140,0.1798352912291947,0.9857142857142858
DES_RHO,2,5,10.1021/acssuschemeng.8b03520,17,naive,12,17,0.0294009423846062,0.7058823529411765
DES_RHO,2,5,10.1021/acssuschemeng.9b01102,28,anchor,240,250,0.1878314210158948,0.96
DES_RHO,2,5,10.1021/acssuschemeng.9b01102,28,aware,27,28,0.1798352912291947,0.9642857142857143
DES_RHO,2,5,10.1021/acssuschemeng.9b01102,28,aware_on_anchor_rows,241,250,0.1798352912291947,0.964
DES_RHO,2,5,10.1021/acssuschemeng.9b01102,28,explore_offset_q_aware,239,250,0.1798352912291947,0.956
DES_RHO,2,5,10.1021/acssuschemeng.9b01102,28,naive,16,28,0.0294009423846062,0.5714285714285714
DES_RHO,2,6,10.1016/j.foodchem.2021.131930,10,anchor,57,70,0.1799790636304683,0.8142857142857143
DES_RHO,2,6,10.1016/j.foodchem.2021.131930,10,aware,9,10,0.1631940129506213,0.9
DES_RHO,2,6,10.1016/j.foodchem.2021.131930,10,aware_on_anchor_rows,64,70,0.1631940129506213,0.9142857142857143
DES_RHO,2,6,10.1016/j.foodchem.2021.131930,10,explore_offset_q_aware,49,70,0.1631940129506213,0.7
DES_RHO,2,6,10.1016/j.foodchem.2021.131930,10,naive,5,10,0.0288378539232549,0.5
DES_RHO,2,6,10.1016/j.jct.2013.08.029,5,aware,5,5,0.1631940129506213,1.0
DES_RHO,2,6,10.1016/j.jct.2013.08.029,5,naive,5,5,0.0288378539232549,1.0
DES_RHO,2,6,10.1016/j.jiec.2022.04.015,34,anchor,310,310,0.1799790636304683,1.0
DES_RHO,2,6,10.1016/j.jiec.2022.04.015,34,aware,34,34,0.1631940129506213,1.0
DES_RHO,2,6,10.1016/j.jiec.2022.04.015,34,aware_on_anchor_rows,310,310,0.1631940129506213,1.0
DES_RHO,2,6,10.1016/j.jiec.2022.04.015,34,explore_offset_q_aware,309,310,0.1631940129506213,0.9967741935483871
DES_RHO,2,6,10.1016/j.jiec.2022.04.015,34,naive,29,34,0.0288378539232549,0.8529411764705882
DES_RHO,2,6,10.1016/j.molliq.2016.02.062,59,anchor,556,560,0.1799790636304683,0.9928571428571429
DES_RHO,2,6,10.1016/j.molliq.2016.02.062,59,aware,58,59,0.1631940129506213,0.9830508474576272
DES_RHO,2,6,10.1016/j.molliq.2016.02.062,59,aware_on_anchor_rows,551,560,0.1631940129506213,0.9839285714285714
DES_RHO,2,6,10.1016/j.molliq.2016.02.062,59,explore_offset_q_aware,551,560,0.1631940129506213,0.9839285714285714
DES_RHO,2,6,10.1016/j.molliq.2016.02.062,59,naive,56,59,0.0288378539232549,0.9491525423728814
DES_RHO,2,6,10.1016/j.molliq.2017.09.091,117,anchor,1086,1140,0.1799790636304683,0.9526315789473684
DES_RHO,2,6,10.1016/j.molliq.2017.09.091,117,aware,64,117,0.1631940129506213,0.5470085470085471
DES_RHO,2,6,10.1016/j.molliq.2017.09.091,117,aware_on_anchor_rows,623,1140,0.1631940129506213,0.5464912280701755
DES_RHO,2,6,10.1016/j.molliq.2017.09.091,117,explore_offset_q_aware,1051,1140,0.1631940129506213,0.9219298245614035
DES_RHO,2,6,10.1016/j.molliq.2017.09.091,117,naive,13,117,0.0288378539232549,0.1111111111111111
DES_RHO,2,6,10.1016/j.molliq.2020.113127,36,anchor,330,330,0.1799790636304683,1.0
DES_RHO,2,6,10.1016/j.molliq.2020.113127,36,aware,36,36,0.1631940129506213,1.0
DES_RHO,2,6,10.1016/j.molliq.2020.113127,36,aware_on_anchor_rows,330,330,0.1631940129506213,1.0
DES_RHO,2,6,10.1016/j.molliq.2020.113127,36,explore_offset_q_aware,330,330,0.1631940129506213,1.0
DES_RHO,2,6,10.1016/j.molliq.2020.113127,36,naive,25,36,0.0288378539232549,0.6944444444444444
DES_RHO,2,6,10.1021/acssuschemeng.5b00619,14,anchor,110,110,0.1799790636304683,1.0
DES_RHO,2,6,10.1021/acssuschemeng.5b00619,14,aware,14,14,0.1631940129506213,1.0
DES_RHO,2,6,10.1021/acssuschemeng.5b00619,14,aware_on_anchor_rows,110,110,0.1631940129506213,1.0
DES_RHO,2,6,10.1021/acssuschemeng.5b00619,14,explore_offset_q_aware,110,110,0.1631940129506213,1.0
DES_RHO,2,6,10.1021/acssuschemeng.5b00619,14,naive,13,14,0.0288378539232549,0.9285714285714286
DES_RHO,2,6,10.1021/acssuschemeng.8b04843,16,anchor,130,130,0.1799790636304683,1.0
DES_RHO,2,6,10.1021/acssuschemeng.8b04843,16,aware,4,16,0.1631940129506213,0.25
DES_RHO,2,6,10.1021/acssuschemeng.8b04843,16,aware_on_anchor_rows,33,130,0.1631940129506213,0.25384615384615383
DES_RHO,2,6,10.1021/acssuschemeng.8b04843,16,explore_offset_q_aware,130,130,0.1631940129506213,1.0
DES_RHO,2,6,10.1021/acssuschemeng.8b04843,16,naive,0,16,0.0288378539232549,0.0
DES_RHO,2,6,10.1021/je400884v,24,anchor,210,210,0.1799790636304683,1.0
DES_RHO,2,6,10.1021/je400884v,24,aware,24,24,0.1631940129506213,1.0
DES_RHO,2,6,10.1021/je400884v,24,aware_on_anchor_rows,210,210,0.1631940129506213,1.0
DES_RHO,2,6,10.1021/je400884v,24,explore_offset_q_aware,210,210,0.1631940129506213,1.0
DES_RHO,2,6,10.1021/je400884v,24,naive,23,24,0.0288378539232549,0.9583333333333334
DES_RHO,2,6,10.1021/je5001796,9,anchor,60,60,0.1799790636304683,1.0
DES_RHO,2,6,10.1021/je5001796,9,aware,9,9,0.1631940129506213,1.0
DES_RHO,2,6,10.1021/je5001796,9,aware_on_anchor_rows,60,60,0.1631940129506213,1.0
DES_RHO,2,6,10.1021/je5001796,9,explore_offset_q_aware,60,60,0.1631940129506213,1.0
DES_RHO,2,6,10.1021/je5001796,9,naive,8,9,0.0288378539232549,0.8888888888888888
DES_RHO,2,6,10.1021/je5002126,70,anchor,469,670,0.1799790636304683,0.7
DES_RHO,2,6,10.1021/je5002126,70,aware,54,70,0.1631940129506213,0.7714285714285715
DES_RHO,2,6,10.1021/je5002126,70,aware_on_anchor_rows,518,670,0.1631940129506213,0.7731343283582089
DES_RHO,2,6,10.1021/je5002126,70,explore_offset_q_aware,416,670,0.1631940129506213,0.6208955223880597
DES_RHO,2,6,10.1021/je5002126,70,naive,0,70,0.0288378539232549,0.0
DES_RHO,2,6,10.1039/c1cp22554e,4,aware,4,4,0.1631940129506213,1.0
DES_RHO,2,6,10.1039/c1cp22554e,4,naive,3,4,0.0288378539232549,0.75
DES_RHO,2,6,10.1039/c5gc01451d,48,anchor,450,450,0.1799790636304683,1.0
DES_RHO,2,6,10.1039/c5gc01451d,48,aware,48,48,0.1631940129506213,1.0
DES_RHO,2,6,10.1039/c5gc01451d,48,aware_on_anchor_rows,450,450,0.1631940129506213,1.0
DES_RHO,2,6,10.1039/c5gc01451d,48,explore_offset_q_aware,450,450,0.1631940129506213,1.0
DES_RHO,2,6,10.1039/c5gc01451d,48,naive,13,48,0.0288378539232549,0.2708333333333333
DES_RHO,2,6,10.1039/c6cc06105b,21,anchor,180,180,0.1799790636304683,1.0
DES_RHO,2,6,10.1039/c6cc06105b,21,aware,21,21,0.1631940129506213,1.0
DES_RHO,2,6,10.1039/c6cc06105b,21,aware_on_anchor_rows,180,180,0.1631940129506213,1.0
DES_RHO,2,6,10.1039/c6cc06105b,21,explore_offset_q_aware,180,180,0.1631940129506213,1.0
DES_RHO,2,6,10.1039/c6cc06105b,21,naive,18,21,0.0288378539232549,0.8571428571428571
DES_RHO,2,6,10.1080/01496395.2016.1247864,6,aware,6,6,0.1631940129506213,1.0
DES_RHO,2,6,10.1080/01496395.2016.1247864,6,naive,5,6,0.0288378539232549,0.8333333333333334
DES_RHO,2,7,10.1016/j.biortech.2020.122897,6,aware,6,6,0.1704830566521078,1.0
DES_RHO,2,7,10.1016/j.biortech.2020.122897,6,naive,4,6,0.0295645362336274,0.6666666666666666
DES_RHO,2,7,10.1016/j.fluid.2022.113462,14,anchor,110,110,0.1821906777550659,1.0
DES_RHO,2,7,10.1016/j.fluid.2022.113462,14,aware,14,14,0.1704830566521078,1.0
DES_RHO,2,7,10.1016/j.fluid.2022.113462,14,aware_on_anchor_rows,110,110,0.1704830566521078,1.0
DES_RHO,2,7,10.1016/j.fluid.2022.113462,14,explore_offset_q_aware,110,110,0.1704830566521078,1.0
DES_RHO,2,7,10.1016/j.fluid.2022.113462,14,naive,13,14,0.0295645362336274,0.9285714285714286
DES_RHO,2,7,10.1016/j.jcou.2022.102217,112,anchor,464,1090,0.1821906777550659,0.42568807339449544
DES_RHO,2,7,10.1016/j.jcou.2022.102217,112,aware,81,112,0.1704830566521078,0.7232142857142857
DES_RHO,2,7,10.1016/j.jcou.2022.102217,112,aware_on_anchor_rows,791,1090,0.1704830566521078,0.7256880733944954
DES_RHO,2,7,10.1016/j.jcou.2022.102217,112,explore_offset_q_aware,450,1090,0.1704830566521078,0.41284403669724773
DES_RHO,2,7,10.1016/j.jcou.2022.102217,112,naive,30,112,0.0295645362336274,0.26785714285714285
DES_RHO,2,7,10.1016/j.jct.2016.08.015,3,aware,3,3,0.1704830566521078,1.0
DES_RHO,2,7,10.1016/j.jct.2016.08.015,3,naive,3,3,0.0295645362336274,1.0
DES_RHO,2,7,10.1016/j.jct.2018.10.003,25,anchor,220,220,0.1821906777550659,1.0
DES_RHO,2,7,10.1016/j.jct.2018.10.003,25,aware,25,25,0.1704830566521078,1.0
DES_RHO,2,7,10.1016/j.jct.2018.10.003,25,aware_on_anchor_rows,220,220,0.1704830566521078,1.0
DES_RHO,2,7,10.1016/j.jct.2018.10.003,25,explore_offset_q_aware,220,220,0.1704830566521078,1.0
DES_RHO,2,7,10.1016/j.jct.2018.10.003,25,naive,5,25,0.0295645362336274,0.2
DES_RHO,2,7,10.1016/j.jct.2018.12.017,54,anchor,510,510,0.1821906777550659,1.0
DES_RHO,2,7,10.1016/j.jct.2018.12.017,54,aware,54,54,0.1704830566521078,1.0
DES_RHO,2,7,10.1016/j.jct.2018.12.017,54,aware_on_anchor_rows,510,510,0.1704830566521078,1.0
DES_RHO,2,7,10.1016/j.jct.2018.12.017,54,explore_offset_q_aware,510,510,0.1704830566521078,1.0
DES_RHO,2,7,10.1016/j.jct.2018.12.017,54,naive,36,54,0.0295645362336274,0.6666666666666666
DES_RHO,2,7,10.1016/j.jct.2021.106713,77,anchor,740,740,0.1821906777550659,1.0
DES_RHO,2,7,10.1016/j.jct.2021.106713,77,aware,77,77,0.1704830566521078,1.0
DES_RHO,2,7,10.1016/j.jct.2021.106713,77,aware_on_anchor_rows,740,740,0.1704830566521078,1.0
DES_RHO,2,7,10.1016/j.jct.2021.106713,77,explore_offset_q_aware,740,740,0.1704830566521078,1.0
DES_RHO,2,7,10.1016/j.jct.2021.106713,77,naive,56,77,0.0295645362336274,0.7272727272727273
DES_RHO,2,7,10.1016/j.tca.2012.04.030,28,anchor,230,250,0.1821906777550659,0.92
DES_RHO,2,7,10.1016/j.tca.2012.04.030,28,aware,25,28,0.1704830566521078,0.8928571428571429
DES_RHO,2,7,10.1016/j.tca.2012.04.030,28,aware_on_anchor_rows,221,250,0.1704830566521078,0.884
DES_RHO,2,7,10.1016/j.tca.2012.04.030,28,explore_offset_q_aware,228,250,0.1704830566521078,0.912
DES_RHO,2,7,10.1016/j.tca.2012.04.030,28,naive,14,28,0.0295645362336274,0.5
DES_RHO,2,7,10.1021/acs.jced.6b00486,18,anchor,134,150,0.1821906777550659,0.8933333333333333
DES_RHO,2,7,10.1021/acs.jced.6b00486,18,aware,9,18,0.1704830566521078,0.5
DES_RHO,2,7,10.1021/acs.jced.6b00486,18,aware_on_anchor_rows,75,150,0.1704830566521078,0.5
DES_RHO,2,7,10.1021/acs.jced.6b00486,18,explore_offset_q_aware,128,150,0.1704830566521078,0.8533333333333334
DES_RHO,2,7,10.1021/acs.jced.6b00486,18,naive,8,18,0.0295645362336274,0.4444444444444444
DES_RHO,2,7,10.1021/acs.jced.6b01013,36,anchor,330,330,0.1821906777550659,1.0
DES_RHO,2,7,10.1021/acs.jced.6b01013,36,aware,36,36,0.1704830566521078,1.0
DES_RHO,2,7,10.1021/acs.jced.6b01013,36,aware_on_anchor_rows,330,330,0.1704830566521078,1.0
DES_RHO,2,7,10.1021/acs.jced.6b01013,36,explore_offset_q_aware,330,330,0.1704830566521078,1.0
DES_RHO,2,7,10.1021/acs.jced.6b01013,36,naive,33,36,0.0295645362336274,0.9166666666666666
DES_RHO,2,7,10.1021/acs.jpcb.0c03876,3,aware,3,3,0.1704830566521078,1.0
DES_RHO,2,7,10.1021/acs.jpcb.0c03876,3,naive,2,3,0.0295645362336274,0.6666666666666666
DES_RHO,2,7,10.1021/acssuschemeng.5b00532,52,anchor,490,490,0.1821906777550659,1.0
DES_RHO,2,7,10.1021/acssuschemeng.5b00532,52,aware,52,52,0.1704830566521078,1.0
DES_RHO,2,7,10.1021/acssuschemeng.5b00532,52,aware_on_anchor_rows,490,490,0.1704830566521078,1.0
DES_RHO,2,7,10.1021/acssuschemeng.5b00532,52,explore_offset_q_aware,490,490,0.1704830566521078,1.0
DES_RHO,2,7,10.1021/acssuschemeng.5b00532,52,naive,38,52,0.0295645362336274,0.7307692307692307
DES_RHO,2,7,10.1021/acssuschemeng.9b02845,21,anchor,180,180,0.1821906777550659,1.0
DES_RHO,2,7,10.1021/acssuschemeng.9b02845,21,aware,21,21,0.1704830566521078,1.0
DES_RHO,2,7,10.1021/acssuschemeng.9b02845,21,aware_on_anchor_rows,180,180,0.1704830566521078,1.0
DES_RHO,2,7,10.1021/acssuschemeng.9b02845,21,explore_offset_q_aware,180,180,0.1704830566521078,1.0
DES_RHO,2,7,10.1021/acssuschemeng.9b02845,21,naive,19,21,0.0295645362336274,0.9047619047619048
DES_RHO,2,7,10.1021/acssuschemeng.9b05434,9,anchor,60,60,0.1821906777550659,1.0
DES_RHO,2,7,10.1021/acssuschemeng.9b05434,9,aware,9,9,0.1704830566521078,1.0
DES_RHO,2,7,10.1021/acssuschemeng.9b05434,9,aware_on_anchor_rows,60,60,0.1704830566521078,1.0
DES_RHO,2,7,10.1021/acssuschemeng.9b05434,9,explore_offset_q_aware,60,60,0.1704830566521078,1.0
DES_RHO,2,7,10.1021/acssuschemeng.9b05434,9,naive,9,9,0.0295645362336274,1.0
DES_RHO,2,7,10.1021/jp0671998,12,anchor,90,90,0.1821906777550659,1.0
DES_RHO,2,7,10.1021/jp0671998,12,aware,12,12,0.1704830566521078,1.0
DES_RHO,2,7,10.1021/jp0671998,12,aware_on_anchor_rows,90,90,0.1704830566521078,1.0
DES_RHO,2,7,10.1021/jp0671998,12,explore_offset_q_aware,90,90,0.1704830566521078,1.0
DES_RHO,2,7,10.1021/jp0671998,12,naive,12,12,0.0295645362336274,1.0
DES_RHO,2,7,10.13140/rg.2.2.13424.10245,5,aware,4,5,0.1704830566521078,0.8
DES_RHO,2,7,10.13140/rg.2.2.13424.10245,5,naive,2,5,0.0295645362336274,0.4
DES_RHO,2,8,10.1016/j.ctta.2022.100088,5,aware,0,5,0.1701875016500094,0.0
DES_RHO,2,8,10.1016/j.ctta.2022.100088,5,naive,0,5,0.0285678379990366,0.0
DES_RHO,2,8,10.1016/j.fluid.2014.08.017,3,aware,3,3,0.1701875016500094,1.0
DES_RHO,2,8,10.1016/j.fluid.2014.08.017,3,naive,1,3,0.0285678379990366,0.3333333333333333
DES_RHO,2,8,10.1016/j.jct.2020.106051,12,anchor,90,90,0.1693806287190442,1.0
DES_RHO,2,8,10.1016/j.jct.2020.106051,12,aware,12,12,0.1701875016500094,1.0
DES_RHO,2,8,10.1016/j.jct.2020.106051,12,aware_on_anchor_rows,90,90,0.1701875016500094,1.0
DES_RHO,2,8,10.1016/j.jct.2020.106051,12,explore_offset_q_aware,90,90,0.1701875016500094,1.0
DES_RHO,2,8,10.1016/j.jct.2020.106051,12,naive,9,12,0.0285678379990366,0.75
DES_RHO,2,8,10.1016/j.molliq.2016.07.039,77,anchor,459,740,0.1693806287190442,0.6202702702702703
DES_RHO,2,8,10.1016/j.molliq.2016.07.039,77,aware,68,77,0.1701875016500094,0.8831168831168831
DES_RHO,2,8,10.1016/j.molliq.2016.07.039,77,aware_on_anchor_rows,654,740,0.1701875016500094,0.8837837837837837
DES_RHO,2,8,10.1016/j.molliq.2016.07.039,77,explore_offset_q_aware,461,740,0.1701875016500094,0.6229729729729729
DES_RHO,2,8,10.1016/j.molliq.2016.07.039,77,naive,35,77,0.0285678379990366,0.45454545454545453
DES_RHO,2,8,10.1016/j.molliq.2017.04.052,39,anchor,212,360,0.1693806287190442,0.5888888888888889
DES_RHO,2,8,10.1016/j.molliq.2017.04.052,39,aware,36,39,0.1701875016500094,0.9230769230769231
DES_RHO,2,8,10.1016/j.molliq.2017.04.052,39,aware_on_anchor_rows,334,360,0.1701875016500094,0.9277777777777778
DES_RHO,2,8,10.1016/j.molliq.2017.04.052,39,explore_offset_q_aware,214,360,0.1701875016500094,0.5944444444444444
DES_RHO,2,8,10.1016/j.molliq.2017.04.052,39,naive,25,39,0.0285678379990366,0.6410256410256411
DES_RHO,2,8,10.1016/j.molliq.2018.02.085,63,anchor,591,600,0.1693806287190442,0.985
DES_RHO,2,8,10.1016/j.molliq.2018.02.085,63,aware,62,63,0.1701875016500094,0.9841269841269841
DES_RHO,2,8,10.1016/j.molliq.2018.02.085,63,aware_on_anchor_rows,591,600,0.1701875016500094,0.985
DES_RHO,2,8,10.1016/j.molliq.2018.02.085,63,explore_offset_q_aware,591,600,0.1701875016500094,0.985
DES_RHO,2,8,10.1016/j.molliq.2018.02.085,63,naive,57,63,0.0285678379990366,0.9047619047619048
DES_RHO,2,8,10.1016/j.molliq.2019.111916,35,anchor,320,320,0.1693806287190442,1.0
DES_RHO,2,8,10.1016/j.molliq.2019.111916,35,aware,35,35,0.1701875016500094,1.0
DES_RHO,2,8,10.1016/j.molliq.2019.111916,35,aware_on_anchor_rows,320,320,0.1701875016500094,1.0
DES_RHO,2,8,10.1016/j.molliq.2019.111916,35,explore_offset_q_aware,320,320,0.1701875016500094,1.0
DES_RHO,2,8,10.1016/j.molliq.2019.111916,35,naive,31,35,0.0285678379990366,0.8857142857142857
DES_RHO,2,8,10.1016/j.molliq.2020.112644,18,anchor,150,150,0.1693806287190442,1.0
DES_RHO,2,8,10.1016/j.molliq.2020.112644,18,aware,18,18,0.1701875016500094,1.0
DES_RHO,2,8,10.1016/j.molliq.2020.112644,18,aware_on_anchor_rows,150,150,0.1701875016500094,1.0
DES_RHO,2,8,10.1016/j.molliq.2020.112644,18,explore_offset_q_aware,150,150,0.1701875016500094,1.0
DES_RHO,2,8,10.1016/j.molliq.2020.112644,18,naive,7,18,0.0285678379990366,0.3888888888888889
DES_RHO,2,8,10.1016/j.molliq.2022.119396,90,anchor,485,870,0.1693806287190442,0.5574712643678161
DES_RHO,2,8,10.1016/j.molliq.2022.119396,90,aware,52,90,0.1701875016500094,0.5777777777777777
DES_RHO,2,8,10.1016/j.molliq.2022.119396,90,aware_on_anchor_rows,501,870,0.1701875016500094,0.5758620689655173
DES_RHO,2,8,10.1016/j.molliq.2022.119396,90,explore_offset_q_aware,486,870,0.1701875016500094,0.5586206896551724
DES_RHO,2,8,10.1016/j.molliq.2022.119396,90,naive,18,90,0.0285678379990366,0.2
DES_RHO,2,8,10.1016/j.molliq.2022.120266,52,anchor,490,490,0.1693806287190442,1.0
DES_RHO,2,8,10.1016/j.molliq.2022.120266,52,aware,52,52,0.1701875016500094,1.0
DES_RHO,2,8,10.1016/j.molliq.2022.120266,52,aware_on_anchor_rows,490,490,0.1701875016500094,1.0
DES_RHO,2,8,10.1016/j.molliq.2022.120266,52,explore_offset_q_aware,490,490,0.1701875016500094,1.0
DES_RHO,2,8,10.1016/j.molliq.2022.120266,52,naive,46,52,0.0285678379990366,0.8846153846153846
DES_RHO,2,8,10.1021/acssuschemeng.8b05072,26,anchor,228,230,0.1693806287190442,0.991304347826087
DES_RHO,2,8,10.1021/acssuschemeng.8b05072,26,aware,26,26,0.1701875016500094,1.0
DES_RHO,2,8,10.1021/acssuschemeng.8b05072,26,aware_on_anchor_rows,230,230,0.1701875016500094,1.0
DES_RHO,2,8,10.1021/acssuschemeng.8b05072,26,explore_offset_q_aware,228,230,0.1701875016500094,0.991304347826087
DES_RHO,2,8,10.1021/acssuschemeng.8b05072,26,naive,16,26,0.0285678379990366,0.6153846153846154
DES_RHO,2,8,10.1021/acssuschemeng.9b00044,3,aware,3,3,0.1701875016500094,1.0
DES_RHO,2,8,10.1021/acssuschemeng.9b00044,3,naive,2,3,0.0285678379990366,0.6666666666666666
DES_RHO,2,8,10.1039/c5cp03364k,15,anchor,120,120,0.1693806287190442,1.0
DES_RHO,2,8,10.1039/c5cp03364k,15,aware,15,15,0.1701875016500094,1.0
DES_RHO,2,8,10.1039/c5cp03364k,15,aware_on_anchor_rows,120,120,0.1701875016500094,1.0
DES_RHO,2,8,10.1039/c5cp03364k,15,explore_offset_q_aware,120,120,0.1701875016500094,1.0
DES_RHO,2,8,10.1039/c5cp03364k,15,naive,14,15,0.0285678379990366,0.9333333333333333
DES_RHO,2,8,10.1039/c5gc03080c,8,anchor,50,50,0.1693806287190442,1.0
DES_RHO,2,8,10.1039/c5gc03080c,8,aware,8,8,0.1701875016500094,1.0
DES_RHO,2,8,10.1039/c5gc03080c,8,aware_on_anchor_rows,50,50,0.1701875016500094,1.0
DES_RHO,2,8,10.1039/c5gc03080c,8,explore_offset_q_aware,50,50,0.1701875016500094,1.0
DES_RHO,2,8,10.1039/c5gc03080c,8,naive,0,8,0.0285678379990366,0.0
DES_RHO,2,8,10.3390/separations6010009,7,aware,7,7,0.1701875016500094,1.0
DES_RHO,2,8,10.3390/separations6010009,7,naive,5,7,0.0285678379990366,0.7142857142857143
DES_RHO,2,8,10.3866/pku.whxb201506111,22,anchor,146,190,0.1693806287190442,0.7684210526315789
DES_RHO,2,8,10.3866/pku.whxb201506111,22,aware,11,22,0.1701875016500094,0.5
DES_RHO,2,8,10.3866/pku.whxb201506111,22,aware_on_anchor_rows,97,190,0.1701875016500094,0.5105263157894737
DES_RHO,2,8,10.3866/pku.whxb201506111,22,explore_offset_q_aware,146,190,0.1701875016500094,0.7684210526315789
DES_RHO,2,8,10.3866/pku.whxb201506111,22,naive,11,22,0.0285678379990366,0.5
DES_RHO,2,9,10.1016/j.bioelechem.2022.108207,3,aware,3,3,0.1690649942613593,1.0
DES_RHO,2,9,10.1016/j.bioelechem.2022.108207,3,naive,3,3,0.030562205016547,1.0
DES_RHO,2,9,10.1016/j.fluid.2017.03.008,84,anchor,810,810,0.1843451850274768,1.0
DES_RHO,2,9,10.1016/j.fluid.2017.03.008,84,aware,84,84,0.1690649942613593,1.0
DES_RHO,2,9,10.1016/j.fluid.2017.03.008,84,aware_on_anchor_rows,810,810,0.1690649942613593,1.0
DES_RHO,2,9,10.1016/j.fluid.2017.03.008,84,explore_offset_q_aware,810,810,0.1690649942613593,1.0
DES_RHO,2,9,10.1016/j.fluid.2017.03.008,84,naive,67,84,0.030562205016547,0.7976190476190477
DES_RHO,2,9,10.1016/j.fluid.2019.02.010,64,anchor,610,610,0.1843451850274768,1.0
DES_RHO,2,9,10.1016/j.fluid.2019.02.010,64,aware,64,64,0.1690649942613593,1.0
DES_RHO,2,9,10.1016/j.fluid.2019.02.010,64,aware_on_anchor_rows,610,610,0.1690649942613593,1.0
DES_RHO,2,9,10.1016/j.fluid.2019.02.010,64,explore_offset_q_aware,610,610,0.1690649942613593,1.0
DES_RHO,2,9,10.1016/j.fluid.2019.02.010,64,naive,62,64,0.030562205016547,0.96875
DES_RHO,2,9,10.1016/j.foodchem.2022.133379,7,aware,5,7,0.1690649942613593,0.7142857142857143
DES_RHO,2,9,10.1016/j.foodchem.2022.133379,7,naive,5,7,0.030562205016547,0.7142857142857143
DES_RHO,2,9,10.1016/j.foodchem.2022.134054,38,anchor,332,350,0.1843451850274768,0.9485714285714286
DES_RHO,2,9,10.1016/j.foodchem.2022.134054,38,aware,36,38,0.1690649942613593,0.9473684210526315
DES_RHO,2,9,10.1016/j.foodchem.2022.134054,38,aware_on_anchor_rows,331,350,0.1690649942613593,0.9457142857142857
DES_RHO,2,9,10.1016/j.foodchem.2022.134054,38,explore_offset_q_aware,331,350,0.1690649942613593,0.9457142857142857
DES_RHO,2,9,10.1016/j.foodchem.2022.134054,38,naive,33,38,0.030562205016547,0.868421052631579
DES_RHO,2,9,10.1016/j.jclepro.2022.133589,3,aware,3,3,0.1690649942613593,1.0
DES_RHO,2,9,10.1016/j.jclepro.2022.133589,3,naive,3,3,0.030562205016547,1.0
DES_RHO,2,9,10.1016/j.jhazmat.2021.127972,27,anchor,240,240,0.1843451850274768,1.0
DES_RHO,2,9,10.1016/j.jhazmat.2021.127972,27,aware,27,27,0.1690649942613593,1.0
DES_RHO,2,9,10.1016/j.jhazmat.2021.127972,27,aware_on_anchor_rows,240,240,0.1690649942613593,1.0
DES_RHO,2,9,10.1016/j.jhazmat.2021.127972,27,explore_offset_q_aware,240,240,0.1690649942613593,1.0
DES_RHO,2,9,10.1016/j.jhazmat.2021.127972,27,naive,20,27,0.030562205016547,0.7407407407407407
DES_RHO,2,9,10.1016/j.jobe.2021.103056,9,anchor,42,60,0.1843451850274768,0.7
DES_RHO,2,9,10.1016/j.jobe.2021.103056,9,aware,8,9,0.1690649942613593,0.8888888888888888
DES_RHO,2,9,10.1016/j.jobe.2021.103056,9,aware_on_anchor_rows,55,60,0.1690649942613593,0.9166666666666666
DES_RHO,2,9,10.1016/j.jobe.2021.103056,9,explore_offset_q_aware,39,60,0.1690649942613593,0.65
DES_RHO,2,9,10.1016/j.jobe.2021.103056,9,naive,4,9,0.030562205016547,0.4444444444444444
DES_RHO,2,9,10.1016/j.microc.2022.107372,34,anchor,296,310,0.1843451850274768,0.9548387096774194
DES_RHO,2,9,10.1016/j.microc.2022.107372,34,aware,32,34,0.1690649942613593,0.9411764705882353
DES_RHO,2,9,10.1016/j.microc.2022.107372,34,aware_on_anchor_rows,293,310,0.1690649942613593,0.9451612903225807
DES_RHO,2,9,10.1016/j.microc.2022.107372,34,explore_offset_q_aware,294,310,0.1690649942613593,0.9483870967741935
DES_RHO,2,9,10.1016/j.microc.2022.107372,34,naive,16,34,0.030562205016547,0.47058823529411764
DES_RHO,2,9,10.1016/j.molliq.2016.10.115,12,anchor,90,90,0.1843451850274768,1.0
DES_RHO,2,9,10.1016/j.molliq.2016.10.115,12,aware,12,12,0.1690649942613593,1.0
DES_RHO,2,9,10.1016/j.molliq.2016.10.115,12,aware_on_anchor_rows,90,90,0.1690649942613593,1.0
DES_RHO,2,9,10.1016/j.molliq.2016.10.115,12,explore_offset_q_aware,90,90,0.1690649942613593,1.0
DES_RHO,2,9,10.1016/j.molliq.2016.10.115,12,naive,10,12,0.030562205016547,0.8333333333333334
DES_RHO,2,9,10.1016/j.molliq.2020.113110,81,anchor,697,780,0.1843451850274768,0.8935897435897436
DES_RHO,2,9,10.1016/j.molliq.2020.113110,81,aware,46,81,0.1690649942613593,0.5679012345679012
DES_RHO,2,9,10.1016/j.molliq.2020.113110,81,aware_on_anchor_rows,444,780,0.1690649942613593,0.5692307692307692
DES_RHO,2,9,10.1016/j.molliq.2020.113110,81,explore_offset_q_aware,662,780,0.1690649942613593,0.8487179487179487
DES_RHO,2,9,10.1016/j.molliq.2020.113110,81,naive,10,81,0.030562205016547,0.12345679012345678
DES_RHO,2,9,10.1016/j.molliq.2021.118393,54,anchor,494,510,0.1843451850274768,0.9686274509803922
DES_RHO,2,9,10.1016/j.molliq.2021.118393,54,aware,47,54,0.1690649942613593,0.8703703703703703
DES_RHO,2,9,10.1016/j.molliq.2021.118393,54,aware_on_anchor_rows,442,510,0.1690649942613593,0.8666666666666667
DES_RHO,2,9,10.1016/j.molliq.2021.118393,54,explore_offset_q_aware,475,510,0.1690649942613593,0.9313725490196079
DES_RHO,2,9,10.1016/j.molliq.2021.118393,54,naive,7,54,0.030562205016547,0.12962962962962962
DES_RHO,2,9,10.1016/j.seppur.2020.116692,22,anchor,190,190,0.1843451850274768,1.0
DES_RHO,2,9,10.1016/j.seppur.2020.116692,22,aware,22,22,0.1690649942613593,1.0
DES_RHO,2,9,10.1016/j.seppur.2020.116692,22,aware_on_anchor_rows,190,190,0.1690649942613593,1.0
DES_RHO,2,9,10.1016/j.seppur.2020.116692,22,explore_offset_q_aware,190,190,0.1690649942613593,1.0
DES_RHO,2,9,10.1016/j.seppur.2020.116692,22,naive,18,22,0.030562205016547,0.8181818181818182
DES_RHO,2,9,10.1021/acs.energyfuels.6b00471,5,aware,3,5,0.1690649942613593,0.6
DES_RHO,2,9,10.1021/acs.energyfuels.6b00471,5,naive,2,5,0.030562205016547,0.4
DES_RHO,2,9,10.1021/je100104v,14,anchor,110,110,0.1843451850274768,1.0
DES_RHO,2,9,10.1021/je100104v,14,aware,14,14,0.1690649942613593,1.0
DES_RHO,2,9,10.1021/je100104v,14,aware_on_anchor_rows,110,110,0.1690649942613593,1.0
DES_RHO,2,9,10.1021/je100104v,14,explore_offset_q_aware,110,110,0.1690649942613593,1.0
DES_RHO,2,9,10.1021/je100104v,14,naive,14,14,0.030562205016547,1.0
DES_RHO,2,9,10.1021/jp5089004,18,anchor,150,150,0.1843451850274768,1.0
DES_RHO,2,9,10.1021/jp5089004,18,aware,18,18,0.1690649942613593,1.0
DES_RHO,2,9,10.1021/jp5089004,18,aware_on_anchor_rows,150,150,0.1690649942613593,1.0
DES_RHO,2,9,10.1021/jp5089004,18,explore_offset_q_aware,150,150,0.1690649942613593,1.0
DES_RHO,2,9,10.1021/jp5089004,18,naive,9,18,0.030562205016547,0.5
DES_RHO,3,0,10.1002/aic.18095,2667,anchor,20518,26640,0.1449570889392357,0.7701951951951952
DES_RHO,3,0,10.1002/aic.18095,2667,aware,2291,2667,0.1753889018350389,0.8590176227971503
DES_RHO,3,0,10.1002/aic.18095,2667,aware_on_anchor_rows,22886,26640,0.1753889018350389,0.8590840840840841
DES_RHO,3,0,10.1002/aic.18095,2667,explore_offset_q_aware,22418,26640,0.1753889018350389,0.8415165165165165
DES_RHO,3,0,10.1002/aic.18095,2667,naive,1265,2667,0.0501877083053017,0.474315710536183
DES_RHO,3,1,10.1016/j.biortech.2020.122897,6,aware,6,6,0.1812833840433558,1.0
DES_RHO,3,1,10.1016/j.biortech.2020.122897,6,naive,4,6,0.0295692179265167,0.6666666666666666
DES_RHO,3,1,10.1016/j.chroma.2018.07.070,13,anchor,100,100,0.1918488364602114,1.0
DES_RHO,3,1,10.1016/j.chroma.2018.07.070,13,aware,13,13,0.1812833840433558,1.0
DES_RHO,3,1,10.1016/j.chroma.2018.07.070,13,aware_on_anchor_rows,100,100,0.1812833840433558,1.0
DES_RHO,3,1,10.1016/j.chroma.2018.07.070,13,explore_offset_q_aware,100,100,0.1812833840433558,1.0
DES_RHO,3,1,10.1016/j.chroma.2018.07.070,13,naive,5,13,0.0295692179265167,0.38461538461538464
DES_RHO,3,1,10.1016/j.jct.2013.08.029,5,aware,5,5,0.1812833840433558,1.0
DES_RHO,3,1,10.1016/j.jct.2013.08.029,5,naive,5,5,0.0295692179265167,1.0
DES_RHO,3,1,10.1016/j.jhazmat.2021.127972,27,anchor,240,240,0.1918488364602114,1.0
DES_RHO,3,1,10.1016/j.jhazmat.2021.127972,27,aware,27,27,0.1812833840433558,1.0
DES_RHO,3,1,10.1016/j.jhazmat.2021.127972,27,aware_on_anchor_rows,240,240,0.1812833840433558,1.0
DES_RHO,3,1,10.1016/j.jhazmat.2021.127972,27,explore_offset_q_aware,240,240,0.1812833840433558,1.0
DES_RHO,3,1,10.1016/j.jhazmat.2021.127972,27,naive,23,27,0.0295692179265167,0.8518518518518519
DES_RHO,3,1,10.1016/j.molliq.2022.120420,351,anchor,3480,3480,0.1918488364602114,1.0
DES_RHO,3,1,10.1016/j.molliq.2022.120420,351,aware,351,351,0.1812833840433558,1.0
DES_RHO,3,1,10.1016/j.molliq.2022.120420,351,aware_on_anchor_rows,3480,3480,0.1812833840433558,1.0
DES_RHO,3,1,10.1016/j.molliq.2022.120420,351,explore_offset_q_aware,3480,3480,0.1812833840433558,1.0
DES_RHO,3,1,10.1016/j.molliq.2022.120420,351,naive,332,351,0.0295692179265167,0.9458689458689459
DES_RHO,3,1,10.1016/j.tca.2014.11.028,18,anchor,150,150,0.1918488364602114,1.0
DES_RHO,3,1,10.1016/j.tca.2014.11.028,18,aware,18,18,0.1812833840433558,1.0
DES_RHO,3,1,10.1016/j.tca.2014.11.028,18,aware_on_anchor_rows,150,150,0.1812833840433558,1.0
DES_RHO,3,1,10.1016/j.tca.2014.11.028,18,explore_offset_q_aware,150,150,0.1812833840433558,1.0
DES_RHO,3,1,10.1016/j.tca.2014.11.028,18,naive,17,18,0.0295692179265167,0.9444444444444444
DES_RHO,3,1,10.1021/acs.iecr.5b02611,22,anchor,190,190,0.1918488364602114,1.0
DES_RHO,3,1,10.1021/acs.iecr.5b02611,22,aware,22,22,0.1812833840433558,1.0
DES_RHO,3,1,10.1021/acs.iecr.5b02611,22,aware_on_anchor_rows,190,190,0.1812833840433558,1.0
DES_RHO,3,1,10.1021/acs.iecr.5b02611,22,explore_offset_q_aware,190,190,0.1812833840433558,1.0
DES_RHO,3,1,10.1021/acs.iecr.5b02611,22,naive,0,22,0.0295692179265167,0.0
DES_RHO,3,1,10.1021/acssuschemeng.8b04843,16,anchor,130,130,0.1918488364602114,1.0
DES_RHO,3,1,10.1021/acssuschemeng.8b04843,16,aware,8,16,0.1812833840433558,0.5
DES_RHO,3,1,10.1021/acssuschemeng.8b04843,16,aware_on_anchor_rows,64,130,0.1812833840433558,0.49230769230769234
DES_RHO,3,1,10.1021/acssuschemeng.8b04843,16,explore_offset_q_aware,130,130,0.1812833840433558,1.0
DES_RHO,3,1,10.1021/acssuschemeng.8b04843,16,naive,0,16,0.0295692179265167,0.0
DES_RHO,3,1,10.1021/acssuschemeng.9b05434,9,anchor,60,60,0.1918488364602114,1.0
DES_RHO,3,1,10.1021/acssuschemeng.9b05434,9,aware,9,9,0.1812833840433558,1.0
DES_RHO,3,1,10.1021/acssuschemeng.9b05434,9,aware_on_anchor_rows,60,60,0.1812833840433558,1.0
DES_RHO,3,1,10.1021/acssuschemeng.9b05434,9,explore_offset_q_aware,60,60,0.1812833840433558,1.0
DES_RHO,3,1,10.1021/acssuschemeng.9b05434,9,naive,9,9,0.0295692179265167,1.0
DES_RHO,3,1,10.3390/separations6010009,7,aware,7,7,0.1812833840433558,1.0
DES_RHO,3,1,10.3390/separations6010009,7,naive,6,7,0.0295692179265167,0.8571428571428571
DES_RHO,3,2,10.1016/j.fluid.2013.06.050,24,anchor,210,210,0.1876191775595491,1.0
DES_RHO,3,2,10.1016/j.fluid.2013.06.050,24,aware,24,24,0.1794269022852275,1.0
DES_RHO,3,2,10.1016/j.fluid.2013.06.050,24,aware_on_anchor_rows,210,210,0.1794269022852275,1.0
DES_RHO,3,2,10.1016/j.fluid.2013.06.050,24,explore_offset_q_aware,210,210,0.1794269022852275,1.0
DES_RHO,3,2,10.1016/j.fluid.2013.06.050,24,naive,16,24,0.0309094130221345,0.6666666666666666
DES_RHO,3,2,10.1016/j.fluid.2014.08.017,3,aware,3,3,0.1794269022852275,1.0
DES_RHO,3,2,10.1016/j.fluid.2014.08.017,3,naive,1,3,0.0309094130221345,0.3333333333333333
DES_RHO,3,2,10.1016/j.fluid.2020.112752,36,anchor,330,330,0.1876191775595491,1.0
DES_RHO,3,2,10.1016/j.fluid.2020.112752,36,aware,36,36,0.1794269022852275,1.0
DES_RHO,3,2,10.1016/j.fluid.2020.112752,36,aware_on_anchor_rows,330,330,0.1794269022852275,1.0
DES_RHO,3,2,10.1016/j.fluid.2020.112752,36,explore_offset_q_aware,330,330,0.1794269022852275,1.0
DES_RHO,3,2,10.1016/j.fluid.2020.112752,36,naive,12,36,0.0309094130221345,0.3333333333333333
DES_RHO,3,2,10.1016/j.jct.2013.05.041,20,anchor,170,170,0.1876191775595491,1.0
DES_RHO,3,2,10.1016/j.jct.2013.05.041,20,aware,20,20,0.1794269022852275,1.0
DES_RHO,3,2,10.1016/j.jct.2013.05.041,20,aware_on_anchor_rows,170,170,0.1794269022852275,1.0
DES_RHO,3,2,10.1016/j.jct.2013.05.041,20,explore_offset_q_aware,170,170,0.1794269022852275,1.0
DES_RHO,3,2,10.1016/j.jct.2013.05.041,20,naive,15,20,0.0309094130221345,0.75
DES_RHO,3,2,10.1016/j.jct.2021.106578,43,anchor,400,400,0.1876191775595491,1.0
DES_RHO,3,2,10.1016/j.jct.2021.106578,43,aware,43,43,0.1794269022852275,1.0
DES_RHO,3,2,10.1016/j.jct.2021.106578,43,aware_on_anchor_rows,400,400,0.1794269022852275,1.0
DES_RHO,3,2,10.1016/j.jct.2021.106578,43,explore_offset_q_aware,400,400,0.1794269022852275,1.0
DES_RHO,3,2,10.1016/j.jct.2021.106578,43,naive,37,43,0.0309094130221345,0.8604651162790697
DES_RHO,3,2,10.1016/j.jtice.2012.01.007,15,anchor,120,120,0.1876191775595491,1.0
DES_RHO,3,2,10.1016/j.jtice.2012.01.007,15,aware,15,15,0.1794269022852275,1.0
DES_RHO,3,2,10.1016/j.jtice.2012.01.007,15,aware_on_anchor_rows,120,120,0.1794269022852275,1.0
DES_RHO,3,2,10.1016/j.jtice.2012.01.007,15,explore_offset_q_aware,120,120,0.1794269022852275,1.0
DES_RHO,3,2,10.1016/j.jtice.2012.01.007,15,naive,14,15,0.0309094130221345,0.9333333333333333
DES_RHO,3,2,10.1016/j.molliq.2016.10.115,12,anchor,90,90,0.1876191775595491,1.0
DES_RHO,3,2,10.1016/j.molliq.2016.10.115,12,aware,12,12,0.1794269022852275,1.0
DES_RHO,3,2,10.1016/j.molliq.2016.10.115,12,aware_on_anchor_rows,90,90,0.1794269022852275,1.0
DES_RHO,3,2,10.1016/j.molliq.2016.10.115,12,explore_offset_q_aware,90,90,0.1794269022852275,1.0
DES_RHO,3,2,10.1016/j.molliq.2016.10.115,12,naive,11,12,0.0309094130221345,0.9166666666666666
DES_RHO,3,2,10.1016/j.molliq.2018.12.096,4,aware,4,4,0.1794269022852275,1.0
DES_RHO,3,2,10.1016/j.molliq.2018.12.096,4,naive,4,4,0.0309094130221345,1.0
DES_RHO,3,2,10.1016/j.tca.2011.10.010,268,anchor,2650,2650,0.1876191775595491,1.0
DES_RHO,3,2,10.1016/j.tca.2011.10.010,268,aware,268,268,0.1794269022852275,1.0
DES_RHO,3,2,10.1016/j.tca.2011.10.010,268,aware_on_anchor_rows,2650,2650,0.1794269022852275,1.0
DES_RHO,3,2,10.1016/j.tca.2011.10.010,268,explore_offset_q_aware,2650,2650,0.1794269022852275,1.0
DES_RHO,3,2,10.1016/j.tca.2011.10.010,268,naive,209,268,0.0309094130221345,0.7798507462686567
DES_RHO,3,2,10.1021/acs.jced.9b00237,8,anchor,50,50,0.1876191775595491,1.0
DES_RHO,3,2,10.1021/acs.jced.9b00237,8,aware,8,8,0.1794269022852275,1.0
DES_RHO,3,2,10.1021/acs.jced.9b00237,8,aware_on_anchor_rows,50,50,0.1794269022852275,1.0
DES_RHO,3,2,10.1021/acs.jced.9b00237,8,explore_offset_q_aware,50,50,0.1794269022852275,1.0
DES_RHO,3,2,10.1021/acs.jced.9b00237,8,naive,7,8,0.0309094130221345,0.875
DES_RHO,3,2,10.1021/acssuschemeng.9b01102,28,anchor,240,250,0.1876191775595491,0.96
DES_RHO,3,2,10.1021/acssuschemeng.9b01102,28,aware,27,28,0.1794269022852275,0.9642857142857143
DES_RHO,3,2,10.1021/acssuschemeng.9b01102,28,aware_on_anchor_rows,241,250,0.1794269022852275,0.964
DES_RHO,3,2,10.1021/acssuschemeng.9b01102,28,explore_offset_q_aware,240,250,0.1794269022852275,0.96
DES_RHO,3,2,10.1021/acssuschemeng.9b01102,28,naive,16,28,0.0309094130221345,0.5714285714285714
DES_RHO,3,2,10.1021/je5001796,9,anchor,60,60,0.1876191775595491,1.0
DES_RHO,3,2,10.1021/je5001796,9,aware,9,9,0.1794269022852275,1.0
DES_RHO,3,2,10.1021/je5001796,9,aware_on_anchor_rows,60,60,0.1794269022852275,1.0
DES_RHO,3,2,10.1021/je5001796,9,explore_offset_q_aware,60,60,0.1794269022852275,1.0
DES_RHO,3,2,10.1021/je5001796,9,naive,8,9,0.0309094130221345,0.8888888888888888
DES_RHO,3,2,10.1021/je500320c,6,aware,6,6,0.1794269022852275,1.0
DES_RHO,3,2,10.1021/je500320c,6,naive,6,6,0.0309094130221345,1.0
DES_RHO,3,3,10.1016/j.chroma.2018.12.063,5,aware,5,5,0.1826243078530711,1.0
DES_RHO,3,3,10.1016/j.chroma.2018.12.063,5,naive,0,5,0.0298934632770779,0.0
DES_RHO,3,3,10.1016/j.fluid.2022.113462,14,anchor,110,110,0.1829445870226997,1.0
DES_RHO,3,3,10.1016/j.fluid.2022.113462,14,aware,14,14,0.1826243078530711,1.0
DES_RHO,3,3,10.1016/j.fluid.2022.113462,14,aware_on_anchor_rows,110,110,0.1826243078530711,1.0
DES_RHO,3,3,10.1016/j.fluid.2022.113462,14,explore_offset_q_aware,110,110,0.1826243078530711,1.0
DES_RHO,3,3,10.1016/j.fluid.2022.113462,14,naive,13,14,0.0298934632770779,0.9285714285714286
DES_RHO,3,3,10.1016/j.ijggc.2016.02.006,8,anchor,50,50,0.1829445870226997,1.0
DES_RHO,3,3,10.1016/j.ijggc.2016.02.006,8,aware,8,8,0.1826243078530711,1.0
DES_RHO,3,3,10.1016/j.ijggc.2016.02.006,8,aware_on_anchor_rows,50,50,0.1826243078530711,1.0
DES_RHO,3,3,10.1016/j.ijggc.2016.02.006,8,explore_offset_q_aware,50,50,0.1826243078530711,1.0
DES_RHO,3,3,10.1016/j.ijggc.2016.02.006,8,naive,6,8,0.0298934632770779,0.75
DES_RHO,3,3,10.1016/j.jmgm.2022.108319,25,anchor,181,220,0.1829445870226997,0.8227272727272728
DES_RHO,3,3,10.1016/j.jmgm.2022.108319,25,aware,19,25,0.1826243078530711,0.76
DES_RHO,3,3,10.1016/j.jmgm.2022.108319,25,aware_on_anchor_rows,168,220,0.1826243078530711,0.7636363636363637
DES_RHO,3,3,10.1016/j.jmgm.2022.108319,25,explore_offset_q_aware,181,220,0.1826243078530711,0.8227272727272728
DES_RHO,3,3,10.1016/j.jmgm.2022.108319,25,naive,13,25,0.0298934632770779,0.52
DES_RHO,3,3,10.1016/j.molliq.2017.05.084,45,anchor,420,420,0.1829445870226997,1.0
DES_RHO,3,3,10.1016/j.molliq.2017.05.084,45,aware,45,45,0.1826243078530711,1.0
DES_RHO,3,3,10.1016/j.molliq.2017.05.084,45,aware_on_anchor_rows,420,420,0.1826243078530711,1.0
DES_RHO,3,3,10.1016/j.molliq.2017.05.084,45,explore_offset_q_aware,420,420,0.1826243078530711,1.0
DES_RHO,3,3,10.1016/j.molliq.2017.05.084,45,naive,20,45,0.0298934632770779,0.4444444444444444
DES_RHO,3,3,10.1016/j.molliq.2022.119392,11,anchor,80,80,0.1829445870226997,1.0
DES_RHO,3,3,10.1016/j.molliq.2022.119392,11,aware,11,11,0.1826243078530711,1.0
DES_RHO,3,3,10.1016/j.molliq.2022.119392,11,aware_on_anchor_rows,80,80,0.1826243078530711,1.0
DES_RHO,3,3,10.1016/j.molliq.2022.119392,11,explore_offset_q_aware,80,80,0.1826243078530711,1.0
DES_RHO,3,3,10.1016/j.molliq.2022.119392,11,naive,11,11,0.0298934632770779,1.0
DES_RHO,3,3,10.1021/acssuschemeng.0c04215,7,aware,6,7,0.1826243078530711,0.8571428571428571
DES_RHO,3,3,10.1021/acssuschemeng.0c04215,7,naive,2,7,0.0298934632770779,0.2857142857142857
DES_RHO,3,3,10.1021/acssuschemeng.8b01203,187,anchor,1840,1840,0.1829445870226997,1.0
DES_RHO,3,3,10.1021/acssuschemeng.8b01203,187,aware,187,187,0.1826243078530711,1.0
DES_RHO,3,3,10.1021/acssuschemeng.8b01203,187,aware_on_anchor_rows,1840,1840,0.1826243078530711,1.0
DES_RHO,3,3,10.1021/acssuschemeng.8b01203,187,explore_offset_q_aware,1840,1840,0.1826243078530711,1.0
DES_RHO,3,3,10.1021/acssuschemeng.8b01203,187,naive,122,187,0.0298934632770779,0.6524064171122995
DES_RHO,3,3,10.1021/acssuschemeng.8b05548,2,aware,1,2,0.1826243078530711,0.5
DES_RHO,3,3,10.1021/acssuschemeng.8b05548,2,naive,1,2,0.0298934632770779,0.5
DES_RHO,3,3,10.1021/acssuschemeng.9b00044,3,aware,3,3,0.1826243078530711,1.0
DES_RHO,3,3,10.1021/acssuschemeng.9b00044,3,naive,3,3,0.0298934632770779,1.0
DES_RHO,3,3,10.1021/acssuschemeng.9b02845,21,anchor,180,180,0.1829445870226997,1.0
DES_RHO,3,3,10.1021/acssuschemeng.9b02845,21,aware,21,21,0.1826243078530711,1.0
DES_RHO,3,3,10.1021/acssuschemeng.9b02845,21,aware_on_anchor_rows,180,180,0.1826243078530711,1.0
DES_RHO,3,3,10.1021/acssuschemeng.9b02845,21,explore_offset_q_aware,180,180,0.1826243078530711,1.0
DES_RHO,3,3,10.1021/acssuschemeng.9b02845,21,naive,19,21,0.0298934632770779,0.9047619047619048
DES_RHO,3,3,10.1021/je300997v,37,anchor,340,340,0.1829445870226997,1.0
DES_RHO,3,3,10.1021/je300997v,37,aware,37,37,0.1826243078530711,1.0
DES_RHO,3,3,10.1021/je300997v,37,aware_on_anchor_rows,340,340,0.1826243078530711,1.0
DES_RHO,3,3,10.1021/je300997v,37,explore_offset_q_aware,340,340,0.1826243078530711,1.0
DES_RHO,3,3,10.1021/je300997v,37,naive,35,37,0.0298934632770779,0.9459459459459459
DES_RHO,3,3,10.1021/sc500439w,62,anchor,576,590,0.1829445870226997,0.976271186440678
DES_RHO,3,3,10.1021/sc500439w,62,aware,61,62,0.1826243078530711,0.9838709677419355
DES_RHO,3,3,10.1021/sc500439w,62,aware_on_anchor_rows,580,590,0.1826243078530711,0.9830508474576272
DES_RHO,3,3,10.1021/sc500439w,62,explore_offset_q_aware,576,590,0.1826243078530711,0.976271186440678
DES_RHO,3,3,10.1021/sc500439w,62,naive,51,62,0.0298934632770779,0.8225806451612904
DES_RHO,3,3,10.3390/molecules24030636,17,anchor,140,140,0.1829445870226997,1.0
DES_RHO,3,3,10.3390/molecules24030636,17,aware,17,17,0.1826243078530711,1.0
DES_RHO,3,3,10.3390/molecules24030636,17,aware_on_anchor_rows,140,140,0.1826243078530711,1.0
DES_RHO,3,3,10.3390/molecules24030636,17,explore_offset_q_aware,140,140,0.1826243078530711,1.0
DES_RHO,3,3,10.3390/molecules24030636,17,naive,17,17,0.0298934632770779,1.0
DES_RHO,3,3,api.semanticscholar.org/corpusid:92513446,31,anchor,270,280,0.1829445870226997,0.9642857142857143
DES_RHO,3,3,api.semanticscholar.org/corpusid:92513446,31,aware,30,31,0.1826243078530711,0.967741935483871
DES_RHO,3,3,api.semanticscholar.org/corpusid:92513446,31,aware_on_anchor_rows,270,280,0.1826243078530711,0.9642857142857143
DES_RHO,3,3,api.semanticscholar.org/corpusid:92513446,31,explore_offset_q_aware,270,280,0.1826243078530711,0.9642857142857143
DES_RHO,3,3,api.semanticscholar.org/corpusid:92513446,31,naive,29,31,0.0298934632770779,0.9354838709677419
DES_RHO,3,4,10.1016/j.cjche.2020.07.004,20,anchor,170,170,0.1933579461080924,1.0
DES_RHO,3,4,10.1016/j.cjche.2020.07.004,20,aware,20,20,0.1830066008917008,1.0
DES_RHO,3,4,10.1016/j.cjche.2020.07.004,20,aware_on_anchor_rows,170,170,0.1830066008917008,1.0
DES_RHO,3,4,10.1016/j.cjche.2020.07.004,20,explore_offset_q_aware,170,170,0.1830066008917008,1.0
DES_RHO,3,4,10.1016/j.cjche.2020.07.004,20,naive,7,20,0.0294097788327856,0.35
DES_RHO,3,4,10.1016/j.foodchem.2019.125752,8,anchor,43,50,0.1933579461080924,0.86
DES_RHO,3,4,10.1016/j.foodchem.2019.125752,8,aware,6,8,0.1830066008917008,0.75
DES_RHO,3,4,10.1016/j.foodchem.2019.125752,8,aware_on_anchor_rows,36,50,0.1830066008917008,0.72
DES_RHO,3,4,10.1016/j.foodchem.2019.125752,8,explore_offset_q_aware,43,50,0.1830066008917008,0.86
DES_RHO,3,4,10.1016/j.foodchem.2019.125752,8,naive,4,8,0.0294097788327856,0.5
DES_RHO,3,4,10.1016/j.jct.2017.11.008,66,anchor,630,630,0.1933579461080924,1.0
DES_RHO,3,4,10.1016/j.jct.2017.11.008,66,aware,66,66,0.1830066008917008,1.0
DES_RHO,3,4,10.1016/j.jct.2017.11.008,66,aware_on_anchor_rows,630,630,0.1830066008917008,1.0
DES_RHO,3,4,10.1016/j.jct.2017.11.008,66,explore_offset_q_aware,630,630,0.1830066008917008,1.0
DES_RHO,3,4,10.1016/j.jct.2017.11.008,66,naive,7,66,0.0294097788327856,0.10606060606060606
DES_RHO,3,4,10.1016/j.jct.2019.105883,15,anchor,114,120,0.1933579461080924,0.95
DES_RHO,3,4,10.1016/j.jct.2019.105883,15,aware,14,15,0.1830066008917008,0.9333333333333333
DES_RHO,3,4,10.1016/j.jct.2019.105883,15,aware_on_anchor_rows,114,120,0.1830066008917008,0.95
DES_RHO,3,4,10.1016/j.jct.2019.105883,15,explore_offset_q_aware,111,120,0.1830066008917008,0.925
DES_RHO,3,4,10.1016/j.jct.2019.105883,15,naive,6,15,0.0294097788327856,0.4
DES_RHO,3,4,10.1016/j.jobe.2021.103056,9,anchor,34,60,0.1933579461080924,0.5666666666666667
DES_RHO,3,4,10.1016/j.jobe.2021.103056,9,aware,8,9,0.1830066008917008,0.8888888888888888
DES_RHO,3,4,10.1016/j.jobe.2021.103056,9,aware_on_anchor_rows,56,60,0.1830066008917008,0.9333333333333333
DES_RHO,3,4,10.1016/j.jobe.2021.103056,9,explore_offset_q_aware,33,60,0.1830066008917008,0.55
DES_RHO,3,4,10.1016/j.jobe.2021.103056,9,naive,4,9,0.0294097788327856,0.4444444444444444
DES_RHO,3,4,10.1016/j.molliq.2017.04.052,39,anchor,331,360,0.1933579461080924,0.9194444444444444
DES_RHO,3,4,10.1016/j.molliq.2017.04.052,39,aware,36,39,0.1830066008917008,0.9230769230769231
DES_RHO,3,4,10.1016/j.molliq.2017.04.052,39,aware_on_anchor_rows,332,360,0.1830066008917008,0.9222222222222223
DES_RHO,3,4,10.1016/j.molliq.2017.04.052,39,explore_offset_q_aware,330,360,0.1830066008917008,0.9166666666666666
DES_RHO,3,4,10.1016/j.molliq.2017.04.052,39,naive,25,39,0.0294097788327856,0.6410256410256411
DES_RHO,3,4,10.1016/j.molliq.2021.117717,1,aware,1,1,0.1830066008917008,1.0
DES_RHO,3,4,10.1016/j.molliq.2021.117717,1,naive,1,1,0.0294097788327856,1.0
DES_RHO,3,4,10.1016/j.molliq.2021.118393,54,anchor,471,510,0.1933579461080924,0.9235294117647059
DES_RHO,3,4,10.1016/j.molliq.2021.118393,54,aware,45,54,0.1830066008917008,0.8333333333333334
DES_RHO,3,4,10.1016/j.molliq.2021.118393,54,aware_on_anchor_rows,425,510,0.1830066008917008,0.8333333333333334
DES_RHO,3,4,10.1016/j.molliq.2021.118393,54,explore_offset_q_aware,462,510,0.1830066008917008,0.9058823529411765
DES_RHO,3,4,10.1016/j.molliq.2021.118393,54,naive,14,54,0.0294097788327856,0.25925925925925924
DES_RHO,3,4,10.1016/j.molliq.2022.119560,27,anchor,240,240,0.1933579461080924,1.0
DES_RHO,3,4,10.1016/j.molliq.2022.119560,27,aware,27,27,0.1830066008917008,1.0
DES_RHO,3,4,10.1016/j.molliq.2022.119560,27,aware_on_anchor_rows,240,240,0.1830066008917008,1.0
DES_RHO,3,4,10.1016/j.molliq.2022.119560,27,explore_offset_q_aware,240,240,0.1830066008917008,1.0
DES_RHO,3,4,10.1016/j.molliq.2022.119560,27,naive,14,27,0.0294097788327856,0.5185185185185185
DES_RHO,3,4,10.1016/j.seppur.2019.115707,4,aware,4,4,0.1830066008917008,1.0
DES_RHO,3,4,10.1016/j.seppur.2019.115707,4,naive,4,4,0.0294097788327856,1.0
DES_RHO,3,4,10.1021/acs.jced.0c00715,153,anchor,1500,1500,0.1933579461080924,1.0
DES_RHO,3,4,10.1021/acs.jced.0c00715,153,aware,153,153,0.1830066008917008,1.0
DES_RHO,3,4,10.1021/acs.jced.0c00715,153,aware_on_anchor_rows,1500,1500,0.1830066008917008,1.0
DES_RHO,3,4,10.1021/acs.jced.0c00715,153,explore_offset_q_aware,1500,1500,0.1830066008917008,1.0
DES_RHO,3,4,10.1021/acs.jced.0c00715,153,naive,148,153,0.0294097788327856,0.9673202614379085
DES_RHO,3,4,10.1021/je400884v,24,anchor,210,210,0.1933579461080924,1.0
DES_RHO,3,4,10.1021/je400884v,24,aware,24,24,0.1830066008917008,1.0
DES_RHO,3,4,10.1021/je400884v,24,aware_on_anchor_rows,210,210,0.1830066008917008,1.0
DES_RHO,3,4,10.1021/je400884v,24,explore_offset_q_aware,210,210,0.1830066008917008,1.0
DES_RHO,3,4,10.1021/je400884v,24,naive,23,24,0.0294097788327856,0.9583333333333334
DES_RHO,3,4,10.1039/c3ra40303c,13,anchor,100,100,0.1933579461080924,1.0
DES_RHO,3,4,10.1039/c3ra40303c,13,aware,13,13,0.1830066008917008,1.0
DES_RHO,3,4,10.1039/c3ra40303c,13,aware_on_anchor_rows,100,100,0.1830066008917008,1.0
DES_RHO,3,4,10.1039/c3ra40303c,13,explore_offset_q_aware,100,100,0.1830066008917008,1.0
DES_RHO,3,4,10.1039/c3ra40303c,13,naive,13,13,0.0294097788327856,1.0
DES_RHO,3,4,10.1039/c4ra10628h,35,anchor,320,320,0.1933579461080924,1.0
DES_RHO,3,4,10.1039/c4ra10628h,35,aware,35,35,0.1830066008917008,1.0
DES_RHO,3,4,10.1039/c4ra10628h,35,aware_on_anchor_rows,320,320,0.1830066008917008,1.0
DES_RHO,3,4,10.1039/c4ra10628h,35,explore_offset_q_aware,319,320,0.1830066008917008,0.996875
DES_RHO,3,4,10.1039/c4ra10628h,35,naive,22,35,0.0294097788327856,0.6285714285714286
DES_RHO,3,4,10.1080/01496395.2016.1247864,6,aware,6,6,0.1830066008917008,1.0
DES_RHO,3,4,10.1080/01496395.2016.1247864,6,naive,5,6,0.0294097788327856,0.8333333333333334
DES_RHO,3,5,10.1002/cphc.200500489,6,aware,6,6,0.1800558446909492,1.0
DES_RHO,3,5,10.1002/cphc.200500489,6,naive,4,6,0.030051753566924,0.6666666666666666
DES_RHO,3,5,10.1016/j.cej.2020.125173,36,anchor,326,330,0.1866014671254032,0.9878787878787879
DES_RHO,3,5,10.1016/j.cej.2020.125173,36,aware,35,36,0.1800558446909492,0.9722222222222222
DES_RHO,3,5,10.1016/j.cej.2020.125173,36,aware_on_anchor_rows,321,330,0.1800558446909492,0.9727272727272728
DES_RHO,3,5,10.1016/j.cej.2020.125173,36,explore_offset_q_aware,325,330,0.1800558446909492,0.9848484848484849
DES_RHO,3,5,10.1016/j.cej.2020.125173,36,naive,20,36,0.030051753566924,0.5555555555555556
DES_RHO,3,5,10.1016/j.chemosphere.2019.125082,20,anchor,170,170,0.1866014671254032,1.0
DES_RHO,3,5,10.1016/j.chemosphere.2019.125082,20,aware,20,20,0.1800558446909492,1.0
DES_RHO,3,5,10.1016/j.chemosphere.2019.125082,20,aware_on_anchor_rows,170,170,0.1800558446909492,1.0
DES_RHO,3,5,10.1016/j.chemosphere.2019.125082,20,explore_offset_q_aware,170,170,0.1800558446909492,1.0
DES_RHO,3,5,10.1016/j.chemosphere.2019.125082,20,naive,9,20,0.030051753566924,0.45
DES_RHO,3,5,10.1016/j.fluid.2012.12.001,137,anchor,1320,1340,0.1866014671254032,0.9850746268656716
DES_RHO,3,5,10.1016/j.fluid.2012.12.001,137,aware,135,137,0.1800558446909492,0.9854014598540146
DES_RHO,3,5,10.1016/j.fluid.2012.12.001,137,aware_on_anchor_rows,1320,1340,0.1800558446909492,0.9850746268656716
DES_RHO,3,5,10.1016/j.fluid.2012.12.001,137,explore_offset_q_aware,1320,1340,0.1800558446909492,0.9850746268656716
DES_RHO,3,5,10.1016/j.fluid.2012.12.001,137,naive,122,137,0.030051753566924,0.8905109489051095
DES_RHO,3,5,10.1016/j.jct.2017.05.020,66,anchor,630,630,0.1866014671254032,1.0
DES_RHO,3,5,10.1016/j.jct.2017.05.020,66,aware,66,66,0.1800558446909492,1.0
DES_RHO,3,5,10.1016/j.jct.2017.05.020,66,aware_on_anchor_rows,630,630,0.1800558446909492,1.0
DES_RHO,3,5,10.1016/j.jct.2017.05.020,66,explore_offset_q_aware,630,630,0.1800558446909492,1.0
DES_RHO,3,5,10.1016/j.jct.2017.05.020,66,naive,43,66,0.030051753566924,0.6515151515151515
DES_RHO,3,5,10.1016/j.molliq.2016.01.038,10,anchor,70,70,0.1866014671254032,1.0
DES_RHO,3,5,10.1016/j.molliq.2016.01.038,10,aware,10,10,0.1800558446909492,1.0
DES_RHO,3,5,10.1016/j.molliq.2016.01.038,10,aware_on_anchor_rows,70,70,0.1800558446909492,1.0
DES_RHO,3,5,10.1016/j.molliq.2016.01.038,10,explore_offset_q_aware,70,70,0.1800558446909492,1.0
DES_RHO,3,5,10.1016/j.molliq.2016.01.038,10,naive,10,10,0.030051753566924,1.0
DES_RHO,3,5,10.1016/j.molliq.2018.02.049,54,anchor,387,510,0.1866014671254032,0.7588235294117647
DES_RHO,3,5,10.1016/j.molliq.2018.02.049,54,aware,34,54,0.1800558446909492,0.6296296296296297
DES_RHO,3,5,10.1016/j.molliq.2018.02.049,54,aware_on_anchor_rows,318,510,0.1800558446909492,0.6235294117647059
DES_RHO,3,5,10.1016/j.molliq.2018.02.049,54,explore_offset_q_aware,379,510,0.1800558446909492,0.7431372549019608
DES_RHO,3,5,10.1016/j.molliq.2018.02.049,54,naive,23,54,0.030051753566924,0.42592592592592593
DES_RHO,3,5,10.1016/j.molliq.2021.117987,25,anchor,220,220,0.1866014671254032,1.0
DES_RHO,3,5,10.1016/j.molliq.2021.117987,25,aware,25,25,0.1800558446909492,1.0
DES_RHO,3,5,10.1016/j.molliq.2021.117987,25,aware_on_anchor_rows,220,220,0.1800558446909492,1.0
DES_RHO,3,5,10.1016/j.molliq.2021.117987,25,explore_offset_q_aware,220,220,0.1800558446909492,1.0
DES_RHO,3,5,10.1016/j.molliq.2021.117987,25,naive,15,25,0.030051753566924,0.6
DES_RHO,3,5,10.1016/j.seppur.2019.115703,43,anchor,400,400,0.1866014671254032,1.0
DES_RHO,3,5,10.1016/j.seppur.2019.115703,43,aware,43,43,0.1800558446909492,1.0
DES_RHO,3,5,10.1016/j.seppur.2019.115703,43,aware_on_anchor_rows,400,400,0.1800558446909492,1.0
DES_RHO,3,5,10.1016/j.seppur.2019.115703,43,explore_offset_q_aware,400,400,0.1800558446909492,1.0
DES_RHO,3,5,10.1016/j.seppur.2019.115703,43,naive,43,43,0.030051753566924,1.0
DES_RHO,3,5,10.1021/acs.iecr.7b02478,28,anchor,250,250,0.1866014671254032,1.0
DES_RHO,3,5,10.1021/acs.iecr.7b02478,28,aware,28,28,0.1800558446909492,1.0
DES_RHO,3,5,10.1021/acs.iecr.7b02478,28,aware_on_anchor_rows,250,250,0.1800558446909492,1.0
DES_RHO,3,5,10.1021/acs.iecr.7b02478,28,explore_offset_q_aware,250,250,0.1800558446909492,1.0
DES_RHO,3,5,10.1021/acs.iecr.7b02478,28,naive,28,28,0.030051753566924,1.0
DES_RHO,3,5,10.1021/acssuschemeng.8b03520,17,anchor,140,140,0.1866014671254032,1.0
DES_RHO,3,5,10.1021/acssuschemeng.8b03520,17,aware,17,17,0.1800558446909492,1.0
DES_RHO,3,5,10.1021/acssuschemeng.8b03520,17,aware_on_anchor_rows,140,140,0.1800558446909492,1.0
DES_RHO,3,5,10.1021/acssuschemeng.8b03520,17,explore_offset_q_aware,140,140,0.1800558446909492,1.0
DES_RHO,3,5,10.1021/acssuschemeng.8b03520,17,naive,12,17,0.030051753566924,0.7058823529411765
DES_RHO,3,5,10.1021/je100104v,14,anchor,110,110,0.1866014671254032,1.0
DES_RHO,3,5,10.1021/je100104v,14,aware,14,14,0.1800558446909492,1.0
DES_RHO,3,5,10.1021/je100104v,14,aware_on_anchor_rows,110,110,0.1800558446909492,1.0
DES_RHO,3,5,10.1021/je100104v,14,explore_offset_q_aware,110,110,0.1800558446909492,1.0
DES_RHO,3,5,10.1021/je100104v,14,naive,14,14,0.030051753566924,1.0
DES_RHO,3,5,10.1039/c1cp22554e,4,aware,4,4,0.1800558446909492,1.0
DES_RHO,3,5,10.1039/c1cp22554e,4,naive,3,4,0.030051753566924,0.75
DES_RHO,3,5,10.1039/c2ra22990k,5,aware,4,5,0.1800558446909492,0.8
DES_RHO,3,5,10.1039/c2ra22990k,5,naive,1,5,0.030051753566924,0.2
DES_RHO,3,5,10.1039/c5gc03080c,8,anchor,50,50,0.1866014671254032,1.0
DES_RHO,3,5,10.1039/c5gc03080c,8,aware,8,8,0.1800558446909492,1.0
DES_RHO,3,5,10.1039/c5gc03080c,8,aware_on_anchor_rows,50,50,0.1800558446909492,1.0
DES_RHO,3,5,10.1039/c5gc03080c,8,explore_offset_q_aware,50,50,0.1800558446909492,1.0
DES_RHO,3,5,10.1039/c5gc03080c,8,naive,0,8,0.030051753566924,0.0
DES_RHO,3,6,10.1016/j.cclet.2013.09.004,9,anchor,11,60,0.1843858129411918,0.18333333333333332
DES_RHO,3,6,10.1016/j.cclet.2013.09.004,9,aware,3,9,0.1560666732207152,0.3333333333333333
DES_RHO,3,6,10.1016/j.cclet.2013.09.004,9,aware_on_anchor_rows,19,60,0.1560666732207152,0.31666666666666665
DES_RHO,3,6,10.1016/j.cclet.2013.09.004,9,explore_offset_q_aware,11,60,0.1560666732207152,0.18333333333333332
DES_RHO,3,6,10.1016/j.cclet.2013.09.004,9,naive,0,9,0.0276473975528492,0.0
DES_RHO,3,6,10.1016/j.fluid.2018.05.008,5,aware,5,5,0.1560666732207152,1.0
DES_RHO,3,6,10.1016/j.fluid.2018.05.008,5,naive,4,5,0.0276473975528492,0.8
DES_RHO,3,6,10.1016/j.foodchem.2021.131930,10,anchor,61,70,0.1843858129411918,0.8714285714285714
DES_RHO,3,6,10.1016/j.foodchem.2021.131930,10,aware,9,10,0.1560666732207152,0.9
DES_RHO,3,6,10.1016/j.foodchem.2021.131930,10,aware_on_anchor_rows,63,70,0.1560666732207152,0.9
DES_RHO,3,6,10.1016/j.foodchem.2021.131930,10,explore_offset_q_aware,52,70,0.1560666732207152,0.7428571428571429
DES_RHO,3,6,10.1016/j.foodchem.2021.131930,10,naive,5,10,0.0276473975528492,0.5
DES_RHO,3,6,10.1016/j.ijggc.2019.102839,4,aware,4,4,0.1560666732207152,1.0
DES_RHO,3,6,10.1016/j.ijggc.2019.102839,4,naive,3,4,0.0276473975528492,0.75
DES_RHO,3,6,10.1016/j.jct.2015.04.021,24,anchor,210,210,0.1843858129411918,1.0
DES_RHO,3,6,10.1016/j.jct.2015.04.021,24,aware,24,24,0.1560666732207152,1.0
DES_RHO,3,6,10.1016/j.jct.2015.04.021,24,aware_on_anchor_rows,210,210,0.1560666732207152,1.0
DES_RHO,3,6,10.1016/j.jct.2015.04.021,24,explore_offset_q_aware,210,210,0.1560666732207152,1.0
DES_RHO,3,6,10.1016/j.jct.2015.04.021,24,naive,21,24,0.0276473975528492,0.875
DES_RHO,3,6,10.1016/j.jhazmat.2022.129835,6,aware,6,6,0.1560666732207152,1.0
DES_RHO,3,6,10.1016/j.jhazmat.2022.129835,6,naive,5,6,0.0276473975528492,0.8333333333333334
DES_RHO,3,6,10.1016/j.microc.2022.107372,34,anchor,303,310,0.1843858129411918,0.9774193548387097
DES_RHO,3,6,10.1016/j.microc.2022.107372,34,aware,34,34,0.1560666732207152,1.0
DES_RHO,3,6,10.1016/j.microc.2022.107372,34,aware_on_anchor_rows,310,310,0.1560666732207152,1.0
DES_RHO,3,6,10.1016/j.microc.2022.107372,34,explore_offset_q_aware,296,310,0.1560666732207152,0.9548387096774194
DES_RHO,3,6,10.1016/j.microc.2022.107372,34,naive,21,34,0.0276473975528492,0.6176470588235294
DES_RHO,3,6,10.1016/j.molliq.2016.02.062,59,anchor,559,560,0.1843858129411918,0.9982142857142857
DES_RHO,3,6,10.1016/j.molliq.2016.02.062,59,aware,58,59,0.1560666732207152,0.9830508474576272
DES_RHO,3,6,10.1016/j.molliq.2016.02.062,59,aware_on_anchor_rows,551,560,0.1560666732207152,0.9839285714285714
DES_RHO,3,6,10.1016/j.molliq.2016.02.062,59,explore_offset_q_aware,551,560,0.1560666732207152,0.9839285714285714
DES_RHO,3,6,10.1016/j.molliq.2016.02.062,59,naive,57,59,0.0276473975528492,0.9661016949152542
DES_RHO,3,6,10.1016/j.molliq.2017.09.091,117,anchor,751,1140,0.1843858129411918,0.6587719298245615
DES_RHO,3,6,10.1016/j.molliq.2017.09.091,117,aware,36,117,0.1560666732207152,0.3076923076923077
DES_RHO,3,6,10.1016/j.molliq.2017.09.091,117,aware_on_anchor_rows,353,1140,0.1560666732207152,0.30964912280701756
DES_RHO,3,6,10.1016/j.molliq.2017.09.091,117,explore_offset_q_aware,665,1140,0.1560666732207152,0.5833333333333334
DES_RHO,3,6,10.1016/j.molliq.2017.09.091,117,naive,10,117,0.0276473975528492,0.08547008547008547
DES_RHO,3,6,10.1016/j.molliq.2020.113127,36,anchor,330,330,0.1843858129411918,1.0
DES_RHO,3,6,10.1016/j.molliq.2020.113127,36,aware,36,36,0.1560666732207152,1.0
DES_RHO,3,6,10.1016/j.molliq.2020.113127,36,aware_on_anchor_rows,330,330,0.1560666732207152,1.0
DES_RHO,3,6,10.1016/j.molliq.2020.113127,36,explore_offset_q_aware,330,330,0.1560666732207152,1.0
DES_RHO,3,6,10.1016/j.molliq.2020.113127,36,naive,12,36,0.0276473975528492,0.3333333333333333
DES_RHO,3,6,10.1021/acs.jced.0c00579,16,anchor,130,130,0.1843858129411918,1.0
DES_RHO,3,6,10.1021/acs.jced.0c00579,16,aware,16,16,0.1560666732207152,1.0
DES_RHO,3,6,10.1021/acs.jced.0c00579,16,aware_on_anchor_rows,130,130,0.1560666732207152,1.0
DES_RHO,3,6,10.1021/acs.jced.0c00579,16,explore_offset_q_aware,130,130,0.1560666732207152,1.0
DES_RHO,3,6,10.1021/acs.jced.0c00579,16,naive,16,16,0.0276473975528492,1.0
DES_RHO,3,6,10.1021/acssuschemeng.5b00619,14,anchor,110,110,0.1843858129411918,1.0
DES_RHO,3,6,10.1021/acssuschemeng.5b00619,14,aware,14,14,0.1560666732207152,1.0
DES_RHO,3,6,10.1021/acssuschemeng.5b00619,14,aware_on_anchor_rows,110,110,0.1560666732207152,1.0
DES_RHO,3,6,10.1021/acssuschemeng.5b00619,14,explore_offset_q_aware,110,110,0.1560666732207152,1.0
DES_RHO,3,6,10.1021/acssuschemeng.5b00619,14,naive,13,14,0.0276473975528492,0.9285714285714286
DES_RHO,3,6,10.1021/acssuschemeng.9b03245,21,anchor,180,180,0.1843858129411918,1.0
DES_RHO,3,6,10.1021/acssuschemeng.9b03245,21,aware,4,21,0.1560666732207152,0.19047619047619047
DES_RHO,3,6,10.1021/acssuschemeng.9b03245,21,aware_on_anchor_rows,37,180,0.1560666732207152,0.20555555555555555
DES_RHO,3,6,10.1021/acssuschemeng.9b03245,21,explore_offset_q_aware,180,180,0.1560666732207152,1.0
DES_RHO,3,6,10.1021/acssuschemeng.9b03245,21,naive,0,21,0.0276473975528492,0.0
DES_RHO,3,6,10.1021/je5002126,70,anchor,414,670,0.1843858129411918,0.6179104477611941
DES_RHO,3,6,10.1021/je5002126,70,aware,44,70,0.1560666732207152,0.6285714285714286
DES_RHO,3,6,10.1021/je5002126,70,aware_on_anchor_rows,428,670,0.1560666732207152,0.6388059701492538
DES_RHO,3,6,10.1021/je5002126,70,explore_offset_q_aware,359,670,0.1560666732207152,0.5358208955223881
DES_RHO,3,6,10.1021/je5002126,70,naive,0,70,0.0276473975528492,0.0
DES_RHO,3,6,10.1039/c5gc01451d,48,anchor,450,450,0.1843858129411918,1.0
DES_RHO,3,6,10.1039/c5gc01451d,48,aware,48,48,0.1560666732207152,1.0
DES_RHO,3,6,10.1039/c5gc01451d,48,aware_on_anchor_rows,450,450,0.1560666732207152,1.0
DES_RHO,3,6,10.1039/c5gc01451d,48,explore_offset_q_aware,449,450,0.1560666732207152,0.9977777777777778
DES_RHO,3,6,10.1039/c5gc01451d,48,naive,14,48,0.0276473975528492,0.2916666666666667
DES_RHO,3,7,10.1016/j.cej.2018.10.077,9,anchor,51,60,0.1650632554889026,0.85
DES_RHO,3,7,10.1016/j.cej.2018.10.077,9,aware,8,9,0.1736575701606946,0.8888888888888888
DES_RHO,3,7,10.1016/j.cej.2018.10.077,9,aware_on_anchor_rows,52,60,0.1736575701606946,0.8666666666666667
DES_RHO,3,7,10.1016/j.cej.2018.10.077,9,explore_offset_q_aware,52,60,0.1736575701606946,0.8666666666666667
DES_RHO,3,7,10.1016/j.cej.2018.10.077,9,naive,0,9,0.0289056110144541,0.0
DES_RHO,3,7,10.1016/j.foodchem.2018.09.048,6,aware,6,6,0.1736575701606946,1.0
DES_RHO,3,7,10.1016/j.foodchem.2018.09.048,6,naive,2,6,0.0289056110144541,0.3333333333333333
DES_RHO,3,7,10.1016/j.jclepro.2022.133589,3,aware,3,3,0.1736575701606946,1.0
DES_RHO,3,7,10.1016/j.jclepro.2022.133589,3,naive,3,3,0.0289056110144541,1.0
DES_RHO,3,7,10.1016/j.jcou.2022.102217,112,anchor,624,1090,0.1650632554889026,0.5724770642201835
DES_RHO,3,7,10.1016/j.jcou.2022.102217,112,aware,83,112,0.1736575701606946,0.7410714285714286
DES_RHO,3,7,10.1016/j.jcou.2022.102217,112,aware_on_anchor_rows,806,1090,0.1736575701606946,0.7394495412844037
DES_RHO,3,7,10.1016/j.jcou.2022.102217,112,explore_offset_q_aware,646,1090,0.1736575701606946,0.5926605504587156
DES_RHO,3,7,10.1016/j.jcou.2022.102217,112,naive,17,112,0.0289056110144541,0.15178571428571427
DES_RHO,3,7,10.1016/j.jct.2018.10.003,25,anchor,220,220,0.1650632554889026,1.0
DES_RHO,3,7,10.1016/j.jct.2018.10.003,25,aware,25,25,0.1736575701606946,1.0
DES_RHO,3,7,10.1016/j.jct.2018.10.003,25,aware_on_anchor_rows,220,220,0.1736575701606946,1.0
DES_RHO,3,7,10.1016/j.jct.2018.10.003,25,explore_offset_q_aware,220,220,0.1736575701606946,1.0
DES_RHO,3,7,10.1016/j.jct.2018.10.003,25,naive,3,25,0.0289056110144541,0.12
DES_RHO,3,7,10.1016/j.jct.2018.12.017,54,anchor,510,510,0.1650632554889026,1.0
DES_RHO,3,7,10.1016/j.jct.2018.12.017,54,aware,54,54,0.1736575701606946,1.0
DES_RHO,3,7,10.1016/j.jct.2018.12.017,54,aware_on_anchor_rows,510,510,0.1736575701606946,1.0
DES_RHO,3,7,10.1016/j.jct.2018.12.017,54,explore_offset_q_aware,510,510,0.1736575701606946,1.0
DES_RHO,3,7,10.1016/j.jct.2018.12.017,54,naive,37,54,0.0289056110144541,0.6851851851851852
DES_RHO,3,7,10.1016/j.jct.2021.106713,77,anchor,740,740,0.1650632554889026,1.0
DES_RHO,3,7,10.1016/j.jct.2021.106713,77,aware,77,77,0.1736575701606946,1.0
DES_RHO,3,7,10.1016/j.jct.2021.106713,77,aware_on_anchor_rows,740,740,0.1736575701606946,1.0
DES_RHO,3,7,10.1016/j.jct.2021.106713,77,explore_offset_q_aware,740,740,0.1736575701606946,1.0
DES_RHO,3,7,10.1016/j.jct.2021.106713,77,naive,55,77,0.0289056110144541,0.7142857142857143
DES_RHO,3,7,10.1016/j.molliq.2019.01.053,14,anchor,110,110,0.1650632554889026,1.0
DES_RHO,3,7,10.1016/j.molliq.2019.01.053,14,aware,14,14,0.1736575701606946,1.0
DES_RHO,3,7,10.1016/j.molliq.2019.01.053,14,aware_on_anchor_rows,110,110,0.1736575701606946,1.0
DES_RHO,3,7,10.1016/j.molliq.2019.01.053,14,explore_offset_q_aware,110,110,0.1736575701606946,1.0
DES_RHO,3,7,10.1016/j.molliq.2019.01.053,14,naive,10,14,0.0289056110144541,0.7142857142857143
DES_RHO,3,7,10.1016/j.molliq.2022.120266,52,anchor,490,490,0.1650632554889026,1.0
DES_RHO,3,7,10.1016/j.molliq.2022.120266,52,aware,52,52,0.1736575701606946,1.0
DES_RHO,3,7,10.1016/j.molliq.2022.120266,52,aware_on_anchor_rows,490,490,0.1736575701606946,1.0
DES_RHO,3,7,10.1016/j.molliq.2022.120266,52,explore_offset_q_aware,490,490,0.1736575701606946,1.0
DES_RHO,3,7,10.1016/j.molliq.2022.120266,52,naive,46,52,0.0289056110144541,0.8846153846153846
DES_RHO,3,7,10.1016/j.seppur.2020.117211,3,aware,3,3,0.1736575701606946,1.0
DES_RHO,3,7,10.1016/j.seppur.2020.117211,3,naive,2,3,0.0289056110144541,0.6666666666666666
DES_RHO,3,7,10.1016/j.tca.2012.04.030,28,anchor,214,250,0.1650632554889026,0.856
DES_RHO,3,7,10.1016/j.tca.2012.04.030,28,aware,25,28,0.1736575701606946,0.8928571428571429
DES_RHO,3,7,10.1016/j.tca.2012.04.030,28,aware_on_anchor_rows,226,250,0.1736575701606946,0.904
DES_RHO,3,7,10.1016/j.tca.2012.04.030,28,explore_offset_q_aware,216,250,0.1736575701606946,0.864
DES_RHO,3,7,10.1016/j.tca.2012.04.030,28,naive,14,28,0.0289056110144541,0.5
DES_RHO,3,7,10.1016/j.tca.2016.11.008,12,anchor,90,90,0.1650632554889026,1.0
DES_RHO,3,7,10.1016/j.tca.2016.11.008,12,aware,12,12,0.1736575701606946,1.0
DES_RHO,3,7,10.1016/j.tca.2016.11.008,12,aware_on_anchor_rows,90,90,0.1736575701606946,1.0
DES_RHO,3,7,10.1016/j.tca.2016.11.008,12,explore_offset_q_aware,90,90,0.1736575701606946,1.0
DES_RHO,3,7,10.1016/j.tca.2016.11.008,12,naive,8,12,0.0289056110144541,0.6666666666666666
DES_RHO,3,7,10.1021/acs.jced.6b01013,36,anchor,330,330,0.1650632554889026,1.0
DES_RHO,3,7,10.1021/acs.jced.6b01013,36,aware,36,36,0.1736575701606946,1.0
DES_RHO,3,7,10.1021/acs.jced.6b01013,36,aware_on_anchor_rows,330,330,0.1736575701606946,1.0
DES_RHO,3,7,10.1021/acs.jced.6b01013,36,explore_offset_q_aware,330,330,0.1736575701606946,1.0
DES_RHO,3,7,10.1021/acs.jced.6b01013,36,naive,33,36,0.0289056110144541,0.9166666666666666
DES_RHO,3,7,10.1021/jp5089004,18,anchor,150,150,0.1650632554889026,1.0
DES_RHO,3,7,10.1021/jp5089004,18,aware,18,18,0.1736575701606946,1.0
DES_RHO,3,7,10.1021/jp5089004,18,aware_on_anchor_rows,150,150,0.1736575701606946,1.0
DES_RHO,3,7,10.1021/jp5089004,18,explore_offset_q_aware,150,150,0.1736575701606946,1.0
DES_RHO,3,7,10.1021/jp5089004,18,naive,9,18,0.0289056110144541,0.5
DES_RHO,3,7,10.1039/c6cc06105b,21,anchor,180,180,0.1650632554889026,1.0
DES_RHO,3,7,10.1039/c6cc06105b,21,aware,21,21,0.1736575701606946,1.0
DES_RHO,3,7,10.1039/c6cc06105b,21,aware_on_anchor_rows,180,180,0.1736575701606946,1.0
DES_RHO,3,7,10.1039/c6cc06105b,21,explore_offset_q_aware,180,180,0.1736575701606946,1.0
DES_RHO,3,7,10.1039/c6cc06105b,21,naive,20,21,0.0289056110144541,0.9523809523809523
DES_RHO,3,7,10.13140/rg.2.2.13424.10245,5,aware,4,5,0.1736575701606946,0.8
DES_RHO,3,7,10.13140/rg.2.2.13424.10245,5,naive,2,5,0.0289056110144541,0.4
DES_RHO,3,8,10.1016/j.bioelechem.2022.108207,3,aware,3,3,0.1803790633920994,1.0
DES_RHO,3,8,10.1016/j.bioelechem.2022.108207,3,naive,3,3,0.0295703851563735,1.0
DES_RHO,3,8,10.1016/j.ctta.2022.100088,5,aware,0,5,0.1803790633920994,0.0
DES_RHO,3,8,10.1016/j.ctta.2022.100088,5,naive,0,5,0.0295703851563735,0.0
DES_RHO,3,8,10.1016/j.foodchem.2022.133379,7,aware,6,7,0.1803790633920994,0.8571428571428571
DES_RHO,3,8,10.1016/j.foodchem.2022.133379,7,naive,5,7,0.0295703851563735,0.7142857142857143
DES_RHO,3,8,10.1016/j.jcis.2017.01.109,3,aware,2,3,0.1803790633920994,0.6666666666666666
DES_RHO,3,8,10.1016/j.jcis.2017.01.109,3,naive,2,3,0.0295703851563735,0.6666666666666666
DES_RHO,3,8,10.1016/j.jct.2020.106051,12,anchor,90,90,0.1798440135931714,1.0
DES_RHO,3,8,10.1016/j.jct.2020.106051,12,aware,12,12,0.1803790633920994,1.0
DES_RHO,3,8,10.1016/j.jct.2020.106051,12,aware_on_anchor_rows,90,90,0.1803790633920994,1.0
DES_RHO,3,8,10.1016/j.jct.2020.106051,12,explore_offset_q_aware,90,90,0.1803790633920994,1.0
DES_RHO,3,8,10.1016/j.jct.2020.106051,12,naive,9,12,0.0295703851563735,0.75
DES_RHO,3,8,10.1016/j.molliq.2016.07.039,77,anchor,493,740,0.1798440135931714,0.6662162162162162
DES_RHO,3,8,10.1016/j.molliq.2016.07.039,77,aware,68,77,0.1803790633920994,0.8831168831168831
DES_RHO,3,8,10.1016/j.molliq.2016.07.039,77,aware_on_anchor_rows,653,740,0.1803790633920994,0.8824324324324324
DES_RHO,3,8,10.1016/j.molliq.2016.07.039,77,explore_offset_q_aware,494,740,0.1803790633920994,0.6675675675675675
DES_RHO,3,8,10.1016/j.molliq.2016.07.039,77,naive,38,77,0.0295703851563735,0.4935064935064935
DES_RHO,3,8,10.1016/j.molliq.2018.02.085,63,anchor,591,600,0.1798440135931714,0.985
DES_RHO,3,8,10.1016/j.molliq.2018.02.085,63,aware,62,63,0.1803790633920994,0.9841269841269841
DES_RHO,3,8,10.1016/j.molliq.2018.02.085,63,aware_on_anchor_rows,590,600,0.1803790633920994,0.9833333333333333
DES_RHO,3,8,10.1016/j.molliq.2018.02.085,63,explore_offset_q_aware,591,600,0.1803790633920994,0.985
DES_RHO,3,8,10.1016/j.molliq.2018.02.085,63,naive,58,63,0.0295703851563735,0.9206349206349206
DES_RHO,3,8,10.1016/j.molliq.2019.111916,35,anchor,320,320,0.1798440135931714,1.0
DES_RHO,3,8,10.1016/j.molliq.2019.111916,35,aware,35,35,0.1803790633920994,1.0
DES_RHO,3,8,10.1016/j.molliq.2019.111916,35,aware_on_anchor_rows,320,320,0.1803790633920994,1.0
DES_RHO,3,8,10.1016/j.molliq.2019.111916,35,explore_offset_q_aware,320,320,0.1803790633920994,1.0
DES_RHO,3,8,10.1016/j.molliq.2019.111916,35,naive,31,35,0.0295703851563735,0.8857142857142857
DES_RHO,3,8,10.1016/j.molliq.2020.112644,18,anchor,150,150,0.1798440135931714,1.0
DES_RHO,3,8,10.1016/j.molliq.2020.112644,18,aware,18,18,0.1803790633920994,1.0
DES_RHO,3,8,10.1016/j.molliq.2020.112644,18,aware_on_anchor_rows,150,150,0.1803790633920994,1.0
DES_RHO,3,8,10.1016/j.molliq.2020.112644,18,explore_offset_q_aware,150,150,0.1803790633920994,1.0
DES_RHO,3,8,10.1016/j.molliq.2020.112644,18,naive,8,18,0.0295703851563735,0.4444444444444444
DES_RHO,3,8,10.1016/j.molliq.2022.119396,90,anchor,465,870,0.1798440135931714,0.5344827586206896
DES_RHO,3,8,10.1016/j.molliq.2022.119396,90,aware,52,90,0.1803790633920994,0.5777777777777777
DES_RHO,3,8,10.1016/j.molliq.2022.119396,90,aware_on_anchor_rows,502,870,0.1803790633920994,0.5770114942528736
DES_RHO,3,8,10.1016/j.molliq.2022.119396,90,explore_offset_q_aware,466,870,0.1803790633920994,0.535632183908046
DES_RHO,3,8,10.1016/j.molliq.2022.119396,90,naive,16,90,0.0295703851563735,0.17777777777777778
DES_RHO,3,8,10.1016/j.talanta.2022.123373,8,anchor,44,50,0.1798440135931714,0.88
DES_RHO,3,8,10.1016/j.talanta.2022.123373,8,aware,8,8,0.1803790633920994,1.0
DES_RHO,3,8,10.1016/j.talanta.2022.123373,8,aware_on_anchor_rows,50,50,0.1803790633920994,1.0
DES_RHO,3,8,10.1016/j.talanta.2022.123373,8,explore_offset_q_aware,44,50,0.1803790633920994,0.88
DES_RHO,3,8,10.1016/j.talanta.2022.123373,8,naive,5,8,0.0295703851563735,0.625
DES_RHO,3,8,10.1021/acssuschemeng.5b00532,52,anchor,465,490,0.1798440135931714,0.9489795918367347
DES_RHO,3,8,10.1021/acssuschemeng.5b00532,52,aware,46,52,0.1803790633920994,0.8846153846153846
DES_RHO,3,8,10.1021/acssuschemeng.5b00532,52,aware_on_anchor_rows,431,490,0.1803790633920994,0.8795918367346939
DES_RHO,3,8,10.1021/acssuschemeng.5b00532,52,explore_offset_q_aware,467,490,0.1803790633920994,0.9530612244897959
DES_RHO,3,8,10.1021/acssuschemeng.5b00532,52,naive,37,52,0.0295703851563735,0.7115384615384616
DES_RHO,3,8,10.1021/acssuschemeng.7b04235,39,anchor,360,360,0.1798440135931714,1.0
DES_RHO,3,8,10.1021/acssuschemeng.7b04235,39,aware,39,39,0.1803790633920994,1.0
DES_RHO,3,8,10.1021/acssuschemeng.7b04235,39,aware_on_anchor_rows,360,360,0.1803790633920994,1.0
DES_RHO,3,8,10.1021/acssuschemeng.7b04235,39,explore_offset_q_aware,360,360,0.1803790633920994,1.0
DES_RHO,3,8,10.1021/acssuschemeng.7b04235,39,naive,39,39,0.0295703851563735,1.0
DES_RHO,3,8,10.1021/acssuschemeng.8b05072,26,anchor,228,230,0.1798440135931714,0.991304347826087
DES_RHO,3,8,10.1021/acssuschemeng.8b05072,26,aware,26,26,0.1803790633920994,1.0
DES_RHO,3,8,10.1021/acssuschemeng.8b05072,26,aware_on_anchor_rows,230,230,0.1803790633920994,1.0
DES_RHO,3,8,10.1021/acssuschemeng.8b05072,26,explore_offset_q_aware,228,230,0.1803790633920994,0.991304347826087
DES_RHO,3,8,10.1021/acssuschemeng.8b05072,26,naive,12,26,0.0295703851563735,0.46153846153846156
DES_RHO,3,8,10.1039/c5cp03364k,15,anchor,120,120,0.1798440135931714,1.0
DES_RHO,3,8,10.1039/c5cp03364k,15,aware,15,15,0.1803790633920994,1.0
DES_RHO,3,8,10.1039/c5cp03364k,15,aware_on_anchor_rows,120,120,0.1803790633920994,1.0
DES_RHO,3,8,10.1039/c5cp03364k,15,explore_offset_q_aware,120,120,0.1803790633920994,1.0
DES_RHO,3,8,10.1039/c5cp03364k,15,naive,14,15,0.0295703851563735,0.9333333333333333
DES_RHO,3,8,10.3866/pku.whxb201506111,22,anchor,155,190,0.1798440135931714,0.8157894736842105
DES_RHO,3,8,10.3866/pku.whxb201506111,22,aware,11,22,0.1803790633920994,0.5
DES_RHO,3,8,10.3866/pku.whxb201506111,22,aware_on_anchor_rows,92,190,0.1803790633920994,0.4842105263157895
DES_RHO,3,8,10.3866/pku.whxb201506111,22,explore_offset_q_aware,156,190,0.1803790633920994,0.8210526315789474
DES_RHO,3,8,10.3866/pku.whxb201506111,22,naive,11,22,0.0295703851563735,0.5
DES_RHO,3,9,10.1016/j.cep.2015.04.001,14,anchor,109,110,0.2063023416996006,0.990909090909091
DES_RHO,3,9,10.1016/j.cep.2015.04.001,14,aware,13,14,0.1783178535606779,0.9285714285714286
DES_RHO,3,9,10.1016/j.cep.2015.04.001,14,aware_on_anchor_rows,102,110,0.1783178535606779,0.9272727272727272
DES_RHO,3,9,10.1016/j.cep.2015.04.001,14,explore_offset_q_aware,106,110,0.1783178535606779,0.9636363636363636
DES_RHO,3,9,10.1016/j.cep.2015.04.001,14,naive,5,14,0.0313180223427966,0.35714285714285715
DES_RHO,3,9,10.1016/j.fluid.2014.01.028,7,aware,7,7,0.1783178535606779,1.0
DES_RHO,3,9,10.1016/j.fluid.2014.01.028,7,naive,7,7,0.0313180223427966,1.0
DES_RHO,3,9,10.1016/j.fluid.2017.03.008,84,anchor,810,810,0.2063023416996006,1.0
DES_RHO,3,9,10.1016/j.fluid.2017.03.008,84,aware,84,84,0.1783178535606779,1.0
DES_RHO,3,9,10.1016/j.fluid.2017.03.008,84,aware_on_anchor_rows,810,810,0.1783178535606779,1.0
DES_RHO,3,9,10.1016/j.fluid.2017.03.008,84,explore_offset_q_aware,810,810,0.1783178535606779,1.0
DES_RHO,3,9,10.1016/j.fluid.2017.03.008,84,naive,68,84,0.0313180223427966,0.8095238095238095
DES_RHO,3,9,10.1016/j.fluid.2019.02.010,64,anchor,610,610,0.2063023416996006,1.0
DES_RHO,3,9,10.1016/j.fluid.2019.02.010,64,aware,64,64,0.1783178535606779,1.0
DES_RHO,3,9,10.1016/j.fluid.2019.02.010,64,aware_on_anchor_rows,610,610,0.1783178535606779,1.0
DES_RHO,3,9,10.1016/j.fluid.2019.02.010,64,explore_offset_q_aware,610,610,0.1783178535606779,1.0
DES_RHO,3,9,10.1016/j.fluid.2019.02.010,64,naive,63,64,0.0313180223427966,0.984375
DES_RHO,3,9,10.1016/j.foodchem.2022.134054,38,anchor,274,350,0.2063023416996006,0.7828571428571428
DES_RHO,3,9,10.1016/j.foodchem.2022.134054,38,aware,36,38,0.1783178535606779,0.9473684210526315
DES_RHO,3,9,10.1016/j.foodchem.2022.134054,38,aware_on_anchor_rows,332,350,0.1783178535606779,0.9485714285714286
DES_RHO,3,9,10.1016/j.foodchem.2022.134054,38,explore_offset_q_aware,266,350,0.1783178535606779,0.76
DES_RHO,3,9,10.1016/j.foodchem.2022.134054,38,naive,33,38,0.0313180223427966,0.868421052631579
DES_RHO,3,9,10.1016/j.jct.2016.08.015,3,aware,3,3,0.1783178535606779,1.0
DES_RHO,3,9,10.1016/j.jct.2016.08.015,3,naive,3,3,0.0313180223427966,1.0
DES_RHO,3,9,10.1016/j.jiec.2022.04.015,34,anchor,310,310,0.2063023416996006,1.0
DES_RHO,3,9,10.1016/j.jiec.2022.04.015,34,aware,34,34,0.1783178535606779,1.0
DES_RHO,3,9,10.1016/j.jiec.2022.04.015,34,aware_on_anchor_rows,310,310,0.1783178535606779,1.0
DES_RHO,3,9,10.1016/j.jiec.2022.04.015,34,explore_offset_q_aware,310,310,0.1783178535606779,1.0
DES_RHO,3,9,10.1016/j.jiec.2022.04.015,34,naive,29,34,0.0313180223427966,0.8529411764705882
DES_RHO,3,9,10.1016/j.jtice.2015.12.020,54,anchor,510,510,0.2063023416996006,1.0
DES_RHO,3,9,10.1016/j.jtice.2015.12.020,54,aware,54,54,0.1783178535606779,1.0
DES_RHO,3,9,10.1016/j.jtice.2015.12.020,54,aware_on_anchor_rows,510,510,0.1783178535606779,1.0
DES_RHO,3,9,10.1016/j.jtice.2015.12.020,54,explore_offset_q_aware,510,510,0.1783178535606779,1.0
DES_RHO,3,9,10.1016/j.jtice.2015.12.020,54,naive,39,54,0.0313180223427966,0.7222222222222222
DES_RHO,3,9,10.1016/j.molliq.2017.02.071,27,anchor,240,240,0.2063023416996006,1.0
DES_RHO,3,9,10.1016/j.molliq.2017.02.071,27,aware,27,27,0.1783178535606779,1.0
DES_RHO,3,9,10.1016/j.molliq.2017.02.071,27,aware_on_anchor_rows,240,240,0.1783178535606779,1.0
DES_RHO,3,9,10.1016/j.molliq.2017.02.071,27,explore_offset_q_aware,240,240,0.1783178535606779,1.0
DES_RHO,3,9,10.1016/j.molliq.2017.02.071,27,naive,25,27,0.0313180223427966,0.9259259259259259
DES_RHO,3,9,10.1016/j.molliq.2020.113110,81,anchor,740,780,0.2063023416996006,0.9487179487179487
DES_RHO,3,9,10.1016/j.molliq.2020.113110,81,aware,54,81,0.1783178535606779,0.6666666666666666
DES_RHO,3,9,10.1016/j.molliq.2020.113110,81,aware_on_anchor_rows,518,780,0.1783178535606779,0.6641025641025641
DES_RHO,3,9,10.1016/j.molliq.2020.113110,81,explore_offset_q_aware,680,780,0.1783178535606779,0.8717948717948718
DES_RHO,3,9,10.1016/j.molliq.2020.113110,81,naive,11,81,0.0313180223427966,0.13580246913580246
DES_RHO,3,9,10.1016/j.molliq.2022.120056,9,anchor,60,60,0.2063023416996006,1.0
DES_RHO,3,9,10.1016/j.molliq.2022.120056,9,aware,9,9,0.1783178535606779,1.0
DES_RHO,3,9,10.1016/j.molliq.2022.120056,9,aware_on_anchor_rows,60,60,0.1783178535606779,1.0
DES_RHO,3,9,10.1016/j.molliq.2022.120056,9,explore_offset_q_aware,60,60,0.1783178535606779,1.0
DES_RHO,3,9,10.1016/j.molliq.2022.120056,9,naive,4,9,0.0313180223427966,0.4444444444444444
DES_RHO,3,9,10.1016/j.seppur.2020.116692,22,anchor,190,190,0.2063023416996006,1.0
DES_RHO,3,9,10.1016/j.seppur.2020.116692,22,aware,22,22,0.1783178535606779,1.0
DES_RHO,3,9,10.1016/j.seppur.2020.116692,22,aware_on_anchor_rows,190,190,0.1783178535606779,1.0
DES_RHO,3,9,10.1016/j.seppur.2020.116692,22,explore_offset_q_aware,190,190,0.1783178535606779,1.0
DES_RHO,3,9,10.1016/j.seppur.2020.116692,22,naive,15,22,0.0313180223427966,0.6818181818181818
DES_RHO,3,9,10.1021/acs.energyfuels.6b00471,5,aware,3,5,0.1783178535606779,0.6
DES_RHO,3,9,10.1021/acs.energyfuels.6b00471,5,naive,2,5,0.0313180223427966,0.4
DES_RHO,3,9,10.1021/acs.jced.6b00486,18,anchor,138,150,0.2063023416996006,0.92
DES_RHO,3,9,10.1021/acs.jced.6b00486,18,aware,9,18,0.1783178535606779,0.5
DES_RHO,3,9,10.1021/acs.jced.6b00486,18,aware_on_anchor_rows,76,150,0.1783178535606779,0.5066666666666667
DES_RHO,3,9,10.1021/acs.jced.6b00486,18,explore_offset_q_aware,127,150,0.1783178535606779,0.8466666666666667
DES_RHO,3,9,10.1021/acs.jced.6b00486,18,naive,8,18,0.0313180223427966,0.4444444444444444
DES_RHO,3,9,10.1021/acs.jpcb.0c03876,3,aware,3,3,0.1783178535606779,1.0
DES_RHO,3,9,10.1021/acs.jpcb.0c03876,3,naive,2,3,0.0313180223427966,0.6666666666666666
DES_RHO,3,9,10.1021/jp0671998,12,anchor,90,90,0.2063023416996006,1.0
DES_RHO,3,9,10.1021/jp0671998,12,aware,12,12,0.1783178535606779,1.0
DES_RHO,3,9,10.1021/jp0671998,12,aware_on_anchor_rows,90,90,0.1783178535606779,1.0
DES_RHO,3,9,10.1021/jp0671998,12,explore_offset_q_aware,90,90,0.1783178535606779,1.0
DES_RHO,3,9,10.1021/jp0671998,12,naive,12,12,0.0313180223427966,1.0
DES_RHO,4,0,10.1002/aic.18095,2667,anchor,20250,26640,0.1361739093892902,0.7601351351351351
DES_RHO,4,0,10.1002/aic.18095,2667,aware,2291,2667,0.177219787065733,0.8590176227971503
DES_RHO,4,0,10.1002/aic.18095,2667,aware_on_anchor_rows,22883,26640,0.177219787065733,0.8589714714714715
DES_RHO,4,0,10.1002/aic.18095,2667,explore_offset_q_aware,22506,26640,0.177219787065733,0.8448198198198198
DES_RHO,4,0,10.1002/aic.18095,2667,naive,1178,2667,0.0473609704147932,0.44169478815148105
DES_RHO,4,1,10.1002/cphc.200500489,6,aware,6,6,0.1874636643498382,1.0
DES_RHO,4,1,10.1002/cphc.200500489,6,naive,4,6,0.0292686736363418,0.6666666666666666
DES_RHO,4,1,10.1016/j.cclet.2013.09.004,9,anchor,10,60,0.1949245492363383,0.16666666666666666
DES_RHO,4,1,10.1016/j.cclet.2013.09.004,9,aware,4,9,0.1874636643498382,0.4444444444444444
DES_RHO,4,1,10.1016/j.cclet.2013.09.004,9,aware_on_anchor_rows,25,60,0.1874636643498382,0.4166666666666667
DES_RHO,4,1,10.1016/j.cclet.2013.09.004,9,explore_offset_q_aware,10,60,0.1874636643498382,0.16666666666666666
DES_RHO,4,1,10.1016/j.cclet.2013.09.004,9,naive,1,9,0.0292686736363418,0.1111111111111111
DES_RHO,4,1,10.1016/j.jhazmat.2021.127972,27,anchor,240,240,0.1949245492363383,1.0
DES_RHO,4,1,10.1016/j.jhazmat.2021.127972,27,aware,27,27,0.1874636643498382,1.0
DES_RHO,4,1,10.1016/j.jhazmat.2021.127972,27,aware_on_anchor_rows,240,240,0.1874636643498382,1.0
DES_RHO,4,1,10.1016/j.jhazmat.2021.127972,27,explore_offset_q_aware,240,240,0.1874636643498382,1.0
DES_RHO,4,1,10.1016/j.jhazmat.2021.127972,27,naive,21,27,0.0292686736363418,0.7777777777777778
DES_RHO,4,1,10.1016/j.molliq.2022.120420,351,anchor,3480,3480,0.1949245492363383,1.0
DES_RHO,4,1,10.1016/j.molliq.2022.120420,351,aware,351,351,0.1874636643498382,1.0
DES_RHO,4,1,10.1016/j.molliq.2022.120420,351,aware_on_anchor_rows,3480,3480,0.1874636643498382,1.0
DES_RHO,4,1,10.1016/j.molliq.2022.120420,351,explore_offset_q_aware,3480,3480,0.1874636643498382,1.0
DES_RHO,4,1,10.1016/j.molliq.2022.120420,351,naive,333,351,0.0292686736363418,0.9487179487179487
DES_RHO,4,1,10.1021/acs.iecr.5b02611,22,anchor,190,190,0.1949245492363383,1.0
DES_RHO,4,1,10.1021/acs.iecr.5b02611,22,aware,22,22,0.1874636643498382,1.0
DES_RHO,4,1,10.1021/acs.iecr.5b02611,22,aware_on_anchor_rows,190,190,0.1874636643498382,1.0
DES_RHO,4,1,10.1021/acs.iecr.5b02611,22,explore_offset_q_aware,190,190,0.1874636643498382,1.0
DES_RHO,4,1,10.1021/acs.iecr.5b02611,22,naive,15,22,0.0292686736363418,0.6818181818181818
DES_RHO,4,1,10.1021/acs.jced.0c00579,16,anchor,130,130,0.1949245492363383,1.0
DES_RHO,4,1,10.1021/acs.jced.0c00579,16,aware,16,16,0.1874636643498382,1.0
DES_RHO,4,1,10.1021/acs.jced.0c00579,16,aware_on_anchor_rows,130,130,0.1874636643498382,1.0
DES_RHO,4,1,10.1021/acs.jced.0c00579,16,explore_offset_q_aware,130,130,0.1874636643498382,1.0
DES_RHO,4,1,10.1021/acs.jced.0c00579,16,naive,12,16,0.0292686736363418,0.75
DES_RHO,4,1,10.1021/acs.jced.6b00486,18,anchor,108,150,0.1949245492363383,0.72
DES_RHO,4,1,10.1021/acs.jced.6b00486,18,aware,9,18,0.1874636643498382,0.5
DES_RHO,4,1,10.1021/acs.jced.6b00486,18,aware_on_anchor_rows,76,150,0.1874636643498382,0.5066666666666667
DES_RHO,4,1,10.1021/acs.jced.6b00486,18,explore_offset_q_aware,108,150,0.1874636643498382,0.72
DES_RHO,4,1,10.1021/acs.jced.6b00486,18,naive,8,18,0.0292686736363418,0.4444444444444444
DES_RHO,4,1,10.1039/c3ra40303c,13,anchor,100,100,0.1949245492363383,1.0
DES_RHO,4,1,10.1039/c3ra40303c,13,aware,13,13,0.1874636643498382,1.0
DES_RHO,4,1,10.1039/c3ra40303c,13,aware_on_anchor_rows,100,100,0.1874636643498382,1.0
DES_RHO,4,1,10.1039/c3ra40303c,13,explore_offset_q_aware,100,100,0.1874636643498382,1.0
DES_RHO,4,1,10.1039/c3ra40303c,13,naive,13,13,0.0292686736363418,1.0
DES_RHO,4,1,10.13140/rg.2.2.13424.10245,5,aware,5,5,0.1874636643498382,1.0
DES_RHO,4,1,10.13140/rg.2.2.13424.10245,5,naive,2,5,0.0292686736363418,0.4
DES_RHO,4,1,10.3390/separations6010009,7,aware,7,7,0.1874636643498382,1.0
DES_RHO,4,1,10.3390/separations6010009,7,naive,5,7,0.0292686736363418,0.7142857142857143
DES_RHO,4,2,10.1016/j.cej.2020.125173,36,anchor,326,330,0.184742058238277,0.9878787878787879
DES_RHO,4,2,10.1016/j.cej.2020.125173,36,aware,36,36,0.184438295587634,1.0
DES_RHO,4,2,10.1016/j.cej.2020.125173,36,aware_on_anchor_rows,330,330,0.184438295587634,1.0
DES_RHO,4,2,10.1016/j.cej.2020.125173,36,explore_offset_q_aware,326,330,0.184438295587634,0.9878787878787879
DES_RHO,4,2,10.1016/j.cej.2020.125173,36,naive,20,36,0.0307279296735618,0.5555555555555556
DES_RHO,4,2,10.1016/j.jct.2013.05.041,20,anchor,170,170,0.184742058238277,1.0
DES_RHO,4,2,10.1016/j.jct.2013.05.041,20,aware,20,20,0.184438295587634,1.0
DES_RHO,4,2,10.1016/j.jct.2013.05.041,20,aware_on_anchor_rows,170,170,0.184438295587634,1.0
DES_RHO,4,2,10.1016/j.jct.2013.05.041,20,explore_offset_q_aware,170,170,0.184438295587634,1.0
DES_RHO,4,2,10.1016/j.jct.2013.05.041,20,naive,19,20,0.0307279296735618,0.95
DES_RHO,4,2,10.1016/j.jct.2015.04.021,24,anchor,210,210,0.184742058238277,1.0
DES_RHO,4,2,10.1016/j.jct.2015.04.021,24,aware,24,24,0.184438295587634,1.0
DES_RHO,4,2,10.1016/j.jct.2015.04.021,24,aware_on_anchor_rows,210,210,0.184438295587634,1.0
DES_RHO,4,2,10.1016/j.jct.2015.04.021,24,explore_offset_q_aware,210,210,0.184438295587634,1.0
DES_RHO,4,2,10.1016/j.jct.2015.04.021,24,naive,22,24,0.0307279296735618,0.9166666666666666
DES_RHO,4,2,10.1016/j.jct.2019.105883,15,anchor,118,120,0.184742058238277,0.9833333333333333
DES_RHO,4,2,10.1016/j.jct.2019.105883,15,aware,14,15,0.184438295587634,0.9333333333333333
DES_RHO,4,2,10.1016/j.jct.2019.105883,15,aware_on_anchor_rows,113,120,0.184438295587634,0.9416666666666667
DES_RHO,4,2,10.1016/j.jct.2019.105883,15,explore_offset_q_aware,118,120,0.184438295587634,0.9833333333333333
DES_RHO,4,2,10.1016/j.jct.2019.105883,15,naive,9,15,0.0307279296735618,0.6
DES_RHO,4,2,10.1016/j.jct.2021.106578,43,anchor,400,400,0.184742058238277,1.0
DES_RHO,4,2,10.1016/j.jct.2021.106578,43,aware,43,43,0.184438295587634,1.0
DES_RHO,4,2,10.1016/j.jct.2021.106578,43,aware_on_anchor_rows,400,400,0.184438295587634,1.0
DES_RHO,4,2,10.1016/j.jct.2021.106578,43,explore_offset_q_aware,400,400,0.184438295587634,1.0
DES_RHO,4,2,10.1016/j.jct.2021.106578,43,naive,36,43,0.0307279296735618,0.8372093023255814
DES_RHO,4,2,10.1016/j.molliq.2016.10.115,12,anchor,90,90,0.184742058238277,1.0
DES_RHO,4,2,10.1016/j.molliq.2016.10.115,12,aware,12,12,0.184438295587634,1.0
DES_RHO,4,2,10.1016/j.molliq.2016.10.115,12,aware_on_anchor_rows,90,90,0.184438295587634,1.0
DES_RHO,4,2,10.1016/j.molliq.2016.10.115,12,explore_offset_q_aware,90,90,0.184438295587634,1.0
DES_RHO,4,2,10.1016/j.molliq.2016.10.115,12,naive,10,12,0.0307279296735618,0.8333333333333334
DES_RHO,4,2,10.1016/j.molliq.2018.12.096,4,aware,4,4,0.184438295587634,1.0
DES_RHO,4,2,10.1016/j.molliq.2018.12.096,4,naive,4,4,0.0307279296735618,1.0
DES_RHO,4,2,10.1016/j.molliq.2022.120056,9,anchor,60,60,0.184742058238277,1.0
DES_RHO,4,2,10.1016/j.molliq.2022.120056,9,aware,9,9,0.184438295587634,1.0
DES_RHO,4,2,10.1016/j.molliq.2022.120056,9,aware_on_anchor_rows,60,60,0.184438295587634,1.0
DES_RHO,4,2,10.1016/j.molliq.2022.120056,9,explore_offset_q_aware,60,60,0.184438295587634,1.0
DES_RHO,4,2,10.1016/j.molliq.2022.120056,9,naive,3,9,0.0307279296735618,0.3333333333333333
DES_RHO,4,2,10.1016/j.tca.2011.10.010,268,anchor,2650,2650,0.184742058238277,1.0
DES_RHO,4,2,10.1016/j.tca.2011.10.010,268,aware,268,268,0.184438295587634,1.0
DES_RHO,4,2,10.1016/j.tca.2011.10.010,268,aware_on_anchor_rows,2650,2650,0.184438295587634,1.0
DES_RHO,4,2,10.1016/j.tca.2011.10.010,268,explore_offset_q_aware,2650,2650,0.184438295587634,1.0
DES_RHO,4,2,10.1016/j.tca.2011.10.010,268,naive,233,268,0.0307279296735618,0.8694029850746269
DES_RHO,4,2,10.1021/acs.iecr.7b02478,28,anchor,250,250,0.184742058238277,1.0
DES_RHO,4,2,10.1021/acs.iecr.7b02478,28,aware,28,28,0.184438295587634,1.0
DES_RHO,4,2,10.1021/acs.iecr.7b02478,28,aware_on_anchor_rows,250,250,0.184438295587634,1.0
DES_RHO,4,2,10.1021/acs.iecr.7b02478,28,explore_offset_q_aware,250,250,0.184438295587634,1.0
DES_RHO,4,2,10.1021/acs.iecr.7b02478,28,naive,28,28,0.0307279296735618,1.0
DES_RHO,4,2,10.1021/acssuschemeng.9b00044,3,aware,3,3,0.184438295587634,1.0
DES_RHO,4,2,10.1021/acssuschemeng.9b00044,3,naive,2,3,0.0307279296735618,0.6666666666666666
DES_RHO,4,2,10.1039/c5gc03080c,8,anchor,50,50,0.184742058238277,1.0
DES_RHO,4,2,10.1039/c5gc03080c,8,aware,8,8,0.184438295587634,1.0
DES_RHO,4,2,10.1039/c5gc03080c,8,aware_on_anchor_rows,50,50,0.184438295587634,1.0
DES_RHO,4,2,10.1039/c5gc03080c,8,explore_offset_q_aware,50,50,0.184438295587634,1.0
DES_RHO,4,2,10.1039/c5gc03080c,8,naive,0,8,0.0307279296735618,0.0
DES_RHO,4,2,10.1080/01496395.2016.1247864,6,aware,6,6,0.184438295587634,1.0
DES_RHO,4,2,10.1080/01496395.2016.1247864,6,naive,5,6,0.0307279296735618,0.8333333333333334
DES_RHO,4,3,10.1016/j.ctta.2022.100088,5,aware,0,5,0.1823099670662678,0.0
DES_RHO,4,3,10.1016/j.ctta.2022.100088,5,naive,0,5,0.0297862352296025,0.0
DES_RHO,4,3,10.1016/j.fluid.2014.08.017,3,aware,3,3,0.1823099670662678,1.0
DES_RHO,4,3,10.1016/j.fluid.2014.08.017,3,naive,1,3,0.0297862352296025,0.3333333333333333
DES_RHO,4,3,10.1016/j.foodchem.2019.125752,8,anchor,42,50,0.1860545960120164,0.84
DES_RHO,4,3,10.1016/j.foodchem.2019.125752,8,aware,6,8,0.1823099670662678,0.75
DES_RHO,4,3,10.1016/j.foodchem.2019.125752,8,aware_on_anchor_rows,37,50,0.1823099670662678,0.74
DES_RHO,4,3,10.1016/j.foodchem.2019.125752,8,explore_offset_q_aware,42,50,0.1823099670662678,0.84
DES_RHO,4,3,10.1016/j.foodchem.2019.125752,8,naive,4,8,0.0297862352296025,0.5
DES_RHO,4,3,10.1016/j.foodchem.2022.133379,7,aware,6,7,0.1823099670662678,0.8571428571428571
DES_RHO,4,3,10.1016/j.foodchem.2022.133379,7,naive,5,7,0.0297862352296025,0.7142857142857143
DES_RHO,4,3,10.1016/j.molliq.2017.05.084,45,anchor,420,420,0.1860545960120164,1.0
DES_RHO,4,3,10.1016/j.molliq.2017.05.084,45,aware,45,45,0.1823099670662678,1.0
DES_RHO,4,3,10.1016/j.molliq.2017.05.084,45,aware_on_anchor_rows,420,420,0.1823099670662678,1.0
DES_RHO,4,3,10.1016/j.molliq.2017.05.084,45,explore_offset_q_aware,420,420,0.1823099670662678,1.0
DES_RHO,4,3,10.1016/j.molliq.2017.05.084,45,naive,18,45,0.0297862352296025,0.4
DES_RHO,4,3,10.1016/j.molliq.2019.01.053,14,anchor,110,110,0.1860545960120164,1.0
DES_RHO,4,3,10.1016/j.molliq.2019.01.053,14,aware,14,14,0.1823099670662678,1.0
DES_RHO,4,3,10.1016/j.molliq.2019.01.053,14,aware_on_anchor_rows,110,110,0.1823099670662678,1.0
DES_RHO,4,3,10.1016/j.molliq.2019.01.053,14,explore_offset_q_aware,110,110,0.1823099670662678,1.0
DES_RHO,4,3,10.1016/j.molliq.2019.01.053,14,naive,11,14,0.0297862352296025,0.7857142857142857
DES_RHO,4,3,10.1016/j.molliq.2021.117987,25,anchor,220,220,0.1860545960120164,1.0
DES_RHO,4,3,10.1016/j.molliq.2021.117987,25,aware,25,25,0.1823099670662678,1.0
DES_RHO,4,3,10.1016/j.molliq.2021.117987,25,aware_on_anchor_rows,220,220,0.1823099670662678,1.0
DES_RHO,4,3,10.1016/j.molliq.2021.117987,25,explore_offset_q_aware,220,220,0.1823099670662678,1.0
DES_RHO,4,3,10.1016/j.molliq.2021.117987,25,naive,14,25,0.0297862352296025,0.56
DES_RHO,4,3,10.1016/j.molliq.2022.119392,11,anchor,80,80,0.1860545960120164,1.0
DES_RHO,4,3,10.1016/j.molliq.2022.119392,11,aware,11,11,0.1823099670662678,1.0
DES_RHO,4,3,10.1016/j.molliq.2022.119392,11,aware_on_anchor_rows,80,80,0.1823099670662678,1.0
DES_RHO,4,3,10.1016/j.molliq.2022.119392,11,explore_offset_q_aware,80,80,0.1823099670662678,1.0
DES_RHO,4,3,10.1016/j.molliq.2022.119392,11,naive,11,11,0.0297862352296025,1.0
DES_RHO,4,3,10.1021/acssuschemeng.8b01203,187,anchor,1840,1840,0.1860545960120164,1.0
DES_RHO,4,3,10.1021/acssuschemeng.8b01203,187,aware,187,187,0.1823099670662678,1.0
DES_RHO,4,3,10.1021/acssuschemeng.8b01203,187,aware_on_anchor_rows,1840,1840,0.1823099670662678,1.0
DES_RHO,4,3,10.1021/acssuschemeng.8b01203,187,explore_offset_q_aware,1840,1840,0.1823099670662678,1.0
DES_RHO,4,3,10.1021/acssuschemeng.8b01203,187,naive,130,187,0.0297862352296025,0.6951871657754011
DES_RHO,4,3,10.1021/acssuschemeng.8b05548,2,aware,1,2,0.1823099670662678,0.5
DES_RHO,4,3,10.1021/acssuschemeng.8b05548,2,naive,1,2,0.0297862352296025,0.5
DES_RHO,4,3,10.1021/acssuschemeng.9b03245,21,anchor,180,180,0.1860545960120164,1.0
DES_RHO,4,3,10.1021/acssuschemeng.9b03245,21,aware,10,21,0.1823099670662678,0.47619047619047616
DES_RHO,4,3,10.1021/acssuschemeng.9b03245,21,aware_on_anchor_rows,91,180,0.1823099670662678,0.5055555555555555
DES_RHO,4,3,10.1021/acssuschemeng.9b03245,21,explore_offset_q_aware,180,180,0.1823099670662678,1.0
DES_RHO,4,3,10.1021/acssuschemeng.9b03245,21,naive,0,21,0.0297862352296025,0.0
DES_RHO,4,3,10.1021/je300997v,37,anchor,340,340,0.1860545960120164,1.0
DES_RHO,4,3,10.1021/je300997v,37,aware,37,37,0.1823099670662678,1.0
DES_RHO,4,3,10.1021/je300997v,37,aware_on_anchor_rows,340,340,0.1823099670662678,1.0
DES_RHO,4,3,10.1021/je300997v,37,explore_offset_q_aware,340,340,0.1823099670662678,1.0
DES_RHO,4,3,10.1021/je300997v,37,naive,35,37,0.0297862352296025,0.9459459459459459
DES_RHO,4,3,10.1021/sc500439w,62,anchor,577,590,0.1860545960120164,0.9779661016949153
DES_RHO,4,3,10.1021/sc500439w,62,aware,61,62,0.1823099670662678,0.9838709677419355
DES_RHO,4,3,10.1021/sc500439w,62,aware_on_anchor_rows,580,590,0.1823099670662678,0.9830508474576272
DES_RHO,4,3,10.1021/sc500439w,62,explore_offset_q_aware,576,590,0.1823099670662678,0.976271186440678
DES_RHO,4,3,10.1021/sc500439w,62,naive,50,62,0.0297862352296025,0.8064516129032258
DES_RHO,4,3,10.3390/molecules24030636,17,anchor,140,140,0.1860545960120164,1.0
DES_RHO,4,3,10.3390/molecules24030636,17,aware,17,17,0.1823099670662678,1.0
DES_RHO,4,3,10.3390/molecules24030636,17,aware_on_anchor_rows,140,140,0.1823099670662678,1.0
DES_RHO,4,3,10.3390/molecules24030636,17,explore_offset_q_aware,140,140,0.1823099670662678,1.0
DES_RHO,4,3,10.3390/molecules24030636,17,naive,17,17,0.0297862352296025,1.0
DES_RHO,4,3,api.semanticscholar.org/corpusid:92513446,31,anchor,270,280,0.1860545960120164,0.9642857142857143
DES_RHO,4,3,api.semanticscholar.org/corpusid:92513446,31,aware,30,31,0.1823099670662678,0.967741935483871
DES_RHO,4,3,api.semanticscholar.org/corpusid:92513446,31,aware_on_anchor_rows,270,280,0.1823099670662678,0.9642857142857143
DES_RHO,4,3,api.semanticscholar.org/corpusid:92513446,31,explore_offset_q_aware,270,280,0.1823099670662678,0.9642857142857143
DES_RHO,4,3,api.semanticscholar.org/corpusid:92513446,31,naive,29,31,0.0297862352296025,0.9354838709677419
DES_RHO,4,4,10.1016/j.chroma.2018.07.070,13,anchor,100,100,0.1839516396770093,1.0
DES_RHO,4,4,10.1016/j.chroma.2018.07.070,13,aware,13,13,0.1835816210384824,1.0
DES_RHO,4,4,10.1016/j.chroma.2018.07.070,13,aware_on_anchor_rows,100,100,0.1835816210384824,1.0
DES_RHO,4,4,10.1016/j.chroma.2018.07.070,13,explore_offset_q_aware,100,100,0.1835816210384824,1.0
DES_RHO,4,4,10.1016/j.chroma.2018.07.070,13,naive,3,13,0.0287440155472045,0.23076923076923078
DES_RHO,4,4,10.1016/j.cjche.2020.07.004,20,anchor,170,170,0.1839516396770093,1.0
DES_RHO,4,4,10.1016/j.cjche.2020.07.004,20,aware,20,20,0.1835816210384824,1.0
DES_RHO,4,4,10.1016/j.cjche.2020.07.004,20,aware_on_anchor_rows,170,170,0.1835816210384824,1.0
DES_RHO,4,4,10.1016/j.cjche.2020.07.004,20,explore_offset_q_aware,170,170,0.1835816210384824,1.0
DES_RHO,4,4,10.1016/j.cjche.2020.07.004,20,naive,17,20,0.0287440155472045,0.85
DES_RHO,4,4,10.1016/j.fluid.2013.06.050,24,anchor,210,210,0.1839516396770093,1.0
DES_RHO,4,4,10.1016/j.fluid.2013.06.050,24,aware,24,24,0.1835816210384824,1.0
DES_RHO,4,4,10.1016/j.fluid.2013.06.050,24,aware_on_anchor_rows,210,210,0.1835816210384824,1.0
DES_RHO,4,4,10.1016/j.fluid.2013.06.050,24,explore_offset_q_aware,210,210,0.1835816210384824,1.0
DES_RHO,4,4,10.1016/j.fluid.2013.06.050,24,naive,23,24,0.0287440155472045,0.9583333333333334
DES_RHO,4,4,10.1016/j.ijggc.2019.102839,4,aware,4,4,0.1835816210384824,1.0
DES_RHO,4,4,10.1016/j.ijggc.2019.102839,4,naive,2,4,0.0287440155472045,0.5
DES_RHO,4,4,10.1016/j.jct.2017.11.008,66,anchor,630,630,0.1839516396770093,1.0
DES_RHO,4,4,10.1016/j.jct.2017.11.008,66,aware,56,66,0.1835816210384824,0.8484848484848485
DES_RHO,4,4,10.1016/j.jct.2017.11.008,66,aware_on_anchor_rows,535,630,0.1835816210384824,0.8492063492063492
DES_RHO,4,4,10.1016/j.jct.2017.11.008,66,explore_offset_q_aware,630,630,0.1835816210384824,1.0
DES_RHO,4,4,10.1016/j.jct.2017.11.008,66,naive,0,66,0.0287440155472045,0.0
DES_RHO,4,4,10.1016/j.jhazmat.2022.129835,6,aware,6,6,0.1835816210384824,1.0
DES_RHO,4,4,10.1016/j.jhazmat.2022.129835,6,naive,3,6,0.0287440155472045,0.5
DES_RHO,4,4,10.1016/j.molliq.2017.04.052,39,anchor,284,360,0.1839516396770093,0.7888888888888889
DES_RHO,4,4,10.1016/j.molliq.2017.04.052,39,aware,36,39,0.1835816210384824,0.9230769230769231
DES_RHO,4,4,10.1016/j.molliq.2017.04.052,39,aware_on_anchor_rows,333,360,0.1835816210384824,0.925
DES_RHO,4,4,10.1016/j.molliq.2017.04.052,39,explore_offset_q_aware,284,360,0.1835816210384824,0.7888888888888889
DES_RHO,4,4,10.1016/j.molliq.2017.04.052,39,naive,24,39,0.0287440155472045,0.6153846153846154
DES_RHO,4,4,10.1016/j.molliq.2019.111916,35,anchor,320,320,0.1839516396770093,1.0
DES_RHO,4,4,10.1016/j.molliq.2019.111916,35,aware,35,35,0.1835816210384824,1.0
DES_RHO,4,4,10.1016/j.molliq.2019.111916,35,aware_on_anchor_rows,320,320,0.1835816210384824,1.0
DES_RHO,4,4,10.1016/j.molliq.2019.111916,35,explore_offset_q_aware,320,320,0.1835816210384824,1.0
DES_RHO,4,4,10.1016/j.molliq.2019.111916,35,naive,31,35,0.0287440155472045,0.8857142857142857
DES_RHO,4,4,10.1016/j.molliq.2021.117717,1,aware,1,1,0.1835816210384824,1.0
DES_RHO,4,4,10.1016/j.molliq.2021.117717,1,naive,1,1,0.0287440155472045,1.0
DES_RHO,4,4,10.1016/j.molliq.2021.118393,54,anchor,458,510,0.1839516396770093,0.8980392156862745
DES_RHO,4,4,10.1016/j.molliq.2021.118393,54,aware,45,54,0.1835816210384824,0.8333333333333334
DES_RHO,4,4,10.1016/j.molliq.2021.118393,54,aware_on_anchor_rows,425,510,0.1835816210384824,0.8333333333333334
DES_RHO,4,4,10.1016/j.molliq.2021.118393,54,explore_offset_q_aware,458,510,0.1835816210384824,0.8980392156862745
DES_RHO,4,4,10.1016/j.molliq.2021.118393,54,naive,14,54,0.0287440155472045,0.25925925925925924
DES_RHO,4,4,10.1016/j.molliq.2022.119560,27,anchor,240,240,0.1839516396770093,1.0
DES_RHO,4,4,10.1016/j.molliq.2022.119560,27,aware,27,27,0.1835816210384824,1.0
DES_RHO,4,4,10.1016/j.molliq.2022.119560,27,aware_on_anchor_rows,240,240,0.1835816210384824,1.0
DES_RHO,4,4,10.1016/j.molliq.2022.119560,27,explore_offset_q_aware,240,240,0.1835816210384824,1.0
DES_RHO,4,4,10.1016/j.molliq.2022.119560,27,naive,15,27,0.0287440155472045,0.5555555555555556
DES_RHO,4,4,10.1016/j.talanta.2022.123373,8,anchor,50,50,0.1839516396770093,1.0
DES_RHO,4,4,10.1016/j.talanta.2022.123373,8,aware,8,8,0.1835816210384824,1.0
DES_RHO,4,4,10.1016/j.talanta.2022.123373,8,aware_on_anchor_rows,50,50,0.1835816210384824,1.0
DES_RHO,4,4,10.1016/j.talanta.2022.123373,8,explore_offset_q_aware,50,50,0.1835816210384824,1.0
DES_RHO,4,4,10.1016/j.talanta.2022.123373,8,naive,7,8,0.0287440155472045,0.875
DES_RHO,4,4,10.1021/acs.jced.0c00715,153,anchor,1500,1500,0.1839516396770093,1.0
DES_RHO,4,4,10.1021/acs.jced.0c00715,153,aware,153,153,0.1835816210384824,1.0
DES_RHO,4,4,10.1021/acs.jced.0c00715,153,aware_on_anchor_rows,1500,1500,0.1835816210384824,1.0
DES_RHO,4,4,10.1021/acs.jced.0c00715,153,explore_offset_q_aware,1500,1500,0.1835816210384824,1.0
DES_RHO,4,4,10.1021/acs.jced.0c00715,153,naive,148,153,0.0287440155472045,0.9673202614379085
DES_RHO,4,4,10.1021/je5001796,9,anchor,60,60,0.1839516396770093,1.0
DES_RHO,4,4,10.1021/je5001796,9,aware,9,9,0.1835816210384824,1.0
DES_RHO,4,4,10.1021/je5001796,9,aware_on_anchor_rows,60,60,0.1835816210384824,1.0
DES_RHO,4,4,10.1021/je5001796,9,explore_offset_q_aware,60,60,0.1835816210384824,1.0
DES_RHO,4,4,10.1021/je5001796,9,naive,8,9,0.0287440155472045,0.8888888888888888
DES_RHO,4,4,10.1039/c5cp03364k,15,anchor,120,120,0.1839516396770093,1.0
DES_RHO,4,4,10.1039/c5cp03364k,15,aware,15,15,0.1835816210384824,1.0
DES_RHO,4,4,10.1039/c5cp03364k,15,aware_on_anchor_rows,120,120,0.1835816210384824,1.0
DES_RHO,4,4,10.1039/c5cp03364k,15,explore_offset_q_aware,120,120,0.1835816210384824,1.0
DES_RHO,4,4,10.1039/c5cp03364k,15,naive,14,15,0.0287440155472045,0.9333333333333333
DES_RHO,4,5,10.1016/j.chemosphere.2019.125082,20,anchor,170,170,0.179072387860813,1.0
DES_RHO,4,5,10.1016/j.chemosphere.2019.125082,20,aware,20,20,0.1737608559100545,1.0
DES_RHO,4,5,10.1016/j.chemosphere.2019.125082,20,aware_on_anchor_rows,170,170,0.1737608559100545,1.0
DES_RHO,4,5,10.1016/j.chemosphere.2019.125082,20,explore_offset_q_aware,170,170,0.1737608559100545,1.0
DES_RHO,4,5,10.1016/j.chemosphere.2019.125082,20,naive,8,20,0.0299115489440087,0.4
DES_RHO,4,5,10.1016/j.fluid.2012.12.001,137,anchor,1322,1340,0.179072387860813,0.9865671641791045
DES_RHO,4,5,10.1016/j.fluid.2012.12.001,137,aware,135,137,0.1737608559100545,0.9854014598540146
DES_RHO,4,5,10.1016/j.fluid.2012.12.001,137,aware_on_anchor_rows,1320,1340,0.1737608559100545,0.9850746268656716
DES_RHO,4,5,10.1016/j.fluid.2012.12.001,137,explore_offset_q_aware,1321,1340,0.1737608559100545,0.985820895522388
DES_RHO,4,5,10.1016/j.fluid.2012.12.001,137,naive,123,137,0.0299115489440087,0.8978102189781022
DES_RHO,4,5,10.1016/j.foodchem.2018.09.048,6,aware,6,6,0.1737608559100545,1.0
DES_RHO,4,5,10.1016/j.foodchem.2018.09.048,6,naive,4,6,0.0299115489440087,0.6666666666666666
DES_RHO,4,5,10.1016/j.foodchem.2021.131930,10,anchor,61,70,0.179072387860813,0.8714285714285714
DES_RHO,4,5,10.1016/j.foodchem.2021.131930,10,aware,9,10,0.1737608559100545,0.9
DES_RHO,4,5,10.1016/j.foodchem.2021.131930,10,aware_on_anchor_rows,62,70,0.1737608559100545,0.8857142857142857
DES_RHO,4,5,10.1016/j.foodchem.2021.131930,10,explore_offset_q_aware,60,70,0.1737608559100545,0.8571428571428571
DES_RHO,4,5,10.1016/j.foodchem.2021.131930,10,naive,4,10,0.0299115489440087,0.4
DES_RHO,4,5,10.1016/j.jct.2017.05.020,66,anchor,630,630,0.179072387860813,1.0
DES_RHO,4,5,10.1016/j.jct.2017.05.020,66,aware,66,66,0.1737608559100545,1.0
DES_RHO,4,5,10.1016/j.jct.2017.05.020,66,aware_on_anchor_rows,630,630,0.1737608559100545,1.0
DES_RHO,4,5,10.1016/j.jct.2017.05.020,66,explore_offset_q_aware,630,630,0.1737608559100545,1.0
DES_RHO,4,5,10.1016/j.jct.2017.05.020,66,naive,41,66,0.0299115489440087,0.6212121212121212
DES_RHO,4,5,10.1016/j.jct.2018.10.003,25,anchor,220,220,0.179072387860813,1.0
DES_RHO,4,5,10.1016/j.jct.2018.10.003,25,aware,25,25,0.1737608559100545,1.0
DES_RHO,4,5,10.1016/j.jct.2018.10.003,25,aware_on_anchor_rows,220,220,0.1737608559100545,1.0
DES_RHO,4,5,10.1016/j.jct.2018.10.003,25,explore_offset_q_aware,219,220,0.1737608559100545,0.9954545454545455
DES_RHO,4,5,10.1016/j.jct.2018.10.003,25,naive,7,25,0.0299115489440087,0.28
DES_RHO,4,5,10.1016/j.molliq.2018.02.049,54,anchor,374,510,0.179072387860813,0.7333333333333333
DES_RHO,4,5,10.1016/j.molliq.2018.02.049,54,aware,33,54,0.1737608559100545,0.6111111111111112
DES_RHO,4,5,10.1016/j.molliq.2018.02.049,54,aware_on_anchor_rows,314,510,0.1737608559100545,0.615686274509804
DES_RHO,4,5,10.1016/j.molliq.2018.02.049,54,explore_offset_q_aware,369,510,0.1737608559100545,0.7235294117647059
DES_RHO,4,5,10.1016/j.molliq.2018.02.049,54,naive,23,54,0.0299115489440087,0.42592592592592593
DES_RHO,4,5,10.1016/j.molliq.2020.113127,36,anchor,330,330,0.179072387860813,1.0
DES_RHO,4,5,10.1016/j.molliq.2020.113127,36,aware,36,36,0.1737608559100545,1.0
DES_RHO,4,5,10.1016/j.molliq.2020.113127,36,aware_on_anchor_rows,330,330,0.1737608559100545,1.0
DES_RHO,4,5,10.1016/j.molliq.2020.113127,36,explore_offset_q_aware,330,330,0.1737608559100545,1.0
DES_RHO,4,5,10.1016/j.molliq.2020.113127,36,naive,17,36,0.0299115489440087,0.4722222222222222
DES_RHO,4,5,10.1016/j.seppur.2019.115703,43,anchor,400,400,0.179072387860813,1.0
DES_RHO,4,5,10.1016/j.seppur.2019.115703,43,aware,43,43,0.1737608559100545,1.0
DES_RHO,4,5,10.1016/j.seppur.2019.115703,43,aware_on_anchor_rows,400,400,0.1737608559100545,1.0
DES_RHO,4,5,10.1016/j.seppur.2019.115703,43,explore_offset_q_aware,400,400,0.1737608559100545,1.0
DES_RHO,4,5,10.1016/j.seppur.2019.115703,43,naive,43,43,0.0299115489440087,1.0
DES_RHO,4,5,10.1016/j.seppur.2019.115707,4,aware,4,4,0.1737608559100545,1.0
DES_RHO,4,5,10.1016/j.seppur.2019.115707,4,naive,4,4,0.0299115489440087,1.0
DES_RHO,4,5,10.1016/j.tca.2012.04.030,28,anchor,230,250,0.179072387860813,0.92
DES_RHO,4,5,10.1016/j.tca.2012.04.030,28,aware,25,28,0.1737608559100545,0.8928571428571429
DES_RHO,4,5,10.1016/j.tca.2012.04.030,28,aware_on_anchor_rows,223,250,0.1737608559100545,0.892
DES_RHO,4,5,10.1016/j.tca.2012.04.030,28,explore_offset_q_aware,229,250,0.1737608559100545,0.916
DES_RHO,4,5,10.1016/j.tca.2012.04.030,28,naive,20,28,0.0299115489440087,0.7142857142857143
DES_RHO,4,5,10.1021/acs.energyfuels.6b00471,5,aware,3,5,0.1737608559100545,0.6
DES_RHO,4,5,10.1021/acs.energyfuels.6b00471,5,naive,2,5,0.0299115489440087,0.4
DES_RHO,4,5,10.1021/acs.jced.9b00237,8,anchor,50,50,0.179072387860813,1.0
DES_RHO,4,5,10.1021/acs.jced.9b00237,8,aware,8,8,0.1737608559100545,1.0
DES_RHO,4,5,10.1021/acs.jced.9b00237,8,aware_on_anchor_rows,50,50,0.1737608559100545,1.0
DES_RHO,4,5,10.1021/acs.jced.9b00237,8,explore_offset_q_aware,50,50,0.1737608559100545,1.0
DES_RHO,4,5,10.1021/acs.jced.9b00237,8,naive,7,8,0.0299115489440087,0.875
DES_RHO,4,5,10.1021/acssuschemeng.8b03520,17,anchor,136,140,0.179072387860813,0.9714285714285714
DES_RHO,4,5,10.1021/acssuschemeng.8b03520,17,aware,17,17,0.1737608559100545,1.0
DES_RHO,4,5,10.1021/acssuschemeng.8b03520,17,aware_on_anchor_rows,140,140,0.1737608559100545,1.0
DES_RHO,4,5,10.1021/acssuschemeng.8b03520,17,explore_offset_q_aware,132,140,0.1737608559100545,0.9428571428571428
DES_RHO,4,5,10.1021/acssuschemeng.8b03520,17,naive,13,17,0.0299115489440087,0.7647058823529411
DES_RHO,4,5,10.1021/je100104v,14,anchor,110,110,0.179072387860813,1.0
DES_RHO,4,5,10.1021/je100104v,14,aware,14,14,0.1737608559100545,1.0
DES_RHO,4,5,10.1021/je100104v,14,aware_on_anchor_rows,110,110,0.1737608559100545,1.0
DES_RHO,4,5,10.1021/je100104v,14,explore_offset_q_aware,110,110,0.1737608559100545,1.0
DES_RHO,4,5,10.1021/je100104v,14,naive,14,14,0.0299115489440087,1.0
DES_RHO,4,6,10.1016/j.biortech.2020.122897,6,aware,6,6,0.1604525952598146,1.0
DES_RHO,4,6,10.1016/j.biortech.2020.122897,6,naive,4,6,0.0284830643406688,0.6666666666666666
DES_RHO,4,6,10.1016/j.cej.2018.10.077,9,anchor,53,60,0.1733066679867892,0.8833333333333333
DES_RHO,4,6,10.1016/j.cej.2018.10.077,9,aware,8,9,0.1604525952598146,0.8888888888888888
DES_RHO,4,6,10.1016/j.cej.2018.10.077,9,aware_on_anchor_rows,53,60,0.1604525952598146,0.8833333333333333
DES_RHO,4,6,10.1016/j.cej.2018.10.077,9,explore_offset_q_aware,52,60,0.1604525952598146,0.8666666666666667
DES_RHO,4,6,10.1016/j.cej.2018.10.077,9,naive,1,9,0.0284830643406688,0.1111111111111111
DES_RHO,4,6,10.1016/j.jiec.2022.04.015,34,anchor,310,310,0.1733066679867892,1.0
DES_RHO,4,6,10.1016/j.jiec.2022.04.015,34,aware,34,34,0.1604525952598146,1.0
DES_RHO,4,6,10.1016/j.jiec.2022.04.015,34,aware_on_anchor_rows,310,310,0.1604525952598146,1.0
DES_RHO,4,6,10.1016/j.jiec.2022.04.015,34,explore_offset_q_aware,310,310,0.1604525952598146,1.0
DES_RHO,4,6,10.1016/j.jiec.2022.04.015,34,naive,28,34,0.0284830643406688,0.8235294117647058
DES_RHO,4,6,10.1016/j.molliq.2016.01.038,10,anchor,70,70,0.1733066679867892,1.0
DES_RHO,4,6,10.1016/j.molliq.2016.01.038,10,aware,10,10,0.1604525952598146,1.0
DES_RHO,4,6,10.1016/j.molliq.2016.01.038,10,aware_on_anchor_rows,70,70,0.1604525952598146,1.0
DES_RHO,4,6,10.1016/j.molliq.2016.01.038,10,explore_offset_q_aware,70,70,0.1604525952598146,1.0
DES_RHO,4,6,10.1016/j.molliq.2016.01.038,10,naive,9,10,0.0284830643406688,0.9
DES_RHO,4,6,10.1016/j.molliq.2016.02.062,59,anchor,552,560,0.1733066679867892,0.9857142857142858
DES_RHO,4,6,10.1016/j.molliq.2016.02.062,59,aware,58,59,0.1604525952598146,0.9830508474576272
DES_RHO,4,6,10.1016/j.molliq.2016.02.062,59,aware_on_anchor_rows,550,560,0.1604525952598146,0.9821428571428571
DES_RHO,4,6,10.1016/j.molliq.2016.02.062,59,explore_offset_q_aware,550,560,0.1604525952598146,0.9821428571428571
DES_RHO,4,6,10.1016/j.molliq.2016.02.062,59,naive,57,59,0.0284830643406688,0.9661016949152542
DES_RHO,4,6,10.1016/j.molliq.2017.09.091,117,anchor,976,1140,0.1733066679867892,0.856140350877193
DES_RHO,4,6,10.1016/j.molliq.2017.09.091,117,aware,82,117,0.1604525952598146,0.7008547008547008
DES_RHO,4,6,10.1016/j.molliq.2017.09.091,117,aware_on_anchor_rows,800,1140,0.1604525952598146,0.7017543859649122
DES_RHO,4,6,10.1016/j.molliq.2017.09.091,117,explore_offset_q_aware,930,1140,0.1604525952598146,0.8157894736842105
DES_RHO,4,6,10.1016/j.molliq.2017.09.091,117,naive,24,117,0.0284830643406688,0.20512820512820512
DES_RHO,4,6,10.1021/acs.jced.6b01013,36,anchor,330,330,0.1733066679867892,1.0
DES_RHO,4,6,10.1021/acs.jced.6b01013,36,aware,36,36,0.1604525952598146,1.0
DES_RHO,4,6,10.1021/acs.jced.6b01013,36,aware_on_anchor_rows,330,330,0.1604525952598146,1.0
DES_RHO,4,6,10.1021/acs.jced.6b01013,36,explore_offset_q_aware,330,330,0.1604525952598146,1.0
DES_RHO,4,6,10.1021/acs.jced.6b01013,36,naive,32,36,0.0284830643406688,0.8888888888888888
DES_RHO,4,6,10.1021/acssuschemeng.5b00619,14,anchor,110,110,0.1733066679867892,1.0
DES_RHO,4,6,10.1021/acssuschemeng.5b00619,14,aware,14,14,0.1604525952598146,1.0
DES_RHO,4,6,10.1021/acssuschemeng.5b00619,14,aware_on_anchor_rows,110,110,0.1604525952598146,1.0
DES_RHO,4,6,10.1021/acssuschemeng.5b00619,14,explore_offset_q_aware,110,110,0.1604525952598146,1.0
DES_RHO,4,6,10.1021/acssuschemeng.5b00619,14,naive,13,14,0.0284830643406688,0.9285714285714286
DES_RHO,4,6,10.1021/acssuschemeng.8b04843,16,anchor,130,130,0.1733066679867892,1.0
DES_RHO,4,6,10.1021/acssuschemeng.8b04843,16,aware,4,16,0.1604525952598146,0.25
DES_RHO,4,6,10.1021/acssuschemeng.8b04843,16,aware_on_anchor_rows,34,130,0.1604525952598146,0.26153846153846155
DES_RHO,4,6,10.1021/acssuschemeng.8b04843,16,explore_offset_q_aware,130,130,0.1604525952598146,1.0
DES_RHO,4,6,10.1021/acssuschemeng.8b04843,16,naive,0,16,0.0284830643406688,0.0
DES_RHO,4,6,10.1021/acssuschemeng.9b02845,21,anchor,180,180,0.1733066679867892,1.0
DES_RHO,4,6,10.1021/acssuschemeng.9b02845,21,aware,21,21,0.1604525952598146,1.0
DES_RHO,4,6,10.1021/acssuschemeng.9b02845,21,aware_on_anchor_rows,180,180,0.1604525952598146,1.0
DES_RHO,4,6,10.1021/acssuschemeng.9b02845,21,explore_offset_q_aware,180,180,0.1604525952598146,1.0
DES_RHO,4,6,10.1021/acssuschemeng.9b02845,21,naive,19,21,0.0284830643406688,0.9047619047619048
DES_RHO,4,6,10.1021/je400884v,24,anchor,210,210,0.1733066679867892,1.0
DES_RHO,4,6,10.1021/je400884v,24,aware,24,24,0.1604525952598146,1.0
DES_RHO,4,6,10.1021/je400884v,24,aware_on_anchor_rows,210,210,0.1604525952598146,1.0
DES_RHO,4,6,10.1021/je400884v,24,explore_offset_q_aware,210,210,0.1604525952598146,1.0
DES_RHO,4,6,10.1021/je400884v,24,naive,23,24,0.0284830643406688,0.9583333333333334
DES_RHO,4,6,10.1021/je5002126,70,anchor,444,670,0.1733066679867892,0.6626865671641791
DES_RHO,4,6,10.1021/je5002126,70,aware,54,70,0.1604525952598146,0.7714285714285715
DES_RHO,4,6,10.1021/je5002126,70,aware_on_anchor_rows,513,670,0.1604525952598146,0.7656716417910447
DES_RHO,4,6,10.1021/je5002126,70,explore_offset_q_aware,424,670,0.1604525952598146,0.6328358208955224
DES_RHO,4,6,10.1021/je5002126,70,naive,0,70,0.0284830643406688,0.0
DES_RHO,4,6,10.1039/c1cp22554e,4,aware,4,4,0.1604525952598146,1.0
DES_RHO,4,6,10.1039/c1cp22554e,4,naive,3,4,0.0284830643406688,0.75
DES_RHO,4,6,10.1039/c2ra22990k,5,aware,4,5,0.1604525952598146,0.8
DES_RHO,4,6,10.1039/c2ra22990k,5,naive,0,5,0.0284830643406688,0.0
DES_RHO,4,6,10.1039/c5gc01451d,48,anchor,450,450,0.1733066679867892,1.0
DES_RHO,4,6,10.1039/c5gc01451d,48,aware,48,48,0.1604525952598146,1.0
DES_RHO,4,6,10.1039/c5gc01451d,48,aware_on_anchor_rows,450,450,0.1604525952598146,1.0
DES_RHO,4,6,10.1039/c5gc01451d,48,explore_offset_q_aware,450,450,0.1604525952598146,1.0
DES_RHO,4,6,10.1039/c5gc01451d,48,naive,13,48,0.0284830643406688,0.2708333333333333
DES_RHO,4,7,10.1016/j.bioelechem.2022.108207,3,aware,3,3,0.1719644242753988,1.0
DES_RHO,4,7,10.1016/j.bioelechem.2022.108207,3,naive,3,3,0.0288007146316608,1.0
DES_RHO,4,7,10.1016/j.cep.2015.04.001,14,anchor,100,110,0.1928507541764975,0.9090909090909091
DES_RHO,4,7,10.1016/j.cep.2015.04.001,14,aware,13,14,0.1719644242753988,0.9285714285714286
DES_RHO,4,7,10.1016/j.cep.2015.04.001,14,aware_on_anchor_rows,102,110,0.1719644242753988,0.9272727272727272
DES_RHO,4,7,10.1016/j.cep.2015.04.001,14,explore_offset_q_aware,94,110,0.1719644242753988,0.8545454545454545
DES_RHO,4,7,10.1016/j.cep.2015.04.001,14,naive,0,14,0.0288007146316608,0.0
DES_RHO,4,7,10.1016/j.chroma.2018.12.063,5,aware,5,5,0.1719644242753988,1.0
DES_RHO,4,7,10.1016/j.chroma.2018.12.063,5,naive,1,5,0.0288007146316608,0.2
DES_RHO,4,7,10.1016/j.fluid.2020.112752,36,anchor,330,330,0.1928507541764975,1.0
DES_RHO,4,7,10.1016/j.fluid.2020.112752,36,aware,36,36,0.1719644242753988,1.0
DES_RHO,4,7,10.1016/j.fluid.2020.112752,36,aware_on_anchor_rows,330,330,0.1719644242753988,1.0
DES_RHO,4,7,10.1016/j.fluid.2020.112752,36,explore_offset_q_aware,330,330,0.1719644242753988,1.0
DES_RHO,4,7,10.1016/j.fluid.2020.112752,36,naive,11,36,0.0288007146316608,0.3055555555555556
DES_RHO,4,7,10.1016/j.jcou.2022.102217,112,anchor,595,1090,0.1928507541764975,0.5458715596330275
DES_RHO,4,7,10.1016/j.jcou.2022.102217,112,aware,80,112,0.1719644242753988,0.7142857142857143
DES_RHO,4,7,10.1016/j.jcou.2022.102217,112,aware_on_anchor_rows,777,1090,0.1719644242753988,0.7128440366972477
DES_RHO,4,7,10.1016/j.jcou.2022.102217,112,explore_offset_q_aware,534,1090,0.1719644242753988,0.48990825688073397
DES_RHO,4,7,10.1016/j.jcou.2022.102217,112,naive,18,112,0.0288007146316608,0.16071428571428573
DES_RHO,4,7,10.1016/j.jct.2018.12.017,54,anchor,510,510,0.1928507541764975,1.0
DES_RHO,4,7,10.1016/j.jct.2018.12.017,54,aware,54,54,0.1719644242753988,1.0
DES_RHO,4,7,10.1016/j.jct.2018.12.017,54,aware_on_anchor_rows,510,510,0.1719644242753988,1.0
DES_RHO,4,7,10.1016/j.jct.2018.12.017,54,explore_offset_q_aware,499,510,0.1719644242753988,0.9784313725490196
DES_RHO,4,7,10.1016/j.jct.2018.12.017,54,naive,35,54,0.0288007146316608,0.6481481481481481
DES_RHO,4,7,10.1016/j.jct.2021.106713,77,anchor,740,740,0.1928507541764975,1.0
DES_RHO,4,7,10.1016/j.jct.2021.106713,77,aware,77,77,0.1719644242753988,1.0
DES_RHO,4,7,10.1016/j.jct.2021.106713,77,aware_on_anchor_rows,740,740,0.1719644242753988,1.0
DES_RHO,4,7,10.1016/j.jct.2021.106713,77,explore_offset_q_aware,739,740,0.1719644242753988,0.9986486486486487
DES_RHO,4,7,10.1016/j.jct.2021.106713,77,naive,60,77,0.0288007146316608,0.7792207792207793
DES_RHO,4,7,10.1016/j.jmgm.2022.108319,25,anchor,194,220,0.1928507541764975,0.8818181818181818
DES_RHO,4,7,10.1016/j.jmgm.2022.108319,25,aware,20,25,0.1719644242753988,0.8
DES_RHO,4,7,10.1016/j.jmgm.2022.108319,25,aware_on_anchor_rows,175,220,0.1719644242753988,0.7954545454545454
DES_RHO,4,7,10.1016/j.jmgm.2022.108319,25,explore_offset_q_aware,191,220,0.1719644242753988,0.8681818181818182
DES_RHO,4,7,10.1016/j.jmgm.2022.108319,25,naive,10,25,0.0288007146316608,0.4
DES_RHO,4,7,10.1016/j.molliq.2022.120266,52,anchor,490,490,0.1928507541764975,1.0
DES_RHO,4,7,10.1016/j.molliq.2022.120266,52,aware,52,52,0.1719644242753988,1.0
DES_RHO,4,7,10.1016/j.molliq.2022.120266,52,aware_on_anchor_rows,490,490,0.1719644242753988,1.0
DES_RHO,4,7,10.1016/j.molliq.2022.120266,52,explore_offset_q_aware,490,490,0.1719644242753988,1.0
DES_RHO,4,7,10.1016/j.molliq.2022.120266,52,naive,46,52,0.0288007146316608,0.8846153846153846
DES_RHO,4,7,10.1016/j.tca.2014.11.028,18,anchor,150,150,0.1928507541764975,1.0
DES_RHO,4,7,10.1016/j.tca.2014.11.028,18,aware,18,18,0.1719644242753988,1.0
DES_RHO,4,7,10.1016/j.tca.2014.11.028,18,aware_on_anchor_rows,150,150,0.1719644242753988,1.0
DES_RHO,4,7,10.1016/j.tca.2014.11.028,18,explore_offset_q_aware,150,150,0.1719644242753988,1.0
DES_RHO,4,7,10.1016/j.tca.2014.11.028,18,naive,17,18,0.0288007146316608,0.9444444444444444
DES_RHO,4,7,10.1021/acs.jpcb.0c03876,3,aware,3,3,0.1719644242753988,1.0
DES_RHO,4,7,10.1021/acs.jpcb.0c03876,3,naive,2,3,0.0288007146316608,0.6666666666666666
DES_RHO,4,7,10.1021/acssuschemeng.9b01102,28,anchor,243,250,0.1928507541764975,0.972
DES_RHO,4,7,10.1021/acssuschemeng.9b01102,28,aware,27,28,0.1719644242753988,0.9642857142857143
DES_RHO,4,7,10.1021/acssuschemeng.9b01102,28,aware_on_anchor_rows,243,250,0.1719644242753988,0.972
DES_RHO,4,7,10.1021/acssuschemeng.9b01102,28,explore_offset_q_aware,243,250,0.1719644242753988,0.972
DES_RHO,4,7,10.1021/acssuschemeng.9b01102,28,naive,12,28,0.0288007146316608,0.42857142857142855
DES_RHO,4,7,10.1021/acssuschemeng.9b05434,9,anchor,60,60,0.1928507541764975,1.0
DES_RHO,4,7,10.1021/acssuschemeng.9b05434,9,aware,9,9,0.1719644242753988,1.0
DES_RHO,4,7,10.1021/acssuschemeng.9b05434,9,aware_on_anchor_rows,60,60,0.1719644242753988,1.0
DES_RHO,4,7,10.1021/acssuschemeng.9b05434,9,explore_offset_q_aware,60,60,0.1719644242753988,1.0
DES_RHO,4,7,10.1021/acssuschemeng.9b05434,9,naive,9,9,0.0288007146316608,1.0
DES_RHO,4,7,10.1021/je500320c,6,aware,6,6,0.1719644242753988,1.0
DES_RHO,4,7,10.1021/je500320c,6,naive,6,6,0.0288007146316608,1.0
DES_RHO,4,7,10.1021/jp0671998,12,anchor,90,90,0.1928507541764975,1.0
DES_RHO,4,7,10.1021/jp0671998,12,aware,12,12,0.1719644242753988,1.0
DES_RHO,4,7,10.1021/jp0671998,12,aware_on_anchor_rows,90,90,0.1719644242753988,1.0
DES_RHO,4,7,10.1021/jp0671998,12,explore_offset_q_aware,90,90,0.1719644242753988,1.0
DES_RHO,4,7,10.1021/jp0671998,12,naive,12,12,0.0288007146316608,1.0
DES_RHO,4,7,10.1039/c6cc06105b,21,anchor,180,180,0.1928507541764975,1.0
DES_RHO,4,7,10.1039/c6cc06105b,21,aware,21,21,0.1719644242753988,1.0
DES_RHO,4,7,10.1039/c6cc06105b,21,aware_on_anchor_rows,180,180,0.1719644242753988,1.0
DES_RHO,4,7,10.1039/c6cc06105b,21,explore_offset_q_aware,180,180,0.1719644242753988,1.0
DES_RHO,4,7,10.1039/c6cc06105b,21,naive,20,21,0.0288007146316608,0.9523809523809523
DES_RHO,4,8,10.1016/j.ijggc.2016.02.006,8,anchor,50,50,0.1948484303811056,1.0
DES_RHO,4,8,10.1016/j.ijggc.2016.02.006,8,aware,8,8,0.1766638925925931,1.0
DES_RHO,4,8,10.1016/j.ijggc.2016.02.006,8,aware_on_anchor_rows,50,50,0.1766638925925931,1.0
DES_RHO,4,8,10.1016/j.ijggc.2016.02.006,8,explore_offset_q_aware,50,50,0.1766638925925931,1.0
DES_RHO,4,8,10.1016/j.ijggc.2016.02.006,8,naive,6,8,0.0292311497008532,0.75
DES_RHO,4,8,10.1016/j.jcis.2017.01.109,3,aware,2,3,0.1766638925925931,0.6666666666666666
DES_RHO,4,8,10.1016/j.jcis.2017.01.109,3,naive,2,3,0.0292311497008532,0.6666666666666666
DES_RHO,4,8,10.1016/j.jct.2013.08.029,5,aware,5,5,0.1766638925925931,1.0
DES_RHO,4,8,10.1016/j.jct.2013.08.029,5,naive,5,5,0.0292311497008532,1.0
DES_RHO,4,8,10.1016/j.jtice.2012.01.007,15,anchor,120,120,0.1948484303811056,1.0
DES_RHO,4,8,10.1016/j.jtice.2012.01.007,15,aware,15,15,0.1766638925925931,1.0
DES_RHO,4,8,10.1016/j.jtice.2012.01.007,15,aware_on_anchor_rows,120,120,0.1766638925925931,1.0
DES_RHO,4,8,10.1016/j.jtice.2012.01.007,15,explore_offset_q_aware,120,120,0.1766638925925931,1.0
DES_RHO,4,8,10.1016/j.jtice.2012.01.007,15,naive,14,15,0.0292311497008532,0.9333333333333333
DES_RHO,4,8,10.1016/j.molliq.2016.07.039,77,anchor,518,740,0.1948484303811056,0.7
DES_RHO,4,8,10.1016/j.molliq.2016.07.039,77,aware,68,77,0.1766638925925931,0.8831168831168831
DES_RHO,4,8,10.1016/j.molliq.2016.07.039,77,aware_on_anchor_rows,653,740,0.1766638925925931,0.8824324324324324
DES_RHO,4,8,10.1016/j.molliq.2016.07.039,77,explore_offset_q_aware,472,740,0.1766638925925931,0.6378378378378379
DES_RHO,4,8,10.1016/j.molliq.2016.07.039,77,naive,42,77,0.0292311497008532,0.5454545454545454
DES_RHO,4,8,10.1016/j.molliq.2018.02.085,63,anchor,595,600,0.1948484303811056,0.9916666666666667
DES_RHO,4,8,10.1016/j.molliq.2018.02.085,63,aware,62,63,0.1766638925925931,0.9841269841269841
DES_RHO,4,8,10.1016/j.molliq.2018.02.085,63,aware_on_anchor_rows,591,600,0.1766638925925931,0.985
DES_RHO,4,8,10.1016/j.molliq.2018.02.085,63,explore_offset_q_aware,591,600,0.1766638925925931,0.985
DES_RHO,4,8,10.1016/j.molliq.2018.02.085,63,naive,59,63,0.0292311497008532,0.9365079365079365
DES_RHO,4,8,10.1016/j.molliq.2022.119396,90,anchor,481,870,0.1948484303811056,0.5528735632183908
DES_RHO,4,8,10.1016/j.molliq.2022.119396,90,aware,53,90,0.1766638925925931,0.5888888888888889
DES_RHO,4,8,10.1016/j.molliq.2022.119396,90,aware_on_anchor_rows,513,870,0.1766638925925931,0.5896551724137931
DES_RHO,4,8,10.1016/j.molliq.2022.119396,90,explore_offset_q_aware,443,870,0.1766638925925931,0.5091954022988506
DES_RHO,4,8,10.1016/j.molliq.2022.119396,90,naive,18,90,0.0292311497008532,0.2
DES_RHO,4,8,10.1016/j.seppur.2020.117211,3,aware,3,3,0.1766638925925931,1.0
DES_RHO,4,8,10.1016/j.seppur.2020.117211,3,naive,1,3,0.0292311497008532,0.3333333333333333
DES_RHO,4,8,10.1016/j.tca.2016.11.008,12,anchor,90,90,0.1948484303811056,1.0
DES_RHO,4,8,10.1016/j.tca.2016.11.008,12,aware,12,12,0.1766638925925931,1.0
DES_RHO,4,8,10.1016/j.tca.2016.11.008,12,aware_on_anchor_rows,90,90,0.1766638925925931,1.0
DES_RHO,4,8,10.1016/j.tca.2016.11.008,12,explore_offset_q_aware,90,90,0.1766638925925931,1.0
DES_RHO,4,8,10.1016/j.tca.2016.11.008,12,naive,9,12,0.0292311497008532,0.75
DES_RHO,4,8,10.1021/acssuschemeng.0c04215,7,aware,6,7,0.1766638925925931,0.8571428571428571
DES_RHO,4,8,10.1021/acssuschemeng.0c04215,7,naive,1,7,0.0292311497008532,0.14285714285714285
DES_RHO,4,8,10.1021/acssuschemeng.5b00532,52,anchor,490,490,0.1948484303811056,1.0
DES_RHO,4,8,10.1021/acssuschemeng.5b00532,52,aware,52,52,0.1766638925925931,1.0
DES_RHO,4,8,10.1021/acssuschemeng.5b00532,52,aware_on_anchor_rows,490,490,0.1766638925925931,1.0
DES_RHO,4,8,10.1021/acssuschemeng.5b00532,52,explore_offset_q_aware,490,490,0.1766638925925931,1.0
DES_RHO,4,8,10.1021/acssuschemeng.5b00532,52,naive,37,52,0.0292311497008532,0.7115384615384616
DES_RHO,4,8,10.1021/acssuschemeng.7b04235,39,anchor,360,360,0.1948484303811056,1.0
DES_RHO,4,8,10.1021/acssuschemeng.7b04235,39,aware,39,39,0.1766638925925931,1.0
DES_RHO,4,8,10.1021/acssuschemeng.7b04235,39,aware_on_anchor_rows,360,360,0.1766638925925931,1.0
DES_RHO,4,8,10.1021/acssuschemeng.7b04235,39,explore_offset_q_aware,360,360,0.1766638925925931,1.0
DES_RHO,4,8,10.1021/acssuschemeng.7b04235,39,naive,39,39,0.0292311497008532,1.0
DES_RHO,4,8,10.1021/acssuschemeng.8b05072,26,anchor,230,230,0.1948484303811056,1.0
DES_RHO,4,8,10.1021/acssuschemeng.8b05072,26,aware,26,26,0.1766638925925931,1.0
DES_RHO,4,8,10.1021/acssuschemeng.8b05072,26,aware_on_anchor_rows,230,230,0.1766638925925931,1.0
DES_RHO,4,8,10.1021/acssuschemeng.8b05072,26,explore_offset_q_aware,230,230,0.1766638925925931,1.0
DES_RHO,4,8,10.1021/acssuschemeng.8b05072,26,naive,16,26,0.0292311497008532,0.6153846153846154
DES_RHO,4,8,10.1021/jp5089004,18,anchor,150,150,0.1948484303811056,1.0
DES_RHO,4,8,10.1021/jp5089004,18,aware,18,18,0.1766638925925931,1.0
DES_RHO,4,8,10.1021/jp5089004,18,aware_on_anchor_rows,150,150,0.1766638925925931,1.0
DES_RHO,4,8,10.1021/jp5089004,18,explore_offset_q_aware,150,150,0.1766638925925931,1.0
DES_RHO,4,8,10.1021/jp5089004,18,naive,0,18,0.0292311497008532,0.0
DES_RHO,4,8,10.1039/c4ra10628h,35,anchor,317,320,0.1948484303811056,0.990625
DES_RHO,4,8,10.1039/c4ra10628h,35,aware,35,35,0.1766638925925931,1.0
DES_RHO,4,8,10.1039/c4ra10628h,35,aware_on_anchor_rows,320,320,0.1766638925925931,1.0
DES_RHO,4,8,10.1039/c4ra10628h,35,explore_offset_q_aware,316,320,0.1766638925925931,0.9875
DES_RHO,4,8,10.1039/c4ra10628h,35,naive,22,35,0.0292311497008532,0.6285714285714286
DES_RHO,4,8,10.3866/pku.whxb201506111,22,anchor,168,190,0.1948484303811056,0.8842105263157894
DES_RHO,4,8,10.3866/pku.whxb201506111,22,aware,11,22,0.1766638925925931,0.5
DES_RHO,4,8,10.3866/pku.whxb201506111,22,aware_on_anchor_rows,92,190,0.1766638925925931,0.4842105263157895
DES_RHO,4,8,10.3866/pku.whxb201506111,22,explore_offset_q_aware,147,190,0.1766638925925931,0.7736842105263158
DES_RHO,4,8,10.3866/pku.whxb201506111,22,naive,11,22,0.0292311497008532,0.5
DES_RHO,4,9,10.1016/j.fluid.2014.01.028,7,aware,7,7,0.1780853494321004,1.0
DES_RHO,4,9,10.1016/j.fluid.2014.01.028,7,naive,7,7,0.0304229331961329,1.0
DES_RHO,4,9,10.1016/j.fluid.2017.03.008,84,anchor,810,810,0.180380093542501,1.0
DES_RHO,4,9,10.1016/j.fluid.2017.03.008,84,aware,84,84,0.1780853494321004,1.0
DES_RHO,4,9,10.1016/j.fluid.2017.03.008,84,aware_on_anchor_rows,810,810,0.1780853494321004,1.0
DES_RHO,4,9,10.1016/j.fluid.2017.03.008,84,explore_offset_q_aware,810,810,0.1780853494321004,1.0
DES_RHO,4,9,10.1016/j.fluid.2017.03.008,84,naive,67,84,0.0304229331961329,0.7976190476190477
DES_RHO,4,9,10.1016/j.fluid.2018.05.008,5,aware,5,5,0.1780853494321004,1.0
DES_RHO,4,9,10.1016/j.fluid.2018.05.008,5,naive,4,5,0.0304229331961329,0.8
DES_RHO,4,9,10.1016/j.fluid.2019.02.010,64,anchor,610,610,0.180380093542501,1.0
DES_RHO,4,9,10.1016/j.fluid.2019.02.010,64,aware,64,64,0.1780853494321004,1.0
DES_RHO,4,9,10.1016/j.fluid.2019.02.010,64,aware_on_anchor_rows,610,610,0.1780853494321004,1.0
DES_RHO,4,9,10.1016/j.fluid.2019.02.010,64,explore_offset_q_aware,610,610,0.1780853494321004,1.0
DES_RHO,4,9,10.1016/j.fluid.2019.02.010,64,naive,62,64,0.0304229331961329,0.96875
DES_RHO,4,9,10.1016/j.fluid.2022.113462,14,anchor,110,110,0.180380093542501,1.0
DES_RHO,4,9,10.1016/j.fluid.2022.113462,14,aware,14,14,0.1780853494321004,1.0
DES_RHO,4,9,10.1016/j.fluid.2022.113462,14,aware_on_anchor_rows,110,110,0.1780853494321004,1.0
DES_RHO,4,9,10.1016/j.fluid.2022.113462,14,explore_offset_q_aware,110,110,0.1780853494321004,1.0
DES_RHO,4,9,10.1016/j.fluid.2022.113462,14,naive,13,14,0.0304229331961329,0.9285714285714286
DES_RHO,4,9,10.1016/j.foodchem.2022.134054,38,anchor,235,350,0.180380093542501,0.6714285714285714
DES_RHO,4,9,10.1016/j.foodchem.2022.134054,38,aware,36,38,0.1780853494321004,0.9473684210526315
DES_RHO,4,9,10.1016/j.foodchem.2022.134054,38,aware_on_anchor_rows,333,350,0.1780853494321004,0.9514285714285714
DES_RHO,4,9,10.1016/j.foodchem.2022.134054,38,explore_offset_q_aware,235,350,0.1780853494321004,0.6714285714285714
DES_RHO,4,9,10.1016/j.foodchem.2022.134054,38,naive,34,38,0.0304229331961329,0.8947368421052632
DES_RHO,4,9,10.1016/j.jclepro.2022.133589,3,aware,3,3,0.1780853494321004,1.0
DES_RHO,4,9,10.1016/j.jclepro.2022.133589,3,naive,3,3,0.0304229331961329,1.0
DES_RHO,4,9,10.1016/j.jct.2016.08.015,3,aware,3,3,0.1780853494321004,1.0
DES_RHO,4,9,10.1016/j.jct.2016.08.015,3,naive,3,3,0.0304229331961329,1.0
DES_RHO,4,9,10.1016/j.jct.2020.106051,12,anchor,90,90,0.180380093542501,1.0
DES_RHO,4,9,10.1016/j.jct.2020.106051,12,aware,12,12,0.1780853494321004,1.0
DES_RHO,4,9,10.1016/j.jct.2020.106051,12,aware_on_anchor_rows,90,90,0.1780853494321004,1.0
DES_RHO,4,9,10.1016/j.jct.2020.106051,12,explore_offset_q_aware,90,90,0.1780853494321004,1.0
DES_RHO,4,9,10.1016/j.jct.2020.106051,12,naive,12,12,0.0304229331961329,1.0
DES_RHO,4,9,10.1016/j.jobe.2021.103056,9,anchor,31,60,0.180380093542501,0.5166666666666667
DES_RHO,4,9,10.1016/j.jobe.2021.103056,9,aware,7,9,0.1780853494321004,0.7777777777777778
DES_RHO,4,9,10.1016/j.jobe.2021.103056,9,aware_on_anchor_rows,50,60,0.1780853494321004,0.8333333333333334
DES_RHO,4,9,10.1016/j.jobe.2021.103056,9,explore_offset_q_aware,30,60,0.1780853494321004,0.5
DES_RHO,4,9,10.1016/j.jobe.2021.103056,9,naive,4,9,0.0304229331961329,0.4444444444444444
DES_RHO,4,9,10.1016/j.jtice.2015.12.020,54,anchor,510,510,0.180380093542501,1.0
DES_RHO,4,9,10.1016/j.jtice.2015.12.020,54,aware,54,54,0.1780853494321004,1.0
DES_RHO,4,9,10.1016/j.jtice.2015.12.020,54,aware_on_anchor_rows,510,510,0.1780853494321004,1.0
DES_RHO,4,9,10.1016/j.jtice.2015.12.020,54,explore_offset_q_aware,510,510,0.1780853494321004,1.0
DES_RHO,4,9,10.1016/j.jtice.2015.12.020,54,naive,43,54,0.0304229331961329,0.7962962962962963
DES_RHO,4,9,10.1016/j.microc.2022.107372,34,anchor,295,310,0.180380093542501,0.9516129032258065
DES_RHO,4,9,10.1016/j.microc.2022.107372,34,aware,32,34,0.1780853494321004,0.9411764705882353
DES_RHO,4,9,10.1016/j.microc.2022.107372,34,aware_on_anchor_rows,292,310,0.1780853494321004,0.9419354838709677
DES_RHO,4,9,10.1016/j.microc.2022.107372,34,explore_offset_q_aware,294,310,0.1780853494321004,0.9483870967741935
DES_RHO,4,9,10.1016/j.microc.2022.107372,34,naive,21,34,0.0304229331961329,0.6176470588235294
DES_RHO,4,9,10.1016/j.molliq.2017.02.071,27,anchor,240,240,0.180380093542501,1.0
DES_RHO,4,9,10.1016/j.molliq.2017.02.071,27,aware,27,27,0.1780853494321004,1.0
DES_RHO,4,9,10.1016/j.molliq.2017.02.071,27,aware_on_anchor_rows,240,240,0.1780853494321004,1.0
DES_RHO,4,9,10.1016/j.molliq.2017.02.071,27,explore_offset_q_aware,240,240,0.1780853494321004,1.0
DES_RHO,4,9,10.1016/j.molliq.2017.02.071,27,naive,25,27,0.0304229331961329,0.9259259259259259
DES_RHO,4,9,10.1016/j.molliq.2020.112644,18,anchor,150,150,0.180380093542501,1.0
DES_RHO,4,9,10.1016/j.molliq.2020.112644,18,aware,18,18,0.1780853494321004,1.0
DES_RHO,4,9,10.1016/j.molliq.2020.112644,18,aware_on_anchor_rows,150,150,0.1780853494321004,1.0
DES_RHO,4,9,10.1016/j.molliq.2020.112644,18,explore_offset_q_aware,150,150,0.1780853494321004,1.0
DES_RHO,4,9,10.1016/j.molliq.2020.112644,18,naive,8,18,0.0304229331961329,0.4444444444444444
DES_RHO,4,9,10.1016/j.molliq.2020.113110,81,anchor,699,780,0.180380093542501,0.8961538461538462
DES_RHO,4,9,10.1016/j.molliq.2020.113110,81,aware,50,81,0.1780853494321004,0.6172839506172839
DES_RHO,4,9,10.1016/j.molliq.2020.113110,81,aware_on_anchor_rows,483,780,0.1780853494321004,0.6192307692307693
DES_RHO,4,9,10.1016/j.molliq.2020.113110,81,explore_offset_q_aware,695,780,0.1780853494321004,0.8910256410256411
DES_RHO,4,9,10.1016/j.molliq.2020.113110,81,naive,11,81,0.0304229331961329,0.13580246913580246
DES_RHO,4,9,10.1016/j.seppur.2020.116692,22,anchor,190,190,0.180380093542501,1.0
DES_RHO,4,9,10.1016/j.seppur.2020.116692,22,aware,22,22,0.1780853494321004,1.0
DES_RHO,4,9,10.1016/j.seppur.2020.116692,22,aware_on_anchor_rows,190,190,0.1780853494321004,1.0
DES_RHO,4,9,10.1016/j.seppur.2020.116692,22,explore_offset_q_aware,190,190,0.1780853494321004,1.0
DES_RHO,4,9,10.1016/j.seppur.2020.116692,22,naive,20,22,0.0304229331961329,0.9090909090909091
DYE,0,0,Lab,70,anchor,514,670,74.5642318342152,0.7671641791044777
DYE,0,0,Lab,70,aware,57,70,93.422005026455,0.8142857142857143
DYE,0,0,Lab,70,aware_on_anchor_rows,546,670,93.422005026455,0.8149253731343283
DYE,0,0,Lab,70,explore_offset_q_aware,603,670,93.422005026455,0.9
DYE,0,0,Lab,70,naive,49,70,70.49667575757567,0.7
DYE,0,1,[9],11,anchor,78,80,99.38210466570476,0.975
DYE,0,1,[9],11,aware,11,11,98.06145411255405,1.0
DYE,0,1,[9],11,aware_on_anchor_rows,80,80,98.06145411255405,1.0
DYE,0,1,[9],11,explore_offset_q_aware,78,80,98.06145411255405,0.975
DYE,0,1,[9],11,naive,7,11,81.6948788359789,0.6363636363636364
DYE,0,2,[5],10,anchor,70,70,96.7252311287478,1.0
DYE,0,2,[5],10,aware,10,10,99.74541798941809,1.0
DYE,0,2,[5],10,aware_on_anchor_rows,70,70,99.74541798941809,1.0
DYE,0,2,[5],10,explore_offset_q_aware,70,70,99.74541798941809,1.0
DYE,0,2,[5],10,naive,4,10,77.35092804232806,0.4
DYE,0,3,[11],9,anchor,58,60,96.73859391534398,0.9666666666666667
DYE,0,3,[11],9,aware,9,9,100.82141851851851,1.0
DYE,0,3,[11],9,aware_on_anchor_rows,60,60,100.82141851851851,1.0
DYE,0,3,[11],9,explore_offset_q_aware,58,60,100.82141851851851,0.9666666666666667
DYE,0,3,[11],9,naive,9,9,85.7629071428571,1.0
DYE,0,4,[4],6,aware,6,6,101.90873386243368,1.0
DYE,0,4,[4],6,naive,6,6,79.19360238095247,1.0
DYE,0,5,[1],5,aware,5,5,91.2690868686868,1.0
DYE,0,5,[1],5,naive,5,5,77.89269920634923,1.0
DYE,0,6,[3],5,aware,5,5,100.60693968253965,1.0
DYE,0,6,[3],5,naive,5,5,80.8802664502165,1.0
DYE,0,7,[8],5,aware,5,5,98.34843511303497,1.0
DYE,0,7,[8],5,naive,5,5,81.46476164021163,1.0
DYE,0,8,[10],3,aware,3,3,96.93630767195774,1.0
DYE,0,8,[10],3,naive,3,3,83.62739814814809,1.0
DYE,0,8,[7],3,aware,3,3,96.93630767195774,1.0
DYE,0,8,[7],3,naive,3,3,83.62739814814809,1.0
DYE,0,9,[2],3,aware,3,3,102.33571507936507,1.0
DYE,0,9,[2],3,naive,3,3,77.2268531746032,1.0
DYE,0,9,[6],1,aware,1,1,102.33571507936507,1.0
DYE,0,9,[6],1,naive,1,1,77.2268531746032,1.0
DYE,1,0,Lab,70,anchor,438,670,65.78889188712517,0.6537313432835821
DYE,1,0,Lab,70,aware,55,70,89.72963333333335,0.7857142857142857
DYE,1,0,Lab,70,aware_on_anchor_rows,526,670,89.72963333333335,0.7850746268656716
DYE,1,0,Lab,70,explore_offset_q_aware,557,670,89.72963333333335,0.8313432835820895
DYE,1,0,Lab,70,naive,50,70,77.00328333333343,0.7142857142857143
DYE,1,1,[9],11,anchor,75,80,94.98085167548518,0.9375
DYE,1,1,[9],11,aware,11,11,101.94736084656093,1.0
DYE,1,1,[9],11,aware_on_anchor_rows,80,80,101.94736084656093,1.0
DYE,1,1,[9],11,explore_offset_q_aware,79,80,101.94736084656093,0.9875
DYE,1,1,[9],11,naive,7,11,74.27933253968266,0.6363636363636364
DYE,1,2,[5],10,anchor,70,70,100.69494012345685,1.0
DYE,1,2,[5],10,aware,10,10,101.22443730158716,1.0
DYE,1,2,[5],10,aware_on_anchor_rows,70,70,101.22443730158716,1.0
DYE,1,2,[5],10,explore_offset_q_aware,70,70,101.22443730158716,1.0
DYE,1,2,[5],10,naive,3,10,76.84353174603172,0.3
DYE,1,3,[11],9,anchor,60,60,106.33480582010588,1.0
DYE,1,3,[11],9,aware,9,9,102.34210873015886,1.0
DYE,1,3,[11],9,aware_on_anchor_rows,60,60,102.34210873015886,1.0
DYE,1,3,[11],9,explore_offset_q_aware,60,60,102.34210873015886,1.0
DYE,1,3,[11],9,naive,9,9,79.4605238095238,1.0
DYE,1,4,[4],6,aware,6,6,109.43564708994724,1.0
DYE,1,4,[4],6,naive,6,6,76.01259838864848,1.0
DYE,1,5,[8],5,aware,5,5,96.76802486772488,1.0
DYE,1,5,[8],5,naive,5,5,87.80114126984125,1.0
DYE,1,6,[1],5,aware,5,5,92.90279365079364,1.0
DYE,1,6,[1],5,naive,5,5,83.8585587301587,1.0
DYE,1,7,[3],5,aware,5,5,101.77330775335778,1.0
DYE,1,7,[3],5,naive,5,5,85.2111603174603,1.0
DYE,1,8,[2],3,aware,3,3,100.91621798941787,1.0
DYE,1,8,[2],3,naive,3,3,75.9036693121694,1.0
DYE,1,8,[7],3,aware,3,3,100.91621798941787,1.0
DYE,1,8,[7],3,naive,3,3,75.9036693121694,1.0
DYE,1,9,[10],3,aware,3,3,100.39016529581542,1.0
DYE,1,9,[10],3,naive,3,3,80.69305,1.0
DYE,1,9,[6],1,aware,1,1,100.39016529581542,1.0
DYE,1,9,[6],1,naive,1,1,80.69305,1.0
DYE,2,0,Lab,70,anchor,477,670,77.59935343915342,0.7119402985074627
DYE,2,0,Lab,70,aware,55,70,89.64817460317452,0.7857142857142857
DYE,2,0,Lab,70,aware_on_anchor_rows,526,670,89.64817460317452,0.7850746268656716
DYE,2,0,Lab,70,explore_offset_q_aware,527,670,89.64817460317452,0.7865671641791044
DYE,2,0,Lab,70,naive,50,70,77.53094179894177,0.7142857142857143
DYE,2,1,[9],11,anchor,80,80,105.41066499919845,1.0
DYE,2,1,[9],11,aware,11,11,99.3174526695527,1.0
DYE,2,1,[9],11,aware_on_anchor_rows,80,80,99.3174526695527,1.0
DYE,2,1,[9],11,explore_offset_q_aware,80,80,99.3174526695527,1.0
DYE,2,1,[9],11,naive,7,11,77.24116984126984,0.6363636363636364
DYE,2,2,[5],10,anchor,70,70,106.74471243386247,1.0
DYE,2,2,[5],10,aware,10,10,98.70754206349208,1.0
DYE,2,2,[5],10,aware_on_anchor_rows,70,70,98.70754206349208,1.0
DYE,2,2,[5],10,explore_offset_q_aware,70,70,98.70754206349208,1.0
DYE,2,2,[5],10,naive,3,10,78.47229894179905,0.3
DYE,2,3,[11],9,anchor,52,60,97.04535105820094,0.8666666666666667
DYE,2,3,[11],9,aware,9,9,101.0061214285714,1.0
DYE,2,3,[11],9,aware_on_anchor_rows,60,60,101.0061214285714,1.0
DYE,2,3,[11],9,explore_offset_q_aware,54,60,101.0061214285714,0.9
DYE,2,3,[11],9,naive,9,9,80.59700978835976,1.0
DYE,2,4,[4],6,aware,6,6,105.12939047619037,1.0
DYE,2,4,[4],6,naive,6,6,82.58984285714291,1.0
DYE,2,5,[3],5,aware,5,5,100.1286246031746,1.0
DYE,2,5,[3],5,naive,5,5,78.39462994227993,1.0
DYE,2,6,[8],5,aware,5,5,95.51598701298698,1.0
DYE,2,6,[8],5,naive,4,5,79.69974682539677,0.8
DYE,2,7,[1],5,aware,5,5,92.28315634920642,1.0
DYE,2,7,[1],5,naive,5,5,84.15164179894184,1.0
DYE,2,8,[2],3,aware,3,3,102.63219417989409,1.0
DYE,2,8,[2],3,naive,3,3,79.76422830687835,1.0
DYE,2,8,[7],3,aware,3,3,102.63219417989409,1.0
DYE,2,8,[7],3,naive,3,3,79.76422830687835,1.0
DYE,2,9,[10],3,aware,3,3,100.33882962962964,1.0
DYE,2,9,[10],3,naive,3,3,81.9129420634921,1.0
DYE,2,9,[6],1,aware,1,1,100.33882962962964,1.0
DYE,2,9,[6],1,naive,1,1,81.9129420634921,1.0
DYE,3,0,Lab,70,anchor,450,670,65.80877010582012,0.6716417910447762
DYE,3,0,Lab,70,aware,56,70,90.74169444444446,0.8
DYE,3,0,Lab,70,aware_on_anchor_rows,533,670,90.74169444444446,0.7955223880597015
DYE,3,0,Lab,70,explore_offset_q_aware,557,670,90.74169444444446,0.8313432835820895
DYE,3,0,Lab,70,naive,50,70,76.02163888888886,0.7142857142857143
DYE,3,1,[9],11,anchor,79,80,100.25949109347442,0.9875
DYE,3,1,[9],11,aware,11,11,97.33413148148148,1.0
DYE,3,1,[9],11,aware_on_anchor_rows,80,80,97.33413148148148,1.0
DYE,3,1,[9],11,explore_offset_q_aware,78,80,97.33413148148148,0.975
DYE,3,1,[9],11,naive,7,11,76.54744338624342,0.6363636363636364
DYE,3,2,[5],10,anchor,70,70,100.74683855218848,1.0
DYE,3,2,[5],10,aware,9,10,97.84596984126982,0.9
DYE,3,2,[5],10,aware_on_anchor_rows,63,70,97.84596984126982,0.9
DYE,3,2,[5],10,explore_offset_q_aware,70,70,97.84596984126982,1.0
DYE,3,2,[5],10,naive,3,10,78.56191904761918,0.3
DYE,3,3,[11],9,anchor,59,60,106.21654420394424,0.9833333333333333
DYE,3,3,[11],9,aware,9,9,98.76397222222224,1.0
DYE,3,3,[11],9,aware_on_anchor_rows,60,60,98.76397222222224,1.0
DYE,3,3,[11],9,explore_offset_q_aware,58,60,98.76397222222224,0.9666666666666667
DYE,3,3,[11],9,naive,9,9,77.39582116402113,1.0
DYE,3,4,[4],6,aware,6,6,107.47846510341516,1.0
DYE,3,4,[4],6,naive,6,6,74.44300714285711,1.0
DYE,3,5,[1],5,aware,5,5,91.91727433862428,1.0
DYE,3,5,[1],5,naive,5,5,78.23210502645505,1.0
DYE,3,6,[8],5,aware,5,5,96.24806666666662,1.0
DYE,3,6,[8],5,naive,5,5,81.36615052910051,1.0
DYE,3,7,[3],5,aware,5,5,100.03498174603172,1.0
DYE,3,7,[3],5,naive,5,5,79.31203888888884,1.0
DYE,3,8,[2],3,aware,3,3,100.04063730158722,1.0
DYE,3,8,[2],3,naive,3,3,79.05835000000005,1.0
DYE,3,8,[7],3,aware,3,3,100.04063730158722,1.0
DYE,3,8,[7],3,naive,3,3,79.05835000000005,1.0
DYE,3,9,[10],3,aware,3,3,101.98603492063498,1.0
DYE,3,9,[10],3,naive,3,3,82.75649285714293,1.0
DYE,3,9,[6],1,aware,1,1,101.98603492063498,1.0
DYE,3,9,[6],1,naive,1,1,82.75649285714293,1.0
DYE,4,0,Lab,70,anchor,501,670,68.50250238095248,0.7477611940298508
DYE,4,0,Lab,70,aware,55,70,89.7109063492063,0.7857142857142857
DYE,4,0,Lab,70,aware_on_anchor_rows,526,670,89.7109063492063,0.7850746268656716
DYE,4,0,Lab,70,explore_offset_q_aware,584,670,89.7109063492063,0.8716417910447761
DYE,4,0,Lab,70,naive,50,70,74.83179206349212,0.7142857142857143
DYE,4,1,[9],11,anchor,79,80,96.16435162738505,0.9875
DYE,4,1,[9],11,aware,11,11,100.62399603174596,1.0
DYE,4,1,[9],11,aware_on_anchor_rows,80,80,100.62399603174596,1.0
DYE,4,1,[9],11,explore_offset_q_aware,79,80,100.62399603174596,0.9875
DYE,4,1,[9],11,naive,10,11,83.85503783068779,0.9090909090909091
DYE,4,2,[5],10,anchor,70,70,101.61375520282184,1.0
DYE,4,2,[5],10,aware,10,10,99.74237936507936,1.0
DYE,4,2,[5],10,aware_on_anchor_rows,70,70,99.74237936507936,1.0
DYE,4,2,[5],10,explore_offset_q_aware,70,70,99.74237936507936,1.0
DYE,4,2,[5],10,naive,3,10,77.2199851851852,0.3
DYE,4,3,[11],9,anchor,58,60,101.93842742504408,0.9666666666666667
DYE,4,3,[11],9,aware,9,9,101.92008915343928,1.0
DYE,4,3,[11],9,aware_on_anchor_rows,60,60,101.92008915343928,1.0
DYE,4,3,[11],9,explore_offset_q_aware,58,60,101.92008915343928,0.9666666666666667
DYE,4,3,[11],9,naive,9,9,81.85498968253974,1.0
DYE,4,4,[4],6,aware,6,6,105.1548997354497,1.0
DYE,4,4,[4],6,naive,6,6,80.60060714285717,1.0
DYE,4,5,[3],5,aware,5,5,101.77979350649346,1.0
DYE,4,5,[3],5,naive,5,5,76.59554920634923,1.0
DYE,4,6,[8],5,aware,5,5,96.84507063492065,1.0
DYE,4,6,[8],5,naive,5,5,78.41692619047619,1.0
DYE,4,7,[1],5,aware,5,5,92.68598968253968,1.0
DYE,4,7,[1],5,naive,5,5,82.0709383597884,1.0
DYE,4,8,[2],3,aware,3,3,103.57778888888888,1.0
DYE,4,8,[2],3,naive,3,3,79.31788359788357,1.0
DYE,4,8,[7],3,aware,3,3,103.57778888888888,1.0
DYE,4,8,[7],3,naive,3,3,79.31788359788357,1.0
DYE,4,9,[10],3,aware,3,3,102.72177962962962,1.0
DYE,4,9,[10],3,naive,3,3,76.70919206349211,1.0
DYE,4,9,[6],1,aware,1,1,102.72177962962962,1.0
DYE,4,9,[6],1,naive,1,1,76.70919206349211,1.0
ES1,0,0,10.1007/s11814-009-0309-1,96,anchor,930,930,1.0037463607422523,1.0
ES1,0,0,10.1007/s11814-009-0309-1,96,aware,96,96,1.2682975655948123,1.0
ES1,0,0,10.1007/s11814-009-0309-1,96,aware_on_anchor_rows,930,930,1.2682975655948123,1.0
ES1,0,0,10.1007/s11814-009-0309-1,96,explore_offset_q_aware,930,930,1.2682975655948123,1.0
ES1,0,0,10.1007/s11814-009-0309-1,96,naive,96,96,0.6464450496748286,1.0
ES1,0,1,10.1007/bf03218855,55,anchor,520,520,1.01222510330154,1.0
ES1,0,1,10.1007/bf03218855,55,aware,55,55,1.1397503551809756,1.0
ES1,0,1,10.1007/bf03218855,55,aware_on_anchor_rows,520,520,1.1397503551809756,1.0
ES1,0,1,10.1007/bf03218855,55,explore_offset_q_aware,520,520,1.1397503551809756,1.0
ES1,0,1,10.1007/bf03218855,55,naive,55,55,0.6315937900243442,1.0
ES1,0,1,10.1016/j.jmrt.2023.01.007,9,anchor,60,60,1.01222510330154,1.0
ES1,0,1,10.1016/j.jmrt.2023.01.007,9,aware,9,9,1.1397503551809756,1.0
ES1,0,1,10.1016/j.jmrt.2023.01.007,9,aware_on_anchor_rows,60,60,1.1397503551809756,1.0
ES1,0,1,10.1016/j.jmrt.2023.01.007,9,explore_offset_q_aware,60,60,1.1397503551809756,1.0
ES1,0,1,10.1016/j.jmrt.2023.01.007,9,naive,9,9,0.6315937900243442,1.0
ES1,0,1,10.1515/epoly-2018-0037,4,aware,4,4,1.1397503551809756,1.0
ES1,0,1,10.1515/epoly-2018-0037,4,naive,3,4,0.6315937900243442,0.75
ES1,0,1,10.3390/nano11102514,8,anchor,50,50,1.01222510330154,1.0
ES1,0,1,10.3390/nano11102514,8,aware,8,8,1.1397503551809756,1.0
ES1,0,1,10.3390/nano11102514,8,aware_on_anchor_rows,50,50,1.1397503551809756,1.0
ES1,0,1,10.3390/nano11102514,8,explore_offset_q_aware,50,50,1.1397503551809756,1.0
ES1,0,1,10.3390/nano11102514,8,naive,4,8,0.6315937900243442,0.5
ES1,0,2,10.1002/app.42304,9,anchor,48,60,0.8716421524124612,0.8
ES1,0,2,10.1002/app.42304,9,aware,6,9,1.2101263132180575,0.6666666666666666
ES1,0,2,10.1002/app.42304,9,aware_on_anchor_rows,39,60,1.2101263132180575,0.65
ES1,0,2,10.1002/app.42304,9,explore_offset_q_aware,60,60,1.2101263132180575,1.0
ES1,0,2,10.1002/app.42304,9,naive,4,9,0.5673546775819842,0.4444444444444444
ES1,0,2,10.1016/j.compositesb.2019.01.094,46,anchor,243,430,0.8716421524124612,0.5651162790697675
ES1,0,2,10.1016/j.compositesb.2019.01.094,46,aware,37,46,1.2101263132180575,0.8043478260869565
ES1,0,2,10.1016/j.compositesb.2019.01.094,46,aware_on_anchor_rows,349,430,1.2101263132180575,0.8116279069767441
ES1,0,2,10.1016/j.compositesb.2019.01.094,46,explore_offset_q_aware,315,430,1.2101263132180575,0.7325581395348837
ES1,0,2,10.1016/j.compositesb.2019.01.094,46,naive,21,46,0.5673546775819842,0.45652173913043476
ES1,0,2,10.1016/j.mtsust.2022.100275,13,anchor,100,100,0.8716421524124612,1.0
ES1,0,2,10.1016/j.mtsust.2022.100275,13,aware,13,13,1.2101263132180575,1.0
ES1,0,2,10.1016/j.mtsust.2022.100275,13,aware_on_anchor_rows,100,100,1.2101263132180575,1.0
ES1,0,2,10.1016/j.mtsust.2022.100275,13,explore_offset_q_aware,100,100,1.2101263132180575,1.0
ES1,0,2,10.1016/j.mtsust.2022.100275,13,naive,13,13,0.5673546775819842,1.0
ES1,0,2,10.1021/acsami.0c02578.,2,aware,2,2,1.2101263132180575,1.0
ES1,0,2,10.1021/acsami.0c02578.,2,naive,2,2,0.5673546775819842,1.0
ES1,0,2,10.1063/1.4994968,1,aware,1,1,1.2101263132180575,1.0
ES1,0,2,10.1063/1.4994968,1,naive,0,1,0.5673546775819842,0.0
ES1,0,2,10.1088/1748-6041/8/4/045007,5,aware,5,5,1.2101263132180575,1.0
ES1,0,2,10.1088/1748-6041/8/4/045007,5,naive,4,5,0.5673546775819842,0.8
ES1,0,3,10.1002/app.21762,3,aware,3,3,1.1708756482606075,1.0
ES1,0,3,10.1002/app.21762,3,naive,1,3,0.6703828208218017,0.3333333333333333
ES1,0,3,10.1016/j.eurpolymj.2004.10.027,12,anchor,90,90,0.9474527408331124,1.0
ES1,0,3,10.1016/j.eurpolymj.2004.10.027,12,aware,12,12,1.1708756482606075,1.0
ES1,0,3,10.1016/j.eurpolymj.2004.10.027,12,aware_on_anchor_rows,90,90,1.1708756482606075,1.0
ES1,0,3,10.1016/j.eurpolymj.2004.10.027,12,explore_offset_q_aware,90,90,1.1708756482606075,1.0
ES1,0,3,10.1016/j.eurpolymj.2004.10.027,12,naive,11,12,0.6703828208218017,0.9166666666666666
ES1,0,3,10.1016/j.matlet.2015.08.003,5,aware,3,5,1.1708756482606075,0.6
ES1,0,3,10.1016/j.matlet.2015.08.003,5,naive,1,5,0.6703828208218017,0.2
ES1,0,3,10.1016/j.memsci.2013.01.023,46,anchor,365,430,0.9474527408331124,0.8488372093023255
ES1,0,3,10.1016/j.memsci.2013.01.023,46,aware,46,46,1.1708756482606075,1.0
ES1,0,3,10.1016/j.memsci.2013.01.023,46,aware_on_anchor_rows,430,430,1.1708756482606075,1.0
ES1,0,3,10.1016/j.memsci.2013.01.023,46,explore_offset_q_aware,399,430,1.1708756482606075,0.9279069767441861
ES1,0,3,10.1016/j.memsci.2013.01.023,46,naive,35,46,0.6703828208218017,0.7608695652173914
ES1,0,3,10.3390/polym15030731,9,anchor,60,60,0.9474527408331124,1.0
ES1,0,3,10.3390/polym15030731,9,aware,9,9,1.1708756482606075,1.0
ES1,0,3,10.3390/polym15030731,9,aware_on_anchor_rows,60,60,1.1708756482606075,1.0
ES1,0,3,10.3390/polym15030731,9,explore_offset_q_aware,60,60,1.1708756482606075,1.0
ES1,0,3,10.3390/polym15030731,9,naive,9,9,0.6703828208218017,1.0
ES1,0,3,ãâ https://doi.org/10.3390/ma8052718,1,aware,1,1,1.1708756482606075,1.0
ES1,0,3,ãâ https://doi.org/10.3390/ma8052718,1,naive,1,1,0.6703828208218017,1.0
ES1,0,4,10.1002/jbm.b.33337,1,aware,1,1,1.0515639711477087,1.0
ES1,0,4,10.1002/jbm.b.33337,1,naive,1,1,0.5590543753119235,1.0
ES1,0,4,10.1007/s40204-017-0071-0,13,anchor,99,100,0.865544046114394,0.99
ES1,0,4,10.1007/s40204-017-0071-0,13,aware,13,13,1.0515639711477087,1.0
ES1,0,4,10.1007/s40204-017-0071-0,13,aware_on_anchor_rows,100,100,1.0515639711477087,1.0
ES1,0,4,10.1007/s40204-017-0071-0,13,explore_offset_q_aware,100,100,1.0515639711477087,1.0
ES1,0,4,10.1007/s40204-017-0071-0,13,naive,11,13,0.5590543753119235,0.8461538461538461
ES1,0,4,10.1016/j.polymertesting.2019.106218,3,aware,0,3,1.0515639711477087,0.0
ES1,0,4,10.1016/j.polymertesting.2019.106218,3,naive,0,3,0.5590543753119235,0.0
ES1,0,4,10.1177/00219983221144696,44,anchor,241,410,0.865544046114394,0.5878048780487805
ES1,0,4,10.1177/00219983221144696,44,aware,25,44,1.0515639711477087,0.5681818181818182
ES1,0,4,10.1177/00219983221144696,44,aware_on_anchor_rows,233,410,1.0515639711477087,0.5682926829268292
ES1,0,4,10.1177/00219983221144696,44,explore_offset_q_aware,306,410,1.0515639711477087,0.7463414634146341
ES1,0,4,10.1177/00219983221144696,44,naive,17,44,0.5590543753119235,0.38636363636363635
ES1,0,4,10.3390/nano12060962,6,aware,6,6,1.0515639711477087,1.0
ES1,0,4,10.3390/nano12060962,6,naive,2,6,0.5590543753119235,0.3333333333333333
ES1,0,4,https://www.researchgate.net/profile/dhananjay-pise/publication/277816900_study_of_process_parameters_affecting_the_diameter_and_morphology_of_electrospun_polyvinylidene_fluoride_pvdf_nanofibers/links/55751b5c08aeacff1ffcc4a8/study-of-process-parameters-affecting-the-diameter-and-morphology-of-electrospun-polyvinylidene-fluoride-pvdf-nanofibers.pdf,9,anchor,60,60,0.865544046114394,1.0
ES1,0,4,https://www.researchgate.net/profile/dhananjay-pise/publication/277816900_study_of_process_parameters_affecting_the_diameter_and_morphology_of_electrospun_polyvinylidene_fluoride_pvdf_nanofibers/links/55751b5c08aeacff1ffcc4a8/study-of-process-parameters-affecting-the-diameter-and-morphology-of-electrospun-polyvinylidene-fluoride-pvdf-nanofibers.pdf,9,aware,9,9,1.0515639711477087,1.0
ES1,0,4,https://www.researchgate.net/profile/dhananjay-pise/publication/277816900_study_of_process_parameters_affecting_the_diameter_and_morphology_of_electrospun_polyvinylidene_fluoride_pvdf_nanofibers/links/55751b5c08aeacff1ffcc4a8/study-of-process-parameters-affecting-the-diameter-and-morphology-of-electrospun-polyvinylidene-fluoride-pvdf-nanofibers.pdf,9,aware_on_anchor_rows,60,60,1.0515639711477087,1.0
ES1,0,4,https://www.researchgate.net/profile/dhananjay-pise/publication/277816900_study_of_process_parameters_affecting_the_diameter_and_morphology_of_electrospun_polyvinylidene_fluoride_pvdf_nanofibers/links/55751b5c08aeacff1ffcc4a8/study-of-process-parameters-affecting-the-diameter-and-morphology-of-electrospun-polyvinylidene-fluoride-pvdf-nanofibers.pdf,9,explore_offset_q_aware,60,60,1.0515639711477087,1.0
ES1,0,4,https://www.researchgate.net/profile/dhananjay-pise/publication/277816900_study_of_process_parameters_affecting_the_diameter_and_morphology_of_electrospun_polyvinylidene_fluoride_pvdf_nanofibers/links/55751b5c08aeacff1ffcc4a8/study-of-process-parameters-affecting-the-diameter-and-morphology-of-electrospun-polyvinylidene-fluoride-pvdf-nanofibers.pdf,9,naive,5,9,0.5590543753119235,0.5555555555555556
ES1,0,5,10.1002/app.25464,16,anchor,88,130,0.9243350604142436,0.676923076923077
ES1,0,5,10.1002/app.25464,16,aware,13,16,1.1885064018231697,0.8125
ES1,0,5,10.1002/app.25464,16,aware_on_anchor_rows,107,130,1.1885064018231697,0.823076923076923
ES1,0,5,10.1002/app.25464,16,explore_offset_q_aware,102,130,1.1885064018231697,0.7846153846153846
ES1,0,5,10.1002/app.25464,16,naive,7,16,0.5987711146833936,0.4375
ES1,0,5,10.1007/s12221-015-5263-4,38,anchor,289,350,0.9243350604142436,0.8257142857142857
ES1,0,5,10.1007/s12221-015-5263-4,38,aware,37,38,1.1885064018231697,0.9736842105263158
ES1,0,5,10.1007/s12221-015-5263-4,38,aware_on_anchor_rows,340,350,1.1885064018231697,0.9714285714285714
ES1,0,5,10.1007/s12221-015-5263-4,38,explore_offset_q_aware,329,350,1.1885064018231697,0.94
ES1,0,5,10.1007/s12221-015-5263-4,38,naive,23,38,0.5987711146833936,0.6052631578947368
ES1,0,5,10.1016/j.materresbull.2022.112052,4,aware,4,4,1.1885064018231697,1.0
ES1,0,5,10.1016/j.materresbull.2022.112052,4,naive,0,4,0.5987711146833936,0.0
ES1,0,5,10.1515/epoly-2014-0110,7,aware,7,7,1.1885064018231697,1.0
ES1,0,5,10.1515/epoly-2014-0110,7,naive,3,7,0.5987711146833936,0.42857142857142855
ES1,0,5,10.3390/nano14131083,1,aware,1,1,1.1885064018231697,1.0
ES1,0,5,10.3390/nano14131083,1,naive,1,1,0.5987711146833936,1.0
ES1,0,5,10.3390/polym15132813,10,anchor,70,70,0.9243350604142436,1.0
ES1,0,5,10.3390/polym15132813,10,aware,10,10,1.1885064018231697,1.0
ES1,0,5,10.3390/polym15132813,10,aware_on_anchor_rows,70,70,1.1885064018231697,1.0
ES1,0,5,10.3390/polym15132813,10,explore_offset_q_aware,70,70,1.1885064018231697,1.0
ES1,0,5,10.3390/polym15132813,10,naive,10,10,0.5987711146833936,1.0
ES1,0,6,10.1002/adv.21947,17,anchor,140,140,0.982023172705728,1.0
ES1,0,6,10.1002/adv.21947,17,aware,17,17,1.1760933938252278,1.0
ES1,0,6,10.1002/adv.21947,17,aware_on_anchor_rows,140,140,1.1760933938252278,1.0
ES1,0,6,10.1002/adv.21947,17,explore_offset_q_aware,140,140,1.1760933938252278,1.0
ES1,0,6,10.1002/adv.21947,17,naive,17,17,0.611841744903443,1.0
ES1,0,6,10.1002/app.52131,6,aware,6,6,1.1760933938252278,1.0
ES1,0,6,10.1002/app.52131,6,naive,0,6,0.611841744903443,0.0
ES1,0,6,10.1016/j.polymer.2008.09.025,27,anchor,206,240,0.982023172705728,0.8583333333333333
ES1,0,6,10.1016/j.polymer.2008.09.025,27,aware,19,27,1.1760933938252278,0.7037037037037037
ES1,0,6,10.1016/j.polymer.2008.09.025,27,aware_on_anchor_rows,172,240,1.1760933938252278,0.7166666666666667
ES1,0,6,10.1016/j.polymer.2008.09.025,27,explore_offset_q_aware,221,240,1.1760933938252278,0.9208333333333333
ES1,0,6,10.1016/j.polymer.2008.09.025,27,naive,9,27,0.611841744903443,0.3333333333333333
ES1,0,6,10.1016/j.polymer.2020.123366,13,anchor,100,100,0.982023172705728,1.0
ES1,0,6,10.1016/j.polymer.2020.123366,13,aware,13,13,1.1760933938252278,1.0
ES1,0,6,10.1016/j.polymer.2020.123366,13,aware_on_anchor_rows,100,100,1.1760933938252278,1.0
ES1,0,6,10.1016/j.polymer.2020.123366,13,explore_offset_q_aware,100,100,1.1760933938252278,1.0
ES1,0,6,10.1016/j.polymer.2020.123366,13,naive,0,13,0.611841744903443,0.0
ES1,0,6,10.3139/217.3278,9,anchor,60,60,0.982023172705728,1.0
ES1,0,6,10.3139/217.3278,9,aware,9,9,1.1760933938252278,1.0
ES1,0,6,10.3139/217.3278,9,aware_on_anchor_rows,60,60,1.1760933938252278,1.0
ES1,0,6,10.3139/217.3278,9,explore_offset_q_aware,60,60,1.1760933938252278,1.0
ES1,0,6,10.3139/217.3278,9,naive,5,9,0.611841744903443,0.5555555555555556
ES1,0,6,10.3390/fib8100065,2,aware,2,2,1.1760933938252278,1.0
ES1,0,6,10.3390/fib8100065,2,naive,1,2,0.611841744903443,0.5
ES1,0,6,10.3390/polym14030593,2,aware,2,2,1.1760933938252278,1.0
ES1,0,6,10.3390/polym14030593,2,naive,2,2,0.611841744903443,1.0
ES1,0,7,10.1002/app.36726,17,anchor,140,140,0.9777845026347364,1.0
ES1,0,7,10.1002/app.36726,17,aware,17,17,1.0524913908988631,1.0
ES1,0,7,10.1002/app.36726,17,aware_on_anchor_rows,140,140,1.0524913908988631,1.0
ES1,0,7,10.1002/app.36726,17,explore_offset_q_aware,140,140,1.0524913908988631,1.0
ES1,0,7,10.1002/app.36726,17,naive,17,17,0.6100006203982336,1.0
ES1,0,7,10.1002/polb.21380,12,anchor,90,90,0.9777845026347364,1.0
ES1,0,7,10.1002/polb.21380,12,aware,12,12,1.0524913908988631,1.0
ES1,0,7,10.1002/polb.21380,12,aware_on_anchor_rows,90,90,1.0524913908988631,1.0
ES1,0,7,10.1002/polb.21380,12,explore_offset_q_aware,90,90,1.0524913908988631,1.0
ES1,0,7,10.1002/polb.21380,12,naive,12,12,0.6100006203982336,1.0
ES1,0,7,10.1007/s00521-017-2996-6,13,anchor,100,100,0.9777845026347364,1.0
ES1,0,7,10.1007/s00521-017-2996-6,13,aware,13,13,1.0524913908988631,1.0
ES1,0,7,10.1007/s00521-017-2996-6,13,aware_on_anchor_rows,100,100,1.0524913908988631,1.0
ES1,0,7,10.1007/s00521-017-2996-6,13,explore_offset_q_aware,100,100,1.0524913908988631,1.0
ES1,0,7,10.1007/s00521-017-2996-6,13,naive,13,13,0.6100006203982336,1.0
ES1,0,7,10.1016/j.memsci.2018.06.050,6,aware,5,6,1.0524913908988631,0.8333333333333334
ES1,0,7,10.1016/j.memsci.2018.06.050,6,naive,0,6,0.6100006203982336,0.0
ES1,0,7,10.1016/j.memsci.2022.120850,5,aware,3,5,1.0524913908988631,0.6
ES1,0,7,10.1016/j.memsci.2022.120850,5,naive,2,5,0.6100006203982336,0.4
ES1,0,7,10.3390/nano10061221,22,anchor,190,190,0.9777845026347364,1.0
ES1,0,7,10.3390/nano10061221,22,aware,10,22,1.0524913908988631,0.45454545454545453
ES1,0,7,10.3390/nano10061221,22,aware_on_anchor_rows,85,190,1.0524913908988631,0.4473684210526316
ES1,0,7,10.3390/nano10061221,22,explore_offset_q_aware,190,190,1.0524913908988631,1.0
ES1,0,7,10.3390/nano10061221,22,naive,0,22,0.6100006203982336,0.0
ES1,0,8,10.1007/s00521-014-1554-8,20,anchor,154,170,1.0228138321119034,0.9058823529411765
ES1,0,8,10.1007/s00521-014-1554-8,20,aware,19,20,1.210500865572385,0.95
ES1,0,8,10.1007/s00521-014-1554-8,20,aware_on_anchor_rows,161,170,1.210500865572385,0.9470588235294117
ES1,0,8,10.1007/s00521-014-1554-8,20,explore_offset_q_aware,161,170,1.210500865572385,0.9470588235294117
ES1,0,8,10.1007/s00521-014-1554-8,20,naive,15,20,0.6089390305222162,0.75
ES1,0,8,10.1016/j.jafr.2019.100015,15,anchor,120,120,1.0228138321119034,1.0
ES1,0,8,10.1016/j.jafr.2019.100015,15,aware,15,15,1.210500865572385,1.0
ES1,0,8,10.1016/j.jafr.2019.100015,15,aware_on_anchor_rows,120,120,1.210500865572385,1.0
ES1,0,8,10.1016/j.jafr.2019.100015,15,explore_offset_q_aware,120,120,1.210500865572385,1.0
ES1,0,8,10.1016/j.jafr.2019.100015,15,naive,7,15,0.6089390305222162,0.4666666666666667
ES1,0,8,10.1080/1539445x.2010.495630,12,anchor,81,90,1.0228138321119034,0.9
ES1,0,8,10.1080/1539445x.2010.495630,12,aware,11,12,1.210500865572385,0.9166666666666666
ES1,0,8,10.1080/1539445x.2010.495630,12,aware_on_anchor_rows,82,90,1.210500865572385,0.9111111111111111
ES1,0,8,10.1080/1539445x.2010.495630,12,explore_offset_q_aware,85,90,1.210500865572385,0.9444444444444444
ES1,0,8,10.1080/1539445x.2010.495630,12,naive,10,12,0.6089390305222162,0.8333333333333334
ES1,0,8,10.1109/nano.2013.6720964,4,aware,4,4,1.210500865572385,1.0
ES1,0,8,10.1109/nano.2013.6720964,4,naive,0,4,0.6089390305222162,0.0
ES1,0,8,10.30684/etj.35.4a.5,6,aware,6,6,1.210500865572385,1.0
ES1,0,8,10.30684/etj.35.4a.5,6,naive,4,6,0.6089390305222162,0.6666666666666666
ES1,0,8,https://www.sciencedirect.com/science/article/pii/s0927776511005522,18,anchor,150,150,1.0228138321119034,1.0
ES1,0,8,https://www.sciencedirect.com/science/article/pii/s0927776511005522,18,aware,18,18,1.210500865572385,1.0
ES1,0,8,https://www.sciencedirect.com/science/article/pii/s0927776511005522,18,aware_on_anchor_rows,150,150,1.210500865572385,1.0
ES1,0,8,https://www.sciencedirect.com/science/article/pii/s0927776511005522,18,explore_offset_q_aware,150,150,1.210500865572385,1.0
ES1,0,8,https://www.sciencedirect.com/science/article/pii/s0927776511005522,18,naive,17,18,0.6089390305222162,0.9444444444444444
ES1,0,9,10.1002/app.32569,20,anchor,170,170,0.9572042974689772,1.0
ES1,0,9,10.1002/app.32569,20,aware,20,20,1.1924441351976904,1.0
ES1,0,9,10.1002/app.32569,20,aware_on_anchor_rows,170,170,1.1924441351976904,1.0
ES1,0,9,10.1002/app.32569,20,explore_offset_q_aware,170,170,1.1924441351976904,1.0
ES1,0,9,10.1002/app.32569,20,naive,16,20,0.6500322629817346,0.8
ES1,0,9,10.1002/marc.200700544,4,aware,3,4,1.1924441351976904,0.75
ES1,0,9,10.1002/marc.200700544,4,naive,3,4,0.6500322629817346,0.75
ES1,0,9,10.1007/s10965-014-0571-8.,18,anchor,100,150,0.9572042974689772,0.6666666666666666
ES1,0,9,10.1007/s10965-014-0571-8.,18,aware,16,18,1.1924441351976904,0.8888888888888888
ES1,0,9,10.1007/s10965-014-0571-8.,18,aware_on_anchor_rows,134,150,1.1924441351976904,0.8933333333333333
ES1,0,9,10.1007/s10965-014-0571-8.,18,explore_offset_q_aware,117,150,1.1924441351976904,0.78
ES1,0,9,10.1007/s10965-014-0571-8.,18,naive,6,18,0.6500322629817346,0.3333333333333333
ES1,0,9,10.1016/j.molliq.2023.122819,10,anchor,63,70,0.9572042974689772,0.9
ES1,0,9,10.1016/j.molliq.2023.122819,10,aware,10,10,1.1924441351976904,1.0
ES1,0,9,10.1016/j.molliq.2023.122819,10,aware_on_anchor_rows,70,70,1.1924441351976904,1.0
ES1,0,9,10.1016/j.molliq.2023.122819,10,explore_offset_q_aware,70,70,1.1924441351976904,1.0
ES1,0,9,10.1016/j.molliq.2023.122819,10,naive,7,10,0.6500322629817346,0.7
ES1,0,9,10.1016/j.polymer.2014.06.032,8,anchor,50,50,0.9572042974689772,1.0
ES1,0,9,10.1016/j.polymer.2014.06.032,8,aware,8,8,1.1924441351976904,1.0
ES1,0,9,10.1016/j.polymer.2014.06.032,8,aware_on_anchor_rows,50,50,1.1924441351976904,1.0
ES1,0,9,10.1016/j.polymer.2014.06.032,8,explore_offset_q_aware,50,50,1.1924441351976904,1.0
ES1,0,9,10.1016/j.polymer.2014.06.032,8,naive,8,8,0.6500322629817346,1.0
ES1,0,9,10.1515/epoly-2022-8106,15,anchor,120,120,0.9572042974689772,1.0
ES1,0,9,10.1515/epoly-2022-8106,15,aware,15,15,1.1924441351976904,1.0
ES1,0,9,10.1515/epoly-2022-8106,15,aware_on_anchor_rows,120,120,1.1924441351976904,1.0
ES1,0,9,10.1515/epoly-2022-8106,15,explore_offset_q_aware,120,120,1.1924441351976904,1.0
ES1,0,9,10.1515/epoly-2022-8106,15,naive,15,15,0.6500322629817346,1.0
ES1,1,0,10.1007/s11814-009-0309-1,96,anchor,930,930,1.0788485801297167,1.0
ES1,1,0,10.1007/s11814-009-0309-1,96,aware,96,96,1.208050027593071,1.0
ES1,1,0,10.1007/s11814-009-0309-1,96,aware_on_anchor_rows,930,930,1.208050027593071,1.0
ES1,1,0,10.1007/s11814-009-0309-1,96,explore_offset_q_aware,930,930,1.208050027593071,1.0
ES1,1,0,10.1007/s11814-009-0309-1,96,naive,96,96,0.6705264138160905,1.0
ES1,1,1,10.1007/bf03218855,55,anchor,520,520,0.9550771383101396,1.0
ES1,1,1,10.1007/bf03218855,55,aware,55,55,1.1393312439335816,1.0
ES1,1,1,10.1007/bf03218855,55,aware_on_anchor_rows,520,520,1.1393312439335816,1.0
ES1,1,1,10.1007/bf03218855,55,explore_offset_q_aware,520,520,1.1393312439335816,1.0
ES1,1,1,10.1007/bf03218855,55,naive,55,55,0.6517158445401279,1.0
ES1,1,1,10.1016/j.materresbull.2022.112052,4,aware,4,4,1.1393312439335816,1.0
ES1,1,1,10.1016/j.materresbull.2022.112052,4,naive,0,4,0.6517158445401279,0.0
ES1,1,1,10.1016/j.polymer.2014.06.032,8,anchor,50,50,0.9550771383101396,1.0
ES1,1,1,10.1016/j.polymer.2014.06.032,8,aware,8,8,1.1393312439335816,1.0
ES1,1,1,10.1016/j.polymer.2014.06.032,8,aware_on_anchor_rows,50,50,1.1393312439335816,1.0
ES1,1,1,10.1016/j.polymer.2014.06.032,8,explore_offset_q_aware,50,50,1.1393312439335816,1.0
ES1,1,1,10.1016/j.polymer.2014.06.032,8,naive,8,8,0.6517158445401279,1.0
ES1,1,1,10.3390/polym15030731,9,anchor,60,60,0.9550771383101396,1.0
ES1,1,1,10.3390/polym15030731,9,aware,9,9,1.1393312439335816,1.0
ES1,1,1,10.3390/polym15030731,9,aware_on_anchor_rows,60,60,1.1393312439335816,1.0
ES1,1,1,10.3390/polym15030731,9,explore_offset_q_aware,60,60,1.1393312439335816,1.0
ES1,1,1,10.3390/polym15030731,9,naive,9,9,0.6517158445401279,1.0
ES1,1,2,10.1016/j.jmrt.2023.01.007,9,anchor,60,60,0.9488347950260928,1.0
ES1,1,2,10.1016/j.jmrt.2023.01.007,9,aware,9,9,1.1547859981493085,1.0
ES1,1,2,10.1016/j.jmrt.2023.01.007,9,aware_on_anchor_rows,60,60,1.1547859981493085,1.0
ES1,1,2,10.1016/j.jmrt.2023.01.007,9,explore_offset_q_aware,60,60,1.1547859981493085,1.0
ES1,1,2,10.1016/j.jmrt.2023.01.007,9,naive,9,9,0.608651546797347,1.0
ES1,1,2,10.1016/j.memsci.2013.01.023,46,anchor,321,430,0.9488347950260928,0.7465116279069768
ES1,1,2,10.1016/j.memsci.2013.01.023,46,aware,38,46,1.1547859981493085,0.8260869565217391
ES1,1,2,10.1016/j.memsci.2013.01.023,46,aware_on_anchor_rows,351,430,1.1547859981493085,0.8162790697674419
ES1,1,2,10.1016/j.memsci.2013.01.023,46,explore_offset_q_aware,365,430,1.1547859981493085,0.8488372093023255
ES1,1,2,10.1016/j.memsci.2013.01.023,46,naive,14,46,0.608651546797347,0.30434782608695654
ES1,1,2,10.1016/j.polymer.2020.123366,13,anchor,100,100,0.9488347950260928,1.0
ES1,1,2,10.1016/j.polymer.2020.123366,13,aware,13,13,1.1547859981493085,1.0
ES1,1,2,10.1016/j.polymer.2020.123366,13,aware_on_anchor_rows,100,100,1.1547859981493085,1.0
ES1,1,2,10.1016/j.polymer.2020.123366,13,explore_offset_q_aware,100,100,1.1547859981493085,1.0
ES1,1,2,10.1016/j.polymer.2020.123366,13,naive,0,13,0.608651546797347,0.0
ES1,1,2,10.1063/1.4994968,1,aware,0,1,1.1547859981493085,0.0
ES1,1,2,10.1063/1.4994968,1,naive,0,1,0.608651546797347,0.0
ES1,1,2,10.1088/1748-6041/8/4/045007,5,aware,5,5,1.1547859981493085,1.0
ES1,1,2,10.1088/1748-6041/8/4/045007,5,naive,1,5,0.608651546797347,0.2
ES1,1,2,10.3390/polym14030593,2,aware,2,2,1.1547859981493085,1.0
ES1,1,2,10.3390/polym14030593,2,naive,2,2,0.608651546797347,1.0
ES1,1,3,10.1002/app.42304,9,anchor,41,60,0.8396363536227132,0.6833333333333333
ES1,1,3,10.1002/app.42304,9,aware,6,9,1.0562621846606208,0.6666666666666666
ES1,1,3,10.1002/app.42304,9,aware_on_anchor_rows,43,60,1.0562621846606208,0.7166666666666667
ES1,1,3,10.1002/app.42304,9,explore_offset_q_aware,51,60,1.0562621846606208,0.85
ES1,1,3,10.1002/app.42304,9,naive,3,9,0.5543436880010475,0.3333333333333333
ES1,1,3,10.1002/jbm.b.33337,1,aware,1,1,1.0562621846606208,1.0
ES1,1,3,10.1002/jbm.b.33337,1,naive,1,1,0.5543436880010475,1.0
ES1,1,3,10.1002/polb.21380,12,anchor,90,90,0.8396363536227132,1.0
ES1,1,3,10.1002/polb.21380,12,aware,12,12,1.0562621846606208,1.0
ES1,1,3,10.1002/polb.21380,12,aware_on_anchor_rows,90,90,1.0562621846606208,1.0
ES1,1,3,10.1002/polb.21380,12,explore_offset_q_aware,90,90,1.0562621846606208,1.0
ES1,1,3,10.1002/polb.21380,12,naive,12,12,0.5543436880010475,1.0
ES1,1,3,10.1016/j.compositesb.2019.01.094,46,anchor,233,430,0.8396363536227132,0.541860465116279
ES1,1,3,10.1016/j.compositesb.2019.01.094,46,aware,32,46,1.0562621846606208,0.6956521739130435
ES1,1,3,10.1016/j.compositesb.2019.01.094,46,aware_on_anchor_rows,298,430,1.0562621846606208,0.6930232558139535
ES1,1,3,10.1016/j.compositesb.2019.01.094,46,explore_offset_q_aware,278,430,1.0562621846606208,0.6465116279069767
ES1,1,3,10.1016/j.compositesb.2019.01.094,46,naive,17,46,0.5543436880010475,0.3695652173913043
ES1,1,3,10.1016/j.memsci.2022.120850,5,aware,3,5,1.0562621846606208,0.6
ES1,1,3,10.1016/j.memsci.2022.120850,5,naive,2,5,0.5543436880010475,0.4
ES1,1,3,10.1016/j.polymertesting.2019.106218,3,aware,0,3,1.0562621846606208,0.0
ES1,1,3,10.1016/j.polymertesting.2019.106218,3,naive,0,3,0.5543436880010475,0.0
ES1,1,4,10.1002/app.21762,3,aware,3,3,1.056633835861806,1.0
ES1,1,4,10.1002/app.21762,3,naive,1,3,0.5737578955140918,0.3333333333333333
ES1,1,4,10.1007/s00521-017-2996-6,13,anchor,100,100,0.8881017761368852,1.0
ES1,1,4,10.1007/s00521-017-2996-6,13,aware,13,13,1.056633835861806,1.0
ES1,1,4,10.1007/s00521-017-2996-6,13,aware_on_anchor_rows,100,100,1.056633835861806,1.0
ES1,1,4,10.1007/s00521-017-2996-6,13,explore_offset_q_aware,100,100,1.056633835861806,1.0
ES1,1,4,10.1007/s00521-017-2996-6,13,naive,13,13,0.5737578955140918,1.0
ES1,1,4,10.1016/j.memsci.2018.06.050,6,aware,6,6,1.056633835861806,1.0
ES1,1,4,10.1016/j.memsci.2018.06.050,6,naive,2,6,0.5737578955140918,0.3333333333333333
ES1,1,4,10.1177/00219983221144696,44,anchor,248,410,0.8881017761368852,0.6048780487804878
ES1,1,4,10.1177/00219983221144696,44,aware,25,44,1.056633835861806,0.5681818181818182
ES1,1,4,10.1177/00219983221144696,44,aware_on_anchor_rows,235,410,1.056633835861806,0.573170731707317
ES1,1,4,10.1177/00219983221144696,44,explore_offset_q_aware,285,410,1.056633835861806,0.6951219512195121
ES1,1,4,10.1177/00219983221144696,44,naive,17,44,0.5737578955140918,0.38636363636363635
ES1,1,4,10.3139/217.3278,9,anchor,60,60,0.8881017761368852,1.0
ES1,1,4,10.3139/217.3278,9,aware,9,9,1.056633835861806,1.0
ES1,1,4,10.3139/217.3278,9,aware_on_anchor_rows,60,60,1.056633835861806,1.0
ES1,1,4,10.3139/217.3278,9,explore_offset_q_aware,60,60,1.056633835861806,1.0
ES1,1,4,10.3139/217.3278,9,naive,4,9,0.5737578955140918,0.4444444444444444
ES1,1,4,ãâ https://doi.org/10.3390/ma8052718,1,aware,1,1,1.056633835861806,1.0
ES1,1,4,ãâ https://doi.org/10.3390/ma8052718,1,naive,1,1,0.5737578955140918,1.0
ES1,1,5,10.1002/app.25464,16,anchor,98,130,0.9878269601431696,0.7538461538461538
ES1,1,5,10.1002/app.25464,16,aware,12,16,1.1672840852340558,0.75
ES1,1,5,10.1002/app.25464,16,aware_on_anchor_rows,98,130,1.1672840852340558,0.7538461538461538
ES1,1,5,10.1002/app.25464,16,explore_offset_q_aware,107,130,1.1672840852340558,0.823076923076923
ES1,1,5,10.1002/app.25464,16,naive,6,16,0.5639689991117773,0.375
ES1,1,5,10.1002/marc.200700544,4,aware,3,4,1.1672840852340558,0.75
ES1,1,5,10.1002/marc.200700544,4,naive,2,4,0.5639689991117773,0.5
ES1,1,5,10.1007/s12221-015-5263-4,38,anchor,294,350,0.9878269601431696,0.84
ES1,1,5,10.1007/s12221-015-5263-4,38,aware,37,38,1.1672840852340558,0.9736842105263158
ES1,1,5,10.1007/s12221-015-5263-4,38,aware_on_anchor_rows,340,350,1.1672840852340558,0.9714285714285714
ES1,1,5,10.1007/s12221-015-5263-4,38,explore_offset_q_aware,321,350,1.1672840852340558,0.9171428571428571
ES1,1,5,10.1007/s12221-015-5263-4,38,naive,22,38,0.5639689991117773,0.5789473684210527
ES1,1,5,10.1016/j.molliq.2023.122819,10,anchor,63,70,0.9878269601431696,0.9
ES1,1,5,10.1016/j.molliq.2023.122819,10,aware,10,10,1.1672840852340558,1.0
ES1,1,5,10.1016/j.molliq.2023.122819,10,aware_on_anchor_rows,70,70,1.1672840852340558,1.0
ES1,1,5,10.1016/j.molliq.2023.122819,10,explore_offset_q_aware,68,70,1.1672840852340558,0.9714285714285714
ES1,1,5,10.1016/j.molliq.2023.122819,10,naive,7,10,0.5639689991117773,0.7
ES1,1,5,10.1515/epoly-2014-0110,7,aware,7,7,1.1672840852340558,1.0
ES1,1,5,10.1515/epoly-2014-0110,7,naive,2,7,0.5639689991117773,0.2857142857142857
ES1,1,5,10.3390/nano14131083,1,aware,1,1,1.1672840852340558,1.0
ES1,1,5,10.3390/nano14131083,1,naive,0,1,0.5639689991117773,0.0
ES1,1,6,10.1002/app.36726,17,anchor,140,140,1.037718914126432,1.0
ES1,1,6,10.1002/app.36726,17,aware,17,17,1.1621290513597122,1.0
ES1,1,6,10.1002/app.36726,17,aware_on_anchor_rows,140,140,1.1621290513597122,1.0
ES1,1,6,10.1002/app.36726,17,explore_offset_q_aware,140,140,1.1621290513597122,1.0
ES1,1,6,10.1002/app.36726,17,naive,17,17,0.6266083287383344,1.0
ES1,1,6,10.1007/s40204-017-0071-0,13,anchor,100,100,1.037718914126432,1.0
ES1,1,6,10.1007/s40204-017-0071-0,13,aware,13,13,1.1621290513597122,1.0
ES1,1,6,10.1007/s40204-017-0071-0,13,aware_on_anchor_rows,100,100,1.1621290513597122,1.0
ES1,1,6,10.1007/s40204-017-0071-0,13,explore_offset_q_aware,100,100,1.1621290513597122,1.0
ES1,1,6,10.1007/s40204-017-0071-0,13,naive,13,13,0.6266083287383344,1.0
ES1,1,6,10.1016/j.polymer.2008.09.025,27,anchor,213,240,1.037718914126432,0.8875
ES1,1,6,10.1016/j.polymer.2008.09.025,27,aware,22,27,1.1621290513597122,0.8148148148148148
ES1,1,6,10.1016/j.polymer.2008.09.025,27,aware_on_anchor_rows,196,240,1.1621290513597122,0.8166666666666667
ES1,1,6,10.1016/j.polymer.2008.09.025,27,explore_offset_q_aware,224,240,1.1621290513597122,0.9333333333333333
ES1,1,6,10.1016/j.polymer.2008.09.025,27,naive,9,27,0.6266083287383344,0.3333333333333333
ES1,1,6,10.1021/acsami.0c02578.,2,aware,2,2,1.1621290513597122,1.0
ES1,1,6,10.1021/acsami.0c02578.,2,naive,2,2,0.6266083287383344,1.0
ES1,1,6,10.30684/etj.35.4a.5,6,aware,6,6,1.1621290513597122,1.0
ES1,1,6,10.30684/etj.35.4a.5,6,naive,4,6,0.6266083287383344,0.6666666666666666
ES1,1,6,10.3390/fib8100065,2,aware,2,2,1.1621290513597122,1.0
ES1,1,6,10.3390/fib8100065,2,naive,1,2,0.6266083287383344,0.5
ES1,1,6,https://www.researchgate.net/profile/dhananjay-pise/publication/277816900_study_of_process_parameters_affecting_the_diameter_and_morphology_of_electrospun_polyvinylidene_fluoride_pvdf_nanofibers/links/55751b5c08aeacff1ffcc4a8/study-of-process-parameters-affecting-the-diameter-and-morphology-of-electrospun-polyvinylidene-fluoride-pvdf-nanofibers.pdf,9,anchor,60,60,1.037718914126432,1.0
ES1,1,6,https://www.researchgate.net/profile/dhananjay-pise/publication/277816900_study_of_process_parameters_affecting_the_diameter_and_morphology_of_electrospun_polyvinylidene_fluoride_pvdf_nanofibers/links/55751b5c08aeacff1ffcc4a8/study-of-process-parameters-affecting-the-diameter-and-morphology-of-electrospun-polyvinylidene-fluoride-pvdf-nanofibers.pdf,9,aware,9,9,1.1621290513597122,1.0
ES1,1,6,https://www.researchgate.net/profile/dhananjay-pise/publication/277816900_study_of_process_parameters_affecting_the_diameter_and_morphology_of_electrospun_polyvinylidene_fluoride_pvdf_nanofibers/links/55751b5c08aeacff1ffcc4a8/study-of-process-parameters-affecting-the-diameter-and-morphology-of-electrospun-polyvinylidene-fluoride-pvdf-nanofibers.pdf,9,aware_on_anchor_rows,60,60,1.1621290513597122,1.0
ES1,1,6,https://www.researchgate.net/profile/dhananjay-pise/publication/277816900_study_of_process_parameters_affecting_the_diameter_and_morphology_of_electrospun_polyvinylidene_fluoride_pvdf_nanofibers/links/55751b5c08aeacff1ffcc4a8/study-of-process-parameters-affecting-the-diameter-and-morphology-of-electrospun-polyvinylidene-fluoride-pvdf-nanofibers.pdf,9,explore_offset_q_aware,60,60,1.1621290513597122,1.0
ES1,1,6,https://www.researchgate.net/profile/dhananjay-pise/publication/277816900_study_of_process_parameters_affecting_the_diameter_and_morphology_of_electrospun_polyvinylidene_fluoride_pvdf_nanofibers/links/55751b5c08aeacff1ffcc4a8/study-of-process-parameters-affecting-the-diameter-and-morphology-of-electrospun-polyvinylidene-fluoride-pvdf-nanofibers.pdf,9,naive,6,9,0.6266083287383344,0.6666666666666666
ES1,1,7,10.1002/adv.21947,17,anchor,140,140,0.938839926228213,1.0
ES1,1,7,10.1002/adv.21947,17,aware,16,17,1.0723917551483524,0.9411764705882353
ES1,1,7,10.1002/adv.21947,17,aware_on_anchor_rows,133,140,1.0723917551483524,0.95
ES1,1,7,10.1002/adv.21947,17,explore_offset_q_aware,140,140,1.0723917551483524,1.0
ES1,1,7,10.1002/adv.21947,17,naive,14,17,0.6542934711460804,0.8235294117647058
ES1,1,7,10.1016/j.eurpolymj.2004.10.027,12,anchor,90,90,0.938839926228213,1.0
ES1,1,7,10.1016/j.eurpolymj.2004.10.027,12,aware,12,12,1.0723917551483524,1.0
ES1,1,7,10.1016/j.eurpolymj.2004.10.027,12,aware_on_anchor_rows,90,90,1.0723917551483524,1.0
ES1,1,7,10.1016/j.eurpolymj.2004.10.027,12,explore_offset_q_aware,90,90,1.0723917551483524,1.0
ES1,1,7,10.1016/j.eurpolymj.2004.10.027,12,naive,11,12,0.6542934711460804,0.9166666666666666
ES1,1,7,10.1016/j.matlet.2015.08.003,5,aware,2,5,1.0723917551483524,0.4
ES1,1,7,10.1016/j.matlet.2015.08.003,5,naive,1,5,0.6542934711460804,0.2
ES1,1,7,10.1016/j.mtsust.2022.100275,13,anchor,100,100,0.938839926228213,1.0
ES1,1,7,10.1016/j.mtsust.2022.100275,13,aware,13,13,1.0723917551483524,1.0
ES1,1,7,10.1016/j.mtsust.2022.100275,13,aware_on_anchor_rows,100,100,1.0723917551483524,1.0
ES1,1,7,10.1016/j.mtsust.2022.100275,13,explore_offset_q_aware,100,100,1.0723917551483524,1.0
ES1,1,7,10.1016/j.mtsust.2022.100275,13,naive,13,13,0.6542934711460804,1.0
ES1,1,7,10.3390/nano10061221,22,anchor,190,190,0.938839926228213,1.0
ES1,1,7,10.3390/nano10061221,22,aware,10,22,1.0723917551483524,0.45454545454545453
ES1,1,7,10.3390/nano10061221,22,aware_on_anchor_rows,84,190,1.0723917551483524,0.4421052631578947
ES1,1,7,10.3390/nano10061221,22,explore_offset_q_aware,190,190,1.0723917551483524,1.0
ES1,1,7,10.3390/nano10061221,22,naive,2,22,0.6542934711460804,0.09090909090909091
ES1,1,7,10.3390/nano12060962,6,aware,6,6,1.0723917551483524,1.0
ES1,1,7,10.3390/nano12060962,6,naive,4,6,0.6542934711460804,0.6666666666666666
ES1,1,8,10.1002/app.52131,6,aware,6,6,1.1410098872959875,1.0
ES1,1,8,10.1002/app.52131,6,naive,0,6,0.6015056339195022,0.0
ES1,1,8,10.1007/s00521-014-1554-8,20,anchor,155,170,0.9914627867443504,0.9117647058823529
ES1,1,8,10.1007/s00521-014-1554-8,20,aware,20,20,1.1410098872959875,1.0
ES1,1,8,10.1007/s00521-014-1554-8,20,aware_on_anchor_rows,170,170,1.1410098872959875,1.0
ES1,1,8,10.1007/s00521-014-1554-8,20,explore_offset_q_aware,162,170,1.1410098872959875,0.9529411764705882
ES1,1,8,10.1007/s00521-014-1554-8,20,naive,15,20,0.6015056339195022,0.75
ES1,1,8,10.1007/s10965-014-0571-8.,18,anchor,110,150,0.9914627867443504,0.7333333333333333
ES1,1,8,10.1007/s10965-014-0571-8.,18,aware,13,18,1.1410098872959875,0.7222222222222222
ES1,1,8,10.1007/s10965-014-0571-8.,18,aware_on_anchor_rows,112,150,1.1410098872959875,0.7466666666666667
ES1,1,8,10.1007/s10965-014-0571-8.,18,explore_offset_q_aware,121,150,1.1410098872959875,0.8066666666666666
ES1,1,8,10.1007/s10965-014-0571-8.,18,naive,6,18,0.6015056339195022,0.3333333333333333
ES1,1,8,10.1080/1539445x.2010.495630,12,anchor,83,90,0.9914627867443504,0.9222222222222223
ES1,1,8,10.1080/1539445x.2010.495630,12,aware,12,12,1.1410098872959875,1.0
ES1,1,8,10.1080/1539445x.2010.495630,12,aware_on_anchor_rows,90,90,1.1410098872959875,1.0
ES1,1,8,10.1080/1539445x.2010.495630,12,explore_offset_q_aware,87,90,1.1410098872959875,0.9666666666666667
ES1,1,8,10.1080/1539445x.2010.495630,12,naive,10,12,0.6015056339195022,0.8333333333333334
ES1,1,8,10.1515/epoly-2018-0037,4,aware,4,4,1.1410098872959875,1.0
ES1,1,8,10.1515/epoly-2018-0037,4,naive,3,4,0.6015056339195022,0.75
ES1,1,8,10.1515/epoly-2022-8106,15,anchor,120,120,0.9914627867443504,1.0
ES1,1,8,10.1515/epoly-2022-8106,15,aware,15,15,1.1410098872959875,1.0
ES1,1,8,10.1515/epoly-2022-8106,15,aware_on_anchor_rows,120,120,1.1410098872959875,1.0
ES1,1,8,10.1515/epoly-2022-8106,15,explore_offset_q_aware,120,120,1.1410098872959875,1.0
ES1,1,8,10.1515/epoly-2022-8106,15,naive,15,15,0.6015056339195022,1.0
ES1,1,9,10.1002/app.32569,20,anchor,170,170,0.9895972030886254,1.0
ES1,1,9,10.1002/app.32569,20,aware,20,20,1.2217651576772035,1.0
ES1,1,9,10.1002/app.32569,20,aware_on_anchor_rows,170,170,1.2217651576772035,1.0
ES1,1,9,10.1002/app.32569,20,explore_offset_q_aware,170,170,1.2217651576772035,1.0
ES1,1,9,10.1002/app.32569,20,naive,15,20,0.6355827978624067,0.75
ES1,1,9,10.1016/j.jafr.2019.100015,15,anchor,120,120,0.9895972030886254,1.0
ES1,1,9,10.1016/j.jafr.2019.100015,15,aware,15,15,1.2217651576772035,1.0
ES1,1,9,10.1016/j.jafr.2019.100015,15,aware_on_anchor_rows,120,120,1.2217651576772035,1.0
ES1,1,9,10.1016/j.jafr.2019.100015,15,explore_offset_q_aware,120,120,1.2217651576772035,1.0
ES1,1,9,10.1016/j.jafr.2019.100015,15,naive,11,15,0.6355827978624067,0.7333333333333333
ES1,1,9,10.1109/nano.2013.6720964,4,aware,4,4,1.2217651576772035,1.0
ES1,1,9,10.1109/nano.2013.6720964,4,naive,0,4,0.6355827978624067,0.0
ES1,1,9,10.3390/nano11102514,8,anchor,48,50,0.9895972030886254,0.96
ES1,1,9,10.3390/nano11102514,8,aware,8,8,1.2217651576772035,1.0
ES1,1,9,10.3390/nano11102514,8,aware_on_anchor_rows,50,50,1.2217651576772035,1.0
ES1,1,9,10.3390/nano11102514,8,explore_offset_q_aware,50,50,1.2217651576772035,1.0
ES1,1,9,10.3390/nano11102514,8,naive,3,8,0.6355827978624067,0.375
ES1,1,9,10.3390/polym15132813,10,anchor,70,70,0.9895972030886254,1.0
ES1,1,9,10.3390/polym15132813,10,aware,10,10,1.2217651576772035,1.0
ES1,1,9,10.3390/polym15132813,10,aware_on_anchor_rows,70,70,1.2217651576772035,1.0
ES1,1,9,10.3390/polym15132813,10,explore_offset_q_aware,70,70,1.2217651576772035,1.0
ES1,1,9,10.3390/polym15132813,10,naive,10,10,0.6355827978624067,1.0
ES1,1,9,https://www.sciencedirect.com/science/article/pii/s0927776511005522,18,anchor,150,150,0.9895972030886254,1.0
ES1,1,9,https://www.sciencedirect.com/science/article/pii/s0927776511005522,18,aware,18,18,1.2217651576772035,1.0
ES1,1,9,https://www.sciencedirect.com/science/article/pii/s0927776511005522,18,aware_on_anchor_rows,150,150,1.2217651576772035,1.0
ES1,1,9,https://www.sciencedirect.com/science/article/pii/s0927776511005522,18,explore_offset_q_aware,150,150,1.2217651576772035,1.0
ES1,1,9,https://www.sciencedirect.com/science/article/pii/s0927776511005522,18,naive,15,18,0.6355827978624067,0.8333333333333334
ES1,2,0,10.1007/s11814-009-0309-1,96,anchor,930,930,1.0435079328289152,1.0
ES1,2,0,10.1007/s11814-009-0309-1,96,aware,96,96,1.225714567354386,1.0
ES1,2,0,10.1007/s11814-009-0309-1,96,aware_on_anchor_rows,930,930,1.225714567354386,1.0
ES1,2,0,10.1007/s11814-009-0309-1,96,explore_offset_q_aware,930,930,1.225714567354386,1.0
ES1,2,0,10.1007/s11814-009-0309-1,96,naive,96,96,0.6243129098755462,1.0
ES1,2,1,10.1007/bf03218855,55,anchor,520,520,1.015296172692806,1.0
ES1,2,1,10.1007/bf03218855,55,aware,55,55,1.1791744281137833,1.0
ES1,2,1,10.1007/bf03218855,55,aware_on_anchor_rows,520,520,1.1791744281137833,1.0
ES1,2,1,10.1007/bf03218855,55,explore_offset_q_aware,520,520,1.1791744281137833,1.0
ES1,2,1,10.1007/bf03218855,55,naive,36,55,0.6388064776850086,0.6545454545454545
ES1,2,1,10.1016/j.polymer.2014.06.032,8,anchor,50,50,1.015296172692806,1.0
ES1,2,1,10.1016/j.polymer.2014.06.032,8,aware,8,8,1.1791744281137833,1.0
ES1,2,1,10.1016/j.polymer.2014.06.032,8,aware_on_anchor_rows,50,50,1.1791744281137833,1.0
ES1,2,1,10.1016/j.polymer.2014.06.032,8,explore_offset_q_aware,50,50,1.1791744281137833,1.0
ES1,2,1,10.1016/j.polymer.2014.06.032,8,naive,8,8,0.6388064776850086,1.0
ES1,2,1,10.1109/nano.2013.6720964,4,aware,4,4,1.1791744281137833,1.0
ES1,2,1,10.1109/nano.2013.6720964,4,naive,0,4,0.6388064776850086,0.0
ES1,2,1,10.3390/polym15030731,9,anchor,60,60,1.015296172692806,1.0
ES1,2,1,10.3390/polym15030731,9,aware,9,9,1.1791744281137833,1.0
ES1,2,1,10.3390/polym15030731,9,aware_on_anchor_rows,60,60,1.1791744281137833,1.0
ES1,2,1,10.3390/polym15030731,9,explore_offset_q_aware,60,60,1.1791744281137833,1.0
ES1,2,1,10.3390/polym15030731,9,naive,9,9,0.6388064776850086,1.0
ES1,2,2,10.1007/s40204-017-0071-0,13,anchor,100,100,0.9608057292087362,1.0
ES1,2,2,10.1007/s40204-017-0071-0,13,aware,13,13,1.140378898719388,1.0
ES1,2,2,10.1007/s40204-017-0071-0,13,aware_on_anchor_rows,100,100,1.140378898719388,1.0
ES1,2,2,10.1007/s40204-017-0071-0,13,explore_offset_q_aware,100,100,1.140378898719388,1.0
ES1,2,2,10.1007/s40204-017-0071-0,13,naive,13,13,0.649460362288055,1.0
ES1,2,2,10.1016/j.matlet.2015.08.003,5,aware,3,5,1.140378898719388,0.6
ES1,2,2,10.1016/j.matlet.2015.08.003,5,naive,1,5,0.649460362288055,0.2
ES1,2,2,10.1016/j.memsci.2013.01.023,46,anchor,391,430,0.9608057292087362,0.9093023255813953
ES1,2,2,10.1016/j.memsci.2013.01.023,46,aware,46,46,1.140378898719388,1.0
ES1,2,2,10.1016/j.memsci.2013.01.023,46,aware_on_anchor_rows,430,430,1.140378898719388,1.0
ES1,2,2,10.1016/j.memsci.2013.01.023,46,explore_offset_q_aware,418,430,1.140378898719388,0.9720930232558139
ES1,2,2,10.1016/j.memsci.2013.01.023,46,naive,35,46,0.649460362288055,0.7608695652173914
ES1,2,2,10.3139/217.3278,9,anchor,60,60,0.9608057292087362,1.0
ES1,2,2,10.3139/217.3278,9,aware,9,9,1.140378898719388,1.0
ES1,2,2,10.3139/217.3278,9,aware_on_anchor_rows,60,60,1.140378898719388,1.0
ES1,2,2,10.3139/217.3278,9,explore_offset_q_aware,60,60,1.140378898719388,1.0
ES1,2,2,10.3139/217.3278,9,naive,7,9,0.649460362288055,0.7777777777777778
ES1,2,2,10.3390/fib8100065,2,aware,2,2,1.140378898719388,1.0
ES1,2,2,10.3390/fib8100065,2,naive,1,2,0.649460362288055,0.5
ES1,2,2,ãâ https://doi.org/10.3390/ma8052718,1,aware,1,1,1.140378898719388,1.0
ES1,2,2,ãâ https://doi.org/10.3390/ma8052718,1,naive,1,1,0.649460362288055,1.0
ES1,2,3,10.1002/app.21762,3,aware,3,3,1.2041305005493177,1.0
ES1,2,3,10.1002/app.21762,3,naive,1,3,0.5287522799722089,0.3333333333333333
ES1,2,3,10.1002/app.42304,9,anchor,43,60,0.9031935689406672,0.7166666666666667
ES1,2,3,10.1002/app.42304,9,aware,6,9,1.2041305005493177,0.6666666666666666
ES1,2,3,10.1002/app.42304,9,aware_on_anchor_rows,40,60,1.2041305005493177,0.6666666666666666
ES1,2,3,10.1002/app.42304,9,explore_offset_q_aware,52,60,1.2041305005493177,0.8666666666666667
ES1,2,3,10.1002/app.42304,9,naive,4,9,0.5287522799722089,0.4444444444444444
ES1,2,3,10.1016/j.compositesb.2019.01.094,46,anchor,248,430,0.9031935689406672,0.5767441860465117
ES1,2,3,10.1016/j.compositesb.2019.01.094,46,aware,38,46,1.2041305005493177,0.8260869565217391
ES1,2,3,10.1016/j.compositesb.2019.01.094,46,aware_on_anchor_rows,355,430,1.2041305005493177,0.8255813953488372
ES1,2,3,10.1016/j.compositesb.2019.01.094,46,explore_offset_q_aware,307,430,1.2041305005493177,0.713953488372093
ES1,2,3,10.1016/j.compositesb.2019.01.094,46,naive,21,46,0.5287522799722089,0.45652173913043476
ES1,2,3,10.1016/j.memsci.2022.120850,5,aware,3,5,1.2041305005493177,0.6
ES1,2,3,10.1016/j.memsci.2022.120850,5,naive,2,5,0.5287522799722089,0.4
ES1,2,3,10.1080/1539445x.2010.495630,12,anchor,79,90,0.9031935689406672,0.8777777777777778
ES1,2,3,10.1080/1539445x.2010.495630,12,aware,11,12,1.2041305005493177,0.9166666666666666
ES1,2,3,10.1080/1539445x.2010.495630,12,aware_on_anchor_rows,82,90,1.2041305005493177,0.9111111111111111
ES1,2,3,10.1080/1539445x.2010.495630,12,explore_offset_q_aware,87,90,1.2041305005493177,0.9666666666666667
ES1,2,3,10.1080/1539445x.2010.495630,12,naive,8,12,0.5287522799722089,0.6666666666666666
ES1,2,3,10.3390/nano14131083,1,aware,1,1,1.2041305005493177,1.0
ES1,2,3,10.3390/nano14131083,1,naive,1,1,0.5287522799722089,1.0
ES1,2,4,10.1007/s00521-017-2996-6,13,anchor,100,100,0.8725910906388586,1.0
ES1,2,4,10.1007/s00521-017-2996-6,13,aware,13,13,1.0107497039736897,1.0
ES1,2,4,10.1007/s00521-017-2996-6,13,aware_on_anchor_rows,100,100,1.0107497039736897,1.0
ES1,2,4,10.1007/s00521-017-2996-6,13,explore_offset_q_aware,100,100,1.0107497039736897,1.0
ES1,2,4,10.1007/s00521-017-2996-6,13,naive,13,13,0.5632962973643565,1.0
ES1,2,4,10.1016/j.jmrt.2023.01.007,9,anchor,60,60,0.8725910906388586,1.0
ES1,2,4,10.1016/j.jmrt.2023.01.007,9,aware,9,9,1.0107497039736897,1.0
ES1,2,4,10.1016/j.jmrt.2023.01.007,9,aware_on_anchor_rows,60,60,1.0107497039736897,1.0
ES1,2,4,10.1016/j.jmrt.2023.01.007,9,explore_offset_q_aware,60,60,1.0107497039736897,1.0
ES1,2,4,10.1016/j.jmrt.2023.01.007,9,naive,9,9,0.5632962973643565,1.0
ES1,2,4,10.1016/j.polymertesting.2019.106218,3,aware,0,3,1.0107497039736897,0.0
ES1,2,4,10.1016/j.polymertesting.2019.106218,3,naive,0,3,0.5632962973643565,0.0
ES1,2,4,10.1063/1.4994968,1,aware,0,1,1.0107497039736897,0.0
ES1,2,4,10.1063/1.4994968,1,naive,0,1,0.5632962973643565,0.0
ES1,2,4,10.1177/00219983221144696,44,anchor,269,410,0.8725910906388586,0.6560975609756098
ES1,2,4,10.1177/00219983221144696,44,aware,25,44,1.0107497039736897,0.5681818181818182
ES1,2,4,10.1177/00219983221144696,44,aware_on_anchor_rows,232,410,1.0107497039736897,0.5658536585365853
ES1,2,4,10.1177/00219983221144696,44,explore_offset_q_aware,317,410,1.0107497039736897,0.7731707317073171
ES1,2,4,10.1177/00219983221144696,44,naive,17,44,0.5632962973643565,0.38636363636363635
ES1,2,4,10.3390/nano12060962,6,aware,6,6,1.0107497039736897,1.0
ES1,2,4,10.3390/nano12060962,6,naive,2,6,0.5632962973643565,0.3333333333333333
ES1,2,5,10.1002/app.25464,16,anchor,86,130,0.924697912157566,0.6615384615384615
ES1,2,5,10.1002/app.25464,16,aware,12,16,1.1201780922125386,0.75
ES1,2,5,10.1002/app.25464,16,aware_on_anchor_rows,101,130,1.1201780922125386,0.7769230769230769
ES1,2,5,10.1002/app.25464,16,explore_offset_q_aware,101,130,1.1201780922125386,0.7769230769230769
ES1,2,5,10.1002/app.25464,16,naive,8,16,0.590929447298187,0.5
ES1,2,5,10.1002/jbm.b.33337,1,aware,1,1,1.1201780922125386,1.0
ES1,2,5,10.1002/jbm.b.33337,1,naive,1,1,0.590929447298187,1.0
ES1,2,5,10.1007/s12221-015-5263-4,38,anchor,291,350,0.924697912157566,0.8314285714285714
ES1,2,5,10.1007/s12221-015-5263-4,38,aware,37,38,1.1201780922125386,0.9736842105263158
ES1,2,5,10.1007/s12221-015-5263-4,38,aware_on_anchor_rows,340,350,1.1201780922125386,0.9714285714285714
ES1,2,5,10.1007/s12221-015-5263-4,38,explore_offset_q_aware,320,350,1.1201780922125386,0.9142857142857143
ES1,2,5,10.1007/s12221-015-5263-4,38,naive,25,38,0.590929447298187,0.6578947368421053
ES1,2,5,10.1016/j.molliq.2023.122819,10,anchor,58,70,0.924697912157566,0.8285714285714286
ES1,2,5,10.1016/j.molliq.2023.122819,10,aware,10,10,1.1201780922125386,1.0
ES1,2,5,10.1016/j.molliq.2023.122819,10,aware_on_anchor_rows,70,70,1.1201780922125386,1.0
ES1,2,5,10.1016/j.molliq.2023.122819,10,explore_offset_q_aware,66,70,1.1201780922125386,0.9428571428571428
ES1,2,5,10.1016/j.molliq.2023.122819,10,naive,7,10,0.590929447298187,0.7
ES1,2,5,10.1515/epoly-2014-0110,7,aware,7,7,1.1201780922125386,1.0
ES1,2,5,10.1515/epoly-2014-0110,7,naive,3,7,0.590929447298187,0.42857142857142855
ES1,2,5,10.1515/epoly-2018-0037,4,aware,4,4,1.1201780922125386,1.0
ES1,2,5,10.1515/epoly-2018-0037,4,naive,2,4,0.590929447298187,0.5
ES1,2,6,10.1002/adv.21947,17,anchor,139,140,0.9746632244185536,0.9928571428571429
ES1,2,6,10.1002/adv.21947,17,aware,17,17,1.105234830516305,1.0
ES1,2,6,10.1002/adv.21947,17,aware_on_anchor_rows,140,140,1.105234830516305,1.0
ES1,2,6,10.1002/adv.21947,17,explore_offset_q_aware,140,140,1.105234830516305,1.0
ES1,2,6,10.1002/adv.21947,17,naive,17,17,0.6349534608708485,1.0
ES1,2,6,10.1016/j.memsci.2018.06.050,6,aware,6,6,1.105234830516305,1.0
ES1,2,6,10.1016/j.memsci.2018.06.050,6,naive,0,6,0.6349534608708485,0.0
ES1,2,6,10.1016/j.polymer.2008.09.025,27,anchor,207,240,0.9746632244185536,0.8625
ES1,2,6,10.1016/j.polymer.2008.09.025,27,aware,18,27,1.105234830516305,0.6666666666666666
ES1,2,6,10.1016/j.polymer.2008.09.025,27,aware_on_anchor_rows,164,240,1.105234830516305,0.6833333333333333
ES1,2,6,10.1016/j.polymer.2008.09.025,27,explore_offset_q_aware,215,240,1.105234830516305,0.8958333333333334
ES1,2,6,10.1016/j.polymer.2008.09.025,27,naive,9,27,0.6349534608708485,0.3333333333333333
ES1,2,6,10.1016/j.polymer.2020.123366,13,anchor,100,100,0.9746632244185536,1.0
ES1,2,6,10.1016/j.polymer.2020.123366,13,aware,13,13,1.105234830516305,1.0
ES1,2,6,10.1016/j.polymer.2020.123366,13,aware_on_anchor_rows,100,100,1.105234830516305,1.0
ES1,2,6,10.1016/j.polymer.2020.123366,13,explore_offset_q_aware,100,100,1.105234830516305,1.0
ES1,2,6,10.1016/j.polymer.2020.123366,13,naive,13,13,0.6349534608708485,1.0
ES1,2,6,10.1021/acsami.0c02578.,2,aware,2,2,1.105234830516305,1.0
ES1,2,6,10.1021/acsami.0c02578.,2,naive,2,2,0.6349534608708485,1.0
ES1,2,6,10.3390/polym14030593,2,aware,2,2,1.105234830516305,1.0
ES1,2,6,10.3390/polym14030593,2,naive,2,2,0.6349534608708485,1.0
ES1,2,6,https://www.researchgate.net/profile/dhananjay-pise/publication/277816900_study_of_process_parameters_affecting_the_diameter_and_morphology_of_electrospun_polyvinylidene_fluoride_pvdf_nanofibers/links/55751b5c08aeacff1ffcc4a8/study-of-process-parameters-affecting-the-diameter-and-morphology-of-electrospun-polyvinylidene-fluoride-pvdf-nanofibers.pdf,9,anchor,60,60,0.9746632244185536,1.0
ES1,2,6,https://www.researchgate.net/profile/dhananjay-pise/publication/277816900_study_of_process_parameters_affecting_the_diameter_and_morphology_of_electrospun_polyvinylidene_fluoride_pvdf_nanofibers/links/55751b5c08aeacff1ffcc4a8/study-of-process-parameters-affecting-the-diameter-and-morphology-of-electrospun-polyvinylidene-fluoride-pvdf-nanofibers.pdf,9,aware,9,9,1.105234830516305,1.0
ES1,2,6,https://www.researchgate.net/profile/dhananjay-pise/publication/277816900_study_of_process_parameters_affecting_the_diameter_and_morphology_of_electrospun_polyvinylidene_fluoride_pvdf_nanofibers/links/55751b5c08aeacff1ffcc4a8/study-of-process-parameters-affecting-the-diameter-and-morphology-of-electrospun-polyvinylidene-fluoride-pvdf-nanofibers.pdf,9,aware_on_anchor_rows,60,60,1.105234830516305,1.0
ES1,2,6,https://www.researchgate.net/profile/dhananjay-pise/publication/277816900_study_of_process_parameters_affecting_the_diameter_and_morphology_of_electrospun_polyvinylidene_fluoride_pvdf_nanofibers/links/55751b5c08aeacff1ffcc4a8/study-of-process-parameters-affecting-the-diameter-and-morphology-of-electrospun-polyvinylidene-fluoride-pvdf-nanofibers.pdf,9,explore_offset_q_aware,60,60,1.105234830516305,1.0
ES1,2,6,https://www.researchgate.net/profile/dhananjay-pise/publication/277816900_study_of_process_parameters_affecting_the_diameter_and_morphology_of_electrospun_polyvinylidene_fluoride_pvdf_nanofibers/links/55751b5c08aeacff1ffcc4a8/study-of-process-parameters-affecting-the-diameter-and-morphology-of-electrospun-polyvinylidene-fluoride-pvdf-nanofibers.pdf,9,naive,7,9,0.6349534608708485,0.7777777777777778
ES1,2,7,10.1002/app.36726,17,anchor,140,140,0.982050290502419,1.0
ES1,2,7,10.1002/app.36726,17,aware,17,17,1.09413709757413,1.0
ES1,2,7,10.1002/app.36726,17,aware_on_anchor_rows,140,140,1.09413709757413,1.0
ES1,2,7,10.1002/app.36726,17,explore_offset_q_aware,140,140,1.09413709757413,1.0
ES1,2,7,10.1002/app.36726,17,naive,17,17,0.6497204390502924,1.0
ES1,2,7,10.1002/polb.21380,12,anchor,90,90,0.982050290502419,1.0
ES1,2,7,10.1002/polb.21380,12,aware,12,12,1.09413709757413,1.0
ES1,2,7,10.1002/polb.21380,12,aware_on_anchor_rows,90,90,1.09413709757413,1.0
ES1,2,7,10.1002/polb.21380,12,explore_offset_q_aware,90,90,1.09413709757413,1.0
ES1,2,7,10.1002/polb.21380,12,naive,12,12,0.6497204390502924,1.0
ES1,2,7,10.1016/j.mtsust.2022.100275,13,anchor,100,100,0.982050290502419,1.0
ES1,2,7,10.1016/j.mtsust.2022.100275,13,aware,13,13,1.09413709757413,1.0
ES1,2,7,10.1016/j.mtsust.2022.100275,13,aware_on_anchor_rows,100,100,1.09413709757413,1.0
ES1,2,7,10.1016/j.mtsust.2022.100275,13,explore_offset_q_aware,100,100,1.09413709757413,1.0
ES1,2,7,10.1016/j.mtsust.2022.100275,13,naive,13,13,0.6497204390502924,1.0
ES1,2,7,10.1088/1748-6041/8/4/045007,5,aware,5,5,1.09413709757413,1.0
ES1,2,7,10.1088/1748-6041/8/4/045007,5,naive,5,5,0.6497204390502924,1.0
ES1,2,7,10.30684/etj.35.4a.5,6,aware,5,6,1.09413709757413,0.8333333333333334
ES1,2,7,10.30684/etj.35.4a.5,6,naive,4,6,0.6497204390502924,0.6666666666666666
ES1,2,7,10.3390/nano10061221,22,anchor,190,190,0.982050290502419,1.0
ES1,2,7,10.3390/nano10061221,22,aware,11,22,1.09413709757413,0.5
ES1,2,7,10.3390/nano10061221,22,aware_on_anchor_rows,95,190,1.09413709757413,0.5
ES1,2,7,10.3390/nano10061221,22,explore_offset_q_aware,190,190,1.09413709757413,1.0
ES1,2,7,10.3390/nano10061221,22,naive,3,22,0.6497204390502924,0.13636363636363635
ES1,2,8,10.1002/app.32569,20,anchor,170,170,0.9502515190536128,1.0
ES1,2,8,10.1002/app.32569,20,aware,20,20,1.2140486429845394,1.0
ES1,2,8,10.1002/app.32569,20,aware_on_anchor_rows,170,170,1.2140486429845394,1.0
ES1,2,8,10.1002/app.32569,20,explore_offset_q_aware,170,170,1.2140486429845394,1.0
ES1,2,8,10.1002/app.32569,20,naive,14,20,0.5911682826074571,0.7
ES1,2,8,10.1002/app.52131,6,aware,6,6,1.2140486429845394,1.0
ES1,2,8,10.1002/app.52131,6,naive,0,6,0.5911682826074571,0.0
ES1,2,8,10.1007/s10965-014-0571-8.,18,anchor,108,150,0.9502515190536128,0.72
ES1,2,8,10.1007/s10965-014-0571-8.,18,aware,16,18,1.2140486429845394,0.8888888888888888
ES1,2,8,10.1007/s10965-014-0571-8.,18,aware_on_anchor_rows,131,150,1.2140486429845394,0.8733333333333333
ES1,2,8,10.1007/s10965-014-0571-8.,18,explore_offset_q_aware,126,150,1.2140486429845394,0.84
ES1,2,8,10.1007/s10965-014-0571-8.,18,naive,6,18,0.5911682826074571,0.3333333333333333
ES1,2,8,10.1016/j.eurpolymj.2004.10.027,12,anchor,90,90,0.9502515190536128,1.0
ES1,2,8,10.1016/j.eurpolymj.2004.10.027,12,aware,12,12,1.2140486429845394,1.0
ES1,2,8,10.1016/j.eurpolymj.2004.10.027,12,aware_on_anchor_rows,90,90,1.2140486429845394,1.0
ES1,2,8,10.1016/j.eurpolymj.2004.10.027,12,explore_offset_q_aware,90,90,1.2140486429845394,1.0
ES1,2,8,10.1016/j.eurpolymj.2004.10.027,12,naive,11,12,0.5911682826074571,0.9166666666666666
ES1,2,8,10.1016/j.jafr.2019.100015,15,anchor,120,120,0.9502515190536128,1.0
ES1,2,8,10.1016/j.jafr.2019.100015,15,aware,15,15,1.2140486429845394,1.0
ES1,2,8,10.1016/j.jafr.2019.100015,15,aware_on_anchor_rows,120,120,1.2140486429845394,1.0
ES1,2,8,10.1016/j.jafr.2019.100015,15,explore_offset_q_aware,120,120,1.2140486429845394,1.0
ES1,2,8,10.1016/j.jafr.2019.100015,15,naive,8,15,0.5911682826074571,0.5333333333333333
ES1,2,8,10.1016/j.materresbull.2022.112052,4,aware,0,4,1.2140486429845394,0.0
ES1,2,8,10.1016/j.materresbull.2022.112052,4,naive,0,4,0.5911682826074571,0.0
ES1,2,9,10.1002/marc.200700544,4,aware,3,4,1.2672704664311245,0.75
ES1,2,9,10.1002/marc.200700544,4,naive,3,4,0.6056162926786666,0.75
ES1,2,9,10.1007/s00521-014-1554-8,20,anchor,161,170,1.01152283616699,0.9470588235294117
ES1,2,9,10.1007/s00521-014-1554-8,20,aware,20,20,1.2672704664311245,1.0
ES1,2,9,10.1007/s00521-014-1554-8,20,aware_on_anchor_rows,170,170,1.2672704664311245,1.0
ES1,2,9,10.1007/s00521-014-1554-8,20,explore_offset_q_aware,165,170,1.2672704664311245,0.9705882352941176
ES1,2,9,10.1007/s00521-014-1554-8,20,naive,15,20,0.6056162926786666,0.75
ES1,2,9,10.1515/epoly-2022-8106,15,anchor,120,120,1.01152283616699,1.0
ES1,2,9,10.1515/epoly-2022-8106,15,aware,15,15,1.2672704664311245,1.0
ES1,2,9,10.1515/epoly-2022-8106,15,aware_on_anchor_rows,120,120,1.2672704664311245,1.0
ES1,2,9,10.1515/epoly-2022-8106,15,explore_offset_q_aware,120,120,1.2672704664311245,1.0
ES1,2,9,10.1515/epoly-2022-8106,15,naive,15,15,0.6056162926786666,1.0
ES1,2,9,10.3390/nano11102514,8,anchor,49,50,1.01152283616699,0.98
ES1,2,9,10.3390/nano11102514,8,aware,8,8,1.2672704664311245,1.0
ES1,2,9,10.3390/nano11102514,8,aware_on_anchor_rows,50,50,1.2672704664311245,1.0
ES1,2,9,10.3390/nano11102514,8,explore_offset_q_aware,50,50,1.2672704664311245,1.0
ES1,2,9,10.3390/nano11102514,8,naive,3,8,0.6056162926786666,0.375
ES1,2,9,10.3390/polym15132813,10,anchor,70,70,1.01152283616699,1.0
ES1,2,9,10.3390/polym15132813,10,aware,10,10,1.2672704664311245,1.0
ES1,2,9,10.3390/polym15132813,10,aware_on_anchor_rows,70,70,1.2672704664311245,1.0
ES1,2,9,10.3390/polym15132813,10,explore_offset_q_aware,70,70,1.2672704664311245,1.0
ES1,2,9,10.3390/polym15132813,10,naive,10,10,0.6056162926786666,1.0
ES1,2,9,https://www.sciencedirect.com/science/article/pii/s0927776511005522,18,anchor,150,150,1.01152283616699,1.0
ES1,2,9,https://www.sciencedirect.com/science/article/pii/s0927776511005522,18,aware,18,18,1.2672704664311245,1.0
ES1,2,9,https://www.sciencedirect.com/science/article/pii/s0927776511005522,18,aware_on_anchor_rows,150,150,1.2672704664311245,1.0
ES1,2,9,https://www.sciencedirect.com/science/article/pii/s0927776511005522,18,explore_offset_q_aware,150,150,1.2672704664311245,1.0
ES1,2,9,https://www.sciencedirect.com/science/article/pii/s0927776511005522,18,naive,13,18,0.6056162926786666,0.7222222222222222
ES1,3,0,10.1007/s11814-009-0309-1,96,anchor,930,930,1.0606820548948304,1.0
ES1,3,0,10.1007/s11814-009-0309-1,96,aware,96,96,1.177961132467427,1.0
ES1,3,0,10.1007/s11814-009-0309-1,96,aware_on_anchor_rows,930,930,1.177961132467427,1.0
ES1,3,0,10.1007/s11814-009-0309-1,96,explore_offset_q_aware,930,930,1.177961132467427,1.0
ES1,3,0,10.1007/s11814-009-0309-1,96,naive,96,96,0.6799368361156821,1.0
ES1,3,1,10.1007/bf03218855,55,anchor,520,520,0.9572042974689772,1.0
ES1,3,1,10.1007/bf03218855,55,aware,55,55,1.1776400769412514,1.0
ES1,3,1,10.1007/bf03218855,55,aware_on_anchor_rows,520,520,1.1776400769412514,1.0
ES1,3,1,10.1007/bf03218855,55,explore_offset_q_aware,520,520,1.1776400769412514,1.0
ES1,3,1,10.1007/bf03218855,55,naive,43,55,0.6188545200712561,0.7818181818181819
ES1,3,1,10.1515/epoly-2018-0037,4,aware,4,4,1.1776400769412514,1.0
ES1,3,1,10.1515/epoly-2018-0037,4,naive,2,4,0.6188545200712561,0.5
ES1,3,1,10.3390/nano11102514,8,anchor,49,50,0.9572042974689772,0.98
ES1,3,1,10.3390/nano11102514,8,aware,8,8,1.1776400769412514,1.0
ES1,3,1,10.3390/nano11102514,8,aware_on_anchor_rows,50,50,1.1776400769412514,1.0
ES1,3,1,10.3390/nano11102514,8,explore_offset_q_aware,50,50,1.1776400769412514,1.0
ES1,3,1,10.3390/nano11102514,8,naive,4,8,0.6188545200712561,0.5
ES1,3,1,10.3390/polym15030731,9,anchor,60,60,0.9572042974689772,1.0
ES1,3,1,10.3390/polym15030731,9,aware,9,9,1.1776400769412514,1.0
ES1,3,1,10.3390/polym15030731,9,aware_on_anchor_rows,60,60,1.1776400769412514,1.0
ES1,3,1,10.3390/polym15030731,9,explore_offset_q_aware,60,60,1.1776400769412514,1.0
ES1,3,1,10.3390/polym15030731,9,naive,9,9,0.6188545200712561,1.0
ES1,3,2,10.1016/j.compositesb.2019.01.094,46,anchor,232,430,0.8738100107088504,0.5395348837209303
ES1,3,2,10.1016/j.compositesb.2019.01.094,46,aware,36,46,1.1991894455968293,0.782608695652174
ES1,3,2,10.1016/j.compositesb.2019.01.094,46,aware_on_anchor_rows,334,430,1.1991894455968293,0.7767441860465116
ES1,3,2,10.1016/j.compositesb.2019.01.094,46,explore_offset_q_aware,296,430,1.1991894455968293,0.6883720930232559
ES1,3,2,10.1016/j.compositesb.2019.01.094,46,naive,20,46,0.555275498624658,0.43478260869565216
ES1,3,2,10.1016/j.matlet.2015.08.003,5,aware,3,5,1.1991894455968293,0.6
ES1,3,2,10.1016/j.matlet.2015.08.003,5,naive,1,5,0.555275498624658,0.2
ES1,3,2,10.1016/j.polymer.2020.123366,13,anchor,100,100,0.8738100107088504,1.0
ES1,3,2,10.1016/j.polymer.2020.123366,13,aware,13,13,1.1991894455968293,1.0
ES1,3,2,10.1016/j.polymer.2020.123366,13,aware_on_anchor_rows,100,100,1.1991894455968293,1.0
ES1,3,2,10.1016/j.polymer.2020.123366,13,explore_offset_q_aware,100,100,1.1991894455968293,1.0
ES1,3,2,10.1016/j.polymer.2020.123366,13,naive,0,13,0.555275498624658,0.0
ES1,3,2,10.3139/217.3278,9,anchor,60,60,0.8738100107088504,1.0
ES1,3,2,10.3139/217.3278,9,aware,9,9,1.1991894455968293,1.0
ES1,3,2,10.3139/217.3278,9,aware_on_anchor_rows,60,60,1.1991894455968293,1.0
ES1,3,2,10.3139/217.3278,9,explore_offset_q_aware,60,60,1.1991894455968293,1.0
ES1,3,2,10.3139/217.3278,9,naive,3,9,0.555275498624658,0.3333333333333333
ES1,3,2,10.3390/nano14131083,1,aware,1,1,1.1991894455968293,1.0
ES1,3,2,10.3390/nano14131083,1,naive,0,1,0.555275498624658,0.0
ES1,3,2,10.3390/polym14030593,2,aware,2,2,1.1991894455968293,1.0
ES1,3,2,10.3390/polym14030593,2,naive,2,2,0.555275498624658,1.0
ES1,3,3,10.1002/app.42304,9,anchor,52,60,0.92594558587172,0.8666666666666667
ES1,3,3,10.1002/app.42304,9,aware,6,9,1.043724953558529,0.6666666666666666
ES1,3,3,10.1002/app.42304,9,aware_on_anchor_rows,36,60,1.043724953558529,0.6
ES1,3,3,10.1002/app.42304,9,explore_offset_q_aware,57,60,1.043724953558529,0.95
ES1,3,3,10.1002/app.42304,9,naive,4,9,0.5910330274763522,0.4444444444444444
ES1,3,3,10.1002/polb.21380,12,anchor,90,90,0.92594558587172,1.0
ES1,3,3,10.1002/polb.21380,12,aware,12,12,1.043724953558529,1.0
ES1,3,3,10.1002/polb.21380,12,aware_on_anchor_rows,90,90,1.043724953558529,1.0
ES1,3,3,10.1002/polb.21380,12,explore_offset_q_aware,90,90,1.043724953558529,1.0
ES1,3,3,10.1002/polb.21380,12,naive,12,12,0.5910330274763522,1.0
ES1,3,3,10.1016/j.memsci.2013.01.023,46,anchor,364,430,0.92594558587172,0.8465116279069768
ES1,3,3,10.1016/j.memsci.2013.01.023,46,aware,38,46,1.043724953558529,0.8260869565217391
ES1,3,3,10.1016/j.memsci.2013.01.023,46,aware_on_anchor_rows,358,430,1.043724953558529,0.8325581395348837
ES1,3,3,10.1016/j.memsci.2013.01.023,46,explore_offset_q_aware,373,430,1.043724953558529,0.8674418604651163
ES1,3,3,10.1016/j.memsci.2013.01.023,46,naive,29,46,0.5910330274763522,0.6304347826086957
ES1,3,3,10.1016/j.memsci.2022.120850,5,aware,3,5,1.043724953558529,0.6
ES1,3,3,10.1016/j.memsci.2022.120850,5,naive,2,5,0.5910330274763522,0.4
ES1,3,3,10.1016/j.polymertesting.2019.106218,3,aware,0,3,1.043724953558529,0.0
ES1,3,3,10.1016/j.polymertesting.2019.106218,3,naive,0,3,0.5910330274763522,0.0
ES1,3,3,ãâ https://doi.org/10.3390/ma8052718,1,aware,1,1,1.043724953558529,1.0
ES1,3,3,ãâ https://doi.org/10.3390/ma8052718,1,naive,1,1,0.5910330274763522,1.0
ES1,3,4,10.1002/app.21762,3,aware,3,3,1.0877491966380513,1.0
ES1,3,4,10.1002/app.21762,3,naive,1,3,0.5532914559967796,0.3333333333333333
ES1,3,4,10.1007/s00521-017-2996-6,13,anchor,100,100,0.8631864397498656,1.0
ES1,3,4,10.1007/s00521-017-2996-6,13,aware,13,13,1.0877491966380513,1.0
ES1,3,4,10.1007/s00521-017-2996-6,13,aware_on_anchor_rows,100,100,1.0877491966380513,1.0
ES1,3,4,10.1007/s00521-017-2996-6,13,explore_offset_q_aware,100,100,1.0877491966380513,1.0
ES1,3,4,10.1007/s00521-017-2996-6,13,naive,13,13,0.5532914559967796,1.0
ES1,3,4,10.1063/1.4994968,1,aware,1,1,1.0877491966380513,1.0
ES1,3,4,10.1063/1.4994968,1,naive,0,1,0.5532914559967796,0.0
ES1,3,4,10.1177/00219983221144696,44,anchor,246,410,0.8631864397498656,0.6
ES1,3,4,10.1177/00219983221144696,44,aware,25,44,1.0877491966380513,0.5681818181818182
ES1,3,4,10.1177/00219983221144696,44,aware_on_anchor_rows,235,410,1.0877491966380513,0.573170731707317
ES1,3,4,10.1177/00219983221144696,44,explore_offset_q_aware,294,410,1.0877491966380513,0.7170731707317073
ES1,3,4,10.1177/00219983221144696,44,naive,17,44,0.5532914559967796,0.38636363636363635
ES1,3,4,10.30684/etj.35.4a.5,6,aware,6,6,1.0877491966380513,1.0
ES1,3,4,10.30684/etj.35.4a.5,6,naive,4,6,0.5532914559967796,0.6666666666666666
ES1,3,4,https://www.researchgate.net/profile/dhananjay-pise/publication/277816900_study_of_process_parameters_affecting_the_diameter_and_morphology_of_electrospun_polyvinylidene_fluoride_pvdf_nanofibers/links/55751b5c08aeacff1ffcc4a8/study-of-process-parameters-affecting-the-diameter-and-morphology-of-electrospun-polyvinylidene-fluoride-pvdf-nanofibers.pdf,9,anchor,60,60,0.8631864397498656,1.0
ES1,3,4,https://www.researchgate.net/profile/dhananjay-pise/publication/277816900_study_of_process_parameters_affecting_the_diameter_and_morphology_of_electrospun_polyvinylidene_fluoride_pvdf_nanofibers/links/55751b5c08aeacff1ffcc4a8/study-of-process-parameters-affecting-the-diameter-and-morphology-of-electrospun-polyvinylidene-fluoride-pvdf-nanofibers.pdf,9,aware,9,9,1.0877491966380513,1.0
ES1,3,4,https://www.researchgate.net/profile/dhananjay-pise/publication/277816900_study_of_process_parameters_affecting_the_diameter_and_morphology_of_electrospun_polyvinylidene_fluoride_pvdf_nanofibers/links/55751b5c08aeacff1ffcc4a8/study-of-process-parameters-affecting-the-diameter-and-morphology-of-electrospun-polyvinylidene-fluoride-pvdf-nanofibers.pdf,9,aware_on_anchor_rows,60,60,1.0877491966380513,1.0
ES1,3,4,https://www.researchgate.net/profile/dhananjay-pise/publication/277816900_study_of_process_parameters_affecting_the_diameter_and_morphology_of_electrospun_polyvinylidene_fluoride_pvdf_nanofibers/links/55751b5c08aeacff1ffcc4a8/study-of-process-parameters-affecting-the-diameter-and-morphology-of-electrospun-polyvinylidene-fluoride-pvdf-nanofibers.pdf,9,explore_offset_q_aware,60,60,1.0877491966380513,1.0
ES1,3,4,https://www.researchgate.net/profile/dhananjay-pise/publication/277816900_study_of_process_parameters_affecting_the_diameter_and_morphology_of_electrospun_polyvinylidene_fluoride_pvdf_nanofibers/links/55751b5c08aeacff1ffcc4a8/study-of-process-parameters-affecting-the-diameter-and-morphology-of-electrospun-polyvinylidene-fluoride-pvdf-nanofibers.pdf,9,naive,6,9,0.5532914559967796,0.6666666666666666
ES1,3,5,10.1002/app.25464,16,anchor,71,130,0.8940415179756936,0.5461538461538461
ES1,3,5,10.1002/app.25464,16,aware,13,16,1.1840872464544834,0.8125
ES1,3,5,10.1002/app.25464,16,aware_on_anchor_rows,107,130,1.1840872464544834,0.823076923076923
ES1,3,5,10.1002/app.25464,16,explore_offset_q_aware,96,130,1.1840872464544834,0.7384615384615385
ES1,3,5,10.1002/app.25464,16,naive,7,16,0.5684794933200403,0.4375
ES1,3,5,10.1002/jbm.b.33337,1,aware,1,1,1.1840872464544834,1.0
ES1,3,5,10.1002/jbm.b.33337,1,naive,1,1,0.5684794933200403,1.0
ES1,3,5,10.1002/marc.200700544,4,aware,3,4,1.1840872464544834,0.75
ES1,3,5,10.1002/marc.200700544,4,naive,2,4,0.5684794933200403,0.5
ES1,3,5,10.1007/s12221-015-5263-4,38,anchor,272,350,0.8940415179756936,0.7771428571428571
ES1,3,5,10.1007/s12221-015-5263-4,38,aware,37,38,1.1840872464544834,0.9736842105263158
ES1,3,5,10.1007/s12221-015-5263-4,38,aware_on_anchor_rows,341,350,1.1840872464544834,0.9742857142857143
ES1,3,5,10.1007/s12221-015-5263-4,38,explore_offset_q_aware,320,350,1.1840872464544834,0.9142857142857143
ES1,3,5,10.1007/s12221-015-5263-4,38,naive,23,38,0.5684794933200403,0.6052631578947368
ES1,3,5,10.1515/epoly-2014-0110,7,aware,7,7,1.1840872464544834,1.0
ES1,3,5,10.1515/epoly-2014-0110,7,naive,2,7,0.5684794933200403,0.2857142857142857
ES1,3,5,10.3390/polym15132813,10,anchor,70,70,0.8940415179756936,1.0
ES1,3,5,10.3390/polym15132813,10,aware,10,10,1.1840872464544834,1.0
ES1,3,5,10.3390/polym15132813,10,aware_on_anchor_rows,70,70,1.1840872464544834,1.0
ES1,3,5,10.3390/polym15132813,10,explore_offset_q_aware,70,70,1.1840872464544834,1.0
ES1,3,5,10.3390/polym15132813,10,naive,10,10,0.5684794933200403,1.0
ES1,3,6,10.1002/adv.21947,17,anchor,139,140,1.0029055697564693,0.9928571428571429
ES1,3,6,10.1002/adv.21947,17,aware,17,17,1.1059780651941131,1.0
ES1,3,6,10.1002/adv.21947,17,aware_on_anchor_rows,140,140,1.1059780651941131,1.0
ES1,3,6,10.1002/adv.21947,17,explore_offset_q_aware,140,140,1.1059780651941131,1.0
ES1,3,6,10.1002/adv.21947,17,naive,14,17,0.6551478557323858,0.8235294117647058
ES1,3,6,10.1002/app.52131,6,aware,5,6,1.1059780651941131,0.8333333333333334
ES1,3,6,10.1002/app.52131,6,naive,0,6,0.6551478557323858,0.0
ES1,3,6,10.1016/j.jmrt.2023.01.007,9,anchor,60,60,1.0029055697564693,1.0
ES1,3,6,10.1016/j.jmrt.2023.01.007,9,aware,9,9,1.1059780651941131,1.0
ES1,3,6,10.1016/j.jmrt.2023.01.007,9,aware_on_anchor_rows,60,60,1.1059780651941131,1.0
ES1,3,6,10.1016/j.jmrt.2023.01.007,9,explore_offset_q_aware,60,60,1.1059780651941131,1.0
ES1,3,6,10.1016/j.jmrt.2023.01.007,9,naive,9,9,0.6551478557323858,1.0
ES1,3,6,10.1016/j.mtsust.2022.100275,13,anchor,100,100,1.0029055697564693,1.0
ES1,3,6,10.1016/j.mtsust.2022.100275,13,aware,13,13,1.1059780651941131,1.0
ES1,3,6,10.1016/j.mtsust.2022.100275,13,aware_on_anchor_rows,100,100,1.1059780651941131,1.0
ES1,3,6,10.1016/j.mtsust.2022.100275,13,explore_offset_q_aware,100,100,1.1059780651941131,1.0
ES1,3,6,10.1016/j.mtsust.2022.100275,13,naive,13,13,0.6551478557323858,1.0
ES1,3,6,10.1016/j.polymer.2008.09.025,27,anchor,214,240,1.0029055697564693,0.8916666666666667
ES1,3,6,10.1016/j.polymer.2008.09.025,27,aware,13,27,1.1059780651941131,0.48148148148148145
ES1,3,6,10.1016/j.polymer.2008.09.025,27,aware_on_anchor_rows,113,240,1.1059780651941131,0.4708333333333333
ES1,3,6,10.1016/j.polymer.2008.09.025,27,explore_offset_q_aware,223,240,1.1059780651941131,0.9291666666666667
ES1,3,6,10.1016/j.polymer.2008.09.025,27,naive,9,27,0.6551478557323858,0.3333333333333333
ES1,3,6,10.1021/acsami.0c02578.,2,aware,2,2,1.1059780651941131,1.0
ES1,3,6,10.1021/acsami.0c02578.,2,naive,2,2,0.6551478557323858,1.0
ES1,3,6,10.3390/fib8100065,2,aware,2,2,1.1059780651941131,1.0
ES1,3,6,10.3390/fib8100065,2,naive,1,2,0.6551478557323858,0.5
ES1,3,7,10.1002/app.36726,17,anchor,140,140,0.9572042974689772,1.0
ES1,3,7,10.1002/app.36726,17,aware,17,17,1.088895830182362,1.0
ES1,3,7,10.1002/app.36726,17,aware_on_anchor_rows,140,140,1.088895830182362,1.0
ES1,3,7,10.1002/app.36726,17,explore_offset_q_aware,140,140,1.088895830182362,1.0
ES1,3,7,10.1002/app.36726,17,naive,17,17,0.6317521237646249,1.0
ES1,3,7,10.1007/s40204-017-0071-0,13,anchor,100,100,0.9572042974689772,1.0
ES1,3,7,10.1007/s40204-017-0071-0,13,aware,13,13,1.088895830182362,1.0
ES1,3,7,10.1007/s40204-017-0071-0,13,aware_on_anchor_rows,100,100,1.088895830182362,1.0
ES1,3,7,10.1007/s40204-017-0071-0,13,explore_offset_q_aware,100,100,1.088895830182362,1.0
ES1,3,7,10.1007/s40204-017-0071-0,13,naive,12,13,0.6317521237646249,0.9230769230769231
ES1,3,7,10.1016/j.eurpolymj.2004.10.027,12,anchor,90,90,0.9572042974689772,1.0
ES1,3,7,10.1016/j.eurpolymj.2004.10.027,12,aware,12,12,1.088895830182362,1.0
ES1,3,7,10.1016/j.eurpolymj.2004.10.027,12,aware_on_anchor_rows,90,90,1.088895830182362,1.0
ES1,3,7,10.1016/j.eurpolymj.2004.10.027,12,explore_offset_q_aware,90,90,1.088895830182362,1.0
ES1,3,7,10.1016/j.eurpolymj.2004.10.027,12,naive,11,12,0.6317521237646249,0.9166666666666666
ES1,3,7,10.1016/j.memsci.2018.06.050,6,aware,6,6,1.088895830182362,1.0
ES1,3,7,10.1016/j.memsci.2018.06.050,6,naive,1,6,0.6317521237646249,0.16666666666666666
ES1,3,7,10.1088/1748-6041/8/4/045007,5,aware,5,5,1.088895830182362,1.0
ES1,3,7,10.1088/1748-6041/8/4/045007,5,naive,5,5,0.6317521237646249,1.0
ES1,3,7,10.3390/nano10061221,22,anchor,190,190,0.9572042974689772,1.0
ES1,3,7,10.3390/nano10061221,22,aware,11,22,1.088895830182362,0.5
ES1,3,7,10.3390/nano10061221,22,aware_on_anchor_rows,94,190,1.088895830182362,0.49473684210526314
ES1,3,7,10.3390/nano10061221,22,explore_offset_q_aware,190,190,1.088895830182362,1.0
ES1,3,7,10.3390/nano10061221,22,naive,3,22,0.6317521237646249,0.13636363636363635
ES1,3,8,10.1002/app.32569,20,anchor,170,170,0.9676744565144864,1.0
ES1,3,8,10.1002/app.32569,20,aware,20,20,1.1853858738971974,1.0
ES1,3,8,10.1002/app.32569,20,aware_on_anchor_rows,170,170,1.1853858738971974,1.0
ES1,3,8,10.1002/app.32569,20,explore_offset_q_aware,170,170,1.1853858738971974,1.0
ES1,3,8,10.1002/app.32569,20,naive,14,20,0.6409700582364497,0.7
ES1,3,8,10.1080/1539445x.2010.495630,12,anchor,81,90,0.9676744565144864,0.9
ES1,3,8,10.1080/1539445x.2010.495630,12,aware,11,12,1.1853858738971974,0.9166666666666666
ES1,3,8,10.1080/1539445x.2010.495630,12,aware_on_anchor_rows,86,90,1.1853858738971974,0.9555555555555556
ES1,3,8,10.1080/1539445x.2010.495630,12,explore_offset_q_aware,87,90,1.1853858738971974,0.9666666666666667
ES1,3,8,10.1080/1539445x.2010.495630,12,naive,10,12,0.6409700582364497,0.8333333333333334
ES1,3,8,10.1109/nano.2013.6720964,4,aware,4,4,1.1853858738971974,1.0
ES1,3,8,10.1109/nano.2013.6720964,4,naive,0,4,0.6409700582364497,0.0
ES1,3,8,10.1515/epoly-2022-8106,15,anchor,120,120,0.9676744565144864,1.0
ES1,3,8,10.1515/epoly-2022-8106,15,aware,15,15,1.1853858738971974,1.0
ES1,3,8,10.1515/epoly-2022-8106,15,aware_on_anchor_rows,120,120,1.1853858738971974,1.0
ES1,3,8,10.1515/epoly-2022-8106,15,explore_offset_q_aware,120,120,1.1853858738971974,1.0
ES1,3,8,10.1515/epoly-2022-8106,15,naive,15,15,0.6409700582364497,1.0
ES1,3,8,10.3390/nano12060962,6,aware,6,6,1.1853858738971974,1.0
ES1,3,8,10.3390/nano12060962,6,naive,5,6,0.6409700582364497,0.8333333333333334
ES1,3,8,https://www.sciencedirect.com/science/article/pii/s0927776511005522,18,anchor,150,150,0.9676744565144864,1.0
ES1,3,8,https://www.sciencedirect.com/science/article/pii/s0927776511005522,18,aware,18,18,1.1853858738971974,1.0
ES1,3,8,https://www.sciencedirect.com/science/article/pii/s0927776511005522,18,aware_on_anchor_rows,150,150,1.1853858738971974,1.0
ES1,3,8,https://www.sciencedirect.com/science/article/pii/s0927776511005522,18,explore_offset_q_aware,150,150,1.1853858738971974,1.0
ES1,3,8,https://www.sciencedirect.com/science/article/pii/s0927776511005522,18,naive,17,18,0.6409700582364497,0.9444444444444444
ES1,3,9,10.1007/s00521-014-1554-8,20,anchor,156,170,0.9522504770298976,0.9176470588235294
ES1,3,9,10.1007/s00521-014-1554-8,20,aware,20,20,1.1192151855625276,1.0
ES1,3,9,10.1007/s00521-014-1554-8,20,aware_on_anchor_rows,170,170,1.1192151855625276,1.0
ES1,3,9,10.1007/s00521-014-1554-8,20,explore_offset_q_aware,163,170,1.1192151855625276,0.9588235294117647
ES1,3,9,10.1007/s00521-014-1554-8,20,naive,10,20,0.6050292220452809,0.5
ES1,3,9,10.1007/s10965-014-0571-8.,18,anchor,111,150,0.9522504770298976,0.74
ES1,3,9,10.1007/s10965-014-0571-8.,18,aware,14,18,1.1192151855625276,0.7777777777777778
ES1,3,9,10.1007/s10965-014-0571-8.,18,aware_on_anchor_rows,114,150,1.1192151855625276,0.76
ES1,3,9,10.1007/s10965-014-0571-8.,18,explore_offset_q_aware,126,150,1.1192151855625276,0.84
ES1,3,9,10.1007/s10965-014-0571-8.,18,naive,6,18,0.6050292220452809,0.3333333333333333
ES1,3,9,10.1016/j.jafr.2019.100015,15,anchor,120,120,0.9522504770298976,1.0
ES1,3,9,10.1016/j.jafr.2019.100015,15,aware,15,15,1.1192151855625276,1.0
ES1,3,9,10.1016/j.jafr.2019.100015,15,aware_on_anchor_rows,120,120,1.1192151855625276,1.0
ES1,3,9,10.1016/j.jafr.2019.100015,15,explore_offset_q_aware,120,120,1.1192151855625276,1.0
ES1,3,9,10.1016/j.jafr.2019.100015,15,naive,11,15,0.6050292220452809,0.7333333333333333
ES1,3,9,10.1016/j.materresbull.2022.112052,4,aware,0,4,1.1192151855625276,0.0
ES1,3,9,10.1016/j.materresbull.2022.112052,4,naive,0,4,0.6050292220452809,0.0
ES1,3,9,10.1016/j.molliq.2023.122819,10,anchor,63,70,0.9522504770298976,0.9
ES1,3,9,10.1016/j.molliq.2023.122819,10,aware,10,10,1.1192151855625276,1.0
ES1,3,9,10.1016/j.molliq.2023.122819,10,aware_on_anchor_rows,70,70,1.1192151855625276,1.0
ES1,3,9,10.1016/j.molliq.2023.122819,10,explore_offset_q_aware,68,70,1.1192151855625276,0.9714285714285714
ES1,3,9,10.1016/j.molliq.2023.122819,10,naive,8,10,0.6050292220452809,0.8
ES1,3,9,10.1016/j.polymer.2014.06.032,8,anchor,50,50,0.9522504770298976,1.0
ES1,3,9,10.1016/j.polymer.2014.06.032,8,aware,8,8,1.1192151855625276,1.0
ES1,3,9,10.1016/j.polymer.2014.06.032,8,aware_on_anchor_rows,50,50,1.1192151855625276,1.0
ES1,3,9,10.1016/j.polymer.2014.06.032,8,explore_offset_q_aware,50,50,1.1192151855625276,1.0
ES1,3,9,10.1016/j.polymer.2014.06.032,8,naive,8,8,0.6050292220452809,1.0
ES1,4,0,10.1007/s11814-009-0309-1,96,anchor,930,930,1.026052398507716,1.0
ES1,4,0,10.1007/s11814-009-0309-1,96,aware,96,96,1.2250345126682909,1.0
ES1,4,0,10.1007/s11814-009-0309-1,96,aware_on_anchor_rows,930,930,1.2250345126682909,1.0
ES1,4,0,10.1007/s11814-009-0309-1,96,explore_offset_q_aware,930,930,1.2250345126682909,1.0
ES1,4,0,10.1007/s11814-009-0309-1,96,naive,96,96,0.640854126766341,1.0
ES1,4,1,10.1007/bf03218855,55,anchor,520,520,1.0354206496115914,1.0
ES1,4,1,10.1007/bf03218855,55,aware,55,55,1.140720112937573,1.0
ES1,4,1,10.1007/bf03218855,55,aware_on_anchor_rows,520,520,1.140720112937573,1.0
ES1,4,1,10.1007/bf03218855,55,explore_offset_q_aware,520,520,1.140720112937573,1.0
ES1,4,1,10.1007/bf03218855,55,naive,36,55,0.6239112414687025,0.6545454545454545
ES1,4,1,10.1016/j.jmrt.2023.01.007,9,anchor,60,60,1.0354206496115914,1.0
ES1,4,1,10.1016/j.jmrt.2023.01.007,9,aware,9,9,1.140720112937573,1.0
ES1,4,1,10.1016/j.jmrt.2023.01.007,9,aware_on_anchor_rows,60,60,1.140720112937573,1.0
ES1,4,1,10.1016/j.jmrt.2023.01.007,9,explore_offset_q_aware,60,60,1.140720112937573,1.0
ES1,4,1,10.1016/j.jmrt.2023.01.007,9,naive,9,9,0.6239112414687025,1.0
ES1,4,1,10.1016/j.polymer.2014.06.032,8,anchor,50,50,1.0354206496115914,1.0
ES1,4,1,10.1016/j.polymer.2014.06.032,8,aware,8,8,1.140720112937573,1.0
ES1,4,1,10.1016/j.polymer.2014.06.032,8,aware_on_anchor_rows,50,50,1.140720112937573,1.0
ES1,4,1,10.1016/j.polymer.2014.06.032,8,explore_offset_q_aware,50,50,1.140720112937573,1.0
ES1,4,1,10.1016/j.polymer.2014.06.032,8,naive,8,8,0.6239112414687025,1.0
ES1,4,1,10.1109/nano.2013.6720964,4,aware,4,4,1.140720112937573,1.0
ES1,4,1,10.1109/nano.2013.6720964,4,naive,0,4,0.6239112414687025,0.0
ES1,4,2,10.1002/jbm.b.33337,1,aware,1,1,1.18343297796111,1.0
ES1,4,2,10.1002/jbm.b.33337,1,naive,1,1,0.6215114802845827,1.0
ES1,4,2,10.1007/s40204-017-0071-0,13,anchor,100,100,0.9600528121172704,1.0
ES1,4,2,10.1007/s40204-017-0071-0,13,aware,13,13,1.18343297796111,1.0
ES1,4,2,10.1007/s40204-017-0071-0,13,aware_on_anchor_rows,100,100,1.18343297796111,1.0
ES1,4,2,10.1007/s40204-017-0071-0,13,explore_offset_q_aware,100,100,1.18343297796111,1.0
ES1,4,2,10.1007/s40204-017-0071-0,13,naive,13,13,0.6215114802845827,1.0
ES1,4,2,10.1016/j.memsci.2013.01.023,46,anchor,363,430,0.9600528121172704,0.8441860465116279
ES1,4,2,10.1016/j.memsci.2013.01.023,46,aware,38,46,1.18343297796111,0.8260869565217391
ES1,4,2,10.1016/j.memsci.2013.01.023,46,aware_on_anchor_rows,356,430,1.18343297796111,0.827906976744186
ES1,4,2,10.1016/j.memsci.2013.01.023,46,explore_offset_q_aware,399,430,1.18343297796111,0.9279069767441861
ES1,4,2,10.1016/j.memsci.2013.01.023,46,naive,14,46,0.6215114802845827,0.30434782608695654
ES1,4,2,10.1021/acsami.0c02578.,2,aware,2,2,1.18343297796111,1.0
ES1,4,2,10.1021/acsami.0c02578.,2,naive,2,2,0.6215114802845827,1.0
ES1,4,2,10.1088/1748-6041/8/4/045007,5,aware,5,5,1.18343297796111,1.0
ES1,4,2,10.1088/1748-6041/8/4/045007,5,naive,1,5,0.6215114802845827,0.2
ES1,4,2,10.3139/217.3278,9,anchor,60,60,0.9600528121172704,1.0
ES1,4,2,10.3139/217.3278,9,aware,9,9,1.18343297796111,1.0
ES1,4,2,10.3139/217.3278,9,aware_on_anchor_rows,60,60,1.18343297796111,1.0
ES1,4,2,10.3139/217.3278,9,explore_offset_q_aware,60,60,1.18343297796111,1.0
ES1,4,2,10.3139/217.3278,9,naive,5,9,0.6215114802845827,0.5555555555555556
ES1,4,3,10.1002/app.21762,3,aware,3,3,1.1092641939053878,1.0
ES1,4,3,10.1002/app.21762,3,naive,1,3,0.5567506625477305,0.3333333333333333
ES1,4,3,10.1016/j.compositesb.2019.01.094,46,anchor,213,430,0.837544471013096,0.49534883720930234
ES1,4,3,10.1016/j.compositesb.2019.01.094,46,aware,33,46,1.1092641939053878,0.717391304347826
ES1,4,3,10.1016/j.compositesb.2019.01.094,46,aware_on_anchor_rows,307,430,1.1092641939053878,0.713953488372093
ES1,4,3,10.1016/j.compositesb.2019.01.094,46,explore_offset_q_aware,276,430,1.1092641939053878,0.641860465116279
ES1,4,3,10.1016/j.compositesb.2019.01.094,46,naive,20,46,0.5567506625477305,0.43478260869565216
ES1,4,3,10.1016/j.eurpolymj.2004.10.027,12,anchor,88,90,0.837544471013096,0.9777777777777777
ES1,4,3,10.1016/j.eurpolymj.2004.10.027,12,aware,12,12,1.1092641939053878,1.0
ES1,4,3,10.1016/j.eurpolymj.2004.10.027,12,aware_on_anchor_rows,90,90,1.1092641939053878,1.0
ES1,4,3,10.1016/j.eurpolymj.2004.10.027,12,explore_offset_q_aware,90,90,1.1092641939053878,1.0
ES1,4,3,10.1016/j.eurpolymj.2004.10.027,12,naive,11,12,0.5567506625477305,0.9166666666666666
ES1,4,3,10.1016/j.matlet.2015.08.003,5,aware,2,5,1.1092641939053878,0.4
ES1,4,3,10.1016/j.matlet.2015.08.003,5,naive,0,5,0.5567506625477305,0.0
ES1,4,3,10.1063/1.4994968,1,aware,1,1,1.1092641939053878,1.0
ES1,4,3,10.1063/1.4994968,1,naive,0,1,0.5567506625477305,0.0
ES1,4,3,https://www.researchgate.net/profile/dhananjay-pise/publication/277816900_study_of_process_parameters_affecting_the_diameter_and_morphology_of_electrospun_polyvinylidene_fluoride_pvdf_nanofibers/links/55751b5c08aeacff1ffcc4a8/study-of-process-parameters-affecting-the-diameter-and-morphology-of-electrospun-polyvinylidene-fluoride-pvdf-nanofibers.pdf,9,anchor,55,60,0.837544471013096,0.9166666666666666
ES1,4,3,https://www.researchgate.net/profile/dhananjay-pise/publication/277816900_study_of_process_parameters_affecting_the_diameter_and_morphology_of_electrospun_polyvinylidene_fluoride_pvdf_nanofibers/links/55751b5c08aeacff1ffcc4a8/study-of-process-parameters-affecting-the-diameter-and-morphology-of-electrospun-polyvinylidene-fluoride-pvdf-nanofibers.pdf,9,aware,8,9,1.1092641939053878,0.8888888888888888
ES1,4,3,https://www.researchgate.net/profile/dhananjay-pise/publication/277816900_study_of_process_parameters_affecting_the_diameter_and_morphology_of_electrospun_polyvinylidene_fluoride_pvdf_nanofibers/links/55751b5c08aeacff1ffcc4a8/study-of-process-parameters-affecting-the-diameter-and-morphology-of-electrospun-polyvinylidene-fluoride-pvdf-nanofibers.pdf,9,aware_on_anchor_rows,53,60,1.1092641939053878,0.8833333333333333
ES1,4,3,https://www.researchgate.net/profile/dhananjay-pise/publication/277816900_study_of_process_parameters_affecting_the_diameter_and_morphology_of_electrospun_polyvinylidene_fluoride_pvdf_nanofibers/links/55751b5c08aeacff1ffcc4a8/study-of-process-parameters-affecting-the-diameter-and-morphology-of-electrospun-polyvinylidene-fluoride-pvdf-nanofibers.pdf,9,explore_offset_q_aware,60,60,1.1092641939053878,1.0
ES1,4,3,https://www.researchgate.net/profile/dhananjay-pise/publication/277816900_study_of_process_parameters_affecting_the_diameter_and_morphology_of_electrospun_polyvinylidene_fluoride_pvdf_nanofibers/links/55751b5c08aeacff1ffcc4a8/study-of-process-parameters-affecting-the-diameter-and-morphology-of-electrospun-polyvinylidene-fluoride-pvdf-nanofibers.pdf,9,naive,5,9,0.5567506625477305,0.5555555555555556
ES1,4,4,10.1002/app.42304,9,anchor,49,60,0.8917676967026127,0.8166666666666667
ES1,4,4,10.1002/app.42304,9,aware,6,9,1.0721381100090843,0.6666666666666666
ES1,4,4,10.1002/app.42304,9,aware_on_anchor_rows,38,60,1.0721381100090843,0.6333333333333333
ES1,4,4,10.1002/app.42304,9,explore_offset_q_aware,58,60,1.0721381100090843,0.9666666666666667
ES1,4,4,10.1002/app.42304,9,naive,5,9,0.5504756351356255,0.5555555555555556
ES1,4,4,10.1016/j.polymer.2020.123366,13,anchor,100,100,0.8917676967026127,1.0
ES1,4,4,10.1016/j.polymer.2020.123366,13,aware,13,13,1.0721381100090843,1.0
ES1,4,4,10.1016/j.polymer.2020.123366,13,aware_on_anchor_rows,100,100,1.0721381100090843,1.0
ES1,4,4,10.1016/j.polymer.2020.123366,13,explore_offset_q_aware,100,100,1.0721381100090843,1.0
ES1,4,4,10.1016/j.polymer.2020.123366,13,naive,0,13,0.5504756351356255,0.0
ES1,4,4,10.1016/j.polymertesting.2019.106218,3,aware,0,3,1.0721381100090843,0.0
ES1,4,4,10.1016/j.polymertesting.2019.106218,3,naive,0,3,0.5504756351356255,0.0
ES1,4,4,10.1177/00219983221144696,44,anchor,276,410,0.8917676967026127,0.6731707317073171
ES1,4,4,10.1177/00219983221144696,44,aware,25,44,1.0721381100090843,0.5681818181818182
ES1,4,4,10.1177/00219983221144696,44,aware_on_anchor_rows,237,410,1.0721381100090843,0.5780487804878048
ES1,4,4,10.1177/00219983221144696,44,explore_offset_q_aware,309,410,1.0721381100090843,0.7536585365853659
ES1,4,4,10.1177/00219983221144696,44,naive,9,44,0.5504756351356255,0.20454545454545456
ES1,4,4,10.30684/etj.35.4a.5,6,aware,5,6,1.0721381100090843,0.8333333333333334
ES1,4,4,10.30684/etj.35.4a.5,6,naive,4,6,0.5504756351356255,0.6666666666666666
ES1,4,4,10.3390/nano14131083,1,aware,1,1,1.0721381100090843,1.0
ES1,4,4,10.3390/nano14131083,1,naive,0,1,0.5504756351356255,0.0
ES1,4,5,10.1002/app.25464,16,anchor,83,130,0.927078210052874,0.6384615384615384
ES1,4,5,10.1002/app.25464,16,aware,12,16,1.205507793176332,0.75
ES1,4,5,10.1002/app.25464,16,aware_on_anchor_rows,97,130,1.205507793176332,0.7461538461538462
ES1,4,5,10.1002/app.25464,16,explore_offset_q_aware,102,130,1.205507793176332,0.7846153846153846
ES1,4,5,10.1002/app.25464,16,naive,7,16,0.5715250254490583,0.4375
ES1,4,5,10.1002/marc.200700544,4,aware,3,4,1.205507793176332,0.75
ES1,4,5,10.1002/marc.200700544,4,naive,2,4,0.5715250254490583,0.5
ES1,4,5,10.1007/s12221-015-5263-4,38,anchor,284,350,0.927078210052874,0.8114285714285714
ES1,4,5,10.1007/s12221-015-5263-4,38,aware,37,38,1.205507793176332,0.9736842105263158
ES1,4,5,10.1007/s12221-015-5263-4,38,aware_on_anchor_rows,342,350,1.205507793176332,0.9771428571428571
ES1,4,5,10.1007/s12221-015-5263-4,38,explore_offset_q_aware,320,350,1.205507793176332,0.9142857142857143
ES1,4,5,10.1007/s12221-015-5263-4,38,naive,23,38,0.5715250254490583,0.6052631578947368
ES1,4,5,10.1016/j.molliq.2023.122819,10,anchor,60,70,0.927078210052874,0.8571428571428571
ES1,4,5,10.1016/j.molliq.2023.122819,10,aware,10,10,1.205507793176332,1.0
ES1,4,5,10.1016/j.molliq.2023.122819,10,aware_on_anchor_rows,70,70,1.205507793176332,1.0
ES1,4,5,10.1016/j.molliq.2023.122819,10,explore_offset_q_aware,68,70,1.205507793176332,0.9714285714285714
ES1,4,5,10.1016/j.molliq.2023.122819,10,naive,7,10,0.5715250254490583,0.7
ES1,4,5,10.1515/epoly-2014-0110,7,aware,7,7,1.205507793176332,1.0
ES1,4,5,10.1515/epoly-2014-0110,7,naive,2,7,0.5715250254490583,0.2857142857142857
ES1,4,5,ãâ https://doi.org/10.3390/ma8052718,1,aware,1,1,1.205507793176332,1.0
ES1,4,5,ãâ https://doi.org/10.3390/ma8052718,1,naive,1,1,0.5715250254490583,1.0
ES1,4,6,10.1002/app.36726,17,anchor,140,140,0.982247070849574,1.0
ES1,4,6,10.1002/app.36726,17,aware,17,17,1.1281680990840206,1.0
ES1,4,6,10.1002/app.36726,17,aware_on_anchor_rows,140,140,1.1281680990840206,1.0
ES1,4,6,10.1002/app.36726,17,explore_offset_q_aware,140,140,1.1281680990840206,1.0
ES1,4,6,10.1002/app.36726,17,naive,17,17,0.6378247541421569,1.0
ES1,4,6,10.1016/j.mtsust.2022.100275,13,anchor,100,100,0.982247070849574,1.0
ES1,4,6,10.1016/j.mtsust.2022.100275,13,aware,13,13,1.1281680990840206,1.0
ES1,4,6,10.1016/j.mtsust.2022.100275,13,aware_on_anchor_rows,100,100,1.1281680990840206,1.0
ES1,4,6,10.1016/j.mtsust.2022.100275,13,explore_offset_q_aware,100,100,1.1281680990840206,1.0
ES1,4,6,10.1016/j.mtsust.2022.100275,13,naive,13,13,0.6378247541421569,1.0
ES1,4,6,10.1016/j.polymer.2008.09.025,27,anchor,208,240,0.982247070849574,0.8666666666666667
ES1,4,6,10.1016/j.polymer.2008.09.025,27,aware,21,27,1.1281680990840206,0.7777777777777778
ES1,4,6,10.1016/j.polymer.2008.09.025,27,aware_on_anchor_rows,184,240,1.1281680990840206,0.7666666666666667
ES1,4,6,10.1016/j.polymer.2008.09.025,27,explore_offset_q_aware,223,240,1.1281680990840206,0.9291666666666667
ES1,4,6,10.1016/j.polymer.2008.09.025,27,naive,10,27,0.6378247541421569,0.37037037037037035
ES1,4,6,10.3390/fib8100065,2,aware,2,2,1.1281680990840206,1.0
ES1,4,6,10.3390/fib8100065,2,naive,1,2,0.6378247541421569,0.5
ES1,4,6,10.3390/nano12060962,6,aware,6,6,1.1281680990840206,1.0
ES1,4,6,10.3390/nano12060962,6,naive,5,6,0.6378247541421569,0.8333333333333334
ES1,4,6,10.3390/polym14030593,2,aware,2,2,1.1281680990840206,1.0
ES1,4,6,10.3390/polym14030593,2,naive,2,2,0.6378247541421569,1.0
ES1,4,6,10.3390/polym15030731,9,anchor,60,60,0.982247070849574,1.0
ES1,4,6,10.3390/polym15030731,9,aware,9,9,1.1281680990840206,1.0
ES1,4,6,10.3390/polym15030731,9,aware_on_anchor_rows,60,60,1.1281680990840206,1.0
ES1,4,6,10.3390/polym15030731,9,explore_offset_q_aware,60,60,1.1281680990840206,1.0
ES1,4,6,10.3390/polym15030731,9,naive,9,9,0.6378247541421569,1.0
ES1,4,7,10.1002/adv.21947,17,anchor,140,140,0.9572042974689772,1.0
ES1,4,7,10.1002/adv.21947,17,aware,16,17,1.0606307387330265,0.9411764705882353
ES1,4,7,10.1002/adv.21947,17,aware_on_anchor_rows,134,140,1.0606307387330265,0.9571428571428572
ES1,4,7,10.1002/adv.21947,17,explore_offset_q_aware,140,140,1.0606307387330265,1.0
ES1,4,7,10.1002/adv.21947,17,naive,11,17,0.6485797450511992,0.6470588235294118
ES1,4,7,10.1002/app.52131,6,aware,5,6,1.0606307387330265,0.8333333333333334
ES1,4,7,10.1002/app.52131,6,naive,0,6,0.6485797450511992,0.0
ES1,4,7,10.1002/polb.21380,12,anchor,90,90,0.9572042974689772,1.0
ES1,4,7,10.1002/polb.21380,12,aware,12,12,1.0606307387330265,1.0
ES1,4,7,10.1002/polb.21380,12,aware_on_anchor_rows,90,90,1.0606307387330265,1.0
ES1,4,7,10.1002/polb.21380,12,explore_offset_q_aware,90,90,1.0606307387330265,1.0
ES1,4,7,10.1002/polb.21380,12,naive,12,12,0.6485797450511992,1.0
ES1,4,7,10.1007/s00521-017-2996-6,13,anchor,100,100,0.9572042974689772,1.0
ES1,4,7,10.1007/s00521-017-2996-6,13,aware,13,13,1.0606307387330265,1.0
ES1,4,7,10.1007/s00521-017-2996-6,13,aware_on_anchor_rows,100,100,1.0606307387330265,1.0
ES1,4,7,10.1007/s00521-017-2996-6,13,explore_offset_q_aware,100,100,1.0606307387330265,1.0
ES1,4,7,10.1007/s00521-017-2996-6,13,naive,13,13,0.6485797450511992,1.0
ES1,4,7,10.1016/j.memsci.2022.120850,5,aware,3,5,1.0606307387330265,0.6
ES1,4,7,10.1016/j.memsci.2022.120850,5,naive,2,5,0.6485797450511992,0.4
ES1,4,7,10.3390/nano10061221,22,anchor,190,190,0.9572042974689772,1.0
ES1,4,7,10.3390/nano10061221,22,aware,11,22,1.0606307387330265,0.5
ES1,4,7,10.3390/nano10061221,22,aware_on_anchor_rows,91,190,1.0606307387330265,0.4789473684210526
ES1,4,7,10.3390/nano10061221,22,explore_offset_q_aware,190,190,1.0606307387330265,1.0
ES1,4,7,10.3390/nano10061221,22,naive,3,22,0.6485797450511992,0.13636363636363635
ES1,4,8,10.1007/s00521-014-1554-8,20,anchor,154,170,0.9474836619045428,0.9058823529411765
ES1,4,8,10.1007/s00521-014-1554-8,20,aware,20,20,1.1697289506378763,1.0
ES1,4,8,10.1007/s00521-014-1554-8,20,aware_on_anchor_rows,170,170,1.1697289506378763,1.0
ES1,4,8,10.1007/s00521-014-1554-8,20,explore_offset_q_aware,158,170,1.1697289506378763,0.9294117647058824
ES1,4,8,10.1007/s00521-014-1554-8,20,naive,15,20,0.6258743185890294,0.75
ES1,4,8,10.1016/j.materresbull.2022.112052,4,aware,4,4,1.1697289506378763,1.0
ES1,4,8,10.1016/j.materresbull.2022.112052,4,naive,0,4,0.6258743185890294,0.0
ES1,4,8,10.1016/j.memsci.2018.06.050,6,aware,6,6,1.1697289506378763,1.0
ES1,4,8,10.1016/j.memsci.2018.06.050,6,naive,0,6,0.6258743185890294,0.0
ES1,4,8,10.1080/1539445x.2010.495630,12,anchor,79,90,0.9474836619045428,0.8777777777777778
ES1,4,8,10.1080/1539445x.2010.495630,12,aware,11,12,1.1697289506378763,0.9166666666666666
ES1,4,8,10.1080/1539445x.2010.495630,12,aware_on_anchor_rows,82,90,1.1697289506378763,0.9111111111111111
ES1,4,8,10.1080/1539445x.2010.495630,12,explore_offset_q_aware,85,90,1.1697289506378763,0.9444444444444444
ES1,4,8,10.1080/1539445x.2010.495630,12,naive,9,12,0.6258743185890294,0.75
ES1,4,8,10.1515/epoly-2022-8106,15,anchor,120,120,0.9474836619045428,1.0
ES1,4,8,10.1515/epoly-2022-8106,15,aware,15,15,1.1697289506378763,1.0
ES1,4,8,10.1515/epoly-2022-8106,15,aware_on_anchor_rows,120,120,1.1697289506378763,1.0
ES1,4,8,10.1515/epoly-2022-8106,15,explore_offset_q_aware,120,120,1.1697289506378763,1.0
ES1,4,8,10.1515/epoly-2022-8106,15,naive,15,15,0.6258743185890294,1.0
ES1,4,8,https://www.sciencedirect.com/science/article/pii/s0927776511005522,18,anchor,150,150,0.9474836619045428,1.0
ES1,4,8,https://www.sciencedirect.com/science/article/pii/s0927776511005522,18,aware,18,18,1.1697289506378763,1.0
ES1,4,8,https://www.sciencedirect.com/science/article/pii/s0927776511005522,18,aware_on_anchor_rows,150,150,1.1697289506378763,1.0
ES1,4,8,https://www.sciencedirect.com/science/article/pii/s0927776511005522,18,explore_offset_q_aware,150,150,1.1697289506378763,1.0
ES1,4,8,https://www.sciencedirect.com/science/article/pii/s0927776511005522,18,naive,15,18,0.6258743185890294,0.8333333333333334
ES1,4,9,10.1002/app.32569,20,anchor,170,170,1.00090421105296,1.0
ES1,4,9,10.1002/app.32569,20,aware,20,20,1.1419814937389177,1.0
ES1,4,9,10.1002/app.32569,20,aware_on_anchor_rows,170,170,1.1419814937389177,1.0
ES1,4,9,10.1002/app.32569,20,explore_offset_q_aware,170,170,1.1419814937389177,1.0
ES1,4,9,10.1002/app.32569,20,naive,15,20,0.656241086104977,0.75
ES1,4,9,10.1007/s10965-014-0571-8.,18,anchor,106,150,1.00090421105296,0.7066666666666667
ES1,4,9,10.1007/s10965-014-0571-8.,18,aware,15,18,1.1419814937389177,0.8333333333333334
ES1,4,9,10.1007/s10965-014-0571-8.,18,aware_on_anchor_rows,126,150,1.1419814937389177,0.84
ES1,4,9,10.1007/s10965-014-0571-8.,18,explore_offset_q_aware,118,150,1.1419814937389177,0.7866666666666666
ES1,4,9,10.1007/s10965-014-0571-8.,18,naive,6,18,0.656241086104977,0.3333333333333333
ES1,4,9,10.1016/j.jafr.2019.100015,15,anchor,120,120,1.00090421105296,1.0
ES1,4,9,10.1016/j.jafr.2019.100015,15,aware,15,15,1.1419814937389177,1.0
ES1,4,9,10.1016/j.jafr.2019.100015,15,aware_on_anchor_rows,120,120,1.1419814937389177,1.0
ES1,4,9,10.1016/j.jafr.2019.100015,15,explore_offset_q_aware,120,120,1.1419814937389177,1.0
ES1,4,9,10.1016/j.jafr.2019.100015,15,naive,12,15,0.656241086104977,0.8
ES1,4,9,10.1515/epoly-2018-0037,4,aware,4,4,1.1419814937389177,1.0
ES1,4,9,10.1515/epoly-2018-0037,4,naive,2,4,0.656241086104977,0.5
ES1,4,9,10.3390/nano11102514,8,anchor,49,50,1.00090421105296,0.98
ES1,4,9,10.3390/nano11102514,8,aware,7,8,1.1419814937389177,0.875
ES1,4,9,10.3390/nano11102514,8,aware_on_anchor_rows,47,50,1.1419814937389177,0.94
ES1,4,9,10.3390/nano11102514,8,explore_offset_q_aware,50,50,1.1419814937389177,1.0
ES1,4,9,10.3390/nano11102514,8,naive,3,8,0.656241086104977,0.375
ES1,4,9,10.3390/polym15132813,10,anchor,70,70,1.00090421105296,1.0
ES1,4,9,10.3390/polym15132813,10,aware,10,10,1.1419814937389177,1.0
ES1,4,9,10.3390/polym15132813,10,aware_on_anchor_rows,70,70,1.1419814937389177,1.0
ES1,4,9,10.3390/polym15132813,10,explore_offset_q_aware,70,70,1.1419814937389177,1.0
ES1,4,9,10.3390/polym15132813,10,naive,10,10,0.656241086104977,1.0
ES2,0,0,10.1117/12.837918,56,anchor,256,530,0.6422399813962076,0.4830188679245283
ES2,0,0,10.1117/12.837918,56,aware,20,56,1.24255517751297,0.35714285714285715
ES2,0,0,10.1117/12.837918,56,aware_on_anchor_rows,190,530,1.24255517751297,0.3584905660377358
ES2,0,0,10.1117/12.837918,56,explore_offset_q_aware,424,530,1.24255517751297,0.8
ES2,0,0,10.1117/12.837918,56,naive,8,56,0.6574589432501288,0.14285714285714285
ES2,0,1,10.1088/1757-899x/230/1/012043,32,anchor,290,290,1.073944108396013,1.0
ES2,0,1,10.1088/1757-899x/230/1/012043,32,aware,31,32,1.7318413486332194,0.96875
ES2,0,1,10.1088/1757-899x/230/1/012043,32,aware_on_anchor_rows,280,290,1.7318413486332194,0.9655172413793104
ES2,0,1,10.1088/1757-899x/230/1/012043,32,explore_offset_q_aware,290,290,1.7318413486332194,1.0
ES2,0,1,10.1088/1757-899x/230/1/012043,32,naive,0,32,0.6415636664463653,0.0
ES2,0,2,FERN lab experiment data ,25,anchor,220,220,1.1435689299037184,1.0
ES2,0,2,FERN lab experiment data ,25,aware,25,25,1.7457540660465725,1.0
ES2,0,2,FERN lab experiment data ,25,aware_on_anchor_rows,220,220,1.7457540660465725,1.0
ES2,0,2,FERN lab experiment data ,25,explore_offset_q_aware,220,220,1.7457540660465725,1.0
ES2,0,2,FERN lab experiment data ,25,naive,25,25,0.6437141422672865,1.0
ES2,0,3,10.1007/s10965-014-0571-8,18,anchor,138,150,1.1592692035427117,0.92
ES2,0,3,10.1007/s10965-014-0571-8,18,aware,18,18,1.7944355540653394,1.0
ES2,0,3,10.1007/s10965-014-0571-8,18,aware_on_anchor_rows,150,150,1.7944355540653394,1.0
ES2,0,3,10.1007/s10965-014-0571-8,18,explore_offset_q_aware,150,150,1.7944355540653394,1.0
ES2,0,3,10.1007/s10965-014-0571-8,18,naive,7,18,0.5765780518978856,0.3888888888888889
ES2,0,3,10.1109/-no.2013.6720964,4,aware,4,4,1.7944355540653394,1.0
ES2,0,3,10.1109/-no.2013.6720964,4,naive,4,4,0.5765780518978856,1.0
ES2,0,4,10.1007/s40204-017-0071-0,13,anchor,100,100,1.1896971280297317,1.0
ES2,0,4,10.1007/s40204-017-0071-0,13,aware,13,13,1.774623255813113,1.0
ES2,0,4,10.1007/s40204-017-0071-0,13,aware_on_anchor_rows,100,100,1.774623255813113,1.0
ES2,0,4,10.1007/s40204-017-0071-0,13,explore_offset_q_aware,100,100,1.774623255813113,1.0
ES2,0,4,10.1007/s40204-017-0071-0,13,naive,10,13,0.5966316545126782,0.7692307692307693
ES2,0,4,10.1016/j.polymertesting.2019.106218,3,aware,3,3,1.774623255813113,1.0
ES2,0,4,10.1016/j.polymertesting.2019.106218,3,naive,0,3,0.5966316545126782,0.0
ES2,0,4,10.1080/10236660802190963,5,aware,5,5,1.774623255813113,1.0
ES2,0,4,10.1080/10236660802190963,5,naive,5,5,0.5966316545126782,1.0
ES2,0,4,10.4236/msa.2010.14036,2,aware,2,2,1.774623255813113,1.0
ES2,0,4,10.4236/msa.2010.14036,2,naive,1,2,0.5966316545126782,0.5
ES2,0,5,10.1016/j.matlet.2015.08.003,5,aware,4,5,1.7783058068379294,0.8
ES2,0,5,10.1016/j.matlet.2015.08.003,5,naive,1,5,0.6156566889109509,0.2
ES2,0,5,10.1080/1539445x.2010.495630,12,anchor,90,90,1.1696069447971529,1.0
ES2,0,5,10.1080/1539445x.2010.495630,12,aware,12,12,1.7783058068379294,1.0
ES2,0,5,10.1080/1539445x.2010.495630,12,aware_on_anchor_rows,90,90,1.7783058068379294,1.0
ES2,0,5,10.1080/1539445x.2010.495630,12,explore_offset_q_aware,90,90,1.7783058068379294,1.0
ES2,0,5,10.1080/1539445x.2010.495630,12,naive,7,12,0.6156566889109509,0.5833333333333334
ES2,0,5,10.1515/epoly.2008.8.1.1758,4,aware,4,4,1.7783058068379294,1.0
ES2,0,5,10.1515/epoly.2008.8.1.1758,4,naive,4,4,0.6156566889109509,1.0
ES2,0,6,10.1002/marc.200700544,4,aware,4,4,1.7407366775106743,1.0
ES2,0,6,10.1002/marc.200700544,4,naive,4,4,0.6429073623687303,1.0
ES2,0,6,10.1088/1748-6041/8/4/045007,5,aware,5,5,1.7407366775106743,1.0
ES2,0,6,10.1088/1748-6041/8/4/045007,5,naive,1,5,0.6429073623687303,0.2
ES2,0,6,10.3390/fib8100065,2,aware,2,2,1.7407366775106743,1.0
ES2,0,6,10.3390/fib8100065,2,naive,2,2,0.6429073623687303,1.0
ES2,0,6,"K. Castkova, J. Kastyl, D. Sobola, J. Petrus, E. Stast-, Str",11,anchor,80,80,1.0554594997264235,1.0
ES2,0,6,"K. Castkova, J. Kastyl, D. Sobola, J. Petrus, E. Stast-, Str",11,aware,11,11,1.7407366775106743,1.0
ES2,0,6,"K. Castkova, J. Kastyl, D. Sobola, J. Petrus, E. Stast-, Str",11,aware_on_anchor_rows,80,80,1.7407366775106743,1.0
ES2,0,6,"K. Castkova, J. Kastyl, D. Sobola, J. Petrus, E. Stast-, Str",11,explore_offset_q_aware,80,80,1.7407366775106743,1.0
ES2,0,6,"K. Castkova, J. Kastyl, D. Sobola, J. Petrus, E. Stast-, Str",11,naive,0,11,0.6429073623687303,0.0
ES2,0,7,10.1016/j.memsci.2013.11.056,5,aware,5,5,1.7801338839252887,1.0
ES2,0,7,10.1016/j.memsci.2013.11.056,5,naive,0,5,0.6582408575788206,0.0
ES2,0,7,10.1021/acsami.0c02578,2,aware,2,2,1.7801338839252887,1.0
ES2,0,7,10.1021/acsami.0c02578,2,naive,2,2,0.6582408575788206,1.0
ES2,0,7,10.1021/cm060223+,6,aware,6,6,1.7801338839252887,1.0
ES2,0,7,10.1021/cm060223+,6,naive,1,6,0.6582408575788206,0.16666666666666666
ES2,0,7,"D.D. Pise, B.B. Ahuja, S.M. Shendokar, Study of Process Para",9,anchor,60,60,1.0424907836131994,1.0
ES2,0,7,"D.D. Pise, B.B. Ahuja, S.M. Shendokar, Study of Process Para",9,aware,9,9,1.7801338839252887,1.0
ES2,0,7,"D.D. Pise, B.B. Ahuja, S.M. Shendokar, Study of Process Para",9,aware_on_anchor_rows,60,60,1.7801338839252887,1.0
ES2,0,7,"D.D. Pise, B.B. Ahuja, S.M. Shendokar, Study of Process Para",9,explore_offset_q_aware,60,60,1.7801338839252887,1.0
ES2,0,7,"D.D. Pise, B.B. Ahuja, S.M. Shendokar, Study of Process Para",9,naive,8,9,0.6582408575788206,0.8888888888888888
ES2,0,8,10.1002/app.42304,9,anchor,60,60,1.1100160273235735,1.0
ES2,0,8,10.1002/app.42304,9,aware,9,9,1.7365742333165972,1.0
ES2,0,8,10.1002/app.42304,9,aware_on_anchor_rows,60,60,1.7365742333165972,1.0
ES2,0,8,10.1002/app.42304,9,explore_offset_q_aware,60,60,1.7365742333165972,1.0
ES2,0,8,10.1002/app.42304,9,naive,4,9,0.6012625939343366,0.4444444444444444
ES2,0,8,10.1002/pi.4314,6,aware,6,6,1.7365742333165972,1.0
ES2,0,8,10.1002/pi.4314,6,naive,0,6,0.6012625939343366,0.0
ES2,0,8,10.1016/j.memsci.2018.06.050,3,aware,3,3,1.7365742333165972,1.0
ES2,0,8,10.1016/j.memsci.2018.06.050,3,naive,1,3,0.6012625939343366,0.3333333333333333
ES2,0,8,10.1016/j.mseb.2006.03.035,4,aware,4,4,1.7365742333165972,1.0
ES2,0,8,10.1016/j.mseb.2006.03.035,4,naive,4,4,0.6012625939343366,1.0
ES2,0,9,10.1002/app.21762,3,aware,3,3,2.0358848797928344,1.0
ES2,0,9,10.1002/app.21762,3,naive,3,3,0.5999181586010405,1.0
ES2,0,9,10.1007/s10853-013-7341-6,8,anchor,50,50,1.0464166384333144,1.0
ES2,0,9,10.1007/s10853-013-7341-6,8,aware,8,8,2.0358848797928344,1.0
ES2,0,9,10.1007/s10853-013-7341-6,8,aware_on_anchor_rows,50,50,2.0358848797928344,1.0
ES2,0,9,10.1007/s10853-013-7341-6,8,explore_offset_q_aware,50,50,2.0358848797928344,1.0
ES2,0,9,10.1007/s10853-013-7341-6,8,naive,1,8,0.5999181586010405,0.125
ES2,0,9,10.1016/j.memsci.2013.01.023,7,aware,7,7,2.0358848797928344,1.0
ES2,0,9,10.1016/j.memsci.2013.01.023,7,naive,0,7,0.5999181586010405,0.0
ES2,0,9,10.1515/epoly-2018-0037,4,aware,4,4,2.0358848797928344,1.0
ES2,0,9,10.1515/epoly-2018-0037,4,naive,0,4,0.5999181586010405,0.0
ES2,1,0,10.1117/12.837918,56,anchor,273,530,0.6266667399841821,0.5150943396226415
ES2,1,0,10.1117/12.837918,56,aware,20,56,1.294165192064118,0.35714285714285715
ES2,1,0,10.1117/12.837918,56,aware_on_anchor_rows,188,530,1.294165192064118,0.35471698113207545
ES2,1,0,10.1117/12.837918,56,explore_offset_q_aware,464,530,1.294165192064118,0.8754716981132076
ES2,1,0,10.1117/12.837918,56,naive,8,56,0.6292278055203138,0.14285714285714285
ES2,1,1,10.1088/1757-899x/230/1/012043,32,anchor,290,290,1.2291981508080936,1.0
ES2,1,1,10.1088/1757-899x/230/1/012043,32,aware,31,32,1.7308915075797175,0.96875
ES2,1,1,10.1088/1757-899x/230/1/012043,32,aware_on_anchor_rows,281,290,1.7308915075797175,0.9689655172413794
ES2,1,1,10.1088/1757-899x/230/1/012043,32,explore_offset_q_aware,290,290,1.7308915075797175,1.0
ES2,1,1,10.1088/1757-899x/230/1/012043,32,naive,0,32,0.6248987505992116,0.0
ES2,1,2,FERN lab experiment data ,25,anchor,220,220,1.17485530444298,1.0
ES2,1,2,FERN lab experiment data ,25,aware,25,25,1.7693495558607903,1.0
ES2,1,2,FERN lab experiment data ,25,aware_on_anchor_rows,220,220,1.7693495558607903,1.0
ES2,1,2,FERN lab experiment data ,25,explore_offset_q_aware,220,220,1.7693495558607903,1.0
ES2,1,2,FERN lab experiment data ,25,naive,25,25,0.6596787107782003,1.0
ES2,1,3,10.1007/s10965-014-0571-8,18,anchor,130,150,1.0782121956526736,0.8666666666666667
ES2,1,3,10.1007/s10965-014-0571-8,18,aware,18,18,1.7925622868095117,1.0
ES2,1,3,10.1007/s10965-014-0571-8,18,aware_on_anchor_rows,150,150,1.7925622868095117,1.0
ES2,1,3,10.1007/s10965-014-0571-8,18,explore_offset_q_aware,150,150,1.7925622868095117,1.0
ES2,1,3,10.1007/s10965-014-0571-8,18,naive,7,18,0.6073714822883325,0.3888888888888889
ES2,1,3,10.1109/-no.2013.6720964,4,aware,4,4,1.7925622868095117,1.0
ES2,1,3,10.1109/-no.2013.6720964,4,naive,4,4,0.6073714822883325,1.0
ES2,1,4,10.1007/s40204-017-0071-0,13,anchor,100,100,1.1268561604731293,1.0
ES2,1,4,10.1007/s40204-017-0071-0,13,aware,13,13,1.7493972057240752,1.0
ES2,1,4,10.1007/s40204-017-0071-0,13,aware_on_anchor_rows,100,100,1.7493972057240752,1.0
ES2,1,4,10.1007/s40204-017-0071-0,13,explore_offset_q_aware,100,100,1.7493972057240752,1.0
ES2,1,4,10.1007/s40204-017-0071-0,13,naive,11,13,0.6084813686007751,0.8461538461538461
ES2,1,4,10.1016/j.memsci.2018.06.050,3,aware,3,3,1.7493972057240752,1.0
ES2,1,4,10.1016/j.memsci.2018.06.050,3,naive,1,3,0.6084813686007751,0.3333333333333333
ES2,1,4,10.1080/10236660802190963,5,aware,5,5,1.7493972057240752,1.0
ES2,1,4,10.1080/10236660802190963,5,naive,5,5,0.6084813686007751,1.0
ES2,1,4,10.3390/fib8100065,2,aware,2,2,1.7493972057240752,1.0
ES2,1,4,10.3390/fib8100065,2,naive,2,2,0.6084813686007751,1.0
ES2,1,5,10.1002/marc.200700544,4,aware,4,4,1.8060574766785065,1.0
ES2,1,5,10.1002/marc.200700544,4,naive,3,4,0.5916810749437662,0.75
ES2,1,5,10.1016/j.memsci.2013.11.056,5,aware,5,5,1.8060574766785065,1.0
ES2,1,5,10.1016/j.memsci.2013.11.056,5,naive,0,5,0.5916810749437662,0.0
ES2,1,5,10.1080/1539445x.2010.495630,12,anchor,89,90,1.0557060673285938,0.9888888888888889
ES2,1,5,10.1080/1539445x.2010.495630,12,aware,12,12,1.8060574766785065,1.0
ES2,1,5,10.1080/1539445x.2010.495630,12,aware_on_anchor_rows,90,90,1.8060574766785065,1.0
ES2,1,5,10.1080/1539445x.2010.495630,12,explore_offset_q_aware,90,90,1.8060574766785065,1.0
ES2,1,5,10.1080/1539445x.2010.495630,12,naive,10,12,0.5916810749437662,0.8333333333333334
ES2,1,6,10.1088/1748-6041/8/4/045007,5,aware,5,5,1.750747654891149,1.0
ES2,1,6,10.1088/1748-6041/8/4/045007,5,naive,1,5,0.5870982577491768,0.2
ES2,1,6,10.1515/epoly-2018-0037,4,aware,4,4,1.750747654891149,1.0
ES2,1,6,10.1515/epoly-2018-0037,4,naive,0,4,0.5870982577491768,0.0
ES2,1,6,10.4236/msa.2010.14036,2,aware,2,2,1.750747654891149,1.0
ES2,1,6,10.4236/msa.2010.14036,2,naive,1,2,0.5870982577491768,0.5
ES2,1,6,"K. Castkova, J. Kastyl, D. Sobola, J. Petrus, E. Stast-, Str",11,anchor,80,80,1.1031868469200357,1.0
ES2,1,6,"K. Castkova, J. Kastyl, D. Sobola, J. Petrus, E. Stast-, Str",11,aware,11,11,1.750747654891149,1.0
ES2,1,6,"K. Castkova, J. Kastyl, D. Sobola, J. Petrus, E. Stast-, Str",11,aware_on_anchor_rows,80,80,1.750747654891149,1.0
ES2,1,6,"K. Castkova, J. Kastyl, D. Sobola, J. Petrus, E. Stast-, Str",11,explore_offset_q_aware,80,80,1.750747654891149,1.0
ES2,1,6,"K. Castkova, J. Kastyl, D. Sobola, J. Petrus, E. Stast-, Str",11,naive,0,11,0.5870982577491768,0.0
ES2,1,7,10.1002/pi.4314,6,aware,6,6,1.717883117324206,1.0
ES2,1,7,10.1002/pi.4314,6,naive,0,6,0.6711569667299724,0.0
ES2,1,7,10.1016/j.matlet.2015.08.003,5,aware,4,5,1.717883117324206,0.8
ES2,1,7,10.1016/j.matlet.2015.08.003,5,naive,1,5,0.6711569667299724,0.2
ES2,1,7,10.1021/acsami.0c02578,2,aware,2,2,1.717883117324206,1.0
ES2,1,7,10.1021/acsami.0c02578,2,naive,2,2,0.6711569667299724,1.0
ES2,1,7,"D.D. Pise, B.B. Ahuja, S.M. Shendokar, Study of Process Para",9,anchor,60,60,1.15768664174011,1.0
ES2,1,7,"D.D. Pise, B.B. Ahuja, S.M. Shendokar, Study of Process Para",9,aware,9,9,1.717883117324206,1.0
ES2,1,7,"D.D. Pise, B.B. Ahuja, S.M. Shendokar, Study of Process Para",9,aware_on_anchor_rows,60,60,1.717883117324206,1.0
ES2,1,7,"D.D. Pise, B.B. Ahuja, S.M. Shendokar, Study of Process Para",9,explore_offset_q_aware,60,60,1.717883117324206,1.0
ES2,1,7,"D.D. Pise, B.B. Ahuja, S.M. Shendokar, Study of Process Para",9,naive,9,9,0.6711569667299724,1.0
ES2,1,8,10.1002/app.42304,9,anchor,60,60,1.159173162906774,1.0
ES2,1,8,10.1002/app.42304,9,aware,9,9,1.807416640485932,1.0
ES2,1,8,10.1002/app.42304,9,aware_on_anchor_rows,60,60,1.807416640485932,1.0
ES2,1,8,10.1002/app.42304,9,explore_offset_q_aware,60,60,1.807416640485932,1.0
ES2,1,8,10.1002/app.42304,9,naive,6,9,0.608914245838339,0.6666666666666666
ES2,1,8,10.1016/j.mseb.2006.03.035,4,aware,4,4,1.807416640485932,1.0
ES2,1,8,10.1016/j.mseb.2006.03.035,4,naive,3,4,0.608914245838339,0.75
ES2,1,8,10.1016/j.polymertesting.2019.106218,3,aware,3,3,1.807416640485932,1.0
ES2,1,8,10.1016/j.polymertesting.2019.106218,3,naive,0,3,0.608914245838339,0.0
ES2,1,8,10.1021/cm060223+,6,aware,6,6,1.807416640485932,1.0
ES2,1,8,10.1021/cm060223+,6,naive,1,6,0.608914245838339,0.16666666666666666
ES2,1,9,10.1002/app.21762,3,aware,3,3,2.12732185475468,1.0
ES2,1,9,10.1002/app.21762,3,naive,3,3,0.6417776403616626,1.0
ES2,1,9,10.1007/s10853-013-7341-6,8,anchor,50,50,1.0682549726982304,1.0
ES2,1,9,10.1007/s10853-013-7341-6,8,aware,8,8,2.12732185475468,1.0
ES2,1,9,10.1007/s10853-013-7341-6,8,aware_on_anchor_rows,50,50,2.12732185475468,1.0
ES2,1,9,10.1007/s10853-013-7341-6,8,explore_offset_q_aware,50,50,2.12732185475468,1.0
ES2,1,9,10.1007/s10853-013-7341-6,8,naive,3,8,0.6417776403616626,0.375
ES2,1,9,10.1016/j.memsci.2013.01.023,7,aware,7,7,2.12732185475468,1.0
ES2,1,9,10.1016/j.memsci.2013.01.023,7,naive,0,7,0.6417776403616626,0.0
ES2,1,9,10.1515/epoly.2008.8.1.1758,4,aware,4,4,2.12732185475468,1.0
ES2,1,9,10.1515/epoly.2008.8.1.1758,4,naive,4,4,0.6417776403616626,1.0
ES2,2,0,10.1117/12.837918,56,anchor,271,530,0.6959883833805016,0.5113207547169811
ES2,2,0,10.1117/12.837918,56,aware,19,56,1.2727521632663166,0.3392857142857143
ES2,2,0,10.1117/12.837918,56,aware_on_anchor_rows,184,530,1.2727521632663166,0.3471698113207547
ES2,2,0,10.1117/12.837918,56,explore_offset_q_aware,412,530,1.2727521632663166,0.7773584905660378
ES2,2,0,10.1117/12.837918,56,naive,10,56,0.6535723539820752,0.17857142857142858
ES2,2,1,10.1088/1757-899x/230/1/012043,32,anchor,290,290,1.0705284398441297,1.0
ES2,2,1,10.1088/1757-899x/230/1/012043,32,aware,31,32,1.7089637732114378,0.96875
ES2,2,1,10.1088/1757-899x/230/1/012043,32,aware_on_anchor_rows,280,290,1.7089637732114378,0.9655172413793104
ES2,2,1,10.1088/1757-899x/230/1/012043,32,explore_offset_q_aware,290,290,1.7089637732114378,1.0
ES2,2,1,10.1088/1757-899x/230/1/012043,32,naive,0,32,0.640768446789866,0.0
ES2,2,2,FERN lab experiment data ,25,anchor,220,220,1.2572872961913393,1.0
ES2,2,2,FERN lab experiment data ,25,aware,25,25,1.7909067576588322,1.0
ES2,2,2,FERN lab experiment data ,25,aware_on_anchor_rows,220,220,1.7909067576588322,1.0
ES2,2,2,FERN lab experiment data ,25,explore_offset_q_aware,220,220,1.7909067576588322,1.0
ES2,2,2,FERN lab experiment data ,25,naive,25,25,0.6366767137177067,1.0
ES2,2,3,10.1007/s10965-014-0571-8,18,anchor,136,150,1.1687607746469006,0.9066666666666666
ES2,2,3,10.1007/s10965-014-0571-8,18,aware,18,18,1.7906616128212471,1.0
ES2,2,3,10.1007/s10965-014-0571-8,18,aware_on_anchor_rows,150,150,1.7906616128212471,1.0
ES2,2,3,10.1007/s10965-014-0571-8,18,explore_offset_q_aware,150,150,1.7906616128212471,1.0
ES2,2,3,10.1007/s10965-014-0571-8,18,naive,7,18,0.6023091400414904,0.3888888888888889
ES2,2,3,10.1016/j.mseb.2006.03.035,4,aware,4,4,1.7906616128212471,1.0
ES2,2,3,10.1016/j.mseb.2006.03.035,4,naive,4,4,0.6023091400414904,1.0
ES2,2,4,10.1002/app.21762,3,aware,3,3,1.7181971371157667,1.0
ES2,2,4,10.1002/app.21762,3,naive,3,3,0.6172695426521497,1.0
ES2,2,4,10.1007/s40204-017-0071-0,13,anchor,100,100,1.1324505487972278,1.0
ES2,2,4,10.1007/s40204-017-0071-0,13,aware,13,13,1.7181971371157667,1.0
ES2,2,4,10.1007/s40204-017-0071-0,13,aware_on_anchor_rows,100,100,1.7181971371157667,1.0
ES2,2,4,10.1007/s40204-017-0071-0,13,explore_offset_q_aware,100,100,1.7181971371157667,1.0
ES2,2,4,10.1007/s40204-017-0071-0,13,naive,12,13,0.6172695426521497,0.9230769230769231
ES2,2,4,10.1016/j.matlet.2015.08.003,5,aware,4,5,1.7181971371157667,0.8
ES2,2,4,10.1016/j.matlet.2015.08.003,5,naive,1,5,0.6172695426521497,0.2
ES2,2,4,10.3390/fib8100065,2,aware,2,2,1.7181971371157667,1.0
ES2,2,4,10.3390/fib8100065,2,naive,1,2,0.6172695426521497,0.5
ES2,2,5,10.1080/1539445x.2010.495630,12,anchor,90,90,1.1760291964499088,1.0
ES2,2,5,10.1080/1539445x.2010.495630,12,aware,12,12,1.785758050748142,1.0
ES2,2,5,10.1080/1539445x.2010.495630,12,aware_on_anchor_rows,90,90,1.785758050748142,1.0
ES2,2,5,10.1080/1539445x.2010.495630,12,explore_offset_q_aware,90,90,1.785758050748142,1.0
ES2,2,5,10.1080/1539445x.2010.495630,12,naive,10,12,0.6552420740832514,0.8333333333333334
ES2,2,5,10.1088/1748-6041/8/4/045007,5,aware,5,5,1.785758050748142,1.0
ES2,2,5,10.1088/1748-6041/8/4/045007,5,naive,1,5,0.6552420740832514,0.2
ES2,2,5,10.1109/-no.2013.6720964,4,aware,4,4,1.785758050748142,1.0
ES2,2,5,10.1109/-no.2013.6720964,4,naive,4,4,0.6552420740832514,1.0
ES2,2,6,10.1002/marc.200700544,4,aware,4,4,1.7064059351459315,1.0
ES2,2,6,10.1002/marc.200700544,4,naive,4,4,0.6379433006375077,1.0
ES2,2,6,10.1021/acsami.0c02578,2,aware,2,2,1.7064059351459315,1.0
ES2,2,6,10.1021/acsami.0c02578,2,naive,2,2,0.6379433006375077,1.0
ES2,2,6,10.1080/10236660802190963,5,aware,5,5,1.7064059351459315,1.0
ES2,2,6,10.1080/10236660802190963,5,naive,5,5,0.6379433006375077,1.0
ES2,2,6,"K. Castkova, J. Kastyl, D. Sobola, J. Petrus, E. Stast-, Str",11,anchor,80,80,1.1886893297925334,1.0
ES2,2,6,"K. Castkova, J. Kastyl, D. Sobola, J. Petrus, E. Stast-, Str",11,aware,10,11,1.7064059351459315,0.9090909090909091
ES2,2,6,"K. Castkova, J. Kastyl, D. Sobola, J. Petrus, E. Stast-, Str",11,aware_on_anchor_rows,72,80,1.7064059351459315,0.9
ES2,2,6,"K. Castkova, J. Kastyl, D. Sobola, J. Petrus, E. Stast-, Str",11,explore_offset_q_aware,80,80,1.7064059351459315,1.0
ES2,2,6,"K. Castkova, J. Kastyl, D. Sobola, J. Petrus, E. Stast-, Str",11,naive,0,11,0.6379433006375077,0.0
ES2,2,7,10.1016/j.memsci.2013.11.056,5,aware,5,5,1.78703383795808,1.0
ES2,2,7,10.1016/j.memsci.2013.11.056,5,naive,0,5,0.6304178825843136,0.0
ES2,2,7,10.1021/cm060223+,6,aware,6,6,1.78703383795808,1.0
ES2,2,7,10.1021/cm060223+,6,naive,1,6,0.6304178825843136,0.16666666666666666
ES2,2,7,10.4236/msa.2010.14036,2,aware,2,2,1.78703383795808,1.0
ES2,2,7,10.4236/msa.2010.14036,2,naive,1,2,0.6304178825843136,0.5
ES2,2,7,"D.D. Pise, B.B. Ahuja, S.M. Shendokar, Study of Process Para",9,anchor,60,60,1.0927451237792476,1.0
ES2,2,7,"D.D. Pise, B.B. Ahuja, S.M. Shendokar, Study of Process Para",9,aware,9,9,1.78703383795808,1.0
ES2,2,7,"D.D. Pise, B.B. Ahuja, S.M. Shendokar, Study of Process Para",9,aware_on_anchor_rows,60,60,1.78703383795808,1.0
ES2,2,7,"D.D. Pise, B.B. Ahuja, S.M. Shendokar, Study of Process Para",9,explore_offset_q_aware,60,60,1.78703383795808,1.0
ES2,2,7,"D.D. Pise, B.B. Ahuja, S.M. Shendokar, Study of Process Para",9,naive,8,9,0.6304178825843136,0.8888888888888888
ES2,2,8,10.1002/app.42304,9,anchor,60,60,1.1126864731432826,1.0
ES2,2,8,10.1002/app.42304,9,aware,9,9,1.7247890120108114,1.0
ES2,2,8,10.1002/app.42304,9,aware_on_anchor_rows,60,60,1.7247890120108114,1.0
ES2,2,8,10.1002/app.42304,9,explore_offset_q_aware,60,60,1.7247890120108114,1.0
ES2,2,8,10.1002/app.42304,9,naive,4,9,0.6115671110153116,0.4444444444444444
ES2,2,8,10.1002/pi.4314,6,aware,6,6,1.7247890120108114,1.0
ES2,2,8,10.1002/pi.4314,6,naive,0,6,0.6115671110153116,0.0
ES2,2,8,10.1016/j.memsci.2018.06.050,3,aware,3,3,1.7247890120108114,1.0
ES2,2,8,10.1016/j.memsci.2018.06.050,3,naive,1,3,0.6115671110153116,0.3333333333333333
ES2,2,8,10.1515/epoly-2018-0037,4,aware,4,4,1.7247890120108114,1.0
ES2,2,8,10.1515/epoly-2018-0037,4,naive,0,4,0.6115671110153116,0.0
ES2,2,9,10.1007/s10853-013-7341-6,8,anchor,50,50,1.152376218330835,1.0
ES2,2,9,10.1007/s10853-013-7341-6,8,aware,8,8,2.0644936630477746,1.0
ES2,2,9,10.1007/s10853-013-7341-6,8,aware_on_anchor_rows,50,50,2.0644936630477746,1.0
ES2,2,9,10.1007/s10853-013-7341-6,8,explore_offset_q_aware,50,50,2.0644936630477746,1.0
ES2,2,9,10.1007/s10853-013-7341-6,8,naive,4,8,0.6179275678425027,0.5
ES2,2,9,10.1016/j.memsci.2013.01.023,7,aware,7,7,2.0644936630477746,1.0
ES2,2,9,10.1016/j.memsci.2013.01.023,7,naive,0,7,0.6179275678425027,0.0
ES2,2,9,10.1016/j.polymertesting.2019.106218,3,aware,3,3,2.0644936630477746,1.0
ES2,2,9,10.1016/j.polymertesting.2019.106218,3,naive,0,3,0.6179275678425027,0.0
ES2,2,9,10.1515/epoly.2008.8.1.1758,4,aware,4,4,2.0644936630477746,1.0
ES2,2,9,10.1515/epoly.2008.8.1.1758,4,naive,4,4,0.6179275678425027,1.0
ES2,3,0,10.1117/12.837918,56,anchor,268,530,0.6745673596574064,0.5056603773584906
ES2,3,0,10.1117/12.837918,56,aware,19,56,1.2130566181265596,0.3392857142857143
ES2,3,0,10.1117/12.837918,56,aware_on_anchor_rows,182,530,1.2130566181265596,0.3433962264150943
ES2,3,0,10.1117/12.837918,56,explore_offset_q_aware,426,530,1.2130566181265596,0.8037735849056604
ES2,3,0,10.1117/12.837918,56,naive,13,56,0.7148696389434557,0.23214285714285715
ES2,3,1,10.1088/1757-899x/230/1/012043,32,anchor,290,290,1.1141597590436585,1.0
ES2,3,1,10.1088/1757-899x/230/1/012043,32,aware,31,32,1.7300812295516188,0.96875
ES2,3,1,10.1088/1757-899x/230/1/012043,32,aware_on_anchor_rows,281,290,1.7300812295516188,0.9689655172413794
ES2,3,1,10.1088/1757-899x/230/1/012043,32,explore_offset_q_aware,290,290,1.7300812295516188,1.0
ES2,3,1,10.1088/1757-899x/230/1/012043,32,naive,0,32,0.6562388257115259,0.0
ES2,3,2,FERN lab experiment data ,25,anchor,220,220,1.149263082928477,1.0
ES2,3,2,FERN lab experiment data ,25,aware,25,25,1.7756238548714205,1.0
ES2,3,2,FERN lab experiment data ,25,aware_on_anchor_rows,220,220,1.7756238548714205,1.0
ES2,3,2,FERN lab experiment data ,25,explore_offset_q_aware,220,220,1.7756238548714205,1.0
ES2,3,2,FERN lab experiment data ,25,naive,25,25,0.6326828623516016,1.0
ES2,3,3,10.1007/s10965-014-0571-8,18,anchor,131,150,1.0224723930774868,0.8733333333333333
ES2,3,3,10.1007/s10965-014-0571-8,18,aware,18,18,1.7721375157955404,1.0
ES2,3,3,10.1007/s10965-014-0571-8,18,aware_on_anchor_rows,150,150,1.7721375157955404,1.0
ES2,3,3,10.1007/s10965-014-0571-8,18,explore_offset_q_aware,150,150,1.7721375157955404,1.0
ES2,3,3,10.1007/s10965-014-0571-8,18,naive,7,18,0.5549055900395317,0.3888888888888889
ES2,3,3,10.1515/epoly-2018-0037,4,aware,4,4,1.7721375157955404,1.0
ES2,3,3,10.1515/epoly-2018-0037,4,naive,0,4,0.5549055900395317,0.0
ES2,3,4,10.1007/s40204-017-0071-0,13,anchor,100,100,1.1614987662388354,1.0
ES2,3,4,10.1007/s40204-017-0071-0,13,aware,13,13,1.7878843283709616,1.0
ES2,3,4,10.1007/s40204-017-0071-0,13,aware_on_anchor_rows,100,100,1.7878843283709616,1.0
ES2,3,4,10.1007/s40204-017-0071-0,13,explore_offset_q_aware,100,100,1.7878843283709616,1.0
ES2,3,4,10.1007/s40204-017-0071-0,13,naive,8,13,0.6412511759382493,0.6153846153846154
ES2,3,4,10.1016/j.polymertesting.2019.106218,3,aware,3,3,1.7878843283709616,1.0
ES2,3,4,10.1016/j.polymertesting.2019.106218,3,naive,0,3,0.6412511759382493,0.0
ES2,3,4,10.1088/1748-6041/8/4/045007,5,aware,5,5,1.7878843283709616,1.0
ES2,3,4,10.1088/1748-6041/8/4/045007,5,naive,0,5,0.6412511759382493,0.0
ES2,3,4,10.3390/fib8100065,2,aware,2,2,1.7878843283709616,1.0
ES2,3,4,10.3390/fib8100065,2,naive,2,2,0.6412511759382493,1.0
ES2,3,5,10.1002/marc.200700544,4,aware,4,4,1.804461028735851,1.0
ES2,3,5,10.1002/marc.200700544,4,naive,3,4,0.5823596777841633,0.75
ES2,3,5,10.1016/j.memsci.2013.11.056,5,aware,5,5,1.804461028735851,1.0
ES2,3,5,10.1016/j.memsci.2013.11.056,5,naive,0,5,0.5823596777841633,0.0
ES2,3,5,10.1080/1539445x.2010.495630,12,anchor,88,90,1.1413807028709593,0.9777777777777777
ES2,3,5,10.1080/1539445x.2010.495630,12,aware,12,12,1.804461028735851,1.0
ES2,3,5,10.1080/1539445x.2010.495630,12,aware_on_anchor_rows,90,90,1.804461028735851,1.0
ES2,3,5,10.1080/1539445x.2010.495630,12,explore_offset_q_aware,90,90,1.804461028735851,1.0
ES2,3,5,10.1080/1539445x.2010.495630,12,naive,10,12,0.5823596777841633,0.8333333333333334
ES2,3,6,10.1016/j.mseb.2006.03.035,4,aware,4,4,1.6984867151387144,1.0
ES2,3,6,10.1016/j.mseb.2006.03.035,4,naive,3,4,0.644501708703678,0.75
ES2,3,6,10.1021/acsami.0c02578,2,aware,2,2,1.6984867151387144,1.0
ES2,3,6,10.1021/acsami.0c02578,2,naive,2,2,0.644501708703678,1.0
ES2,3,6,10.1080/10236660802190963,5,aware,5,5,1.6984867151387144,1.0
ES2,3,6,10.1080/10236660802190963,5,naive,5,5,0.644501708703678,1.0
ES2,3,6,"K. Castkova, J. Kastyl, D. Sobola, J. Petrus, E. Stast-, Str",11,anchor,80,80,1.1190248714063988,1.0
ES2,3,6,"K. Castkova, J. Kastyl, D. Sobola, J. Petrus, E. Stast-, Str",11,aware,10,11,1.6984867151387144,0.9090909090909091
ES2,3,6,"K. Castkova, J. Kastyl, D. Sobola, J. Petrus, E. Stast-, Str",11,aware_on_anchor_rows,76,80,1.6984867151387144,0.95
ES2,3,6,"K. Castkova, J. Kastyl, D. Sobola, J. Petrus, E. Stast-, Str",11,explore_offset_q_aware,80,80,1.6984867151387144,1.0
ES2,3,6,"K. Castkova, J. Kastyl, D. Sobola, J. Petrus, E. Stast-, Str",11,naive,0,11,0.644501708703678,0.0
ES2,3,7,10.1016/j.matlet.2015.08.003,5,aware,4,5,1.733733373246685,0.8
ES2,3,7,10.1016/j.matlet.2015.08.003,5,naive,1,5,0.6505377448274832,0.2
ES2,3,7,10.1021/cm060223+,6,aware,6,6,1.733733373246685,1.0
ES2,3,7,10.1021/cm060223+,6,naive,1,6,0.6505377448274832,0.16666666666666666
ES2,3,7,10.4236/msa.2010.14036,2,aware,2,2,1.733733373246685,1.0
ES2,3,7,10.4236/msa.2010.14036,2,naive,1,2,0.6505377448274832,0.5
ES2,3,7,"D.D. Pise, B.B. Ahuja, S.M. Shendokar, Study of Process Para",9,anchor,60,60,1.1333458115637909,1.0
ES2,3,7,"D.D. Pise, B.B. Ahuja, S.M. Shendokar, Study of Process Para",9,aware,9,9,1.733733373246685,1.0
ES2,3,7,"D.D. Pise, B.B. Ahuja, S.M. Shendokar, Study of Process Para",9,aware_on_anchor_rows,60,60,1.733733373246685,1.0
ES2,3,7,"D.D. Pise, B.B. Ahuja, S.M. Shendokar, Study of Process Para",9,explore_offset_q_aware,60,60,1.733733373246685,1.0
ES2,3,7,"D.D. Pise, B.B. Ahuja, S.M. Shendokar, Study of Process Para",9,naive,9,9,0.6505377448274832,1.0
ES2,3,8,10.1002/app.21762,3,aware,3,3,1.7504864951694057,1.0
ES2,3,8,10.1002/app.21762,3,naive,3,3,0.7145385692858532,1.0
ES2,3,8,10.1002/app.42304,9,anchor,60,60,1.192502826519611,1.0
ES2,3,8,10.1002/app.42304,9,aware,9,9,1.7504864951694057,1.0
ES2,3,8,10.1002/app.42304,9,aware_on_anchor_rows,60,60,1.7504864951694057,1.0
ES2,3,8,10.1002/app.42304,9,explore_offset_q_aware,60,60,1.7504864951694057,1.0
ES2,3,8,10.1002/app.42304,9,naive,7,9,0.7145385692858532,0.7777777777777778
ES2,3,8,10.1002/pi.4314,6,aware,6,6,1.7504864951694057,1.0
ES2,3,8,10.1002/pi.4314,6,naive,0,6,0.7145385692858532,0.0
ES2,3,8,10.1109/-no.2013.6720964,4,aware,4,4,1.7504864951694057,1.0
ES2,3,8,10.1109/-no.2013.6720964,4,naive,4,4,0.7145385692858532,1.0
ES2,3,9,10.1007/s10853-013-7341-6,8,anchor,50,50,1.1677929338963424,1.0
ES2,3,9,10.1007/s10853-013-7341-6,8,aware,8,8,2.028143008496245,1.0
ES2,3,9,10.1007/s10853-013-7341-6,8,aware_on_anchor_rows,50,50,2.028143008496245,1.0
ES2,3,9,10.1007/s10853-013-7341-6,8,explore_offset_q_aware,50,50,2.028143008496245,1.0
ES2,3,9,10.1007/s10853-013-7341-6,8,naive,2,8,0.5848829403147637,0.25
ES2,3,9,10.1016/j.memsci.2013.01.023,7,aware,7,7,2.028143008496245,1.0
ES2,3,9,10.1016/j.memsci.2013.01.023,7,naive,0,7,0.5848829403147637,0.0
ES2,3,9,10.1016/j.memsci.2018.06.050,3,aware,3,3,2.028143008496245,1.0
ES2,3,9,10.1016/j.memsci.2018.06.050,3,naive,1,3,0.5848829403147637,0.3333333333333333
ES2,3,9,10.1515/epoly.2008.8.1.1758,4,aware,4,4,2.028143008496245,1.0
ES2,3,9,10.1515/epoly.2008.8.1.1758,4,naive,4,4,0.5848829403147637,1.0
ES2,4,0,10.1117/12.837918,56,anchor,283,530,0.7237256213205129,0.5339622641509434
ES2,4,0,10.1117/12.837918,56,aware,19,56,1.299940662718252,0.3392857142857143
ES2,4,0,10.1117/12.837918,56,aware_on_anchor_rows,178,530,1.299940662718252,0.33584905660377357
ES2,4,0,10.1117/12.837918,56,explore_offset_q_aware,416,530,1.299940662718252,0.7849056603773585
ES2,4,0,10.1117/12.837918,56,naive,11,56,0.6688561756721478,0.19642857142857142
ES2,4,1,10.1088/1757-899x/230/1/012043,32,anchor,290,290,1.083657833172544,1.0
ES2,4,1,10.1088/1757-899x/230/1/012043,32,aware,31,32,1.7176340977926523,0.96875
ES2,4,1,10.1088/1757-899x/230/1/012043,32,aware_on_anchor_rows,281,290,1.7176340977926523,0.9689655172413794
ES2,4,1,10.1088/1757-899x/230/1/012043,32,explore_offset_q_aware,290,290,1.7176340977926523,1.0
ES2,4,1,10.1088/1757-899x/230/1/012043,32,naive,2,32,0.6847244634804621,0.0625
ES2,4,2,FERN lab experiment data ,25,anchor,220,220,1.2489057810289963,1.0
ES2,4,2,FERN lab experiment data ,25,aware,25,25,1.789624346117118,1.0
ES2,4,2,FERN lab experiment data ,25,aware_on_anchor_rows,220,220,1.789624346117118,1.0
ES2,4,2,FERN lab experiment data ,25,explore_offset_q_aware,220,220,1.789624346117118,1.0
ES2,4,2,FERN lab experiment data ,25,naive,25,25,0.6743536485863073,1.0
ES2,4,3,10.1007/s10965-014-0571-8,18,anchor,126,150,1.0988811032775951,0.84
ES2,4,3,10.1007/s10965-014-0571-8,18,aware,18,18,1.7727347325161942,1.0
ES2,4,3,10.1007/s10965-014-0571-8,18,aware_on_anchor_rows,150,150,1.7727347325161942,1.0
ES2,4,3,10.1007/s10965-014-0571-8,18,explore_offset_q_aware,150,150,1.7727347325161942,1.0
ES2,4,3,10.1007/s10965-014-0571-8,18,naive,7,18,0.613851653790455,0.3888888888888889
ES2,4,3,10.1016/j.mseb.2006.03.035,4,aware,4,4,1.7727347325161942,1.0
ES2,4,3,10.1016/j.mseb.2006.03.035,4,naive,4,4,0.613851653790455,1.0
ES2,4,4,10.1007/s40204-017-0071-0,13,anchor,100,100,0.9924491203848862,1.0
ES2,4,4,10.1007/s40204-017-0071-0,13,aware,13,13,1.7687303269075452,1.0
ES2,4,4,10.1007/s40204-017-0071-0,13,aware_on_anchor_rows,100,100,1.7687303269075452,1.0
ES2,4,4,10.1007/s40204-017-0071-0,13,explore_offset_q_aware,100,100,1.7687303269075452,1.0
ES2,4,4,10.1007/s40204-017-0071-0,13,naive,7,13,0.6203109637310225,0.5384615384615384
ES2,4,4,10.1016/j.memsci.2018.06.050,3,aware,3,3,1.7687303269075452,1.0
ES2,4,4,10.1016/j.memsci.2018.06.050,3,naive,2,3,0.6203109637310225,0.6666666666666666
ES2,4,4,10.1021/acsami.0c02578,2,aware,2,2,1.7687303269075452,1.0
ES2,4,4,10.1021/acsami.0c02578,2,naive,2,2,0.6203109637310225,1.0
ES2,4,4,10.1088/1748-6041/8/4/045007,5,aware,5,5,1.7687303269075452,1.0
ES2,4,4,10.1088/1748-6041/8/4/045007,5,naive,0,5,0.6203109637310225,0.0
ES2,4,5,10.1016/j.matlet.2015.08.003,5,aware,4,5,1.7741128952347376,0.8
ES2,4,5,10.1016/j.matlet.2015.08.003,5,naive,1,5,0.6097484936030764,0.2
ES2,4,5,10.1080/1539445x.2010.495630,12,anchor,90,90,1.1753355274385155,1.0
ES2,4,5,10.1080/1539445x.2010.495630,12,aware,12,12,1.7741128952347376,1.0
ES2,4,5,10.1080/1539445x.2010.495630,12,aware_on_anchor_rows,90,90,1.7741128952347376,1.0
ES2,4,5,10.1080/1539445x.2010.495630,12,explore_offset_q_aware,90,90,1.7741128952347376,1.0
ES2,4,5,10.1080/1539445x.2010.495630,12,naive,7,12,0.6097484936030764,0.5833333333333334
ES2,4,5,10.1515/epoly.2008.8.1.1758,4,aware,4,4,1.7741128952347376,1.0
ES2,4,5,10.1515/epoly.2008.8.1.1758,4,naive,4,4,0.6097484936030764,1.0
ES2,4,6,10.1016/j.memsci.2013.11.056,5,aware,5,5,1.7073328098409537,1.0
ES2,4,6,10.1016/j.memsci.2013.11.056,5,naive,0,5,0.6167881280935736,0.0
ES2,4,6,10.1515/epoly-2018-0037,4,aware,4,4,1.7073328098409537,1.0
ES2,4,6,10.1515/epoly-2018-0037,4,naive,0,4,0.6167881280935736,0.0
ES2,4,6,10.3390/fib8100065,2,aware,2,2,1.7073328098409537,1.0
ES2,4,6,10.3390/fib8100065,2,naive,1,2,0.6167881280935736,0.5
ES2,4,6,"K. Castkova, J. Kastyl, D. Sobola, J. Petrus, E. Stast-, Str",11,anchor,80,80,0.9444379895840658,1.0
ES2,4,6,"K. Castkova, J. Kastyl, D. Sobola, J. Petrus, E. Stast-, Str",11,aware,10,11,1.7073328098409537,0.9090909090909091
ES2,4,6,"K. Castkova, J. Kastyl, D. Sobola, J. Petrus, E. Stast-, Str",11,aware_on_anchor_rows,75,80,1.7073328098409537,0.9375
ES2,4,6,"K. Castkova, J. Kastyl, D. Sobola, J. Petrus, E. Stast-, Str",11,explore_offset_q_aware,80,80,1.7073328098409537,1.0
ES2,4,6,"K. Castkova, J. Kastyl, D. Sobola, J. Petrus, E. Stast-, Str",11,naive,0,11,0.6167881280935736,0.0
ES2,4,7,10.1002/pi.4314,6,aware,6,6,1.7532848724507604,1.0
ES2,4,7,10.1002/pi.4314,6,naive,0,6,0.6409012830683753,0.0
ES2,4,7,10.1080/10236660802190963,5,aware,5,5,1.7532848724507604,1.0
ES2,4,7,10.1080/10236660802190963,5,naive,5,5,0.6409012830683753,1.0
ES2,4,7,10.4236/msa.2010.14036,2,aware,2,2,1.7532848724507604,1.0
ES2,4,7,10.4236/msa.2010.14036,2,naive,2,2,0.6409012830683753,1.0
ES2,4,7,"D.D. Pise, B.B. Ahuja, S.M. Shendokar, Study of Process Para",9,anchor,60,60,1.1613009259101748,1.0
ES2,4,7,"D.D. Pise, B.B. Ahuja, S.M. Shendokar, Study of Process Para",9,aware,9,9,1.7532848724507604,1.0
ES2,4,7,"D.D. Pise, B.B. Ahuja, S.M. Shendokar, Study of Process Para",9,aware_on_anchor_rows,60,60,1.7532848724507604,1.0
ES2,4,7,"D.D. Pise, B.B. Ahuja, S.M. Shendokar, Study of Process Para",9,explore_offset_q_aware,60,60,1.7532848724507604,1.0
ES2,4,7,"D.D. Pise, B.B. Ahuja, S.M. Shendokar, Study of Process Para",9,naive,8,9,0.6409012830683753,0.8888888888888888
ES2,4,8,10.1002/app.42304,9,anchor,60,60,1.0718684269653005,1.0
ES2,4,8,10.1002/app.42304,9,aware,9,9,1.806468936202906,1.0
ES2,4,8,10.1002/app.42304,9,aware_on_anchor_rows,60,60,1.806468936202906,1.0
ES2,4,8,10.1002/app.42304,9,explore_offset_q_aware,60,60,1.806468936202906,1.0
ES2,4,8,10.1002/app.42304,9,naive,6,9,0.6092419870694763,0.6666666666666666
ES2,4,8,10.1002/marc.200700544,4,aware,4,4,1.806468936202906,1.0
ES2,4,8,10.1002/marc.200700544,4,naive,3,4,0.6092419870694763,0.75
ES2,4,8,10.1016/j.polymertesting.2019.106218,3,aware,3,3,1.806468936202906,1.0
ES2,4,8,10.1016/j.polymertesting.2019.106218,3,naive,0,3,0.6092419870694763,0.0
ES2,4,8,10.1021/cm060223+,6,aware,6,6,1.806468936202906,1.0
ES2,4,8,10.1021/cm060223+,6,naive,1,6,0.6092419870694763,0.16666666666666666
ES2,4,9,10.1002/app.21762,3,aware,3,3,2.102087881450818,1.0
ES2,4,9,10.1002/app.21762,3,naive,3,3,0.6316553989674203,1.0
ES2,4,9,10.1007/s10853-013-7341-6,8,anchor,50,50,1.2355143529903194,1.0
ES2,4,9,10.1007/s10853-013-7341-6,8,aware,8,8,2.102087881450818,1.0
ES2,4,9,10.1007/s10853-013-7341-6,8,aware_on_anchor_rows,50,50,2.102087881450818,1.0
ES2,4,9,10.1007/s10853-013-7341-6,8,explore_offset_q_aware,50,50,2.102087881450818,1.0
ES2,4,9,10.1007/s10853-013-7341-6,8,naive,2,8,0.6316553989674203,0.25
ES2,4,9,10.1016/j.memsci.2013.01.023,7,aware,7,7,2.102087881450818,1.0
ES2,4,9,10.1016/j.memsci.2013.01.023,7,naive,0,7,0.6316553989674203,0.0
ES2,4,9,10.1109/-no.2013.6720964,4,aware,4,4,2.102087881450818,1.0
ES2,4,9,10.1109/-no.2013.6720964,4,naive,4,4,0.6316553989674203,1.0
IL_CELL,0,0,"Green Chem., 2014, 16,1326",117,anchor,1008,1140,22.259575358632155,0.8842105263157894
IL_CELL,0,0,"Green Chem., 2014, 16,1326",117,aware,111,117,23.41864814814816,0.9487179487179487
IL_CELL,0,0,"Green Chem., 2014, 16,1326",117,aware_on_anchor_rows,1080,1140,23.41864814814816,0.9473684210526315
IL_CELL,0,0,"Green Chem., 2014, 16,1326",117,explore_offset_q_aware,1021,1140,23.41864814814816,0.8956140350877193
IL_CELL,0,0,"Green Chem., 2014, 16,1326",117,naive,77,117,14.58649422929452,0.6581196581196581
IL_CELL,0,1,"Macromolecules 2018, 51, 4158âˆ’4166",84,anchor,582,810,20.306045712640845,0.7185185185185186
IL_CELL,0,1,"Macromolecules 2018, 51, 4158âˆ’4166",84,aware,69,84,21.01428264974934,0.8214285714285714
IL_CELL,0,1,"Macromolecules 2018, 51, 4158âˆ’4166",84,aware_on_anchor_rows,667,810,21.01428264974934,0.8234567901234567
IL_CELL,0,1,"Macromolecules 2018, 51, 4158âˆ’4166",84,explore_offset_q_aware,602,810,21.01428264974934,0.7432098765432099
IL_CELL,0,1,"Macromolecules 2018, 51, 4158âˆ’4166",84,naive,40,84,11.997224342302657,0.47619047619047616
IL_CELL,0,2,"Macromolecules 2020, 53, 3284âˆ’3295",59,anchor,489,560,22.962385927398252,0.8732142857142857
IL_CELL,0,2,"Macromolecules 2020, 53, 3284âˆ’3295",59,aware,46,59,21.20561934389556,0.7796610169491526
IL_CELL,0,2,"Macromolecules 2020, 53, 3284âˆ’3295",59,aware_on_anchor_rows,439,560,21.20561934389556,0.7839285714285714
IL_CELL,0,2,"Macromolecules 2020, 53, 3284âˆ’3295",59,explore_offset_q_aware,479,560,21.20561934389556,0.8553571428571428
IL_CELL,0,2,"Macromolecules 2020, 53, 3284âˆ’3295",59,naive,28,59,14.116582221857934,0.4745762711864407
IL_CELL,0,3,A. Xu et al. / Journal of Molecular Liquids 197 (2014) 211â€“214,4,aware,4,4,22.393465975798627,1.0
IL_CELL,0,3,A. Xu et al. / Journal of Molecular Liquids 197 (2014) 211â€“214,4,naive,4,4,13.46580029639648,1.0
IL_CELL,0,3,"Macromol. Biosci. 2007, 7, 440â€“445",7,aware,7,7,22.393465975798627,1.0
IL_CELL,0,3,"Macromol. Biosci. 2007, 7, 440â€“445",7,naive,6,7,13.46580029639648,0.8571428571428571
IL_CELL,0,3,Y. Zhang et al. / Carbohydrate Polymers 117 (2015) 666â€“672,49,anchor,396,460,21.76008501179863,0.8608695652173913
IL_CELL,0,3,Y. Zhang et al. / Carbohydrate Polymers 117 (2015) 666â€“672,49,aware,46,49,22.393465975798627,0.9387755102040817
IL_CELL,0,3,Y. Zhang et al. / Carbohydrate Polymers 117 (2015) 666â€“672,49,aware_on_anchor_rows,431,460,22.393465975798627,0.9369565217391305
IL_CELL,0,3,Y. Zhang et al. / Carbohydrate Polymers 117 (2015) 666â€“672,49,explore_offset_q_aware,399,460,22.393465975798627,0.8673913043478261
IL_CELL,0,3,Y. Zhang et al. / Carbohydrate Polymers 117 (2015) 666â€“672,49,naive,31,49,13.46580029639648,0.6326530612244898
IL_CELL,0,4,European Polymer Journal 92 (2017) 204â€“212,8,anchor,50,50,23.27273939194326,1.0
IL_CELL,0,4,European Polymer Journal 92 (2017) 204â€“212,8,aware,8,8,22.22410597921664,1.0
IL_CELL,0,4,European Polymer Journal 92 (2017) 204â€“212,8,aware_on_anchor_rows,50,50,22.22410597921664,1.0
IL_CELL,0,4,European Polymer Journal 92 (2017) 204â€“212,8,explore_offset_q_aware,50,50,22.22410597921664,1.0
IL_CELL,0,4,European Polymer Journal 92 (2017) 204â€“212,8,naive,8,8,14.173688275708106,1.0
IL_CELL,0,4,J Chem Technol Biotechnol 2009; 84: 1818â€“1827,2,aware,2,2,22.22410597921664,1.0
IL_CELL,0,4,J Chem Technol Biotechnol 2009; 84: 1818â€“1827,2,naive,2,2,14.173688275708106,1.0
IL_CELL,0,4,"New J. Chem., 2019,43, 4554-4561",5,aware,5,5,22.22410597921664,1.0
IL_CELL,0,4,"New J. Chem., 2019,43, 4554-4561",5,naive,5,5,14.173688275708106,1.0
IL_CELL,0,4,"RSC Adv., 2012, 2, 2476â€“2479",45,anchor,412,420,23.27273939194326,0.9809523809523809
IL_CELL,0,4,"RSC Adv., 2012, 2, 2476â€“2479",45,aware,45,45,22.22410597921664,1.0
IL_CELL,0,4,"RSC Adv., 2012, 2, 2476â€“2479",45,aware_on_anchor_rows,420,420,22.22410597921664,1.0
IL_CELL,0,4,"RSC Adv., 2012, 2, 2476â€“2479",45,explore_offset_q_aware,406,420,22.22410597921664,0.9666666666666667
IL_CELL,0,4,"RSC Adv., 2012, 2, 2476â€“2479",45,naive,39,45,14.173688275708106,0.8666666666666667
IL_CELL,0,5,Baek et al. / Journal of Molecular Liquids 234 (2017) 111â€“116,12,anchor,85,90,21.732179152206584,0.9444444444444444
IL_CELL,0,5,Baek et al. / Journal of Molecular Liquids 234 (2017) 111â€“116,12,aware,11,12,22.20484363380148,0.9166666666666666
IL_CELL,0,5,Baek et al. / Journal of Molecular Liquids 234 (2017) 111â€“116,12,aware_on_anchor_rows,81,90,22.20484363380148,0.9
IL_CELL,0,5,Baek et al. / Journal of Molecular Liquids 234 (2017) 111â€“116,12,explore_offset_q_aware,86,90,22.20484363380148,0.9555555555555556
IL_CELL,0,5,Baek et al. / Journal of Molecular Liquids 234 (2017) 111â€“116,12,naive,10,12,13.642387024781598,0.8333333333333334
IL_CELL,0,5,D.G. Raut et al. / Carbohydrate Polymers 130 (2015) 18â€“25,4,aware,4,4,22.20484363380148,1.0
IL_CELL,0,5,D.G. Raut et al. / Carbohydrate Polymers 130 (2015) 18â€“25,4,naive,4,4,13.642387024781598,1.0
IL_CELL,0,5,"Green Chem., 2009,11, 417-424",33,anchor,290,300,21.732179152206584,0.9666666666666667
IL_CELL,0,5,"Green Chem., 2009,11, 417-424",33,aware,33,33,22.20484363380148,1.0
IL_CELL,0,5,"Green Chem., 2009,11, 417-424",33,aware_on_anchor_rows,300,300,22.20484363380148,1.0
IL_CELL,0,5,"Green Chem., 2009,11, 417-424",33,explore_offset_q_aware,291,300,22.20484363380148,0.97
IL_CELL,0,5,"Green Chem., 2009,11, 417-424",33,naive,28,33,13.642387024781598,0.8484848484848485
IL_CELL,0,5,"Ind. Eng. Chem. Res. 2010, 49, 11809â€“11813",8,anchor,50,50,21.732179152206584,1.0
IL_CELL,0,5,"Ind. Eng. Chem. Res. 2010, 49, 11809â€“11813",8,aware,8,8,22.20484363380148,1.0
IL_CELL,0,5,"Ind. Eng. Chem. Res. 2010, 49, 11809â€“11813",8,aware_on_anchor_rows,50,50,22.20484363380148,1.0
IL_CELL,0,5,"Ind. Eng. Chem. Res. 2010, 49, 11809â€“11813",8,explore_offset_q_aware,50,50,22.20484363380148,1.0
IL_CELL,0,5,"Ind. Eng. Chem. Res. 2010, 49, 11809â€“11813",8,naive,6,8,13.642387024781598,0.75
IL_CELL,0,5,Journal of Molecular Liquids 279 (2019) 120â€“126,3,aware,3,3,22.20484363380148,1.0
IL_CELL,0,5,Journal of Molecular Liquids 279 (2019) 120â€“126,3,naive,2,3,13.642387024781598,0.6666666666666666
IL_CELL,0,6,"Aust. J. Chem. 2019, 72, 55â€“60",6,aware,2,6,21.34111039338502,0.3333333333333333
IL_CELL,0,6,"Aust. J. Chem. 2019, 72, 55â€“60",6,naive,2,6,13.388265328007236,0.3333333333333333
IL_CELL,0,6,"Green Chem., 2010, 12, 268â€“275",32,anchor,289,290,22.86242405086916,0.996551724137931
IL_CELL,0,6,"Green Chem., 2010, 12, 268â€“275",32,aware,32,32,21.34111039338502,1.0
IL_CELL,0,6,"Green Chem., 2010, 12, 268â€“275",32,aware_on_anchor_rows,290,290,21.34111039338502,1.0
IL_CELL,0,6,"Green Chem., 2010, 12, 268â€“275",32,explore_offset_q_aware,289,290,21.34111039338502,0.996551724137931
IL_CELL,0,6,"Green Chem., 2010, 12, 268â€“275",32,naive,25,32,13.388265328007236,0.78125
IL_CELL,0,6,"New J. Chem., 2011, 35, 1596â€“1606",7,aware,5,7,21.34111039338502,0.7142857142857143
IL_CELL,0,6,"New J. Chem., 2011, 35, 1596â€“1606",7,naive,3,7,13.388265328007236,0.42857142857142855
IL_CELL,0,6,"Sci China Chem, 2016, 59: 1421â€“1429",13,anchor,92,100,22.86242405086916,0.92
IL_CELL,0,6,"Sci China Chem, 2016, 59: 1421â€“1429",13,aware,12,13,21.34111039338502,0.9230769230769231
IL_CELL,0,6,"Sci China Chem, 2016, 59: 1421â€“1429",13,aware_on_anchor_rows,90,100,21.34111039338502,0.9
IL_CELL,0,6,"Sci China Chem, 2016, 59: 1421â€“1429",13,explore_offset_q_aware,90,100,21.34111039338502,0.9
IL_CELL,0,6,"Sci China Chem, 2016, 59: 1421â€“1429",13,naive,10,13,13.388265328007236,0.7692307692307693
IL_CELL,0,7,"Green Chem., 2008, 10, 696â€“705",31,anchor,279,280,22.41423001276248,0.9964285714285714
IL_CELL,0,7,"Green Chem., 2008, 10, 696â€“705",31,aware,30,31,21.13367870280904,0.967741935483871
IL_CELL,0,7,"Green Chem., 2008, 10, 696â€“705",31,aware_on_anchor_rows,270,280,21.13367870280904,0.9642857142857143
IL_CELL,0,7,"Green Chem., 2008, 10, 696â€“705",31,explore_offset_q_aware,278,280,21.13367870280904,0.9928571428571429
IL_CELL,0,7,"Green Chem., 2008, 10, 696â€“705",31,naive,23,31,14.272613478224244,0.7419354838709677
IL_CELL,0,7,"Green Chem., 2012, 14, 304â€“307",15,anchor,120,120,22.41423001276248,1.0
IL_CELL,0,7,"Green Chem., 2012, 14, 304â€“307",15,aware,15,15,21.13367870280904,1.0
IL_CELL,0,7,"Green Chem., 2012, 14, 304â€“307",15,aware_on_anchor_rows,120,120,21.13367870280904,1.0
IL_CELL,0,7,"Green Chem., 2012, 14, 304â€“307",15,explore_offset_q_aware,120,120,21.13367870280904,1.0
IL_CELL,0,7,"Green Chem., 2012, 14, 304â€“307",15,naive,15,15,14.272613478224244,1.0
IL_CELL,0,7,"Ind. Eng. Chem. Res. 2019, 58, 16009âˆ’16017",4,aware,4,4,21.13367870280904,1.0
IL_CELL,0,7,"Ind. Eng. Chem. Res. 2019, 58, 16009âˆ’16017",4,naive,4,4,14.272613478224244,1.0
IL_CELL,0,7,"J. Phys. Chem. B 2019, 123, 3994âˆ’4003",7,aware,7,7,21.13367870280904,1.0
IL_CELL,0,7,"J. Phys. Chem. B 2019, 123, 3994âˆ’4003",7,naive,7,7,14.272613478224244,1.0
IL_CELL,0,7,"New J. Chem., 2019,43, 2299-2306",2,aware,0,2,21.13367870280904,0.0
IL_CELL,0,7,"New J. Chem., 2019,43, 2299-2306",2,naive,0,2,14.272613478224244,0.0
IL_CELL,0,8,"ChemSusChem 2012, 5, 388 â€“ 391",28,anchor,250,250,22.31281455836638,1.0
IL_CELL,0,8,"ChemSusChem 2012, 5, 388 â€“ 391",28,aware,28,28,20.66125357470804,1.0
IL_CELL,0,8,"ChemSusChem 2012, 5, 388 â€“ 391",28,aware_on_anchor_rows,250,250,20.66125357470804,1.0
IL_CELL,0,8,"ChemSusChem 2012, 5, 388 â€“ 391",28,explore_offset_q_aware,250,250,20.66125357470804,1.0
IL_CELL,0,8,"ChemSusChem 2012, 5, 388 â€“ 391",28,naive,26,28,14.00797724611129,0.9285714285714286
IL_CELL,0,8,I. GrÃ¸ssereid et al. / Journal of Molecular Liquids 292 (2019) 111353,16,anchor,130,130,22.31281455836638,1.0
IL_CELL,0,8,I. GrÃ¸ssereid et al. / Journal of Molecular Liquids 292 (2019) 111353,16,aware,9,16,20.66125357470804,0.5625
IL_CELL,0,8,I. GrÃ¸ssereid et al. / Journal of Molecular Liquids 292 (2019) 111353,16,aware_on_anchor_rows,70,130,20.66125357470804,0.5384615384615384
IL_CELL,0,8,I. GrÃ¸ssereid et al. / Journal of Molecular Liquids 292 (2019) 111353,16,explore_offset_q_aware,130,130,20.66125357470804,1.0
IL_CELL,0,8,I. GrÃ¸ssereid et al. / Journal of Molecular Liquids 292 (2019) 111353,16,naive,4,16,14.00797724611129,0.25
IL_CELL,0,8,"Molecules 2020, 25, 3539",4,aware,4,4,20.66125357470804,1.0
IL_CELL,0,8,"Molecules 2020, 25, 3539",4,naive,4,4,14.00797724611129,1.0
IL_CELL,0,8,"Phys. Chem. Chem. Phys., 2015, 17, 32276--32282",10,anchor,70,70,22.31281455836638,1.0
IL_CELL,0,8,"Phys. Chem. Chem. Phys., 2015, 17, 32276--32282",10,aware,10,10,20.66125357470804,1.0
IL_CELL,0,8,"Phys. Chem. Chem. Phys., 2015, 17, 32276--32282",10,aware_on_anchor_rows,70,70,20.66125357470804,1.0
IL_CELL,0,8,"Phys. Chem. Chem. Phys., 2015, 17, 32276--32282",10,explore_offset_q_aware,70,70,20.66125357470804,1.0
IL_CELL,0,8,"Phys. Chem. Chem. Phys., 2015, 17, 32276--32282",10,naive,10,10,14.00797724611129,1.0
IL_CELL,0,9,"Biotechnology and Bioengineering, Vol. 112, No. 1, January, 2015",21,anchor,180,180,21.99237593531828,1.0
IL_CELL,0,9,"Biotechnology and Bioengineering, Vol. 112, No. 1, January, 2015",21,aware,21,21,20.69534071030837,1.0
IL_CELL,0,9,"Biotechnology and Bioengineering, Vol. 112, No. 1, January, 2015",21,aware_on_anchor_rows,180,180,20.69534071030837,1.0
IL_CELL,0,9,"Biotechnology and Bioengineering, Vol. 112, No. 1, January, 2015",21,explore_offset_q_aware,180,180,20.69534071030837,1.0
IL_CELL,0,9,"Biotechnology and Bioengineering, Vol. 112, No. 1, January, 2015",21,naive,21,21,14.074499538290238,1.0
IL_CELL,0,9,Carbohydrate Polymers 229 (2020) 115594,11,anchor,80,80,21.99237593531828,1.0
IL_CELL,0,9,Carbohydrate Polymers 229 (2020) 115594,11,aware,9,11,20.69534071030837,0.8181818181818182
IL_CELL,0,9,Carbohydrate Polymers 229 (2020) 115594,11,aware_on_anchor_rows,69,80,20.69534071030837,0.8625
IL_CELL,0,9,Carbohydrate Polymers 229 (2020) 115594,11,explore_offset_q_aware,79,80,20.69534071030837,0.9875
IL_CELL,0,9,Carbohydrate Polymers 229 (2020) 115594,11,naive,8,11,14.074499538290238,0.7272727272727273
IL_CELL,0,9,"Green Chem., 2011, 13, 2719",2,aware,2,2,20.69534071030837,1.0
IL_CELL,0,9,"Green Chem., 2011, 13, 2719",2,naive,2,2,14.074499538290238,1.0
IL_CELL,0,9,"Green Chem., 2012, 14, 2922",6,aware,6,6,20.69534071030837,1.0
IL_CELL,0,9,"Green Chem., 2012, 14, 2922",6,naive,5,6,14.074499538290238,0.8333333333333334
IL_CELL,0,9,"RSC Adv., 2012, 2, 8429â€“8438",19,anchor,160,160,21.99237593531828,1.0
IL_CELL,0,9,"RSC Adv., 2012, 2, 8429â€“8438",19,aware,19,19,20.69534071030837,1.0
IL_CELL,0,9,"RSC Adv., 2012, 2, 8429â€“8438",19,aware_on_anchor_rows,160,160,20.69534071030837,1.0
IL_CELL,0,9,"RSC Adv., 2012, 2, 8429â€“8438",19,explore_offset_q_aware,160,160,20.69534071030837,1.0
IL_CELL,0,9,"RSC Adv., 2012, 2, 8429â€“8438",19,naive,18,19,14.074499538290238,0.9473684210526315
IL_CELL,1,0,"Green Chem., 2014, 16,1326",117,anchor,985,1140,21.302785216003045,0.8640350877192983
IL_CELL,1,0,"Green Chem., 2014, 16,1326",117,aware,110,117,22.970976984127013,0.9401709401709402
IL_CELL,1,0,"Green Chem., 2014, 16,1326",117,aware_on_anchor_rows,1072,1140,22.970976984127013,0.9403508771929825
IL_CELL,1,0,"Green Chem., 2014, 16,1326",117,explore_offset_q_aware,1009,1140,22.970976984127013,0.8850877192982456
IL_CELL,1,0,"Green Chem., 2014, 16,1326",117,naive,71,117,13.36554384366586,0.6068376068376068
IL_CELL,1,1,"Macromolecules 2018, 51, 4158âˆ’4166",84,anchor,605,810,20.43952784368392,0.7469135802469136
IL_CELL,1,1,"Macromolecules 2018, 51, 4158âˆ’4166",84,aware,69,84,21.256454797010043,0.8214285714285714
IL_CELL,1,1,"Macromolecules 2018, 51, 4158âˆ’4166",84,aware_on_anchor_rows,666,810,21.256454797010043,0.8222222222222222
IL_CELL,1,1,"Macromolecules 2018, 51, 4158âˆ’4166",84,explore_offset_q_aware,619,810,21.256454797010043,0.7641975308641975
IL_CELL,1,1,"Macromolecules 2018, 51, 4158âˆ’4166",84,naive,42,84,12.663962057600358,0.5
IL_CELL,1,2,"Macromolecules 2020, 53, 3284âˆ’3295",59,anchor,487,560,20.7800952865182,0.8696428571428572
IL_CELL,1,2,"Macromolecules 2020, 53, 3284âˆ’3295",59,aware,45,59,21.62682285029948,0.7627118644067796
IL_CELL,1,2,"Macromolecules 2020, 53, 3284âˆ’3295",59,aware_on_anchor_rows,428,560,21.62682285029948,0.7642857142857142
IL_CELL,1,2,"Macromolecules 2020, 53, 3284âˆ’3295",59,explore_offset_q_aware,499,560,21.62682285029948,0.8910714285714286
IL_CELL,1,2,"Macromolecules 2020, 53, 3284âˆ’3295",59,naive,24,59,14.233908600867869,0.4067796610169492
IL_CELL,1,3,A. Xu et al. / Journal of Molecular Liquids 197 (2014) 211â€“214,4,aware,4,4,22.670851454990864,1.0
IL_CELL,1,3,A. Xu et al. / Journal of Molecular Liquids 197 (2014) 211â€“214,4,naive,4,4,13.923656016693018,1.0
IL_CELL,1,3,"J. Phys. Chem. B 2019, 123, 3994âˆ’4003",7,aware,7,7,22.670851454990864,1.0
IL_CELL,1,3,"J. Phys. Chem. B 2019, 123, 3994âˆ’4003",7,naive,7,7,13.923656016693018,1.0
IL_CELL,1,3,Y. Zhang et al. / Carbohydrate Polymers 117 (2015) 666â€“672,49,anchor,403,460,21.59835118742715,0.8760869565217392
IL_CELL,1,3,Y. Zhang et al. / Carbohydrate Polymers 117 (2015) 666â€“672,49,aware,47,49,22.670851454990864,0.9591836734693877
IL_CELL,1,3,Y. Zhang et al. / Carbohydrate Polymers 117 (2015) 666â€“672,49,aware_on_anchor_rows,440,460,22.670851454990864,0.9565217391304348
IL_CELL,1,3,Y. Zhang et al. / Carbohydrate Polymers 117 (2015) 666â€“672,49,explore_offset_q_aware,412,460,22.670851454990864,0.8956521739130435
IL_CELL,1,3,Y. Zhang et al. / Carbohydrate Polymers 117 (2015) 666â€“672,49,naive,31,49,13.923656016693018,0.6326530612244898
IL_CELL,1,4,"Ind. Eng. Chem. Res. 2010, 49, 11809â€“11813",8,anchor,50,50,22.06512828672906,1.0
IL_CELL,1,4,"Ind. Eng. Chem. Res. 2010, 49, 11809â€“11813",8,aware,8,8,21.855994828301487,1.0
IL_CELL,1,4,"Ind. Eng. Chem. Res. 2010, 49, 11809â€“11813",8,aware_on_anchor_rows,50,50,21.855994828301487,1.0
IL_CELL,1,4,"Ind. Eng. Chem. Res. 2010, 49, 11809â€“11813",8,explore_offset_q_aware,50,50,21.855994828301487,1.0
IL_CELL,1,4,"Ind. Eng. Chem. Res. 2010, 49, 11809â€“11813",8,naive,1,8,13.787941086872976,0.125
IL_CELL,1,4,"New J. Chem., 2019,43, 2299-2306",2,aware,1,2,21.855994828301487,0.5
IL_CELL,1,4,"New J. Chem., 2019,43, 2299-2306",2,naive,0,2,13.787941086872976,0.0
IL_CELL,1,4,"New J. Chem., 2019,43, 4554-4561",5,aware,5,5,21.855994828301487,1.0
IL_CELL,1,4,"New J. Chem., 2019,43, 4554-4561",5,naive,5,5,13.787941086872976,1.0
IL_CELL,1,4,"RSC Adv., 2012, 2, 2476â€“2479",45,anchor,393,420,22.06512828672906,0.9357142857142857
IL_CELL,1,4,"RSC Adv., 2012, 2, 2476â€“2479",45,aware,45,45,21.855994828301487,1.0
IL_CELL,1,4,"RSC Adv., 2012, 2, 2476â€“2479",45,aware_on_anchor_rows,420,420,21.855994828301487,1.0
IL_CELL,1,4,"RSC Adv., 2012, 2, 2476â€“2479",45,explore_offset_q_aware,392,420,21.855994828301487,0.9333333333333333
IL_CELL,1,4,"RSC Adv., 2012, 2, 2476â€“2479",45,naive,36,45,13.787941086872976,0.8
IL_CELL,1,5,Baek et al. / Journal of Molecular Liquids 234 (2017) 111â€“116,12,anchor,86,90,21.483999513328325,0.9555555555555556
IL_CELL,1,5,Baek et al. / Journal of Molecular Liquids 234 (2017) 111â€“116,12,aware,11,12,22.771224168942094,0.9166666666666666
IL_CELL,1,5,Baek et al. / Journal of Molecular Liquids 234 (2017) 111â€“116,12,aware_on_anchor_rows,84,90,22.771224168942094,0.9333333333333333
IL_CELL,1,5,Baek et al. / Journal of Molecular Liquids 234 (2017) 111â€“116,12,explore_offset_q_aware,87,90,22.771224168942094,0.9666666666666667
IL_CELL,1,5,Baek et al. / Journal of Molecular Liquids 234 (2017) 111â€“116,12,naive,11,12,14.619406809286012,0.9166666666666666
IL_CELL,1,5,European Polymer Journal 92 (2017) 204â€“212,8,anchor,50,50,21.483999513328325,1.0
IL_CELL,1,5,European Polymer Journal 92 (2017) 204â€“212,8,aware,8,8,22.771224168942094,1.0
IL_CELL,1,5,European Polymer Journal 92 (2017) 204â€“212,8,aware_on_anchor_rows,50,50,22.771224168942094,1.0
IL_CELL,1,5,European Polymer Journal 92 (2017) 204â€“212,8,explore_offset_q_aware,50,50,22.771224168942094,1.0
IL_CELL,1,5,European Polymer Journal 92 (2017) 204â€“212,8,naive,7,8,14.619406809286012,0.875
IL_CELL,1,5,"Green Chem., 2009,11, 417-424",33,anchor,276,300,21.483999513328325,0.92
IL_CELL,1,5,"Green Chem., 2009,11, 417-424",33,aware,33,33,22.771224168942094,1.0
IL_CELL,1,5,"Green Chem., 2009,11, 417-424",33,aware_on_anchor_rows,300,300,22.771224168942094,1.0
IL_CELL,1,5,"Green Chem., 2009,11, 417-424",33,explore_offset_q_aware,280,300,22.771224168942094,0.9333333333333333
IL_CELL,1,5,"Green Chem., 2009,11, 417-424",33,naive,28,33,14.619406809286012,0.8484848484848485
IL_CELL,1,5,"Ind. Eng. Chem. Res. 2019, 58, 16009âˆ’16017",4,aware,4,4,22.771224168942094,1.0
IL_CELL,1,5,"Ind. Eng. Chem. Res. 2019, 58, 16009âˆ’16017",4,naive,4,4,14.619406809286012,1.0
IL_CELL,1,5,Journal of Molecular Liquids 279 (2019) 120â€“126,3,aware,3,3,22.771224168942094,1.0
IL_CELL,1,5,Journal of Molecular Liquids 279 (2019) 120â€“126,3,naive,2,3,14.619406809286012,0.6666666666666666
IL_CELL,1,6,"Aust. J. Chem. 2019, 72, 55â€“60",6,aware,2,6,21.901896181091423,0.3333333333333333
IL_CELL,1,6,"Aust. J. Chem. 2019, 72, 55â€“60",6,naive,2,6,13.93233440244839,0.3333333333333333
IL_CELL,1,6,"Green Chem., 2010, 12, 268â€“275",32,anchor,290,290,22.56136994994282,1.0
IL_CELL,1,6,"Green Chem., 2010, 12, 268â€“275",32,aware,32,32,21.901896181091423,1.0
IL_CELL,1,6,"Green Chem., 2010, 12, 268â€“275",32,aware_on_anchor_rows,290,290,21.901896181091423,1.0
IL_CELL,1,6,"Green Chem., 2010, 12, 268â€“275",32,explore_offset_q_aware,290,290,21.901896181091423,1.0
IL_CELL,1,6,"Green Chem., 2010, 12, 268â€“275",32,naive,26,32,13.93233440244839,0.8125
IL_CELL,1,6,"Macromol. Biosci. 2007, 7, 440â€“445",7,aware,6,7,21.901896181091423,0.8571428571428571
IL_CELL,1,6,"Macromol. Biosci. 2007, 7, 440â€“445",7,naive,6,7,13.93233440244839,0.8571428571428571
IL_CELL,1,6,"Sci China Chem, 2016, 59: 1421â€“1429",13,anchor,92,100,22.56136994994282,0.92
IL_CELL,1,6,"Sci China Chem, 2016, 59: 1421â€“1429",13,aware,12,13,21.901896181091423,0.9230769230769231
IL_CELL,1,6,"Sci China Chem, 2016, 59: 1421â€“1429",13,aware_on_anchor_rows,93,100,21.901896181091423,0.93
IL_CELL,1,6,"Sci China Chem, 2016, 59: 1421â€“1429",13,explore_offset_q_aware,92,100,21.901896181091423,0.92
IL_CELL,1,6,"Sci China Chem, 2016, 59: 1421â€“1429",13,naive,11,13,13.93233440244839,0.8461538461538461
IL_CELL,1,7,D.G. Raut et al. / Carbohydrate Polymers 130 (2015) 18â€“25,4,aware,4,4,21.283292385508624,1.0
IL_CELL,1,7,D.G. Raut et al. / Carbohydrate Polymers 130 (2015) 18â€“25,4,naive,4,4,14.346417858806737,1.0
IL_CELL,1,7,"Green Chem., 2008, 10, 696â€“705",31,anchor,280,280,22.153549661440312,1.0
IL_CELL,1,7,"Green Chem., 2008, 10, 696â€“705",31,aware,30,31,21.283292385508624,0.967741935483871
IL_CELL,1,7,"Green Chem., 2008, 10, 696â€“705",31,aware_on_anchor_rows,272,280,21.283292385508624,0.9714285714285714
IL_CELL,1,7,"Green Chem., 2008, 10, 696â€“705",31,explore_offset_q_aware,280,280,21.283292385508624,1.0
IL_CELL,1,7,"Green Chem., 2008, 10, 696â€“705",31,naive,25,31,14.346417858806737,0.8064516129032258
IL_CELL,1,7,"Green Chem., 2012, 14, 304â€“307",15,anchor,120,120,22.153549661440312,1.0
IL_CELL,1,7,"Green Chem., 2012, 14, 304â€“307",15,aware,15,15,21.283292385508624,1.0
IL_CELL,1,7,"Green Chem., 2012, 14, 304â€“307",15,aware_on_anchor_rows,120,120,21.283292385508624,1.0
IL_CELL,1,7,"Green Chem., 2012, 14, 304â€“307",15,explore_offset_q_aware,120,120,21.283292385508624,1.0
IL_CELL,1,7,"Green Chem., 2012, 14, 304â€“307",15,naive,15,15,14.346417858806737,1.0
IL_CELL,1,7,J Chem Technol Biotechnol 2009; 84: 1818â€“1827,2,aware,2,2,21.283292385508624,1.0
IL_CELL,1,7,J Chem Technol Biotechnol 2009; 84: 1818â€“1827,2,naive,2,2,14.346417858806737,1.0
IL_CELL,1,7,"New J. Chem., 2011, 35, 1596â€“1606",7,aware,4,7,21.283292385508624,0.5714285714285714
IL_CELL,1,7,"New J. Chem., 2011, 35, 1596â€“1606",7,naive,3,7,14.346417858806737,0.42857142857142855
IL_CELL,1,8,"ChemSusChem 2012, 5, 388 â€“ 391",28,anchor,248,250,20.81936341723179,0.992
IL_CELL,1,8,"ChemSusChem 2012, 5, 388 â€“ 391",28,aware,28,28,20.456475370403638,1.0
IL_CELL,1,8,"ChemSusChem 2012, 5, 388 â€“ 391",28,aware_on_anchor_rows,250,250,20.456475370403638,1.0
IL_CELL,1,8,"ChemSusChem 2012, 5, 388 â€“ 391",28,explore_offset_q_aware,248,250,20.456475370403638,0.992
IL_CELL,1,8,"ChemSusChem 2012, 5, 388 â€“ 391",28,naive,26,28,14.707346223274136,0.9285714285714286
IL_CELL,1,8,I. GrÃ¸ssereid et al. / Journal of Molecular Liquids 292 (2019) 111353,16,anchor,130,130,20.81936341723179,1.0
IL_CELL,1,8,I. GrÃ¸ssereid et al. / Journal of Molecular Liquids 292 (2019) 111353,16,aware,9,16,20.456475370403638,0.5625
IL_CELL,1,8,I. GrÃ¸ssereid et al. / Journal of Molecular Liquids 292 (2019) 111353,16,aware_on_anchor_rows,75,130,20.456475370403638,0.5769230769230769
IL_CELL,1,8,I. GrÃ¸ssereid et al. / Journal of Molecular Liquids 292 (2019) 111353,16,explore_offset_q_aware,130,130,20.456475370403638,1.0
IL_CELL,1,8,I. GrÃ¸ssereid et al. / Journal of Molecular Liquids 292 (2019) 111353,16,naive,6,16,14.707346223274136,0.375
IL_CELL,1,8,"Molecules 2020, 25, 3539",4,aware,4,4,20.456475370403638,1.0
IL_CELL,1,8,"Molecules 2020, 25, 3539",4,naive,4,4,14.707346223274136,1.0
IL_CELL,1,8,"Phys. Chem. Chem. Phys., 2015, 17, 32276--32282",10,anchor,70,70,20.81936341723179,1.0
IL_CELL,1,8,"Phys. Chem. Chem. Phys., 2015, 17, 32276--32282",10,aware,10,10,20.456475370403638,1.0
IL_CELL,1,8,"Phys. Chem. Chem. Phys., 2015, 17, 32276--32282",10,aware_on_anchor_rows,70,70,20.456475370403638,1.0
IL_CELL,1,8,"Phys. Chem. Chem. Phys., 2015, 17, 32276--32282",10,explore_offset_q_aware,70,70,20.456475370403638,1.0
IL_CELL,1,8,"Phys. Chem. Chem. Phys., 2015, 17, 32276--32282",10,naive,10,10,14.707346223274136,1.0
IL_CELL,1,9,"Biotechnology and Bioengineering, Vol. 112, No. 1, January, 2015",21,anchor,180,180,22.24974746122198,1.0
IL_CELL,1,9,"Biotechnology and Bioengineering, Vol. 112, No. 1, January, 2015",21,aware,21,21,21.8117400876746,1.0
IL_CELL,1,9,"Biotechnology and Bioengineering, Vol. 112, No. 1, January, 2015",21,aware_on_anchor_rows,180,180,21.8117400876746,1.0
IL_CELL,1,9,"Biotechnology and Bioengineering, Vol. 112, No. 1, January, 2015",21,explore_offset_q_aware,180,180,21.8117400876746,1.0
IL_CELL,1,9,"Biotechnology and Bioengineering, Vol. 112, No. 1, January, 2015",21,naive,21,21,13.862102910605278,1.0
IL_CELL,1,9,Carbohydrate Polymers 229 (2020) 115594,11,anchor,74,80,22.24974746122198,0.925
IL_CELL,1,9,Carbohydrate Polymers 229 (2020) 115594,11,aware,9,11,21.8117400876746,0.8181818181818182
IL_CELL,1,9,Carbohydrate Polymers 229 (2020) 115594,11,aware_on_anchor_rows,66,80,21.8117400876746,0.825
IL_CELL,1,9,Carbohydrate Polymers 229 (2020) 115594,11,explore_offset_q_aware,74,80,21.8117400876746,0.925
IL_CELL,1,9,Carbohydrate Polymers 229 (2020) 115594,11,naive,8,11,13.862102910605278,0.7272727272727273
IL_CELL,1,9,"Green Chem., 2011, 13, 2719",2,aware,2,2,21.8117400876746,1.0
IL_CELL,1,9,"Green Chem., 2011, 13, 2719",2,naive,2,2,13.862102910605278,1.0
IL_CELL,1,9,"Green Chem., 2012, 14, 2922",6,aware,6,6,21.8117400876746,1.0
IL_CELL,1,9,"Green Chem., 2012, 14, 2922",6,naive,5,6,13.862102910605278,0.8333333333333334
IL_CELL,1,9,"RSC Adv., 2012, 2, 8429â€“8438",19,anchor,160,160,22.24974746122198,1.0
IL_CELL,1,9,"RSC Adv., 2012, 2, 8429â€“8438",19,aware,19,19,21.8117400876746,1.0
IL_CELL,1,9,"RSC Adv., 2012, 2, 8429â€“8438",19,aware_on_anchor_rows,160,160,21.8117400876746,1.0
IL_CELL,1,9,"RSC Adv., 2012, 2, 8429â€“8438",19,explore_offset_q_aware,160,160,21.8117400876746,1.0
IL_CELL,1,9,"RSC Adv., 2012, 2, 8429â€“8438",19,naive,18,19,13.862102910605278,0.9473684210526315
IL_CELL,2,0,"Green Chem., 2014, 16,1326",117,anchor,1016,1140,20.11302323232324,0.8912280701754386
IL_CELL,2,0,"Green Chem., 2014, 16,1326",117,aware,110,117,22.462349544450845,0.9401709401709402
IL_CELL,2,0,"Green Chem., 2014, 16,1326",117,aware_on_anchor_rows,1072,1140,22.462349544450845,0.9403508771929825
IL_CELL,2,0,"Green Chem., 2014, 16,1326",117,explore_offset_q_aware,1057,1140,22.462349544450845,0.9271929824561403
IL_CELL,2,0,"Green Chem., 2014, 16,1326",117,naive,74,117,13.617790109890104,0.6324786324786325
IL_CELL,2,1,"Macromolecules 2018, 51, 4158âˆ’4166",84,anchor,522,810,21.55969942413221,0.6444444444444445
IL_CELL,2,1,"Macromolecules 2018, 51, 4158âˆ’4166",84,aware,69,84,21.083315631542938,0.8214285714285714
IL_CELL,2,1,"Macromolecules 2018, 51, 4158âˆ’4166",84,aware_on_anchor_rows,668,810,21.083315631542938,0.8246913580246914
IL_CELL,2,1,"Macromolecules 2018, 51, 4158âˆ’4166",84,explore_offset_q_aware,514,810,21.083315631542938,0.6345679012345679
IL_CELL,2,1,"Macromolecules 2018, 51, 4158âˆ’4166",84,naive,44,84,12.251173112877048,0.5238095238095238
IL_CELL,2,2,"Macromolecules 2020, 53, 3284âˆ’3295",59,anchor,508,560,22.236597419933144,0.9071428571428571
IL_CELL,2,2,"Macromolecules 2020, 53, 3284âˆ’3295",59,aware,42,59,21.111510243028192,0.711864406779661
IL_CELL,2,2,"Macromolecules 2020, 53, 3284âˆ’3295",59,aware_on_anchor_rows,397,560,21.111510243028192,0.7089285714285715
IL_CELL,2,2,"Macromolecules 2020, 53, 3284âˆ’3295",59,explore_offset_q_aware,499,560,21.111510243028192,0.8910714285714286
IL_CELL,2,2,"Macromolecules 2020, 53, 3284âˆ’3295",59,naive,22,59,14.276056474090582,0.3728813559322034
IL_CELL,2,3,"Macromol. Biosci. 2007, 7, 440â€“445",7,aware,6,7,21.62488965847252,0.8571428571428571
IL_CELL,2,3,"Macromol. Biosci. 2007, 7, 440â€“445",7,naive,6,7,13.704966203205071,0.8571428571428571
IL_CELL,2,3,"Molecules 2020, 25, 3539",4,aware,4,4,21.62488965847252,1.0
IL_CELL,2,3,"Molecules 2020, 25, 3539",4,naive,4,4,13.704966203205071,1.0
IL_CELL,2,3,Y. Zhang et al. / Carbohydrate Polymers 117 (2015) 666â€“672,49,anchor,423,460,22.437777888108503,0.9195652173913044
IL_CELL,2,3,Y. Zhang et al. / Carbohydrate Polymers 117 (2015) 666â€“672,49,aware,46,49,21.62488965847252,0.9387755102040817
IL_CELL,2,3,Y. Zhang et al. / Carbohydrate Polymers 117 (2015) 666â€“672,49,aware_on_anchor_rows,431,460,21.62488965847252,0.9369565217391305
IL_CELL,2,3,Y. Zhang et al. / Carbohydrate Polymers 117 (2015) 666â€“672,49,explore_offset_q_aware,419,460,21.62488965847252,0.9108695652173913
IL_CELL,2,3,Y. Zhang et al. / Carbohydrate Polymers 117 (2015) 666â€“672,49,naive,31,49,13.704966203205071,0.6326530612244898
IL_CELL,2,4,"Ind. Eng. Chem. Res. 2010, 49, 11809â€“11813",8,anchor,50,50,21.83890505789481,1.0
IL_CELL,2,4,"Ind. Eng. Chem. Res. 2010, 49, 11809â€“11813",8,aware,8,8,21.71671533044763,1.0
IL_CELL,2,4,"Ind. Eng. Chem. Res. 2010, 49, 11809â€“11813",8,aware_on_anchor_rows,50,50,21.71671533044763,1.0
IL_CELL,2,4,"Ind. Eng. Chem. Res. 2010, 49, 11809â€“11813",8,explore_offset_q_aware,50,50,21.71671533044763,1.0
IL_CELL,2,4,"Ind. Eng. Chem. Res. 2010, 49, 11809â€“11813",8,naive,5,8,14.10170329720458,0.625
IL_CELL,2,4,J Chem Technol Biotechnol 2009; 84: 1818â€“1827,2,aware,2,2,21.71671533044763,1.0
IL_CELL,2,4,J Chem Technol Biotechnol 2009; 84: 1818â€“1827,2,naive,2,2,14.10170329720458,1.0
IL_CELL,2,4,"New J. Chem., 2019,43, 4554-4561",5,aware,5,5,21.71671533044763,1.0
IL_CELL,2,4,"New J. Chem., 2019,43, 4554-4561",5,naive,5,5,14.10170329720458,1.0
IL_CELL,2,4,"RSC Adv., 2012, 2, 2476â€“2479",45,anchor,408,420,21.83890505789481,0.9714285714285714
IL_CELL,2,4,"RSC Adv., 2012, 2, 2476â€“2479",45,aware,45,45,21.71671533044763,1.0
IL_CELL,2,4,"RSC Adv., 2012, 2, 2476â€“2479",45,aware_on_anchor_rows,420,420,21.71671533044763,1.0
IL_CELL,2,4,"RSC Adv., 2012, 2, 2476â€“2479",45,explore_offset_q_aware,405,420,21.71671533044763,0.9642857142857143
IL_CELL,2,4,"RSC Adv., 2012, 2, 2476â€“2479",45,naive,39,45,14.10170329720458,0.8666666666666667
IL_CELL,2,5,Baek et al. / Journal of Molecular Liquids 234 (2017) 111â€“116,12,anchor,85,90,20.87921607971732,0.9444444444444444
IL_CELL,2,5,Baek et al. / Journal of Molecular Liquids 234 (2017) 111â€“116,12,aware,11,12,22.139477259023487,0.9166666666666666
IL_CELL,2,5,Baek et al. / Journal of Molecular Liquids 234 (2017) 111â€“116,12,aware_on_anchor_rows,82,90,22.139477259023487,0.9111111111111111
IL_CELL,2,5,Baek et al. / Journal of Molecular Liquids 234 (2017) 111â€“116,12,explore_offset_q_aware,86,90,22.139477259023487,0.9555555555555556
IL_CELL,2,5,Baek et al. / Journal of Molecular Liquids 234 (2017) 111â€“116,12,naive,10,12,14.085189303393818,0.8333333333333334
IL_CELL,2,5,European Polymer Journal 92 (2017) 204â€“212,8,anchor,50,50,20.87921607971732,1.0
IL_CELL,2,5,European Polymer Journal 92 (2017) 204â€“212,8,aware,8,8,22.139477259023487,1.0
IL_CELL,2,5,European Polymer Journal 92 (2017) 204â€“212,8,aware_on_anchor_rows,50,50,22.139477259023487,1.0
IL_CELL,2,5,European Polymer Journal 92 (2017) 204â€“212,8,explore_offset_q_aware,50,50,22.139477259023487,1.0
IL_CELL,2,5,European Polymer Journal 92 (2017) 204â€“212,8,naive,7,8,14.085189303393818,0.875
IL_CELL,2,5,"Green Chem., 2009,11, 417-424",33,anchor,280,300,20.87921607971732,0.9333333333333333
IL_CELL,2,5,"Green Chem., 2009,11, 417-424",33,aware,33,33,22.139477259023487,1.0
IL_CELL,2,5,"Green Chem., 2009,11, 417-424",33,aware_on_anchor_rows,300,300,22.139477259023487,1.0
IL_CELL,2,5,"Green Chem., 2009,11, 417-424",33,explore_offset_q_aware,281,300,22.139477259023487,0.9366666666666666
IL_CELL,2,5,"Green Chem., 2009,11, 417-424",33,naive,28,33,14.085189303393818,0.8484848484848485
IL_CELL,2,5,"Ind. Eng. Chem. Res. 2019, 58, 16009âˆ’16017",4,aware,4,4,22.139477259023487,1.0
IL_CELL,2,5,"Ind. Eng. Chem. Res. 2019, 58, 16009âˆ’16017",4,naive,4,4,14.085189303393818,1.0
IL_CELL,2,5,Journal of Molecular Liquids 279 (2019) 120â€“126,3,aware,3,3,22.139477259023487,1.0
IL_CELL,2,5,Journal of Molecular Liquids 279 (2019) 120â€“126,3,naive,2,3,14.085189303393818,0.6666666666666666
IL_CELL,2,6,"Aust. J. Chem. 2019, 72, 55â€“60",6,aware,2,6,21.95044685533122,0.3333333333333333
IL_CELL,2,6,"Aust. J. Chem. 2019, 72, 55â€“60",6,naive,2,6,13.797720829325437,0.3333333333333333
IL_CELL,2,6,"Green Chem., 2010, 12, 268â€“275",32,anchor,290,290,21.81486556888328,1.0
IL_CELL,2,6,"Green Chem., 2010, 12, 268â€“275",32,aware,32,32,21.95044685533122,1.0
IL_CELL,2,6,"Green Chem., 2010, 12, 268â€“275",32,aware_on_anchor_rows,290,290,21.95044685533122,1.0
IL_CELL,2,6,"Green Chem., 2010, 12, 268â€“275",32,explore_offset_q_aware,290,290,21.95044685533122,1.0
IL_CELL,2,6,"Green Chem., 2010, 12, 268â€“275",32,naive,25,32,13.797720829325437,0.78125
IL_CELL,2,6,"New J. Chem., 2011, 35, 1596â€“1606",7,aware,5,7,21.95044685533122,0.7142857142857143
IL_CELL,2,6,"New J. Chem., 2011, 35, 1596â€“1606",7,naive,3,7,13.797720829325437,0.42857142857142855
IL_CELL,2,6,"Sci China Chem, 2016, 59: 1421â€“1429",13,anchor,91,100,21.81486556888328,0.91
IL_CELL,2,6,"Sci China Chem, 2016, 59: 1421â€“1429",13,aware,12,13,21.95044685533122,0.9230769230769231
IL_CELL,2,6,"Sci China Chem, 2016, 59: 1421â€“1429",13,aware_on_anchor_rows,93,100,21.95044685533122,0.93
IL_CELL,2,6,"Sci China Chem, 2016, 59: 1421â€“1429",13,explore_offset_q_aware,91,100,21.95044685533122,0.91
IL_CELL,2,6,"Sci China Chem, 2016, 59: 1421â€“1429",13,naive,11,13,13.797720829325437,0.8461538461538461
IL_CELL,2,7,A. Xu et al. / Journal of Molecular Liquids 197 (2014) 211â€“214,4,aware,4,4,22.50892565950051,1.0
IL_CELL,2,7,A. Xu et al. / Journal of Molecular Liquids 197 (2014) 211â€“214,4,naive,4,4,14.319876677338762,1.0
IL_CELL,2,7,"Green Chem., 2008, 10, 696â€“705",31,anchor,280,280,24.01879186826877,1.0
IL_CELL,2,7,"Green Chem., 2008, 10, 696â€“705",31,aware,31,31,22.50892565950051,1.0
IL_CELL,2,7,"Green Chem., 2008, 10, 696â€“705",31,aware_on_anchor_rows,280,280,22.50892565950051,1.0
IL_CELL,2,7,"Green Chem., 2008, 10, 696â€“705",31,explore_offset_q_aware,280,280,22.50892565950051,1.0
IL_CELL,2,7,"Green Chem., 2008, 10, 696â€“705",31,naive,24,31,14.319876677338762,0.7741935483870968
IL_CELL,2,7,"Green Chem., 2011, 13, 2719",2,aware,2,2,22.50892565950051,1.0
IL_CELL,2,7,"Green Chem., 2011, 13, 2719",2,naive,2,2,14.319876677338762,1.0
IL_CELL,2,7,"Green Chem., 2012, 14, 304â€“307",15,anchor,120,120,24.01879186826877,1.0
IL_CELL,2,7,"Green Chem., 2012, 14, 304â€“307",15,aware,15,15,22.50892565950051,1.0
IL_CELL,2,7,"Green Chem., 2012, 14, 304â€“307",15,aware_on_anchor_rows,120,120,22.50892565950051,1.0
IL_CELL,2,7,"Green Chem., 2012, 14, 304â€“307",15,explore_offset_q_aware,120,120,22.50892565950051,1.0
IL_CELL,2,7,"Green Chem., 2012, 14, 304â€“307",15,naive,15,15,14.319876677338762,1.0
IL_CELL,2,7,"J. Phys. Chem. B 2019, 123, 3994âˆ’4003",7,aware,7,7,22.50892565950051,1.0
IL_CELL,2,7,"J. Phys. Chem. B 2019, 123, 3994âˆ’4003",7,naive,7,7,14.319876677338762,1.0
IL_CELL,2,8,"ChemSusChem 2012, 5, 388 â€“ 391",28,anchor,250,250,21.0310138507567,1.0
IL_CELL,2,8,"ChemSusChem 2012, 5, 388 â€“ 391",28,aware,28,28,20.911842350133885,1.0
IL_CELL,2,8,"ChemSusChem 2012, 5, 388 â€“ 391",28,aware_on_anchor_rows,250,250,20.911842350133885,1.0
IL_CELL,2,8,"ChemSusChem 2012, 5, 388 â€“ 391",28,explore_offset_q_aware,250,250,20.911842350133885,1.0
IL_CELL,2,8,"ChemSusChem 2012, 5, 388 â€“ 391",28,naive,26,28,14.436949433911735,0.9285714285714286
IL_CELL,2,8,D.G. Raut et al. / Carbohydrate Polymers 130 (2015) 18â€“25,4,aware,4,4,20.911842350133885,1.0
IL_CELL,2,8,D.G. Raut et al. / Carbohydrate Polymers 130 (2015) 18â€“25,4,naive,4,4,14.436949433911735,1.0
IL_CELL,2,8,I. GrÃ¸ssereid et al. / Journal of Molecular Liquids 292 (2019) 111353,16,anchor,130,130,21.0310138507567,1.0
IL_CELL,2,8,I. GrÃ¸ssereid et al. / Journal of Molecular Liquids 292 (2019) 111353,16,aware,9,16,20.911842350133885,0.5625
IL_CELL,2,8,I. GrÃ¸ssereid et al. / Journal of Molecular Liquids 292 (2019) 111353,16,aware_on_anchor_rows,75,130,20.911842350133885,0.5769230769230769
IL_CELL,2,8,I. GrÃ¸ssereid et al. / Journal of Molecular Liquids 292 (2019) 111353,16,explore_offset_q_aware,130,130,20.911842350133885,1.0
IL_CELL,2,8,I. GrÃ¸ssereid et al. / Journal of Molecular Liquids 292 (2019) 111353,16,naive,6,16,14.436949433911735,0.375
IL_CELL,2,8,"Phys. Chem. Chem. Phys., 2015, 17, 32276--32282",10,anchor,70,70,21.0310138507567,1.0
IL_CELL,2,8,"Phys. Chem. Chem. Phys., 2015, 17, 32276--32282",10,aware,10,10,20.911842350133885,1.0
IL_CELL,2,8,"Phys. Chem. Chem. Phys., 2015, 17, 32276--32282",10,aware_on_anchor_rows,70,70,20.911842350133885,1.0
IL_CELL,2,8,"Phys. Chem. Chem. Phys., 2015, 17, 32276--32282",10,explore_offset_q_aware,70,70,20.911842350133885,1.0
IL_CELL,2,8,"Phys. Chem. Chem. Phys., 2015, 17, 32276--32282",10,naive,10,10,14.436949433911735,1.0
IL_CELL,2,9,"Biotechnology and Bioengineering, Vol. 112, No. 1, January, 2015",21,anchor,180,180,21.332589228802878,1.0
IL_CELL,2,9,"Biotechnology and Bioengineering, Vol. 112, No. 1, January, 2015",21,aware,21,21,20.60083486170753,1.0
IL_CELL,2,9,"Biotechnology and Bioengineering, Vol. 112, No. 1, January, 2015",21,aware_on_anchor_rows,180,180,20.60083486170753,1.0
IL_CELL,2,9,"Biotechnology and Bioengineering, Vol. 112, No. 1, January, 2015",21,explore_offset_q_aware,180,180,20.60083486170753,1.0
IL_CELL,2,9,"Biotechnology and Bioengineering, Vol. 112, No. 1, January, 2015",21,naive,21,21,13.142320776265652,1.0
IL_CELL,2,9,Carbohydrate Polymers 229 (2020) 115594,11,anchor,72,80,21.332589228802878,0.9
IL_CELL,2,9,Carbohydrate Polymers 229 (2020) 115594,11,aware,9,11,20.60083486170753,0.8181818181818182
IL_CELL,2,9,Carbohydrate Polymers 229 (2020) 115594,11,aware_on_anchor_rows,62,80,20.60083486170753,0.775
IL_CELL,2,9,Carbohydrate Polymers 229 (2020) 115594,11,explore_offset_q_aware,72,80,20.60083486170753,0.9
IL_CELL,2,9,Carbohydrate Polymers 229 (2020) 115594,11,naive,8,11,13.142320776265652,0.7272727272727273
IL_CELL,2,9,"Green Chem., 2012, 14, 2922",6,aware,6,6,20.60083486170753,1.0
IL_CELL,2,9,"Green Chem., 2012, 14, 2922",6,naive,5,6,13.142320776265652,0.8333333333333334
IL_CELL,2,9,"New J. Chem., 2019,43, 2299-2306",2,aware,1,2,20.60083486170753,0.5
IL_CELL,2,9,"New J. Chem., 2019,43, 2299-2306",2,naive,0,2,13.142320776265652,0.0
IL_CELL,2,9,"RSC Adv., 2012, 2, 8429â€“8438",19,anchor,160,160,21.332589228802878,1.0
IL_CELL,2,9,"RSC Adv., 2012, 2, 8429â€“8438",19,aware,19,19,20.60083486170753,1.0
IL_CELL,2,9,"RSC Adv., 2012, 2, 8429â€“8438",19,aware_on_anchor_rows,160,160,20.60083486170753,1.0
IL_CELL,2,9,"RSC Adv., 2012, 2, 8429â€“8438",19,explore_offset_q_aware,160,160,20.60083486170753,1.0
IL_CELL,2,9,"RSC Adv., 2012, 2, 8429â€“8438",19,naive,18,19,13.142320776265652,0.9473684210526315
IL_CELL,3,0,"Green Chem., 2014, 16,1326",117,anchor,962,1140,20.95881455026456,0.843859649122807
IL_CELL,3,0,"Green Chem., 2014, 16,1326",117,aware,110,117,22.42233072997776,0.9401709401709402
IL_CELL,3,0,"Green Chem., 2014, 16,1326",117,aware_on_anchor_rows,1071,1140,22.42233072997776,0.9394736842105263
IL_CELL,3,0,"Green Chem., 2014, 16,1326",117,explore_offset_q_aware,993,1140,22.42233072997776,0.8710526315789474
IL_CELL,3,0,"Green Chem., 2014, 16,1326",117,naive,76,117,14.494942112571527,0.6495726495726496
IL_CELL,3,1,"Macromolecules 2018, 51, 4158âˆ’4166",84,anchor,578,810,20.02750658007928,0.7135802469135802
IL_CELL,3,1,"Macromolecules 2018, 51, 4158âˆ’4166",84,aware,68,84,21.375455712231773,0.8095238095238095
IL_CELL,3,1,"Macromolecules 2018, 51, 4158âˆ’4166",84,aware_on_anchor_rows,655,810,21.375455712231773,0.808641975308642
IL_CELL,3,1,"Macromolecules 2018, 51, 4158âˆ’4166",84,explore_offset_q_aware,605,810,21.375455712231773,0.7469135802469136
IL_CELL,3,1,"Macromolecules 2018, 51, 4158âˆ’4166",84,naive,44,84,12.83955889747108,0.5238095238095238
IL_CELL,3,2,"Macromolecules 2020, 53, 3284âˆ’3295",59,anchor,473,560,21.29352537030959,0.8446428571428571
IL_CELL,3,2,"Macromolecules 2020, 53, 3284âˆ’3295",59,aware,39,59,20.594669296638894,0.6610169491525424
IL_CELL,3,2,"Macromolecules 2020, 53, 3284âˆ’3295",59,aware_on_anchor_rows,368,560,20.594669296638894,0.6571428571428571
IL_CELL,3,2,"Macromolecules 2020, 53, 3284âˆ’3295",59,explore_offset_q_aware,466,560,20.594669296638894,0.8321428571428572
IL_CELL,3,2,"Macromolecules 2020, 53, 3284âˆ’3295",59,naive,27,59,15.598275839919989,0.4576271186440678
IL_CELL,3,3,"Ind. Eng. Chem. Res. 2019, 58, 16009âˆ’16017",4,aware,4,4,22.17165798488852,1.0
IL_CELL,3,3,"Ind. Eng. Chem. Res. 2019, 58, 16009âˆ’16017",4,naive,4,4,13.370792289192565,1.0
IL_CELL,3,3,"Macromol. Biosci. 2007, 7, 440â€“445",7,aware,7,7,22.17165798488852,1.0
IL_CELL,3,3,"Macromol. Biosci. 2007, 7, 440â€“445",7,naive,6,7,13.370792289192565,0.8571428571428571
IL_CELL,3,3,Y. Zhang et al. / Carbohydrate Polymers 117 (2015) 666â€“672,49,anchor,410,460,22.161743303886517,0.8913043478260869
IL_CELL,3,3,Y. Zhang et al. / Carbohydrate Polymers 117 (2015) 666â€“672,49,aware,47,49,22.17165798488852,0.9591836734693877
IL_CELL,3,3,Y. Zhang et al. / Carbohydrate Polymers 117 (2015) 666â€“672,49,aware_on_anchor_rows,440,460,22.17165798488852,0.9565217391304348
IL_CELL,3,3,Y. Zhang et al. / Carbohydrate Polymers 117 (2015) 666â€“672,49,explore_offset_q_aware,410,460,22.17165798488852,0.8913043478260869
IL_CELL,3,3,Y. Zhang et al. / Carbohydrate Polymers 117 (2015) 666â€“672,49,naive,31,49,13.370792289192565,0.6326530612244898
IL_CELL,3,4,European Polymer Journal 92 (2017) 204â€“212,8,anchor,50,50,21.7964769998665,1.0
IL_CELL,3,4,European Polymer Journal 92 (2017) 204â€“212,8,aware,8,8,22.2245041510053,1.0
IL_CELL,3,4,European Polymer Journal 92 (2017) 204â€“212,8,aware_on_anchor_rows,50,50,22.2245041510053,1.0
IL_CELL,3,4,European Polymer Journal 92 (2017) 204â€“212,8,explore_offset_q_aware,50,50,22.2245041510053,1.0
IL_CELL,3,4,European Polymer Journal 92 (2017) 204â€“212,8,naive,7,8,13.999275069386336,0.875
IL_CELL,3,4,J Chem Technol Biotechnol 2009; 84: 1818â€“1827,2,aware,2,2,22.2245041510053,1.0
IL_CELL,3,4,J Chem Technol Biotechnol 2009; 84: 1818â€“1827,2,naive,2,2,13.999275069386336,1.0
IL_CELL,3,4,"New J. Chem., 2019,43, 4554-4561",5,aware,5,5,22.2245041510053,1.0
IL_CELL,3,4,"New J. Chem., 2019,43, 4554-4561",5,naive,5,5,13.999275069386336,1.0
IL_CELL,3,4,"RSC Adv., 2012, 2, 2476â€“2479",45,anchor,408,420,21.7964769998665,0.9714285714285714
IL_CELL,3,4,"RSC Adv., 2012, 2, 2476â€“2479",45,aware,45,45,22.2245041510053,1.0
IL_CELL,3,4,"RSC Adv., 2012, 2, 2476â€“2479",45,aware_on_anchor_rows,420,420,22.2245041510053,1.0
IL_CELL,3,4,"RSC Adv., 2012, 2, 2476â€“2479",45,explore_offset_q_aware,410,420,22.2245041510053,0.9761904761904762
IL_CELL,3,4,"RSC Adv., 2012, 2, 2476â€“2479",45,naive,37,45,13.999275069386336,0.8222222222222222
IL_CELL,3,5,Baek et al. / Journal of Molecular Liquids 234 (2017) 111â€“116,12,anchor,88,90,22.450382802609766,0.9777777777777777
IL_CELL,3,5,Baek et al. / Journal of Molecular Liquids 234 (2017) 111â€“116,12,aware,11,12,22.09276458724557,0.9166666666666666
IL_CELL,3,5,Baek et al. / Journal of Molecular Liquids 234 (2017) 111â€“116,12,aware_on_anchor_rows,82,90,22.09276458724557,0.9111111111111111
IL_CELL,3,5,Baek et al. / Journal of Molecular Liquids 234 (2017) 111â€“116,12,explore_offset_q_aware,87,90,22.09276458724557,0.9666666666666667
IL_CELL,3,5,Baek et al. / Journal of Molecular Liquids 234 (2017) 111â€“116,12,naive,11,12,14.353508010072712,0.9166666666666666
IL_CELL,3,5,D.G. Raut et al. / Carbohydrate Polymers 130 (2015) 18â€“25,4,aware,4,4,22.09276458724557,1.0
IL_CELL,3,5,D.G. Raut et al. / Carbohydrate Polymers 130 (2015) 18â€“25,4,naive,4,4,14.353508010072712,1.0
IL_CELL,3,5,"Green Chem., 2009,11, 417-424",33,anchor,281,300,22.450382802609766,0.9366666666666666
IL_CELL,3,5,"Green Chem., 2009,11, 417-424",33,aware,33,33,22.09276458724557,1.0
IL_CELL,3,5,"Green Chem., 2009,11, 417-424",33,aware_on_anchor_rows,300,300,22.09276458724557,1.0
IL_CELL,3,5,"Green Chem., 2009,11, 417-424",33,explore_offset_q_aware,279,300,22.09276458724557,0.93
IL_CELL,3,5,"Green Chem., 2009,11, 417-424",33,naive,28,33,14.353508010072712,0.8484848484848485
IL_CELL,3,5,"Ind. Eng. Chem. Res. 2010, 49, 11809â€“11813",8,anchor,50,50,22.450382802609766,1.0
IL_CELL,3,5,"Ind. Eng. Chem. Res. 2010, 49, 11809â€“11813",8,aware,8,8,22.09276458724557,1.0
IL_CELL,3,5,"Ind. Eng. Chem. Res. 2010, 49, 11809â€“11813",8,aware_on_anchor_rows,50,50,22.09276458724557,1.0
IL_CELL,3,5,"Ind. Eng. Chem. Res. 2010, 49, 11809â€“11813",8,explore_offset_q_aware,50,50,22.09276458724557,1.0
IL_CELL,3,5,"Ind. Eng. Chem. Res. 2010, 49, 11809â€“11813",8,naive,6,8,14.353508010072712,0.75
IL_CELL,3,5,Journal of Molecular Liquids 279 (2019) 120â€“126,3,aware,3,3,22.09276458724557,1.0
IL_CELL,3,5,Journal of Molecular Liquids 279 (2019) 120â€“126,3,naive,2,3,14.353508010072712,0.6666666666666666
IL_CELL,3,6,"Aust. J. Chem. 2019, 72, 55â€“60",6,aware,2,6,21.59917077093941,0.3333333333333333
IL_CELL,3,6,"Aust. J. Chem. 2019, 72, 55â€“60",6,naive,2,6,13.574012569191144,0.3333333333333333
IL_CELL,3,6,"Green Chem., 2010, 12, 268â€“275",32,anchor,290,290,22.28726631600506,1.0
IL_CELL,3,6,"Green Chem., 2010, 12, 268â€“275",32,aware,32,32,21.59917077093941,1.0
IL_CELL,3,6,"Green Chem., 2010, 12, 268â€“275",32,aware_on_anchor_rows,290,290,21.59917077093941,1.0
IL_CELL,3,6,"Green Chem., 2010, 12, 268â€“275",32,explore_offset_q_aware,290,290,21.59917077093941,1.0
IL_CELL,3,6,"Green Chem., 2010, 12, 268â€“275",32,naive,26,32,13.574012569191144,0.8125
IL_CELL,3,6,"J. Phys. Chem. B 2019, 123, 3994âˆ’4003",7,aware,7,7,21.59917077093941,1.0
IL_CELL,3,6,"J. Phys. Chem. B 2019, 123, 3994âˆ’4003",7,naive,6,7,13.574012569191144,0.8571428571428571
IL_CELL,3,6,"Sci China Chem, 2016, 59: 1421â€“1429",13,anchor,91,100,22.28726631600506,0.91
IL_CELL,3,6,"Sci China Chem, 2016, 59: 1421â€“1429",13,aware,12,13,21.59917077093941,0.9230769230769231
IL_CELL,3,6,"Sci China Chem, 2016, 59: 1421â€“1429",13,aware_on_anchor_rows,93,100,21.59917077093941,0.93
IL_CELL,3,6,"Sci China Chem, 2016, 59: 1421â€“1429",13,explore_offset_q_aware,90,100,21.59917077093941,0.9
IL_CELL,3,6,"Sci China Chem, 2016, 59: 1421â€“1429",13,naive,10,13,13.574012569191144,0.7692307692307693
IL_CELL,3,7,A. Xu et al. / Journal of Molecular Liquids 197 (2014) 211â€“214,4,aware,4,4,21.136318340776928,1.0
IL_CELL,3,7,A. Xu et al. / Journal of Molecular Liquids 197 (2014) 211â€“214,4,naive,4,4,13.944414974059598,1.0
IL_CELL,3,7,"Green Chem., 2008, 10, 696â€“705",31,anchor,279,280,20.63932851228933,0.9964285714285714
IL_CELL,3,7,"Green Chem., 2008, 10, 696â€“705",31,aware,30,31,21.136318340776928,0.967741935483871
IL_CELL,3,7,"Green Chem., 2008, 10, 696â€“705",31,aware_on_anchor_rows,270,280,21.136318340776928,0.9642857142857143
IL_CELL,3,7,"Green Chem., 2008, 10, 696â€“705",31,explore_offset_q_aware,279,280,21.136318340776928,0.9964285714285714
IL_CELL,3,7,"Green Chem., 2008, 10, 696â€“705",31,naive,26,31,13.944414974059598,0.8387096774193549
IL_CELL,3,7,"Green Chem., 2012, 14, 304â€“307",15,anchor,120,120,20.63932851228933,1.0
IL_CELL,3,7,"Green Chem., 2012, 14, 304â€“307",15,aware,15,15,21.136318340776928,1.0
IL_CELL,3,7,"Green Chem., 2012, 14, 304â€“307",15,aware_on_anchor_rows,120,120,21.136318340776928,1.0
IL_CELL,3,7,"Green Chem., 2012, 14, 304â€“307",15,explore_offset_q_aware,120,120,21.136318340776928,1.0
IL_CELL,3,7,"Green Chem., 2012, 14, 304â€“307",15,naive,15,15,13.944414974059598,1.0
IL_CELL,3,7,"New J. Chem., 2011, 35, 1596â€“1606",7,aware,4,7,21.136318340776928,0.5714285714285714
IL_CELL,3,7,"New J. Chem., 2011, 35, 1596â€“1606",7,naive,3,7,13.944414974059598,0.42857142857142855
IL_CELL,3,7,"New J. Chem., 2019,43, 2299-2306",2,aware,1,2,21.136318340776928,0.5
IL_CELL,3,7,"New J. Chem., 2019,43, 2299-2306",2,naive,0,2,13.944414974059598,0.0
IL_CELL,3,8,"ChemSusChem 2012, 5, 388 â€“ 391",28,anchor,250,250,22.43835949781452,1.0
IL_CELL,3,8,"ChemSusChem 2012, 5, 388 â€“ 391",28,aware,28,28,20.96464682851728,1.0
IL_CELL,3,8,"ChemSusChem 2012, 5, 388 â€“ 391",28,aware_on_anchor_rows,250,250,20.96464682851728,1.0
IL_CELL,3,8,"ChemSusChem 2012, 5, 388 â€“ 391",28,explore_offset_q_aware,249,250,20.96464682851728,0.996
IL_CELL,3,8,"ChemSusChem 2012, 5, 388 â€“ 391",28,naive,26,28,13.95326147478198,0.9285714285714286
IL_CELL,3,8,I. GrÃ¸ssereid et al. / Journal of Molecular Liquids 292 (2019) 111353,16,anchor,130,130,22.43835949781452,1.0
IL_CELL,3,8,I. GrÃ¸ssereid et al. / Journal of Molecular Liquids 292 (2019) 111353,16,aware,10,16,20.96464682851728,0.625
IL_CELL,3,8,I. GrÃ¸ssereid et al. / Journal of Molecular Liquids 292 (2019) 111353,16,aware_on_anchor_rows,81,130,20.96464682851728,0.6230769230769231
IL_CELL,3,8,I. GrÃ¸ssereid et al. / Journal of Molecular Liquids 292 (2019) 111353,16,explore_offset_q_aware,130,130,20.96464682851728,1.0
IL_CELL,3,8,I. GrÃ¸ssereid et al. / Journal of Molecular Liquids 292 (2019) 111353,16,naive,4,16,13.95326147478198,0.25
IL_CELL,3,8,"Molecules 2020, 25, 3539",4,aware,4,4,20.96464682851728,1.0
IL_CELL,3,8,"Molecules 2020, 25, 3539",4,naive,4,4,13.95326147478198,1.0
IL_CELL,3,8,"Phys. Chem. Chem. Phys., 2015, 17, 32276--32282",10,anchor,70,70,22.43835949781452,1.0
IL_CELL,3,8,"Phys. Chem. Chem. Phys., 2015, 17, 32276--32282",10,aware,10,10,20.96464682851728,1.0
IL_CELL,3,8,"Phys. Chem. Chem. Phys., 2015, 17, 32276--32282",10,aware_on_anchor_rows,70,70,20.96464682851728,1.0
IL_CELL,3,8,"Phys. Chem. Chem. Phys., 2015, 17, 32276--32282",10,explore_offset_q_aware,70,70,20.96464682851728,1.0
IL_CELL,3,8,"Phys. Chem. Chem. Phys., 2015, 17, 32276--32282",10,naive,10,10,13.95326147478198,1.0
IL_CELL,3,9,"Biotechnology and Bioengineering, Vol. 112, No. 1, January, 2015",21,anchor,180,180,22.536690298672465,1.0
IL_CELL,3,9,"Biotechnology and Bioengineering, Vol. 112, No. 1, January, 2015",21,aware,21,21,21.517424151972456,1.0
IL_CELL,3,9,"Biotechnology and Bioengineering, Vol. 112, No. 1, January, 2015",21,aware_on_anchor_rows,180,180,21.517424151972456,1.0
IL_CELL,3,9,"Biotechnology and Bioengineering, Vol. 112, No. 1, January, 2015",21,explore_offset_q_aware,180,180,21.517424151972456,1.0
IL_CELL,3,9,"Biotechnology and Bioengineering, Vol. 112, No. 1, January, 2015",21,naive,21,21,13.095882970642425,1.0
IL_CELL,3,9,Carbohydrate Polymers 229 (2020) 115594,11,anchor,80,80,22.536690298672465,1.0
IL_CELL,3,9,Carbohydrate Polymers 229 (2020) 115594,11,aware,9,11,21.517424151972456,0.8181818181818182
IL_CELL,3,9,Carbohydrate Polymers 229 (2020) 115594,11,aware_on_anchor_rows,66,80,21.517424151972456,0.825
IL_CELL,3,9,Carbohydrate Polymers 229 (2020) 115594,11,explore_offset_q_aware,78,80,21.517424151972456,0.975
IL_CELL,3,9,Carbohydrate Polymers 229 (2020) 115594,11,naive,8,11,13.095882970642425,0.7272727272727273
IL_CELL,3,9,"Green Chem., 2011, 13, 2719",2,aware,2,2,21.517424151972456,1.0
IL_CELL,3,9,"Green Chem., 2011, 13, 2719",2,naive,2,2,13.095882970642425,1.0
IL_CELL,3,9,"Green Chem., 2012, 14, 2922",6,aware,6,6,21.517424151972456,1.0
IL_CELL,3,9,"Green Chem., 2012, 14, 2922",6,naive,5,6,13.095882970642425,0.8333333333333334
IL_CELL,3,9,"RSC Adv., 2012, 2, 8429â€“8438",19,anchor,160,160,22.536690298672465,1.0
IL_CELL,3,9,"RSC Adv., 2012, 2, 8429â€“8438",19,aware,19,19,21.517424151972456,1.0
IL_CELL,3,9,"RSC Adv., 2012, 2, 8429â€“8438",19,aware_on_anchor_rows,160,160,21.517424151972456,1.0
IL_CELL,3,9,"RSC Adv., 2012, 2, 8429â€“8438",19,explore_offset_q_aware,160,160,21.517424151972456,1.0
IL_CELL,3,9,"RSC Adv., 2012, 2, 8429â€“8438",19,naive,18,19,13.095882970642425,0.9473684210526315
IL_CELL,4,0,"Green Chem., 2014, 16,1326",117,anchor,998,1140,21.2228459515952,0.875438596491228
IL_CELL,4,0,"Green Chem., 2014, 16,1326",117,aware,111,117,22.20664185762861,0.9487179487179487
IL_CELL,4,0,"Green Chem., 2014, 16,1326",117,aware_on_anchor_rows,1080,1140,22.20664185762861,0.9473684210526315
IL_CELL,4,0,"Green Chem., 2014, 16,1326",117,explore_offset_q_aware,1014,1140,22.20664185762861,0.8894736842105263
IL_CELL,4,0,"Green Chem., 2014, 16,1326",117,naive,92,117,14.91450793650793,0.7863247863247863
IL_CELL,4,1,"Macromolecules 2018, 51, 4158âˆ’4166",84,anchor,572,810,19.18330307841201,0.7061728395061728
IL_CELL,4,1,"Macromolecules 2018, 51, 4158âˆ’4166",84,aware,69,84,21.311966174646017,0.8214285714285714
IL_CELL,4,1,"Macromolecules 2018, 51, 4158âˆ’4166",84,aware_on_anchor_rows,664,810,21.311966174646017,0.8197530864197531
IL_CELL,4,1,"Macromolecules 2018, 51, 4158âˆ’4166",84,explore_offset_q_aware,598,810,21.311966174646017,0.7382716049382716
IL_CELL,4,1,"Macromolecules 2018, 51, 4158âˆ’4166",84,naive,45,84,12.985058408948374,0.5357142857142857
IL_CELL,4,2,"Macromolecules 2020, 53, 3284âˆ’3295",59,anchor,486,560,21.50475112594112,0.8678571428571429
IL_CELL,4,2,"Macromolecules 2020, 53, 3284âˆ’3295",59,aware,45,59,21.134589734753668,0.7627118644067796
IL_CELL,4,2,"Macromolecules 2020, 53, 3284âˆ’3295",59,aware_on_anchor_rows,427,560,21.134589734753668,0.7625
IL_CELL,4,2,"Macromolecules 2020, 53, 3284âˆ’3295",59,explore_offset_q_aware,484,560,21.134589734753668,0.8642857142857143
IL_CELL,4,2,"Macromolecules 2020, 53, 3284âˆ’3295",59,naive,28,59,14.381081183140347,0.4745762711864407
IL_CELL,4,3,A. Xu et al. / Journal of Molecular Liquids 197 (2014) 211â€“214,4,aware,4,4,22.44996732590825,1.0
IL_CELL,4,3,A. Xu et al. / Journal of Molecular Liquids 197 (2014) 211â€“214,4,naive,4,4,13.479331614901415,1.0
IL_CELL,4,3,"J. Phys. Chem. B 2019, 123, 3994âˆ’4003",7,aware,7,7,22.44996732590825,1.0
IL_CELL,4,3,"J. Phys. Chem. B 2019, 123, 3994âˆ’4003",7,naive,6,7,13.479331614901415,0.8571428571428571
IL_CELL,4,3,Y. Zhang et al. / Carbohydrate Polymers 117 (2015) 666â€“672,49,anchor,391,460,22.424764520051387,0.85
IL_CELL,4,3,Y. Zhang et al. / Carbohydrate Polymers 117 (2015) 666â€“672,49,aware,47,49,22.44996732590825,0.9591836734693877
IL_CELL,4,3,Y. Zhang et al. / Carbohydrate Polymers 117 (2015) 666â€“672,49,aware_on_anchor_rows,440,460,22.44996732590825,0.9565217391304348
IL_CELL,4,3,Y. Zhang et al. / Carbohydrate Polymers 117 (2015) 666â€“672,49,explore_offset_q_aware,391,460,22.44996732590825,0.85
IL_CELL,4,3,Y. Zhang et al. / Carbohydrate Polymers 117 (2015) 666â€“672,49,naive,31,49,13.479331614901415,0.6326530612244898
IL_CELL,4,4,"Ind. Eng. Chem. Res. 2010, 49, 11809â€“11813",8,anchor,50,50,22.073805349491614,1.0
IL_CELL,4,4,"Ind. Eng. Chem. Res. 2010, 49, 11809â€“11813",8,aware,7,8,21.52309088680913,0.875
IL_CELL,4,4,"Ind. Eng. Chem. Res. 2010, 49, 11809â€“11813",8,aware_on_anchor_rows,42,50,21.52309088680913,0.84
IL_CELL,4,4,"Ind. Eng. Chem. Res. 2010, 49, 11809â€“11813",8,explore_offset_q_aware,50,50,21.52309088680913,1.0
IL_CELL,4,4,"Ind. Eng. Chem. Res. 2010, 49, 11809â€“11813",8,naive,3,8,14.462262940798166,0.375
IL_CELL,4,4,J Chem Technol Biotechnol 2009; 84: 1818â€“1827,2,aware,2,2,21.52309088680913,1.0
IL_CELL,4,4,J Chem Technol Biotechnol 2009; 84: 1818â€“1827,2,naive,2,2,14.462262940798166,1.0
IL_CELL,4,4,"New J. Chem., 2019,43, 4554-4561",5,aware,5,5,21.52309088680913,1.0
IL_CELL,4,4,"New J. Chem., 2019,43, 4554-4561",5,naive,5,5,14.462262940798166,1.0
IL_CELL,4,4,"RSC Adv., 2012, 2, 2476â€“2479",45,anchor,409,420,22.073805349491614,0.9738095238095238
IL_CELL,4,4,"RSC Adv., 2012, 2, 2476â€“2479",45,aware,45,45,21.52309088680913,1.0
IL_CELL,4,4,"RSC Adv., 2012, 2, 2476â€“2479",45,aware_on_anchor_rows,420,420,21.52309088680913,1.0
IL_CELL,4,4,"RSC Adv., 2012, 2, 2476â€“2479",45,explore_offset_q_aware,403,420,21.52309088680913,0.9595238095238096
IL_CELL,4,4,"RSC Adv., 2012, 2, 2476â€“2479",45,naive,38,45,14.462262940798166,0.8444444444444444
IL_CELL,4,5,Baek et al. / Journal of Molecular Liquids 234 (2017) 111â€“116,12,anchor,84,90,20.983206478238,0.9333333333333333
IL_CELL,4,5,Baek et al. / Journal of Molecular Liquids 234 (2017) 111â€“116,12,aware,11,12,22.113345649379017,0.9166666666666666
IL_CELL,4,5,Baek et al. / Journal of Molecular Liquids 234 (2017) 111â€“116,12,aware_on_anchor_rows,82,90,22.113345649379017,0.9111111111111111
IL_CELL,4,5,Baek et al. / Journal of Molecular Liquids 234 (2017) 111â€“116,12,explore_offset_q_aware,84,90,22.113345649379017,0.9333333333333333
IL_CELL,4,5,Baek et al. / Journal of Molecular Liquids 234 (2017) 111â€“116,12,naive,10,12,14.098182090917462,0.8333333333333334
IL_CELL,4,5,European Polymer Journal 92 (2017) 204â€“212,8,anchor,50,50,20.983206478238,1.0
IL_CELL,4,5,European Polymer Journal 92 (2017) 204â€“212,8,aware,8,8,22.113345649379017,1.0
IL_CELL,4,5,European Polymer Journal 92 (2017) 204â€“212,8,aware_on_anchor_rows,50,50,22.113345649379017,1.0
IL_CELL,4,5,European Polymer Journal 92 (2017) 204â€“212,8,explore_offset_q_aware,50,50,22.113345649379017,1.0
IL_CELL,4,5,European Polymer Journal 92 (2017) 204â€“212,8,naive,7,8,14.098182090917462,0.875
IL_CELL,4,5,"Green Chem., 2009,11, 417-424",33,anchor,278,300,20.983206478238,0.9266666666666666
IL_CELL,4,5,"Green Chem., 2009,11, 417-424",33,aware,33,33,22.113345649379017,1.0
IL_CELL,4,5,"Green Chem., 2009,11, 417-424",33,aware_on_anchor_rows,300,300,22.113345649379017,1.0
IL_CELL,4,5,"Green Chem., 2009,11, 417-424",33,explore_offset_q_aware,278,300,22.113345649379017,0.9266666666666666
IL_CELL,4,5,"Green Chem., 2009,11, 417-424",33,naive,26,33,14.098182090917462,0.7878787878787878
IL_CELL,4,5,Journal of Molecular Liquids 279 (2019) 120â€“126,3,aware,3,3,22.113345649379017,1.0
IL_CELL,4,5,Journal of Molecular Liquids 279 (2019) 120â€“126,3,naive,2,3,14.098182090917462,0.6666666666666666
IL_CELL,4,5,"Molecules 2020, 25, 3539",4,aware,4,4,22.113345649379017,1.0
IL_CELL,4,5,"Molecules 2020, 25, 3539",4,naive,4,4,14.098182090917462,1.0
IL_CELL,4,6,"Green Chem., 2010, 12, 268â€“275",32,anchor,290,290,22.08643696017552,1.0
IL_CELL,4,6,"Green Chem., 2010, 12, 268â€“275",32,aware,32,32,23.150740268369116,1.0
IL_CELL,4,6,"Green Chem., 2010, 12, 268â€“275",32,aware_on_anchor_rows,290,290,23.150740268369116,1.0
IL_CELL,4,6,"Green Chem., 2010, 12, 268â€“275",32,explore_offset_q_aware,290,290,23.150740268369116,1.0
IL_CELL,4,6,"Green Chem., 2010, 12, 268â€“275",32,naive,26,32,13.261883135864611,0.8125
IL_CELL,4,6,"Green Chem., 2012, 14, 2922",6,aware,6,6,23.150740268369116,1.0
IL_CELL,4,6,"Green Chem., 2012, 14, 2922",6,naive,6,6,13.261883135864611,1.0
IL_CELL,4,6,"New J. Chem., 2011, 35, 1596â€“1606",7,aware,4,7,23.150740268369116,0.5714285714285714
IL_CELL,4,6,"New J. Chem., 2011, 35, 1596â€“1606",7,naive,3,7,13.261883135864611,0.42857142857142855
IL_CELL,4,6,"Sci China Chem, 2016, 59: 1421â€“1429",13,anchor,90,100,22.08643696017552,0.9
IL_CELL,4,6,"Sci China Chem, 2016, 59: 1421â€“1429",13,aware,12,13,23.150740268369116,0.9230769230769231
IL_CELL,4,6,"Sci China Chem, 2016, 59: 1421â€“1429",13,aware_on_anchor_rows,90,100,23.150740268369116,0.9
IL_CELL,4,6,"Sci China Chem, 2016, 59: 1421â€“1429",13,explore_offset_q_aware,90,100,23.150740268369116,0.9
IL_CELL,4,6,"Sci China Chem, 2016, 59: 1421â€“1429",13,naive,10,13,13.261883135864611,0.7692307692307693
IL_CELL,4,7,"Green Chem., 2008, 10, 696â€“705",31,anchor,279,280,22.69581133855409,0.9964285714285714
IL_CELL,4,7,"Green Chem., 2008, 10, 696â€“705",31,aware,31,31,21.64522540921153,1.0
IL_CELL,4,7,"Green Chem., 2008, 10, 696â€“705",31,aware_on_anchor_rows,280,280,21.64522540921153,1.0
IL_CELL,4,7,"Green Chem., 2008, 10, 696â€“705",31,explore_offset_q_aware,278,280,21.64522540921153,0.9928571428571429
IL_CELL,4,7,"Green Chem., 2008, 10, 696â€“705",31,naive,27,31,14.537342484333228,0.8709677419354839
IL_CELL,4,7,"Green Chem., 2012, 14, 304â€“307",15,anchor,120,120,22.69581133855409,1.0
IL_CELL,4,7,"Green Chem., 2012, 14, 304â€“307",15,aware,15,15,21.64522540921153,1.0
IL_CELL,4,7,"Green Chem., 2012, 14, 304â€“307",15,aware_on_anchor_rows,120,120,21.64522540921153,1.0
IL_CELL,4,7,"Green Chem., 2012, 14, 304â€“307",15,explore_offset_q_aware,120,120,21.64522540921153,1.0
IL_CELL,4,7,"Green Chem., 2012, 14, 304â€“307",15,naive,15,15,14.537342484333228,1.0
IL_CELL,4,7,"Ind. Eng. Chem. Res. 2019, 58, 16009âˆ’16017",4,aware,4,4,21.64522540921153,1.0
IL_CELL,4,7,"Ind. Eng. Chem. Res. 2019, 58, 16009âˆ’16017",4,naive,4,4,14.537342484333228,1.0
IL_CELL,4,7,"Macromol. Biosci. 2007, 7, 440â€“445",7,aware,6,7,21.64522540921153,0.8571428571428571
IL_CELL,4,7,"Macromol. Biosci. 2007, 7, 440â€“445",7,naive,6,7,14.537342484333228,0.8571428571428571
IL_CELL,4,7,"New J. Chem., 2019,43, 2299-2306",2,aware,1,2,21.64522540921153,0.5
IL_CELL,4,7,"New J. Chem., 2019,43, 2299-2306",2,naive,0,2,14.537342484333228,0.0
IL_CELL,4,8,"ChemSusChem 2012, 5, 388 â€“ 391",28,anchor,250,250,23.150597975076565,1.0
IL_CELL,4,8,"ChemSusChem 2012, 5, 388 â€“ 391",28,aware,28,28,21.298844551250497,1.0
IL_CELL,4,8,"ChemSusChem 2012, 5, 388 â€“ 391",28,aware_on_anchor_rows,250,250,21.298844551250497,1.0
IL_CELL,4,8,"ChemSusChem 2012, 5, 388 â€“ 391",28,explore_offset_q_aware,250,250,21.298844551250497,1.0
IL_CELL,4,8,"ChemSusChem 2012, 5, 388 â€“ 391",28,naive,26,28,13.972552185172813,0.9285714285714286
IL_CELL,4,8,D.G. Raut et al. / Carbohydrate Polymers 130 (2015) 18â€“25,4,aware,4,4,21.298844551250497,1.0
IL_CELL,4,8,D.G. Raut et al. / Carbohydrate Polymers 130 (2015) 18â€“25,4,naive,4,4,13.972552185172813,1.0
IL_CELL,4,8,I. GrÃ¸ssereid et al. / Journal of Molecular Liquids 292 (2019) 111353,16,anchor,130,130,23.150597975076565,1.0
IL_CELL,4,8,I. GrÃ¸ssereid et al. / Journal of Molecular Liquids 292 (2019) 111353,16,aware,10,16,21.298844551250497,0.625
IL_CELL,4,8,I. GrÃ¸ssereid et al. / Journal of Molecular Liquids 292 (2019) 111353,16,aware_on_anchor_rows,81,130,21.298844551250497,0.6230769230769231
IL_CELL,4,8,I. GrÃ¸ssereid et al. / Journal of Molecular Liquids 292 (2019) 111353,16,explore_offset_q_aware,130,130,21.298844551250497,1.0
IL_CELL,4,8,I. GrÃ¸ssereid et al. / Journal of Molecular Liquids 292 (2019) 111353,16,naive,4,16,13.972552185172813,0.25
IL_CELL,4,8,"Phys. Chem. Chem. Phys., 2015, 17, 32276--32282",10,anchor,70,70,23.150597975076565,1.0
IL_CELL,4,8,"Phys. Chem. Chem. Phys., 2015, 17, 32276--32282",10,aware,10,10,21.298844551250497,1.0
IL_CELL,4,8,"Phys. Chem. Chem. Phys., 2015, 17, 32276--32282",10,aware_on_anchor_rows,70,70,21.298844551250497,1.0
IL_CELL,4,8,"Phys. Chem. Chem. Phys., 2015, 17, 32276--32282",10,explore_offset_q_aware,70,70,21.298844551250497,1.0
IL_CELL,4,8,"Phys. Chem. Chem. Phys., 2015, 17, 32276--32282",10,naive,10,10,13.972552185172813,1.0
IL_CELL,4,9,"Aust. J. Chem. 2019, 72, 55â€“60",6,aware,2,6,20.22841906825018,0.3333333333333333
IL_CELL,4,9,"Aust. J. Chem. 2019, 72, 55â€“60",6,naive,2,6,13.855274935167047,0.3333333333333333
IL_CELL,4,9,"Biotechnology and Bioengineering, Vol. 112, No. 1, January, 2015",21,anchor,180,180,22.632083255567704,1.0
IL_CELL,4,9,"Biotechnology and Bioengineering, Vol. 112, No. 1, January, 2015",21,aware,21,21,20.22841906825018,1.0
IL_CELL,4,9,"Biotechnology and Bioengineering, Vol. 112, No. 1, January, 2015",21,aware_on_anchor_rows,180,180,20.22841906825018,1.0
IL_CELL,4,9,"Biotechnology and Bioengineering, Vol. 112, No. 1, January, 2015",21,explore_offset_q_aware,180,180,20.22841906825018,1.0
IL_CELL,4,9,"Biotechnology and Bioengineering, Vol. 112, No. 1, January, 2015",21,naive,21,21,13.855274935167047,1.0
IL_CELL,4,9,Carbohydrate Polymers 229 (2020) 115594,11,anchor,78,80,22.632083255567704,0.975
IL_CELL,4,9,Carbohydrate Polymers 229 (2020) 115594,11,aware,9,11,20.22841906825018,0.8181818181818182
IL_CELL,4,9,Carbohydrate Polymers 229 (2020) 115594,11,aware_on_anchor_rows,63,80,20.22841906825018,0.7875
IL_CELL,4,9,Carbohydrate Polymers 229 (2020) 115594,11,explore_offset_q_aware,77,80,20.22841906825018,0.9625
IL_CELL,4,9,Carbohydrate Polymers 229 (2020) 115594,11,naive,8,11,13.855274935167047,0.7272727272727273
IL_CELL,4,9,"Green Chem., 2011, 13, 2719",2,aware,2,2,20.22841906825018,1.0
IL_CELL,4,9,"Green Chem., 2011, 13, 2719",2,naive,2,2,13.855274935167047,1.0
IL_CELL,4,9,"RSC Adv., 2012, 2, 8429â€“8438",19,anchor,160,160,22.632083255567704,1.0
IL_CELL,4,9,"RSC Adv., 2012, 2, 8429â€“8438",19,aware,19,19,20.22841906825018,1.0
IL_CELL,4,9,"RSC Adv., 2012, 2, 8429â€“8438",19,aware_on_anchor_rows,160,160,20.22841906825018,1.0
IL_CELL,4,9,"RSC Adv., 2012, 2, 8429â€“8438",19,explore_offset_q_aware,160,160,20.22841906825018,1.0
IL_CELL,4,9,"RSC Adv., 2012, 2, 8429â€“8438",19,naive,18,19,13.855274935167047,0.9473684210526315
