dataset,source,n_rows,k,draw,method,n_test,sse0,ssek,offset,weight,fake_source
ES1,https://www.researchgate.net/profile/dhananjay-pise/publication/277816900_study_of_process_parameters_affecting_the_diameter_and_morphology_of_electrospun_polyvinylidene_fluoride_pvdf_nanofibers/links/55751b5c08aeacff1ffcc4a8/study-of-process-parameters-affecting-the-diameter-and-morphology-of-electrospun-polyvinylidene-fluoride-pvdf-nanofibers.pdf,9,0,0,OFF,9,0.7099833754505562,0.7099833754505562,0.0,1.0,
ES1,https://www.researchgate.net/profile/dhananjay-pise/publication/277816900_study_of_process_parameters_affecting_the_diameter_and_morphology_of_electrospun_polyvinylidene_fluoride_pvdf_nanofibers/links/55751b5c08aeacff1ffcc4a8/study-of-process-parameters-affecting-the-diameter-and-morphology-of-electrospun-polyvinylidene-fluoride-pvdf-nanofibers.pdf,9,0,0,SHR,9,0.7099833754505562,0.7099833754505562,0.0,0.0,
ES1,https://www.researchgate.net/profile/dhananjay-pise/publication/277816900_study_of_process_parameters_affecting_the_diameter_and_morphology_of_electrospun_polyvinylidene_fluoride_pvdf_nanofibers/links/55751b5c08aeacff1ffcc4a8/study-of-process-parameters-affecting-the-diameter-and-morphology-of-electrospun-polyvinylidene-fluoride-pvdf-nanofibers.pdf,9,0,0,FAKE,9,0.7099833754505562,0.7099833754505562,0.0,1.0,
ES1,https://www.researchgate.net/profile/dhananjay-pise/publication/277816900_study_of_process_parameters_affecting_the_diameter_and_morphology_of_electrospun_polyvinylidene_fluoride_pvdf_nanofibers/links/55751b5c08aeacff1ffcc4a8/study-of-process-parameters-affecting-the-diameter-and-morphology-of-electrospun-polyvinylidene-fluoride-pvdf-nanofibers.pdf,9,0,0,FAKE_SHR,9,0.7099833754505562,0.7099833754505562,0.0,0.0,
ES1,https://www.researchgate.net/profile/dhananjay-pise/publication/277816900_study_of_process_parameters_affecting_the_diameter_and_morphology_of_electrospun_polyvinylidene_fluoride_pvdf_nanofibers/links/55751b5c08aeacff1ffcc4a8/study-of-process-parameters-affecting-the-diameter-and-morphology-of-electrospun-polyvinylidene-fluoride-pvdf-nanofibers.pdf,9,0,0,RET,9,0.6177956485381461,0.6177956485381461,,5.0,
ES1,https://www.researchgate.net/profile/dhananjay-pise/publication/277816900_study_of_process_parameters_affecting_the_diameter_and_morphology_of_electrospun_polyvinylidene_fluoride_pvdf_nanofibers/links/55751b5c08aeacff1ffcc4a8/study-of-process-parameters-affecting-the-diameter-and-morphology-of-electrospun-polyvinylidene-fluoride-pvdf-nanofibers.pdf,9,1,0,OFF,8,0.7094997540109456,0.7996714190711527,0.02199139467179778,1.0,
ES1,https://www.researchgate.net/profile/dhananjay-pise/publication/277816900_study_of_process_parameters_affecting_the_diameter_and_morphology_of_electrospun_polyvinylidene_fluoride_pvdf_nanofibers/links/55751b5c08aeacff1ffcc4a8/study-of-process-parameters-affecting-the-diameter-and-morphology-of-electrospun-polyvinylidene-fluoride-pvdf-nanofibers.pdf,9,1,0,SHR,8,0.7094997540109456,0.7591070452536762,0.02199139467179778,0.5607113230356894,
ES1,https://www.researchgate.net/profile/dhananjay-pise/publication/277816900_study_of_process_parameters_affecting_the_diameter_and_morphology_of_electrospun_polyvinylidene_fluoride_pvdf_nanofibers/links/55751b5c08aeacff1ffcc4a8/study-of-process-parameters-affecting-the-diameter-and-morphology-of-electrospun-polyvinylidene-fluoride-pvdf-nanofibers.pdf,9,1,0,FAKE,8,0.7094997540109456,1.5534049765067408,0.16172412411971093,1.0,10.1007/s12221-015-5263-4
ES1,https://www.researchgate.net/profile/dhananjay-pise/publication/277816900_study_of_process_parameters_affecting_the_diameter_and_morphology_of_electrospun_polyvinylidene_fluoride_pvdf_nanofibers/links/55751b5c08aeacff1ffcc4a8/study-of-process-parameters-affecting-the-diameter-and-morphology-of-electrospun-polyvinylidene-fluoride-pvdf-nanofibers.pdf,9,1,0,FAKE_SHR,8,0.7094997540109456,1.1311488044554379,0.16172412411971093,0.5607113230356894,10.1007/s12221-015-5263-4
ES1,https://www.researchgate.net/profile/dhananjay-pise/publication/277816900_study_of_process_parameters_affecting_the_diameter_and_morphology_of_electrospun_polyvinylidene_fluoride_pvdf_nanofibers/links/55751b5c08aeacff1ffcc4a8/study-of-process-parameters-affecting-the-diameter-and-morphology-of-electrospun-polyvinylidene-fluoride-pvdf-nanofibers.pdf,9,1,0,RET,8,0.6174275207864752,0.627449183091516,,5.0,
ES1,https://www.researchgate.net/profile/dhananjay-pise/publication/277816900_study_of_process_parameters_affecting_the_diameter_and_morphology_of_electrospun_polyvinylidene_fluoride_pvdf_nanofibers/links/55751b5c08aeacff1ffcc4a8/study-of-process-parameters-affecting-the-diameter-and-morphology-of-electrospun-polyvinylidene-fluoride-pvdf-nanofibers.pdf,9,1,1,OFF,8,0.5873217441355589,0.45490167969200446,-0.3502308257635205,1.0,
ES1,https://www.researchgate.net/profile/dhananjay-pise/publication/277816900_study_of_process_parameters_affecting_the_diameter_and_morphology_of_electrospun_polyvinylidene_fluoride_pvdf_nanofibers/links/55751b5c08aeacff1ffcc4a8/study-of-process-parameters-affecting-the-diameter-and-morphology-of-electrospun-polyvinylidene-fluoride-pvdf-nanofibers.pdf,9,1,1,SHR,8,0.5873217441355589,0.27136596543412106,-0.3502308257635205,0.5607113230356894,
ES1,https://www.researchgate.net/profile/dhananjay-pise/publication/277816900_study_of_process_parameters_affecting_the_diameter_and_morphology_of_electrospun_polyvinylidene_fluoride_pvdf_nanofibers/links/55751b5c08aeacff1ffcc4a8/study-of-process-parameters-affecting-the-diameter-and-morphology-of-electrospun-polyvinylidene-fluoride-pvdf-nanofibers.pdf,9,1,1,FAKE,8,0.5873217441355589,2.597949544348211,0.3405389569275572,1.0,10.1016/j.memsci.2018.06.050
ES1,https://www.researchgate.net/profile/dhananjay-pise/publication/277816900_study_of_process_parameters_affecting_the_diameter_and_morphology_of_electrospun_polyvinylidene_fluoride_pvdf_nanofibers/links/55751b5c08aeacff1ffcc4a8/study-of-process-parameters-affecting-the-diameter-and-morphology-of-electrospun-polyvinylidene-fluoride-pvdf-nanofibers.pdf,9,1,1,FAKE_SHR,8,0.5873217441355589,1.4861894587171742,0.3405389569275572,0.5607113230356894,10.1016/j.memsci.2018.06.050
ES1,https://www.researchgate.net/profile/dhananjay-pise/publication/277816900_study_of_process_parameters_affecting_the_diameter_and_morphology_of_electrospun_polyvinylidene_fluoride_pvdf_nanofibers/links/55751b5c08aeacff1ffcc4a8/study-of-process-parameters-affecting-the-diameter-and-morphology-of-electrospun-polyvinylidene-fluoride-pvdf-nanofibers.pdf,9,1,1,RET,8,0.5002779035583705,0.20410471059824975,,5.0,
ES1,https://www.researchgate.net/profile/dhananjay-pise/publication/277816900_study_of_process_parameters_affecting_the_diameter_and_morphology_of_electrospun_polyvinylidene_fluoride_pvdf_nanofibers/links/55751b5c08aeacff1ffcc4a8/study-of-process-parameters-affecting-the-diameter-and-morphology-of-electrospun-polyvinylidene-fluoride-pvdf-nanofibers.pdf,9,1,2,OFF,8,0.392007151820833,1.3836347691840052,-0.563893805276954,1.0,
ES1,https://www.researchgate.net/profile/dhananjay-pise/publication/277816900_study_of_process_parameters_affecting_the_diameter_and_morphology_of_electrospun_polyvinylidene_fluoride_pvdf_nanofibers/links/55751b5c08aeacff1ffcc4a8/study-of-process-parameters-affecting-the-diameter-and-morphology-of-electrospun-polyvinylidene-fluoride-pvdf-nanofibers.pdf,9,1,2,SHR,8,0.392007151820833,0.32144767667056784,-0.563893805276954,0.5607113230356894,
ES1,https://www.researchgate.net/profile/dhananjay-pise/publication/277816900_study_of_process_parameters_affecting_the_diameter_and_morphology_of_electrospun_polyvinylidene_fluoride_pvdf_nanofibers/links/55751b5c08aeacff1ffcc4a8/study-of-process-parameters-affecting-the-diameter-and-morphology-of-electrospun-polyvinylidene-fluoride-pvdf-nanofibers.pdf,9,1,2,FAKE,8,0.392007151820833,0.30482855501498063,-0.03529087283431798,1.0,10.1016/j.polymer.2014.06.032
ES1,https://www.researchgate.net/profile/dhananjay-pise/publication/277816900_study_of_process_parameters_affecting_the_diameter_and_morphology_of_electrospun_polyvinylidene_fluoride_pvdf_nanofibers/links/55751b5c08aeacff1ffcc4a8/study-of-process-parameters-affecting-the-diameter-and-morphology-of-electrospun-polyvinylidene-fluoride-pvdf-nanofibers.pdf,9,1,2,FAKE_SHR,8,0.392007151820833,0.340670958409949,-0.03529087283431798,0.5607113230356894,10.1016/j.polymer.2014.06.032
ES1,https://www.researchgate.net/profile/dhananjay-pise/publication/277816900_study_of_process_parameters_affecting_the_diameter_and_morphology_of_electrospun_polyvinylidene_fluoride_pvdf_nanofibers/links/55751b5c08aeacff1ffcc4a8/study-of-process-parameters-affecting-the-diameter-and-morphology-of-electrospun-polyvinylidene-fluoride-pvdf-nanofibers.pdf,9,1,2,RET,8,0.33771516817504255,0.07590437447672004,,5.0,
ES1,https://www.researchgate.net/profile/dhananjay-pise/publication/277816900_study_of_process_parameters_affecting_the_diameter_and_morphology_of_electrospun_polyvinylidene_fluoride_pvdf_nanofibers/links/55751b5c08aeacff1ffcc4a8/study-of-process-parameters-affecting-the-diameter-and-morphology-of-electrospun-polyvinylidene-fluoride-pvdf-nanofibers.pdf,9,1,3,OFF,8,0.7079302503922262,0.5526349668492242,-0.04531142304463831,1.0,
ES1,https://www.researchgate.net/profile/dhananjay-pise/publication/277816900_study_of_process_parameters_affecting_the_diameter_and_morphology_of_electrospun_polyvinylidene_fluoride_pvdf_nanofibers/links/55751b5c08aeacff1ffcc4a8/study-of-process-parameters-affecting-the-diameter-and-morphology-of-electrospun-polyvinylidene-fluoride-pvdf-nanofibers.pdf,9,1,3,SHR,8,0.7079302503922262,0.6168087167091191,-0.04531142304463831,0.5607113230356894,
ES1,https://www.researchgate.net/profile/dhananjay-pise/publication/277816900_study_of_process_parameters_affecting_the_diameter_and_morphology_of_electrospun_polyvinylidene_fluoride_pvdf_nanofibers/links/55751b5c08aeacff1ffcc4a8/study-of-process-parameters-affecting-the-diameter-and-morphology-of-electrospun-polyvinylidene-fluoride-pvdf-nanofibers.pdf,9,1,3,FAKE,8,0.7079302503922262,1.0056121764377837,0.06861133507578288,1.0,10.3390/fib8100065
ES1,https://www.researchgate.net/profile/dhananjay-pise/publication/277816900_study_of_process_parameters_affecting_the_diameter_and_morphology_of_electrospun_polyvinylidene_fluoride_pvdf_nanofibers/links/55751b5c08aeacff1ffcc4a8/study-of-process-parameters-affecting-the-diameter-and-morphology-of-electrospun-polyvinylidene-fluoride-pvdf-nanofibers.pdf,9,1,3,FAKE_SHR,8,0.7079302503922262,0.865567656504743,0.06861133507578288,0.5607113230356894,10.3390/fib8100065
ES1,https://www.researchgate.net/profile/dhananjay-pise/publication/277816900_study_of_process_parameters_affecting_the_diameter_and_morphology_of_electrospun_polyvinylidene_fluoride_pvdf_nanofibers/links/55751b5c08aeacff1ffcc4a8/study-of-process-parameters-affecting-the-diameter-and-morphology-of-electrospun-polyvinylidene-fluoride-pvdf-nanofibers.pdf,9,1,3,RET,8,0.617000167497212,0.5891181206848363,,5.0,
ES1,https://www.researchgate.net/profile/dhananjay-pise/publication/277816900_study_of_process_parameters_affecting_the_diameter_and_morphology_of_electrospun_polyvinylidene_fluoride_pvdf_nanofibers/links/55751b5c08aeacff1ffcc4a8/study-of-process-parameters-affecting-the-diameter-and-morphology-of-electrospun-polyvinylidene-fluoride-pvdf-nanofibers.pdf,9,1,4,OFF,8,0.5959801618463889,0.42581934102772667,-0.33764361922620045,1.0,
ES1,https://www.researchgate.net/profile/dhananjay-pise/publication/277816900_study_of_process_parameters_affecting_the_diameter_and_morphology_of_electrospun_polyvinylidene_fluoride_pvdf_nanofibers/links/55751b5c08aeacff1ffcc4a8/study-of-process-parameters-affecting-the-diameter-and-morphology-of-electrospun-polyvinylidene-fluoride-pvdf-nanofibers.pdf,9,1,4,SHR,8,0.5959801618463889,0.2759242390744719,-0.33764361922620045,0.5607113230356894,
ES1,https://www.researchgate.net/profile/dhananjay-pise/publication/277816900_study_of_process_parameters_affecting_the_diameter_and_morphology_of_electrospun_polyvinylidene_fluoride_pvdf_nanofibers/links/55751b5c08aeacff1ffcc4a8/study-of-process-parameters-affecting-the-diameter-and-morphology-of-electrospun-polyvinylidene-fluoride-pvdf-nanofibers.pdf,9,1,4,FAKE,8,0.5959801618463889,0.2769525430960016,-0.21611579261137948,1.0,10.1002/polb.21380
ES1,https://www.researchgate.net/profile/dhananjay-pise/publication/277816900_study_of_process_parameters_affecting_the_diameter_and_morphology_of_electrospun_polyvinylidene_fluoride_pvdf_nanofibers/links/55751b5c08aeacff1ffcc4a8/study-of-process-parameters-affecting-the-diameter-and-morphology-of-electrospun-polyvinylidene-fluoride-pvdf-nanofibers.pdf,9,1,4,FAKE_SHR,8,0.5959801618463889,0.3250629090660929,-0.21611579261137948,0.5607113230356894,10.1002/polb.21380
ES1,https://www.researchgate.net/profile/dhananjay-pise/publication/277816900_study_of_process_parameters_affecting_the_diameter_and_morphology_of_electrospun_polyvinylidene_fluoride_pvdf_nanofibers/links/55751b5c08aeacff1ffcc4a8/study-of-process-parameters-affecting-the-diameter-and-morphology-of-electrospun-polyvinylidene-fluoride-pvdf-nanofibers.pdf,9,1,4,RET,8,0.5260953732695393,0.2357223532318945,,5.0,
ES1,https://www.researchgate.net/profile/dhananjay-pise/publication/277816900_study_of_process_parameters_affecting_the_diameter_and_morphology_of_electrospun_polyvinylidene_fluoride_pvdf_nanofibers/links/55751b5c08aeacff1ffcc4a8/study-of-process-parameters-affecting-the-diameter-and-morphology-of-electrospun-polyvinylidene-fluoride-pvdf-nanofibers.pdf,9,1,5,OFF,8,0.6617330100620897,0.2918688994255473,-0.21965965808146626,1.0,
ES1,https://www.researchgate.net/profile/dhananjay-pise/publication/277816900_study_of_process_parameters_affecting_the_diameter_and_morphology_of_electrospun_polyvinylidene_fluoride_pvdf_nanofibers/links/55751b5c08aeacff1ffcc4a8/study-of-process-parameters-affecting-the-diameter-and-morphology-of-electrospun-polyvinylidene-fluoride-pvdf-nanofibers.pdf,9,1,5,SHR,8,0.6617330100620897,0.359268039032373,-0.21965965808146626,0.5607113230356894,
ES1,https://www.researchgate.net/profile/dhananjay-pise/publication/277816900_study_of_process_parameters_affecting_the_diameter_and_morphology_of_electrospun_polyvinylidene_fluoride_pvdf_nanofibers/links/55751b5c08aeacff1ffcc4a8/study-of-process-parameters-affecting-the-diameter-and-morphology-of-electrospun-polyvinylidene-fluoride-pvdf-nanofibers.pdf,9,1,5,FAKE,8,0.6617330100620897,1.6708402664218625,0.20013410263293308,1.0,10.1016/j.jmrt.2023.01.007
ES1,https://www.researchgate.net/profile/dhananjay-pise/publication/277816900_study_of_process_parameters_affecting_the_diameter_and_morphology_of_electrospun_polyvinylidene_fluoride_pvdf_nanofibers/links/55751b5c08aeacff1ffcc4a8/study-of-process-parameters-affecting-the-diameter-and-morphology-of-electrospun-polyvinylidene-fluoride-pvdf-nanofibers.pdf,9,1,5,FAKE_SHR,8,0.6617330100620897,1.1486246157450442,0.20013410263293308,0.5607113230356894,10.1016/j.jmrt.2023.01.007
ES1,https://www.researchgate.net/profile/dhananjay-pise/publication/277816900_study_of_process_parameters_affecting_the_diameter_and_morphology_of_electrospun_polyvinylidene_fluoride_pvdf_nanofibers/links/55751b5c08aeacff1ffcc4a8/study-of-process-parameters-affecting-the-diameter-and-morphology-of-electrospun-polyvinylidene-fluoride-pvdf-nanofibers.pdf,9,1,6,OFF,8,0.5873217441355589,0.45490167969200446,-0.3502308257635205,1.0,
ES1,https://www.researchgate.net/profile/dhananjay-pise/publication/277816900_study_of_process_parameters_affecting_the_diameter_and_morphology_of_electrospun_polyvinylidene_fluoride_pvdf_nanofibers/links/55751b5c08aeacff1ffcc4a8/study-of-process-parameters-affecting-the-diameter-and-morphology-of-electrospun-polyvinylidene-fluoride-pvdf-nanofibers.pdf,9,1,6,SHR,8,0.5873217441355589,0.27136596543412106,-0.3502308257635205,0.5607113230356894,
ES1,https://www.researchgate.net/profile/dhananjay-pise/publication/277816900_study_of_process_parameters_affecting_the_diameter_and_morphology_of_electrospun_polyvinylidene_fluoride_pvdf_nanofibers/links/55751b5c08aeacff1ffcc4a8/study-of-process-parameters-affecting-the-diameter-and-morphology-of-electrospun-polyvinylidene-fluoride-pvdf-nanofibers.pdf,9,1,6,FAKE,8,0.5873217441355589,0.2714599000357974,-0.19458109433678628,1.0,10.1016/j.compositesb.2019.01.094
ES1,https://www.researchgate.net/profile/dhananjay-pise/publication/277816900_study_of_process_parameters_affecting_the_diameter_and_morphology_of_electrospun_polyvinylidene_fluoride_pvdf_nanofibers/links/55751b5c08aeacff1ffcc4a8/study-of-process-parameters-affecting-the-diameter-and-morphology-of-electrospun-polyvinylidene-fluoride-pvdf-nanofibers.pdf,9,1,6,FAKE_SHR,8,0.5873217441355589,0.3356072549446593,-0.19458109433678628,0.5607113230356894,10.1016/j.compositesb.2019.01.094
ES1,https://www.researchgate.net/profile/dhananjay-pise/publication/277816900_study_of_process_parameters_affecting_the_diameter_and_morphology_of_electrospun_polyvinylidene_fluoride_pvdf_nanofibers/links/55751b5c08aeacff1ffcc4a8/study-of-process-parameters-affecting-the-diameter-and-morphology-of-electrospun-polyvinylidene-fluoride-pvdf-nanofibers.pdf,9,1,7,OFF,8,0.6302557940316322,0.3318584851906781,-0.2823607292435053,1.0,
ES1,https://www.researchgate.net/profile/dhananjay-pise/publication/277816900_study_of_process_parameters_affecting_the_diameter_and_morphology_of_electrospun_polyvinylidene_fluoride_pvdf_nanofibers/links/55751b5c08aeacff1ffcc4a8/study-of-process-parameters-affecting-the-diameter-and-morphology-of-electrospun-polyvinylidene-fluoride-pvdf-nanofibers.pdf,9,1,7,SHR,8,0.6302557940316322,0.30583680201556906,-0.2823607292435053,0.5607113230356894,
ES1,https://www.researchgate.net/profile/dhananjay-pise/publication/277816900_study_of_process_parameters_affecting_the_diameter_and_morphology_of_electrospun_polyvinylidene_fluoride_pvdf_nanofibers/links/55751b5c08aeacff1ffcc4a8/study-of-process-parameters-affecting-the-diameter-and-morphology-of-electrospun-polyvinylidene-fluoride-pvdf-nanofibers.pdf,9,1,7,FAKE,8,0.6302557940316322,0.3125958627781217,-0.15033720044329923,1.0,10.1016/j.memsci.2022.120850
ES1,https://www.researchgate.net/profile/dhananjay-pise/publication/277816900_study_of_process_parameters_affecting_the_diameter_and_morphology_of_electrospun_polyvinylidene_fluoride_pvdf_nanofibers/links/55751b5c08aeacff1ffcc4a8/study-of-process-parameters-affecting-the-diameter-and-morphology-of-electrospun-polyvinylidene-fluoride-pvdf-nanofibers.pdf,9,1,7,FAKE_SHR,8,0.6302557940316322,0.40760416793617327,-0.15033720044329923,0.5607113230356894,10.1016/j.memsci.2022.120850
ES1,https://www.researchgate.net/profile/dhananjay-pise/publication/277816900_study_of_process_parameters_affecting_the_diameter_and_morphology_of_electrospun_polyvinylidene_fluoride_pvdf_nanofibers/links/55751b5c08aeacff1ffcc4a8/study-of-process-parameters-affecting-the-diameter-and-morphology-of-electrospun-polyvinylidene-fluoride-pvdf-nanofibers.pdf,9,1,8,OFF,8,0.5873217441355589,0.45490167969200446,-0.3502308257635205,1.0,
ES1,https://www.researchgate.net/profile/dhananjay-pise/publication/277816900_study_of_process_parameters_affecting_the_diameter_and_morphology_of_electrospun_polyvinylidene_fluoride_pvdf_nanofibers/links/55751b5c08aeacff1ffcc4a8/study-of-process-parameters-affecting-the-diameter-and-morphology-of-electrospun-polyvinylidene-fluoride-pvdf-nanofibers.pdf,9,1,8,SHR,8,0.5873217441355589,0.27136596543412106,-0.3502308257635205,0.5607113230356894,
ES1,https://www.researchgate.net/profile/dhananjay-pise/publication/277816900_study_of_process_parameters_affecting_the_diameter_and_morphology_of_electrospun_polyvinylidene_fluoride_pvdf_nanofibers/links/55751b5c08aeacff1ffcc4a8/study-of-process-parameters-affecting-the-diameter-and-morphology-of-electrospun-polyvinylidene-fluoride-pvdf-nanofibers.pdf,9,1,8,FAKE,8,0.5873217441355589,1.3329646588813147,0.16554131519201887,1.0,10.1002/marc.200700544
ES1,https://www.researchgate.net/profile/dhananjay-pise/publication/277816900_study_of_process_parameters_affecting_the_diameter_and_morphology_of_electrospun_polyvinylidene_fluoride_pvdf_nanofibers/links/55751b5c08aeacff1ffcc4a8/study-of-process-parameters-affecting-the-diameter-and-morphology-of-electrospun-polyvinylidene-fluoride-pvdf-nanofibers.pdf,9,1,8,FAKE_SHR,8,0.5873217441355589,0.9514123726520541,0.16554131519201887,0.5607113230356894,10.1002/marc.200700544
ES1,https://www.researchgate.net/profile/dhananjay-pise/publication/277816900_study_of_process_parameters_affecting_the_diameter_and_morphology_of_electrospun_polyvinylidene_fluoride_pvdf_nanofibers/links/55751b5c08aeacff1ffcc4a8/study-of-process-parameters-affecting-the-diameter-and-morphology-of-electrospun-polyvinylidene-fluoride-pvdf-nanofibers.pdf,9,1,9,OFF,8,0.7079302503922262,0.5526349668492242,-0.04531142304463831,1.0,
ES1,https://www.researchgate.net/profile/dhananjay-pise/publication/277816900_study_of_process_parameters_affecting_the_diameter_and_morphology_of_electrospun_polyvinylidene_fluoride_pvdf_nanofibers/links/55751b5c08aeacff1ffcc4a8/study-of-process-parameters-affecting-the-diameter-and-morphology-of-electrospun-polyvinylidene-fluoride-pvdf-nanofibers.pdf,9,1,9,SHR,8,0.7079302503922262,0.6168087167091191,-0.04531142304463831,0.5607113230356894,
ES1,https://www.researchgate.net/profile/dhananjay-pise/publication/277816900_study_of_process_parameters_affecting_the_diameter_and_morphology_of_electrospun_polyvinylidene_fluoride_pvdf_nanofibers/links/55751b5c08aeacff1ffcc4a8/study-of-process-parameters-affecting-the-diameter-and-morphology-of-electrospun-polyvinylidene-fluoride-pvdf-nanofibers.pdf,9,1,9,FAKE,8,0.7079302503922262,0.5284998289065683,-0.05335527446225141,1.0,10.1007/s11814-009-0309-1
ES1,https://www.researchgate.net/profile/dhananjay-pise/publication/277816900_study_of_process_parameters_affecting_the_diameter_and_morphology_of_electrospun_polyvinylidene_fluoride_pvdf_nanofibers/links/55751b5c08aeacff1ffcc4a8/study-of-process-parameters-affecting-the-diameter-and-morphology-of-electrospun-polyvinylidene-fluoride-pvdf-nanofibers.pdf,9,1,9,FAKE_SHR,8,0.7079302503922262,0.6017119536672338,-0.05335527446225141,0.5607113230356894,10.1007/s11814-009-0309-1
ES1,https://www.researchgate.net/profile/dhananjay-pise/publication/277816900_study_of_process_parameters_affecting_the_diameter_and_morphology_of_electrospun_polyvinylidene_fluoride_pvdf_nanofibers/links/55751b5c08aeacff1ffcc4a8/study-of-process-parameters-affecting-the-diameter-and-morphology-of-electrospun-polyvinylidene-fluoride-pvdf-nanofibers.pdf,9,1,10,OFF,8,0.6302557940316322,0.3318584851906781,-0.2823607292435053,1.0,
ES1,https://www.researchgate.net/profile/dhananjay-pise/publication/277816900_study_of_process_parameters_affecting_the_diameter_and_morphology_of_electrospun_polyvinylidene_fluoride_pvdf_nanofibers/links/55751b5c08aeacff1ffcc4a8/study-of-process-parameters-affecting-the-diameter-and-morphology-of-electrospun-polyvinylidene-fluoride-pvdf-nanofibers.pdf,9,1,10,SHR,8,0.6302557940316322,0.30583680201556906,-0.2823607292435053,0.5607113230356894,
ES1,https://www.researchgate.net/profile/dhananjay-pise/publication/277816900_study_of_process_parameters_affecting_the_diameter_and_morphology_of_electrospun_polyvinylidene_fluoride_pvdf_nanofibers/links/55751b5c08aeacff1ffcc4a8/study-of-process-parameters-affecting-the-diameter-and-morphology-of-electrospun-polyvinylidene-fluoride-pvdf-nanofibers.pdf,9,1,10,FAKE,8,0.6302557940316322,0.7041129944758958,0.021191587565656977,1.0,10.1016/j.mtsust.2022.100275
ES1,https://www.researchgate.net/profile/dhananjay-pise/publication/277816900_study_of_process_parameters_affecting_the_diameter_and_morphology_of_electrospun_polyvinylidene_fluoride_pvdf_nanofibers/links/55751b5c08aeacff1ffcc4a8/study-of-process-parameters-affecting-the-diameter-and-morphology-of-electrospun-polyvinylidene-fluoride-pvdf-nanofibers.pdf,9,1,10,FAKE_SHR,8,0.6302557940316322,0.6707834379262286,0.021191587565656977,0.5607113230356894,10.1016/j.mtsust.2022.100275
ES1,https://www.researchgate.net/profile/dhananjay-pise/publication/277816900_study_of_process_parameters_affecting_the_diameter_and_morphology_of_electrospun_polyvinylidene_fluoride_pvdf_nanofibers/links/55751b5c08aeacff1ffcc4a8/study-of-process-parameters-affecting-the-diameter-and-morphology-of-electrospun-polyvinylidene-fluoride-pvdf-nanofibers.pdf,9,1,11,OFF,8,0.392007151820833,1.3836347691840052,-0.563893805276954,1.0,
ES1,https://www.researchgate.net/profile/dhananjay-pise/publication/277816900_study_of_process_parameters_affecting_the_diameter_and_morphology_of_electrospun_polyvinylidene_fluoride_pvdf_nanofibers/links/55751b5c08aeacff1ffcc4a8/study-of-process-parameters-affecting-the-diameter-and-morphology-of-electrospun-polyvinylidene-fluoride-pvdf-nanofibers.pdf,9,1,11,SHR,8,0.392007151820833,0.32144767667056784,-0.563893805276954,0.5607113230356894,
ES1,https://www.researchgate.net/profile/dhananjay-pise/publication/277816900_study_of_process_parameters_affecting_the_diameter_and_morphology_of_electrospun_polyvinylidene_fluoride_pvdf_nanofibers/links/55751b5c08aeacff1ffcc4a8/study-of-process-parameters-affecting-the-diameter-and-morphology-of-electrospun-polyvinylidene-fluoride-pvdf-nanofibers.pdf,9,1,11,FAKE,8,0.392007151820833,1.6012598215093523,-0.5971898905463793,1.0,10.1177/00219983221144696
ES1,https://www.researchgate.net/profile/dhananjay-pise/publication/277816900_study_of_process_parameters_affecting_the_diameter_and_morphology_of_electrospun_polyvinylidene_fluoride_pvdf_nanofibers/links/55751b5c08aeacff1ffcc4a8/study-of-process-parameters-affecting-the-diameter-and-morphology-of-electrospun-polyvinylidene-fluoride-pvdf-nanofibers.pdf,9,1,11,FAKE_SHR,8,0.392007151820833,0.367293374939089,-0.5971898905463793,0.5607113230356894,10.1177/00219983221144696
ES1,https://www.researchgate.net/profile/dhananjay-pise/publication/277816900_study_of_process_parameters_affecting_the_diameter_and_morphology_of_electrospun_polyvinylidene_fluoride_pvdf_nanofibers/links/55751b5c08aeacff1ffcc4a8/study-of-process-parameters-affecting-the-diameter-and-morphology-of-electrospun-polyvinylidene-fluoride-pvdf-nanofibers.pdf,9,1,12,OFF,8,0.7079302503922262,0.5526349668492242,-0.04531142304463831,1.0,
ES1,https://www.researchgate.net/profile/dhananjay-pise/publication/277816900_study_of_process_parameters_affecting_the_diameter_and_morphology_of_electrospun_polyvinylidene_fluoride_pvdf_nanofibers/links/55751b5c08aeacff1ffcc4a8/study-of-process-parameters-affecting-the-diameter-and-morphology-of-electrospun-polyvinylidene-fluoride-pvdf-nanofibers.pdf,9,1,12,SHR,8,0.7079302503922262,0.6168087167091191,-0.04531142304463831,0.5607113230356894,
ES1,https://www.researchgate.net/profile/dhananjay-pise/publication/277816900_study_of_process_parameters_affecting_the_diameter_and_morphology_of_electrospun_polyvinylidene_fluoride_pvdf_nanofibers/links/55751b5c08aeacff1ffcc4a8/study-of-process-parameters-affecting-the-diameter-and-morphology-of-electrospun-polyvinylidene-fluoride-pvdf-nanofibers.pdf,9,1,12,FAKE,8,0.7079302503922262,1.036320830689395,-0.5485534259070792,1.0,10.1016/j.materresbull.2022.112052
ES1,https://www.researchgate.net/profile/dhananjay-pise/publication/277816900_study_of_process_parameters_affecting_the_diameter_and_morphology_of_electrospun_polyvinylidene_fluoride_pvdf_nanofibers/links/55751b5c08aeacff1ffcc4a8/study-of-process-parameters-affecting-the-diameter-and-morphology-of-electrospun-polyvinylidene-fluoride-pvdf-nanofibers.pdf,9,1,12,FAKE_SHR,8,0.7079302503922262,0.2991137788674795,-0.5485534259070792,0.5607113230356894,10.1016/j.materresbull.2022.112052
ES1,https://www.researchgate.net/profile/dhananjay-pise/publication/277816900_study_of_process_parameters_affecting_the_diameter_and_morphology_of_electrospun_polyvinylidene_fluoride_pvdf_nanofibers/links/55751b5c08aeacff1ffcc4a8/study-of-process-parameters-affecting-the-diameter-and-morphology-of-electrospun-polyvinylidene-fluoride-pvdf-nanofibers.pdf,9,1,13,OFF,8,0.7079302503922262,0.5526349668492242,-0.04531142304463831,1.0,
ES1,https://www.researchgate.net/profile/dhananjay-pise/publication/277816900_study_of_process_parameters_affecting_the_diameter_and_morphology_of_electrospun_polyvinylidene_fluoride_pvdf_nanofibers/links/55751b5c08aeacff1ffcc4a8/study-of-process-parameters-affecting-the-diameter-and-morphology-of-electrospun-polyvinylidene-fluoride-pvdf-nanofibers.pdf,9,1,13,SHR,8,0.7079302503922262,0.6168087167091191,-0.04531142304463831,0.5607113230356894,
ES1,https://www.researchgate.net/profile/dhananjay-pise/publication/277816900_study_of_process_parameters_affecting_the_diameter_and_morphology_of_electrospun_polyvinylidene_fluoride_pvdf_nanofibers/links/55751b5c08aeacff1ffcc4a8/study-of-process-parameters-affecting-the-diameter-and-morphology-of-electrospun-polyvinylidene-fluoride-pvdf-nanofibers.pdf,9,1,13,FAKE,8,0.7079302503922262,2.073094608624775,0.23932025266263945,1.0,ãâ https://doi.org/10.3390/ma8052718
ES1,https://www.researchgate.net/profile/dhananjay-pise/publication/277816900_study_of_process_parameters_affecting_the_diameter_and_morphology_of_electrospun_polyvinylidene_fluoride_pvdf_nanofibers/links/55751b5c08aeacff1ffcc4a8/study-of-process-parameters-affecting-the-diameter-and-morphology-of-electrospun-polyvinylidene-fluoride-pvdf-nanofibers.pdf,9,1,13,FAKE_SHR,8,0.7079302503922262,1.3605338363340402,0.23932025266263945,0.5607113230356894,ãâ https://doi.org/10.3390/ma8052718
ES1,https://www.researchgate.net/profile/dhananjay-pise/publication/277816900_study_of_process_parameters_affecting_the_diameter_and_morphology_of_electrospun_polyvinylidene_fluoride_pvdf_nanofibers/links/55751b5c08aeacff1ffcc4a8/study-of-process-parameters-affecting-the-diameter-and-morphology-of-electrospun-polyvinylidene-fluoride-pvdf-nanofibers.pdf,9,1,14,OFF,8,0.7099517355774917,0.6884411327284288,-0.005624933160905954,1.0,
ES1,https://www.researchgate.net/profile/dhananjay-pise/publication/277816900_study_of_process_parameters_affecting_the_diameter_and_morphology_of_electrospun_polyvinylidene_fluoride_pvdf_nanofibers/links/55751b5c08aeacff1ffcc4a8/study-of-process-parameters-affecting-the-diameter-and-morphology-of-electrospun-polyvinylidene-fluoride-pvdf-nanofibers.pdf,9,1,14,SHR,8,0.7099517355774917,0.6978281502109103,-0.005624933160905954,0.5607113230356894,
ES1,https://www.researchgate.net/profile/dhananjay-pise/publication/277816900_study_of_process_parameters_affecting_the_diameter_and_morphology_of_electrospun_polyvinylidene_fluoride_pvdf_nanofibers/links/55751b5c08aeacff1ffcc4a8/study-of-process-parameters-affecting-the-diameter-and-morphology-of-electrospun-polyvinylidene-fluoride-pvdf-nanofibers.pdf,9,1,14,FAKE,8,0.7099517355774917,1.7510908690119076,0.1924823511908298,1.0,10.30684/etj.35.4a.5
ES1,https://www.researchgate.net/profile/dhananjay-pise/publication/277816900_study_of_process_parameters_affecting_the_diameter_and_morphology_of_electrospun_polyvinylidene_fluoride_pvdf_nanofibers/links/55751b5c08aeacff1ffcc4a8/study-of-process-parameters-affecting-the-diameter-and-morphology-of-electrospun-polyvinylidene-fluoride-pvdf-nanofibers.pdf,9,1,14,FAKE_SHR,8,0.7099517355774917,1.2207237997651377,0.1924823511908298,0.5607113230356894,10.30684/etj.35.4a.5
ES1,https://www.researchgate.net/profile/dhananjay-pise/publication/277816900_study_of_process_parameters_affecting_the_diameter_and_morphology_of_electrospun_polyvinylidene_fluoride_pvdf_nanofibers/links/55751b5c08aeacff1ffcc4a8/study-of-process-parameters-affecting-the-diameter-and-morphology-of-electrospun-polyvinylidene-fluoride-pvdf-nanofibers.pdf,9,1,15,OFF,8,0.6851874017272845,0.32211043643336906,-0.157467373519951,1.0,
ES1,https://www.researchgate.net/profile/dhananjay-pise/publication/277816900_study_of_process_parameters_affecting_the_diameter_and_morphology_of_electrospun_polyvinylidene_fluoride_pvdf_nanofibers/links/55751b5c08aeacff1ffcc4a8/study-of-process-parameters-affecting-the-diameter-and-morphology-of-electrospun-polyvinylidene-fluoride-pvdf-nanofibers.pdf,9,1,15,SHR,8,0.6851874017272845,0.43274524554987226,-0.157467373519951,0.5607113230356894,
ES1,https://www.researchgate.net/profile/dhananjay-pise/publication/277816900_study_of_process_parameters_affecting_the_diameter_and_morphology_of_electrospun_polyvinylidene_fluoride_pvdf_nanofibers/links/55751b5c08aeacff1ffcc4a8/study-of-process-parameters-affecting-the-diameter-and-morphology-of-electrospun-polyvinylidene-fluoride-pvdf-nanofibers.pdf,9,1,15,FAKE,8,0.6851874017272845,1.9966693791490924,0.23932025266263945,1.0,ãâ https://doi.org/10.3390/ma8052718
ES1,https://www.researchgate.net/profile/dhananjay-pise/publication/277816900_study_of_process_parameters_affecting_the_diameter_and_morphology_of_electrospun_polyvinylidene_fluoride_pvdf_nanofibers/links/55751b5c08aeacff1ffcc4a8/study-of-process-parameters-affecting-the-diameter-and-morphology-of-electrospun-polyvinylidene-fluoride-pvdf-nanofibers.pdf,9,1,15,FAKE_SHR,8,0.6851874017272845,1.3076906689010026,0.23932025266263945,0.5607113230356894,ãâ https://doi.org/10.3390/ma8052718
ES1,https://www.researchgate.net/profile/dhananjay-pise/publication/277816900_study_of_process_parameters_affecting_the_diameter_and_morphology_of_electrospun_polyvinylidene_fluoride_pvdf_nanofibers/links/55751b5c08aeacff1ffcc4a8/study-of-process-parameters-affecting-the-diameter-and-morphology-of-electrospun-polyvinylidene-fluoride-pvdf-nanofibers.pdf,9,1,16,OFF,8,0.5873217441355589,0.45490167969200446,-0.3502308257635205,1.0,
ES1,https://www.researchgate.net/profile/dhananjay-pise/publication/277816900_study_of_process_parameters_affecting_the_diameter_and_morphology_of_electrospun_polyvinylidene_fluoride_pvdf_nanofibers/links/55751b5c08aeacff1ffcc4a8/study-of-process-parameters-affecting-the-diameter-and-morphology-of-electrospun-polyvinylidene-fluoride-pvdf-nanofibers.pdf,9,1,16,SHR,8,0.5873217441355589,0.27136596543412106,-0.3502308257635205,0.5607113230356894,
ES1,https://www.researchgate.net/profile/dhananjay-pise/publication/277816900_study_of_process_parameters_affecting_the_diameter_and_morphology_of_electrospun_polyvinylidene_fluoride_pvdf_nanofibers/links/55751b5c08aeacff1ffcc4a8/study-of-process-parameters-affecting-the-diameter-and-morphology-of-electrospun-polyvinylidene-fluoride-pvdf-nanofibers.pdf,9,1,16,FAKE,8,0.5873217441355589,0.28870248435862855,-0.2453581951064958,1.0,10.1002/polb.21380
ES1,https://www.researchgate.net/profile/dhananjay-pise/publication/277816900_study_of_process_parameters_affecting_the_diameter_and_morphology_of_electrospun_polyvinylidene_fluoride_pvdf_nanofibers/links/55751b5c08aeacff1ffcc4a8/study-of-process-parameters-affecting-the-diameter-and-morphology-of-electrospun-polyvinylidene-fluoride-pvdf-nanofibers.pdf,9,1,16,FAKE_SHR,8,0.5873217441355589,0.3012563875381331,-0.2453581951064958,0.5607113230356894,10.1002/polb.21380
ES1,https://www.researchgate.net/profile/dhananjay-pise/publication/277816900_study_of_process_parameters_affecting_the_diameter_and_morphology_of_electrospun_polyvinylidene_fluoride_pvdf_nanofibers/links/55751b5c08aeacff1ffcc4a8/study-of-process-parameters-affecting-the-diameter-and-morphology-of-electrospun-polyvinylidene-fluoride-pvdf-nanofibers.pdf,9,1,17,OFF,8,0.6302557940316322,0.3318584851906781,-0.2823607292435053,1.0,
ES1,https://www.researchgate.net/profile/dhananjay-pise/publication/277816900_study_of_process_parameters_affecting_the_diameter_and_morphology_of_electrospun_polyvinylidene_fluoride_pvdf_nanofibers/links/55751b5c08aeacff1ffcc4a8/study-of-process-parameters-affecting-the-diameter-and-morphology-of-electrospun-polyvinylidene-fluoride-pvdf-nanofibers.pdf,9,1,17,SHR,8,0.6302557940316322,0.30583680201556906,-0.2823607292435053,0.5607113230356894,
ES1,https://www.researchgate.net/profile/dhananjay-pise/publication/277816900_study_of_process_parameters_affecting_the_diameter_and_morphology_of_electrospun_polyvinylidene_fluoride_pvdf_nanofibers/links/55751b5c08aeacff1ffcc4a8/study-of-process-parameters-affecting-the-diameter-and-morphology-of-electrospun-polyvinylidene-fluoride-pvdf-nanofibers.pdf,9,1,17,FAKE,8,0.6302557940316322,0.39086819698180286,-0.09312115312458769,1.0,10.1007/s12221-015-5263-4
ES1,https://www.researchgate.net/profile/dhananjay-pise/publication/277816900_study_of_process_parameters_affecting_the_diameter_and_morphology_of_electrospun_polyvinylidene_fluoride_pvdf_nanofibers/links/55751b5c08aeacff1ffcc4a8/study-of-process-parameters-affecting-the-diameter-and-morphology-of-electrospun-polyvinylidene-fluoride-pvdf-nanofibers.pdf,9,1,17,FAKE_SHR,8,0.6302557940316322,0.47894105671160925,-0.09312115312458769,0.5607113230356894,10.1007/s12221-015-5263-4
ES1,https://www.researchgate.net/profile/dhananjay-pise/publication/277816900_study_of_process_parameters_affecting_the_diameter_and_morphology_of_electrospun_polyvinylidene_fluoride_pvdf_nanofibers/links/55751b5c08aeacff1ffcc4a8/study-of-process-parameters-affecting-the-diameter-and-morphology-of-electrospun-polyvinylidene-fluoride-pvdf-nanofibers.pdf,9,1,18,OFF,8,0.6302557940316322,0.3318584851906781,-0.2823607292435053,1.0,
ES1,https://www.researchgate.net/profile/dhananjay-pise/publication/277816900_study_of_process_parameters_affecting_the_diameter_and_morphology_of_electrospun_polyvinylidene_fluoride_pvdf_nanofibers/links/55751b5c08aeacff1ffcc4a8/study-of-process-parameters-affecting-the-diameter-and-morphology-of-electrospun-polyvinylidene-fluoride-pvdf-nanofibers.pdf,9,1,18,SHR,8,0.6302557940316322,0.30583680201556906,-0.2823607292435053,0.5607113230356894,
ES1,https://www.researchgate.net/profile/dhananjay-pise/publication/277816900_study_of_process_parameters_affecting_the_diameter_and_morphology_of_electrospun_polyvinylidene_fluoride_pvdf_nanofibers/links/55751b5c08aeacff1ffcc4a8/study-of-process-parameters-affecting-the-diameter-and-morphology-of-electrospun-polyvinylidene-fluoride-pvdf-nanofibers.pdf,9,1,18,FAKE,8,0.6302557940316322,0.3254782489008882,-0.27685109310527434,1.0,10.1002/app.42304
ES1,https://www.researchgate.net/profile/dhananjay-pise/publication/277816900_study_of_process_parameters_affecting_the_diameter_and_morphology_of_electrospun_polyvinylidene_fluoride_pvdf_nanofibers/links/55751b5c08aeacff1ffcc4a8/study-of-process-parameters-affecting-the-diameter-and-morphology-of-electrospun-polyvinylidene-fluoride-pvdf-nanofibers.pdf,9,1,18,FAKE_SHR,8,0.6302557940316322,0.30833058783826445,-0.27685109310527434,0.5607113230356894,10.1002/app.42304
ES1,https://www.researchgate.net/profile/dhananjay-pise/publication/277816900_study_of_process_parameters_affecting_the_diameter_and_morphology_of_electrospun_polyvinylidene_fluoride_pvdf_nanofibers/links/55751b5c08aeacff1ffcc4a8/study-of-process-parameters-affecting-the-diameter-and-morphology-of-electrospun-polyvinylidene-fluoride-pvdf-nanofibers.pdf,9,1,19,OFF,8,0.6302557940316322,0.3318584851906781,-0.2823607292435053,1.0,
ES1,https://www.researchgate.net/profile/dhananjay-pise/publication/277816900_study_of_process_parameters_affecting_the_diameter_and_morphology_of_electrospun_polyvinylidene_fluoride_pvdf_nanofibers/links/55751b5c08aeacff1ffcc4a8/study-of-process-parameters-affecting-the-diameter-and-morphology-of-electrospun-polyvinylidene-fluoride-pvdf-nanofibers.pdf,9,1,19,SHR,8,0.6302557940316322,0.30583680201556906,-0.2823607292435053,0.5607113230356894,
ES1,https://www.researchgate.net/profile/dhananjay-pise/publication/277816900_study_of_process_parameters_affecting_the_diameter_and_morphology_of_electrospun_polyvinylidene_fluoride_pvdf_nanofibers/links/55751b5c08aeacff1ffcc4a8/study-of-process-parameters-affecting-the-diameter-and-morphology-of-electrospun-polyvinylidene-fluoride-pvdf-nanofibers.pdf,9,1,19,FAKE,8,0.6302557940316322,4.367901360936421,0.5070178126748668,1.0,10.1016/j.polymer.2008.09.025
ES1,https://www.researchgate.net/profile/dhananjay-pise/publication/277816900_study_of_process_parameters_affecting_the_diameter_and_morphology_of_electrospun_polyvinylidene_fluoride_pvdf_nanofibers/links/55751b5c08aeacff1ffcc4a8/study-of-process-parameters-affecting-the-diameter-and-morphology-of-electrospun-polyvinylidene-fluoride-pvdf-nanofibers.pdf,9,1,19,FAKE_SHR,8,0.6302557940316322,2.219441975527867,0.5070178126748668,0.5607113230356894,10.1016/j.polymer.2008.09.025
ES1,https://www.researchgate.net/profile/dhananjay-pise/publication/277816900_study_of_process_parameters_affecting_the_diameter_and_morphology_of_electrospun_polyvinylidene_fluoride_pvdf_nanofibers/links/55751b5c08aeacff1ffcc4a8/study-of-process-parameters-affecting-the-diameter-and-morphology-of-electrospun-polyvinylidene-fluoride-pvdf-nanofibers.pdf,9,1,20,OFF,8,0.7094997540109456,0.7996714190711527,0.02199139467179778,1.0,
ES1,https://www.researchgate.net/profile/dhananjay-pise/publication/277816900_study_of_process_parameters_affecting_the_diameter_and_morphology_of_electrospun_polyvinylidene_fluoride_pvdf_nanofibers/links/55751b5c08aeacff1ffcc4a8/study-of-process-parameters-affecting-the-diameter-and-morphology-of-electrospun-polyvinylidene-fluoride-pvdf-nanofibers.pdf,9,1,20,SHR,8,0.7094997540109456,0.7591070452536762,0.02199139467179778,0.5607113230356894,
ES1,https://www.researchgate.net/profile/dhananjay-pise/publication/277816900_study_of_process_parameters_affecting_the_diameter_and_morphology_of_electrospun_polyvinylidene_fluoride_pvdf_nanofibers/links/55751b5c08aeacff1ffcc4a8/study-of-process-parameters-affecting-the-diameter-and-morphology-of-electrospun-polyvinylidene-fluoride-pvdf-nanofibers.pdf,9,1,20,FAKE,8,0.7094997540109456,0.24514375082708761,-0.291261622512633,1.0,10.1002/app.21762
ES1,https://www.researchgate.net/profile/dhananjay-pise/publication/277816900_study_of_process_parameters_affecting_the_diameter_and_morphology_of_electrospun_polyvinylidene_fluoride_pvdf_nanofibers/links/55751b5c08aeacff1ffcc4a8/study-of-process-parameters-affecting-the-diameter-and-morphology-of-electrospun-polyvinylidene-fluoride-pvdf-nanofibers.pdf,9,1,20,FAKE_SHR,8,0.7094997540109456,0.281964893131637,-0.291261622512633,0.5607113230356894,10.1002/app.21762
ES1,https://www.researchgate.net/profile/dhananjay-pise/publication/277816900_study_of_process_parameters_affecting_the_diameter_and_morphology_of_electrospun_polyvinylidene_fluoride_pvdf_nanofibers/links/55751b5c08aeacff1ffcc4a8/study-of-process-parameters-affecting-the-diameter-and-morphology-of-electrospun-polyvinylidene-fluoride-pvdf-nanofibers.pdf,9,1,21,OFF,8,0.6302557940316322,0.3318584851906781,-0.2823607292435053,1.0,
ES1,https://www.researchgate.net/profile/dhananjay-pise/publication/277816900_study_of_process_parameters_affecting_the_diameter_and_morphology_of_electrospun_polyvinylidene_fluoride_pvdf_nanofibers/links/55751b5c08aeacff1ffcc4a8/study-of-process-parameters-affecting-the-diameter-and-morphology-of-electrospun-polyvinylidene-fluoride-pvdf-nanofibers.pdf,9,1,21,SHR,8,0.6302557940316322,0.30583680201556906,-0.2823607292435053,0.5607113230356894,
ES1,https://www.researchgate.net/profile/dhananjay-pise/publication/277816900_study_of_process_parameters_affecting_the_diameter_and_morphology_of_electrospun_polyvinylidene_fluoride_pvdf_nanofibers/links/55751b5c08aeacff1ffcc4a8/study-of-process-parameters-affecting-the-diameter-and-morphology-of-electrospun-polyvinylidene-fluoride-pvdf-nanofibers.pdf,9,1,21,FAKE,8,0.6302557940316322,1.614265805169128,0.20013410263293308,1.0,10.1016/j.jmrt.2023.01.007
ES1,https://www.researchgate.net/profile/dhananjay-pise/publication/277816900_study_of_process_parameters_affecting_the_diameter_and_morphology_of_electrospun_polyvinylidene_fluoride_pvdf_nanofibers/links/55751b5c08aeacff1ffcc4a8/study-of-process-parameters-affecting-the-diameter-and-morphology-of-electrospun-polyvinylidene-fluoride-pvdf-nanofibers.pdf,9,1,21,FAKE_SHR,8,0.6302557940316322,1.1030750901414528,0.20013410263293308,0.5607113230356894,10.1016/j.jmrt.2023.01.007
ES1,https://www.researchgate.net/profile/dhananjay-pise/publication/277816900_study_of_process_parameters_affecting_the_diameter_and_morphology_of_electrospun_polyvinylidene_fluoride_pvdf_nanofibers/links/55751b5c08aeacff1ffcc4a8/study-of-process-parameters-affecting-the-diameter-and-morphology-of-electrospun-polyvinylidene-fluoride-pvdf-nanofibers.pdf,9,1,22,OFF,8,0.7099517355774917,0.6884411327284288,-0.005624933160905954,1.0,
ES1,https://www.researchgate.net/profile/dhananjay-pise/publication/277816900_study_of_process_parameters_affecting_the_diameter_and_morphology_of_electrospun_polyvinylidene_fluoride_pvdf_nanofibers/links/55751b5c08aeacff1ffcc4a8/study-of-process-parameters-affecting-the-diameter-and-morphology-of-electrospun-polyvinylidene-fluoride-pvdf-nanofibers.pdf,9,1,22,SHR,8,0.7099517355774917,0.6978281502109103,-0.005624933160905954,0.5607113230356894,
ES1,https://www.researchgate.net/profile/dhananjay-pise/publication/277816900_study_of_process_parameters_affecting_the_diameter_and_morphology_of_electrospun_polyvinylidene_fluoride_pvdf_nanofibers/links/55751b5c08aeacff1ffcc4a8/study-of-process-parameters-affecting-the-diameter-and-morphology-of-electrospun-polyvinylidene-fluoride-pvdf-nanofibers.pdf,9,1,22,FAKE,8,0.7099517355774917,0.758807546263623,0.012313506960791365,1.0,10.1007/s11814-009-0309-1
ES1,https://www.researchgate.net/profile/dhananjay-pise/publication/277816900_study_of_process_parameters_affecting_the_diameter_and_morphology_of_electrospun_polyvinylidene_fluoride_pvdf_nanofibers/links/55751b5c08aeacff1ffcc4a8/study-of-process-parameters-affecting-the-diameter-and-morphology-of-electrospun-polyvinylidene-fluoride-pvdf-nanofibers.pdf,9,1,22,FAKE_SHR,8,0.7099517355774917,0.7370469677967988,0.012313506960791365,0.5607113230356894,10.1007/s11814-009-0309-1
ES1,https://www.researchgate.net/profile/dhananjay-pise/publication/277816900_study_of_process_parameters_affecting_the_diameter_and_morphology_of_electrospun_polyvinylidene_fluoride_pvdf_nanofibers/links/55751b5c08aeacff1ffcc4a8/study-of-process-parameters-affecting-the-diameter-and-morphology-of-electrospun-polyvinylidene-fluoride-pvdf-nanofibers.pdf,9,1,23,OFF,8,0.5873217441355589,0.45490167969200446,-0.3502308257635205,1.0,
ES1,https://www.researchgate.net/profile/dhananjay-pise/publication/277816900_study_of_process_parameters_affecting_the_diameter_and_morphology_of_electrospun_polyvinylidene_fluoride_pvdf_nanofibers/links/55751b5c08aeacff1ffcc4a8/study-of-process-parameters-affecting-the-diameter-and-morphology-of-electrospun-polyvinylidene-fluoride-pvdf-nanofibers.pdf,9,1,23,SHR,8,0.5873217441355589,0.27136596543412106,-0.3502308257635205,0.5607113230356894,
ES1,https://www.researchgate.net/profile/dhananjay-pise/publication/277816900_study_of_process_parameters_affecting_the_diameter_and_morphology_of_electrospun_polyvinylidene_fluoride_pvdf_nanofibers/links/55751b5c08aeacff1ffcc4a8/study-of-process-parameters-affecting-the-diameter-and-morphology-of-electrospun-polyvinylidene-fluoride-pvdf-nanofibers.pdf,9,1,23,FAKE,8,0.5873217441355589,4.452028290095172,-0.9216490262966377,1.0,10.1016/j.memsci.2022.120850
ES1,https://www.researchgate.net/profile/dhananjay-pise/publication/277816900_study_of_process_parameters_affecting_the_diameter_and_morphology_of_electrospun_polyvinylidene_fluoride_pvdf_nanofibers/links/55751b5c08aeacff1ffcc4a8/study-of-process-parameters-affecting-the-diameter-and-morphology-of-electrospun-polyvinylidene-fluoride-pvdf-nanofibers.pdf,9,1,23,FAKE_SHR,8,0.5873217441355589,1.0804798863149456,-0.9216490262966377,0.5607113230356894,10.1016/j.memsci.2022.120850
ES1,https://www.researchgate.net/profile/dhananjay-pise/publication/277816900_study_of_process_parameters_affecting_the_diameter_and_morphology_of_electrospun_polyvinylidene_fluoride_pvdf_nanofibers/links/55751b5c08aeacff1ffcc4a8/study-of-process-parameters-affecting-the-diameter-and-morphology-of-electrospun-polyvinylidene-fluoride-pvdf-nanofibers.pdf,9,1,24,OFF,8,0.5959801618463889,0.42581934102772667,-0.33764361922620045,1.0,
ES1,https://www.researchgate.net/profile/dhananjay-pise/publication/277816900_study_of_process_parameters_affecting_the_diameter_and_morphology_of_electrospun_polyvinylidene_fluoride_pvdf_nanofibers/links/55751b5c08aeacff1ffcc4a8/study-of-process-parameters-affecting-the-diameter-and-morphology-of-electrospun-polyvinylidene-fluoride-pvdf-nanofibers.pdf,9,1,24,SHR,8,0.5959801618463889,0.2759242390744719,-0.33764361922620045,0.5607113230356894,
ES1,https://www.researchgate.net/profile/dhananjay-pise/publication/277816900_study_of_process_parameters_affecting_the_diameter_and_morphology_of_electrospun_polyvinylidene_fluoride_pvdf_nanofibers/links/55751b5c08aeacff1ffcc4a8/study-of-process-parameters-affecting-the-diameter-and-morphology-of-electrospun-polyvinylidene-fluoride-pvdf-nanofibers.pdf,9,1,24,FAKE,8,0.5959801618463889,0.6674942978827507,0.021191587565656977,1.0,10.1016/j.mtsust.2022.100275
ES1,https://www.researchgate.net/profile/dhananjay-pise/publication/277816900_study_of_process_parameters_affecting_the_diameter_and_morphology_of_electrospun_polyvinylidene_fluoride_pvdf_nanofibers/links/55751b5c08aeacff1ffcc4a8/study-of-process-parameters-affecting-the-diameter-and-morphology-of-electrospun-polyvinylidene-fluoride-pvdf-nanofibers.pdf,9,1,24,FAKE_SHR,8,0.5959801618463889,0.6351940229968729,0.021191587565656977,0.5607113230356894,10.1016/j.mtsust.2022.100275
ES1,https://www.researchgate.net/profile/dhananjay-pise/publication/277816900_study_of_process_parameters_affecting_the_diameter_and_morphology_of_electrospun_polyvinylidene_fluoride_pvdf_nanofibers/links/55751b5c08aeacff1ffcc4a8/study-of-process-parameters-affecting-the-diameter-and-morphology-of-electrospun-polyvinylidene-fluoride-pvdf-nanofibers.pdf,9,1,25,OFF,8,0.6851874017272845,0.32211043643336906,-0.157467373519951,1.0,
ES1,https://www.researchgate.net/profile/dhananjay-pise/publication/277816900_study_of_process_parameters_affecting_the_diameter_and_morphology_of_electrospun_polyvinylidene_fluoride_pvdf_nanofibers/links/55751b5c08aeacff1ffcc4a8/study-of-process-parameters-affecting-the-diameter-and-morphology-of-electrospun-polyvinylidene-fluoride-pvdf-nanofibers.pdf,9,1,25,SHR,8,0.6851874017272845,0.43274524554987226,-0.157467373519951,0.5607113230356894,
ES1,https://www.researchgate.net/profile/dhananjay-pise/publication/277816900_study_of_process_parameters_affecting_the_diameter_and_morphology_of_electrospun_polyvinylidene_fluoride_pvdf_nanofibers/links/55751b5c08aeacff1ffcc4a8/study-of-process-parameters-affecting-the-diameter-and-morphology-of-electrospun-polyvinylidene-fluoride-pvdf-nanofibers.pdf,9,1,25,FAKE,8,0.6851874017272845,0.6522238477870269,-0.009445404309815775,1.0,10.3390/polym15132813
ES1,https://www.researchgate.net/profile/dhananjay-pise/publication/277816900_study_of_process_parameters_affecting_the_diameter_and_morphology_of_electrospun_polyvinylidene_fluoride_pvdf_nanofibers/links/55751b5c08aeacff1ffcc4a8/study-of-process-parameters-affecting-the-diameter-and-morphology-of-electrospun-polyvinylidene-fluoride-pvdf-nanofibers.pdf,9,1,25,FAKE_SHR,8,0.6851874017272845,0.6665285631552555,-0.009445404309815775,0.5607113230356894,10.3390/polym15132813
ES1,https://www.researchgate.net/profile/dhananjay-pise/publication/277816900_study_of_process_parameters_affecting_the_diameter_and_morphology_of_electrospun_polyvinylidene_fluoride_pvdf_nanofibers/links/55751b5c08aeacff1ffcc4a8/study-of-process-parameters-affecting-the-diameter-and-morphology-of-electrospun-polyvinylidene-fluoride-pvdf-nanofibers.pdf,9,1,26,OFF,8,0.6302557940316322,0.3318584851906781,-0.2823607292435053,1.0,
ES1,https://www.researchgate.net/profile/dhananjay-pise/publication/277816900_study_of_process_parameters_affecting_the_diameter_and_morphology_of_electrospun_polyvinylidene_fluoride_pvdf_nanofibers/links/55751b5c08aeacff1ffcc4a8/study-of-process-parameters-affecting-the-diameter-and-morphology-of-electrospun-polyvinylidene-fluoride-pvdf-nanofibers.pdf,9,1,26,SHR,8,0.6302557940316322,0.30583680201556906,-0.2823607292435053,0.5607113230356894,
ES1,https://www.researchgate.net/profile/dhananjay-pise/publication/277816900_study_of_process_parameters_affecting_the_diameter_and_morphology_of_electrospun_polyvinylidene_fluoride_pvdf_nanofibers/links/55751b5c08aeacff1ffcc4a8/study-of-process-parameters-affecting-the-diameter-and-morphology-of-electrospun-polyvinylidene-fluoride-pvdf-nanofibers.pdf,9,1,26,FAKE,8,0.6302557940316322,6.826786484814642,0.696932909457797,1.0,10.1016/j.matlet.2015.08.003
ES1,https://www.researchgate.net/profile/dhananjay-pise/publication/277816900_study_of_process_parameters_affecting_the_diameter_and_morphology_of_electrospun_polyvinylidene_fluoride_pvdf_nanofibers/links/55751b5c08aeacff1ffcc4a8/study-of-process-parameters-affecting-the-diameter-and-morphology-of-electrospun-polyvinylidene-fluoride-pvdf-nanofibers.pdf,9,1,26,FAKE_SHR,8,0.6302557940316322,3.1476120078392875,0.696932909457797,0.5607113230356894,10.1016/j.matlet.2015.08.003
ES1,https://www.researchgate.net/profile/dhananjay-pise/publication/277816900_study_of_process_parameters_affecting_the_diameter_and_morphology_of_electrospun_polyvinylidene_fluoride_pvdf_nanofibers/links/55751b5c08aeacff1ffcc4a8/study-of-process-parameters-affecting-the-diameter-and-morphology-of-electrospun-polyvinylidene-fluoride-pvdf-nanofibers.pdf,9,1,27,OFF,8,0.7094997540109456,0.7996714190711527,0.02199139467179778,1.0,
ES1,https://www.researchgate.net/profile/dhananjay-pise/publication/277816900_study_of_process_parameters_affecting_the_diameter_and_morphology_of_electrospun_polyvinylidene_fluoride_pvdf_nanofibers/links/55751b5c08aeacff1ffcc4a8/study-of-process-parameters-affecting-the-diameter-and-morphology-of-electrospun-polyvinylidene-fluoride-pvdf-nanofibers.pdf,9,1,27,SHR,8,0.7094997540109456,0.7591070452536762,0.02199139467179778,0.5607113230356894,
ES1,https://www.researchgate.net/profile/dhananjay-pise/publication/277816900_study_of_process_parameters_affecting_the_diameter_and_morphology_of_electrospun_polyvinylidene_fluoride_pvdf_nanofibers/links/55751b5c08aeacff1ffcc4a8/study-of-process-parameters-affecting-the-diameter-and-morphology-of-electrospun-polyvinylidene-fluoride-pvdf-nanofibers.pdf,9,1,27,FAKE,8,0.7094997540109456,0.8741016261463178,0.03886428591733626,1.0,10.1515/epoly-2022-8106
ES1,https://www.researchgate.net/profile/dhananjay-pise/publication/277816900_study_of_process_parameters_affecting_the_diameter_and_morphology_of_electrospun_polyvinylidene_fluoride_pvdf_nanofibers/links/55751b5c08aeacff1ffcc4a8/study-of-process-parameters-affecting-the-diameter-and-morphology-of-electrospun-polyvinylidene-fluoride-pvdf-nanofibers.pdf,9,1,27,FAKE_SHR,8,0.7094997540109456,0.7988175600760842,0.03886428591733626,0.5607113230356894,10.1515/epoly-2022-8106
ES1,https://www.researchgate.net/profile/dhananjay-pise/publication/277816900_study_of_process_parameters_affecting_the_diameter_and_morphology_of_electrospun_polyvinylidene_fluoride_pvdf_nanofibers/links/55751b5c08aeacff1ffcc4a8/study-of-process-parameters-affecting-the-diameter-and-morphology-of-electrospun-polyvinylidene-fluoride-pvdf-nanofibers.pdf,9,1,28,OFF,8,0.7079302503922262,0.5526349668492242,-0.04531142304463831,1.0,
ES1,https://www.researchgate.net/profile/dhananjay-pise/publication/277816900_study_of_process_parameters_affecting_the_diameter_and_morphology_of_electrospun_polyvinylidene_fluoride_pvdf_nanofibers/links/55751b5c08aeacff1ffcc4a8/study-of-process-parameters-affecting-the-diameter-and-morphology-of-electrospun-polyvinylidene-fluoride-pvdf-nanofibers.pdf,9,1,28,SHR,8,0.7079302503922262,0.6168087167091191,-0.04531142304463831,0.5607113230356894,
ES1,https://www.researchgate.net/profile/dhananjay-pise/publication/277816900_study_of_process_parameters_affecting_the_diameter_and_morphology_of_electrospun_polyvinylidene_fluoride_pvdf_nanofibers/links/55751b5c08aeacff1ffcc4a8/study-of-process-parameters-affecting-the-diameter-and-morphology-of-electrospun-polyvinylidene-fluoride-pvdf-nanofibers.pdf,9,1,28,FAKE,8,0.7079302503922262,2.3028129559047565,0.26857284083864075,1.0,10.1007/bf03218855
ES1,https://www.researchgate.net/profile/dhananjay-pise/publication/277816900_study_of_process_parameters_affecting_the_diameter_and_morphology_of_electrospun_polyvinylidene_fluoride_pvdf_nanofibers/links/55751b5c08aeacff1ffcc4a8/study-of-process-parameters-affecting-the-diameter-and-morphology-of-electrospun-polyvinylidene-fluoride-pvdf-nanofibers.pdf,9,1,28,FAKE_SHR,8,0.7079302503922262,1.460063232428661,0.26857284083864075,0.5607113230356894,10.1007/bf03218855
ES1,https://www.researchgate.net/profile/dhananjay-pise/publication/277816900_study_of_process_parameters_affecting_the_diameter_and_morphology_of_electrospun_polyvinylidene_fluoride_pvdf_nanofibers/links/55751b5c08aeacff1ffcc4a8/study-of-process-parameters-affecting-the-diameter-and-morphology-of-electrospun-polyvinylidene-fluoride-pvdf-nanofibers.pdf,9,1,29,OFF,8,0.6851874017272845,0.32211043643336906,-0.157467373519951,1.0,
ES1,https://www.researchgate.net/profile/dhananjay-pise/publication/277816900_study_of_process_parameters_affecting_the_diameter_and_morphology_of_electrospun_polyvinylidene_fluoride_pvdf_nanofibers/links/55751b5c08aeacff1ffcc4a8/study-of-process-parameters-affecting-the-diameter-and-morphology-of-electrospun-polyvinylidene-fluoride-pvdf-nanofibers.pdf,9,1,29,SHR,8,0.6851874017272845,0.43274524554987226,-0.157467373519951,0.5607113230356894,
ES1,https://www.researchgate.net/profile/dhananjay-pise/publication/277816900_study_of_process_parameters_affecting_the_diameter_and_morphology_of_electrospun_polyvinylidene_fluoride_pvdf_nanofibers/links/55751b5c08aeacff1ffcc4a8/study-of-process-parameters-affecting-the-diameter-and-morphology-of-electrospun-polyvinylidene-fluoride-pvdf-nanofibers.pdf,9,1,29,FAKE,8,0.6851874017272845,2.545172531729537,0.30834241551607144,1.0,10.1007/bf03218855
ES1,https://www.researchgate.net/profile/dhananjay-pise/publication/277816900_study_of_process_parameters_affecting_the_diameter_and_morphology_of_electrospun_polyvinylidene_fluoride_pvdf_nanofibers/links/55751b5c08aeacff1ffcc4a8/study-of-process-parameters-affecting-the-diameter-and-morphology-of-electrospun-polyvinylidene-fluoride-pvdf-nanofibers.pdf,9,1,29,FAKE_SHR,8,0.6851874017272845,1.5407555044428307,0.30834241551607144,0.5607113230356894,10.1007/bf03218855
ES1,https://www.researchgate.net/profile/dhananjay-pise/publication/277816900_study_of_process_parameters_affecting_the_diameter_and_morphology_of_electrospun_polyvinylidene_fluoride_pvdf_nanofibers/links/55751b5c08aeacff1ffcc4a8/study-of-process-parameters-affecting-the-diameter-and-morphology-of-electrospun-polyvinylidene-fluoride-pvdf-nanofibers.pdf,9,2,0,OFF,7,0.6297721725920215,0.3110318599685864,-0.13018466728585376,1.0,
ES1,https://www.researchgate.net/profile/dhananjay-pise/publication/277816900_study_of_process_parameters_affecting_the_diameter_and_morphology_of_electrospun_polyvinylidene_fluoride_pvdf_nanofibers/links/55751b5c08aeacff1ffcc4a8/study-of-process-parameters-affecting-the-diameter-and-morphology-of-electrospun-polyvinylidene-fluoride-pvdf-nanofibers.pdf,9,2,0,SHR,7,0.6297721725920215,0.37675332296277686,-0.13018466728585376,0.7185330365196144,
ES1,https://www.researchgate.net/profile/dhananjay-pise/publication/277816900_study_of_process_parameters_affecting_the_diameter_and_morphology_of_electrospun_polyvinylidene_fluoride_pvdf_nanofibers/links/55751b5c08aeacff1ffcc4a8/study-of-process-parameters-affecting-the-diameter-and-morphology-of-electrospun-polyvinylidene-fluoride-pvdf-nanofibers.pdf,9,2,0,FAKE,7,0.6297721725920215,0.7041123547844887,0.021191587565656977,1.0,10.1016/j.mtsust.2022.100275
ES1,https://www.researchgate.net/profile/dhananjay-pise/publication/277816900_study_of_process_parameters_affecting_the_diameter_and_morphology_of_electrospun_polyvinylidene_fluoride_pvdf_nanofibers/links/55751b5c08aeacff1ffcc4a8/study-of-process-parameters-affecting-the-diameter-and-morphology-of-electrospun-polyvinylidene-fluoride-pvdf-nanofibers.pdf,9,2,0,FAKE_SHR,7,0.6297721725920215,0.6825522806623777,0.021191587565656977,0.7185330365196144,10.1016/j.mtsust.2022.100275
ES1,https://www.researchgate.net/profile/dhananjay-pise/publication/277816900_study_of_process_parameters_affecting_the_diameter_and_morphology_of_electrospun_polyvinylidene_fluoride_pvdf_nanofibers/links/55751b5c08aeacff1ffcc4a8/study-of-process-parameters-affecting-the-diameter-and-morphology-of-electrospun-polyvinylidene-fluoride-pvdf-nanofibers.pdf,9,2,0,RET,7,0.5494174599246575,0.27820512681942516,,5.0,
ES1,https://www.researchgate.net/profile/dhananjay-pise/publication/277816900_study_of_process_parameters_affecting_the_diameter_and_morphology_of_electrospun_polyvinylidene_fluoride_pvdf_nanofibers/links/55751b5c08aeacff1ffcc4a8/study-of-process-parameters-affecting-the-diameter-and-morphology-of-electrospun-polyvinylidene-fluoride-pvdf-nanofibers.pdf,9,2,1,OFF,7,0.3919755119477684,0.17896158362847497,-0.28475936921892997,1.0,
ES1,https://www.researchgate.net/profile/dhananjay-pise/publication/277816900_study_of_process_parameters_affecting_the_diameter_and_morphology_of_electrospun_polyvinylidene_fluoride_pvdf_nanofibers/links/55751b5c08aeacff1ffcc4a8/study-of-process-parameters-affecting-the-diameter-and-morphology-of-electrospun-polyvinylidene-fluoride-pvdf-nanofibers.pdf,9,2,1,SHR,7,0.3919755119477684,0.12412157135095359,-0.28475936921892997,0.7185330365196144,
ES1,https://www.researchgate.net/profile/dhananjay-pise/publication/277816900_study_of_process_parameters_affecting_the_diameter_and_morphology_of_electrospun_polyvinylidene_fluoride_pvdf_nanofibers/links/55751b5c08aeacff1ffcc4a8/study-of-process-parameters-affecting-the-diameter-and-morphology-of-electrospun-polyvinylidene-fluoride-pvdf-nanofibers.pdf,9,2,1,FAKE,7,0.3919755119477684,0.13803837243225447,-0.1503639057926407,1.0,10.3390/polym15132813
ES1,https://www.researchgate.net/profile/dhananjay-pise/publication/277816900_study_of_process_parameters_affecting_the_diameter_and_morphology_of_electrospun_polyvinylidene_fluoride_pvdf_nanofibers/links/55751b5c08aeacff1ffcc4a8/study-of-process-parameters-affecting-the-diameter-and-morphology-of-electrospun-polyvinylidene-fluoride-pvdf-nanofibers.pdf,9,2,1,FAKE_SHR,7,0.3919755119477684,0.17750522411984718,-0.1503639057926407,0.7185330365196144,10.3390/polym15132813
ES1,https://www.researchgate.net/profile/dhananjay-pise/publication/277816900_study_of_process_parameters_affecting_the_diameter_and_morphology_of_electrospun_polyvinylidene_fluoride_pvdf_nanofibers/links/55751b5c08aeacff1ffcc4a8/study-of-process-parameters-affecting-the-diameter-and-morphology-of-electrospun-polyvinylidene-fluoride-pvdf-nanofibers.pdf,9,2,1,RET,7,0.33769657803647535,0.0819365312910144,,5.0,
ES1,https://www.researchgate.net/profile/dhananjay-pise/publication/277816900_study_of_process_parameters_affecting_the_diameter_and_morphology_of_electrospun_polyvinylidene_fluoride_pvdf_nanofibers/links/55751b5c08aeacff1ffcc4a8/study-of-process-parameters-affecting-the-diameter-and-morphology-of-electrospun-polyvinylidene-fluoride-pvdf-nanofibers.pdf,9,2,2,OFF,7,0.7074466289526153,0.6636966024606159,-0.011660014186420264,1.0,
ES1,https://www.researchgate.net/profile/dhananjay-pise/publication/277816900_study_of_process_parameters_affecting_the_diameter_and_morphology_of_electrospun_polyvinylidene_fluoride_pvdf_nanofibers/links/55751b5c08aeacff1ffcc4a8/study-of-process-parameters-affecting-the-diameter-and-morphology-of-electrospun-polyvinylidene-fluoride-pvdf-nanofibers.pdf,9,2,2,SHR,7,0.7074466289526153,0.6758183163253972,-0.011660014186420264,0.7185330365196144,
ES1,https://www.researchgate.net/profile/dhananjay-pise/publication/277816900_study_of_process_parameters_affecting_the_diameter_and_morphology_of_electrospun_polyvinylidene_fluoride_pvdf_nanofibers/links/55751b5c08aeacff1ffcc4a8/study-of-process-parameters-affecting-the-diameter-and-morphology-of-electrospun-polyvinylidene-fluoride-pvdf-nanofibers.pdf,9,2,2,FAKE,7,0.7074466289526153,1.9133879819183672,0.22341810346490631,1.0,10.1007/bf03218855
ES1,https://www.researchgate.net/profile/dhananjay-pise/publication/277816900_study_of_process_parameters_affecting_the_diameter_and_morphology_of_electrospun_polyvinylidene_fluoride_pvdf_nanofibers/links/55751b5c08aeacff1ffcc4a8/study-of-process-parameters-affecting-the-diameter-and-morphology-of-electrospun-polyvinylidene-fluoride-pvdf-nanofibers.pdf,9,2,2,FAKE_SHR,7,0.7074466289526153,1.5032895880230779,0.22341810346490631,0.7185330365196144,10.1007/bf03218855
ES1,https://www.researchgate.net/profile/dhananjay-pise/publication/277816900_study_of_process_parameters_affecting_the_diameter_and_morphology_of_electrospun_polyvinylidene_fluoride_pvdf_nanofibers/links/55751b5c08aeacff1ffcc4a8/study-of-process-parameters-affecting-the-diameter-and-morphology-of-electrospun-polyvinylidene-fluoride-pvdf-nanofibers.pdf,9,2,2,RET,7,0.616632039745541,0.6680201702659051,,5.0,
ES1,https://www.researchgate.net/profile/dhananjay-pise/publication/277816900_study_of_process_parameters_affecting_the_diameter_and_morphology_of_electrospun_polyvinylidene_fluoride_pvdf_nanofibers/links/55751b5c08aeacff1ffcc4a8/study-of-process-parameters-affecting-the-diameter-and-morphology-of-electrospun-polyvinylidene-fluoride-pvdf-nanofibers.pdf,9,2,3,OFF,7,0.5390713787470922,0.32650100752667427,-0.2849452419224934,1.0,
ES1,https://www.researchgate.net/profile/dhananjay-pise/publication/277816900_study_of_process_parameters_affecting_the_diameter_and_morphology_of_electrospun_polyvinylidene_fluoride_pvdf_nanofibers/links/55751b5c08aeacff1ffcc4a8/study-of-process-parameters-affecting-the-diameter-and-morphology-of-electrospun-polyvinylidene-fluoride-pvdf-nanofibers.pdf,9,2,3,SHR,7,0.5390713787470922,0.2713862361786303,-0.2849452419224934,0.7185330365196144,
ES1,https://www.researchgate.net/profile/dhananjay-pise/publication/277816900_study_of_process_parameters_affecting_the_diameter_and_morphology_of_electrospun_polyvinylidene_fluoride_pvdf_nanofibers/links/55751b5c08aeacff1ffcc4a8/study-of-process-parameters-affecting-the-diameter-and-morphology-of-electrospun-polyvinylidene-fluoride-pvdf-nanofibers.pdf,9,2,3,FAKE,7,0.5390713787470922,0.27121992586282495,-0.20330531984327993,1.0,https://www.sciencedirect.com/science/article/pii/s0927776511005522
ES1,https://www.researchgate.net/profile/dhananjay-pise/publication/277816900_study_of_process_parameters_affecting_the_diameter_and_morphology_of_electrospun_polyvinylidene_fluoride_pvdf_nanofibers/links/55751b5c08aeacff1ffcc4a8/study-of-process-parameters-affecting-the-diameter-and-morphology-of-electrospun-polyvinylidene-fluoride-pvdf-nanofibers.pdf,9,2,3,FAKE_SHR,7,0.5390713787470922,0.2880959261396226,-0.20330531984327993,0.7185330365196144,https://www.sciencedirect.com/science/article/pii/s0927776511005522
ES1,https://www.researchgate.net/profile/dhananjay-pise/publication/277816900_study_of_process_parameters_affecting_the_diameter_and_morphology_of_electrospun_polyvinylidene_fluoride_pvdf_nanofibers/links/55751b5c08aeacff1ffcc4a8/study-of-process-parameters-affecting-the-diameter-and-morphology-of-electrospun-polyvinylidene-fluoride-pvdf-nanofibers.pdf,9,2,3,RET,7,0.4624012209051073,0.15291621856895488,,5.0,
ES1,https://www.researchgate.net/profile/dhananjay-pise/publication/277816900_study_of_process_parameters_affecting_the_diameter_and_morphology_of_electrospun_polyvinylidene_fluoride_pvdf_nanofibers/links/55751b5c08aeacff1ffcc4a8/study-of-process-parameters-affecting-the-diameter-and-morphology-of-electrospun-polyvinylidene-fluoride-pvdf-nanofibers.pdf,9,2,4,OFF,7,0.7074466289526153,0.6636966024606159,-0.011660014186420264,1.0,
ES1,https://www.researchgate.net/profile/dhananjay-pise/publication/277816900_study_of_process_parameters_affecting_the_diameter_and_morphology_of_electrospun_polyvinylidene_fluoride_pvdf_nanofibers/links/55751b5c08aeacff1ffcc4a8/study-of-process-parameters-affecting-the-diameter-and-morphology-of-electrospun-polyvinylidene-fluoride-pvdf-nanofibers.pdf,9,2,4,SHR,7,0.7074466289526153,0.6758183163253972,-0.011660014186420264,0.7185330365196144,
ES1,https://www.researchgate.net/profile/dhananjay-pise/publication/277816900_study_of_process_parameters_affecting_the_diameter_and_morphology_of_electrospun_polyvinylidene_fluoride_pvdf_nanofibers/links/55751b5c08aeacff1ffcc4a8/study-of-process-parameters-affecting-the-diameter-and-morphology-of-electrospun-polyvinylidene-fluoride-pvdf-nanofibers.pdf,9,2,4,FAKE,7,0.7074466289526153,0.7918337134044657,0.021191587565656977,1.0,10.1016/j.mtsust.2022.100275
ES1,https://www.researchgate.net/profile/dhananjay-pise/publication/277816900_study_of_process_parameters_affecting_the_diameter_and_morphology_of_electrospun_polyvinylidene_fluoride_pvdf_nanofibers/links/55751b5c08aeacff1ffcc4a8/study-of-process-parameters-affecting-the-diameter-and-morphology-of-electrospun-polyvinylidene-fluoride-pvdf-nanofibers.pdf,9,2,4,FAKE_SHR,7,0.7074466289526153,0.7674457682110218,0.021191587565656977,0.7185330365196144,10.1016/j.mtsust.2022.100275
ES1,https://www.researchgate.net/profile/dhananjay-pise/publication/277816900_study_of_process_parameters_affecting_the_diameter_and_morphology_of_electrospun_polyvinylidene_fluoride_pvdf_nanofibers/links/55751b5c08aeacff1ffcc4a8/study-of-process-parameters-affecting-the-diameter-and-morphology-of-electrospun-polyvinylidene-fluoride-pvdf-nanofibers.pdf,9,2,4,RET,7,0.616632039745541,0.6680201702659053,,5.0,
ES1,https://www.researchgate.net/profile/dhananjay-pise/publication/277816900_study_of_process_parameters_affecting_the_diameter_and_morphology_of_electrospun_polyvinylidene_fluoride_pvdf_nanofibers/links/55751b5c08aeacff1ffcc4a8/study-of-process-parameters-affecting-the-diameter-and-morphology-of-electrospun-polyvinylidene-fluoride-pvdf-nanofibers.pdf,9,2,5,OFF,7,0.6831342766689543,0.4027805692669894,-0.10138939828229465,1.0,
ES1,https://www.researchgate.net/profile/dhananjay-pise/publication/277816900_study_of_process_parameters_affecting_the_diameter_and_morphology_of_electrospun_polyvinylidene_fluoride_pvdf_nanofibers/links/55751b5c08aeacff1ffcc4a8/study-of-process-parameters-affecting-the-diameter-and-morphology-of-electrospun-polyvinylidene-fluoride-pvdf-nanofibers.pdf,9,2,5,SHR,7,0.6831342766689543,0.4671377161266228,-0.10138939828229465,0.7185330365196144,
ES1,https://www.researchgate.net/profile/dhananjay-pise/publication/277816900_study_of_process_parameters_affecting_the_diameter_and_morphology_of_electrospun_polyvinylidene_fluoride_pvdf_nanofibers/links/55751b5c08aeacff1ffcc4a8/study-of-process-parameters-affecting-the-diameter-and-morphology-of-electrospun-polyvinylidene-fluoride-pvdf-nanofibers.pdf,9,2,5,FAKE,7,0.6831342766689543,0.3484042580922179,-0.13078835408853928,1.0,10.1088/1748-6041/8/4/045007
ES1,https://www.researchgate.net/profile/dhananjay-pise/publication/277816900_study_of_process_parameters_affecting_the_diameter_and_morphology_of_electrospun_polyvinylidene_fluoride_pvdf_nanofibers/links/55751b5c08aeacff1ffcc4a8/study-of-process-parameters-affecting-the-diameter-and-morphology-of-electrospun-polyvinylidene-fluoride-pvdf-nanofibers.pdf,9,2,5,FAKE_SHR,7,0.6831342766689543,0.41840325673834156,-0.13078835408853928,0.7185330365196144,10.1088/1748-6041/8/4/045007
ES1,https://www.researchgate.net/profile/dhananjay-pise/publication/277816900_study_of_process_parameters_affecting_the_diameter_and_morphology_of_electrospun_polyvinylidene_fluoride_pvdf_nanofibers/links/55751b5c08aeacff1ffcc4a8/study-of-process-parameters-affecting-the-diameter-and-morphology-of-electrospun-polyvinylidene-fluoride-pvdf-nanofibers.pdf,9,2,6,OFF,7,0.3437567864323664,0.5118846770424134,-0.3917767316792101,1.0,
ES1,https://www.researchgate.net/profile/dhananjay-pise/publication/277816900_study_of_process_parameters_affecting_the_diameter_and_morphology_of_electrospun_polyvinylidene_fluoride_pvdf_nanofibers/links/55751b5c08aeacff1ffcc4a8/study-of-process-parameters-affecting-the-diameter-and-morphology-of-electrospun-polyvinylidene-fluoride-pvdf-nanofibers.pdf,9,2,6,SHR,7,0.3437567864323664,0.24726735364442182,-0.3917767316792101,0.7185330365196144,
ES1,https://www.researchgate.net/profile/dhananjay-pise/publication/277816900_study_of_process_parameters_affecting_the_diameter_and_morphology_of_electrospun_polyvinylidene_fluoride_pvdf_nanofibers/links/55751b5c08aeacff1ffcc4a8/study-of-process-parameters-affecting-the-diameter-and-morphology-of-electrospun-polyvinylidene-fluoride-pvdf-nanofibers.pdf,9,2,6,FAKE,7,0.3437567864323664,1.3859931606591491,0.25451889617521406,1.0,10.1515/epoly-2018-0037
ES1,https://www.researchgate.net/profile/dhananjay-pise/publication/277816900_study_of_process_parameters_affecting_the_diameter_and_morphology_of_electrospun_polyvinylidene_fluoride_pvdf_nanofibers/links/55751b5c08aeacff1ffcc4a8/study-of-process-parameters-affecting-the-diameter-and-morphology-of-electrospun-polyvinylidene-fluoride-pvdf-nanofibers.pdf,9,2,6,FAKE_SHR,7,0.3437567864323664,1.0009289870905607,0.25451889617521406,0.7185330365196144,10.1515/epoly-2018-0037
ES1,https://www.researchgate.net/profile/dhananjay-pise/publication/277816900_study_of_process_parameters_affecting_the_diameter_and_morphology_of_electrospun_polyvinylidene_fluoride_pvdf_nanofibers/links/55751b5c08aeacff1ffcc4a8/study-of-process-parameters-affecting-the-diameter-and-morphology-of-electrospun-polyvinylidene-fluoride-pvdf-nanofibers.pdf,9,2,7,OFF,7,0.6831342766689543,0.4027805692669894,-0.10138939828229465,1.0,
ES1,https://www.researchgate.net/profile/dhananjay-pise/publication/277816900_study_of_process_parameters_affecting_the_diameter_and_morphology_of_electrospun_polyvinylidene_fluoride_pvdf_nanofibers/links/55751b5c08aeacff1ffcc4a8/study-of-process-parameters-affecting-the-diameter-and-morphology-of-electrospun-polyvinylidene-fluoride-pvdf-nanofibers.pdf,9,2,7,SHR,7,0.6831342766689543,0.4671377161266228,-0.10138939828229465,0.7185330365196144,
ES1,https://www.researchgate.net/profile/dhananjay-pise/publication/277816900_study_of_process_parameters_affecting_the_diameter_and_morphology_of_electrospun_polyvinylidene_fluoride_pvdf_nanofibers/links/55751b5c08aeacff1ffcc4a8/study-of-process-parameters-affecting-the-diameter-and-morphology-of-electrospun-polyvinylidene-fluoride-pvdf-nanofibers.pdf,9,2,7,FAKE,7,0.6831342766689543,6.653153821603439,0.7080733336351388,1.0,10.1016/j.polymertesting.2019.106218
ES1,https://www.researchgate.net/profile/dhananjay-pise/publication/277816900_study_of_process_parameters_affecting_the_diameter_and_morphology_of_electrospun_polyvinylidene_fluoride_pvdf_nanofibers/links/55751b5c08aeacff1ffcc4a8/study-of-process-parameters-affecting-the-diameter-and-morphology-of-electrospun-polyvinylidene-fluoride-pvdf-nanofibers.pdf,9,2,7,FAKE_SHR,7,0.6831342766689543,4.263002492887738,0.7080733336351388,0.7185330365196144,10.1016/j.polymertesting.2019.106218
ES1,https://www.researchgate.net/profile/dhananjay-pise/publication/277816900_study_of_process_parameters_affecting_the_diameter_and_morphology_of_electrospun_polyvinylidene_fluoride_pvdf_nanofibers/links/55751b5c08aeacff1ffcc4a8/study-of-process-parameters-affecting-the-diameter-and-morphology-of-electrospun-polyvinylidene-fluoride-pvdf-nanofibers.pdf,9,2,8,OFF,7,0.31227957040190896,0.6397792267099889,-0.42312726726022964,1.0,
ES1,https://www.researchgate.net/profile/dhananjay-pise/publication/277816900_study_of_process_parameters_affecting_the_diameter_and_morphology_of_electrospun_polyvinylidene_fluoride_pvdf_nanofibers/links/55751b5c08aeacff1ffcc4a8/study-of-process-parameters-affecting-the-diameter-and-morphology-of-electrospun-polyvinylidene-fluoride-pvdf-nanofibers.pdf,9,2,8,SHR,7,0.31227957040190896,0.29413608895629945,-0.42312726726022964,0.7185330365196144,
ES1,https://www.researchgate.net/profile/dhananjay-pise/publication/277816900_study_of_process_parameters_affecting_the_diameter_and_morphology_of_electrospun_polyvinylidene_fluoride_pvdf_nanofibers/links/55751b5c08aeacff1ffcc4a8/study-of-process-parameters-affecting-the-diameter-and-morphology-of-electrospun-polyvinylidene-fluoride-pvdf-nanofibers.pdf,9,2,8,FAKE,7,0.31227957040190896,0.21079650061007368,-0.05665250639096264,1.0,10.1515/epoly-2014-0110
ES1,https://www.researchgate.net/profile/dhananjay-pise/publication/277816900_study_of_process_parameters_affecting_the_diameter_and_morphology_of_electrospun_polyvinylidene_fluoride_pvdf_nanofibers/links/55751b5c08aeacff1ffcc4a8/study-of-process-parameters-affecting-the-diameter-and-morphology-of-electrospun-polyvinylidene-fluoride-pvdf-nanofibers.pdf,9,2,8,FAKE_SHR,7,0.31227957040190896,0.2348169235668439,-0.05665250639096264,0.7185330365196144,10.1515/epoly-2014-0110
ES1,https://www.researchgate.net/profile/dhananjay-pise/publication/277816900_study_of_process_parameters_affecting_the_diameter_and_morphology_of_electrospun_polyvinylidene_fluoride_pvdf_nanofibers/links/55751b5c08aeacff1ffcc4a8/study-of-process-parameters-affecting-the-diameter-and-morphology-of-electrospun-polyvinylidene-fluoride-pvdf-nanofibers.pdf,9,2,9,OFF,7,0.586838122695948,0.24627575057063228,-0.16411971554586136,1.0,
ES1,https://www.researchgate.net/profile/dhananjay-pise/publication/277816900_study_of_process_parameters_affecting_the_diameter_and_morphology_of_electrospun_polyvinylidene_fluoride_pvdf_nanofibers/links/55751b5c08aeacff1ffcc4a8/study-of-process-parameters-affecting-the-diameter-and-morphology-of-electrospun-polyvinylidene-fluoride-pvdf-nanofibers.pdf,9,2,9,SHR,7,0.586838122695948,0.30400044422062505,-0.16411971554586136,0.7185330365196144,
ES1,https://www.researchgate.net/profile/dhananjay-pise/publication/277816900_study_of_process_parameters_affecting_the_diameter_and_morphology_of_electrospun_polyvinylidene_fluoride_pvdf_nanofibers/links/55751b5c08aeacff1ffcc4a8/study-of-process-parameters-affecting-the-diameter-and-morphology-of-electrospun-polyvinylidene-fluoride-pvdf-nanofibers.pdf,9,2,9,FAKE,7,0.586838122695948,0.2631229909192658,-0.31264502459995414,1.0,10.1007/s40204-017-0071-0
ES1,https://www.researchgate.net/profile/dhananjay-pise/publication/277816900_study_of_process_parameters_affecting_the_diameter_and_morphology_of_electrospun_polyvinylidene_fluoride_pvdf_nanofibers/links/55751b5c08aeacff1ffcc4a8/study-of-process-parameters-affecting-the-diameter-and-morphology-of-electrospun-polyvinylidene-fluoride-pvdf-nanofibers.pdf,9,2,9,FAKE_SHR,7,0.586838122695948,0.21585749242243765,-0.31264502459995414,0.7185330365196144,10.1007/s40204-017-0071-0
ES1,https://www.researchgate.net/profile/dhananjay-pise/publication/277816900_study_of_process_parameters_affecting_the_diameter_and_morphology_of_electrospun_polyvinylidene_fluoride_pvdf_nanofibers/links/55751b5c08aeacff1ffcc4a8/study-of-process-parameters-affecting-the-diameter-and-morphology-of-electrospun-polyvinylidene-fluoride-pvdf-nanofibers.pdf,9,2,10,OFF,7,0.5625257704122871,0.2863222496303248,-0.25384909964173574,1.0,
ES1,https://www.researchgate.net/profile/dhananjay-pise/publication/277816900_study_of_process_parameters_affecting_the_diameter_and_morphology_of_electrospun_polyvinylidene_fluoride_pvdf_nanofibers/links/55751b5c08aeacff1ffcc4a8/study-of-process-parameters-affecting-the-diameter-and-morphology-of-electrospun-polyvinylidene-fluoride-pvdf-nanofibers.pdf,9,2,10,SHR,7,0.5625257704122871,0.27283740119415373,-0.25384909964173574,0.7185330365196144,
ES1,https://www.researchgate.net/profile/dhananjay-pise/publication/277816900_study_of_process_parameters_affecting_the_diameter_and_morphology_of_electrospun_polyvinylidene_fluoride_pvdf_nanofibers/links/55751b5c08aeacff1ffcc4a8/study-of-process-parameters-affecting-the-diameter-and-morphology-of-electrospun-polyvinylidene-fluoride-pvdf-nanofibers.pdf,9,2,10,FAKE,7,0.5625257704122871,0.342060378968042,-0.10274229546206426,1.0,10.1002/app.32569
ES1,https://www.researchgate.net/profile/dhananjay-pise/publication/277816900_study_of_process_parameters_affecting_the_diameter_and_morphology_of_electrospun_polyvinylidene_fluoride_pvdf_nanofibers/links/55751b5c08aeacff1ffcc4a8/study-of-process-parameters-affecting-the-diameter-and-morphology-of-electrospun-polyvinylidene-fluoride-pvdf-nanofibers.pdf,9,2,10,FAKE_SHR,7,0.5625257704122871,0.38916996978167473,-0.10274229546206426,0.7185330365196144,10.1002/app.32569
ES1,https://www.researchgate.net/profile/dhananjay-pise/publication/277816900_study_of_process_parameters_affecting_the_diameter_and_morphology_of_electrospun_polyvinylidene_fluoride_pvdf_nanofibers/links/55751b5c08aeacff1ffcc4a8/study-of-process-parameters-affecting-the-diameter-and-morphology-of-electrospun-polyvinylidene-fluoride-pvdf-nanofibers.pdf,9,2,11,OFF,7,0.5390713787470922,0.32650100752667427,-0.2849452419224934,1.0,
ES1,https://www.researchgate.net/profile/dhananjay-pise/publication/277816900_study_of_process_parameters_affecting_the_diameter_and_morphology_of_electrospun_polyvinylidene_fluoride_pvdf_nanofibers/links/55751b5c08aeacff1ffcc4a8/study-of-process-parameters-affecting-the-diameter-and-morphology-of-electrospun-polyvinylidene-fluoride-pvdf-nanofibers.pdf,9,2,11,SHR,7,0.5390713787470922,0.2713862361786303,-0.2849452419224934,0.7185330365196144,
ES1,https://www.researchgate.net/profile/dhananjay-pise/publication/277816900_study_of_process_parameters_affecting_the_diameter_and_morphology_of_electrospun_polyvinylidene_fluoride_pvdf_nanofibers/links/55751b5c08aeacff1ffcc4a8/study-of-process-parameters-affecting-the-diameter-and-morphology-of-electrospun-polyvinylidene-fluoride-pvdf-nanofibers.pdf,9,2,11,FAKE,7,0.5390713787470922,3.215132948712916,0.4527904745559266,1.0,10.1016/j.memsci.2018.06.050
ES1,https://www.researchgate.net/profile/dhananjay-pise/publication/277816900_study_of_process_parameters_affecting_the_diameter_and_morphology_of_electrospun_polyvinylidene_fluoride_pvdf_nanofibers/links/55751b5c08aeacff1ffcc4a8/study-of-process-parameters-affecting-the-diameter-and-morphology-of-electrospun-polyvinylidene-fluoride-pvdf-nanofibers.pdf,9,2,11,FAKE_SHR,7,0.5390713787470922,2.1716636707739183,0.4527904745559266,0.7185330365196144,10.1016/j.memsci.2018.06.050
ES1,https://www.researchgate.net/profile/dhananjay-pise/publication/277816900_study_of_process_parameters_affecting_the_diameter_and_morphology_of_electrospun_polyvinylidene_fluoride_pvdf_nanofibers/links/55751b5c08aeacff1ffcc4a8/study-of-process-parameters-affecting-the-diameter-and-morphology-of-electrospun-polyvinylidene-fluoride-pvdf-nanofibers.pdf,9,2,12,OFF,7,0.7094681141378809,0.7419589566016415,0.008183230755445914,1.0,
ES1,https://www.researchgate.net/profile/dhananjay-pise/publication/277816900_study_of_process_parameters_affecting_the_diameter_and_morphology_of_electrospun_polyvinylidene_fluoride_pvdf_nanofibers/links/55751b5c08aeacff1ffcc4a8/study-of-process-parameters-affecting-the-diameter-and-morphology-of-electrospun-polyvinylidene-fluoride-pvdf-nanofibers.pdf,9,2,12,SHR,7,0.7094681141378809,0.732719054892748,0.008183230755445914,0.7185330365196144,
ES1,https://www.researchgate.net/profile/dhananjay-pise/publication/277816900_study_of_process_parameters_affecting_the_diameter_and_morphology_of_electrospun_polyvinylidene_fluoride_pvdf_nanofibers/links/55751b5c08aeacff1ffcc4a8/study-of-process-parameters-affecting-the-diameter-and-morphology-of-electrospun-polyvinylidene-fluoride-pvdf-nanofibers.pdf,9,2,12,FAKE,7,0.7094681141378809,2.2180299057071577,0.2623708538882372,1.0,10.1007/bf03218855
ES1,https://www.researchgate.net/profile/dhananjay-pise/publication/277816900_study_of_process_parameters_affecting_the_diameter_and_morphology_of_electrospun_polyvinylidene_fluoride_pvdf_nanofibers/links/55751b5c08aeacff1ffcc4a8/study-of-process-parameters-affecting-the-diameter-and-morphology-of-electrospun-polyvinylidene-fluoride-pvdf-nanofibers.pdf,9,2,12,FAKE_SHR,7,0.7094681141378809,1.6959647649961873,0.2623708538882372,0.7185330365196144,10.1007/bf03218855
ES1,https://www.researchgate.net/profile/dhananjay-pise/publication/277816900_study_of_process_parameters_affecting_the_diameter_and_morphology_of_electrospun_polyvinylidene_fluoride_pvdf_nanofibers/links/55751b5c08aeacff1ffcc4a8/study-of-process-parameters-affecting-the-diameter-and-morphology-of-electrospun-polyvinylidene-fluoride-pvdf-nanofibers.pdf,9,2,13,OFF,7,0.6617013701890251,0.3641751415294832,-0.1126422956211861,1.0,
ES1,https://www.researchgate.net/profile/dhananjay-pise/publication/277816900_study_of_process_parameters_affecting_the_diameter_and_morphology_of_electrospun_polyvinylidene_fluoride_pvdf_nanofibers/links/55751b5c08aeacff1ffcc4a8/study-of-process-parameters-affecting-the-diameter-and-morphology-of-electrospun-polyvinylidene-fluoride-pvdf-nanofibers.pdf,9,2,13,SHR,7,0.6617013701890251,0.429956097700923,-0.1126422956211861,0.7185330365196144,
ES1,https://www.researchgate.net/profile/dhananjay-pise/publication/277816900_study_of_process_parameters_affecting_the_diameter_and_morphology_of_electrospun_polyvinylidene_fluoride_pvdf_nanofibers/links/55751b5c08aeacff1ffcc4a8/study-of-process-parameters-affecting-the-diameter-and-morphology-of-electrospun-polyvinylidene-fluoride-pvdf-nanofibers.pdf,9,2,13,FAKE,7,0.6617013701890251,0.8951255786924015,0.060569570752351476,1.0,10.1515/epoly-2022-8106
ES1,https://www.researchgate.net/profile/dhananjay-pise/publication/277816900_study_of_process_parameters_affecting_the_diameter_and_morphology_of_electrospun_polyvinylidene_fluoride_pvdf_nanofibers/links/55751b5c08aeacff1ffcc4a8/study-of-process-parameters-affecting-the-diameter-and-morphology-of-electrospun-polyvinylidene-fluoride-pvdf-nanofibers.pdf,9,2,13,FAKE_SHR,7,0.6617013701890251,0.8242306236162643,0.060569570752351476,0.7185330365196144,10.1515/epoly-2022-8106
ES1,https://www.researchgate.net/profile/dhananjay-pise/publication/277816900_study_of_process_parameters_affecting_the_diameter_and_morphology_of_electrospun_polyvinylidene_fluoride_pvdf_nanofibers/links/55751b5c08aeacff1ffcc4a8/study-of-process-parameters-affecting-the-diameter-and-morphology-of-electrospun-polyvinylidene-fluoride-pvdf-nanofibers.pdf,9,2,14,OFF,7,0.3919755119477684,0.17896158362847497,-0.28475936921892997,1.0,
ES1,https://www.researchgate.net/profile/dhananjay-pise/publication/277816900_study_of_process_parameters_affecting_the_diameter_and_morphology_of_electrospun_polyvinylidene_fluoride_pvdf_nanofibers/links/55751b5c08aeacff1ffcc4a8/study-of-process-parameters-affecting-the-diameter-and-morphology-of-electrospun-polyvinylidene-fluoride-pvdf-nanofibers.pdf,9,2,14,SHR,7,0.3919755119477684,0.12412157135095359,-0.28475936921892997,0.7185330365196144,
ES1,https://www.researchgate.net/profile/dhananjay-pise/publication/277816900_study_of_process_parameters_affecting_the_diameter_and_morphology_of_electrospun_polyvinylidene_fluoride_pvdf_nanofibers/links/55751b5c08aeacff1ffcc4a8/study-of-process-parameters-affecting-the-diameter-and-morphology-of-electrospun-polyvinylidene-fluoride-pvdf-nanofibers.pdf,9,2,14,FAKE,7,0.3919755119477684,5.8426375104435255,0.7080733336351388,1.0,10.1016/j.polymertesting.2019.106218
ES1,https://www.researchgate.net/profile/dhananjay-pise/publication/277816900_study_of_process_parameters_affecting_the_diameter_and_morphology_of_electrospun_polyvinylidene_fluoride_pvdf_nanofibers/links/55751b5c08aeacff1ffcc4a8/study-of-process-parameters-affecting-the-diameter-and-morphology-of-electrospun-polyvinylidene-fluoride-pvdf-nanofibers.pdf,9,2,14,FAKE_SHR,7,0.3919755119477684,3.5986681732845565,0.7080733336351388,0.7185330365196144,10.1016/j.polymertesting.2019.106218
ES1,https://www.researchgate.net/profile/dhananjay-pise/publication/277816900_study_of_process_parameters_affecting_the_diameter_and_morphology_of_electrospun_polyvinylidene_fluoride_pvdf_nanofibers/links/55751b5c08aeacff1ffcc4a8/study-of-process-parameters-affecting-the-diameter-and-morphology-of-electrospun-polyvinylidene-fluoride-pvdf-nanofibers.pdf,9,2,15,OFF,7,0.5075941627166347,0.38071261993684186,-0.3162957775035129,1.0,
ES1,https://www.researchgate.net/profile/dhananjay-pise/publication/277816900_study_of_process_parameters_affecting_the_diameter_and_morphology_of_electrospun_polyvinylidene_fluoride_pvdf_nanofibers/links/55751b5c08aeacff1ffcc4a8/study-of-process-parameters-affecting-the-diameter-and-morphology-of-electrospun-polyvinylidene-fluoride-pvdf-nanofibers.pdf,9,2,15,SHR,7,0.5075941627166347,0.2747943621937808,-0.3162957775035129,0.7185330365196144,
ES1,https://www.researchgate.net/profile/dhananjay-pise/publication/277816900_study_of_process_parameters_affecting_the_diameter_and_morphology_of_electrospun_polyvinylidene_fluoride_pvdf_nanofibers/links/55751b5c08aeacff1ffcc4a8/study-of-process-parameters-affecting-the-diameter-and-morphology-of-electrospun-polyvinylidene-fluoride-pvdf-nanofibers.pdf,9,2,15,FAKE,7,0.5075941627166347,0.3530731354815673,-0.07357453683551363,1.0,10.1016/j.eurpolymj.2004.10.027
ES1,https://www.researchgate.net/profile/dhananjay-pise/publication/277816900_study_of_process_parameters_affecting_the_diameter_and_morphology_of_electrospun_polyvinylidene_fluoride_pvdf_nanofibers/links/55751b5c08aeacff1ffcc4a8/study-of-process-parameters-affecting-the-diameter-and-morphology-of-electrospun-polyvinylidene-fluoride-pvdf-nanofibers.pdf,9,2,15,FAKE_SHR,7,0.5075941627166347,0.38890219768296386,-0.07357453683551363,0.7185330365196144,10.1016/j.eurpolymj.2004.10.027
ES1,https://www.researchgate.net/profile/dhananjay-pise/publication/277816900_study_of_process_parameters_affecting_the_diameter_and_morphology_of_electrospun_polyvinylidene_fluoride_pvdf_nanofibers/links/55751b5c08aeacff1ffcc4a8/study-of-process-parameters-affecting-the-diameter-and-morphology-of-electrospun-polyvinylidene-fluoride-pvdf-nanofibers.pdf,9,2,16,OFF,7,0.5477297964579222,0.32056352873628113,-0.27865163865383336,1.0,
ES1,https://www.researchgate.net/profile/dhananjay-pise/publication/277816900_study_of_process_parameters_affecting_the_diameter_and_morphology_of_electrospun_polyvinylidene_fluoride_pvdf_nanofibers/links/55751b5c08aeacff1ffcc4a8/study-of-process-parameters-affecting-the-diameter-and-morphology-of-electrospun-polyvinylidene-fluoride-pvdf-nanofibers.pdf,9,2,16,SHR,7,0.5477297964579222,0.2745785973521689,-0.27865163865383336,0.7185330365196144,
ES1,https://www.researchgate.net/profile/dhananjay-pise/publication/277816900_study_of_process_parameters_affecting_the_diameter_and_morphology_of_electrospun_polyvinylidene_fluoride_pvdf_nanofibers/links/55751b5c08aeacff1ffcc4a8/study-of-process-parameters-affecting-the-diameter-and-morphology-of-electrospun-polyvinylidene-fluoride-pvdf-nanofibers.pdf,9,2,16,FAKE,7,0.5477297964579222,4.322528581956734,0.5628941473005804,1.0,10.3390/nano10061221
ES1,https://www.researchgate.net/profile/dhananjay-pise/publication/277816900_study_of_process_parameters_affecting_the_diameter_and_morphology_of_electrospun_polyvinylidene_fluoride_pvdf_nanofibers/links/55751b5c08aeacff1ffcc4a8/study-of-process-parameters-affecting-the-diameter-and-morphology-of-electrospun-polyvinylidene-fluoride-pvdf-nanofibers.pdf,9,2,16,FAKE_SHR,7,0.5477297964579222,2.811482129633004,0.5628941473005804,0.7185330365196144,10.3390/nano10061221
ES1,https://www.researchgate.net/profile/dhananjay-pise/publication/277816900_study_of_process_parameters_affecting_the_diameter_and_morphology_of_electrospun_polyvinylidene_fluoride_pvdf_nanofibers/links/55751b5c08aeacff1ffcc4a8/study-of-process-parameters-affecting-the-diameter-and-morphology-of-electrospun-polyvinylidene-fluoride-pvdf-nanofibers.pdf,9,2,17,OFF,7,0.7078986105191616,0.6162067517207745,-0.025468178102772132,1.0,
ES1,https://www.researchgate.net/profile/dhananjay-pise/publication/277816900_study_of_process_parameters_affecting_the_diameter_and_morphology_of_electrospun_polyvinylidene_fluoride_pvdf_nanofibers/links/55751b5c08aeacff1ffcc4a8/study-of-process-parameters-affecting-the-diameter-and-morphology-of-electrospun-polyvinylidene-fluoride-pvdf-nanofibers.pdf,9,2,17,SHR,7,0.7078986105191616,0.6410967159322966,-0.025468178102772132,0.7185330365196144,
ES1,https://www.researchgate.net/profile/dhananjay-pise/publication/277816900_study_of_process_parameters_affecting_the_diameter_and_morphology_of_electrospun_polyvinylidene_fluoride_pvdf_nanofibers/links/55751b5c08aeacff1ffcc4a8/study-of-process-parameters-affecting-the-diameter-and-morphology-of-electrospun-polyvinylidene-fluoride-pvdf-nanofibers.pdf,9,2,17,FAKE,7,0.7078986105191616,0.448484685832728,-0.08072795720429538,1.0,10.1002/polb.21380
ES1,https://www.researchgate.net/profile/dhananjay-pise/publication/277816900_study_of_process_parameters_affecting_the_diameter_and_morphology_of_electrospun_polyvinylidene_fluoride_pvdf_nanofibers/links/55751b5c08aeacff1ffcc4a8/study-of-process-parameters-affecting-the-diameter-and-morphology-of-electrospun-polyvinylidene-fluoride-pvdf-nanofibers.pdf,9,2,17,FAKE_SHR,7,0.7078986105191616,0.5122749934985154,-0.08072795720429538,0.7185330365196144,10.1002/polb.21380
ES1,https://www.researchgate.net/profile/dhananjay-pise/publication/277816900_study_of_process_parameters_affecting_the_diameter_and_morphology_of_electrospun_polyvinylidene_fluoride_pvdf_nanofibers/links/55751b5c08aeacff1ffcc4a8/study-of-process-parameters-affecting-the-diameter-and-morphology-of-electrospun-polyvinylidene-fluoride-pvdf-nanofibers.pdf,9,2,18,OFF,7,0.31227957040190896,0.6397792267099889,-0.42312726726022964,1.0,
ES1,https://www.researchgate.net/profile/dhananjay-pise/publication/277816900_study_of_process_parameters_affecting_the_diameter_and_morphology_of_electrospun_polyvinylidene_fluoride_pvdf_nanofibers/links/55751b5c08aeacff1ffcc4a8/study-of-process-parameters-affecting-the-diameter-and-morphology-of-electrospun-polyvinylidene-fluoride-pvdf-nanofibers.pdf,9,2,18,SHR,7,0.31227957040190896,0.29413608895629945,-0.42312726726022964,0.7185330365196144,
ES1,https://www.researchgate.net/profile/dhananjay-pise/publication/277816900_study_of_process_parameters_affecting_the_diameter_and_morphology_of_electrospun_polyvinylidene_fluoride_pvdf_nanofibers/links/55751b5c08aeacff1ffcc4a8/study-of-process-parameters-affecting-the-diameter-and-morphology-of-electrospun-polyvinylidene-fluoride-pvdf-nanofibers.pdf,9,2,18,FAKE,7,0.31227957040190896,0.15191282040529044,-0.11737694264584198,1.0,10.1016/j.memsci.2013.01.023
ES1,https://www.researchgate.net/profile/dhananjay-pise/publication/277816900_study_of_process_parameters_affecting_the_diameter_and_morphology_of_electrospun_polyvinylidene_fluoride_pvdf_nanofibers/links/55751b5c08aeacff1ffcc4a8/study-of-process-parameters-affecting-the-diameter-and-morphology-of-electrospun-polyvinylidene-fluoride-pvdf-nanofibers.pdf,9,2,18,FAKE_SHR,7,0.31227957040190896,0.17754612903437564,-0.11737694264584198,0.7185330365196144,10.1016/j.memsci.2013.01.023
ES1,https://www.researchgate.net/profile/dhananjay-pise/publication/277816900_study_of_process_parameters_affecting_the_diameter_and_morphology_of_electrospun_polyvinylidene_fluoride_pvdf_nanofibers/links/55751b5c08aeacff1ffcc4a8/study-of-process-parameters-affecting-the-diameter-and-morphology-of-electrospun-polyvinylidene-fluoride-pvdf-nanofibers.pdf,9,2,19,OFF,7,0.6847037802876738,0.47232594167978637,-0.0677379894240766,1.0,
ES1,https://www.researchgate.net/profile/dhananjay-pise/publication/277816900_study_of_process_parameters_affecting_the_diameter_and_morphology_of_electrospun_polyvinylidene_fluoride_pvdf_nanofibers/links/55751b5c08aeacff1ffcc4a8/study-of-process-parameters-affecting-the-diameter-and-morphology-of-electrospun-polyvinylidene-fluoride-pvdf-nanofibers.pdf,9,2,19,SHR,7,0.6847037802876738,0.5256074246868007,-0.0677379894240766,0.7185330365196144,
ES1,https://www.researchgate.net/profile/dhananjay-pise/publication/277816900_study_of_process_parameters_affecting_the_diameter_and_morphology_of_electrospun_polyvinylidene_fluoride_pvdf_nanofibers/links/55751b5c08aeacff1ffcc4a8/study-of-process-parameters-affecting-the-diameter-and-morphology-of-electrospun-polyvinylidene-fluoride-pvdf-nanofibers.pdf,9,2,19,FAKE,7,0.6847037802876738,0.3638931769027939,-0.11415171269124502,1.0,10.1002/polb.21380
ES1,https://www.researchgate.net/profile/dhananjay-pise/publication/277816900_study_of_process_parameters_affecting_the_diameter_and_morphology_of_electrospun_polyvinylidene_fluoride_pvdf_nanofibers/links/55751b5c08aeacff1ffcc4a8/study-of-process-parameters-affecting-the-diameter-and-morphology-of-electrospun-polyvinylidene-fluoride-pvdf-nanofibers.pdf,9,2,19,FAKE_SHR,7,0.6847037802876738,0.43574328225838294,-0.11415171269124502,0.7185330365196144,10.1002/polb.21380
ES1,https://www.researchgate.net/profile/dhananjay-pise/publication/277816900_study_of_process_parameters_affecting_the_diameter_and_morphology_of_electrospun_polyvinylidene_fluoride_pvdf_nanofibers/links/55751b5c08aeacff1ffcc4a8/study-of-process-parameters-affecting-the-diameter-and-morphology-of-electrospun-polyvinylidene-fluoride-pvdf-nanofibers.pdf,9,2,20,OFF,7,0.7078986105191616,0.6162067517207745,-0.025468178102772132,1.0,
ES1,https://www.researchgate.net/profile/dhananjay-pise/publication/277816900_study_of_process_parameters_affecting_the_diameter_and_morphology_of_electrospun_polyvinylidene_fluoride_pvdf_nanofibers/links/55751b5c08aeacff1ffcc4a8/study-of-process-parameters-affecting-the-diameter-and-morphology-of-electrospun-polyvinylidene-fluoride-pvdf-nanofibers.pdf,9,2,20,SHR,7,0.7078986105191616,0.6410967159322966,-0.025468178102772132,0.7185330365196144,
ES1,https://www.researchgate.net/profile/dhananjay-pise/publication/277816900_study_of_process_parameters_affecting_the_diameter_and_morphology_of_electrospun_polyvinylidene_fluoride_pvdf_nanofibers/links/55751b5c08aeacff1ffcc4a8/study-of-process-parameters-affecting-the-diameter-and-morphology-of-electrospun-polyvinylidene-fluoride-pvdf-nanofibers.pdf,9,2,20,FAKE,7,0.7078986105191616,0.613249580836617,-0.02633388203480269,1.0,10.1002/app.36726
ES1,https://www.researchgate.net/profile/dhananjay-pise/publication/277816900_study_of_process_parameters_affecting_the_diameter_and_morphology_of_electrospun_polyvinylidene_fluoride_pvdf_nanofibers/links/55751b5c08aeacff1ffcc4a8/study-of-process-parameters-affecting-the-diameter-and-morphology-of-electrospun-polyvinylidene-fluoride-pvdf-nanofibers.pdf,9,2,20,FAKE_SHR,7,0.7078986105191616,0.638908403398236,-0.02633388203480269,0.7185330365196144,10.1002/app.36726
ES1,https://www.researchgate.net/profile/dhananjay-pise/publication/277816900_study_of_process_parameters_affecting_the_diameter_and_morphology_of_electrospun_polyvinylidene_fluoride_pvdf_nanofibers/links/55751b5c08aeacff1ffcc4a8/study-of-process-parameters-affecting-the-diameter-and-morphology-of-electrospun-polyvinylidene-fluoride-pvdf-nanofibers.pdf,9,2,21,OFF,7,0.6054598203083604,0.2840889974763253,-0.21991405138172815,1.0,
ES1,https://www.researchgate.net/profile/dhananjay-pise/publication/277816900_study_of_process_parameters_affecting_the_diameter_and_morphology_of_electrospun_polyvinylidene_fluoride_pvdf_nanofibers/links/55751b5c08aeacff1ffcc4a8/study-of-process-parameters-affecting-the-diameter-and-morphology-of-electrospun-polyvinylidene-fluoride-pvdf-nanofibers.pdf,9,2,21,SHR,7,0.6054598203083604,0.3060777607858296,-0.21991405138172815,0.7185330365196144,
ES1,https://www.researchgate.net/profile/dhananjay-pise/publication/277816900_study_of_process_parameters_affecting_the_diameter_and_morphology_of_electrospun_polyvinylidene_fluoride_pvdf_nanofibers/links/55751b5c08aeacff1ffcc4a8/study-of-process-parameters-affecting-the-diameter-and-morphology-of-electrospun-polyvinylidene-fluoride-pvdf-nanofibers.pdf,9,2,21,FAKE,7,0.6054598203083604,2.5339596823405217,0.3526188470402185,1.0,10.1016/j.memsci.2018.06.050
ES1,https://www.researchgate.net/profile/dhananjay-pise/publication/277816900_study_of_process_parameters_affecting_the_diameter_and_morphology_of_electrospun_polyvinylidene_fluoride_pvdf_nanofibers/links/55751b5c08aeacff1ffcc4a8/study-of-process-parameters-affecting-the-diameter-and-morphology-of-electrospun-polyvinylidene-fluoride-pvdf-nanofibers.pdf,9,2,21,FAKE_SHR,7,0.6054598203083604,1.8151220756388196,0.3526188470402185,0.7185330365196144,10.1016/j.memsci.2018.06.050
ES1,https://www.researchgate.net/profile/dhananjay-pise/publication/277816900_study_of_process_parameters_affecting_the_diameter_and_morphology_of_electrospun_polyvinylidene_fluoride_pvdf_nanofibers/links/55751b5c08aeacff1ffcc4a8/study-of-process-parameters-affecting-the-diameter-and-morphology-of-electrospun-polyvinylidene-fluoride-pvdf-nanofibers.pdf,9,2,22,OFF,7,0.47331853053139145,0.43992480649672944,-0.3439372224948605,1.0,
ES1,https://www.researchgate.net/profile/dhananjay-pise/publication/277816900_study_of_process_parameters_affecting_the_diameter_and_morphology_of_electrospun_polyvinylidene_fluoride_pvdf_nanofibers/links/55751b5c08aeacff1ffcc4a8/study-of-process-parameters-affecting-the-diameter-and-morphology-of-electrospun-polyvinylidene-fluoride-pvdf-nanofibers.pdf,9,2,22,SHR,7,0.47331853053139145,0.2818565246087084,-0.3439372224948605,0.7185330365196144,
ES1,https://www.researchgate.net/profile/dhananjay-pise/publication/277816900_study_of_process_parameters_affecting_the_diameter_and_morphology_of_electrospun_polyvinylidene_fluoride_pvdf_nanofibers/links/55751b5c08aeacff1ffcc4a8/study-of-process-parameters-affecting-the-diameter-and-morphology-of-electrospun-polyvinylidene-fluoride-pvdf-nanofibers.pdf,9,2,22,FAKE,7,0.47331853053139145,0.254619928376316,-0.15126489486436778,1.0,10.1080/1539445x.2010.495630
ES1,https://www.researchgate.net/profile/dhananjay-pise/publication/277816900_study_of_process_parameters_affecting_the_diameter_and_morphology_of_electrospun_polyvinylidene_fluoride_pvdf_nanofibers/links/55751b5c08aeacff1ffcc4a8/study-of-process-parameters-affecting-the-diameter-and-morphology-of-electrospun-polyvinylidene-fluoride-pvdf-nanofibers.pdf,9,2,22,FAKE_SHR,7,0.47331853053139145,0.28378355843724656,-0.15126489486436778,0.7185330365196144,10.1080/1539445x.2010.495630
ES1,https://www.researchgate.net/profile/dhananjay-pise/publication/277816900_study_of_process_parameters_affecting_the_diameter_and_morphology_of_electrospun_polyvinylidene_fluoride_pvdf_nanofibers/links/55751b5c08aeacff1ffcc4a8/study-of-process-parameters-affecting-the-diameter-and-morphology-of-electrospun-polyvinylidene-fluoride-pvdf-nanofibers.pdf,9,2,23,OFF,7,0.586838122695948,0.24627575057063228,-0.16411971554586136,1.0,
ES1,https://www.researchgate.net/profile/dhananjay-pise/publication/277816900_study_of_process_parameters_affecting_the_diameter_and_morphology_of_electrospun_polyvinylidene_fluoride_pvdf_nanofibers/links/55751b5c08aeacff1ffcc4a8/study-of-process-parameters-affecting-the-diameter-and-morphology-of-electrospun-polyvinylidene-fluoride-pvdf-nanofibers.pdf,9,2,23,SHR,7,0.586838122695948,0.30400044422062505,-0.16411971554586136,0.7185330365196144,
ES1,https://www.researchgate.net/profile/dhananjay-pise/publication/277816900_study_of_process_parameters_affecting_the_diameter_and_morphology_of_electrospun_polyvinylidene_fluoride_pvdf_nanofibers/links/55751b5c08aeacff1ffcc4a8/study-of-process-parameters-affecting-the-diameter-and-morphology-of-electrospun-polyvinylidene-fluoride-pvdf-nanofibers.pdf,9,2,23,FAKE,7,0.586838122695948,0.32960407624645494,-0.10268218377893579,1.0,10.1002/app.36726
ES1,https://www.researchgate.net/profile/dhananjay-pise/publication/277816900_study_of_process_parameters_affecting_the_diameter_and_morphology_of_electrospun_polyvinylidene_fluoride_pvdf_nanofibers/links/55751b5c08aeacff1ffcc4a8/study-of-process-parameters-affecting-the-diameter-and-morphology-of-electrospun-polyvinylidene-fluoride-pvdf-nanofibers.pdf,9,2,23,FAKE_SHR,7,0.586838122695948,0.38708031042072577,-0.10268218377893579,0.7185330365196144,10.1002/app.36726
ES1,https://www.researchgate.net/profile/dhananjay-pise/publication/277816900_study_of_process_parameters_affecting_the_diameter_and_morphology_of_electrospun_polyvinylidene_fluoride_pvdf_nanofibers/links/55751b5c08aeacff1ffcc4a8/study-of-process-parameters-affecting-the-diameter-and-morphology-of-electrospun-polyvinylidene-fluoride-pvdf-nanofibers.pdf,9,2,24,OFF,7,0.6302241541585676,0.2995473816675109,-0.14399283120220563,1.0,
ES1,https://www.researchgate.net/profile/dhananjay-pise/publication/277816900_study_of_process_parameters_affecting_the_diameter_and_morphology_of_electrospun_polyvinylidene_fluoride_pvdf_nanofibers/links/55751b5c08aeacff1ffcc4a8/study-of-process-parameters-affecting-the-diameter-and-morphology-of-electrospun-polyvinylidene-fluoride-pvdf-nanofibers.pdf,9,2,24,SHR,7,0.6302241541585676,0.36326887030549104,-0.14399283120220563,0.7185330365196144,
ES1,https://www.researchgate.net/profile/dhananjay-pise/publication/277816900_study_of_process_parameters_affecting_the_diameter_and_morphology_of_electrospun_polyvinylidene_fluoride_pvdf_nanofibers/links/55751b5c08aeacff1ffcc4a8/study-of-process-parameters-affecting-the-diameter-and-morphology-of-electrospun-polyvinylidene-fluoride-pvdf-nanofibers.pdf,9,2,24,FAKE,7,0.6302241541585676,1.613978036060512,0.20696674460516018,1.0,10.1002/adv.21947
ES1,https://www.researchgate.net/profile/dhananjay-pise/publication/277816900_study_of_process_parameters_affecting_the_diameter_and_morphology_of_electrospun_polyvinylidene_fluoride_pvdf_nanofibers/links/55751b5c08aeacff1ffcc4a8/study-of-process-parameters-affecting-the-diameter-and-morphology-of-electrospun-polyvinylidene-fluoride-pvdf-nanofibers.pdf,9,2,24,FAKE_SHR,7,0.6302241541585676,1.2764418418518955,0.20696674460516018,0.7185330365196144,10.1002/adv.21947
ES1,https://www.researchgate.net/profile/dhananjay-pise/publication/277816900_study_of_process_parameters_affecting_the_diameter_and_morphology_of_electrospun_polyvinylidene_fluoride_pvdf_nanofibers/links/55751b5c08aeacff1ffcc4a8/study-of-process-parameters-affecting-the-diameter-and-morphology-of-electrospun-polyvinylidene-fluoride-pvdf-nanofibers.pdf,9,2,25,OFF,7,0.5939270367880587,0.2542173433965533,-0.19147752113541938,1.0,
ES1,https://www.researchgate.net/profile/dhananjay-pise/publication/277816900_study_of_process_parameters_affecting_the_diameter_and_morphology_of_electrospun_polyvinylidene_fluoride_pvdf_nanofibers/links/55751b5c08aeacff1ffcc4a8/study-of-process-parameters-affecting-the-diameter-and-morphology-of-electrospun-polyvinylidene-fluoride-pvdf-nanofibers.pdf,9,2,25,SHR,7,0.5939270367880587,0.29792956583073255,-0.19147752113541938,0.7185330365196144,
ES1,https://www.researchgate.net/profile/dhananjay-pise/publication/277816900_study_of_process_parameters_affecting_the_diameter_and_morphology_of_electrospun_polyvinylidene_fluoride_pvdf_nanofibers/links/55751b5c08aeacff1ffcc4a8/study-of-process-parameters-affecting-the-diameter-and-morphology-of-electrospun-polyvinylidene-fluoride-pvdf-nanofibers.pdf,9,2,25,FAKE,7,0.5939270367880587,0.5292267094606156,-0.02184666656723211,1.0,10.1007/s11814-009-0309-1
ES1,https://www.researchgate.net/profile/dhananjay-pise/publication/277816900_study_of_process_parameters_affecting_the_diameter_and_morphology_of_electrospun_polyvinylidene_fluoride_pvdf_nanofibers/links/55751b5c08aeacff1ffcc4a8/study-of-process-parameters-affecting-the-diameter-and-morphology-of-electrospun-polyvinylidene-fluoride-pvdf-nanofibers.pdf,9,2,25,FAKE_SHR,7,0.5939270367880587,0.5467620317876478,-0.02184666656723211,0.7185330365196144,10.1007/s11814-009-0309-1
ES1,https://www.researchgate.net/profile/dhananjay-pise/publication/277816900_study_of_process_parameters_affecting_the_diameter_and_morphology_of_electrospun_polyvinylidene_fluoride_pvdf_nanofibers/links/55751b5c08aeacff1ffcc4a8/study-of-process-parameters-affecting-the-diameter-and-morphology-of-electrospun-polyvinylidene-fluoride-pvdf-nanofibers.pdf,9,2,26,OFF,7,0.2780039382166656,0.7639569017138644,-0.4507687122515772,1.0,
ES1,https://www.researchgate.net/profile/dhananjay-pise/publication/277816900_study_of_process_parameters_affecting_the_diameter_and_morphology_of_electrospun_polyvinylidene_fluoride_pvdf_nanofibers/links/55751b5c08aeacff1ffcc4a8/study-of-process-parameters-affecting-the-diameter-and-morphology-of-electrospun-polyvinylidene-fluoride-pvdf-nanofibers.pdf,9,2,26,SHR,7,0.2780039382166656,0.3395170238866555,-0.4507687122515772,0.7185330365196144,
ES1,https://www.researchgate.net/profile/dhananjay-pise/publication/277816900_study_of_process_parameters_affecting_the_diameter_and_morphology_of_electrospun_polyvinylidene_fluoride_pvdf_nanofibers/links/55751b5c08aeacff1ffcc4a8/study-of-process-parameters-affecting-the-diameter-and-morphology-of-electrospun-polyvinylidene-fluoride-pvdf-nanofibers.pdf,9,2,26,FAKE,7,0.2780039382166656,0.42830271745104675,-0.35691834276713497,1.0,10.1007/s10965-014-0571-8.
ES1,https://www.researchgate.net/profile/dhananjay-pise/publication/277816900_study_of_process_parameters_affecting_the_diameter_and_morphology_of_electrospun_polyvinylidene_fluoride_pvdf_nanofibers/links/55751b5c08aeacff1ffcc4a8/study-of-process-parameters-affecting-the-diameter-and-morphology-of-electrospun-polyvinylidene-fluoride-pvdf-nanofibers.pdf,9,2,26,FAKE_SHR,7,0.2780039382166656,0.2056511520696242,-0.35691834276713497,0.7185330365196144,10.1007/s10965-014-0571-8.
ES1,https://www.researchgate.net/profile/dhananjay-pise/publication/277816900_study_of_process_parameters_affecting_the_diameter_and_morphology_of_electrospun_polyvinylidene_fluoride_pvdf_nanofibers/links/55751b5c08aeacff1ffcc4a8/study-of-process-parameters-affecting-the-diameter-and-morphology-of-electrospun-polyvinylidene-fluoride-pvdf-nanofibers.pdf,9,2,27,OFF,7,0.586838122695948,0.24627575057063228,-0.16411971554586136,1.0,
ES1,https://www.researchgate.net/profile/dhananjay-pise/publication/277816900_study_of_process_parameters_affecting_the_diameter_and_morphology_of_electrospun_polyvinylidene_fluoride_pvdf_nanofibers/links/55751b5c08aeacff1ffcc4a8/study-of-process-parameters-affecting-the-diameter-and-morphology-of-electrospun-polyvinylidene-fluoride-pvdf-nanofibers.pdf,9,2,27,SHR,7,0.586838122695948,0.30400044422062505,-0.16411971554586136,0.7185330365196144,
ES1,https://www.researchgate.net/profile/dhananjay-pise/publication/277816900_study_of_process_parameters_affecting_the_diameter_and_morphology_of_electrospun_polyvinylidene_fluoride_pvdf_nanofibers/links/55751b5c08aeacff1ffcc4a8/study-of-process-parameters-affecting-the-diameter-and-morphology-of-electrospun-polyvinylidene-fluoride-pvdf-nanofibers.pdf,9,2,27,FAKE,7,0.586838122695948,0.2358518948550542,-0.1765392662490992,1.0,10.3390/polym15132813
ES1,https://www.researchgate.net/profile/dhananjay-pise/publication/277816900_study_of_process_parameters_affecting_the_diameter_and_morphology_of_electrospun_polyvinylidene_fluoride_pvdf_nanofibers/links/55751b5c08aeacff1ffcc4a8/study-of-process-parameters-affecting-the-diameter-and-morphology-of-electrospun-polyvinylidene-fluoride-pvdf-nanofibers.pdf,9,2,27,FAKE_SHR,7,0.586838122695948,0.2905209579014122,-0.1765392662490992,0.7185330365196144,10.3390/polym15132813
ES1,https://www.researchgate.net/profile/dhananjay-pise/publication/277816900_study_of_process_parameters_affecting_the_diameter_and_morphology_of_electrospun_polyvinylidene_fluoride_pvdf_nanofibers/links/55751b5c08aeacff1ffcc4a8/study-of-process-parameters-affecting-the-diameter-and-morphology-of-electrospun-polyvinylidene-fluoride-pvdf-nanofibers.pdf,9,2,28,OFF,7,0.47331853053139145,0.43992480649672944,-0.3439372224948605,1.0,
ES1,https://www.researchgate.net/profile/dhananjay-pise/publication/277816900_study_of_process_parameters_affecting_the_diameter_and_morphology_of_electrospun_polyvinylidene_fluoride_pvdf_nanofibers/links/55751b5c08aeacff1ffcc4a8/study-of-process-parameters-affecting-the-diameter-and-morphology-of-electrospun-polyvinylidene-fluoride-pvdf-nanofibers.pdf,9,2,28,SHR,7,0.47331853053139145,0.2818565246087084,-0.3439372224948605,0.7185330365196144,
ES1,https://www.researchgate.net/profile/dhananjay-pise/publication/277816900_study_of_process_parameters_affecting_the_diameter_and_morphology_of_electrospun_polyvinylidene_fluoride_pvdf_nanofibers/links/55751b5c08aeacff1ffcc4a8/study-of-process-parameters-affecting-the-diameter-and-morphology-of-electrospun-polyvinylidene-fluoride-pvdf-nanofibers.pdf,9,2,28,FAKE,7,0.47331853053139145,0.2889564889141096,-0.2541974244543317,1.0,10.1016/j.eurpolymj.2004.10.027
ES1,https://www.researchgate.net/profile/dhananjay-pise/publication/277816900_study_of_process_parameters_affecting_the_diameter_and_morphology_of_electrospun_polyvinylidene_fluoride_pvdf_nanofibers/links/55751b5c08aeacff1ffcc4a8/study-of-process-parameters-affecting-the-diameter-and-morphology-of-electrospun-polyvinylidene-fluoride-pvdf-nanofibers.pdf,9,2,28,FAKE_SHR,7,0.47331853053139145,0.2493707680042984,-0.2541974244543317,0.7185330365196144,10.1016/j.eurpolymj.2004.10.027
ES1,https://www.researchgate.net/profile/dhananjay-pise/publication/277816900_study_of_process_parameters_affecting_the_diameter_and_morphology_of_electrospun_polyvinylidene_fluoride_pvdf_nanofibers/links/55751b5c08aeacff1ffcc4a8/study-of-process-parameters-affecting-the-diameter-and-morphology-of-electrospun-polyvinylidene-fluoride-pvdf-nanofibers.pdf,9,2,29,OFF,7,0.2780039382166656,0.7639569017138644,-0.4507687122515772,1.0,
ES1,https://www.researchgate.net/profile/dhananjay-pise/publication/277816900_study_of_process_parameters_affecting_the_diameter_and_morphology_of_electrospun_polyvinylidene_fluoride_pvdf_nanofibers/links/55751b5c08aeacff1ffcc4a8/study-of-process-parameters-affecting-the-diameter-and-morphology-of-electrospun-polyvinylidene-fluoride-pvdf-nanofibers.pdf,9,2,29,SHR,7,0.2780039382166656,0.3395170238866555,-0.4507687122515772,0.7185330365196144,
ES1,https://www.researchgate.net/profile/dhananjay-pise/publication/277816900_study_of_process_parameters_affecting_the_diameter_and_morphology_of_electrospun_polyvinylidene_fluoride_pvdf_nanofibers/links/55751b5c08aeacff1ffcc4a8/study-of-process-parameters-affecting-the-diameter-and-morphology-of-electrospun-polyvinylidene-fluoride-pvdf-nanofibers.pdf,9,2,29,FAKE,7,0.2780039382166656,0.13558134643363906,-0.10750642852970205,1.0,https://www.sciencedirect.com/science/article/pii/s0927776511005522
ES1,https://www.researchgate.net/profile/dhananjay-pise/publication/277816900_study_of_process_parameters_affecting_the_diameter_and_morphology_of_electrospun_polyvinylidene_fluoride_pvdf_nanofibers/links/55751b5c08aeacff1ffcc4a8/study-of-process-parameters-affecting-the-diameter-and-morphology-of-electrospun-polyvinylidene-fluoride-pvdf-nanofibers.pdf,9,2,29,FAKE_SHR,7,0.2780039382166656,0.15930642420794996,-0.10750642852970205,0.7185330365196144,https://www.sciencedirect.com/science/article/pii/s0927776511005522
ES1,https://www.researchgate.net/profile/dhananjay-pise/publication/277816900_study_of_process_parameters_affecting_the_diameter_and_morphology_of_electrospun_polyvinylidene_fluoride_pvdf_nanofibers/links/55751b5c08aeacff1ffcc4a8/study-of-process-parameters-affecting-the-diameter-and-morphology-of-electrospun-polyvinylidene-fluoride-pvdf-nanofibers.pdf,9,3,0,OFF,6,0.6369053964657532,0.3371603289624609,-0.12758398825410774,1.0,
ES1,https://www.researchgate.net/profile/dhananjay-pise/publication/277816900_study_of_process_parameters_affecting_the_diameter_and_morphology_of_electrospun_polyvinylidene_fluoride_pvdf_nanofibers/links/55751b5c08aeacff1ffcc4a8/study-of-process-parameters-affecting-the-diameter-and-morphology-of-electrospun-polyvinylidene-fluoride-pvdf-nanofibers.pdf,9,3,0,SHR,6,0.6369053964657532,0.3831932059163107,-0.12758398825410774,0.7929273180062347,
ES1,https://www.researchgate.net/profile/dhananjay-pise/publication/277816900_study_of_process_parameters_affecting_the_diameter_and_morphology_of_electrospun_polyvinylidene_fluoride_pvdf_nanofibers/links/55751b5c08aeacff1ffcc4a8/study-of-process-parameters-affecting-the-diameter-and-morphology-of-electrospun-polyvinylidene-fluoride-pvdf-nanofibers.pdf,9,3,0,FAKE,6,0.6369053964657532,0.5182671196988087,-0.041386730814074735,1.0,10.1016/j.compositesb.2019.01.094
ES1,https://www.researchgate.net/profile/dhananjay-pise/publication/277816900_study_of_process_parameters_affecting_the_diameter_and_morphology_of_electrospun_polyvinylidene_fluoride_pvdf_nanofibers/links/55751b5c08aeacff1ffcc4a8/study-of-process-parameters-affecting-the-diameter-and-morphology-of-electrospun-polyvinylidene-fluoride-pvdf-nanofibers.pdf,9,3,0,FAKE_SHR,6,0.6369053964657532,0.5411464206325999,-0.041386730814074735,0.7929273180062347,10.1016/j.compositesb.2019.01.094
ES1,https://www.researchgate.net/profile/dhananjay-pise/publication/277816900_study_of_process_parameters_affecting_the_diameter_and_morphology_of_electrospun_polyvinylidene_fluoride_pvdf_nanofibers/links/55751b5c08aeacff1ffcc4a8/study-of-process-parameters-affecting-the-diameter-and-morphology-of-electrospun-polyvinylidene-fluoride-pvdf-nanofibers.pdf,9,3,0,RET,6,0.5584721702659088,0.294844158948955,,5.0,
ES1,https://www.researchgate.net/profile/dhananjay-pise/publication/277816900_study_of_process_parameters_affecting_the_diameter_and_morphology_of_electrospun_polyvinylidene_fluoride_pvdf_nanofibers/links/55751b5c08aeacff1ffcc4a8/study-of-process-parameters-affecting-the-diameter-and-morphology-of-electrospun-polyvinylidene-fluoride-pvdf-nanofibers.pdf,9,3,1,OFF,6,0.5141994553691346,0.24382868513115857,-0.2217719238381147,1.0,
ES1,https://www.researchgate.net/profile/dhananjay-pise/publication/277816900_study_of_process_parameters_affecting_the_diameter_and_morphology_of_electrospun_polyvinylidene_fluoride_pvdf_nanofibers/links/55751b5c08aeacff1ffcc4a8/study-of-process-parameters-affecting-the-diameter-and-morphology-of-electrospun-polyvinylidene-fluoride-pvdf-nanofibers.pdf,9,3,1,SHR,6,0.5141994553691346,0.25136209733243514,-0.2217719238381147,0.7929273180062347,
ES1,https://www.researchgate.net/profile/dhananjay-pise/publication/277816900_study_of_process_parameters_affecting_the_diameter_and_morphology_of_electrospun_polyvinylidene_fluoride_pvdf_nanofibers/links/55751b5c08aeacff1ffcc4a8/study-of-process-parameters-affecting-the-diameter-and-morphology-of-electrospun-polyvinylidene-fluoride-pvdf-nanofibers.pdf,9,3,1,FAKE,6,0.5141994553691346,0.24464533012759476,-0.19756673800811667,1.0,10.3390/nano11102514
ES1,https://www.researchgate.net/profile/dhananjay-pise/publication/277816900_study_of_process_parameters_affecting_the_diameter_and_morphology_of_electrospun_polyvinylidene_fluoride_pvdf_nanofibers/links/55751b5c08aeacff1ffcc4a8/study-of-process-parameters-affecting-the-diameter-and-morphology-of-electrospun-polyvinylidene-fluoride-pvdf-nanofibers.pdf,9,3,1,FAKE_SHR,6,0.5141994553691346,0.26200919457854355,-0.19756673800811667,0.7929273180062347,10.3390/nano11102514
ES1,https://www.researchgate.net/profile/dhananjay-pise/publication/277816900_study_of_process_parameters_affecting_the_diameter_and_morphology_of_electrospun_polyvinylidene_fluoride_pvdf_nanofibers/links/55751b5c08aeacff1ffcc4a8/study-of-process-parameters-affecting-the-diameter-and-morphology-of-electrospun-polyvinylidene-fluoride-pvdf-nanofibers.pdf,9,3,1,RET,6,0.45728983136678736,0.13887947106352516,,5.0,
ES1,https://www.researchgate.net/profile/dhananjay-pise/publication/277816900_study_of_process_parameters_affecting_the_diameter_and_morphology_of_electrospun_polyvinylidene_fluoride_pvdf_nanofibers/links/55751b5c08aeacff1ffcc4a8/study-of-process-parameters-affecting-the-diameter-and-morphology-of-electrospun-polyvinylidene-fluoride-pvdf-nanofibers.pdf,9,3,2,OFF,6,0.6831026367958897,0.47144871013633716,-0.06946790990849842,1.0,
ES1,https://www.researchgate.net/profile/dhananjay-pise/publication/277816900_study_of_process_parameters_affecting_the_diameter_and_morphology_of_electrospun_polyvinylidene_fluoride_pvdf_nanofibers/links/55751b5c08aeacff1ffcc4a8/study-of-process-parameters-affecting-the-diameter-and-morphology-of-electrospun-polyvinylidene-fluoride-pvdf-nanofibers.pdf,9,3,2,SHR,6,0.6831026367958897,0.5105222732818255,-0.06946790990849842,0.7929273180062347,
ES1,https://www.researchgate.net/profile/dhananjay-pise/publication/277816900_study_of_process_parameters_affecting_the_diameter_and_morphology_of_electrospun_polyvinylidene_fluoride_pvdf_nanofibers/links/55751b5c08aeacff1ffcc4a8/study-of-process-parameters-affecting-the-diameter-and-morphology-of-electrospun-polyvinylidene-fluoride-pvdf-nanofibers.pdf,9,3,2,FAKE,6,0.6831026367958897,2.30103749330246,0.3054754877331507,1.0,10.1007/s12221-015-5263-4
ES1,https://www.researchgate.net/profile/dhananjay-pise/publication/277816900_study_of_process_parameters_affecting_the_diameter_and_morphology_of_electrospun_polyvinylidene_fluoride_pvdf_nanofibers/links/55751b5c08aeacff1ffcc4a8/study-of-process-parameters-affecting-the-diameter-and-morphology-of-electrospun-polyvinylidene-fluoride-pvdf-nanofibers.pdf,9,3,2,FAKE_SHR,6,0.6831026367958897,1.874076766658258,0.3054754877331507,0.7929273180062347,10.1007/s12221-015-5263-4
ES1,https://www.researchgate.net/profile/dhananjay-pise/publication/277816900_study_of_process_parameters_affecting_the_diameter_and_morphology_of_electrospun_polyvinylidene_fluoride_pvdf_nanofibers/links/55751b5c08aeacff1ffcc4a8/study-of-process-parameters-affecting-the-diameter-and-morphology-of-electrospun-polyvinylidene-fluoride-pvdf-nanofibers.pdf,9,3,2,RET,6,0.5955533718782378,0.43744646010407917,,5.0,
ES1,https://www.researchgate.net/profile/dhananjay-pise/publication/277816900_study_of_process_parameters_affecting_the_diameter_and_morphology_of_electrospun_polyvinylidene_fluoride_pvdf_nanofibers/links/55751b5c08aeacff1ffcc4a8/study-of-process-parameters-affecting-the-diameter-and-morphology-of-electrospun-polyvinylidene-fluoride-pvdf-nanofibers.pdf,9,3,3,OFF,6,0.4680022150389981,0.3219717920985067,-0.279888002183724,1.0,
ES1,https://www.researchgate.net/profile/dhananjay-pise/publication/277816900_study_of_process_parameters_affecting_the_diameter_and_morphology_of_electrospun_polyvinylidene_fluoride_pvdf_nanofibers/links/55751b5c08aeacff1ffcc4a8/study-of-process-parameters-affecting-the-diameter-and-morphology-of-electrospun-polyvinylidene-fluoride-pvdf-nanofibers.pdf,9,3,3,SHR,6,0.4680022150389981,0.2750358161713622,-0.279888002183724,0.7929273180062347,
ES1,https://www.researchgate.net/profile/dhananjay-pise/publication/277816900_study_of_process_parameters_affecting_the_diameter_and_morphology_of_electrospun_polyvinylidene_fluoride_pvdf_nanofibers/links/55751b5c08aeacff1ffcc4a8/study-of-process-parameters-affecting-the-diameter-and-morphology-of-electrospun-polyvinylidene-fluoride-pvdf-nanofibers.pdf,9,3,3,FAKE,6,0.4680022150389981,0.26618154307111147,-0.18074793447346282,1.0,10.1080/1539445x.2010.495630
ES1,https://www.researchgate.net/profile/dhananjay-pise/publication/277816900_study_of_process_parameters_affecting_the_diameter_and_morphology_of_electrospun_polyvinylidene_fluoride_pvdf_nanofibers/links/55751b5c08aeacff1ffcc4a8/study-of-process-parameters-affecting-the-diameter-and-morphology-of-electrospun-polyvinylidene-fluoride-pvdf-nanofibers.pdf,9,3,3,FAKE_SHR,6,0.4680022150389981,0.27578804554845837,-0.18074793447346282,0.7929273180062347,10.1080/1539445x.2010.495630
ES1,https://www.researchgate.net/profile/dhananjay-pise/publication/277816900_study_of_process_parameters_affecting_the_diameter_and_morphology_of_electrospun_polyvinylidene_fluoride_pvdf_nanofibers/links/55751b5c08aeacff1ffcc4a8/study-of-process-parameters-affecting-the-diameter-and-morphology-of-electrospun-polyvinylidene-fluoride-pvdf-nanofibers.pdf,9,3,3,RET,6,0.42020862975445844,0.16158051172411317,,5.0,
ES1,https://www.researchgate.net/profile/dhananjay-pise/publication/277816900_study_of_process_parameters_affecting_the_diameter_and_morphology_of_electrospun_polyvinylidene_fluoride_pvdf_nanofibers/links/55751b5c08aeacff1ffcc4a8/study-of-process-parameters-affecting-the-diameter-and-morphology-of-electrospun-polyvinylidene-fluoride-pvdf-nanofibers.pdf,9,3,4,OFF,6,0.6297405327189568,0.3800229086925007,-0.08866475591087115,1.0,
ES1,https://www.researchgate.net/profile/dhananjay-pise/publication/277816900_study_of_process_parameters_affecting_the_diameter_and_morphology_of_electrospun_polyvinylidene_fluoride_pvdf_nanofibers/links/55751b5c08aeacff1ffcc4a8/study-of-process-parameters-affecting-the-diameter-and-morphology-of-electrospun-polyvinylidene-fluoride-pvdf-nanofibers.pdf,9,3,4,SHR,6,0.6297405327189568,0.42398781971872607,-0.08866475591087115,0.7929273180062347,
ES1,https://www.researchgate.net/profile/dhananjay-pise/publication/277816900_study_of_process_parameters_affecting_the_diameter_and_morphology_of_electrospun_polyvinylidene_fluoride_pvdf_nanofibers/links/55751b5c08aeacff1ffcc4a8/study-of-process-parameters-affecting-the-diameter-and-morphology-of-electrospun-polyvinylidene-fluoride-pvdf-nanofibers.pdf,9,3,4,FAKE,6,0.6297405327189568,0.166934931893315,-0.25209084416583244,1.0,10.1007/s10965-014-0571-8.
ES1,https://www.researchgate.net/profile/dhananjay-pise/publication/277816900_study_of_process_parameters_affecting_the_diameter_and_morphology_of_electrospun_polyvinylidene_fluoride_pvdf_nanofibers/links/55751b5c08aeacff1ffcc4a8/study-of-process-parameters-affecting-the-diameter-and-morphology-of-electrospun-polyvinylidene-fluoride-pvdf-nanofibers.pdf,9,3,4,FAKE_SHR,6,0.6297405327189568,0.2001625176435458,-0.25209084416583244,0.7929273180062347,10.1007/s10965-014-0571-8.
ES1,https://www.researchgate.net/profile/dhananjay-pise/publication/277816900_study_of_process_parameters_affecting_the_diameter_and_morphology_of_electrospun_polyvinylidene_fluoride_pvdf_nanofibers/links/55751b5c08aeacff1ffcc4a8/study-of-process-parameters-affecting-the-diameter-and-morphology-of-electrospun-polyvinylidene-fluoride-pvdf-nanofibers.pdf,9,3,4,RET,6,0.5493988697860902,0.28848317599863155,,5.0,
ES1,https://www.researchgate.net/profile/dhananjay-pise/publication/277816900_study_of_process_parameters_affecting_the_diameter_and_morphology_of_electrospun_polyvinylidene_fluoride_pvdf_nanofibers/links/55751b5c08aeacff1ffcc4a8/study-of-process-parameters-affecting-the-diameter-and-morphology-of-electrospun-polyvinylidene-fluoride-pvdf-nanofibers.pdf,9,3,5,OFF,6,0.5572094549198938,0.2840824004995477,-0.21982925361497418,1.0,
ES1,https://www.researchgate.net/profile/dhananjay-pise/publication/277816900_study_of_process_parameters_affecting_the_diameter_and_morphology_of_electrospun_polyvinylidene_fluoride_pvdf_nanofibers/links/55751b5c08aeacff1ffcc4a8/study-of-process-parameters-affecting-the-diameter-and-morphology-of-electrospun-polyvinylidene-fluoride-pvdf-nanofibers.pdf,9,3,5,SHR,6,0.5572094549198938,0.2930317195989872,-0.21982925361497418,0.7929273180062347,
ES1,https://www.researchgate.net/profile/dhananjay-pise/publication/277816900_study_of_process_parameters_affecting_the_diameter_and_morphology_of_electrospun_polyvinylidene_fluoride_pvdf_nanofibers/links/55751b5c08aeacff1ffcc4a8/study-of-process-parameters-affecting-the-diameter-and-morphology-of-electrospun-polyvinylidene-fluoride-pvdf-nanofibers.pdf,9,3,5,FAKE,6,0.5572094549198938,0.5437084333498575,-0.005337636732162476,1.0,10.1016/j.compositesb.2019.01.094
ES1,https://www.researchgate.net/profile/dhananjay-pise/publication/277816900_study_of_process_parameters_affecting_the_diameter_and_morphology_of_electrospun_polyvinylidene_fluoride_pvdf_nanofibers/links/55751b5c08aeacff1ffcc4a8/study-of-process-parameters-affecting-the-diameter-and-morphology-of-electrospun-polyvinylidene-fluoride-pvdf-nanofibers.pdf,9,3,5,FAKE_SHR,6,0.5572094549198938,0.5464760584839119,-0.005337636732162476,0.7929273180062347,10.1016/j.compositesb.2019.01.094
ES1,https://www.researchgate.net/profile/dhananjay-pise/publication/277816900_study_of_process_parameters_affecting_the_diameter_and_morphology_of_electrospun_polyvinylidene_fluoride_pvdf_nanofibers/links/55751b5c08aeacff1ffcc4a8/study-of-process-parameters-affecting-the-diameter-and-morphology-of-electrospun-polyvinylidene-fluoride-pvdf-nanofibers.pdf,9,3,6,OFF,6,0.593895396914994,0.29260576246825787,-0.12952665847724823,1.0,
ES1,https://www.researchgate.net/profile/dhananjay-pise/publication/277816900_study_of_process_parameters_affecting_the_diameter_and_morphology_of_electrospun_polyvinylidene_fluoride_pvdf_nanofibers/links/55751b5c08aeacff1ffcc4a8/study-of-process-parameters-affecting-the-diameter-and-morphology-of-electrospun-polyvinylidene-fluoride-pvdf-nanofibers.pdf,9,3,6,SHR,6,0.593895396914994,0.338466407386809,-0.12952665847724823,0.7929273180062347,
ES1,https://www.researchgate.net/profile/dhananjay-pise/publication/277816900_study_of_process_parameters_affecting_the_diameter_and_morphology_of_electrospun_polyvinylidene_fluoride_pvdf_nanofibers/links/55751b5c08aeacff1ffcc4a8/study-of-process-parameters-affecting-the-diameter-and-morphology-of-electrospun-polyvinylidene-fluoride-pvdf-nanofibers.pdf,9,3,6,FAKE,6,0.593895396914994,2.7883443271453334,0.3991329661889198,1.0,10.1016/j.memsci.2018.06.050
ES1,https://www.researchgate.net/profile/dhananjay-pise/publication/277816900_study_of_process_parameters_affecting_the_diameter_and_morphology_of_electrospun_polyvinylidene_fluoride_pvdf_nanofibers/links/55751b5c08aeacff1ffcc4a8/study-of-process-parameters-affecting-the-diameter-and-morphology-of-electrospun-polyvinylidene-fluoride-pvdf-nanofibers.pdf,9,3,6,FAKE_SHR,6,0.593895396914994,2.176990652836824,0.3991329661889198,0.7929273180062347,10.1016/j.memsci.2018.06.050
ES1,https://www.researchgate.net/profile/dhananjay-pise/publication/277816900_study_of_process_parameters_affecting_the_diameter_and_morphology_of_electrospun_polyvinylidene_fluoride_pvdf_nanofibers/links/55751b5c08aeacff1ffcc4a8/study-of-process-parameters-affecting-the-diameter-and-morphology-of-electrospun-polyvinylidene-fluoride-pvdf-nanofibers.pdf,9,3,7,OFF,6,0.6277190475336913,0.3569186128054289,-0.10189358587211528,1.0,
ES1,https://www.researchgate.net/profile/dhananjay-pise/publication/277816900_study_of_process_parameters_affecting_the_diameter_and_morphology_of_electrospun_polyvinylidene_fluoride_pvdf_nanofibers/links/55751b5c08aeacff1ffcc4a8/study-of-process-parameters-affecting-the-diameter-and-morphology-of-electrospun-polyvinylidene-fluoride-pvdf-nanofibers.pdf,9,3,7,SHR,6,0.6277190475336913,0.4027657398796327,-0.10189358587211528,0.7929273180062347,
ES1,https://www.researchgate.net/profile/dhananjay-pise/publication/277816900_study_of_process_parameters_affecting_the_diameter_and_morphology_of_electrospun_polyvinylidene_fluoride_pvdf_nanofibers/links/55751b5c08aeacff1ffcc4a8/study-of-process-parameters-affecting-the-diameter-and-morphology-of-electrospun-polyvinylidene-fluoride-pvdf-nanofibers.pdf,9,3,7,FAKE,6,0.6277190475336913,2.477374998475818,0.34603664635530446,1.0,10.3390/nano12060962
ES1,https://www.researchgate.net/profile/dhananjay-pise/publication/277816900_study_of_process_parameters_affecting_the_diameter_and_morphology_of_electrospun_polyvinylidene_fluoride_pvdf_nanofibers/links/55751b5c08aeacff1ffcc4a8/study-of-process-parameters-affecting-the-diameter-and-morphology-of-electrospun-polyvinylidene-fluoride-pvdf-nanofibers.pdf,9,3,7,FAKE_SHR,6,0.6277190475336913,1.9763971993286709,0.34603664635530446,0.7929273180062347,10.3390/nano12060962
ES1,https://www.researchgate.net/profile/dhananjay-pise/publication/277816900_study_of_process_parameters_affecting_the_diameter_and_morphology_of_electrospun_polyvinylidene_fluoride_pvdf_nanofibers/links/55751b5c08aeacff1ffcc4a8/study-of-process-parameters-affecting-the-diameter-and-morphology-of-electrospun-polyvinylidene-fluoride-pvdf-nanofibers.pdf,9,3,8,OFF,6,0.2775203167770548,0.1713245665230912,-0.29318200994378557,1.0,
ES1,https://www.researchgate.net/profile/dhananjay-pise/publication/277816900_study_of_process_parameters_affecting_the_diameter_and_morphology_of_electrospun_polyvinylidene_fluoride_pvdf_nanofibers/links/55751b5c08aeacff1ffcc4a8/study-of-process-parameters-affecting-the-diameter-and-morphology-of-electrospun-polyvinylidene-fluoride-pvdf-nanofibers.pdf,9,3,8,SHR,6,0.2775203167770548,0.10863456634619083,-0.29318200994378557,0.7929273180062347,
ES1,https://www.researchgate.net/profile/dhananjay-pise/publication/277816900_study_of_process_parameters_affecting_the_diameter_and_morphology_of_electrospun_polyvinylidene_fluoride_pvdf_nanofibers/links/55751b5c08aeacff1ffcc4a8/study-of-process-parameters-affecting-the-diameter-and-morphology-of-electrospun-polyvinylidene-fluoride-pvdf-nanofibers.pdf,9,3,8,FAKE,6,0.2775203167770548,0.3537053180576855,-0.3864116797393138,1.0,10.1007/s10965-014-0571-8.
ES1,https://www.researchgate.net/profile/dhananjay-pise/publication/277816900_study_of_process_parameters_affecting_the_diameter_and_morphology_of_electrospun_polyvinylidene_fluoride_pvdf_nanofibers/links/55751b5c08aeacff1ffcc4a8/study-of-process-parameters-affecting-the-diameter-and-morphology-of-electrospun-polyvinylidene-fluoride-pvdf-nanofibers.pdf,9,3,8,FAKE_SHR,6,0.2775203167770548,0.1908310921440302,-0.3864116797393138,0.7929273180062347,10.1007/s10965-014-0571-8.
ES1,https://www.researchgate.net/profile/dhananjay-pise/publication/277816900_study_of_process_parameters_affecting_the_diameter_and_morphology_of_electrospun_polyvinylidene_fluoride_pvdf_nanofibers/links/55751b5c08aeacff1ffcc4a8/study-of-process-parameters-affecting-the-diameter-and-morphology-of-electrospun-polyvinylidene-fluoride-pvdf-nanofibers.pdf,9,3,9,OFF,6,0.5847849976376179,0.28766283145371335,-0.124516951378787,1.0,
ES1,https://www.researchgate.net/profile/dhananjay-pise/publication/277816900_study_of_process_parameters_affecting_the_diameter_and_morphology_of_electrospun_polyvinylidene_fluoride_pvdf_nanofibers/links/55751b5c08aeacff1ffcc4a8/study-of-process-parameters-affecting-the-diameter-and-morphology-of-electrospun-polyvinylidene-fluoride-pvdf-nanofibers.pdf,9,3,9,SHR,6,0.5847849976376179,0.3339143069180698,-0.124516951378787,0.7929273180062347,
ES1,https://www.researchgate.net/profile/dhananjay-pise/publication/277816900_study_of_process_parameters_affecting_the_diameter_and_morphology_of_electrospun_polyvinylidene_fluoride_pvdf_nanofibers/links/55751b5c08aeacff1ffcc4a8/study-of-process-parameters-affecting-the-diameter-and-morphology-of-electrospun-polyvinylidene-fluoride-pvdf-nanofibers.pdf,9,3,9,FAKE,6,0.5847849976376179,0.4856323076702682,-0.03383731726464312,1.0,10.1007/s11814-009-0309-1
ES1,https://www.researchgate.net/profile/dhananjay-pise/publication/277816900_study_of_process_parameters_affecting_the_diameter_and_morphology_of_electrospun_polyvinylidene_fluoride_pvdf_nanofibers/links/55751b5c08aeacff1ffcc4a8/study-of-process-parameters-affecting-the-diameter-and-morphology-of-electrospun-polyvinylidene-fluoride-pvdf-nanofibers.pdf,9,3,9,FAKE_SHR,6,0.5847849976376179,0.5050361465971065,-0.03383731726464312,0.7929273180062347,10.1007/s11814-009-0309-1
ES1,https://www.researchgate.net/profile/dhananjay-pise/publication/277816900_study_of_process_parameters_affecting_the_diameter_and_morphology_of_electrospun_polyvinylidene_fluoride_pvdf_nanofibers/links/55751b5c08aeacff1ffcc4a8/study-of-process-parameters-affecting-the-diameter-and-morphology-of-electrospun-polyvinylidene-fluoride-pvdf-nanofibers.pdf,9,3,10,OFF,6,0.24454954678256385,0.3895595460815975,-0.35719733485347516,1.0,
ES1,https://www.researchgate.net/profile/dhananjay-pise/publication/277816900_study_of_process_parameters_affecting_the_diameter_and_morphology_of_electrospun_polyvinylidene_fluoride_pvdf_nanofibers/links/55751b5c08aeacff1ffcc4a8/study-of-process-parameters-affecting-the-diameter-and-morphology-of-electrospun-polyvinylidene-fluoride-pvdf-nanofibers.pdf,9,3,10,SHR,6,0.24454954678256385,0.23383524152875793,-0.35719733485347516,0.7929273180062347,
ES1,https://www.researchgate.net/profile/dhananjay-pise/publication/277816900_study_of_process_parameters_affecting_the_diameter_and_morphology_of_electrospun_polyvinylidene_fluoride_pvdf_nanofibers/links/55751b5c08aeacff1ffcc4a8/study-of-process-parameters-affecting-the-diameter-and-morphology-of-electrospun-polyvinylidene-fluoride-pvdf-nanofibers.pdf,9,3,10,FAKE,6,0.24454954678256385,0.16729938738494587,-0.23467252149571394,1.0,10.1007/s40204-017-0071-0
ES1,https://www.researchgate.net/profile/dhananjay-pise/publication/277816900_study_of_process_parameters_affecting_the_diameter_and_morphology_of_electrospun_polyvinylidene_fluoride_pvdf_nanofibers/links/55751b5c08aeacff1ffcc4a8/study-of-process-parameters-affecting-the-diameter-and-morphology-of-electrospun-polyvinylidene-fluoride-pvdf-nanofibers.pdf,9,3,10,FAKE_SHR,6,0.24454954678256385,0.129041765616346,-0.23467252149571394,0.7929273180062347,10.1007/s40204-017-0071-0
ES1,https://www.researchgate.net/profile/dhananjay-pise/publication/277816900_study_of_process_parameters_affecting_the_diameter_and_morphology_of_electrospun_polyvinylidene_fluoride_pvdf_nanofibers/links/55751b5c08aeacff1ffcc4a8/study-of-process-parameters-affecting-the-diameter-and-morphology-of-electrospun-polyvinylidene-fluoride-pvdf-nanofibers.pdf,9,3,11,OFF,6,0.28748359667863715,0.3324790067553833,-0.33457396934680345,1.0,
ES1,https://www.researchgate.net/profile/dhananjay-pise/publication/277816900_study_of_process_parameters_affecting_the_diameter_and_morphology_of_electrospun_polyvinylidene_fluoride_pvdf_nanofibers/links/55751b5c08aeacff1ffcc4a8/study-of-process-parameters-affecting-the-diameter-and-morphology-of-electrospun-polyvinylidene-fluoride-pvdf-nanofibers.pdf,9,3,11,SHR,6,0.28748359667863715,0.2128829613585711,-0.33457396934680345,0.7929273180062347,
ES1,https://www.researchgate.net/profile/dhananjay-pise/publication/277816900_study_of_process_parameters_affecting_the_diameter_and_morphology_of_electrospun_polyvinylidene_fluoride_pvdf_nanofibers/links/55751b5c08aeacff1ffcc4a8/study-of-process-parameters-affecting-the-diameter-and-morphology-of-electrospun-polyvinylidene-fluoride-pvdf-nanofibers.pdf,9,3,11,FAKE,6,0.28748359667863715,1.3343698832403859,0.2898371498507745,1.0,10.1016/j.jafr.2019.100015
ES1,https://www.researchgate.net/profile/dhananjay-pise/publication/277816900_study_of_process_parameters_affecting_the_diameter_and_morphology_of_electrospun_polyvinylidene_fluoride_pvdf_nanofibers/links/55751b5c08aeacff1ffcc4a8/study-of-process-parameters-affecting-the-diameter-and-morphology-of-electrospun-polyvinylidene-fluoride-pvdf-nanofibers.pdf,9,3,11,FAKE_SHR,6,0.28748359667863715,1.0348292738789244,0.2898371498507745,0.7929273180062347,10.1016/j.jafr.2019.100015
ES1,https://www.researchgate.net/profile/dhananjay-pise/publication/277816900_study_of_process_parameters_affecting_the_diameter_and_morphology_of_electrospun_polyvinylidene_fluoride_pvdf_nanofibers/links/55751b5c08aeacff1ffcc4a8/study-of-process-parameters-affecting-the-diameter-and-morphology-of-electrospun-polyvinylidene-fluoride-pvdf-nanofibers.pdf,9,3,12,OFF,6,0.5624941305392225,0.24986162104260906,-0.17110771081479248,1.0,
ES1,https://www.researchgate.net/profile/dhananjay-pise/publication/277816900_study_of_process_parameters_affecting_the_diameter_and_morphology_of_electrospun_polyvinylidene_fluoride_pvdf_nanofibers/links/55751b5c08aeacff1ffcc4a8/study-of-process-parameters-affecting-the-diameter-and-morphology-of-electrospun-polyvinylidene-fluoride-pvdf-nanofibers.pdf,9,3,12,SHR,6,0.5624941305392225,0.28575586338749204,-0.17110771081479248,0.7929273180062347,
ES1,https://www.researchgate.net/profile/dhananjay-pise/publication/277816900_study_of_process_parameters_affecting_the_diameter_and_morphology_of_electrospun_polyvinylidene_fluoride_pvdf_nanofibers/links/55751b5c08aeacff1ffcc4a8/study-of-process-parameters-affecting-the-diameter-and-morphology-of-electrospun-polyvinylidene-fluoride-pvdf-nanofibers.pdf,9,3,12,FAKE,6,0.5624941305392225,5.663400561975326,0.7143981808461382,1.0,10.1016/j.polymertesting.2019.106218
ES1,https://www.researchgate.net/profile/dhananjay-pise/publication/277816900_study_of_process_parameters_affecting_the_diameter_and_morphology_of_electrospun_polyvinylidene_fluoride_pvdf_nanofibers/links/55751b5c08aeacff1ffcc4a8/study-of-process-parameters-affecting-the-diameter-and-morphology-of-electrospun-polyvinylidene-fluoride-pvdf-nanofibers.pdf,9,3,12,FAKE_SHR,6,0.5624941305392225,4.104350464039811,0.7143981808461382,0.7929273180062347,10.1016/j.polymertesting.2019.106218
ES1,https://www.researchgate.net/profile/dhananjay-pise/publication/277816900_study_of_process_parameters_affecting_the_diameter_and_morphology_of_electrospun_polyvinylidene_fluoride_pvdf_nanofibers/links/55751b5c08aeacff1ffcc4a8/study-of-process-parameters-affecting-the-diameter-and-morphology-of-electrospun-polyvinylidene-fluoride-pvdf-nanofibers.pdf,9,3,13,OFF,6,0.6831026367958897,0.47144871013633716,-0.06946790990849842,1.0,
ES1,https://www.researchgate.net/profile/dhananjay-pise/publication/277816900_study_of_process_parameters_affecting_the_diameter_and_morphology_of_electrospun_polyvinylidene_fluoride_pvdf_nanofibers/links/55751b5c08aeacff1ffcc4a8/study-of-process-parameters-affecting-the-diameter-and-morphology-of-electrospun-polyvinylidene-fluoride-pvdf-nanofibers.pdf,9,3,13,SHR,6,0.6831026367958897,0.5105222732818255,-0.06946790990849842,0.7929273180062347,
ES1,https://www.researchgate.net/profile/dhananjay-pise/publication/277816900_study_of_process_parameters_affecting_the_diameter_and_morphology_of_electrospun_polyvinylidene_fluoride_pvdf_nanofibers/links/55751b5c08aeacff1ffcc4a8/study-of-process-parameters-affecting-the-diameter-and-morphology-of-electrospun-polyvinylidene-fluoride-pvdf-nanofibers.pdf,9,3,13,FAKE,6,0.6831026367958897,1.6166079653239291,0.20013410263293308,1.0,10.1016/j.jmrt.2023.01.007
ES1,https://www.researchgate.net/profile/dhananjay-pise/publication/277816900_study_of_process_parameters_affecting_the_diameter_and_morphology_of_electrospun_polyvinylidene_fluoride_pvdf_nanofibers/links/55751b5c08aeacff1ffcc4a8/study-of-process-parameters-affecting-the-diameter-and-morphology-of-electrospun-polyvinylidene-fluoride-pvdf-nanofibers.pdf,9,3,13,FAKE_SHR,6,0.6831026367958897,1.3838451897443453,0.20013410263293308,0.7929273180062347,10.1016/j.jmrt.2023.01.007
ES1,https://www.researchgate.net/profile/dhananjay-pise/publication/277816900_study_of_process_parameters_affecting_the_diameter_and_morphology_of_electrospun_polyvinylidene_fluoride_pvdf_nanofibers/links/55751b5c08aeacff1ffcc4a8/study-of-process-parameters-affecting-the-diameter-and-morphology-of-electrospun-polyvinylidene-fluoride-pvdf-nanofibers.pdf,9,3,14,OFF,6,0.6831026367958897,0.47144871013633716,-0.06946790990849842,1.0,
ES1,https://www.researchgate.net/profile/dhananjay-pise/publication/277816900_study_of_process_parameters_affecting_the_diameter_and_morphology_of_electrospun_polyvinylidene_fluoride_pvdf_nanofibers/links/55751b5c08aeacff1ffcc4a8/study-of-process-parameters-affecting-the-diameter-and-morphology-of-electrospun-polyvinylidene-fluoride-pvdf-nanofibers.pdf,9,3,14,SHR,6,0.6831026367958897,0.5105222732818255,-0.06946790990849842,0.7929273180062347,
ES1,https://www.researchgate.net/profile/dhananjay-pise/publication/277816900_study_of_process_parameters_affecting_the_diameter_and_morphology_of_electrospun_polyvinylidene_fluoride_pvdf_nanofibers/links/55751b5c08aeacff1ffcc4a8/study-of-process-parameters-affecting-the-diameter-and-morphology-of-electrospun-polyvinylidene-fluoride-pvdf-nanofibers.pdf,9,3,14,FAKE,6,0.6831026367958897,0.3797842935735022,-0.10764702176007972,1.0,10.1002/app.36726
ES1,https://www.researchgate.net/profile/dhananjay-pise/publication/277816900_study_of_process_parameters_affecting_the_diameter_and_morphology_of_electrospun_polyvinylidene_fluoride_pvdf_nanofibers/links/55751b5c08aeacff1ffcc4a8/study-of-process-parameters-affecting-the-diameter-and-morphology-of-electrospun-polyvinylidene-fluoride-pvdf-nanofibers.pdf,9,3,14,FAKE_SHR,6,0.6831026367958897,0.43117730167440016,-0.10764702176007972,0.7929273180062347,10.1002/app.36726
ES1,https://www.researchgate.net/profile/dhananjay-pise/publication/277816900_study_of_process_parameters_affecting_the_diameter_and_morphology_of_electrospun_polyvinylidene_fluoride_pvdf_nanofibers/links/55751b5c08aeacff1ffcc4a8/study-of-process-parameters-affecting-the-diameter-and-morphology-of-electrospun-polyvinylidene-fluoride-pvdf-nanofibers.pdf,9,3,15,OFF,6,0.5868064828228834,0.30358439161025297,-0.11128812141754289,1.0,
ES1,https://www.researchgate.net/profile/dhananjay-pise/publication/277816900_study_of_process_parameters_affecting_the_diameter_and_morphology_of_electrospun_polyvinylidene_fluoride_pvdf_nanofibers/links/55751b5c08aeacff1ffcc4a8/study-of-process-parameters-affecting-the-diameter-and-morphology-of-electrospun-polyvinylidene-fluoride-pvdf-nanofibers.pdf,9,3,15,SHR,6,0.5868064828228834,0.3500306789481611,-0.11128812141754289,0.7929273180062347,
ES1,https://www.researchgate.net/profile/dhananjay-pise/publication/277816900_study_of_process_parameters_affecting_the_diameter_and_morphology_of_electrospun_polyvinylidene_fluoride_pvdf_nanofibers/links/55751b5c08aeacff1ffcc4a8/study-of-process-parameters-affecting-the-diameter-and-morphology-of-electrospun-polyvinylidene-fluoride-pvdf-nanofibers.pdf,9,3,15,FAKE,6,0.5868064828228834,0.19423231324025692,-0.18868826751754617,1.0,10.3390/polym15132813
ES1,https://www.researchgate.net/profile/dhananjay-pise/publication/277816900_study_of_process_parameters_affecting_the_diameter_and_morphology_of_electrospun_polyvinylidene_fluoride_pvdf_nanofibers/links/55751b5c08aeacff1ffcc4a8/study-of-process-parameters-affecting-the-diameter-and-morphology-of-electrospun-polyvinylidene-fluoride-pvdf-nanofibers.pdf,9,3,15,FAKE_SHR,6,0.5868064828228834,0.24044873547828655,-0.18868826751754617,0.7929273180062347,10.3390/polym15132813
ES1,https://www.researchgate.net/profile/dhananjay-pise/publication/277816900_study_of_process_parameters_affecting_the_diameter_and_morphology_of_electrospun_polyvinylidene_fluoride_pvdf_nanofibers/links/55751b5c08aeacff1ffcc4a8/study-of-process-parameters-affecting-the-diameter-and-morphology-of-electrospun-polyvinylidene-fluoride-pvdf-nanofibers.pdf,9,3,16,OFF,6,0.4485225568081197,0.30790426464293896,-0.28178060616989065,1.0,
ES1,https://www.researchgate.net/profile/dhananjay-pise/publication/277816900_study_of_process_parameters_affecting_the_diameter_and_morphology_of_electrospun_polyvinylidene_fluoride_pvdf_nanofibers/links/55751b5c08aeacff1ffcc4a8/study-of-process-parameters-affecting-the-diameter-and-morphology-of-electrospun-polyvinylidene-fluoride-pvdf-nanofibers.pdf,9,3,16,SHR,6,0.4485225568081197,0.25880034158101684,-0.28178060616989065,0.7929273180062347,
ES1,https://www.researchgate.net/profile/dhananjay-pise/publication/277816900_study_of_process_parameters_affecting_the_diameter_and_morphology_of_electrospun_polyvinylidene_fluoride_pvdf_nanofibers/links/55751b5c08aeacff1ffcc4a8/study-of-process-parameters-affecting-the-diameter-and-morphology-of-electrospun-polyvinylidene-fluoride-pvdf-nanofibers.pdf,9,3,16,FAKE,6,0.4485225568081197,2.5066425945095956,0.4309708548668773,1.0,10.1016/j.matlet.2015.08.003
ES1,https://www.researchgate.net/profile/dhananjay-pise/publication/277816900_study_of_process_parameters_affecting_the_diameter_and_morphology_of_electrospun_polyvinylidene_fluoride_pvdf_nanofibers/links/55751b5c08aeacff1ffcc4a8/study-of-process-parameters-affecting-the-diameter-and-morphology-of-electrospun-polyvinylidene-fluoride-pvdf-nanofibers.pdf,9,3,16,FAKE_SHR,6,0.4485225568081197,1.8974823191355825,0.4309708548668773,0.7929273180062347,10.1016/j.matlet.2015.08.003
ES1,https://www.researchgate.net/profile/dhananjay-pise/publication/277816900_study_of_process_parameters_affecting_the_diameter_and_morphology_of_electrospun_polyvinylidene_fluoride_pvdf_nanofibers/links/55751b5c08aeacff1ffcc4a8/study-of-process-parameters-affecting-the-diameter-and-morphology-of-electrospun-polyvinylidene-fluoride-pvdf-nanofibers.pdf,9,3,17,OFF,6,0.38992238688943825,0.09868117196754003,-0.20494338716083274,1.0,
ES1,https://www.researchgate.net/profile/dhananjay-pise/publication/277816900_study_of_process_parameters_affecting_the_diameter_and_morphology_of_electrospun_polyvinylidene_fluoride_pvdf_nanofibers/links/55751b5c08aeacff1ffcc4a8/study-of-process-parameters-affecting-the-diameter-and-morphology-of-electrospun-polyvinylidene-fluoride-pvdf-nanofibers.pdf,9,3,17,SHR,6,0.38992238688943825,0.11761072233311846,-0.20494338716083274,0.7929273180062347,
ES1,https://www.researchgate.net/profile/dhananjay-pise/publication/277816900_study_of_process_parameters_affecting_the_diameter_and_morphology_of_electrospun_polyvinylidene_fluoride_pvdf_nanofibers/links/55751b5c08aeacff1ffcc4a8/study-of-process-parameters-affecting-the-diameter-and-morphology-of-electrospun-polyvinylidene-fluoride-pvdf-nanofibers.pdf,9,3,17,FAKE,6,0.38992238688943825,0.12865659472152122,-0.14843575307087123,1.0,https://www.sciencedirect.com/science/article/pii/s0927776511005522
ES1,https://www.researchgate.net/profile/dhananjay-pise/publication/277816900_study_of_process_parameters_affecting_the_diameter_and_morphology_of_electrospun_polyvinylidene_fluoride_pvdf_nanofibers/links/55751b5c08aeacff1ffcc4a8/study-of-process-parameters-affecting-the-diameter-and-morphology-of-electrospun-polyvinylidene-fluoride-pvdf-nanofibers.pdf,9,3,17,FAKE_SHR,6,0.38992238688943825,0.16105136906280848,-0.14843575307087123,0.7929273180062347,https://www.sciencedirect.com/science/article/pii/s0927776511005522
ES1,https://www.researchgate.net/profile/dhananjay-pise/publication/277816900_study_of_process_parameters_affecting_the_diameter_and_morphology_of_electrospun_polyvinylidene_fluoride_pvdf_nanofibers/links/55751b5c08aeacff1ffcc4a8/study-of-process-parameters-affecting-the-diameter-and-morphology-of-electrospun-polyvinylidene-fluoride-pvdf-nanofibers.pdf,9,3,18,OFF,6,0.5162209405544002,0.22887257744250006,-0.20854309387687056,1.0,
ES1,https://www.researchgate.net/profile/dhananjay-pise/publication/277816900_study_of_process_parameters_affecting_the_diameter_and_morphology_of_electrospun_polyvinylidene_fluoride_pvdf_nanofibers/links/55751b5c08aeacff1ffcc4a8/study-of-process-parameters-affecting-the-diameter-and-morphology-of-electrospun-polyvinylidene-fluoride-pvdf-nanofibers.pdf,9,3,18,SHR,6,0.5162209405544002,0.24552968052280166,-0.20854309387687056,0.7929273180062347,
ES1,https://www.researchgate.net/profile/dhananjay-pise/publication/277816900_study_of_process_parameters_affecting_the_diameter_and_morphology_of_electrospun_polyvinylidene_fluoride_pvdf_nanofibers/links/55751b5c08aeacff1ffcc4a8/study-of-process-parameters-affecting-the-diameter-and-morphology-of-electrospun-polyvinylidene-fluoride-pvdf-nanofibers.pdf,9,3,18,FAKE,6,0.5162209405544002,0.6832530123332115,0.056297930049518254,1.0,10.1002/adv.21947
ES1,https://www.researchgate.net/profile/dhananjay-pise/publication/277816900_study_of_process_parameters_affecting_the_diameter_and_morphology_of_electrospun_polyvinylidene_fluoride_pvdf_nanofibers/links/55751b5c08aeacff1ffcc4a8/study-of-process-parameters-affecting-the-diameter-and-morphology-of-electrospun-polyvinylidene-fluoride-pvdf-nanofibers.pdf,9,3,18,FAKE_SHR,6,0.5162209405544002,0.6455428062520963,0.056297930049518254,0.7929273180062347,10.1002/adv.21947
ES1,https://www.researchgate.net/profile/dhananjay-pise/publication/277816900_study_of_process_parameters_affecting_the_diameter_and_morphology_of_electrospun_polyvinylidene_fluoride_pvdf_nanofibers/links/55751b5c08aeacff1ffcc4a8/study-of-process-parameters-affecting-the-diameter-and-morphology-of-electrospun-polyvinylidene-fluoride-pvdf-nanofibers.pdf,9,3,19,OFF,6,0.5572094549198938,0.2840824004995477,-0.21982925361497418,1.0,
ES1,https://www.researchgate.net/profile/dhananjay-pise/publication/277816900_study_of_process_parameters_affecting_the_diameter_and_morphology_of_electrospun_polyvinylidene_fluoride_pvdf_nanofibers/links/55751b5c08aeacff1ffcc4a8/study-of-process-parameters-affecting-the-diameter-and-morphology-of-electrospun-polyvinylidene-fluoride-pvdf-nanofibers.pdf,9,3,19,SHR,6,0.5572094549198938,0.2930317195989872,-0.21982925361497418,0.7929273180062347,
ES1,https://www.researchgate.net/profile/dhananjay-pise/publication/277816900_study_of_process_parameters_affecting_the_diameter_and_morphology_of_electrospun_polyvinylidene_fluoride_pvdf_nanofibers/links/55751b5c08aeacff1ffcc4a8/study-of-process-parameters-affecting-the-diameter-and-morphology-of-electrospun-polyvinylidene-fluoride-pvdf-nanofibers.pdf,9,3,19,FAKE,6,0.5572094549198938,0.2840008944496827,-0.20824812221330116,1.0,10.1016/j.eurpolymj.2004.10.027
ES1,https://www.researchgate.net/profile/dhananjay-pise/publication/277816900_study_of_process_parameters_affecting_the_diameter_and_morphology_of_electrospun_polyvinylidene_fluoride_pvdf_nanofibers/links/55751b5c08aeacff1ffcc4a8/study-of-process-parameters-affecting-the-diameter-and-morphology-of-electrospun-polyvinylidene-fluoride-pvdf-nanofibers.pdf,9,3,19,FAKE_SHR,6,0.5572094549198938,0.2978511480058078,-0.20824812221330116,0.7929273180062347,10.1016/j.eurpolymj.2004.10.027
ES1,https://www.researchgate.net/profile/dhananjay-pise/publication/277816900_study_of_process_parameters_affecting_the_diameter_and_morphology_of_electrospun_polyvinylidene_fluoride_pvdf_nanofibers/links/55751b5c08aeacff1ffcc4a8/study-of-process-parameters-affecting-the-diameter-and-morphology-of-electrospun-polyvinylidene-fluoride-pvdf-nanofibers.pdf,9,3,20,OFF,6,0.1982763567977415,0.5357625751158769,-0.39463271791555327,1.0,
ES1,https://www.researchgate.net/profile/dhananjay-pise/publication/277816900_study_of_process_parameters_affecting_the_diameter_and_morphology_of_electrospun_polyvinylidene_fluoride_pvdf_nanofibers/links/55751b5c08aeacff1ffcc4a8/study-of-process-parameters-affecting-the-diameter-and-morphology-of-electrospun-polyvinylidene-fluoride-pvdf-nanofibers.pdf,9,3,20,SHR,6,0.1982763567977415,0.3124542874010815,-0.39463271791555327,0.7929273180062347,
ES1,https://www.researchgate.net/profile/dhananjay-pise/publication/277816900_study_of_process_parameters_affecting_the_diameter_and_morphology_of_electrospun_polyvinylidene_fluoride_pvdf_nanofibers/links/55751b5c08aeacff1ffcc4a8/study-of-process-parameters-affecting-the-diameter-and-morphology-of-electrospun-polyvinylidene-fluoride-pvdf-nanofibers.pdf,9,3,20,FAKE,6,0.1982763567977415,1.809702791249944,0.4072972529213998,1.0,10.1016/j.polymer.2008.09.025
ES1,https://www.researchgate.net/profile/dhananjay-pise/publication/277816900_study_of_process_parameters_affecting_the_diameter_and_morphology_of_electrospun_polyvinylidene_fluoride_pvdf_nanofibers/links/55751b5c08aeacff1ffcc4a8/study-of-process-parameters-affecting-the-diameter-and-morphology-of-electrospun-polyvinylidene-fluoride-pvdf-nanofibers.pdf,9,3,20,FAKE_SHR,6,0.1982763567977415,1.3125909167553513,0.4072972529213998,0.7929273180062347,10.1016/j.polymer.2008.09.025
ES1,https://www.researchgate.net/profile/dhananjay-pise/publication/277816900_study_of_process_parameters_affecting_the_diameter_and_morphology_of_electrospun_polyvinylidene_fluoride_pvdf_nanofibers/links/55751b5c08aeacff1ffcc4a8/study-of-process-parameters-affecting-the-diameter-and-morphology-of-electrospun-polyvinylidene-fluoride-pvdf-nanofibers.pdf,9,3,21,OFF,6,0.3189608127090946,0.2824747379674872,-0.3136736122927904,1.0,
ES1,https://www.researchgate.net/profile/dhananjay-pise/publication/277816900_study_of_process_parameters_affecting_the_diameter_and_morphology_of_electrospun_polyvinylidene_fluoride_pvdf_nanofibers/links/55751b5c08aeacff1ffcc4a8/study-of-process-parameters-affecting-the-diameter-and-morphology-of-electrospun-polyvinylidene-fluoride-pvdf-nanofibers.pdf,9,3,21,SHR,6,0.3189608127090946,0.193098847338138,-0.3136736122927904,0.7929273180062347,
ES1,https://www.researchgate.net/profile/dhananjay-pise/publication/277816900_study_of_process_parameters_affecting_the_diameter_and_morphology_of_electrospun_polyvinylidene_fluoride_pvdf_nanofibers/links/55751b5c08aeacff1ffcc4a8/study-of-process-parameters-affecting-the-diameter-and-morphology-of-electrospun-polyvinylidene-fluoride-pvdf-nanofibers.pdf,9,3,21,FAKE,6,0.3189608127090946,0.7956672695060791,0.16085862190532532,1.0,10.3390/polym15030731
ES1,https://www.researchgate.net/profile/dhananjay-pise/publication/277816900_study_of_process_parameters_affecting_the_diameter_and_morphology_of_electrospun_polyvinylidene_fluoride_pvdf_nanofibers/links/55751b5c08aeacff1ffcc4a8/study-of-process-parameters-affecting-the-diameter-and-morphology-of-electrospun-polyvinylidene-fluoride-pvdf-nanofibers.pdf,9,3,21,FAKE_SHR,6,0.3189608127090946,0.6714628418122985,0.16085862190532532,0.7929273180062347,10.3390/polym15030731
ES1,https://www.researchgate.net/profile/dhananjay-pise/publication/277816900_study_of_process_parameters_affecting_the_diameter_and_morphology_of_electrospun_polyvinylidene_fluoride_pvdf_nanofibers/links/55751b5c08aeacff1ffcc4a8/study-of-process-parameters-affecting-the-diameter-and-morphology-of-electrospun-polyvinylidene-fluoride-pvdf-nanofibers.pdf,9,3,22,OFF,6,0.5624941305392225,0.24986162104260906,-0.17110771081479248,1.0,
ES1,https://www.researchgate.net/profile/dhananjay-pise/publication/277816900_study_of_process_parameters_affecting_the_diameter_and_morphology_of_electrospun_polyvinylidene_fluoride_pvdf_nanofibers/links/55751b5c08aeacff1ffcc4a8/study-of-process-parameters-affecting-the-diameter-and-morphology-of-electrospun-polyvinylidene-fluoride-pvdf-nanofibers.pdf,9,3,22,SHR,6,0.5624941305392225,0.28575586338749204,-0.17110771081479248,0.7929273180062347,
ES1,https://www.researchgate.net/profile/dhananjay-pise/publication/277816900_study_of_process_parameters_affecting_the_diameter_and_morphology_of_electrospun_polyvinylidene_fluoride_pvdf_nanofibers/links/55751b5c08aeacff1ffcc4a8/study-of-process-parameters-affecting-the-diameter-and-morphology-of-electrospun-polyvinylidene-fluoride-pvdf-nanofibers.pdf,9,3,22,FAKE,6,0.5624941305392225,5.663400561975326,0.7143981808461382,1.0,10.1016/j.polymertesting.2019.106218
ES1,https://www.researchgate.net/profile/dhananjay-pise/publication/277816900_study_of_process_parameters_affecting_the_diameter_and_morphology_of_electrospun_polyvinylidene_fluoride_pvdf_nanofibers/links/55751b5c08aeacff1ffcc4a8/study-of-process-parameters-affecting-the-diameter-and-morphology-of-electrospun-polyvinylidene-fluoride-pvdf-nanofibers.pdf,9,3,22,FAKE_SHR,6,0.5624941305392225,4.104350464039811,0.7143981808461382,0.7929273180062347,10.1016/j.polymertesting.2019.106218
ES1,https://www.researchgate.net/profile/dhananjay-pise/publication/277816900_study_of_process_parameters_affecting_the_diameter_and_morphology_of_electrospun_polyvinylidene_fluoride_pvdf_nanofibers/links/55751b5c08aeacff1ffcc4a8/study-of-process-parameters-affecting-the-diameter-and-morphology-of-electrospun-polyvinylidene-fluoride-pvdf-nanofibers.pdf,9,3,23,OFF,6,0.482798188993363,0.29314026867017007,-0.26335297617565895,1.0,
ES1,https://www.researchgate.net/profile/dhananjay-pise/publication/277816900_study_of_process_parameters_affecting_the_diameter_and_morphology_of_electrospun_polyvinylidene_fluoride_pvdf_nanofibers/links/55751b5c08aeacff1ffcc4a8/study-of-process-parameters-affecting-the-diameter-and-morphology-of-electrospun-polyvinylidene-fluoride-pvdf-nanofibers.pdf,9,3,23,SHR,6,0.482798188993363,0.26408757262274596,-0.26335297617565895,0.7929273180062347,
ES1,https://www.researchgate.net/profile/dhananjay-pise/publication/277816900_study_of_process_parameters_affecting_the_diameter_and_morphology_of_electrospun_polyvinylidene_fluoride_pvdf_nanofibers/links/55751b5c08aeacff1ffcc4a8/study-of-process-parameters-affecting-the-diameter-and-morphology-of-electrospun-polyvinylidene-fluoride-pvdf-nanofibers.pdf,9,3,23,FAKE,6,0.482798188993363,0.9179051941677433,0.13885923336898984,1.0,10.3390/polym15030731
ES1,https://www.researchgate.net/profile/dhananjay-pise/publication/277816900_study_of_process_parameters_affecting_the_diameter_and_morphology_of_electrospun_polyvinylidene_fluoride_pvdf_nanofibers/links/55751b5c08aeacff1ffcc4a8/study-of-process-parameters-affecting-the-diameter-and-morphology-of-electrospun-polyvinylidene-fluoride-pvdf-nanofibers.pdf,9,3,23,FAKE_SHR,6,0.482798188993363,0.8088106468850467,0.13885923336898984,0.7929273180062347,10.3390/polym15030731
ES1,https://www.researchgate.net/profile/dhananjay-pise/publication/277816900_study_of_process_parameters_affecting_the_diameter_and_morphology_of_electrospun_polyvinylidene_fluoride_pvdf_nanofibers/links/55751b5c08aeacff1ffcc4a8/study-of-process-parameters-affecting-the-diameter-and-morphology-of-electrospun-polyvinylidene-fluoride-pvdf-nanofibers.pdf,9,3,24,OFF,6,0.5572094549198938,0.2840824004995477,-0.21982925361497418,1.0,
ES1,https://www.researchgate.net/profile/dhananjay-pise/publication/277816900_study_of_process_parameters_affecting_the_diameter_and_morphology_of_electrospun_polyvinylidene_fluoride_pvdf_nanofibers/links/55751b5c08aeacff1ffcc4a8/study-of-process-parameters-affecting-the-diameter-and-morphology-of-electrospun-polyvinylidene-fluoride-pvdf-nanofibers.pdf,9,3,24,SHR,6,0.5572094549198938,0.2930317195989872,-0.21982925361497418,0.7929273180062347,
ES1,https://www.researchgate.net/profile/dhananjay-pise/publication/277816900_study_of_process_parameters_affecting_the_diameter_and_morphology_of_electrospun_polyvinylidene_fluoride_pvdf_nanofibers/links/55751b5c08aeacff1ffcc4a8/study-of-process-parameters-affecting-the-diameter-and-morphology-of-electrospun-polyvinylidene-fluoride-pvdf-nanofibers.pdf,9,3,24,FAKE,6,0.5572094549198938,0.6241084101385949,0.024689916093534325,1.0,10.1016/j.polymer.2014.06.032
ES1,https://www.researchgate.net/profile/dhananjay-pise/publication/277816900_study_of_process_parameters_affecting_the_diameter_and_morphology_of_electrospun_polyvinylidene_fluoride_pvdf_nanofibers/links/55751b5c08aeacff1ffcc4a8/study-of-process-parameters-affecting-the-diameter-and-morphology-of-electrospun-polyvinylidene-fluoride-pvdf-nanofibers.pdf,9,3,24,FAKE_SHR,6,0.5572094549198938,0.6096549175213306,0.024689916093534325,0.7929273180062347,10.1016/j.polymer.2014.06.032
ES1,https://www.researchgate.net/profile/dhananjay-pise/publication/277816900_study_of_process_parameters_affecting_the_diameter_and_morphology_of_electrospun_polyvinylidene_fluoride_pvdf_nanofibers/links/55751b5c08aeacff1ffcc4a8/study-of-process-parameters-affecting-the-diameter-and-morphology-of-electrospun-polyvinylidene-fluoride-pvdf-nanofibers.pdf,9,3,25,OFF,6,0.537018253688762,0.24590587659592267,-0.2050673022965417,1.0,
ES1,https://www.researchgate.net/profile/dhananjay-pise/publication/277816900_study_of_process_parameters_affecting_the_diameter_and_morphology_of_electrospun_polyvinylidene_fluoride_pvdf_nanofibers/links/55751b5c08aeacff1ffcc4a8/study-of-process-parameters-affecting-the-diameter-and-morphology-of-electrospun-polyvinylidene-fluoride-pvdf-nanofibers.pdf,9,3,25,SHR,6,0.537018253688762,0.2647586955282438,-0.2050673022965417,0.7929273180062347,
ES1,https://www.researchgate.net/profile/dhananjay-pise/publication/277816900_study_of_process_parameters_affecting_the_diameter_and_morphology_of_electrospun_polyvinylidene_fluoride_pvdf_nanofibers/links/55751b5c08aeacff1ffcc4a8/study-of-process-parameters-affecting-the-diameter-and-morphology-of-electrospun-polyvinylidene-fluoride-pvdf-nanofibers.pdf,9,3,25,FAKE,6,0.537018253688762,0.4031411243857968,-0.3834813791424416,1.0,10.1002/app.21762
ES1,https://www.researchgate.net/profile/dhananjay-pise/publication/277816900_study_of_process_parameters_affecting_the_diameter_and_morphology_of_electrospun_polyvinylidene_fluoride_pvdf_nanofibers/links/55751b5c08aeacff1ffcc4a8/study-of-process-parameters-affecting-the-diameter-and-morphology-of-electrospun-polyvinylidene-fluoride-pvdf-nanofibers.pdf,9,3,25,FAKE_SHR,6,0.537018253688762,0.28598756944399834,-0.3834813791424416,0.7929273180062347,10.1002/app.21762
ES1,https://www.researchgate.net/profile/dhananjay-pise/publication/277816900_study_of_process_parameters_affecting_the_diameter_and_morphology_of_electrospun_polyvinylidene_fluoride_pvdf_nanofibers/links/55751b5c08aeacff1ffcc4a8/study-of-process-parameters-affecting-the-diameter-and-morphology-of-electrospun-polyvinylidene-fluoride-pvdf-nanofibers.pdf,9,3,26,OFF,6,0.3189608127090946,0.2824747379674872,-0.3136736122927904,1.0,
ES1,https://www.researchgate.net/profile/dhananjay-pise/publication/277816900_study_of_process_parameters_affecting_the_diameter_and_morphology_of_electrospun_polyvinylidene_fluoride_pvdf_nanofibers/links/55751b5c08aeacff1ffcc4a8/study-of-process-parameters-affecting-the-diameter-and-morphology-of-electrospun-polyvinylidene-fluoride-pvdf-nanofibers.pdf,9,3,26,SHR,6,0.3189608127090946,0.193098847338138,-0.3136736122927904,0.7929273180062347,
ES1,https://www.researchgate.net/profile/dhananjay-pise/publication/277816900_study_of_process_parameters_affecting_the_diameter_and_morphology_of_electrospun_polyvinylidene_fluoride_pvdf_nanofibers/links/55751b5c08aeacff1ffcc4a8/study-of-process-parameters-affecting-the-diameter-and-morphology-of-electrospun-polyvinylidene-fluoride-pvdf-nanofibers.pdf,9,3,26,FAKE,6,0.3189608127090946,0.590095747641972,0.10350961197896631,1.0,10.3390/polym15030731
ES1,https://www.researchgate.net/profile/dhananjay-pise/publication/277816900_study_of_process_parameters_affecting_the_diameter_and_morphology_of_electrospun_polyvinylidene_fluoride_pvdf_nanofibers/links/55751b5c08aeacff1ffcc4a8/study-of-process-parameters-affecting-the-diameter-and-morphology-of-electrospun-polyvinylidene-fluoride-pvdf-nanofibers.pdf,9,3,26,FAKE_SHR,6,0.3189608127090946,0.523395852763102,0.10350961197896631,0.7929273180062347,10.3390/polym15030731
ES1,https://www.researchgate.net/profile/dhananjay-pise/publication/277816900_study_of_process_parameters_affecting_the_diameter_and_morphology_of_electrospun_polyvinylidene_fluoride_pvdf_nanofibers/links/55751b5c08aeacff1ffcc4a8/study-of-process-parameters-affecting-the-diameter-and-morphology-of-electrospun-polyvinylidene-fluoride-pvdf-nanofibers.pdf,9,3,27,OFF,6,0.6831026367958897,0.47144871013633716,-0.06946790990849842,1.0,
ES1,https://www.researchgate.net/profile/dhananjay-pise/publication/277816900_study_of_process_parameters_affecting_the_diameter_and_morphology_of_electrospun_polyvinylidene_fluoride_pvdf_nanofibers/links/55751b5c08aeacff1ffcc4a8/study-of-process-parameters-affecting-the-diameter-and-morphology-of-electrospun-polyvinylidene-fluoride-pvdf-nanofibers.pdf,9,3,27,SHR,6,0.6831026367958897,0.5105222732818255,-0.06946790990849842,0.7929273180062347,
ES1,https://www.researchgate.net/profile/dhananjay-pise/publication/277816900_study_of_process_parameters_affecting_the_diameter_and_morphology_of_electrospun_polyvinylidene_fluoride_pvdf_nanofibers/links/55751b5c08aeacff1ffcc4a8/study-of-process-parameters-affecting-the-diameter-and-morphology-of-electrospun-polyvinylidene-fluoride-pvdf-nanofibers.pdf,9,3,27,FAKE,6,0.6831026367958897,2.19383661059161,0.2902435650529487,1.0,10.30684/etj.35.4a.5
ES1,https://www.researchgate.net/profile/dhananjay-pise/publication/277816900_study_of_process_parameters_affecting_the_diameter_and_morphology_of_electrospun_polyvinylidene_fluoride_pvdf_nanofibers/links/55751b5c08aeacff1ffcc4a8/study-of-process-parameters-affecting-the-diameter-and-morphology-of-electrospun-polyvinylidene-fluoride-pvdf-nanofibers.pdf,9,3,27,FAKE_SHR,6,0.6831026367958897,1.7980135612027957,0.2902435650529487,0.7929273180062347,10.30684/etj.35.4a.5
ES1,https://www.researchgate.net/profile/dhananjay-pise/publication/277816900_study_of_process_parameters_affecting_the_diameter_and_morphology_of_electrospun_polyvinylidene_fluoride_pvdf_nanofibers/links/55751b5c08aeacff1ffcc4a8/study-of-process-parameters-affecting-the-diameter-and-morphology-of-electrospun-polyvinylidene-fluoride-pvdf-nanofibers.pdf,9,3,28,OFF,6,0.6831026367958897,0.47144871013633716,-0.06946790990849842,1.0,
ES1,https://www.researchgate.net/profile/dhananjay-pise/publication/277816900_study_of_process_parameters_affecting_the_diameter_and_morphology_of_electrospun_polyvinylidene_fluoride_pvdf_nanofibers/links/55751b5c08aeacff1ffcc4a8/study-of-process-parameters-affecting-the-diameter-and-morphology-of-electrospun-polyvinylidene-fluoride-pvdf-nanofibers.pdf,9,3,28,SHR,6,0.6831026367958897,0.5105222732818255,-0.06946790990849842,0.7929273180062347,
ES1,https://www.researchgate.net/profile/dhananjay-pise/publication/277816900_study_of_process_parameters_affecting_the_diameter_and_morphology_of_electrospun_polyvinylidene_fluoride_pvdf_nanofibers/links/55751b5c08aeacff1ffcc4a8/study-of-process-parameters-affecting-the-diameter-and-morphology-of-electrospun-polyvinylidene-fluoride-pvdf-nanofibers.pdf,9,3,28,FAKE,6,0.6831026367958897,1.8762432156666036,0.24255983979222875,1.0,10.3139/217.3278
ES1,https://www.researchgate.net/profile/dhananjay-pise/publication/277816900_study_of_process_parameters_affecting_the_diameter_and_morphology_of_electrospun_polyvinylidene_fluoride_pvdf_nanofibers/links/55751b5c08aeacff1ffcc4a8/study-of-process-parameters-affecting-the-diameter-and-morphology-of-electrospun-polyvinylidene-fluoride-pvdf-nanofibers.pdf,9,3,28,FAKE_SHR,6,0.6831026367958897,1.571214146294914,0.24255983979222875,0.7929273180062347,10.3139/217.3278
ES1,https://www.researchgate.net/profile/dhananjay-pise/publication/277816900_study_of_process_parameters_affecting_the_diameter_and_morphology_of_electrospun_polyvinylidene_fluoride_pvdf_nanofibers/links/55751b5c08aeacff1ffcc4a8/study-of-process-parameters-affecting-the-diameter-and-morphology-of-electrospun-polyvinylidene-fluoride-pvdf-nanofibers.pdf,9,3,29,OFF,6,0.3122479305288443,0.17796785262363746,-0.2839598225604551,1.0,
ES1,https://www.researchgate.net/profile/dhananjay-pise/publication/277816900_study_of_process_parameters_affecting_the_diameter_and_morphology_of_electrospun_polyvinylidene_fluoride_pvdf_nanofibers/links/55751b5c08aeacff1ffcc4a8/study-of-process-parameters-affecting-the-diameter-and-morphology-of-electrospun-polyvinylidene-fluoride-pvdf-nanofibers.pdf,9,3,29,SHR,6,0.3122479305288443,0.12633688165191612,-0.2839598225604551,0.7929273180062347,
ES1,https://www.researchgate.net/profile/dhananjay-pise/publication/277816900_study_of_process_parameters_affecting_the_diameter_and_morphology_of_electrospun_polyvinylidene_fluoride_pvdf_nanofibers/links/55751b5c08aeacff1ffcc4a8/study-of-process-parameters-affecting-the-diameter-and-morphology-of-electrospun-polyvinylidene-fluoride-pvdf-nanofibers.pdf,9,3,29,FAKE,6,0.3122479305288443,0.3919546259872238,-0.3962954168164689,1.0,10.1515/epoly-2014-0110
ES1,https://www.researchgate.net/profile/dhananjay-pise/publication/277816900_study_of_process_parameters_affecting_the_diameter_and_morphology_of_electrospun_polyvinylidene_fluoride_pvdf_nanofibers/links/55751b5c08aeacff1ffcc4a8/study-of-process-parameters-affecting-the-diameter-and-morphology-of-electrospun-polyvinylidene-fluoride-pvdf-nanofibers.pdf,9,3,29,FAKE_SHR,6,0.3122479305288443,0.22072987381525988,-0.3962954168164689,0.7929273180062347,10.1515/epoly-2014-0110
ES1,https://www.researchgate.net/profile/dhananjay-pise/publication/277816900_study_of_process_parameters_affecting_the_diameter_and_morphology_of_electrospun_polyvinylidene_fluoride_pvdf_nanofibers/links/55751b5c08aeacff1ffcc4a8/study-of-process-parameters-affecting-the-diameter-and-morphology-of-electrospun-polyvinylidene-fluoride-pvdf-nanofibers.pdf,9,5,0,OFF,4,0.6028914339373548,0.36214483587153645,-0.09375461285944056,1.0,
ES1,https://www.researchgate.net/profile/dhananjay-pise/publication/277816900_study_of_process_parameters_affecting_the_diameter_and_morphology_of_electrospun_polyvinylidene_fluoride_pvdf_nanofibers/links/55751b5c08aeacff1ffcc4a8/study-of-process-parameters-affecting-the-diameter-and-morphology-of-electrospun-polyvinylidene-fluoride-pvdf-nanofibers.pdf,9,5,0,SHR,4,0.6028914339373548,0.3906396483941589,-0.09375461285944056,0.8645360362923622,
ES1,https://www.researchgate.net/profile/dhananjay-pise/publication/277816900_study_of_process_parameters_affecting_the_diameter_and_morphology_of_electrospun_polyvinylidene_fluoride_pvdf_nanofibers/links/55751b5c08aeacff1ffcc4a8/study-of-process-parameters-affecting-the-diameter-and-morphology-of-electrospun-polyvinylidene-fluoride-pvdf-nanofibers.pdf,9,5,0,FAKE,4,0.6028914339373548,0.5249993240359166,-0.027495804042500092,1.0,10.1007/s11814-009-0309-1
ES1,https://www.researchgate.net/profile/dhananjay-pise/publication/277816900_study_of_process_parameters_affecting_the_diameter_and_morphology_of_electrospun_polyvinylidene_fluoride_pvdf_nanofibers/links/55751b5c08aeacff1ffcc4a8/study-of-process-parameters-affecting-the-diameter-and-morphology-of-electrospun-polyvinylidene-fluoride-pvdf-nanofibers.pdf,9,5,0,FAKE_SHR,4,0.6028914339373548,0.5351967378134788,-0.027495804042500092,0.8645360362923622,10.1007/s11814-009-0309-1
ES1,https://www.researchgate.net/profile/dhananjay-pise/publication/277816900_study_of_process_parameters_affecting_the_diameter_and_morphology_of_electrospun_polyvinylidene_fluoride_pvdf_nanofibers/links/55751b5c08aeacff1ffcc4a8/study-of-process-parameters-affecting-the-diameter-and-morphology-of-electrospun-polyvinylidene-fluoride-pvdf-nanofibers.pdf,9,5,0,RET,4,0.5271751832647491,0.22918192535378656,,5.0,
ES1,https://www.researchgate.net/profile/dhananjay-pise/publication/277816900_study_of_process_parameters_affecting_the_diameter_and_morphology_of_electrospun_polyvinylidene_fluoride_pvdf_nanofibers/links/55751b5c08aeacff1ffcc4a8/study-of-process-parameters-affecting-the-diameter-and-morphology-of-electrospun-polyvinylidene-fluoride-pvdf-nanofibers.pdf,9,5,1,OFF,4,0.4459858103101787,0.1943954925900671,-0.1737323693765025,1.0,
ES1,https://www.researchgate.net/profile/dhananjay-pise/publication/277816900_study_of_process_parameters_affecting_the_diameter_and_morphology_of_electrospun_polyvinylidene_fluoride_pvdf_nanofibers/links/55751b5c08aeacff1ffcc4a8/study-of-process-parameters-affecting-the-diameter-and-morphology-of-electrospun-polyvinylidene-fluoride-pvdf-nanofibers.pdf,9,5,1,SHR,4,0.4459858103101787,0.21433759970531263,-0.1737323693765025,0.8645360362923622,
ES1,https://www.researchgate.net/profile/dhananjay-pise/publication/277816900_study_of_process_parameters_affecting_the_diameter_and_morphology_of_electrospun_polyvinylidene_fluoride_pvdf_nanofibers/links/55751b5c08aeacff1ffcc4a8/study-of-process-parameters-affecting-the-diameter-and-morphology-of-electrospun-polyvinylidene-fluoride-pvdf-nanofibers.pdf,9,5,1,FAKE,4,0.4459858103101787,0.32203304264642296,-0.06595889352240039,1.0,10.1177/00219983221144696
ES1,https://www.researchgate.net/profile/dhananjay-pise/publication/277816900_study_of_process_parameters_affecting_the_diameter_and_morphology_of_electrospun_polyvinylidene_fluoride_pvdf_nanofibers/links/55751b5c08aeacff1ffcc4a8/study-of-process-parameters-affecting-the-diameter-and-morphology-of-electrospun-polyvinylidene-fluoride-pvdf-nanofibers.pdf,9,5,1,FAKE_SHR,4,0.4459858103101787,0.3367861316869098,-0.06595889352240039,0.8645360362923622,10.1177/00219983221144696
ES1,https://www.researchgate.net/profile/dhananjay-pise/publication/277816900_study_of_process_parameters_affecting_the_diameter_and_morphology_of_electrospun_polyvinylidene_fluoride_pvdf_nanofibers/links/55751b5c08aeacff1ffcc4a8/study-of-process-parameters-affecting-the-diameter-and-morphology-of-electrospun-polyvinylidene-fluoride-pvdf-nanofibers.pdf,9,5,1,RET,4,0.3859858140167516,0.11377110864319526,,5.0,
ES1,https://www.researchgate.net/profile/dhananjay-pise/publication/277816900_study_of_process_parameters_affecting_the_diameter_and_morphology_of_electrospun_polyvinylidene_fluoride_pvdf_nanofibers/links/55751b5c08aeacff1ffcc4a8/study-of-process-parameters-affecting-the-diameter-and-morphology-of-electrospun-polyvinylidene-fluoride-pvdf-nanofibers.pdf,9,5,2,OFF,4,0.5117386585258795,0.2447219542611793,-0.15013557714755565,1.0,
ES1,https://www.researchgate.net/profile/dhananjay-pise/publication/277816900_study_of_process_parameters_affecting_the_diameter_and_morphology_of_electrospun_polyvinylidene_fluoride_pvdf_nanofibers/links/55751b5c08aeacff1ffcc4a8/study-of-process-parameters-affecting-the-diameter-and-morphology-of-electrospun-polyvinylidene-fluoride-pvdf-nanofibers.pdf,9,5,2,SHR,4,0.5117386585258795,0.2703338202507304,-0.15013557714755565,0.8645360362923622,
ES1,https://www.researchgate.net/profile/dhananjay-pise/publication/277816900_study_of_process_parameters_affecting_the_diameter_and_morphology_of_electrospun_polyvinylidene_fluoride_pvdf_nanofibers/links/55751b5c08aeacff1ffcc4a8/study-of-process-parameters-affecting-the-diameter-and-morphology-of-electrospun-polyvinylidene-fluoride-pvdf-nanofibers.pdf,9,5,2,FAKE,4,0.5117386585258795,0.5542938208636854,0.017379635531284875,1.0,10.1002/app.25464
ES1,https://www.researchgate.net/profile/dhananjay-pise/publication/277816900_study_of_process_parameters_affecting_the_diameter_and_morphology_of_electrospun_polyvinylidene_fluoride_pvdf_nanofibers/links/55751b5c08aeacff1ffcc4a8/study-of-process-parameters-affecting-the-diameter-and-morphology-of-electrospun-polyvinylidene-fluoride-pvdf-nanofibers.pdf,9,5,2,FAKE_SHR,4,0.5117386585258795,0.548387632581782,0.017379635531284875,0.8645360362923622,10.1002/app.25464
ES1,https://www.researchgate.net/profile/dhananjay-pise/publication/277816900_study_of_process_parameters_affecting_the_diameter_and_morphology_of_electrospun_polyvinylidene_fluoride_pvdf_nanofibers/links/55751b5c08aeacff1ffcc4a8/study-of-process-parameters-affecting-the-diameter-and-morphology-of-electrospun-polyvinylidene-fluoride-pvdf-nanofibers.pdf,9,5,2,RET,4,0.43980940663209533,0.11823898842708763,,5.0,
ES1,https://www.researchgate.net/profile/dhananjay-pise/publication/277816900_study_of_process_parameters_affecting_the_diameter_and_morphology_of_electrospun_polyvinylidene_fluoride_pvdf_nanofibers/links/55751b5c08aeacff1ffcc4a8/study-of-process-parameters-affecting-the-diameter-and-morphology-of-electrospun-polyvinylidene-fluoride-pvdf-nanofibers.pdf,9,5,3,OFF,4,0.5136841940564592,0.24588307696418582,-0.12978986200069045,1.0,
ES1,https://www.researchgate.net/profile/dhananjay-pise/publication/277816900_study_of_process_parameters_affecting_the_diameter_and_morphology_of_electrospun_polyvinylidene_fluoride_pvdf_nanofibers/links/55751b5c08aeacff1ffcc4a8/study-of-process-parameters-affecting-the-diameter-and-morphology-of-electrospun-polyvinylidene-fluoride-pvdf-nanofibers.pdf,9,5,3,SHR,4,0.5136841940564592,0.2742691803472398,-0.12978986200069045,0.8645360362923622,
ES1,https://www.researchgate.net/profile/dhananjay-pise/publication/277816900_study_of_process_parameters_affecting_the_diameter_and_morphology_of_electrospun_polyvinylidene_fluoride_pvdf_nanofibers/links/55751b5c08aeacff1ffcc4a8/study-of-process-parameters-affecting-the-diameter-and-morphology-of-electrospun-polyvinylidene-fluoride-pvdf-nanofibers.pdf,9,5,3,FAKE,4,0.5136841940564592,1.7534415061625603,0.32073001728475087,1.0,10.3390/nano12060962
ES1,https://www.researchgate.net/profile/dhananjay-pise/publication/277816900_study_of_process_parameters_affecting_the_diameter_and_morphology_of_electrospun_polyvinylidene_fluoride_pvdf_nanofibers/links/55751b5c08aeacff1ffcc4a8/study-of-process-parameters-affecting-the-diameter-and-morphology-of-electrospun-polyvinylidene-fluoride-pvdf-nanofibers.pdf,9,5,3,FAKE_SHR,4,0.5136841940564592,1.5373102694390894,0.32073001728475087,0.8645360362923622,10.3390/nano12060962
ES1,https://www.researchgate.net/profile/dhananjay-pise/publication/277816900_study_of_process_parameters_affecting_the_diameter_and_morphology_of_electrospun_polyvinylidene_fluoride_pvdf_nanofibers/links/55751b5c08aeacff1ffcc4a8/study-of-process-parameters-affecting-the-diameter-and-morphology-of-electrospun-polyvinylidene-fluoride-pvdf-nanofibers.pdf,9,5,3,RET,4,0.4569031134765492,0.12848171164394773,,5.0,
ES1,https://www.researchgate.net/profile/dhananjay-pise/publication/277816900_study_of_process_parameters_affecting_the_diameter_and_morphology_of_electrospun_polyvinylidene_fluoride_pvdf_nanofibers/links/55751b5c08aeacff1ffcc4a8/study-of-process-parameters-affecting-the-diameter-and-morphology-of-electrospun-polyvinylidene-fluoride-pvdf-nanofibers.pdf,9,5,4,OFF,4,0.28539883174724234,0.08978950613954406,-0.2109316528491909,1.0,
ES1,https://www.researchgate.net/profile/dhananjay-pise/publication/277816900_study_of_process_parameters_affecting_the_diameter_and_morphology_of_electrospun_polyvinylidene_fluoride_pvdf_nanofibers/links/55751b5c08aeacff1ffcc4a8/study-of-process-parameters-affecting-the-diameter-and-morphology-of-electrospun-polyvinylidene-fluoride-pvdf-nanofibers.pdf,9,5,4,SHR,4,0.28539883174724234,0.09544499325746708,-0.2109316528491909,0.8645360362923622,
ES1,https://www.researchgate.net/profile/dhananjay-pise/publication/277816900_study_of_process_parameters_affecting_the_diameter_and_morphology_of_electrospun_polyvinylidene_fluoride_pvdf_nanofibers/links/55751b5c08aeacff1ffcc4a8/study-of-process-parameters-affecting-the-diameter-and-morphology-of-electrospun-polyvinylidene-fluoride-pvdf-nanofibers.pdf,9,5,4,FAKE,4,0.28539883174724234,0.09193967956845588,-0.19595282471830622,1.0,10.1088/1748-6041/8/4/045007
ES1,https://www.researchgate.net/profile/dhananjay-pise/publication/277816900_study_of_process_parameters_affecting_the_diameter_and_morphology_of_electrospun_polyvinylidene_fluoride_pvdf_nanofibers/links/55751b5c08aeacff1ffcc4a8/study-of-process-parameters-affecting-the-diameter-and-morphology-of-electrospun-polyvinylidene-fluoride-pvdf-nanofibers.pdf,9,5,4,FAKE_SHR,4,0.28539883174724234,0.1001589595572005,-0.19595282471830622,0.8645360362923622,10.1088/1748-6041/8/4/045007
ES1,https://www.researchgate.net/profile/dhananjay-pise/publication/277816900_study_of_process_parameters_affecting_the_diameter_and_morphology_of_electrospun_polyvinylidene_fluoride_pvdf_nanofibers/links/55751b5c08aeacff1ffcc4a8/study-of-process-parameters-affecting-the-diameter-and-morphology-of-electrospun-polyvinylidene-fluoride-pvdf-nanofibers.pdf,9,5,4,RET,4,0.2474628306533165,0.03431029331345523,,5.0,
ES1,https://www.researchgate.net/profile/dhananjay-pise/publication/277816900_study_of_process_parameters_affecting_the_diameter_and_morphology_of_electrospun_polyvinylidene_fluoride_pvdf_nanofibers/links/55751b5c08aeacff1ffcc4a8/study-of-process-parameters-affecting-the-diameter-and-morphology-of-electrospun-polyvinylidene-fluoride-pvdf-nanofibers.pdf,9,5,5,OFF,4,0.10660832007359071,0.15821414264439398,-0.2898873027352687,1.0,
ES1,https://www.researchgate.net/profile/dhananjay-pise/publication/277816900_study_of_process_parameters_affecting_the_diameter_and_morphology_of_electrospun_polyvinylidene_fluoride_pvdf_nanofibers/links/55751b5c08aeacff1ffcc4a8/study-of-process-parameters-affecting-the-diameter-and-morphology-of-electrospun-polyvinylidene-fluoride-pvdf-nanofibers.pdf,9,5,5,SHR,4,0.10660832007359071,0.11185705355280695,-0.2898873027352687,0.8645360362923622,
ES1,https://www.researchgate.net/profile/dhananjay-pise/publication/277816900_study_of_process_parameters_affecting_the_diameter_and_morphology_of_electrospun_polyvinylidene_fluoride_pvdf_nanofibers/links/55751b5c08aeacff1ffcc4a8/study-of-process-parameters-affecting-the-diameter-and-morphology-of-electrospun-polyvinylidene-fluoride-pvdf-nanofibers.pdf,9,5,5,FAKE,4,0.10660832007359071,0.05086299456822761,-0.15610934719633446,1.0,10.1016/j.memsci.2013.01.023
ES1,https://www.researchgate.net/profile/dhananjay-pise/publication/277816900_study_of_process_parameters_affecting_the_diameter_and_morphology_of_electrospun_polyvinylidene_fluoride_pvdf_nanofibers/links/55751b5c08aeacff1ffcc4a8/study-of-process-parameters-affecting-the-diameter-and-morphology-of-electrospun-polyvinylidene-fluoride-pvdf-nanofibers.pdf,9,5,5,FAKE_SHR,4,0.10660832007359071,0.046998195365871104,-0.15610934719633446,0.8645360362923622,10.1016/j.memsci.2013.01.023
ES1,https://www.researchgate.net/profile/dhananjay-pise/publication/277816900_study_of_process_parameters_affecting_the_diameter_and_morphology_of_electrospun_polyvinylidene_fluoride_pvdf_nanofibers/links/55751b5c08aeacff1ffcc4a8/study-of-process-parameters-affecting-the-diameter-and-morphology-of-electrospun-polyvinylidene-fluoride-pvdf-nanofibers.pdf,9,5,6,OFF,4,0.13051469330533172,0.15349418334577086,-0.2829721113895064,1.0,
ES1,https://www.researchgate.net/profile/dhananjay-pise/publication/277816900_study_of_process_parameters_affecting_the_diameter_and_morphology_of_electrospun_polyvinylidene_fluoride_pvdf_nanofibers/links/55751b5c08aeacff1ffcc4a8/study-of-process-parameters-affecting-the-diameter-and-morphology-of-electrospun-polyvinylidene-fluoride-pvdf-nanofibers.pdf,9,5,6,SHR,4,0.13051469330533172,0.11287067926339682,-0.2829721113895064,0.8645360362923622,
ES1,https://www.researchgate.net/profile/dhananjay-pise/publication/277816900_study_of_process_parameters_affecting_the_diameter_and_morphology_of_electrospun_polyvinylidene_fluoride_pvdf_nanofibers/links/55751b5c08aeacff1ffcc4a8/study-of-process-parameters-affecting-the-diameter-and-morphology-of-electrospun-polyvinylidene-fluoride-pvdf-nanofibers.pdf,9,5,6,FAKE,4,0.13051469330533172,0.062017999358526484,-0.1425036327508277,1.0,https://www.sciencedirect.com/science/article/pii/s0927776511005522
ES1,https://www.researchgate.net/profile/dhananjay-pise/publication/277816900_study_of_process_parameters_affecting_the_diameter_and_morphology_of_electrospun_polyvinylidene_fluoride_pvdf_nanofibers/links/55751b5c08aeacff1ffcc4a8/study-of-process-parameters-affecting-the-diameter-and-morphology-of-electrospun-polyvinylidene-fluoride-pvdf-nanofibers.pdf,9,5,6,FAKE_SHR,4,0.13051469330533172,0.06178380573860112,-0.1425036327508277,0.8645360362923622,https://www.sciencedirect.com/science/article/pii/s0927776511005522
ES1,https://www.researchgate.net/profile/dhananjay-pise/publication/277816900_study_of_process_parameters_affecting_the_diameter_and_morphology_of_electrospun_polyvinylidene_fluoride_pvdf_nanofibers/links/55751b5c08aeacff1ffcc4a8/study-of-process-parameters-affecting-the-diameter-and-morphology-of-electrospun-polyvinylidene-fluoride-pvdf-nanofibers.pdf,9,5,7,OFF,4,0.14999435153621019,0.1684010234650089,-0.2818365489978064,1.0,
ES1,https://www.researchgate.net/profile/dhananjay-pise/publication/277816900_study_of_process_parameters_affecting_the_diameter_and_morphology_of_electrospun_polyvinylidene_fluoride_pvdf_nanofibers/links/55751b5c08aeacff1ffcc4a8/study-of-process-parameters-affecting-the-diameter-and-morphology-of-electrospun-polyvinylidene-fluoride-pvdf-nanofibers.pdf,9,5,7,SHR,4,0.14999435153621019,0.12869742629947956,-0.2818365489978064,0.8645360362923622,
ES1,https://www.researchgate.net/profile/dhananjay-pise/publication/277816900_study_of_process_parameters_affecting_the_diameter_and_morphology_of_electrospun_polyvinylidene_fluoride_pvdf_nanofibers/links/55751b5c08aeacff1ffcc4a8/study-of-process-parameters-affecting-the-diameter-and-morphology-of-electrospun-polyvinylidene-fluoride-pvdf-nanofibers.pdf,9,5,7,FAKE,4,0.14999435153621019,0.2496322833011393,-0.338990478427973,1.0,10.1002/app.42304
ES1,https://www.researchgate.net/profile/dhananjay-pise/publication/277816900_study_of_process_parameters_affecting_the_diameter_and_morphology_of_electrospun_polyvinylidene_fluoride_pvdf_nanofibers/links/55751b5c08aeacff1ffcc4a8/study-of-process-parameters-affecting-the-diameter-and-morphology-of-electrospun-polyvinylidene-fluoride-pvdf-nanofibers.pdf,9,5,7,FAKE_SHR,4,0.14999435153621019,0.18230276611611193,-0.338990478427973,0.8645360362923622,10.1002/app.42304
ES1,https://www.researchgate.net/profile/dhananjay-pise/publication/277816900_study_of_process_parameters_affecting_the_diameter_and_morphology_of_electrospun_polyvinylidene_fluoride_pvdf_nanofibers/links/55751b5c08aeacff1ffcc4a8/study-of-process-parameters-affecting-the-diameter-and-morphology-of-electrospun-polyvinylidene-fluoride-pvdf-nanofibers.pdf,9,5,8,OFF,4,0.14088395225883404,0.1473606883924083,-0.27883072473872966,1.0,
ES1,https://www.researchgate.net/profile/dhananjay-pise/publication/277816900_study_of_process_parameters_affecting_the_diameter_and_morphology_of_electrospun_polyvinylidene_fluoride_pvdf_nanofibers/links/55751b5c08aeacff1ffcc4a8/study-of-process-parameters-affecting-the-diameter-and-morphology-of-electrospun-polyvinylidene-fluoride-pvdf-nanofibers.pdf,9,5,8,SHR,4,0.14088395225883404,0.11006263767414007,-0.27883072473872966,0.8645360362923622,
ES1,https://www.researchgate.net/profile/dhananjay-pise/publication/277816900_study_of_process_parameters_affecting_the_diameter_and_morphology_of_electrospun_polyvinylidene_fluoride_pvdf_nanofibers/links/55751b5c08aeacff1ffcc4a8/study-of-process-parameters-affecting-the-diameter-and-morphology-of-electrospun-polyvinylidene-fluoride-pvdf-nanofibers.pdf,9,5,8,FAKE,4,0.14088395225883404,0.8733077041449362,0.3126445048942995,1.0,10.3139/217.3278
ES1,https://www.researchgate.net/profile/dhananjay-pise/publication/277816900_study_of_process_parameters_affecting_the_diameter_and_morphology_of_electrospun_polyvinylidene_fluoride_pvdf_nanofibers/links/55751b5c08aeacff1ffcc4a8/study-of-process-parameters-affecting-the-diameter-and-morphology-of-electrospun-polyvinylidene-fluoride-pvdf-nanofibers.pdf,9,5,8,FAKE_SHR,4,0.14088395225883404,0.7283009087025794,0.3126445048942995,0.8645360362923622,10.3139/217.3278
ES1,https://www.researchgate.net/profile/dhananjay-pise/publication/277816900_study_of_process_parameters_affecting_the_diameter_and_morphology_of_electrospun_polyvinylidene_fluoride_pvdf_nanofibers/links/55751b5c08aeacff1ffcc4a8/study-of-process-parameters-affecting-the-diameter-and-morphology-of-electrospun-polyvinylidene-fluoride-pvdf-nanofibers.pdf,9,5,9,OFF,4,0.2506712179954529,0.06669928234529407,-0.21646496527918918,1.0,
ES1,https://www.researchgate.net/profile/dhananjay-pise/publication/277816900_study_of_process_parameters_affecting_the_diameter_and_morphology_of_electrospun_polyvinylidene_fluoride_pvdf_nanofibers/links/55751b5c08aeacff1ffcc4a8/study-of-process-parameters-affecting-the-diameter-and-morphology-of-electrospun-polyvinylidene-fluoride-pvdf-nanofibers.pdf,9,5,9,SHR,4,0.2506712179954529,0.06967046692373836,-0.21646496527918918,0.8645360362923622,
ES1,https://www.researchgate.net/profile/dhananjay-pise/publication/277816900_study_of_process_parameters_affecting_the_diameter_and_morphology_of_electrospun_polyvinylidene_fluoride_pvdf_nanofibers/links/55751b5c08aeacff1ffcc4a8/study-of-process-parameters-affecting-the-diameter-and-morphology-of-electrospun-polyvinylidene-fluoride-pvdf-nanofibers.pdf,9,5,9,FAKE,4,0.2506712179954529,0.27612415575462834,-0.4432925538934496,1.0,10.1002/app.42304
ES1,https://www.researchgate.net/profile/dhananjay-pise/publication/277816900_study_of_process_parameters_affecting_the_diameter_and_morphology_of_electrospun_polyvinylidene_fluoride_pvdf_nanofibers/links/55751b5c08aeacff1ffcc4a8/study-of-process-parameters-affecting-the-diameter-and-morphology-of-electrospun-polyvinylidene-fluoride-pvdf-nanofibers.pdf,9,5,9,FAKE_SHR,4,0.2506712179954529,0.18062112331370703,-0.4432925538934496,0.8645360362923622,10.1002/app.42304
ES1,https://www.researchgate.net/profile/dhananjay-pise/publication/277816900_study_of_process_parameters_affecting_the_diameter_and_morphology_of_electrospun_polyvinylidene_fluoride_pvdf_nanofibers/links/55751b5c08aeacff1ffcc4a8/study-of-process-parameters-affecting-the-diameter-and-morphology-of-electrospun-polyvinylidene-fluoride-pvdf-nanofibers.pdf,9,5,10,OFF,4,0.2869683353659617,0.06662877184790457,-0.19747108930590368,1.0,
ES1,https://www.researchgate.net/profile/dhananjay-pise/publication/277816900_study_of_process_parameters_affecting_the_diameter_and_morphology_of_electrospun_polyvinylidene_fluoride_pvdf_nanofibers/links/55751b5c08aeacff1ffcc4a8/study-of-process-parameters-affecting-the-diameter-and-morphology-of-electrospun-polyvinylidene-fluoride-pvdf-nanofibers.pdf,9,5,10,SHR,4,0.2869683353659617,0.07820956126353638,-0.19747108930590368,0.8645360362923622,
ES1,https://www.researchgate.net/profile/dhananjay-pise/publication/277816900_study_of_process_parameters_affecting_the_diameter_and_morphology_of_electrospun_polyvinylidene_fluoride_pvdf_nanofibers/links/55751b5c08aeacff1ffcc4a8/study-of-process-parameters-affecting-the-diameter-and-morphology-of-electrospun-polyvinylidene-fluoride-pvdf-nanofibers.pdf,9,5,10,FAKE,4,0.2869683353659617,0.3717447048727387,0.04096375107892518,1.0,10.1016/j.polymer.2014.06.032
ES1,https://www.researchgate.net/profile/dhananjay-pise/publication/277816900_study_of_process_parameters_affecting_the_diameter_and_morphology_of_electrospun_polyvinylidene_fluoride_pvdf_nanofibers/links/55751b5c08aeacff1ffcc4a8/study-of-process-parameters-affecting-the-diameter-and-morphology-of-electrospun-polyvinylidene-fluoride-pvdf-nanofibers.pdf,9,5,10,FAKE_SHR,4,0.2869683353659617,0.3594744826251633,0.04096375107892518,0.8645360362923622,10.1016/j.polymer.2014.06.032
ES1,https://www.researchgate.net/profile/dhananjay-pise/publication/277816900_study_of_process_parameters_affecting_the_diameter_and_morphology_of_electrospun_polyvinylidene_fluoride_pvdf_nanofibers/links/55751b5c08aeacff1ffcc4a8/study-of-process-parameters-affecting-the-diameter-and-morphology-of-electrospun-polyvinylidene-fluoride-pvdf-nanofibers.pdf,9,5,11,OFF,4,0.23718010623184033,0.15393822202990926,-0.253738597833303,1.0,
ES1,https://www.researchgate.net/profile/dhananjay-pise/publication/277816900_study_of_process_parameters_affecting_the_diameter_and_morphology_of_electrospun_polyvinylidene_fluoride_pvdf_nanofibers/links/55751b5c08aeacff1ffcc4a8/study-of-process-parameters-affecting-the-diameter-and-morphology-of-electrospun-polyvinylidene-fluoride-pvdf-nanofibers.pdf,9,5,11,SHR,4,0.23718010623184033,0.1350539000236699,-0.253738597833303,0.8645360362923622,
ES1,https://www.researchgate.net/profile/dhananjay-pise/publication/277816900_study_of_process_parameters_affecting_the_diameter_and_morphology_of_electrospun_polyvinylidene_fluoride_pvdf_nanofibers/links/55751b5c08aeacff1ffcc4a8/study-of-process-parameters-affecting-the-diameter-and-morphology-of-electrospun-polyvinylidene-fluoride-pvdf-nanofibers.pdf,9,5,11,FAKE,4,0.23718010623184033,0.6168568447113758,0.18298176540343175,1.0,10.3390/polym15030731
ES1,https://www.researchgate.net/profile/dhananjay-pise/publication/277816900_study_of_process_parameters_affecting_the_diameter_and_morphology_of_electrospun_polyvinylidene_fluoride_pvdf_nanofibers/links/55751b5c08aeacff1ffcc4a8/study-of-process-parameters-affecting-the-diameter-and-morphology-of-electrospun-polyvinylidene-fluoride-pvdf-nanofibers.pdf,9,5,11,FAKE_SHR,4,0.23718010623184033,0.5497394019388309,0.18298176540343175,0.8645360362923622,10.3390/polym15030731
ES1,https://www.researchgate.net/profile/dhananjay-pise/publication/277816900_study_of_process_parameters_affecting_the_diameter_and_morphology_of_electrospun_polyvinylidene_fluoride_pvdf_nanofibers/links/55751b5c08aeacff1ffcc4a8/study-of-process-parameters-affecting-the-diameter-and-morphology-of-electrospun-polyvinylidene-fluoride-pvdf-nanofibers.pdf,9,5,12,OFF,4,0.18910267777423606,0.05313668821474431,-0.23602377975461758,1.0,
ES1,https://www.researchgate.net/profile/dhananjay-pise/publication/277816900_study_of_process_parameters_affecting_the_diameter_and_morphology_of_electrospun_polyvinylidene_fluoride_pvdf_nanofibers/links/55751b5c08aeacff1ffcc4a8/study-of-process-parameters-affecting-the-diameter-and-morphology-of-electrospun-polyvinylidene-fluoride-pvdf-nanofibers.pdf,9,5,12,SHR,4,0.18910267777423606,0.04545891274042148,-0.23602377975461758,0.8645360362923622,
ES1,https://www.researchgate.net/profile/dhananjay-pise/publication/277816900_study_of_process_parameters_affecting_the_diameter_and_morphology_of_electrospun_polyvinylidene_fluoride_pvdf_nanofibers/links/55751b5c08aeacff1ffcc4a8/study-of-process-parameters-affecting-the-diameter-and-morphology-of-electrospun-polyvinylidene-fluoride-pvdf-nanofibers.pdf,9,5,12,FAKE,4,0.18910267777423606,0.11986934787904381,-0.3271316593905791,1.0,10.1016/j.polymer.2020.123366
ES1,https://www.researchgate.net/profile/dhananjay-pise/publication/277816900_study_of_process_parameters_affecting_the_diameter_and_morphology_of_electrospun_polyvinylidene_fluoride_pvdf_nanofibers/links/55751b5c08aeacff1ffcc4a8/study-of-process-parameters-affecting-the-diameter-and-morphology-of-electrospun-polyvinylidene-fluoride-pvdf-nanofibers.pdf,9,5,12,FAKE_SHR,4,0.18910267777423606,0.07911631624905452,-0.3271316593905791,0.8645360362923622,10.1016/j.polymer.2020.123366
ES1,https://www.researchgate.net/profile/dhananjay-pise/publication/277816900_study_of_process_parameters_affecting_the_diameter_and_morphology_of_electrospun_polyvinylidene_fluoride_pvdf_nanofibers/links/55751b5c08aeacff1ffcc4a8/study-of-process-parameters-affecting-the-diameter-and-morphology-of-electrospun-polyvinylidene-fluoride-pvdf-nanofibers.pdf,9,5,13,OFF,4,0.13931444864011464,0.20118552587691044,-0.2922912882820169,1.0,
ES1,https://www.researchgate.net/profile/dhananjay-pise/publication/277816900_study_of_process_parameters_affecting_the_diameter_and_morphology_of_electrospun_polyvinylidene_fluoride_pvdf_nanofibers/links/55751b5c08aeacff1ffcc4a8/study-of-process-parameters-affecting-the-diameter-and-morphology-of-electrospun-polyvinylidene-fluoride-pvdf-nanofibers.pdf,9,5,13,SHR,4,0.13931444864011464,0.15278224053255765,-0.2922912882820169,0.8645360362923622,
ES1,https://www.researchgate.net/profile/dhananjay-pise/publication/277816900_study_of_process_parameters_affecting_the_diameter_and_morphology_of_electrospun_polyvinylidene_fluoride_pvdf_nanofibers/links/55751b5c08aeacff1ffcc4a8/study-of-process-parameters-affecting-the-diameter-and-morphology-of-electrospun-polyvinylidene-fluoride-pvdf-nanofibers.pdf,9,5,13,FAKE,4,0.13931444864011464,0.14788228874006498,-0.24800889155299427,1.0,10.1515/epoly-2014-0110
ES1,https://www.researchgate.net/profile/dhananjay-pise/publication/277816900_study_of_process_parameters_affecting_the_diameter_and_morphology_of_electrospun_polyvinylidene_fluoride_pvdf_nanofibers/links/55751b5c08aeacff1ffcc4a8/study-of-process-parameters-affecting-the-diameter-and-morphology-of-electrospun-polyvinylidene-fluoride-pvdf-nanofibers.pdf,9,5,13,FAKE_SHR,4,0.13931444864011464,0.11790779967867318,-0.24800889155299427,0.8645360362923622,10.1515/epoly-2014-0110
ES1,https://www.researchgate.net/profile/dhananjay-pise/publication/277816900_study_of_process_parameters_affecting_the_diameter_and_morphology_of_electrospun_polyvinylidene_fluoride_pvdf_nanofibers/links/55751b5c08aeacff1ffcc4a8/study-of-process-parameters-affecting-the-diameter-and-morphology-of-electrospun-polyvinylidene-fluoride-pvdf-nanofibers.pdf,9,5,14,OFF,4,0.39307568779979185,0.1623215779417732,-0.19077374254446688,1.0,
ES1,https://www.researchgate.net/profile/dhananjay-pise/publication/277816900_study_of_process_parameters_affecting_the_diameter_and_morphology_of_electrospun_polyvinylidene_fluoride_pvdf_nanofibers/links/55751b5c08aeacff1ffcc4a8/study-of-process-parameters-affecting-the-diameter-and-morphology-of-electrospun-polyvinylidene-fluoride-pvdf-nanofibers.pdf,9,5,14,SHR,4,0.39307568779979185,0.17653124175908355,-0.19077374254446688,0.8645360362923622,
ES1,https://www.researchgate.net/profile/dhananjay-pise/publication/277816900_study_of_process_parameters_affecting_the_diameter_and_morphology_of_electrospun_polyvinylidene_fluoride_pvdf_nanofibers/links/55751b5c08aeacff1ffcc4a8/study-of-process-parameters-affecting-the-diameter-and-morphology-of-electrospun-polyvinylidene-fluoride-pvdf-nanofibers.pdf,9,5,14,FAKE,4,0.39307568779979185,0.23805537474876487,-0.09809693878525491,1.0,10.1002/app.36726
ES1,https://www.researchgate.net/profile/dhananjay-pise/publication/277816900_study_of_process_parameters_affecting_the_diameter_and_morphology_of_electrospun_polyvinylidene_fluoride_pvdf_nanofibers/links/55751b5c08aeacff1ffcc4a8/study-of-process-parameters-affecting-the-diameter-and-morphology-of-electrospun-polyvinylidene-fluoride-pvdf-nanofibers.pdf,9,5,14,FAKE_SHR,4,0.39307568779979185,0.25454710440226186,-0.09809693878525491,0.8645360362923622,10.1002/app.36726
ES1,https://www.researchgate.net/profile/dhananjay-pise/publication/277816900_study_of_process_parameters_affecting_the_diameter_and_morphology_of_electrospun_polyvinylidene_fluoride_pvdf_nanofibers/links/55751b5c08aeacff1ffcc4a8/study-of-process-parameters-affecting-the-diameter-and-morphology-of-electrospun-polyvinylidene-fluoride-pvdf-nanofibers.pdf,9,5,15,OFF,4,0.26149245851550135,0.08056060588577055,-0.2178468441949532,1.0,
ES1,https://www.researchgate.net/profile/dhananjay-pise/publication/277816900_study_of_process_parameters_affecting_the_diameter_and_morphology_of_electrospun_polyvinylidene_fluoride_pvdf_nanofibers/links/55751b5c08aeacff1ffcc4a8/study-of-process-parameters-affecting-the-diameter-and-morphology-of-electrospun-polyvinylidene-fluoride-pvdf-nanofibers.pdf,9,5,15,SHR,4,0.26149245851550135,0.08283881850142708,-0.2178468441949532,0.8645360362923622,
ES1,https://www.researchgate.net/profile/dhananjay-pise/publication/277816900_study_of_process_parameters_affecting_the_diameter_and_morphology_of_electrospun_polyvinylidene_fluoride_pvdf_nanofibers/links/55751b5c08aeacff1ffcc4a8/study-of-process-parameters-affecting-the-diameter-and-morphology-of-electrospun-polyvinylidene-fluoride-pvdf-nanofibers.pdf,9,5,15,FAKE,4,0.26149245851550135,0.3709412242750857,0.056741553153010126,1.0,10.1007/s00521-014-1554-8
ES1,https://www.researchgate.net/profile/dhananjay-pise/publication/277816900_study_of_process_parameters_affecting_the_diameter_and_morphology_of_electrospun_polyvinylidene_fluoride_pvdf_nanofibers/links/55751b5c08aeacff1ffcc4a8/study-of-process-parameters-affecting-the-diameter-and-morphology-of-electrospun-polyvinylidene-fluoride-pvdf-nanofibers.pdf,9,5,15,FAKE_SHR,4,0.26149245851550135,0.35460662461864034,0.056741553153010126,0.8645360362923622,10.1007/s00521-014-1554-8
ES1,https://www.researchgate.net/profile/dhananjay-pise/publication/277816900_study_of_process_parameters_affecting_the_diameter_and_morphology_of_electrospun_polyvinylidene_fluoride_pvdf_nanofibers/links/55751b5c08aeacff1ffcc4a8/study-of-process-parameters-affecting-the-diameter-and-morphology-of-electrospun-polyvinylidene-fluoride-pvdf-nanofibers.pdf,9,5,16,OFF,4,0.1300627117387856,0.13113973936763418,-0.27744884582296564,1.0,
ES1,https://www.researchgate.net/profile/dhananjay-pise/publication/277816900_study_of_process_parameters_affecting_the_diameter_and_morphology_of_electrospun_polyvinylidene_fluoride_pvdf_nanofibers/links/55751b5c08aeacff1ffcc4a8/study-of-process-parameters-affecting-the-diameter-and-morphology-of-electrospun-polyvinylidene-fluoride-pvdf-nanofibers.pdf,9,5,16,SHR,4,0.1300627117387856,0.09493326024678506,-0.27744884582296564,0.8645360362923622,
ES1,https://www.researchgate.net/profile/dhananjay-pise/publication/277816900_study_of_process_parameters_affecting_the_diameter_and_morphology_of_electrospun_polyvinylidene_fluoride_pvdf_nanofibers/links/55751b5c08aeacff1ffcc4a8/study-of-process-parameters-affecting-the-diameter-and-morphology-of-electrospun-polyvinylidene-fluoride-pvdf-nanofibers.pdf,9,5,16,FAKE,4,0.1300627117387856,0.631068172777838,0.24171007095735372,1.0,10.1007/bf03218855
ES1,https://www.researchgate.net/profile/dhananjay-pise/publication/277816900_study_of_process_parameters_affecting_the_diameter_and_morphology_of_electrospun_polyvinylidene_fluoride_pvdf_nanofibers/links/55751b5c08aeacff1ffcc4a8/study-of-process-parameters-affecting-the-diameter-and-morphology-of-electrospun-polyvinylidene-fluoride-pvdf-nanofibers.pdf,9,5,16,FAKE_SHR,4,0.1300627117387856,0.5358311489519769,0.24171007095735372,0.8645360362923622,10.1007/bf03218855
ES1,https://www.researchgate.net/profile/dhananjay-pise/publication/277816900_study_of_process_parameters_affecting_the_diameter_and_morphology_of_electrospun_polyvinylidene_fluoride_pvdf_nanofibers/links/55751b5c08aeacff1ffcc4a8/study-of-process-parameters-affecting-the-diameter-and-morphology-of-electrospun-polyvinylidene-fluoride-pvdf-nanofibers.pdf,9,5,17,OFF,4,0.18708119258897055,0.0736522562548539,-0.24396107773136405,1.0,
ES1,https://www.researchgate.net/profile/dhananjay-pise/publication/277816900_study_of_process_parameters_affecting_the_diameter_and_morphology_of_electrospun_polyvinylidene_fluoride_pvdf_nanofibers/links/55751b5c08aeacff1ffcc4a8/study-of-process-parameters-affecting-the-diameter-and-morphology-of-electrospun-polyvinylidene-fluoride-pvdf-nanofibers.pdf,9,5,17,SHR,4,0.18708119258897055,0.06113681454218783,-0.24396107773136405,0.8645360362923622,
ES1,https://www.researchgate.net/profile/dhananjay-pise/publication/277816900_study_of_process_parameters_affecting_the_diameter_and_morphology_of_electrospun_polyvinylidene_fluoride_pvdf_nanofibers/links/55751b5c08aeacff1ffcc4a8/study-of-process-parameters-affecting-the-diameter-and-morphology-of-electrospun-polyvinylidene-fluoride-pvdf-nanofibers.pdf,9,5,17,FAKE,4,0.18708119258897055,0.06527945416848668,-0.13554356259848585,1.0,https://www.sciencedirect.com/science/article/pii/s0927776511005522
ES1,https://www.researchgate.net/profile/dhananjay-pise/publication/277816900_study_of_process_parameters_affecting_the_diameter_and_morphology_of_electrospun_polyvinylidene_fluoride_pvdf_nanofibers/links/55751b5c08aeacff1ffcc4a8/study-of-process-parameters-affecting-the-diameter-and-morphology-of-electrospun-polyvinylidene-fluoride-pvdf-nanofibers.pdf,9,5,17,FAKE_SHR,4,0.18708119258897055,0.07317273828079092,-0.13554356259848585,0.8645360362923622,https://www.sciencedirect.com/science/article/pii/s0927776511005522
ES1,https://www.researchgate.net/profile/dhananjay-pise/publication/277816900_study_of_process_parameters_affecting_the_diameter_and_morphology_of_electrospun_polyvinylidene_fluoride_pvdf_nanofibers/links/55751b5c08aeacff1ffcc4a8/study-of-process-parameters-affecting-the-diameter-and-morphology-of-electrospun-polyvinylidene-fluoride-pvdf-nanofibers.pdf,9,5,18,OFF,4,0.18708119258897055,0.0736522562548539,-0.24396107773136405,1.0,
ES1,https://www.researchgate.net/profile/dhananjay-pise/publication/277816900_study_of_process_parameters_affecting_the_diameter_and_morphology_of_electrospun_polyvinylidene_fluoride_pvdf_nanofibers/links/55751b5c08aeacff1ffcc4a8/study-of-process-parameters-affecting-the-diameter-and-morphology-of-electrospun-polyvinylidene-fluoride-pvdf-nanofibers.pdf,9,5,18,SHR,4,0.18708119258897055,0.06113681454218783,-0.24396107773136405,0.8645360362923622,
ES1,https://www.researchgate.net/profile/dhananjay-pise/publication/277816900_study_of_process_parameters_affecting_the_diameter_and_morphology_of_electrospun_polyvinylidene_fluoride_pvdf_nanofibers/links/55751b5c08aeacff1ffcc4a8/study-of-process-parameters-affecting-the-diameter-and-morphology-of-electrospun-polyvinylidene-fluoride-pvdf-nanofibers.pdf,9,5,18,FAKE,4,0.18708119258897055,0.16645011462149167,-0.014938843782572509,1.0,10.1016/j.molliq.2023.122819
ES1,https://www.researchgate.net/profile/dhananjay-pise/publication/277816900_study_of_process_parameters_affecting_the_diameter_and_morphology_of_electrospun_polyvinylidene_fluoride_pvdf_nanofibers/links/55751b5c08aeacff1ffcc4a8/study-of-process-parameters-affecting-the-diameter-and-morphology-of-electrospun-polyvinylidene-fluoride-pvdf-nanofibers.pdf,9,5,18,FAKE_SHR,4,0.18708119258897055,0.16914033780213206,-0.014938843782572509,0.8645360362923622,10.1016/j.molliq.2023.122819
ES1,https://www.researchgate.net/profile/dhananjay-pise/publication/277816900_study_of_process_parameters_affecting_the_diameter_and_morphology_of_electrospun_polyvinylidene_fluoride_pvdf_nanofibers/links/55751b5c08aeacff1ffcc4a8/study-of-process-parameters-affecting-the-diameter-and-morphology-of-electrospun-polyvinylidene-fluoride-pvdf-nanofibers.pdf,9,5,19,OFF,4,0.4707501441603858,0.20218549473967737,-0.1433638813046935,1.0,
ES1,https://www.researchgate.net/profile/dhananjay-pise/publication/277816900_study_of_process_parameters_affecting_the_diameter_and_morphology_of_electrospun_polyvinylidene_fluoride_pvdf_nanofibers/links/55751b5c08aeacff1ffcc4a8/study-of-process-parameters-affecting-the-diameter-and-morphology-of-electrospun-polyvinylidene-fluoride-pvdf-nanofibers.pdf,9,5,19,SHR,4,0.4707501441603858,0.22893809854407637,-0.1433638813046935,0.8645360362923622,
ES1,https://www.researchgate.net/profile/dhananjay-pise/publication/277816900_study_of_process_parameters_affecting_the_diameter_and_morphology_of_electrospun_polyvinylidene_fluoride_pvdf_nanofibers/links/55751b5c08aeacff1ffcc4a8/study-of-process-parameters-affecting-the-diameter-and-morphology-of-electrospun-polyvinylidene-fluoride-pvdf-nanofibers.pdf,9,5,19,FAKE,4,0.4707501441603858,2.370735522256502,0.44816903011175313,1.0,10.1002/app.52131
ES1,https://www.researchgate.net/profile/dhananjay-pise/publication/277816900_study_of_process_parameters_affecting_the_diameter_and_morphology_of_electrospun_polyvinylidene_fluoride_pvdf_nanofibers/links/55751b5c08aeacff1ffcc4a8/study-of-process-parameters-affecting-the-diameter-and-morphology-of-electrospun-polyvinylidene-fluoride-pvdf-nanofibers.pdf,9,5,19,FAKE_SHR,4,0.4707501441603858,2.0192644366143613,0.44816903011175313,0.8645360362923622,10.1002/app.52131
ES1,https://www.researchgate.net/profile/dhananjay-pise/publication/277816900_study_of_process_parameters_affecting_the_diameter_and_morphology_of_electrospun_polyvinylidene_fluoride_pvdf_nanofibers/links/55751b5c08aeacff1ffcc4a8/study-of-process-parameters-affecting-the-diameter-and-morphology-of-electrospun-polyvinylidene-fluoride-pvdf-nanofibers.pdf,9,5,20,OFF,4,0.1548270455889927,0.05073778933843904,-0.2470803577511566,1.0,
ES1,https://www.researchgate.net/profile/dhananjay-pise/publication/277816900_study_of_process_parameters_affecting_the_diameter_and_morphology_of_electrospun_polyvinylidene_fluoride_pvdf_nanofibers/links/55751b5c08aeacff1ffcc4a8/study-of-process-parameters-affecting-the-diameter-and-morphology-of-electrospun-polyvinylidene-fluoride-pvdf-nanofibers.pdf,9,5,20,SHR,4,0.1548270455889927,0.03623962867965913,-0.2470803577511566,0.8645360362923622,
ES1,https://www.researchgate.net/profile/dhananjay-pise/publication/277816900_study_of_process_parameters_affecting_the_diameter_and_morphology_of_electrospun_polyvinylidene_fluoride_pvdf_nanofibers/links/55751b5c08aeacff1ffcc4a8/study-of-process-parameters-affecting-the-diameter-and-morphology-of-electrospun-polyvinylidene-fluoride-pvdf-nanofibers.pdf,9,5,20,FAKE,4,0.1548270455889927,0.036848253873875164,-0.21559104083635142,1.0,10.1016/j.memsci.2013.01.023
ES1,https://www.researchgate.net/profile/dhananjay-pise/publication/277816900_study_of_process_parameters_affecting_the_diameter_and_morphology_of_electrospun_polyvinylidene_fluoride_pvdf_nanofibers/links/55751b5c08aeacff1ffcc4a8/study-of-process-parameters-affecting-the-diameter-and-morphology-of-electrospun-polyvinylidene-fluoride-pvdf-nanofibers.pdf,9,5,20,FAKE_SHR,4,0.1548270455889927,0.031056626442234007,-0.21559104083635142,0.8645360362923622,10.1016/j.memsci.2013.01.023
ES1,https://www.researchgate.net/profile/dhananjay-pise/publication/277816900_study_of_process_parameters_affecting_the_diameter_and_morphology_of_electrospun_polyvinylidene_fluoride_pvdf_nanofibers/links/55751b5c08aeacff1ffcc4a8/study-of-process-parameters-affecting-the-diameter-and-morphology-of-electrospun-polyvinylidene-fluoride-pvdf-nanofibers.pdf,9,5,21,OFF,4,0.251123199561999,0.07962248163282945,-0.22198823084572994,1.0,
ES1,https://www.researchgate.net/profile/dhananjay-pise/publication/277816900_study_of_process_parameters_affecting_the_diameter_and_morphology_of_electrospun_polyvinylidene_fluoride_pvdf_nanofibers/links/55751b5c08aeacff1ffcc4a8/study-of-process-parameters-affecting-the-diameter-and-morphology-of-electrospun-polyvinylidene-fluoride-pvdf-nanofibers.pdf,9,5,21,SHR,4,0.251123199561999,0.07976981385820256,-0.22198823084572994,0.8645360362923622,
ES1,https://www.researchgate.net/profile/dhananjay-pise/publication/277816900_study_of_process_parameters_affecting_the_diameter_and_morphology_of_electrospun_polyvinylidene_fluoride_pvdf_nanofibers/links/55751b5c08aeacff1ffcc4a8/study-of-process-parameters-affecting-the-diameter-and-morphology-of-electrospun-polyvinylidene-fluoride-pvdf-nanofibers.pdf,9,5,21,FAKE,4,0.251123199561999,0.0991433136738819,-0.27889684724556757,1.0,10.1177/00219983221144696
ES1,https://www.researchgate.net/profile/dhananjay-pise/publication/277816900_study_of_process_parameters_affecting_the_diameter_and_morphology_of_electrospun_polyvinylidene_fluoride_pvdf_nanofibers/links/55751b5c08aeacff1ffcc4a8/study-of-process-parameters-affecting-the-diameter-and-morphology-of-electrospun-polyvinylidene-fluoride-pvdf-nanofibers.pdf,9,5,21,FAKE_SHR,4,0.251123199561999,0.08329314924528554,-0.27889684724556757,0.8645360362923622,10.1177/00219983221144696
ES1,https://www.researchgate.net/profile/dhananjay-pise/publication/277816900_study_of_process_parameters_affecting_the_diameter_and_morphology_of_electrospun_polyvinylidene_fluoride_pvdf_nanofibers/links/55751b5c08aeacff1ffcc4a8/study-of-process-parameters-affecting-the-diameter-and-morphology-of-electrospun-polyvinylidene-fluoride-pvdf-nanofibers.pdf,9,5,22,OFF,4,0.13051469330533172,0.15349418334577086,-0.2829721113895064,1.0,
ES1,https://www.researchgate.net/profile/dhananjay-pise/publication/277816900_study_of_process_parameters_affecting_the_diameter_and_morphology_of_electrospun_polyvinylidene_fluoride_pvdf_nanofibers/links/55751b5c08aeacff1ffcc4a8/study-of-process-parameters-affecting-the-diameter-and-morphology-of-electrospun-polyvinylidene-fluoride-pvdf-nanofibers.pdf,9,5,22,SHR,4,0.13051469330533172,0.11287067926339682,-0.2829721113895064,0.8645360362923622,
ES1,https://www.researchgate.net/profile/dhananjay-pise/publication/277816900_study_of_process_parameters_affecting_the_diameter_and_morphology_of_electrospun_polyvinylidene_fluoride_pvdf_nanofibers/links/55751b5c08aeacff1ffcc4a8/study-of-process-parameters-affecting-the-diameter-and-morphology-of-electrospun-polyvinylidene-fluoride-pvdf-nanofibers.pdf,9,5,22,FAKE,4,0.13051469330533172,0.08510618253778902,-0.054544597799273745,1.0,10.1002/polb.21380
ES1,https://www.researchgate.net/profile/dhananjay-pise/publication/277816900_study_of_process_parameters_affecting_the_diameter_and_morphology_of_electrospun_polyvinylidene_fluoride_pvdf_nanofibers/links/55751b5c08aeacff1ffcc4a8/study-of-process-parameters-affecting-the-diameter-and-morphology-of-electrospun-polyvinylidene-fluoride-pvdf-nanofibers.pdf,9,5,22,FAKE_SHR,4,0.13051469330533172,0.08986369599618327,-0.054544597799273745,0.8645360362923622,10.1002/polb.21380
ES1,https://www.researchgate.net/profile/dhananjay-pise/publication/277816900_study_of_process_parameters_affecting_the_diameter_and_morphology_of_electrospun_polyvinylidene_fluoride_pvdf_nanofibers/links/55751b5c08aeacff1ffcc4a8/study-of-process-parameters-affecting-the-diameter-and-morphology-of-electrospun-polyvinylidene-fluoride-pvdf-nanofibers.pdf,9,5,23,OFF,4,0.26677713413482995,0.03293226142626926,-0.1886139185148442,1.0,
ES1,https://www.researchgate.net/profile/dhananjay-pise/publication/277816900_study_of_process_parameters_affecting_the_diameter_and_morphology_of_electrospun_polyvinylidene_fluoride_pvdf_nanofibers/links/55751b5c08aeacff1ffcc4a8/study-of-process-parameters-affecting-the-diameter-and-morphology-of-electrospun-polyvinylidene-fluoride-pvdf-nanofibers.pdf,9,5,23,SHR,4,0.26677713413482995,0.047944468325961644,-0.1886139185148442,0.8645360362923622,
ES1,https://www.researchgate.net/profile/dhananjay-pise/publication/277816900_study_of_process_parameters_affecting_the_diameter_and_morphology_of_electrospun_polyvinylidene_fluoride_pvdf_nanofibers/links/55751b5c08aeacff1ffcc4a8/study-of-process-parameters-affecting-the-diameter-and-morphology-of-electrospun-polyvinylidene-fluoride-pvdf-nanofibers.pdf,9,5,23,FAKE,4,0.26677713413482995,1.0147363415678141,0.24984813847092724,1.0,10.30684/etj.35.4a.5
ES1,https://www.researchgate.net/profile/dhananjay-pise/publication/277816900_study_of_process_parameters_affecting_the_diameter_and_morphology_of_electrospun_polyvinylidene_fluoride_pvdf_nanofibers/links/55751b5c08aeacff1ffcc4a8/study-of-process-parameters-affecting-the-diameter-and-morphology-of-electrospun-polyvinylidene-fluoride-pvdf-nanofibers.pdf,9,5,23,FAKE_SHR,4,0.26677713413482995,0.8841720123365688,0.24984813847092724,0.8645360362923622,10.30684/etj.35.4a.5
ES1,https://www.researchgate.net/profile/dhananjay-pise/publication/277816900_study_of_process_parameters_affecting_the_diameter_and_morphology_of_electrospun_polyvinylidene_fluoride_pvdf_nanofibers/links/55751b5c08aeacff1ffcc4a8/study-of-process-parameters-affecting-the-diameter-and-morphology-of-electrospun-polyvinylidene-fluoride-pvdf-nanofibers.pdf,9,5,24,OFF,4,0.07513110404313326,0.18206442116160843,-0.3024275169676765,1.0,
ES1,https://www.researchgate.net/profile/dhananjay-pise/publication/277816900_study_of_process_parameters_affecting_the_diameter_and_morphology_of_electrospun_polyvinylidene_fluoride_pvdf_nanofibers/links/55751b5c08aeacff1ffcc4a8/study-of-process-parameters-affecting-the-diameter-and-morphology-of-electrospun-polyvinylidene-fluoride-pvdf-nanofibers.pdf,9,5,24,SHR,4,0.07513110404313326,0.12473288958769299,-0.3024275169676765,0.8645360362923622,
ES1,https://www.researchgate.net/profile/dhananjay-pise/publication/277816900_study_of_process_parameters_affecting_the_diameter_and_morphology_of_electrospun_polyvinylidene_fluoride_pvdf_nanofibers/links/55751b5c08aeacff1ffcc4a8/study-of-process-parameters-affecting-the-diameter-and-morphology-of-electrospun-polyvinylidene-fluoride-pvdf-nanofibers.pdf,9,5,24,FAKE,4,0.07513110404313326,0.09534407897096409,0.021458412068329567,1.0,10.1007/s00521-017-2996-6
ES1,https://www.researchgate.net/profile/dhananjay-pise/publication/277816900_study_of_process_parameters_affecting_the_diameter_and_morphology_of_electrospun_polyvinylidene_fluoride_pvdf_nanofibers/links/55751b5c08aeacff1ffcc4a8/study-of-process-parameters-affecting-the-diameter-and-morphology-of-electrospun-polyvinylidene-fluoride-pvdf-nanofibers.pdf,9,5,24,FAKE_SHR,4,0.07513110404313326,0.09239024336468701,0.021458412068329567,0.8645360362923622,10.1007/s00521-017-2996-6
ES1,https://www.researchgate.net/profile/dhananjay-pise/publication/277816900_study_of_process_parameters_affecting_the_diameter_and_morphology_of_electrospun_polyvinylidene_fluoride_pvdf_nanofibers/links/55751b5c08aeacff1ffcc4a8/study-of-process-parameters-affecting-the-diameter-and-morphology-of-electrospun-polyvinylidene-fluoride-pvdf-nanofibers.pdf,9,5,25,OFF,4,0.5686158017521115,0.31570165306741493,-0.10481119085597959,1.0,
ES1,https://www.researchgate.net/profile/dhananjay-pise/publication/277816900_study_of_process_parameters_affecting_the_diameter_and_morphology_of_electrospun_polyvinylidene_fluoride_pvdf_nanofibers/links/55751b5c08aeacff1ffcc4a8/study-of-process-parameters-affecting-the-diameter-and-morphology-of-electrospun-polyvinylidene-fluoride-pvdf-nanofibers.pdf,9,5,25,SHR,4,0.5686158017521115,0.34481625919583947,-0.10481119085597959,0.8645360362923622,
ES1,https://www.researchgate.net/profile/dhananjay-pise/publication/277816900_study_of_process_parameters_affecting_the_diameter_and_morphology_of_electrospun_polyvinylidene_fluoride_pvdf_nanofibers/links/55751b5c08aeacff1ffcc4a8/study-of-process-parameters-affecting-the-diameter-and-morphology-of-electrospun-polyvinylidene-fluoride-pvdf-nanofibers.pdf,9,5,25,FAKE,4,0.5686158017521115,1.8622956282001923,0.31586047340266266,1.0,10.3390/nano12060962
ES1,https://www.researchgate.net/profile/dhananjay-pise/publication/277816900_study_of_process_parameters_affecting_the_diameter_and_morphology_of_electrospun_polyvinylidene_fluoride_pvdf_nanofibers/links/55751b5c08aeacff1ffcc4a8/study-of-process-parameters-affecting-the-diameter-and-morphology-of-electrospun-polyvinylidene-fluoride-pvdf-nanofibers.pdf,9,5,25,FAKE_SHR,4,0.5686158017521115,1.6403119967322546,0.31586047340266266,0.8645360362923622,10.3390/nano12060962
ES1,https://www.researchgate.net/profile/dhananjay-pise/publication/277816900_study_of_process_parameters_affecting_the_diameter_and_morphology_of_electrospun_polyvinylidene_fluoride_pvdf_nanofibers/links/55751b5c08aeacff1ffcc4a8/study-of-process-parameters-affecting-the-diameter-and-morphology-of-electrospun-polyvinylidene-fluoride-pvdf-nanofibers.pdf,9,5,26,OFF,4,0.3997885699800422,0.19953611716433853,-0.20860201638386808,1.0,
ES1,https://www.researchgate.net/profile/dhananjay-pise/publication/277816900_study_of_process_parameters_affecting_the_diameter_and_morphology_of_electrospun_polyvinylidene_fluoride_pvdf_nanofibers/links/55751b5c08aeacff1ffcc4a8/study-of-process-parameters-affecting-the-diameter-and-morphology-of-electrospun-polyvinylidene-fluoride-pvdf-nanofibers.pdf,9,5,26,SHR,4,0.3997885699800422,0.20627842925190923,-0.20860201638386808,0.8645360362923622,
ES1,https://www.researchgate.net/profile/dhananjay-pise/publication/277816900_study_of_process_parameters_affecting_the_diameter_and_morphology_of_electrospun_polyvinylidene_fluoride_pvdf_nanofibers/links/55751b5c08aeacff1ffcc4a8/study-of-process-parameters-affecting-the-diameter-and-morphology-of-electrospun-polyvinylidene-fluoride-pvdf-nanofibers.pdf,9,5,26,FAKE,4,0.3997885699800422,0.201764429341788,-0.19595282471830622,1.0,10.1088/1748-6041/8/4/045007
ES1,https://www.researchgate.net/profile/dhananjay-pise/publication/277816900_study_of_process_parameters_affecting_the_diameter_and_morphology_of_electrospun_polyvinylidene_fluoride_pvdf_nanofibers/links/55751b5c08aeacff1ffcc4a8/study-of-process-parameters-affecting-the-diameter-and-morphology-of-electrospun-polyvinylidene-fluoride-pvdf-nanofibers.pdf,9,5,26,FAKE_SHR,4,0.3997885699800422,0.21060210076153174,-0.19595282471830622,0.8645360362923622,10.1088/1748-6041/8/4/045007
ES1,https://www.researchgate.net/profile/dhananjay-pise/publication/277816900_study_of_process_parameters_affecting_the_diameter_and_morphology_of_electrospun_polyvinylidene_fluoride_pvdf_nanofibers/links/55751b5c08aeacff1ffcc4a8/study-of-process-parameters-affecting-the-diameter-and-morphology-of-electrospun-polyvinylidene-fluoride-pvdf-nanofibers.pdf,9,5,27,OFF,4,0.08229596778992973,0.3039901937063697,-0.3257790563736184,1.0,
ES1,https://www.researchgate.net/profile/dhananjay-pise/publication/277816900_study_of_process_parameters_affecting_the_diameter_and_morphology_of_electrospun_polyvinylidene_fluoride_pvdf_nanofibers/links/55751b5c08aeacff1ffcc4a8/study-of-process-parameters-affecting-the-diameter-and-morphology-of-electrospun-polyvinylidene-fluoride-pvdf-nanofibers.pdf,9,5,27,SHR,4,0.08229596778992973,0.22424066745192492,-0.3257790563736184,0.8645360362923622,
ES1,https://www.researchgate.net/profile/dhananjay-pise/publication/277816900_study_of_process_parameters_affecting_the_diameter_and_morphology_of_electrospun_polyvinylidene_fluoride_pvdf_nanofibers/links/55751b5c08aeacff1ffcc4a8/study-of-process-parameters-affecting-the-diameter-and-morphology-of-electrospun-polyvinylidene-fluoride-pvdf-nanofibers.pdf,9,5,27,FAKE,4,0.08229596778992973,0.06920820060876917,-0.13059961924430158,1.0,10.1016/j.eurpolymj.2004.10.027
ES1,https://www.researchgate.net/profile/dhananjay-pise/publication/277816900_study_of_process_parameters_affecting_the_diameter_and_morphology_of_electrospun_polyvinylidene_fluoride_pvdf_nanofibers/links/55751b5c08aeacff1ffcc4a8/study-of-process-parameters-affecting-the-diameter-and-morphology-of-electrospun-polyvinylidene-fluoride-pvdf-nanofibers.pdf,9,5,27,FAKE_SHR,4,0.08229596778992973,0.06299104943332835,-0.13059961924430158,0.8645360362923622,10.1016/j.eurpolymj.2004.10.027
ES1,https://www.researchgate.net/profile/dhananjay-pise/publication/277816900_study_of_process_parameters_affecting_the_diameter_and_morphology_of_electrospun_polyvinylidene_fluoride_pvdf_nanofibers/links/55751b5c08aeacff1ffcc4a8/study-of-process-parameters-affecting-the-diameter-and-morphology-of-electrospun-polyvinylidene-fluoride-pvdf-nanofibers.pdf,9,5,28,OFF,4,0.02736436009427738,0.38871715969992693,-0.3507577275183293,1.0,
ES1,https://www.researchgate.net/profile/dhananjay-pise/publication/277816900_study_of_process_parameters_affecting_the_diameter_and_morphology_of_electrospun_polyvinylidene_fluoride_pvdf_nanofibers/links/55751b5c08aeacff1ffcc4a8/study-of-process-parameters-affecting-the-diameter-and-morphology-of-electrospun-polyvinylidene-fluoride-pvdf-nanofibers.pdf,9,5,28,SHR,4,0.02736436009427738,0.28213253157087864,-0.3507577275183293,0.8645360362923622,
ES1,https://www.researchgate.net/profile/dhananjay-pise/publication/277816900_study_of_process_parameters_affecting_the_diameter_and_morphology_of_electrospun_polyvinylidene_fluoride_pvdf_nanofibers/links/55751b5c08aeacff1ffcc4a8/study-of-process-parameters-affecting-the-diameter-and-morphology-of-electrospun-polyvinylidene-fluoride-pvdf-nanofibers.pdf,9,5,28,FAKE,4,0.02736436009427738,0.018679862234041406,-0.04575281839205196,1.0,10.1007/s12221-015-5263-4
ES1,https://www.researchgate.net/profile/dhananjay-pise/publication/277816900_study_of_process_parameters_affecting_the_diameter_and_morphology_of_electrospun_polyvinylidene_fluoride_pvdf_nanofibers/links/55751b5c08aeacff1ffcc4a8/study-of-process-parameters-affecting-the-diameter-and-morphology-of-electrospun-polyvinylidene-fluoride-pvdf-nanofibers.pdf,9,5,28,FAKE_SHR,4,0.02736436009427738,0.0188756746088071,-0.04575281839205196,0.8645360362923622,10.1007/s12221-015-5263-4
ES1,https://www.researchgate.net/profile/dhananjay-pise/publication/277816900_study_of_process_parameters_affecting_the_diameter_and_morphology_of_electrospun_polyvinylidene_fluoride_pvdf_nanofibers/links/55751b5c08aeacff1ffcc4a8/study-of-process-parameters-affecting-the-diameter-and-morphology-of-electrospun-polyvinylidene-fluoride-pvdf-nanofibers.pdf,9,5,29,OFF,4,0.17142725801613956,0.17206333105435717,-0.27733539006224983,1.0,
ES1,https://www.researchgate.net/profile/dhananjay-pise/publication/277816900_study_of_process_parameters_affecting_the_diameter_and_morphology_of_electrospun_polyvinylidene_fluoride_pvdf_nanofibers/links/55751b5c08aeacff1ffcc4a8/study-of-process-parameters-affecting-the-diameter-and-morphology-of-electrospun-polyvinylidene-fluoride-pvdf-nanofibers.pdf,9,5,29,SHR,4,0.17142725801613956,0.13594607150382398,-0.27733539006224983,0.8645360362923622,
ES1,https://www.researchgate.net/profile/dhananjay-pise/publication/277816900_study_of_process_parameters_affecting_the_diameter_and_morphology_of_electrospun_polyvinylidene_fluoride_pvdf_nanofibers/links/55751b5c08aeacff1ffcc4a8/study-of-process-parameters-affecting-the-diameter-and-morphology-of-electrospun-polyvinylidene-fluoride-pvdf-nanofibers.pdf,9,5,29,FAKE,4,0.17142725801613956,1.4055241501752764,0.4340467416004256,1.0,10.1016/j.memsci.2018.06.050
ES1,https://www.researchgate.net/profile/dhananjay-pise/publication/277816900_study_of_process_parameters_affecting_the_diameter_and_morphology_of_electrospun_polyvinylidene_fluoride_pvdf_nanofibers/links/55751b5c08aeacff1ffcc4a8/study-of-process-parameters-affecting-the-diameter-and-morphology-of-electrospun-polyvinylidene-fluoride-pvdf-nanofibers.pdf,9,5,29,FAKE_SHR,4,0.17142725801613956,1.1500933813320402,0.4340467416004256,0.8645360362923622,10.1016/j.memsci.2018.06.050
