target,repeat,fold,policy,chosen_source,rmse,gain,rmse_none,n_test,n_train,threshold95,threshold_max,top_source,top_score,chosen_score,gate_open
p_exp_H2O,0,0,NONE,,0.4280809635806261,0.0,0.4280809635806261,6,21,0.7210580911397827,0.8468079331105953,d_sim_CO2,0.7872732771322702,,
p_exp_H2O,0,0,PHYS,s_sim_H2O,0.7288873001827463,-0.702685618360755,0.4280809635806261,6,21,0.7210580911397827,0.8468079331105953,d_sim_CO2,0.7872732771322702,0.7246081075594567,
p_exp_H2O,0,0,TOP,d_sim_CO2,0.8657903588315773,-1.022492080913361,0.4280809635806261,6,21,0.7210580911397827,0.8468079331105953,d_sim_CO2,0.7872732771322702,0.7872732771322702,
p_exp_H2O,0,0,GATE,d_sim_CO2,0.8657903588315773,-1.022492080913361,0.4280809635806261,6,21,0.7210580911397827,0.8468079331105953,d_sim_CO2,0.7872732771322702,0.7872732771322702,True
p_exp_H2O,0,0,ALL3,d_sim_CO2|s_exp_CH4|s_exp_He,0.8054009446896905,-0.8814220047371919,0.4280809635806261,6,21,0.7210580911397827,0.8468079331105953,d_sim_CO2,0.7872732771322702,0.7681138761362609,
p_exp_H2O,0,0,GATE_MAX,,0.4280809635806261,0.0,0.4280809635806261,6,21,0.7210580911397827,0.8468079331105953,d_sim_CO2,0.7872732771322702,0.7872732771322702,False
p_exp_H2O,0,1,NONE,,0.5155722817745291,0.0,0.5155722817745291,6,21,0.7088483346280308,0.803907004867086,s_exp_CH4,0.777986932510587,,
p_exp_H2O,0,1,PHYS,s_sim_H2O,0.6434805609112356,-0.248089906417125,0.5155722817745291,6,21,0.7088483346280308,0.803907004867086,s_exp_CH4,0.777986932510587,0.6567840231469063,
p_exp_H2O,0,1,TOP,s_exp_CH4,0.914574862963504,-0.773902312621739,0.5155722817745291,6,21,0.7088483346280308,0.803907004867086,s_exp_CH4,0.777986932510587,0.777986932510587,
p_exp_H2O,0,1,GATE,s_exp_CH4,0.914574862963504,-0.773902312621739,0.5155722817745291,6,21,0.7088483346280308,0.803907004867086,s_exp_CH4,0.777986932510587,0.777986932510587,True
p_exp_H2O,0,1,ALL3,s_exp_CH4|d_sim_CO2|s_exp_He,0.5177877698629408,-0.0042971435174644,0.5155722817745291,6,21,0.7088483346280308,0.803907004867086,s_exp_CH4,0.777986932510587,0.7581374760265508,
p_exp_H2O,0,1,GATE_MAX,,0.5155722817745291,0.0,0.5155722817745291,6,21,0.7088483346280308,0.803907004867086,s_exp_CH4,0.777986932510587,0.777986932510587,False
p_exp_H2O,0,2,NONE,,0.8765548357110649,0.0,0.8765548357110649,5,22,0.7328288134402476,0.8083334899958305,s_exp_He,0.8148777613633724,,
p_exp_H2O,0,2,PHYS,s_sim_H2O,1.2298909245528662,-0.4030963887788876,0.8765548357110649,5,22,0.7328288134402476,0.8083334899958305,s_exp_He,0.8148777613633724,0.7179368067723678,
p_exp_H2O,0,2,TOP,s_exp_He,0.9634160950289352,-0.0990939251934057,0.8765548357110649,5,22,0.7328288134402476,0.8083334899958305,s_exp_He,0.8148777613633724,0.8148777613633724,
p_exp_H2O,0,2,GATE,s_exp_He,0.9634160950289352,-0.0990939251934057,0.8765548357110649,5,22,0.7328288134402476,0.8083334899958305,s_exp_He,0.8148777613633724,0.8148777613633724,True
p_exp_H2O,0,2,ALL3,s_exp_He|d_sim_CO2|s_exp_CH4,0.8462904702104692,0.0345264942563976,0.8765548357110649,5,22,0.7328288134402476,0.8083334899958305,s_exp_He,0.8148777613633724,0.7872097894929638,
p_exp_H2O,0,2,GATE_MAX,s_exp_He,0.9634160950289352,-0.0990939251934057,0.8765548357110649,5,22,0.7328288134402476,0.8083334899958305,s_exp_He,0.8148777613633724,0.8148777613633724,True
p_exp_H2O,0,3,NONE,,1.2562223033219342,0.0,1.2562223033219342,5,22,0.6996762800821407,0.7805803668286005,d_sim_CO2,0.6685983736085722,,
p_exp_H2O,0,3,PHYS,s_sim_H2O,0.9616546691051664,0.2344868686360829,1.2562223033219342,5,22,0.6996762800821407,0.7805803668286005,d_sim_CO2,0.6685983736085722,0.5840939200644047,
p_exp_H2O,0,3,TOP,d_sim_CO2,0.610616041292307,0.513926763059688,1.2562223033219342,5,22,0.6996762800821407,0.7805803668286005,d_sim_CO2,0.6685983736085722,0.6685983736085722,
p_exp_H2O,0,3,GATE,,1.2562223033219342,0.0,1.2562223033219342,5,22,0.6996762800821407,0.7805803668286005,d_sim_CO2,0.6685983736085722,0.6685983736085722,False
p_exp_H2O,0,3,ALL3,d_sim_CO2|s_exp_CH4|s_exp_He,0.6695854685048489,0.4669848905450828,1.2562223033219342,5,22,0.6996762800821407,0.7805803668286005,d_sim_CO2,0.6685983736085722,0.6413777175458962,
p_exp_H2O,0,3,GATE_MAX,,1.2562223033219342,0.0,1.2562223033219342,5,22,0.6996762800821407,0.7805803668286005,d_sim_CO2,0.6685983736085722,0.6685983736085722,False
p_exp_H2O,0,4,NONE,,1.5157168002432846,0.0,1.5157168002432846,5,22,0.712181955507882,0.7814226850323824,d_sim_CO2,0.8838195287915096,,
p_exp_H2O,0,4,PHYS,s_sim_H2O,1.2115615897728795,0.200667572215064,1.5157168002432846,5,22,0.712181955507882,0.7814226850323824,d_sim_CO2,0.8838195287915096,0.680041938078295,
p_exp_H2O,0,4,TOP,d_sim_CO2,1.5447706110917705,-0.0191683636704577,1.5157168002432846,5,22,0.712181955507882,0.7814226850323824,d_sim_CO2,0.8838195287915096,0.8838195287915096,
p_exp_H2O,0,4,GATE,d_sim_CO2,1.5447706110917705,-0.0191683636704577,1.5157168002432846,5,22,0.712181955507882,0.7814226850323824,d_sim_CO2,0.8838195287915096,0.8838195287915096,True
p_exp_H2O,0,4,ALL3,d_sim_CO2|d_sim_CH4|s_exp_He,1.4771364584621594,0.0254535291651664,1.5157168002432846,5,22,0.712181955507882,0.7814226850323824,d_sim_CO2,0.8838195287915096,0.8326001323113313,
p_exp_H2O,0,4,GATE_MAX,d_sim_CO2,1.5447706110917705,-0.0191683636704577,1.5157168002432846,5,22,0.712181955507882,0.7814226850323824,d_sim_CO2,0.8838195287915096,0.8838195287915096,True
p_exp_H2O,1,0,NONE,,0.4636237963417645,0.0,0.4636237963417645,6,21,0.7190728477235798,0.750012982923509,s_exp_CH4,0.7933506975999756,,
p_exp_H2O,1,0,PHYS,s_sim_H2O,0.4744337544684479,-0.0233162279675454,0.4636237963417645,6,21,0.7190728477235798,0.750012982923509,s_exp_CH4,0.7933506975999756,0.7597660881555435,
p_exp_H2O,1,0,TOP,s_exp_CH4,0.4371106550208315,0.0571867568708413,0.4636237963417645,6,21,0.7190728477235798,0.750012982923509,s_exp_CH4,0.7933506975999756,0.7933506975999756,
p_exp_H2O,1,0,GATE,s_exp_CH4,0.4371106550208315,0.0571867568708413,0.4636237963417645,6,21,0.7190728477235798,0.750012982923509,s_exp_CH4,0.7933506975999756,0.7933506975999756,True
p_exp_H2O,1,0,ALL3,s_exp_CH4|s_exp_He|s_sim_H2O,0.421967417620583,0.0898495268143529,0.4636237963417645,6,21,0.7190728477235798,0.750012982923509,s_exp_CH4,0.7933506975999756,0.780882866637897,
p_exp_H2O,1,0,GATE_MAX,s_exp_CH4,0.4371106550208315,0.0571867568708413,0.4636237963417645,6,21,0.7190728477235798,0.750012982923509,s_exp_CH4,0.7933506975999756,0.7933506975999756,True
p_exp_H2O,1,1,NONE,,0.4303729979041906,0.0,0.4303729979041906,6,21,0.6645643049592284,0.7246612705621395,s_exp_CH4,0.8129103659711775,,
p_exp_H2O,1,1,PHYS,s_sim_H2O,0.4897402872185692,-0.1379438059624619,0.4303729979041906,6,21,0.6645643049592284,0.7246612705621395,s_exp_CH4,0.8129103659711775,0.7648890657647541,
p_exp_H2O,1,1,TOP,s_exp_CH4,0.9880246698001424,-1.295740380115799,0.4303729979041906,6,21,0.6645643049592284,0.7246612705621395,s_exp_CH4,0.8129103659711775,0.8129103659711775,
p_exp_H2O,1,1,GATE,s_exp_CH4,0.9880246698001424,-1.295740380115799,0.4303729979041906,6,21,0.6645643049592284,0.7246612705621395,s_exp_CH4,0.8129103659711775,0.8129103659711775,True
p_exp_H2O,1,1,ALL3,s_exp_CH4|s_sim_H2O|s_exp_O2,0.8498500640008032,-0.9746825849655104,0.4303729979041906,6,21,0.6645643049592284,0.7246612705621395,s_exp_CH4,0.8129103659711775,0.7800419601038627,
p_exp_H2O,1,1,GATE_MAX,s_exp_CH4,0.9880246698001424,-1.295740380115799,0.4303729979041906,6,21,0.6645643049592284,0.7246612705621395,s_exp_CH4,0.8129103659711775,0.8129103659711775,True
p_exp_H2O,1,2,NONE,,0.7211457786793511,0.0,0.7211457786793511,5,22,0.558174853259648,0.5843851696406988,s_exp_CH4,0.7157893897832096,,
p_exp_H2O,1,2,PHYS,s_sim_H2O,0.5488767362595306,0.2388824111753109,0.7211457786793511,5,22,0.558174853259648,0.5843851696406988,s_exp_CH4,0.7157893897832096,0.6708908135078949,
p_exp_H2O,1,2,TOP,s_exp_CH4,0.8719517580173447,-0.2091199640857187,0.7211457786793511,5,22,0.558174853259648,0.5843851696406988,s_exp_CH4,0.7157893897832096,0.7157893897832096,
p_exp_H2O,1,2,GATE,s_exp_CH4,0.8719517580173447,-0.2091199640857187,0.7211457786793511,5,22,0.558174853259648,0.5843851696406988,s_exp_CH4,0.7157893897832096,0.7157893897832096,True
p_exp_H2O,1,2,ALL3,s_exp_CH4|s_exp_He|d_sim_CO2,0.6771046606940119,0.0610710334684239,0.7211457786793511,5,22,0.558174853259648,0.5843851696406988,s_exp_CH4,0.7157893897832096,0.7079235756492483,
p_exp_H2O,1,2,GATE_MAX,s_exp_CH4,0.8719517580173447,-0.2091199640857187,0.7211457786793511,5,22,0.558174853259648,0.5843851696406988,s_exp_CH4,0.7157893897832096,0.7157893897832096,True
p_exp_H2O,1,3,NONE,,1.5308177038513422,0.0,1.5308177038513422,5,22,0.7113201735056905,0.7210422138337625,d_sim_CO2,0.9022811093601988,,
p_exp_H2O,1,3,PHYS,s_sim_H2O,1.4156844636143358,0.0752102879051802,1.5308177038513422,5,22,0.7113201735056905,0.7210422138337625,d_sim_CO2,0.9022811093601988,0.8488804464007064,
p_exp_H2O,1,3,TOP,d_sim_CO2,1.7394709061052671,-0.1363017959153334,1.5308177038513422,5,22,0.7113201735056905,0.7210422138337625,d_sim_CO2,0.9022811093601988,0.9022811093601988,
p_exp_H2O,1,3,GATE,d_sim_CO2,1.7394709061052671,-0.1363017959153334,1.5308177038513422,5,22,0.7113201735056905,0.7210422138337625,d_sim_CO2,0.9022811093601988,0.9022811093601988,True
p_exp_H2O,1,3,ALL3,d_sim_CO2|X_bandgap_chain|s_sim_H2O,1.6188137028827567,-0.0574830032407045,1.5308177038513422,5,22,0.7113201735056905,0.7210422138337625,d_sim_CO2,0.9022811093601988,0.8688996334489113,
p_exp_H2O,1,3,GATE_MAX,d_sim_CO2,1.7394709061052671,-0.1363017959153334,1.5308177038513422,5,22,0.7113201735056905,0.7210422138337625,d_sim_CO2,0.9022811093601988,0.9022811093601988,True
p_exp_H2O,1,4,NONE,,1.3602688438600088,0.0,1.3602688438600088,5,22,0.6941485062405165,0.7378936814568794,s_exp_CH4,0.7227755200798025,,
p_exp_H2O,1,4,PHYS,s_sim_H2O,0.8254010606414541,0.3932074057513297,1.3602688438600088,5,22,0.6941485062405165,0.7378936814568794,s_exp_CH4,0.7227755200798025,0.5109431174036017,
p_exp_H2O,1,4,TOP,s_exp_CH4,1.24691888834098,0.0833290830931464,1.3602688438600088,5,22,0.6941485062405165,0.7378936814568794,s_exp_CH4,0.7227755200798025,0.7227755200798025,
p_exp_H2O,1,4,GATE,s_exp_CH4,1.24691888834098,0.0833290830931464,1.3602688438600088,5,22,0.6941485062405165,0.7378936814568794,s_exp_CH4,0.7227755200798025,0.7227755200798025,True
p_exp_H2O,1,4,ALL3,s_exp_CH4|s_exp_He|s_exp_CO2,1.3368910373578562,0.0171861662550572,1.3602688438600088,5,22,0.6941485062405165,0.7378936814568794,s_exp_CH4,0.7227755200798025,0.6654686594355447,
p_exp_H2O,1,4,GATE_MAX,,1.3602688438600088,0.0,1.3602688438600088,5,22,0.6941485062405165,0.7378936814568794,s_exp_CH4,0.7227755200798025,0.7227755200798025,False
p_exp_H2O,2,0,NONE,,1.4901844877281998,0.0,1.4901844877281998,6,21,0.6755832208194165,0.7403875419044756,d_sim_CO2,0.8589610260273763,,
p_exp_H2O,2,0,PHYS,s_sim_H2O,1.284859354830447,0.1377850424485178,1.4901844877281998,6,21,0.6755832208194165,0.7403875419044756,d_sim_CO2,0.8589610260273763,0.759120028371714,
p_exp_H2O,2,0,TOP,d_sim_CO2,1.1381220197126145,0.2362542832212057,1.4901844877281998,6,21,0.6755832208194165,0.7403875419044756,d_sim_CO2,0.8589610260273763,0.8589610260273763,
p_exp_H2O,2,0,GATE,d_sim_CO2,1.1381220197126145,0.2362542832212057,1.4901844877281998,6,21,0.6755832208194165,0.7403875419044756,d_sim_CO2,0.8589610260273763,0.8589610260273763,True
p_exp_H2O,2,0,ALL3,d_sim_CO2|s_exp_CH4|X_bandgap_chain,0.8857514685048564,0.4056095229824913,1.4901844877281998,6,21,0.6755832208194165,0.7403875419044756,d_sim_CO2,0.8589610260273763,0.8401046799973736,
p_exp_H2O,2,0,GATE_MAX,d_sim_CO2,1.1381220197126145,0.2362542832212057,1.4901844877281998,6,21,0.6755832208194165,0.7403875419044756,d_sim_CO2,0.8589610260273763,0.8589610260273763,True
p_exp_H2O,2,1,NONE,,0.4130367749903116,0.0,0.4130367749903116,6,21,0.6746742902189097,0.7659206357298717,d_sim_CO2,0.8095724059692134,,
p_exp_H2O,2,1,PHYS,s_sim_H2O,0.4493970659581196,-0.088031606794966,0.4130367749903116,6,21,0.6746742902189097,0.7659206357298717,d_sim_CO2,0.8095724059692134,0.769448980313267,
p_exp_H2O,2,1,TOP,d_sim_CO2,0.1581603451917716,0.6170792656526007,0.4130367749903116,6,21,0.6746742902189097,0.7659206357298717,d_sim_CO2,0.8095724059692134,0.8095724059692134,
p_exp_H2O,2,1,GATE,d_sim_CO2,0.1581603451917716,0.6170792656526007,0.4130367749903116,6,21,0.6746742902189097,0.7659206357298717,d_sim_CO2,0.8095724059692134,0.8095724059692134,True
p_exp_H2O,2,1,ALL3,d_sim_CO2|s_exp_CH4|s_sim_H2O,0.2961077278575099,0.2830959716251525,0.4130367749903116,6,21,0.6746742902189097,0.7659206357298717,d_sim_CO2,0.8095724059692134,0.7902951417401795,
p_exp_H2O,2,1,GATE_MAX,d_sim_CO2,0.1581603451917716,0.6170792656526007,0.4130367749903116,6,21,0.6746742902189097,0.7659206357298717,d_sim_CO2,0.8095724059692134,0.8095724059692134,True
p_exp_H2O,2,2,NONE,,0.8226608005091655,0.0,0.8226608005091655,5,22,0.6743671413203105,0.7523444886784567,d_sim_CO2,0.817171096542244,,
p_exp_H2O,2,2,PHYS,s_sim_H2O,0.95733057899635,-0.1637002497309145,0.8226608005091655,5,22,0.6743671413203105,0.7523444886784567,d_sim_CO2,0.817171096542244,0.7031116454170041,
p_exp_H2O,2,2,TOP,d_sim_CO2,0.9395046809035176,-0.1420316615572718,0.8226608005091655,5,22,0.6743671413203105,0.7523444886784567,d_sim_CO2,0.817171096542244,0.817171096542244,
p_exp_H2O,2,2,GATE,d_sim_CO2,0.9395046809035176,-0.1420316615572718,0.8226608005091655,5,22,0.6743671413203105,0.7523444886784567,d_sim_CO2,0.817171096542244,0.817171096542244,True
p_exp_H2O,2,2,ALL3,d_sim_CO2|s_exp_CH4|s_exp_He,0.6955180350136084,0.1545506549198226,0.8226608005091655,5,22,0.6743671413203105,0.7523444886784567,d_sim_CO2,0.817171096542244,0.7911782475751242,
p_exp_H2O,2,2,GATE_MAX,d_sim_CO2,0.9395046809035176,-0.1420316615572718,0.8226608005091655,5,22,0.6743671413203105,0.7523444886784567,d_sim_CO2,0.817171096542244,0.817171096542244,True
p_exp_H2O,2,3,NONE,,0.3629526020825355,0.0,0.3629526020825355,5,22,0.6453768628475834,0.7402427057336664,d_sim_CO2,0.8367367037659161,,
p_exp_H2O,2,3,PHYS,s_sim_H2O,0.2679608311713629,0.2617194927550663,0.3629526020825355,5,22,0.6453768628475834,0.7402427057336664,d_sim_CO2,0.8367367037659161,0.7338236631723066,
p_exp_H2O,2,3,TOP,d_sim_CO2,0.6903447124175056,-0.902024419873207,0.3629526020825355,5,22,0.6453768628475834,0.7402427057336664,d_sim_CO2,0.8367367037659161,0.8367367037659161,
p_exp_H2O,2,3,GATE,d_sim_CO2,0.6903447124175056,-0.902024419873207,0.3629526020825355,5,22,0.6453768628475834,0.7402427057336664,d_sim_CO2,0.8367367037659161,0.8367367037659161,True
p_exp_H2O,2,3,ALL3,d_sim_CO2|s_exp_CH4|s_exp_He,0.6208399444336475,-0.710526225384295,0.3629526020825355,5,22,0.6453768628475834,0.7402427057336664,d_sim_CO2,0.8367367037659161,0.7948151789837402,
p_exp_H2O,2,3,GATE_MAX,d_sim_CO2,0.6903447124175056,-0.902024419873207,0.3629526020825355,5,22,0.6453768628475834,0.7402427057336664,d_sim_CO2,0.8367367037659161,0.8367367037659161,True
p_exp_H2O,2,4,NONE,,0.4034770628498855,0.0,0.4034770628498855,5,22,0.6430683738110785,0.714079844871577,d_sim_CO2,0.8374761586960933,,
p_exp_H2O,2,4,PHYS,s_sim_H2O,0.6931934555627703,-0.7180492260613941,0.4034770628498855,5,22,0.6430683738110785,0.714079844871577,d_sim_CO2,0.8374761586960933,0.7515194518749283,
p_exp_H2O,2,4,TOP,d_sim_CO2,0.6825122271119045,-0.691576275218982,0.4034770628498855,5,22,0.6430683738110785,0.714079844871577,d_sim_CO2,0.8374761586960933,0.8374761586960933,
p_exp_H2O,2,4,GATE,d_sim_CO2,0.6825122271119045,-0.691576275218982,0.4034770628498855,5,22,0.6430683738110785,0.714079844871577,d_sim_CO2,0.8374761586960933,0.8374761586960933,True
p_exp_H2O,2,4,ALL3,d_sim_CO2|s_exp_CH4|s_sim_H2O,0.5305778086286778,-0.3150135595838822,0.4034770628498855,5,22,0.6430683738110785,0.714079844871577,d_sim_CO2,0.8374761586960933,0.7911009115971886,
p_exp_H2O,2,4,GATE_MAX,d_sim_CO2,0.6825122271119045,-0.691576275218982,0.4034770628498855,5,22,0.6430683738110785,0.714079844871577,d_sim_CO2,0.8374761586960933,0.8374761586960933,True
s_exp_H2O,0,0,NONE,,0.767277536033457,0.0,0.767277536033457,5,20,0.7585733636753267,0.7859237257843382,X_bandgap_chain,0.9708422037853492,,
s_exp_H2O,0,0,PHYS,s_sim_H2O,0.5262054796825487,0.3141914692265882,0.767277536033457,5,20,0.7585733636753267,0.7859237257843382,X_bandgap_chain,0.9708422037853492,0.8746052982706134,
s_exp_H2O,0,0,TOP,X_bandgap_chain,0.2446982614195177,0.6810824637398901,0.767277536033457,5,20,0.7585733636753267,0.7859237257843382,X_bandgap_chain,0.9708422037853492,0.9708422037853492,
s_exp_H2O,0,0,GATE,X_bandgap_chain,0.2446982614195177,0.6810824637398901,0.767277536033457,5,20,0.7585733636753267,0.7859237257843382,X_bandgap_chain,0.9708422037853492,0.9708422037853492,True
s_exp_H2O,0,0,ALL3,X_bandgap_chain|X_atomization_H|s_sim_CO2,0.1955749402387771,0.745105348385634,0.767277536033457,5,20,0.7585733636753267,0.7859237257843382,X_bandgap_chain,0.9708422037853492,0.9604752713151612,
s_exp_H2O,0,0,GATE_MAX,X_bandgap_chain,0.2446982614195177,0.6810824637398901,0.767277536033457,5,20,0.7585733636753267,0.7859237257843382,X_bandgap_chain,0.9708422037853492,0.9708422037853492,True
s_exp_H2O,0,1,NONE,,0.1847899546836246,0.0,0.1847899546836246,5,20,0.7788326586579304,0.8455733393641894,X_bandgap_chain,0.9738365645962236,,
s_exp_H2O,0,1,PHYS,s_sim_H2O,0.3398345751945999,-0.8390316496176657,0.1847899546836246,5,20,0.7788326586579304,0.8455733393641894,X_bandgap_chain,0.9738365645962236,0.9009886671960856,
s_exp_H2O,0,1,TOP,X_bandgap_chain,0.2396169312730585,-0.2966989016437726,0.1847899546836246,5,20,0.7788326586579304,0.8455733393641894,X_bandgap_chain,0.9738365645962236,0.9738365645962236,
s_exp_H2O,0,1,GATE,X_bandgap_chain,0.2396169312730585,-0.2966989016437726,0.1847899546836246,5,20,0.7788326586579304,0.8455733393641894,X_bandgap_chain,0.9738365645962236,0.9738365645962236,True
s_exp_H2O,0,1,ALL3,X_bandgap_chain|X_atomization_H|s_sim_CO2,0.2318594239172665,-0.2547187660402244,0.1847899546836246,5,20,0.7788326586579304,0.8455733393641894,X_bandgap_chain,0.9738365645962236,0.9700031166368496,
s_exp_H2O,0,1,GATE_MAX,X_bandgap_chain,0.2396169312730585,-0.2966989016437726,0.1847899546836246,5,20,0.7788326586579304,0.8455733393641894,X_bandgap_chain,0.9738365645962236,0.9738365645962236,True
s_exp_H2O,0,2,NONE,,0.7809582973016965,0.0,0.7809582973016965,5,20,0.7596556397169973,0.8662607739988055,X_bandgap_chain,0.9697543230102288,,
s_exp_H2O,0,2,PHYS,s_sim_H2O,0.710345353596891,0.0904183282881834,0.7809582973016965,5,20,0.7596556397169973,0.8662607739988055,X_bandgap_chain,0.9697543230102288,0.9024490553655232,
s_exp_H2O,0,2,TOP,X_bandgap_chain,0.2402611025625773,0.6923509188740194,0.7809582973016965,5,20,0.7596556397169973,0.8662607739988055,X_bandgap_chain,0.9697543230102288,0.9697543230102288,
s_exp_H2O,0,2,GATE,X_bandgap_chain,0.2402611025625773,0.6923509188740194,0.7809582973016965,5,20,0.7596556397169973,0.8662607739988055,X_bandgap_chain,0.9697543230102288,0.9697543230102288,True
s_exp_H2O,0,2,ALL3,X_bandgap_chain|s_sim_CO2|X_atomization_H,0.1971059216280475,0.7476101831441295,0.7809582973016965,5,20,0.7596556397169973,0.8662607739988055,X_bandgap_chain,0.9697543230102288,0.954774661876874,
s_exp_H2O,0,2,GATE_MAX,X_bandgap_chain,0.2402611025625773,0.6923509188740194,0.7809582973016965,5,20,0.7596556397169973,0.8662607739988055,X_bandgap_chain,0.9697543230102288,0.9697543230102288,True
s_exp_H2O,0,3,NONE,,0.5212404696535228,0.0,0.5212404696535228,5,20,0.733717329760521,0.8045746099946157,X_bandgap_chain,0.9683659618766268,,
s_exp_H2O,0,3,PHYS,s_sim_H2O,0.8831627009531654,-0.694347911128655,0.5212404696535228,5,20,0.733717329760521,0.8045746099946157,X_bandgap_chain,0.9683659618766268,0.8995380387449381,
s_exp_H2O,0,3,TOP,X_bandgap_chain,0.180702928005361,0.6533213775103124,0.5212404696535228,5,20,0.733717329760521,0.8045746099946157,X_bandgap_chain,0.9683659618766268,0.9683659618766268,
s_exp_H2O,0,3,GATE,X_bandgap_chain,0.180702928005361,0.6533213775103124,0.5212404696535228,5,20,0.733717329760521,0.8045746099946157,X_bandgap_chain,0.9683659618766268,0.9683659618766268,True
s_exp_H2O,0,3,ALL3,X_bandgap_chain|s_sim_CO2|s_sim_CH4,0.2927246699905705,0.4384076313469107,0.5212404696535228,5,20,0.733717329760521,0.8045746099946157,X_bandgap_chain,0.9683659618766268,0.961742746418798,
s_exp_H2O,0,3,GATE_MAX,X_bandgap_chain,0.180702928005361,0.6533213775103124,0.5212404696535228,5,20,0.733717329760521,0.8045746099946157,X_bandgap_chain,0.9683659618766268,0.9683659618766268,True
s_exp_H2O,0,4,NONE,,0.2100022510268976,0.0,0.2100022510268976,5,20,0.8023106481582487,0.8197025839139359,X_bandgap_chain,0.974539876651322,,
s_exp_H2O,0,4,PHYS,s_sim_H2O,0.1740718459641912,0.1710953329643325,0.2100022510268976,5,20,0.8023106481582487,0.8197025839139359,X_bandgap_chain,0.974539876651322,0.9009770290250276,
s_exp_H2O,0,4,TOP,X_bandgap_chain,0.1352287874222732,0.3560602957301025,0.2100022510268976,5,20,0.8023106481582487,0.8197025839139359,X_bandgap_chain,0.974539876651322,0.974539876651322,
s_exp_H2O,0,4,GATE,X_bandgap_chain,0.1352287874222732,0.3560602957301025,0.2100022510268976,5,20,0.8023106481582487,0.8197025839139359,X_bandgap_chain,0.974539876651322,0.974539876651322,True
s_exp_H2O,0,4,ALL3,X_bandgap_chain|s_sim_CO2|s_sim_O2,0.1455966963466127,0.3066898300629915,0.2100022510268976,5,20,0.8023106481582487,0.8197025839139359,X_bandgap_chain,0.974539876651322,0.9694339100702688,
s_exp_H2O,0,4,GATE_MAX,X_bandgap_chain,0.1352287874222732,0.3560602957301025,0.2100022510268976,5,20,0.8023106481582487,0.8197025839139359,X_bandgap_chain,0.974539876651322,0.974539876651322,True
s_exp_H2O,1,0,NONE,,0.1981713787103777,0.0,0.1981713787103777,5,20,0.7893797758372693,0.8793859862899962,X_bandgap_chain,0.9805096587798712,,
s_exp_H2O,1,0,PHYS,s_sim_H2O,0.4828489753232268,-1.436522258993302,0.1981713787103777,5,20,0.7893797758372693,0.8793859862899962,X_bandgap_chain,0.9805096587798712,0.921819429767698,
s_exp_H2O,1,0,TOP,X_bandgap_chain,0.2548290039315709,-0.2859021599884854,0.1981713787103777,5,20,0.7893797758372693,0.8793859862899962,X_bandgap_chain,0.9805096587798712,0.9805096587798712,
s_exp_H2O,1,0,GATE,X_bandgap_chain,0.2548290039315709,-0.2859021599884854,0.1981713787103777,5,20,0.7893797758372693,0.8793859862899962,X_bandgap_chain,0.9805096587798712,0.9805096587798712,True
s_exp_H2O,1,0,ALL3,X_bandgap_chain|s_sim_CO2|X_atomization_H,0.1624160562873812,0.1804262686957028,0.1981713787103777,5,20,0.7893797758372693,0.8793859862899962,X_bandgap_chain,0.9805096587798712,0.9711586810452184,
s_exp_H2O,1,0,GATE_MAX,X_bandgap_chain,0.2548290039315709,-0.2859021599884854,0.1981713787103777,5,20,0.7893797758372693,0.8793859862899962,X_bandgap_chain,0.9805096587798712,0.9805096587798712,True
s_exp_H2O,1,1,NONE,,0.2904188784386247,0.0,0.2904188784386247,5,20,0.7254847672626976,0.8366542903280916,X_bandgap_chain,0.9731179171063776,,
s_exp_H2O,1,1,PHYS,s_sim_H2O,0.3766063720728118,-0.2967695974089417,0.2904188784386247,5,20,0.7254847672626976,0.8366542903280916,X_bandgap_chain,0.9731179171063776,0.9108474729815328,
s_exp_H2O,1,1,TOP,X_bandgap_chain,0.1534656034812934,0.4715715303827058,0.2904188784386247,5,20,0.7254847672626976,0.8366542903280916,X_bandgap_chain,0.9731179171063776,0.9731179171063776,
s_exp_H2O,1,1,GATE,X_bandgap_chain,0.1534656034812934,0.4715715303827058,0.2904188784386247,5,20,0.7254847672626976,0.8366542903280916,X_bandgap_chain,0.9731179171063776,0.9731179171063776,True
s_exp_H2O,1,1,ALL3,X_bandgap_chain|X_atomization_H|s_sim_N2,0.2335512969649775,0.1958122756322994,0.2904188784386247,5,20,0.7254847672626976,0.8366542903280916,X_bandgap_chain,0.9731179171063776,0.9711124006609344,
s_exp_H2O,1,1,GATE_MAX,X_bandgap_chain,0.1534656034812934,0.4715715303827058,0.2904188784386247,5,20,0.7254847672626976,0.8366542903280916,X_bandgap_chain,0.9731179171063776,0.9731179171063776,True
s_exp_H2O,1,2,NONE,,1.7196106553584316,0.0,1.7196106553584316,5,20,0.6028081299009077,0.7129932534056259,s_sim_CO2,0.936472267335184,,
s_exp_H2O,1,2,PHYS,s_sim_H2O,0.3429262247377452,0.800579146407844,1.7196106553584316,5,20,0.6028081299009077,0.7129932534056259,s_sim_CO2,0.936472267335184,0.82418352468484,
s_exp_H2O,1,2,TOP,s_sim_CO2,0.3855219807913441,0.7758085648108601,1.7196106553584316,5,20,0.6028081299009077,0.7129932534056259,s_sim_CO2,0.936472267335184,0.936472267335184,
s_exp_H2O,1,2,GATE,s_sim_CO2,0.3855219807913441,0.7758085648108601,1.7196106553584316,5,20,0.6028081299009077,0.7129932534056259,s_sim_CO2,0.936472267335184,0.936472267335184,True
s_exp_H2O,1,2,ALL3,s_sim_CO2|d_sim_N2|X_bandgap_chain,0.2764323098786498,0.8392471522450348,1.7196106553584316,5,20,0.6028081299009077,0.7129932534056259,s_sim_CO2,0.936472267335184,0.9348473108209772,
s_exp_H2O,1,2,GATE_MAX,s_sim_CO2,0.3855219807913441,0.7758085648108601,1.7196106553584316,5,20,0.6028081299009077,0.7129932534056259,s_sim_CO2,0.936472267335184,0.936472267335184,True
s_exp_H2O,1,3,NONE,,0.3678018653432955,0.0,0.3678018653432955,5,20,0.8540100123880349,0.8622010348742548,X_bandgap_chain,0.9709074225052408,,
s_exp_H2O,1,3,PHYS,s_sim_H2O,0.4541522154230799,-0.2347740950122354,0.3678018653432955,5,20,0.8540100123880349,0.8622010348742548,X_bandgap_chain,0.9709074225052408,0.913852144719938,
s_exp_H2O,1,3,TOP,X_bandgap_chain,0.1897822533539098,0.4840095409065622,0.3678018653432955,5,20,0.8540100123880349,0.8622010348742548,X_bandgap_chain,0.9709074225052408,0.9709074225052408,
s_exp_H2O,1,3,GATE,X_bandgap_chain,0.1897822533539098,0.4840095409065622,0.3678018653432955,5,20,0.8540100123880349,0.8622010348742548,X_bandgap_chain,0.9709074225052408,0.9709074225052408,True
s_exp_H2O,1,3,ALL3,X_bandgap_chain|X_atomization_H|s_sim_CO2,0.2290254522394207,0.377312967062701,0.3678018653432955,5,20,0.8540100123880349,0.8622010348742548,X_bandgap_chain,0.9709074225052408,0.9669136711410689,
s_exp_H2O,1,3,GATE_MAX,X_bandgap_chain,0.1897822533539098,0.4840095409065622,0.3678018653432955,5,20,0.8540100123880349,0.8622010348742548,X_bandgap_chain,0.9709074225052408,0.9709074225052408,True
s_exp_H2O,1,4,NONE,,0.7711419720201917,0.0,0.7711419720201917,5,20,0.6637901693372601,0.7945594722916881,X_bandgap_chain,0.96409534167898,,
s_exp_H2O,1,4,PHYS,s_sim_H2O,0.6202738809063361,0.1956424323767781,0.7711419720201917,5,20,0.6637901693372601,0.7945594722916881,X_bandgap_chain,0.96409534167898,0.9317413021301404,
s_exp_H2O,1,4,TOP,X_bandgap_chain,0.185545916874695,0.7593881235790955,0.7711419720201917,5,20,0.6637901693372601,0.7945594722916881,X_bandgap_chain,0.96409534167898,0.96409534167898,
s_exp_H2O,1,4,GATE,X_bandgap_chain,0.185545916874695,0.7593881235790955,0.7711419720201917,5,20,0.6637901693372601,0.7945594722916881,X_bandgap_chain,0.96409534167898,0.96409534167898,True
s_exp_H2O,1,4,ALL3,X_bandgap_chain|s_sim_CO2|X_atomization_H,0.1519036537838752,0.8030146726601757,0.7711419720201917,5,20,0.6637901693372601,0.7945594722916881,X_bandgap_chain,0.96409534167898,0.9569778827088448,
s_exp_H2O,1,4,GATE_MAX,X_bandgap_chain,0.185545916874695,0.7593881235790955,0.7711419720201917,5,20,0.6637901693372601,0.7945594722916881,X_bandgap_chain,0.96409534167898,0.96409534167898,True
s_exp_H2O,2,0,NONE,,0.7623072626600448,0.0,0.7623072626600448,5,20,0.669001517148041,0.8016131283333826,X_bandgap_chain,0.9620149515343704,,
s_exp_H2O,2,0,PHYS,s_sim_H2O,0.3345051370963136,0.5611938210727921,0.7623072626600448,5,20,0.669001517148041,0.8016131283333826,X_bandgap_chain,0.9620149515343704,0.8960327554792737,
s_exp_H2O,2,0,TOP,X_bandgap_chain,0.3346004901069004,0.5610687363264472,0.7623072626600448,5,20,0.669001517148041,0.8016131283333826,X_bandgap_chain,0.9620149515343704,0.9620149515343704,
s_exp_H2O,2,0,GATE,X_bandgap_chain,0.3346004901069004,0.5610687363264472,0.7623072626600448,5,20,0.669001517148041,0.8016131283333826,X_bandgap_chain,0.9620149515343704,0.9620149515343704,True
s_exp_H2O,2,0,ALL3,X_bandgap_chain|X_atomization_H|s_sim_CO2,0.2844193813042023,0.6268966659038105,0.7623072626600448,5,20,0.669001517148041,0.8016131283333826,X_bandgap_chain,0.9620149515343704,0.954413995327779,
s_exp_H2O,2,0,GATE_MAX,X_bandgap_chain,0.3346004901069004,0.5610687363264472,0.7623072626600448,5,20,0.669001517148041,0.8016131283333826,X_bandgap_chain,0.9620149515343704,0.9620149515343704,True
s_exp_H2O,2,1,NONE,,0.2758474865743978,0.0,0.2758474865743978,5,20,0.7383166606808237,0.8310474305155321,s_sim_CO2,0.9692622279748522,,
s_exp_H2O,2,1,PHYS,s_sim_H2O,0.5102977405397076,-0.8499270987632402,0.2758474865743978,5,20,0.7383166606808237,0.8310474305155321,s_sim_CO2,0.9692622279748522,0.9395600763515288,
s_exp_H2O,2,1,TOP,s_sim_CO2,0.4089935522872767,-0.4826800032378349,0.2758474865743978,5,20,0.7383166606808237,0.8310474305155321,s_sim_CO2,0.9692622279748522,0.9692622279748522,
s_exp_H2O,2,1,GATE,s_sim_CO2,0.4089935522872767,-0.4826800032378349,0.2758474865743978,5,20,0.7383166606808237,0.8310474305155321,s_sim_CO2,0.9692622279748522,0.9692622279748522,True
s_exp_H2O,2,1,ALL3,s_sim_CO2|X_bandgap_chain|X_atomization_H,0.2741505428483613,0.0061517461953701,0.2758474865743978,5,20,0.7383166606808237,0.8310474305155321,s_sim_CO2,0.9692622279748522,0.9676323415874528,
s_exp_H2O,2,1,GATE_MAX,s_sim_CO2,0.4089935522872767,-0.4826800032378349,0.2758474865743978,5,20,0.7383166606808237,0.8310474305155321,s_sim_CO2,0.9692622279748522,0.9692622279748522,True
s_exp_H2O,2,2,NONE,,0.8380895112150608,0.0,0.8380895112150608,5,20,0.6656631940555385,0.759064123804239,X_bandgap_chain,0.95769107309261,,
s_exp_H2O,2,2,PHYS,s_sim_H2O,0.4794193159421303,0.4279616800751164,0.8380895112150608,5,20,0.6656631940555385,0.759064123804239,X_bandgap_chain,0.95769107309261,0.9230946071308884,
s_exp_H2O,2,2,TOP,X_bandgap_chain,0.1876003334733633,0.7761571634497839,0.8380895112150608,5,20,0.6656631940555385,0.759064123804239,X_bandgap_chain,0.95769107309261,0.95769107309261,
s_exp_H2O,2,2,GATE,X_bandgap_chain,0.1876003334733633,0.7761571634497839,0.8380895112150608,5,20,0.6656631940555385,0.759064123804239,X_bandgap_chain,0.95769107309261,0.95769107309261,True
s_exp_H2O,2,2,ALL3,X_bandgap_chain|s_sim_CO2|d_sim_N2,0.3637897261974348,0.565929746966988,0.8380895112150608,5,20,0.6656631940555385,0.759064123804239,X_bandgap_chain,0.95769107309261,0.95286171478179,
s_exp_H2O,2,2,GATE_MAX,X_bandgap_chain,0.1876003334733633,0.7761571634497839,0.8380895112150608,5,20,0.6656631940555385,0.759064123804239,X_bandgap_chain,0.95769107309261,0.95769107309261,True
s_exp_H2O,2,3,NONE,,0.5474367895513148,0.0,0.5474367895513148,5,20,0.693990933135087,0.7937343413795235,X_bandgap_chain,0.9688145668603586,,
s_exp_H2O,2,3,PHYS,s_sim_H2O,0.839033365184687,-0.5326579820701636,0.5474367895513148,5,20,0.693990933135087,0.7937343413795235,X_bandgap_chain,0.9688145668603586,0.9264814037682232,
s_exp_H2O,2,3,TOP,X_bandgap_chain,0.249748045906846,0.5437865144000602,0.5474367895513148,5,20,0.693990933135087,0.7937343413795235,X_bandgap_chain,0.9688145668603586,0.9688145668603586,
s_exp_H2O,2,3,GATE,X_bandgap_chain,0.249748045906846,0.5437865144000602,0.5474367895513148,5,20,0.693990933135087,0.7937343413795235,X_bandgap_chain,0.9688145668603586,0.9688145668603586,True
s_exp_H2O,2,3,ALL3,X_bandgap_chain|s_sim_CO2|X_atomization_H,0.1914163951701016,0.6503406442102866,0.5474367895513148,5,20,0.693990933135087,0.7937343413795235,X_bandgap_chain,0.9688145668603586,0.9659739578929498,
s_exp_H2O,2,3,GATE_MAX,X_bandgap_chain,0.249748045906846,0.5437865144000602,0.5474367895513148,5,20,0.693990933135087,0.7937343413795235,X_bandgap_chain,0.9688145668603586,0.9688145668603586,True
s_exp_H2O,2,4,NONE,,0.2530539593482309,0.0,0.2530539593482309,5,20,0.8678518144575875,0.9137060444545526,X_bandgap_chain,0.981422173479592,,
s_exp_H2O,2,4,PHYS,s_sim_H2O,0.2317252808439832,0.0842851009293912,0.2530539593482309,5,20,0.8678518144575875,0.9137060444545526,X_bandgap_chain,0.981422173479592,0.9175771341453518,
s_exp_H2O,2,4,TOP,X_bandgap_chain,0.3703741990257228,-0.4636174829260264,0.2530539593482309,5,20,0.8678518144575875,0.9137060444545526,X_bandgap_chain,0.981422173479592,0.981422173479592,
s_exp_H2O,2,4,GATE,X_bandgap_chain,0.3703741990257228,-0.4636174829260264,0.2530539593482309,5,20,0.8678518144575875,0.9137060444545526,X_bandgap_chain,0.981422173479592,0.981422173479592,True
s_exp_H2O,2,4,ALL3,X_bandgap_chain|X_atomization_H|s_sim_CO2,0.2011725858850456,0.2050209907673905,0.2530539593482309,5,20,0.8678518144575875,0.9137060444545526,X_bandgap_chain,0.981422173479592,0.9663363704276088,
s_exp_H2O,2,4,GATE_MAX,X_bandgap_chain,0.3703741990257228,-0.4636174829260264,0.2530539593482309,5,20,0.8678518144575875,0.9137060444545526,X_bandgap_chain,0.981422173479592,0.981422173479592,True
d_exp_H2O,0,0,NONE,,0.8703408061668009,0.0,0.8703408061668009,9,36,0.3904780816633248,0.4353875731551469,p_exp_He,0.6648023089919863,,
d_exp_H2O,0,0,PHYS,d_exp_He,0.8436719923250704,0.0306418056613783,0.8703408061668009,9,36,0.3904780816633248,0.4353875731551469,p_exp_He,0.6648023089919863,0.1515615954359716,
d_exp_H2O,0,0,TOP,p_exp_He,0.8921857321472456,-0.0250992781513431,0.8703408061668009,9,36,0.3904780816633248,0.4353875731551469,p_exp_He,0.6648023089919863,0.6648023089919863,
d_exp_H2O,0,0,GATE,p_exp_He,0.8921857321472456,-0.0250992781513431,0.8703408061668009,9,36,0.3904780816633248,0.4353875731551469,p_exp_He,0.6648023089919863,0.6648023089919863,True
d_exp_H2O,0,0,ALL3,p_exp_He|p_exp_H2|d_exp_H2,0.9479566405216904,-0.0891786686375527,0.8703408061668009,9,36,0.3904780816633248,0.4353875731551469,p_exp_He,0.6648023089919863,0.6215169359538205,
d_exp_H2O,0,0,GATE_MAX,p_exp_He,0.8921857321472456,-0.0250992781513431,0.8703408061668009,9,36,0.3904780816633248,0.4353875731551469,p_exp_He,0.6648023089919863,0.6648023089919863,True
d_exp_H2O,0,1,NONE,,0.7414938058069003,0.0,0.7414938058069003,9,36,0.4250298401304975,0.4420507014322417,p_exp_He,0.644168489139725,,
d_exp_H2O,0,1,PHYS,d_exp_He,0.6865892917465858,0.0740458162028297,0.7414938058069003,9,36,0.4250298401304975,0.4420507014322417,p_exp_He,0.644168489139725,0.1373819639807795,
d_exp_H2O,0,1,TOP,p_exp_He,0.6221641032418294,0.1609314894211628,0.7414938058069003,9,36,0.4250298401304975,0.4420507014322417,p_exp_He,0.644168489139725,0.644168489139725,
d_exp_H2O,0,1,GATE,p_exp_He,0.6221641032418294,0.1609314894211628,0.7414938058069003,9,36,0.4250298401304975,0.4420507014322417,p_exp_He,0.644168489139725,0.644168489139725,True
d_exp_H2O,0,1,ALL3,p_exp_He|p_exp_H2|p_exp_CO2,0.7304734138437794,0.0148624194522142,0.7414938058069003,9,36,0.4250298401304975,0.4420507014322417,p_exp_He,0.644168489139725,0.6334229943994418,
d_exp_H2O,0,1,GATE_MAX,p_exp_He,0.6221641032418294,0.1609314894211628,0.7414938058069003,9,36,0.4250298401304975,0.4420507014322417,p_exp_He,0.644168489139725,0.644168489139725,True
d_exp_H2O,0,2,NONE,,0.9178284817589234,0.0,0.9178284817589234,9,36,0.4192028565742046,0.4425237451641295,p_exp_He,0.7105712167703689,,
d_exp_H2O,0,2,PHYS,d_exp_He,1.0871916463889275,-0.1845259413887847,0.9178284817589234,9,36,0.4192028565742046,0.4425237451641295,p_exp_He,0.7105712167703689,0.26599874148015,
d_exp_H2O,0,2,TOP,p_exp_He,0.9695876101762144,-0.0563930292488854,0.9178284817589234,9,36,0.4192028565742046,0.4425237451641295,p_exp_He,0.7105712167703689,0.7105712167703689,
d_exp_H2O,0,2,GATE,p_exp_He,0.9695876101762144,-0.0563930292488854,0.9178284817589234,9,36,0.4192028565742046,0.4425237451641295,p_exp_He,0.7105712167703689,0.7105712167703689,True
d_exp_H2O,0,2,ALL3,p_exp_He|p_exp_O2|p_exp_CO2,0.9780300065058424,-0.0655912580001318,0.9178284817589234,9,36,0.4192028565742046,0.4425237451641295,p_exp_He,0.7105712167703689,0.665833336439418,
d_exp_H2O,0,2,GATE_MAX,p_exp_He,0.9695876101762144,-0.0563930292488854,0.9178284817589234,9,36,0.4192028565742046,0.4425237451641295,p_exp_He,0.7105712167703689,0.7105712167703689,True
d_exp_H2O,0,3,NONE,,0.5792937093483846,0.0,0.5792937093483846,9,36,0.3349445076296373,0.3428749787276583,p_exp_He,0.56410877374537,,
d_exp_H2O,0,3,PHYS,d_exp_He,0.6167628263268916,-0.0646806902506396,0.5792937093483846,9,36,0.3349445076296373,0.3428749787276583,p_exp_He,0.56410877374537,0.1555551635048273,
d_exp_H2O,0,3,TOP,p_exp_He,0.4368744086872351,0.2458499002541371,0.5792937093483846,9,36,0.3349445076296373,0.3428749787276583,p_exp_He,0.56410877374537,0.56410877374537,
d_exp_H2O,0,3,GATE,p_exp_He,0.4368744086872351,0.2458499002541371,0.5792937093483846,9,36,0.3349445076296373,0.3428749787276583,p_exp_He,0.56410877374537,0.56410877374537,True
d_exp_H2O,0,3,ALL3,p_exp_He|d_exp_H2|p_exp_O2,0.4878412751589472,0.1578688542851729,0.5792937093483846,9,36,0.3349445076296373,0.3428749787276583,p_exp_He,0.56410877374537,0.5142292355841855,
d_exp_H2O,0,3,GATE_MAX,p_exp_He,0.4368744086872351,0.2458499002541371,0.5792937093483846,9,36,0.3349445076296373,0.3428749787276583,p_exp_He,0.56410877374537,0.56410877374537,True
d_exp_H2O,0,4,NONE,,0.8744947655522043,0.0,0.8744947655522043,9,36,0.4024096143825328,0.4328960594797029,p_exp_He,0.5969978884337265,,
d_exp_H2O,0,4,PHYS,d_exp_He,0.8692769130756901,0.0059667052131745,0.8744947655522043,9,36,0.4024096143825328,0.4328960594797029,p_exp_He,0.5969978884337265,0.1842544562455347,
d_exp_H2O,0,4,TOP,p_exp_He,0.7267362748319386,0.1689644084112531,0.8744947655522043,9,36,0.4024096143825328,0.4328960594797029,p_exp_He,0.5969978884337265,0.5969978884337265,
d_exp_H2O,0,4,GATE,p_exp_He,0.7267362748319386,0.1689644084112531,0.8744947655522043,9,36,0.4024096143825328,0.4328960594797029,p_exp_He,0.5969978884337265,0.5969978884337265,True
d_exp_H2O,0,4,ALL3,p_exp_He|p_exp_O2|p_exp_N2,0.7303920497362169,0.1647839661167017,0.8744947655522043,9,36,0.4024096143825328,0.4328960594797029,p_exp_He,0.5969978884337265,0.5463823413726575,
d_exp_H2O,0,4,GATE_MAX,p_exp_He,0.7267362748319386,0.1689644084112531,0.8744947655522043,9,36,0.4024096143825328,0.4328960594797029,p_exp_He,0.5969978884337265,0.5969978884337265,True
d_exp_H2O,1,0,NONE,,0.600374545181419,0.0,0.600374545181419,9,36,0.3401383678241827,0.3484019387167252,d_exp_H2,0.6316321754596519,,
d_exp_H2O,1,0,PHYS,d_exp_He,0.5180070409285764,0.1371935317943119,0.600374545181419,9,36,0.3401383678241827,0.3484019387167252,d_exp_H2,0.6316321754596519,0.1778910905398698,
d_exp_H2O,1,0,TOP,d_exp_H2,0.6238120575969776,-0.0390381514400753,0.600374545181419,9,36,0.3401383678241827,0.3484019387167252,d_exp_H2,0.6316321754596519,0.6316321754596519,
d_exp_H2O,1,0,GATE,d_exp_H2,0.6238120575969776,-0.0390381514400753,0.600374545181419,9,36,0.3401383678241827,0.3484019387167252,d_exp_H2,0.6316321754596519,0.6316321754596519,True
d_exp_H2O,1,0,ALL3,d_exp_H2|p_exp_He|p_exp_H2,0.5632676319255288,0.061806273356705,0.600374545181419,9,36,0.3401383678241827,0.3484019387167252,d_exp_H2,0.6316321754596519,0.6200066302947266,
d_exp_H2O,1,0,GATE_MAX,d_exp_H2,0.6238120575969776,-0.0390381514400753,0.600374545181419,9,36,0.3401383678241827,0.3484019387167252,d_exp_H2,0.6316321754596519,0.6316321754596519,True
d_exp_H2O,1,1,NONE,,0.935677999127436,0.0,0.935677999127436,9,36,0.2809429012287715,0.2818777202828391,d_exp_H2,0.6227321728092294,,
d_exp_H2O,1,1,PHYS,d_exp_He,0.9920886378411556,-0.0602885167400807,0.935677999127436,9,36,0.2809429012287715,0.2818777202828391,d_exp_H2,0.6227321728092294,0.2586296356265181,
d_exp_H2O,1,1,TOP,d_exp_H2,0.9486775035380676,-0.0138931389032917,0.935677999127436,9,36,0.2809429012287715,0.2818777202828391,d_exp_H2,0.6227321728092294,0.6227321728092294,
d_exp_H2O,1,1,GATE,d_exp_H2,0.9486775035380676,-0.0138931389032917,0.935677999127436,9,36,0.2809429012287715,0.2818777202828391,d_exp_H2,0.6227321728092294,0.6227321728092294,True
d_exp_H2O,1,1,ALL3,d_exp_H2|p_exp_He|p_exp_H2,0.78755440929844,0.1583061587075128,0.935677999127436,9,36,0.2809429012287715,0.2818777202828391,d_exp_H2,0.6227321728092294,0.6196459468236513,
d_exp_H2O,1,1,GATE_MAX,d_exp_H2,0.9486775035380676,-0.0138931389032917,0.935677999127436,9,36,0.2809429012287715,0.2818777202828391,d_exp_H2,0.6227321728092294,0.6227321728092294,True
d_exp_H2O,1,2,NONE,,0.7184527414170576,0.0,0.7184527414170576,9,36,0.3762429472849034,0.4727852879087255,p_exp_He,0.6582142039674422,,
d_exp_H2O,1,2,PHYS,d_exp_He,0.948306028955141,-0.3199281933070876,0.7184527414170576,9,36,0.3762429472849034,0.4727852879087255,p_exp_He,0.6582142039674422,0.2809162443624543,
d_exp_H2O,1,2,TOP,p_exp_He,0.8313665556355159,-0.1571624794635064,0.7184527414170576,9,36,0.3762429472849034,0.4727852879087255,p_exp_He,0.6582142039674422,0.6582142039674422,
d_exp_H2O,1,2,GATE,p_exp_He,0.8313665556355159,-0.1571624794635064,0.7184527414170576,9,36,0.3762429472849034,0.4727852879087255,p_exp_He,0.6582142039674422,0.6582142039674422,True
d_exp_H2O,1,2,ALL3,p_exp_He|p_exp_O2|p_exp_H2,0.7996673811194548,-0.1130410325141379,0.7184527414170576,9,36,0.3762429472849034,0.4727852879087255,p_exp_He,0.6582142039674422,0.6428961349586997,
d_exp_H2O,1,2,GATE_MAX,p_exp_He,0.8313665556355159,-0.1571624794635064,0.7184527414170576,9,36,0.3762429472849034,0.4727852879087255,p_exp_He,0.6582142039674422,0.6582142039674422,True
d_exp_H2O,1,3,NONE,,0.6932202445822866,0.0,0.6932202445822866,9,36,0.3791915549048869,0.4674853695007457,p_exp_He,0.6248082538953134,,
d_exp_H2O,1,3,PHYS,d_exp_He,0.719032774851003,-0.0372356844313891,0.6932202445822866,9,36,0.3791915549048869,0.4674853695007457,p_exp_He,0.6248082538953134,0.1789456932688544,
d_exp_H2O,1,3,TOP,p_exp_He,0.6746487653682703,0.0267901570376192,0.6932202445822866,9,36,0.3791915549048869,0.4674853695007457,p_exp_He,0.6248082538953134,0.6248082538953134,
d_exp_H2O,1,3,GATE,p_exp_He,0.6746487653682703,0.0267901570376192,0.6932202445822866,9,36,0.3791915549048869,0.4674853695007457,p_exp_He,0.6248082538953134,0.6248082538953134,True
d_exp_H2O,1,3,ALL3,p_exp_He|p_exp_O2|p_exp_H2,0.6709618175538669,0.0321087377386561,0.6932202445822866,9,36,0.3791915549048869,0.4674853695007457,p_exp_He,0.6248082538953134,0.5929457627971972,
d_exp_H2O,1,3,GATE_MAX,p_exp_He,0.6746487653682703,0.0267901570376192,0.6932202445822866,9,36,0.3791915549048869,0.4674853695007457,p_exp_He,0.6248082538953134,0.6248082538953134,True
d_exp_H2O,1,4,NONE,,0.8938102500514208,0.0,0.8938102500514208,9,36,0.3362271689081804,0.3841711987801665,p_exp_He,0.6250315766607437,,
d_exp_H2O,1,4,PHYS,d_exp_He,0.895207910080426,-0.0015637100032415,0.8938102500514208,9,36,0.3362271689081804,0.3841711987801665,p_exp_He,0.6250315766607437,0.1587458005286793,
d_exp_H2O,1,4,TOP,p_exp_He,0.7548913448083712,0.1554232626388628,0.8938102500514208,9,36,0.3362271689081804,0.3841711987801665,p_exp_He,0.6250315766607437,0.6250315766607437,
d_exp_H2O,1,4,GATE,p_exp_He,0.7548913448083712,0.1554232626388628,0.8938102500514208,9,36,0.3362271689081804,0.3841711987801665,p_exp_He,0.6250315766607437,0.6250315766607437,True
d_exp_H2O,1,4,ALL3,p_exp_He|p_exp_H2|p_exp_O2,0.684246930140464,0.2344606362467879,0.8938102500514208,9,36,0.3362271689081804,0.3841711987801665,p_exp_He,0.6250315766607437,0.5942698923709049,
d_exp_H2O,1,4,GATE_MAX,p_exp_He,0.7548913448083712,0.1554232626388628,0.8938102500514208,9,36,0.3362271689081804,0.3841711987801665,p_exp_He,0.6250315766607437,0.6250315766607437,True
d_exp_H2O,2,0,NONE,,1.0802053152438449,0.0,1.0802053152438449,9,36,0.4274395989438764,0.4753171422503476,p_exp_O2,0.72443935086786,,
d_exp_H2O,2,0,PHYS,d_exp_He,1.192998084459823,-0.1044178987311465,1.0802053152438449,9,36,0.4274395989438764,0.4753171422503476,p_exp_O2,0.72443935086786,0.4628325579067116,
d_exp_H2O,2,0,TOP,p_exp_O2,1.044564418300322,0.0329945580164798,1.0802053152438449,9,36,0.4274395989438764,0.4753171422503476,p_exp_O2,0.72443935086786,0.72443935086786,
d_exp_H2O,2,0,GATE,p_exp_O2,1.044564418300322,0.0329945580164798,1.0802053152438449,9,36,0.4274395989438764,0.4753171422503476,p_exp_O2,0.72443935086786,0.72443935086786,True
d_exp_H2O,2,0,ALL3,p_exp_O2|p_exp_He|p_exp_CO2,0.979815772504119,0.0929356126312561,1.0802053152438449,9,36,0.4274395989438764,0.4753171422503476,p_exp_O2,0.72443935086786,0.6956601504278807,
d_exp_H2O,2,0,GATE_MAX,p_exp_O2,1.044564418300322,0.0329945580164798,1.0802053152438449,9,36,0.4274395989438764,0.4753171422503476,p_exp_O2,0.72443935086786,0.72443935086786,True
d_exp_H2O,2,1,NONE,,0.7740031766499891,0.0,0.7740031766499891,9,36,0.3770614224540303,0.3988737981536399,p_exp_He,0.6192746388878761,,
d_exp_H2O,2,1,PHYS,d_exp_He,0.7175924713855327,0.0728817490240944,0.7740031766499891,9,36,0.3770614224540303,0.3988737981536399,p_exp_He,0.6192746388878761,0.2424803250855013,
d_exp_H2O,2,1,TOP,p_exp_He,0.604519317785284,0.2189704951835709,0.7740031766499891,9,36,0.3770614224540303,0.3988737981536399,p_exp_He,0.6192746388878761,0.6192746388878761,
d_exp_H2O,2,1,GATE,p_exp_He,0.604519317785284,0.2189704951835709,0.7740031766499891,9,36,0.3770614224540303,0.3988737981536399,p_exp_He,0.6192746388878761,0.6192746388878761,True
d_exp_H2O,2,1,ALL3,p_exp_He|p_exp_O2|X_CED,0.6774977702850415,0.1246834758258209,0.7740031766499891,9,36,0.3770614224540303,0.3988737981536399,p_exp_He,0.6192746388878761,0.5477807756207025,
d_exp_H2O,2,1,GATE_MAX,p_exp_He,0.604519317785284,0.2189704951835709,0.7740031766499891,9,36,0.3770614224540303,0.3988737981536399,p_exp_He,0.6192746388878761,0.6192746388878761,True
d_exp_H2O,2,2,NONE,,0.6776251810535321,0.0,0.6776251810535321,9,36,0.3627339511028462,0.4009693637293522,p_exp_He,0.7106660101749349,,
d_exp_H2O,2,2,PHYS,d_exp_He,0.5888144871583221,0.131061678902092,0.6776251810535321,9,36,0.3627339511028462,0.4009693637293522,p_exp_He,0.7106660101749349,0.220211374660247,
d_exp_H2O,2,2,TOP,p_exp_He,0.8175314906925566,-0.2064656295999896,0.6776251810535321,9,36,0.3627339511028462,0.4009693637293522,p_exp_He,0.7106660101749349,0.7106660101749349,
d_exp_H2O,2,2,GATE,p_exp_He,0.8175314906925566,-0.2064656295999896,0.6776251810535321,9,36,0.3627339511028462,0.4009693637293522,p_exp_He,0.7106660101749349,0.7106660101749349,True
d_exp_H2O,2,2,ALL3,p_exp_He|p_exp_H2|p_exp_O2,0.9097472455452534,-0.3425523002714148,0.6776251810535321,9,36,0.3627339511028462,0.4009693637293522,p_exp_He,0.7106660101749349,0.6308328530455275,
d_exp_H2O,2,2,GATE_MAX,p_exp_He,0.8175314906925566,-0.2064656295999896,0.6776251810535321,9,36,0.3627339511028462,0.4009693637293522,p_exp_He,0.7106660101749349,0.7106660101749349,True
d_exp_H2O,2,3,NONE,,0.7267417494020941,0.0,0.7267417494020941,9,36,0.3288039815574123,0.3487150777378723,p_exp_He,0.6503985848117988,,
d_exp_H2O,2,3,PHYS,d_exp_He,0.6364935833530945,0.124181892843295,0.7267417494020941,9,36,0.3288039815574123,0.3487150777378723,p_exp_He,0.6503985848117988,0.3182592365400368,
d_exp_H2O,2,3,TOP,p_exp_He,0.5437822228413303,0.2517531526313006,0.7267417494020941,9,36,0.3288039815574123,0.3487150777378723,p_exp_He,0.6503985848117988,0.6503985848117988,
d_exp_H2O,2,3,GATE,p_exp_He,0.5437822228413303,0.2517531526313006,0.7267417494020941,9,36,0.3288039815574123,0.3487150777378723,p_exp_He,0.6503985848117988,0.6503985848117988,True
d_exp_H2O,2,3,ALL3,p_exp_He|p_exp_O2|p_exp_CO2,0.516261209759371,0.2896221936002576,0.7267417494020941,9,36,0.3288039815574123,0.3487150777378723,p_exp_He,0.6503985848117988,0.6019044285508658,
d_exp_H2O,2,3,GATE_MAX,p_exp_He,0.5437822228413303,0.2517531526313006,0.7267417494020941,9,36,0.3288039815574123,0.3487150777378723,p_exp_He,0.6503985848117988,0.6503985848117988,True
d_exp_H2O,2,4,NONE,,0.8475862340982007,0.0,0.8475862340982007,9,36,0.2278361852425526,0.2647297547088155,p_exp_He,0.6529583862682617,,
d_exp_H2O,2,4,PHYS,d_exp_He,0.7705579456600659,0.0908795888126828,0.8475862340982007,9,36,0.2278361852425526,0.2647297547088155,p_exp_He,0.6529583862682617,0.1918590611450051,
d_exp_H2O,2,4,TOP,p_exp_He,0.6009823868478733,0.290948386523413,0.8475862340982007,9,36,0.2278361852425526,0.2647297547088155,p_exp_He,0.6529583862682617,0.6529583862682617,
d_exp_H2O,2,4,GATE,p_exp_He,0.6009823868478733,0.290948386523413,0.8475862340982007,9,36,0.2278361852425526,0.2647297547088155,p_exp_He,0.6529583862682617,0.6529583862682617,True
d_exp_H2O,2,4,ALL3,p_exp_He|p_exp_O2|p_exp_H2,0.5789204180895505,0.3169775595689095,0.8475862340982007,9,36,0.2278361852425526,0.2647297547088155,p_exp_He,0.6529583862682617,0.5958665291282369,
d_exp_H2O,2,4,GATE_MAX,p_exp_He,0.6009823868478733,0.290948386523413,0.8475862340982007,9,36,0.2278361852425526,0.2647297547088155,p_exp_He,0.6529583862682617,0.6529583862682617,True
s_exp_He,0,0,NONE,,0.2618087047593704,0.0,0.2618087047593704,8,30,0.4137879320248406,0.444900392025234,s_sim_CH4,0.5971617143043009,,
s_exp_He,0,0,PHYS,s_exp_H2,0.2687423600139222,-0.0264836696737208,0.2618087047593704,8,30,0.4137879320248406,0.444900392025234,s_sim_CH4,0.5971617143043009,0.4497830505406113,
s_exp_He,0,0,TOP,s_sim_CH4,0.2679330917839664,-0.023392602741093,0.2618087047593704,8,30,0.4137879320248406,0.444900392025234,s_sim_CH4,0.5971617143043009,0.5971617143043009,
s_exp_He,0,0,GATE,s_sim_CH4,0.2679330917839664,-0.023392602741093,0.2618087047593704,8,30,0.4137879320248406,0.444900392025234,s_sim_CH4,0.5971617143043009,0.5971617143043009,True
s_exp_He,0,0,ALL3,s_sim_CH4|s_sim_N2|s_sim_O2,0.2743906042302123,-0.0480576055804025,0.2618087047593704,8,30,0.4137879320248406,0.444900392025234,s_sim_CH4,0.5971617143043009,0.5868665204641714,
s_exp_He,0,0,GATE_MAX,s_sim_CH4,0.2679330917839664,-0.023392602741093,0.2618087047593704,8,30,0.4137879320248406,0.444900392025234,s_sim_CH4,0.5971617143043009,0.5971617143043009,True
s_exp_He,0,1,NONE,,0.5192725042997879,0.0,0.5192725042997879,8,30,0.5444867619728276,0.5602502912251288,s_sim_CH4,0.7373058448245744,,
s_exp_He,0,1,PHYS,s_exp_H2,0.6056313197970936,-0.1663073141408789,0.5192725042997879,8,30,0.5444867619728276,0.5602502912251288,s_sim_CH4,0.7373058448245744,0.7327921741783785,
s_exp_He,0,1,TOP,s_sim_CH4,0.5087088652675693,0.0203431511292189,0.5192725042997879,8,30,0.5444867619728276,0.5602502912251288,s_sim_CH4,0.7373058448245744,0.7373058448245744,
s_exp_He,0,1,GATE,s_sim_CH4,0.5087088652675693,0.0203431511292189,0.5192725042997879,8,30,0.5444867619728276,0.5602502912251288,s_sim_CH4,0.7373058448245744,0.7373058448245744,True
s_exp_He,0,1,ALL3,s_sim_CH4|s_exp_H2|s_sim_CO2,0.5495334081114552,-0.0582755750807037,0.5192725042997879,8,30,0.5444867619728276,0.5602502912251288,s_sim_CH4,0.7373058448245744,0.7318239788560256,
s_exp_He,0,1,GATE_MAX,s_sim_CH4,0.5087088652675693,0.0203431511292189,0.5192725042997879,8,30,0.5444867619728276,0.5602502912251288,s_sim_CH4,0.7373058448245744,0.7373058448245744,True
s_exp_He,0,2,NONE,,0.2233400712934709,0.0,0.2233400712934709,8,30,0.3425856803283036,0.3453967760248205,s_sim_CH4,0.576881818095247,,
s_exp_He,0,2,PHYS,s_exp_H2,0.2153009692908844,0.035994893151185,0.2233400712934709,8,30,0.3425856803283036,0.3453967760248205,s_sim_CH4,0.576881818095247,0.443366511606507,
s_exp_He,0,2,TOP,s_sim_CH4,0.2398666114194869,-0.0739972009066837,0.2233400712934709,8,30,0.3425856803283036,0.3453967760248205,s_sim_CH4,0.576881818095247,0.576881818095247,
s_exp_He,0,2,GATE,s_sim_CH4,0.2398666114194869,-0.0739972009066837,0.2233400712934709,8,30,0.3425856803283036,0.3453967760248205,s_sim_CH4,0.576881818095247,0.576881818095247,True
s_exp_He,0,2,ALL3,s_sim_CH4|s_exp_CH4|s_sim_N2,0.2521436070284288,-0.1289671645940768,0.2233400712934709,8,30,0.3425856803283036,0.3453967760248205,s_sim_CH4,0.576881818095247,0.5534464760097059,
s_exp_He,0,2,GATE_MAX,s_sim_CH4,0.2398666114194869,-0.0739972009066837,0.2233400712934709,8,30,0.3425856803283036,0.3453967760248205,s_sim_CH4,0.576881818095247,0.576881818095247,True
s_exp_He,0,3,NONE,,0.1482491394475008,0.0,0.1482491394475008,7,31,0.3872181095735575,0.4644255305150537,s_sim_CH4,0.5880723106223205,,
s_exp_He,0,3,PHYS,s_exp_H2,0.1180695025118251,0.2035737748505657,0.1482491394475008,7,31,0.3872181095735575,0.4644255305150537,s_sim_CH4,0.5880723106223205,0.4399955980170953,
s_exp_He,0,3,TOP,s_sim_CH4,0.17131289353092,-0.1555742864300862,0.1482491394475008,7,31,0.3872181095735575,0.4644255305150537,s_sim_CH4,0.5880723106223205,0.5880723106223205,
s_exp_He,0,3,GATE,s_sim_CH4,0.17131289353092,-0.1555742864300862,0.1482491394475008,7,31,0.3872181095735575,0.4644255305150537,s_sim_CH4,0.5880723106223205,0.5880723106223205,True
s_exp_He,0,3,ALL3,s_sim_CH4|s_sim_N2|s_sim_O2,0.1666625606482947,-0.1242059230118815,0.1482491394475008,7,31,0.3872181095735575,0.4644255305150537,s_sim_CH4,0.5880723106223205,0.5679466062386989,
s_exp_He,0,3,GATE_MAX,s_sim_CH4,0.17131289353092,-0.1555742864300862,0.1482491394475008,7,31,0.3872181095735575,0.4644255305150537,s_sim_CH4,0.5880723106223205,0.5880723106223205,True
s_exp_He,0,4,NONE,,0.4149340558186167,0.0,0.4149340558186167,7,31,0.3376431012699655,0.4027423093076035,s_sim_CH4,0.5992515236693036,,
s_exp_He,0,4,PHYS,s_exp_H2,0.4076873210908278,0.0174647865755243,0.4149340558186167,7,31,0.3376431012699655,0.4027423093076035,s_sim_CH4,0.5992515236693036,0.458477133058315,
s_exp_He,0,4,TOP,s_sim_CH4,0.4181299078024092,-0.0077020720256077,0.4149340558186167,7,31,0.3376431012699655,0.4027423093076035,s_sim_CH4,0.5992515236693036,0.5992515236693036,
s_exp_He,0,4,GATE,s_sim_CH4,0.4181299078024092,-0.0077020720256077,0.4149340558186167,7,31,0.3376431012699655,0.4027423093076035,s_sim_CH4,0.5992515236693036,0.5992515236693036,True
s_exp_He,0,4,ALL3,s_sim_CH4|s_exp_CH4|s_sim_N2,0.4264417744779795,-0.027733849506904,0.4149340558186167,7,31,0.3376431012699655,0.4027423093076035,s_sim_CH4,0.5992515236693036,0.5773081447607114,
s_exp_He,0,4,GATE_MAX,s_sim_CH4,0.4181299078024092,-0.0077020720256077,0.4149340558186167,7,31,0.3376431012699655,0.4027423093076035,s_sim_CH4,0.5992515236693036,0.5992515236693036,True
s_exp_He,1,0,NONE,,0.2439017504931461,0.0,0.2439017504931461,8,30,0.3881848915757592,0.3994999785932864,s_sim_O2,0.6177519332500158,,
s_exp_He,1,0,PHYS,s_exp_H2,0.2580687123117703,-0.0580847074282165,0.2439017504931461,8,30,0.3881848915757592,0.3994999785932864,s_sim_O2,0.6177519332500158,0.4307254263241494,
s_exp_He,1,0,TOP,s_sim_O2,0.243919436968885,-7.251475523698106e-05,0.2439017504931461,8,30,0.3881848915757592,0.3994999785932864,s_sim_O2,0.6177519332500158,0.6177519332500158,
s_exp_He,1,0,GATE,s_sim_O2,0.243919436968885,-7.251475523698106e-05,0.2439017504931461,8,30,0.3881848915757592,0.3994999785932864,s_sim_O2,0.6177519332500158,0.6177519332500158,True
s_exp_He,1,0,ALL3,s_sim_O2|s_sim_N2|s_sim_CH4,0.2776838585744386,-0.1385070341356234,0.2439017504931461,8,30,0.3881848915757592,0.3994999785932864,s_sim_O2,0.6177519332500158,0.5984349610937273,
s_exp_He,1,0,GATE_MAX,s_sim_O2,0.243919436968885,-7.251475523698106e-05,0.2439017504931461,8,30,0.3881848915757592,0.3994999785932864,s_sim_O2,0.6177519332500158,0.6177519332500158,True
s_exp_He,1,1,NONE,,0.3447202876092758,0.0,0.3447202876092758,8,30,0.3741576013251211,0.3810727628817537,d_sim_O2,0.6400399960191672,,
s_exp_He,1,1,PHYS,s_exp_H2,0.3636140508023169,-0.0548089679434715,0.3447202876092758,8,30,0.3741576013251211,0.3810727628817537,d_sim_O2,0.6400399960191672,0.4793592246198432,
s_exp_He,1,1,TOP,d_sim_O2,0.381583189572834,-0.1069356904382154,0.3447202876092758,8,30,0.3741576013251211,0.3810727628817537,d_sim_O2,0.6400399960191672,0.6400399960191672,
s_exp_He,1,1,GATE,d_sim_O2,0.381583189572834,-0.1069356904382154,0.3447202876092758,8,30,0.3741576013251211,0.3810727628817537,d_sim_O2,0.6400399960191672,0.6400399960191672,True
s_exp_He,1,1,ALL3,d_sim_O2|s_sim_O2|s_sim_CO2,0.3244642637049461,0.0587607536673007,0.3447202876092758,8,30,0.3741576013251211,0.3810727628817537,d_sim_O2,0.6400399960191672,0.6227943598233888,
s_exp_He,1,1,GATE_MAX,d_sim_O2,0.381583189572834,-0.1069356904382154,0.3447202876092758,8,30,0.3741576013251211,0.3810727628817537,d_sim_O2,0.6400399960191672,0.6400399960191672,True
s_exp_He,1,2,NONE,,0.1407814067139393,0.0,0.1407814067139393,8,30,0.3396999967241048,0.3549835521908194,s_sim_O2,0.612752205403882,,
s_exp_He,1,2,PHYS,s_exp_H2,0.1085420200520046,0.2290031575507937,0.1407814067139393,8,30,0.3396999967241048,0.3549835521908194,s_sim_O2,0.612752205403882,0.3502901944057444,
s_exp_He,1,2,TOP,s_sim_O2,0.1839271971565838,-0.3064736420081001,0.1407814067139393,8,30,0.3396999967241048,0.3549835521908194,s_sim_O2,0.612752205403882,0.612752205403882,
s_exp_He,1,2,GATE,s_sim_O2,0.1839271971565838,-0.3064736420081001,0.1407814067139393,8,30,0.3396999967241048,0.3549835521908194,s_sim_O2,0.612752205403882,0.612752205403882,True
s_exp_He,1,2,ALL3,s_sim_O2|s_sim_CH4|s_sim_N2,0.1855354768212638,-0.3178975913933191,0.1407814067139393,8,30,0.3396999967241048,0.3549835521908194,s_sim_O2,0.612752205403882,0.5900587204787665,
s_exp_He,1,2,GATE_MAX,s_sim_O2,0.1839271971565838,-0.3064736420081001,0.1407814067139393,8,30,0.3396999967241048,0.3549835521908194,s_sim_O2,0.612752205403882,0.612752205403882,True
s_exp_He,1,3,NONE,,0.3709399359691711,0.0,0.3709399359691711,7,31,0.3532062311276677,0.3850067206866154,s_sim_O2,0.547230683433908,,
s_exp_He,1,3,PHYS,s_exp_H2,0.3480726804651395,0.0616467877590083,0.3709399359691711,7,31,0.3532062311276677,0.3850067206866154,s_sim_O2,0.547230683433908,0.3014966262393371,
s_exp_He,1,3,TOP,s_sim_O2,0.3492819287797241,0.0583868305602097,0.3709399359691711,7,31,0.3532062311276677,0.3850067206866154,s_sim_O2,0.547230683433908,0.547230683433908,
s_exp_He,1,3,GATE,s_sim_O2,0.3492819287797241,0.0583868305602097,0.3709399359691711,7,31,0.3532062311276677,0.3850067206866154,s_sim_O2,0.547230683433908,0.547230683433908,True
s_exp_He,1,3,ALL3,s_sim_O2|s_sim_CH4|s_sim_N2,0.3561876264728058,0.0397700761386647,0.3709399359691711,7,31,0.3532062311276677,0.3850067206866154,s_sim_O2,0.547230683433908,0.5344437379180659,
s_exp_He,1,3,GATE_MAX,s_sim_O2,0.3492819287797241,0.0583868305602097,0.3709399359691711,7,31,0.3532062311276677,0.3850067206866154,s_sim_O2,0.547230683433908,0.547230683433908,True
s_exp_He,1,4,NONE,,0.552503112128625,0.0,0.552503112128625,7,31,0.4927332618637166,0.4944435170062449,s_sim_CH4,0.7952886664486813,,
s_exp_He,1,4,PHYS,s_exp_H2,0.6602272388723811,-0.1949746967555134,0.552503112128625,7,31,0.4927332618637166,0.4944435170062449,s_sim_CH4,0.7952886664486813,0.6814789409787269,
s_exp_He,1,4,TOP,s_sim_CH4,0.5660987088485426,-0.0246072762695181,0.552503112128625,7,31,0.4927332618637166,0.4944435170062449,s_sim_CH4,0.7952886664486813,0.7952886664486813,
s_exp_He,1,4,GATE,s_sim_CH4,0.5660987088485426,-0.0246072762695181,0.552503112128625,7,31,0.4927332618637166,0.4944435170062449,s_sim_CH4,0.7952886664486813,0.7952886664486813,True
s_exp_He,1,4,ALL3,s_sim_CH4|s_sim_N2|s_sim_O2,0.5644958212974421,-0.0217061386724373,0.552503112128625,7,31,0.4927332618637166,0.4944435170062449,s_sim_CH4,0.7952886664486813,0.7844671851963149,
s_exp_He,1,4,GATE_MAX,s_sim_CH4,0.5660987088485426,-0.0246072762695181,0.552503112128625,7,31,0.4927332618637166,0.4944435170062449,s_sim_CH4,0.7952886664486813,0.7952886664486813,True
s_exp_He,2,0,NONE,,0.33795020330095,0.0,0.33795020330095,8,30,0.3948640656192875,0.4404750300532688,d_sim_O2,0.5221906636249185,,
s_exp_He,2,0,PHYS,s_exp_H2,0.3240663880437202,0.0410824290727415,0.33795020330095,8,30,0.3948640656192875,0.4404750300532688,d_sim_O2,0.5221906636249185,0.3086222208527779,
s_exp_He,2,0,TOP,d_sim_O2,0.3237880320824303,0.0419060887674866,0.33795020330095,8,30,0.3948640656192875,0.4404750300532688,d_sim_O2,0.5221906636249185,0.5221906636249185,
s_exp_He,2,0,GATE,d_sim_O2,0.3237880320824303,0.0419060887674866,0.33795020330095,8,30,0.3948640656192875,0.4404750300532688,d_sim_O2,0.5221906636249185,0.5221906636249185,True
s_exp_He,2,0,ALL3,d_sim_O2|s_sim_CH4|d_exp_H2O,0.2851895610893653,0.1561195752990878,0.33795020330095,8,30,0.3948640656192875,0.4404750300532688,d_sim_O2,0.5221906636249185,0.5076367232006326,
s_exp_He,2,0,GATE_MAX,d_sim_O2,0.3237880320824303,0.0419060887674866,0.33795020330095,8,30,0.3948640656192875,0.4404750300532688,d_sim_O2,0.5221906636249185,0.5221906636249185,True
s_exp_He,2,1,NONE,,0.3731225561741807,0.0,0.3731225561741807,8,30,0.3901505838985509,0.4017009652750439,s_exp_CH4,0.5531560885100937,,
s_exp_He,2,1,PHYS,s_exp_H2,0.3726327980705692,0.0013125931292742,0.3731225561741807,8,30,0.3901505838985509,0.4017009652750439,s_exp_CH4,0.5531560885100937,0.32337346710358,
s_exp_He,2,1,TOP,s_exp_CH4,0.4250425954530435,-0.1391500953767737,0.3731225561741807,8,30,0.3901505838985509,0.4017009652750439,s_exp_CH4,0.5531560885100937,0.5531560885100937,
s_exp_He,2,1,GATE,s_exp_CH4,0.4250425954530435,-0.1391500953767737,0.3731225561741807,8,30,0.3901505838985509,0.4017009652750439,s_exp_CH4,0.5531560885100937,0.5531560885100937,True
s_exp_He,2,1,ALL3,s_exp_CH4|s_sim_CH4|s_sim_N2,0.4068382378905129,-0.0903608778360563,0.3731225561741807,8,30,0.3901505838985509,0.4017009652750439,s_exp_CH4,0.5531560885100937,0.5384109795724666,
s_exp_He,2,1,GATE_MAX,s_exp_CH4,0.4250425954530435,-0.1391500953767737,0.3731225561741807,8,30,0.3901505838985509,0.4017009652750439,s_exp_CH4,0.5531560885100937,0.5531560885100937,True
s_exp_He,2,2,NONE,,0.2160062452418367,0.0,0.2160062452418367,8,30,0.4538740747831634,0.4655309014179273,s_sim_N2,0.5108010799431828,,
s_exp_He,2,2,PHYS,s_exp_H2,0.1947025195932776,0.0986255079093098,0.2160062452418367,8,30,0.4538740747831634,0.4655309014179273,s_sim_N2,0.5108010799431828,0.3085993688521939,
s_exp_He,2,2,TOP,s_sim_N2,0.1805883180769262,0.1639671442150074,0.2160062452418367,8,30,0.4538740747831634,0.4655309014179273,s_sim_N2,0.5108010799431828,0.5108010799431828,
s_exp_He,2,2,GATE,s_sim_N2,0.1805883180769262,0.1639671442150074,0.2160062452418367,8,30,0.4538740747831634,0.4655309014179273,s_sim_N2,0.5108010799431828,0.5108010799431828,True
s_exp_He,2,2,ALL3,s_sim_N2|d_exp_H2O|s_sim_CH4,0.1426621306530172,0.3395462687048921,0.2160062452418367,8,30,0.4538740747831634,0.4655309014179273,s_sim_N2,0.5108010799431828,0.5100766699253769,
s_exp_He,2,2,GATE_MAX,s_sim_N2,0.1805883180769262,0.1639671442150074,0.2160062452418367,8,30,0.4538740747831634,0.4655309014179273,s_sim_N2,0.5108010799431828,0.5108010799431828,True
s_exp_He,2,3,NONE,,0.6271803439903255,0.0,0.6271803439903255,7,31,0.5928886120967747,0.6027176324729094,s_sim_CO2,0.7678240116360461,,
s_exp_He,2,3,PHYS,s_exp_H2,0.7529064903717592,-0.2004625106417126,0.6271803439903255,7,31,0.5928886120967747,0.6027176324729094,s_sim_CO2,0.7678240116360461,0.6746699109828628,
s_exp_He,2,3,TOP,s_sim_CO2,0.6444754444318597,-0.0275759605785747,0.6271803439903255,7,31,0.5928886120967747,0.6027176324729094,s_sim_CO2,0.7678240116360461,0.7678240116360461,
s_exp_He,2,3,GATE,s_sim_CO2,0.6444754444318597,-0.0275759605785747,0.6271803439903255,7,31,0.5928886120967747,0.6027176324729094,s_sim_CO2,0.7678240116360461,0.7678240116360461,True
s_exp_He,2,3,ALL3,s_sim_CO2|s_exp_O2|s_sim_CH4,0.6585462702459984,-0.050011016059771,0.6271803439903255,7,31,0.5928886120967747,0.6027176324729094,s_sim_CO2,0.7678240116360461,0.7651313795519,
s_exp_He,2,3,GATE_MAX,s_sim_CO2,0.6444754444318597,-0.0275759605785747,0.6271803439903255,7,31,0.5928886120967747,0.6027176324729094,s_sim_CO2,0.7678240116360461,0.7678240116360461,True
s_exp_He,2,4,NONE,,0.3274029510156561,0.0,0.3274029510156561,7,31,0.401894459831119,0.4126703489705706,s_sim_CH4,0.5362170570527505,,
s_exp_He,2,4,PHYS,s_exp_H2,0.3434268526606878,-0.0489424472055702,0.3274029510156561,7,31,0.401894459831119,0.4126703489705706,s_sim_CH4,0.5362170570527505,0.3268602407159567,
s_exp_He,2,4,TOP,s_sim_CH4,0.321146871706802,0.0191081946251454,0.3274029510156561,7,31,0.401894459831119,0.4126703489705706,s_sim_CH4,0.5362170570527505,0.5362170570527505,
s_exp_He,2,4,GATE,s_sim_CH4,0.321146871706802,0.0191081946251454,0.3274029510156561,7,31,0.401894459831119,0.4126703489705706,s_sim_CH4,0.5362170570527505,0.5362170570527505,True
s_exp_He,2,4,ALL3,s_sim_CH4|X_bandgap_chain|s_sim_N2,0.3687505616996638,-0.1262896701319911,0.3274029510156561,7,31,0.401894459831119,0.4126703489705706,s_sim_CH4,0.5362170570527505,0.5274210972065674,
s_exp_He,2,4,GATE_MAX,s_sim_CH4,0.321146871706802,0.0191081946251454,0.3274029510156561,7,31,0.401894459831119,0.4126703489705706,s_sim_CH4,0.5362170570527505,0.5362170570527505,True
s_exp_H2,0,0,NONE,,0.3134288347821226,0.0,0.3134288347821226,8,28,0.5216130499890616,0.5900620583250465,X_electron_aff,0.7242333106472136,,
s_exp_H2,0,0,PHYS,s_exp_He,0.3841820562697234,-0.2257393501679076,0.3134288347821226,8,28,0.5216130499890616,0.5900620583250465,X_electron_aff,0.7242333106472136,0.6983280118877593,
s_exp_H2,0,0,TOP,X_electron_aff,0.3665501649822196,-0.169484502716618,0.3134288347821226,8,28,0.5216130499890616,0.5900620583250465,X_electron_aff,0.7242333106472136,0.7242333106472136,
s_exp_H2,0,0,GATE,X_electron_aff,0.3665501649822196,-0.169484502716618,0.3134288347821226,8,28,0.5216130499890616,0.5900620583250465,X_electron_aff,0.7242333106472136,0.7242333106472136,True
s_exp_H2,0,0,ALL3,X_electron_aff|s_exp_He|s_sim_N2,0.3696627473636715,-0.1794152494636924,0.3134288347821226,8,28,0.5216130499890616,0.5900620583250465,X_electron_aff,0.7242333106472136,0.7053404475227976,
s_exp_H2,0,0,GATE_MAX,X_electron_aff,0.3665501649822196,-0.169484502716618,0.3134288347821226,8,28,0.5216130499890616,0.5900620583250465,X_electron_aff,0.7242333106472136,0.7242333106472136,True
s_exp_H2,0,1,NONE,,0.3451667239520808,0.0,0.3451667239520808,7,29,0.498522987634023,0.643098227434203,s_sim_O2,0.6772704094651506,,
s_exp_H2,0,1,PHYS,s_exp_He,0.2993631173490412,0.1326999488206704,0.3451667239520808,7,29,0.498522987634023,0.643098227434203,s_sim_O2,0.6772704094651506,0.592872852531735,
s_exp_H2,0,1,TOP,s_sim_O2,0.3158597753448099,0.0849066453211738,0.3451667239520808,7,29,0.498522987634023,0.643098227434203,s_sim_O2,0.6772704094651506,0.6772704094651506,
s_exp_H2,0,1,GATE,s_sim_O2,0.3158597753448099,0.0849066453211738,0.3451667239520808,7,29,0.498522987634023,0.643098227434203,s_sim_O2,0.6772704094651506,0.6772704094651506,True
s_exp_H2,0,1,ALL3,s_sim_O2|s_sim_CH4|s_sim_CO2,0.3148799187774737,0.0877454374159537,0.3451667239520808,7,29,0.498522987634023,0.643098227434203,s_sim_O2,0.6772704094651506,0.6708183164059583,
s_exp_H2,0,1,GATE_MAX,s_sim_O2,0.3158597753448099,0.0849066453211738,0.3451667239520808,7,29,0.498522987634023,0.643098227434203,s_sim_O2,0.6772704094651506,0.6772704094651506,True
s_exp_H2,0,2,NONE,,0.2041670974518495,0.0,0.2041670974518495,7,29,0.5281168032028114,0.6722914253720995,X_electron_aff,0.6614133513927553,,
s_exp_H2,0,2,PHYS,s_exp_He,0.1617290048491342,0.2078596068238853,0.2041670974518495,7,29,0.5281168032028114,0.6722914253720995,X_electron_aff,0.6614133513927553,0.5820170228038496,
s_exp_H2,0,2,TOP,X_electron_aff,0.219673764085973,-0.0759508599948657,0.2041670974518495,7,29,0.5281168032028114,0.6722914253720995,X_electron_aff,0.6614133513927553,0.6614133513927553,
s_exp_H2,0,2,GATE,X_electron_aff,0.219673764085973,-0.0759508599948657,0.2041670974518495,7,29,0.5281168032028114,0.6722914253720995,X_electron_aff,0.6614133513927553,0.6614133513927553,True
s_exp_H2,0,2,ALL3,X_electron_aff|s_sim_CH4|s_sim_O2,0.1855651484155003,0.0911113948746627,0.2041670974518495,7,29,0.5281168032028114,0.6722914253720995,X_electron_aff,0.6614133513927553,0.6376844369352935,
s_exp_H2,0,2,GATE_MAX,,0.2041670974518495,0.0,0.2041670974518495,7,29,0.5281168032028114,0.6722914253720995,X_electron_aff,0.6614133513927553,0.6614133513927553,False
s_exp_H2,0,3,NONE,,0.2751244087319819,0.0,0.2751244087319819,7,29,0.492239286528259,0.604820250832848,X_electron_aff,0.7111795180812504,,
s_exp_H2,0,3,PHYS,s_exp_He,0.2277624392531186,0.172147464840177,0.2751244087319819,7,29,0.492239286528259,0.604820250832848,X_electron_aff,0.7111795180812504,0.6308404628381983,
s_exp_H2,0,3,TOP,X_electron_aff,0.292474405820492,-0.063062369378545,0.2751244087319819,7,29,0.492239286528259,0.604820250832848,X_electron_aff,0.7111795180812504,0.7111795180812504,
s_exp_H2,0,3,GATE,X_electron_aff,0.292474405820492,-0.063062369378545,0.2751244087319819,7,29,0.492239286528259,0.604820250832848,X_electron_aff,0.7111795180812504,0.7111795180812504,True
s_exp_H2,0,3,ALL3,X_electron_aff|d_sim_CO2|s_sim_CO2,0.2738542012611384,0.0046168476170389,0.2751244087319819,7,29,0.492239286528259,0.604820250832848,X_electron_aff,0.7111795180812504,0.6830034721031076,
s_exp_H2,0,3,GATE_MAX,X_electron_aff,0.292474405820492,-0.063062369378545,0.2751244087319819,7,29,0.492239286528259,0.604820250832848,X_electron_aff,0.7111795180812504,0.7111795180812504,True
s_exp_H2,0,4,NONE,,0.4582518780236937,0.0,0.4582518780236937,7,29,0.4826846754742324,0.5307097981579689,d_sim_CH4,0.7457212703816355,,
s_exp_H2,0,4,PHYS,s_exp_He,0.4322415629211321,0.0567598658072859,0.4582518780236937,7,29,0.4826846754742324,0.5307097981579689,d_sim_CH4,0.7457212703816355,0.7190532314785555,
s_exp_H2,0,4,TOP,d_sim_CH4,0.452850672102692,0.011786543994747,0.4582518780236937,7,29,0.4826846754742324,0.5307097981579689,d_sim_CH4,0.7457212703816355,0.7457212703816355,
s_exp_H2,0,4,GATE,d_sim_CH4,0.452850672102692,0.011786543994747,0.4582518780236937,7,29,0.4826846754742324,0.5307097981579689,d_sim_CH4,0.7457212703816355,0.7457212703816355,True
s_exp_H2,0,4,ALL3,d_sim_CH4|s_sim_O2|s_sim_CH4,0.4293530045598649,0.0630632952088731,0.4582518780236937,7,29,0.4826846754742324,0.5307097981579689,d_sim_CH4,0.7457212703816355,0.74319807270802,
s_exp_H2,0,4,GATE_MAX,d_sim_CH4,0.452850672102692,0.011786543994747,0.4582518780236937,7,29,0.4826846754742324,0.5307097981579689,d_sim_CH4,0.7457212703816355,0.7457212703816355,True
s_exp_H2,1,0,NONE,,0.336849672968834,0.0,0.336849672968834,8,28,0.4644325843577517,0.5585949966958156,s_exp_He,0.6552989571718295,,
s_exp_H2,1,0,PHYS,s_exp_He,0.3598791579774641,-0.0683672476379717,0.336849672968834,8,28,0.4644325843577517,0.5585949966958156,s_exp_He,0.6552989571718295,0.6552989571718295,
s_exp_H2,1,0,TOP,s_exp_He,0.3598791579774641,-0.0683672476379717,0.336849672968834,8,28,0.4644325843577517,0.5585949966958156,s_exp_He,0.6552989571718295,0.6552989571718295,
s_exp_H2,1,0,GATE,s_exp_He,0.3598791579774641,-0.0683672476379717,0.336849672968834,8,28,0.4644325843577517,0.5585949966958156,s_exp_He,0.6552989571718295,0.6552989571718295,True
s_exp_H2,1,0,ALL3,s_exp_He|s_exp_O2|s_exp_CH4,0.3228804190640753,0.041470290832229,0.336849672968834,8,28,0.4644325843577517,0.5585949966958156,s_exp_He,0.6552989571718295,0.6486190648484809,
s_exp_H2,1,0,GATE_MAX,s_exp_He,0.3598791579774641,-0.0683672476379717,0.336849672968834,8,28,0.4644325843577517,0.5585949966958156,s_exp_He,0.6552989571718295,0.6552989571718295,True
s_exp_H2,1,1,NONE,,0.3085514919775615,0.0,0.3085514919775615,7,29,0.5096825927212002,0.6655370176864677,s_exp_O2,0.7052888937442643,,
s_exp_H2,1,1,PHYS,s_exp_He,0.2788459717891103,0.096274109705525,0.3085514919775615,7,29,0.5096825927212002,0.6655370176864677,s_exp_O2,0.7052888937442643,0.6558845985360521,
s_exp_H2,1,1,TOP,s_exp_O2,0.3242941355407348,-0.0510211228027964,0.3085514919775615,7,29,0.5096825927212002,0.6655370176864677,s_exp_O2,0.7052888937442643,0.7052888937442643,
s_exp_H2,1,1,GATE,s_exp_O2,0.3242941355407348,-0.0510211228027964,0.3085514919775615,7,29,0.5096825927212002,0.6655370176864677,s_exp_O2,0.7052888937442643,0.7052888937442643,True
s_exp_H2,1,1,ALL3,s_exp_O2|X_electron_aff|s_exp_CH4,0.2544381052297781,0.1753787881593476,0.3085514919775615,7,29,0.5096825927212002,0.6655370176864677,s_exp_O2,0.7052888937442643,0.6932438912965345,
s_exp_H2,1,1,GATE_MAX,s_exp_O2,0.3242941355407348,-0.0510211228027964,0.3085514919775615,7,29,0.5096825927212002,0.6655370176864677,s_exp_O2,0.7052888937442643,0.7052888937442643,True
s_exp_H2,1,2,NONE,,0.2850220541033038,0.0,0.2850220541033038,7,29,0.4718937828522241,0.6162371848160055,s_sim_CH4,0.7396111482690904,,
s_exp_H2,1,2,PHYS,s_exp_He,0.3078209633927328,-0.0799899830950125,0.2850220541033038,7,29,0.4718937828522241,0.6162371848160055,s_sim_CH4,0.7396111482690904,0.6656576688618087,
s_exp_H2,1,2,TOP,s_sim_CH4,0.365026180798744,-0.2806945130864973,0.2850220541033038,7,29,0.4718937828522241,0.6162371848160055,s_sim_CH4,0.7396111482690904,0.7396111482690904,
s_exp_H2,1,2,GATE,s_sim_CH4,0.365026180798744,-0.2806945130864973,0.2850220541033038,7,29,0.4718937828522241,0.6162371848160055,s_sim_CH4,0.7396111482690904,0.7396111482690904,True
s_exp_H2,1,2,ALL3,s_sim_CH4|s_sim_N2|s_exp_N2,0.3622424787977872,-0.2709278934131024,0.2850220541033038,7,29,0.4718937828522241,0.6162371848160055,s_sim_CH4,0.7396111482690904,0.716043047033376,
s_exp_H2,1,2,GATE_MAX,s_sim_CH4,0.365026180798744,-0.2806945130864973,0.2850220541033038,7,29,0.4718937828522241,0.6162371848160055,s_sim_CH4,0.7396111482690904,0.7396111482690904,True
s_exp_H2,1,3,NONE,,0.298511079640834,0.0,0.298511079640834,7,29,0.515880836281159,0.6369874208253079,s_sim_CH4,0.6976539751885702,,
s_exp_H2,1,3,PHYS,s_exp_He,0.2876858495881811,0.0362640812718835,0.298511079640834,7,29,0.515880836281159,0.6369874208253079,s_sim_CH4,0.6976539751885702,0.6488563622644925,
s_exp_H2,1,3,TOP,s_sim_CH4,0.2671446448749885,0.1050762832776102,0.298511079640834,7,29,0.515880836281159,0.6369874208253079,s_sim_CH4,0.6976539751885702,0.6976539751885702,
s_exp_H2,1,3,GATE,s_sim_CH4,0.2671446448749885,0.1050762832776102,0.298511079640834,7,29,0.515880836281159,0.6369874208253079,s_sim_CH4,0.6976539751885702,0.6976539751885702,True
s_exp_H2,1,3,ALL3,s_sim_CH4|s_exp_O2|s_exp_CH4,0.2677376654220162,0.1030896885162322,0.298511079640834,7,29,0.515880836281159,0.6369874208253079,s_sim_CH4,0.6976539751885702,0.6909679094314498,
s_exp_H2,1,3,GATE_MAX,s_sim_CH4,0.2671446448749885,0.1050762832776102,0.298511079640834,7,29,0.515880836281159,0.6369874208253079,s_sim_CH4,0.6976539751885702,0.6976539751885702,True
s_exp_H2,1,4,NONE,,0.3695809304166476,0.0,0.3695809304166476,7,29,0.5089038847927546,0.6194623723967047,s_sim_CH4,0.7576433712307571,,
s_exp_H2,1,4,PHYS,s_exp_He,0.3084109012228042,0.1655118653575641,0.3695809304166476,7,29,0.5089038847927546,0.6194623723967047,s_sim_CH4,0.7576433712307571,0.7033108074648429,
s_exp_H2,1,4,TOP,s_sim_CH4,0.3466836280763045,0.0619547721645969,0.3695809304166476,7,29,0.5089038847927546,0.6194623723967047,s_sim_CH4,0.7576433712307571,0.7576433712307571,
s_exp_H2,1,4,GATE,s_sim_CH4,0.3466836280763045,0.0619547721645969,0.3695809304166476,7,29,0.5089038847927546,0.6194623723967047,s_sim_CH4,0.7576433712307571,0.7576433712307571,True
s_exp_H2,1,4,ALL3,s_sim_CH4|s_sim_O2|s_sim_CO2,0.3745239323957061,-0.0133746131692615,0.3695809304166476,7,29,0.5089038847927546,0.6194623723967047,s_sim_CH4,0.7576433712307571,0.752663267258471,
s_exp_H2,1,4,GATE_MAX,s_sim_CH4,0.3466836280763045,0.0619547721645969,0.3695809304166476,7,29,0.5089038847927546,0.6194623723967047,s_sim_CH4,0.7576433712307571,0.7576433712307571,True
s_exp_H2,2,0,NONE,,0.4344290262081338,0.0,0.4344290262081338,8,28,0.4998477177455269,0.6047360992572228,X_electron_aff,0.7417094085973526,,
s_exp_H2,2,0,PHYS,s_exp_He,0.3686922433728444,0.1513176580512258,0.4344290262081338,8,28,0.4998477177455269,0.6047360992572228,X_electron_aff,0.7417094085973526,0.7353817435232972,
s_exp_H2,2,0,TOP,X_electron_aff,0.3815211826762993,0.1217870822160176,0.4344290262081338,8,28,0.4998477177455269,0.6047360992572228,X_electron_aff,0.7417094085973526,0.7417094085973526,
s_exp_H2,2,0,GATE,X_electron_aff,0.3815211826762993,0.1217870822160176,0.4344290262081338,8,28,0.4998477177455269,0.6047360992572228,X_electron_aff,0.7417094085973526,0.7417094085973526,True
s_exp_H2,2,0,ALL3,X_electron_aff|s_sim_CH4|d_sim_CO2,0.3646054235047121,0.1607249941673312,0.4344290262081338,8,28,0.4998477177455269,0.6047360992572228,X_electron_aff,0.7417094085973526,0.7391796907403406,
s_exp_H2,2,0,GATE_MAX,X_electron_aff,0.3815211826762993,0.1217870822160176,0.4344290262081338,8,28,0.4998477177455269,0.6047360992572228,X_electron_aff,0.7417094085973526,0.7417094085973526,True
s_exp_H2,2,1,NONE,,0.3364769569325111,0.0,0.3364769569325111,7,29,0.5755784247145272,0.7229613538959673,X_electron_aff,0.6666874422882603,,
s_exp_H2,2,1,PHYS,s_exp_He,0.2869493429235707,0.1471946681296049,0.3364769569325111,7,29,0.5755784247145272,0.7229613538959673,X_electron_aff,0.6666874422882603,0.6236006012424785,
s_exp_H2,2,1,TOP,X_electron_aff,0.3114367981375416,0.0744186437705803,0.3364769569325111,7,29,0.5755784247145272,0.7229613538959673,X_electron_aff,0.6666874422882603,0.6666874422882603,
s_exp_H2,2,1,GATE,X_electron_aff,0.3114367981375416,0.0744186437705803,0.3364769569325111,7,29,0.5755784247145272,0.7229613538959673,X_electron_aff,0.6666874422882603,0.6666874422882603,True
s_exp_H2,2,1,ALL3,X_electron_aff|X_bandgap_chain|s_sim_CH4,0.2782086801866477,0.173171670586496,0.3364769569325111,7,29,0.5755784247145272,0.7229613538959673,X_electron_aff,0.6666874422882603,0.6501300413952844,
s_exp_H2,2,1,GATE_MAX,,0.3364769569325111,0.0,0.3364769569325111,7,29,0.5755784247145272,0.7229613538959673,X_electron_aff,0.6666874422882603,0.6666874422882603,False
s_exp_H2,2,2,NONE,,0.2585065473247206,0.0,0.2585065473247206,7,29,0.5058650077971365,0.647802502787522,s_exp_N2,0.7040430648940864,,
s_exp_H2,2,2,PHYS,s_exp_He,0.2482606040974833,0.0396351401280639,0.2585065473247206,7,29,0.5058650077971365,0.647802502787522,s_exp_N2,0.7040430648940864,0.6575342168549718,
s_exp_H2,2,2,TOP,s_exp_N2,0.2835255878572299,-0.0967830052717458,0.2585065473247206,7,29,0.5058650077971365,0.647802502787522,s_exp_N2,0.7040430648940864,0.7040430648940864,
s_exp_H2,2,2,GATE,s_exp_N2,0.2835255878572299,-0.0967830052717458,0.2585065473247206,7,29,0.5058650077971365,0.647802502787522,s_exp_N2,0.7040430648940864,0.7040430648940864,True
s_exp_H2,2,2,ALL3,s_exp_N2|X_electron_aff|s_sim_CH4,0.2636132069808625,-0.0197544693122499,0.2585065473247206,7,29,0.5058650077971365,0.647802502787522,s_exp_N2,0.7040430648940864,0.6935295833481421,
s_exp_H2,2,2,GATE_MAX,s_exp_N2,0.2835255878572299,-0.0967830052717458,0.2585065473247206,7,29,0.5058650077971365,0.647802502787522,s_exp_N2,0.7040430648940864,0.7040430648940864,True
s_exp_H2,2,3,NONE,,0.2551525672246159,0.0,0.2551525672246159,7,29,0.5043230691965132,0.5698035332188781,s_exp_N2,0.681197594115017,,
s_exp_H2,2,3,PHYS,s_exp_He,0.2230410497060429,0.1258522219386668,0.2551525672246159,7,29,0.5043230691965132,0.5698035332188781,s_exp_N2,0.681197594115017,0.6355931367847895,
s_exp_H2,2,3,TOP,s_exp_N2,0.2601289242920989,-0.0195034567812214,0.2551525672246159,7,29,0.5043230691965132,0.5698035332188781,s_exp_N2,0.681197594115017,0.681197594115017,
s_exp_H2,2,3,GATE,s_exp_N2,0.2601289242920989,-0.0195034567812214,0.2551525672246159,7,29,0.5043230691965132,0.5698035332188781,s_exp_N2,0.681197594115017,0.681197594115017,True
s_exp_H2,2,3,ALL3,s_exp_N2|s_sim_CH4|s_exp_O2,0.2525247157224459,0.010299138004975,0.2551525672246159,7,29,0.5043230691965132,0.5698035332188781,s_exp_N2,0.681197594115017,0.667089317147418,
s_exp_H2,2,3,GATE_MAX,s_exp_N2,0.2601289242920989,-0.0195034567812214,0.2551525672246159,7,29,0.5043230691965132,0.5698035332188781,s_exp_N2,0.681197594115017,0.681197594115017,True
s_exp_H2,2,4,NONE,,0.3008103260737554,0.0,0.3008103260737554,7,29,0.5065503910499616,0.621532570439856,s_exp_O2,0.719540603614688,,
s_exp_H2,2,4,PHYS,s_exp_He,0.3200007127149546,-0.063795637908035,0.3008103260737554,7,29,0.5065503910499616,0.621532570439856,s_exp_O2,0.719540603614688,0.701037488397864,
s_exp_H2,2,4,TOP,s_exp_O2,0.315033650989335,-0.047283366569312,0.3008103260737554,7,29,0.5065503910499616,0.621532570439856,s_exp_O2,0.719540603614688,0.719540603614688,
s_exp_H2,2,4,GATE,s_exp_O2,0.315033650989335,-0.047283366569312,0.3008103260737554,7,29,0.5065503910499616,0.621532570439856,s_exp_O2,0.719540603614688,0.719540603614688,True
s_exp_H2,2,4,ALL3,s_exp_O2|s_exp_N2|s_exp_He,0.3245055916733933,-0.0787714501324269,0.3008103260737554,7,29,0.5065503910499616,0.621532570439856,s_exp_O2,0.719540603614688,0.7127859930855404,
s_exp_H2,2,4,GATE_MAX,s_exp_O2,0.315033650989335,-0.047283366569312,0.3008103260737554,7,29,0.5065503910499616,0.621532570439856,s_exp_O2,0.719540603614688,0.719540603614688,True
d_exp_He,0,0,NONE,,0.2523062564456551,0.0,0.2523062564456551,11,40,0.3243138607676907,0.3699711514813439,p_exp_CO2,0.7515345168750154,,
d_exp_He,0,0,PHYS,d_exp_H2,0.2342368566841891,0.071616931010817,0.2523062564456551,11,40,0.3243138607676907,0.3699711514813439,p_exp_CO2,0.7515345168750154,0.7021139141766239,
d_exp_He,0,0,TOP,p_exp_CO2,0.2091882777107906,0.170895400464046,0.2523062564456551,11,40,0.3243138607676907,0.3699711514813439,p_exp_CO2,0.7515345168750154,0.7515345168750154,
d_exp_He,0,0,GATE,p_exp_CO2,0.2091882777107906,0.170895400464046,0.2523062564456551,11,40,0.3243138607676907,0.3699711514813439,p_exp_CO2,0.7515345168750154,0.7515345168750154,True
d_exp_He,0,0,ALL3,p_exp_CO2|p_exp_O2|d_exp_H2,0.2412877239284853,0.0436712615548758,0.2523062564456551,11,40,0.3243138607676907,0.3699711514813439,p_exp_CO2,0.7515345168750154,0.7267403721009663,
d_exp_He,0,0,GATE_MAX,p_exp_CO2,0.2091882777107906,0.170895400464046,0.2523062564456551,11,40,0.3243138607676907,0.3699711514813439,p_exp_CO2,0.7515345168750154,0.7515345168750154,True
d_exp_He,0,1,NONE,,0.4602988651839036,0.0,0.4602988651839036,10,41,0.2613231894812348,0.2634781954583459,p_exp_CO2,0.776914405247281,,
d_exp_He,0,1,PHYS,d_exp_H2,0.5328756436517845,-0.1576731640189557,0.4602988651839036,10,41,0.2613231894812348,0.2634781954583459,p_exp_CO2,0.776914405247281,0.7233817120550661,
d_exp_He,0,1,TOP,p_exp_CO2,0.5477599169441572,-0.1900092708794971,0.4602988651839036,10,41,0.2613231894812348,0.2634781954583459,p_exp_CO2,0.776914405247281,0.776914405247281,
d_exp_He,0,1,GATE,p_exp_CO2,0.5477599169441572,-0.1900092708794971,0.4602988651839036,10,41,0.2613231894812348,0.2634781954583459,p_exp_CO2,0.776914405247281,0.776914405247281,True
d_exp_He,0,1,ALL3,p_exp_CO2|p_exp_O2|p_exp_He,0.5787801309699425,-0.2574007340615578,0.4602988651839036,10,41,0.2613231894812348,0.2634781954583459,p_exp_CO2,0.776914405247281,0.7739684837706542,
d_exp_He,0,1,GATE_MAX,p_exp_CO2,0.5477599169441572,-0.1900092708794971,0.4602988651839036,10,41,0.2613231894812348,0.2634781954583459,p_exp_CO2,0.776914405247281,0.776914405247281,True
d_exp_He,0,2,NONE,,0.5476897463535404,0.0,0.5476897463535404,10,41,0.2810453210124769,0.3335329234129232,p_exp_CO2,0.7379154722134884,,
d_exp_He,0,2,PHYS,d_exp_H2,0.4055544804210537,0.2595178508978999,0.5476897463535404,10,41,0.2810453210124769,0.3335329234129232,p_exp_CO2,0.7379154722134884,0.6829721641018812,
d_exp_He,0,2,TOP,p_exp_CO2,0.4438100340015421,0.1896689011317416,0.5476897463535404,10,41,0.2810453210124769,0.3335329234129232,p_exp_CO2,0.7379154722134884,0.7379154722134884,
d_exp_He,0,2,GATE,p_exp_CO2,0.4438100340015421,0.1896689011317416,0.5476897463535404,10,41,0.2810453210124769,0.3335329234129232,p_exp_CO2,0.7379154722134884,0.7379154722134884,True
d_exp_He,0,2,ALL3,p_exp_CO2|p_exp_O2|p_exp_He,0.4442594395306199,0.1888483534912755,0.5476897463535404,10,41,0.2810453210124769,0.3335329234129232,p_exp_CO2,0.7379154722134884,0.7283139719295221,
d_exp_He,0,2,GATE_MAX,p_exp_CO2,0.4438100340015421,0.1896689011317416,0.5476897463535404,10,41,0.2810453210124769,0.3335329234129232,p_exp_CO2,0.7379154722134884,0.7379154722134884,True
d_exp_He,0,3,NONE,,0.8218088283549254,0.0,0.8218088283549254,10,41,0.3840445345696155,0.459934484561851,p_exp_CO2,0.7786115951405681,,
d_exp_He,0,3,PHYS,d_exp_H2,0.6453149752044091,0.2147626638470372,0.8218088283549254,10,41,0.3840445345696155,0.459934484561851,p_exp_CO2,0.7786115951405681,0.7223441197058876,
d_exp_He,0,3,TOP,p_exp_CO2,0.657397254240382,0.2000606083091831,0.8218088283549254,10,41,0.3840445345696155,0.459934484561851,p_exp_CO2,0.7786115951405681,0.7786115951405681,
d_exp_He,0,3,GATE,p_exp_CO2,0.657397254240382,0.2000606083091831,0.8218088283549254,10,41,0.3840445345696155,0.459934484561851,p_exp_CO2,0.7786115951405681,0.7786115951405681,True
d_exp_He,0,3,ALL3,p_exp_CO2|p_exp_O2|p_exp_N2,0.6687855237776521,0.1862030429675368,0.8218088283549254,10,41,0.3840445345696155,0.459934484561851,p_exp_CO2,0.7786115951405681,0.7637356813747062,
d_exp_He,0,3,GATE_MAX,p_exp_CO2,0.657397254240382,0.2000606083091831,0.8218088283549254,10,41,0.3840445345696155,0.459934484561851,p_exp_CO2,0.7786115951405681,0.7786115951405681,True
d_exp_He,0,4,NONE,,0.5270340026351004,0.0,0.5270340026351004,10,41,0.2592031012371009,0.2945715472180866,p_exp_CO2,0.7538167151797851,,
d_exp_He,0,4,PHYS,d_exp_H2,0.4802206802771103,0.0888241026649697,0.5270340026351004,10,41,0.2592031012371009,0.2945715472180866,p_exp_CO2,0.7538167151797851,0.7420784684449804,
d_exp_He,0,4,TOP,p_exp_CO2,0.3520372723190411,0.3320406832217632,0.5270340026351004,10,41,0.2592031012371009,0.2945715472180866,p_exp_CO2,0.7538167151797851,0.7538167151797851,
d_exp_He,0,4,GATE,p_exp_CO2,0.3520372723190411,0.3320406832217632,0.5270340026351004,10,41,0.2592031012371009,0.2945715472180866,p_exp_CO2,0.7538167151797851,0.7538167151797851,True
d_exp_He,0,4,ALL3,p_exp_CO2|d_exp_H2|p_exp_O2,0.4001034882272646,0.2408393268236962,0.5270340026351004,10,41,0.2592031012371009,0.2945715472180866,p_exp_CO2,0.7538167151797851,0.7423406268763513,
d_exp_He,0,4,GATE_MAX,p_exp_CO2,0.3520372723190411,0.3320406832217632,0.5270340026351004,10,41,0.2592031012371009,0.2945715472180866,p_exp_CO2,0.7538167151797851,0.7538167151797851,True
d_exp_He,1,0,NONE,,0.5483588229482709,0.0,0.5483588229482709,11,40,0.3266730946887313,0.3414865179302278,p_exp_O2,0.7241955774576742,,
d_exp_He,1,0,PHYS,d_exp_H2,0.4572590162296275,0.1661317424033445,0.5483588229482709,11,40,0.3266730946887313,0.3414865179302278,p_exp_O2,0.7241955774576742,0.7227705621135518,
d_exp_He,1,0,TOP,p_exp_O2,0.5224757608863603,0.0472009585306741,0.5483588229482709,11,40,0.3266730946887313,0.3414865179302278,p_exp_O2,0.7241955774576742,0.7241955774576742,
d_exp_He,1,0,GATE,p_exp_O2,0.5224757608863603,0.0472009585306741,0.5483588229482709,11,40,0.3266730946887313,0.3414865179302278,p_exp_O2,0.7241955774576742,0.7241955774576742,True
d_exp_He,1,0,ALL3,p_exp_O2|d_exp_H2|p_exp_H2,0.4584507197647016,0.1639585239099009,0.5483588229482709,11,40,0.3266730946887313,0.3414865179302278,p_exp_O2,0.7241955774576742,0.7187790212979634,
d_exp_He,1,0,GATE_MAX,p_exp_O2,0.5224757608863603,0.0472009585306741,0.5483588229482709,11,40,0.3266730946887313,0.3414865179302278,p_exp_O2,0.7241955774576742,0.7241955774576742,True
d_exp_He,1,1,NONE,,0.4071652763154179,0.0,0.4071652763154179,10,41,0.2715640398652553,0.2719776376742945,d_exp_H2,0.7450694341908253,,
d_exp_He,1,1,PHYS,d_exp_H2,0.4849571097313767,-0.1910571405300682,0.4071652763154179,10,41,0.2715640398652553,0.2719776376742945,d_exp_H2,0.7450694341908253,0.7450694341908253,
d_exp_He,1,1,TOP,d_exp_H2,0.4849571097313767,-0.1910571405300682,0.4071652763154179,10,41,0.2715640398652553,0.2719776376742945,d_exp_H2,0.7450694341908253,0.7450694341908253,
d_exp_He,1,1,GATE,d_exp_H2,0.4849571097313767,-0.1910571405300682,0.4071652763154179,10,41,0.2715640398652553,0.2719776376742945,d_exp_H2,0.7450694341908253,0.7450694341908253,True
d_exp_He,1,1,ALL3,d_exp_H2|p_exp_CO2|p_exp_O2,0.4733502737790535,-0.1625506920987148,0.4071652763154179,10,41,0.2715640398652553,0.2719776376742945,d_exp_H2,0.7450694341908253,0.7214037348144005,
d_exp_He,1,1,GATE_MAX,d_exp_H2,0.4849571097313767,-0.1910571405300682,0.4071652763154179,10,41,0.2715640398652553,0.2719776376742945,d_exp_H2,0.7450694341908253,0.7450694341908253,True
d_exp_He,1,2,NONE,,0.3977034237395513,0.0,0.3977034237395513,10,41,0.2429970656480525,0.3044017872385534,p_exp_CO2,0.7550147700442851,,
d_exp_He,1,2,PHYS,d_exp_H2,0.4313850207461547,-0.0846902364830049,0.3977034237395513,10,41,0.2429970656480525,0.3044017872385534,p_exp_CO2,0.7550147700442851,0.7088501489046946,
d_exp_He,1,2,TOP,p_exp_CO2,0.6336069410783087,-0.5931644116125242,0.3977034237395513,10,41,0.2429970656480525,0.3044017872385534,p_exp_CO2,0.7550147700442851,0.7550147700442851,
d_exp_He,1,2,GATE,p_exp_CO2,0.6336069410783087,-0.5931644116125242,0.3977034237395513,10,41,0.2429970656480525,0.3044017872385534,p_exp_CO2,0.7550147700442851,0.7550147700442851,True
d_exp_He,1,2,ALL3,p_exp_CO2|p_exp_O2|p_exp_He,0.6545266575346871,-0.6457657099862548,0.3977034237395513,10,41,0.2429970656480525,0.3044017872385534,p_exp_CO2,0.7550147700442851,0.7517942494615678,
d_exp_He,1,2,GATE_MAX,p_exp_CO2,0.6336069410783087,-0.5931644116125242,0.3977034237395513,10,41,0.2429970656480525,0.3044017872385534,p_exp_CO2,0.7550147700442851,0.7550147700442851,True
d_exp_He,1,3,NONE,,0.3192210364485306,0.0,0.3192210364485306,10,41,0.2862061377922331,0.3378511593466006,d_exp_H2,0.7192477046172154,,
d_exp_He,1,3,PHYS,d_exp_H2,0.2494873720931228,0.2184494641431667,0.3192210364485306,10,41,0.2862061377922331,0.3378511593466006,d_exp_H2,0.7192477046172154,0.7192477046172154,
d_exp_He,1,3,TOP,d_exp_H2,0.2494873720931228,0.2184494641431667,0.3192210364485306,10,41,0.2862061377922331,0.3378511593466006,d_exp_H2,0.7192477046172154,0.7192477046172154,
d_exp_He,1,3,GATE,d_exp_H2,0.2494873720931228,0.2184494641431667,0.3192210364485306,10,41,0.2862061377922331,0.3378511593466006,d_exp_H2,0.7192477046172154,0.7192477046172154,True
d_exp_He,1,3,ALL3,d_exp_H2|p_exp_O2|p_exp_CO2,0.2058153527986639,0.3552575510422277,0.3192210364485306,10,41,0.2862061377922331,0.3378511593466006,d_exp_H2,0.7192477046172154,0.7137863835013691,
d_exp_He,1,3,GATE_MAX,d_exp_H2,0.2494873720931228,0.2184494641431667,0.3192210364485306,10,41,0.2862061377922331,0.3378511593466006,d_exp_H2,0.7192477046172154,0.7192477046172154,True
d_exp_He,1,4,NONE,,0.8251870859259112,0.0,0.8251870859259112,10,41,0.3876437709378859,0.4447022175768019,p_exp_CO2,0.7429558888804485,,
d_exp_He,1,4,PHYS,d_exp_H2,0.6577319841761055,0.2029298623377154,0.8251870859259112,10,41,0.3876437709378859,0.4447022175768019,p_exp_CO2,0.7429558888804485,0.7130546882368255,
d_exp_He,1,4,TOP,p_exp_CO2,0.7155884747426035,0.13281668248641,0.8251870859259112,10,41,0.3876437709378859,0.4447022175768019,p_exp_CO2,0.7429558888804485,0.7429558888804485,
d_exp_He,1,4,GATE,p_exp_CO2,0.7155884747426035,0.13281668248641,0.8251870859259112,10,41,0.3876437709378859,0.4447022175768019,p_exp_CO2,0.7429558888804485,0.7429558888804485,True
d_exp_He,1,4,ALL3,p_exp_CO2|p_exp_O2|p_exp_He,0.7137572919515648,0.1350357947607908,0.8251870859259112,10,41,0.3876437709378859,0.4447022175768019,p_exp_CO2,0.7429558888804485,0.7334748079747015,
d_exp_He,1,4,GATE_MAX,p_exp_CO2,0.7155884747426035,0.13281668248641,0.8251870859259112,10,41,0.3876437709378859,0.4447022175768019,p_exp_CO2,0.7429558888804485,0.7429558888804485,True
d_exp_He,2,0,NONE,,0.3692875948101797,0.0,0.3692875948101797,11,40,0.254842883285981,0.2581377853910402,d_exp_CO2,0.7359699795496606,,
d_exp_He,2,0,PHYS,d_exp_H2,0.2754064121248358,0.2542224109466783,0.3692875948101797,11,40,0.254842883285981,0.2581377853910402,d_exp_CO2,0.7359699795496606,0.713370652040378,
d_exp_He,2,0,TOP,d_exp_CO2,0.3813169597072333,-0.0325745166263622,0.3692875948101797,11,40,0.254842883285981,0.2581377853910402,d_exp_CO2,0.7359699795496606,0.7359699795496606,
d_exp_He,2,0,GATE,d_exp_CO2,0.3813169597072333,-0.0325745166263622,0.3692875948101797,11,40,0.254842883285981,0.2581377853910402,d_exp_CO2,0.7359699795496606,0.7359699795496606,True
d_exp_He,2,0,ALL3,d_exp_CO2|p_exp_CO2|p_exp_O2,0.2944009298855147,0.202786841413284,0.3692875948101797,11,40,0.254842883285981,0.2581377853910402,d_exp_CO2,0.7359699795496606,0.7337387921836203,
d_exp_He,2,0,GATE_MAX,d_exp_CO2,0.3813169597072333,-0.0325745166263622,0.3692875948101797,11,40,0.254842883285981,0.2581377853910402,d_exp_CO2,0.7359699795496606,0.7359699795496606,True
d_exp_He,2,1,NONE,,0.824922023954488,0.0,0.824922023954488,10,41,0.4078115821896592,0.468143114479619,d_exp_H2,0.721508264927348,,
d_exp_He,2,1,PHYS,d_exp_H2,0.7167957558998221,0.1310745317919058,0.824922023954488,10,41,0.4078115821896592,0.468143114479619,d_exp_H2,0.721508264927348,0.721508264927348,
d_exp_He,2,1,TOP,d_exp_H2,0.7167957558998221,0.1310745317919058,0.824922023954488,10,41,0.4078115821896592,0.468143114479619,d_exp_H2,0.721508264927348,0.721508264927348,
d_exp_He,2,1,GATE,d_exp_H2,0.7167957558998221,0.1310745317919058,0.824922023954488,10,41,0.4078115821896592,0.468143114479619,d_exp_H2,0.721508264927348,0.721508264927348,True
d_exp_He,2,1,ALL3,d_exp_H2|p_exp_N2|p_exp_He,0.7385765919231014,0.1046710228652476,0.824922023954488,10,41,0.4078115821896592,0.468143114479619,d_exp_H2,0.721508264927348,0.7206322757449106,
d_exp_He,2,1,GATE_MAX,d_exp_H2,0.7167957558998221,0.1310745317919058,0.824922023954488,10,41,0.4078115821896592,0.468143114479619,d_exp_H2,0.721508264927348,0.721508264927348,True
d_exp_He,2,2,NONE,,0.4745713057494941,0.0,0.4745713057494941,10,41,0.3104129287028772,0.3166940802753226,d_exp_H2,0.7749324310666077,,
d_exp_He,2,2,PHYS,d_exp_H2,0.6767737809502722,-0.4260739592787604,0.4745713057494941,10,41,0.3104129287028772,0.3166940802753226,d_exp_H2,0.7749324310666077,0.7749324310666077,
d_exp_He,2,2,TOP,d_exp_H2,0.6767737809502722,-0.4260739592787604,0.4745713057494941,10,41,0.3104129287028772,0.3166940802753226,d_exp_H2,0.7749324310666077,0.7749324310666077,
d_exp_He,2,2,GATE,d_exp_H2,0.6767737809502722,-0.4260739592787604,0.4745713057494941,10,41,0.3104129287028772,0.3166940802753226,d_exp_H2,0.7749324310666077,0.7749324310666077,True
d_exp_He,2,2,ALL3,d_exp_H2|p_exp_O2|p_exp_CO2,0.673034529553968,-0.4181947399686112,0.4745713057494941,10,41,0.3104129287028772,0.3166940802753226,d_exp_H2,0.7749324310666077,0.7544823182031891,
d_exp_He,2,2,GATE_MAX,d_exp_H2,0.6767737809502722,-0.4260739592787604,0.4745713057494941,10,41,0.3104129287028772,0.3166940802753226,d_exp_H2,0.7749324310666077,0.7749324310666077,True
d_exp_He,2,3,NONE,,0.3605445276867464,0.0,0.3605445276867464,10,41,0.3414969992454801,0.3806749287389742,p_exp_O2,0.7637150650221719,,
d_exp_He,2,3,PHYS,d_exp_H2,0.3064833192180358,0.1499432228678309,0.3605445276867464,10,41,0.3414969992454801,0.3806749287389742,p_exp_O2,0.7637150650221719,0.7228698617839057,
d_exp_He,2,3,TOP,p_exp_O2,0.4376318703540275,-0.2138081062050044,0.3605445276867464,10,41,0.3414969992454801,0.3806749287389742,p_exp_O2,0.7637150650221719,0.7637150650221719,
d_exp_He,2,3,GATE,p_exp_O2,0.4376318703540275,-0.2138081062050044,0.3605445276867464,10,41,0.3414969992454801,0.3806749287389742,p_exp_O2,0.7637150650221719,0.7637150650221719,True
d_exp_He,2,3,ALL3,p_exp_O2|p_exp_CO2|p_exp_N2,0.4608284866025935,-0.2781458355761739,0.3605445276867464,10,41,0.3414969992454801,0.3806749287389742,p_exp_O2,0.7637150650221719,0.7505808586167859,
d_exp_He,2,3,GATE_MAX,p_exp_O2,0.4376318703540275,-0.2138081062050044,0.3605445276867464,10,41,0.3414969992454801,0.3806749287389742,p_exp_O2,0.7637150650221719,0.7637150650221719,True
d_exp_He,2,4,NONE,,0.5441755633580054,0.0,0.5441755633580054,10,41,0.2516008316536169,0.2779282330405639,d_exp_H2,0.7078958173368031,,
d_exp_He,2,4,PHYS,d_exp_H2,0.4240423073979272,0.2207619453155124,0.5441755633580054,10,41,0.2516008316536169,0.2779282330405639,d_exp_H2,0.7078958173368031,0.7078958173368031,
d_exp_He,2,4,TOP,d_exp_H2,0.4240423073979272,0.2207619453155124,0.5441755633580054,10,41,0.2516008316536169,0.2779282330405639,d_exp_H2,0.7078958173368031,0.7078958173368031,
d_exp_He,2,4,GATE,d_exp_H2,0.4240423073979272,0.2207619453155124,0.5441755633580054,10,41,0.2516008316536169,0.2779282330405639,d_exp_H2,0.7078958173368031,0.7078958173368031,True
d_exp_He,2,4,ALL3,d_exp_H2|p_exp_O2|d_exp_CO2,0.4503058478334554,0.1724989540972726,0.5441755633580054,10,41,0.2516008316536169,0.2779282330405639,d_exp_H2,0.7078958173368031,0.6986154798257292,
d_exp_He,2,4,GATE_MAX,d_exp_H2,0.4240423073979272,0.2207619453155124,0.5441755633580054,10,41,0.2516008316536169,0.2779282330405639,d_exp_H2,0.7078958173368031,0.7078958173368031,True
d_exp_H2,0,0,NONE,,0.306414729213421,0.0,0.306414729213421,11,40,0.3206097547084306,0.3284494884584852,p_exp_CO2,0.919254161060958,,
d_exp_H2,0,0,PHYS,d_exp_He,0.5304592765941417,-0.731180736500011,0.306414729213421,11,40,0.3206097547084306,0.3284494884584852,p_exp_CO2,0.919254161060958,0.7538290645865398,
d_exp_H2,0,0,TOP,p_exp_CO2,0.4744693948109524,-0.5484549193471687,0.306414729213421,11,40,0.3206097547084306,0.3284494884584852,p_exp_CO2,0.919254161060958,0.919254161060958,
d_exp_H2,0,0,GATE,p_exp_CO2,0.4744693948109524,-0.5484549193471687,0.306414729213421,11,40,0.3206097547084306,0.3284494884584852,p_exp_CO2,0.919254161060958,0.919254161060958,True
d_exp_H2,0,0,ALL3,p_exp_CO2|p_exp_O2|p_exp_N2,0.5971431626055487,-0.9488069784975388,0.306414729213421,11,40,0.3206097547084306,0.3284494884584852,p_exp_CO2,0.919254161060958,0.910876356712614,
d_exp_H2,0,0,GATE_MAX,p_exp_CO2,0.4744693948109524,-0.5484549193471687,0.306414729213421,11,40,0.3206097547084306,0.3284494884584852,p_exp_CO2,0.919254161060958,0.919254161060958,True
d_exp_H2,0,1,NONE,,0.9422891930320936,0.0,0.9422891930320936,10,41,0.409442043528898,0.5057152132348576,p_exp_O2,0.8972863696670735,,
d_exp_H2,0,1,PHYS,d_exp_He,0.781327892799442,0.1708194272235163,0.9422891930320936,10,41,0.409442043528898,0.5057152132348576,p_exp_O2,0.8972863696670735,0.8247956408122347,
d_exp_H2,0,1,TOP,p_exp_O2,0.4771045363621357,0.4936750417067704,0.9422891930320936,10,41,0.409442043528898,0.5057152132348576,p_exp_O2,0.8972863696670735,0.8972863696670735,
d_exp_H2,0,1,GATE,p_exp_O2,0.4771045363621357,0.4936750417067704,0.9422891930320936,10,41,0.409442043528898,0.5057152132348576,p_exp_O2,0.8972863696670735,0.8972863696670735,True
d_exp_H2,0,1,ALL3,p_exp_O2|d_exp_CO2|p_exp_CH4,0.5555657899389648,0.4104084032299385,0.9422891930320936,10,41,0.409442043528898,0.5057152132348576,p_exp_O2,0.8972863696670735,0.8934888223476678,
d_exp_H2,0,1,GATE_MAX,p_exp_O2,0.4771045363621357,0.4936750417067704,0.9422891930320936,10,41,0.409442043528898,0.5057152132348576,p_exp_O2,0.8972863696670735,0.8972863696670735,True
d_exp_H2,0,2,NONE,,0.4535938340920304,0.0,0.4535938340920304,10,41,0.3628367452976302,0.4125882575258595,p_exp_O2,0.8898364838939554,,
d_exp_H2,0,2,PHYS,d_exp_He,0.5046127336776787,-0.1124770571182343,0.4535938340920304,10,41,0.3628367452976302,0.4125882575258595,p_exp_O2,0.8898364838939554,0.7366179919667515,
d_exp_H2,0,2,TOP,p_exp_O2,0.2917263672471115,0.356855527299953,0.4535938340920304,10,41,0.3628367452976302,0.4125882575258595,p_exp_O2,0.8898364838939554,0.8898364838939554,
d_exp_H2,0,2,GATE,p_exp_O2,0.2917263672471115,0.356855527299953,0.4535938340920304,10,41,0.3628367452976302,0.4125882575258595,p_exp_O2,0.8898364838939554,0.8898364838939554,True
d_exp_H2,0,2,ALL3,p_exp_O2|p_exp_CO2|p_exp_N2,0.282484179630446,0.3772309974276849,0.4535938340920304,10,41,0.3628367452976302,0.4125882575258595,p_exp_O2,0.8898364838939554,0.8772869566651922,
d_exp_H2,0,2,GATE_MAX,p_exp_O2,0.2917263672471115,0.356855527299953,0.4535938340920304,10,41,0.3628367452976302,0.4125882575258595,p_exp_O2,0.8898364838939554,0.8898364838939554,True
d_exp_H2,0,3,NONE,,0.3303646655684218,0.0,0.3303646655684218,10,41,0.3330251718543349,0.3491884933539379,p_exp_O2,0.8885957854886455,,
d_exp_H2,0,3,PHYS,d_exp_He,0.436694479535557,-0.3218558915318177,0.3303646655684218,10,41,0.3330251718543349,0.3491884933539379,p_exp_O2,0.8885957854886455,0.7423163572155127,
d_exp_H2,0,3,TOP,p_exp_O2,0.3378541916469897,-0.0226704816197021,0.3303646655684218,10,41,0.3330251718543349,0.3491884933539379,p_exp_O2,0.8885957854886455,0.8885957854886455,
d_exp_H2,0,3,GATE,p_exp_O2,0.3378541916469897,-0.0226704816197021,0.3303646655684218,10,41,0.3330251718543349,0.3491884933539379,p_exp_O2,0.8885957854886455,0.8885957854886455,True
d_exp_H2,0,3,ALL3,p_exp_O2|p_exp_CO2|p_exp_N2,0.3594174992315195,-0.0879417101496302,0.3303646655684218,10,41,0.3330251718543349,0.3491884933539379,p_exp_O2,0.8885957854886455,0.8764911299339927,
d_exp_H2,0,3,GATE_MAX,p_exp_O2,0.3378541916469897,-0.0226704816197021,0.3303646655684218,10,41,0.3330251718543349,0.3491884933539379,p_exp_O2,0.8885957854886455,0.8885957854886455,True
d_exp_H2,0,4,NONE,,0.384997248395461,0.0,0.384997248395461,10,41,0.2756128669443247,0.2816921940872198,p_exp_O2,0.8808461631698495,,
d_exp_H2,0,4,PHYS,d_exp_He,0.2465518075547612,0.3596011177162793,0.384997248395461,10,41,0.2756128669443247,0.2816921940872198,p_exp_O2,0.8808461631698495,0.642322838381253,
d_exp_H2,0,4,TOP,p_exp_O2,0.350450960560237,0.0897312590653603,0.384997248395461,10,41,0.2756128669443247,0.2816921940872198,p_exp_O2,0.8808461631698495,0.8808461631698495,
d_exp_H2,0,4,GATE,p_exp_O2,0.350450960560237,0.0897312590653603,0.384997248395461,10,41,0.2756128669443247,0.2816921940872198,p_exp_O2,0.8808461631698495,0.8808461631698495,True
d_exp_H2,0,4,ALL3,p_exp_O2|p_exp_CO2|p_exp_N2,0.3793402986101034,0.0146934810805373,0.384997248395461,10,41,0.2756128669443247,0.2816921940872198,p_exp_O2,0.8808461631698495,0.8720026376452875,
d_exp_H2,0,4,GATE_MAX,p_exp_O2,0.350450960560237,0.0897312590653603,0.384997248395461,10,41,0.2756128669443247,0.2816921940872198,p_exp_O2,0.8808461631698495,0.8808461631698495,True
d_exp_H2,1,0,NONE,,0.5712020852497253,0.0,0.5712020852497253,11,40,0.3333677933447966,0.418033229347072,p_exp_He,0.88970215598909,,
d_exp_H2,1,0,PHYS,d_exp_He,0.480896396845827,0.1580976168257811,0.5712020852497253,11,40,0.3333677933447966,0.418033229347072,p_exp_He,0.88970215598909,0.7238141205879143,
d_exp_H2,1,0,TOP,p_exp_He,0.3910872246662584,0.3153259857318658,0.5712020852497253,11,40,0.3333677933447966,0.418033229347072,p_exp_He,0.88970215598909,0.88970215598909,
d_exp_H2,1,0,GATE,p_exp_He,0.3910872246662584,0.3153259857318658,0.5712020852497253,11,40,0.3333677933447966,0.418033229347072,p_exp_He,0.88970215598909,0.88970215598909,True
d_exp_H2,1,0,ALL3,p_exp_He|p_exp_O2|p_exp_CO2,0.3840269380929202,0.3276863862900175,0.5712020852497253,11,40,0.3333677933447966,0.418033229347072,p_exp_He,0.88970215598909,0.8880484333977797,
d_exp_H2,1,0,GATE_MAX,p_exp_He,0.3910872246662584,0.3153259857318658,0.5712020852497253,11,40,0.3333677933447966,0.418033229347072,p_exp_He,0.88970215598909,0.88970215598909,True
d_exp_H2,1,1,NONE,,0.2534156925125411,0.0,0.2534156925125411,10,41,0.3269898809074195,0.3343862059945745,p_exp_He,0.8857611976247616,,
d_exp_H2,1,1,PHYS,d_exp_He,0.4055067265759782,-0.6001642303817089,0.2534156925125411,10,41,0.3269898809074195,0.3343862059945745,p_exp_He,0.8857611976247616,0.7426223667901517,
d_exp_H2,1,1,TOP,p_exp_He,0.2749172105449253,-0.0848468294098246,0.2534156925125411,10,41,0.3269898809074195,0.3343862059945745,p_exp_He,0.8857611976247616,0.8857611976247616,
d_exp_H2,1,1,GATE,p_exp_He,0.2749172105449253,-0.0848468294098246,0.2534156925125411,10,41,0.3269898809074195,0.3343862059945745,p_exp_He,0.8857611976247616,0.8857611976247616,True
d_exp_H2,1,1,ALL3,p_exp_He|p_exp_CO2|p_exp_O2,0.2612903337732731,-0.0310740080168567,0.2534156925125411,10,41,0.3269898809074195,0.3343862059945745,p_exp_He,0.8857611976247616,0.8801684221724769,
d_exp_H2,1,1,GATE_MAX,p_exp_He,0.2749172105449253,-0.0848468294098246,0.2534156925125411,10,41,0.3269898809074195,0.3343862059945745,p_exp_He,0.8857611976247616,0.8857611976247616,True
d_exp_H2,1,2,NONE,,0.4508516448754606,0.0,0.4508516448754606,10,41,0.3037963756477087,0.3058803084412048,p_exp_N2,0.8840375921379936,,
d_exp_H2,1,2,PHYS,d_exp_He,0.5984132070466338,-0.3272951620525514,0.4508516448754606,10,41,0.3037963756477087,0.3058803084412048,p_exp_N2,0.8840375921379936,0.8030246930688527,
d_exp_H2,1,2,TOP,p_exp_N2,0.3685311303120464,0.1825889192134447,0.4508516448754606,10,41,0.3037963756477087,0.3058803084412048,p_exp_N2,0.8840375921379936,0.8840375921379936,
d_exp_H2,1,2,GATE,p_exp_N2,0.3685311303120464,0.1825889192134447,0.4508516448754606,10,41,0.3037963756477087,0.3058803084412048,p_exp_N2,0.8840375921379936,0.8840375921379936,True
d_exp_H2,1,2,ALL3,p_exp_N2|p_exp_He|p_exp_O2,0.3339187555751766,0.2593600148283467,0.4508516448754606,10,41,0.3037963756477087,0.3058803084412048,p_exp_N2,0.8840375921379936,0.8829687872926479,
d_exp_H2,1,2,GATE_MAX,p_exp_N2,0.3685311303120464,0.1825889192134447,0.4508516448754606,10,41,0.3037963756477087,0.3058803084412048,p_exp_N2,0.8840375921379936,0.8840375921379936,True
d_exp_H2,1,3,NONE,,0.361445606600387,0.0,0.361445606600387,10,41,0.3476049586601356,0.3800003850957814,p_exp_O2,0.8902669658777218,,
d_exp_H2,1,3,PHYS,d_exp_He,0.2353061792497264,0.3489859194501702,0.361445606600387,10,41,0.3476049586601356,0.3800003850957814,p_exp_O2,0.8902669658777218,0.7448280959274184,
d_exp_H2,1,3,TOP,p_exp_O2,0.3290127516770648,0.0897309424462858,0.361445606600387,10,41,0.3476049586601356,0.3800003850957814,p_exp_O2,0.8902669658777218,0.8902669658777218,
d_exp_H2,1,3,GATE,p_exp_O2,0.3290127516770648,0.0897309424462858,0.361445606600387,10,41,0.3476049586601356,0.3800003850957814,p_exp_O2,0.8902669658777218,0.8902669658777218,True
d_exp_H2,1,3,ALL3,p_exp_O2|p_exp_CO2|p_exp_He,0.3527425601305838,0.0240784403265004,0.361445606600387,10,41,0.3476049586601356,0.3800003850957814,p_exp_O2,0.8902669658777218,0.8878503378526093,
d_exp_H2,1,3,GATE_MAX,p_exp_O2,0.3290127516770648,0.0897309424462858,0.361445606600387,10,41,0.3476049586601356,0.3800003850957814,p_exp_O2,0.8902669658777218,0.8902669658777218,True
d_exp_H2,1,4,NONE,,0.6411184529738376,0.0,0.6411184529738376,10,41,0.3449099816303773,0.4106140637907745,p_exp_N2,0.8999475607011123,,
d_exp_H2,1,4,PHYS,d_exp_He,0.5352636174682956,0.1651096377191028,0.6411184529738376,10,41,0.3449099816303773,0.4106140637907745,p_exp_N2,0.8999475607011123,0.7632041474016873,
d_exp_H2,1,4,TOP,p_exp_N2,0.5157634831981623,0.1955254433782312,0.6411184529738376,10,41,0.3449099816303773,0.4106140637907745,p_exp_N2,0.8999475607011123,0.8999475607011123,
d_exp_H2,1,4,GATE,p_exp_N2,0.5157634831981623,0.1955254433782312,0.6411184529738376,10,41,0.3449099816303773,0.4106140637907745,p_exp_N2,0.8999475607011123,0.8999475607011123,True
d_exp_H2,1,4,ALL3,p_exp_N2|p_exp_O2|p_exp_CO2,0.5424788721642161,0.15385546984661,0.6411184529738376,10,41,0.3449099816303773,0.4106140637907745,p_exp_N2,0.8999475607011123,0.8953135964681005,
d_exp_H2,1,4,GATE_MAX,p_exp_N2,0.5157634831981623,0.1955254433782312,0.6411184529738376,10,41,0.3449099816303773,0.4106140637907745,p_exp_N2,0.8999475607011123,0.8999475607011123,True
d_exp_H2,2,0,NONE,,0.50778751215295,0.0,0.50778751215295,11,40,0.3385041530780359,0.3457047884682702,p_exp_O2,0.9002257078158106,,
d_exp_H2,2,0,PHYS,d_exp_He,0.4656399892782594,0.0830022831715392,0.50778751215295,11,40,0.3385041530780359,0.3457047884682702,p_exp_O2,0.9002257078158106,0.7285576835040659,
d_exp_H2,2,0,TOP,p_exp_O2,0.435163447514762,0.143020580262543,0.50778751215295,11,40,0.3385041530780359,0.3457047884682702,p_exp_O2,0.9002257078158106,0.9002257078158106,
d_exp_H2,2,0,GATE,p_exp_O2,0.435163447514762,0.143020580262543,0.50778751215295,11,40,0.3385041530780359,0.3457047884682702,p_exp_O2,0.9002257078158106,0.9002257078158106,True
d_exp_H2,2,0,ALL3,p_exp_O2|p_exp_CO2|p_exp_N2,0.4192767824458138,0.1743066294243093,0.50778751215295,11,40,0.3385041530780359,0.3457047884682702,p_exp_O2,0.9002257078158106,0.8926416513801856,
d_exp_H2,2,0,GATE_MAX,p_exp_O2,0.435163447514762,0.143020580262543,0.50778751215295,11,40,0.3385041530780359,0.3457047884682702,p_exp_O2,0.9002257078158106,0.9002257078158106,True
d_exp_H2,2,1,NONE,,0.735282431931419,0.0,0.735282431931419,10,41,0.2685214123848395,0.2730436558811654,p_exp_N2,0.8889075269336877,,
d_exp_H2,2,1,PHYS,d_exp_He,0.6410784628034232,0.128119434161569,0.735282431931419,10,41,0.2685214123848395,0.2730436558811654,p_exp_N2,0.8889075269336877,0.8226564742035866,
d_exp_H2,2,1,TOP,p_exp_N2,0.3954124937864318,0.4622304619086662,0.735282431931419,10,41,0.2685214123848395,0.2730436558811654,p_exp_N2,0.8889075269336877,0.8889075269336877,
d_exp_H2,2,1,GATE,p_exp_N2,0.3954124937864318,0.4622304619086662,0.735282431931419,10,41,0.2685214123848395,0.2730436558811654,p_exp_N2,0.8889075269336877,0.8889075269336877,True
d_exp_H2,2,1,ALL3,p_exp_N2|p_exp_O2|p_exp_CO2,0.3994007003395952,0.4568064147942977,0.735282431931419,10,41,0.2685214123848395,0.2730436558811654,p_exp_N2,0.8889075269336877,0.8824252693419418,
d_exp_H2,2,1,GATE_MAX,p_exp_N2,0.3954124937864318,0.4622304619086662,0.735282431931419,10,41,0.2685214123848395,0.2730436558811654,p_exp_N2,0.8889075269336877,0.8889075269336877,True
d_exp_H2,2,2,NONE,,0.4131088058722867,0.0,0.4131088058722867,10,41,0.317707903489066,0.3742040109796163,p_exp_CO2,0.9037062208569918,,
d_exp_H2,2,2,PHYS,d_exp_He,0.6668980992417071,-0.6143400715788171,0.4131088058722867,10,41,0.317707903489066,0.3742040109796163,p_exp_CO2,0.9037062208569918,0.7940290917960936,
d_exp_H2,2,2,TOP,p_exp_CO2,0.4441613625115347,-0.075167985280972,0.4131088058722867,10,41,0.317707903489066,0.3742040109796163,p_exp_CO2,0.9037062208569918,0.9037062208569918,
d_exp_H2,2,2,GATE,p_exp_CO2,0.4441613625115347,-0.075167985280972,0.4131088058722867,10,41,0.317707903489066,0.3742040109796163,p_exp_CO2,0.9037062208569918,0.9037062208569918,True
d_exp_H2,2,2,ALL3,p_exp_CO2|p_exp_N2|p_exp_O2,0.4572221138868103,-0.1067837513687889,0.4131088058722867,10,41,0.317707903489066,0.3742040109796163,p_exp_CO2,0.9037062208569918,0.898172464743552,
d_exp_H2,2,2,GATE_MAX,p_exp_CO2,0.4441613625115347,-0.075167985280972,0.4131088058722867,10,41,0.317707903489066,0.3742040109796163,p_exp_CO2,0.9037062208569918,0.9037062208569918,True
d_exp_H2,2,3,NONE,,0.2851817362366912,0.0,0.2851817362366912,10,41,0.2716714733494861,0.3029505057966152,p_exp_N2,0.8963460254750921,,
d_exp_H2,2,3,PHYS,d_exp_He,0.2308835227964326,0.190398635469394,0.2851817362366912,10,41,0.2716714733494861,0.3029505057966152,p_exp_N2,0.8963460254750921,0.7550110828458428,
d_exp_H2,2,3,TOP,p_exp_N2,0.3194490245820762,-0.1201594772427651,0.2851817362366912,10,41,0.2716714733494861,0.3029505057966152,p_exp_N2,0.8963460254750921,0.8963460254750921,
d_exp_H2,2,3,GATE,p_exp_N2,0.3194490245820762,-0.1201594772427651,0.2851817362366912,10,41,0.2716714733494861,0.3029505057966152,p_exp_N2,0.8963460254750921,0.8963460254750921,True
d_exp_H2,2,3,ALL3,p_exp_N2|p_exp_O2|p_exp_CO2,0.289631176575992,-0.0156021223449172,0.2851817362366912,10,41,0.2716714733494861,0.3029505057966152,p_exp_N2,0.8963460254750921,0.8928291466371449,
d_exp_H2,2,3,GATE_MAX,p_exp_N2,0.3194490245820762,-0.1201594772427651,0.2851817362366912,10,41,0.2716714733494861,0.3029505057966152,p_exp_N2,0.8963460254750921,0.8963460254750921,True
d_exp_H2,2,4,NONE,,0.2847747908680509,0.0,0.2847747908680509,10,41,0.3380461427731761,0.3575735275902914,p_exp_N2,0.921120656010484,,
d_exp_H2,2,4,PHYS,d_exp_He,0.4529062235979493,-0.5904013912797546,0.2847747908680509,10,41,0.3380461427731761,0.3575735275902914,p_exp_N2,0.921120656010484,0.7952491810471752,
d_exp_H2,2,4,TOP,p_exp_N2,0.3953079020493517,-0.3881421906917167,0.2847747908680509,10,41,0.3380461427731761,0.3575735275902914,p_exp_N2,0.921120656010484,0.921120656010484,
d_exp_H2,2,4,GATE,p_exp_N2,0.3953079020493517,-0.3881421906917167,0.2847747908680509,10,41,0.3380461427731761,0.3575735275902914,p_exp_N2,0.921120656010484,0.921120656010484,True
d_exp_H2,2,4,ALL3,p_exp_N2|p_exp_O2|p_exp_CO2,0.3886327317750679,-0.3647020180067101,0.2847747908680509,10,41,0.3380461427731761,0.3575735275902914,p_exp_N2,0.921120656010484,0.9098164366806968,
d_exp_H2,2,4,GATE_MAX,p_exp_N2,0.3953079020493517,-0.3881421906917167,0.2847747908680509,10,41,0.3380461427731761,0.3575735275902914,p_exp_N2,0.921120656010484,0.921120656010484,True
s_exp_CO2,0,0,NONE,,0.2982182410267227,0.0,0.2982182410267227,25,100,0.2907527808704987,0.4128332652986389,s_sim_CH4,0.4844346284971701,,
s_exp_CO2,0,0,PHYS,s_sim_CO2,0.2968611975374968,0.004550504638998,0.2982182410267227,25,100,0.2907527808704987,0.4128332652986389,s_sim_CH4,0.4844346284971701,0.4378294853606774,
s_exp_CO2,0,0,TOP,s_sim_CH4,0.2925013695372307,0.0191700932505323,0.2982182410267227,25,100,0.2907527808704987,0.4128332652986389,s_sim_CH4,0.4844346284971701,0.4844346284971701,
s_exp_CO2,0,0,GATE,s_sim_CH4,0.2925013695372307,0.0191700932505323,0.2982182410267227,25,100,0.2907527808704987,0.4128332652986389,s_sim_CH4,0.4844346284971701,0.4844346284971701,True
s_exp_CO2,0,0,ALL3,s_sim_CH4|s_sim_O2|s_sim_N2,0.2941930557370864,0.0134974482975225,0.2982182410267227,25,100,0.2907527808704987,0.4128332652986389,s_sim_CH4,0.4844346284971701,0.4646313860857953,
s_exp_CO2,0,0,GATE_MAX,s_sim_CH4,0.2925013695372307,0.0191700932505323,0.2982182410267227,25,100,0.2907527808704987,0.4128332652986389,s_sim_CH4,0.4844346284971701,0.4844346284971701,True
s_exp_CO2,0,1,NONE,,0.4690363126179258,0.0,0.4690363126179258,25,100,0.2665641935148899,0.2794572566343323,s_sim_CH4,0.277021241389314,,
s_exp_CO2,0,1,PHYS,s_sim_CO2,0.4505220945368591,0.0394728885227023,0.4690363126179258,25,100,0.2665641935148899,0.2794572566343323,s_sim_CH4,0.277021241389314,0.2670878847148833,
s_exp_CO2,0,1,TOP,s_sim_CH4,0.4345609398823321,0.0735025664498543,0.4690363126179258,25,100,0.2665641935148899,0.2794572566343323,s_sim_CH4,0.277021241389314,0.277021241389314,
s_exp_CO2,0,1,GATE,s_sim_CH4,0.4345609398823321,0.0735025664498543,0.4690363126179258,25,100,0.2665641935148899,0.2794572566343323,s_sim_CH4,0.277021241389314,0.277021241389314,True
s_exp_CO2,0,1,ALL3,s_sim_CH4|s_sim_O2|p_exp_H2,0.3912320522505959,0.1658811018981996,0.4690363126179258,25,100,0.2665641935148899,0.2794572566343323,s_sim_CH4,0.277021241389314,0.2722541989465003,
s_exp_CO2,0,1,GATE_MAX,,0.4690363126179258,0.0,0.4690363126179258,25,100,0.2665641935148899,0.2794572566343323,s_sim_CH4,0.277021241389314,0.277021241389314,False
s_exp_CO2,0,2,NONE,,0.3082766990533436,0.0,0.3082766990533436,25,100,0.2430950562465066,0.3119115709906733,s_sim_CH4,0.4308687183502002,,
s_exp_CO2,0,2,PHYS,s_sim_CO2,0.3195562247907278,-0.0365889662501948,0.3082766990533436,25,100,0.2430950562465066,0.3119115709906733,s_sim_CH4,0.4308687183502002,0.4026286023629367,
s_exp_CO2,0,2,TOP,s_sim_CH4,0.3094902940180448,-0.0039367067586618,0.3082766990533436,25,100,0.2430950562465066,0.3119115709906733,s_sim_CH4,0.4308687183502002,0.4308687183502002,
s_exp_CO2,0,2,GATE,s_sim_CH4,0.3094902940180448,-0.0039367067586618,0.3082766990533436,25,100,0.2430950562465066,0.3119115709906733,s_sim_CH4,0.4308687183502002,0.4308687183502002,True
s_exp_CO2,0,2,ALL3,s_sim_CH4|s_sim_O2|s_sim_CO2,0.3174781377525273,-0.0298479863299415,0.3082766990533436,25,100,0.2430950562465066,0.3119115709906733,s_sim_CH4,0.4308687183502002,0.4140190950417353,
s_exp_CO2,0,2,GATE_MAX,s_sim_CH4,0.3094902940180448,-0.0039367067586618,0.3082766990533436,25,100,0.2430950562465066,0.3119115709906733,s_sim_CH4,0.4308687183502002,0.4308687183502002,True
s_exp_CO2,0,3,NONE,,0.5268217536431452,0.0,0.5268217536431452,25,100,0.2375354837405251,0.3484683844627781,s_sim_CH4,0.3645979652427144,,
s_exp_CO2,0,3,PHYS,s_sim_CO2,0.4895317295033096,0.0707829999083425,0.5268217536431452,25,100,0.2375354837405251,0.3484683844627781,s_sim_CH4,0.3645979652427144,0.3123746531698307,
s_exp_CO2,0,3,TOP,s_sim_CH4,0.4727904425560496,0.1025608960022083,0.5268217536431452,25,100,0.2375354837405251,0.3484683844627781,s_sim_CH4,0.3645979652427144,0.3645979652427144,
s_exp_CO2,0,3,GATE,s_sim_CH4,0.4727904425560496,0.1025608960022083,0.5268217536431452,25,100,0.2375354837405251,0.3484683844627781,s_sim_CH4,0.3645979652427144,0.3645979652427144,True
s_exp_CO2,0,3,ALL3,s_sim_CH4|s_sim_O2|s_exp_CH4,0.4891091594474975,0.071585111918505,0.5268217536431452,25,100,0.2375354837405251,0.3484683844627781,s_sim_CH4,0.3645979652427144,0.3324568665093408,
s_exp_CO2,0,3,GATE_MAX,s_sim_CH4,0.4727904425560496,0.1025608960022083,0.5268217536431452,25,100,0.2375354837405251,0.3484683844627781,s_sim_CH4,0.3645979652427144,0.3645979652427144,True
s_exp_CO2,0,4,NONE,,0.2982212161634363,0.0,0.2982212161634363,25,100,0.2949028716836979,0.4406683801221176,s_sim_CH4,0.4482524892642991,,
s_exp_CO2,0,4,PHYS,s_sim_CO2,0.2878590002090029,0.034746742997502,0.2982212161634363,25,100,0.2949028716836979,0.4406683801221176,s_sim_CH4,0.4482524892642991,0.4054872460768613,
s_exp_CO2,0,4,TOP,s_sim_CH4,0.2864266962226258,0.0395495669038739,0.2982212161634363,25,100,0.2949028716836979,0.4406683801221176,s_sim_CH4,0.4482524892642991,0.4482524892642991,
s_exp_CO2,0,4,GATE,s_sim_CH4,0.2864266962226258,0.0395495669038739,0.2982212161634363,25,100,0.2949028716836979,0.4406683801221176,s_sim_CH4,0.4482524892642991,0.4482524892642991,True
s_exp_CO2,0,4,ALL3,s_sim_CH4|s_sim_O2|s_sim_N2,0.2934608397703453,0.0159625678358245,0.2982212161634363,25,100,0.2949028716836979,0.4406683801221176,s_sim_CH4,0.4482524892642991,0.4293621867351774,
s_exp_CO2,0,4,GATE_MAX,s_sim_CH4,0.2864266962226258,0.0395495669038739,0.2982212161634363,25,100,0.2949028716836979,0.4406683801221176,s_sim_CH4,0.4482524892642991,0.4482524892642991,True
s_exp_CO2,1,0,NONE,,0.4842772905669353,0.0,0.4842772905669353,25,100,0.2450253047846924,0.3494498079114436,s_exp_CH4,0.4726973283692207,,
s_exp_CO2,1,0,PHYS,s_sim_CO2,0.4621237149944076,0.0457456420196636,0.4842772905669353,25,100,0.2450253047846924,0.3494498079114436,s_exp_CH4,0.4726973283692207,0.2935843757456569,
s_exp_CO2,1,0,TOP,s_exp_CH4,0.4705122348309505,0.0284239133325254,0.4842772905669353,25,100,0.2450253047846924,0.3494498079114436,s_exp_CH4,0.4726973283692207,0.4726973283692207,
s_exp_CO2,1,0,GATE,s_exp_CH4,0.4705122348309505,0.0284239133325254,0.4842772905669353,25,100,0.2450253047846924,0.3494498079114436,s_exp_CH4,0.4726973283692207,0.4726973283692207,True
s_exp_CO2,1,0,ALL3,s_exp_CH4|s_exp_O2|s_exp_N2,0.496740046933012,-0.0257347528137997,0.4842772905669353,25,100,0.2450253047846924,0.3494498079114436,s_exp_CH4,0.4726973283692207,0.3831583870283019,
s_exp_CO2,1,0,GATE_MAX,s_exp_CH4,0.4705122348309505,0.0284239133325254,0.4842772905669353,25,100,0.2450253047846924,0.3494498079114436,s_exp_CH4,0.4726973283692207,0.4726973283692207,True
s_exp_CO2,1,1,NONE,,0.2108982518691601,0.0,0.2108982518691601,25,100,0.3088875752978796,0.4296484462053875,s_exp_CH4,0.4999151830140394,,
s_exp_CO2,1,1,PHYS,s_sim_CO2,0.1915899576797312,0.0915526516616536,0.2108982518691601,25,100,0.3088875752978796,0.4296484462053875,s_exp_CH4,0.4999151830140394,0.3034744023672751,
s_exp_CO2,1,1,TOP,s_exp_CH4,0.2250988612052039,-0.0673339357258102,0.2108982518691601,25,100,0.3088875752978796,0.4296484462053875,s_exp_CH4,0.4999151830140394,0.4999151830140394,
s_exp_CO2,1,1,GATE,s_exp_CH4,0.2250988612052039,-0.0673339357258102,0.2108982518691601,25,100,0.3088875752978796,0.4296484462053875,s_exp_CH4,0.4999151830140394,0.4999151830140394,True
s_exp_CO2,1,1,ALL3,s_exp_CH4|p_exp_He|s_exp_O2,0.2112116795686185,-0.0014861559860289,0.2108982518691601,25,100,0.3088875752978796,0.4296484462053875,s_exp_CH4,0.4999151830140394,0.429286984651524,
s_exp_CO2,1,1,GATE_MAX,s_exp_CH4,0.2250988612052039,-0.0673339357258102,0.2108982518691601,25,100,0.3088875752978796,0.4296484462053875,s_exp_CH4,0.4999151830140394,0.4999151830140394,True
s_exp_CO2,1,2,NONE,,0.2988416670249315,0.0,0.2988416670249315,25,100,0.2743598601876427,0.3750284356514514,s_exp_CH4,0.5347024070671024,,
s_exp_CO2,1,2,PHYS,s_sim_CO2,0.2819793227496677,0.0564256800035081,0.2988416670249315,25,100,0.2743598601876427,0.3750284356514514,s_exp_CH4,0.5347024070671024,0.3747075790491089,
s_exp_CO2,1,2,TOP,s_exp_CH4,0.3069929747960319,-0.0272763428615875,0.2988416670249315,25,100,0.2743598601876427,0.3750284356514514,s_exp_CH4,0.5347024070671024,0.5347024070671024,
s_exp_CO2,1,2,GATE,s_exp_CH4,0.3069929747960319,-0.0272763428615875,0.2988416670249315,25,100,0.2743598601876427,0.3750284356514514,s_exp_CH4,0.5347024070671024,0.5347024070671024,True
s_exp_CO2,1,2,ALL3,s_exp_CH4|s_exp_O2|s_exp_N2,0.3303634814761621,-0.10547998465221,0.2988416670249315,25,100,0.2743598601876427,0.3750284356514514,s_exp_CH4,0.5347024070671024,0.4592062505751726,
s_exp_CO2,1,2,GATE_MAX,s_exp_CH4,0.3069929747960319,-0.0272763428615875,0.2988416670249315,25,100,0.2743598601876427,0.3750284356514514,s_exp_CH4,0.5347024070671024,0.5347024070671024,True
s_exp_CO2,1,3,NONE,,0.3949642893518666,0.0,0.3949642893518666,25,100,0.2714196767636265,0.3850516132593983,s_exp_CH4,0.5146145617563128,,
s_exp_CO2,1,3,PHYS,s_sim_CO2,0.3895850594040983,0.0136195349625041,0.3949642893518666,25,100,0.2714196767636265,0.3850516132593983,s_exp_CH4,0.5146145617563128,0.4386536400136633,
s_exp_CO2,1,3,TOP,s_exp_CH4,0.3752520700465315,0.0499088647677052,0.3949642893518666,25,100,0.2714196767636265,0.3850516132593983,s_exp_CH4,0.5146145617563128,0.5146145617563128,
s_exp_CO2,1,3,GATE,s_exp_CH4,0.3752520700465315,0.0499088647677052,0.3949642893518666,25,100,0.2714196767636265,0.3850516132593983,s_exp_CH4,0.5146145617563128,0.5146145617563128,True
s_exp_CO2,1,3,ALL3,s_exp_CH4|s_exp_O2|s_exp_N2,0.4108071279890423,-0.0401120786468408,0.3949642893518666,25,100,0.2714196767636265,0.3850516132593983,s_exp_CH4,0.5146145617563128,0.4962489606191154,
s_exp_CO2,1,3,GATE_MAX,s_exp_CH4,0.3752520700465315,0.0499088647677052,0.3949642893518666,25,100,0.2714196767636265,0.3850516132593983,s_exp_CH4,0.5146145617563128,0.5146145617563128,True
s_exp_CO2,1,4,NONE,,0.3291623627255899,0.0,0.3291623627255899,25,100,0.2514352521487364,0.3489590214067261,s_exp_CH4,0.5617010572043846,,
s_exp_CO2,1,4,PHYS,s_sim_CO2,0.3394204617784763,-0.0311642527047908,0.3291623627255899,25,100,0.2514352521487364,0.3489590214067261,s_exp_CH4,0.5617010572043846,0.4126862123011565,
s_exp_CO2,1,4,TOP,s_exp_CH4,0.3599676605629802,-0.0935869386229658,0.3291623627255899,25,100,0.2514352521487364,0.3489590214067261,s_exp_CH4,0.5617010572043846,0.5617010572043846,
s_exp_CO2,1,4,GATE,s_exp_CH4,0.3599676605629802,-0.0935869386229658,0.3291623627255899,25,100,0.2514352521487364,0.3489590214067261,s_exp_CH4,0.5617010572043846,0.5617010572043846,True
s_exp_CO2,1,4,ALL3,s_exp_CH4|s_exp_O2|s_exp_N2,0.3752849609848071,-0.1401211179714,0.3291623627255899,25,100,0.2514352521487364,0.3489590214067261,s_exp_CH4,0.5617010572043846,0.4862957660768268,
s_exp_CO2,1,4,GATE_MAX,s_exp_CH4,0.3599676605629802,-0.0935869386229658,0.3291623627255899,25,100,0.2514352521487364,0.3489590214067261,s_exp_CH4,0.5617010572043846,0.5617010572043846,True
s_exp_CO2,2,0,NONE,,0.2813439929701139,0.0,0.2813439929701139,25,100,0.289073666299925,0.3688487276237371,s_exp_CH4,0.4560649345516043,,
s_exp_CO2,2,0,PHYS,s_sim_CO2,0.262721321729392,0.0661918210661783,0.2813439929701139,25,100,0.289073666299925,0.3688487276237371,s_exp_CH4,0.4560649345516043,0.3011494296142951,
s_exp_CO2,2,0,TOP,s_exp_CH4,0.291468478471292,-0.0359861442012502,0.2813439929701139,25,100,0.289073666299925,0.3688487276237371,s_exp_CH4,0.4560649345516043,0.4560649345516043,
s_exp_CO2,2,0,GATE,s_exp_CH4,0.291468478471292,-0.0359861442012502,0.2813439929701139,25,100,0.289073666299925,0.3688487276237371,s_exp_CH4,0.4560649345516043,0.4560649345516043,True
s_exp_CO2,2,0,ALL3,s_exp_CH4|p_exp_He|s_exp_O2,0.2851513171329027,-0.0135326300113799,0.2813439929701139,25,100,0.289073666299925,0.3688487276237371,s_exp_CH4,0.4560649345516043,0.4015586944097301,
s_exp_CO2,2,0,GATE_MAX,s_exp_CH4,0.291468478471292,-0.0359861442012502,0.2813439929701139,25,100,0.289073666299925,0.3688487276237371,s_exp_CH4,0.4560649345516043,0.4560649345516043,True
s_exp_CO2,2,1,NONE,,0.4199897438911221,0.0,0.4199897438911221,25,100,0.3429176046257913,0.3536144671987,s_exp_CH4,0.386837902493447,,
s_exp_CO2,2,1,PHYS,s_sim_CO2,0.4155348186908881,0.0106072237835143,0.4199897438911221,25,100,0.3429176046257913,0.3536144671987,s_exp_CH4,0.386837902493447,0.3740350852834447,
s_exp_CO2,2,1,TOP,s_exp_CH4,0.3757735509374317,0.1052792207353354,0.4199897438911221,25,100,0.3429176046257913,0.3536144671987,s_exp_CH4,0.386837902493447,0.386837902493447,
s_exp_CO2,2,1,GATE,s_exp_CH4,0.3757735509374317,0.1052792207353354,0.4199897438911221,25,100,0.3429176046257913,0.3536144671987,s_exp_CH4,0.386837902493447,0.386837902493447,True
s_exp_CO2,2,1,ALL3,s_exp_CH4|s_sim_CO2|s_sim_CH4,0.3827955077961833,0.0885598675585302,0.4199897438911221,25,100,0.3429176046257913,0.3536144671987,s_exp_CH4,0.386837902493447,0.3775768815101935,
s_exp_CO2,2,1,GATE_MAX,s_exp_CH4,0.3757735509374317,0.1052792207353354,0.4199897438911221,25,100,0.3429176046257913,0.3536144671987,s_exp_CH4,0.386837902493447,0.386837902493447,True
s_exp_CO2,2,2,NONE,,0.4254214715912259,0.0,0.4254214715912259,25,100,0.3554103853396296,0.4020676380849981,s_exp_CH4,0.4493725090686175,,
s_exp_CO2,2,2,PHYS,s_sim_CO2,0.4070489367253511,0.0431866656780511,0.4254214715912259,25,100,0.3554103853396296,0.4020676380849981,s_exp_CH4,0.4493725090686175,0.3682617155526282,
s_exp_CO2,2,2,TOP,s_exp_CH4,0.4192809814966966,0.0144338979214229,0.4254214715912259,25,100,0.3554103853396296,0.4020676380849981,s_exp_CH4,0.4493725090686175,0.4493725090686175,
s_exp_CO2,2,2,GATE,s_exp_CH4,0.4192809814966966,0.0144338979214229,0.4254214715912259,25,100,0.3554103853396296,0.4020676380849981,s_exp_CH4,0.4493725090686175,0.4493725090686175,True
s_exp_CO2,2,2,ALL3,s_exp_CH4|s_exp_O2|s_sim_CO2,0.4140962275255176,0.0266212328760649,0.4254214715912259,25,100,0.3554103853396296,0.4020676380849981,s_exp_CH4,0.4493725090686175,0.3992542852074863,
s_exp_CO2,2,2,GATE_MAX,s_exp_CH4,0.4192809814966966,0.0144338979214229,0.4254214715912259,25,100,0.3554103853396296,0.4020676380849981,s_exp_CH4,0.4493725090686175,0.4493725090686175,True
s_exp_CO2,2,3,NONE,,0.3698320504354463,0.0,0.3698320504354463,25,100,0.2987009855139217,0.351837198880842,s_exp_CH4,0.5247592840651399,,
s_exp_CO2,2,3,PHYS,s_sim_CO2,0.352490598804534,0.0468900724274551,0.3698320504354463,25,100,0.2987009855139217,0.351837198880842,s_exp_CH4,0.5247592840651399,0.3636366476107041,
s_exp_CO2,2,3,TOP,s_exp_CH4,0.3995797749573613,-0.0804357666862283,0.3698320504354463,25,100,0.2987009855139217,0.351837198880842,s_exp_CH4,0.5247592840651399,0.5247592840651399,
s_exp_CO2,2,3,GATE,s_exp_CH4,0.3995797749573613,-0.0804357666862283,0.3698320504354463,25,100,0.2987009855139217,0.351837198880842,s_exp_CH4,0.5247592840651399,0.5247592840651399,True
s_exp_CO2,2,3,ALL3,s_exp_CH4|s_exp_O2|p_exp_He,0.4013550215487463,-0.0852359093166327,0.3698320504354463,25,100,0.2987009855139217,0.351837198880842,s_exp_CH4,0.5247592840651399,0.4569097532513249,
s_exp_CO2,2,3,GATE_MAX,s_exp_CH4,0.3995797749573613,-0.0804357666862283,0.3698320504354463,25,100,0.2987009855139217,0.351837198880842,s_exp_CH4,0.5247592840651399,0.5247592840651399,True
s_exp_CO2,2,4,NONE,,0.2364603334305078,0.0,0.2364603334305078,25,100,0.3659383590514034,0.4476414429253134,s_exp_CH4,0.4729607299812287,,
s_exp_CO2,2,4,PHYS,s_sim_CO2,0.2183197241029354,0.0767173464758038,0.2364603334305078,25,100,0.3659383590514034,0.4476414429253134,s_exp_CH4,0.4729607299812287,0.3805212073773235,
s_exp_CO2,2,4,TOP,s_exp_CH4,0.2400957538260593,-0.0153743350641933,0.2364603334305078,25,100,0.3659383590514034,0.4476414429253134,s_exp_CH4,0.4729607299812287,0.4729607299812287,
s_exp_CO2,2,4,GATE,s_exp_CH4,0.2400957538260593,-0.0153743350641933,0.2364603334305078,25,100,0.3659383590514034,0.4476414429253134,s_exp_CH4,0.4729607299812287,0.4729607299812287,True
s_exp_CO2,2,4,ALL3,s_exp_CH4|s_exp_O2|s_sim_N2,0.2271515870053057,0.039367052774362,0.2364603334305078,25,100,0.3659383590514034,0.4476414429253134,s_exp_CH4,0.4729607299812287,0.4263113374801242,
s_exp_CO2,2,4,GATE_MAX,s_exp_CH4,0.2400957538260593,-0.0153743350641933,0.2364603334305078,25,100,0.3659383590514034,0.4476414429253134,s_exp_CH4,0.4729607299812287,0.4729607299812287,True
d_exp_CO2,0,0,NONE,,1.024053072657443,0.0,1.024053072657443,31,120,0.284884622555763,0.3289817888080788,p_exp_O2,0.8318615407675536,,
d_exp_CO2,0,0,PHYS,d_sim_CO2,1.0736076657999627,-0.0483906493380506,1.024053072657443,31,120,0.284884622555763,0.3289817888080788,p_exp_O2,0.8318615407675536,0.5360014805758085,
d_exp_CO2,0,0,TOP,p_exp_O2,0.8471247399061774,0.1727726203605172,1.024053072657443,31,120,0.284884622555763,0.3289817888080788,p_exp_O2,0.8318615407675536,0.8318615407675536,
d_exp_CO2,0,0,GATE,p_exp_O2,0.8471247399061774,0.1727726203605172,1.024053072657443,31,120,0.284884622555763,0.3289817888080788,p_exp_O2,0.8318615407675536,0.8318615407675536,True
d_exp_CO2,0,0,ALL3,p_exp_O2|p_exp_N2|p_exp_CO2,0.9005872078755065,0.1205658847949546,1.024053072657443,31,120,0.284884622555763,0.3289817888080788,p_exp_O2,0.8318615407675536,0.8268556809257918,
d_exp_CO2,0,0,GATE_MAX,p_exp_O2,0.8471247399061774,0.1727726203605172,1.024053072657443,31,120,0.284884622555763,0.3289817888080788,p_exp_O2,0.8318615407675536,0.8318615407675536,True
d_exp_CO2,0,1,NONE,,0.5734322322418919,0.0,0.5734322322418919,30,121,0.2547494816491776,0.2550811923931308,p_exp_O2,0.8189506419525614,,
d_exp_CO2,0,1,PHYS,d_sim_CO2,0.5771877320683418,-0.0065491606772215,0.5734322322418919,30,121,0.2547494816491776,0.2550811923931308,p_exp_O2,0.8189506419525614,0.3501369847073687,
d_exp_CO2,0,1,TOP,p_exp_O2,0.6027711504434351,-0.0511637061049737,0.5734322322418919,30,121,0.2547494816491776,0.2550811923931308,p_exp_O2,0.8189506419525614,0.8189506419525614,
d_exp_CO2,0,1,GATE,p_exp_O2,0.6027711504434351,-0.0511637061049737,0.5734322322418919,30,121,0.2547494816491776,0.2550811923931308,p_exp_O2,0.8189506419525614,0.8189506419525614,True
d_exp_CO2,0,1,ALL3,p_exp_O2|p_exp_CO2|p_exp_H2,0.5897078876979,-0.0283828751522681,0.5734322322418919,30,121,0.2547494816491776,0.2550811923931308,p_exp_O2,0.8189506419525614,0.7915956533600003,
d_exp_CO2,0,1,GATE_MAX,p_exp_O2,0.6027711504434351,-0.0511637061049737,0.5734322322418919,30,121,0.2547494816491776,0.2550811923931308,p_exp_O2,0.8189506419525614,0.8189506419525614,True
d_exp_CO2,0,2,NONE,,0.5439580398218795,0.0,0.5439580398218795,30,121,0.2222256282655945,0.2323938006503019,p_exp_O2,0.8104995271112874,,
d_exp_CO2,0,2,PHYS,d_sim_CO2,0.6267013616391871,-0.1521134274334875,0.5439580398218795,30,121,0.2222256282655945,0.2323938006503019,p_exp_O2,0.8104995271112874,0.4329855304483569,
d_exp_CO2,0,2,TOP,p_exp_O2,0.4560040018950106,0.1616926885677977,0.5439580398218795,30,121,0.2222256282655945,0.2323938006503019,p_exp_O2,0.8104995271112874,0.8104995271112874,
d_exp_CO2,0,2,GATE,p_exp_O2,0.4560040018950106,0.1616926885677977,0.5439580398218795,30,121,0.2222256282655945,0.2323938006503019,p_exp_O2,0.8104995271112874,0.8104995271112874,True
d_exp_CO2,0,2,ALL3,p_exp_O2|p_exp_CO2|p_exp_N2,0.460999061012632,0.1525098863074302,0.5439580398218795,30,121,0.2222256282655945,0.2323938006503019,p_exp_O2,0.8104995271112874,0.7856601198942381,
d_exp_CO2,0,2,GATE_MAX,p_exp_O2,0.4560040018950106,0.1616926885677977,0.5439580398218795,30,121,0.2222256282655945,0.2323938006503019,p_exp_O2,0.8104995271112874,0.8104995271112874,True
d_exp_CO2,0,3,NONE,,0.4801106052438648,0.0,0.4801106052438648,30,121,0.2371471539902391,0.255895686539215,p_exp_O2,0.8117740684994141,,
d_exp_CO2,0,3,PHYS,d_sim_CO2,0.4688372923448878,0.0234806579480803,0.4801106052438648,30,121,0.2371471539902391,0.255895686539215,p_exp_O2,0.8117740684994141,0.3443455359860505,
d_exp_CO2,0,3,TOP,p_exp_O2,0.3926955393900407,0.1820727659398879,0.4801106052438648,30,121,0.2371471539902391,0.255895686539215,p_exp_O2,0.8117740684994141,0.8117740684994141,
d_exp_CO2,0,3,GATE,p_exp_O2,0.3926955393900407,0.1820727659398879,0.4801106052438648,30,121,0.2371471539902391,0.255895686539215,p_exp_O2,0.8117740684994141,0.8117740684994141,True
d_exp_CO2,0,3,ALL3,p_exp_O2|p_exp_CO2|p_exp_N2,0.3852475007472354,0.1975859384494227,0.4801106052438648,30,121,0.2371471539902391,0.255895686539215,p_exp_O2,0.8117740684994141,0.7872215171849842,
d_exp_CO2,0,3,GATE_MAX,p_exp_O2,0.3926955393900407,0.1820727659398879,0.4801106052438648,30,121,0.2371471539902391,0.255895686539215,p_exp_O2,0.8117740684994141,0.8117740684994141,True
d_exp_CO2,0,4,NONE,,0.4893489429869809,0.0,0.4893489429869809,30,121,0.1691732558741214,0.1856127510711121,p_exp_O2,0.7857141289199819,,
d_exp_CO2,0,4,PHYS,d_sim_CO2,0.4898479460030942,-0.0010197284029416,0.4893489429869809,30,121,0.1691732558741214,0.1856127510711121,p_exp_O2,0.7857141289199819,0.3189890704639244,
d_exp_CO2,0,4,TOP,p_exp_O2,0.4341530997307158,0.1127944466771508,0.4893489429869809,30,121,0.1691732558741214,0.1856127510711121,p_exp_O2,0.7857141289199819,0.7857141289199819,
d_exp_CO2,0,4,GATE,p_exp_O2,0.4341530997307158,0.1127944466771508,0.4893489429869809,30,121,0.1691732558741214,0.1856127510711121,p_exp_O2,0.7857141289199819,0.7857141289199819,True
d_exp_CO2,0,4,ALL3,p_exp_O2|p_exp_CO2|p_exp_H2,0.4589777202678897,0.0620645515931957,0.4893489429869809,30,121,0.1691732558741214,0.1856127510711121,p_exp_O2,0.7857141289199819,0.7547137904760753,
d_exp_CO2,0,4,GATE_MAX,p_exp_O2,0.4341530997307158,0.1127944466771508,0.4893489429869809,30,121,0.1691732558741214,0.1856127510711121,p_exp_O2,0.7857141289199819,0.7857141289199819,True
d_exp_CO2,1,0,NONE,,0.6246050998794049,0.0,0.6246050998794049,31,120,0.2557136022760392,0.2566177599966151,p_exp_CO2,0.7875205578808934,,
d_exp_CO2,1,0,PHYS,d_sim_CO2,0.703547165765471,-0.1263871619064714,0.6246050998794049,31,120,0.2557136022760392,0.2566177599966151,p_exp_CO2,0.7875205578808934,0.3778936696232226,
d_exp_CO2,1,0,TOP,p_exp_CO2,0.6444003161026106,-0.0316923704706023,0.6246050998794049,31,120,0.2557136022760392,0.2566177599966151,p_exp_CO2,0.7875205578808934,0.7875205578808934,
d_exp_CO2,1,0,GATE,p_exp_CO2,0.6444003161026106,-0.0316923704706023,0.6246050998794049,31,120,0.2557136022760392,0.2566177599966151,p_exp_CO2,0.7875205578808934,0.7875205578808934,True
d_exp_CO2,1,0,ALL3,p_exp_CO2|p_exp_O2|p_exp_N2,0.6325463430199625,-0.0127140222551669,0.6246050998794049,31,120,0.2557136022760392,0.2566177599966151,p_exp_CO2,0.7875205578808934,0.772329660571648,
d_exp_CO2,1,0,GATE_MAX,p_exp_CO2,0.6444003161026106,-0.0316923704706023,0.6246050998794049,31,120,0.2557136022760392,0.2566177599966151,p_exp_CO2,0.7875205578808934,0.7875205578808934,True
d_exp_CO2,1,1,NONE,,0.5870233321391006,0.0,0.5870233321391006,30,121,0.2505436754208472,0.254352980520374,p_exp_O2,0.8138624644559639,,
d_exp_CO2,1,1,PHYS,d_sim_CO2,0.6067990350105927,-0.033688103672864,0.5870233321391006,30,121,0.2505436754208472,0.254352980520374,p_exp_O2,0.8138624644559639,0.3750206283424376,
d_exp_CO2,1,1,TOP,p_exp_O2,0.6031503899063374,-0.0274726009756207,0.5870233321391006,30,121,0.2505436754208472,0.254352980520374,p_exp_O2,0.8138624644559639,0.8138624644559639,
d_exp_CO2,1,1,GATE,p_exp_O2,0.6031503899063374,-0.0274726009756207,0.5870233321391006,30,121,0.2505436754208472,0.254352980520374,p_exp_O2,0.8138624644559639,0.8138624644559639,True
d_exp_CO2,1,1,ALL3,p_exp_O2|p_exp_CO2|p_exp_N2,0.6460192093931184,-0.1005000551494913,0.5870233321391006,30,121,0.2505436754208472,0.254352980520374,p_exp_O2,0.8138624644559639,0.793896142676875,
d_exp_CO2,1,1,GATE_MAX,p_exp_O2,0.6031503899063374,-0.0274726009756207,0.5870233321391006,30,121,0.2505436754208472,0.254352980520374,p_exp_O2,0.8138624644559639,0.8138624644559639,True
d_exp_CO2,1,2,NONE,,0.4893367969259489,0.0,0.4893367969259489,30,121,0.2892551977674999,0.3535154368643303,p_exp_O2,0.7769466883738364,,
d_exp_CO2,1,2,PHYS,d_sim_CO2,0.5299443569134417,-0.0829848894311494,0.4893367969259489,30,121,0.2892551977674999,0.3535154368643303,p_exp_O2,0.7769466883738364,0.365718493107861,
d_exp_CO2,1,2,TOP,p_exp_O2,0.4167581809124556,0.148320372531634,0.4893367969259489,30,121,0.2892551977674999,0.3535154368643303,p_exp_O2,0.7769466883738364,0.7769466883738364,
d_exp_CO2,1,2,GATE,p_exp_O2,0.4167581809124556,0.148320372531634,0.4893367969259489,30,121,0.2892551977674999,0.3535154368643303,p_exp_O2,0.7769466883738364,0.7769466883738364,True
d_exp_CO2,1,2,ALL3,p_exp_O2|p_exp_CO2|p_exp_N2,0.4146061388091333,0.1527182476083534,0.4893367969259489,30,121,0.2892551977674999,0.3535154368643303,p_exp_O2,0.7769466883738364,0.7582461790805716,
d_exp_CO2,1,2,GATE_MAX,p_exp_O2,0.4167581809124556,0.148320372531634,0.4893367969259489,30,121,0.2892551977674999,0.3535154368643303,p_exp_O2,0.7769466883738364,0.7769466883738364,True
d_exp_CO2,1,3,NONE,,0.8012439783206767,0.0,0.8012439783206767,30,121,0.3380239232376507,0.4065602657949946,p_exp_CO2,0.8148369699015174,,
d_exp_CO2,1,3,PHYS,d_sim_CO2,0.8630889014810955,-0.0771861316075526,0.8012439783206767,30,121,0.3380239232376507,0.4065602657949946,p_exp_CO2,0.8148369699015174,0.4331916768987473,
d_exp_CO2,1,3,TOP,p_exp_CO2,0.8171229696112187,-0.0198179227803029,0.8012439783206767,30,121,0.3380239232376507,0.4065602657949946,p_exp_CO2,0.8148369699015174,0.8148369699015174,
d_exp_CO2,1,3,GATE,p_exp_CO2,0.8171229696112187,-0.0198179227803029,0.8012439783206767,30,121,0.3380239232376507,0.4065602657949946,p_exp_CO2,0.8148369699015174,0.8148369699015174,True
d_exp_CO2,1,3,ALL3,p_exp_CO2|p_exp_O2|p_exp_N2,0.8137304620124723,-0.015583872115914,0.8012439783206767,30,121,0.3380239232376507,0.4065602657949946,p_exp_CO2,0.8148369699015174,0.8021513846469412,
d_exp_CO2,1,3,GATE_MAX,p_exp_CO2,0.8171229696112187,-0.0198179227803029,0.8012439783206767,30,121,0.3380239232376507,0.4065602657949946,p_exp_CO2,0.8148369699015174,0.8148369699015174,True
d_exp_CO2,1,4,NONE,,0.572792162572901,0.0,0.572792162572901,30,121,0.2949037808380755,0.3195433789629894,p_exp_O2,0.7927582585348601,,
d_exp_CO2,1,4,PHYS,d_sim_CO2,0.609925431676316,-0.0648285216344748,0.572792162572901,30,121,0.2949037808380755,0.3195433789629894,p_exp_O2,0.7927582585348601,0.3540165728617738,
d_exp_CO2,1,4,TOP,p_exp_O2,0.5426142077725363,0.0526856978363837,0.572792162572901,30,121,0.2949037808380755,0.3195433789629894,p_exp_O2,0.7927582585348601,0.7927582585348601,
d_exp_CO2,1,4,GATE,p_exp_O2,0.5426142077725363,0.0526856978363837,0.572792162572901,30,121,0.2949037808380755,0.3195433789629894,p_exp_O2,0.7927582585348601,0.7927582585348601,True
d_exp_CO2,1,4,ALL3,p_exp_O2|p_exp_CO2|p_exp_N2,0.5563598676643944,0.0286880582211444,0.572792162572901,30,121,0.2949037808380755,0.3195433789629894,p_exp_O2,0.7927582585348601,0.7816131061204309,
d_exp_CO2,1,4,GATE_MAX,p_exp_O2,0.5426142077725363,0.0526856978363837,0.572792162572901,30,121,0.2949037808380755,0.3195433789629894,p_exp_O2,0.7927582585348601,0.7927582585348601,True
d_exp_CO2,2,0,NONE,,0.374791009004945,0.0,0.374791009004945,31,120,0.2943581948033445,0.3502349473433018,p_exp_CO2,0.7892451946547595,,
d_exp_CO2,2,0,PHYS,d_sim_CO2,0.4538464841827851,-0.2109321549301014,0.374791009004945,31,120,0.2943581948033445,0.3502349473433018,p_exp_CO2,0.7892451946547595,0.3431984703910437,
d_exp_CO2,2,0,TOP,p_exp_CO2,0.3575874917740633,0.0459016273537518,0.374791009004945,31,120,0.2943581948033445,0.3502349473433018,p_exp_CO2,0.7892451946547595,0.7892451946547595,
d_exp_CO2,2,0,GATE,p_exp_CO2,0.3575874917740633,0.0459016273537518,0.374791009004945,31,120,0.2943581948033445,0.3502349473433018,p_exp_CO2,0.7892451946547595,0.7892451946547595,True
d_exp_CO2,2,0,ALL3,p_exp_CO2|p_exp_O2|p_exp_N2,0.367653539256939,0.0190438659853544,0.374791009004945,31,120,0.2943581948033445,0.3502349473433018,p_exp_CO2,0.7892451946547595,0.7719384689479982,
d_exp_CO2,2,0,GATE_MAX,p_exp_CO2,0.3575874917740633,0.0459016273537518,0.374791009004945,31,120,0.2943581948033445,0.3502349473433018,p_exp_CO2,0.7892451946547595,0.7892451946547595,True
d_exp_CO2,2,1,NONE,,0.6183038652364197,0.0,0.6183038652364197,30,121,0.2754996785303922,0.3073132139004222,p_exp_CO2,0.7905871012301089,,
d_exp_CO2,2,1,PHYS,d_sim_CO2,0.6872787294949445,-0.1115549621093684,0.6183038652364197,30,121,0.2754996785303922,0.3073132139004222,p_exp_CO2,0.7905871012301089,0.345449128380585,
d_exp_CO2,2,1,TOP,p_exp_CO2,0.7130999466074502,-0.1533163331184798,0.6183038652364197,30,121,0.2754996785303922,0.3073132139004222,p_exp_CO2,0.7905871012301089,0.7905871012301089,
d_exp_CO2,2,1,GATE,p_exp_CO2,0.7130999466074502,-0.1533163331184798,0.6183038652364197,30,121,0.2754996785303922,0.3073132139004222,p_exp_CO2,0.7905871012301089,0.7905871012301089,True
d_exp_CO2,2,1,ALL3,p_exp_CO2|p_exp_O2|p_exp_N2,0.7252800344810825,-0.1730155272501143,0.6183038652364197,30,121,0.2754996785303922,0.3073132139004222,p_exp_CO2,0.7905871012301089,0.7679469334173277,
d_exp_CO2,2,1,GATE_MAX,p_exp_CO2,0.7130999466074502,-0.1533163331184798,0.6183038652364197,30,121,0.2754996785303922,0.3073132139004222,p_exp_CO2,0.7905871012301089,0.7905871012301089,True
d_exp_CO2,2,2,NONE,,0.9616514508480384,0.0,0.9616514508480384,30,121,0.3449188671049186,0.3449290042174687,p_exp_CO2,0.8210215090114725,,
d_exp_CO2,2,2,PHYS,d_sim_CO2,1.0101459472756276,-0.0504283505056057,0.9616514508480384,30,121,0.3449188671049186,0.3449290042174687,p_exp_CO2,0.8210215090114725,0.4633710818525721,
d_exp_CO2,2,2,TOP,p_exp_CO2,0.8947067972857765,0.0696142594109605,0.9616514508480384,30,121,0.3449188671049186,0.3449290042174687,p_exp_CO2,0.8210215090114725,0.8210215090114725,
d_exp_CO2,2,2,GATE,p_exp_CO2,0.8947067972857765,0.0696142594109605,0.9616514508480384,30,121,0.3449188671049186,0.3449290042174687,p_exp_CO2,0.8210215090114725,0.8210215090114725,True
d_exp_CO2,2,2,ALL3,p_exp_CO2|p_exp_O2|p_exp_N2,0.8845978538394819,0.0801263253339932,0.9616514508480384,30,121,0.3449188671049186,0.3449290042174687,p_exp_CO2,0.8210215090114725,0.8037762270996435,
d_exp_CO2,2,2,GATE_MAX,p_exp_CO2,0.8947067972857765,0.0696142594109605,0.9616514508480384,30,121,0.3449188671049186,0.3449290042174687,p_exp_CO2,0.8210215090114725,0.8210215090114725,True
d_exp_CO2,2,3,NONE,,0.750225319611005,0.0,0.750225319611005,30,121,0.2798172721569159,0.3306438593876577,p_exp_CO2,0.807764050641965,,
d_exp_CO2,2,3,PHYS,d_sim_CO2,0.7654571698003634,-0.0203030340235066,0.750225319611005,30,121,0.2798172721569159,0.3306438593876577,p_exp_CO2,0.807764050641965,0.4076293959738071,
d_exp_CO2,2,3,TOP,p_exp_CO2,0.6631049898002813,0.1161255525951802,0.750225319611005,30,121,0.2798172721569159,0.3306438593876577,p_exp_CO2,0.807764050641965,0.807764050641965,
d_exp_CO2,2,3,GATE,p_exp_CO2,0.6631049898002813,0.1161255525951802,0.750225319611005,30,121,0.2798172721569159,0.3306438593876577,p_exp_CO2,0.807764050641965,0.807764050641965,True
d_exp_CO2,2,3,ALL3,p_exp_CO2|p_exp_O2|p_exp_N2,0.6587953401430369,0.121870026348051,0.750225319611005,30,121,0.2798172721569159,0.3306438593876577,p_exp_CO2,0.807764050641965,0.7949397137916572,
d_exp_CO2,2,3,GATE_MAX,p_exp_CO2,0.6631049898002813,0.1161255525951802,0.750225319611005,30,121,0.2798172721569159,0.3306438593876577,p_exp_CO2,0.807764050641965,0.807764050641965,True
d_exp_CO2,2,4,NONE,,0.3531449739057528,0.0,0.3531449739057528,30,121,0.2425890410552102,0.2566271882700214,p_exp_CO2,0.7927237842042023,,
d_exp_CO2,2,4,PHYS,d_sim_CO2,0.4426593951890086,-0.2534778289302381,0.3531449739057528,30,121,0.2425890410552102,0.2566271882700214,p_exp_CO2,0.7927237842042023,0.3770054853766889,
d_exp_CO2,2,4,TOP,p_exp_CO2,0.3926690656908896,-0.1119203010253943,0.3531449739057528,30,121,0.2425890410552102,0.2566271882700214,p_exp_CO2,0.7927237842042023,0.7927237842042023,
d_exp_CO2,2,4,GATE,p_exp_CO2,0.3926690656908896,-0.1119203010253943,0.3531449739057528,30,121,0.2425890410552102,0.2566271882700214,p_exp_CO2,0.7927237842042023,0.7927237842042023,True
d_exp_CO2,2,4,ALL3,p_exp_CO2|p_exp_O2|p_exp_N2,0.4085220242473793,-0.1568110958203968,0.3531449739057528,30,121,0.2425890410552102,0.2566271882700214,p_exp_CO2,0.7927237842042023,0.7710555953448308,
d_exp_CO2,2,4,GATE_MAX,p_exp_CO2,0.3926690656908896,-0.1119203010253943,0.3531449739057528,30,121,0.2425890410552102,0.2566271882700214,p_exp_CO2,0.7927237842042023,0.7927237842042023,True
p_exp_CO2_sub40,0,0,NONE,,1.0073476897882596,0.0,1.0073476897882596,8,32,0.4724455013785534,0.5083658131094406,p_exp_N2,0.9338923287391296,,
p_exp_CO2_sub40,0,0,PHYS,p_sim_CO2,1.0547860899152293,-0.0470923799278688,1.0073476897882596,8,32,0.4724455013785534,0.5083658131094406,p_exp_N2,0.9338923287391296,0.530873717348878,
p_exp_CO2_sub40,0,0,TOP,p_exp_N2,0.2352594685957872,0.7664565363273551,1.0073476897882596,8,32,0.4724455013785534,0.5083658131094406,p_exp_N2,0.9338923287391296,0.9338923287391296,
p_exp_CO2_sub40,0,0,GATE,p_exp_N2,0.2352594685957872,0.7664565363273551,1.0073476897882596,8,32,0.4724455013785534,0.5083658131094406,p_exp_N2,0.9338923287391296,0.9338923287391296,True
p_exp_CO2_sub40,0,0,ALL3,p_exp_N2|p_exp_H2|p_exp_O2,0.2982463617884976,0.7039290755199054,1.0073476897882596,8,32,0.4724455013785534,0.5083658131094406,p_exp_N2,0.9338923287391296,0.9136091382260826,
p_exp_CO2_sub40,0,0,GATE_MAX,p_exp_N2,0.2352594685957872,0.7664565363273551,1.0073476897882596,8,32,0.4724455013785534,0.5083658131094406,p_exp_N2,0.9338923287391296,0.9338923287391296,True
p_exp_CO2_sub40,0,1,NONE,,0.7341830808786508,0.0,0.7341830808786508,8,32,0.447728317398524,0.4724904612156767,p_exp_N2,0.9455507826647412,,
p_exp_CO2_sub40,0,1,PHYS,p_sim_CO2,0.7269855976668834,0.0098033901886619,0.7341830808786508,8,32,0.447728317398524,0.4724904612156767,p_exp_N2,0.9455507826647412,0.5049936082972543,
p_exp_CO2_sub40,0,1,TOP,p_exp_N2,0.3185446040163679,0.5661237471787797,0.7341830808786508,8,32,0.447728317398524,0.4724904612156767,p_exp_N2,0.9455507826647412,0.9455507826647412,
p_exp_CO2_sub40,0,1,GATE,p_exp_N2,0.3185446040163679,0.5661237471787797,0.7341830808786508,8,32,0.447728317398524,0.4724904612156767,p_exp_N2,0.9455507826647412,0.9455507826647412,True
p_exp_CO2_sub40,0,1,ALL3,p_exp_N2|p_exp_H2|p_exp_O2,0.6035541107911083,0.1779242446328362,0.7341830808786508,8,32,0.447728317398524,0.4724904612156767,p_exp_N2,0.9455507826647412,0.9290416944132286,
p_exp_CO2_sub40,0,1,GATE_MAX,p_exp_N2,0.3185446040163679,0.5661237471787797,0.7341830808786508,8,32,0.447728317398524,0.4724904612156767,p_exp_N2,0.9455507826647412,0.9455507826647412,True
p_exp_CO2_sub40,0,2,NONE,,1.0045133699662256,0.0,1.0045133699662256,8,32,0.553410825059248,0.6352038498305277,p_exp_N2,0.9639349011812524,,
p_exp_CO2_sub40,0,2,PHYS,p_sim_CO2,0.977965578676518,0.0264285096480102,1.0045133699662256,8,32,0.553410825059248,0.6352038498305277,p_exp_N2,0.9639349011812524,0.4735522657939345,
p_exp_CO2_sub40,0,2,TOP,p_exp_N2,0.4753230867925048,0.5268125830834024,1.0045133699662256,8,32,0.553410825059248,0.6352038498305277,p_exp_N2,0.9639349011812524,0.9639349011812524,
p_exp_CO2_sub40,0,2,GATE,p_exp_N2,0.4753230867925048,0.5268125830834024,1.0045133699662256,8,32,0.553410825059248,0.6352038498305277,p_exp_N2,0.9639349011812524,0.9639349011812524,True
p_exp_CO2_sub40,0,2,ALL3,p_exp_N2|p_exp_CH4|p_exp_O2,0.4993496694269679,0.5028939540707583,1.0045133699662256,8,32,0.553410825059248,0.6352038498305277,p_exp_N2,0.9639349011812524,0.9512681037740388,
p_exp_CO2_sub40,0,2,GATE_MAX,p_exp_N2,0.4753230867925048,0.5268125830834024,1.0045133699662256,8,32,0.553410825059248,0.6352038498305277,p_exp_N2,0.9639349011812524,0.9639349011812524,True
p_exp_CO2_sub40,0,3,NONE,,0.7498784426289323,0.0,0.7498784426289323,8,32,0.4804312749394837,0.4818143241886237,p_exp_N2,0.9493512083776764,,
p_exp_CO2_sub40,0,3,PHYS,p_sim_CO2,0.7466904666100787,0.0042513237314533,0.7498784426289323,8,32,0.4804312749394837,0.4818143241886237,p_exp_N2,0.9493512083776764,0.4703602682166966,
p_exp_CO2_sub40,0,3,TOP,p_exp_N2,0.3782291145128411,0.4956127646677758,0.7498784426289323,8,32,0.4804312749394837,0.4818143241886237,p_exp_N2,0.9493512083776764,0.9493512083776764,
p_exp_CO2_sub40,0,3,GATE,p_exp_N2,0.3782291145128411,0.4956127646677758,0.7498784426289323,8,32,0.4804312749394837,0.4818143241886237,p_exp_N2,0.9493512083776764,0.9493512083776764,True
p_exp_CO2_sub40,0,3,ALL3,p_exp_N2|p_exp_O2|p_exp_H2,0.3853703640800241,0.4860895550897711,0.7498784426289323,8,32,0.4804312749394837,0.4818143241886237,p_exp_N2,0.9493512083776764,0.9330513954620516,
p_exp_CO2_sub40,0,3,GATE_MAX,p_exp_N2,0.3782291145128411,0.4956127646677758,0.7498784426289323,8,32,0.4804312749394837,0.4818143241886237,p_exp_N2,0.9493512083776764,0.9493512083776764,True
p_exp_CO2_sub40,0,4,NONE,,0.2993724341150804,0.0,0.2993724341150804,8,32,0.4970518396634775,0.5629619288529895,p_exp_N2,0.9541566444298282,,
p_exp_CO2_sub40,0,4,PHYS,p_sim_CO2,0.4783257593865433,-0.5977615333904535,0.2993724341150804,8,32,0.4970518396634775,0.5629619288529895,p_exp_N2,0.9541566444298282,0.5340926719230505,
p_exp_CO2_sub40,0,4,TOP,p_exp_N2,0.3841104654377225,-0.2830522174599026,0.2993724341150804,8,32,0.4970518396634775,0.5629619288529895,p_exp_N2,0.9541566444298282,0.9541566444298282,
p_exp_CO2_sub40,0,4,GATE,p_exp_N2,0.3841104654377225,-0.2830522174599026,0.2993724341150804,8,32,0.4970518396634775,0.5629619288529895,p_exp_N2,0.9541566444298282,0.9541566444298282,True
p_exp_CO2_sub40,0,4,ALL3,p_exp_N2|p_exp_CH4|p_exp_O2,0.3821391901079474,-0.2764675252667085,0.2993724341150804,8,32,0.4970518396634775,0.5629619288529895,p_exp_N2,0.9541566444298282,0.9338287219721938,
p_exp_CO2_sub40,0,4,GATE_MAX,p_exp_N2,0.3841104654377225,-0.2830522174599026,0.2993724341150804,8,32,0.4970518396634775,0.5629619288529895,p_exp_N2,0.9541566444298282,0.9541566444298282,True
p_exp_CO2_sub40,1,0,NONE,,0.9511196744393786,0.0,0.9511196744393786,8,32,0.3845297888655315,0.4182111460721359,p_exp_N2,0.9532156892525072,,
p_exp_CO2_sub40,1,0,PHYS,p_sim_CO2,0.8690340894340561,0.0863041604661437,0.9511196744393786,8,32,0.3845297888655315,0.4182111460721359,p_exp_N2,0.9532156892525072,0.5394524848475623,
p_exp_CO2_sub40,1,0,TOP,p_exp_N2,0.4407585207212476,0.5365898397790527,0.9511196744393786,8,32,0.3845297888655315,0.4182111460721359,p_exp_N2,0.9532156892525072,0.9532156892525072,
p_exp_CO2_sub40,1,0,GATE,p_exp_N2,0.4407585207212476,0.5365898397790527,0.9511196744393786,8,32,0.3845297888655315,0.4182111460721359,p_exp_N2,0.9532156892525072,0.9532156892525072,True
p_exp_CO2_sub40,1,0,ALL3,p_exp_N2|p_exp_O2|p_exp_CH4,0.4993154642509601,0.4750235142120541,0.9511196744393786,8,32,0.3845297888655315,0.4182111460721359,p_exp_N2,0.9532156892525072,0.941597646427502,
p_exp_CO2_sub40,1,0,GATE_MAX,p_exp_N2,0.4407585207212476,0.5365898397790527,0.9511196744393786,8,32,0.3845297888655315,0.4182111460721359,p_exp_N2,0.9532156892525072,0.9532156892525072,True
p_exp_CO2_sub40,1,1,NONE,,0.7008018869568517,0.0,0.7008018869568517,8,32,0.3956962561339889,0.41892763124247,p_exp_N2,0.9416544589592178,,
p_exp_CO2_sub40,1,1,PHYS,p_sim_CO2,0.6860922287012322,0.0209897526382163,0.7008018869568517,8,32,0.3956962561339889,0.41892763124247,p_exp_N2,0.9416544589592178,0.4760030369243904,
p_exp_CO2_sub40,1,1,TOP,p_exp_N2,0.2562919112472313,0.6342876410334051,0.7008018869568517,8,32,0.3956962561339889,0.41892763124247,p_exp_N2,0.9416544589592178,0.9416544589592178,
p_exp_CO2_sub40,1,1,GATE,p_exp_N2,0.2562919112472313,0.6342876410334051,0.7008018869568517,8,32,0.3956962561339889,0.41892763124247,p_exp_N2,0.9416544589592178,0.9416544589592178,True
p_exp_CO2_sub40,1,1,ALL3,p_exp_N2|p_exp_O2|p_exp_H2,0.3338618193365792,0.523600284830376,0.7008018869568517,8,32,0.3956962561339889,0.41892763124247,p_exp_N2,0.9416544589592178,0.9313900163667992,
p_exp_CO2_sub40,1,1,GATE_MAX,p_exp_N2,0.2562919112472313,0.6342876410334051,0.7008018869568517,8,32,0.3956962561339889,0.41892763124247,p_exp_N2,0.9416544589592178,0.9416544589592178,True
p_exp_CO2_sub40,1,2,NONE,,0.3348062159875796,0.0,0.3348062159875796,8,32,0.4654360029216156,0.4898612127381964,p_exp_N2,0.9509591696094112,,
p_exp_CO2_sub40,1,2,PHYS,p_sim_CO2,0.6432756299116921,-0.9213371771316092,0.3348062159875796,8,32,0.4654360029216156,0.4898612127381964,p_exp_N2,0.9509591696094112,0.5095233613654486,
p_exp_CO2_sub40,1,2,TOP,p_exp_N2,0.3254697938191226,0.0278860478767314,0.3348062159875796,8,32,0.4654360029216156,0.4898612127381964,p_exp_N2,0.9509591696094112,0.9509591696094112,
p_exp_CO2_sub40,1,2,GATE,p_exp_N2,0.3254697938191226,0.0278860478767314,0.3348062159875796,8,32,0.4654360029216156,0.4898612127381964,p_exp_N2,0.9509591696094112,0.9509591696094112,True
p_exp_CO2_sub40,1,2,ALL3,p_exp_N2|p_exp_O2|p_exp_CH4,0.344727649437966,-0.0296333609611193,0.3348062159875796,8,32,0.4654360029216156,0.4898612127381964,p_exp_N2,0.9509591696094112,0.9402029755575192,
p_exp_CO2_sub40,1,2,GATE_MAX,p_exp_N2,0.3254697938191226,0.0278860478767314,0.3348062159875796,8,32,0.4654360029216156,0.4898612127381964,p_exp_N2,0.9509591696094112,0.9509591696094112,True
p_exp_CO2_sub40,1,3,NONE,,0.920372169339661,0.0,0.920372169339661,8,32,0.5185316294349297,0.5207913823467202,p_exp_N2,0.9538214534223444,,
p_exp_CO2_sub40,1,3,PHYS,p_sim_CO2,0.9326417684447552,-0.0133311279000291,0.920372169339661,8,32,0.5185316294349297,0.5207913823467202,p_exp_N2,0.9538214534223444,0.4471415505567161,
p_exp_CO2_sub40,1,3,TOP,p_exp_N2,0.5591193787113584,0.3925072950516208,0.920372169339661,8,32,0.5185316294349297,0.5207913823467202,p_exp_N2,0.9538214534223444,0.9538214534223444,
p_exp_CO2_sub40,1,3,GATE,p_exp_N2,0.5591193787113584,0.3925072950516208,0.920372169339661,8,32,0.5185316294349297,0.5207913823467202,p_exp_N2,0.9538214534223444,0.9538214534223444,True
p_exp_CO2_sub40,1,3,ALL3,p_exp_N2|p_exp_O2|p_exp_CH4,0.5542411584786422,0.3978075642201422,0.920372169339661,8,32,0.5185316294349297,0.5207913823467202,p_exp_N2,0.9538214534223444,0.94132965210494,
p_exp_CO2_sub40,1,3,GATE_MAX,p_exp_N2,0.5591193787113584,0.3925072950516208,0.920372169339661,8,32,0.5185316294349297,0.5207913823467202,p_exp_N2,0.9538214534223444,0.9538214534223444,True
p_exp_CO2_sub40,1,4,NONE,,0.9308219899798182,0.0,0.9308219899798182,8,32,0.4386786150119033,0.4618200232450463,p_exp_N2,0.9359806279539484,,
p_exp_CO2_sub40,1,4,PHYS,p_sim_CO2,0.8967771957624753,0.0365749784425281,0.9308219899798182,8,32,0.4386786150119033,0.4618200232450463,p_exp_N2,0.9359806279539484,0.465113998109544,
p_exp_CO2_sub40,1,4,TOP,p_exp_N2,0.3330073218079332,0.6422438174079306,0.9308219899798182,8,32,0.4386786150119033,0.4618200232450463,p_exp_N2,0.9359806279539484,0.9359806279539484,
p_exp_CO2_sub40,1,4,GATE,p_exp_N2,0.3330073218079332,0.6422438174079306,0.9308219899798182,8,32,0.4386786150119033,0.4618200232450463,p_exp_N2,0.9359806279539484,0.9359806279539484,True
p_exp_CO2_sub40,1,4,ALL3,p_exp_N2|p_exp_O2|p_exp_H2,0.4152069361581773,0.5539351877933398,0.9308219899798182,8,32,0.4386786150119033,0.4618200232450463,p_exp_N2,0.9359806279539484,0.9239186027706304,
p_exp_CO2_sub40,1,4,GATE_MAX,p_exp_N2,0.3330073218079332,0.6422438174079306,0.9308219899798182,8,32,0.4386786150119033,0.4618200232450463,p_exp_N2,0.9359806279539484,0.9359806279539484,True
p_exp_CO2_sub40,2,0,NONE,,1.4066859452610103,0.0,1.4066859452610103,8,32,0.4089049902116705,0.4772933665845668,p_exp_N2,0.9408052675998576,,
p_exp_CO2_sub40,2,0,PHYS,p_sim_CO2,1.399395167520183,0.0051829463181808,1.4066859452610103,8,32,0.4089049902116705,0.4772933665845668,p_exp_N2,0.9408052675998576,0.4820658165773595,
p_exp_CO2_sub40,2,0,TOP,p_exp_N2,0.5493205948387846,0.609493080748128,1.4066859452610103,8,32,0.4089049902116705,0.4772933665845668,p_exp_N2,0.9408052675998576,0.9408052675998576,
p_exp_CO2_sub40,2,0,GATE,p_exp_N2,0.5493205948387846,0.609493080748128,1.4066859452610103,8,32,0.4089049902116705,0.4772933665845668,p_exp_N2,0.9408052675998576,0.9408052675998576,True
p_exp_CO2_sub40,2,0,ALL3,p_exp_N2|p_exp_O2|p_exp_CH4,0.5363597494775227,0.6187068255821655,1.4066859452610103,8,32,0.4089049902116705,0.4772933665845668,p_exp_N2,0.9408052675998576,0.9320766863396304,
p_exp_CO2_sub40,2,0,GATE_MAX,p_exp_N2,0.5493205948387846,0.609493080748128,1.4066859452610103,8,32,0.4089049902116705,0.4772933665845668,p_exp_N2,0.9408052675998576,0.9408052675998576,True
p_exp_CO2_sub40,2,1,NONE,,0.3450791054989086,0.0,0.3450791054989086,8,32,0.5000551657450557,0.5583648341587761,p_exp_N2,0.9415160605566592,,
p_exp_CO2_sub40,2,1,PHYS,p_sim_CO2,0.49597863272811,-0.4372896672808801,0.3450791054989086,8,32,0.5000551657450557,0.5583648341587761,p_exp_N2,0.9415160605566592,0.5034916062778404,
p_exp_CO2_sub40,2,1,TOP,p_exp_N2,0.2913681318432455,0.1556482928110316,0.3450791054989086,8,32,0.5000551657450557,0.5583648341587761,p_exp_N2,0.9415160605566592,0.9415160605566592,
p_exp_CO2_sub40,2,1,GATE,p_exp_N2,0.2913681318432455,0.1556482928110316,0.3450791054989086,8,32,0.5000551657450557,0.5583648341587761,p_exp_N2,0.9415160605566592,0.9415160605566592,True
p_exp_CO2_sub40,2,1,ALL3,p_exp_N2|p_exp_O2|p_exp_CH4,0.274960786924349,0.2031949122888325,0.3450791054989086,8,32,0.5000551657450557,0.5583648341587761,p_exp_N2,0.9415160605566592,0.9343140143026868,
p_exp_CO2_sub40,2,1,GATE_MAX,p_exp_N2,0.2913681318432455,0.1556482928110316,0.3450791054989086,8,32,0.5000551657450557,0.5583648341587761,p_exp_N2,0.9415160605566592,0.9415160605566592,True
p_exp_CO2_sub40,2,2,NONE,,0.3519252311860484,0.0,0.3519252311860484,8,32,0.4729709071756359,0.4840188023052412,p_exp_N2,0.9370784850289102,,
p_exp_CO2_sub40,2,2,PHYS,p_sim_CO2,0.8246043079134218,-1.343123580921901,0.3519252311860484,8,32,0.4729709071756359,0.4840188023052412,p_exp_N2,0.9370784850289102,0.4894947918436637,
p_exp_CO2_sub40,2,2,TOP,p_exp_N2,0.2246984915637496,0.3615163914037163,0.3519252311860484,8,32,0.4729709071756359,0.4840188023052412,p_exp_N2,0.9370784850289102,0.9370784850289102,
p_exp_CO2_sub40,2,2,GATE,p_exp_N2,0.2246984915637496,0.3615163914037163,0.3519252311860484,8,32,0.4729709071756359,0.4840188023052412,p_exp_N2,0.9370784850289102,0.9370784850289102,True
p_exp_CO2_sub40,2,2,ALL3,p_exp_N2|p_exp_O2|p_exp_CH4,0.2004599147211639,0.4303906143768676,0.3519252311860484,8,32,0.4729709071756359,0.4840188023052412,p_exp_N2,0.9370784850289102,0.928534062926502,
p_exp_CO2_sub40,2,2,GATE_MAX,p_exp_N2,0.2246984915637496,0.3615163914037163,0.3519252311860484,8,32,0.4729709071756359,0.4840188023052412,p_exp_N2,0.9370784850289102,0.9370784850289102,True
p_exp_CO2_sub40,2,3,NONE,,0.5844874526302503,0.0,0.5844874526302503,8,32,0.5115848084036473,0.5265828280680673,p_exp_N2,0.9441825424180484,,
p_exp_CO2_sub40,2,3,PHYS,p_sim_CO2,0.7691316340231107,-0.315907861771786,0.5844874526302503,8,32,0.5115848084036473,0.5265828280680673,p_exp_N2,0.9441825424180484,0.5759030724949554,
p_exp_CO2_sub40,2,3,TOP,p_exp_N2,0.3571430391655097,0.3889637193094028,0.5844874526302503,8,32,0.5115848084036473,0.5265828280680673,p_exp_N2,0.9441825424180484,0.9441825424180484,
p_exp_CO2_sub40,2,3,GATE,p_exp_N2,0.3571430391655097,0.3889637193094028,0.5844874526302503,8,32,0.5115848084036473,0.5265828280680673,p_exp_N2,0.9441825424180484,0.9441825424180484,True
p_exp_CO2_sub40,2,3,ALL3,p_exp_N2|p_exp_O2|p_exp_CH4,0.4507555399973133,0.2288020248016109,0.5844874526302503,8,32,0.5115848084036473,0.5265828280680673,p_exp_N2,0.9441825424180484,0.9414741920772992,
p_exp_CO2_sub40,2,3,GATE_MAX,p_exp_N2,0.3571430391655097,0.3889637193094028,0.5844874526302503,8,32,0.5115848084036473,0.5265828280680673,p_exp_N2,0.9441825424180484,0.9441825424180484,True
p_exp_CO2_sub40,2,4,NONE,,1.2819927511723757,0.0,1.2819927511723757,8,32,0.4551429565729606,0.4734553871735308,p_exp_N2,0.9241437671765176,,
p_exp_CO2_sub40,2,4,PHYS,p_sim_CO2,1.0003364199246172,0.2197019686657239,1.2819927511723757,8,32,0.4551429565729606,0.4734553871735308,p_exp_N2,0.9241437671765176,0.4357547537540055,
p_exp_CO2_sub40,2,4,TOP,p_exp_N2,0.4145339967961023,0.67664872019205,1.2819927511723757,8,32,0.4551429565729606,0.4734553871735308,p_exp_N2,0.9241437671765176,0.9241437671765176,
p_exp_CO2_sub40,2,4,GATE,p_exp_N2,0.4145339967961023,0.67664872019205,1.2819927511723757,8,32,0.4551429565729606,0.4734553871735308,p_exp_N2,0.9241437671765176,0.9241437671765176,True
p_exp_CO2_sub40,2,4,ALL3,p_exp_N2|p_exp_O2|p_exp_CH4,0.3966344390087944,0.6906110127018469,1.2819927511723757,8,32,0.4551429565729606,0.4734553871735308,p_exp_N2,0.9241437671765176,0.9156691855605478,
p_exp_CO2_sub40,2,4,GATE_MAX,p_exp_N2,0.4145339967961023,0.67664872019205,1.2819927511723757,8,32,0.4551429565729606,0.4734553871735308,p_exp_N2,0.9241437671765176,0.9241437671765176,True
p_exp_N2_sub40,0,0,NONE,,0.8001136789657038,0.0,0.8001136789657038,8,32,0.3770788526709656,0.4156452476830785,p_exp_CH4,0.8330497400035894,,
p_exp_N2_sub40,0,0,PHYS,p_sim_N2,0.8258764081010772,-0.0321988360062491,0.8001136789657038,8,32,0.3770788526709656,0.4156452476830785,p_exp_CH4,0.8330497400035894,0.4325506889845261,
p_exp_N2_sub40,0,0,TOP,p_exp_CH4,0.2609651802477539,0.6738398716228674,0.8001136789657038,8,32,0.3770788526709656,0.4156452476830785,p_exp_CH4,0.8330497400035894,0.8330497400035894,
p_exp_N2_sub40,0,0,GATE,p_exp_CH4,0.2609651802477539,0.6738398716228674,0.8001136789657038,8,32,0.3770788526709656,0.4156452476830785,p_exp_CH4,0.8330497400035894,0.8330497400035894,True
p_exp_N2_sub40,0,0,ALL3,p_exp_CH4|p_exp_O2|p_exp_CO2,0.2491277536772294,0.6886345525309935,0.8001136789657038,8,32,0.3770788526709656,0.4156452476830785,p_exp_CH4,0.8330497400035894,0.8150654172597571,
p_exp_N2_sub40,0,0,GATE_MAX,p_exp_CH4,0.2609651802477539,0.6738398716228674,0.8001136789657038,8,32,0.3770788526709656,0.4156452476830785,p_exp_CH4,0.8330497400035894,0.8330497400035894,True
p_exp_N2_sub40,0,1,NONE,,0.5974643852389618,0.0,0.5974643852389618,8,32,0.3267322476120568,0.330331728657437,p_exp_CO2,0.8746727610197778,,
p_exp_N2_sub40,0,1,PHYS,p_sim_N2,0.5595863386037998,0.0633979992297153,0.5974643852389618,8,32,0.3267322476120568,0.330331728657437,p_exp_CO2,0.8746727610197778,0.3764803431211898,
p_exp_N2_sub40,0,1,TOP,p_exp_CO2,0.7295721635650162,-0.2211140640177515,0.5974643852389618,8,32,0.3267322476120568,0.330331728657437,p_exp_CO2,0.8746727610197778,0.8746727610197778,
p_exp_N2_sub40,0,1,GATE,p_exp_CO2,0.7295721635650162,-0.2211140640177515,0.5974643852389618,8,32,0.3267322476120568,0.330331728657437,p_exp_CO2,0.8746727610197778,0.8746727610197778,True
p_exp_N2_sub40,0,1,ALL3,p_exp_CO2|p_exp_O2|p_exp_CH4,0.6279540504803718,-0.051031770252239,0.5974643852389618,8,32,0.3267322476120568,0.330331728657437,p_exp_CO2,0.8746727610197778,0.8639027420951707,
p_exp_N2_sub40,0,1,GATE_MAX,p_exp_CO2,0.7295721635650162,-0.2211140640177515,0.5974643852389618,8,32,0.3267322476120568,0.330331728657437,p_exp_CO2,0.8746727610197778,0.8746727610197778,True
p_exp_N2_sub40,0,2,NONE,,0.9839891126955048,0.0,0.9839891126955048,8,32,0.3535205205718259,0.400885790421544,p_exp_CH4,0.8974846938250722,,
p_exp_N2_sub40,0,2,PHYS,p_sim_N2,0.960905716212135,0.0234589958217482,0.9839891126955048,8,32,0.3535205205718259,0.400885790421544,p_exp_CH4,0.8974846938250722,0.4420668602586587,
p_exp_N2_sub40,0,2,TOP,p_exp_CH4,0.8043413741722305,0.1825708599876208,0.9839891126955048,8,32,0.3535205205718259,0.400885790421544,p_exp_CH4,0.8974846938250722,0.8974846938250722,
p_exp_N2_sub40,0,2,GATE,p_exp_CH4,0.8043413741722305,0.1825708599876208,0.9839891126955048,8,32,0.3535205205718259,0.400885790421544,p_exp_CH4,0.8974846938250722,0.8974846938250722,True
p_exp_N2_sub40,0,2,ALL3,p_exp_CH4|p_exp_O2|p_exp_CO2,0.8013219534463049,0.1856394109369848,0.9839891126955048,8,32,0.3535205205718259,0.400885790421544,p_exp_CH4,0.8974846938250722,0.8869026753752745,
p_exp_N2_sub40,0,2,GATE_MAX,p_exp_CH4,0.8043413741722305,0.1825708599876208,0.9839891126955048,8,32,0.3535205205718259,0.400885790421544,p_exp_CH4,0.8974846938250722,0.8974846938250722,True
p_exp_N2_sub40,0,3,NONE,,1.226801763959538,0.0,1.226801763959538,8,32,0.3022423190402107,0.3320093320483226,p_exp_CH4,0.8081945651830013,,
p_exp_N2_sub40,0,3,PHYS,p_sim_N2,1.0942581410543877,0.1080399676614108,1.226801763959538,8,32,0.3022423190402107,0.3320093320483226,p_exp_CH4,0.8081945651830013,0.4120754718030029,
p_exp_N2_sub40,0,3,TOP,p_exp_CH4,0.3788475684550905,0.6911908838210755,1.226801763959538,8,32,0.3022423190402107,0.3320093320483226,p_exp_CH4,0.8081945651830013,0.8081945651830013,
p_exp_N2_sub40,0,3,GATE,p_exp_CH4,0.3788475684550905,0.6911908838210755,1.226801763959538,8,32,0.3022423190402107,0.3320093320483226,p_exp_CH4,0.8081945651830013,0.8081945651830013,True
p_exp_N2_sub40,0,3,ALL3,p_exp_CH4|p_exp_O2|p_exp_CO2,0.415233147352906,0.6615319935531155,1.226801763959538,8,32,0.3022423190402107,0.3320093320483226,p_exp_CH4,0.8081945651830013,0.7868496077368179,
p_exp_N2_sub40,0,3,GATE_MAX,p_exp_CH4,0.3788475684550905,0.6911908838210755,1.226801763959538,8,32,0.3022423190402107,0.3320093320483226,p_exp_CH4,0.8081945651830013,0.8081945651830013,True
p_exp_N2_sub40,0,4,NONE,,0.8191157776177346,0.0,0.8191157776177346,8,32,0.3437593428565813,0.3677308051468616,p_exp_CH4,0.8790142949487283,,
p_exp_N2_sub40,0,4,PHYS,p_sim_N2,0.766621761423961,0.0640861983472518,0.8191157776177346,8,32,0.3437593428565813,0.3677308051468616,p_exp_CH4,0.8790142949487283,0.4090195577445688,
p_exp_N2_sub40,0,4,TOP,p_exp_CH4,0.638509904862408,0.2204888218373591,0.8191157776177346,8,32,0.3437593428565813,0.3677308051468616,p_exp_CH4,0.8790142949487283,0.8790142949487283,
p_exp_N2_sub40,0,4,GATE,p_exp_CH4,0.638509904862408,0.2204888218373591,0.8191157776177346,8,32,0.3437593428565813,0.3677308051468616,p_exp_CH4,0.8790142949487283,0.8790142949487283,True
p_exp_N2_sub40,0,4,ALL3,p_exp_CH4|p_exp_O2|p_exp_CO2,0.6329618530705632,0.2272620423556849,0.8191157776177346,8,32,0.3437593428565813,0.3677308051468616,p_exp_CH4,0.8790142949487283,0.864232962404842,
p_exp_N2_sub40,0,4,GATE_MAX,p_exp_CH4,0.638509904862408,0.2204888218373591,0.8191157776177346,8,32,0.3437593428565813,0.3677308051468616,p_exp_CH4,0.8790142949487283,0.8790142949487283,True
p_exp_N2_sub40,1,0,NONE,,0.8408142328097626,0.0,0.8408142328097626,8,32,0.3245657702654238,0.3276184763022927,p_exp_CH4,0.8563248468194142,,
p_exp_N2_sub40,1,0,PHYS,p_sim_N2,0.8441102556522369,-0.0039200369283234,0.8408142328097626,8,32,0.3245657702654238,0.3276184763022927,p_exp_CH4,0.8563248468194142,0.485246706934213,
p_exp_N2_sub40,1,0,TOP,p_exp_CH4,0.5488365027158641,0.3472559320483809,0.8408142328097626,8,32,0.3245657702654238,0.3276184763022927,p_exp_CH4,0.8563248468194142,0.8563248468194142,
p_exp_N2_sub40,1,0,GATE,p_exp_CH4,0.5488365027158641,0.3472559320483809,0.8408142328097626,8,32,0.3245657702654238,0.3276184763022927,p_exp_CH4,0.8563248468194142,0.8563248468194142,True
p_exp_N2_sub40,1,0,ALL3,p_exp_CH4|p_exp_CO2|p_exp_O2,0.7613203794558409,0.0945438959665036,0.8408142328097626,8,32,0.3245657702654238,0.3276184763022927,p_exp_CH4,0.8563248468194142,0.8478705454179482,
p_exp_N2_sub40,1,0,GATE_MAX,p_exp_CH4,0.5488365027158641,0.3472559320483809,0.8408142328097626,8,32,0.3245657702654238,0.3276184763022927,p_exp_CH4,0.8563248468194142,0.8563248468194142,True
p_exp_N2_sub40,1,1,NONE,,0.9183933820779344,0.0,0.9183933820779344,8,32,0.3725234141444479,0.4131610013444654,p_exp_CH4,0.8333794856275992,,
p_exp_N2_sub40,1,1,PHYS,p_sim_N2,0.8188011747376529,0.108441773736377,0.9183933820779344,8,32,0.3725234141444479,0.4131610013444654,p_exp_CH4,0.8333794856275992,0.4236568380083793,
p_exp_N2_sub40,1,1,TOP,p_exp_CH4,0.4476831620126306,0.5125365984239633,0.9183933820779344,8,32,0.3725234141444479,0.4131610013444654,p_exp_CH4,0.8333794856275992,0.8333794856275992,
p_exp_N2_sub40,1,1,GATE,p_exp_CH4,0.4476831620126306,0.5125365984239633,0.9183933820779344,8,32,0.3725234141444479,0.4131610013444654,p_exp_CH4,0.8333794856275992,0.8333794856275992,True
p_exp_N2_sub40,1,1,ALL3,p_exp_CH4|p_exp_O2|p_exp_CO2,0.4284969729597351,0.533427634256,0.9183933820779344,8,32,0.3725234141444479,0.4131610013444654,p_exp_CH4,0.8333794856275992,0.8128833455329333,
p_exp_N2_sub40,1,1,GATE_MAX,p_exp_CH4,0.4476831620126306,0.5125365984239633,0.9183933820779344,8,32,0.3725234141444479,0.4131610013444654,p_exp_CH4,0.8333794856275992,0.8333794856275992,True
p_exp_N2_sub40,1,2,NONE,,0.9429599594355572,0.0,0.9429599594355572,8,32,0.3482014746918228,0.3722914266675414,p_exp_CH4,0.862782712841803,,
p_exp_N2_sub40,1,2,PHYS,p_sim_N2,0.8443475074508947,0.1045775602642667,0.9429599594355572,8,32,0.3482014746918228,0.3722914266675414,p_exp_CH4,0.862782712841803,0.4900692394843328,
p_exp_N2_sub40,1,2,TOP,p_exp_CH4,0.4867216808692159,0.4838363219997582,0.9429599594355572,8,32,0.3482014746918228,0.3722914266675414,p_exp_CH4,0.862782712841803,0.862782712841803,
p_exp_N2_sub40,1,2,GATE,p_exp_CH4,0.4867216808692159,0.4838363219997582,0.9429599594355572,8,32,0.3482014746918228,0.3722914266675414,p_exp_CH4,0.862782712841803,0.862782712841803,True
p_exp_N2_sub40,1,2,ALL3,p_exp_CH4|p_exp_O2|p_exp_CO2,0.4858022363731286,0.4848113840762411,0.9429599594355572,8,32,0.3482014746918228,0.3722914266675414,p_exp_CH4,0.862782712841803,0.8389559516548046,
p_exp_N2_sub40,1,2,GATE_MAX,p_exp_CH4,0.4867216808692159,0.4838363219997582,0.9429599594355572,8,32,0.3482014746918228,0.3722914266675414,p_exp_CH4,0.862782712841803,0.862782712841803,True
p_exp_N2_sub40,1,3,NONE,,0.4395532872593474,0.0,0.4395532872593474,8,32,0.2664993843883427,0.2797269953189318,p_exp_CH4,0.8451638282184575,,
p_exp_N2_sub40,1,3,PHYS,p_sim_N2,0.3338868124652719,0.240395141742461,0.4395532872593474,8,32,0.2664993843883427,0.2797269953189318,p_exp_CH4,0.8451638282184575,0.3958009032377921,
p_exp_N2_sub40,1,3,TOP,p_exp_CH4,0.2316881509195741,0.4729008799725519,0.4395532872593474,8,32,0.2664993843883427,0.2797269953189318,p_exp_CH4,0.8451638282184575,0.8451638282184575,
p_exp_N2_sub40,1,3,GATE,p_exp_CH4,0.2316881509195741,0.4729008799725519,0.4395532872593474,8,32,0.2664993843883427,0.2797269953189318,p_exp_CH4,0.8451638282184575,0.8451638282184575,True
p_exp_N2_sub40,1,3,ALL3,p_exp_CH4|p_exp_O2|p_exp_CO2,0.2288933251501121,0.4792592120575829,0.4395532872593474,8,32,0.2664993843883427,0.2797269953189318,p_exp_CH4,0.8451638282184575,0.8225335650158385,
p_exp_N2_sub40,1,3,GATE_MAX,p_exp_CH4,0.2316881509195741,0.4729008799725519,0.4395532872593474,8,32,0.2664993843883427,0.2797269953189318,p_exp_CH4,0.8451638282184575,0.8451638282184575,True
p_exp_N2_sub40,1,4,NONE,,1.433063419019647,0.0,1.433063419019647,8,32,0.3510626702769319,0.4197674615504678,p_exp_O2,0.9011353421623902,,
p_exp_N2_sub40,1,4,PHYS,p_sim_N2,1.2791760679312631,0.1073834898344258,1.433063419019647,8,32,0.3510626702769319,0.4197674615504678,p_exp_O2,0.9011353421623902,0.4514491302704098,
p_exp_N2_sub40,1,4,TOP,p_exp_O2,0.979651104395131,0.3163937538330952,1.433063419019647,8,32,0.3510626702769319,0.4197674615504678,p_exp_O2,0.9011353421623902,0.9011353421623902,
p_exp_N2_sub40,1,4,GATE,p_exp_O2,0.979651104395131,0.3163937538330952,1.433063419019647,8,32,0.3510626702769319,0.4197674615504678,p_exp_O2,0.9011353421623902,0.9011353421623902,True
p_exp_N2_sub40,1,4,ALL3,p_exp_O2|p_exp_CH4|p_exp_CO2,0.9232445897216908,0.355754548285603,1.433063419019647,8,32,0.3510626702769319,0.4197674615504678,p_exp_O2,0.9011353421623902,0.8863536299717115,
p_exp_N2_sub40,1,4,GATE_MAX,p_exp_O2,0.979651104395131,0.3163937538330952,1.433063419019647,8,32,0.3510626702769319,0.4197674615504678,p_exp_O2,0.9011353421623902,0.9011353421623902,True
p_exp_N2_sub40,2,0,NONE,,0.5829642542855774,0.0,0.5829642542855774,8,32,0.3519179375226297,0.3786216251919957,p_exp_O2,0.8756347682285051,,
p_exp_N2_sub40,2,0,PHYS,p_sim_N2,0.7588606769265012,-0.3017276296922953,0.5829642542855774,8,32,0.3519179375226297,0.3786216251919957,p_exp_O2,0.8756347682285051,0.4640883503772957,
p_exp_N2_sub40,2,0,TOP,p_exp_O2,0.461238989044484,0.2088039950069797,0.5829642542855774,8,32,0.3519179375226297,0.3786216251919957,p_exp_O2,0.8756347682285051,0.8756347682285051,
p_exp_N2_sub40,2,0,GATE,p_exp_O2,0.461238989044484,0.2088039950069797,0.5829642542855774,8,32,0.3519179375226297,0.3786216251919957,p_exp_O2,0.8756347682285051,0.8756347682285051,True
p_exp_N2_sub40,2,0,ALL3,p_exp_O2|p_exp_CO2|p_exp_CH4,0.4242607438365307,0.2722354060002149,0.5829642542855774,8,32,0.3519179375226297,0.3786216251919957,p_exp_O2,0.8756347682285051,0.8699573216692683,
p_exp_N2_sub40,2,0,GATE_MAX,p_exp_O2,0.461238989044484,0.2088039950069797,0.5829642542855774,8,32,0.3519179375226297,0.3786216251919957,p_exp_O2,0.8756347682285051,0.8756347682285051,True
p_exp_N2_sub40,2,1,NONE,,1.0439671139063067,0.0,1.0439671139063067,8,32,0.2891842355684481,0.3524000792382129,p_exp_O2,0.8073660059191594,,
p_exp_N2_sub40,2,1,PHYS,p_sim_N2,0.9401409013677258,0.0994535279469531,1.0439671139063067,8,32,0.2891842355684481,0.3524000792382129,p_exp_O2,0.8073660059191594,0.335351679502979,
p_exp_N2_sub40,2,1,TOP,p_exp_O2,0.3233975621477024,0.6902224621447928,1.0439671139063067,8,32,0.2891842355684481,0.3524000792382129,p_exp_O2,0.8073660059191594,0.8073660059191594,
p_exp_N2_sub40,2,1,GATE,p_exp_O2,0.3233975621477024,0.6902224621447928,1.0439671139063067,8,32,0.2891842355684481,0.3524000792382129,p_exp_O2,0.8073660059191594,0.8073660059191594,True
p_exp_N2_sub40,2,1,ALL3,p_exp_O2|p_exp_CH4|p_exp_CO2,0.2791476674817198,0.7326087538933984,1.0439671139063067,8,32,0.2891842355684481,0.3524000792382129,p_exp_O2,0.8073660059191594,0.7908252422858624,
p_exp_N2_sub40,2,1,GATE_MAX,p_exp_O2,0.3233975621477024,0.6902224621447928,1.0439671139063067,8,32,0.2891842355684481,0.3524000792382129,p_exp_O2,0.8073660059191594,0.8073660059191594,True
p_exp_N2_sub40,2,2,NONE,,0.7966747530167887,0.0,0.7966747530167887,8,32,0.371283546544682,0.4133729688372233,p_exp_CH4,0.862342392586959,,
p_exp_N2_sub40,2,2,PHYS,p_sim_N2,0.7628428887728156,0.0424663441584675,0.7966747530167887,8,32,0.371283546544682,0.4133729688372233,p_exp_CH4,0.862342392586959,0.4401616514202226,
p_exp_N2_sub40,2,2,TOP,p_exp_CH4,0.4819621001779884,0.3950327930527104,0.7966747530167887,8,32,0.371283546544682,0.4133729688372233,p_exp_CH4,0.862342392586959,0.862342392586959,
p_exp_N2_sub40,2,2,GATE,p_exp_CH4,0.4819621001779884,0.3950327930527104,0.7966747530167887,8,32,0.371283546544682,0.4133729688372233,p_exp_CH4,0.862342392586959,0.862342392586959,True
p_exp_N2_sub40,2,2,ALL3,p_exp_CH4|p_exp_O2|p_exp_CO2,0.4735975411139735,0.4055321330058602,0.7966747530167887,8,32,0.371283546544682,0.4133729688372233,p_exp_CH4,0.862342392586959,0.8462326012567849,
p_exp_N2_sub40,2,2,GATE_MAX,p_exp_CH4,0.4819621001779884,0.3950327930527104,0.7966747530167887,8,32,0.371283546544682,0.4133729688372233,p_exp_CH4,0.862342392586959,0.862342392586959,True
p_exp_N2_sub40,2,3,NONE,,0.9560497368803944,0.0,0.9560497368803944,8,32,0.3764503559064605,0.4465202552776008,p_exp_CH4,0.8710615100257554,,
p_exp_N2_sub40,2,3,PHYS,p_sim_N2,0.7781685126228214,0.1860585463241717,0.9560497368803944,8,32,0.3764503559064605,0.4465202552776008,p_exp_CH4,0.8710615100257554,0.3210641343341154,
p_exp_N2_sub40,2,3,TOP,p_exp_CH4,0.7394281590315468,0.2265798205809744,0.9560497368803944,8,32,0.3764503559064605,0.4465202552776008,p_exp_CH4,0.8710615100257554,0.8710615100257554,
p_exp_N2_sub40,2,3,GATE,p_exp_CH4,0.7394281590315468,0.2265798205809744,0.9560497368803944,8,32,0.3764503559064605,0.4465202552776008,p_exp_CH4,0.8710615100257554,0.8710615100257554,True
p_exp_N2_sub40,2,3,ALL3,p_exp_CH4|p_exp_O2|p_exp_CO2,0.7164593357307512,0.2506045364663041,0.9560497368803944,8,32,0.3764503559064605,0.4465202552776008,p_exp_CH4,0.8710615100257554,0.8411938417154442,
p_exp_N2_sub40,2,3,GATE_MAX,p_exp_CH4,0.7394281590315468,0.2265798205809744,0.9560497368803944,8,32,0.3764503559064605,0.4465202552776008,p_exp_CH4,0.8710615100257554,0.8710615100257554,True
p_exp_N2_sub40,2,4,NONE,,1.06738215019884,0.0,1.06738215019884,8,32,0.3621681793517038,0.3678260135483334,p_exp_O2,0.9000587611250175,,
p_exp_N2_sub40,2,4,PHYS,p_sim_N2,1.0136488672776989,0.0503411855923685,1.06738215019884,8,32,0.3621681793517038,0.3678260135483334,p_exp_O2,0.9000587611250175,0.5178113839338334,
p_exp_N2_sub40,2,4,TOP,p_exp_O2,0.7008482877792492,0.3433951582863833,1.06738215019884,8,32,0.3621681793517038,0.3678260135483334,p_exp_O2,0.9000587611250175,0.9000587611250175,
p_exp_N2_sub40,2,4,GATE,p_exp_O2,0.7008482877792492,0.3433951582863833,1.06738215019884,8,32,0.3621681793517038,0.3678260135483334,p_exp_O2,0.9000587611250175,0.9000587611250175,True
p_exp_N2_sub40,2,4,ALL3,p_exp_O2|p_exp_CO2|p_exp_CH4,0.6682467443720641,0.3739386177222675,1.06738215019884,8,32,0.3621681793517038,0.3678260135483334,p_exp_O2,0.9000587611250175,0.8806329670859142,
p_exp_N2_sub40,2,4,GATE_MAX,p_exp_O2,0.7008482877792492,0.3433951582863833,1.06738215019884,8,32,0.3621681793517038,0.3678260135483334,p_exp_O2,0.9000587611250175,0.9000587611250175,True
