dataset,source,row,y,pred_lopo_rf300,resid_lopo,resid_oof_gkf10
DES_ETA,http://pubs.acs.org/journal/acscii,120,0.11394335230683679,0.19510275853958337,-0.08115940623274658,-0.08115940623274658
DES_ETA,http://pubs.acs.org/journal/acscii,132,0.14921911265537988,0.19510275853958337,-0.04588364588420349,-0.04588364588420349
DES_ETA,http://pubs.acs.org/journal/acscii,135,0.15228834438305647,0.6686078757295884,-0.5163195313465319,-0.5163195313465319
DES_ETA,http://pubs.acs.org/journal/acscii,137,0.16136800223497488,0.6835949652694725,-0.5222269630344976,-0.5222269630344976
DES_ETA,http://pubs.acs.org/journal/acscii,145,0.1846914308175988,0.697332767678521,-0.5126413368609222,-0.5126413368609222
DES_ETA,http://pubs.acs.org/journal/acscii,147,0.18752072083646307,0.7720367078930505,-0.5845159870565874,-0.5845159870565872
DES_ETA,http://pubs.acs.org/journal/acscii,150,0.18752072083646307,0.8039601440467895,-0.6164394232103264,-0.6164394232103264
DES_ETA,http://pubs.acs.org/journal/acscii,151,0.18752072083646307,0.19510275853958337,-0.007582037703120298,-0.007582037703120298
DES_ETA,http://pubs.acs.org/journal/acscii,153,0.1931245983544616,0.6686078757295884,-0.47548327737512674,-0.47548327737512674
DES_ETA,http://pubs.acs.org/journal/acscii,156,0.19589965240923377,0.5549874611238658,-0.359087808714632,-0.359087808714632
DES_ETA,http://pubs.acs.org/journal/acscii,159,0.20682587603184974,0.6835949652694725,-0.47676908923762273,-0.47676908923762273
DES_ETA,http://pubs.acs.org/journal/acscii,170,0.22010808804005508,0.7048733987821701,-0.48476531074211504,-0.48476531074211526
DES_ETA,http://pubs.acs.org/journal/acscii,173,0.22788670461367352,0.21442754163946812,0.013459162974205408,0.013459162974205408
DES_ETA,http://pubs.acs.org/journal/acscii,174,0.22788670461367352,0.7884798991139726,-0.5605931945002991,-0.5605931945002993
DES_ETA,http://pubs.acs.org/journal/acscii,178,0.2304489213782739,0.8039601440467895,-0.5735112226685156,-0.5735112226685156
DES_ETA,http://pubs.acs.org/journal/acscii,180,0.2355284469075489,0.5549874611238658,-0.31945901421631684,-0.31945901421631684
DES_ETA,http://pubs.acs.org/journal/acscii,181,0.2380461031287954,0.6691610908577333,-0.43111498772893797,-0.43111498772893797
DES_ETA,http://pubs.acs.org/journal/acscii,182,0.2380461031287954,0.7720367078930505,-0.5339906047642551,-0.533990604764255
DES_ETA,http://pubs.acs.org/journal/acscii,184,0.2380461031287954,0.47099457242244386,-0.23294846929364846,-0.23294846929364846
DES_ETA,http://pubs.acs.org/journal/acscii,187,0.24054924828259971,0.784160349428364,-0.5436111011457643,-0.5436111011457643
DES_ETA,http://pubs.acs.org/journal/acscii,190,0.24303804868629444,0.697332767678521,-0.4542947189922266,-0.4542947189922266
DES_ETA,http://pubs.acs.org/journal/acscii,191,0.24303804868629444,0.71086594344208,-0.46782789475578557,-0.46782789475578557
DES_ETA,http://pubs.acs.org/journal/acscii,193,0.24797326636180664,1.0941149080749468,-0.8461416417131402,-0.8461416417131402
DES_ETA,http://pubs.acs.org/journal/acscii,197,0.2528530309798932,0.6844670708782807,-0.43161403989838754,-0.43161403989838754
DES_ETA,http://pubs.acs.org/journal/acscii,203,0.25527250510330607,0.6052520793155268,-0.34997957421222076,-0.34997957421222076
DES_ETA,http://pubs.acs.org/journal/acscii,205,0.2576785748691845,1.062640242634902,-0.8049616677657174,-0.8049616677657174
DES_ETA,http://pubs.acs.org/journal/acscii,207,0.2600713879850748,0.9993762926123037,-0.7393049046272289,-0.7393049046272289
DES_ETA,http://pubs.acs.org/journal/acscii,211,0.2648178230095365,0.7048733987821701,-0.44005557577263366,-0.4400555757726339
DES_ETA,http://pubs.acs.org/journal/acscii,212,0.2648178230095365,0.7347580323627941,-0.46994020935325764,-0.46994020935325764
DES_ETA,http://pubs.acs.org/journal/acscii,214,0.26951294421791633,0.7972516863110377,-0.5277387420931214,-0.5277387420931212
DES_ETA,http://pubs.acs.org/journal/acscii,217,0.26951294421791633,0.2489561431471871,0.02055680107072924,0.02055680107072924
DES_ETA,http://pubs.acs.org/journal/acscii,218,0.26951294421791633,0.7884798991139726,-0.5189669548960563,-0.5189669548960565
DES_ETA,http://pubs.acs.org/journal/acscii,221,0.2741578492636798,0.8049286475725096,-0.5307707983088298,-0.5307707983088298
DES_ETA,http://pubs.acs.org/journal/acscii,223,0.2764618041732441,0.5603758465449445,-0.2839140423717004,-0.28391404237170054
DES_ETA,http://pubs.acs.org/journal/acscii,226,0.28330122870354957,0.784160349428364,-0.5008591207248144,-0.5008591207248144
DES_ETA,http://pubs.acs.org/journal/acscii,227,0.28555730900777376,0.6806913725542892,-0.3951340635465155,-0.3951340635465155
DES_ETA,http://pubs.acs.org/journal/acscii,230,0.292256071356476,0.71086594344208,-0.41860987208560396,-0.41860987208560396
DES_ETA,http://pubs.acs.org/journal/acscii,232,0.2944662261615929,0.7729088135018584,-0.47844258734026546,-0.47844258734026535
DES_ETA,http://pubs.acs.org/journal/acscii,234,0.2966651902615311,0.6052520793155268,-0.3085868890539957,-0.3085868890539957
DES_ETA,http://pubs.acs.org/journal/acscii,237,0.3010299956639812,1.0941149080749468,-0.7930849124109656,-0.7930849124109656
DES_ETA,http://pubs.acs.org/journal/acscii,238,0.3010299956639812,0.678957102034737,-0.3779271063707558,-0.3779271063707558
DES_ETA,http://pubs.acs.org/journal/acscii,243,0.3074960379132129,0.697332767678521,-0.38983672976530814,-0.38983672976530814
DES_ETA,http://pubs.acs.org/journal/acscii,244,0.3074960379132129,0.7347580323627941,-0.42726199444958124,-0.42726199444958124
DES_ETA,http://pubs.acs.org/journal/acscii,246,0.3096301674258988,1.062640242634902,-0.7530100752090032,-0.7530100752090032
DES_ETA,http://pubs.acs.org/journal/acscii,248,0.3096301674258988,0.48412654508977787,-0.1744963776638791,-0.1744963776638791
DES_ETA,http://pubs.acs.org/journal/acscii,250,0.31175386105575426,0.9993762926123037,-0.6876224315565493,-0.6876224315565493
DES_ETA,http://pubs.acs.org/journal/acscii,252,0.31175386105575426,0.28389214081219183,0.027861720243562427,0.027861720243562427
DES_ETA,http://pubs.acs.org/journal/acscii,254,0.31386722036915343,0.7054266139103151,-0.3915593935411617,-0.3915593935411619
DES_ETA,http://pubs.acs.org/journal/acscii,256,0.31386722036915343,0.7906122816172606,-0.47674506124810717,-0.47674506124810717
DES_ETA,http://pubs.acs.org/journal/acscii,259,0.31806333496276157,0.5810407908687564,-0.2629774559059948,-0.2629774559059949
DES_ETA,http://pubs.acs.org/journal/acscii,264,0.3222192947339193,0.8131509173571481,-0.49093162262322876,-0.49093162262322876
DES_ETA,http://pubs.acs.org/journal/acscii,268,0.32633586092875144,0.5234011404108309,-0.19706527948207941,-0.19706527948207941
DES_ETA,http://pubs.acs.org/journal/acscii,270,0.32633586092875144,0.7862927319316518,-0.4599568710029004,-0.4599568710029004
DES_ETA,http://pubs.acs.org/journal/acscii,273,0.33041377334919086,0.7972516863110377,-0.46683791296184685,-0.4668379129618466
DES_ETA,http://pubs.acs.org/journal/acscii,275,0.3344537511509309,0.5356932485524187,-0.20123949740148783,-0.20123949740148783
DES_ETA,http://pubs.acs.org/journal/acscii,276,0.3364597338485295,0.6836825289001734,-0.34722279505164394,-0.34722279505164394
DES_ETA,http://pubs.acs.org/journal/acscii,279,0.34044411484011833,0.6101112206379883,-0.26966710579786995,-0.26966710579786995
DES_ETA,http://pubs.acs.org/journal/acscii,282,0.3443922736851107,0.6124722714146967,-0.268079997729586,-0.268079997729586
DES_ETA,http://pubs.acs.org/journal/acscii,284,0.3443922736851107,0.7114191585702251,-0.36702688488511437,-0.36702688488511437
DES_ETA,http://pubs.acs.org/journal/acscii,286,0.3521825181113625,0.6828128305878203,-0.3306303124764578,-0.330630312476458
DES_ETA,http://pubs.acs.org/journal/acscii,287,0.3521825181113625,0.7813818438250014,-0.42919932571363895,-0.42919932571363884
DES_ETA,http://pubs.acs.org/journal/acscii,288,0.35410843914740087,0.7353112474909391,-0.38120280834353826,-0.38120280834353815
DES_ETA,http://pubs.acs.org/journal/acscii,292,0.35602585719312274,0.32000470163987843,0.03602115555324431,0.03602115555324431
DES_ETA,http://pubs.acs.org/journal/acscii,294,0.359835482339888,1.095386150946358,-0.7355506686064701,-0.7355506686064701
DES_ETA,http://pubs.acs.org/journal/acscii,295,0.36172783601759284,0.7056430143795559,-0.34391517836196306,-0.34391517836196317
DES_ETA,http://pubs.acs.org/journal/acscii,297,0.36172783601759284,0.8047091202595745,-0.4429812842419817,-0.4429812842419817
DES_ETA,http://pubs.acs.org/journal/acscii,300,0.36361197989214433,0.7001467975551257,-0.3365348176629813,-0.3365348176629813
DES_ETA,http://pubs.acs.org/journal/acscii,302,0.36361197989214433,0.5372656136979818,-0.17365363380583743,-0.17365363380583743
DES_ETA,http://pubs.acs.org/journal/acscii,304,0.36361197989214433,0.5980973889896797,-0.23448540909753535,-0.23448540909753535
DES_ETA,http://pubs.acs.org/journal/acscii,305,0.3654879848908996,0.7003667111234951,-0.3348787262325955,-0.3348787262325955
DES_ETA,http://pubs.acs.org/journal/acscii,308,0.3654879848908996,1.0639114855063132,-0.6984235006154136,-0.6984235006154136
DES_ETA,http://pubs.acs.org/journal/acscii,309,0.3654879848908996,0.9999295077404485,-0.6344415228495489,-0.6344415228495489
DES_ETA,http://pubs.acs.org/journal/acscii,311,0.3692158574101428,0.6193057918334852,-0.25008993442334243,-0.25008993442334243
DES_ETA,http://pubs.acs.org/journal/acscii,314,0.37106786227173627,0.8196912741672092,-0.44862341189547295,-0.44862341189547306
DES_ETA,http://pubs.acs.org/journal/acscii,316,0.37474834601010387,0.804060232957037,-0.4293118869469331,-0.4293118869469331
DES_ETA,http://pubs.acs.org/journal/acscii,319,0.3783979009481377,0.708488957067687,-0.3300910561195493,-0.3300910561195493
DES_ETA,http://pubs.acs.org/journal/acscii,324,0.38381536598043126,0.5318180464507846,-0.1480026804703533,-0.1480026804703533
DES_ETA,http://pubs.acs.org/journal/acscii,326,0.38381536598043126,0.628236399453809,-0.2444210334733778,-0.2444210334733778
DES_ETA,http://pubs.acs.org/journal/acscii,329,0.38560627359831223,0.6538438242618438,-0.2682375506635316,-0.2682375506635316
DES_ETA,http://pubs.acs.org/journal/acscii,330,0.3891660843645325,0.8014444618339984,-0.41227837746946594,-0.41227837746946594
DES_ETA,http://pubs.acs.org/journal/acscii,331,0.39093510710337914,0.6171476682139685,-0.22621256111058935,-0.22621256111058935
DES_ETA,http://pubs.acs.org/journal/acscii,337,0.3979400086720376,0.7980761615593841,-0.4001361528873465,-0.4001361528873465
DES_ETA,http://pubs.acs.org/journal/acscii,339,0.3996737214810381,0.7061393422150356,-0.3064656207339975,-0.3064656207339975
DES_ETA,http://pubs.acs.org/journal/acscii,342,0.40312052117581787,0.5588946174195738,-0.15577409624375593,-0.15577409624375582
DES_ETA,http://pubs.acs.org/journal/acscii,344,0.40312052117581787,0.7436455615369945,-0.3405250403611766,-0.3405250403611766
DES_ETA,http://pubs.acs.org/journal/acscii,345,0.40312052117581787,0.361598903991972,0.041521617183845894,0.041521617183845894
DES_ETA,http://pubs.acs.org/journal/acscii,347,0.40312052117581787,0.5517593409146386,-0.14863881973882076,-0.14863881973882076
DES_ETA,http://pubs.acs.org/journal/acscii,351,0.4065401804339551,0.6809681037413298,-0.27442792330737464,-0.27442792330737464
DES_ETA,http://pubs.acs.org/journal/acscii,356,0.4099331233312945,0.8125354705610115,-0.402602347229717,-0.402602347229717
DES_ETA,http://pubs.acs.org/journal/acscii,357,0.4099331233312945,0.6244696119101748,-0.2145364885788803,-0.2145364885788803
DES_ETA,http://pubs.acs.org/journal/acscii,360,0.414973347970818,0.6198981057402312,-0.2049247577694132,-0.2049247577694132
DES_ETA,http://pubs.acs.org/journal/acscii,364,0.414973347970818,0.7853617676363475,-0.3703884196655295,-0.3703884196655294
DES_ETA,http://pubs.acs.org/journal/acscii,366,0.41664050733828095,0.7041777665711031,-0.28753725923282214,-0.28753725923282236
DES_ETA,http://pubs.acs.org/journal/acscii,367,0.41995574848975786,0.7037982875330655,-0.28384253904330764,-0.28384253904330753
DES_ETA,http://pubs.acs.org/journal/acscii,369,0.41995574848975786,1.087946944856544,-0.6679911963667862,-0.6679911963667864
DES_ETA,http://pubs.acs.org/journal/acscii,370,0.42160392686983106,0.703343876031763,-0.2817399491619319,-0.2817399491619319
DES_ETA,http://pubs.acs.org/journal/acscii,373,0.42324587393680785,1.0613388732282656,-0.6380929992914577,-0.6380929992914577
DES_ETA,http://pubs.acs.org/journal/acscii,374,0.42324587393680785,0.9950705231949244,-0.5718246492581165,-0.5718246492581165
DES_ETA,http://pubs.acs.org/journal/acscii,376,0.42324587393680785,0.8118865832584743,-0.38864070932166644,-0.38864070932166644
DES_ETA,http://pubs.acs.org/journal/acscii,378,0.424881636631067,0.6612173409034685,-0.23633570427240153,-0.23633570427240153
DES_ETA,http://pubs.acs.org/journal/acscii,380,0.424881636631067,0.8319831773623159,-0.4071015407312489,-0.4071015407312489
DES_ETA,http://pubs.acs.org/journal/acscii,386,0.43136376415898736,0.6432330418872984,-0.211869277728311,-0.211869277728311
DES_ETA,http://pubs.acs.org/journal/acscii,392,0.43933269383026263,0.6152616939427493,-0.1759290001124867,-0.1759290001124867
DES_ETA,http://pubs.acs.org/journal/acscii,398,0.4440447959180762,0.5816893507623898,-0.1376445548443136,-0.1376445548443136
DES_ETA,http://pubs.acs.org/journal/acscii,400,0.44560420327359757,0.8014444618339984,-0.35584025856040086,-0.35584025856040086
DES_ETA,http://pubs.acs.org/journal/acscii,402,0.4471580313422192,0.7315987793697145,-0.2844407480274953,-0.2844407480274953
DES_ETA,http://pubs.acs.org/journal/acscii,405,0.45178643552429026,0.4152490675572555,0.03653736796703477,0.03653736796703477
DES_ETA,http://pubs.acs.org/journal/acscii,408,0.45331834004703764,0.711675684535032,-0.2583573444879944,-0.2583573444879944
DES_ETA,http://pubs.acs.org/journal/acscii,409,0.45331834004703764,0.7085039033732833,-0.25518556332624565,-0.25518556332624565
DES_ETA,http://pubs.acs.org/journal/acscii,411,0.4548448600085102,0.7471064878148782,-0.292261627806368,-0.2922616278063681
DES_ETA,http://pubs.acs.org/journal/acscii,413,0.456366033129043,0.7058522324014214,-0.24948619927237836,-0.24948619927237836
DES_ETA,http://pubs.acs.org/journal/acscii,417,0.4578818967339923,0.7096745129239288,-0.2517926161899365,-0.2517926161899365
DES_ETA,http://pubs.acs.org/journal/acscii,419,0.45939248775923086,0.6482725029411065,-0.18888001518187564,-0.18888001518187564
DES_ETA,http://pubs.acs.org/journal/acscii,421,0.4608978427565479,0.8264260181954092,-0.3655281754388613,-0.3655281754388613
DES_ETA,http://pubs.acs.org/journal/acscii,423,0.4623979978989561,0.6239946214974946,-0.16159662359853855,-0.16159662359853877
DES_ETA,http://pubs.acs.org/journal/acscii,426,0.4638929889859073,0.6928685268377663,-0.22897553785185903,-0.2289755378518588
DES_ETA,http://pubs.acs.org/journal/acscii,427,0.4653828514484183,0.7040242980326098,-0.2386414465841915,-0.2386414465841915
DES_ETA,http://pubs.acs.org/journal/acscii,429,0.4653828514484183,0.6847672630100272,-0.21938441156160893,-0.21938441156160893
DES_ETA,http://pubs.acs.org/journal/acscii,430,0.46834733041215726,0.811591204067238,-0.3432438736550807,-0.3432438736550807
DES_ETA,http://pubs.acs.org/journal/acscii,432,0.4727564493172124,0.7044716231396396,-0.23171517382242723,-0.23171517382242723
DES_ETA,http://pubs.acs.org/journal/acscii,435,0.47712125471966244,0.8254832166503796,-0.34836196193071717,-0.34836196193071717
DES_ETA,http://pubs.acs.org/journal/acscii,438,0.48000694295715063,0.7161334173972665,-0.23612647444011592,-0.23612647444011592
DES_ETA,http://pubs.acs.org/journal/acscii,440,0.48000694295715063,0.6670038434645783,-0.18699690050742768,-0.18699690050742768
DES_ETA,http://pubs.acs.org/journal/acscii,441,0.48144262850230496,0.8185351544991502,-0.3370925259968452,-0.3370925259968452
DES_ETA,http://pubs.acs.org/journal/acscii,443,0.48144262850230496,0.8488534477891174,-0.36741081928681246,-0.36741081928681246
DES_ETA,http://pubs.acs.org/journal/acscii,444,0.48287358360875376,0.7156999852068435,-0.23282640159808976,-0.23282640159808976
DES_ETA,http://pubs.acs.org/journal/acscii,446,0.48287358360875376,0.9987673953507394,-0.5158938117419857,-0.5158938117419857
DES_ETA,http://pubs.acs.org/journal/acscii,450,0.48572142648158,1.090450588179768,-0.6047291616981879,-0.6047291616981881
DES_ETA,http://pubs.acs.org/journal/acscii,451,0.48572142648158,1.0638425165514895,-0.5781210900699095,-0.5781210900699095
DES_ETA,http://pubs.acs.org/journal/acscii,453,0.48572142648158,0.6184828881131612,-0.1327614616315812,-0.1327614616315811
DES_ETA,http://pubs.acs.org/journal/acscii,456,0.4913616938342727,0.619184283867842,-0.12782259003356927,-0.12782259003356927
DES_ETA,http://pubs.acs.org/journal/acscii,461,0.4941545940184428,0.7166299753409398,-0.22247538132249695,-0.22247538132249695
DES_ETA,http://pubs.acs.org/journal/acscii,469,0.505149978319906,0.4769268475167082,0.028223130803197827,0.028223130803197827
DES_ETA,http://pubs.acs.org/journal/acscii,472,0.5065050324048721,0.8020539555442219,-0.2955489231393498,-0.2955489231393498
DES_ETA,http://pubs.acs.org/journal/acscii,474,0.5078558716958309,0.7139705953066025,-0.20611472361077154,-0.20611472361077154
DES_ETA,http://pubs.acs.org/journal/acscii,475,0.5092025223311029,0.742033042082678,-0.2328305197515751,-0.2328305197515751
DES_ETA,http://pubs.acs.org/journal/acscii,476,0.5092025223311029,0.7997674978952031,-0.2905649755641002,-0.2905649755641002
DES_ETA,http://pubs.acs.org/journal/acscii,478,0.5105450102066121,0.6999662168466017,-0.18942120663998951,-0.18942120663998951
DES_ETA,http://pubs.acs.org/journal/acscii,481,0.5118833609788743,0.6216535371043529,-0.10977017612547857,-0.10977017612547857
DES_ETA,http://pubs.acs.org/journal/acscii,484,0.5132176000679389,0.7233814680435506,-0.2101638679756117,-0.2101638679756117
DES_ETA,http://pubs.acs.org/journal/acscii,486,0.5158738437116791,0.8386074633339441,-0.322733619622265,-0.322733619622265
DES_ETA,http://pubs.acs.org/journal/acscii,490,0.5211380837040362,0.7161163400487285,-0.19497825634469224,-0.19497825634469224
DES_ETA,http://pubs.acs.org/journal/acscii,491,0.5224442335063199,0.7074721677714627,-0.18502793426514286,-0.18502793426514286
DES_ETA,http://pubs.acs.org/journal/acscii,496,0.5237464668115644,0.7074721677714627,-0.18372570095989826,-0.18372570095989826
DES_ETA,http://pubs.acs.org/journal/acscii,498,0.5237464668115644,0.7140558366294361,-0.1903093698178716,-0.1903093698178715
DES_ETA,http://pubs.acs.org/journal/acscii,501,0.5301996982030822,0.6757482613864756,-0.14554856318339338,-0.14554856318339338
DES_ETA,http://pubs.acs.org/journal/acscii,503,0.5314789170422551,0.7196076868971343,-0.18812876985487914,-0.18812876985487914
DES_ETA,http://pubs.acs.org/journal/acscii,505,0.5314789170422551,0.6882115396914853,-0.15673262264923016,-0.15673262264923016
DES_ETA,http://pubs.acs.org/journal/acscii,507,0.5327543789924978,0.8370633897187247,-0.30430901072622696,-0.30430901072622696
DES_ETA,http://pubs.acs.org/journal/acscii,508,0.534026106056135,0.7191844632745741,-0.1851583572184391,-0.1851583572184391
DES_ETA,http://pubs.acs.org/journal/acscii,512,0.5365584425715301,0.7367366038113771,-0.200178161239847,-0.200178161239847
DES_ETA,http://pubs.acs.org/journal/acscii,515,0.5428254269591799,0.7325560795098821,-0.1897306525507022,-0.1897306525507021
DES_ETA,http://pubs.acs.org/journal/acscii,517,0.5428254269591799,0.9039242205431365,-0.3610987935839566,-0.3610987935839566
DES_ETA,http://pubs.acs.org/journal/acscii,519,0.5453071164658241,0.621224000513523,-0.07591688404769892,-0.07591688404769892
DES_ETA,http://pubs.acs.org/journal/acscii,520,0.5453071164658241,0.8168019546938534,-0.27149483822802933,-0.27149483822802933
DES_ETA,http://pubs.acs.org/journal/acscii,523,0.5477747053878226,1.0040392043812825,-0.4562644989934599,-0.4562644989934599
DES_ETA,http://pubs.acs.org/journal/acscii,526,0.5514499979728752,0.730711198289598,-0.17926120031672277,-0.17926120031672277
DES_ETA,http://pubs.acs.org/journal/acscii,528,0.5526682161121932,1.0669246083992867,-0.5142563922870935,-0.5142563922870935
DES_ETA,http://pubs.acs.org/journal/acscii,530,0.5526682161121932,0.7515758819365419,-0.1989076658243487,-0.1989076658243487
DES_ETA,http://pubs.acs.org/journal/acscii,532,0.5538830266438743,0.8226583944817398,-0.2687753678378655,-0.2687753678378655
DES_ETA,http://pubs.acs.org/journal/acscii,534,0.5550944485783191,1.093729293106847,-0.5386348445285278,-0.5386348445285278
DES_ETA,http://pubs.acs.org/journal/acscii,541,0.561101383649056,0.5326806934782096,0.028420690170846474,0.028420690170846474
DES_ETA,http://pubs.acs.org/journal/acscii,545,0.5658478186735176,0.627813260522188,-0.061965441848670366,-0.061965441848670366
DES_ETA,http://pubs.acs.org/journal/acscii,547,0.5670263661590603,0.8060250342081517,-0.23899866804909142,-0.23899866804909153
DES_ETA,http://pubs.acs.org/journal/acscii,551,0.568201724066995,0.7618697041788262,-0.19366798011183117,-0.19366798011183095
DES_ETA,http://pubs.acs.org/journal/acscii,553,0.5728716022004802,0.8107724226969626,-0.23790082049648242,-0.23790082049648242
DES_ETA,http://pubs.acs.org/journal/acscii,556,0.5751878449276611,0.8874506793105218,-0.31226283438286073,-0.31226283438286084
DES_ETA,http://pubs.acs.org/journal/acscii,558,0.5763413502057929,0.8087528188645455,-0.23241146865875262,-0.23241146865875262
DES_ETA,http://pubs.acs.org/journal/acscii,560,0.5774917998372253,0.7194454395412374,-0.1419536397040121,-0.1419536397040121
DES_ETA,http://pubs.acs.org/journal/acscii,566,0.5820633629117087,0.7761815611512813,-0.19411819823957266,-0.19411819823957266
DES_ETA,http://pubs.acs.org/journal/acscii,572,0.5865873046717549,0.7366218150873582,-0.15003451041560334,-0.15003451041560334
DES_ETA,http://pubs.acs.org/journal/acscii,574,0.5865873046717549,0.7439386963340588,-0.15735139166230394,-0.15735139166230394
DES_ETA,http://pubs.acs.org/journal/acscii,576,0.5865873046717549,0.7552297175599262,-0.16864241288817128,-0.16864241288817117
DES_ETA,http://pubs.acs.org/journal/acscii,579,0.5888317255942073,0.7633335228597188,-0.17450179726551152,-0.17450179726551152
DES_ETA,http://pubs.acs.org/journal/acscii,584,0.5921767573958668,0.893380552046659,-0.30120379465079217,-0.30120379465079217
DES_ETA,http://pubs.acs.org/journal/acscii,587,0.5932860670204573,0.7566486080911666,-0.16336254107070936,-0.16336254107070924
DES_ETA,http://pubs.acs.org/journal/acscii,588,0.5932860670204573,0.755555033951019,-0.1622689669305617,-0.1622689669305617
DES_ETA,http://pubs.acs.org/journal/acscii,591,0.5987905067631151,0.7938085892589744,-0.19501808249585928,-0.19501808249585928
DES_ETA,http://pubs.acs.org/journal/acscii,593,0.6020599913279624,0.6578659777770206,-0.05580598644905821,-0.05580598644905821
DES_ETA,http://pubs.acs.org/journal/acscii,601,0.608526033577194,0.9494027969868355,-0.34087676340964146,-0.34087676340964146
DES_ETA,http://pubs.acs.org/journal/acscii,604,0.6117233080073418,0.7774555413965908,-0.16573223338924903,-0.16573223338924903
DES_ETA,http://pubs.acs.org/journal/acscii,610,0.617000341120899,1.0250093841412193,-0.40800904302032037,-0.40800904302032037
DES_ETA,http://pubs.acs.org/journal/acscii,614,0.6201360549737575,0.5763532479404764,0.04378280703328108,0.04378280703328108
DES_ETA,http://pubs.acs.org/journal/acscii,615,0.6211762817750351,0.6270296983759118,-0.005853416600876682,-0.005853416600876682
DES_ETA,http://pubs.acs.org/journal/acscii,618,0.6242820958356683,1.0928141031276941,-0.4685320072920258,-0.4685320072920258
DES_ETA,http://pubs.acs.org/journal/acscii,619,0.6242820958356683,0.7348923228207014,-0.11061022698503309,-0.11061022698503309
DES_ETA,http://pubs.acs.org/journal/acscii,620,0.6253124509616739,0.7768344592134309,-0.151522008251757,-0.1515220082517571
DES_ETA,http://pubs.acs.org/journal/acscii,623,0.6263403673750424,0.7594883299346871,-0.13314796255964467,-0.13314796255964467
DES_ETA,http://pubs.acs.org/journal/acscii,626,0.6273658565927327,0.7805681917399792,-0.15320233514724646,-0.15320233514724646
DES_ETA,http://pubs.acs.org/journal/acscii,628,0.6283889300503115,0.8216985071416818,-0.1933095770913703,-0.1933095770913703
DES_ETA,http://pubs.acs.org/journal/acscii,629,0.6283889300503115,0.8592737953499698,-0.23088486529965835,-0.23088486529965835
DES_ETA,http://pubs.acs.org/journal/acscii,631,0.6294095991027189,0.8342685741472482,-0.20485897504452932,-0.20485897504452932
DES_ETA,http://pubs.acs.org/journal/acscii,633,0.6304278750250238,1.1195359337651685,-0.4891080587401446,-0.4891080587401446
DES_ETA,http://pubs.acs.org/journal/acscii,635,0.6324572921847242,0.8806938542003805,-0.24823656201565625,-0.24823656201565625
DES_ETA,http://pubs.acs.org/journal/acscii,642,0.6374897295125107,0.9298429458465862,-0.2923532163340755,-0.2923532163340755
DES_ETA,http://pubs.acs.org/journal/acscii,645,0.6384892569546373,0.785646261883166,-0.14715700492852868,-0.14715700492852868
DES_ETA,http://pubs.acs.org/journal/acscii,651,0.6444385894678385,0.814802205885711,-0.17036361641787245,-0.17036361641787257
DES_ETA,http://pubs.acs.org/journal/acscii,653,0.6454222693490919,0.7792664567963966,-0.13384418744730475,-0.13384418744730464
DES_ETA,http://pubs.acs.org/journal/acscii,655,0.6473829701146199,0.850756163667026,-0.20337319355240613,-0.20337319355240613
DES_ETA,http://pubs.acs.org/journal/acscii,657,0.6473829701146199,0.8337338850263455,-0.18635091491172562,-0.18635091491172562
DES_ETA,http://pubs.acs.org/journal/acscii,665,0.6541765418779605,0.7880026650429939,-0.1338261231650334,-0.1338261231650334
DES_ETA,http://pubs.acs.org/journal/acscii,670,0.6560982020128319,0.9301477856179968,-0.27404958360516496,-0.27404958360516496
DES_ETA,http://pubs.acs.org/journal/acscii,674,0.6570558528571039,0.791089499474381,-0.13403364661727712,-0.134033646617277
DES_ETA,http://pubs.acs.org/journal/acscii,675,0.6570558528571039,0.8079427841519079,-0.15088693129480402,-0.15088693129480402
DES_ETA,http://pubs.acs.org/journal/acscii,680,0.6608654780038692,0.8072455126445988,-0.14638003464072957,-0.14638003464072957
DES_ETA,http://pubs.acs.org/journal/acscii,681,0.6627578316815741,0.6937798659906859,-0.031022034309111768,-0.031022034309111768
DES_ETA,http://pubs.acs.org/journal/acscii,686,0.6665179805548809,0.7880026650429939,-0.121484684488113,-0.121484684488113
DES_ETA,http://pubs.acs.org/journal/acscii,687,0.6683859166900001,1.1162000979768838,-0.44781418128688366,-0.44781418128688366
DES_ETA,http://pubs.acs.org/journal/acscii,694,0.6766936096248666,0.8617960560942948,-0.1851024464694282,-0.1851024464694283
DES_ETA,http://pubs.acs.org/journal/acscii,697,0.6776069527204931,0.8009006530452769,-0.12329370032478382,-0.1232937003247837
DES_ETA,http://pubs.acs.org/journal/acscii,699,0.6785183790401139,0.9710983256808496,-0.2925799466407357,-0.2925799466407357
DES_ETA,http://pubs.acs.org/journal/acscii,702,0.6821450763738317,0.6625912422162485,0.01955383415758316,0.01955383415758316
DES_ETA,http://pubs.acs.org/journal/acscii,704,0.6839471307515121,0.8234137466223386,-0.13946661587082643,-0.13946661587082643
DES_ETA,http://pubs.acs.org/journal/acscii,706,0.6839471307515121,0.6525121919453208,0.031434938806191304,0.031434938806191415
DES_ETA,http://pubs.acs.org/journal/acscii,711,0.6910814921229684,1.0620336472753136,-0.37095215515234514,-0.37095215515234514
DES_ETA,http://pubs.acs.org/journal/acscii,713,0.6910814921229684,0.83873061721501,-0.14764912509204153,-0.14764912509204153
DES_ETA,http://pubs.acs.org/journal/acscii,720,0.6946051989335688,0.8864840952484938,-0.19187889631492505,-0.19187889631492505
DES_ETA,http://pubs.acs.org/journal/acscii,728,0.6989700043360189,0.8863579361021372,-0.18738793176611834,-0.18738793176611857
DES_ETA,http://pubs.acs.org/journal/acscii,731,0.7024305364455253,1.1222671199823402,-0.41983658353681486,-0.4198365835368151
DES_ETA,http://pubs.acs.org/journal/acscii,733,0.7024305364455253,1.1241569256535793,-0.42172638920805394,-0.42172638920805394
DES_ETA,http://pubs.acs.org/journal/acscii,734,0.7032913781186614,0.8250192725853283,-0.12172789446666687,-0.12172789446666687
DES_ETA,http://pubs.acs.org/journal/acscii,739,0.705007959333336,0.9621029060693975,-0.2570949467360615,-0.2570949467360617
DES_ETA,http://pubs.acs.org/journal/acscii,745,0.7075701760979364,0.7942726705789233,-0.08670249448098688,-0.08670249448098677
DES_ETA,http://pubs.acs.org/journal/acscii,750,0.7109631189952758,1.1583013904363357,-0.44733827144106,-0.44733827144106
DES_ETA,http://pubs.acs.org/journal/acscii,754,0.7134905430939426,1.108603329479548,-0.39511278638560554,-0.39511278638560554
DES_ETA,http://pubs.acs.org/journal/acscii,761,0.7160033436347992,0.7466478140137831,-0.03064447037898388,-0.03064447037898388
DES_ETA,http://pubs.acs.org/journal/acscii,763,0.7160033436347992,0.9073183945322554,-0.19131505089745615,-0.19131505089745615
DES_ETA,http://pubs.acs.org/journal/acscii,767,0.7185016888672743,0.8509711052575966,-0.13246941639032228,-0.13246941639032228
DES_ETA,http://pubs.acs.org/journal/acscii,771,0.7201593034059569,0.8160324441660171,-0.09587314076006015,-0.09587314076006015
DES_ETA,http://pubs.acs.org/journal/acscii,772,0.7209857441537391,0.8434169385608367,-0.1224311944070976,-0.12243119440709749
DES_ETA,http://pubs.acs.org/journal/acscii,773,0.7209857441537391,0.8500389765975265,-0.1290532324437874,-0.1290532324437874
DES_ETA,http://pubs.acs.org/journal/acscii,779,0.724275869600789,0.8934829608057855,-0.16920709120499644,-0.16920709120499644
DES_ETA,http://pubs.acs.org/journal/acscii,780,0.724275869600789,0.8690651612705095,-0.14478929166972043,-0.14478929166972043
DES_ETA,http://pubs.acs.org/journal/acscii,782,0.725094521081469,0.9646777009813945,-0.2395831798999255,-0.2395831798999255
DES_ETA,http://pubs.acs.org/journal/acscii,786,0.7283537820212285,0.90916655683056,-0.18081277480933156,-0.18081277480933167
DES_ETA,http://pubs.acs.org/journal/acscii,787,0.7283537820212285,0.721325488971558,0.007028293049670453,0.007028293049670453
DES_ETA,http://pubs.acs.org/journal/acscii,791,0.7299742856995556,0.8439229079674078,-0.11394862226785218,-0.11394862226785218
DES_ETA,http://pubs.acs.org/journal/acscii,794,0.7315887651867387,0.8599452256447265,-0.12835646045798788,-0.12835646045798788
DES_ETA,http://pubs.acs.org/journal/acscii,796,0.7315887651867387,0.8143682839536904,-0.08277951876695178,-0.08277951876695178
DES_ETA,http://pubs.acs.org/journal/acscii,800,0.7323937598229685,0.8552817387261075,-0.12288797890313896,-0.12288797890313896
DES_ETA,http://pubs.acs.org/journal/acscii,803,0.7339992865383869,1.132369844749054,-0.39837055821066714,-0.39837055821066714
DES_ETA,http://pubs.acs.org/journal/acscii,809,0.7419390777291989,0.8013507101616687,-0.05941163243246983,-0.05941163243246983
DES_ETA,http://pubs.acs.org/journal/acscii,814,0.7435097647284298,0.6855286749835734,0.057981089744856384,0.057981089744856384
DES_ETA,http://pubs.acs.org/journal/acscii,830,0.7520484478194386,0.7069415160308842,0.045106931788554405,0.045106931788554516
DES_ETA,http://pubs.acs.org/journal/acscii,831,0.7535830588929066,1.1141675246758387,-0.36058446578293213,-0.36058446578293213
DES_ETA,http://pubs.acs.org/journal/acscii,835,0.7535830588929066,0.917051535912491,-0.16346847701958445,-0.16346847701958445
DES_ETA,http://pubs.acs.org/journal/acscii,838,0.7543483357110189,1.0107260965848581,-0.25637776087383923,-0.25637776087383923
DES_ETA,http://pubs.acs.org/journal/acscii,840,0.7558748556724915,0.7683373127288479,-0.012462457056356402,-0.012462457056356402
DES_ETA,http://pubs.acs.org/journal/acscii,850,0.7589118923979735,0.9102982859775735,-0.15138639357959993,-0.15138639357959993
DES_ETA,http://pubs.acs.org/journal/acscii,853,0.761927838420529,0.8602974668445957,-0.09836962842406671,-0.09836962842406671
DES_ETA,http://pubs.acs.org/journal/acscii,860,0.7656685547590141,0.9249489175947673,-0.1592803628357532,-0.1592803628357532
DES_ETA,http://pubs.acs.org/journal/acscii,863,0.7693773260761385,1.1117086113846661,-0.34233128530852763,-0.34233128530852763
DES_ETA,http://pubs.acs.org/journal/acscii,867,0.7701152947871016,1.1089172455939174,-0.33880195080681574,-0.33880195080681574
DES_ETA,http://pubs.acs.org/journal/acscii,874,0.7745169657285496,0.8493783267130343,-0.0748613609844847,-0.07486136098448481
DES_ETA,http://pubs.acs.org/journal/acscii,879,0.7767011839884109,1.0016815180168495,-0.22498033402843853,-0.2249803340284383
DES_ETA,http://pubs.acs.org/journal/acscii,882,0.7781512503836436,0.7250742849424565,0.05307696544118712,0.05307696544118712
DES_ETA,http://pubs.acs.org/journal/acscii,888,0.7824726241662862,1.1239052304773247,-0.34143260631103856,-0.341432606311039
DES_ETA,http://pubs.acs.org/journal/acscii,890,0.7824726241662862,0.959524983385456,-0.17705235921916984,-0.17705235921916984
DES_ETA,http://pubs.acs.org/journal/acscii,896,0.7846172926328754,1.1701874782491983,-0.38557018561632295,-0.38557018561632295
DES_ETA,http://pubs.acs.org/journal/acscii,899,0.7867514221455612,0.8622911677847511,-0.07553974563918997,-0.07553974563918975
DES_ETA,http://pubs.acs.org/journal/acscii,904,0.7895807121644255,0.8498665723247915,-0.06028586016036597,-0.06028586016036597
DES_ETA,http://pubs.acs.org/journal/acscii,907,0.7909884750888159,0.8985200010316856,-0.10753152594286974,-0.10753152594286974
DES_ETA,http://pubs.acs.org/journal/acscii,911,0.7930916001765802,0.9051947303808453,-0.1121031302042651,-0.1121031302042651
DES_ETA,http://pubs.acs.org/journal/acscii,912,0.7944880466591696,0.7851573017528162,0.009330744906353439,0.00933074490635355
DES_ETA,http://pubs.acs.org/journal/acscii,917,0.7972675408307164,1.2095945361276683,-0.41232699529695194,-0.41232699529695194
DES_ETA,http://pubs.acs.org/journal/acscii,923,0.798650645445269,0.9984713206443899,-0.19982067519912095,-0.19982067519912095
DES_ETA,http://pubs.acs.org/journal/acscii,929,0.800717078282385,0.9051947303808453,-0.10447765209846027,-0.10447765209846027
DES_ETA,http://pubs.acs.org/journal/acscii,934,0.8041394323353505,1.1105101508874227,-0.3063707185520722,-0.306370718552072
DES_ETA,http://pubs.acs.org/journal/acscii,936,0.8041394323353505,0.9297920888099027,-0.12565265647455226,-0.12565265647455248
DES_ETA,http://pubs.acs.org/journal/acscii,937,0.8041394323353505,0.854425654581696,-0.05028622224634549,-0.05028622224634549
DES_ETA,http://pubs.acs.org/journal/acscii,943,0.8068580295188175,0.9654570786270988,-0.15859904910828138,-0.15859904910828138
DES_ETA,http://pubs.acs.org/journal/acscii,948,0.8075350280688532,0.9056371302005052,-0.09810210213165194,-0.09810210213165194
DES_ETA,http://pubs.acs.org/journal/acscii,950,0.8082109729242221,0.9339262299687427,-0.1257152570445207,-0.1257152570445207
DES_ETA,http://pubs.acs.org/journal/acscii,951,0.8082109729242221,0.944771986669161,-0.1365610137449389,-0.1365610137449389
DES_ETA,http://pubs.acs.org/journal/acscii,952,0.8102325179950841,0.7083277746944882,0.10190474330059596,0.10190474330059596
DES_ETA,http://pubs.acs.org/journal/acscii,957,0.8129133566428556,0.923473059316208,-0.11055970267335247,-0.11055970267335247
DES_ETA,http://pubs.acs.org/journal/acscii,959,0.8129133566428556,0.9105696285052981,-0.09765627186244252,-0.09765627186244252
DES_ETA,http://pubs.acs.org/journal/acscii,966,0.8195439355418687,0.9105721782975057,-0.09102824275563703,-0.09102824275563681
DES_ETA,http://pubs.acs.org/journal/acscii,971,0.8247764624755457,0.7870834407085965,0.03769302176694922,0.03769302176694922
DES_ETA,http://pubs.acs.org/journal/acscii,973,0.8273692730538252,1.1363460281533115,-0.3089767550994863,-0.3089767550994861
DES_ETA,http://pubs.acs.org/journal/acscii,974,0.8273692730538252,0.8602204327382856,-0.032851159684460396,-0.032851159684460396
DES_ETA,http://pubs.acs.org/journal/acscii,975,0.829946695941636,0.8071609015154803,0.022785794426155692,0.022785794426155914
DES_ETA,http://pubs.acs.org/journal/acscii,978,0.8312296938670634,0.9637070306442136,-0.13247733677715023,-0.13247733677715023
DES_ETA,http://pubs.acs.org/journal/acscii,983,0.8325089127062363,0.8386099251340721,-0.006101012427835784,-0.006101012427835784
DES_ETA,http://pubs.acs.org/journal/acscii,990,0.8363241157067517,1.1254256885443519,-0.2891015728376002,-0.2891015728376002
DES_ETA,http://pubs.acs.org/journal/acscii,995,0.8375884382355113,1.0834888122984399,-0.24590037406292853,-0.24590037406292853
DES_ETA,http://pubs.acs.org/journal/acscii,1005,0.8394780473741984,0.9199049000421963,-0.08042685266799787,-0.08042685266799787
DES_ETA,http://pubs.acs.org/journal/acscii,1006,0.8394780473741984,0.9939006535001492,-0.15442260612595082,-0.15442260612595082
DES_ETA,http://pubs.acs.org/journal/acscii,1010,0.8407332346118067,0.9982251518399125,-0.15749191722810574,-0.15749191722810574
DES_ETA,http://pubs.acs.org/journal/acscii,1016,0.8450980400142568,0.7789768112131841,0.06612122880107274,0.06612122880107274
DES_ETA,http://pubs.acs.org/journal/acscii,1017,0.8450980400142568,0.9518310666457351,-0.10673302663147832,-0.1067330266314781
DES_ETA,http://pubs.acs.org/journal/acscii,1021,0.8457180179666587,1.05468147456333,-0.20896345659667126,-0.20896345659667126
DES_ETA,http://pubs.acs.org/journal/acscii,1024,0.8457180179666587,0.9298991400080782,-0.08418112204141948,-0.08418112204141948
DES_ETA,http://pubs.acs.org/journal/acscii,1032,0.8506462351830665,0.8722408543066276,-0.021594619123561087,-0.021594619123561087
DES_ETA,http://pubs.acs.org/journal/acscii,1035,0.8518696007297664,0.9460456837849349,-0.09417608305516856,-0.09417608305516856
DES_ETA,http://pubs.acs.org/journal/acscii,1040,0.8549130223078556,1.0999083066147612,-0.24499528430690565,-0.24499528430690565
DES_ETA,http://pubs.acs.org/journal/acscii,1043,0.8555191556678001,1.1711239358295145,-0.31560478016171434,-0.31560478016171434
DES_ETA,http://pubs.acs.org/journal/acscii,1060,0.865103974641128,1.1311779379507978,-0.2660739633096698,-0.2660739633096698
DES_ETA,http://pubs.acs.org/journal/acscii,1062,0.8674674878590515,0.8219569848563777,0.045510503002673786,0.045510503002673675
DES_ETA,http://pubs.acs.org/journal/acscii,1068,0.8715729355458788,0.9974068859932775,-0.12583395044739876,-0.12583395044739887
DES_ETA,http://pubs.acs.org/journal/acscii,1072,0.8727388274726688,1.228242533536255,-0.35550370606358617,-0.35550370606358617
DES_ETA,http://pubs.acs.org/journal/acscii,1084,0.8750612633917001,0.9622667669293016,-0.08720550353760148,-0.08720550353760192
DES_ETA,http://pubs.acs.org/journal/acscii,1085,0.8750612633917001,0.9027510913056487,-0.027689827913948584,-0.027689827913948584
DES_ETA,http://pubs.acs.org/journal/acscii,1089,0.8767949762007006,0.9561561237586989,-0.07936114755799828,-0.07936114755799806
DES_ETA,http://pubs.acs.org/journal/acscii,1091,0.877371345869774,1.0923618419173697,-0.21499049604759568,-0.21499049604759568
DES_ETA,http://pubs.acs.org/journal/acscii,1095,0.8813846567705729,0.9516427571392573,-0.0702581003686844,-0.0702581003686844
DES_ETA,http://pubs.acs.org/journal/acscii,1096,0.8813846567705729,0.7664566413311272,0.11492801543944564,0.11492801543944564
DES_ETA,http://pubs.acs.org/journal/acscii,1105,0.8876173003357362,1.2113883446304414,-0.32377104429470527,-0.32377104429470527
DES_ETA,http://pubs.acs.org/journal/acscii,1108,0.888179493918325,0.9996459169148201,-0.11146642299649512,-0.11146642299649512
DES_ETA,http://pubs.acs.org/journal/acscii,1109,0.8893017025063102,1.148892833194325,-0.25959113068801465,-0.25959113068801487
DES_ETA,http://pubs.acs.org/journal/acscii,1111,0.8904210188009143,1.2773518854139434,-0.3869308666130291,-0.3869308666130291
DES_ETA,http://pubs.acs.org/journal/acscii,1117,0.8920946026904804,1.006774719550554,-0.11468011686007373,-0.11468011686007373
DES_ETA,http://pubs.acs.org/journal/acscii,1119,0.8948696567452525,0.9324559518131249,-0.037586295067872366,-0.037586295067872366
DES_ETA,http://pubs.acs.org/journal/acscii,1121,0.8948696567452525,1.296417676075374,-0.4015480193301215,-0.4015480193301215
DES_ETA,http://pubs.acs.org/journal/acscii,1126,0.8970770032094203,0.9600951548217004,-0.06301815161228008,-0.06301815161228008
DES_ETA,http://pubs.acs.org/journal/acscii,1127,0.8970770032094203,1.066834358617941,-0.16975735540852066,-0.16975735540852066
DES_ETA,http://pubs.acs.org/journal/acscii,1133,0.8998205024270963,1.013890659536744,-0.11407015710964774,-0.11407015710964774
DES_ETA,http://pubs.acs.org/journal/acscii,1135,0.8998205024270963,0.9524736373176207,-0.05265313489052437,-0.052653134890524145
DES_ETA,http://pubs.acs.org/journal/acscii,1142,0.9030899869919435,0.9535012963088584,-0.05041130931691484,-0.05041130931691484
DES_ETA,http://pubs.acs.org/journal/acscii,1145,0.9030899869919435,0.882972812434367,0.020117174557576556,0.020117174557576556
DES_ETA,http://pubs.acs.org/journal/acscii,1152,0.9084850188786497,0.995921565276831,-0.08743654639818121,-0.08743654639818121
DES_ETA,http://pubs.acs.org/journal/acscii,1158,0.9095560292411753,1.029404128167618,-0.11984809892644277,-0.11984809892644277
DES_ETA,http://pubs.acs.org/journal/acscii,1167,0.9148718175400504,0.9557624188649447,-0.040890601324894305,-0.040890601324894305
DES_ETA,http://pubs.acs.org/journal/acscii,1169,0.9148718175400504,0.9620205989441587,-0.047148781404108275,-0.0471487814041085
DES_ETA,http://pubs.acs.org/journal/acscii,1177,0.9222062774390164,1.0969222540774397,-0.1747159766384233,-0.17471597663842353
DES_ETA,http://pubs.acs.org/journal/acscii,1179,0.92272545799326,1.1203888758293956,-0.1976634178361356,-0.1976634178361356
DES_ETA,http://pubs.acs.org/journal/acscii,1182,0.92272545799326,0.9865889715616208,-0.06386351356836084,-0.06386351356836084
DES_ETA,http://pubs.acs.org/journal/acscii,1184,0.9232440186302765,0.8294667025242638,0.0937773161060127,0.0937773161060127
DES_ETA,http://pubs.acs.org/journal/acscii,1191,0.927883410330707,0.9505575155362929,-0.02267410520558588,-0.02267410520558588
DES_ETA,http://pubs.acs.org/journal/acscii,1192,0.9283958522567138,1.209793854368993,-0.28139800211227917,-0.28139800211227917
DES_ETA,http://pubs.acs.org/journal/acscii,1195,0.9289076902439527,1.1526194660643334,-0.2237117758203807,-0.2237117758203807
DES_ETA,http://pubs.acs.org/journal/acscii,1208,0.9344984512435677,1.086510493655362,-0.15201204241179433,-0.15201204241179433
DES_ETA,http://pubs.acs.org/journal/acscii,1210,0.9355072658247128,1.0143439837491695,-0.07883671792445668,-0.0788367179244569
DES_ETA,http://pubs.acs.org/journal/acscii,1212,0.9365137424788933,1.0280792214275865,-0.09156547894869316,-0.09156547894869316
DES_ETA,http://pubs.acs.org/journal/acscii,1220,0.9390197764486664,1.1570589447888922,-0.21803916834022574,-0.21803916834022574
DES_ETA,http://pubs.acs.org/journal/acscii,1225,0.9449759084120479,0.8937446581620403,0.05123125025000763,0.05123125025000763
DES_ETA,http://pubs.acs.org/journal/acscii,1229,0.9469432706978255,1.2137928102696578,-0.26684953957183233,-0.26684953957183233
DES_ETA,http://pubs.acs.org/journal/acscii,1231,0.9474337218870508,0.9792321711292101,-0.031798449242159355,-0.031798449242159355
DES_ETA,http://pubs.acs.org/journal/acscii,1236,0.951823035315912,1.2216415477114984,-0.2698185123955864,-0.2698185123955862
DES_ETA,http://pubs.acs.org/journal/acscii,1238,0.9527924430440922,0.9912459142616541,-0.03845347121756193,-0.03845347121756193
DES_ETA,http://pubs.acs.org/journal/acscii,1244,0.9542425094393249,0.8835485248980736,0.07069398454125131,0.07069398454125131
DES_ETA,http://pubs.acs.org/journal/acscii,1253,0.9576072870600952,0.9963611131234309,-0.03875382606333566,-0.03875382606333566
DES_ETA,http://pubs.acs.org/journal/acscii,1258,0.9590413923210935,1.3289458571868464,-0.3699044648657529,-0.3699044648657527
DES_ETA,http://pubs.acs.org/journal/acscii,1263,0.9623693356700211,1.2713990743612815,-0.3090297386912604,-0.3090297386912604
DES_ETA,http://pubs.acs.org/journal/acscii,1268,0.9637878273455552,1.0679680459431924,-0.10418021859763715,-0.10418021859763715
DES_ETA,http://pubs.acs.org/journal/acscii,1270,0.964259630196849,1.149670254536457,-0.18541062433960798,-0.18541062433960798
DES_ETA,http://pubs.acs.org/journal/acscii,1274,0.9652017010259121,1.3155601569001893,-0.3503584558742773,-0.3503584558742773
DES_ETA,http://pubs.acs.org/journal/acscii,1278,0.9680157139936417,1.035567957491338,-0.06755224349769617,-0.06755224349769617
DES_ETA,http://pubs.acs.org/journal/acscii,1281,0.9680157139936417,1.2657725172106593,-0.2977568032170176,-0.2977568032170176
DES_ETA,http://pubs.acs.org/journal/acscii,1284,0.9708116108725178,1.17314616172066,-0.20233455084814223,-0.20233455084814223
DES_ETA,http://pubs.acs.org/journal/acscii,1293,0.9745116927373284,1.054711617925611,-0.08019992518828267,-0.08019992518828267
DES_ETA,http://pubs.acs.org/journal/acscii,1295,0.9758911364017928,1.0237176882562697,-0.04782655185447693,-0.04782655185447693
DES_ETA,http://pubs.acs.org/journal/acscii,1303,0.9786369483844743,1.2294616510497003,-0.25082470266522594,-0.25082470266522594
DES_ETA,http://pubs.acs.org/journal/acscii,1309,0.9813655090785445,1.0845936237820517,-0.10322811470350723,-0.10322811470350701
DES_ETA,http://pubs.acs.org/journal/acscii,1321,0.9872192299080049,0.9129821786345917,0.07423705127341318,0.07423705127341318
DES_ETA,http://pubs.acs.org/journal/acscii,1332,0.9916690073799486,1.3176579402850073,-0.3259889329050587,-0.3259889329050587
DES_ETA,http://pubs.acs.org/journal/acscii,1333,0.9925535178321356,0.968994601012152,0.023558916819983677,0.023558916819983677
DES_ETA,http://pubs.acs.org/journal/acscii,1336,0.9929950984313415,1.0354247731080626,-0.042429674676721096,-0.042429674676721096
DES_ETA,http://pubs.acs.org/journal/acscii,1337,0.9934362304976118,1.0369182049761898,-0.043481974478578045,-0.043481974478578045
DES_ETA,http://pubs.acs.org/journal/acscii,1339,0.9938769149412112,1.0712719506101647,-0.07739503566895345,-0.07739503566895345
DES_ETA,http://pubs.acs.org/journal/acscii,1340,0.9943171526696367,1.1045056365323114,-0.11018848386267466,-0.11018848386267466
DES_ETA,http://pubs.acs.org/journal/acscii,1342,0.9951962915971795,1.2717482060833272,-0.2765519144861477,-0.2765519144861477
DES_ETA,http://pubs.acs.org/journal/acscii,1349,0.9991305412873711,1.0207143223762216,-0.021583781088850507,-0.021583781088850507
DES_ETA,http://pubs.acs.org/journal/acscii,1353,1.0,1.0056166677527492,-0.00561666775274916,-0.0056166677527496045
DES_ETA,http://pubs.acs.org/journal/acscii,1365,1.0051805125037803,1.1012433440975455,-0.09606283159376527,-0.09606283159376505
DES_ETA,http://pubs.acs.org/journal/acscii,1367,1.0051805125037803,1.0858309936791009,-0.08065048117532059,-0.08065048117532059
DES_ETA,http://pubs.acs.org/journal/acscii,1374,1.0098756337121602,1.139430645899486,-0.1295550121873259,-0.1295550121873259
DES_ETA,http://pubs.acs.org/journal/acscii,1380,1.0132586652835165,1.2774848243056687,-0.2642261590221522,-0.2642261590221522
DES_ETA,http://pubs.acs.org/journal/acscii,1387,1.0166155475571774,1.0135501682660324,0.0030653792911450317,0.0030653792911450317
DES_ETA,http://pubs.acs.org/journal/acscii,1393,1.0178677189635057,1.1302207768929204,-0.11235305792941475,-0.11235305792941475
DES_ETA,http://pubs.acs.org/journal/acscii,1397,1.0195316845312554,1.260359739505241,-0.24082805497398563,-0.24082805497398585
DES_ETA,http://pubs.acs.org/journal/acscii,1405,1.021189299069938,1.1741985436163054,-0.15300924454636733,-0.15300924454636733
DES_ETA,http://pubs.acs.org/journal/acscii,1408,1.0216027160282422,1.0504537993313914,-0.028851083303149228,-0.028851083303149228
DES_ETA,http://pubs.acs.org/journal/acscii,1410,1.0232524596337116,0.9109280009766144,0.11232445865709717,0.11232445865709717
DES_ETA,http://pubs.acs.org/journal/acscii,1417,1.024895960107485,1.3488892835795985,-0.3239933234721135,-0.3239933234721135
DES_ETA,http://pubs.acs.org/journal/acscii,1420,1.0265332645232967,1.185205603578868,-0.15867233905557132,-0.15867233905557132
DES_ETA,http://pubs.acs.org/journal/acscii,1428,1.0293837776852097,1.2386918309966783,-0.20930805331146862,-0.20930805331146862
DES_ETA,http://pubs.acs.org/journal/acscii,1430,1.0297894708318556,1.3472698336077225,-0.3174803627758669,-0.3174803627758669
DES_ETA,http://pubs.acs.org/journal/acscii,1432,1.030599721965951,1.1023812970824636,-0.07178157511651251,-0.07178157511651251
DES_ETA,http://pubs.acs.org/journal/acscii,1436,1.0318122713303703,1.10304550418851,-0.07123323285813976,-0.07123323285813976
DES_ETA,http://pubs.acs.org/journal/acscii,1453,1.0374264979406236,1.0480247578976323,-0.010598259957008693,-0.010598259957008693
DES_ETA,http://pubs.acs.org/journal/acscii,1456,1.0406023401140732,1.3458501621429342,-0.305247822028861,-0.305247822028861
DES_ETA,http://pubs.acs.org/journal/acscii,1459,1.0413926851582251,1.1225808409033964,-0.08118815574517124,-0.08118815574517124
DES_ETA,http://pubs.acs.org/journal/acscii,1460,1.0413926851582251,0.9453403717214364,0.09605231343678877,0.09605231343678877
DES_ETA,http://pubs.acs.org/journal/acscii,1474,1.0457140589408676,1.2852083051915435,-0.23949424625067595,-0.23949424625067595
DES_ETA,http://pubs.acs.org/journal/acscii,1475,1.0461047872460387,0.9888537548012283,0.057251032444810446,0.057251032444810446
DES_ETA,http://pubs.acs.org/journal/acscii,1483,1.0515383905153275,1.087061661539375,-0.0355232710240474,-0.0355232710240474
DES_ETA,http://pubs.acs.org/journal/acscii,1500,1.0569048513364727,1.0694856839417852,-0.012580832605312509,-0.012580832605312287
DES_ETA,http://pubs.acs.org/journal/acscii,1505,1.0569048513364727,1.067398414331724,-0.010493562995251393,-0.010493562995251393
DES_ETA,http://pubs.acs.org/journal/acscii,1508,1.0588054866759067,1.0641804703590771,-0.0053749836831704645,-0.0053749836831704645
DES_ETA,http://pubs.acs.org/journal/acscii,1510,1.0588054866759067,1.0935845460941522,-0.03477905941824555,-0.03477905941824555
DES_ETA,http://pubs.acs.org/journal/acscii,1514,1.0591846176313713,1.1043133140543833,-0.04512869642301198,-0.04512869642301198
DES_ETA,http://pubs.acs.org/journal/acscii,1528,1.0666985504229953,1.3458027671195592,-0.2791042166965638,-0.2791042166965638
DES_ETA,http://pubs.acs.org/journal/acscii,1532,1.0674428427763807,1.130711914012902,-0.06326907123652137,-0.06326907123652137
DES_ETA,http://pubs.acs.org/journal/acscii,1542,1.0711452904510828,1.3361651202549494,-0.2650198298038666,-0.2650198298038664
DES_ETA,http://pubs.acs.org/journal/acscii,1543,1.0718820073061255,1.309603946957759,-0.23772193965163346,-0.23772193965163346
DES_ETA,http://pubs.acs.org/journal/acscii,1546,1.0718820073061255,1.338120149533931,-0.2662381422278055,-0.2662381422278055
DES_ETA,http://pubs.acs.org/journal/acscii,1559,1.0770043267933502,1.0187949160446834,0.05820941074866681,0.05820941074866681
DES_ETA,http://pubs.acs.org/journal/acscii,1563,1.0780941504064108,1.0840101655837744,-0.0059160151773636205,-0.0059160151773636205
DES_ETA,http://pubs.acs.org/journal/acscii,1565,1.0791812460476249,1.0825858516028743,-0.0034046055552494625,-0.0034046055552494625
DES_ETA,http://pubs.acs.org/journal/acscii,1568,1.079543007402906,1.1808918258173735,-0.10134881841446752,-0.10134881841446752
DES_ETA,http://pubs.acs.org/journal/acscii,1572,1.0809870469108873,1.3489341913838557,-0.2679471444729684,-0.2679471444729684
DES_ETA,http://pubs.acs.org/journal/acscii,1581,1.0849335749367162,1.196803395135847,-0.11186982019913083,-0.11186982019913083
DES_ETA,http://pubs.acs.org/journal/acscii,1583,1.085290578230065,1.1393174602109188,-0.054026881980853814,-0.054026881980853814
DES_ETA,http://pubs.acs.org/journal/acscii,1586,1.0856472882968566,1.081136870650322,0.0045104176465347035,0.0045104176465347035
DES_ETA,http://pubs.acs.org/journal/acscii,1591,1.0867156639448825,1.2682044830058066,-0.18148881906092407,-0.18148881906092407
DES_ETA,http://pubs.acs.org/journal/acscii,1600,1.089905111439398,1.0962413702415537,-0.006336258802155603,-0.006336258802155603
DES_ETA,http://pubs.acs.org/journal/acscii,1608,1.0927206446840991,1.3220788545446445,-0.22935820986054534,-0.22935820986054534
DES_ETA,http://pubs.acs.org/journal/acscii,1616,1.0934216851622351,1.089786539849197,0.0036351453130381017,0.0036351453130381017
DES_ETA,http://pubs.acs.org/journal/acscii,1618,1.0934216851622351,1.3419114723829084,-0.24848978722067327,-0.24848978722067327
DES_ETA,http://pubs.acs.org/journal/acscii,1620,1.0934216851622351,1.418452144879854,-0.3250304597176188,-0.32503045971761857
DES_ETA,http://pubs.acs.org/journal/acscii,1624,1.0944711286416449,1.2024977001451127,-0.10802657150346784,-0.10802657150346784
DES_ETA,http://pubs.acs.org/journal/acscii,1626,1.0965624383741355,1.365780342790301,-0.26921790441616555,-0.26921790441616555
DES_ETA,http://pubs.acs.org/journal/acscii,1630,1.0989896394011773,1.0263012952466712,0.07268834415450609,0.07268834415450609
DES_ETA,http://pubs.acs.org/journal/acscii,1631,1.1000257301078626,1.1720612161070814,-0.07203548599921872,-0.07203548599921894
DES_ETA,http://pubs.acs.org/journal/acscii,1638,1.1010593549081156,1.3924202752306667,-0.2913609203225511,-0.2913609203225511
DES_ETA,http://pubs.acs.org/journal/acscii,1647,1.104487111312395,1.2134465860166233,-0.10895947470422818,-0.10895947470422818
DES_ETA,http://pubs.acs.org/journal/acscii,1657,1.1082266563749286,1.1513943763038186,-0.043167719928890014,-0.043167719928890014
DES_ETA,http://pubs.acs.org/journal/acscii,1662,1.110252917353403,1.1913188690082739,-0.08106595165487085,-0.08106595165487085
DES_ETA,http://pubs.acs.org/journal/acscii,1663,1.110252917353403,1.4683336693433937,-0.3580807519899907,-0.3580807519899907
DES_ETA,http://pubs.acs.org/journal/acscii,1669,1.1139433523068367,0.6816472294117315,0.4322961228951052,0.4322961228951052
DES_ETA,http://pubs.acs.org/journal/acscii,1671,1.1139433523068367,1.1174446702791345,-0.0035013179722978016,-0.0035013179722978016
DES_ETA,http://pubs.acs.org/journal/acscii,1673,1.1152775913959014,1.2831814313951044,-0.167903839999203,-0.167903839999203
DES_ETA,http://pubs.acs.org/journal/acscii,1678,1.1172712956557642,1.3550306856831364,-0.23775939002737223,-0.23775939002737223
DES_ETA,http://pubs.acs.org/journal/acscii,1681,1.1179338350396415,1.384855653111666,-0.26692181807202453,-0.2669218180720243
DES_ETA,http://pubs.acs.org/journal/acscii,1688,1.1205739312058498,1.3138636365220546,-0.19328970531620482,-0.19328970531620482
DES_ETA,http://pubs.acs.org/journal/acscii,1692,1.1222158782728267,1.1611634064297218,-0.03894752815689517,-0.03894752815689517
DES_ETA,http://pubs.acs.org/journal/acscii,1697,1.123524980942732,1.123576280093907,-5.129915117518813e-05,-5.129915117518813e-05
DES_ETA,http://pubs.acs.org/journal/acscii,1701,1.1258064581395268,1.5331627866042645,-0.4073563284647377,-0.4073563284647377
DES_ETA,http://pubs.acs.org/journal/acscii,1710,1.1283992687178064,1.1418818276889462,-0.013482558971139813,-0.013482558971139813
DES_ETA,http://pubs.acs.org/journal/acscii,1715,1.1300119496719043,0.9573228785892544,0.17268907108264997,0.17268907108264997
DES_ETA,http://pubs.acs.org/journal/acscii,1719,1.130333768495006,1.1086141776755356,0.021719590819470502,0.02171959081947028
DES_ETA,http://pubs.acs.org/journal/acscii,1737,1.1373541113707328,1.120742586763727,0.016611524607005768,0.016611524607005768
DES_ETA,http://pubs.acs.org/journal/acscii,1738,1.1383026981662814,1.1987695977761523,-0.06046689960987095,-0.06046689960987095
DES_ETA,http://pubs.acs.org/journal/acscii,1740,1.1386184338994925,1.174203068429242,-0.03558463452974947,-0.03558463452974947
DES_ETA,http://pubs.acs.org/journal/acscii,1764,1.146128035678238,1.038820814820459,0.107307220857779,0.107307220857779
DES_ETA,http://pubs.acs.org/journal/acscii,1770,1.1467480136306398,1.208359572366977,-0.06161155873633728,-0.06161155873633728
DES_ETA,http://pubs.acs.org/journal/acscii,1772,1.1476763242410988,1.5507319690964825,-0.4030556448553837,-0.4030556448553837
DES_ETA,http://pubs.acs.org/journal/acscii,1774,1.1482940974347458,1.4828048320681386,-0.33451073463339287,-0.33451073463339287
DES_ETA,http://pubs.acs.org/journal/acscii,1775,1.1486026548060935,1.2604096328465406,-0.11180697804044715,-0.11180697804044715
DES_ETA,http://pubs.acs.org/journal/acscii,1777,1.1522883443830565,1.221420128328145,-0.06913178394508845,-0.06913178394508845
DES_ETA,http://pubs.acs.org/journal/acscii,1780,1.1525940779274697,1.3373107647766673,-0.18471668684919762,-0.18471668684919762
DES_ETA,http://pubs.acs.org/journal/acscii,1787,1.1553360374650619,1.3463190488812864,-0.19098301141622454,-0.19098301141622454
DES_ETA,http://pubs.acs.org/journal/acscii,1800,1.1583624920952498,1.340319764072509,-0.1819572719772593,-0.1819572719772593
DES_ETA,http://pubs.acs.org/journal/acscii,1801,1.1586639808139894,1.5398457969835027,-0.3811818161695133,-0.3811818161695133
DES_ETA,http://pubs.acs.org/journal/acscii,1805,1.159266331093494,1.1638391859685873,-0.00457285487509318,-0.00457285487509318
DES_ETA,http://pubs.acs.org/journal/acscii,1813,1.161667412437736,1.1703374992554358,-0.008670086817699874,-0.008670086817699874
DES_ETA,http://pubs.acs.org/journal/acscii,1816,1.161966616364075,1.1976763960547552,-0.03570977969068023,-0.03570977969068023
DES_ETA,http://pubs.acs.org/journal/acscii,1818,1.1622656142980214,1.264799945128505,-0.10253433083048358,-0.10253433083048358
DES_ETA,http://pubs.acs.org/journal/acscii,1827,1.1646502159342969,1.4403469289298563,-0.2756967129955594,-0.2756967129955594
DES_ETA,http://pubs.acs.org/journal/acscii,1834,1.167317334748176,1.2192855926035773,-0.05196825785540127,-0.05196825785540127
DES_ETA,http://pubs.acs.org/journal/acscii,1837,1.167317334748176,1.2311192366324368,-0.06380190188426083,-0.06380190188426083
DES_ETA,http://pubs.acs.org/journal/acscii,1847,1.1708482036433094,1.4680828339998517,-0.2972346303565423,-0.2972346303565425
DES_ETA,http://pubs.acs.org/journal/acscii,1850,1.1717264536532312,1.2523724199558055,-0.08064596630257426,-0.08064596630257426
DES_ETA,http://pubs.acs.org/journal/acscii,1851,1.1717264536532312,1.3772208992829793,-0.20549444562974806,-0.20549444562974806
DES_ETA,http://pubs.acs.org/journal/acscii,1860,1.173186268412274,1.2398821242861227,-0.06669585587384863,-0.06669585587384863
DES_ETA,http://pubs.acs.org/journal/acscii,1868,1.1752218003430523,1.0332274072437053,0.14199439309934703,0.1419943930993468
DES_ETA,http://pubs.acs.org/journal/acscii,1871,1.1760912590556813,1.2221456203302434,-0.04605436127456208,-0.04605436127456208
DES_ETA,http://pubs.acs.org/journal/acscii,1872,1.1760912590556813,0.6993935543913531,0.47669770466432826,0.47669770466432837
DES_ETA,http://pubs.acs.org/journal/acscii,1877,1.1766699326681496,1.164930285735457,0.011739646932692471,0.011739646932692693
DES_ETA,http://pubs.acs.org/journal/acscii,1897,1.1832698436828046,1.386032578560637,-0.20276273487783247,-0.20276273487783247
DES_ETA,http://pubs.acs.org/journal/acscii,1900,1.1841233542396712,1.3003554535641786,-0.1162320993245074,-0.1162320993245074
DES_ETA,http://pubs.acs.org/journal/acscii,1903,1.18440748541232,1.2456971853634167,-0.061289699951096566,-0.061289699951096566
DES_ETA,http://pubs.acs.org/journal/acscii,1912,1.1892094895823062,1.103356083557393,0.0858534060249132,0.0858534060249132
DES_ETA,http://pubs.acs.org/journal/acscii,1919,1.1917303933628562,1.3672079401160824,-0.17547754675322613,-0.17547754675322613
DES_ETA,http://pubs.acs.org/journal/acscii,1923,1.1920095926536702,1.2209781816585574,-0.02896858900488719,-0.02896858900488719
DES_ETA,http://pubs.acs.org/journal/acscii,1928,1.1931245983544616,1.3495937742931687,-0.15646917593870713,-0.15646917593870713
DES_ETA,http://pubs.acs.org/journal/acscii,1935,1.1945143418824673,1.1930728210246049,0.0014415208578624217,0.0014415208578626437
DES_ETA,http://pubs.acs.org/journal/acscii,1956,1.2022157758011316,1.1645919586111353,0.0376238171899963,0.037623817189996744
DES_ETA,http://pubs.acs.org/journal/acscii,1964,1.2041199826559248,1.234366169735962,-0.030246187080037235,-0.030246187080037235
DES_ETA,http://pubs.acs.org/journal/acscii,1965,1.2041199826559248,1.3081075685054127,-0.10398758584948786,-0.10398758584948786
DES_ETA,http://pubs.acs.org/journal/acscii,1973,1.2068258760318498,1.356900230990236,-0.15007435495838628,-0.15007435495838628
DES_ETA,http://pubs.acs.org/journal/acscii,1977,1.2084413564385674,1.23669493631039,-0.028253579871822643,-0.028253579871822643
DES_ETA,http://pubs.acs.org/journal/acscii,1983,1.2100508498751372,1.2150387323584038,-0.004987882483266537,-0.004987882483266537
DES_ETA,http://pubs.acs.org/journal/acscii,1988,1.2113875529368587,1.2275839884900726,-0.016196435553213817,-0.016196435553213817
DES_ETA,http://pubs.acs.org/journal/acscii,1994,1.2140486794119414,1.5019493864515285,-0.28790070703958714,-0.28790070703958714
DES_ETA,http://pubs.acs.org/journal/acscii,1997,1.2151085810530933,1.0964789003722593,0.11862968068083402,0.1186296806808338
DES_ETA,http://pubs.acs.org/journal/acscii,1999,1.215373152783422,1.276464063623571,-0.06109091084014895,-0.06109091084014873
DES_ETA,http://pubs.acs.org/journal/acscii,2002,1.2166935991697543,1.4166866627883978,-0.19999306361864355,-0.19999306361864355
DES_ETA,http://pubs.acs.org/journal/acscii,2008,1.2182728535714475,1.993426062577081,-0.7751532090056334,-0.7751532090056339
DES_ETA,http://pubs.acs.org/journal/acscii,2013,1.2201080880400552,1.3321531043087247,-0.11204501626866947,-0.11204501626866947
DES_ETA,http://pubs.acs.org/journal/acscii,2015,1.2203696324513944,1.4452018150000197,-0.22483218254862525,-0.22483218254862525
DES_ETA,http://pubs.acs.org/journal/acscii,2035,1.2258259914618934,1.2517661392004757,-0.02594014773858233,-0.02594014773858233
DES_ETA,http://pubs.acs.org/journal/acscii,2042,1.2291697025391009,1.492560199542427,-0.26339049700332606,-0.2633904970033263
DES_ETA,http://pubs.acs.org/journal/acscii,2051,1.2304489213782739,1.1555027158966122,0.07494620548166164,0.07494620548166164
DES_ETA,http://pubs.acs.org/journal/acscii,2057,1.2324878663529861,1.5325972302463118,-0.30010936389332565,-0.3001093638933259
DES_ETA,http://pubs.acs.org/journal/acscii,2064,1.2335037603411345,1.492530046557534,-0.25902628621639945,-0.25902628621639945
DES_ETA,http://pubs.acs.org/journal/acscii,2068,1.2345172835126867,2.0298222138017006,-0.7953049302890138,-0.7953049302890134
DES_ETA,http://pubs.acs.org/journal/acscii,2072,1.2370407913791908,1.2587314657949646,-0.02169067441577388,-0.02169067441577388
DES_ETA,http://pubs.acs.org/journal/acscii,2075,1.2372923375674587,1.2386720867310106,-0.00137974916355188,-0.00137974916355188
DES_ETA,http://pubs.acs.org/journal/acscii,2082,1.2390490931401914,1.3078449950581137,-0.06879590191792229,-0.06879590191792229
DES_ETA,http://pubs.acs.org/journal/acscii,2089,1.2405492482825997,1.674543289698029,-0.4339940414154293,-0.4339940414154293
DES_ETA,http://pubs.acs.org/journal/acscii,2091,1.2407987711173312,1.402717709976025,-0.1619189388586939,-0.1619189388586939
DES_ETA,http://pubs.acs.org/journal/acscii,2094,1.242292904982931,1.9954908545711953,-0.7531979495882644,-0.7531979495882644
DES_ETA,http://pubs.acs.org/journal/acscii,2103,1.244771761495295,1.056011540484201,0.1887602210110939,0.1887602210110939
DES_ETA,http://pubs.acs.org/journal/acscii,2117,1.2474822606770544,-0.14475874348251577,1.39224100415957,1.39224100415957
DES_ETA,http://pubs.acs.org/journal/acscii,2121,1.2482185611900747,1.2144568452974567,0.033761715892618005,0.033761715892618005
DES_ETA,http://pubs.acs.org/journal/acscii,2137,1.255272505103306,0.7723498025878824,0.4829227025154236,0.4829227025154236
DES_ETA,http://pubs.acs.org/journal/acscii,2141,1.256717745977487,1.361209471044954,-0.10449172506746707,-0.10449172506746707
DES_ETA,http://pubs.acs.org/journal/acscii,2151,1.2615007731982801,1.2710183805134876,-0.009517607315207455,-0.009517607315207455
DES_ETA,http://pubs.acs.org/journal/acscii,2179,1.2671717284030137,1.272001359885291,-0.00482963148227733,-0.00482963148227733
DES_ETA,http://pubs.acs.org/journal/acscii,2183,1.2681097298084782,1.3804159736089947,-0.11230624380051646,-0.11230624380051646
DES_ETA,http://pubs.acs.org/journal/acscii,2186,1.2685779718828432,1.4320124318451017,-0.16343445996225858,-0.16343445996225858
DES_ETA,http://pubs.acs.org/journal/acscii,2189,1.2695129442179163,1.5209971692013218,-0.2514842249834055,-0.2514842249834055
DES_ETA,http://pubs.acs.org/journal/acscii,2193,1.2702128548962426,1.3013886392873548,-0.031175784391112238,-0.031175784391112238
DES_ETA,http://pubs.acs.org/journal/acscii,2197,1.2706788361447063,1.270232571345225,0.0004462647994813995,0.0004462647994813995
DES_ETA,http://pubs.acs.org/journal/acscii,2199,1.2713768718940746,1.3395099315024028,-0.06813305960832827,-0.06813305960832827
DES_ETA,http://pubs.acs.org/journal/acscii,2200,1.271609301378832,1.302796717260214,-0.031187415881381853,-0.031187415881381853
DES_ETA,http://pubs.acs.org/journal/acscii,2205,1.2732328340430457,1.3277167841151338,-0.05448395007208817,-0.05448395007208817
DES_ETA,http://pubs.acs.org/journal/acscii,2209,1.2741578492636798,1.5937850762708252,-0.3196272270071454,-0.3196272270071454
DES_ETA,http://pubs.acs.org/journal/acscii,2212,1.2753113545418118,1.3158828183818343,-0.040571463840022526,-0.040571463840022526
DES_ETA,http://pubs.acs.org/journal/acscii,2223,1.2782962080912739,1.2584187511903293,0.019877456900944557,0.019877456900944557
DES_ETA,http://pubs.acs.org/journal/acscii,2234,1.2796669440484556,1.2725221304816376,0.0071448135668179535,0.0071448135668179535
DES_ETA,http://pubs.acs.org/journal/acscii,2244,1.2837533833325265,1.3077426680327655,-0.023989284700238978,-0.023989284700238978
DES_ETA,http://pubs.acs.org/journal/acscii,2256,1.2869053529723748,1.3454521891898583,-0.05854683621748347,-0.05854683621748347
DES_ETA,http://pubs.acs.org/journal/acscii,2266,1.290034611362518,1.342109157431796,-0.05207454606927797,-0.05207454606927797
DES_ETA,http://pubs.acs.org/journal/acscii,2274,1.293141483450931,1.285630130803103,0.007511352647827874,0.007511352647827874
DES_ETA,http://pubs.acs.org/journal/acscii,2281,1.294466226161593,1.4719776593567047,-0.17751143319511176,-0.17751143319511198
DES_ETA,http://pubs.acs.org/journal/acscii,2284,1.295567099962479,1.3240505982996735,-0.028483498337194435,-0.028483498337194435
DES_ETA,http://pubs.acs.org/journal/acscii,2290,1.2973227142053025,1.3322333372059483,-0.034910623000645735,-0.034910623000645735
DES_ETA,http://pubs.acs.org/journal/acscii,2295,1.299942900022767,1.7114960412929952,-0.41155314127022824,-0.41155314127022824
DES_ETA,http://pubs.acs.org/journal/acscii,2299,1.3010299956639813,1.3036339951493676,-0.0026039994853863657,-0.0026039994853863657
DES_ETA,http://pubs.acs.org/journal/acscii,2301,1.3010299956639813,1.6762205434006163,-0.37519054773663507,-0.37519054773663507
DES_ETA,http://pubs.acs.org/journal/acscii,2302,1.3010299956639813,1.2873296040033653,0.013700391660615985,0.013700391660615985
DES_ETA,http://pubs.acs.org/journal/acscii,2303,1.3010299956639813,0.7233215552719705,0.5777084403920107,0.5777084403920107
DES_ETA,http://pubs.acs.org/journal/acscii,2306,1.3016809492935764,1.2649003145593656,0.03678063473421078,0.03678063473421078
DES_ETA,http://pubs.acs.org/journal/acscii,2311,1.3027637084729817,1.317948735190239,-0.0151850267172573,-0.0151850267172573
DES_ETA,http://pubs.acs.org/journal/acscii,2313,1.303412070596742,2.3713293337771235,-1.0679172631803815,-1.0679172631803815
DES_ETA,http://pubs.acs.org/journal/acscii,2321,1.3059958827708047,1.5391508221153192,-0.23315493934451448,-0.2331549393445147
DES_ETA,http://pubs.acs.org/journal/acscii,2328,1.307282047033346,1.8204881575952712,-0.5132061105619252,-0.5132061105619252
DES_ETA,http://pubs.acs.org/journal/acscii,2337,1.3092041796704075,1.3166351759164094,-0.007430996246001964,-0.007430996246001964
DES_ETA,http://pubs.acs.org/journal/acscii,2340,1.3096301674258988,1.1290109519266471,0.18061921549925164,0.18061921549925164
DES_ETA,http://pubs.acs.org/journal/acscii,2344,1.3096301674258988,1.391688658219212,-0.08205849079331329,-0.08205849079331329
DES_ETA,http://pubs.acs.org/journal/acscii,2357,1.3117538610557542,1.6167193177920969,-0.3049654567363427,-0.3049654567363431
DES_ETA,http://pubs.acs.org/journal/acscii,2364,1.3138672203691535,1.5224693823950866,-0.20860216202593307,-0.20860216202593307
DES_ETA,http://pubs.acs.org/journal/acscii,2368,1.314077991779213,1.5603270748451985,-0.24624908306598559,-0.24624908306598514
DES_ETA,http://pubs.acs.org/journal/acscii,2372,1.316599302093861,1.1413678869155781,0.17523141517828278,0.17523141517828278
DES_ETA,http://pubs.acs.org/journal/acscii,2378,1.3180633349627615,1.3854837803671989,-0.06742044540443737,-0.06742044540443737
DES_ETA,http://pubs.acs.org/journal/acscii,2380,1.3184807251745174,1.2223108891302474,0.09616983604426999,0.09616983604426999
DES_ETA,http://pubs.acs.org/journal/acscii,2386,1.320146286111054,1.6231373278254326,-0.30299104171437863,-0.30299104171437863
DES_ETA,http://pubs.acs.org/journal/acscii,2388,1.320354032817672,1.3100446127517258,0.010309420065946151,0.010309420065946151
DES_ETA,http://pubs.acs.org/journal/acscii,2391,1.3207692283386865,1.3775540701275628,-0.05678484178887633,-0.05678484178887655
DES_ETA,http://pubs.acs.org/journal/acscii,2394,1.321391278311689,1.3268552376586107,-0.005463959346921676,-0.005463959346921676
DES_ETA,http://pubs.acs.org/journal/acscii,2397,1.3222192947339193,1.348286867052817,-0.02606757231889767,-0.02606757231889767
DES_ETA,http://pubs.acs.org/journal/acscii,2398,1.3222192947339193,0.7851198455322093,0.53709944920171,0.53709944920171
DES_ETA,http://pubs.acs.org/journal/acscii,2400,1.3222192947339193,1.5942980693525393,-0.27207877461861996,-0.27207877461861996
DES_ETA,http://pubs.acs.org/journal/acscii,2401,1.323252100171687,2.095677929287863,-0.7724258291161759,-0.7724258291161754
DES_ETA,http://pubs.acs.org/journal/acscii,2407,1.3244882333076564,1.4974701834271167,-0.17298195011946027,-0.17298195011946027
DES_ETA,http://pubs.acs.org/journal/acscii,2420,1.3310221710418286,1.374807910372303,-0.04378573933047436,-0.04378573933047436
DES_ETA,http://pubs.acs.org/journal/acscii,2424,1.3322364154914432,2.068075190679405,-0.7358387751879618,-0.7358387751879618
DES_ETA,http://pubs.acs.org/journal/acscii,2428,1.3330440298234871,1.3379368491916095,-0.004892819368122359,-0.004892819368122803
DES_ETA,http://pubs.acs.org/journal/acscii,2435,1.3342526423342307,1.3869858000870168,-0.052733157752786086,-0.052733157752786086
DES_ETA,http://pubs.acs.org/journal/acscii,2448,1.3376588910261422,1.3603606370953116,-0.022701746069169415,-0.022701746069169415
DES_ETA,http://pubs.acs.org/journal/acscii,2459,1.34143452457814,1.597393238269773,-0.25595871369163303,-0.25595871369163303
DES_ETA,http://pubs.acs.org/journal/acscii,2461,1.34143452457814,1.547844982180974,-0.20641045760283405,-0.20641045760283383
DES_ETA,http://pubs.acs.org/journal/acscii,2464,1.3420276880874717,1.2353910829107915,0.10663660517668028,0.10663660517668028
DES_ETA,http://pubs.acs.org/journal/acscii,2470,1.3424226808222062,1.6360463185260794,-0.29362363770387323,-0.29362363770387323
DES_ETA,http://pubs.acs.org/journal/acscii,2476,1.3447851226326606,1.5509522321630642,-0.20616710953040362,-0.2061671095304034
DES_ETA,http://pubs.acs.org/journal/acscii,2479,1.3463529744506386,1.1621612733518385,0.18419170109880012,0.18419170109880012
DES_ETA,http://pubs.acs.org/journal/acscii,2480,1.3463529744506386,1.7484360173443276,-0.402083042893689,-0.402083042893689
DES_ETA,http://pubs.acs.org/journal/acscii,2483,1.3486941902655412,1.3596464085870554,-0.010952218321514273,-0.010952218321514273
DES_ETA,http://pubs.acs.org/journal/acscii,2486,1.3500540935790302,1.8117372237543168,-0.4616831301752866,-0.4616831301752866
DES_ETA,http://pubs.acs.org/journal/acscii,2489,1.3506356082589543,1.3466710364713201,0.003964571787634208,0.003964571787634208
DES_ETA,http://pubs.acs.org/journal/acscii,2490,1.3517963068970236,1.3067254161700512,0.045070890726972346,0.045070890726972346
DES_ETA,http://pubs.acs.org/journal/acscii,2492,1.3519894554356322,1.5320234414403329,-0.18003398600470066,-0.18003398600470066
DES_ETA,http://pubs.acs.org/journal/acscii,2507,1.3579348470004537,1.8159962719420752,-0.4580614249416215,-0.4580614249416215
DES_ETA,http://pubs.acs.org/journal/acscii,2518,1.3617278360175928,1.5031749675130355,-0.14144713149544264,-0.1414471314954424
DES_ETA,http://pubs.acs.org/journal/acscii,2528,1.3647385550553985,1.3972878616959739,-0.032549306640575315,-0.032549306640575315
DES_ETA,http://pubs.acs.org/journal/acscii,2533,1.36679638328673,1.6211079691410162,-0.25431158585428615,-0.25431158585428615
DES_ETA,http://pubs.acs.org/journal/acscii,2538,1.3675422735205767,1.382862430844012,-0.01532015732343539,-0.015320157323435835
DES_ETA,http://pubs.acs.org/journal/acscii,2540,1.3681008517093514,1.1782166220673445,0.1898842296420069,0.1898842296420069
DES_ETA,http://pubs.acs.org/journal/acscii,2543,1.368472838440362,1.4021363280244201,-0.03366348958405818,-0.03366348958405818
DES_ETA,http://pubs.acs.org/journal/acscii,2550,1.3710678622717363,1.630673094740139,-0.25960523246840284,-0.25960523246840284
DES_ETA,http://pubs.acs.org/journal/acscii,2552,1.3716219271760213,1.475054422376681,-0.10343249520065978,-0.10343249520065978
DES_ETA,http://pubs.acs.org/journal/acscii,2560,1.3738311450738303,1.4746891419501145,-0.10085799687628416,-0.10085799687628394
DES_ETA,http://pubs.acs.org/journal/acscii,2573,1.379305517750582,1.4178718484467807,-0.03856633069619875,-0.03856633069619875
DES_ETA,http://pubs.acs.org/journal/acscii,2577,1.3803921600570273,1.3597231996265962,0.020668960430431094,0.020668960430431094
DES_ETA,http://pubs.acs.org/journal/acscii,2581,1.3820170425748683,1.465524215085033,-0.0835071725101646,-0.0835071725101646
DES_ETA,http://pubs.acs.org/journal/acscii,2594,1.3866772839608377,1.3855985567447577,0.0010787272160799333,0.0010787272160799333
DES_ETA,http://pubs.acs.org/journal/acscii,2599,1.3873898263387294,1.898642815495147,-0.5112529891564175,-0.5112529891564175
DES_ETA,http://pubs.acs.org/journal/acscii,2602,1.3877456596088638,1.3796894253618255,0.008056234247038274,0.008056234247038274
DES_ETA,http://pubs.acs.org/journal/acscii,2604,1.3884564527002667,2.384914560428656,-0.9964581077283894,-0.9964581077283894
DES_ETA,http://pubs.acs.org/journal/acscii,2617,1.392345155361204,1.37487689934943,0.01746825601177404,0.01746825601177404
DES_ETA,http://pubs.acs.org/journal/acscii,2619,1.3928727454020795,1.2492730563219623,0.14359968908011722,0.14359968908011722
DES_ETA,http://pubs.acs.org/journal/acscii,2626,1.3937506403480804,1.627644607199561,-0.23389396685148056,-0.23389396685148056
DES_ETA,http://pubs.acs.org/journal/acscii,2629,1.3941013020400446,1.440533024286891,-0.04643172224684644,-0.04643172224684644
DES_ETA,http://pubs.acs.org/journal/acscii,2631,1.3944516808262162,1.522829897642108,-0.1283782168158918,-0.128378216815892
DES_ETA,http://pubs.acs.org/journal/acscii,2642,1.3979400086720377,1.578170342051493,-0.18023033337945527,-0.18023033337945527
DES_ETA,http://pubs.acs.org/journal/acscii,2643,1.3989810666581313,2.13200968541046,-0.7330286187523287,-0.7330286187523283
DES_ETA,http://pubs.acs.org/journal/acscii,2647,1.3996737214810382,1.5345695314912118,-0.1348958100101736,-0.1348958100101736
DES_ETA,http://pubs.acs.org/journal/acscii,2657,1.4022613824546801,1.4260502865723181,-0.02378890411763801,-0.02378890411763801
DES_ETA,http://pubs.acs.org/journal/acscii,2667,1.4065401804339552,1.6753382457707828,-0.2687980653368276,-0.2687980653368274
DES_ETA,http://pubs.acs.org/journal/acscii,2668,1.4075608494863625,2.1015850535074283,-0.6940242040210658,-0.6940242040210658
DES_ETA,http://pubs.acs.org/journal/acscii,2670,1.4075608494863625,1.415024099567835,-0.007463250081472417,-0.007463250081472639
DES_ETA,http://pubs.acs.org/journal/acscii,2675,1.4084095784684296,1.7523940347419986,-0.343984456273569,-0.343984456273569
DES_ETA,http://pubs.acs.org/journal/acscii,2678,1.4094258686714434,1.3862944338790848,0.023131434792358574,0.023131434792358574
DES_ETA,http://pubs.acs.org/journal/acscii,2683,1.4106085425683679,-0.11188176040611902,1.522490302974487,1.522490302974487
DES_ETA,http://pubs.acs.org/journal/acscii,2687,1.4116197059632303,1.3966352335319365,0.01498447243129375,0.01498447243129375
DES_ETA,http://pubs.acs.org/journal/acscii,2688,1.4116197059632303,1.2281603548283397,0.18345935113489054,0.18345935113489054
DES_ETA,http://pubs.acs.org/journal/acscii,2690,1.4116197059632303,1.4271924168731271,-0.01557271090989687,-0.01557271090989687
DES_ETA,http://pubs.acs.org/journal/acscii,2704,1.414973347970818,1.3906900640309807,0.024283283939837252,0.024283283939837252
DES_ETA,http://pubs.acs.org/journal/acscii,2705,1.414973347970818,1.3925722008061618,0.022401147164656132,0.022401147164656354
DES_ETA,http://pubs.acs.org/journal/acscii,2706,1.414973347970818,0.8570665469363763,0.5579068010344417,0.5579068010344417
DES_ETA,http://pubs.acs.org/journal/acscii,2707,1.414973347970818,1.6405187686740605,-0.22554542070324257,-0.22554542070324257
DES_ETA,http://pubs.acs.org/journal/acscii,2713,1.4181354984252321,1.4904307531489707,-0.07229525472373854,-0.07229525472373832
DES_ETA,http://pubs.acs.org/journal/acscii,2719,1.4194600727860702,1.5834597654162554,-0.1639996926301852,-0.163999692630185
DES_ETA,http://pubs.acs.org/journal/acscii,2724,1.4212747912103465,1.3828581367625887,0.03841665444775777,0.03841665444775777
DES_ETA,http://pubs.acs.org/journal/acscii,2728,1.4219328132785085,1.6679422864300562,-0.24600947315154764,-0.24600947315154764
DES_ETA,http://pubs.acs.org/journal/acscii,2731,1.4227539413013481,1.4115808633564968,0.01117307794485134,0.01117307794485134
DES_ETA,http://pubs.acs.org/journal/acscii,2734,1.4239009185284166,1.426350087317882,-0.002449168789465439,-0.002449168789465439
DES_ETA,http://pubs.acs.org/journal/acscii,2735,1.424881636631067,1.8747432126884747,-0.4498615760574076,-0.4498615760574076
DES_ETA,http://pubs.acs.org/journal/acscii,2744,1.4279727136082088,1.3459578351688473,0.0820148784393615,0.0820148784393615
DES_ETA,http://pubs.acs.org/journal/acscii,2753,1.4313637641589874,1.2252604901250785,0.20610327403390882,0.20610327403390882
DES_ETA,http://pubs.acs.org/journal/acscii,2756,1.4313637641589874,1.6678291583532932,-0.2364653941943058,-0.2364653941943058
DES_ETA,http://pubs.acs.org/journal/acscii,2758,1.4318460456987254,1.4359345263277814,-0.004088480629055979,-0.004088480629055979
DES_ETA,http://pubs.acs.org/journal/acscii,2764,1.4332896851950259,1.494725706966779,-0.06143602177175311,-0.06143602177175311
DES_ETA,http://pubs.acs.org/journal/acscii,2774,1.4371160930480786,1.4384437504316665,-0.0013276573835878658,-0.0013276573835878658
DES_ETA,http://pubs.acs.org/journal/acscii,2778,1.4375920322539615,1.5933582217139088,-0.15576618945994736,-0.15576618945994736
DES_ETA,http://pubs.acs.org/journal/acscii,2782,1.4379090355394983,1.4266346074076734,0.011274428131824887,0.011274428131824887
DES_ETA,http://pubs.acs.org/journal/acscii,2787,1.4394905903896835,1.5407279554347935,-0.10123736504510994,-0.10123736504510994
DES_ETA,http://pubs.acs.org/journal/acscii,2789,1.4409090820652177,1.8452910302968626,-0.40438194823164486,-0.40438194823164486
DES_ETA,http://pubs.acs.org/journal/acscii,2794,1.442009159140952,1.6872482827128985,-0.24523912357194644,-0.24523912357194644
DES_ETA,http://pubs.acs.org/journal/acscii,2795,1.442009159140952,1.3806960985669074,0.06131306057404462,0.06131306057404462
DES_ETA,http://pubs.acs.org/journal/acscii,2810,1.4466924663715273,2.6079920108813828,-1.1612995445098555,-1.1612995445098555
DES_ETA,http://pubs.acs.org/journal/acscii,2812,1.4471580313422192,1.6052765373100168,-0.15811850596779764,-0.15811850596779764
DES_ETA,http://pubs.acs.org/journal/acscii,2813,1.4471580313422192,0.8067265748314418,0.6404314565107774,0.6404314565107774
DES_ETA,http://pubs.acs.org/journal/acscii,2823,1.4487063199050798,1.3846650027842238,0.06404131712085603,0.06404131712085603
DES_ETA,http://pubs.acs.org/journal/acscii,2844,1.4546924492394768,1.4487841993669661,0.005908249872510707,0.005908249872510707
DES_ETA,http://pubs.acs.org/journal/acscii,2847,1.4560622244549515,1.4728715311969445,-0.01680930674199299,-0.01680930674199299
DES_ETA,http://pubs.acs.org/journal/acscii,2857,1.458033192496506,1.4915542761272214,-0.033521083630715376,-0.033521083630715376
DES_ETA,http://pubs.acs.org/journal/acscii,2860,1.458939861890326,1.7477484683943036,-0.28880860650397766,-0.28880860650397766
DES_ETA,http://pubs.acs.org/journal/acscii,2868,1.4622482153549974,2.5098690834270427,-1.0476208680720454,-1.0476208680720454
DES_ETA,http://pubs.acs.org/journal/acscii,2880,1.4668676203541096,1.338631038833863,0.12823658152024664,0.12823658152024686
DES_ETA,http://pubs.acs.org/journal/acscii,2882,1.4679039465228003,1.6200013350198845,-0.1520973884970842,-0.1520973884970842
DES_ETA,http://pubs.acs.org/journal/acscii,2885,1.468790262099611,1.4976873953966314,-0.028897133297020483,-0.02889713329702026
DES_ETA,http://pubs.acs.org/journal/acscii,2888,1.4693801358499252,1.6877155419448302,-0.21833540609490498,-0.21833540609490498
DES_ETA,http://pubs.acs.org/journal/acscii,2890,1.469822015978163,1.5657789333369057,-0.09595691735874268,-0.09595691735874246
DES_ETA,http://pubs.acs.org/journal/acscii,2895,1.4720246977002813,1.2018842381498143,0.27014045955046706,0.27014045955046706
DES_ETA,http://pubs.acs.org/journal/acscii,2904,1.4763968267253302,1.541891254528936,-0.06549442780360581,-0.06549442780360581
DES_ETA,http://pubs.acs.org/journal/acscii,2911,1.4771212547196624,1.7585499060264431,-0.28142865130678074,-0.28142865130678074
DES_ETA,http://pubs.acs.org/journal/acscii,2912,1.4771212547196624,1.9875091326185024,-0.51038787789884,-0.51038787789884
DES_ETA,http://pubs.acs.org/journal/acscii,2918,1.479143247978613,1.7939296335692048,-0.3147863855905917,-0.3147863855905917
DES_ETA,http://pubs.acs.org/journal/acscii,2920,1.4794313371977363,1.463321870224168,0.01610946697356841,0.01610946697356841
DES_ETA,http://pubs.acs.org/journal/acscii,2922,1.4800069429571505,1.647301483048562,-0.16729454009141143,-0.16729454009141143
DES_ETA,http://pubs.acs.org/journal/acscii,2924,1.4812992733328558,1.3020568373336043,0.1792424359992515,0.1792424359992515
DES_ETA,http://pubs.acs.org/journal/acscii,2936,1.4842998393467859,1.7947430850455435,-0.3104432456987576,-0.3104432456987576
DES_ETA,http://pubs.acs.org/journal/acscii,2944,1.4865721505183564,1.4073193331929539,0.07925281732540257,0.07925281732540257
DES_ETA,http://pubs.acs.org/journal/acscii,2947,1.4878451201114355,1.6075939095989724,-0.11974878948753687,-0.11974878948753687
DES_ETA,http://pubs.acs.org/journal/acscii,2954,1.4902394852462872,1.4924415454331856,-0.0022020601868983913,-0.0022020601868986134
DES_ETA,http://pubs.acs.org/journal/acscii,2960,1.4913616938342726,0.8671632876303053,0.6241984062039674,0.6241984062039674
DES_ETA,http://pubs.acs.org/journal/acscii,2961,1.4923412532549745,1.1605664601647108,0.3317747930902637,0.3317747930902637
DES_ETA,http://pubs.acs.org/journal/acscii,2965,1.4927603890268375,1.5971279733436974,-0.10436758431685988,-0.10436758431685988
DES_ETA,http://pubs.acs.org/journal/acscii,2973,1.4956830676169153,1.1782606892526162,0.3174223783642991,0.3174223783642991
DES_ETA,http://pubs.acs.org/journal/acscii,2986,1.4994121256722754,1.9016142249107748,-0.40220209923849937,-0.40220209923849937
DES_ETA,http://pubs.acs.org/journal/acscii,2989,1.4996870826184039,1.7707551129096104,-0.2710680302912065,-0.2710680302912065
DES_ETA,http://pubs.acs.org/journal/acscii,2993,1.500648063371912,1.4782321933686768,0.022415870003235083,0.022415870003235083
DES_ETA,http://pubs.acs.org/journal/acscii,2995,1.5011962420270888,1.2668720542788843,0.23432418774820452,0.23432418774820452
DES_ETA,http://pubs.acs.org/journal/acscii,3003,1.5046067706419537,1.50383227303973,0.0007744976022237005,0.0007744976022237005
DES_ETA,http://pubs.acs.org/journal/acscii,3006,1.505149978319906,1.530549573893736,-0.02539959557382998,-0.02539959557382998
DES_ETA,http://pubs.acs.org/journal/acscii,3007,1.505149978319906,1.73704113431039,-0.23189115599048393,-0.23189115599048393
DES_ETA,http://pubs.acs.org/journal/acscii,3008,1.505149978319906,1.5489688643513255,-0.04381888603141948,-0.04381888603141948
DES_ETA,http://pubs.acs.org/journal/acscii,3009,1.505149978319906,1.6411808064747124,-0.13603082815480638,-0.13603082815480638
DES_ETA,http://pubs.acs.org/journal/acscii,3017,1.5075860397630108,2.6350182432753337,-1.127432203512323,-1.127432203512323
DES_ETA,http://pubs.acs.org/journal/acscii,3022,1.5087989654039051,1.5147413389855677,-0.005942373581662608,-0.005942373581662608
DES_ETA,http://pubs.acs.org/journal/acscii,3024,1.510142699402573,1.372143860828164,0.1379988385744091,0.1379988385744091
DES_ETA,http://pubs.acs.org/journal/acscii,3029,1.5114822886260015,1.2022553848542055,0.30922690377179607,0.30922690377179607
DES_ETA,http://pubs.acs.org/journal/acscii,3033,1.5118833609788744,1.5066292020557484,0.005254158923126084,0.005254158923125862
DES_ETA,http://pubs.acs.org/journal/acscii,3035,1.513217600067939,1.3152419587603106,0.19797564130762835,0.19797564130762835
DES_ETA,http://pubs.acs.org/journal/acscii,3039,1.5140161804006493,1.6100909601695468,-0.09607477976889744,-0.09607477976889744
DES_ETA,http://pubs.acs.org/journal/acscii,3045,1.515873843711679,1.9871049682294335,-0.4712311245177545,-0.4712311245177545
DES_ETA,http://pubs.acs.org/journal/acscii,3046,1.515873843711679,1.7684269086789675,-0.25255306496728847,-0.25255306496728847
DES_ETA,http://pubs.acs.org/journal/acscii,3052,1.5185139398778875,1.5025264200083515,0.01598751986953606,0.015987519869536282
DES_ETA,http://pubs.acs.org/journal/acscii,3054,1.5185139398778875,1.5105730179302577,0.007940921947629853,0.007940921947629853
DES_ETA,http://pubs.acs.org/journal/acscii,3057,1.519171463821659,1.3969171564342584,0.12225430738740051,0.12225430738740051
DES_ETA,http://pubs.acs.org/journal/acscii,3059,1.5193028492354288,1.4288703679326558,0.09043248130277304,0.09043248130277304
DES_ETA,http://pubs.acs.org/journal/acscii,3062,1.5195655008805091,1.6296905740133218,-0.11012507313281272,-0.11012507313281272
DES_ETA,http://pubs.acs.org/journal/acscii,3066,1.5211380837040362,0.9911073548386029,0.5300307288654333,0.5300307288654333
DES_ETA,http://pubs.acs.org/journal/acscii,3067,1.5211380837040362,1.9126183274199131,-0.39148024371587686,-0.39148024371587686
DES_ETA,http://pubs.acs.org/journal/acscii,3068,1.5211380837040362,1.6226959270028345,-0.10155784329879824,-0.10155784329879824
DES_ETA,http://pubs.acs.org/journal/acscii,3072,1.52283531366053,1.7485295251833646,-0.22569421152283464,-0.22569421152283464
DES_ETA,http://pubs.acs.org/journal/acscii,3077,1.5250448070368452,1.4226489084727547,0.10239589856409048,0.10239589856409048
DES_ETA,http://pubs.acs.org/journal/acscii,3079,1.526339277389844,1.8643829395242115,-0.33804366213436743,-0.3380436621343679
DES_ETA,http://pubs.acs.org/journal/acscii,3093,1.5307118379816569,1.5068880172254122,0.023823820756244674,0.023823820756244674
DES_ETA,http://pubs.acs.org/journal/acscii,3098,1.5313511645830598,1.494305891551489,0.03704527303157068,0.03704527303157068
DES_ETA,http://pubs.acs.org/journal/acscii,3117,1.5392015992941277,1.7687424912525451,-0.22954089195841743,-0.22954089195841787
DES_ETA,http://pubs.acs.org/journal/acscii,3122,1.5407047833107623,1.5803364999898464,-0.03963171667908405,-0.03963171667908405
DES_ETA,http://pubs.acs.org/journal/acscii,3123,1.5407047833107623,1.9934296230692428,-0.45272483975848044,-0.45272483975848044
DES_ETA,http://pubs.acs.org/journal/acscii,3130,1.5427009694481109,1.5581795276350574,-0.015478558186946545,-0.015478558186946545
DES_ETA,http://pubs.acs.org/journal/acscii,3131,1.5427009694481109,1.268642902358101,0.2740580670900099,0.2740580670900099
DES_ETA,http://pubs.acs.org/journal/acscii,3138,1.5440680443502757,1.476807777243616,0.06726026710665978,0.06726026710666
DES_ETA,http://pubs.acs.org/journal/acscii,3141,1.545307116465824,1.4121158709898134,0.1331912454760107,0.1331912454760107
DES_ETA,http://pubs.acs.org/journal/acscii,3150,1.5496162395190853,1.8194294722587672,-0.26981323273968183,-0.2698132327396816
DES_ETA,http://pubs.acs.org/journal/acscii,3158,1.5535189401489695,0.014476146967499303,1.5390427931814703,1.5390427931814703
DES_ETA,http://pubs.acs.org/journal/acscii,3164,1.5550944485783191,1.6176889320022583,-0.06259448342393914,-0.06259448342393914
DES_ETA,http://pubs.acs.org/journal/acscii,3166,1.555940437818511,1.4858765693645262,0.07006386845398493,0.07006386845398493
DES_ETA,http://pubs.acs.org/journal/acscii,3173,1.5564231213712854,1.5575183974093672,-0.0010952760380817939,-0.0010952760380815718
DES_ETA,http://pubs.acs.org/journal/acscii,3179,1.5577477416414682,1.6779240988110813,-0.12017635716961306,-0.12017635716961306
DES_ETA,http://pubs.acs.org/journal/acscii,3183,1.5615783683009605,1.4394049507285775,0.12217341757238298,0.12217341757238254
DES_ETA,http://pubs.acs.org/journal/acscii,3188,1.5622928644564746,1.8105702676100315,-0.24827740315355684,-0.24827740315355684
DES_ETA,http://pubs.acs.org/journal/acscii,3195,1.5646660642520893,1.8712007916035267,-0.3065347273514374,-0.3065347273514374
DES_ETA,http://pubs.acs.org/journal/acscii,3196,1.5646660642520893,1.5507357080828321,0.013930356169257196,0.013930356169257418
DES_ETA,http://pubs.acs.org/journal/acscii,3204,1.5670263661590604,1.6108202455195204,-0.043793879360459975,-0.043793879360459975
DES_ETA,http://pubs.acs.org/journal/acscii,3206,1.5670263661590604,1.7624579786061263,-0.19543161244706586,-0.19543161244706586
DES_ETA,http://pubs.acs.org/journal/acscii,3208,1.5678494505731069,1.6354944202262056,-0.06764496965309874,-0.06764496965309874
DES_ETA,http://pubs.acs.org/journal/acscii,3210,1.5700757053216041,1.7535006185350794,-0.18342491321347532,-0.18342491321347532
DES_ETA,http://pubs.acs.org/journal/acscii,3215,1.5708930362183922,1.965997076939296,-0.3951040407209039,-0.3951040407209039
DES_ETA,http://pubs.acs.org/journal/acscii,3220,1.5721743136130595,1.6704080655515354,-0.09823375193847594,-0.09823375193847617
DES_ETA,http://pubs.acs.org/journal/acscii,3225,1.5735677730392186,1.7347526891291363,-0.1611849160899177,-0.1611849160899177
DES_ETA,http://pubs.acs.org/journal/acscii,3229,1.5749567757645069,1.7430512802430478,-0.1680945044785409,-0.1680945044785409
DES_ETA,http://pubs.acs.org/journal/acscii,3232,1.57541879121436,1.597061490830655,-0.021642699616295058,-0.02164269961629528
DES_ETA,http://pubs.acs.org/journal/acscii,3234,1.577836341292744,2.4642090713522813,-0.8863727300595372,-0.8863727300595372
DES_ETA,http://pubs.acs.org/journal/acscii,3243,1.5797835966168101,1.5629339103442772,0.016849686272532916,0.016849686272532916
DES_ETA,http://pubs.acs.org/journal/acscii,3248,1.5803546611065915,1.0471688331857643,0.5331858279208272,0.5331858279208272
DES_ETA,http://pubs.acs.org/journal/acscii,3250,1.5803546611065915,1.6363670508422483,-0.05601238973565681,-0.05601238973565681
DES_ETA,http://pubs.acs.org/journal/acscii,3256,1.5833121519830777,1.5100644727475396,0.0732476792355381,0.07324767923553832
DES_ETA,http://pubs.acs.org/journal/acscii,3259,1.5877109650189114,1.9470273449035504,-0.35931637988463905,-0.35931637988463994
DES_ETA,http://pubs.acs.org/journal/acscii,3265,1.591064607026499,1.5437486627377364,0.047315944288762735,0.047315944288762735
DES_ETA,http://pubs.acs.org/journal/acscii,3266,1.591064607026499,1.6439560347158584,-0.05289142768935928,-0.05289142768935928
DES_ETA,http://pubs.acs.org/journal/acscii,3268,1.5913985512812487,1.9299059448868339,-0.3385073936055851,-0.3385073936055851
DES_ETA,http://pubs.acs.org/journal/acscii,3270,1.5919545550467356,2.222737712138955,-0.6307831570922193,-0.6307831570922193
DES_ETA,http://pubs.acs.org/journal/acscii,3271,1.5920656704322471,2.1577071050445373,-0.5656414346122902,-0.5656414346122902
DES_ETA,http://pubs.acs.org/journal/acscii,3276,1.5931752634781027,2.1590454348935246,-0.565870171415422,-0.565870171415422
DES_ETA,http://pubs.acs.org/journal/acscii,3278,1.594282028811806,1.5004649081259374,0.09381712068586867,0.09381712068586867
DES_ETA,http://pubs.acs.org/journal/acscii,3282,1.5949447366950833,1.5890625647766934,0.005882171918389911,0.005882171918389911
DES_ETA,http://pubs.acs.org/journal/acscii,3284,1.595606434865603,1.5430016665569928,0.05260476830861016,0.05260476830861016
DES_ETA,http://pubs.acs.org/journal/acscii,3292,1.5976951859255124,1.6696672483760766,-0.0719720624505642,-0.0719720624505642
DES_ETA,http://pubs.acs.org/journal/acscii,3298,1.5996647787884168,2.6883705010203935,-1.0887057222319767,-1.0887057222319767
DES_ETA,http://pubs.acs.org/journal/acscii,3300,1.5998830720736879,2.0453508446771282,-0.4454677726034404,-0.4454677726034404
DES_ETA,http://pubs.acs.org/journal/acscii,3306,1.6020599913279623,1.860639067247586,-0.2585790759196238,-0.2585790759196238
DES_ETA,http://pubs.acs.org/journal/acscii,3311,1.6020599913279623,2.197122812236678,-0.5950628209087159,-0.5950628209087159
DES_ETA,http://pubs.acs.org/journal/acscii,3312,1.6020599913279623,1.976611508161043,-0.37455151683308063,-0.37455151683308063
DES_ETA,http://pubs.acs.org/journal/acscii,3313,1.6020599913279623,0.9234424073501966,0.6786175839777657,0.6786175839777657
DES_ETA,http://pubs.acs.org/journal/acscii,3325,1.606381365110605,1.680858418296899,-0.07447705318629416,-0.07447705318629416
DES_ETA,http://pubs.acs.org/journal/acscii,3332,1.609060549930087,1.4135614648401371,0.19549908508994984,0.19549908508994984
DES_ETA,http://pubs.acs.org/journal/acscii,3337,1.6097011023793995,1.82849076139627,-0.21878965901687053,-0.21878965901687053
DES_ETA,http://pubs.acs.org/journal/acscii,3340,1.61066016308988,2.0436075934024056,-0.4329474303125256,-0.4329474303125256
DES_ETA,http://pubs.acs.org/journal/acscii,3351,1.6128897692874846,2.680165582848239,-1.0672758135607545,-1.0672758135607545
DES_ETA,http://pubs.acs.org/journal/acscii,3357,1.6139474767803497,1.617063303379257,-0.003115826598907301,-0.003115826598907301
DES_ETA,http://pubs.acs.org/journal/acscii,3359,1.6180480967120927,1.9517091011343224,-0.3336610044222297,-0.3336610044222297
DES_ETA,http://pubs.acs.org/journal/acscii,3364,1.6200318951262973,1.5640186735875463,0.05601322153875099,0.05601322153875099
DES_ETA,http://pubs.acs.org/journal/acscii,3368,1.6222140229662954,1.547695351916723,0.07451867104957244,0.07451867104957222
DES_ETA,http://pubs.acs.org/journal/acscii,3370,1.6226284261293251,1.7145388105288089,-0.09191038439948374,-0.09191038439948374
DES_ETA,http://pubs.acs.org/journal/acscii,3373,1.6232492903979006,0.8817187497352853,0.7415305406626153,0.7415305406626153
DES_ETA,http://pubs.acs.org/journal/acscii,3374,1.6242820958356683,1.5702970605980024,0.053985035237665846,0.053985035237665846
DES_ETA,http://pubs.acs.org/journal/acscii,3375,1.6242820958356683,1.9098735694241853,-0.285591473588517,-0.285591473588517
DES_ETA,http://pubs.acs.org/journal/acscii,3383,1.6278776945799716,1.7813571597870859,-0.1534794652071143,-0.1534794652071143
DES_ETA,http://pubs.acs.org/journal/acscii,3388,1.6292056571023037,1.6457094069442342,-0.016503749841930482,-0.016503749841930482
DES_ETA,http://pubs.acs.org/journal/acscii,3390,1.6294095991027189,1.4779712502059852,0.1514383488967337,0.1514383488967337
DES_ETA,http://pubs.acs.org/journal/acscii,3398,1.6312407802355091,2.6246644169525357,-0.9934236367170266,-0.9934236367170266
DES_ETA,http://pubs.acs.org/journal/acscii,3400,1.6317480743965693,1.660036487759331,-0.028288413362761666,-0.028288413362761666
DES_ETA,http://pubs.acs.org/journal/acscii,3405,1.6335694425540919,1.7974050844121294,-0.16383564185803756,-0.16383564185803756
DES_ETA,http://pubs.acs.org/journal/acscii,3409,1.6344772701607315,1.5211807820144885,0.11329648814624305,0.11329648814624305
DES_ETA,http://pubs.acs.org/journal/acscii,3410,1.6344772701607315,1.351958091374266,0.2825191787864656,0.2825191787864658
DES_ETA,http://pubs.acs.org/journal/acscii,3413,1.6358856852812727,1.6048965120920033,0.030989173189269303,0.030989173189269303
DES_ETA,http://pubs.acs.org/journal/acscii,3417,1.6382895354142568,1.5096892069529586,0.1286003284612982,0.1286003284612982
DES_ETA,http://pubs.acs.org/journal/acscii,3420,1.639287225910237,1.66181402939784,-0.022526803487603164,-0.022526803487602942
DES_ETA,http://pubs.acs.org/journal/acscii,3426,1.6417714706539592,2.6430270125515234,-1.0012555418975642,-1.0012555418975642
DES_ETA,http://pubs.acs.org/journal/acscii,3429,1.6428600525844914,1.909958276261953,-0.2670982236774615,-0.2670982236774615
DES_ETA,http://pubs.acs.org/journal/acscii,3435,1.6434526764861874,1.299220590912802,0.34423208557338536,0.3442320855733856
DES_ETA,http://pubs.acs.org/journal/acscii,3437,1.6434526764861874,1.9913600249606396,-0.34790734847445215,-0.34790734847445215
DES_ETA,http://pubs.acs.org/journal/acscii,3440,1.6445370577784073,1.9614424056534516,-0.3169053478750443,-0.3169053478750443
DES_ETA,http://pubs.acs.org/journal/acscii,3442,1.6451273992583912,1.3892639757010827,0.2558634235573085,0.25586342355730873
DES_ETA,http://pubs.acs.org/journal/acscii,3446,1.6474807731736758,1.8212875699439757,-0.17380679677029987,-0.1738067967703003
DES_ETA,http://pubs.acs.org/journal/acscii,3457,1.6503075231319364,1.6498515499043958,0.0004559732275406514,0.00045597322754042935
DES_ETA,http://pubs.acs.org/journal/acscii,3458,1.6503075231319364,1.7373967059866864,-0.08708918285474998,-0.08708918285475042
DES_ETA,http://pubs.acs.org/journal/acscii,3464,1.6522463410033232,1.6898141213966629,-0.037567780393339634,-0.03756778039333941
DES_ETA,http://pubs.acs.org/journal/acscii,3472,1.6548500905613943,1.7705019543593865,-0.1156518637979922,-0.1156518637979922
DES_ETA,http://pubs.acs.org/journal/acscii,3474,1.6554265877459187,1.6466960707168348,0.008730517029083895,0.008730517029083895
DES_ETA,http://pubs.acs.org/journal/acscii,3476,1.6560982020128319,1.940875460800119,-0.2847772587872872,-0.2847772587872872
DES_ETA,http://pubs.acs.org/journal/acscii,3481,1.6580113966571124,1.4901866069282634,0.16782478972884896,0.16782478972884896
DES_ETA,http://pubs.acs.org/journal/acscii,3489,1.6616234092292301,1.8286909517558623,-0.16706754252663214,-0.16706754252663214
DES_ETA,http://pubs.acs.org/journal/acscii,3490,1.6618126855372612,1.916485559714402,-0.2546728741771407,-0.2546728741771407
DES_ETA,http://pubs.acs.org/journal/acscii,3498,1.6640775901850746,1.6742586906045296,-0.01018110041945497,-0.01018110041945497
DES_ETA,http://pubs.acs.org/journal/acscii,3506,1.6675463395115164,1.9943638412211586,-0.3268175017096422,-0.3268175017096422
DES_ETA,http://pubs.acs.org/journal/acscii,3508,1.669502834104343,1.606751372905113,0.06275146119922992,0.0627514611992297
DES_ETA,http://pubs.acs.org/journal/acscii,3519,1.6748611407378116,2.4463323267392183,-0.7714711860014067,-0.7714711860014067
DES_ETA,http://pubs.acs.org/journal/acscii,3523,1.6766021695820184,1.5932022337075993,0.08339993587441907,0.08339993587441907
DES_ETA,http://pubs.acs.org/journal/acscii,3525,1.677606952720493,1.5656795985862177,0.11192735413427535,0.11192735413427535
DES_ETA,http://pubs.acs.org/journal/acscii,3528,1.679609571779756,2.2571249454055478,-0.5775153736257919,-0.5775153736257919
DES_ETA,http://pubs.acs.org/journal/acscii,3543,1.6812412373755872,1.6369421214716433,0.044299115903943864,0.04429911590394431
DES_ETA,http://pubs.acs.org/journal/acscii,3544,1.6812412373755872,1.669556291701253,0.011684945674334202,0.011684945674334202
DES_ETA,http://pubs.acs.org/journal/acscii,3545,1.6812412373755872,1.656734592587381,0.024506644788206078,0.024506644788205634
DES_ETA,http://pubs.acs.org/journal/acscii,3547,1.6838572054003464,2.1848496593010442,-0.5009924539006978,-0.5009924539006978
DES_ETA,http://pubs.acs.org/journal/acscii,3551,1.6851144690465394,1.5622813730324276,0.12283309601411174,0.12283309601411174
DES_ETA,http://pubs.acs.org/journal/acscii,3555,1.6861892342440237,1.9695582533705234,-0.2833690191264997,-0.2833690191264997
DES_ETA,http://pubs.acs.org/journal/acscii,3561,1.6888645680547918,2.1577071050445373,-0.46884253698974554,-0.46884253698974554
DES_ETA,http://pubs.acs.org/journal/acscii,3563,1.6889534626374179,2.2013254561890663,-0.5123719935516484,-0.5123719935516489
DES_ETA,http://pubs.acs.org/journal/acscii,3565,1.6901960800285136,1.9015404102319713,-0.21134433020345766,-0.21134433020345766
DES_ETA,http://pubs.acs.org/journal/acscii,3567,1.6901960800285136,0.93916165439921,0.7510344256293037,0.7510344256293037
DES_ETA,http://pubs.acs.org/journal/acscii,3569,1.6902847025126295,1.6993167450829545,-0.009032042570324972,-0.009032042570324972
DES_ETA,http://pubs.acs.org/journal/acscii,3570,1.6906390117159673,1.6069222228212778,0.08371678889468948,0.08371678889468948
DES_ETA,http://pubs.acs.org/journal/acscii,3581,1.69810054562339,2.8081216908614084,-1.1100211452380184,-1.1100211452380184
DES_ETA,http://pubs.acs.org/journal/acscii,3584,1.6989700043360187,1.99087484381479,-0.2919048394787713,-0.2919048394787713
DES_ETA,http://pubs.acs.org/journal/acscii,3588,1.7032053706954864,2.749314340250246,-1.0461089695547594,-1.0461089695547594
DES_ETA,http://pubs.acs.org/journal/acscii,3593,1.7041505168397992,1.7815038722866097,-0.07735335544681043,-0.07735335544681043
DES_ETA,http://pubs.acs.org/journal/acscii,3596,1.7044936970092988,1.5119137286560924,0.19257996835320634,0.19257996835320634
DES_ETA,http://pubs.acs.org/journal/acscii,3601,1.7084209001347128,1.6717099723868665,0.036710927747846345,0.03671092774784657
DES_ETA,http://pubs.acs.org/journal/acscii,3602,1.7092699609758308,1.7582777538865297,-0.0490077929106989,-0.0490077929106989
DES_ETA,http://pubs.acs.org/journal/acscii,3603,1.7092699609758308,2.0960185129188957,-0.3867485519430649,-0.3867485519430649
DES_ETA,http://pubs.acs.org/journal/acscii,3604,1.7092699609758308,2.130876124944752,-0.42160616396892125,-0.42160616396892125
DES_ETA,http://pubs.acs.org/journal/acscii,3617,1.7160868537748322,2.680165582848239,-0.964078729073407,-0.964078729073407
DES_ETA,http://pubs.acs.org/journal/acscii,3620,1.7168377232995244,1.539157728703155,0.1776799945963694,0.1776799945963694
DES_ETA,http://pubs.acs.org/journal/acscii,3621,1.717087724927019,1.858500158726174,-0.1414124337991549,-0.1414124337991549
DES_ETA,http://pubs.acs.org/journal/acscii,3624,1.7185016888672742,2.0175257413190324,-0.2990240524517582,-0.2990240524517582
DES_ETA,http://pubs.acs.org/journal/acscii,3627,1.7188337183038622,1.7024083044203833,0.016425413883478956,0.016425413883478956
DES_ETA,http://pubs.acs.org/journal/acscii,3631,1.7196626830180466,1.1741449254181573,0.5455177575998893,0.5455177575998893
DES_ETA,http://pubs.acs.org/journal/acscii,3633,1.7200765727681406,1.5599455493268632,0.1601310234412774,0.1601310234412774
DES_ETA,http://pubs.acs.org/journal/acscii,3636,1.7218106152125465,1.6223632234037841,0.09944739180876239,0.09944739180876261
DES_ETA,http://pubs.acs.org/journal/acscii,3637,1.7223047868743278,1.6265739601961797,0.09573082667814803,0.09573082667814803
DES_ETA,http://pubs.acs.org/journal/acscii,3642,1.724275869600789,1.7051728123629217,0.019103057237867205,0.019103057237867205
DES_ETA,http://pubs.acs.org/journal/acscii,3643,1.7254215500742587,1.6440080728433004,0.08141347723095826,0.08141347723095849
DES_ETA,http://pubs.acs.org/journal/acscii,3652,1.727703883685354,1.734415128513713,-0.006711244828359053,-0.006711244828359053
DES_ETA,http://pubs.acs.org/journal/acscii,3655,1.7283537820212285,1.7950400552745638,-0.06668627325333532,-0.06668627325333532
DES_ETA,http://pubs.acs.org/journal/acscii,3657,1.7307015442818452,1.776849244960439,-0.04614770067859375,-0.04614770067859375
DES_ETA,http://pubs.acs.org/journal/acscii,3661,1.7319914490189294,1.7143787411292655,0.01761270788966396,0.01761270788966396
DES_ETA,http://pubs.acs.org/journal/acscii,3670,1.7323937598229686,1.7270821361014908,0.005311623721477865,0.005311623721477865
DES_ETA,http://pubs.acs.org/journal/acscii,3675,1.7344797894255772,2.907397677235693,-1.1729178878101156,-1.1729178878101156
DES_ETA,http://pubs.acs.org/journal/acscii,3678,1.73559889969818,1.6136066939653917,0.12199220573278824,0.12199220573278846
DES_ETA,http://pubs.acs.org/journal/acscii,3681,1.7363965022766426,1.950289394852714,-0.21389289257607147,-0.21389289257607147
DES_ETA,http://pubs.acs.org/journal/acscii,3682,1.7363965022766426,1.9541255281072487,-0.21772902583060616,-0.21772902583060616
DES_ETA,http://pubs.acs.org/journal/acscii,3686,1.738384123512156,1.8126379604954488,-0.0742538369832928,-0.0742538369832928
DES_ETA,http://pubs.acs.org/journal/acscii,3689,1.7390182458834809,1.7431077143576028,-0.004089468474121949,-0.004089468474121949
DES_ETA,http://pubs.acs.org/journal/acscii,3701,1.7403626894942439,1.6667789238251345,0.0735837656691094,0.0735837656691094
DES_ETA,http://pubs.acs.org/journal/acscii,3704,1.7403626894942439,1.866928568798995,-0.12656587930475105,-0.12656587930475105
DES_ETA,http://pubs.acs.org/journal/acscii,3707,1.7411515988517852,1.7975100166786429,-0.05635841782685769,-0.05635841782685769
DES_ETA,http://pubs.acs.org/journal/acscii,3714,1.743901550485179,1.9609875063081044,-0.21708595582292545,-0.21708595582292545
DES_ETA,http://pubs.acs.org/journal/acscii,3716,1.7455432019980242,1.7302251948868994,0.015318007111124743,0.015318007111124299
DES_ETA,http://pubs.acs.org/journal/acscii,3718,1.746322765089953,1.705423292836917,0.04089947225303603,0.04089947225303581
DES_ETA,http://pubs.acs.org/journal/acscii,3722,1.7471786713601645,1.7588839128382594,-0.01170524147809493,-0.01170524147809493
DES_ETA,http://pubs.acs.org/journal/acscii,3729,1.7489628612561614,1.6839482735136686,0.0650145877424928,0.0650145877424928
DES_ETA,http://pubs.acs.org/journal/acscii,3733,1.750354088762708,2.222737712138955,-0.47238362337624684,-0.47238362337624684
DES_ETA,http://pubs.acs.org/journal/acscii,3739,1.7535830588929067,2.0894310463631025,-0.33584798747019584,-0.3358479874701963
DES_ETA,http://pubs.acs.org/journal/acscii,3740,1.7535830588929067,1.598288957688508,0.15529410120439868,0.15529410120439868
DES_ETA,http://pubs.acs.org/journal/acscii,3742,1.7551122663950711,1.8607872005139814,-0.10567493411891027,-0.10567493411891027
DES_ETA,http://pubs.acs.org/journal/acscii,3744,1.7563317673210577,2.139836603341015,-0.38350483601995755,-0.38350483601995755
DES_ETA,http://pubs.acs.org/journal/acscii,3746,1.756788198768118,1.8208659331329333,-0.06407773436481534,-0.06407773436481534
DES_ETA,http://pubs.acs.org/journal/acscii,3748,1.7569402360467241,1.7284969411921023,0.028443294854621826,0.028443294854621826
DES_ETA,http://pubs.acs.org/journal/acscii,3750,1.7570162347313005,1.8671152679447474,-0.11009903321344683,-0.11009903321344683
DES_ETA,http://pubs.acs.org/journal/acscii,3755,1.760422483423212,1.5722524413874894,0.18817004203572263,0.18817004203572285
DES_ETA,http://pubs.acs.org/journal/acscii,3759,1.761927838420529,2.146263291341477,-0.38433545292094795,-0.38433545292094795
DES_ETA,http://pubs.acs.org/journal/acscii,3764,1.7623784293119642,1.7070142603081175,0.055364169003846664,0.05536416900384711
DES_ETA,http://pubs.acs.org/journal/acscii,3766,1.7628285531890906,0.36720524951485395,1.3956233036742367,1.3956233036742367
DES_ETA,http://pubs.acs.org/journal/acscii,3772,1.7641761323903307,2.4806733650644657,-0.716497232674135,-0.716497232674135
DES_ETA,http://pubs.acs.org/journal/acscii,3774,1.7649229846498886,1.8159377231653047,-0.05101473851541605,-0.051014738515415825
DES_ETA,http://pubs.acs.org/journal/acscii,3780,1.769007870943774,2.043274335137488,-0.2742664641937138,-0.2742664641937138
DES_ETA,http://pubs.acs.org/journal/acscii,3782,1.7696726640554925,1.9705431009158334,-0.2008704368603409,-0.20087043686034134
DES_ETA,http://pubs.acs.org/journal/acscii,3788,1.7729081949712717,1.7424512350561066,0.03045695991516517,0.03045695991516517
DES_ETA,http://pubs.acs.org/journal/acscii,3791,1.7730546933642626,1.9842567713537536,-0.21120207798949098,-0.21120207798949098
DES_ETA,http://pubs.acs.org/journal/acscii,3793,1.7733475419808231,2.3060156474889766,-0.5326681055081535,-0.5326681055081544
DES_ETA,http://pubs.acs.org/journal/acscii,3795,1.774224904868919,2.4223835726573126,-0.6481586677883937,-0.6481586677883937
DES_ETA,http://pubs.acs.org/journal/acscii,3797,1.7759743311293692,1.7489088782905575,0.027065452838811677,0.027065452838811677
DES_ETA,http://pubs.acs.org/journal/acscii,3807,1.7781512503836436,1.6356311279199105,0.14252012246373313,0.14252012246373313
DES_ETA,http://pubs.acs.org/journal/acscii,3814,1.78161178249315,1.6158921774191857,0.16571960507396444,0.16571960507396444
DES_ETA,http://pubs.acs.org/journal/acscii,3815,1.7826159320316035,2.2318959400423224,-0.4492800080107189,-0.449280008010718
DES_ETA,http://pubs.acs.org/journal/acscii,3822,1.7853298350107671,1.9808651706979723,-0.19553533568720516,-0.19553533568720516
DES_ETA,http://pubs.acs.org/journal/acscii,3824,1.7853298350107671,1.6659040192546033,0.11942581575616384,0.1194258157561634
DES_ETA,http://pubs.acs.org/journal/acscii,3830,1.78738962135211,2.1848496593010442,-0.39746003794893414,-0.39746003794893414
DES_ETA,http://pubs.acs.org/journal/acscii,3835,1.7888044930446483,1.8582021663510844,-0.06939767330643609,-0.06939767330643609
DES_ETA,http://pubs.acs.org/journal/acscii,3838,1.7909884750888159,1.5840595389891374,0.20692893609967844,0.20692893609967844
DES_ETA,http://pubs.acs.org/journal/acscii,3839,1.791480116020001,2.234724983791576,-0.44324486777157523,-0.44324486777157523
DES_ETA,http://pubs.acs.org/journal/acscii,3847,1.7965743332104296,1.5612119627207846,0.23536237048964503,0.2353623704896446
DES_ETA,http://pubs.acs.org/journal/acscii,3849,1.798097932062486,2.460230151081788,-0.6621322190193022,-0.6621322190193026
DES_ETA,http://pubs.acs.org/journal/acscii,3851,1.799064719351008,1.9832125090048829,-0.1841477896538748,-0.1841477896538748
DES_ETA,http://pubs.acs.org/journal/acscii,3853,1.7996850909091004,2.8800975198159757,-1.0804124289068753,-1.0804124289068753
DES_ETA,http://pubs.acs.org/journal/acscii,3856,1.8035936647713446,2.8345630686945755,-1.0309694039232309,-1.0309694039232318
DES_ETA,http://pubs.acs.org/journal/acscii,3860,1.8057047044338643,1.8454765126629744,-0.039771808229110084,-0.039771808229110084
DES_ETA,http://pubs.acs.org/journal/acscii,3867,1.807873132003332,1.701620447944794,0.10625268405853805,0.10625268405853805
DES_ETA,http://pubs.acs.org/journal/acscii,3870,1.808885867359812,1.933900348740134,-0.125014481380322,-0.125014481380322
DES_ETA,http://pubs.acs.org/journal/acscii,3871,1.808885867359812,1.583165904749062,0.22571996261075,0.22571996261075
DES_ETA,http://pubs.acs.org/journal/acscii,3874,1.8109042806687004,1.597659788792507,0.21324449187619332,0.2132444918761931
DES_ETA,http://pubs.acs.org/journal/acscii,3875,1.8109042806687004,1.8376138434377522,-0.026709562769051898,-0.026709562769051898
DES_ETA,http://pubs.acs.org/journal/acscii,3876,1.8112397727532894,2.749314340250246,-0.9380745674969564,-0.9380745674969564
DES_ETA,http://pubs.acs.org/journal/acscii,3882,1.816241299991783,1.8880550958586093,-0.07181379586682635,-0.07181379586682635
DES_ETA,http://pubs.acs.org/journal/acscii,3884,1.816572696026103,1.7480054374301484,0.0685672585959547,0.0685672585959547
DES_ETA,http://pubs.acs.org/journal/acscii,3886,1.818621726375889,1.4094864516417718,0.40913527473411726,0.40913527473411726
DES_ETA,http://pubs.acs.org/journal/acscii,3893,1.8195439355418688,1.9091603531692556,-0.08961641762738681,-0.08961641762738681
DES_ETA,http://pubs.acs.org/journal/acscii,3897,1.824060717418653,1.80246839323979,0.02159232417886292,0.02159232417886292
DES_ETA,http://pubs.acs.org/journal/acscii,3899,1.825426117767823,2.0981520133341918,-0.2727258955663687,-0.2727258955663687
DES_ETA,http://pubs.acs.org/journal/acscii,3902,1.8273692730538253,2.0694237715355084,-0.24205449848168303,-0.24205449848168348
DES_ETA,http://pubs.acs.org/journal/acscii,3905,1.8288531596766402,1.6917248549613588,0.13712830471528137,0.13712830471528137
DES_ETA,http://pubs.acs.org/journal/acscii,3909,1.8307810756063612,1.813189900874592,0.017591174731769188,0.017591174731769188
DES_ETA,http://pubs.acs.org/journal/acscii,3915,1.8325089127062364,1.8881151676087786,-0.05560625490254223,-0.05560625490254223
DES_ETA,http://pubs.acs.org/journal/acscii,3916,1.8328281295393534,2.0457062647415647,-0.21287813520221133,-0.21287813520221133
DES_ETA,http://pubs.acs.org/journal/acscii,3918,1.8328919447597907,1.418090197544756,0.4148017472150347,0.4148017472150347
DES_ETA,http://pubs.acs.org/journal/acscii,3920,1.8331471119127851,1.9806698217763203,-0.14752270986353522,-0.14752270986353522
DES_ETA,http://pubs.acs.org/journal/acscii,3923,1.8342299028516773,1.949824837666257,-0.11559493481457972,-0.11559493481457972
DES_ETA,http://pubs.acs.org/journal/acscii,3925,1.8346114207226871,2.1268595356806563,-0.2922481149579692,-0.2922481149579692
DES_ETA,http://pubs.acs.org/journal/acscii,3937,1.8388490907372552,0.9525445065410753,0.88630458419618,0.88630458419618
DES_ETA,http://pubs.acs.org/journal/acscii,3944,1.8427340189482697,2.2571249454055478,-0.41439092645727804,-0.41439092645727804
DES_ETA,http://pubs.acs.org/journal/acscii,3946,1.8434819430399576,1.7628981469693945,0.0805837960705631,0.0805837960705631
DES_ETA,http://pubs.acs.org/journal/acscii,3948,1.8446635282402393,1.7738689871773272,0.07079454106291205,0.07079454106291205
DES_ETA,http://pubs.acs.org/journal/acscii,3957,1.8461514765288154,2.9609584856725606,-1.1148070091437452,-1.1148070091437452
DES_ETA,http://pubs.acs.org/journal/acscii,3959,1.8463371121298053,1.7376634603895689,0.10867365174023647,0.10867365174023647
DES_ETA,http://pubs.acs.org/journal/acscii,3963,1.848620117434134,1.8256176122418108,0.023002505192323053,0.02300250519232261
DES_ETA,http://pubs.acs.org/journal/acscii,3964,1.8488047010518038,1.659309120338476,0.18949558071332784,0.18949558071332828
DES_ETA,http://pubs.acs.org/journal/acscii,3968,1.8505849763520315,1.7713243119313502,0.07926066442068125,0.0792606644206808
DES_ETA,http://pubs.acs.org/journal/acscii,3971,1.8507687269288802,1.8051745565355775,0.04559417039330271,0.04559417039330227
DES_ETA,http://pubs.acs.org/journal/acscii,3976,1.8530895298518655,1.825434683092767,0.02765484675909846,0.02765484675909846
DES_ETA,http://pubs.acs.org/journal/acscii,3979,1.8532722240206831,1.5993106150450809,0.25396160897560227,0.2539616089756025
DES_ETA,http://pubs.acs.org/journal/acscii,3982,1.8549130223078556,1.9960816404136013,-0.14116861810574566,-0.1411686181057461
DES_ETA,http://pubs.acs.org/journal/acscii,3983,1.8549130223078556,1.768476369005635,0.0864366533022205,0.0864366533022205
DES_ETA,http://pubs.acs.org/journal/acscii,3985,1.8553979966540688,2.0249110786254487,-0.16951308197137993,-0.16951308197137993
DES_ETA,http://pubs.acs.org/journal/acscii,3988,1.8554585803860362,1.8570577597888038,-0.0015991794027676587,-0.0015991794027676587
DES_ETA,http://pubs.acs.org/journal/acscii,3992,1.8567288903828827,2.307829189424322,-0.4511002990414392,-0.4511002990414392
DES_ETA,http://pubs.acs.org/journal/acscii,3993,1.8567288903828827,1.8647393081523391,-0.008010417769456435,-0.008010417769456435
DES_ETA,http://pubs.acs.org/journal/acscii,3995,1.857030798272624,1.906269218775788,-0.04923842050316396,-0.04923842050316396
DES_ETA,http://pubs.acs.org/journal/acscii,3999,1.857935264719429,1.8958075639466214,-0.037872299227192485,-0.037872299227192485
DES_ETA,http://pubs.acs.org/journal/acscii,4002,1.8590181438888942,1.8045695366932526,0.054448607195641596,0.054448607195641596
DES_ETA,http://pubs.acs.org/journal/acscii,4011,1.865340905624584,1.8489735286961013,0.01636737692848267,0.01636737692848267
DES_ETA,http://pubs.acs.org/journal/acscii,4015,1.8677031332700977,1.6273483811440757,0.2403547521260221,0.2403547521260221
DES_ETA,http://pubs.acs.org/journal/acscii,4023,1.8709888137605752,2.5308967356606717,-0.6599079219000965,-0.6599079219000965
DES_ETA,http://pubs.acs.org/journal/acscii,4024,1.8711057009855854,1.9672301734418909,-0.09612447245630551,-0.09612447245630551
DES_ETA,http://pubs.acs.org/journal/acscii,4026,1.8729134416203952,2.3554441703669666,-0.48253072874657144,-0.48253072874657055
DES_ETA,http://pubs.acs.org/journal/acscii,4028,1.8733206018153987,2.1926812471695944,-0.3193606453541957,-0.3193606453541957
DES_ETA,http://pubs.acs.org/journal/acscii,4030,1.8740757452230348,2.0290376742342087,-0.1549619290111739,-0.1549619290111739
DES_ETA,http://pubs.acs.org/journal/acscii,4031,1.8740757452230348,1.9734627542876828,-0.09938700906464804,-0.09938700906464804
DES_ETA,http://pubs.acs.org/journal/acscii,4033,1.8744818176994664,1.8320110641213372,0.04247075357812924,0.04247075357812924
DES_ETA,http://pubs.acs.org/journal/acscii,4035,1.8750612633917,2.2932219283156097,-0.4181606649239096,-0.4181606649239096
DES_ETA,http://pubs.acs.org/journal/acscii,4039,1.8779469516291882,1.9583439087586014,-0.0803969571294132,-0.0803969571294132
DES_ETA,http://pubs.acs.org/journal/acscii,4046,1.8808135922807914,1.920817938308328,-0.04000434602753655,-0.04000434602753655
DES_ETA,http://pubs.acs.org/journal/acscii,4047,1.8808707325324234,2.6350182432753337,-0.7541475107429103,-0.7541475107429103
DES_ETA,http://pubs.acs.org/journal/acscii,4052,1.8841720695239128,1.648031172201621,0.23614089732229182,0.23614089732229182
DES_ETA,http://pubs.acs.org/journal/acscii,4056,1.885361220031512,1.6259700331938445,0.2593911868376675,0.2593911868376675
DES_ETA,http://pubs.acs.org/journal/acscii,4062,1.888179493918325,2.2871798312352323,-0.3990003373169073,-0.3990003373169073
DES_ETA,http://pubs.acs.org/journal/acscii,4064,1.8887409606828927,1.8504152675985817,0.038325693084311,0.038325693084311
DES_ETA,http://pubs.acs.org/journal/acscii,4065,1.8890214220952248,2.276682420361012,-0.38766099826578704,-0.38766099826578704
DES_ETA,http://pubs.acs.org/journal/acscii,4068,1.8904210188009143,1.569237396449437,0.32118362235147724,0.32118362235147724
DES_ETA,http://pubs.acs.org/journal/acscii,4070,1.8920946026904804,2.047097108055028,-0.15500250536454763,-0.15500250536454807
DES_ETA,http://pubs.acs.org/journal/acscii,4073,1.893206753059848,1.691912535820625,0.20129421723922292,0.20129421723922292
DES_ETA,http://pubs.acs.org/journal/acscii,4075,1.893484346218486,2.2318959400423224,-0.33841159382383634,-0.33841159382383545
DES_ETA,http://pubs.acs.org/journal/acscii,4078,1.8943160626844384,1.7558624603147563,0.13845360236968207,0.13845360236968207
DES_ETA,http://pubs.acs.org/journal/acscii,4080,1.8954225460394079,2.0525148926665993,-0.1570923466271914,-0.15709234662719096
DES_ETA,http://pubs.acs.org/journal/acscii,4083,1.8976270912904414,1.668386020458448,0.2292410708319934,0.2292410708319934
DES_ETA,http://pubs.acs.org/journal/acscii,4085,1.8991088581933995,1.4301182115923012,0.46899064660109824,0.46899064660109824
DES_ETA,http://pubs.acs.org/journal/acscii,4092,1.9014583213961123,2.3108361466889704,-0.40937782529285816,-0.40937782529285816
DES_ETA,http://pubs.acs.org/journal/acscii,4096,1.9023293058583188,2.907741950322605,-1.0054126444642864,-1.0054126444642864
DES_ETA,http://pubs.acs.org/journal/acscii,4101,1.9041202134761996,1.8857355253920067,0.018384688084192913,0.01838468808419269
DES_ETA,http://pubs.acs.org/journal/acscii,4102,1.904336792202495,1.3244060035713283,0.5799307886311666,0.5799307886311666
DES_ETA,http://pubs.acs.org/journal/acscii,4105,1.9061194575455616,2.000491166947685,-0.09437170940212325,-0.09437170940212325
DES_ETA,http://pubs.acs.org/journal/acscii,4106,1.9068735347220704,1.6270826789351613,0.2797908557869091,0.2797908557869093
DES_ETA,http://pubs.acs.org/journal/acscii,4111,1.9084850188786497,1.91131313674921,-0.002828117870560254,-0.002828117870560476
DES_ETA,http://pubs.acs.org/journal/acscii,4115,1.9100905455940682,1.8126152396909234,0.0974753059031448,0.0974753059031448
DES_ETA,http://pubs.acs.org/journal/acscii,4124,1.9174004679552508,3.08514203700237,-1.1677415690471191,-1.1677415690471191
DES_ETA,http://pubs.acs.org/journal/acscii,4126,1.9179778825929084,1.8536753464961484,0.06430253609675995,0.06430253609675995
DES_ETA,http://pubs.acs.org/journal/acscii,4128,1.9192873405043827,2.015192217255675,-0.09590487675129244,-0.09590487675129244
DES_ETA,http://pubs.acs.org/journal/acscii,4131,1.920123326290724,1.8124286357342063,0.1076946905565177,0.10769469055651815
DES_ETA,http://pubs.acs.org/journal/acscii,4132,1.9206450014067875,1.9091468260778686,0.011498175328918947,0.011498175328918947
DES_ETA,http://pubs.acs.org/journal/acscii,4133,1.921322243583822,1.9606507395573942,-0.03932849597357224,-0.03932849597357224
DES_ETA,http://pubs.acs.org/journal/acscii,4143,1.9283958522567137,2.3297801775374882,-0.4013843252807745,-0.4013843252807745
DES_ETA,http://pubs.acs.org/journal/acscii,4145,1.9288053708932842,1.85644069096761,0.07236467992567408,0.07236467992567408
DES_ETA,http://pubs.acs.org/journal/acscii,4147,1.9297253783780044,1.906484006369202,0.023241372008802497,0.023241372008802497
DES_ETA,http://pubs.acs.org/journal/acscii,4148,1.9311017456326387,1.8898322407338042,0.04126950489883452,0.04126950489883452
DES_ETA,http://pubs.acs.org/journal/acscii,4152,1.9319661147281726,2.041141737574409,-0.10917562284623661,-0.10917562284623661
DES_ETA,http://pubs.acs.org/journal/acscii,4157,1.9350031514536548,1.9575899796676315,-0.02258682821397673,-0.02258682821397673
DES_ETA,http://pubs.acs.org/journal/acscii,4159,1.9350031514536548,1.866928568798995,0.06807458265465982,0.06807458265465982
DES_ETA,http://pubs.acs.org/journal/acscii,4160,1.9350031514536548,1.8644222973755185,0.0705808540781363,0.0705808540781363
DES_ETA,http://pubs.acs.org/journal/acscii,4162,1.9361617409111576,1.8468053836740195,0.08935635723713808,0.08935635723713808
DES_ETA,http://pubs.acs.org/journal/acscii,4164,1.9371667037150326,2.0954547097542706,-0.15828800603923798,-0.15828800603923798
DES_ETA,http://pubs.acs.org/journal/acscii,4166,1.9371667037150326,2.0112898723998196,-0.07412316868478697,-0.07412316868478697
DES_ETA,http://pubs.acs.org/journal/acscii,4168,1.9395192526186185,1.977368616888706,-0.03784936427008745,-0.03784936427008745
DES_ETA,http://pubs.acs.org/journal/acscii,4170,1.9407156569066626,2.1590454348935246,-0.21832977798686204,-0.21832977798686204
DES_ETA,http://pubs.acs.org/journal/acscii,4171,1.9410142437055697,2.4129701768284764,-0.4719559331229066,-0.4719559331229066
DES_ETA,http://pubs.acs.org/journal/acscii,4172,1.941312625360662,2.3060156474889766,-0.3647030221283145,-0.3647030221283154
DES_ETA,http://pubs.acs.org/journal/acscii,4174,1.941511432634403,1.8635125567246908,0.0779988759097121,0.0779988759097121
DES_ETA,http://pubs.acs.org/journal/acscii,4201,1.9561684304753633,2.169307947705894,-0.21313951723053082,-0.21313951723053082
DES_ETA,http://pubs.acs.org/journal/acscii,4202,1.9576072870600953,1.6584103972769606,0.29919688978313475,0.2991968897831345
DES_ETA,http://pubs.acs.org/journal/acscii,4203,1.958085848521085,1.7164847919512352,0.24160105656984987,0.24160105656984987
DES_ETA,http://pubs.acs.org/journal/acscii,4210,1.9594707020751072,2.9951270134546455,-1.0356563113795383,-1.0356563113795383
DES_ETA,http://pubs.acs.org/journal/acscii,4212,1.9599948383284163,1.657120723992137,0.3028741143362792,0.302874114336279
DES_ETA,http://pubs.acs.org/journal/acscii,4214,1.9604707775342989,2.0427438682627272,-0.08227309072842837,-0.08227309072842792
DES_ETA,http://pubs.acs.org/journal/acscii,4216,1.9611362173872253,1.8368997409331393,0.12423647645408598,0.12423647645408531
DES_ETA,http://pubs.acs.org/journal/acscii,4217,1.9621324692982356,2.4806733650644657,-0.5185408957662301,-0.5185408957662301
DES_ETA,http://pubs.acs.org/journal/acscii,4222,1.9673139182870836,2.0260919941739637,-0.05877807588688011,-0.05877807588688011
DES_ETA,http://pubs.acs.org/journal/acscii,4228,1.9711366294768062,2.1997031568384102,-0.228566527361604,-0.22856652736160443
DES_ETA,http://pubs.acs.org/journal/acscii,4231,1.9712758487381052,1.8836487359750067,0.08762711276309854,0.08762711276309854
DES_ETA,http://pubs.acs.org/journal/acscii,4236,1.9733587998863977,1.9214674202110993,0.051891379675298444,0.05189137967529822
DES_ETA,http://pubs.acs.org/journal/acscii,4242,1.9758911364017928,2.353620935253165,-0.37772979885137214,-0.37772979885137214
DES_ETA,http://pubs.acs.org/journal/acscii,4244,1.9777236052888478,2.2300375888006565,-0.25231398351180867,-0.25231398351180867
DES_ETA,http://pubs.acs.org/journal/acscii,4249,1.9790473269479647,1.9205994040407488,0.0584479229072159,0.0584479229072159
DES_ETA,http://pubs.acs.org/journal/acscii,4250,1.97913846954681,2.481172459444082,-0.5020339898972719,-0.5020339898972719
DES_ETA,http://pubs.acs.org/journal/acscii,4254,1.9836262871245345,1.9963597034823093,-0.012733416357774807,-0.012733416357774807
DES_ETA,http://pubs.acs.org/journal/acscii,4256,1.9850220821095352,1.9853335560566037,-0.00031147394706843023,-0.00031147394706843023
DES_ETA,http://pubs.acs.org/journal/acscii,4258,1.9852917185928882,1.6604733448068085,0.3248183737860797,0.32481837378608014
DES_ETA,http://pubs.acs.org/journal/acscii,4260,1.9863237770507653,2.6186613588233696,-0.6323375817726042,-0.6323375817726042
DES_ETA,http://pubs.acs.org/journal/acscii,4261,1.9867717342662448,1.5113411190049713,0.4754306152612735,0.4754306152612735
DES_ETA,http://pubs.acs.org/journal/acscii,4267,1.9900278987702946,2.2188882949204864,-0.22886039615019182,-0.22886039615019227
DES_ETA,http://pubs.acs.org/journal/acscii,4269,1.990782691803138,1.5837059261328137,0.40707676567032425,0.40707676567032425
DES_ETA,http://pubs.acs.org/journal/acscii,4273,1.993215720474137,1.9288930441503445,0.06432267632379252,0.06432267632379252
DES_ETA,http://pubs.acs.org/journal/acscii,4277,1.994756944587628,1.148212139055801,0.846544805531827,0.846544805531827
DES_ETA,http://pubs.acs.org/journal/acscii,4278,1.995415798542415,2.1340922841857646,-0.13867648564334956,-0.1386764856433491
DES_ETA,http://pubs.acs.org/journal/acscii,4280,1.99563519459755,1.9799335334623724,0.015701661135177458,0.015701661135177458
DES_ETA,http://pubs.acs.org/journal/acscii,4281,1.995766779049974,2.6883705010203935,-0.6926037219704195,-0.6926037219704195
DES_ETA,http://pubs.acs.org/journal/acscii,4282,1.9972552898201033,2.2289698498119543,-0.2317145599918511,-0.2317145599918511
DES_ETA,http://pubs.acs.org/journal/acscii,4284,1.9995654882259823,2.086181038761362,-0.08661555053537962,-0.08661555053537962
DES_ETA,http://pubs.acs.org/journal/acscii,4291,2.001300933020418,2.115495021643416,-0.11419408862299818,-0.11419408862299818
DES_ETA,http://pubs.acs.org/journal/acscii,4294,2.0034605321095063,2.065136419160719,-0.06167588705121263,-0.06167588705121263
DES_ETA,http://pubs.acs.org/journal/acscii,4295,2.0042353663594676,2.37550754216033,-0.3712721758008626,-0.3712721758008626
DES_ETA,http://pubs.acs.org/journal/acscii,4296,2.0043213737826426,2.1236808132346403,-0.11935943945199767,-0.11935943945199767
DES_ETA,http://pubs.acs.org/journal/acscii,4301,2.007491733295336,2.276682420361012,-0.26919068706567595,-0.26919068706567595
DES_ETA,http://pubs.acs.org/journal/acscii,4304,2.010299956639812,1.6700342855326156,0.3402656711071965,0.3402656711071965
DES_ETA,http://pubs.acs.org/journal/acscii,4307,2.0121198358045134,3.2091395291055522,-1.1970196933010389,-1.1970196933010389
DES_ETA,http://pubs.acs.org/journal/acscii,4312,2.0132586652835167,2.31668139226877,-0.3034227269852532,-0.3034227269852532
DES_ETA,http://pubs.acs.org/journal/acscii,4314,2.0146465246840317,1.8661279502979324,0.14851857438609928,0.14851857438609928
DES_ETA,http://pubs.acs.org/journal/acscii,4320,2.0177843530966784,1.9612483417805289,0.05653601131614949,0.05653601131614949
DES_ETA,http://pubs.acs.org/journal/acscii,4321,2.017826038030425,2.0565589854976563,-0.03873294746723133,-0.03873294746723044
DES_ETA,http://pubs.acs.org/journal/acscii,4323,2.019573202095639,2.907741950322605,-0.888168748226966,-0.888168748226966
DES_ETA,http://pubs.acs.org/journal/acscii,4325,2.0203612826477078,1.9074640001916725,0.11289728245603525,0.11289728245603525
DES_ETA,http://pubs.acs.org/journal/acscii,4328,2.0211892990699383,2.008818150348986,0.012371148720952352,0.012371148720952352
DES_ETA,http://pubs.acs.org/journal/acscii,4329,2.0211892990699383,1.8946872555834597,0.12650204348647853,0.12650204348647853
DES_ETA,http://pubs.acs.org/journal/acscii,4330,2.0211892990699383,1.7250782470427684,0.2961110520271699,0.2961110520271699
DES_ETA,http://pubs.acs.org/journal/acscii,4340,2.0293837776852097,1.6597265057517991,0.3696572719334106,0.36965727193341036
DES_ETA,http://pubs.acs.org/journal/acscii,4346,2.0354297381845483,1.874627081251074,0.1608026569334744,0.1608026569334744
DES_ETA,http://pubs.acs.org/journal/acscii,4352,2.0382226383687185,1.9666751014688715,0.07154753689984705,0.07154753689984705
DES_ETA,http://pubs.acs.org/journal/acscii,4353,2.0402066275747113,3.1256412664048647,-1.0854346388301535,-1.0854346388301535
DES_ETA,http://pubs.acs.org/journal/acscii,4359,2.042181594515766,2.419674546459539,-0.37749295194377286,-0.37749295194377286
DES_ETA,http://pubs.acs.org/journal/acscii,4360,2.0429690733931802,1.4862206413105543,0.5567484320826259,0.5567484320826259
DES_ETA,http://pubs.acs.org/journal/acscii,4364,2.0453229787866576,2.243704739012909,-0.1983817602262512,-0.1983817602262512
DES_ETA,http://pubs.acs.org/journal/acscii,4367,2.0463390556048093,2.3554441703669666,-0.3091051147621573,-0.3091051147621564
DES_ETA,http://pubs.acs.org/journal/acscii,4368,2.047352760753934,2.051792690378895,-0.004439929624960648,-0.004439929624960648
DES_ETA,http://pubs.acs.org/journal/acscii,4375,2.053884790394692,2.651565333390614,-0.597680542995922,-0.597680542995922
DES_ETA,http://pubs.acs.org/journal/acscii,4376,2.0561804233421404,2.2013254561890663,-0.14514503284692593,-0.14514503284692637
DES_ETA,http://pubs.acs.org/journal/acscii,4377,2.0566762151206612,1.5379745696107998,0.5187016455098614,0.5187016455098614
DES_ETA,http://pubs.acs.org/journal/acscii,4382,2.0595634179012676,1.8912685630896942,0.16829485481157347,0.16829485481157347
DES_ETA,http://pubs.acs.org/journal/acscii,4384,2.060320028688285,2.486960202794717,-0.42664017410643185,-0.42664017410643185
DES_ETA,http://pubs.acs.org/journal/acscii,4386,2.060697840353612,0.9442757001303725,1.1164221402232393,1.1164221402232393
DES_ETA,http://pubs.acs.org/journal/acscii,4390,2.0633333589517497,1.7282752129040884,0.3350581460476614,0.3350581460476614
DES_ETA,http://pubs.acs.org/journal/acscii,4391,2.0681858617461617,2.0151208948899035,0.05306496685625817,0.05306496685625817
DES_ETA,http://pubs.acs.org/journal/acscii,4392,2.0681858617461617,1.7619512809802576,0.30623458076590415,0.3062345807659046
DES_ETA,http://pubs.acs.org/journal/acscii,4396,2.0718820073061255,2.3507157105905376,-0.27883370328441215,-0.2788337032844126
DES_ETA,http://pubs.acs.org/journal/acscii,4400,2.0736816994762832,2.2944806501606685,-0.22079895068438526,-0.22079895068438526
DES_ETA,http://pubs.acs.org/journal/acscii,4402,2.074084689028244,2.2535773475289163,-0.17949265850067242,-0.17949265850067242
DES_ETA,http://pubs.acs.org/journal/acscii,4404,2.0755469613925306,2.2601287793075215,-0.18458181791499095,-0.18458181791499095
DES_ETA,http://pubs.acs.org/journal/acscii,4409,2.0774769195043423,1.8922108290621145,0.18526609044222786,0.18526609044222786
DES_ETA,http://pubs.acs.org/journal/acscii,4415,2.0791812460476247,1.926691362465265,0.1524898835823596,0.1524898835823596
DES_ETA,http://pubs.acs.org/journal/acscii,4416,2.080482179068043,2.5308967356606717,-0.45041455659262875,-0.45041455659262875
DES_ETA,http://pubs.acs.org/journal/acscii,4418,2.0806264869218056,2.1269335891727663,-0.046307102250960686,-0.046307102250960686
DES_ETA,http://pubs.acs.org/journal/acscii,4419,2.081707270097349,2.3100086769102925,-0.22830140681294342,-0.22830140681294342
DES_ETA,http://pubs.acs.org/journal/acscii,4421,2.0824263008607717,1.6821432778320133,0.4002830230287584,0.4002830230287582
DES_ETA,http://pubs.acs.org/journal/acscii,4423,2.0827853703164503,1.746373466216248,0.3364119041002023,0.3364119041002023
DES_ETA,http://pubs.acs.org/journal/acscii,4427,2.0831441431430524,1.919707399736523,0.16343674340652936,0.16343674340652936
DES_ETA,http://pubs.acs.org/journal/acscii,4428,2.0835026198302673,1.8750519762932465,0.2084506435370208,0.2084506435370208
DES_ETA,http://pubs.acs.org/journal/acscii,4433,2.0863598306747484,2.2466668050776826,-0.16030697440293418,-0.16030697440293418
DES_ETA,http://pubs.acs.org/journal/acscii,4437,2.0885258924312557,2.0684764886692437,0.02004940376201203,0.020049403762012474
DES_ETA,http://pubs.acs.org/journal/acscii,4439,2.090751689644903,2.0999563133431858,-0.009204623698282788,-0.009204623698282788
DES_ETA,http://pubs.acs.org/journal/acscii,4442,2.0929310756735524,2.5105619143151907,-0.4176308386416383,-0.4176308386416383
DES_ETA,http://pubs.acs.org/journal/acscii,4443,2.093421685162235,2.2607093757619356,-0.1672876905997005,-0.1672876905997005
DES_ETA,http://pubs.acs.org/journal/acscii,4447,2.0961797847147987,1.7198754352128613,0.37630434950193736,0.3763043495019369
DES_ETA,http://pubs.acs.org/journal/acscii,4448,2.096666739975382,3.146512643144341,-1.0498459031689586,-1.0498459031689586
DES_ETA,http://pubs.acs.org/journal/acscii,4450,2.0972573096934197,1.5940892078000821,0.5031681018933376,0.5031681018933376
DES_ETA,http://pubs.acs.org/journal/acscii,4468,2.1095785469043866,2.6243875900343507,-0.5148090431299641,-0.5148090431299641
DES_ETA,http://pubs.acs.org/journal/acscii,4476,2.110589710299249,2.4686807463962914,-0.3580910360970426,-0.3580910360970426
DES_ETA,http://pubs.acs.org/journal/acscii,4479,2.111598524880394,2.319814801050934,-0.20821627617053995,-0.20821627617053995
DES_ETA,http://pubs.acs.org/journal/acscii,4486,2.1142772965615864,2.5203687326755118,-0.4060914361139254,-0.4060914361139254
DES_ETA,http://pubs.acs.org/journal/acscii,4490,2.118595365223762,1.5266959849868305,0.5918993802369314,0.5918993802369312
DES_ETA,http://pubs.acs.org/journal/acscii,4491,2.119783586161698,2.8081216908614084,-0.6883381046997106,-0.6883381046997106
DES_ETA,http://pubs.acs.org/journal/acscii,4492,2.1202447955463652,1.7377979725331294,0.38244682301323585,0.38244682301323585
DES_ETA,http://pubs.acs.org/journal/acscii,4497,2.123851640967086,2.1916013674924515,-0.0677497265253657,-0.06774972652536526
DES_ETA,http://pubs.acs.org/journal/acscii,4498,2.1245694293208404,2.3822936139923736,-0.25772418467153324,-0.25772418467153324
DES_ETA,http://pubs.acs.org/journal/acscii,4502,2.125513795904115,1.914545374526939,0.21096842137717586,0.21096842137717586
DES_ETA,http://pubs.acs.org/journal/acscii,4507,2.1279142943715934,2.178415855530358,-0.050501561158764474,-0.050501561158764474
DES_ETA,http://pubs.acs.org/journal/acscii,4510,2.128915978453837,3.240217417856792,-1.111301439402955,-1.111301439402955
DES_ETA,http://pubs.acs.org/journal/acscii,4511,2.1291418457922853,2.4147569911720788,-0.2856151453797935,-0.2856151453797935
DES_ETA,http://pubs.acs.org/journal/acscii,4513,2.1300119496719043,2.0853990887763145,0.0446128608955898,0.04461286089558936
DES_ETA,http://pubs.acs.org/journal/acscii,4514,2.1304945885234696,2.37550754216033,-0.2450129536368606,-0.2450129536368606
DES_ETA,http://pubs.acs.org/journal/acscii,4517,2.1340176456759834,2.0941759070811847,0.03984173859479867,0.03984173859479867
DES_ETA,http://pubs.acs.org/journal/acscii,4520,2.1342089929320838,3.2091395291055522,-1.0749305361734685,-1.0749305361734685
DES_ETA,http://pubs.acs.org/journal/acscii,4523,2.1351326513767748,2.102299815785676,0.03283283559109895,0.03283283559109895
DES_ETA,http://pubs.acs.org/journal/acscii,4526,2.137670537236755,1.8699399630447453,0.26773057419200974,0.26773057419200974
DES_ETA,http://pubs.acs.org/journal/acscii,4528,2.139721704815204,2.031414664228729,0.108307040586475,0.108307040586475
DES_ETA,http://pubs.acs.org/journal/acscii,4534,2.146252102092995,2.350110266950723,-0.20385816485772779,-0.20385816485772779
DES_ETA,http://pubs.acs.org/journal/acscii,4536,2.1492191126553797,1.875177381405164,0.2740417312502157,0.2740417312502157
DES_ETA,http://pubs.acs.org/journal/acscii,4538,2.150756439860309,2.142612498517168,0.008143941343140781,0.008143941343140781
DES_ETA,http://pubs.acs.org/journal/acscii,4542,2.1522883443830563,2.171728349853454,-0.019440005470397814,-0.019440005470397814
DES_ETA,http://pubs.acs.org/journal/acscii,4547,2.1551841596940076,2.3135080119283145,-0.1583238522343069,-0.1583238522343069
DES_ETA,http://pubs.acs.org/journal/acscii,4551,2.1597776727872486,2.481172459444082,-0.3213947866568332,-0.3213947866568332
DES_ETA,http://pubs.acs.org/journal/acscii,4552,2.1631613749770184,1.9391963525452365,0.22396502243178196,0.22396502243178196
DES_ETA,http://pubs.acs.org/journal/acscii,4555,2.163757523981956,2.4350362180599507,-0.27127869407799476,-0.27127869407799476
DES_ETA,http://pubs.acs.org/journal/acscii,4557,2.1648285343444815,2.4655174758949667,-0.3006889415504852,-0.3006889415504852
DES_ETA,http://pubs.acs.org/journal/acscii,4564,2.1730696636372673,3.33736568622903,-1.164296022591763,-1.164296022591763
DES_ETA,http://pubs.acs.org/journal/acscii,4566,2.173186268412274,2.0162819165525194,0.1569043518597546,0.1569043518597546
DES_ETA,http://pubs.acs.org/journal/acscii,4571,2.177824971864682,1.9222160766656555,0.2556088951990263,0.2556088951990263
DES_ETA,http://pubs.acs.org/journal/acscii,4576,2.1804412981947188,2.234724983791576,-0.05428368559685737,-0.05428368559685737
DES_ETA,http://pubs.acs.org/journal/acscii,4579,2.185230416167563,2.149503382672592,0.03572703349497086,0.03572703349497086
DES_ETA,http://pubs.acs.org/journal/acscii,4585,2.1903316981702914,2.5462458033109865,-0.3559141051406951,-0.3559141051406951
DES_ETA,http://pubs.acs.org/journal/acscii,4586,2.191786247582199,2.123803964260651,0.06798228332154821,0.06798228332154821
DES_ETA,http://pubs.acs.org/journal/acscii,4588,2.19506899646859,1.688677629093047,0.5063913673755429,0.5063913673755429
DES_ETA,http://pubs.acs.org/journal/acscii,4590,2.1958996524092336,1.7462778107974377,0.44962184161179586,0.44962184161179586
DES_ETA,http://pubs.acs.org/journal/acscii,4591,2.1958996524092336,2.1061082766007955,0.0897913758084381,0.0897913758084381
DES_ETA,http://pubs.acs.org/journal/acscii,4592,2.1959273135972244,2.704671349956528,-0.5087440363593037,-0.5087440363593037
DES_ETA,http://pubs.acs.org/journal/acscii,4597,2.2000292665537704,2.3720855610084737,-0.17205629445470327,-0.17205629445470283
DES_ETA,http://pubs.acs.org/journal/acscii,4598,2.200357945541635,2.0695086539119854,0.13084929162964976,0.13084929162964976
DES_ETA,http://pubs.acs.org/journal/acscii,4600,2.2035767749779724,2.089434543969938,0.11414223100803422,0.11414223100803422
DES_ETA,http://pubs.acs.org/journal/acscii,4609,2.205745540942662,1.9022514468392728,0.30349409410338923,0.30349409410338923
DES_ETA,http://pubs.acs.org/journal/acscii,4613,2.2068258760318495,2.447559219576196,-0.2407333435443464,-0.2407333435443464
DES_ETA,http://pubs.acs.org/journal/acscii,4616,2.2077151338055665,2.6186613588233696,-0.4109462250178031,-0.4109462250178031
DES_ETA,http://pubs.acs.org/journal/acscii,4617,2.207930437512971,3.2679339571604418,-1.0600035196474709,-1.0600035196474717
DES_ETA,http://pubs.acs.org/journal/acscii,4618,2.210853365314893,1.6056207906541449,0.6052325746607483,0.6052325746607483
DES_ETA,http://pubs.acs.org/journal/acscii,4622,2.214711421005384,1.9203685217436524,0.29434289926173185,0.29434289926173185
DES_ETA,http://pubs.acs.org/journal/acscii,4626,2.216429830876251,1.8300782258732944,0.38635160500295673,0.38635160500295673
DES_ETA,http://pubs.acs.org/journal/acscii,4629,2.217536582779137,2.58793321609904,-0.37039663331990313,-0.37039663331990313
DES_ETA,http://pubs.acs.org/journal/acscii,4630,2.2211533219547053,2.205266760493139,0.015886561461566195,0.01588656146156575
DES_ETA,http://pubs.acs.org/journal/acscii,4641,2.2245330626060857,2.323590423524965,-0.0990573609188794,-0.0990573609188794
DES_ETA,http://pubs.acs.org/journal/acscii,4655,2.2319281100740858,1.7622707384858873,0.4696573715881984,0.4696573715881984
DES_ETA,http://pubs.acs.org/journal/acscii,4656,2.2320808424413725,2.19283837117652,0.039242471264852696,0.039242471264852696
DES_ETA,http://pubs.acs.org/journal/acscii,4659,2.236033147117636,1.77669028425172,0.45934286286591575,0.45934286286591575
DES_ETA,http://pubs.acs.org/journal/acscii,4663,2.236537261488694,1.9991385288194397,0.23739873266925438,0.23739873266925438
DES_ETA,http://pubs.acs.org/journal/acscii,4665,2.23724203998423,3.1432642803442694,-0.9060222403600395,-0.9060222403600395
DES_ETA,http://pubs.acs.org/journal/acscii,4669,2.2380461031287955,2.4034899812457398,-0.16544387811694428,-0.16544387811694428
DES_ETA,http://pubs.acs.org/journal/acscii,4671,2.238773501720696,2.828085611650136,-0.5893121099294403,-0.5893121099294407
DES_ETA,http://pubs.acs.org/journal/acscii,4675,2.2422929049829308,2.8061878417036183,-0.5638949367206876,-0.5638949367206876
DES_ETA,http://pubs.acs.org/journal/acscii,4679,2.2448211945932828,2.149503382672592,0.09531781192069078,0.09531781192069078
DES_ETA,http://pubs.acs.org/journal/acscii,4692,2.250420002308894,1.294727362129113,0.955692640179781,0.955692640179781
DES_ETA,http://pubs.acs.org/journal/acscii,4695,2.2528530309798933,2.2711665743974967,-0.018313543417603384,-0.018313543417603384
DES_ETA,http://pubs.acs.org/journal/acscii,4696,2.2528530309798933,2.653651206030839,-0.4007981750509457,-0.40079817505094617
DES_ETA,http://pubs.acs.org/journal/acscii,4698,2.2539434626692585,2.8345630686945755,-0.580619606025317,-0.5806196060253179
DES_ETA,http://pubs.acs.org/journal/acscii,4700,2.254088646919074,3.5050990746108095,-1.2510104276917353,-1.2510104276917353
DES_ETA,http://pubs.acs.org/journal/acscii,4703,2.2555137128195333,1.6907631766927327,0.5647505361268006,0.5647505361268004
DES_ETA,http://pubs.acs.org/journal/acscii,4704,2.256453144939036,3.240217417856792,-0.9837642729177563,-0.9837642729177563
DES_ETA,http://pubs.acs.org/journal/acscii,4705,2.2593549273080344,1.8259930548523733,0.43336187245566116,0.43336187245566116
DES_ETA,http://pubs.acs.org/journal/acscii,4708,2.26150077319828,2.3589323966588243,-0.09743162346054435,-0.09743162346054435
DES_ETA,http://pubs.acs.org/journal/acscii,4711,2.2621424648908777,2.1170296377928497,0.14511282709802797,0.14511282709802797
DES_ETA,http://pubs.acs.org/journal/acscii,4713,2.2637543888400056,2.4147569911720788,-0.1510026023320732,-0.1510026023320732
DES_ETA,http://pubs.acs.org/journal/acscii,4714,2.2646761821488246,2.485540683765435,-0.2208645016166102,-0.2208645016166102
DES_ETA,http://pubs.acs.org/journal/acscii,4724,2.276898177205339,1.0777100667473127,1.1991881104580262,1.1991881104580262
DES_ETA,http://pubs.acs.org/journal/acscii,4725,2.277081782125646,1.6671586255833108,0.6099231565423351,0.6099231565423351
DES_ETA,http://pubs.acs.org/journal/acscii,4731,2.2800317441387024,2.0000474638801204,0.2799842802585819,0.2799842802585819
DES_ETA,http://pubs.acs.org/journal/acscii,4732,2.2803734661501194,2.5105619143151907,-0.23018844816507134,-0.23018844816507134
DES_ETA,http://pubs.acs.org/journal/acscii,4733,2.2829618035343353,2.423858145677729,-0.14089634214339375,-0.14089634214339375
DES_ETA,http://pubs.acs.org/journal/acscii,4736,2.2852646804811534,2.2025736940474188,0.08269098643373463,0.08269098643373463
DES_ETA,http://pubs.acs.org/journal/acscii,4739,2.287801729930226,2.407263191521813,-0.11946146159158699,-0.11946146159158788
DES_ETA,http://pubs.acs.org/journal/acscii,4740,2.290034611362518,2.048042040099721,0.24199257126279683,0.24199257126279727
DES_ETA,http://pubs.acs.org/journal/acscii,4741,2.29014595464781,2.5012970951230287,-0.21115114047521866,-0.21115114047521866
DES_ETA,http://pubs.acs.org/journal/acscii,4744,2.294466226161593,2.1053725399954906,0.18909368616610234,0.18909368616610234
DES_ETA,http://pubs.acs.org/journal/acscii,4748,2.295567099962479,2.244523603365432,0.05104349659704699,0.05104349659704699
DES_ETA,http://pubs.acs.org/journal/acscii,4753,2.3007910679877988,2.123803964260651,0.17698710372714777,0.17698710372714777
DES_ETA,http://pubs.acs.org/journal/acscii,4754,2.3010299956639813,1.3620808010992889,0.9389491945646924,0.9389491945646924
DES_ETA,http://pubs.acs.org/journal/acscii,4755,2.301594211829357,2.1746818972075883,0.12691231462176855,0.12691231462176855
DES_ETA,http://pubs.acs.org/journal/acscii,4759,2.305136318943639,2.127393517805239,0.1777428011383999,0.1777428011383999
DES_ETA,http://pubs.acs.org/journal/acscii,4760,2.307496037913213,1.0124261290619208,1.2950699088512923,1.2950699088512923
DES_ETA,http://pubs.acs.org/journal/acscii,4764,2.312811826212088,2.23004166388429,0.08277016232779788,0.08277016232779788
DES_ETA,http://pubs.acs.org/journal/acscii,4767,2.313234291694724,2.1226484272416157,0.1905858644531082,0.1905858644531082
DES_ETA,http://pubs.acs.org/journal/acscii,4768,2.3144360685845387,2.3108361466889704,0.0035999218955682366,0.0035999218955682366
DES_ETA,http://pubs.acs.org/journal/acscii,4772,2.316892503761295,3.340902813073371,-1.024010309312076,-1.024010309312076
DES_ETA,http://pubs.acs.org/journal/acscii,4775,2.3180633349627615,2.303519225114068,0.014544109848693587,0.014544109848693587
DES_ETA,http://pubs.acs.org/journal/acscii,4779,2.3191060593097763,2.201907298107473,0.1171987612023031,0.11719876120230355
DES_ETA,http://pubs.acs.org/journal/acscii,4786,2.322591387701336,1.6266245305126463,0.6959668571886897,0.6959668571886897
DES_ETA,http://pubs.acs.org/journal/acscii,4790,2.326643036102635,2.633611950340445,-0.30696891423781025,-0.30696891423781025
DES_ETA,http://pubs.acs.org/journal/acscii,4791,2.3271545124094315,2.4300814929703947,-0.10292698056096317,-0.10292698056096317
DES_ETA,http://pubs.acs.org/journal/acscii,4795,2.3283796034387376,2.5462458033109865,-0.21786619987224887,-0.21786619987224887
DES_ETA,http://pubs.acs.org/journal/acscii,4801,2.3326404103874627,1.654661087122234,0.6779793232652287,0.6779793232652287
DES_ETA,http://pubs.acs.org/journal/acscii,4802,2.3336487565147013,1.97977230978793,0.3538764467267712,0.3538764467267712
DES_ETA,http://pubs.acs.org/journal/acscii,4803,2.335858911319818,1.9041612600495341,0.4316976512702837,0.4316976512702837
DES_ETA,http://pubs.acs.org/journal/acscii,4811,2.3418300569205104,2.416439219466537,-0.07460916254602656,-0.07460916254602656
DES_ETA,http://pubs.acs.org/journal/acscii,4813,2.342165976412762,2.0656684765069833,0.27649749990577854,0.27649749990577854
DES_ETA,http://pubs.acs.org/journal/acscii,4815,2.342422680822206,2.627448786670149,-0.28502610584794263,-0.28502610584794263
DES_ETA,http://pubs.acs.org/journal/acscii,4817,2.3444512236861383,2.6243875900343507,-0.2799363663482124,-0.2799363663482124
DES_ETA,http://pubs.acs.org/journal/acscii,4820,2.3480321261824866,2.6968801670544567,-0.3488480408719701,-0.3488480408719701
DES_ETA,http://pubs.acs.org/journal/acscii,4821,2.3521825181113627,1.9722915268971815,0.37989099121418124,0.37989099121418124
DES_ETA,http://pubs.acs.org/journal/acscii,4824,2.3560258571931225,2.020261114998532,0.3357647421945904,0.33576474219458996
DES_ETA,http://pubs.acs.org/journal/acscii,4825,2.357858648301793,2.4181698761148143,-0.06031122781302134,-0.06031122781302134
DES_ETA,http://pubs.acs.org/journal/acscii,4831,2.3601198615808054,2.016448433050672,0.34367142853013366,0.34367142853013366
DES_ETA,http://pubs.acs.org/journal/acscii,4832,2.3602146132953523,1.8721317175512289,0.48808289574412345,0.48808289574412345
DES_ETA,http://pubs.acs.org/journal/acscii,4833,2.36078268987328,1.8699630712276243,0.49081961864565593,0.49081961864565593
DES_ETA,http://pubs.acs.org/journal/acscii,4837,2.362463624755212,2.2025736940474188,0.15988993070779323,0.15988993070779323
DES_ETA,http://pubs.acs.org/journal/acscii,4838,2.3636119798921444,2.57187973764622,-0.2082677577540757,-0.20826775775407658
DES_ETA,http://pubs.acs.org/journal/acscii,4846,2.373095987078727,2.5310292502641745,-0.15793326318544754,-0.15793326318544754
DES_ETA,http://pubs.acs.org/journal/acscii,4849,2.3749315539781883,1.8388482880882517,0.5360832658899366,0.5360832658899364
DES_ETA,http://pubs.acs.org/journal/acscii,4852,2.3756636139608855,2.3825548030736887,-0.0068911891128031755,-0.0068911891128031755
DES_ETA,http://pubs.acs.org/journal/acscii,4862,2.38524868240322,2.847969107630038,-0.4627204252268182,-0.4627204252268182
DES_ETA,http://pubs.acs.org/journal/acscii,4864,2.3873008224482852,1.8359177851256607,0.5513830373226245,0.5513830373226245
DES_ETA,http://pubs.acs.org/journal/acscii,4866,2.38746101632035,2.828085611650136,-0.44062459532978604,-0.4406245953297865
DES_ETA,http://pubs.acs.org/journal/acscii,4869,2.388278863459639,3.52397152554711,-1.1356926620874708,-1.1356926620874708
DES_ETA,http://pubs.acs.org/journal/acscii,4871,2.3896975482063856,2.380520285240189,0.009177262966196587,0.009177262966196587
DES_ETA,http://pubs.acs.org/journal/acscii,4879,2.3944516808262164,2.4531500372045216,-0.05869835637830523,-0.05869835637830523
DES_ETA,http://pubs.acs.org/journal/acscii,4884,2.3979400086720375,2.893846761232198,-0.4959067525601606,-0.4959067525601606
DES_ETA,http://pubs.acs.org/journal/acscii,4886,2.399396792103312,3.08514203700237,-0.6857452448990577,-0.6857452448990577
DES_ETA,http://pubs.acs.org/journal/acscii,4888,2.4001060704285453,2.258488314440724,0.14161775598782134,0.14161775598782134
DES_ETA,http://pubs.acs.org/journal/acscii,4889,2.400710636773231,1.7228171148416715,0.6778935219315596,0.6778935219315596
DES_ETA,http://pubs.acs.org/journal/acscii,4896,2.4084604495008644,2.485540683765435,-0.07708023426457045,-0.07708023426457045
DES_ETA,http://pubs.acs.org/journal/acscii,4897,2.409392030619153,2.58793321609904,-0.17854118547988707,-0.17854118547988707
DES_ETA,http://pubs.acs.org/journal/acscii,4898,2.4096119308464354,2.993384085288402,-0.5837721544419665,-0.5837721544419661
DES_ETA,http://pubs.acs.org/journal/acscii,4900,2.411468181457918,2.564702630919602,-0.15323444946168374,-0.15323444946168374
DES_ETA,http://pubs.acs.org/journal/acscii,4907,2.4154741681092355,2.695413859965935,-0.27993969185669965,-0.27993969185669965
DES_ETA,http://pubs.acs.org/journal/acscii,4909,2.4156576575514204,2.1746818972075883,0.24097576034383206,0.24097576034383206
DES_ETA,http://pubs.acs.org/journal/acscii,4911,2.416640507338281,2.198968642864185,0.21767186447409603,0.21767186447409603
DES_ETA,http://pubs.acs.org/journal/acscii,4912,2.418251560096693,2.388798446207765,0.02945311388892824,0.02945311388892824
DES_ETA,http://pubs.acs.org/journal/acscii,4914,2.4236717652895177,2.5488840708938705,-0.1252123056043528,-0.1252123056043537
DES_ETA,http://pubs.acs.org/journal/acscii,4917,2.428134794028789,2.3234439806247327,0.10469081340405628,0.10469081340405628
DES_ETA,http://pubs.acs.org/journal/acscii,4919,2.430333103380032,2.511071442419697,-0.08073833903966499,-0.08073833903966499
DES_ETA,http://pubs.acs.org/journal/acscii,4924,2.432969290874406,2.541080295846367,-0.10811100497196113,-0.10811100497196113
DES_ETA,http://pubs.acs.org/journal/acscii,4926,2.4345689040341987,2.4606895606039028,-0.02612065656970408,-0.02612065656970408
DES_ETA,http://pubs.acs.org/journal/acscii,4928,2.4409090820652177,2.231951539476876,0.20895754258834165,0.20895754258834165
DES_ETA,http://pubs.acs.org/journal/acscii,4929,2.445837632186448,1.831141193591006,0.6146964385954421,0.6146964385954421
DES_ETA,http://pubs.acs.org/journal/acscii,4932,2.4473751243144495,1.6849522125360237,0.7624229117784258,0.7624229117784258
DES_ETA,http://pubs.acs.org/journal/acscii,4938,2.4553017716570764,2.5308259811411857,-0.07552420948410932,-0.07552420948410932
DES_ETA,http://pubs.acs.org/journal/acscii,4939,2.4575791469957626,2.252013230888646,0.20556591610711683,0.20556591610711683
DES_ETA,http://pubs.acs.org/journal/acscii,4940,2.4591209688495406,2.350110266950723,0.10901070189881779,0.10901070189881779
DES_ETA,http://pubs.acs.org/journal/acscii,4941,2.4614985267830187,2.2454107964219125,0.21608773036110618,0.21608773036110573
DES_ETA,http://pubs.acs.org/journal/acscii,4946,2.4638929889859074,1.7082950645392225,0.7555979244466848,0.7555979244466848
DES_ETA,http://pubs.acs.org/journal/acscii,4948,2.4670454519877563,2.133570370520292,0.3334750814674643,0.3334750814674643
DES_ETA,http://pubs.acs.org/journal/acscii,4949,2.467312062980552,1.968198285012811,0.49911377796774103,0.49911377796774103
DES_ETA,http://pubs.acs.org/journal/acscii,4957,2.4727564493172123,2.523630527370052,-0.05087407805283961,-0.05087407805283961
DES_ETA,http://pubs.acs.org/journal/acscii,4960,2.4730195783660998,3.401692545060827,-0.9286729666947271,-0.9286729666947271
DES_ETA,http://pubs.acs.org/journal/acscii,4963,2.4771212547196626,2.603791552857894,-0.12667029813823127,-0.12667029813823127
DES_ETA,http://pubs.acs.org/journal/acscii,4971,2.478854967528663,2.544940693215749,-0.0660857256870857,-0.0660857256870857
DES_ETA,http://pubs.acs.org/journal/acscii,4973,2.4800069429571505,2.278341903937575,0.20166503901957533,0.20166503901957533
DES_ETA,http://pubs.acs.org/journal/acscii,4977,2.486954433328225,2.7758847554393187,-0.2889303221110935,-0.2889303221110935
DES_ETA,http://pubs.acs.org/journal/acscii,4978,2.487265674419202,2.676055262238964,-0.18878958781976207,-0.18878958781976207
DES_ETA,http://pubs.acs.org/journal/acscii,4979,2.487491891558492,2.4181698761148143,0.06932201544367755,0.06932201544367755
DES_ETA,http://pubs.acs.org/journal/acscii,4982,2.4918517497214157,2.8061878417036183,-0.3143360919822027,-0.3143360919822027
DES_ETA,http://pubs.acs.org/journal/acscii,4989,2.503790683057181,2.3591204647792234,0.14467021827795756,0.14467021827795756
DES_ETA,http://pubs.acs.org/journal/acscii,4994,2.5044844552232317,2.052543051638458,0.45194140358477375,0.45194140358477375
DES_ETA,http://pubs.acs.org/journal/acscii,5001,2.509202522331103,1.3685953282819276,1.1406071940491753,1.1406071940491753
DES_ETA,http://pubs.acs.org/journal/acscii,5002,2.509202522331103,1.3863513442969342,1.1228511780341688,1.1228511780341688
DES_ETA,http://pubs.acs.org/journal/acscii,5005,2.5128710920393234,2.9160586055858317,-0.4031875135465084,-0.4031875135465084
DES_ETA,http://pubs.acs.org/journal/acscii,5006,2.515741416669365,1.8795025775999008,0.6362388390694642,0.6362388390694642
DES_ETA,http://pubs.acs.org/journal/acscii,5008,2.5185139398778875,2.71126714736107,-0.19275320748318236,-0.1927532074831828
DES_ETA,http://pubs.acs.org/journal/acscii,5021,2.5263134257584245,1.4035577736928213,1.1227556520656032,1.1227556520656032
DES_ETA,http://pubs.acs.org/journal/acscii,5022,2.5296228181334435,3.52397152554711,-0.9943487074136663,-0.9943487074136663
DES_ETA,http://pubs.acs.org/journal/acscii,5025,2.530583859645118,2.2926197598974145,0.23796409974770327,0.23796409974770327
DES_ETA,http://pubs.acs.org/journal/acscii,5027,2.532002309582434,3.6163251253213526,-1.0843228157389184,-1.0843228157389184
DES_ETA,http://pubs.acs.org/journal/acscii,5029,2.5328817194073974,2.8267805015548984,-0.293898782147501,-0.2938987821475014
DES_ETA,http://pubs.acs.org/journal/acscii,5035,2.5373278757870126,2.388798446207765,0.14852942957924764,0.14852942957924764
DES_ETA,http://pubs.acs.org/journal/acscii,5038,2.539063546747749,1.863747692760925,0.675315853986824,0.675315853986824
DES_ETA,http://pubs.acs.org/journal/acscii,5039,2.5397032389478253,3.0485240462215892,-0.5088208072737639,-0.5088208072737639
DES_ETA,http://pubs.acs.org/journal/acscii,5042,2.5423398408420437,2.646683832331914,-0.10434399148987028,-0.10434399148987028
DES_ETA,http://pubs.acs.org/journal/acscii,5049,2.5458759046964174,2.5066626201253097,0.03921328457110773,0.03921328457110773
DES_ETA,http://pubs.acs.org/journal/acscii,5050,2.546567338599975,2.6968801670544567,-0.15031282845448146,-0.15031282845448146
DES_ETA,http://pubs.acs.org/journal/acscii,5052,2.5471591213274176,2.351761367854846,0.1953977534725717,0.1953977534725717
DES_ETA,http://pubs.acs.org/journal/acscii,5054,2.5476393517395315,2.1960319746110666,0.3516073771284649,0.3516073771284649
DES_ETA,http://pubs.acs.org/journal/acscii,5055,2.5477747053878224,2.6222699782138945,-0.07449527282607216,-0.07449527282607216
DES_ETA,http://pubs.acs.org/journal/acscii,5057,2.5478977175630972,2.7320157599735184,-0.18411804241042118,-0.18411804241042118
DES_ETA,http://pubs.acs.org/journal/acscii,5060,2.5533124889002417,3.2947787857081074,-0.7414662968078658,-0.7414662968078658
DES_ETA,http://pubs.acs.org/journal/acscii,5063,2.5548524343720547,2.128402206713191,0.42645022765886376,0.42645022765886376
DES_ETA,http://pubs.acs.org/journal/acscii,5065,2.5550944485783194,2.6207362291319964,-0.06564178055367709,-0.06564178055367709
DES_ETA,http://pubs.acs.org/journal/acscii,5066,2.5553363279952666,1.7923790032533078,0.7629573247419588,0.7629573247419588
DES_ETA,http://pubs.acs.org/journal/acscii,5070,2.557025722386383,2.351761367854846,0.20526435453153713,0.20526435453153713
DES_ETA,http://pubs.acs.org/journal/acscii,5071,2.557194300943596,3.1256412664048647,-0.5684469654612689,-0.5684469654612689
DES_ETA,http://pubs.acs.org/journal/acscii,5073,2.5585885831081994,2.775087525600572,-0.21649894249237267,-0.21649894249237267
DES_ETA,http://pubs.acs.org/journal/acscii,5077,2.562602114778459,2.993384085288402,-0.43078197050994316,-0.4307819705099427
DES_ETA,http://pubs.acs.org/journal/acscii,5081,2.563172460554859,2.576238520529138,-0.01306605997427912,-0.01306605997427912
DES_ETA,http://pubs.acs.org/journal/acscii,5084,2.565635340055644,2.564702630919602,0.0009327091360420425,0.0009327091360420425
DES_ETA,http://pubs.acs.org/journal/acscii,5085,2.566484631507165,2.5488840708938705,0.017600560613294736,0.017600560613293847
DES_ETA,http://pubs.acs.org/journal/acscii,5091,2.570554614307831,2.639431163882906,-0.06887654957507516,-0.06887654957507516
DES_ETA,http://pubs.acs.org/journal/acscii,5095,2.575187844927661,2.46341305499676,0.11177478993090073,0.11177478993090073
DES_ETA,http://pubs.acs.org/journal/acscii,5097,2.5774917998372255,1.1412005515303127,1.4362912483069128,1.4362912483069128
DES_ETA,http://pubs.acs.org/journal/acscii,5104,2.5814945422908995,1.853297569881303,0.7281969724095965,0.7281969724095965
DES_ETA,http://pubs.acs.org/journal/acscii,5107,2.5851221863068155,2.4606895606039028,0.12443262570291269,0.12443262570291269
DES_ETA,http://pubs.acs.org/journal/acscii,5110,2.5872618496925344,2.4154915227246883,0.1717703269678461,0.1717703269678461
DES_ETA,http://pubs.acs.org/journal/acscii,5111,2.5891562058930924,2.5882098139464826,0.0009463919466097259,0.0009463919466097259
DES_ETA,http://pubs.acs.org/journal/acscii,5121,2.6001339737820284,2.305071365704714,0.29506260807731444,0.29506260807731444
DES_ETA,http://pubs.acs.org/journal/acscii,5123,2.6020599913279625,2.0695813828100382,0.5324786085179243,0.5324786085179243
DES_ETA,http://pubs.acs.org/journal/acscii,5126,2.60422605308447,1.7456223160838813,0.8586037370005886,0.8586037370005888
DES_ETA,http://pubs.acs.org/journal/acscii,5127,2.604873770552636,2.5183802839745404,0.08649348657809552,0.08649348657809552
DES_ETA,http://pubs.acs.org/journal/acscii,5130,2.6074550232146687,2.3272967202546173,0.2801583029600514,0.2801583029600514
DES_ETA,http://pubs.acs.org/journal/acscii,5131,2.6084190513172856,2.220381295220927,0.3880377560963586,0.3880377560963586
DES_ETA,http://pubs.acs.org/journal/acscii,5133,2.6094876898532853,2.4300814929703947,0.1794061968828906,0.1794061968828906
DES_ETA,http://pubs.acs.org/journal/acscii,5134,2.60959440922522,2.371041056736666,0.23855335248855392,0.23855335248855392
DES_ETA,http://pubs.acs.org/journal/acscii,5137,2.6147917919564176,2.423858145677729,0.19093364627868858,0.19093364627868858
DES_ETA,http://pubs.acs.org/journal/acscii,5141,2.617943434828973,2.256234373118882,0.3617090617100911,0.3617090617100911
DES_ETA,http://pubs.acs.org/journal/acscii,5143,2.620063145703664,2.676055262238964,-0.05599211653530034,-0.05599211653530034
DES_ETA,http://pubs.acs.org/journal/acscii,5148,2.6242820958356683,2.225063265137016,0.3992188306986524,0.3992188306986524
DES_ETA,http://pubs.acs.org/journal/acscii,5149,2.6262376851469003,2.7406090656188824,-0.11437138047198214,-0.11437138047198214
DES_ETA,http://pubs.acs.org/journal/acscii,5153,2.6340740254874686,2.2871804782306815,0.3468935472567871,0.3468935472567871
DES_ETA,http://pubs.acs.org/journal/acscii,5159,2.6398150740607282,1.8605964295216166,0.7792186445391116,0.7792186445391116
DES_ETA,http://pubs.acs.org/journal/acscii,5161,2.6427908604235375,3.423893835979971,-0.7811029755564336,-0.7811029755564336
DES_ETA,http://pubs.acs.org/journal/acscii,5162,2.6443400988263224,2.19939118801236,0.44494891081396215,0.44494891081396215
DES_ETA,http://pubs.acs.org/journal/acscii,5163,2.650928887067893,2.847969107630038,-0.19704022056214532,-0.19704022056214532
DES_ETA,http://pubs.acs.org/journal/acscii,5164,2.6522463410033232,2.7229260740380057,-0.07067973303468245,-0.070679733034682
DES_ETA,http://pubs.acs.org/journal/acscii,5166,2.6532125137753435,2.602590903694736,0.05062161008060739,0.05062161008060739
DES_ETA,http://pubs.acs.org/journal/acscii,5172,2.6569506145721946,2.104423366544712,0.5525272480274825,0.5525272480274825
DES_ETA,http://pubs.acs.org/journal/acscii,5179,2.6661434272915585,2.8130645647415586,-0.14692113745000013,-0.14692113745000013
DES_ETA,http://pubs.acs.org/journal/acscii,5185,2.6744753379619604,2.6731912126774944,0.0012841252844659756,0.0012841252844659756
DES_ETA,http://pubs.acs.org/journal/acscii,5188,2.6748611407378116,2.6645552029237307,0.010305937814080846,0.010305937814080846
DES_ETA,http://pubs.acs.org/journal/acscii,5189,2.6776981814745104,2.1563767746171676,0.5213214068573429,0.5213214068573429
DES_ETA,http://pubs.acs.org/journal/acscii,5190,2.680272041942144,3.6163251253213526,-0.9360530833792087,-0.9360530833792087
DES_ETA,http://pubs.acs.org/journal/acscii,5194,2.6862876214364397,3.6374286699112166,-0.9511410484747769,-0.9511410484747769
DES_ETA,http://pubs.acs.org/journal/acscii,5195,2.689486448364248,2.419253616830447,0.27023283153380095,0.27023283153380095
DES_ETA,http://pubs.acs.org/journal/acscii,5198,2.6908337586384103,3.02716698168603,-0.3363332230476197,-0.3363332230476197
DES_ETA,http://pubs.acs.org/journal/acscii,5199,2.692485591041652,2.7758847554393187,-0.08339916439766659,-0.08339916439766659
DES_ETA,http://pubs.acs.org/journal/acscii,5207,2.7015679850559273,2.573146982588057,0.12842100246787025,0.12842100246787025
DES_ETA,http://pubs.acs.org/journal/acscii,5210,2.705607163404605,3.0726698094064555,-0.36706264600185046,-0.36706264600185046
DES_ETA,http://pubs.acs.org/journal/acscii,5214,2.710193550443457,2.5551934065072617,0.1550001439361952,0.1550001439361952
DES_ETA,http://pubs.acs.org/journal/acscii,5217,2.714329759745233,2.714806657176543,-0.0004768974313096308,-0.0004768974313096308
DES_ETA,http://pubs.acs.org/journal/acscii,5218,2.715418322595056,1.985068473109836,0.7303498494852201,0.7303498494852201
DES_ETA,http://pubs.acs.org/journal/acscii,5221,2.721307630252421,2.5504231223558325,0.17088450789658838,0.17088450789658838
DES_ETA,http://pubs.acs.org/journal/acscii,5227,2.7288648933391975,3.340902813073371,-0.6120379197341737,-0.6120379197341737
DES_ETA,http://pubs.acs.org/journal/acscii,5229,2.7334380270910614,2.2286291330381722,0.5048088940528892,0.5048088940528892
DES_ETA,http://pubs.acs.org/journal/acscii,5230,2.7354392032514814,2.244777406686814,0.49066179656466735,0.4906617965646669
DES_ETA,http://pubs.acs.org/journal/acscii,5234,2.7363965022766426,2.5798059742959563,0.1565905279806863,0.1565905279806863
DES_ETA,http://pubs.acs.org/journal/acscii,5235,2.7368265993650485,2.639431163882906,0.09739543548214247,0.09739543548214247
DES_ETA,http://pubs.acs.org/journal/acscii,5239,2.742190769699097,2.4851237585360204,0.2570670111630764,0.2570670111630764
DES_ETA,http://pubs.acs.org/journal/acscii,5240,2.7425916025299224,2.7349833012142293,0.007608301315693122,0.007608301315693122
DES_ETA,http://pubs.acs.org/journal/acscii,5243,2.7432745235119333,2.2964353350200217,0.4468391884919116,0.4468391884919116
DES_ETA,http://pubs.acs.org/journal/acscii,5244,2.746244871720198,2.4606895606039028,0.2855553111162954,0.2855553111162954
DES_ETA,http://pubs.acs.org/journal/acscii,5249,2.7535830588929064,1.8079836453500207,0.9455994135428858,0.9455994135428858
DES_ETA,http://pubs.acs.org/journal/acscii,5254,2.7564078725489582,2.731361763571624,0.02504610897733439,0.02504610897733439
DES_ETA,http://pubs.acs.org/journal/acscii,5260,2.7594185258712494,2.71222397362199,0.04719455224925939,0.04719455224925939
DES_ETA,http://pubs.acs.org/journal/acscii,5264,2.760821910929019,2.702562642584544,0.0582592683444747,0.0582592683444747
DES_ETA,http://pubs.acs.org/journal/acscii,5266,2.7634279935629373,2.1708786267106106,0.5925493668523267,0.5925493668523267
DES_ETA,http://pubs.acs.org/journal/acscii,5273,2.7817194810632997,2.511071442419697,0.27064803864360254,0.27064803864360254
DES_ETA,http://pubs.acs.org/journal/acscii,5275,2.782329268996837,2.867685032774321,-0.08535576377748377,-0.08535576377748466
DES_ETA,http://pubs.acs.org/journal/acscii,5278,2.784617292632875,2.364131084221334,0.4204862084115413,0.4204862084115413
DES_ETA,http://pubs.acs.org/journal/acscii,5286,2.795031446040101,2.900571282655507,-0.10553983661540567,-0.10553983661540567
DES_ETA,http://pubs.acs.org/journal/acscii,5287,2.8000981801747757,2.19939118801236,0.6007069921624155,0.6007069921624155
DES_ETA,http://pubs.acs.org/journal/acscii,5288,2.800717078282385,2.8515253295947773,-0.050808251312392194,-0.050808251312392194
DES_ETA,http://pubs.acs.org/journal/acscii,5289,2.8012733334961055,2.005156033644295,0.7961172998518107,0.7961172998518107
DES_ETA,http://pubs.acs.org/journal/acscii,5293,2.8037028731661877,2.6731912126774944,0.13051166048869334,0.13051166048869334
DES_ETA,http://pubs.acs.org/journal/acscii,5294,2.805092878342673,1.8871628244617484,0.9179300538809245,0.9179300538809245
DES_ETA,http://pubs.acs.org/journal/acscii,5299,2.8102325179950842,1.513613700380942,1.2966188176141422,1.2966188176141422
DES_ETA,http://pubs.acs.org/journal/acscii,5301,2.810568529216413,2.866206545587942,-0.0556380163715291,-0.0556380163715291
DES_ETA,http://pubs.acs.org/journal/acscii,5305,2.815577748324267,2.602590903694736,0.2129868446295311,0.2129868446295311
DES_ETA,http://pubs.acs.org/journal/acscii,5306,2.8156972624694703,2.6977917398732996,0.11790552259617071,0.1179055225961716
DES_ETA,http://pubs.acs.org/journal/acscii,5308,2.8180278418592564,2.228656321507002,0.5893715203522545,0.5893715203522545
DES_ETA,http://pubs.acs.org/journal/acscii,5311,2.821513528404773,2.7594891471270264,0.06202438127774679,0.06202438127774723
DES_ETA,http://pubs.acs.org/journal/acscii,5312,2.821513528404773,1.4840833400215006,1.3374301883832727,1.3374301883832729
DES_ETA,http://pubs.acs.org/journal/acscii,5313,2.8226975434357353,3.0485240462215892,-0.22582650278585392,-0.22582650278585392
DES_ETA,http://pubs.acs.org/journal/acscii,5315,2.827252928592201,3.369882714071891,-0.54262978547969,-0.5426297854796909
DES_ETA,http://pubs.acs.org/journal/acscii,5318,2.8305886686851442,2.290278274039414,0.5403103946457302,0.5403103946457302
DES_ETA,http://pubs.acs.org/journal/acscii,5320,2.8328408933336235,1.965260146594802,0.8675807467388215,0.8675807467388219
DES_ETA,http://pubs.acs.org/journal/acscii,5322,2.841622220469927,3.6374286699112166,-0.7958064494412898,-0.7958064494412898
DES_ETA,http://pubs.acs.org/journal/acscii,5324,2.843855422623161,2.4568895306833243,0.38696589193983666,0.38696589193983666
DES_ETA,http://pubs.acs.org/journal/acscii,5326,2.8441042306975133,3.1202132106801432,-0.27610897998262995,-0.27610897998262995
DES_ETA,http://pubs.acs.org/journal/acscii,5327,2.845098040014257,2.573146982588057,0.27195105742619985,0.27195105742619985
DES_ETA,http://pubs.acs.org/journal/acscii,5329,2.8481521541859887,2.900571282655507,-0.05241912846951813,-0.05241912846951813
DES_ETA,http://pubs.acs.org/journal/acscii,5331,2.8519490003385286,3.582023789620533,-0.7300747892820043,-0.7300747892820043
DES_ETA,http://pubs.acs.org/journal/acscii,5334,2.855246500339035,2.1926986787696103,0.6625478215694245,0.6625478215694245
DES_ETA,http://pubs.acs.org/journal/acscii,5336,2.8620120512502165,2.916898380849833,-0.0548863295996167,-0.0548863295996167
DES_ETA,http://pubs.acs.org/journal/acscii,5340,2.8627870982353443,2.84364459596908,0.019142502266264128,0.019142502266264128
DES_ETA,http://pubs.acs.org/journal/acscii,5342,2.863322860120456,2.871266934214117,-0.007944074093661158,-0.007944074093661158
DES_ETA,http://pubs.acs.org/journal/acscii,5347,2.8830990430212355,3.108089537760522,-0.22499049473928645,-0.224990494739286
DES_ETA,http://pubs.acs.org/journal/acscii,5348,2.884795363948981,1.2658884597057143,1.6189069042432669,1.618906904243267
DES_ETA,http://pubs.acs.org/journal/acscii,5349,2.8848519827459977,3.1487064123221975,-0.26385442957619976,-0.26385442957619976
DES_ETA,http://pubs.acs.org/journal/acscii,5354,2.891983230851967,1.9961714530600754,0.8958117777918917,0.8958117777918921
DES_ETA,http://pubs.acs.org/journal/acscii,5356,2.8923729073984363,2.4641045648011484,0.42826834259728797,0.4282683425972884
DES_ETA,http://pubs.acs.org/journal/acscii,5359,2.893989110889535,2.5013640835699364,0.39262502731959836,0.39262502731959836
DES_ETA,http://pubs.acs.org/journal/acscii,5360,2.8948696567452528,2.7405728301754047,0.1542968265698481,0.15429682656984856
DES_ETA,http://pubs.acs.org/journal/acscii,5361,2.8969669019331548,2.8287275173732307,0.06823938455992407,0.06823938455992407
DES_ETA,http://pubs.acs.org/journal/acscii,5367,2.9030899869919438,2.7654685007300492,0.13762148626189452,0.13762148626189452
DES_ETA,http://pubs.acs.org/journal/acscii,5370,2.910090545594068,1.8926298919979756,1.0174606535960924,1.0174606535960924
DES_ETA,http://pubs.acs.org/journal/acscii,5372,2.9109070844634615,2.725833089823504,0.18507399463995755,0.185073994639958
DES_ETA,http://pubs.acs.org/journal/acscii,5376,2.9148718175400505,2.992550339043498,-0.07767852150344767,-0.07767852150344767
DES_ETA,http://pubs.acs.org/journal/acscii,5377,2.9157374299292864,3.401692545060827,-0.48595511513154044,-0.48595511513154044
DES_ETA,http://pubs.acs.org/journal/acscii,5382,2.9230625928302865,2.7349833012142293,0.1880792916160572,0.1880792916160572
DES_ETA,http://pubs.acs.org/journal/acscii,5387,2.9272368714077044,3.2460756480336728,-0.3188387766259684,-0.3188387766259684
DES_ETA,http://pubs.acs.org/journal/acscii,5388,2.9294138163373917,2.874022402328637,0.05539141400875458,0.05539141400875458
DES_ETA,http://pubs.acs.org/journal/acscii,5393,2.934498451243568,3.2568942605633455,-0.3223958093197776,-0.3223958093197776
DES_ETA,http://pubs.acs.org/journal/acscii,5397,2.9395192526186187,2.245706284232456,0.6938129683861627,0.6938129683861631
DES_ETA,http://pubs.acs.org/journal/acscii,5403,2.949180128268841,2.6977917398732996,0.25138838839554145,0.25138838839554234
DES_ETA,http://pubs.acs.org/journal/acscii,5406,2.960280464436642,2.5882098139464826,0.3720706504901594,0.3720706504901594
DES_ETA,http://pubs.acs.org/journal/acscii,5408,2.9662074588220126,3.066630514757218,-0.10042305593520551,-0.10042305593520551
DES_ETA,http://pubs.acs.org/journal/acscii,5409,2.9680998533202807,2.6987386515518454,0.26936120176843525,0.2693612017684357
DES_ETA,http://pubs.acs.org/journal/acscii,5413,2.9777236052888476,2.1887154726719436,0.7890081326169041,0.7890081326169041
DES_ETA,http://pubs.acs.org/journal/acscii,5416,2.980952778597704,2.7326787194857163,0.24827405911198763,0.2482740591119872
DES_ETA,http://pubs.acs.org/journal/acscii,5419,2.9912260756924947,2.0327226468095363,0.9585034288829584,0.9585034288829584
DES_ETA,http://pubs.acs.org/journal/acscii,5422,2.9965116721541785,3.2296322098663084,-0.23312053771212993,-0.23312053771212948
DES_ETA,http://pubs.acs.org/journal/acscii,5424,2.9979714575308813,3.4272676857379474,-0.42929622820706603,-0.42929622820706603
DES_ETA,http://pubs.acs.org/journal/acscii,5428,3.001707758179956,2.6671932262984304,0.33451453188152547,0.33451453188152547
DES_ETA,http://pubs.acs.org/journal/acscii,5433,3.007606972093807,2.217097224648418,0.7905097474453888,0.7905097474453888
DES_ETA,http://pubs.acs.org/journal/acscii,5434,3.008182707857653,3.0726698094064555,-0.06448710154880244,-0.06448710154880244
DES_ETA,http://pubs.acs.org/journal/acscii,5437,3.012415374762433,2.184583089925867,0.8278322848365658,0.8278322848365658
DES_ETA,http://pubs.acs.org/journal/acscii,5439,3.0147430891492117,3.066630514757218,-0.05188742560800641,-0.05188742560800641
DES_ETA,http://pubs.acs.org/journal/acscii,5440,3.0153304101960607,3.582023789620533,-0.5666933794244722,-0.5666933794244722
DES_ETA,http://pubs.acs.org/journal/acscii,5441,3.015435205425081,2.0481708757571315,0.9672643296679495,0.9672643296679495
DES_ETA,http://pubs.acs.org/journal/acscii,5446,3.0253058652647704,3.1874634185388975,-0.16215755327412706,-0.16215755327412706
DES_ETA,http://pubs.acs.org/journal/acscii,5447,3.0279323538206535,3.3585864291014516,-0.33065407528079804,-0.33065407528079804
DES_ETA,http://pubs.acs.org/journal/acscii,5448,3.03032845618182,3.5793800254685313,-0.5490515692867115,-0.5490515692867115
DES_ETA,http://pubs.acs.org/journal/acscii,5451,3.041392685158225,2.2320877415866844,0.8093049435715405,0.8093049435715405
DES_ETA,http://pubs.acs.org/journal/acscii,5452,3.041392685158225,3.0417781970723197,-0.0003855119140947494,-0.0003855119140947494
DES_ETA,http://pubs.acs.org/journal/acscii,5455,3.0507663112330423,3.186784228016059,-0.1360179167830169,-0.13601791678301733
DES_ETA,http://pubs.acs.org/journal/acscii,5457,3.056420762349077,2.5292564818996186,0.5271642804494583,0.5271642804494592
DES_ETA,http://pubs.acs.org/journal/acscii,5462,3.0681858617461617,2.2041827473886304,0.8640031143575313,0.8640031143575313
DES_ETA,http://pubs.acs.org/journal/acscii,5463,3.0717347638797605,2.018834096257193,1.0529006676225676,1.052900667622568
DES_ETA,http://pubs.acs.org/journal/acscii,5464,3.0744397425442256,2.7267800015020502,0.34765974104217534,0.34765974104217623
DES_ETA,http://pubs.acs.org/journal/acscii,5466,3.0774769195043423,2.9868887223907303,0.09058819711361199,0.09058819711361199
DES_ETA,http://pubs.acs.org/journal/acscii,5468,3.0780941504064105,2.0199443276088944,1.0581498227975161,1.0581498227975161
DES_ETA,http://pubs.acs.org/journal/acscii,5469,3.078130430802564,3.202969110229945,-0.12483867942738103,-0.12483867942738103
DES_ETA,http://pubs.acs.org/journal/acscii,5471,3.0791812460476247,2.9952526570616644,0.08392858898596023,0.08392858898596023
DES_ETA,http://pubs.acs.org/journal/acscii,5479,3.0916669575956846,2.7405728301754047,0.3510941274202799,0.35109412742028034
DES_ETA,http://pubs.acs.org/journal/acscii,5483,3.1009561030594925,3.404279924368308,-0.3033238213088154,-0.3033238213088154
DES_ETA,http://pubs.acs.org/journal/acscii,5487,3.104179718720652,3.526316375402707,-0.422136656682055,-0.422136656682055
DES_ETA,http://pubs.acs.org/journal/acscii,5488,3.104852284076221,2.6987386515518454,0.4061136325243755,0.40611363252437593
DES_ETA,http://pubs.acs.org/journal/acscii,5492,3.1195527976671173,3.423893835979971,-0.30434103831285375,-0.30434103831285375
DES_ETA,http://pubs.acs.org/journal/acscii,5496,3.1259689630925562,2.874022402328637,0.2519465607639191,0.2519465607639191
DES_ETA,http://pubs.acs.org/journal/acscii,5499,3.1277525158329733,2.860201282971385,0.26755123286158833,0.26755123286158744
DES_ETA,http://pubs.acs.org/journal/acscii,5500,3.1329317492149147,2.8755725723528993,0.25735917686201537,0.25735917686201537
DES_ETA,http://pubs.acs.org/journal/acscii,5502,3.1373446150318824,2.8548829540508285,0.28246166098105396,0.28246166098105396
DES_ETA,http://pubs.acs.org/journal/acscii,5504,3.1399105558756824,3.242302764488512,-0.10239220861282972,-0.10239220861282972
DES_ETA,http://pubs.acs.org/journal/acscii,5507,3.1438170349765744,2.790724754686276,0.35309228029029827,0.35309228029029827
DES_ETA,http://pubs.acs.org/journal/acscii,5508,3.146128035678238,1.6298552271397098,1.5162728085385284,1.5162728085385286
DES_ETA,http://pubs.acs.org/journal/acscii,5510,3.1464691330718697,3.0806951558176134,0.06577397725425627,0.06577397725425627
DES_ETA,http://pubs.acs.org/journal/acscii,5513,3.151676230847048,1.668539675669124,1.4831365551779239,1.4831365551779239
DES_ETA,http://pubs.acs.org/journal/acscii,5514,3.151921179799905,3.307578962180333,-0.15565778238042816,-0.15565778238042727
DES_ETA,http://pubs.acs.org/journal/acscii,5517,3.152349508312726,2.6757632023566527,0.47658630595607354,0.47658630595607354
DES_ETA,http://pubs.acs.org/journal/acscii,5524,3.164442085209516,3.1165817072927187,0.047860377916797425,0.047860377916797425
DES_ETA,http://pubs.acs.org/journal/acscii,5533,3.1789769472931693,1.9811441724503596,1.1978327748428097,1.1978327748428097
DES_ETA,http://pubs.acs.org/journal/acscii,5536,3.1938394819730918,3.0806951558176134,0.11314432615547831,0.11314432615547831
DES_ETA,http://pubs.acs.org/journal/acscii,5540,3.1986570869544226,3.125478029750545,0.07317905720387774,0.07317905720387774
DES_ETA,http://pubs.acs.org/journal/acscii,5541,3.1986570869544226,3.0119017520787255,0.18675533487569718,0.18675533487569718
DES_ETA,http://pubs.acs.org/journal/acscii,5543,3.2014326312227976,3.5793800254685313,-0.37794739424573365,-0.37794739424573365
DES_ETA,http://pubs.acs.org/journal/acscii,5545,3.208530033757731,3.1487064123221975,0.059823621435533436,0.059823621435533436
DES_ETA,http://pubs.acs.org/journal/acscii,5549,3.2196788139357926,2.733434572994747,0.48624424094104546,0.486244240941045
DES_ETA,http://pubs.acs.org/journal/acscii,5550,3.2205787546328293,3.5677286878465875,-0.3471499332137582,-0.3471499332137582
DES_ETA,http://pubs.acs.org/journal/acscii,5557,3.232037573723706,2.532223009528109,0.6998145641955968,0.6998145641955973
DES_ETA,http://pubs.acs.org/journal/acscii,5559,3.2329961103921536,2.172616287350609,1.0603798230415444,1.0603798230415444
DES_ETA,http://pubs.acs.org/journal/acscii,5561,3.2415464805965484,3.031028137928325,0.21051834266822356,0.21051834266822267
DES_ETA,http://pubs.acs.org/journal/acscii,5563,3.242588631654977,2.0824337651465985,1.1601548665083783,1.1601548665083783
DES_ETA,http://pubs.acs.org/journal/acscii,5567,3.2458752510112125,3.3745484443622087,-0.12867319335099614,-0.12867319335099614
DES_ETA,http://pubs.acs.org/journal/acscii,5569,3.255272505103306,2.4060279016708646,0.8492446034324415,0.8492446034324415
DES_ETA,http://pubs.acs.org/journal/acscii,5570,3.2765766816985544,2.015646330802093,1.2609303508964613,1.2609303508964613
DES_ETA,http://pubs.acs.org/journal/acscii,5572,3.2865238318155052,3.213587314644086,0.07293651717141936,0.07293651717141936
DES_ETA,http://pubs.acs.org/journal/acscii,5575,3.3010299956639813,3.1556057427830666,0.14542425288091465,0.14542425288091465
DES_ETA,http://pubs.acs.org/journal/acscii,5577,3.3042750504771283,3.2772969259507,0.02697812452642845,0.026978124526428893
DES_ETA,http://pubs.acs.org/journal/acscii,5579,3.3066394410242617,2.7406037501418745,0.5660356908823871,0.5660356908823867
DES_ETA,http://pubs.acs.org/journal/acscii,5582,3.311520762448049,3.4055318939328916,-0.09401113148484264,-0.09401113148484352
DES_ETA,http://pubs.acs.org/journal/acscii,5596,3.3404500640388486,3.369882714071891,-0.029432650033042407,-0.029432650033043295
DES_ETA,http://pubs.acs.org/journal/acscii,5598,3.3481743603470533,2.8755725723528993,0.472601787994154,0.472601787994154
DES_ETA,http://pubs.acs.org/journal/acscii,5600,3.354363944353874,2.892024018367579,0.4623399259862948,0.4623399259862948
DES_ETA,http://pubs.acs.org/journal/acscii,5601,3.3581005330225673,2.790724754686276,0.5673757783362912,0.5673757783362912
DES_ETA,http://pubs.acs.org/journal/acscii,5602,3.3582452185280136,2.7841028339162497,0.5741423846117639,0.5741423846117639
DES_ETA,http://pubs.acs.org/journal/acscii,5606,3.387110292816622,3.080838408017138,0.3062718847994841,0.3062718847994841
DES_ETA,http://pubs.acs.org/journal/acscii,5609,3.390405156480081,3.767852264001573,-0.37744710752149224,-0.37744710752149224
DES_ETA,http://pubs.acs.org/journal/acscii,5610,3.3936980166654136,3.43978673380439,-0.04608871713897633,-0.046088717138976776
DES_ETA,http://pubs.acs.org/journal/acscii,5613,3.3979400086720375,3.057852890626489,0.3400871180455485,0.3400871180455485
DES_ETA,http://pubs.acs.org/journal/acscii,5615,3.3995993140606116,3.5677286878465875,-0.16812937378597592,-0.16812937378597592
DES_ETA,http://pubs.acs.org/journal/acscii,5617,3.42453373519838,3.202969110229945,0.22156462496843465,0.22156462496843465
DES_ETA,http://pubs.acs.org/journal/acscii,5621,3.4398393382959527,2.096104315683354,1.3437350226125986,1.3437350226125986
DES_ETA,http://pubs.acs.org/journal/acscii,5633,3.4872798164430687,3.840683738794981,-0.3534039223519123,-0.3534039223519123
DES_ETA,http://pubs.acs.org/journal/acscii,5642,3.5107862179228393,3.2204465083841525,0.2903397095386868,0.2903397095386868
DES_ETA,http://pubs.acs.org/journal/acscii,5644,3.5224442335063197,1.7935167441014463,1.7289274894048734,1.7289274894048738
DES_ETA,http://pubs.acs.org/journal/acscii,5648,3.530250939366719,3.485201091367948,0.04504984799877132,0.04504984799877132
DES_ETA,http://pubs.acs.org/journal/acscii,5651,3.53655844257153,2.3059213707501365,1.2306370718213935,1.2306370718213935
DES_ETA,http://pubs.acs.org/journal/acscii,5655,3.5415792439465807,3.5356107454647394,0.005968498481841333,0.005968498481841333
DES_ETA,http://pubs.acs.org/journal/acscii,5657,3.5440680443502757,2.252577978307848,1.2914900660424276,1.2914900660424276
DES_ETA,http://pubs.acs.org/journal/acscii,5659,3.5772274661539054,2.7841028339162497,0.7931246322376557,0.7931246322376557
DES_ETA,http://pubs.acs.org/journal/acscii,5661,3.582487218423633,3.3585864291014516,0.22390078932218138,0.22390078932218138
DES_ETA,http://pubs.acs.org/journal/acscii,5663,3.5912983949641113,2.892024018367579,0.6992743765965321,0.6992743765965321
DES_ETA,http://pubs.acs.org/journal/acscii,5669,3.6151185233290257,3.085082476772027,0.5300360465569987,0.5300360465569978
DES_ETA,http://pubs.acs.org/journal/acscii,5678,3.6571228093996466,3.213587314644086,0.44353549475556076,0.44353549475556076
DES_ETA,http://pubs.acs.org/journal/acscii,5680,3.66939127153613,3.449459481690932,0.219931789845198,0.219931789845198
DES_ETA,http://pubs.acs.org/journal/acscii,5690,3.718501688867274,3.3086170281045804,0.4098846607626938,0.4098846607626938
DES_ETA,http://pubs.acs.org/journal/acscii,5696,3.7374709474126933,3.6966624752039636,0.04080847220872963,0.04080847220872963
DES_ETA,http://pubs.acs.org/journal/acscii,5698,3.7403626894942437,2.248218140492998,1.4921445490012455,1.4921445490012455
DES_ETA,http://pubs.acs.org/journal/acscii,5702,3.748149248981986,2.113290830597858,1.6348584183841277,1.6348584183841277
DES_ETA,http://pubs.acs.org/journal/acscii,5704,3.751648559115707,3.2274528278669004,0.5241957312488066,0.5241957312488066
DES_ETA,http://pubs.acs.org/journal/acscii,5707,3.7770641547424293,2.064710937024829,1.7123532177176002,1.7123532177176006
DES_ETA,http://pubs.acs.org/journal/acscii,5711,3.7879631998839582,3.861091157327835,-0.07312795744387657,-0.07312795744387657
DES_ETA,http://pubs.acs.org/journal/acscii,5718,3.8193510923042586,2.789426304171684,1.0299247881325746,1.0299247881325746
DES_ETA,http://pubs.acs.org/journal/acscii,5723,3.852851912478015,3.9000584964069525,-0.047206583928937285,-0.04720658392893684
DES_ETA,http://pubs.acs.org/journal/acscii,5728,3.876004105880912,3.5228648898446546,0.3531392160362574,0.353139216036257
DES_ETA,http://pubs.acs.org/journal/acscii,5733,3.9030899869919438,3.8582632936127084,0.044826693379235394,0.044826693379235394
DES_ETA,http://pubs.acs.org/journal/acscii,5734,3.905531446716997,3.7351695553095956,0.17036189140740143,0.17036189140740143
DES_ETA,http://pubs.acs.org/journal/acscii,5736,3.912167301144903,3.2204465083841525,0.6917207927607505,0.6917207927607505
DES_ETA,http://pubs.acs.org/journal/acscii,5742,3.949341206770497,2.395848948744413,1.5534922580260844,1.5534922580260844
DES_ETA,http://pubs.acs.org/journal/acscii,5747,4.004321373782642,2.392463814409822,1.6118575593728202,1.6118575593728197
DES_ETA,http://pubs.acs.org/journal/acscii,5750,4.037824750588342,3.7465469233409023,0.2912778272474399,0.2912778272474399
DES_ETA,http://pubs.acs.org/journal/acscii,5757,4.104828403653656,3.7287178140424158,0.37611058961124,0.37611058961124
DES_ETA,http://pubs.acs.org/journal/acscii,5760,4.116787002874837,3.7346278142511977,0.38215918862363907,0.38215918862363907
DES_ETA,http://pubs.acs.org/journal/acscii,5766,4.164352855784437,3.838470986178414,0.32588186960602306,0.3258818696060226
DES_ETA,http://pubs.acs.org/journal/acscii,5771,4.255706582582625,2.391489110929562,1.8642174716530628,1.8642174716530628
DES_ETA,http://pubs.acs.org/journal/acscii,5777,4.448768136783969,2.401477196334798,2.0472909404491713,2.0472909404491713
